3D,ASK-4000,YhSk,V100108,sRGB-hRGB-fPD-Lab,CentLuvBkGryW1
0,0,0,0,0,0
0,0,7,2,1,10
0,0,15,2,1,21
0,0,23,2,2,33
0,0,31,2,2,46
0,0,39,2,3,57
0,0,47,1,3,67
0,0,55,2,4,78
0,0,63,1,4,88
0,0,71,2,4,100
0,0,79,2,5,113
0,0,87,3,5,127
0,0,95,1,5,142
0,0,103,3,6,156
0,0,111,2,7,171
0,0,119,2,8,184
0,0,127,3,10,197
0,0,135,3,11,208
0,0,143,5,12,217
0,0,151,8,15,224
0,0,159,10,16,229
0,0,167,14,18,233
0,0,175,17,20,236
0,0,183,20,22,238
0,0,191,23,24,240
0,0,199,24,25,242
0,0,207,25,26,244
0,0,215,27,28,247
0,0,223,29,30,249
0,0,231,30,32,252
0,0,239,31,33,254
0,0,247,31,34,255
0,0,255,32,35,255
0,7,0,3,9,5
0,7,7,2,8,11
0,7,15,2,8,20
0,7,23,2,7,31
0,7,31,2,7,43
0,7,39,1,7,53
0,7,47,2,8,63
0,7,55,1,8,73
0,7,63,2,8,84
0,7,71,3,9,96
0,7,79,2,9,108
0,7,87,3,9,121
0,7,95,3,10,135
0,7,103,2,11,149
0,7,111,4,12,164
0,7,119,4,13,179
0,7,127,4,14,192
0,7,135,6,16,203
0,7,143,7,17,214
0,7,151,10,19,222
0,7,159,14,22,227
0,7,167,16,23,232
0,7,175,19,24,235
0,7,183,22,26,237
0,7,191,25,28,240
0,7,199,27,29,242
0,7,207,28,30,244
0,7,215,29,31,247
0,7,223,30,33,249
0,7,231,32,35,251
0,7,239,33,36,253
0,7,247,33,37,255
0,7,255,34,37,255
0,15,0,3,19,4
0,15,7,2,18,11
0,15,15,2,17,20
0,15,23,2,16,29
0,15,31,2,15,40
0,15,39,2,14,49
0,15,47,2,14,59
0,15,55,3,14,69
0,15,63,3,14,80
0,15,71,3,14,91
0,15,79,5,15,103
0,15,87,4,15,115
0,15,95,5,16,129
0,15,103,5,17,143
0,15,111,6,18,157
0,15,119,5,18,173
0,15,127,7,19,187
0,15,135,9,21,198
0,15,143,10,23,209
0,15,151,12,24,219
0,15,159,16,26,225
0,15,167,19,28,230
0,15,175,22,29,234
0,15,183,24,31,236
0,15,191,27,32,239
0,15,199,29,34,242
0,15,207,31,35,244
0,15,215,31,35,246
0,15,223,32,36,249
0,15,231,34,37,251
0,15,239,36,39,253
0,15,247,36,40,254
0,15,255,36,40,255
0,23,0,4,30,6
0,23,7,2,29,12
0,23,15,2,28,18
0,23,23,3,26,27
0,23,31,3,25,37
0,23,39,3,24,46
0,23,47,4,23,55
0,23,55,4,22,65
0,23,63,4,22,75
0,23,71,5,22,85
0,23,79,5,22,97
0,23,87,6,23,109
0,23,95,6,23,122
0,23,103,7,23,137
0,23,111,6,24,151
0,23,119,9,25,165
0,23,127,9,26,179
0,23,135,11,27,193
0,23,143,13,28,204
0,23,151,15,30,215
0,23,159,18,32,223
0,23,167,22,33,228
0,23,175,26,35,233
0,23,183,28,37,236
0,23,191,29,37,238
0,23,199,31,38,241
0,23,207,33,40,243
0,23,215,35,41,246
0,23,223,35,41,248
0,23,231,36,41,250
0,23,239,38,43,252
0,23,247,39,44,254
0,23,255,40,44,255
0,31,0,4,43,6
0,31,7,3,41,11
0,31,15,3,40,17
0,31,23,4,38,25
0,31,31,5,36,34
0,31,39,3,34,42
0,31,47,5,33,51
0,31,55,5,32,61
0,31,63,6,31,70
0,31,71,6,31,81
0,31,79,8,31,92
0,31,87,7,31,103
0,31,95,9,31,116
0,31,103,8,31,129
0,31,111,10,31,144
0,31,119,8,31,158
0,31,127,12,32,173
0,31,135,13,33,187
0,31,143,15,34,199
0,31,151,18,36,210
0,31,159,21,37,219
0,31,167,25,39,225
0,31,175,27,40,230
0,31,183,30,41,235
0,31,191,33,43,238
0,31,199,34,44,240
0,31,207,35,44,243
0,31,215,37,45,245
0,31,223,39,47,247
0,31,231,40,47,250
0,31,239,41,47,252
0,31,247,42,47,253
0,31,255,43,49,255
0,39,0,5,56,6
0,39,7,5,54,10
0,39,15,6,52,16
0,39,23,7,49,24
0,39,31,5,47,32
0,39,39,6,45,40
0,39,47,7,43,48
0,39,55,7,42,57
0,39,63,8,41,67
0,39,71,9,40,77
0,39,79,9,40,87
0,39,87,10,39,99
0,39,95,11,39,110
0,39,103,12,39,124
0,39,111,13,39,136
0,39,119,13,39,151
0,39,127,14,39,165
0,39,135,16,40,180
0,39,143,18,40,194
0,39,151,21,41,205
0,39,159,24,43,214
0,39,167,27,44,222
0,39,175,30,45,228
0,39,183,32,46,233
0,39,191,34,47,237
0,39,199,36,48,240
0,39,207,39,50,242
0,39,215,40,50,245
0,39,223,41,50,247
0,39,231,43,51,249
0,39,239,45,52,251
0,39,247,45,51,253
0,39,255,46,52,254
0,47,0,10,69,6
0,47,7,10,67,10
0,47,15,9,64,16
0,47,23,8,61,23
0,47,31,9,58,30
0,47,39,10,56,38
0,47,47,10,54,46
0,47,55,11,52,54
0,47,63,11,51,63
0,47,71,12,50,73
0,47,79,12,49,83
0,47,87,12,48,94
0,47,95,13,48,106
0,47,103,14,47,117
0,47,111,16,46,131
0,47,119,16,46,144
0,47,127,18,46,160
0,47,135,18,46,174
0,47,143,20,46,188
0,47,151,21,47,202
0,47,159,24,47,212
0,47,167,28,49,220
0,47,175,31,50,227
0,47,183,33,51,232
0,47,191,36,52,236
0,47,199,37,52,239
0,47,207,39,53,242
0,47,215,42,54,245
0,47,223,45,55,247
0,47,231,45,54,249
0,47,239,46,55,251
0,47,247,48,56,253
0,47,255,49,56,254
0,55,0,12,82,6
0,55,7,12,79,10
0,55,15,12,76,16
0,55,23,12,73,22
0,55,31,12,70,29
0,55,39,12,68,36
0,55,47,13,65,44
0,55,55,14,63,52
0,55,63,14,62,60
0,55,71,16,60,70
0,55,79,16,59,80
0,55,87,17,58,90
0,55,95,17,57,101
0,55,103,18,56,113
0,55,111,17,55,125
0,55,119,18,54,139
0,55,127,20,53,153
0,55,135,20,53,169
0,55,143,20,52,184
0,55,151,23,52,197
0,55,159,25,53,210
0,55,167,29,53,218
0,55,175,33,54,225
0,55,183,36,55,231
0,55,191,38,56,235
0,55,199,40,57,239
0,55,207,43,57,242
0,55,215,44,58,245
0,55,223,46,58,247
0,55,231,48,58,250
0,55,239,50,59,251
0,55,247,50,59,253
0,55,255,52,59,254
0,63,0,15,95,6
0,63,7,14,92,10
0,63,15,14,88,16
0,63,23,14,85,22
0,63,31,15,82,28
0,63,39,16,79,35
0,63,47,16,77,42
0,63,55,17,74,50
0,63,63,18,72,58
0,63,71,18,71,67
0,63,79,21,69,76
0,63,87,20,68,86
0,63,95,19,66,97
0,63,103,20,65,108
0,63,111,21,64,120
0,63,119,22,63,133
0,63,127,23,62,147
0,63,135,24,60,161
0,63,143,24,60,176
0,63,151,26,59,191
0,63,159,28,59,204
0,63,167,31,59,215
0,63,175,35,59,223
0,63,183,37,60,230
0,63,191,41,61,235
0,63,199,43,61,238
0,63,207,45,62,242
0,63,215,46,62,245
0,63,223,48,62,248
0,63,231,50,62,250
0,63,239,51,62,252
0,63,247,53,62,253
0,63,255,54,62,254
0,71,0,19,107,7
0,71,7,18,105,11
0,71,15,18,101,16
0,71,23,18,97,22
0,71,31,18,94,28
0,71,39,18,91,34
0,71,47,20,89,41
0,71,55,21,86,48
0,71,63,22,84,57
0,71,71,23,82,65
0,71,79,24,80,74
0,71,87,22,78,83
0,71,95,24,76,93
0,71,103,26,75,104
0,71,111,26,73,115
0,71,119,26,72,128
0,71,127,26,71,140
0,71,135,25,69,155
0,71,143,26,68,170
0,71,151,26,66,185
0,71,159,24,65,201
0,71,167,30,65,211
0,71,175,35,65,220
0,71,183,38,65,228
0,71,191,40,66,234
0,71,199,42,66,238
0,71,207,46,66,242
0,71,215,49,67,245
0,71,223,50,66,248
0,71,231,51,66,250
0,71,239,53,66,252
0,71,247,54,65,253
0,71,255,55,65,254
0,79,0,21,119,8
0,79,7,22,116,12
0,79,15,22,113,17
0,79,23,22,110,22
0,79,31,23,106,28
0,79,39,23,103,34
0,79,47,23,101,41
0,79,55,24,98,47
0,79,63,25,96,55
0,79,71,27,93,63
0,79,79,28,91,72
0,79,87,28,89,81
0,79,95,28,87,90
0,79,103,29,86,101
0,79,111,29,84,111
0,79,119,29,82,123
0,79,127,29,80,135
0,79,135,29,78,148
0,79,143,30,76,163
0,79,151,30,75,178
0,79,159,31,73,192
0,79,167,34,72,206
0,79,175,36,71,216
0,79,183,39,71,225
0,79,191,43,71,231
0,79,199,45,71,237
0,79,207,48,71,241
0,79,215,51,71,244
0,79,223,52,71,247
0,79,231,54,71,250
0,79,239,55,70,252
0,79,247,56,70,253
0,79,255,58,69,254
0,87,0,24,131,9
0,87,7,24,129,13
0,87,15,24,126,17
0,87,23,25,123,23
0,87,31,26,120,28
0,87,39,27,116,35
0,87,47,28,114,41
0,87,55,29,111,47
0,87,63,29,108,54
0,87,71,29,106,62
0,87,79,31,103,70
0,87,87,31,101,79
0,87,95,31,99,88
0,87,103,33,97,97
0,87,111,33,95,108
0,87,119,32,93,118
0,87,127,32,91,130
0,87,135,32,89,143
0,87,143,33,86,156
0,87,151,33,84,171
0,87,159,34,82,186
0,87,167,35,80,199
0,87,175,38,79,212
0,87,183,41,78,221
0,87,191,43,77,229
0,87,199,47,77,235
0,87,207,49,76,240
0,87,215,52,76,244
0,87,223,54,76,247
0,87,231,55,75,250
0,87,239,57,75,252
0,87,247,58,74,253
0,87,255,59,73,254
0,95,0,25,144,10
0,95,7,25,142,13
0,95,15,26,139,17
0,95,23,27,136,23
0,95,31,29,133,28
0,95,39,30,130,34
0,95,47,31,127,40
0,95,55,33,124,47
0,95,63,33,121,53
0,95,71,33,118,61
0,95,79,33,116,68
0,95,87,34,114,77
0,95,95,34,111,86
0,95,103,35,109,95
0,95,111,36,107,104
0,95,119,35,105,114
0,95,127,35,102,126
0,95,135,36,100,137
0,95,143,36,97,151
0,95,151,36,94,164
0,95,159,37,91,179
0,95,167,38,89,193
0,95,175,39,87,206
0,95,183,41,85,218
0,95,191,43,84,227
0,95,199,47,83,234
0,95,207,50,82,240
0,95,215,52,81,244
0,95,223,54,80,248
0,95,231,56,80,250
0,95,239,57,79,252
0,95,247,59,78,253
0,95,255,60,78,254
0,103,0,30,155,11
0,103,7,30,153,15
0,103,15,32,150,20
0,103,23,31,147,24
0,103,31,31,144,29
0,103,39,32,141,35
0,103,47,34,139,40
0,103,55,34,137,46
0,103,63,36,135,53
0,103,71,37,132,60
0,103,79,37,129,67
0,103,87,37,126,75
0,103,95,37,124,83
0,103,103,38,122,92
0,103,111,37,119,101
0,103,119,36,116,110
0,103,127,38,114,121
0,103,135,39,111,133
0,103,143,38,108,145
0,103,151,38,105,159
0,103,159,39,102,173
0,103,167,40,99,187
0,103,175,41,96,201
0,103,183,43,94,213
0,103,191,45,92,224
0,103,199,48,90,232
0,103,207,51,88,239
0,103,215,54,87,243
0,103,223,55,86,247
0,103,231,58,85,250
0,103,239,59,84,252
0,103,247,61,83,254
0,103,255,62,82,254
0,111,0,31,167,12
0,111,7,32,165,16
0,111,15,33,163,19
0,111,23,34,160,25
0,111,31,35,158,29
0,111,39,36,155,35
0,111,47,37,152,40
0,111,55,38,149,46
0,111,63,39,147,52
0,111,71,39,144,58
0,111,79,40,142,65
0,111,87,41,140,73
0,111,95,40,137,81
0,111,103,40,134,89
0,111,111,40,132,98
0,111,119,39,129,107
0,111,127,39,126,117
0,111,135,40,123,128
0,111,143,40,120,140
0,111,151,38,117,153
0,111,159,40,113,167
0,111,167,43,110,181
0,111,175,43,106,195
0,111,183,45,103,208
0,111,191,47,101,220
0,111,199,49,98,230
0,111,207,51,96,237
0,111,215,54,94,243
0,111,223,57,92,247
0,111,231,58,91,250
0,111,239,60,90,252
0,111,247,62,88,253
0,111,255,63,87,254
0,119,0,27,181,13
0,119,7,28,180,16
0,119,15,30,177,19
0,119,23,33,174,24
0,119,31,36,171,30
0,119,39,37,168,34
0,119,47,38,165,40
0,119,55,40,163,45
0,119,63,42,160,51
0,119,71,41,157,57
0,119,79,41,154,63
0,119,87,42,152,71
0,119,95,43,150,79
0,119,103,44,147,87
0,119,111,42,144,95
0,119,119,42,141,104
0,119,127,42,139,113
0,119,135,43,136,123
0,119,143,44,133,135
0,119,151,42,129,147
0,119,159,43,125,160
0,119,167,44,121,175
0,119,175,45,118,189
0,119,183,46,114,203
0,119,191,47,111,215
0,119,199,50,108,226
0,119,207,52,105,235
0,119,215,54,102,241
0,119,223,56,100,247
0,119,231,58,98,250
0,119,239,60,96,253
0,119,247,62,95,254
0,119,255,64,93,254
0,127,0,35,193,15
0,127,7,35,191,18
0,127,15,36,189,22
0,127,23,36,187,25
0,127,31,36,184,29
0,127,39,36,181,34
0,127,47,38,178,39
0,127,55,40,175,45
0,127,63,41,173,50
0,127,71,43,170,56
0,127,79,44,168,62
0,127,87,43,165,69
0,127,95,40,161,75
0,127,103,44,159,84
0,127,111,45,156,92
0,127,119,46,154,101
0,127,127,45,151,110
0,127,135,44,148,119
0,127,143,44,145,129
0,127,151,45,142,141
0,127,159,45,138,154
0,127,167,46,134,167
0,127,175,46,130,182
0,127,183,47,126,196
0,127,191,46,122,210
0,127,199,46,118,222
0,127,207,51,115,231
0,127,215,55,112,239
0,127,223,57,109,245
0,127,231,58,106,250
0,127,239,61,104,252
0,127,247,63,102,254
0,127,255,66,101,255
0,135,0,36,205,16
0,135,7,37,204,19
0,135,15,38,202,22
0,135,23,39,200,27
0,135,31,39,197,30
0,135,39,39,194,34
0,135,47,40,191,39
0,135,55,41,189,44
0,135,63,41,186,49
0,135,71,42,183,55
0,135,79,44,180,61
0,135,87,45,178,67
0,135,95,46,175,74
0,135,103,47,172,81
0,135,111,45,170,88
0,135,119,45,167,97
0,135,127,47,164,106
0,135,135,47,161,115
0,135,143,47,158,125
0,135,151,45,155,136
0,135,159,47,151,147
0,135,167,48,147,161
0,135,175,47,143,175
0,135,183,47,139,189
0,135,191,50,134,203
0,135,199,50,130,216
0,135,207,54,126,227
0,135,215,55,122,236
0,135,223,57,119,243
0,135,231,59,116,248
0,135,239,61,113,253
0,135,247,63,111,254
0,135,255,65,109,255
0,143,0,38,217,18
0,143,7,38,216,20
0,143,15,39,214,23
0,143,23,39,212,26
0,143,31,40,210,31
0,143,39,40,207,35
0,143,47,41,204,39
0,143,55,42,201,44
0,143,63,43,199,48
0,143,71,44,196,53
0,143,79,43,194,58
0,143,87,43,191,64
0,143,95,46,188,71
0,143,103,47,185,78
0,143,111,48,183,86
0,143,119,48,180,94
0,143,127,47,177,102
0,143,135,47,174,111
0,143,143,49,171,120
0,143,151,49,168,131
0,143,159,47,165,142
0,143,167,48,161,153
0,143,175,48,157,167
0,143,183,49,152,181
0,143,191,49,148,195
0,143,199,52,143,208
0,143,207,54,138,221
0,143,215,55,134,231
0,143,223,58,130,240
0,143,231,59,127,247
0,143,239,61,123,251
0,143,247,63,120,254
0,143,255,66,117,255
0,151,0,43,226,22
0,151,7,43,225,24
0,151,15,43,224,26
0,151,23,43,223,29
0,151,31,42,220,32
0,151,39,43,218,36
0,151,47,42,215,40
0,151,55,43,213,44
0,151,63,44,210,48
0,151,71,45,208,53
0,151,79,46,205,58
0,151,87,46,203,63
0,151,95,47,201,69
0,151,103,48,198,76
0,151,111,48,196,83
0,151,119,49,193,90
0,151,127,50,190,99
0,151,135,50,188,107
0,151,143,48,185,116
0,151,151,50,182,125
0,151,159,50,178,136
0,151,167,51,175,147
0,151,175,49,172,160
0,151,183,48,167,173
0,151,191,51,162,186
0,151,199,52,157,200
0,151,207,53,152,213
0,151,215,56,147,225
0,151,223,57,143,235
0,151,231,59,138,244
0,151,239,61,135,251
0,151,247,63,131,253
0,151,255,66,127,255
0,159,0,44,232,24
0,159,7,44,232,26
0,159,15,45,231,29
0,159,23,46,230,32
0,159,31,46,229,34
0,159,39,47,227,38
0,159,47,47,224,42
0,159,55,46,222,45
0,159,63,46,220,48
0,159,71,46,218,53
0,159,79,46,216,57
0,159,87,47,213,62
0,159,95,49,211,68
0,159,103,50,209,74
0,159,111,50,208,81
0,159,119,49,206,87
0,159,127,50,203,95
0,159,135,51,200,103
0,159,143,52,198,112
0,159,151,52,195,121
0,159,159,51,193,130
0,159,167,52,189,141
0,159,175,52,186,153
0,159,183,51,182,165
0,159,191,50,177,178
0,159,199,52,172,191
0,159,207,55,167,205
0,159,215,55,162,218
0,159,223,57,157,229
0,159,231,61,151,239
0,159,239,62,147,247
0,159,247,64,142,253
0,159,255,66,138,254
0,167,0,46,235,26
0,167,7,46,234,28
0,167,15,46,234,30
0,167,23,47,233,33
0,167,31,48,233,37
0,167,39,48,231,39
0,167,47,48,230,43
0,167,55,49,228,46
0,167,63,50,227,49
0,167,71,50,225,53
0,167,79,49,224,57
0,167,87,48,222,62
0,167,95,49,220,67
0,167,103,50,218,73
0,167,111,51,217,79
0,167,119,52,215,85
0,167,127,52,215,92
0,167,135,51,213,100
0,167,143,51,210,108
0,167,151,53,208,116
0,167,159,53,206,125
0,167,167,52,204,135
0,167,175,53,200,146
0,167,183,53,196,158
0,167,191,54,192,170
0,167,199,53,188,183
0,167,207,53,183,196
0,167,215,55,177,210
0,167,223,58,172,222
0,167,231,60,166,233
0,167,239,63,160,243
0,167,247,65,155,250
0,167,255,67,150,255
0,175,0,49,236,30
0,175,7,49,236,31
0,175,15,49,236,33
0,175,23,49,235,35
0,175,31,49,235,38
0,175,39,50,234,42
0,175,47,50,233,44
0,175,55,50,232,47
0,175,63,51,230,50
0,175,71,51,229,53
0,175,79,52,228,57
0,175,87,52,228,62
0,175,95,52,227,67
0,175,103,51,226,72
0,175,111,51,225,77
0,175,119,52,223,83
0,175,127,53,222,90
0,175,135,54,222,97
0,175,143,53,221,104
0,175,151,52,219,112
0,175,159,54,217,120
0,175,167,55,215,129
0,175,175,55,213,139
0,175,183,55,210,150
0,175,191,55,207,162
0,175,199,56,202,174
0,175,207,56,198,188
0,175,215,56,193,201
0,175,223,58,187,214
0,175,231,61,181,227
0,175,239,63,175,238
0,175,247,65,169,247
0,175,255,69,163,252
0,183,0,52,239,33
0,183,7,52,238,35
0,183,15,52,238,36
0,183,23,52,238,37
0,183,31,52,238,40
0,183,39,52,237,42
0,183,47,52,237,46
0,183,55,52,236,48
0,183,63,52,235,51
0,183,71,52,234,54
0,183,79,52,233,57
0,183,87,53,232,61
0,183,95,53,232,65
0,183,103,54,232,70
0,183,111,55,231,76
0,183,119,54,231,82
0,183,127,54,230,88
0,183,135,54,229,94
0,183,143,56,228,100
0,183,151,54,228,108
0,183,159,54,227,116
0,183,167,56,225,124
0,183,175,57,223,133
0,183,183,57,221,143
0,183,191,57,219,154
0,183,199,56,216,166
0,183,207,57,212,178
0,183,215,58,207,192
0,183,223,59,202,206
0,183,231,60,196,219
0,183,239,63,190,231
0,183,247,67,183,244
0,183,255,69,177,251
0,191,0,55,240,35
0,191,7,55,240,36
0,191,15,55,240,38
0,191,23,56,241,40
0,191,31,55,240,42
0,191,39,55,240,44
0,191,47,54,240,46
0,191,55,54,239,49
0,191,63,54,239,51
0,191,71,54,238,54
0,191,79,54,238,57
0,191,87,53,237,60
0,191,95,54,236,64
0,191,103,55,236,69
0,191,111,56,235,74
0,191,119,56,235,80
0,191,127,57,236,86
0,191,135,56,235,91
0,191,143,56,234,97
0,191,151,57,234,104
0,191,159,58,233,111
0,191,167,56,233,119
0,191,175,57,232,127
0,191,183,58,231,136
0,191,191,59,229,146
0,191,199,60,227,157
0,191,207,59,224,170
0,191,215,59,220,183
0,191,223,60,216,197
0,191,231,63,211,211
0,191,239,64,205,224
0,191,247,66,199,237
0,191,255,70,192,249
0,199,0,56,242,37
0,199,7,56,242,38
0,199,15,56,242,39
0,199,23,57,242,41
0,199,31,58,242,43
0,199,39,58,242,45
0,199,47,57,242,47
0,199,55,57,242,49
0,199,63,57,242,52
0,199,71,57,241,55
0,199,79,56,241,57
0,199,87,56,241,60
0,199,95,56,240,64
0,199,103,56,240,68
0,199,111,56,239,73
0,199,119,57,239,78
0,199,127,58,239,83
0,199,135,58,239,89
0,199,143,56,239,94
0,199,151,57,239,100
0,199,159,58,239,107
0,199,167,59,238,114
0,199,175,60,237,122
0,199,183,58,238,130
0,199,191,60,237,139
0,199,199,61,235,149
0,199,207,62,233,160
0,199,215,62,231,174
0,199,223,62,227,188
0,199,231,63,223,202
0,199,239,65,218,216
0,199,247,68,214,231
0,199,255,70,208,244
0,207,0,57,244,38
0,207,7,57,244,39
0,207,15,57,244,40
0,207,23,57,244,41
0,207,31,58,244,43
0,207,39,59,244,46
0,207,47,59,244,48
0,207,55,59,244,50
0,207,63,60,244,52
0,207,71,60,244,55
0,207,79,59,244,58
0,207,87,59,244,60
0,207,95,59,243,64
0,207,103,58,243,67
0,207,111,58,243,71
0,207,119,58,242,76
0,207,127,58,242,81
0,207,135,59,242,86
0,207,143,59,242,91
0,207,151,60,242,97
0,207,159,61,242,103
0,207,167,60,242,110
0,207,175,60,242,117
0,207,183,61,242,124
0,207,191,62,241,133
0,207,199,62,241,142
0,207,207,62,240,153
0,207,215,63,238,164
0,207,223,64,236,178
0,207,231,65,234,193
0,207,239,65,230,208
0,207,247,68,226,223
0,207,255,70,222,238
0,215,0,59,246,40
0,215,7,59,246,40
0,215,15,59,246,41
0,215,23,59,246,42
0,215,31,59,246,44
0,215,39,59,247,46
0,215,47,60,247,48
0,215,55,60,247,50
0,215,63,60,246,52
0,215,71,61,246,55
0,215,79,61,246,57
0,215,87,61,246,60
0,215,95,62,246,63
0,215,103,61,246,67
0,215,111,60,246,70
0,215,119,60,246,74
0,215,127,60,245,79
0,215,135,60,245,83
0,215,143,61,245,89
0,215,151,61,245,94
0,215,159,62,245,99
0,215,167,63,246,106
0,215,175,63,246,112
0,215,183,62,246,119
0,215,191,62,246,127
0,215,199,64,246,135
0,215,207,64,245,145
0,215,215,65,245,157
0,215,223,65,244,169
0,215,231,66,242,183
0,215,239,68,240,199
0,215,247,69,237,215
0,215,255,71,233,230
0,223,0,60,249,40
0,223,7,60,249,41
0,223,15,61,249,42
0,223,23,61,249,44
0,223,31,61,249,45
0,223,39,61,249,46
0,223,47,61,249,48
0,223,55,62,249,50
0,223,63,62,249,52
0,223,71,62,249,55
0,223,79,62,249,57
0,223,87,62,248,60
0,223,95,62,248,62
0,223,103,62,248,66
0,223,111,63,248,69
0,223,119,63,248,73
0,223,127,63,248,77
0,223,135,63,248,82
0,223,143,62,248,86
0,223,151,62,248,91
0,223,159,62,248,96
0,223,167,63,248,102
0,223,175,64,249,108
0,223,183,65,249,115
0,223,191,64,249,122
0,223,199,64,249,130
0,223,207,65,249,139
0,223,215,66,249,149
0,223,223,67,249,162
0,223,231,67,248,175
0,223,239,69,246,190
0,223,247,70,245,206
0,223,255,72,243,222
0,231,0,61,251,41
0,231,7,61,251,42
0,231,15,62,251,43
0,231,23,62,251,44
0,231,31,63,251,46
0,231,39,63,251,47
0,231,47,63,251,49
0,231,55,63,251,50
0,231,63,63,251,52
0,231,71,63,251,54
0,231,79,63,250,57
0,231,87,63,250,59
0,231,95,63,250,62
0,231,103,63,250,64
0,231,111,63,250,68
0,231,119,64,250,71
0,231,127,64,251,75
0,231,135,65,251,80
0,231,143,65,251,84
0,231,151,65,251,89
0,231,159,64,251,94
0,231,167,64,251,98
0,231,175,64,251,104
0,231,183,65,251,110
0,231,191,65,251,117
0,231,199,66,252,125
0,231,207,66,252,134
0,231,215,66,252,144
0,231,223,67,251,155
0,231,231,69,251,168
0,231,239,70,251,182
0,231,247,71,250,197
0,231,255,73,249,214
0,239,0,62,253,42
0,239,7,62,253,42
0,239,15,62,253,43
0,239,23,63,253,44
0,239,31,63,253,45
0,239,39,64,253,47
0,239,47,64,253,49
0,239,55,64,252,50
0,239,63,64,252,52
0,239,71,65,252,54
0,239,79,65,252,56
0,239,87,65,252,58
0,239,95,65,252,61
0,239,103,64,252,63
0,239,111,64,252,66
0,239,119,64,252,69
0,239,127,64,252,73
0,239,135,65,252,77
0,239,143,65,252,82
0,239,151,66,252,87
0,239,159,66,252,91
0,239,167,66,253,96
0,239,175,65,253,101
0,239,183,65,253,106
0,239,191,66,253,113
0,239,199,66,253,120
0,239,207,67,253,129
0,239,215,68,253,138
0,239,223,68,253,149
0,239,231,69,253,161
0,239,239,70,253,175
0,239,247,72,253,190
0,239,255,73,253,205
0,247,0,63,255,42
0,247,7,63,254,43
0,247,15,63,254,43
0,247,23,63,254,44
0,247,31,64,254,45
0,247,39,64,254,47
0,247,47,65,254,48
0,247,55,65,254,50
0,247,63,65,254,52
0,247,71,65,254,54
0,247,79,65,254,56
0,247,87,65,254,58
0,247,95,65,253,60
0,247,103,66,253,63
0,247,111,65,253,65
0,247,119,65,253,68
0,247,127,65,253,72
0,247,135,65,253,75
0,247,143,65,253,80
0,247,151,66,253,84
0,247,159,66,253,89
0,247,167,67,253,94
0,247,175,67,253,99
0,247,183,67,253,104
0,247,191,67,253,109
0,247,199,67,254,116
0,247,207,67,254,124
0,247,215,68,254,133
0,247,223,69,254,143
0,247,231,69,254,155
0,247,239,70,254,168
0,247,247,72,254,182
0,247,255,74,254,197
0,255,0,64,255,42
0,255,7,64,255,43
0,255,15,64,255,44
0,255,23,64,255,45
0,255,31,65,255,45
0,255,39,65,255,47
0,255,47,65,255,48
0,255,55,65,254,50
0,255,63,66,254,52
0,255,71,66,254,53
0,255,79,66,254,56
0,255,87,66,254,58
0,255,95,66,254,60
0,255,103,66,254,62
0,255,111,67,254,65
0,255,119,66,254,68
0,255,127,67,254,71
0,255,135,66,254,75
0,255,143,67,254,78
0,255,151,67,254,83
0,255,159,68,254,88
0,255,167,68,254,93
0,255,175,69,254,98
0,255,183,69,254,103
0,255,191,69,254,109
0,255,199,69,254,115
0,255,207,70,254,122
0,255,215,70,254,131
0,255,223,71,254,141
0,255,231,72,254,151
0,255,239,73,254,164
0,255,247,74,254,176
0,255,255,75,255,189
7,0,0,5,2,5
7,0,7,5,2,12
7,0,15,5,2,22
7,0,23,5,2,34
7,0,31,5,3,47
7,0,39,4,3,58
7,0,47,4,3,68
7,0,55,4,3,79
7,0,63,4,4,89
7,0,71,4,4,101
7,0,79,3,4,114
7,0,87,4,5,128
7,0,95,3,5,142
7,0,103,4,6,157
7,0,111,3,7,171
7,0,119,3,8,185
7,0,127,4,10,197
7,0,135,5,11,208
7,0,143,7,12,218
7,0,151,9,15,225
7,0,159,12,16,229
7,0,167,15,18,233
7,0,175,18,20,236
7,0,183,21,22,238
7,0,191,24,24,240
7,0,199,25,24,242
7,0,207,26,26,244
7,0,215,28,27,247
7,0,223,30,30,249
7,0,231,31,31,252
7,0,239,31,33,254
7,0,247,32,34,255
7,0,255,33,35,255
7,7,0,6,8,6
7,7,7,5,8,12
7,7,15,5,7,22
7,7,23,5,7,33
7,7,31,4,7,44
7,7,39,5,7,54
7,7,47,5,7,64
7,7,55,5,7,75
7,7,63,5,8,85
7,7,71,5,8,97
7,7,79,4,9,109
7,7,87,5,9,122
7,7,95,5,10,136
7,7,103,3,11,149
7,7,111,5,12,165
7,7,119,5,13,179
7,7,127,6,14,192
7,7,135,8,16,203
7,7,143,9,17,215
7,7,151,11,19,222
7,7,159,15,21,227
7,7,167,18,22,232
7,7,175,20,24,235
7,7,183,23,26,237
7,7,191,26,28,239
7,7,199,28,29,242
7,7,207,28,30,244
7,7,215,29,31,247
7,7,223,31,33,249
7,7,231,33,35,251
7,7,239,34,36,253
7,7,247,34,37,255
7,7,255,34,37,255
7,15,0,6,18,5
7,15,7,6,18,12
7,15,15,6,16,21
7,15,23,6,15,30
7,15,31,6,14,40
7,15,39,6,14,50
7,15,47,6,14,60
7,15,55,6,14,70
7,15,63,6,14,80
7,15,71,6,14,91
7,15,79,7,14,104
7,15,87,6,15,115
7,15,95,7,16,129
7,15,103,7,16,143
7,15,111,7,18,157
7,15,119,7,18,173
7,15,127,8,19,187
7,15,135,11,21,198
7,15,143,12,22,209
7,15,151,14,24,219
7,15,159,17,26,225
7,15,167,21,28,230
7,15,175,23,29,234
7,15,183,25,30,236
7,15,191,28,32,239
7,15,199,30,34,241
7,15,207,32,35,244
7,15,215,32,35,246
7,15,223,33,36,248
7,15,231,35,37,251
7,15,239,36,39,252
7,15,247,36,40,254
7,15,255,37,40,255
7,23,0,7,29,6
7,23,7,6,28,12
7,23,15,7,27,19
7,23,23,7,25,28
7,23,31,7,24,37
7,23,39,7,23,46
7,23,47,7,23,56
7,23,55,8,22,65
7,23,63,8,22,76
7,23,71,8,22,86
7,23,79,9,22,97
7,23,87,9,22,110
7,23,95,9,23,122
7,23,103,9,23,137
7,23,111,8,24,151
7,23,119,11,25,165
7,23,127,11,26,179
7,23,135,13,27,193
7,23,143,15,28,204
7,23,151,17,30,215
7,23,159,20,31,222
7,23,167,23,33,228
7,23,175,27,35,232
7,23,183,29,36,236
7,23,191,30,37,238
7,23,199,32,38,241
7,23,207,34,40,243
7,23,215,36,41,246
7,23,223,36,41,248
7,23,231,37,41,250
7,23,239,38,43,252
7,23,247,40,44,254
7,23,255,40,44,255
7,31,0,8,42,6
7,31,7,8,40,11
7,31,15,8,38,18
7,31,23,9,36,26
7,31,31,9,35,35
7,31,39,8,33,43
7,31,47,9,32,52
7,31,55,10,32,61
7,31,63,10,31,71
7,31,71,9,30,82
7,31,79,11,30,93
7,31,87,11,30,104
7,31,95,12,30,117
7,31,103,10,31,129
7,31,111,12,31,144
7,31,119,11,31,158
7,31,127,14,32,172
7,31,135,15,33,187
7,31,143,17,34,199
7,31,151,20,36,209
7,31,159,23,37,219
7,31,167,27,39,224
7,31,175,29,40,230
7,31,183,31,41,235
7,31,191,34,43,237
7,31,199,35,44,240
7,31,207,36,44,243
7,31,215,38,45,245
7,31,223,40,47,247
7,31,231,40,46,250
7,31,239,41,47,252
7,31,247,42,48,253
7,31,255,43,49,255
7,39,0,11,55,6
7,39,7,12,52,10
7,39,15,12,50,17
7,39,23,11,48,25
7,39,31,11,46,32
7,39,39,12,44,41
7,39,47,11,43,49
7,39,55,12,42,58
7,39,63,12,41,67
7,39,71,13,40,77
7,39,79,13,39,88
7,39,87,14,39,99
7,39,95,14,39,111
7,39,103,15,38,124
7,39,111,16,38,136
7,39,119,16,39,151
7,39,127,17,39,165
7,39,135,19,40,179
7,39,143,20,40,193
7,39,151,23,41,204
7,39,159,26,43,214
7,39,167,29,44,222
7,39,175,31,45,228
7,39,183,33,46,233
7,39,191,35,47,237
7,39,199,37,48,240
7,39,207,40,50,242
7,39,215,41,50,245
7,39,223,42,50,247
7,39,231,43,51,249
7,39,239,45,52,251
7,39,247,45,52,253
7,39,255,46,52,254
7,47,0,15,67,6
7,47,7,14,65,11
7,47,15,14,62,17
7,47,23,14,60,24
7,47,31,14,57,31
7,47,39,14,55,39
7,47,47,14,54,46
7,47,55,16,52,55
7,47,63,15,51,64
7,47,71,16,50,74
7,47,79,16,49,84
7,47,87,15,48,95
7,47,95,17,47,106
7,47,103,18,47,118
7,47,111,19,46,131
7,47,119,19,46,144
7,47,127,20,46,159
7,47,135,20,46,174
7,47,143,22,46,188
7,47,151,23,47,202
7,47,159,26,47,212
7,47,167,30,49,219
7,47,175,33,50,227
7,47,183,35,51,232
7,47,191,37,52,236
7,47,199,39,53,239
7,47,207,41,53,242
7,47,215,43,54,245
7,47,223,46,55,247
7,47,231,46,55,249
7,47,239,47,55,251
7,47,247,49,56,253
7,47,255,50,56,254
7,55,0,17,80,7
7,55,7,18,78,11
7,55,15,17,75,17
7,55,23,17,72,23
7,55,31,17,69,30
7,55,39,17,67,37
7,55,47,18,65,45
7,55,55,18,63,53
7,55,63,18,61,61
7,55,71,20,60,70
7,55,79,20,59,80
7,55,87,21,57,91
7,55,95,21,56,102
7,55,103,21,56,113
7,55,111,20,55,125
7,55,119,21,54,139
7,55,127,23,53,152
7,55,135,22,53,168
7,55,143,23,52,184
7,55,151,25,52,197
7,55,159,27,53,209
7,55,167,31,53,218
7,55,175,34,54,225
7,55,183,38,55,231
7,55,191,39,56,235
7,55,199,42,57,239
7,55,207,44,58,242
7,55,215,45,58,245
7,55,223,47,58,247
7,55,231,49,59,250
7,55,239,50,59,251
7,55,247,51,59,253
7,55,255,52,59,254
7,63,0,19,93,7
7,63,7,19,90,11
7,63,15,19,87,17
7,63,23,19,84,23
7,63,31,20,81,29
7,63,39,21,79,36
7,63,47,21,76,43
7,63,55,22,74,51
7,63,63,23,72,59
7,63,71,22,70,67
7,63,79,24,69,77
7,63,87,23,67,87
7,63,95,22,66,97
7,63,103,23,65,108
7,63,111,24,64,121
7,63,119,25,63,133
7,63,127,25,61,147
7,63,135,26,60,161
7,63,143,27,60,176
7,63,151,28,59,190
7,63,159,31,59,203
7,63,167,33,59,214
7,63,175,36,59,222
7,63,183,39,60,229
7,63,191,42,61,235
7,63,199,44,61,238
7,63,207,46,62,242
7,63,215,47,62,245
7,63,223,50,62,248
7,63,231,51,62,250
7,63,239,52,62,252
7,63,247,53,62,253
7,63,255,54,62,254
7,71,0,23,106,8
7,71,7,22,103,12
7,71,15,22,100,17
7,71,23,22,96,23
7,71,31,22,93,29
7,71,39,23,91,35
7,71,47,24,88,42
7,71,55,25,86,50
7,71,63,25,83,57
7,71,71,27,81,66
7,71,79,28,80,75
7,71,87,25,77,84
7,71,95,27,76,94
7,71,103,29,75,105
7,71,111,29,73,116
7,71,119,29,72,128
7,71,127,28,70,140
7,71,135,28,69,155
7,71,143,28,68,170
7,71,151,28,66,185
7,71,159,26,65,201
7,71,167,32,65,210
7,71,175,37,65,220
7,71,183,39,65,227
7,71,191,41,66,233
7,71,199,44,66,238
7,71,207,47,66,242
7,71,215,50,67,245
7,71,223,51,66,248
7,71,231,52,66,250
7,71,239,54,66,252
7,71,247,55,66,253
7,71,255,56,65,254
7,79,0,26,117,8
7,79,7,26,115,13
7,79,15,27,112,18
7,79,23,27,109,23
7,79,31,27,106,29
7,79,39,27,103,35
7,79,47,27,100,42
7,79,55,28,98,48
7,79,63,29,95,56
7,79,71,30,93,64
7,79,79,30,91,73
7,79,87,31,89,82
7,79,95,31,87,91
7,79,103,32,86,101
7,79,111,32,84,112
7,79,119,32,82,123
7,79,127,31,80,135
7,79,135,32,78,148
7,79,143,32,76,163
7,79,151,33,75,177
7,79,159,33,73,192
7,79,167,36,72,206
7,79,175,38,71,216
7,79,183,41,71,225
7,79,191,44,71,231
7,79,199,46,71,237
7,79,207,50,72,241
7,79,215,52,71,244
7,79,223,53,71,247
7,79,231,55,71,250
7,79,239,55,70,252
7,79,247,57,70,253
7,79,255,58,69,254
7,87,0,27,130,9
7,87,7,27,127,13
7,87,15,28,125,18
7,87,23,29,122,24
7,87,31,30,119,29
7,87,39,31,116,36
7,87,47,31,113,42
7,87,55,32,110,48
7,87,63,32,108,55
7,87,71,33,106,63
7,87,79,34,103,71
7,87,87,34,101,80
7,87,95,33,99,88
7,87,103,36,97,98
7,87,111,35,95,108
7,87,119,34,93,119
7,87,127,34,91,130
7,87,135,34,88,143
7,87,143,35,86,156
7,87,151,35,84,171
7,87,159,36,82,185
7,87,167,37,80,199
7,87,175,40,79,211
7,87,183,42,78,221
7,87,191,45,77,229
7,87,199,48,77,235
7,87,207,50,76,240
7,87,215,53,76,244
7,87,223,55,76,247
7,87,231,56,75,250
7,87,239,58,75,252
7,87,247,58,74,253
7,87,255,59,73,254
7,95,0,29,143,11
7,95,7,28,141,14
7,95,15,29,138,18
7,95,23,30,135,23
7,95,31,32,132,29
7,95,39,33,129,35
7,95,47,34,126,41
7,95,55,36,124,48
7,95,63,36,121,54
7,95,71,36,118,61
7,95,79,36,116,69
7,95,87,37,114,78
7,95,95,37,111,86
7,95,103,37,109,95
7,95,111,38,107,105
7,95,119,38,105,115
7,95,127,37,102,126
7,95,135,38,100,137
7,95,143,39,97,151
7,95,151,39,94,164
7,95,159,39,91,179
7,95,167,40,89,193
7,95,175,41,87,206
7,95,183,43,85,218
7,95,191,45,84,227
7,95,199,48,83,234
7,95,207,51,82,240
7,95,215,53,81,244
7,95,223,56,80,248
7,95,231,57,80,250
7,95,239,58,79,252
7,95,247,60,78,253
7,95,255,61,78,254
7,103,0,33,154,12
7,103,7,34,151,16
7,103,15,35,149,21
7,103,23,35,146,25
7,103,31,35,143,30
7,103,39,36,141,36
7,103,47,36,139,41
7,103,55,37,137,47
7,103,63,39,134,54
7,103,71,40,132,61
7,103,79,40,129,68
7,103,87,39,126,76
7,103,95,40,124,84
7,103,103,40,122,93
7,103,111,40,119,102
7,103,119,38,116,111
7,103,127,40,114,121
7,103,135,41,111,133
7,103,143,40,108,145
7,103,151,40,105,159
7,103,159,41,102,173
7,103,167,42,99,187
7,103,175,43,96,201
7,103,183,45,94,213
7,103,191,47,92,224
7,103,199,50,90,232
7,103,207,53,89,238
7,103,215,55,87,243
7,103,223,56,86,247
7,103,231,59,85,250
7,103,239,60,84,252
7,103,247,61,83,253
7,103,255,63,82,254
7,111,0,34,166,13
7,111,7,35,164,16
7,111,15,36,162,20
7,111,23,37,159,25
7,111,31,38,157,30
7,111,39,39,154,36
7,111,47,40,152,41
7,111,55,41,149,47
7,111,63,41,146,53
7,111,71,41,144,59
7,111,79,42,142,66
7,111,87,43,139,74
7,111,95,43,136,82
7,111,103,42,134,90
7,111,111,42,132,99
7,111,119,42,129,108
7,111,127,42,126,118
7,111,135,43,123,128
7,111,143,42,120,140
7,111,151,40,117,153
7,111,159,42,113,167
7,111,167,45,110,181
7,111,175,45,107,195
7,111,183,47,103,208
7,111,191,48,101,220
7,111,199,50,98,229
7,111,207,53,96,237
7,111,215,55,94,243
7,111,223,58,93,247
7,111,231,59,91,250
7,111,239,61,90,252
7,111,247,63,88,253
7,111,255,64,87,254
7,119,0,30,180,14
7,119,7,31,179,17
7,119,15,33,176,20
7,119,23,35,173,25
7,119,31,39,170,30
7,119,39,40,167,35
7,119,47,41,165,41
7,119,55,42,162,46
7,119,63,44,160,52
7,119,71,44,157,58
7,119,79,44,154,64
7,119,87,44,152,72
7,119,95,45,149,79
7,119,103,46,147,88
7,119,111,44,144,96
7,119,119,44,141,105
7,119,127,45,138,114
7,119,135,46,136,124
7,119,143,45,133,135
7,119,151,44,129,147
7,119,159,46,125,160
7,119,167,46,121,175
7,119,175,47,118,189
7,119,183,48,114,203
7,119,191,49,111,215
7,119,199,51,108,226
7,119,207,54,105,234
7,119,215,55,102,241
7,119,223,57,100,247
7,119,231,59,98,250
7,119,239,62,96,253
7,119,247,63,95,254
7,119,255,65,94,254
7,127,0,38,192,16
7,127,7,38,190,19
7,127,15,39,188,23
7,127,23,39,186,26
7,127,31,39,183,30
7,127,39,39,180,35
7,127,47,40,177,40
7,127,55,43,175,46
7,127,63,44,172,51
7,127,71,45,170,57
7,127,79,47,167,63
7,127,87,45,164,70
7,127,95,43,161,76
7,127,103,46,159,84
7,127,111,47,156,93
7,127,119,48,154,101
7,127,127,48,151,110
7,127,135,46,148,120
7,127,143,47,145,130
7,127,151,48,141,141
7,127,159,47,138,154
7,127,167,48,134,167
7,127,175,48,130,182
7,127,183,48,126,196
7,127,191,48,122,210
7,127,199,48,118,222
7,127,207,53,115,231
7,127,215,56,112,239
7,127,223,58,109,245
7,127,231,60,107,250
7,127,239,62,104,252
7,127,247,64,102,254
7,127,255,66,101,255
7,135,0,39,204,17
7,135,7,39,203,19
7,135,15,40,201,23
7,135,23,42,199,27
7,135,31,42,196,31
7,135,39,42,193,35
7,135,47,43,190,40
7,135,55,44,188,45
7,135,63,43,185,50
7,135,71,45,183,55
7,135,79,46,180,61
7,135,87,48,177,68
7,135,95,48,174,75
7,135,103,49,172,82
7,135,111,47,169,89
7,135,119,48,166,98
7,135,127,49,163,106
7,135,135,50,160,115
7,135,143,48,158,126
7,135,151,47,155,136
7,135,159,49,151,147
7,135,167,50,147,161
7,135,175,49,143,175
7,135,183,49,139,189
7,135,191,51,134,203
7,135,199,52,130,216
7,135,207,55,126,227
7,135,215,56,122,236
7,135,223,59,119,243
7,135,231,60,116,248
7,135,239,62,113,253
7,135,247,64,111,254
7,135,255,66,109,255
7,143,0,40,216,19
7,143,7,41,215,21
7,143,15,41,213,23
7,143,23,41,211,27
7,143,31,42,208,32
7,143,39,43,206,36
7,143,47,44,203,40
7,143,55,45,200,45
7,143,63,46,198,49
7,143,71,47,196,54
7,143,79,45,193,59
7,143,87,45,191,65
7,143,95,48,188,72
7,143,103,49,185,79
7,143,111,50,182,87
7,143,119,50,179,95
7,143,127,49,177,103
7,143,135,49,174,111
7,143,143,51,171,120
7,143,151,51,168,131
7,143,159,49,165,142
7,143,167,50,161,154
7,143,175,50,157,167
7,143,183,50,152,181
7,143,191,51,148,195
7,143,199,54,143,208
7,143,207,55,138,221
7,143,215,57,134,231
7,143,223,59,130,240
7,143,231,60,126,247
7,143,239,63,123,251
7,143,247,64,120,254
7,143,255,66,118,255
7,151,0,44,225,22
7,151,7,45,225,25
7,151,15,45,223,26
7,151,23,44,222,29
7,151,31,44,220,33
7,151,39,45,217,37
7,151,47,45,214,40
7,151,55,45,212,45
7,151,63,46,209,49
7,151,71,47,207,54
7,151,79,48,205,59
7,151,87,48,203,64
7,151,95,49,200,70
7,151,103,49,198,77
7,151,111,50,195,84
7,151,119,51,193,91
7,151,127,52,190,99
7,151,135,52,187,108
7,151,143,50,185,116
7,151,151,52,182,126
7,151,159,52,178,136
7,151,167,53,175,148
7,151,175,51,172,160
7,151,183,50,167,173
7,151,191,53,162,187
7,151,199,53,157,201
7,151,207,55,152,213
7,151,215,57,147,225
7,151,223,59,143,235
7,151,231,60,138,244
7,151,239,62,135,251
7,151,247,64,131,253
7,151,255,67,127,255
7,159,0,46,232,24
7,159,7,47,231,26
7,159,15,47,231,29
7,159,23,48,230,32
7,159,31,49,228,35
7,159,39,49,226,38
7,159,47,49,223,42
7,159,55,48,221,46
7,159,63,48,219,49
7,159,71,48,217,53
7,159,79,48,215,58
7,159,87,50,213,63
7,159,95,51,211,69
7,159,103,52,209,75
7,159,111,52,207,82
7,159,119,51,205,88
7,159,127,51,203,96
7,159,135,53,200,104
7,159,143,54,198,112
7,159,151,53,195,121
7,159,159,52,193,131
7,159,167,54,189,141
7,159,175,54,185,153
7,159,183,53,182,166
7,159,191,52,177,179
7,159,199,54,172,192
7,159,207,56,167,205
7,159,215,56,162,218
7,159,223,59,156,229
7,159,231,62,151,239
7,159,239,63,147,247
7,159,247,66,142,253
7,159,255,67,138,254
7,167,0,48,234,27
7,167,7,48,234,28
7,167,15,48,234,31
7,167,23,49,233,34
7,167,31,50,232,37
7,167,39,50,231,40
7,167,47,51,229,43
7,167,55,52,227,47
7,167,63,52,226,50
7,167,71,52,225,54
7,167,79,51,223,58
7,167,87,50,222,63
7,167,95,51,220,68
7,167,103,52,218,73
7,167,111,53,217,79
7,167,119,54,215,86
7,167,127,54,214,93
7,167,135,53,212,100
7,167,143,53,210,108
7,167,151,55,207,117
7,167,159,55,205,126
7,167,167,53,203,136
7,167,175,54,200,146
7,167,183,55,196,158
7,167,191,56,192,170
7,167,199,54,187,184
7,167,207,55,183,197
7,167,215,57,177,210
7,167,223,59,171,222
7,167,231,61,166,233
7,167,239,64,160,243
7,167,247,66,154,250
7,167,255,68,150,255
7,175,0,50,236,30
7,175,7,50,236,32
7,175,15,50,236,33
7,175,23,50,235,35
7,175,31,51,235,39
7,175,39,52,234,42
7,175,47,52,233,45
7,175,55,52,231,48
7,175,63,53,230,51
7,175,71,53,229,54
7,175,79,54,228,58
7,175,87,55,228,63
7,175,95,53,227,68
7,175,103,53,226,72
7,175,111,53,225,78
7,175,119,54,223,84
7,175,127,55,222,90
7,175,135,56,222,97
7,175,143,54,221,105
7,175,151,54,219,112
7,175,159,56,217,121
7,175,167,56,215,130
7,175,175,57,213,140
7,175,183,56,210,151
7,175,191,56,206,162
7,175,199,58,202,174
7,175,207,58,198,188
7,175,215,57,193,201
7,175,223,59,187,214
7,175,231,63,180,227
7,175,239,64,174,238
7,175,247,67,168,247
7,175,255,70,162,252
7,183,0,53,238,33
7,183,7,53,238,35
7,183,15,53,238,36
7,183,23,53,238,38
7,183,31,53,238,40
7,183,39,53,237,43
7,183,47,54,237,46
7,183,55,53,236,48
7,183,63,53,235,51
7,183,71,54,234,54
7,183,79,54,233,58
7,183,87,55,232,62
7,183,95,55,232,66
7,183,103,57,232,71
7,183,111,56,231,77
7,183,119,55,231,83
7,183,127,55,230,88
7,183,135,56,229,94
7,183,143,57,228,101
7,183,151,56,228,109
7,183,159,56,227,117
7,183,167,57,225,124
7,183,175,58,223,133
7,183,183,59,221,144
7,183,191,58,219,155
7,183,199,58,216,167
7,183,207,59,212,179
7,183,215,59,207,193
7,183,223,60,202,206
7,183,231,61,196,219
7,183,239,64,190,232
7,183,247,68,183,244
7,183,255,70,177,251
7,191,0,56,240,35
7,191,7,56,240,37
7,191,15,57,241,38
7,191,23,57,241,40
7,191,31,57,240,42
7,191,39,56,240,44
7,191,47,56,240,46
7,191,55,55,239,49
7,191,63,55,239,52
7,191,71,55,238,55
7,191,79,55,238,58
7,191,87,55,237,61
7,191,95,56,236,65
7,191,103,56,236,70
7,191,111,58,235,75
7,191,119,58,236,81
7,191,127,58,236,86
7,191,135,58,235,92
7,191,143,58,234,98
7,191,151,59,234,105
7,191,159,60,233,112
7,191,167,58,233,120
7,191,175,58,232,128
7,191,183,59,231,137
7,191,191,60,229,147
7,191,199,61,226,158
7,191,207,60,224,170
7,191,215,60,220,183
7,191,223,62,215,197
7,191,231,64,210,211
7,191,239,65,205,225
7,191,247,67,199,238
7,191,255,71,192,249
7,199,0,57,242,37
7,199,7,57,242,38
7,199,15,57,242,39
7,199,23,58,242,41
7,199,31,59,243,44
7,199,39,59,242,45
7,199,47,59,242,47
7,199,55,59,242,50
7,199,63,59,242,53
7,199,71,58,241,55
7,199,79,58,241,58
7,199,87,57,241,61
7,199,95,57,240,64
7,199,103,57,240,68
7,199,111,58,239,73
7,199,119,58,239,78
7,199,127,60,239,84
7,199,135,60,239,89
7,199,143,57,239,95
7,199,151,59,239,101
7,199,159,60,239,108
7,199,167,61,238,115
7,199,175,62,237,122
7,199,183,59,238,131
7,199,191,61,237,140
7,199,199,62,235,150
7,199,207,63,233,161
7,199,215,63,231,174
7,199,223,63,227,188
7,199,231,64,223,202
7,199,239,66,218,217
7,199,247,69,213,232
7,199,255,71,207,244
7,207,0,58,244,38
7,207,7,58,244,39
7,207,15,58,244,40
7,207,23,58,244,42
7,207,31,59,244,44
7,207,39,60,244,46
7,207,47,60,244,48
7,207,55,60,244,50
7,207,63,61,244,53
7,207,71,61,244,56
7,207,79,61,244,58
7,207,87,60,244,61
7,207,95,60,243,64
7,207,103,59,243,68
7,207,111,59,243,72
7,207,119,59,243,76
7,207,127,60,242,81
7,207,135,61,242,86
7,207,143,61,242,92
7,207,151,62,242,98
7,207,159,62,242,104
7,207,167,61,242,110
7,207,175,62,242,117
7,207,183,63,242,125
7,207,191,64,241,133
7,207,199,63,241,143
7,207,207,63,240,153
7,207,215,64,238,165
7,207,223,65,236,179
7,207,231,66,234,193
7,207,239,66,230,208
7,207,247,69,226,224
7,207,255,71,221,239
7,215,0,60,246,40
7,215,7,60,246,41
7,215,15,60,246,41
7,215,23,60,246,42
7,215,31,60,246,44
7,215,39,60,247,46
7,215,47,61,247,48
7,215,55,61,247,51
7,215,63,61,247,53
7,215,71,62,246,55
7,215,79,62,246,58
7,215,87,62,246,61
7,215,95,63,246,64
7,215,103,62,246,67
7,215,111,61,246,71
7,215,119,61,246,75
7,215,127,61,246,79
7,215,135,61,245,84
7,215,143,62,245,89
7,215,151,62,245,94
7,215,159,63,245,100
7,215,167,64,246,106
7,215,175,64,246,113
7,215,183,63,246,120
7,215,191,64,246,127
7,215,199,65,246,136
7,215,207,66,245,146
7,215,215,66,245,157
7,215,223,66,244,170
7,215,231,67,242,184
7,215,239,69,240,199
7,215,247,70,237,215
7,215,255,72,233,231
7,223,0,61,249,41
7,223,7,61,249,41
7,223,15,62,249,43
7,223,23,62,249,44
7,223,31,62,249,45
7,223,39,62,249,47
7,223,47,62,249,48
7,223,55,62,249,51
7,223,63,63,249,53
7,223,71,63,249,55
7,223,79,63,249,57
7,223,87,63,249,60
7,223,95,63,248,63
7,223,103,64,248,66
7,223,111,64,248,70
7,223,119,65,248,74
7,223,127,64,248,78
7,223,135,64,248,82
7,223,143,63,248,87
7,223,151,63,248,92
7,223,159,63,248,97
7,223,167,64,248,102
7,223,175,65,249,108
7,223,183,66,249,115
7,223,191,65,249,123
7,223,199,65,249,131
7,223,207,66,249,140
7,223,215,67,249,150
7,223,223,68,249,162
7,223,231,68,248,175
7,223,239,69,246,190
7,223,247,71,245,206
7,223,255,73,243,223
7,231,0,62,251,41
7,231,7,62,251,42
7,231,15,63,251,43
7,231,23,63,251,44
7,231,31,64,251,46
7,231,39,64,251,47
7,231,47,64,251,49
7,231,55,64,251,51
7,231,63,64,251,53
7,231,71,64,251,55
7,231,79,64,251,57
7,231,87,64,251,59
7,231,95,64,250,62
7,231,103,64,250,65
7,231,111,64,250,68
7,231,119,64,251,72
7,231,127,65,251,76
7,231,135,66,251,80
7,231,143,66,251,85
7,231,151,66,251,89
7,231,159,65,251,94
7,231,167,65,251,99
7,231,175,65,251,105
7,231,183,66,251,111
7,231,191,66,252,118
7,231,199,67,252,126
7,231,207,67,252,134
7,231,215,67,252,144
7,231,223,68,251,155
7,231,231,70,252,168
7,231,239,71,251,182
7,231,247,72,250,197
7,231,255,73,249,215
7,239,0,63,253,42
7,239,7,63,253,42
7,239,15,63,253,43
7,239,23,63,253,44
7,239,31,64,253,46
7,239,39,65,253,47
7,239,47,65,253,49
7,239,55,65,252,51
7,239,63,65,252,52
7,239,71,65,252,55
7,239,79,65,252,57
7,239,87,65,252,59
7,239,95,66,252,61
7,239,103,65,252,64
7,239,111,65,252,67
7,239,119,65,252,70
7,239,127,65,252,74
7,239,135,66,252,78
7,239,143,66,252,83
7,239,151,67,252,87
7,239,159,67,253,92
7,239,167,67,253,96
7,239,175,66,253,101
7,239,183,66,253,107
7,239,191,67,253,113
7,239,199,67,253,121
7,239,207,68,253,129
7,239,215,68,253,139
7,239,223,68,253,149
7,239,231,69,253,161
7,239,239,71,253,175
7,239,247,73,253,190
7,239,255,74,253,206
7,247,0,64,255,42
7,247,7,64,254,43
7,247,15,64,254,43
7,247,23,64,254,44
7,247,31,64,254,45
7,247,39,65,254,47
7,247,47,65,254,49
7,247,55,66,254,51
7,247,63,66,254,52
7,247,71,66,254,54
7,247,79,66,254,56
7,247,87,66,254,58
7,247,95,66,253,61
7,247,103,66,253,63
7,247,111,66,253,66
7,247,119,66,253,69
7,247,127,66,253,72
7,247,135,66,253,76
7,247,143,66,253,80
7,247,151,67,253,85
7,247,159,67,253,90
7,247,167,68,253,94
7,247,175,68,253,99
7,247,183,68,253,104
7,247,191,67,253,110
7,247,199,68,254,117
7,247,207,68,254,124
7,247,215,69,254,134
7,247,223,70,254,144
7,247,231,70,254,156
7,247,239,71,254,168
7,247,247,73,254,183
7,247,255,75,254,198
7,255,0,64,255,43
7,255,7,65,255,43
7,255,15,65,255,44
7,255,23,65,255,45
7,255,31,65,255,46
7,255,39,65,255,47
7,255,47,66,255,48
7,255,55,66,254,50
7,255,63,66,254,52
7,255,71,66,254,54
7,255,79,67,254,56
7,255,87,67,254,58
7,255,95,67,254,60
7,255,103,67,254,63
7,255,111,67,254,66
7,255,119,67,254,68
7,255,127,67,254,71
7,255,135,67,254,75
7,255,143,67,254,79
7,255,151,68,254,83
7,255,159,68,254,88
7,255,167,69,254,93
7,255,175,69,254,98
7,255,183,70,254,104
7,255,191,70,254,109
7,255,199,70,254,116
7,255,207,70,254,123
7,255,215,71,254,131
7,255,223,72,254,141
7,255,231,73,254,152
7,255,239,74,254,164
7,255,247,75,254,177
7,255,255,76,255,189
15,0,0,11,2,7
15,0,7,10,2,14
15,0,15,10,2,24
15,0,23,10,2,36
15,0,31,10,2,48
15,0,39,9,2,59
15,0,47,8,2,69
15,0,55,8,2,80
15,0,63,7,3,90
15,0,71,7,4,102
15,0,79,6,4,115
15,0,87,6,5,128
15,0,95,5,5,143
15,0,103,5,6,157
15,0,111,5,7,172
15,0,119,4,8,186
15,0,127,6,9,198
15,0,135,6,10,208
15,0,143,8,12,218
15,0,151,11,14,225
15,0,159,14,16,229
15,0,167,17,17,233
15,0,175,20,19,236
15,0,183,23,22,238
15,0,191,25,23,240
15,0,199,26,24,242
15,0,207,27,26,244
15,0,215,29,27,247
15,0,223,30,30,249
15,0,231,31,31,251
15,0,239,32,32,253
15,0,247,32,34,255
15,0,255,33,35,255
15,7,0,11,8,7
15,7,7,11,7,14
15,7,15,11,7,24
15,7,23,11,6,34
15,7,31,10,6,45
15,7,39,10,6,55
15,7,47,9,7,65
15,7,55,9,7,76
15,7,63,9,7,86
15,7,71,8,8,98
15,7,79,8,8,110
15,7,87,8,9,123
15,7,95,7,10,136
15,7,103,6,10,150
15,7,111,7,11,165
15,7,119,7,12,180
15,7,127,8,14,192
15,7,135,10,15,204
15,7,143,10,16,215
15,7,151,13,19,222
15,7,159,17,21,227
15,7,167,19,22,232
15,7,175,22,24,235
15,7,183,24,26,237
15,7,191,27,28,239
15,7,199,29,29,242
15,7,207,29,30,244
15,7,215,30,31,246
15,7,223,32,32,249
15,7,231,34,35,251
15,7,239,34,36,253
15,7,247,34,36,255
15,7,255,35,37,255
15,15,0,12,17,7
15,15,7,12,16,12
15,15,15,12,15,22
15,15,23,11,14,31
15,15,31,11,14,41
15,15,39,11,13,51
15,15,47,11,13,61
15,15,55,11,13,71
15,15,63,11,13,81
15,15,71,10,14,93
15,15,79,10,14,104
15,15,87,9,15,116
15,15,95,10,15,130
15,15,103,10,16,144
15,15,111,9,17,157
15,15,119,10,18,173
15,15,127,11,19,187
15,15,135,13,21,198
15,15,143,14,22,210
15,15,151,16,23,219
15,15,159,19,26,225
15,15,167,23,28,230
15,15,175,25,29,234
15,15,183,27,30,236
15,15,191,29,32,239
15,15,199,32,34,241
15,15,207,32,35,244
15,15,215,33,35,246
15,15,223,34,36,248
15,15,231,35,37,250
15,15,239,37,39,252
15,15,247,37,40,254
15,15,255,37,40,255
15,23,0,13,28,6
15,23,7,13,27,12
15,23,15,13,25,20
15,23,23,13,24,29
15,23,31,13,23,38
15,23,39,13,22,47
15,23,47,13,22,57
15,23,55,13,22,66
15,23,63,13,22,76
15,23,71,13,22,87
15,23,79,13,22,98
15,23,87,13,22,110
15,23,95,12,22,123
15,23,103,12,23,137
15,23,111,12,23,151
15,23,119,13,24,165
15,23,127,14,25,179
15,23,135,15,26,193
15,23,143,17,28,204
15,23,151,19,30,215
15,23,159,21,31,222
15,23,167,25,33,227
15,23,175,29,35,232
15,23,183,31,36,235
15,23,191,31,37,238
15,23,199,33,38,241
15,23,207,35,40,243
15,23,215,37,41,246
15,23,223,37,41,248
15,23,231,38,41,250
15,23,239,39,43,252
15,23,247,40,44,254
15,23,255,40,44,255
15,31,0,14,40,6
15,31,7,15,38,12
15,31,15,16,37,18
15,31,23,15,35,27
15,31,31,15,34,35
15,31,39,15,32,44
15,31,47,15,32,53
15,31,55,15,31,62
15,31,63,16,30,72
15,31,71,15,30,82
15,31,79,16,30,93
15,31,87,15,30,105
15,31,95,15,30,117
15,31,103,14,30,130
15,31,111,15,30,144
15,31,119,14,31,158
15,31,127,17,32,172
15,31,135,18,33,186
15,31,143,20,34,199
15,31,151,22,35,209
15,31,159,25,37,218
15,31,167,29,39,224
15,31,175,30,40,230
15,31,183,33,41,234
15,31,191,36,43,237
15,31,199,36,44,240
15,31,207,38,44,243
15,31,215,39,45,245
15,31,223,41,47,247
15,31,231,41,46,250
15,31,239,42,47,251
15,31,247,43,48,253
15,31,255,44,49,254
15,39,0,18,53,7
15,39,7,19,51,11
15,39,15,18,49,17
15,39,23,17,46,25
15,39,31,17,45,33
15,39,39,18,43,41
15,39,47,17,42,50
15,39,55,18,41,59
15,39,63,18,40,68
15,39,71,19,39,78
15,39,79,18,39,89
15,39,87,18,38,100
15,39,95,18,38,111
15,39,103,19,38,124
15,39,111,19,38,136
15,39,119,19,38,151
15,39,127,20,39,165
15,39,135,21,39,179
15,39,143,23,40,193
15,39,151,26,41,204
15,39,159,28,42,213
15,39,167,31,44,222
15,39,175,33,45,227
15,39,183,35,46,232
15,39,191,37,47,237
15,39,199,38,48,240
15,39,207,41,50,242
15,39,215,42,50,245
15,39,223,43,50,247
15,39,231,44,51,249
15,39,239,46,52,251
15,39,247,46,52,253
15,39,255,47,52,254
15,47,0,20,65,7
15,47,7,20,63,11
15,47,15,20,61,18
15,47,23,20,58,24
15,47,31,21,56,32
15,47,39,20,54,39
15,47,47,20,53,47
15,47,55,21,51,56
15,47,63,20,50,65
15,47,71,21,49,75
15,47,79,21,48,85
15,47,87,20,48,96
15,47,95,22,47,107
15,47,103,22,46,118
15,47,111,22,46,131
15,47,119,23,46,144
15,47,127,23,46,159
15,47,135,23,46,173
15,47,143,25,46,187
15,47,151,25,47,201
15,47,159,28,47,211
15,47,167,32,49,219
15,47,175,35,50,226
15,47,183,36,51,231
15,47,191,39,52,236
15,47,199,40,53,239
15,47,207,42,53,242
15,47,215,45,54,245
15,47,223,47,55,247
15,47,231,47,55,249
15,47,239,48,55,251
15,47,247,50,56,252
15,47,255,51,56,254
15,55,0,24,78,7
15,55,7,24,76,12
15,55,15,23,74,17
15,55,23,22,71,24
15,55,31,22,68,31
15,55,39,23,66,38
15,55,47,24,64,46
15,55,55,23,62,53
15,55,63,23,61,62
15,55,71,25,60,71
15,55,79,24,58,81
15,55,87,26,57,92
15,55,95,25,56,102
15,55,103,25,55,114
15,55,111,24,55,125
15,55,119,25,54,139
15,55,127,26,53,152
15,55,135,25,53,168
15,55,143,26,52,184
15,55,151,27,52,196
15,55,159,30,53,209
15,55,167,33,53,217
15,55,175,36,54,225
15,55,183,40,56,231
15,55,191,41,56,235
15,55,199,43,57,239
15,55,207,46,58,242
15,55,215,47,58,245
15,55,223,48,58,247
15,55,231,50,59,250
15,55,239,51,59,251
15,55,247,52,59,253
15,55,255,53,59,254
15,63,0,25,91,8
15,63,7,25,89,12
15,63,15,25,86,18
15,63,23,26,83,24
15,63,31,27,80,31
15,63,39,26,78,37
15,63,47,25,76,44
15,63,55,27,74,52
15,63,63,28,72,60
15,63,71,26,70,68
15,63,79,28,69,78
15,63,87,27,67,88
15,63,95,26,66,98
15,63,103,27,65,109
15,63,111,28,63,121
15,63,119,28,62,133
15,63,127,28,61,147
15,63,135,29,60,160
15,63,143,29,59,176
15,63,151,31,59,190
15,63,159,33,59,203
15,63,167,35,59,214
15,63,175,39,60,222
15,63,183,41,60,229
15,63,191,44,61,234
15,63,199,46,62,238
15,63,207,47,62,242
15,63,215,49,62,245
15,63,223,51,62,248
15,63,231,52,62,250
15,63,239,53,62,252
15,63,247,54,62,253
15,63,255,55,62,254
15,71,0,28,104,9
15,71,7,27,102,13
15,71,15,27,99,18
15,71,23,27,95,24
15,71,31,27,92,30
15,71,39,28,90,37
15,71,47,30,88,44
15,71,55,30,85,51
15,71,63,30,83,58
15,71,71,31,81,67
15,71,79,32,79,76
15,71,87,29,77,84
15,71,95,31,76,95
15,71,103,32,75,105
15,71,111,32,73,116
15,71,119,32,72,128
15,71,127,31,70,140
15,71,135,31,69,155
15,71,143,31,67,169
15,71,151,30,66,185
15,71,159,29,65,200
15,71,167,35,65,210
15,71,175,39,65,220
15,71,183,41,66,227
15,71,191,43,66,233
15,71,199,45,66,238
15,71,207,49,67,242
15,71,215,51,67,245
15,71,223,52,67,248
15,71,231,53,66,250
15,71,239,55,66,252
15,71,247,56,66,253
15,71,255,57,65,254
15,79,0,31,116,9
15,79,7,31,113,14
15,79,15,32,110,19
15,79,23,32,108,24
15,79,31,31,105,30
15,79,39,31,102,36
15,79,47,31,100,43
15,79,55,33,98,50
15,79,63,34,95,58
15,79,71,34,93,65
15,79,79,34,91,74
15,79,87,35,89,83
15,79,95,35,87,92
15,79,103,35,85,102
15,79,111,36,84,112
15,79,119,34,82,123
15,79,127,34,80,136
15,79,135,35,78,148
15,79,143,35,76,163
15,79,151,36,75,177
15,79,159,36,73,192
15,79,167,39,72,205
15,79,175,40,72,216
15,79,183,43,72,225
15,79,191,46,72,231
15,79,199,48,72,236
15,79,207,52,72,240
15,79,215,53,72,244
15,79,223,55,71,247
15,79,231,56,71,250
15,79,239,57,70,252
15,79,247,58,70,253
15,79,255,59,69,254
15,87,0,31,128,10
15,87,7,32,126,14
15,87,15,33,124,19
15,87,23,34,121,25
15,87,31,35,118,31
15,87,39,36,115,37
15,87,47,36,113,43
15,87,55,35,110,49
15,87,63,36,108,56
15,87,71,37,106,64
15,87,79,38,103,72
15,87,87,37,101,81
15,87,95,36,99,89
15,87,103,39,97,99
15,87,111,38,95,109
15,87,119,37,93,119
15,87,127,37,91,130
15,87,135,37,88,143
15,87,143,38,86,156
15,87,151,38,84,171
15,87,159,39,82,185
15,87,167,40,80,198
15,87,175,43,79,211
15,87,183,45,78,220
15,87,191,47,78,229
15,87,199,50,77,235
15,87,207,52,77,240
15,87,215,55,76,244
15,87,223,57,76,247
15,87,231,57,75,250
15,87,239,59,75,252
15,87,247,59,74,253
15,87,255,60,73,254
15,95,0,33,141,12
15,95,7,32,139,15
15,95,15,33,137,19
15,95,23,34,134,24
15,95,31,36,131,30
15,95,39,37,128,36
15,95,47,38,126,43
15,95,55,40,124,49
15,95,63,40,121,56
15,95,71,39,118,63
15,95,79,39,116,70
15,95,87,41,114,79
15,95,95,40,111,88
15,95,103,40,109,96
15,95,111,41,107,105
15,95,119,41,105,116
15,95,127,40,102,126
15,95,135,41,99,137
15,95,143,41,97,151
15,95,151,41,94,164
15,95,159,42,92,179
15,95,167,43,89,193
15,95,175,43,87,206
15,95,183,46,86,218
15,95,191,47,84,226
15,95,199,50,83,234
15,95,207,53,82,239
15,95,215,55,81,244
15,95,223,57,81,248
15,95,231,58,80,250
15,95,239,59,79,252
15,95,247,61,79,253
15,95,255,62,78,254
15,103,0,37,152,13
15,103,7,38,150,17
15,103,15,40,147,22
15,103,23,40,145,26
15,103,31,39,142,31
15,103,39,39,140,37
15,103,47,40,138,42
15,103,55,41,136,48
15,103,63,42,134,55
15,103,71,44,132,62
15,103,79,44,129,69
15,103,87,42,126,77
15,103,95,43,124,85
15,103,103,43,122,94
15,103,111,43,119,103
15,103,119,41,116,112
15,103,127,43,114,122
15,103,135,44,111,133
15,103,143,43,108,145
15,103,151,43,105,159
15,103,159,43,102,173
15,103,167,44,99,187
15,103,175,46,96,201
15,103,183,47,94,213
15,103,191,50,92,224
15,103,199,52,90,231
15,103,207,55,89,238
15,103,215,57,87,243
15,103,223,58,86,247
15,103,231,60,85,250
15,103,239,61,84,252
15,103,247,62,83,253
15,103,255,64,82,254
15,111,0,37,165,14
15,111,7,38,163,17
15,111,15,39,161,21
15,111,23,41,158,27
15,111,31,42,156,32
15,111,39,43,153,37
15,111,47,44,151,43
15,111,55,44,148,48
15,111,63,44,146,54
15,111,71,44,144,60
15,111,79,46,142,68
15,111,87,47,139,75
15,111,95,46,136,83
15,111,103,45,134,91
15,111,111,45,131,100
15,111,119,45,129,109
15,111,127,45,126,118
15,111,135,45,123,128
15,111,143,45,120,140
15,111,151,42,117,153
15,111,159,44,113,167
15,111,167,47,110,181
15,111,175,47,107,195
15,111,183,49,104,208
15,111,191,50,101,220
15,111,199,53,99,229
15,111,207,55,96,237
15,111,215,57,94,243
15,111,223,60,93,247
15,111,231,61,91,250
15,111,239,62,90,252
15,111,247,64,89,253
15,111,255,65,87,254
15,119,0,33,179,15
15,119,7,34,177,18
15,119,15,36,175,21
15,119,23,39,172,25
15,119,31,42,169,31
15,119,39,43,166,36
15,119,47,44,164,42
15,119,55,46,162,47
15,119,63,48,159,53
15,119,71,47,156,59
15,119,79,46,154,65
15,119,87,47,151,73
15,119,95,48,149,81
15,119,103,49,147,89
15,119,111,47,144,97
15,119,119,47,141,105
15,119,127,47,138,114
15,119,135,49,135,124
15,119,143,48,133,136
15,119,151,47,129,148
15,119,159,48,125,160
15,119,167,48,122,175
15,119,175,49,118,189
15,119,183,50,114,203
15,119,191,51,111,215
15,119,199,53,108,226
15,119,207,56,105,234
15,119,215,57,103,241
15,119,223,59,100,246
15,119,231,61,98,250
15,119,239,63,97,252
15,119,247,64,95,254
15,119,255,66,94,254
15,127,0,41,190,17
15,127,7,42,189,20
15,127,15,43,187,24
15,127,23,42,185,27
15,127,31,42,182,31
15,127,39,42,179,36
15,127,47,43,176,41
15,127,55,45,174,47
15,127,63,47,171,52
15,127,71,48,169,58
15,127,79,50,167,64
15,127,87,48,164,71
15,127,95,45,161,77
15,127,103,49,159,85
15,127,111,50,156,94
15,127,119,51,153,102
15,127,127,50,151,111
15,127,135,49,148,120
15,127,143,50,145,130
15,127,151,51,141,142
15,127,159,49,138,155
15,127,167,50,134,167
15,127,175,51,130,182
15,127,183,50,126,197
15,127,191,50,122,210
15,127,199,50,118,222
15,127,207,55,115,231
15,127,215,58,112,239
15,127,223,60,109,245
15,127,231,61,107,250
15,127,239,64,104,252
15,127,247,65,102,254
15,127,255,67,101,255
15,135,0,42,203,17
15,135,7,43,201,20
15,135,15,44,200,24
15,135,23,45,197,28
15,135,31,46,195,32
15,135,39,46,192,37
15,135,47,47,189,42
15,135,55,47,187,46
15,135,63,46,185,50
15,135,71,47,182,56
15,135,79,49,179,63
15,135,87,50,177,69
15,135,95,51,174,76
15,135,103,52,171,83
15,135,111,50,169,90
15,135,119,50,166,99
15,135,127,52,163,107
15,135,135,53,160,116
15,135,143,51,157,126
15,135,151,50,154,137
15,135,159,52,151,148
15,135,167,52,147,161
15,135,175,51,143,175
15,135,183,51,139,189
15,135,191,53,134,203
15,135,199,54,130,216
15,135,207,57,126,227
15,135,215,58,122,236
15,135,223,60,119,243
15,135,231,62,116,248
15,135,239,63,113,252
15,135,247,65,111,254
15,135,255,67,109,255
15,143,0,43,215,19
15,143,7,43,213,21
15,143,15,44,212,24
15,143,23,44,210,28
15,143,31,45,207,33
15,143,39,46,205,37
15,143,47,47,202,41
15,143,55,48,199,46
15,143,63,49,197,50
15,143,71,50,195,55
15,143,79,47,193,60
15,143,87,48,190,66
15,143,95,51,187,73
15,143,103,52,184,80
15,143,111,53,182,88
15,143,119,53,179,96
15,143,127,51,176,104
15,143,135,52,174,112
15,143,143,54,171,121
15,143,151,53,168,132
15,143,159,51,164,143
15,143,167,52,161,154
15,143,175,52,157,168
15,143,183,52,152,182
15,143,191,53,148,195
15,143,199,56,143,209
15,143,207,57,138,221
15,143,215,59,134,231
15,143,223,61,130,240
15,143,231,62,126,247
15,143,239,64,123,251
15,143,247,65,120,254
15,143,255,68,118,255
15,151,0,46,224,22
15,151,7,47,224,25
15,151,15,47,222,27
15,151,23,47,221,30
15,151,31,47,219,33
15,151,39,47,216,38
15,151,47,47,213,41
15,151,55,48,211,46
15,151,63,49,208,50
15,151,71,50,206,55
15,151,79,51,204,60
15,151,87,51,202,65
15,151,95,52,200,71
15,151,103,52,197,78
15,151,111,52,195,85
15,151,119,54,192,92
15,151,127,55,189,100
15,151,135,54,187,109
15,151,143,53,185,117
15,151,151,54,182,126
15,151,159,55,178,137
15,151,167,55,174,148
15,151,175,53,171,160
15,151,183,52,167,174
15,151,191,55,162,187
15,151,199,55,157,201
15,151,207,57,152,214
15,151,215,59,147,226
15,151,223,60,142,235
15,151,231,62,138,244
15,151,239,63,134,251
15,151,247,65,131,253
15,151,255,68,127,255
15,159,0,49,231,24
15,159,7,50,231,27
15,159,15,50,230,30
15,159,23,51,229,33
15,159,31,52,228,36
15,159,39,51,225,39
15,159,47,51,222,43
15,159,55,50,220,46
15,159,63,50,218,50
15,159,71,50,216,54
15,159,79,51,214,59
15,159,87,52,212,64
15,159,95,54,210,70
15,159,103,55,208,76
15,159,111,54,207,82
15,159,119,53,205,89
15,159,127,54,202,97
15,159,135,55,200,105
15,159,143,56,197,113
15,159,151,55,195,122
15,159,159,54,192,131
15,159,167,56,189,142
15,159,175,56,185,154
15,159,183,55,182,166
15,159,191,54,177,179
15,159,199,56,172,192
15,159,207,58,167,206
15,159,215,58,162,218
15,159,223,60,156,229
15,159,231,63,151,239
15,159,239,64,147,247
15,159,247,67,142,253
15,159,255,68,138,254
15,167,0,50,234,27
15,167,7,50,234,29
15,167,15,51,233,31
15,167,23,52,233,34
15,167,31,53,232,38
15,167,39,53,230,41
15,167,47,54,229,44
15,167,55,55,227,48
15,167,63,55,226,51
15,167,71,54,224,55
15,167,79,53,223,59
15,167,87,53,221,64
15,167,95,53,219,69
15,167,103,55,218,74
15,167,111,56,216,80
15,167,119,57,215,87
15,167,127,56,214,94
15,167,135,55,212,101
15,167,143,55,210,109
15,167,151,57,207,117
15,167,159,57,205,127
15,167,167,55,203,136
15,167,175,56,200,147
15,167,183,57,196,159
15,167,191,58,191,171
15,167,199,56,187,184
15,167,207,57,182,197
15,167,215,59,177,210
15,167,223,61,171,222
15,167,231,62,165,233
15,167,239,66,159,243
15,167,247,68,154,250
15,167,255,69,150,255
15,175,0,52,236,30
15,175,7,52,236,32
15,175,15,52,235,33
15,175,23,52,235,36
15,175,31,53,234,39
15,175,39,54,233,43
15,175,47,54,232,45
15,175,55,55,231,48
15,175,63,56,230,52
15,175,71,56,229,55
15,175,79,57,228,59
15,175,87,57,227,64
15,175,95,55,227,68
15,175,103,55,226,73
15,175,111,55,224,79
15,175,119,56,223,85
15,175,127,57,222,91
15,175,135,58,221,98
15,175,143,56,221,105
15,175,151,56,219,113
15,175,159,58,217,121
15,175,167,59,215,131
15,175,175,59,213,141
15,175,183,58,210,151
15,175,191,58,206,163
15,175,199,60,202,175
15,175,207,59,198,189
15,175,215,59,192,202
15,175,223,61,186,214
15,175,231,64,180,227
15,175,239,65,174,238
15,175,247,68,168,247
15,175,255,71,162,252
15,183,0,55,238,34
15,183,7,55,238,35
15,183,15,55,238,36
15,183,23,55,238,38
15,183,31,55,237,40
15,183,39,55,237,43
15,183,47,56,236,47
15,183,55,55,236,49
15,183,63,55,235,52
15,183,71,56,234,55
15,183,79,56,233,58
15,183,87,58,232,62
15,183,95,58,232,67
15,183,103,59,232,72
15,183,111,58,231,78
15,183,119,57,230,83
15,183,127,57,229,89
15,183,135,58,228,95
15,183,143,60,228,102
15,183,151,58,228,110
15,183,159,58,227,117
15,183,167,59,225,125
15,183,175,60,223,134
15,183,183,61,221,144
15,183,191,60,219,155
15,183,199,59,216,167
15,183,207,60,212,179
15,183,215,61,207,193
15,183,223,61,202,206
15,183,231,63,196,219
15,183,239,66,189,232
15,183,247,69,183,244
15,183,255,71,177,251
15,191,0,57,240,36
15,191,7,58,240,37
15,191,15,58,241,39
15,191,23,59,241,41
15,191,31,59,241,42
15,191,39,58,240,44
15,191,47,57,240,47
15,191,55,57,239,50
15,191,63,57,239,52
15,191,71,57,238,55
15,191,79,57,238,58
15,191,87,57,237,62
15,191,95,58,236,66
15,191,103,59,236,71
15,191,111,60,235,76
15,191,119,60,236,82
15,191,127,60,235,87
15,191,135,59,235,93
15,191,143,59,234,99
15,191,151,61,233,105
15,191,159,62,233,113
15,191,167,60,233,121
15,191,175,60,232,128
15,191,183,61,230,137
15,191,191,62,229,147
15,191,199,63,226,158
15,191,207,62,224,171
15,191,215,62,220,184
15,191,223,63,215,197
15,191,231,65,210,211
15,191,239,66,205,225
15,191,247,68,198,238
15,191,255,72,192,250
15,199,0,58,242,37
15,199,7,58,242,38
15,199,15,59,242,39
15,199,23,60,242,41
15,199,31,60,243,44
15,199,39,61,243,46
15,199,47,60,242,48
15,199,55,60,242,50
15,199,63,60,242,53
15,199,71,60,242,56
15,199,79,59,241,59
15,199,87,59,241,62
15,199,95,59,240,65
15,199,103,59,240,69
15,199,111,59,239,74
15,199,119,60,239,79
15,199,127,62,239,85
15,199,135,62,239,90
15,199,143,59,239,96
15,199,151,60,239,102
15,199,159,62,239,108
15,199,167,63,238,115
15,199,175,64,237,123
15,199,183,61,238,132
15,199,191,62,236,140
15,199,199,63,235,150
15,199,207,65,233,161
15,199,215,65,230,175
15,199,223,64,227,188
15,199,231,65,223,202
15,199,239,67,218,217
15,199,247,70,213,232
15,199,255,72,207,244
15,207,0,59,244,38
15,207,7,59,244,39
15,207,15,59,244,40
15,207,23,60,244,42
15,207,31,60,244,44
15,207,39,61,245,46
15,207,47,62,245,49
15,207,55,62,244,51
15,207,63,62,244,53
15,207,71,63,244,56
15,207,79,62,244,59
15,207,87,62,244,62
15,207,95,61,244,65
15,207,103,61,243,68
15,207,111,60,243,72
15,207,119,61,243,77
15,207,127,61,242,82
15,207,135,63,242,87
15,207,143,63,242,93
15,207,151,64,242,99
15,207,159,63,243,105
15,207,167,63,242,111
15,207,175,63,242,118
15,207,183,64,242,125
15,207,191,66,241,134
15,207,199,65,241,143
15,207,207,65,240,154
15,207,215,66,238,165
15,207,223,66,236,179
15,207,231,67,234,194
15,207,239,68,230,209
15,207,247,70,226,224
15,207,255,73,221,239
15,215,0,61,246,40
15,215,7,61,246,41
15,215,15,61,246,42
15,215,23,61,246,43
15,215,31,61,247,44
15,215,39,61,247,46
15,215,47,62,247,49
15,215,55,62,247,51
15,215,63,63,247,53
15,215,71,63,247,56
15,215,79,63,246,59
15,215,87,64,246,61
15,215,95,64,246,65
15,215,103,64,246,68
15,215,111,63,246,71
15,215,119,63,246,76
15,215,127,63,246,80
15,215,135,63,245,85
15,215,143,64,245,90
15,215,151,64,245,95
15,215,159,65,246,101
15,215,167,66,246,107
15,215,175,65,246,113
15,215,183,64,246,120
15,215,191,65,246,128
15,215,199,66,246,137
15,215,207,67,245,146
15,215,215,67,245,158
15,215,223,67,243,170
15,215,231,69,242,184
15,215,239,70,240,200
15,215,247,71,237,215
15,215,255,73,233,231
15,223,0,62,249,41
15,223,7,62,249,42
15,223,15,62,249,43
15,223,23,63,249,44
15,223,31,63,249,45
15,223,39,63,249,47
15,223,47,63,249,49
15,223,55,64,249,51
15,223,63,64,249,53
15,223,71,64,249,55
15,223,79,64,249,58
15,223,87,64,249,61
15,223,95,64,249,63
15,223,103,65,249,67
15,223,111,65,249,70
15,223,119,66,249,74
15,223,127,66,249,79
15,223,135,65,248,83
15,223,143,65,248,88
15,223,151,65,248,92
15,223,159,65,248,97
15,223,167,66,249,103
15,223,175,67,249,109
15,223,183,67,249,116
15,223,191,66,249,123
15,223,199,66,249,131
15,223,207,67,249,140
15,223,215,69,249,150
15,223,223,69,249,163
15,223,231,69,248,176
15,223,239,71,246,191
15,223,247,72,245,207
15,223,255,74,243,223
15,231,0,63,251,41
15,231,7,63,251,42
15,231,15,64,251,43
15,231,23,64,251,44
15,231,31,65,251,46
15,231,39,65,251,48
15,231,47,65,251,49
15,231,55,65,251,51
15,231,63,66,251,53
15,231,71,65,251,55
15,231,79,65,251,57
15,231,87,65,251,60
15,231,95,65,251,63
15,231,103,65,251,65
15,231,111,65,251,69
15,231,119,66,251,72
15,231,127,66,251,76
15,231,135,67,251,81
15,231,143,68,251,86
15,231,151,67,251,90
15,231,159,66,251,95
15,231,167,66,251,100
15,231,175,66,251,105
15,231,183,67,251,111
15,231,191,68,252,118
15,231,199,68,252,127
15,231,207,68,252,135
15,231,215,68,252,145
15,231,223,70,252,156
15,231,231,71,252,169
15,231,239,72,251,183
15,231,247,73,250,198
15,231,255,74,249,215
15,239,0,64,253,42
15,239,7,64,253,42
15,239,15,64,253,43
15,239,23,64,253,44
15,239,31,65,253,46
15,239,39,66,253,48
15,239,47,66,253,50
15,239,55,66,253,51
15,239,63,66,252,53
15,239,71,67,252,55
15,239,79,67,252,57
15,239,87,67,252,59
15,239,95,67,252,62
15,239,103,66,252,64
15,239,111,66,252,67
15,239,119,66,252,71
15,239,127,66,252,74
15,239,135,67,252,79
15,239,143,67,252,83
15,239,151,68,253,88
15,239,159,68,253,92
15,239,167,68,253,97
15,239,175,68,253,102
15,239,183,67,253,108
15,239,191,68,253,114
15,239,199,69,253,121
15,239,207,69,253,130
15,239,215,69,253,139
15,239,223,70,253,150
15,239,231,71,253,162
15,239,239,72,253,176
15,239,247,74,253,191
15,239,255,75,253,206
15,247,0,64,255,43
15,247,7,64,254,43
15,247,15,65,254,44
15,247,23,65,254,44
15,247,31,65,254,46
15,247,39,65,254,47
15,247,47,66,254,49
15,247,55,67,254,51
15,247,63,67,254,53
15,247,71,67,254,55
15,247,79,67,254,57
15,247,87,67,254,59
15,247,95,67,253,61
15,247,103,67,253,64
15,247,111,67,253,66
15,247,119,67,253,69
15,247,127,67,253,73
15,247,135,67,253,76
15,247,143,67,253,81
15,247,151,68,254,85
15,247,159,68,254,90
15,247,167,69,253,95
15,247,175,69,253,100
15,247,183,69,253,105
15,247,191,68,254,111
15,247,199,69,254,117
15,247,207,69,254,125
15,247,215,70,254,134
15,247,223,71,254,145
15,247,231,71,254,156
15,247,239,72,254,169
15,247,247,74,254,183
15,247,255,76,255,198
15,255,0,65,255,43
15,255,7,65,255,43
15,255,15,66,255,44
15,255,23,66,255,45
15,255,31,66,255,46
15,255,39,66,255,47
15,255,47,66,255,48
15,255,55,67,254,50
15,255,63,67,254,52
15,255,71,67,254,54
15,255,79,67,254,56
15,255,87,68,254,59
15,255,95,68,254,61
15,255,103,68,254,63
15,255,111,68,254,66
15,255,119,68,254,69
15,255,127,68,254,72
15,255,135,68,254,75
15,255,143,68,254,79
15,255,151,69,254,84
15,255,159,69,254,89
15,255,167,70,254,94
15,255,175,70,254,99
15,255,183,71,254,104
15,255,191,71,254,110
15,255,199,71,254,116
15,255,207,71,254,123
15,255,215,72,254,132
15,255,223,73,254,142
15,255,231,74,254,153
15,255,239,75,254,165
15,255,247,75,254,177
15,255,255,77,255,190
23,0,0,17,2,9
23,0,7,17,2,17
23,0,15,17,2,26
23,0,23,17,2,37
23,0,31,16,2,49
23,0,39,16,1,59
23,0,47,15,2,70
23,0,55,14,2,81
23,0,63,13,3,92
23,0,71,12,3,103
23,0,79,11,3,115
23,0,87,10,4,129
23,0,95,9,5,143
23,0,103,8,5,158
23,0,111,8,7,172
23,0,119,7,8,186
23,0,127,8,9,198
23,0,135,9,10,209
23,0,143,11,11,219
23,0,151,13,14,225
23,0,159,16,16,229
23,0,167,19,17,233
23,0,175,22,19,236
23,0,183,24,22,237
23,0,191,26,23,239
23,0,199,27,24,242
23,0,207,28,25,244
23,0,215,30,27,246
23,0,223,32,30,249
23,0,231,32,31,251
23,0,239,33,32,253
23,0,247,33,34,255
23,0,255,34,35,255
23,7,0,18,7,8
23,7,7,18,6,15
23,7,15,18,6,25
23,7,23,18,6,35
23,7,31,17,6,46
23,7,39,17,6,56
23,7,47,17,6,66
23,7,55,16,7,77
23,7,63,15,7,87
23,7,71,14,7,99
23,7,79,13,8,111
23,7,87,12,8,123
23,7,95,11,9,137
23,7,103,10,10,151
23,7,111,10,11,166
23,7,119,10,12,180
23,7,127,11,13,193
23,7,135,12,15,204
23,7,143,13,16,215
23,7,151,16,18,223
23,7,159,19,21,227
23,7,167,22,22,232
23,7,175,24,23,235
23,7,183,26,25,237
23,7,191,29,28,239
23,7,199,30,29,241
23,7,207,31,29,244
23,7,215,31,31,246
23,7,223,33,32,248
23,7,231,35,35,251
23,7,239,35,35,253
23,7,247,35,36,255
23,7,255,35,37,255
23,15,0,19,15,8
23,15,7,19,14,14
23,15,15,19,14,23
23,15,23,19,13,32
23,15,31,19,13,42
23,15,39,19,13,52
23,15,47,18,13,62
23,15,55,18,13,72
23,15,63,18,13,83
23,15,71,16,13,94
23,15,79,16,14,105
23,15,87,14,14,117
23,15,95,14,15,130
23,15,103,14,16,144
23,15,111,13,17,158
23,15,119,13,17,173
23,15,127,14,19,187
23,15,135,16,21,198
23,15,143,17,22,210
23,15,151,18,23,219
23,15,159,22,25,225
23,15,167,25,28,229
23,15,175,27,28,233
23,15,183,29,30,236
23,15,191,31,32,239
23,15,199,33,34,241
23,15,207,34,34,243
23,15,215,34,35,246
23,15,223,35,36,248
23,15,231,36,37,250
23,15,239,38,39,252
23,15,247,37,40,254
23,15,255,38,40,255
23,23,0,20,26,8
23,23,7,20,25,13
23,23,15,21,24,21
23,23,23,21,23,30
23,23,31,21,22,39
23,23,39,20,22,48
23,23,47,21,21,57
23,23,55,20,21,67
23,23,63,19,21,78
23,23,71,19,21,88
23,23,79,18,21,99
23,23,87,18,21,111
23,23,95,17,22,123
23,23,103,17,22,137
23,23,111,16,23,151
23,23,119,17,24,164
23,23,127,17,25,179
23,23,135,18,26,193
23,23,143,21,28,203
23,23,151,22,30,214
23,23,159,24,31,222
23,23,167,27,33,227
23,23,175,31,35,232
23,23,183,32,36,235
23,23,191,33,37,238
23,23,199,35,38,241
23,23,207,37,40,243
23,23,215,38,40,245
23,23,223,38,41,248
23,23,231,39,41,250
23,23,239,40,43,252
23,23,247,41,44,253
23,23,255,41,44,255
23,31,0,22,38,7
23,31,7,22,37,12
23,31,15,23,35,19
23,31,23,23,33,28
23,31,31,23,32,36
23,31,39,22,31,45
23,31,47,23,31,54
23,31,55,22,30,63
23,31,63,22,30,73
23,31,71,22,29,84
23,31,79,22,29,94
23,31,87,21,29,106
23,31,95,20,30,118
23,31,103,19,30,130
23,31,111,20,30,144
23,31,119,19,31,158
23,31,127,21,32,172
23,31,135,22,33,186
23,31,143,23,34,198
23,31,151,25,35,208
23,31,159,29,37,217
23,31,167,31,38,224
23,31,175,33,40,229
23,31,183,36,41,234
23,31,191,38,43,237
23,31,199,38,43,240
23,31,207,39,44,243
23,31,215,41,45,245
23,31,223,42,47,247
23,31,231,42,46,249
23,31,239,43,47,251
23,31,247,44,48,253
23,31,255,45,49,254
23,39,0,25,50,8
23,39,7,25,48,12
23,39,15,25,47,18
23,39,23,25,45,26
23,39,31,25,43,34
23,39,39,25,42,42
23,39,47,25,41,51
23,39,55,25,40,60
23,39,63,25,39,69
23,39,71,25,39,79
23,39,79,24,38,90
23,39,87,24,38,101
23,39,95,24,38,112
23,39,103,24,38,125
23,39,111,24,38,137
23,39,119,24,38,151
23,39,127,24,38,165
23,39,135,25,39,178
23,39,143,26,40,192
23,39,151,29,41,203
23,39,159,31,42,213
23,39,167,33,44,221
23,39,175,36,45,227
23,39,183,37,46,232
23,39,191,39,47,237
23,39,199,41,49,240
23,39,207,43,50,242
23,39,215,43,50,245
23,39,223,44,50,247
23,39,231,46,51,249
23,39,239,47,52,251
23,39,247,47,52,253
23,39,255,47,52,254
23,47,0,28,63,8
23,47,7,28,61,12
23,47,15,28,59,19
23,47,23,28,57,26
23,47,31,27,55,33
23,47,39,27,53,40
23,47,47,28,52,49
23,47,55,27,51,57
23,47,63,27,49,66
23,47,71,28,48,76
23,47,79,28,48,86
23,47,87,27,47,97
23,47,95,27,46,108
23,47,103,27,46,119
23,47,111,27,46,132
23,47,119,27,45,144
23,47,127,27,45,159
23,47,135,27,45,173
23,47,143,28,46,187
23,47,151,28,46,201
23,47,159,31,47,211
23,47,167,35,49,218
23,47,175,38,50,226
23,47,183,39,51,231
23,47,191,41,52,236
23,47,199,43,53,239
23,47,207,44,54,242
23,47,215,47,55,245
23,47,223,48,55,247
23,47,231,48,55,249
23,47,239,49,55,251
23,47,247,51,56,252
23,47,255,51,56,254
23,55,0,30,76,8
23,55,7,30,74,13
23,55,15,30,72,18
23,55,23,29,69,25
23,55,31,30,67,32
23,55,39,31,65,39
23,55,47,30,63,47
23,55,55,30,62,55
23,55,63,31,60,64
23,55,71,30,59,73
23,55,79,30,58,82
23,55,87,31,57,92
23,55,95,30,56,103
23,55,103,30,55,115
23,55,111,29,54,126
23,55,119,30,53,139
23,55,127,30,53,152
23,55,135,29,52,168
23,55,143,30,52,183
23,55,151,31,52,195
23,55,159,33,53,208
23,55,167,36,54,217
23,55,175,39,55,224
23,55,183,43,56,230
23,55,191,43,56,235
23,55,199,46,57,239
23,55,207,49,58,242
23,55,215,48,58,245
23,55,223,50,59,247
23,55,231,52,59,250
23,55,239,52,59,251
23,55,247,53,59,253
23,55,255,54,60,254
23,63,0,33,89,9
23,63,7,33,86,13
23,63,15,34,84,19
23,63,23,33,81,25
23,63,31,33,79,32
23,63,39,32,77,39
23,63,47,32,75,46
23,63,55,34,73,53
23,63,63,34,71,61
23,63,71,32,69,70
23,63,79,34,68,79
23,63,87,32,67,89
23,63,95,33,65,99
23,63,103,32,64,110
23,63,111,33,63,122
23,63,119,33,62,133
23,63,127,32,61,147
23,63,135,34,60,160
23,63,143,33,59,175
23,63,151,35,59,189
23,63,159,36,59,202
23,63,167,38,59,213
23,63,175,42,60,221
23,63,183,43,60,229
23,63,191,47,61,234
23,63,199,48,62,238
23,63,207,49,62,242
23,63,215,51,63,245
23,63,223,53,63,248
23,63,231,53,63,250
23,63,239,54,63,252
23,63,247,56,63,253
23,63,255,56,63,254
23,71,0,34,102,10
23,71,7,34,99,14
23,71,15,34,97,19
23,71,23,34,94,25
23,71,31,35,91,32
23,71,39,36,89,38
23,71,47,37,87,45
23,71,55,35,85,52
23,71,63,35,83,60
23,71,71,37,81,68
23,71,79,37,79,77
23,71,87,35,77,86
23,71,95,37,76,96
23,71,103,36,74,106
23,71,111,37,73,117
23,71,119,36,71,129
23,71,127,36,70,140
23,71,135,35,69,155
23,71,143,35,67,169
23,71,151,34,66,184
23,71,159,34,65,199
23,71,167,39,65,209
23,71,175,42,66,219
23,71,183,44,66,227
23,71,191,45,66,232
23,71,199,48,67,238
23,71,207,51,67,242
23,71,215,53,67,245
23,71,223,54,67,248
23,71,231,55,67,250
23,71,239,57,67,252
23,71,247,57,66,253
23,71,255,58,66,254
23,79,0,37,114,11
23,79,7,38,111,15
23,79,15,38,109,21
23,79,23,37,106,26
23,79,31,37,104,32
23,79,39,37,101,38
23,79,47,37,99,44
23,79,55,39,97,52
23,79,63,41,95,59
23,79,71,39,93,66
23,79,79,39,91,75
23,79,87,41,89,84
23,79,95,39,87,93
23,79,103,39,85,103
23,79,111,40,83,113
23,79,119,39,82,124
23,79,127,39,80,136
23,79,135,39,78,148
23,79,143,38,76,162
23,79,151,40,75,177
23,79,159,39,73,191
23,79,167,42,72,204
23,79,175,43,72,215
23,79,183,46,72,224
23,79,191,48,72,231
23,79,199,50,72,236
23,79,207,54,72,240
23,79,215,55,72,244
23,79,223,56,72,248
23,79,231,57,71,250
23,79,239,58,71,252
23,79,247,59,70,253
23,79,255,60,69,254
23,87,0,37,126,12
23,87,7,38,124,16
23,87,15,39,122,20
23,87,23,40,119,27
23,87,31,41,117,32
23,87,39,42,114,39
23,87,47,41,112,44
23,87,55,40,110,51
23,87,63,41,107,58
23,87,71,42,105,66
23,87,79,44,103,74
23,87,87,41,101,82
23,87,95,41,99,91
23,87,103,44,97,100
23,87,111,42,95,110
23,87,119,42,93,120
23,87,127,41,91,131
23,87,135,41,88,143
23,87,143,42,86,156
23,87,151,41,84,171
23,87,159,43,82,185
23,87,167,43,80,198
23,87,175,46,79,211
23,87,183,48,78,220
23,87,191,50,78,229
23,87,199,53,78,234
23,87,207,54,77,240
23,87,215,57,77,244
23,87,223,58,76,247
23,87,231,59,76,250
23,87,239,60,75,252
23,87,247,61,74,253
23,87,255,61,73,254
23,95,0,38,139,13
23,95,7,38,137,17
23,95,15,39,135,21
23,95,23,40,132,26
23,95,31,41,130,32
23,95,39,42,127,38
23,95,47,44,125,44
23,95,55,46,123,51
23,95,63,45,120,57
23,95,71,44,118,64
23,95,79,44,115,72
23,95,87,46,114,80
23,95,95,45,111,89
23,95,103,44,109,97
23,95,111,46,107,106
23,95,119,45,104,116
23,95,127,44,102,127
23,95,135,45,99,138
23,95,143,44,97,151
23,95,151,45,94,164
23,95,159,45,92,179
23,95,167,46,89,193
23,95,175,46,87,206
23,95,183,49,86,218
23,95,191,50,85,226
23,95,199,53,84,234
23,95,207,55,83,239
23,95,215,57,82,244
23,95,223,59,81,248
23,95,231,60,80,250
23,95,239,61,80,252
23,95,247,62,79,253
23,95,255,63,78,254
23,103,0,43,151,14
23,103,7,44,148,18
23,103,15,45,146,23
23,103,23,44,144,27
23,103,31,43,141,32
23,103,39,43,139,38
23,103,47,44,138,44
23,103,55,45,136,50
23,103,63,47,133,56
23,103,71,49,131,64
23,103,79,48,128,71
23,103,87,46,126,78
23,103,95,47,124,86
23,103,103,48,121,95
23,103,111,47,119,104
23,103,119,45,116,112
23,103,127,47,114,123
23,103,135,47,111,134
23,103,143,47,108,145
23,103,151,47,105,159
23,103,159,47,102,173
23,103,167,47,99,187
23,103,175,49,97,201
23,103,183,50,94,213
23,103,191,53,92,223
23,103,199,54,91,231
23,103,207,57,89,238
23,103,215,59,88,243
23,103,223,60,86,247
23,103,231,62,85,250
23,103,239,63,84,252
23,103,247,64,83,253
23,103,255,65,83,254
23,111,0,42,163,15
23,111,7,43,161,19
23,111,15,44,159,23
23,111,23,46,156,28
23,111,31,47,154,33
23,111,39,49,152,39
23,111,47,49,150,44
23,111,55,48,148,49
23,111,63,48,145,55
23,111,71,48,143,62
23,111,79,50,141,69
23,111,87,51,139,77
23,111,95,50,136,84
23,111,103,48,133,92
23,111,111,49,131,101
23,111,119,49,129,110
23,111,127,48,126,119
23,111,135,49,123,129
23,111,143,49,120,141
23,111,151,46,117,153
23,111,159,47,113,167
23,111,167,50,110,181
23,111,175,50,107,195
23,111,183,52,104,208
23,111,191,53,101,220
23,111,199,55,99,229
23,111,207,57,97,236
23,111,215,59,95,243
23,111,223,62,93,247
23,111,231,62,91,250
23,111,239,64,90,252
23,111,247,65,89,253
23,111,255,66,88,254
23,119,0,38,177,16
23,119,7,39,175,19
23,119,15,41,173,22
23,119,23,43,170,27
23,119,31,46,167,33
23,119,39,47,165,38
23,119,47,49,163,43
23,119,55,51,161,49
23,119,63,53,158,55
23,119,71,51,155,60
23,119,79,50,153,67
23,119,87,51,151,74
23,119,95,52,148,82
23,119,103,53,146,91
23,119,111,51,143,98
23,119,119,51,141,106
23,119,127,51,138,115
23,119,135,53,135,125
23,119,143,51,132,136
23,119,151,50,129,148
23,119,159,52,125,160
23,119,167,51,122,175
23,119,175,53,118,189
23,119,183,52,114,203
23,119,191,54,111,215
23,119,199,56,108,225
23,119,207,59,105,234
23,119,215,59,103,241
23,119,223,61,101,246
23,119,231,63,99,250
23,119,239,65,97,252
23,119,247,66,95,254
23,119,255,67,94,254
23,127,0,45,188,18
23,127,7,46,187,21
23,127,15,46,185,25
23,127,23,46,183,28
23,127,31,46,180,32
23,127,39,46,177,37
23,127,47,47,175,42
23,127,55,49,173,48
23,127,63,51,170,54
23,127,71,53,168,60
23,127,79,54,166,66
23,127,87,52,163,72
23,127,95,49,160,79
23,127,103,52,158,87
23,127,111,54,155,95
23,127,119,56,153,104
23,127,127,53,150,112
23,127,135,52,147,121
23,127,143,54,145,131
23,127,151,54,141,143
23,127,159,52,138,155
23,127,167,54,134,168
23,127,175,54,130,183
23,127,183,53,126,197
23,127,191,52,122,211
23,127,199,53,118,222
23,127,207,57,115,231
23,127,215,60,112,239
23,127,223,62,109,244
23,127,231,63,107,249
23,127,239,65,105,252
23,127,247,67,103,254
23,127,255,69,101,255
23,135,0,46,201,18
23,135,7,47,199,21
23,135,15,48,198,25
23,135,23,50,195,30
23,135,31,51,193,34
23,135,39,51,190,38
23,135,47,51,187,43
23,135,55,50,185,47
23,135,63,49,183,52
23,135,71,51,181,58
23,135,79,53,178,64
23,135,87,54,176,70
23,135,95,56,173,77
23,135,103,56,170,85
23,135,111,53,168,92
23,135,119,54,165,100
23,135,127,56,163,108
23,135,135,57,160,117
23,135,143,54,157,127
23,135,151,54,154,137
23,135,159,55,150,148
23,135,167,55,147,162
23,135,175,54,143,175
23,135,183,54,139,190
23,135,191,55,134,203
23,135,199,56,130,216
23,135,207,60,126,226
23,135,215,60,122,236
23,135,223,63,119,243
23,135,231,64,116,248
23,135,239,65,113,252
23,135,247,67,111,254
23,135,255,69,109,255
23,143,0,47,213,20
23,143,7,47,212,22
23,143,15,47,210,25
23,143,23,48,208,29
23,143,31,49,205,34
23,143,39,50,203,38
23,143,47,52,200,43
23,143,55,53,197,47
23,143,63,54,195,52
23,143,71,54,193,57
23,143,79,51,192,62
23,143,87,51,189,68
23,143,95,54,186,75
23,143,103,56,184,82
23,143,111,57,181,89
23,143,119,56,178,97
23,143,127,54,176,105
23,143,135,55,173,113
23,143,143,58,170,122
23,143,151,57,167,133
23,143,159,55,164,143
23,143,167,56,161,155
23,143,175,56,156,168
23,143,183,55,152,182
23,143,191,56,147,196
23,143,199,59,142,209
23,143,207,59,138,221
23,143,215,61,134,231
23,143,223,63,130,240
23,143,231,64,126,247
23,143,239,66,123,251
23,143,247,67,120,254
23,143,255,69,118,255
23,151,0,49,223,23
23,151,7,50,222,26
23,151,15,50,221,28
23,151,23,50,219,30
23,151,31,50,217,34
23,151,39,51,214,39
23,151,47,51,212,43
23,151,55,52,209,47
23,151,63,53,207,51
23,151,71,55,205,56
23,151,79,56,203,61
23,151,87,56,201,67
23,151,95,55,199,72
23,151,103,55,197,79
23,151,111,56,194,86
23,151,119,57,192,94
23,151,127,59,189,102
23,151,135,57,187,110
23,151,143,56,184,118
23,151,151,57,181,127
23,151,159,58,178,138
23,151,167,57,174,149
23,151,175,56,171,161
23,151,183,56,166,174
23,151,191,58,161,188
23,151,199,57,157,201
23,151,207,60,152,214
23,151,215,61,147,226
23,151,223,62,142,235
23,151,231,64,138,244
23,151,239,65,134,251
23,151,247,67,131,253
23,151,255,69,127,255
23,159,0,53,230,25
23,159,7,54,230,27
23,159,15,54,229,31
23,159,23,55,228,34
23,159,31,54,226,37
23,159,39,54,224,40
23,159,47,54,221,44
23,159,55,53,219,47
23,159,63,53,217,51
23,159,71,54,215,56
23,159,79,55,213,60
23,159,87,56,211,66
23,159,95,58,209,71
23,159,103,59,208,78
23,159,111,57,206,84
23,159,119,56,204,91
23,159,127,57,202,98
23,159,135,59,199,106
23,159,143,60,197,114
23,159,151,58,195,123
23,159,159,58,192,132
23,159,167,59,189,143
23,159,175,59,185,155
23,159,183,57,182,167
23,159,191,57,177,180
23,159,199,59,172,192
23,159,207,60,166,206
23,159,215,61,161,218
23,159,223,63,156,229
23,159,231,65,151,239
23,159,239,66,146,247
23,159,247,69,142,253
23,159,255,70,138,254
23,167,0,53,233,27
23,167,7,53,233,29
23,167,15,54,233,32
23,167,23,55,232,35
23,167,31,57,231,39
23,167,39,57,230,42
23,167,47,58,228,45
23,167,55,59,226,49
23,167,63,58,225,52
23,167,71,56,223,56
23,167,79,56,222,60
23,167,87,56,221,65
23,167,95,56,219,70
23,167,103,58,217,76
23,167,111,59,216,82
23,167,119,61,214,89
23,167,127,58,213,95
23,167,135,58,211,102
23,167,143,58,209,110
23,167,151,61,207,118
23,167,159,60,205,128
23,167,167,58,203,137
23,167,175,59,199,147
23,167,183,60,195,159
23,167,191,61,191,171
23,167,199,59,187,185
23,167,207,60,182,197
23,167,215,62,176,211
23,167,223,63,171,223
23,167,231,65,165,234
23,167,239,68,159,243
23,167,247,69,154,250
23,167,255,71,149,255
23,175,0,54,236,31
23,175,7,54,235,32
23,175,15,55,235,34
23,175,23,55,234,36
23,175,31,56,234,40
23,175,39,57,233,44
23,175,47,58,232,46
23,175,55,58,231,50
23,175,63,59,229,53
23,175,71,60,229,56
23,175,79,61,228,60
23,175,87,59,227,65
23,175,95,58,226,70
23,175,103,58,225,75
23,175,111,58,224,80
23,175,119,60,223,86
23,175,127,61,222,93
23,175,135,62,221,100
23,175,143,59,220,107
23,175,151,59,218,114
23,175,159,61,216,122
23,175,167,62,214,132
23,175,175,62,212,141
23,175,183,60,210,152
23,175,191,61,206,164
23,175,199,62,202,175
23,175,207,61,197,189
23,175,215,61,192,202
23,175,223,63,186,215
23,175,231,67,180,227
23,175,239,67,174,239
23,175,247,70,168,247
23,175,255,73,162,252
23,183,0,57,238,34
23,183,7,57,238,36
23,183,15,57,238,37
23,183,23,57,238,39
23,183,31,57,237,41
23,183,39,58,237,44
23,183,47,58,236,48
23,183,55,58,235,50
23,183,63,58,234,53
23,183,71,59,234,56
23,183,79,60,233,60
23,183,87,61,232,64
23,183,95,62,232,69
23,183,103,62,232,74
23,183,111,60,231,79
23,183,119,60,230,85
23,183,127,60,229,90
23,183,135,61,228,97
23,183,143,63,227,103
23,183,151,61,228,111
23,183,159,60,226,118
23,183,167,61,225,126
23,183,175,63,223,135
23,183,183,64,221,145
23,183,191,62,219,156
23,183,199,62,215,168
23,183,207,63,211,180
23,183,215,63,207,194
23,183,223,64,202,207
23,183,231,65,195,220
23,183,239,68,189,232
23,183,247,71,182,244
23,183,255,73,176,252
23,191,0,60,240,36
23,191,7,60,241,37
23,191,15,61,241,39
23,191,23,61,241,41
23,191,31,61,240,43
23,191,39,60,240,45
23,191,47,59,240,48
23,191,55,59,239,51
23,191,63,59,239,53
23,191,71,59,238,56
23,191,79,60,238,60
23,191,87,60,237,63
23,191,95,61,236,67
23,191,103,62,236,72
23,191,111,63,236,77
23,191,119,63,236,83
23,191,127,62,235,88
23,191,135,62,235,94
23,191,143,62,234,100
23,191,151,63,233,107
23,191,159,65,233,114
23,191,167,62,233,122
23,191,175,62,232,129
23,191,183,63,230,138
23,191,191,64,228,148
23,191,199,65,226,159
23,191,207,64,223,171
23,191,215,64,219,184
23,191,223,65,215,198
23,191,231,68,210,212
23,191,239,68,204,225
23,191,247,70,198,238
23,191,255,74,191,250
23,199,0,60,242,37
23,199,7,61,242,38
23,199,15,61,242,40
23,199,23,62,243,42
23,199,31,63,243,44
23,199,39,63,243,47
23,199,47,63,243,49
23,199,55,63,242,51
23,199,63,63,242,54
23,199,71,62,242,57
23,199,79,61,241,59
23,199,87,61,241,63
23,199,95,61,240,66
23,199,103,61,240,70
23,199,111,62,240,75
23,199,119,63,239,80
23,199,127,65,239,86
23,199,135,65,239,92
23,199,143,61,239,97
23,199,151,63,239,103
23,199,159,64,239,109
23,199,167,65,238,116
23,199,175,67,237,124
23,199,183,63,238,132
23,199,191,64,236,141
23,199,199,66,235,151
23,199,207,67,232,162
23,199,215,67,230,176
23,199,223,66,227,189
23,199,231,67,222,203
23,199,239,69,218,218
23,199,247,71,213,232
23,199,255,73,207,244
23,207,0,61,244,39
23,207,7,61,244,40
23,207,15,61,244,41
23,207,23,62,244,42
23,207,31,62,244,44
23,207,39,63,245,47
23,207,47,64,245,49
23,207,55,64,245,52
23,207,63,65,245,54
23,207,71,65,244,57
23,207,79,64,244,60
23,207,87,64,244,63
23,207,95,63,244,66
23,207,103,63,243,69
23,207,111,62,243,74
23,207,119,63,243,78
23,207,127,64,243,83
23,207,135,65,242,89
23,207,143,66,242,94
23,207,151,66,243,100
23,207,159,66,243,106
23,207,167,65,242,112
23,207,175,66,242,119
23,207,183,67,242,126
23,207,191,68,242,135
23,207,199,67,241,144
23,207,207,67,240,155
23,207,215,68,238,166
23,207,223,68,236,180
23,207,231,69,233,194
23,207,239,70,230,209
23,207,247,72,226,224
23,207,255,75,221,239
23,215,0,62,246,40
23,215,7,62,246,41
23,215,15,62,246,42
23,215,23,62,247,43
23,215,31,63,247,45
23,215,39,63,247,47
23,215,47,64,247,49
23,215,55,64,247,52
23,215,63,65,247,54
23,215,71,65,247,57
23,215,79,65,247,59
23,215,87,66,247,62
23,215,95,66,246,65
23,215,103,66,246,69
23,215,111,65,246,72
23,215,119,65,246,77
23,215,127,65,246,81
23,215,135,65,246,86
23,215,143,66,246,91
23,215,151,66,246,96
23,215,159,68,246,102
23,215,167,68,246,108
23,215,175,67,246,114
23,215,183,67,246,121
23,215,191,67,246,129
23,215,199,69,246,137
23,215,207,69,246,147
23,215,215,69,245,159
23,215,223,69,243,171
23,215,231,71,242,185
23,215,239,72,240,200
23,215,247,73,236,216
23,215,255,74,233,231
23,223,0,63,249,41
23,223,7,63,249,42
23,223,15,64,249,43
23,223,23,64,249,44
23,223,31,64,249,46
23,223,39,64,249,47
23,223,47,65,249,49
23,223,55,65,249,52
23,223,63,65,249,54
23,223,71,65,249,56
23,223,79,66,249,59
23,223,87,66,249,61
23,223,95,66,249,64
23,223,103,67,249,68
23,223,111,67,249,71
23,223,119,68,249,75
23,223,127,68,249,80
23,223,135,67,249,84
23,223,143,66,248,88
23,223,151,67,248,93
23,223,159,67,249,99
23,223,167,68,249,104
23,223,175,69,249,110
23,223,183,69,249,117
23,223,191,68,249,124
23,223,199,68,249,132
23,223,207,69,249,141
23,223,215,71,249,151
23,223,223,71,249,164
23,223,231,71,248,177
23,223,239,72,246,191
23,223,247,74,245,208
23,223,255,76,243,224
23,231,0,64,251,42
23,231,7,65,251,42
23,231,15,65,251,43
23,231,23,66,251,45
23,231,31,66,251,47
23,231,39,67,251,48
23,231,47,67,251,50
23,231,55,67,251,52
23,231,63,67,251,54
23,231,71,67,251,56
23,231,79,67,251,58
23,231,87,67,251,61
23,231,95,67,251,63
23,231,103,67,251,66
23,231,111,67,251,70
23,231,119,67,251,73
23,231,127,68,251,77
23,231,135,69,251,82
23,231,143,69,251,86
23,231,151,68,251,91
23,231,159,68,251,96
23,231,167,68,251,101
23,231,175,68,251,106
23,231,183,69,252,112
23,231,191,70,252,119
23,231,199,70,252,127
23,231,207,69,252,136
23,231,215,70,252,146
23,231,223,71,252,157
23,231,231,73,252,170
23,231,239,73,251,184
23,231,247,74,250,199
23,231,255,76,249,216
23,239,0,65,253,42
23,239,7,65,253,43
23,239,15,65,253,44
23,239,23,66,253,45
23,239,31,66,253,46
23,239,39,67,253,48
23,239,47,67,253,50
23,239,55,68,253,52
23,239,63,68,252,53
23,239,71,68,252,56
23,239,79,68,252,58
23,239,87,68,252,60
23,239,95,68,252,63
23,239,103,67,252,65
23,239,111,67,252,68
23,239,119,67,252,71
23,239,127,68,252,75
23,239,135,68,252,79
23,239,143,69,253,84
23,239,151,70,253,89
23,239,159,70,253,93
23,239,167,70,253,98
23,239,175,69,253,103
23,239,183,69,253,109
23,239,191,70,253,115
23,239,199,70,253,122
23,239,207,71,254,131
23,239,215,71,253,140
23,239,223,71,253,151
23,239,231,72,253,163
23,239,239,74,253,177
23,239,247,76,253,192
23,239,255,76,253,207
23,247,0,65,255,43
23,247,7,66,254,43
23,247,15,66,254,44
23,247,23,66,254,45
23,247,31,66,254,46
23,247,39,67,254,48
23,247,47,67,254,49
23,247,55,68,254,52
23,247,63,68,254,53
23,247,71,68,254,55
23,247,79,69,254,57
23,247,87,69,254,60
23,247,95,69,253,62
23,247,103,69,253,64
23,247,111,68,253,67
23,247,119,68,253,70
23,247,127,68,253,73
23,247,135,68,253,77
23,247,143,69,253,82
23,247,151,69,254,86
23,247,159,70,254,91
23,247,167,70,254,96
23,247,175,71,254,101
23,247,183,70,254,106
23,247,191,70,254,112
23,247,199,70,254,118
23,247,207,71,254,126
23,247,215,72,254,135
23,247,223,73,254,146
23,247,231,73,254,157
23,247,239,74,254,170
23,247,247,75,254,184
23,247,255,77,255,199
23,255,0,66,255,43
23,255,7,66,255,44
23,255,15,67,255,44
23,255,23,67,255,45
23,255,31,67,255,46
23,255,39,67,255,47
23,255,47,67,255,49
23,255,55,68,254,51
23,255,63,68,254,53
23,255,71,68,254,55
23,255,79,69,254,57
23,255,87,69,254,59
23,255,95,69,254,62
23,255,103,69,254,64
23,255,111,69,254,67
23,255,119,69,254,70
23,255,127,69,254,73
23,255,135,69,254,76
23,255,143,70,254,80
23,255,151,70,254,85
23,255,159,71,254,90
23,255,167,71,254,95
23,255,175,72,254,100
23,255,183,72,254,105
23,255,191,72,254,111
23,255,199,73,254,117
23,255,207,73,254,124
23,255,215,73,254,133
23,255,223,74,254,143
23,255,231,75,254,154
23,255,239,76,254,166
23,255,247,77,254,178
23,255,255,78,255,191
31,0,0,25,1,10
31,0,7,25,1,18
31,0,15,25,1,27
31,0,23,25,1,38
31,0,31,24,1,50
31,0,39,24,2,60
31,0,47,23,2,71
31,0,55,22,2,82
31,0,63,20,2,93
31,0,71,19,2,104
31,0,79,17,3,117
31,0,87,16,4,130
31,0,95,14,4,144
31,0,103,13,5,158
31,0,111,12,6,173
31,0,119,11,7,187
31,0,127,12,8,199
31,0,135,13,10,209
31,0,143,14,11,219
31,0,151,17,14,225
31,0,159,19,16,230
31,0,167,22,17,233
31,0,175,24,19,235
31,0,183,27,21,237
31,0,191,28,22,239
31,0,199,29,24,241
31,0,207,30,25,244
31,0,215,31,27,246
31,0,223,33,30,248
31,0,231,33,31,251
31,0,239,34,32,253
31,0,247,34,34,255
31,0,255,34,35,255
31,7,0,25,6,9
31,7,7,26,6,16
31,7,15,26,6,26
31,7,23,26,6,36
31,7,31,25,6,46
31,7,39,25,6,57
31,7,47,24,6,67
31,7,55,23,6,78
31,7,63,23,6,88
31,7,71,21,7,100
31,7,79,20,7,111
31,7,87,18,8,124
31,7,95,17,9,137
31,7,103,16,10,152
31,7,111,15,10,167
31,7,119,15,12,180
31,7,127,15,13,193
31,7,135,16,15,204
31,7,143,17,16,215
31,7,151,20,18,223
31,7,159,22,20,227
31,7,167,24,21,231
31,7,175,26,23,234
31,7,183,29,25,236
31,7,191,31,28,239
31,7,199,32,28,241
31,7,207,32,29,243
31,7,215,33,30,246
31,7,223,34,32,248
31,7,231,36,35,250
31,7,239,36,35,252
31,7,247,36,36,254
31,7,255,36,37,255
31,15,0,26,14,8
31,15,7,27,14,15
31,15,15,27,13,24
31,15,23,27,13,33
31,15,31,26,12,43
31,15,39,26,12,53
31,15,47,26,12,63
31,15,55,26,12,73
31,15,63,25,12,84
31,15,71,23,13,94
31,15,79,23,13,106
31,15,87,21,14,118
31,15,95,20,14,131
31,15,103,19,15,144
31,15,111,18,16,159
31,15,119,18,17,173
31,15,127,19,18,187
31,15,135,20,20,198
31,15,143,21,21,210
31,15,151,22,23,219
31,15,159,25,25,225
31,15,167,28,27,229
31,15,175,30,28,233
31,15,183,31,29,236
31,15,191,33,31,238
31,15,199,36,34,241
31,15,207,36,34,243
31,15,215,36,34,246
31,15,223,36,36,248
31,15,231,38,37,250
31,15,239,39,39,252
31,15,247,38,40,254
31,15,255,38,40,255
31,23,0,28,24,9
31,23,7,28,23,15
31,23,15,28,23,22
31,23,23,28,22,31
31,23,31,28,21,40
31,23,39,28,21,49
31,23,47,28,20,59
31,23,55,27,20,69
31,23,63,27,20,79
31,23,71,27,20,89
31,23,79,25,20,100
31,23,87,25,21,112
31,23,95,24,21,124
31,23,103,23,22,137
31,23,111,22,22,151
31,23,119,23,24,164
31,23,127,22,24,179
31,23,135,23,26,192
31,23,143,25,28,203
31,23,151,26,29,214
31,23,159,28,31,221
31,23,167,31,33,226
31,23,175,34,35,231
31,23,183,35,35,235
31,23,191,36,37,238
31,23,199,37,38,240
31,23,207,39,40,243
31,23,215,39,40,245
31,23,223,39,40,247
31,23,231,40,41,250
31,23,239,41,43,251
31,23,247,42,44,253
31,23,255,42,44,255
31,31,0,30,35,8
31,31,7,30,34,13
31,31,15,30,33,20
31,31,23,30,32,28
31,31,31,30,31,37
31,31,39,30,30,46
31,31,47,30,30,55
31,31,55,30,29,64
31,31,63,30,29,75
31,31,71,29,29,85
31,31,79,29,28,95
31,31,87,28,29,107
31,31,95,27,29,118
31,31,103,26,29,131
31,31,111,26,30,144
31,31,119,25,30,158
31,31,127,26,31,171
31,31,135,27,32,185
31,31,143,28,33,197
31,31,151,29,35,207
31,31,159,33,37,216
31,31,167,34,38,223
31,31,175,36,40,229
31,31,183,38,41,234
31,31,191,40,43,237
31,31,199,40,43,240
31,31,207,41,45,242
31,31,215,43,46,245
31,31,223,44,47,247
31,31,231,44,46,249
31,31,239,44,47,251
31,31,247,45,48,253
31,31,255,46,49,254
31,39,0,32,48,8
31,39,7,32,46,13
31,39,15,32,45,19
31,39,23,32,43,27
31,39,31,32,42,35
31,39,39,32,41,43
31,39,47,32,40,52
31,39,55,32,39,61
31,39,63,32,38,71
31,39,71,32,38,81
31,39,79,31,37,91
31,39,87,31,37,102
31,39,95,30,37,113
31,39,103,30,37,125
31,39,111,30,37,137
31,39,119,29,37,151
31,39,127,30,38,164
31,39,135,30,39,178
31,39,143,31,40,191
31,39,151,34,41,203
31,39,159,34,42,212
31,39,167,37,44,221
31,39,175,40,45,227
31,39,183,40,46,232
31,39,191,42,47,236
31,39,199,43,49,239
31,39,207,45,50,242
31,39,215,45,50,245
31,39,223,46,51,247
31,39,231,48,51,249
31,39,239,48,52,251
31,39,247,48,52,252
31,39,255,49,52,254
31,47,0,34,61,9
31,47,7,34,59,13
31,47,15,34,57,19
31,47,23,34,55,27
31,47,31,35,53,34
31,47,39,35,52,42
31,47,47,34,51,50
31,47,55,35,50,58
31,47,63,35,48,68
31,47,71,35,47,77
31,47,79,35,47,87
31,47,87,34,46,98
31,47,95,33,46,108
31,47,103,33,45,120
31,47,111,32,45,132
31,47,119,33,45,145
31,47,127,32,45,159
31,47,135,32,45,172
31,47,143,33,46,186
31,47,151,33,46,200
31,47,159,36,47,210
31,47,167,39,49,218
31,47,175,41,50,226
31,47,183,42,51,231
31,47,191,44,52,235
31,47,199,46,53,239
31,47,207,47,54,242
31,47,215,49,55,245
31,47,223,50,55,247
31,47,231,50,55,249
31,47,239,51,56,251
31,47,247,53,56,252
31,47,255,52,56,253
31,55,0,37,73,9
31,55,7,37,71,14
31,55,15,37,69,20
31,55,23,37,67,26
31,55,31,37,65,33
31,55,39,37,64,41
31,55,47,37,62,48
31,55,55,38,61,56
31,55,63,37,59,65
31,55,71,37,58,74
31,55,79,37,57,84
31,55,87,37,56,94
31,55,95,36,55,104
31,55,103,36,54,115
31,55,111,35,54,127
31,55,119,35,53,139
31,55,127,35,53,152
31,55,135,34,52,167
31,55,143,35,52,182
31,55,151,36,52,194
31,55,159,38,53,206
31,55,167,40,54,216
31,55,175,43,55,223
31,55,183,46,56,230
31,55,191,46,57,235
31,55,199,49,58,239
31,55,207,51,58,242
31,55,215,51,59,245
31,55,223,52,59,247
31,55,231,54,60,249
31,55,239,54,59,251
31,55,247,54,59,253
31,55,255,55,60,254
31,63,0,40,86,10
31,63,7,39,84,14
31,63,15,39,82,20
31,63,23,39,79,27
31,63,31,39,77,33
31,63,39,39,76,40
31,63,47,40,74,47
31,63,55,40,72,55
31,63,63,40,70,63
31,63,71,40,69,71
31,63,79,40,67,81
31,63,87,39,66,90
31,63,95,40,65,100
31,63,103,39,64,111
31,63,111,38,63,122
31,63,119,39,62,134
31,63,127,37,61,147
31,63,135,39,60,160
31,63,143,38,59,175
31,63,151,39,59,189
31,63,159,40,59,201
31,63,167,42,59,212
31,63,175,46,60,221
31,63,183,47,61,228
31,63,191,50,62,234
31,63,199,51,62,238
31,63,207,52,63,242
31,63,215,54,63,245
31,63,223,55,63,248
31,63,231,55,63,250
31,63,239,56,63,252
31,63,247,57,63,253
31,63,255,57,63,254
31,71,0,41,99,11
31,71,7,42,96,16
31,71,15,42,94,21
31,71,23,42,92,27
31,71,31,42,90,33
31,71,39,42,88,40
31,71,47,42,86,47
31,71,55,42,84,54
31,71,63,43,82,62
31,71,71,43,80,70
31,71,79,42,78,78
31,71,87,42,77,87
31,71,95,42,75,97
31,71,103,42,74,107
31,71,111,42,73,117
31,71,119,41,71,129
31,71,127,41,70,141
31,71,135,40,68,155
31,71,143,40,67,168
31,71,151,39,66,184
31,71,159,40,66,197
31,71,167,44,66,208
31,71,175,45,66,218
31,71,183,48,66,226
31,71,191,49,67,232
31,71,199,51,67,238
31,71,207,54,67,242
31,71,215,55,68,245
31,71,223,56,67,248
31,71,231,57,67,250
31,71,239,58,67,252
31,71,247,59,66,253
31,71,255,59,66,254
31,79,0,43,111,12
31,79,7,43,109,16
31,79,15,44,107,22
31,79,23,43,105,27
31,79,31,43,102,33
31,79,39,44,100,40
31,79,47,45,98,46
31,79,55,46,96,54
31,79,63,45,94,61
31,79,71,45,92,68
31,79,79,45,90,77
31,79,87,46,88,85
31,79,95,44,86,94
31,79,103,45,85,104
31,79,111,44,83,114
31,79,119,44,81,124
31,79,127,44,79,136
31,79,135,44,78,148
31,79,143,43,76,162
31,79,151,44,75,176
31,79,159,44,73,190
31,79,167,46,73,204
31,79,175,47,72,214
31,79,183,50,72,223
31,79,191,52,72,231
31,79,199,54,72,236
31,79,207,57,73,240
31,79,215,57,72,244
31,79,223,59,72,248
31,79,231,60,72,250
31,79,239,60,71,252
31,79,247,61,71,253
31,79,255,62,70,254
31,87,0,45,124,13
31,87,7,46,122,18
31,87,15,47,120,22
31,87,23,47,117,28
31,87,31,47,115,34
31,87,39,47,113,40
31,87,47,46,111,46
31,87,55,46,109,52
31,87,63,48,107,60
31,87,71,49,105,68
31,87,79,48,103,75
31,87,87,47,100,83
31,87,95,47,99,92
31,87,103,48,97,101
31,87,111,47,94,110
31,87,119,47,92,120
31,87,127,45,90,131
31,87,135,46,88,143
31,87,143,46,86,156
31,87,151,46,84,170
31,87,159,47,82,184
31,87,167,47,80,198
31,87,175,50,80,210
31,87,183,51,79,220
31,87,191,53,78,228
31,87,199,57,78,234
31,87,207,57,77,240
31,87,215,60,77,244
31,87,223,61,77,248
31,87,231,61,76,250
31,87,239,62,76,252
31,87,247,62,75,253
31,87,255,63,73,254
31,95,0,45,136,14
31,95,7,45,135,18
31,95,15,46,133,22
31,95,23,47,130,28
31,95,31,48,128,34
31,95,39,49,126,40
31,95,47,51,124,46
31,95,55,51,122,53
31,95,63,50,120,59
31,95,71,49,117,66
31,95,79,50,115,74
31,95,87,52,113,82
31,95,95,50,111,90
31,95,103,49,108,99
31,95,111,51,107,108
31,95,119,49,104,117
31,95,127,48,102,127
31,95,135,51,99,138
31,95,143,48,96,151
31,95,151,50,94,164
31,95,159,49,92,179
31,95,167,51,90,193
31,95,175,50,88,205
31,95,183,52,86,217
31,95,191,54,85,226
31,95,199,56,84,234
31,95,207,59,83,239
31,95,215,60,82,244
31,95,223,61,81,248
31,95,231,62,81,250
31,95,239,63,80,252
31,95,247,64,79,253
31,95,255,65,78,254
31,103,0,48,148,16
31,103,7,48,146,20
31,103,15,49,144,24
31,103,23,49,142,29
31,103,31,49,140,34
31,103,39,49,138,40
31,103,47,50,137,45
31,103,55,51,135,52
31,103,63,53,133,59
31,103,71,54,130,66
31,103,79,52,128,72
31,103,87,51,125,80
31,103,95,52,123,88
31,103,103,54,121,97
31,103,111,51,118,105
31,103,119,50,116,113
31,103,127,53,114,124
31,103,135,52,111,134
31,103,143,51,108,146
31,103,151,51,105,159
31,103,159,51,102,173
31,103,167,52,99,187
31,103,175,53,97,201
31,103,183,53,95,213
31,103,191,57,93,223
31,103,199,58,91,231
31,103,207,60,90,238
31,103,215,62,88,243
31,103,223,62,87,247
31,103,231,64,86,250
31,103,239,65,85,252
31,103,247,66,84,253
31,103,255,67,83,254
31,111,0,48,161,17
31,111,7,49,159,20
31,111,15,51,157,24
31,111,23,53,154,30
31,111,31,54,152,35
31,111,39,54,150,40
31,111,47,53,149,46
31,111,55,53,147,51
31,111,63,53,145,57
31,111,71,54,142,64
31,111,79,56,140,71
31,111,87,57,138,79
31,111,95,54,135,86
31,111,103,53,133,94
31,111,111,55,131,103
31,111,119,55,128,111
31,111,127,53,126,120
31,111,135,54,123,130
31,111,143,54,120,141
31,111,151,50,117,154
31,111,159,52,113,168
31,111,167,54,110,181
31,111,175,53,107,195
31,111,183,56,104,208
31,111,191,56,101,219
31,111,199,59,99,229
31,111,207,61,97,236
31,111,215,62,95,243
31,111,223,65,93,247
31,111,231,65,92,250
31,111,239,66,90,252
31,111,247,67,89,253
31,111,255,68,88,254
31,119,0,45,174,17
31,119,7,46,173,20
31,119,15,47,171,24
31,119,23,49,168,28
31,119,31,52,165,35
31,119,39,54,163,40
31,119,47,55,161,45
31,119,55,57,159,51
31,119,63,57,157,57
31,119,71,55,154,62
31,119,79,55,152,69
31,119,87,56,150,76
31,119,95,57,148,84
31,119,103,59,146,92
31,119,111,55,143,99
31,119,119,56,140,108
31,119,127,57,138,117
31,119,135,58,135,126
31,119,143,55,132,137
31,119,151,55,129,149
31,119,159,57,125,161
31,119,167,55,122,175
31,119,175,57,118,189
31,119,183,56,115,203
31,119,191,58,111,215
31,119,199,59,108,225
31,119,207,62,106,234
31,119,215,63,103,241
31,119,223,64,101,246
31,119,231,66,99,250
31,119,239,67,97,252
31,119,247,68,96,254
31,119,255,69,94,254
31,127,0,50,186,19
31,127,7,50,184,22
31,127,15,51,182,26
31,127,23,51,180,30
31,127,31,51,178,34
31,127,39,51,175,39
31,127,47,53,173,44
31,127,55,55,171,50
31,127,63,56,169,55
31,127,71,59,167,62
31,127,79,59,165,68
31,127,87,57,162,74
31,127,95,54,159,81
31,127,103,57,157,89
31,127,111,59,155,97
31,127,119,60,152,105
31,127,127,57,150,113
31,127,135,57,147,122
31,127,143,59,144,132
31,127,151,58,141,143
31,127,159,56,138,156
31,127,167,59,134,168
31,127,175,57,130,183
31,127,183,57,126,197
31,127,191,56,122,211
31,127,199,57,119,222
31,127,207,61,115,231
31,127,215,64,112,239
31,127,223,65,109,244
31,127,231,66,107,249
31,127,239,68,105,252
31,127,247,69,103,254
31,127,255,70,101,255
31,135,0,52,198,20
31,135,7,53,197,23
31,135,15,54,195,26
31,135,23,56,192,31
31,135,31,56,190,35
31,135,39,56,188,40
31,135,47,56,185,45
31,135,55,55,184,49
31,135,63,54,182,54
31,135,71,56,179,60
31,135,79,58,177,66
31,135,87,60,174,73
31,135,95,61,172,80
31,135,103,60,170,86
31,135,111,58,167,93
31,135,119,59,165,102
31,135,127,61,162,110
31,135,135,60,159,119
31,135,143,58,157,128
31,135,151,58,154,138
31,135,159,61,150,149
31,135,167,58,147,162
31,135,175,58,143,176
31,135,183,59,139,190
31,135,191,59,134,204
31,135,199,60,130,216
31,135,207,63,126,226
31,135,215,63,122,236
31,135,223,66,119,242
31,135,231,66,116,248
31,135,239,68,114,252
31,135,247,70,111,254
31,135,255,71,109,254
31,143,0,51,211,21
31,143,7,52,210,23
31,143,15,52,208,26
31,143,23,53,206,30
31,143,31,55,203,35
31,143,39,56,200,40
31,143,47,58,198,45
31,143,55,60,195,50
31,143,63,59,194,54
31,143,71,58,192,58
31,143,79,55,190,64
31,143,87,56,188,70
31,143,95,59,185,77
31,143,103,61,182,84
31,143,111,63,180,91
31,143,119,60,178,98
31,143,127,59,175,106
31,143,135,60,173,115
31,143,143,63,170,124
31,143,151,60,167,134
31,143,159,59,164,144
31,143,167,60,160,156
31,143,175,61,156,169
31,143,183,59,152,182
31,143,191,60,147,196
31,143,199,63,142,209
31,143,207,62,138,221
31,143,215,65,133,231
31,143,223,65,130,240
31,143,231,67,126,247
31,143,239,68,123,250
31,143,247,70,120,254
31,143,255,71,118,255
31,151,0,53,221,23
31,151,7,54,220,26
31,151,15,54,219,29
31,151,23,54,217,32
31,151,31,54,215,35
31,151,39,55,212,40
31,151,47,56,210,44
31,151,55,57,207,49
31,151,63,59,205,53
31,151,71,60,203,58
31,151,79,62,201,63
31,151,87,60,200,68
31,151,95,59,198,74
31,151,103,59,196,81
31,151,111,60,193,88
31,151,119,62,191,96
31,151,127,64,188,104
31,151,135,61,186,111
31,151,143,60,184,120
31,151,151,62,181,129
31,151,159,63,177,139
31,151,167,61,174,150
31,151,175,60,171,162
31,151,183,60,166,175
31,151,191,62,161,188
31,151,199,61,156,202
31,151,207,63,151,214
31,151,215,64,146,226
31,151,223,65,142,235
31,151,231,67,138,244
31,151,239,68,134,251
31,151,247,70,130,253
31,151,255,71,127,255
31,159,0,56,229,25
31,159,7,57,228,28
31,159,15,57,228,31
31,159,23,58,227,35
31,159,31,58,225,38
31,159,39,58,222,41
31,159,47,58,220,45
31,159,55,57,218,49
31,159,63,58,216,53
31,159,71,58,214,57
31,159,79,60,212,62
31,159,87,61,210,68
31,159,95,63,208,73
31,159,103,63,207,79
31,159,111,61,205,86
31,159,119,61,203,92
31,159,127,61,201,100
31,159,135,63,198,108
31,159,143,65,196,116
31,159,151,62,194,124
31,159,159,62,192,134
31,159,167,63,188,144
31,159,175,64,184,156
31,159,183,61,181,168
31,159,191,61,176,180
31,159,199,64,171,193
31,159,207,63,166,206
31,159,215,64,161,219
31,159,223,66,155,230
31,159,231,68,151,239
31,159,239,69,146,247
31,159,247,72,141,253
31,159,255,72,138,254
31,167,0,57,232,28
31,167,7,58,232,30
31,167,15,59,232,32
31,167,23,60,231,36
31,167,31,62,230,40
31,167,39,62,229,43
31,167,47,63,227,47
31,167,55,62,225,51
31,167,63,61,224,54
31,167,71,60,222,57
31,167,79,60,221,62
31,167,87,60,220,67
31,167,95,61,218,72
31,167,103,63,216,78
31,167,111,64,215,84
31,167,119,64,214,90
31,167,127,62,213,97
31,167,135,62,211,104
31,167,143,63,209,112
31,167,151,65,206,120
31,167,159,64,204,129
31,167,167,61,203,138
31,167,175,63,199,149
31,167,183,64,195,160
31,167,191,64,191,172
31,167,199,62,187,185
31,167,207,63,181,198
31,167,215,66,176,211
31,167,223,66,170,223
31,167,231,67,164,234
31,167,239,71,158,243
31,167,247,71,154,250
31,167,255,73,149,255
31,175,0,58,235,31
31,175,7,58,235,33
31,175,15,58,234,35
31,175,23,59,234,37
31,175,31,60,233,41
31,175,39,61,233,45
31,175,47,62,231,48
31,175,55,63,230,51
31,175,63,64,229,55
31,175,71,65,228,58
31,175,79,65,227,62
31,175,87,63,227,66
31,175,95,62,226,71
31,175,103,61,225,76
31,175,111,62,223,82
31,175,119,64,222,88
31,175,127,66,221,95
31,175,135,65,221,101
31,175,143,63,220,108
31,175,151,63,218,116
31,175,159,65,216,124
31,175,167,66,214,133
31,175,175,65,212,142
31,175,183,64,209,153
31,175,191,64,206,165
31,175,199,66,201,176
31,175,207,64,197,190
31,175,215,64,191,203
31,175,223,66,185,215
31,175,231,69,179,228
31,175,239,70,173,239
31,175,247,72,167,248
31,175,255,75,161,252
31,183,0,59,238,34
31,183,7,60,238,36
31,183,15,60,238,37
31,183,23,60,237,39
31,183,31,60,237,42
31,183,39,61,236,45
31,183,47,62,236,49
31,183,55,62,235,51
31,183,63,62,234,54
31,183,71,63,233,58
31,183,79,64,233,62
31,183,87,66,232,66
31,183,95,66,232,70
31,183,103,65,231,75
31,183,111,64,231,81
31,183,119,63,230,86
31,183,127,64,229,92
31,183,135,65,228,98
31,183,143,67,227,105
31,183,151,65,227,112
31,183,159,64,226,120
31,183,167,65,224,128
31,183,175,66,223,136
31,183,183,67,220,146
31,183,191,65,218,157
31,183,199,65,215,169
31,183,207,66,211,181
31,183,215,67,206,194
31,183,223,66,201,208
31,183,231,68,195,220
31,183,239,71,188,233
31,183,247,73,182,244
31,183,255,75,176,252
31,191,0,62,240,36
31,191,7,63,240,38
31,191,15,63,241,39
31,191,23,64,241,42
31,191,31,63,240,44
31,191,39,63,240,46
31,191,47,62,239,49
31,191,55,62,239,52
31,191,63,62,238,54
31,191,71,63,238,58
31,191,79,63,238,61
31,191,87,64,237,65
31,191,95,65,236,69
31,191,103,66,236,74
31,191,111,68,236,79
31,191,119,66,236,84
31,191,127,65,235,90
31,191,135,65,235,96
31,191,143,66,234,102
31,191,151,67,233,108
31,191,159,69,233,115
31,191,167,66,233,123
31,191,175,66,232,131
31,191,183,67,230,139
31,191,191,68,228,149
31,191,199,68,226,160
31,191,207,67,223,172
31,191,215,67,219,185
31,191,223,68,215,199
31,191,231,70,209,212
31,191,239,70,204,226
31,191,247,73,197,239
31,191,255,77,191,250
31,199,0,63,242,38
31,199,7,63,242,39
31,199,15,64,242,40
31,199,23,65,243,42
31,199,31,66,243,45
31,199,39,66,243,47
31,199,47,66,243,50
31,199,55,66,242,52
31,199,63,65,242,55
31,199,71,65,242,58
31,199,79,64,241,61
31,199,87,64,241,64
31,199,95,64,241,68
31,199,103,65,240,72
31,199,111,66,240,77
31,199,119,67,240,82
31,199,127,69,239,88
31,199,135,68,239,93
31,199,143,64,239,98
31,199,151,66,239,104
31,199,159,67,239,111
31,199,167,69,238,118
31,199,175,71,238,125
31,199,183,66,237,134
31,199,191,67,236,142
31,199,199,69,235,152
31,199,207,70,232,163
31,199,215,69,230,176
31,199,223,69,226,190
31,199,231,70,222,204
31,199,239,72,218,218
31,199,247,74,212,233
31,199,255,76,206,245
31,207,0,63,244,39
31,207,7,63,244,40
31,207,15,64,244,41
31,207,23,64,244,43
31,207,31,65,245,45
31,207,39,66,245,48
31,207,47,66,245,50
31,207,55,67,245,53
31,207,63,67,245,55
31,207,71,68,245,58
31,207,79,68,244,61
31,207,87,67,244,64
31,207,95,66,244,67
31,207,103,65,244,71
31,207,111,65,243,75
31,207,119,66,243,80
31,207,127,67,243,85
31,207,135,68,243,90
31,207,143,69,243,96
31,207,151,69,243,101
31,207,159,68,243,107
31,207,167,68,243,113
31,207,175,69,242,120
31,207,183,70,242,128
31,207,191,72,242,136
31,207,199,69,241,145
31,207,207,69,240,156
31,207,215,71,238,167
31,207,223,71,236,181
31,207,231,71,233,195
31,207,239,72,229,210
31,207,247,74,225,225
31,207,255,77,221,240
31,215,0,64,246,41
31,215,7,64,246,41
31,215,15,64,246,42
31,215,23,64,247,43
31,215,31,65,247,45
31,215,39,65,247,47
31,215,47,66,247,50
31,215,55,67,247,53
31,215,63,67,247,55
31,215,71,68,247,58
31,215,79,68,247,60
31,215,87,69,247,63
31,215,95,69,247,67
31,215,103,69,247,70
31,215,111,67,246,74
31,215,119,67,246,78
31,215,127,67,246,83
31,215,135,68,246,87
31,215,143,69,246,93
31,215,151,69,246,98
31,215,159,71,246,104
31,215,167,71,246,110
31,215,175,70,246,116
31,215,183,69,246,123
31,215,191,70,246,130
31,215,199,72,246,139
31,215,207,72,246,148
31,215,215,71,245,160
31,215,223,72,243,172
31,215,231,73,242,186
31,215,239,75,239,201
31,215,247,75,236,217
31,215,255,77,233,232
31,223,0,65,249,41
31,223,7,65,249,42
31,223,15,66,249,43
31,223,23,66,249,45
31,223,31,66,249,46
31,223,39,66,249,48
31,223,47,67,249,50
31,223,55,67,249,52
31,223,63,68,249,55
31,223,71,68,249,57
31,223,79,68,249,60
31,223,87,68,249,63
31,223,95,69,249,66
31,223,103,69,249,69
31,223,111,70,249,73
31,223,119,71,249,77
31,223,127,70,249,81
31,223,135,69,249,85
31,223,143,69,249,90
31,223,151,69,249,95
31,223,159,70,249,100
31,223,167,71,249,106
31,223,175,72,249,112
31,223,183,72,250,118
31,223,191,70,249,126
31,223,199,71,249,133
31,223,207,72,249,142
31,223,215,73,249,153
31,223,223,73,249,165
31,223,231,73,248,178
31,223,239,74,246,192
31,223,247,76,245,209
31,223,255,78,242,225
31,231,0,66,251,42
31,231,7,66,251,43
31,231,15,67,251,44
31,231,23,67,251,45
31,231,31,68,251,47
31,231,39,69,251,49
31,231,47,69,251,50
31,231,55,69,251,52
31,231,63,69,251,54
31,231,71,69,251,57
31,231,79,69,251,59
31,231,87,69,251,62
31,231,95,69,251,64
31,231,103,69,251,67
31,231,111,69,251,71
31,231,119,70,251,75
31,231,127,71,251,79
31,231,135,71,251,83
31,231,143,72,251,88
31,231,151,71,251,92
31,231,159,70,251,97
31,231,167,70,251,102
31,231,175,71,251,108
31,231,183,72,252,114
31,231,191,73,252,121
31,231,199,72,252,129
31,231,207,72,252,137
31,231,215,72,252,147
31,231,223,74,252,158
31,231,231,75,252,171
31,231,239,75,251,185
31,231,247,76,250,200
31,231,255,78,249,217
31,239,0,66,253,42
31,239,7,67,253,43
31,239,15,67,253,44
31,239,23,67,253,45
31,239,31,68,253,47
31,239,39,69,253,49
31,239,47,69,253,51
31,239,55,69,253,52
31,239,63,70,252,54
31,239,71,70,252,57
31,239,79,70,252,59
31,239,87,70,252,61
31,239,95,70,252,64
31,239,103,69,252,66
31,239,111,69,252,69
31,239,119,69,252,73
31,239,127,70,252,76
31,239,135,70,253,81
31,239,143,71,253,85
31,239,151,72,253,90
31,239,159,72,253,95
31,239,167,72,253,99
31,239,175,71,253,104
31,239,183,71,253,110
31,239,191,72,253,116
31,239,199,73,254,124
31,239,207,74,254,132
31,239,215,73,253,141
31,239,223,73,253,152
31,239,231,74,253,164
31,239,239,76,253,178
31,239,247,78,254,193
31,239,255,78,253,208
31,247,0,67,255,43
31,247,7,67,254,44
31,247,15,67,254,44
31,247,23,67,254,45
31,247,31,68,254,46
31,247,39,68,254,48
31,247,47,69,254,50
31,247,55,70,254,52
31,247,63,70,254,54
31,247,71,70,254,56
31,247,79,70,254,58
31,247,87,70,254,61
31,247,95,70,253,63
31,247,103,71,253,66
31,247,111,70,253,68
31,247,119,70,253,71
31,247,127,70,253,74
31,247,135,70,253,78
31,247,143,70,254,83
31,247,151,71,254,87
31,247,159,72,254,92
31,247,167,72,254,97
31,247,175,73,254,102
31,247,183,72,254,107
31,247,191,72,254,113
31,247,199,72,254,120
31,247,207,73,254,127
31,247,215,74,254,137
31,247,223,75,254,147
31,247,231,74,254,158
31,247,239,75,254,171
31,247,247,77,254,185
31,247,255,79,255,200
31,255,0,67,255,43
31,255,7,68,255,44
31,255,15,68,255,45
31,255,23,68,255,45
31,255,31,68,255,46
31,255,39,68,255,48
31,255,47,69,255,49
31,255,55,69,255,51
31,255,63,70,254,54
31,255,71,70,254,55
31,255,79,70,254,58
31,255,87,71,254,60
31,255,95,71,254,62
31,255,103,71,254,65
31,255,111,71,254,68
31,255,119,71,254,71
31,255,127,71,254,74
31,255,135,71,254,77
31,255,143,71,254,81
31,255,151,72,254,86
31,255,159,72,254,91
31,255,167,73,254,96
31,255,175,74,254,101
31,255,183,74,254,106
31,255,191,74,254,112
31,255,199,74,254,118
31,255,207,75,254,125
31,255,215,75,254,134
31,255,223,76,254,144
31,255,231,77,254,155
31,255,239,78,254,167
31,255,247,78,254,179
31,255,255,80,255,192
39,0,0,32,2,12
39,0,7,33,2,20
39,0,15,33,2,29
39,0,23,33,2,39
39,0,31,33,2,51
39,0,39,32,2,61
39,0,47,31,2,72
39,0,55,30,2,82
39,0,63,29,2,93
39,0,71,27,3,105
39,0,79,25,3,117
39,0,87,23,3,131
39,0,95,21,4,144
39,0,103,19,5,158
39,0,111,18,6,174
39,0,119,17,7,187
39,0,127,17,8,199
39,0,135,18,10,209
39,0,143,19,12,219
39,0,151,21,13,225
39,0,159,23,15,229
39,0,167,25,16,233
39,0,175,27,18,235
39,0,183,29,21,237
39,0,191,31,22,239
39,0,199,31,23,241
39,0,207,32,25,243
39,0,215,33,27,246
39,0,223,35,30,248
39,0,231,35,31,250
39,0,239,35,32,253
39,0,247,35,33,254
39,0,255,35,35,255
39,7,0,33,5,10
39,7,7,33,5,18
39,7,15,33,5,27
39,7,23,33,5,37
39,7,31,33,5,48
39,7,39,33,5,58
39,7,47,32,6,68
39,7,55,32,6,78
39,7,63,30,6,89
39,7,71,29,7,100
39,7,79,28,7,112
39,7,87,26,8,124
39,7,95,24,9,138
39,7,103,22,10,152
39,7,111,21,10,167
39,7,119,21,12,180
39,7,127,21,13,193
39,7,135,21,14,205
39,7,143,22,16,215
39,7,151,24,18,222
39,7,159,26,20,227
39,7,167,28,21,231
39,7,175,30,22,234
39,7,183,31,25,236
39,7,191,34,27,238
39,7,199,34,28,241
39,7,207,34,29,243
39,7,215,35,30,246
39,7,223,36,32,248
39,7,231,37,34,250
39,7,239,37,35,252
39,7,247,37,36,254
39,7,255,37,37,255
39,15,0,34,12,10
39,15,7,34,12,16
39,15,15,34,12,25
39,15,23,34,11,35
39,15,31,34,11,44
39,15,39,34,12,54
39,15,47,34,12,64
39,15,55,33,12,74
39,15,63,32,12,84
39,15,71,31,12,95
39,15,79,30,13,107
39,15,87,29,13,119
39,15,95,27,14,131
39,15,103,26,15,145
39,15,111,25,16,159
39,15,119,24,16,174
39,15,127,25,18,186
39,15,135,25,20,198
39,15,143,25,21,210
39,15,151,27,23,219
39,15,159,29,25,224
39,15,167,31,27,229
39,15,175,33,27,232
39,15,183,34,29,235
39,15,191,36,31,238
39,15,199,38,34,240
39,15,207,38,34,243
39,15,215,38,34,245
39,15,223,38,36,247
39,15,231,39,38,250
39,15,239,40,39,252
39,15,247,40,39,254
39,15,255,39,40,255
39,23,0,35,22,9
39,23,7,35,22,15
39,23,15,36,21,23
39,23,23,36,21,32
39,23,31,36,20,41
39,23,39,35,20,50
39,23,47,35,20,60
39,23,55,35,19,70
39,23,63,35,19,80
39,23,71,34,19,90
39,23,79,33,20,101
39,23,87,32,20,113
39,23,95,31,21,125
39,23,103,30,21,138
39,23,111,29,22,151
39,23,119,29,23,164
39,23,127,28,24,179
39,23,135,29,26,191
39,23,143,31,28,201
39,23,151,30,29,213
39,23,159,32,30,221
39,23,167,35,33,226
39,23,175,37,34,231
39,23,183,38,35,235
39,23,191,38,36,237
39,23,199,40,38,240
39,23,207,42,40,242
39,23,215,41,40,245
39,23,223,41,40,247
39,23,231,42,41,249
39,23,239,43,43,251
39,23,247,43,44,253
39,23,255,43,44,255
39,31,0,37,34,9
39,31,7,37,33,14
39,31,15,37,32,21
39,31,23,37,31,30
39,31,31,37,30,38
39,31,39,37,29,47
39,31,47,37,29,56
39,31,55,37,28,66
39,31,63,37,28,76
39,31,71,36,28,86
39,31,79,36,28,96
39,31,87,35,28,108
39,31,95,34,28,119
39,31,103,33,29,131
39,31,111,33,29,144
39,31,119,32,30,157
39,31,127,33,31,170
39,31,135,32,32,184
39,31,143,33,33,196
39,31,151,34,35,206
39,31,159,37,36,215
39,31,167,38,38,223
39,31,175,39,40,228
39,31,183,42,41,233
39,31,191,43,43,237
39,31,199,43,43,240
39,31,207,44,45,242
39,31,215,45,46,245
39,31,223,46,46,247
39,31,231,45,46,249
39,31,239,46,47,251
39,31,247,46,48,253
39,31,255,47,49,254
39,39,0,39,45,9
39,39,7,39,44,14
39,39,15,39,43,21
39,39,23,39,42,28
39,39,31,39,41,36
39,39,39,39,40,44
39,39,47,39,39,53
39,39,55,39,38,62
39,39,63,39,37,72
39,39,71,38,37,82
39,39,79,38,36,92
39,39,87,38,36,103
39,39,95,37,36,114
39,39,103,37,36,126
39,39,111,35,37,138
39,39,119,35,37,151
39,39,127,35,38,164
39,39,135,35,38,177
39,39,143,36,39,190
39,39,151,38,41,202
39,39,159,38,42,212
39,39,167,41,44,220
39,39,175,43,45,226
39,39,183,43,46,232
39,39,191,45,48,236
39,39,199,47,49,239
39,39,207,47,50,242
39,39,215,48,50,244
39,39,223,48,51,247
39,39,231,50,52,249
39,39,239,50,52,251
39,39,247,50,52,252
39,39,255,50,53,254
39,47,0,41,58,10
39,47,7,41,56,15
39,47,15,41,55,20
39,47,23,41,53,28
39,47,31,41,52,35
39,47,39,41,51,43
39,47,47,41,50,51
39,47,55,41,48,60
39,47,63,41,47,69
39,47,71,41,46,78
39,47,79,41,46,88
39,47,87,40,45,99
39,47,95,40,45,109
39,47,103,39,45,121
39,47,111,39,44,132
39,47,119,39,45,145
39,47,127,38,45,158
39,47,135,38,45,172
39,47,143,38,45,185
39,47,151,38,46,198
39,47,159,42,47,208
39,47,167,43,49,217
39,47,175,45,50,225
39,47,183,47,51,231
39,47,191,47,52,235
39,47,199,49,54,239
39,47,207,50,54,242
39,47,215,52,55,245
39,47,223,52,55,247
39,47,231,52,55,249
39,47,239,53,56,251
39,47,247,54,57,252
39,47,255,54,56,253
39,55,0,43,71,10
39,55,7,43,69,15
39,55,15,43,67,21
39,55,23,43,65,28
39,55,31,43,64,34
39,55,39,44,62,42
39,55,47,44,61,49
39,55,55,43,60,57
39,55,63,43,58,66
39,55,71,43,57,75
39,55,79,43,56,85
39,55,87,43,55,95
39,55,95,42,54,105
39,55,103,42,53,116
39,55,111,41,53,127
39,55,119,41,52,140
39,55,127,40,52,152
39,55,135,40,52,166
39,55,143,40,52,180
39,55,151,41,52,193
39,55,159,43,53,205
39,55,167,45,54,215
39,55,175,47,55,223
39,55,183,50,56,229
39,55,191,50,57,234
39,55,199,52,58,239
39,55,207,54,59,242
39,55,215,53,59,245
39,55,223,55,59,247
39,55,231,57,60,249
39,55,239,56,60,251
39,55,247,56,60,253
39,55,255,57,60,254
39,63,0,46,83,11
39,63,7,46,81,16
39,63,15,46,79,21
39,63,23,46,77,28
39,63,31,46,76,35
39,63,39,46,74,41
39,63,47,46,73,48
39,63,55,46,71,56
39,63,63,46,69,64
39,63,71,46,68,73
39,63,79,45,66,82
39,63,87,46,65,92
39,63,95,45,64,101
39,63,103,45,63,112
39,63,111,44,62,123
39,63,119,44,61,134
39,63,127,43,60,147
39,63,135,44,60,160
39,63,143,43,59,174
39,63,151,45,59,188
39,63,159,45,59,200
39,63,167,47,60,211
39,63,175,50,60,220
39,63,183,51,61,228
39,63,191,54,62,233
39,63,199,54,63,238
39,63,207,55,63,242
39,63,215,57,64,245
39,63,223,57,63,248
39,63,231,57,63,250
39,63,239,58,63,252
39,63,247,59,63,253
39,63,255,59,63,254
39,71,0,48,96,12
39,71,7,48,94,17
39,71,15,48,92,22
39,71,23,48,90,28
39,71,31,48,88,35
39,71,39,48,86,41
39,71,47,48,85,48
39,71,55,49,83,55
39,71,63,49,81,63
39,71,71,48,79,71
39,71,79,48,78,80
39,71,87,48,76,89
39,71,95,47,75,98
39,71,103,48,73,108
39,71,111,47,72,118
39,71,119,46,70,129
39,71,127,46,69,141
39,71,135,45,68,154
39,71,143,46,67,168
39,71,151,44,66,183
39,71,159,46,66,196
39,71,167,49,66,207
39,71,175,50,66,218
39,71,183,53,67,226
39,71,191,52,67,232
39,71,199,55,68,238
39,71,207,57,68,241
39,71,215,58,68,245
39,71,223,59,68,248
39,71,231,60,68,250
39,71,239,60,67,252
39,71,247,61,67,253
39,71,255,61,66,254
39,79,0,49,108,13
39,79,7,50,106,18
39,79,15,50,104,23
39,79,23,50,102,29
39,79,31,51,101,35
39,79,39,51,99,41
39,79,47,51,97,48
39,79,55,51,95,55
39,79,63,51,93,62
39,79,71,51,91,70
39,79,79,51,90,78
39,79,87,51,88,87
39,79,95,50,86,96
39,79,103,50,84,105
39,79,111,50,83,114
39,79,119,50,81,125
39,79,127,49,79,136
39,79,135,49,77,148
39,79,143,48,76,162
39,79,151,49,74,176
39,79,159,49,73,190
39,79,167,51,73,203
39,79,175,52,72,214
39,79,183,54,73,223
39,79,191,56,73,230
39,79,199,58,73,236
39,79,207,60,73,241
39,79,215,60,73,245
39,79,223,62,73,248
39,79,231,62,72,250
39,79,239,62,71,252
39,79,247,64,71,253
39,79,255,63,70,254
39,87,0,51,121,15
39,87,7,51,119,19
39,87,15,52,117,24
39,87,23,52,115,30
39,87,31,52,113,35
39,87,39,53,111,42
39,87,47,53,110,48
39,87,55,54,108,55
39,87,63,54,106,62
39,87,71,54,104,69
39,87,79,53,102,77
39,87,87,53,100,85
39,87,95,54,98,94
39,87,103,53,96,102
39,87,111,52,94,112
39,87,119,52,92,121
39,87,127,51,90,132
39,87,135,52,88,144
39,87,143,52,86,156
39,87,151,51,84,170
39,87,159,53,82,183
39,87,167,52,81,197
39,87,175,55,80,209
39,87,183,55,79,220
39,87,191,58,79,228
39,87,199,60,78,234
39,87,207,61,78,240
39,87,215,64,78,244
39,87,223,63,77,248
39,87,231,64,76,250
39,87,239,65,76,252
39,87,247,64,75,253
39,87,255,65,74,254
39,95,0,53,133,16
39,95,7,53,131,20
39,95,15,54,130,25
39,95,23,55,128,30
39,95,31,56,126,36
39,95,39,56,124,42
39,95,47,56,123,48
39,95,55,56,121,54
39,95,63,55,118,61
39,95,71,56,116,68
39,95,79,57,115,76
39,95,87,56,112,84
39,95,95,55,110,92
39,95,103,55,108,100
39,95,111,56,106,109
39,95,119,54,103,118
39,95,127,55,101,128
39,95,135,55,99,139
39,95,143,54,96,151
39,95,151,55,94,164
39,95,159,54,92,179
39,95,167,55,90,192
39,95,175,55,88,205
39,95,183,57,87,217
39,95,191,59,86,226
39,95,199,60,84,233
39,95,207,62,84,239
39,95,215,63,83,244
39,95,223,64,82,248
39,95,231,65,81,250
39,95,239,65,80,252
39,95,247,66,80,253
39,95,255,67,79,254
39,103,0,53,146,17
39,103,7,54,144,21
39,103,15,55,142,26
39,103,23,55,140,31
39,103,31,55,138,36
39,103,39,56,137,42
39,103,47,57,135,48
39,103,55,59,134,54
39,103,63,59,131,61
39,103,71,58,129,67
39,103,79,58,127,74
39,103,87,58,124,82
39,103,95,59,123,91
39,103,103,58,120,98
39,103,111,57,118,106
39,103,119,57,116,115
39,103,127,58,113,125
39,103,135,57,111,135
39,103,143,57,108,146
39,103,151,56,105,159
39,103,159,56,102,173
39,103,167,56,99,187
39,103,175,58,97,200
39,103,183,58,95,212
39,103,191,61,93,223
39,103,199,62,91,231
39,103,207,64,90,238
39,103,215,65,89,243
39,103,223,66,87,247
39,103,231,67,86,250
39,103,239,67,85,252
39,103,247,68,84,253
39,103,255,68,83,254
39,111,0,55,158,18
39,111,7,55,156,22
39,111,15,56,154,26
39,111,23,58,152,31
39,111,31,58,150,37
39,111,39,58,149,42
39,111,47,58,147,47
39,111,55,58,145,53
39,111,63,59,143,59
39,111,71,61,141,66
39,111,79,62,139,74
39,111,87,61,137,81
39,111,95,60,134,88
39,111,103,60,132,96
39,111,111,61,130,105
39,111,119,60,128,112
39,111,127,59,125,121
39,111,135,60,122,131
39,111,143,59,120,142
39,111,151,56,117,154
39,111,159,58,113,168
39,111,167,58,110,182
39,111,175,58,107,196
39,111,183,60,104,208
39,111,191,61,102,219
39,111,199,63,99,229
39,111,207,64,97,236
39,111,215,66,95,242
39,111,223,68,94,247
39,111,231,68,92,250
39,111,239,69,91,252
39,111,247,69,90,253
39,111,255,70,88,254
39,119,0,53,171,18
39,119,7,54,169,22
39,119,15,56,167,26
39,119,23,57,165,31
39,119,31,59,162,37
39,119,39,61,160,42
39,119,47,62,159,48
39,119,55,62,157,53
39,119,63,62,155,59
39,119,71,61,153,64
39,119,79,61,151,71
39,119,87,62,149,79
39,119,95,64,147,87
39,119,103,63,145,94
39,119,111,61,142,101
39,119,119,61,140,110
39,119,127,63,137,119
39,119,135,62,135,127
39,119,143,61,132,138
39,119,151,61,129,149
39,119,159,61,125,162
39,119,167,60,122,176
39,119,175,62,118,190
39,119,183,60,115,203
39,119,191,63,112,215
39,119,199,63,109,225
39,119,207,66,106,234
39,119,215,66,103,241
39,119,223,67,101,246
39,119,231,69,99,250
39,119,239,69,98,252
39,119,247,70,96,254
39,119,255,72,95,254
39,127,0,55,183,20
39,127,7,56,181,23
39,127,15,57,179,28
39,127,23,57,177,32
39,127,31,57,175,36
39,127,39,58,172,41
39,127,47,59,171,47
39,127,55,61,169,52
39,127,63,63,167,58
39,127,71,65,165,64
39,127,79,64,163,70
39,127,87,62,161,76
39,127,95,61,158,83
39,127,103,63,156,91
39,127,111,66,154,99
39,127,119,65,152,107
39,127,127,62,149,115
39,127,135,63,147,124
39,127,143,65,144,133
39,127,151,62,141,144
39,127,159,62,138,156
39,127,167,64,134,169
39,127,175,61,130,183
39,127,183,62,126,198
39,127,191,61,122,211
39,127,199,62,119,222
39,127,207,65,115,231
39,127,215,67,112,238
39,127,223,68,110,244
39,127,231,70,107,249
39,127,239,71,105,252
39,127,247,72,103,254
39,127,255,73,102,255
39,135,0,57,195,21
39,135,7,58,194,24
39,135,15,59,192,27
39,135,23,60,190,32
39,135,31,61,188,37
39,135,39,61,185,41
39,135,47,61,183,47
39,135,55,60,181,51
39,135,63,60,179,56
39,135,71,62,177,62
39,135,79,64,175,68
39,135,87,66,173,75
39,135,95,66,171,82
39,135,103,64,168,88
39,135,111,63,166,96
39,135,119,65,164,104
39,135,127,68,161,112
39,135,135,65,159,120
39,135,143,63,156,130
39,135,151,64,154,140
39,135,159,66,150,150
39,135,167,63,147,163
39,135,175,63,143,177
39,135,183,63,138,191
39,135,191,63,134,204
39,135,199,64,130,216
39,135,207,66,126,227
39,135,215,67,122,235
39,135,223,69,119,242
39,135,231,70,116,248
39,135,239,71,114,252
39,135,247,73,111,254
39,135,255,73,109,254
39,143,0,57,208,22
39,143,7,58,207,25
39,143,15,59,205,28
39,143,23,60,203,32
39,143,31,62,200,37
39,143,39,64,197,42
39,143,47,64,195,47
39,143,55,64,193,52
39,143,63,63,192,56
39,143,71,63,190,61
39,143,79,61,188,66
39,143,87,62,186,72
39,143,95,65,184,79
39,143,103,67,181,87
39,143,111,67,179,93
39,143,119,65,177,100
39,143,127,64,175,108
39,143,135,66,172,117
39,143,143,68,169,125
39,143,151,65,167,135
39,143,159,64,164,145
39,143,167,66,160,157
39,143,175,65,156,170
39,143,183,63,152,183
39,143,191,64,147,197
39,143,199,66,142,210
39,143,207,66,138,221
39,143,215,69,133,231
39,143,223,69,130,240
39,143,231,71,126,246
39,143,239,71,123,250
39,143,247,73,120,254
39,143,255,74,118,255
39,151,0,58,219,24
39,151,7,58,218,27
39,151,15,59,217,30
39,151,23,59,215,33
39,151,31,60,213,37
39,151,39,61,210,42
39,151,47,62,207,46
39,151,55,63,205,51
39,151,63,65,203,56
39,151,71,67,201,61
39,151,79,66,200,65
39,151,87,64,198,71
39,151,95,64,197,77
39,151,103,64,194,84
39,151,111,66,192,91
39,151,119,68,189,98
39,151,127,68,187,105
39,151,135,66,185,113
39,151,143,65,183,121
39,151,151,68,180,130
39,151,159,68,177,140
39,151,167,65,174,151
39,151,175,65,170,163
39,151,183,66,166,176
39,151,191,66,161,189
39,151,199,65,156,202
39,151,207,68,151,214
39,151,215,68,146,226
39,151,223,69,142,235
39,151,231,70,138,244
39,151,239,71,134,250
39,151,247,73,130,253
39,151,255,74,127,255
39,159,0,60,227,26
39,159,7,60,226,29
39,159,15,61,225,32
39,159,23,62,224,36
39,159,31,62,223,39
39,159,39,62,220,43
39,159,47,62,218,47
39,159,55,63,216,51
39,159,63,63,214,55
39,159,71,64,212,60
39,159,79,66,210,65
39,159,87,68,209,70
39,159,95,69,207,76
39,159,103,67,206,81
39,159,111,66,204,88
39,159,119,66,202,95
39,159,127,67,200,102
39,159,135,69,197,110
39,159,143,69,196,118
39,159,151,66,194,126
39,159,159,67,191,135
39,159,167,69,187,145
39,159,175,68,184,157
39,159,183,65,181,169
39,159,191,66,176,181
39,159,199,69,171,194
39,159,207,67,166,207
39,159,215,68,160,219
39,159,223,70,155,230
39,159,231,71,150,239
39,159,239,72,146,247
39,159,247,74,141,253
39,159,255,75,138,254
39,167,0,62,232,29
39,167,7,63,231,31
39,167,15,64,231,33
39,167,23,65,230,37
39,167,31,67,229,42
39,167,39,66,227,45
39,167,47,66,226,48
39,167,55,66,224,52
39,167,63,65,222,55
39,167,71,65,221,59
39,167,79,65,220,64
39,167,87,65,219,69
39,167,95,66,217,74
39,167,103,69,215,80
39,167,111,70,214,86
39,167,119,68,213,92
39,167,127,66,212,99
39,167,135,67,210,106
39,167,143,68,208,114
39,167,151,71,205,122
39,167,159,68,204,130
39,167,167,66,202,140
39,167,175,68,198,150
39,167,183,69,194,162
39,167,191,68,190,173
39,167,199,66,186,186
39,167,207,68,181,199
39,167,215,69,175,212
39,167,223,69,170,223
39,167,231,71,164,234
39,167,239,74,158,243
39,167,247,74,153,250
39,167,255,76,149,255
39,175,0,62,234,32
39,175,7,62,234,33
39,175,15,63,234,35
39,175,23,63,233,38
39,175,31,65,233,42
39,175,39,66,232,47
39,175,47,67,231,50
39,175,55,69,230,53
39,175,63,70,228,57
39,175,71,69,227,60
39,175,79,68,227,64
39,175,87,67,226,68
39,175,95,66,225,73
39,175,103,66,224,78
39,175,111,68,223,84
39,175,119,69,221,90
39,175,127,71,220,97
39,175,135,69,220,103
39,175,143,67,219,110
39,175,151,67,218,118
39,175,159,70,215,126
39,175,167,71,213,135
39,175,175,69,212,144
39,175,183,68,209,154
39,175,191,69,205,166
39,175,199,71,201,177
39,175,207,68,196,191
39,175,215,68,191,204
39,175,223,70,185,216
39,175,231,72,179,228
39,175,239,73,172,239
39,175,247,76,166,248
39,175,255,78,161,252
39,183,0,63,237,35
39,183,7,63,237,36
39,183,15,64,237,38
39,183,23,64,237,40
39,183,31,64,237,43
39,183,39,65,236,46
39,183,47,66,235,50
39,183,55,66,235,53
39,183,63,67,234,56
39,183,71,68,233,60
39,183,79,70,232,64
39,183,87,72,232,68
39,183,95,70,231,72
39,183,103,69,231,77
39,183,111,68,230,82
39,183,119,68,230,88
39,183,127,69,229,94
39,183,135,70,228,101
39,183,143,73,227,107
39,183,151,69,227,114
39,183,159,68,226,121
39,183,167,69,224,129
39,183,175,71,222,138
39,183,183,72,220,147
39,183,191,69,218,158
39,183,199,69,215,170
39,183,207,70,211,182
39,183,215,70,206,195
39,183,223,70,200,208
39,183,231,72,194,221
39,183,239,75,187,233
39,183,247,76,181,245
39,183,255,78,175,252
39,191,0,65,240,37
39,191,7,65,240,38
39,191,15,66,240,40
39,191,23,67,240,42
39,191,31,66,240,44
39,191,39,66,240,47
39,191,47,66,239,50
39,191,55,66,239,53
39,191,63,66,238,56
39,191,71,67,238,59
39,191,79,68,238,63
39,191,87,68,237,67
39,191,95,69,237,71
39,191,103,71,236,76
39,191,111,72,236,81
39,191,119,70,236,86
39,191,127,69,235,92
39,191,135,69,235,98
39,191,143,70,234,104
39,191,151,72,233,110
39,191,159,74,232,117
39,191,167,70,232,125
39,191,175,70,231,132
39,191,183,71,230,141
39,191,191,72,228,151
39,191,199,72,226,161
39,191,207,70,222,174
39,191,215,71,219,186
39,191,223,72,214,200
39,191,231,73,209,213
39,191,239,74,203,227
39,191,247,76,197,239
39,191,255,79,190,250
39,199,0,66,242,38
39,199,7,67,243,39
39,199,15,67,243,41
39,199,23,68,243,43
39,199,31,69,243,46
39,199,39,70,243,48
39,199,47,69,243,51
39,199,55,69,242,53
39,199,63,69,242,56
39,199,71,68,242,59
39,199,79,68,241,62
39,199,87,68,241,66
39,199,95,68,241,70
39,199,103,69,240,74
39,199,111,70,240,79
39,199,119,72,240,84
39,199,127,73,240,90
39,199,135,71,239,95
39,199,143,68,239,100
39,199,151,70,239,106
39,199,159,72,239,113
39,199,167,73,238,120
39,199,175,75,238,127
39,199,183,70,237,135
39,199,191,71,236,144
39,199,199,72,234,154
39,199,207,74,232,164
39,199,215,72,230,178
39,199,223,72,226,191
39,199,231,73,222,205
39,199,239,76,217,219
39,199,247,76,212,233
39,199,255,78,206,245
39,207,0,66,244,39
39,207,7,66,244,40
39,207,15,67,244,42
39,207,23,67,245,43
39,207,31,68,245,46
39,207,39,69,245,49
39,207,47,70,245,51
39,207,55,70,245,54
39,207,63,71,245,57
39,207,71,72,245,60
39,207,79,71,245,62
39,207,87,70,244,65
39,207,95,69,244,69
39,207,103,69,244,72
39,207,111,69,244,77
39,207,119,70,243,82
39,207,127,71,243,87
39,207,135,73,243,92
39,207,143,74,243,98
39,207,151,73,243,103
39,207,159,72,243,109
39,207,167,72,243,115
39,207,175,73,243,122
39,207,183,75,242,129
39,207,191,75,242,137
39,207,199,73,241,147
39,207,207,73,240,157
39,207,215,74,238,168
39,207,223,75,236,182
39,207,231,74,233,196
39,207,239,75,229,211
39,207,247,77,225,226
39,207,255,80,220,241
39,215,0,66,246,41
39,215,7,67,246,42
39,215,15,67,247,43
39,215,23,67,247,44
39,215,31,68,247,46
39,215,39,68,247,48
39,215,47,69,247,51
39,215,55,70,247,54
39,215,63,70,247,56
39,215,71,71,247,59
39,215,79,72,247,62
39,215,87,72,247,65
39,215,95,73,247,68
39,215,103,72,247,72
39,215,111,71,247,75
39,215,119,70,246,80
39,215,127,71,246,84
39,215,135,71,246,89
39,215,143,72,246,94
39,215,151,73,246,100
39,215,159,75,247,106
39,215,167,74,246,111
39,215,175,73,246,118
39,215,183,73,246,124
39,215,191,74,246,132
39,215,199,76,246,140
39,215,207,75,246,150
39,215,215,74,245,161
39,215,223,75,243,173
39,215,231,76,242,187
39,215,239,77,239,202
39,215,247,77,236,218
39,215,255,79,232,233
39,223,0,67,249,41
39,223,7,67,249,42
39,223,15,68,249,44
39,223,23,68,249,45
39,223,31,69,249,47
39,223,39,69,249,49
39,223,47,69,249,51
39,223,55,70,249,53
39,223,63,70,249,56
39,223,71,71,249,58
39,223,79,71,249,61
39,223,87,71,249,64
39,223,95,72,249,67
39,223,103,72,249,71
39,223,111,73,249,74
39,223,119,74,249,78
39,223,127,73,249,82
39,223,135,72,249,87
39,223,143,72,249,92
39,223,151,72,249,97
39,223,159,73,249,102
39,223,167,74,249,107
39,223,175,76,250,114
39,223,183,74,250,120
39,223,191,74,250,127
39,223,199,74,250,135
39,223,207,75,250,144
39,223,215,77,249,154
39,223,223,76,249,166
39,223,231,76,248,179
39,223,239,77,246,194
39,223,247,79,245,210
39,223,255,80,242,226
39,231,0,68,251,42
39,231,7,69,251,43
39,231,15,69,251,44
39,231,23,70,251,46
39,231,31,71,251,48
39,231,39,71,251,50
39,231,47,71,251,51
39,231,55,71,251,53
39,231,63,71,251,55
39,231,71,71,251,58
39,231,79,71,251,60
39,231,87,71,251,63
39,231,95,71,251,66
39,231,103,72,251,69
39,231,111,72,251,72
39,231,119,73,251,76
39,231,127,74,251,80
39,231,135,74,251,85
39,231,143,74,251,89
39,231,151,73,251,94
39,231,159,73,251,99
39,231,167,73,251,104
39,231,175,74,252,109
39,231,183,75,252,116
39,231,191,76,252,123
39,231,199,75,252,130
39,231,207,75,252,139
39,231,215,75,252,148
39,231,223,77,252,159
39,231,231,78,252,172
39,231,239,78,251,186
39,231,247,79,250,201
39,231,255,80,249,218
39,239,0,68,253,43
39,239,7,69,253,44
39,239,15,69,253,44
39,239,23,69,253,46
39,239,31,70,253,47
39,239,39,71,253,49
39,239,47,72,253,52
39,239,55,72,253,53
39,239,63,72,252,55
39,239,71,73,252,58
39,239,79,73,252,60
39,239,87,72,252,62
39,239,95,72,252,65
39,239,103,72,252,68
39,239,111,72,252,71
39,239,119,72,252,74
39,239,127,72,253,78
39,239,135,73,253,82
39,239,143,74,253,87
39,239,151,75,253,92
39,239,159,75,253,96
39,239,167,74,253,101
39,239,175,74,253,106
39,239,183,74,253,112
39,239,191,75,254,118
39,239,199,76,254,125
39,239,207,76,254,134
39,239,215,76,254,143
39,239,223,76,253,154
39,239,231,77,253,166
39,239,239,78,254,180
39,239,247,80,253,194
39,239,255,80,253,209
39,247,0,69,255,44
39,247,7,69,254,44
39,247,15,69,254,45
39,247,23,69,254,46
39,247,31,70,254,47
39,247,39,70,254,49
39,247,47,71,254,51
39,247,55,72,254,53
39,247,63,72,254,55
39,247,71,72,254,57
39,247,79,73,254,59
39,247,87,73,254,62
39,247,95,73,253,64
39,247,103,73,253,67
39,247,111,73,253,69
39,247,119,72,253,72
39,247,127,72,253,76
39,247,135,72,254,80
39,247,143,73,254,84
39,247,151,74,254,89
39,247,159,74,254,94
39,247,167,75,254,98
39,247,175,75,254,103
39,247,183,75,254,109
39,247,191,75,254,114
39,247,199,75,254,121
39,247,207,76,254,129
39,247,215,77,254,138
39,247,223,77,254,148
39,247,231,77,254,160
39,247,239,78,254,173
39,247,247,79,254,187
39,247,255,81,255,202
39,255,0,69,255,43
39,255,7,69,255,44
39,255,15,70,255,45
39,255,23,70,255,46
39,255,31,70,255,47
39,255,39,70,255,48
39,255,47,71,255,50
39,255,55,71,255,52
39,255,63,72,254,54
39,255,71,72,254,56
39,255,79,72,254,59
39,255,87,73,254,61
39,255,95,73,254,64
39,255,103,73,254,66
39,255,111,73,254,69
39,255,119,73,254,72
39,255,127,73,254,75
39,255,135,73,254,79
39,255,143,74,254,83
39,255,151,74,254,87
39,255,159,75,254,92
39,255,167,75,254,97
39,255,175,76,254,102
39,255,183,76,254,108
39,255,191,76,254,113
39,255,199,77,254,120
39,255,207,77,254,127
39,255,215,78,254,135
39,255,223,78,254,145
39,255,231,79,254,156
39,255,239,80,254,168
39,255,247,80,255,181
39,255,255,82,255,193
47,0,0,40,1,12
47,0,7,40,1,21
47,0,15,41,1,31
47,0,23,41,1,41
47,0,31,40,2,52
47,0,39,40,2,62
47,0,47,39,2,73
47,0,55,38,2,83
47,0,63,37,3,94
47,0,71,35,3,105
47,0,79,33,4,117
47,0,87,31,4,130
47,0,95,29,5,143
47,0,103,27,5,158
47,0,111,25,6,173
47,0,119,24,7,186
47,0,127,24,8,198
47,0,135,24,10,210
47,0,143,25,12,218
47,0,151,26,13,225
47,0,159,28,15,229
47,0,167,29,16,232
47,0,175,31,18,234
47,0,183,33,20,236
47,0,191,33,22,239
47,0,199,34,23,241
47,0,207,34,25,243
47,0,215,35,27,245
47,0,223,37,29,248
47,0,231,37,31,250
47,0,239,36,32,252
47,0,247,36,33,254
47,0,255,37,35,255
47,7,0,40,4,12
47,7,7,41,4,18
47,7,15,41,5,28
47,7,23,41,5,39
47,7,31,41,5,49
47,7,39,41,5,59
47,7,47,40,6,69
47,7,55,39,6,79
47,7,63,38,6,90
47,7,71,37,7,100
47,7,79,35,7,112
47,7,87,34,8,124
47,7,95,32,9,138
47,7,103,30,9,152
47,7,111,28,10,166
47,7,119,27,11,180
47,7,127,27,13,193
47,7,135,27,14,205
47,7,143,27,16,215
47,7,151,29,18,222
47,7,159,31,19,226
47,7,167,32,21,230
47,7,175,33,22,233
47,7,183,35,25,235
47,7,191,36,27,238
47,7,199,37,27,240
47,7,207,37,28,243
47,7,215,37,30,245
47,7,223,38,32,247
47,7,231,39,34,250
47,7,239,39,35,252
47,7,247,39,36,254
47,7,255,38,37,255
47,15,0,41,11,11
47,15,7,41,11,18
47,15,15,42,11,26
47,15,23,42,11,36
47,15,31,42,11,45
47,15,39,41,11,55
47,15,47,41,11,65
47,15,55,40,11,75
47,15,63,40,11,85
47,15,71,39,12,96
47,15,79,37,12,107
47,15,87,36,13,119
47,15,95,35,13,132
47,15,103,33,14,145
47,15,111,32,15,159
47,15,119,31,16,174
47,15,127,31,18,186
47,15,135,31,19,198
47,15,143,31,20,210
47,15,151,32,23,218
47,15,159,34,25,223
47,15,167,35,26,228
47,15,175,36,27,232
47,15,183,37,29,235
47,15,191,39,31,238
47,15,199,40,33,240
47,15,207,40,33,242
47,15,215,40,34,245
47,15,223,40,36,247
47,15,231,41,38,249
47,15,239,42,39,251
47,15,247,41,39,253
47,15,255,41,40,255
47,23,0,42,21,11
47,23,7,42,20,16
47,23,15,43,20,24
47,23,23,43,19,33
47,23,31,43,19,42
47,23,39,43,19,51
47,23,47,43,19,61
47,23,55,42,19,71
47,23,63,42,19,81
47,23,71,41,19,91
47,23,79,40,19,102
47,23,87,39,19,114
47,23,95,38,20,125
47,23,103,37,21,138
47,23,111,36,21,151
47,23,119,35,22,165
47,23,127,34,23,178
47,23,135,35,25,190
47,23,143,36,27,201
47,23,151,35,28,212
47,23,159,37,30,219
47,23,167,39,33,225
47,23,175,40,34,230
47,23,183,41,35,234
47,23,191,42,36,237
47,23,199,43,38,240
47,23,207,45,40,242
47,23,215,44,40,244
47,23,223,43,40,247
47,23,231,44,41,249
47,23,239,45,43,251
47,23,247,45,44,253
47,23,255,44,44,254
47,31,0,44,32,9
47,31,7,44,31,16
47,31,15,44,30,22
47,31,23,44,29,31
47,31,31,44,29,39
47,31,39,44,28,48
47,31,47,44,28,57
47,31,55,44,27,67
47,31,63,43,27,77
47,31,71,43,27,87
47,31,79,42,27,97
47,31,87,41,27,108
47,31,95,41,27,120
47,31,103,40,28,132
47,31,111,39,28,144
47,31,119,38,29,157
47,31,127,38,30,170
47,31,135,38,31,183
47,31,143,38,33,195
47,31,151,40,35,205
47,31,159,41,36,215
47,31,167,42,38,222
47,31,175,43,40,228
47,31,183,46,41,232
47,31,191,46,42,237
47,31,199,46,43,239
47,31,207,47,45,242
47,31,215,48,46,244
47,31,223,48,46,247
47,31,231,47,46,249
47,31,239,48,47,251
47,31,247,48,48,252
47,31,255,49,49,254
47,39,0,45,43,9
47,39,7,45,42,15
47,39,15,46,41,22
47,39,23,46,40,30
47,39,31,46,39,37
47,39,39,46,38,46
47,39,47,46,38,54
47,39,55,46,37,64
47,39,63,45,36,73
47,39,71,45,36,83
47,39,79,45,35,93
47,39,87,44,35,104
47,39,95,43,35,115
47,39,103,43,35,126
47,39,111,42,36,139
47,39,119,42,36,151
47,39,127,41,37,164
47,39,135,41,38,176
47,39,143,42,39,189
47,39,151,42,40,201
47,39,159,43,42,211
47,39,167,46,44,219
47,39,175,47,45,226
47,39,183,47,46,231
47,39,191,49,48,236
47,39,199,51,50,239
47,39,207,50,50,242
47,39,215,51,51,244
47,39,223,51,51,247
47,39,231,52,52,249
47,39,239,52,52,251
47,39,247,51,52,252
47,39,255,52,53,253
47,47,0,47,55,10
47,47,7,47,54,16
47,47,15,47,53,22
47,47,23,48,51,29
47,47,31,48,50,36
47,47,39,48,49,44
47,47,47,48,48,52
47,47,55,48,47,61
47,47,63,47,46,70
47,47,71,47,45,79
47,47,79,47,45,89
47,47,87,46,44,100
47,47,95,46,44,110
47,47,103,45,44,122
47,47,111,45,44,133
47,47,119,44,44,145
47,47,127,44,44,158
47,47,135,44,45,171
47,47,143,44,45,184
47,47,151,44,46,197
47,47,159,47,47,207
47,47,167,47,49,217
47,47,175,49,50,225
47,47,183,51,52,230
47,47,191,51,53,235
47,47,199,53,54,239
47,47,207,53,55,242
47,47,215,55,55,245
47,47,223,55,56,247
47,47,231,54,56,249
47,47,239,55,56,251
47,47,247,56,57,252
47,47,255,55,57,253
47,55,0,49,68,11
47,55,7,49,66,16
47,55,15,49,65,22
47,55,23,49,63,29
47,55,31,50,62,36
47,55,39,50,61,43
47,55,47,50,60,51
47,55,55,50,58,59
47,55,63,49,57,68
47,55,71,49,56,77
47,55,79,49,55,86
47,55,87,49,54,96
47,55,95,48,53,106
47,55,103,48,52,117
47,55,111,47,52,128
47,55,119,47,52,140
47,55,127,46,52,152
47,55,135,46,51,165
47,55,143,46,52,179
47,55,151,47,52,192
47,55,159,48,53,204
47,55,167,50,54,214
47,55,175,52,55,222
47,55,183,53,57,229
47,55,191,54,57,234
47,55,199,56,58,238
47,55,207,57,59,242
47,55,215,57,59,245
47,55,223,58,60,247
47,55,231,59,60,250
47,55,239,58,60,251
47,55,247,58,60,253
47,55,255,58,61,254
47,63,0,51,80,12
47,63,7,51,78,17
47,63,15,51,77,23
47,63,23,51,75,29
47,63,31,52,74,36
47,63,39,52,72,43
47,63,47,52,71,50
47,63,55,52,70,57
47,63,63,52,68,66
47,63,71,51,67,74
47,63,79,51,65,83
47,63,87,51,64,93
47,63,95,50,63,103
47,63,103,50,62,113
47,63,111,50,61,123
47,63,119,49,60,135
47,63,127,49,60,147
47,63,135,49,59,160
47,63,143,49,59,173
47,63,151,49,59,187
47,63,159,50,59,200
47,63,167,53,60,210
47,63,175,54,61,220
47,63,183,55,61,227
47,63,191,58,63,233
47,63,199,58,63,238
47,63,207,59,64,242
47,63,215,61,64,245
47,63,223,60,64,248
47,63,231,60,64,250
47,63,239,61,64,252
47,63,247,61,64,253
47,63,255,61,63,254
47,71,0,54,92,13
47,71,7,54,91,18
47,71,15,54,89,24
47,71,23,54,87,30
47,71,31,54,86,36
47,71,39,54,84,43
47,71,47,54,83,49
47,71,55,54,81,57
47,71,63,54,80,64
47,71,71,54,78,73
47,71,79,53,77,81
47,71,87,53,75,90
47,71,95,53,74,99
47,71,103,53,72,109
47,71,111,52,71,119
47,71,119,52,70,130
47,71,127,52,68,141
47,71,135,51,67,154
47,71,143,52,66,167
47,71,151,50,66,182
47,71,159,52,66,195
47,71,167,53,66,206
47,71,175,55,66,217
47,71,183,58,67,225
47,71,191,57,68,232
47,71,199,60,68,237
47,71,207,61,69,242
47,71,215,61,68,245
47,71,223,62,68,248
47,71,231,63,68,250
47,71,239,63,68,252
47,71,247,63,67,253
47,71,255,63,67,254
47,79,0,56,105,14
47,79,7,56,103,19
47,79,15,56,102,25
47,79,23,56,100,30
47,79,31,56,98,36
47,79,39,56,97,43
47,79,47,56,95,49
47,79,55,57,94,56
47,79,63,57,92,64
47,79,71,56,90,72
47,79,79,56,88,80
47,79,87,56,87,88
47,79,95,55,85,97
47,79,103,55,83,106
47,79,111,55,82,115
47,79,119,55,80,126
47,79,127,54,78,137
47,79,135,54,77,149
47,79,143,54,75,162
47,79,151,54,74,175
47,79,159,54,73,189
47,79,167,55,73,202
47,79,175,57,73,213
47,79,183,58,73,222
47,79,191,60,73,230
47,79,199,62,73,235
47,79,207,64,74,241
47,79,215,64,73,245
47,79,223,65,73,248
47,79,231,65,72,250
47,79,239,65,72,252
47,79,247,66,71,254
47,79,255,65,70,254
47,87,0,57,117,16
47,87,7,57,116,20
47,87,15,58,114,25
47,87,23,58,113,31
47,87,31,58,111,37
47,87,39,59,109,43
47,87,47,59,108,50
47,87,55,59,106,56
47,87,63,59,104,63
47,87,71,59,102,71
47,87,79,59,101,79
47,87,87,59,99,87
47,87,95,58,97,95
47,87,103,58,95,104
47,87,111,58,93,113
47,87,119,58,91,122
47,87,127,57,89,133
47,87,135,57,87,144
47,87,143,57,85,156
47,87,151,56,83,170
47,87,159,57,82,183
47,87,167,57,81,197
47,87,175,60,80,209
47,87,183,60,80,219
47,87,191,62,79,228
47,87,199,64,79,235
47,87,207,65,78,240
47,87,215,68,78,245
47,87,223,66,78,248
47,87,231,67,77,250
47,87,239,68,76,252
47,87,247,67,75,253
47,87,255,67,74,254
47,95,0,59,130,18
47,95,7,60,128,22
47,95,15,60,127,26
47,95,23,60,125,31
47,95,31,61,123,38
47,95,39,61,122,43
47,95,47,61,121,50
47,95,55,61,119,56
47,95,63,62,117,63
47,95,71,62,115,70
47,95,79,62,113,78
47,95,87,61,111,85
47,95,95,61,109,94
47,95,103,61,107,102
47,95,111,61,105,110
47,95,119,60,103,119
47,95,127,61,101,129
47,95,135,59,98,140
47,95,143,59,96,152
47,95,151,59,94,165
47,95,159,59,92,179
47,95,167,60,90,192
47,95,175,60,88,205
47,95,183,62,87,216
47,95,191,63,86,225
47,95,199,65,85,233
47,95,207,67,84,239
47,95,215,67,83,244
47,95,223,68,83,248
47,95,231,68,82,251
47,95,239,68,81,252
47,95,247,69,80,253
47,95,255,69,79,254
47,103,0,60,142,19
47,103,7,60,141,23
47,103,15,61,139,27
47,103,23,62,137,33
47,103,31,63,136,38
47,103,39,63,135,44
47,103,47,63,133,50
47,103,55,64,132,56
47,103,63,64,129,62
47,103,71,64,127,69
47,103,79,64,125,76
47,103,87,65,123,85
47,103,95,64,121,92
47,103,103,63,119,100
47,103,111,63,117,108
47,103,119,64,115,117
47,103,127,63,113,126
47,103,135,62,110,135
47,103,143,63,108,147
47,103,151,61,105,160
47,103,159,62,102,173
47,103,167,61,100,187
47,103,175,63,98,200
47,103,183,63,95,212
47,103,191,65,94,223
47,103,199,66,92,231
47,103,207,68,91,238
47,103,215,69,89,243
47,103,223,69,88,247
47,103,231,70,87,250
47,103,239,70,86,252
47,103,247,71,85,253
47,103,255,71,84,254
47,111,0,60,154,20
47,111,7,61,153,23
47,111,15,62,151,27
47,111,23,63,149,33
47,111,31,63,147,39
47,111,39,64,146,44
47,111,47,64,145,49
47,111,55,65,143,55
47,111,63,66,142,62
47,111,71,67,140,69
47,111,79,66,138,75
47,111,87,66,135,83
47,111,95,66,133,90
47,111,103,67,131,98
47,111,111,66,129,106
47,111,119,65,127,114
47,111,127,65,125,122
47,111,135,66,122,132
47,111,143,64,119,142
47,111,151,63,117,155
47,111,159,63,113,168
47,111,167,63,110,182
47,111,175,64,107,196
47,111,183,65,105,208
47,111,191,65,102,219
47,111,199,68,100,229
47,111,207,69,98,236
47,111,215,70,96,242
47,111,223,71,94,247
47,111,231,71,93,250
47,111,239,72,91,252
47,111,247,72,90,253
47,111,255,72,89,253
47,119,0,63,166,20
47,119,7,64,165,24
47,119,15,64,163,28
47,119,23,65,162,33
47,119,31,65,159,39
47,119,39,66,158,44
47,119,47,66,157,49
47,119,55,66,155,55
47,119,63,67,153,61
47,119,71,67,151,67
47,119,79,68,149,74
47,119,87,69,147,82
47,119,95,69,145,88
47,119,103,68,143,96
47,119,111,67,141,103
47,119,119,68,139,112
47,119,127,68,137,120
47,119,135,67,134,128
47,119,143,67,132,139
47,119,151,67,129,150
47,119,159,66,125,162
47,119,167,65,122,176
47,119,175,66,118,190
47,119,183,65,115,203
47,119,191,68,112,215
47,119,199,68,109,225
47,119,207,70,106,234
47,119,215,71,104,241
47,119,223,71,102,246
47,119,231,73,100,250
47,119,239,73,98,252
47,119,247,73,96,254
47,119,255,74,95,254
47,127,0,61,179,21
47,127,7,62,177,25
47,127,15,63,175,29
47,127,23,64,173,34
47,127,31,64,171,38
47,127,39,65,169,44
47,127,47,67,168,49
47,127,55,69,166,55
47,127,63,69,165,60
47,127,71,69,163,66
47,127,79,69,161,72
47,127,87,68,159,79
47,127,95,68,157,86
47,127,103,71,155,94
47,127,111,70,153,101
47,127,119,69,151,109
47,127,127,68,149,117
47,127,135,70,146,126
47,127,143,70,144,135
47,127,151,68,141,145
47,127,159,68,138,157
47,127,167,69,134,170
47,127,175,66,130,184
47,127,183,68,126,198
47,127,191,66,122,211
47,127,199,68,119,222
47,127,207,70,116,231
47,127,215,72,113,238
47,127,223,72,110,244
47,127,231,74,108,249
47,127,239,74,106,252
47,127,247,75,104,254
47,127,255,75,102,254
47,135,0,62,192,22
47,135,7,63,191,25
47,135,15,64,189,29
47,135,23,65,187,34
47,135,31,66,184,39
47,135,39,66,182,43
47,135,47,67,180,49
47,135,55,67,178,53
47,135,63,67,177,59
47,135,71,69,175,65
47,135,79,71,173,71
47,135,87,71,171,77
47,135,95,70,169,84
47,135,103,70,167,91
47,135,111,70,165,98
47,135,119,72,163,106
47,135,127,72,161,114
47,135,135,70,158,122
47,135,143,69,156,131
47,135,151,71,153,141
47,135,159,70,150,152
47,135,167,68,146,164
47,135,175,69,143,177
47,135,183,68,138,191
47,135,191,68,134,204
47,135,199,70,130,216
47,135,207,71,126,227
47,135,215,71,122,235
47,135,223,73,119,242
47,135,231,74,116,248
47,135,239,74,114,252
47,135,247,76,111,254
47,135,255,76,110,254
47,143,0,64,205,23
47,143,7,65,204,26
47,143,15,66,202,29
47,143,23,66,200,33
47,143,31,68,197,39
47,143,39,68,195,44
47,143,47,69,193,49
47,143,55,69,191,54
47,143,63,69,189,58
47,143,71,69,188,63
47,143,79,68,186,69
47,143,87,69,184,75
47,143,95,72,182,82
47,143,103,73,180,89
47,143,111,72,178,96
47,143,119,71,176,103
47,143,127,70,174,111
47,143,135,73,171,119
47,143,143,73,169,127
47,143,151,70,166,137
47,143,159,70,163,147
47,143,167,72,160,158
47,143,175,69,156,171
47,143,183,69,152,184
47,143,191,70,147,197
47,143,199,71,142,210
47,143,207,71,137,221
47,143,215,74,133,231
47,143,223,73,130,240
47,143,231,75,126,246
47,143,239,75,123,250
47,143,247,76,120,254
47,143,255,77,118,255
47,151,0,63,216,25
47,151,7,64,215,28
47,151,15,65,214,31
47,151,23,65,212,35
47,151,31,66,210,39
47,151,39,68,207,44
47,151,47,69,204,49
47,151,55,71,202,54
47,151,63,72,200,58
47,151,71,71,199,63
47,151,79,71,198,68
47,151,87,70,197,73
47,151,95,70,195,80
47,151,103,71,193,86
47,151,111,73,191,94
47,151,119,74,188,101
47,151,127,73,186,107
47,151,135,71,185,115
47,151,143,71,183,123
47,151,151,74,180,132
47,151,159,72,176,142
47,151,167,71,173,152
47,151,175,71,170,164
47,151,183,71,165,177
47,151,191,70,161,190
47,151,199,70,156,203
47,151,207,73,150,215
47,151,215,72,146,226
47,151,223,74,141,235
47,151,231,74,137,244
47,151,239,75,134,250
47,151,247,77,130,252
47,151,255,77,127,254
47,159,0,64,224,27
47,159,7,65,224,29
47,159,15,66,223,33
47,159,23,67,222,37
47,159,31,67,220,40
47,159,39,67,218,44
47,159,47,68,215,49
47,159,55,69,214,53
47,159,63,70,212,58
47,159,71,71,210,62
47,159,79,73,208,67
47,159,87,73,207,73
47,159,95,73,206,78
47,159,103,72,204,84
47,159,111,71,203,91
47,159,119,72,201,97
47,159,127,74,199,105
47,159,135,75,197,112
47,159,143,74,195,120
47,159,151,72,193,128
47,159,159,73,191,137
47,159,167,75,187,147
47,159,175,72,184,158
47,159,183,71,180,170
47,159,191,71,175,182
47,159,199,73,170,195
47,159,207,71,165,208
47,159,215,73,159,220
47,159,223,74,154,230
47,159,231,75,150,239
47,159,239,76,145,247
47,159,247,77,141,253
47,159,255,78,137,254
47,167,0,67,230,29
47,167,7,67,229,32
47,167,15,68,229,34
47,167,23,69,228,38
47,167,31,70,227,43
47,167,39,70,226,46
47,167,47,70,224,50
47,167,55,71,222,54
47,167,63,70,221,58
47,167,71,70,220,62
47,167,79,70,219,66
47,167,87,71,217,71
47,167,95,73,216,77
47,167,103,75,214,83
47,167,111,74,213,89
47,167,119,73,212,95
47,167,127,72,211,101
47,167,135,72,209,109
47,167,143,75,207,117
47,167,151,76,205,124
47,167,159,73,203,132
47,167,167,72,201,141
47,167,175,73,198,152
47,167,183,74,194,163
47,167,191,72,190,175
47,167,199,71,185,187
47,167,207,74,180,200
47,167,215,73,175,212
47,167,223,74,169,224
47,167,231,76,163,235
47,167,239,77,157,243
47,167,247,78,153,250
47,167,255,80,148,255
47,175,0,67,234,33
47,175,7,67,234,34
47,175,15,68,233,36
47,175,23,69,233,39
47,175,31,70,232,43
47,175,39,73,231,48
47,175,47,74,230,52
47,175,55,74,229,55
47,175,63,74,227,59
47,175,71,73,227,62
47,175,79,73,226,66
47,175,87,72,225,70
47,175,95,72,225,76
47,175,103,72,223,81
47,175,111,74,222,87
47,175,119,76,221,93
47,175,127,76,220,99
47,175,135,74,220,106
47,175,143,72,219,112
47,175,151,73,217,120
47,175,159,76,215,128
47,175,167,76,213,136
47,175,175,74,211,145
47,175,183,73,208,156
47,175,191,74,204,167
47,175,199,75,200,179
47,175,207,73,196,192
47,175,215,73,190,205
47,175,223,76,184,217
47,175,231,76,178,229
47,175,239,77,172,240
47,175,247,80,165,248
47,175,255,81,161,253
47,183,0,67,237,35
47,183,7,67,237,37
47,183,15,68,237,39
47,183,23,68,237,41
47,183,31,69,236,44
47,183,39,70,236,48
47,183,47,71,235,52
47,183,55,72,234,55
47,183,63,73,234,58
47,183,71,75,233,62
47,183,79,76,232,66
47,183,87,76,232,70
47,183,95,74,231,74
47,183,103,74,231,79
47,183,111,73,230,85
47,183,119,73,229,91
47,183,127,74,228,97
47,183,135,77,227,103
47,183,143,77,226,110
47,183,151,74,226,116
47,183,159,73,225,124
47,183,167,75,224,131
47,183,175,77,222,140
47,183,183,76,220,149
47,183,191,74,217,160
47,183,199,74,214,171
47,183,207,75,210,183
47,183,215,74,205,196
47,183,223,74,200,209
47,183,231,76,193,222
47,183,239,79,187,234
47,183,247,79,181,245
47,183,255,81,174,252
47,191,0,68,240,37
47,191,7,69,240,39
47,191,15,69,240,40
47,191,23,70,240,43
47,191,31,70,240,46
47,191,39,70,240,48
47,191,47,70,239,51
47,191,55,71,239,55
47,191,63,71,238,58
47,191,71,72,238,61
47,191,79,73,238,65
47,191,87,74,237,69
47,191,95,75,237,74
47,191,103,77,236,79
47,191,111,76,236,83
47,191,119,74,235,88
47,191,127,74,235,94
47,191,135,74,234,100
47,191,143,75,234,106
47,191,151,78,233,113
47,191,159,78,232,119
47,191,167,75,232,127
47,191,175,74,231,134
47,191,183,76,229,143
47,191,191,77,228,152
47,191,199,76,225,163
47,191,207,75,222,175
47,191,215,75,218,187
47,191,223,77,213,201
47,191,231,77,208,214
47,191,239,77,202,227
47,191,247,80,196,240
47,191,255,82,189,250
47,199,0,70,242,39
47,199,7,70,243,40
47,199,15,71,243,42
47,199,23,72,243,44
47,199,31,73,243,47
47,199,39,73,243,49
47,199,47,73,243,52
47,199,55,73,242,55
47,199,63,73,242,58
47,199,71,72,242,61
47,199,79,72,242,64
47,199,87,72,241,68
47,199,95,73,241,72
47,199,103,74,241,76
47,199,111,75,240,81
47,199,119,77,240,87
47,199,127,77,240,92
47,199,135,75,239,97
47,199,143,73,239,103
47,199,151,75,239,109
47,199,159,77,239,115
47,199,167,79,238,122
47,199,175,78,237,129
47,199,183,75,237,137
47,199,191,76,236,146
47,199,199,77,234,155
47,199,207,79,232,166
47,199,215,76,229,179
47,199,223,76,226,192
47,199,231,77,221,206
47,199,239,79,217,220
47,199,247,80,211,234
47,199,255,82,205,246
47,207,0,69,244,40
47,207,7,70,244,41
47,207,15,70,245,42
47,207,23,71,245,44
47,207,31,72,245,46
47,207,39,73,245,50
47,207,47,74,246,53
47,207,55,75,246,55
47,207,63,75,245,58
47,207,71,75,245,61
47,207,79,75,245,64
47,207,87,74,245,67
47,207,95,73,244,71
47,207,103,73,244,75
47,207,111,74,244,79
47,207,119,75,244,84
47,207,127,76,244,89
47,207,135,78,243,95
47,207,143,78,243,100
47,207,151,77,243,105
47,207,159,76,243,111
47,207,167,76,243,117
47,207,175,78,243,124
47,207,183,80,243,131
47,207,191,79,242,139
47,207,199,77,241,148
47,207,207,77,240,159
47,207,215,79,238,170
47,207,223,78,236,184
47,207,231,78,233,198
47,207,239,79,229,212
47,207,247,81,225,227
47,207,255,83,220,241
47,215,0,69,246,41
47,215,7,70,246,42
47,215,15,70,247,43
47,215,23,70,247,45
47,215,31,71,247,47
47,215,39,72,247,49
47,215,47,73,247,52
47,215,55,74,248,55
47,215,63,74,247,58
47,215,71,75,248,61
47,215,79,76,248,64
47,215,87,76,247,67
47,215,95,76,247,70
47,215,103,75,247,74
47,215,111,74,247,77
47,215,119,74,247,82
47,215,127,75,247,86
47,215,135,75,247,91
47,215,143,77,247,97
47,215,151,78,247,102
47,215,159,79,247,108
47,215,167,78,247,113
47,215,175,77,247,120
47,215,183,77,247,126
47,215,191,78,247,134
47,215,199,80,247,142
47,215,207,78,246,151
47,215,215,78,245,163
47,215,223,79,243,175
47,215,231,80,241,189
47,215,239,81,239,204
47,215,247,81,236,219
47,215,255,83,232,234
47,223,0,70,249,42
47,223,7,70,249,43
47,223,15,71,249,44
47,223,23,71,249,46
47,223,31,72,249,48
47,223,39,72,249,49
47,223,47,72,249,52
47,223,55,73,249,54
47,223,63,74,249,57
47,223,71,74,249,60
47,223,79,75,249,63
47,223,87,75,250,66
47,223,95,76,249,69
47,223,103,76,250,72
47,223,111,77,250,76
47,223,119,77,249,80
47,223,127,76,249,84
47,223,135,76,249,89
47,223,143,76,249,94
47,223,151,76,249,99
47,223,159,77,249,104
47,223,167,79,250,110
47,223,175,79,250,116
47,223,183,78,250,122
47,223,191,77,250,129
47,223,199,78,250,137
47,223,207,79,250,146
47,223,215,80,249,156
47,223,223,79,249,168
47,223,231,79,248,181
47,223,239,81,246,195
47,223,247,83,244,212
47,223,255,83,242,227
47,231,0,71,251,43
47,231,7,71,251,44
47,231,15,72,251,45
47,231,23,72,251,46
47,231,31,73,251,48
47,231,39,74,251,50
47,231,47,74,251,52
47,231,55,74,251,54
47,231,63,74,251,56
47,231,71,74,251,59
47,231,79,74,251,62
47,231,87,75,251,64
47,231,95,75,251,67
47,231,103,75,251,71
47,231,111,76,251,74
47,231,119,76,251,78
47,231,127,77,252,82
47,231,135,77,252,87
47,231,143,77,251,91
47,231,151,77,251,96
47,231,159,77,251,101
47,231,167,77,252,106
47,231,175,78,252,112
47,231,183,79,252,118
47,231,191,79,252,125
47,231,199,78,252,132
47,231,207,78,252,141
47,231,215,79,252,150
47,231,223,80,252,161
47,231,231,81,252,174
47,231,239,81,251,187
47,231,247,82,250,203
47,231,255,84,249,220
47,239,0,71,253,43
47,239,7,71,253,44
47,239,15,71,253,45
47,239,23,72,253,46
47,239,31,73,253,48
47,239,39,74,253,50
47,239,47,75,253,53
47,239,55,75,253,54
47,239,63,75,253,56
47,239,71,75,253,59
47,239,79,75,253,61
47,239,87,75,253,63
47,239,95,75,253,66
47,239,103,75,253,69
47,239,111,75,253,72
47,239,119,75,253,76
47,239,127,76,253,80
47,239,135,76,253,84
47,239,143,77,253,89
47,239,151,78,253,93
47,239,159,78,253,98
47,239,167,77,253,103
47,239,175,77,253,108
47,239,183,78,253,114
47,239,191,79,254,120
47,239,199,80,254,128
47,239,207,79,254,136
47,239,215,79,254,145
47,239,223,79,254,155
47,239,231,80,254,167
47,239,239,82,254,182
47,239,247,83,253,196
47,239,255,83,253,211
47,247,0,71,255,44
47,247,7,71,254,45
47,247,15,71,254,45
47,247,23,72,254,46
47,247,31,72,254,48
47,247,39,73,254,49
47,247,47,74,254,52
47,247,55,74,254,54
47,247,63,75,254,56
47,247,71,75,254,58
47,247,79,76,254,61
47,247,87,76,254,63
47,247,95,76,254,66
47,247,103,76,254,68
47,247,111,75,254,71
47,247,119,75,254,74
47,247,127,75,254,78
47,247,135,75,254,82
47,247,143,76,254,86
47,247,151,77,254,91
47,247,159,77,254,96
47,247,167,78,254,100
47,247,175,78,254,105
47,247,183,78,254,110
47,247,191,78,254,116
47,247,199,78,254,123
47,247,207,79,254,131
47,247,215,80,254,140
47,247,223,80,254,150
47,247,231,80,254,162
47,247,239,81,254,175
47,247,247,82,255,189
47,247,255,84,255,203
47,255,0,71,255,44
47,255,7,71,255,44
47,255,15,72,255,46
47,255,23,72,255,46
47,255,31,72,255,48
47,255,39,72,255,49
47,255,47,73,255,51
47,255,55,74,255,53
47,255,63,74,254,55
47,255,71,74,254,57
47,255,79,75,254,60
47,255,87,75,254,63
47,255,95,76,254,65
47,255,103,76,254,68
47,255,111,76,254,70
47,255,119,76,254,73
47,255,127,76,254,77
47,255,135,76,254,80
47,255,143,76,254,84
47,255,151,77,254,89
47,255,159,78,254,94
47,255,167,78,254,99
47,255,175,79,254,104
47,255,183,79,254,109
47,255,191,79,254,115
47,255,199,80,254,121
47,255,207,80,254,129
47,255,215,81,254,137
47,255,223,81,254,147
47,255,231,82,254,158
47,255,239,82,254,170
47,255,247,83,255,182
47,255,255,84,255,195
55,0,0,48,1,15
55,0,7,48,1,22
55,0,15,48,1,30
55,0,23,49,1,41
55,0,31,49,2,52
55,0,39,48,2,62
55,0,47,48,2,72
55,0,55,46,3,83
55,0,63,45,3,93
55,0,71,43,3,104
55,0,79,41,4,117
55,0,87,39,4,129
55,0,95,37,5,142
55,0,103,35,6,157
55,0,111,33,6,172
55,0,119,31,7,186
55,0,127,30,8,198
55,0,135,30,10,210
55,0,143,30,12,219
55,0,151,31,13,224
55,0,159,33,15,228
55,0,167,34,16,231
55,0,175,35,18,233
55,0,183,36,20,236
55,0,191,36,22,238
55,0,199,37,23,240
55,0,207,37,24,242
55,0,215,38,27,245
55,0,223,39,29,247
55,0,231,39,30,250
55,0,239,38,32,252
55,0,247,38,33,254
55,0,255,38,35,255
55,7,0,47,4,14
55,7,7,48,4,21
55,7,15,48,4,29
55,7,23,49,4,39
55,7,31,49,5,49
55,7,39,48,5,59
55,7,47,48,6,69
55,7,55,47,6,80
55,7,63,46,6,90
55,7,71,45,6,101
55,7,79,43,7,112
55,7,87,42,8,124
55,7,95,39,9,137
55,7,103,38,9,151
55,7,111,36,10,166
55,7,119,34,11,180
55,7,127,33,12,193
55,7,135,33,14,205
55,7,143,33,15,216
55,7,151,34,18,221
55,7,159,36,19,226
55,7,167,36,21,230
55,7,175,37,22,233
55,7,183,39,25,235
55,7,191,39,26,238
55,7,199,40,27,240
55,7,207,40,28,242
55,7,215,40,30,245
55,7,223,41,32,247
55,7,231,41,34,249
55,7,239,41,35,252
55,7,247,40,36,253
55,7,255,40,37,255
55,15,0,48,11,13
55,15,7,49,11,19
55,15,15,49,10,27
55,15,23,49,10,37
55,15,31,49,10,46
55,15,39,49,11,56
55,15,47,48,11,66
55,15,55,48,11,76
55,15,63,47,11,86
55,15,71,46,11,97
55,15,79,45,12,108
55,15,87,44,13,119
55,15,95,42,13,132
55,15,103,40,14,145
55,15,111,39,15,159
55,15,119,38,16,173
55,15,127,37,17,186
55,15,135,37,19,199
55,15,143,36,20,210
55,15,151,37,23,217
55,15,159,39,25,222
55,15,167,40,26,227
55,15,175,40,27,231
55,15,183,41,29,234
55,15,191,43,32,237
55,15,199,43,33,240
55,15,207,43,33,242
55,15,215,43,34,244
55,15,223,43,36,247
55,15,231,44,38,249
55,15,239,43,39,251
55,15,247,43,39,253
55,15,255,42,40,254
55,23,0,49,20,11
55,23,7,49,19,18
55,23,15,50,19,25
55,23,23,50,19,34
55,23,31,50,18,43
55,23,39,50,18,52
55,23,47,50,18,62
55,23,55,49,18,72
55,23,63,48,18,82
55,23,71,48,18,92
55,23,79,47,18,103
55,23,87,46,19,114
55,23,95,45,19,126
55,23,103,44,20,138
55,23,111,42,21,152
55,23,119,41,22,165
55,23,127,41,23,178
55,23,135,41,25,190
55,23,143,40,26,202
55,23,151,41,28,212
55,23,159,42,30,219
55,23,167,44,33,224
55,23,175,44,34,229
55,23,183,45,35,233
55,23,191,45,37,237
55,23,199,46,38,240
55,23,207,47,40,242
55,23,215,46,40,244
55,23,223,46,40,247
55,23,231,46,42,249
55,23,239,47,43,251
55,23,247,46,44,253
55,23,255,46,44,254
55,31,0,50,30,10
55,31,7,51,29,16
55,31,15,51,29,24
55,31,23,51,28,32
55,31,31,51,27,41
55,31,39,51,27,49
55,31,47,51,27,59
55,31,55,51,26,68
55,31,63,50,26,78
55,31,71,50,26,88
55,31,79,49,26,98
55,31,87,48,26,109
55,31,95,47,27,121
55,31,103,46,27,132
55,31,111,45,28,145
55,31,119,45,29,158
55,31,127,44,30,170
55,31,135,43,31,183
55,31,143,44,33,195
55,31,151,45,35,205
55,31,159,45,36,215
55,31,167,46,38,222
55,31,175,48,40,227
55,31,183,49,41,232
55,31,191,50,42,236
55,31,199,49,44,239
55,31,207,50,45,242
55,31,215,51,47,244
55,31,223,50,46,247
55,31,231,50,46,249
55,31,239,50,47,251
55,31,247,50,48,252
55,31,255,50,49,254
55,39,0,52,41,11
55,39,7,52,40,16
55,39,15,52,39,23
55,39,23,52,38,31
55,39,31,53,37,39
55,39,39,53,37,47
55,39,47,52,36,56
55,39,55,52,36,65
55,39,63,52,35,75
55,39,71,52,34,84
55,39,79,51,34,94
55,39,87,50,34,105
55,39,95,50,34,116
55,39,103,49,35,127
55,39,111,48,35,139
55,39,119,47,36,151
55,39,127,47,36,164
55,39,135,47,38,176
55,39,143,47,39,189
55,39,151,47,40,201
55,39,159,48,42,210
55,39,167,50,44,219
55,39,175,51,45,226
55,39,183,51,46,231
55,39,191,53,48,236
55,39,199,54,50,239
55,39,207,53,50,242
55,39,215,54,51,244
55,39,223,54,52,247
55,39,231,54,52,249
55,39,239,54,52,251
55,39,247,53,52,252
55,39,255,53,53,253
55,47,0,53,53,11
55,47,7,54,52,17
55,47,15,54,51,23
55,47,23,54,49,30
55,47,31,54,49,38
55,47,39,54,48,45
55,47,47,54,47,53
55,47,55,54,46,62
55,47,63,54,45,71
55,47,71,53,44,81
55,47,79,53,44,91
55,47,87,52,43,101
55,47,95,52,43,111
55,47,103,51,43,122
55,47,111,51,43,134
55,47,119,50,43,146
55,47,127,50,43,158
55,47,135,49,44,171
55,47,143,49,45,184
55,47,151,50,46,196
55,47,159,51,47,207
55,47,167,52,49,216
55,47,175,54,50,224
55,47,183,56,52,230
55,47,191,55,53,235
55,47,199,56,54,239
55,47,207,57,55,242
55,47,215,57,56,245
55,47,223,58,56,247
55,47,231,57,56,249
55,47,239,58,57,251
55,47,247,58,57,252
55,47,255,57,57,253
55,55,0,55,65,12
55,55,7,55,64,17
55,55,15,55,62,23
55,55,23,56,61,30
55,55,31,56,60,37
55,55,39,56,59,44
55,55,47,56,58,52
55,55,55,55,57,60
55,55,63,55,55,69
55,55,71,55,54,78
55,55,79,55,53,87
55,55,87,54,53,97
55,55,95,54,52,107
55,55,103,53,52,118
55,55,111,53,51,129
55,55,119,52,51,140
55,55,127,52,51,153
55,55,135,52,51,165
55,55,143,52,51,179
55,55,151,52,52,191
55,55,159,53,53,203
55,55,167,55,54,214
55,55,175,56,55,222
55,55,183,57,57,229
55,55,191,59,58,234
55,55,199,60,59,239
55,55,207,60,60,242
55,55,215,60,60,245
55,55,223,61,60,248
55,55,231,61,61,250
55,55,239,60,60,251
55,55,247,60,60,253
55,55,255,61,61,254
55,63,0,57,77,13
55,63,7,57,75,18
55,63,15,57,74,24
55,63,23,57,73,31
55,63,31,58,72,37
55,63,39,58,70,44
55,63,47,58,69,51
55,63,55,57,68,59
55,63,63,57,66,67
55,63,71,57,65,76
55,63,79,57,64,84
55,63,87,56,63,94
55,63,95,56,62,104
55,63,103,55,61,114
55,63,111,55,60,124
55,63,119,55,60,135
55,63,127,54,59,147
55,63,135,54,59,160
55,63,143,54,58,173
55,63,151,54,58,187
55,63,159,55,59,199
55,63,167,57,60,210
55,63,175,59,61,220
55,63,183,59,62,227
55,63,191,62,63,233
55,63,199,62,64,238
55,63,207,63,64,242
55,63,215,64,65,245
55,63,223,63,64,248
55,63,231,63,64,250
55,63,239,64,65,252
55,63,247,63,64,253
55,63,255,63,64,254
55,71,0,59,89,14
55,71,7,59,88,19
55,71,15,59,86,25
55,71,23,59,85,31
55,71,31,60,83,37
55,71,39,60,82,44
55,71,47,60,81,51
55,71,55,60,79,58
55,71,63,59,78,66
55,71,71,59,77,74
55,71,79,59,75,82
55,71,87,58,74,91
55,71,95,58,72,100
55,71,103,58,71,110
55,71,111,57,70,120
55,71,119,57,69,130
55,71,127,57,68,142
55,71,135,57,67,154
55,71,143,56,66,167
55,71,151,56,66,181
55,71,159,57,66,194
55,71,167,58,66,206
55,71,175,60,67,216
55,71,183,63,68,225
55,71,191,62,68,232
55,71,199,64,69,237
55,71,207,65,69,242
55,71,215,65,69,245
55,71,223,66,69,248
55,71,231,66,69,251
55,71,239,65,68,252
55,71,247,66,68,253
55,71,255,66,67,254
55,79,0,61,102,15
55,79,7,61,100,20
55,79,15,61,99,26
55,79,23,62,97,32
55,79,31,62,96,38
55,79,39,62,94,44
55,79,47,62,93,51
55,79,55,62,92,58
55,79,63,62,90,65
55,79,71,62,88,73
55,79,79,61,87,81
55,79,87,61,85,90
55,79,95,61,84,98
55,79,103,60,82,107
55,79,111,60,81,116
55,79,119,60,79,126
55,79,127,60,78,137
55,79,135,59,76,149
55,79,143,59,75,162
55,79,151,59,74,175
55,79,159,59,73,189
55,79,167,60,73,202
55,79,175,62,73,213
55,79,183,63,73,222
55,79,191,65,74,230
55,79,199,66,74,236
55,79,207,67,74,241
55,79,215,68,74,245
55,79,223,68,73,248
55,79,231,68,73,251
55,79,239,68,72,252
55,79,247,68,71,254
55,79,255,68,70,254
55,87,0,63,114,18
55,87,7,63,112,22
55,87,15,63,111,26
55,87,23,64,110,32
55,87,31,64,108,39
55,87,39,64,107,45
55,87,47,64,106,51
55,87,55,65,104,58
55,87,63,65,102,65
55,87,71,64,101,72
55,87,79,64,99,80
55,87,87,64,97,88
55,87,95,63,96,97
55,87,103,63,94,105
55,87,111,63,92,114
55,87,119,63,90,123
55,87,127,62,88,133
55,87,135,62,87,144
55,87,143,61,85,157
55,87,151,61,83,170
55,87,159,62,82,184
55,87,167,62,81,197
55,87,175,64,80,209
55,87,183,65,80,220
55,87,191,67,80,228
55,87,199,68,80,235
55,87,207,69,79,240
55,87,215,71,79,245
55,87,223,70,78,248
55,87,231,70,78,251
55,87,239,70,77,252
55,87,247,70,76,253
55,87,255,70,74,254
55,95,0,65,126,19
55,95,7,65,125,23
55,95,15,65,123,28
55,95,23,66,122,33
55,95,31,66,121,39
55,95,39,66,119,45
55,95,47,67,118,51
55,95,55,67,116,58
55,95,63,67,115,64
55,95,71,67,113,72
55,95,79,67,111,79
55,95,87,67,109,87
55,95,95,66,108,95
55,95,103,66,106,103
55,95,111,66,104,111
55,95,119,66,102,120
55,95,127,65,100,129
55,95,135,65,98,140
55,95,143,64,96,152
55,95,151,64,94,165
55,95,159,64,92,179
55,95,167,65,90,192
55,95,175,65,89,205
55,95,183,67,88,216
55,95,191,68,86,226
55,95,199,69,86,233
55,95,207,71,85,239
55,95,215,71,84,244
55,95,223,72,83,248
55,95,231,72,82,251
55,95,239,71,81,252
55,95,247,72,81,253
55,95,255,71,79,254
55,103,0,66,138,20
55,103,7,67,137,24
55,103,15,67,136,29
55,103,23,67,134,35
55,103,31,68,133,40
55,103,39,68,132,46
55,103,47,69,130,51
55,103,55,69,129,57
55,103,63,69,127,64
55,103,71,70,125,71
55,103,79,70,123,79
55,103,87,69,122,86
55,103,95,69,120,94
55,103,103,69,118,102
55,103,111,69,116,110
55,103,119,69,114,118
55,103,127,68,112,127
55,103,135,68,110,136
55,103,143,67,107,148
55,103,151,66,105,160
55,103,159,66,102,174
55,103,167,66,100,187
55,103,175,67,98,201
55,103,183,68,96,212
55,103,191,70,94,223
55,103,199,71,93,231
55,103,207,72,91,238
55,103,215,73,90,243
55,103,223,73,89,247
55,103,231,74,88,250
55,103,239,74,87,252
55,103,247,74,85,253
55,103,255,73,84,254
55,111,0,67,150,22
55,111,7,67,149,25
55,111,15,68,148,29
55,111,23,69,146,35
55,111,31,69,144,41
55,111,39,70,143,46
55,111,47,71,142,52
55,111,55,71,141,57
55,111,63,71,139,64
55,111,71,72,137,70
55,111,79,72,136,77
55,111,87,72,134,85
55,111,95,72,132,93
55,111,103,72,130,100
55,111,111,71,128,107
55,111,119,71,126,115
55,111,127,71,124,124
55,111,135,71,122,133
55,111,143,70,119,143
55,111,151,70,117,156
55,111,159,68,114,169
55,111,167,68,111,182
55,111,175,68,108,196
55,111,183,70,105,208
55,111,191,70,103,219
55,111,199,73,100,229
55,111,207,73,98,236
55,111,215,75,97,242
55,111,223,75,95,247
55,111,231,75,93,250
55,111,239,76,92,252
55,111,247,75,91,253
55,111,255,75,89,253
55,119,0,68,163,22
55,119,7,68,161,26
55,119,15,69,160,30
55,119,23,70,158,34
55,119,31,70,156,40
55,119,39,71,155,46
55,119,47,72,154,51
55,119,55,72,152,57
55,119,63,73,151,63
55,119,71,74,149,70
55,119,79,74,147,77
55,119,87,74,146,83
55,119,95,74,144,90
55,119,103,74,142,98
55,119,111,74,140,106
55,119,119,74,138,113
55,119,127,73,136,121
55,119,135,73,134,130
55,119,143,73,131,140
55,119,151,72,128,151
55,119,159,71,125,163
55,119,167,71,122,177
55,119,175,71,119,191
55,119,183,71,115,204
55,119,191,72,112,215
55,119,199,73,109,225
55,119,207,75,107,234
55,119,215,75,104,241
55,119,223,76,102,246
55,119,231,77,100,250
55,119,239,76,99,252
55,119,247,77,97,254
55,119,255,77,95,254
55,127,0,68,175,23
55,127,7,69,173,27
55,127,15,70,171,31
55,127,23,71,169,36
55,127,31,71,168,41
55,127,39,72,166,46
55,127,47,73,165,51
55,127,55,73,164,57
55,127,63,74,162,62
55,127,71,74,161,68
55,127,79,74,159,75
55,127,87,75,157,82
55,127,95,76,155,89
55,127,103,76,154,96
55,127,111,75,152,103
55,127,119,75,150,111
55,127,127,75,148,119
55,127,135,75,145,127
55,127,143,75,143,136
55,127,151,74,140,147
55,127,159,74,137,159
55,127,167,73,134,171
55,127,175,72,130,185
55,127,183,73,126,199
55,127,191,72,122,211
55,127,199,75,119,222
55,127,207,75,116,231
55,127,215,77,113,238
55,127,223,77,110,244
55,127,231,77,108,249
55,127,239,78,106,252
55,127,247,78,104,253
55,127,255,78,102,254
55,135,0,67,188,23
55,135,7,68,187,27
55,135,15,69,185,30
55,135,23,70,183,36
55,135,31,72,180,41
55,135,39,72,179,46
55,135,47,73,177,51
55,135,55,74,175,56
55,135,63,75,173,62
55,135,71,76,172,67
55,135,79,76,171,73
55,135,87,76,169,80
55,135,95,76,168,87
55,135,103,76,166,94
55,135,111,77,164,101
55,135,119,77,162,108
55,135,127,77,160,116
55,135,135,76,158,124
55,135,143,76,155,133
55,135,151,77,153,142
55,135,159,75,149,153
55,135,167,74,146,165
55,135,175,75,143,178
55,135,183,73,138,192
55,135,191,74,134,205
55,135,199,74,130,217
55,135,207,75,126,227
55,135,215,77,122,235
55,135,223,78,120,242
55,135,231,78,117,248
55,135,239,79,114,252
55,135,247,79,112,254
55,135,255,80,110,254
55,143,0,69,202,24
55,143,7,70,200,27
55,143,15,70,199,30
55,143,23,71,197,35
55,143,31,72,194,41
55,143,39,73,192,46
55,143,47,74,190,51
55,143,55,75,188,56
55,143,63,75,187,61
55,143,71,75,185,66
55,143,79,76,184,72
55,143,87,77,182,79
55,143,95,78,180,85
55,143,103,78,178,91
55,143,111,77,176,98
55,143,119,77,175,106
55,143,127,78,173,113
55,143,135,79,171,121
55,143,143,78,168,129
55,143,151,76,166,138
55,143,159,77,163,149
55,143,167,77,159,159
55,143,175,75,155,172
55,143,183,75,151,185
55,143,191,76,146,198
55,143,199,76,142,211
55,143,207,76,137,222
55,143,215,78,133,232
55,143,223,77,130,240
55,143,231,79,126,246
55,143,239,79,123,250
55,143,247,80,120,254
55,143,255,81,118,255
55,151,0,69,213,26
55,151,7,70,212,29
55,151,15,71,210,33
55,151,23,72,209,36
55,151,31,73,206,41
55,151,39,74,204,46
55,151,47,75,202,51
55,151,55,76,200,56
55,151,63,76,198,60
55,151,71,76,197,65
55,151,79,77,196,70
55,151,87,76,195,76
55,151,95,77,193,83
55,151,103,78,191,90
55,151,111,79,189,96
55,151,119,79,187,103
55,151,127,79,185,110
55,151,135,78,184,118
55,151,143,79,182,126
55,151,151,79,179,134
55,151,159,78,176,144
55,151,167,77,173,154
55,151,175,78,169,166
55,151,183,76,165,178
55,151,191,76,160,191
55,151,199,76,155,204
55,151,207,78,150,216
55,151,215,77,146,227
55,151,223,79,141,235
55,151,231,78,137,244
55,151,239,79,133,250
55,151,247,80,130,253
55,151,255,81,127,254
55,159,0,69,221,27
55,159,7,70,221,30
55,159,15,71,220,34
55,159,23,72,219,39
55,159,31,72,217,42
55,159,39,73,215,46
55,159,47,74,213,51
55,159,55,76,211,56
55,159,63,77,209,60
55,159,71,78,208,65
55,159,79,78,207,70
55,159,87,78,206,75
55,159,95,78,204,81
55,159,103,78,203,87
55,159,111,78,202,94
55,159,119,79,200,101
55,159,127,80,198,108
55,159,135,80,196,115
55,159,143,79,194,122
55,159,151,78,192,130
55,159,159,80,190,139
55,159,167,80,186,149
55,159,175,78,183,159
55,159,183,77,179,171
55,159,191,78,174,184
55,159,199,78,170,196
55,159,207,77,165,209
55,159,215,79,159,220
55,159,223,79,154,231
55,159,231,79,149,239
55,159,239,81,144,247
55,159,247,81,141,253
55,159,255,82,137,254
55,167,0,71,228,30
55,167,7,71,227,32
55,167,15,72,227,35
55,167,23,73,226,39
55,167,31,74,225,44
55,167,39,75,224,48
55,167,47,75,222,52
55,167,55,76,220,56
55,167,63,76,219,60
55,167,71,76,218,64
55,167,79,77,217,69
55,167,87,79,216,75
55,167,95,80,215,80
55,167,103,80,213,86
55,167,111,79,212,91
55,167,119,79,211,98
55,167,127,78,210,104
55,167,135,79,208,112
55,167,143,81,206,119
55,167,151,81,204,126
55,167,159,79,203,134
55,167,167,78,201,143
55,167,175,80,197,154
55,167,183,79,193,165
55,167,191,78,189,176
55,167,199,77,185,189
55,167,207,79,179,201
55,167,215,78,174,213
55,167,223,79,168,225
55,167,231,81,162,235
55,167,239,81,157,244
55,167,247,82,152,250
55,167,255,83,148,255
55,175,0,72,233,33
55,175,7,73,233,35
55,175,15,74,232,37
55,175,23,74,232,40
55,175,31,76,231,44
55,175,39,77,230,49
55,175,47,78,229,53
55,175,55,78,228,56
55,175,63,79,227,61
55,175,71,78,226,64
55,175,79,78,225,68
55,175,87,78,225,73
55,175,95,78,224,78
55,175,103,79,223,84
55,175,111,81,221,90
55,175,119,81,220,96
55,175,127,81,219,102
55,175,135,79,219,108
55,175,143,79,218,115
55,175,151,80,216,123
55,175,159,82,214,131
55,175,167,81,212,138
55,175,175,80,211,147
55,175,183,79,208,158
55,175,191,80,204,169
55,175,199,80,200,180
55,175,207,78,195,193
55,175,215,79,189,206
55,175,223,80,183,218
55,175,231,80,177,230
55,175,239,81,171,240
55,175,247,84,165,249
55,175,255,84,160,253
55,183,0,72,236,36
55,183,7,72,237,38
55,183,15,73,236,40
55,183,23,74,236,42
55,183,31,74,236,45
55,183,39,76,235,49
55,183,47,77,235,54
55,183,55,78,234,57
55,183,63,80,233,61
55,183,71,80,233,65
55,183,79,80,232,68
55,183,87,80,231,72
55,183,95,79,231,77
55,183,103,79,230,82
55,183,111,79,230,88
55,183,119,79,229,94
55,183,127,81,228,100
55,183,135,82,227,106
55,183,143,82,226,112
55,183,151,80,226,119
55,183,159,79,225,126
55,183,167,81,223,134
55,183,175,82,221,142
55,183,183,81,219,151
55,183,191,79,217,162
55,183,199,79,214,173
55,183,207,81,209,184
55,183,215,79,205,198
55,183,223,79,199,211
55,183,231,81,192,223
55,183,239,83,186,235
55,183,247,83,180,245
55,183,255,85,174,253
55,191,0,72,239,37
55,191,7,73,240,39
55,191,15,74,240,41
55,191,23,74,240,44
55,191,31,75,240,47
55,191,39,75,239,49
55,191,47,75,239,53
55,191,55,76,239,57
55,191,63,77,238,60
55,191,71,78,238,64
55,191,79,79,238,68
55,191,87,80,237,72
55,191,95,81,237,76
55,191,103,81,236,81
55,191,111,81,236,86
55,191,119,79,235,91
55,191,127,79,235,97
55,191,135,80,234,103
55,191,143,82,234,109
55,191,151,83,233,116
55,191,159,82,232,122
55,191,167,80,232,129
55,191,175,80,231,137
55,191,183,82,229,145
55,191,191,82,227,154
55,191,199,81,225,165
55,191,207,80,221,177
55,191,215,81,217,189
55,191,223,81,213,202
55,191,231,81,207,215
55,191,239,82,201,228
55,191,247,85,195,241
55,191,255,86,189,250
55,199,0,73,242,39
55,199,7,74,242,40
55,199,15,74,242,42
55,199,23,75,243,44
55,199,31,76,243,47
55,199,39,77,243,51
55,199,47,77,243,53
55,199,55,77,242,56
55,199,63,78,242,60
55,199,71,77,242,63
55,199,79,77,242,66
55,199,87,78,242,70
55,199,95,79,241,75
55,199,103,80,241,79
55,199,111,82,241,84
55,199,119,82,240,89
55,199,127,82,240,94
55,199,135,80,239,100
55,199,143,79,239,105
55,199,151,80,239,111
55,199,159,83,239,118
55,199,167,84,238,125
55,199,175,83,237,132
55,199,183,80,237,139
55,199,191,81,236,148
55,199,199,83,234,157
55,199,207,83,232,168
55,199,215,81,229,181
55,199,223,81,225,194
55,199,231,82,221,208
55,199,239,83,216,221
55,199,247,84,210,235
55,199,255,86,204,247
55,207,0,73,244,41
55,207,7,74,244,42
55,207,15,74,245,43
55,207,23,75,245,45
55,207,31,76,245,48
55,207,39,78,246,51
55,207,47,79,246,54
55,207,55,79,246,57
55,207,63,79,245,60
55,207,71,79,245,63
55,207,79,79,245,66
55,207,87,79,245,69
55,207,95,78,245,73
55,207,103,78,244,77
55,207,111,79,244,82
55,207,119,80,244,87
55,207,127,82,244,92
55,207,135,83,244,97
55,207,143,82,243,102
55,207,151,81,243,108
55,207,159,81,243,114
55,207,167,82,243,120
55,207,175,83,243,127
55,207,183,84,243,134
55,207,191,83,242,141
55,207,199,82,241,151
55,207,207,82,240,161
55,207,215,84,238,172
55,207,223,82,235,185
55,207,231,82,232,199
55,207,239,83,228,214
55,207,247,85,224,229
55,207,255,86,219,242
55,215,0,73,246,42
55,215,7,73,247,43
55,215,15,74,247,44
55,215,23,74,247,46
55,215,31,75,247,48
55,215,39,76,247,50
55,215,47,77,248,53
55,215,55,78,248,57
55,215,63,79,248,59
55,215,71,80,248,62
55,215,79,80,248,66
55,215,87,80,248,69
55,215,95,80,248,72
55,215,103,79,247,76
55,215,111,79,247,80
55,215,119,79,247,84
55,215,127,80,247,89
55,215,135,80,247,94
55,215,143,82,247,99
55,215,151,83,247,105
55,215,159,83,247,110
55,215,167,82,247,116
55,215,175,82,247,122
55,215,183,82,247,129
55,215,191,84,247,136
55,215,199,84,247,144
55,215,207,83,246,154
55,215,215,82,245,165
55,215,223,83,243,177
55,215,231,85,241,191
55,215,239,84,239,205
55,215,247,85,235,221
55,215,255,86,232,236
55,223,0,73,249,42
55,223,7,73,249,43
55,223,15,74,249,45
55,223,23,75,249,47
55,223,31,75,249,48
55,223,39,76,249,50
55,223,47,76,249,53
55,223,55,77,250,56
55,223,63,78,250,59
55,223,71,78,250,61
55,223,79,79,250,64
55,223,87,79,250,68
55,223,95,80,250,71
55,223,103,81,250,75
55,223,111,81,250,78
55,223,119,81,250,82
55,223,127,80,250,86
55,223,135,80,250,91
55,223,143,80,250,96
55,223,151,81,250,101
55,223,159,82,250,107
55,223,167,84,250,112
55,223,175,83,250,118
55,223,183,82,250,124
55,223,191,82,250,131
55,223,199,83,250,139
55,223,207,84,250,148
55,223,215,84,249,158
55,223,223,83,249,170
55,223,231,84,248,183
55,223,239,85,246,198
55,223,247,86,244,213
55,223,255,87,242,228
55,231,0,74,251,43
55,231,7,74,251,44
55,231,15,74,251,45
55,231,23,75,251,47
55,231,31,76,251,49
55,231,39,77,251,51
55,231,47,77,251,53
55,231,55,77,251,55
55,231,63,78,251,58
55,231,71,78,251,60
55,231,79,78,251,63
55,231,87,79,251,66
55,231,95,79,252,69
55,231,103,79,252,73
55,231,111,80,252,77
55,231,119,81,252,80
55,231,127,81,252,85
55,231,135,81,252,89
55,231,143,81,252,93
55,231,151,81,252,98
55,231,159,81,252,103
55,231,167,81,252,108
55,231,175,83,252,114
55,231,183,84,253,120
55,231,191,83,253,127
55,231,199,82,253,134
55,231,207,82,252,143
55,231,215,83,252,153
55,231,223,85,252,164
55,231,231,84,252,176
55,231,239,85,251,189
55,231,247,86,250,205
55,231,255,87,249,222
55,239,0,74,253,44
55,239,7,74,253,45
55,239,15,75,253,46
55,239,23,75,253,47
55,239,31,76,253,49
55,239,39,77,253,51
55,239,47,78,253,54
55,239,55,78,253,56
55,239,63,78,253,58
55,239,71,79,253,60
55,239,79,79,253,63
55,239,87,79,253,65
55,239,95,79,253,68
55,239,103,79,253,71
55,239,111,79,253,74
55,239,119,79,253,78
55,239,127,80,253,82
55,239,135,80,253,86
55,239,143,81,253,91
55,239,151,82,253,95
55,239,159,81,253,100
55,239,167,81,253,105
55,239,175,81,253,110
55,239,183,82,254,116
55,239,191,83,254,123
55,239,199,84,254,130
55,239,207,83,254,138
55,239,215,83,254,147
55,239,223,83,254,158
55,239,231,84,254,170
55,239,239,85,254,184
55,239,247,86,253,198
55,239,255,87,253,213
55,247,0,74,255,45
55,247,7,74,254,45
55,247,15,74,254,46
55,247,23,74,254,47
55,247,31,75,254,48
55,247,39,76,254,50
55,247,47,76,254,53
55,247,55,78,254,56
55,247,63,78,254,57
55,247,71,78,254,60
55,247,79,79,254,62
55,247,87,79,254,65
55,247,95,79,254,67
55,247,103,79,254,70
55,247,111,79,254,73
55,247,119,79,254,76
55,247,127,79,254,80
55,247,135,79,254,84
55,247,143,80,254,88
55,247,151,80,254,93
55,247,159,81,254,98
55,247,167,82,254,102
55,247,175,82,254,107
55,247,183,81,254,113
55,247,191,81,254,119
55,247,199,82,254,126
55,247,207,83,254,134
55,247,215,84,254,143
55,247,223,83,254,152
55,247,231,83,254,164
55,247,239,84,254,177
55,247,247,86,255,191
55,247,255,87,255,205
55,255,0,73,255,44
55,255,7,73,255,45
55,255,15,74,255,46
55,255,23,74,255,47
55,255,31,75,255,48
55,255,39,75,255,50
55,255,47,76,255,52
55,255,55,76,255,54
55,255,63,77,254,57
55,255,71,77,254,59
55,255,79,78,254,61
55,255,87,78,254,64
55,255,95,79,254,67
55,255,103,79,254,69
55,255,111,79,254,72
55,255,119,79,254,75
55,255,127,79,254,78
55,255,135,79,254,82
55,255,143,80,254,86
55,255,151,80,254,91
55,255,159,81,254,96
55,255,167,82,254,101
55,255,175,82,254,106
55,255,183,83,254,112
55,255,191,83,254,117
55,255,199,83,254,124
55,255,207,84,254,131
55,255,215,84,254,139
55,255,223,85,254,150
55,255,231,85,254,160
55,255,239,85,254,172
55,255,247,86,255,184
55,255,255,87,255,196
63,0,0,55,1,16
63,0,7,56,1,23
63,0,15,56,1,31
63,0,23,56,1,41
63,0,31,56,1,52
63,0,39,56,2,63
63,0,47,55,2,73
63,0,55,54,3,83
63,0,63,53,3,93
63,0,71,51,3,104
63,0,79,49,4,116
63,0,87,47,4,128
63,0,95,45,5,142
63,0,103,43,6,156
63,0,111,40,6,171
63,0,119,39,7,185
63,0,127,37,8,198
63,0,135,36,10,210
63,0,143,36,11,219
63,0,151,37,13,223
63,0,159,38,15,228
63,0,167,39,16,231
63,0,175,40,19,233
63,0,183,40,20,235
63,0,191,40,21,238
63,0,199,40,22,240
63,0,207,40,24,242
63,0,215,41,27,244
63,0,223,41,29,247
63,0,231,41,30,249
63,0,239,41,32,252
63,0,247,40,33,253
63,0,255,40,35,255
63,7,0,55,5,15
63,7,7,56,4,22
63,7,15,56,4,30
63,7,23,56,4,40
63,7,31,56,5,50
63,7,39,56,5,60
63,7,47,55,5,70
63,7,55,54,5,80
63,7,63,53,6,90
63,7,71,52,7,101
63,7,79,51,7,112
63,7,87,49,8,124
63,7,95,47,9,137
63,7,103,45,9,150
63,7,111,43,10,165
63,7,119,41,11,179
63,7,127,40,12,193
63,7,135,39,14,205
63,7,143,39,16,215
63,7,151,40,18,220
63,7,159,41,19,225
63,7,167,41,21,229
63,7,175,42,23,232
63,7,183,43,25,235
63,7,191,43,26,237
63,7,199,43,27,240
63,7,207,43,28,242
63,7,215,43,30,244
63,7,223,44,33,246
63,7,231,43,34,249
63,7,239,43,35,251
63,7,247,42,36,253
63,7,255,42,37,254
63,15,0,55,10,13
63,15,7,56,10,20
63,15,15,56,10,28
63,15,23,57,10,38
63,15,31,56,10,47
63,15,39,56,10,57
63,15,47,56,10,67
63,15,55,55,10,77
63,15,63,54,11,87
63,15,71,53,11,97
63,15,79,52,12,108
63,15,87,51,12,120
63,15,95,49,13,132
63,15,103,47,14,145
63,15,111,46,14,158
63,15,119,45,16,172
63,15,127,43,17,187
63,15,135,42,18,199
63,15,143,42,20,210
63,15,151,43,23,217
63,15,159,44,24,222
63,15,167,44,26,227
63,15,175,44,27,231
63,15,183,45,30,234
63,15,191,46,32,237
63,15,199,46,32,240
63,15,207,46,33,242
63,15,215,46,34,244
63,15,223,46,36,246
63,15,231,46,38,249
63,15,239,46,39,251
63,15,247,45,39,253
63,15,255,44,40,254
63,23,0,56,18,11
63,23,7,56,18,18
63,23,15,57,18,27
63,23,23,57,17,36
63,23,31,57,17,45
63,23,39,57,17,54
63,23,47,56,17,63
63,23,55,56,17,73
63,23,63,56,17,83
63,23,71,55,17,93
63,23,79,54,18,104
63,23,87,53,18,115
63,23,95,52,19,126
63,23,103,50,20,139
63,23,111,49,20,152
63,23,119,48,21,165
63,23,127,47,23,178
63,23,135,46,24,191
63,23,143,46,26,202
63,23,151,46,28,212
63,23,159,47,30,219
63,23,167,48,32,224
63,23,175,48,33,229
63,23,183,48,35,233
63,23,191,49,37,237
63,23,199,50,39,239
63,23,207,50,39,242
63,23,215,49,39,244
63,23,223,49,40,246
63,23,231,49,42,249
63,23,239,49,44,250
63,23,247,48,44,252
63,23,255,48,44,254
63,31,0,57,28,11
63,31,7,57,28,17
63,31,15,58,27,25
63,31,23,58,27,34
63,31,31,58,26,42
63,31,39,58,26,51
63,31,47,58,25,60
63,31,55,58,25,69
63,31,63,57,25,79
63,31,71,56,25,89
63,31,79,56,25,99
63,31,87,55,26,110
63,31,95,54,26,121
63,31,103,53,27,133
63,31,111,52,27,145
63,31,119,51,28,158
63,31,127,50,29,171
63,31,135,49,30,184
63,31,143,49,32,195
63,31,151,49,34,205
63,31,159,50,36,214
63,31,167,51,38,221
63,31,175,52,40,227
63,31,183,52,41,232
63,31,191,53,42,236
63,31,199,53,44,239
63,31,207,53,45,242
63,31,215,54,46,244
63,31,223,53,46,246
63,31,231,52,46,249
63,31,239,52,47,250
63,31,247,52,49,252
63,31,255,52,49,253
63,39,0,58,39,12
63,39,7,59,38,18
63,39,15,59,38,24
63,39,23,59,37,32
63,39,31,59,36,40
63,39,39,59,35,48
63,39,47,59,35,57
63,39,55,59,34,66
63,39,63,59,34,76
63,39,71,58,34,85
63,39,79,58,33,95
63,39,87,57,34,106
63,39,95,56,34,117
63,39,103,55,34,128
63,39,111,54,34,140
63,39,119,53,35,152
63,39,127,52,36,164
63,39,135,52,37,177
63,39,143,52,38,189
63,39,151,52,40,200
63,39,159,53,42,210
63,39,167,54,43,219
63,39,175,55,45,226
63,39,183,56,47,231
63,39,191,57,49,235
63,39,199,57,50,239
63,39,207,57,50,242
63,39,215,57,51,244
63,39,223,57,52,247
63,39,231,57,52,249
63,39,239,56,52,251
63,39,247,56,53,252
63,39,255,56,53,253
63,47,0,60,51,12
63,47,7,60,50,18
63,47,15,60,49,25
63,47,23,61,48,32
63,47,31,61,47,39
63,47,39,61,46,47
63,47,47,61,45,55
63,47,55,60,44,63
63,47,63,60,44,73
63,47,71,60,43,82
63,47,79,59,42,92
63,47,87,59,42,102
63,47,95,58,42,112
63,47,103,58,42,123
63,47,111,57,42,135
63,47,119,56,42,146
63,47,127,55,43,159
63,47,135,54,43,171
63,47,143,54,44,184
63,47,151,55,46,196
63,47,159,56,47,207
63,47,167,56,49,216
63,47,175,58,51,224
63,47,183,59,52,230
63,47,191,59,53,235
63,47,199,60,54,239
63,47,207,61,56,242
63,47,215,60,56,245
63,47,223,60,56,247
63,47,231,60,57,249
63,47,239,60,57,251
63,47,247,60,57,252
63,47,255,59,57,253
63,55,0,61,62,13
63,55,7,62,61,18
63,55,15,62,60,25
63,55,23,62,59,32
63,55,31,62,58,39
63,55,39,62,57,46
63,55,47,62,56,53
63,55,55,62,55,61
63,55,63,62,54,70
63,55,71,61,53,79
63,55,79,61,52,88
63,55,87,60,52,98
63,55,95,60,51,108
63,55,103,59,51,119
63,55,111,59,50,130
63,55,119,58,50,141
63,55,127,57,50,153
63,55,135,57,50,165
63,55,143,57,51,179
63,55,151,57,52,192
63,55,159,58,53,203
63,55,167,59,54,213
63,55,175,60,56,222
63,55,183,61,57,229
63,55,191,63,59,235
63,55,199,63,59,239
63,55,207,64,60,242
63,55,215,64,61,245
63,55,223,64,61,248
63,55,231,64,61,250
63,55,239,63,61,251
63,55,247,63,61,253
63,55,255,63,61,254
63,63,0,63,74,14
63,63,7,63,73,20
63,63,15,63,72,25
63,63,23,64,70,32
63,63,31,64,69,38
63,63,39,64,68,45
63,63,47,64,67,52
63,63,55,64,66,60
63,63,63,63,65,68
63,63,71,63,64,77
63,63,79,63,63,85
63,63,87,62,62,95
63,63,95,62,61,104
63,63,103,62,60,114
63,63,111,61,59,125
63,63,119,60,59,136
63,63,127,60,58,147
63,63,135,59,58,160
63,63,143,59,58,173
63,63,151,59,58,186
63,63,159,60,59,199
63,63,167,61,60,210
63,63,175,63,61,220
63,63,183,64,62,227
63,63,191,65,63,233
63,63,199,66,64,238
63,63,207,67,65,242
63,63,215,67,65,246
63,63,223,66,65,248
63,63,231,66,65,250
63,63,239,67,65,252
63,63,247,66,64,253
63,63,255,65,64,254
63,71,0,65,86,15
63,71,7,65,85,21
63,71,15,65,83,27
63,71,23,66,82,32
63,71,31,66,81,39
63,71,39,66,80,45
63,71,47,66,79,52
63,71,55,66,77,59
63,71,63,65,76,67
63,71,71,65,75,75
63,71,79,65,73,84
63,71,87,64,72,92
63,71,95,64,71,101
63,71,103,63,70,111
63,71,111,63,69,121
63,71,119,63,68,131
63,71,127,62,67,142
63,71,135,62,66,154
63,71,143,61,66,168
63,71,151,61,66,181
63,71,159,62,66,194
63,71,167,63,66,206
63,71,175,65,67,216
63,71,183,66,68,225
63,71,191,67,68,232
63,71,199,69,69,237
63,71,207,69,70,242
63,71,215,69,69,246
63,71,223,70,70,249
63,71,231,69,69,251
63,71,239,68,69,252
63,71,247,69,68,253
63,71,255,68,68,254
63,79,0,67,98,17
63,79,7,67,97,21
63,79,15,67,96,27
63,79,23,68,94,33
63,79,31,68,93,39
63,79,39,68,92,46
63,79,47,68,91,52
63,79,55,68,89,59
63,79,63,68,88,66
63,79,71,67,86,74
63,79,79,67,85,82
63,79,87,67,84,91
63,79,95,66,82,99
63,79,103,66,81,108
63,79,111,66,79,117
63,79,119,65,78,127
63,79,127,65,77,138
63,79,135,64,75,150
63,79,143,64,74,162
63,79,151,64,74,176
63,79,159,64,73,189
63,79,167,65,73,201
63,79,175,66,73,213
63,79,183,68,74,222
63,79,191,70,75,230
63,79,199,70,74,236
63,79,207,71,75,241
63,79,215,72,75,245
63,79,223,72,74,248
63,79,231,72,74,251
63,79,239,72,73,253
63,79,247,71,72,253
63,79,255,71,71,254
63,87,0,69,110,19
63,87,7,69,109,23
63,87,15,69,108,28
63,87,23,70,107,34
63,87,31,70,105,40
63,87,39,70,104,46
63,87,47,70,103,53
63,87,55,70,101,59
63,87,63,70,100,66
63,87,71,70,99,74
63,87,79,70,97,81
63,87,87,69,95,89
63,87,95,69,94,98
63,87,103,69,92,106
63,87,111,68,91,114
63,87,119,68,89,124
63,87,127,68,87,134
63,87,135,67,86,144
63,87,143,66,84,157
63,87,151,66,83,170
63,87,159,66,82,184
63,87,167,67,81,197
63,87,175,68,81,209
63,87,183,70,81,220
63,87,191,71,80,228
63,87,199,73,80,235
63,87,207,74,80,240
63,87,215,74,79,245
63,87,223,74,79,248
63,87,231,74,78,251
63,87,239,74,77,253
63,87,247,73,76,254
63,87,255,73,75,254
63,95,0,71,122,21
63,95,7,71,121,25
63,95,15,71,120,30
63,95,23,71,119,35
63,95,31,72,117,41
63,95,39,72,116,47
63,95,47,72,115,53
63,95,55,73,114,59
63,95,63,73,112,66
63,95,71,73,111,73
63,95,79,72,109,81
63,95,87,72,107,88
63,95,95,72,106,96
63,95,103,72,104,104
63,95,111,71,103,113
63,95,119,71,101,121
63,95,127,71,99,130
63,95,135,70,97,141
63,95,143,69,95,152
63,95,151,69,93,166
63,95,159,69,92,179
63,95,167,69,90,192
63,95,175,70,89,205
63,95,183,72,88,216
63,95,191,73,87,226
63,95,199,74,86,233
63,95,207,76,86,240
63,95,215,75,85,244
63,95,223,76,84,248
63,95,231,75,83,251
63,95,239,75,82,252
63,95,247,75,81,253
63,95,255,74,80,254
63,103,0,72,135,21
63,103,7,72,134,25
63,103,15,72,132,30
63,103,23,73,131,36
63,103,31,74,130,41
63,103,39,74,128,47
63,103,47,75,127,53
63,103,55,75,126,59
63,103,63,75,124,66
63,103,71,75,123,73
63,103,79,75,121,80
63,103,87,75,120,87
63,103,95,75,118,95
63,103,103,74,116,103
63,103,111,74,115,111
63,103,119,74,113,119
63,103,127,73,111,128
63,103,135,73,109,137
63,103,143,72,107,148
63,103,151,72,105,161
63,103,159,71,102,174
63,103,167,71,100,187
63,103,175,72,98,201
63,103,183,73,96,213
63,103,191,74,95,223
63,103,199,76,93,231
63,103,207,76,92,238
63,103,215,78,91,244
63,103,223,77,89,247
63,103,231,77,88,250
63,103,239,77,87,252
63,103,247,77,86,253
63,103,255,76,85,253
63,111,0,73,146,23
63,111,7,73,145,27
63,111,15,74,144,31
63,111,23,74,143,36
63,111,31,75,141,42
63,111,39,76,140,47
63,111,47,76,139,53
63,111,55,77,138,59
63,111,63,77,136,65
63,111,71,77,135,72
63,111,79,77,133,79
63,111,87,78,131,87
63,111,95,77,130,94
63,111,103,77,128,101
63,111,111,77,127,109
63,111,119,77,125,117
63,111,127,76,123,125
63,111,135,76,121,134
63,111,143,76,119,144
63,111,151,74,116,156
63,111,159,74,113,169
63,111,167,74,111,183
63,111,175,74,108,196
63,111,183,75,105,209
63,111,191,76,103,219
63,111,199,77,101,229
63,111,207,78,99,236
63,111,215,79,97,242
63,111,223,79,96,247
63,111,231,79,94,250
63,111,239,79,93,252
63,111,247,78,91,253
63,111,255,78,90,253
63,119,0,73,158,23
63,119,7,74,157,27
63,119,15,74,156,32
63,119,23,75,154,36
63,119,31,76,153,42
63,119,39,77,151,48
63,119,47,78,150,53
63,119,55,78,149,59
63,119,63,79,148,65
63,119,71,79,147,72
63,119,79,79,145,78
63,119,87,79,143,85
63,119,95,79,142,93
63,119,103,80,140,100
63,119,111,79,139,107
63,119,119,79,137,115
63,119,127,79,135,123
63,119,135,79,133,131
63,119,143,78,131,141
63,119,151,77,128,152
63,119,159,77,125,165
63,119,167,76,122,177
63,119,175,76,118,191
63,119,183,76,115,204
63,119,191,77,112,216
63,119,199,78,109,225
63,119,207,80,107,234
63,119,215,80,105,241
63,119,223,80,103,246
63,119,231,80,101,249
63,119,239,80,99,252
63,119,247,80,97,253
63,119,255,80,96,253
63,127,0,74,171,24
63,127,7,74,169,28
63,127,15,75,168,32
63,127,23,76,166,38
63,127,31,77,165,42
63,127,39,78,163,48
63,127,47,78,162,53
63,127,55,79,161,59
63,127,63,80,160,64
63,127,71,80,158,71
63,127,79,81,157,78
63,127,87,81,155,84
63,127,95,81,154,91
63,127,103,81,152,98
63,127,111,81,150,105
63,127,119,81,149,113
63,127,127,81,147,121
63,127,135,81,145,129
63,127,143,80,142,138
63,127,151,80,140,148
63,127,159,79,137,159
63,127,167,78,134,172
63,127,175,78,130,185
63,127,183,78,126,199
63,127,191,78,123,211
63,127,199,80,119,222
63,127,207,80,116,231
63,127,215,81,113,238
63,127,223,81,111,244
63,127,231,81,109,249
63,127,239,82,106,252
63,127,247,82,105,253
63,127,255,82,103,254
63,135,0,74,184,25
63,135,7,74,182,28
63,135,15,75,181,32
63,135,23,76,179,37
63,135,31,78,176,43
63,135,39,79,175,48
63,135,47,79,173,53
63,135,55,80,172,59
63,135,63,81,171,64
63,135,71,81,170,70
63,135,79,82,169,76
63,135,87,82,167,82
63,135,95,82,166,90
63,135,103,83,164,97
63,135,111,83,162,104
63,135,119,83,161,111
63,135,127,83,159,118
63,135,135,83,157,126
63,135,143,83,155,135
63,135,151,82,152,144
63,135,159,81,149,155
63,135,167,81,146,167
63,135,175,80,142,179
63,135,183,79,138,192
63,135,191,80,134,206
63,135,199,80,130,217
63,135,207,81,126,227
63,135,215,81,123,236
63,135,223,82,120,242
63,135,231,82,117,248
63,135,239,83,114,251
63,135,247,83,112,254
63,135,255,83,110,254
63,143,0,74,197,25
63,143,7,75,196,28
63,143,15,75,195,32
63,143,23,76,193,36
63,143,31,78,191,42
63,143,39,79,188,48
63,143,47,80,187,53
63,143,55,81,185,58
63,143,63,81,184,63
63,143,71,82,182,69
63,143,79,82,181,75
63,143,87,83,180,81
63,143,95,83,178,88
63,143,103,83,177,94
63,143,111,84,175,101
63,143,119,84,173,109
63,143,127,84,171,116
63,143,135,84,169,123
63,143,143,84,167,131
63,143,151,83,165,141
63,143,159,83,162,150
63,143,167,82,159,161
63,143,175,81,155,173
63,143,183,82,151,186
63,143,191,81,146,199
63,143,199,81,141,211
63,143,207,82,137,222
63,143,215,82,133,232
63,143,223,83,130,240
63,143,231,83,126,246
63,143,239,84,123,250
63,143,247,84,120,253
63,143,255,84,118,255
63,151,0,75,209,27
63,151,7,76,208,30
63,151,15,77,207,35
63,151,23,77,205,38
63,151,31,78,203,42
63,151,39,79,201,48
63,151,47,80,199,53
63,151,55,81,198,58
63,151,63,82,196,63
63,151,71,82,195,68
63,151,79,83,194,74
63,151,87,83,193,80
63,151,95,84,191,86
63,151,103,84,189,93
63,151,111,84,188,99
63,151,119,85,186,106
63,151,127,85,184,113
63,151,135,85,183,121
63,151,143,85,181,128
63,151,151,85,178,136
63,151,159,84,175,146
63,151,167,84,172,156
63,151,175,84,169,167
63,151,183,82,164,179
63,151,191,82,160,192
63,151,199,83,155,205
63,151,207,83,150,217
63,151,215,82,145,227
63,151,223,84,141,236
63,151,231,83,137,244
63,151,239,85,133,250
63,151,247,84,130,253
63,151,255,85,127,254
63,159,0,75,218,28
63,159,7,76,218,31
63,159,15,76,217,35
63,159,23,78,216,40
63,159,31,79,214,44
63,159,39,80,212,49
63,159,47,81,210,54
63,159,55,82,209,58
63,159,63,83,207,63
63,159,71,83,206,68
63,159,79,84,205,73
63,159,87,84,204,78
63,159,95,84,203,84
63,159,103,84,202,90
63,159,111,85,200,97
63,159,119,85,198,104
63,159,127,86,197,110
63,159,135,86,195,117
63,159,143,85,193,125
63,159,151,85,192,133
63,159,159,86,189,142
63,159,167,85,186,151
63,159,175,84,182,161
63,159,183,84,179,173
63,159,191,83,174,185
63,159,199,83,169,197
63,159,207,83,164,210
63,159,215,84,158,221
63,159,223,83,154,231
63,159,231,85,148,240
63,159,239,85,144,247
63,159,247,85,140,253
63,159,255,86,137,254
63,167,0,76,225,31
63,167,7,76,225,33
63,167,15,77,225,36
63,167,23,78,224,40
63,167,31,79,223,45
63,167,39,80,222,50
63,167,47,81,220,54
63,167,55,82,219,58
63,167,63,82,218,63
63,167,71,83,217,67
63,167,79,84,216,72
63,167,87,85,214,77
63,167,95,85,213,83
63,167,103,85,212,89
63,167,111,85,211,95
63,167,119,85,210,101
63,167,127,85,209,108
63,167,135,87,207,115
63,167,143,86,205,122
63,167,151,86,204,129
63,167,159,86,202,137
63,167,167,86,200,146
63,167,175,86,196,156
63,167,183,85,193,166
63,167,191,84,189,178
63,167,199,84,184,191
63,167,207,84,179,202
63,167,215,83,173,215
63,167,223,85,167,226
63,167,231,85,161,236
63,167,239,86,156,244
63,167,247,86,151,250
63,167,255,87,147,254
63,175,0,77,231,34
63,175,7,77,231,36
63,175,15,78,231,38
63,175,23,79,230,41
63,175,31,80,229,45
63,175,39,81,229,51
63,175,47,82,228,55
63,175,55,83,227,58
63,175,63,84,226,63
63,175,71,83,225,67
63,175,79,84,224,71
63,175,87,84,224,76
63,175,95,85,223,82
63,175,103,86,222,87
63,175,111,86,221,93
63,175,119,86,220,99
63,175,127,86,219,105
63,175,135,86,218,111
63,175,143,86,217,118
63,175,151,87,216,126
63,175,159,87,214,133
63,175,167,86,212,141
63,175,175,86,210,150
63,175,183,86,207,160
63,175,191,86,203,171
63,175,199,85,199,182
63,175,207,84,194,195
63,175,215,85,188,207
63,175,223,85,182,219
63,175,231,85,176,231
63,175,239,87,170,241
63,175,247,88,164,249
63,175,255,88,159,253
63,183,0,77,236,36
63,183,7,78,236,38
63,183,15,79,236,41
63,183,23,80,236,44
63,183,31,81,235,47
63,183,39,82,235,51
63,183,47,83,234,55
63,183,55,84,233,59
63,183,63,84,233,63
63,183,71,85,232,67
63,183,79,85,231,71
63,183,87,85,231,75
63,183,95,85,231,80
63,183,103,85,230,85
63,183,111,85,229,91
63,183,119,86,228,97
63,183,127,87,227,103
63,183,135,87,226,109
63,183,143,87,226,115
63,183,151,86,225,122
63,183,159,86,224,129
63,183,167,88,223,137
63,183,175,87,221,144
63,183,183,87,219,153
63,183,191,85,216,164
63,183,199,86,213,175
63,183,207,86,209,186
63,183,215,84,204,200
63,183,223,85,198,212
63,183,231,87,191,224
63,183,239,87,185,236
63,183,247,88,179,246
63,183,255,90,172,253
63,191,0,77,239,38
63,191,7,78,239,40
63,191,15,78,239,42
63,191,23,79,239,45
63,191,31,80,239,48
63,191,39,80,239,51
63,191,47,81,239,55
63,191,55,82,239,59
63,191,63,83,238,62
63,191,71,84,238,66
63,191,79,85,238,70
63,191,87,85,237,74
63,191,95,86,237,79
63,191,103,86,236,84
63,191,111,86,235,89
63,191,119,85,235,94
63,191,127,85,235,100
63,191,135,87,234,106
63,191,143,88,233,112
63,191,151,88,233,118
63,191,159,87,232,125
63,191,167,86,231,132
63,191,175,87,230,140
63,191,183,88,229,148
63,191,191,87,227,157
63,191,199,86,224,167
63,191,207,86,221,179
63,191,215,87,217,191
63,191,223,86,212,204
63,191,231,86,206,217
63,191,239,87,200,230
63,191,247,89,194,242
63,191,255,90,188,250
63,199,0,77,242,39
63,199,7,78,242,41
63,199,15,78,242,43
63,199,23,79,242,45
63,199,31,80,243,48
63,199,39,81,243,52
63,199,47,82,243,55
63,199,55,82,243,58
63,199,63,83,242,62
63,199,71,83,242,65
63,199,79,83,242,69
63,199,87,84,242,73
63,199,95,85,242,78
63,199,103,86,242,82
63,199,111,86,241,87
63,199,119,87,240,92
63,199,127,87,240,97
63,199,135,86,240,103
63,199,143,85,239,108
63,199,151,87,239,115
63,199,159,89,239,121
63,199,167,89,238,127
63,199,175,88,237,134
63,199,183,86,237,142
63,199,191,87,236,150
63,199,199,88,234,160
63,199,207,88,231,170
63,199,215,86,228,183
63,199,223,86,225,196
63,199,231,88,220,209
63,199,239,88,215,223
63,199,247,88,209,237
63,199,255,90,203,249
63,207,0,77,244,41
63,207,7,78,244,42
63,207,15,78,245,44
63,207,23,79,245,46
63,207,31,80,245,48
63,207,39,81,245,52
63,207,47,83,246,55
63,207,55,83,246,58
63,207,63,83,246,61
63,207,71,84,245,65
63,207,79,84,245,68
63,207,87,84,245,72
63,207,95,84,245,76
63,207,103,84,245,80
63,207,111,85,245,85
63,207,119,86,245,90
63,207,127,87,244,95
63,207,135,87,244,100
63,207,143,87,244,105
63,207,151,87,244,111
63,207,159,87,244,117
63,207,167,88,243,123
63,207,175,89,243,130
63,207,183,89,243,136
63,207,191,88,242,144
63,207,199,87,241,153
63,207,207,88,240,163
63,207,215,89,238,174
63,207,223,87,235,187
63,207,231,87,232,201
63,207,239,88,228,216
63,207,247,90,223,230
63,207,255,90,218,243
63,215,0,77,246,42
63,215,7,78,247,43
63,215,15,78,247,45
63,215,23,79,247,46
63,215,31,79,247,49
63,215,39,80,247,51
63,215,47,82,248,55
63,215,55,83,248,58
63,215,63,84,248,61
63,215,71,84,248,64
63,215,79,84,248,68
63,215,87,84,248,71
63,215,95,85,248,74
63,215,103,84,248,78
63,215,111,84,248,82
63,215,119,84,247,87
63,215,127,85,247,92
63,215,135,86,248,97
63,215,143,88,248,102
63,215,151,88,247,107
63,215,159,88,247,113
63,215,167,87,247,119
63,215,175,87,247,125
63,215,183,88,247,132
63,215,191,89,248,139
63,215,199,89,247,147
63,215,207,87,246,156
63,215,215,87,245,167
63,215,223,89,243,179
63,215,231,89,241,193
63,215,239,89,238,207
63,215,247,89,235,223
63,215,255,91,231,237
63,223,0,76,249,43
63,223,7,77,249,44
63,223,15,78,249,45
63,223,23,78,249,47
63,223,31,79,249,50
63,223,39,80,249,52
63,223,47,80,249,54
63,223,55,81,250,57
63,223,63,82,250,60
63,223,71,83,250,63
63,223,79,84,250,67
63,223,87,84,250,70
63,223,95,85,250,73
63,223,103,85,250,77
63,223,111,85,250,81
63,223,119,85,250,85
63,223,127,85,250,89
63,223,135,85,250,94
63,223,143,85,250,99
63,223,151,86,250,104
63,223,159,88,250,110
63,223,167,88,250,115
63,223,175,88,250,121
63,223,183,87,250,127
63,223,191,87,250,134
63,223,199,88,251,142
63,223,207,89,250,151
63,223,215,88,249,161
63,223,223,88,249,172
63,223,231,88,247,185
63,223,239,90,246,200
63,223,247,90,244,215
63,223,255,91,241,230
63,231,0,77,251,43
63,231,7,77,251,44
63,231,15,78,251,46
63,231,23,78,251,47
63,231,31,79,251,50
63,231,39,80,251,52
63,231,47,81,251,54
63,231,55,81,251,57
63,231,63,82,251,59
63,231,71,82,252,62
63,231,79,83,252,65
63,231,87,83,252,68
63,231,95,83,252,72
63,231,103,84,252,75
63,231,111,85,252,79
63,231,119,85,252,83
63,231,127,85,252,87
63,231,135,85,252,91
63,231,143,86,252,96
63,231,151,85,252,101
63,231,159,86,252,106
63,231,167,86,252,111
63,231,175,88,253,117
63,231,183,88,253,123
63,231,191,88,253,129
63,231,199,87,253,137
63,231,207,87,253,146
63,231,215,88,253,155
63,231,223,89,252,166
63,231,231,88,252,178
63,231,239,89,251,192
63,231,247,90,250,208
63,231,255,92,249,224
63,239,0,77,253,44
63,239,7,77,253,45
63,239,15,78,253,46
63,239,23,78,253,48
63,239,31,79,253,50
63,239,39,80,253,52
63,239,47,81,253,55
63,239,55,81,253,57
63,239,63,82,253,59
63,239,71,82,253,62
63,239,79,83,253,64
63,239,87,83,253,67
63,239,95,83,253,70
63,239,103,83,253,73
63,239,111,83,253,77
63,239,119,83,253,80
63,239,127,84,253,85
63,239,135,85,253,89
63,239,143,85,253,93
63,239,151,86,253,98
63,239,159,85,253,103
63,239,167,86,253,108
63,239,175,86,254,113
63,239,183,86,254,119
63,239,191,88,254,126
63,239,199,88,254,133
63,239,207,87,254,140
63,239,215,87,254,150
63,239,223,87,254,160
63,239,231,89,254,172
63,239,239,89,254,186
63,239,247,90,253,200
63,239,255,90,253,215
63,247,0,77,255,45
63,247,7,77,254,46
63,247,15,77,254,47
63,247,23,78,254,48
63,247,31,78,254,49
63,247,39,79,254,51
63,247,47,80,254,54
63,247,55,81,254,57
63,247,63,82,254,59
63,247,71,82,254,61
63,247,79,82,254,64
63,247,87,83,254,66
63,247,95,82,254,69
63,247,103,83,254,72
63,247,111,83,254,75
63,247,119,83,254,78
63,247,127,83,254,82
63,247,135,83,254,86
63,247,143,84,254,91
63,247,151,85,254,95
63,247,159,85,254,100
63,247,167,85,254,105
63,247,175,86,254,110
63,247,183,85,254,115
63,247,191,86,254,121
63,247,199,86,254,128
63,247,207,88,255,137
63,247,215,88,255,145
63,247,223,87,254,155
63,247,231,87,254,166
63,247,239,88,255,179
63,247,247,90,255,194
63,247,255,91,255,207
63,255,0,76,255,44
63,255,7,76,255,45
63,255,15,77,255,46
63,255,23,77,255,48
63,255,31,77,255,49
63,255,39,78,255,51
63,255,47,79,255,53
63,255,55,79,255,55
63,255,63,80,254,58
63,255,71,81,254,60
63,255,79,81,254,63
63,255,87,82,254,66
63,255,95,82,254,69
63,255,103,83,254,71
63,255,111,83,254,74
63,255,119,83,254,77
63,255,127,83,254,81
63,255,135,83,254,84
63,255,143,84,254,89
63,255,151,84,254,93
63,255,159,85,255,98
63,255,167,86,254,104
63,255,175,86,254,109
63,255,183,86,254,114
63,255,191,86,254,120
63,255,199,87,254,126
63,255,207,88,254,133
63,255,215,88,254,142
63,255,223,89,255,152
63,255,231,89,254,162
63,255,239,89,255,174
63,255,247,89,255,187
63,255,255,91,255,199
71,0,0,63,1,17
71,0,7,64,1,25
71,0,15,64,1,32
71,0,23,64,2,42
71,0,31,64,2,53
71,0,39,64,2,63
71,0,47,63,3,73
71,0,55,62,3,83
71,0,63,61,3,93
71,0,71,59,4,104
71,0,79,58,5,115
71,0,87,55,5,127
71,0,95,53,6,140
71,0,103,51,6,154
71,0,111,49,6,169
71,0,119,46,7,184
71,0,127,45,8,198
71,0,135,43,10,209
71,0,143,43,12,217
71,0,151,43,13,223
71,0,159,44,15,227
71,0,167,44,17,231
71,0,175,44,19,233
71,0,183,44,20,235
71,0,191,44,21,238
71,0,199,44,23,240
71,0,207,44,25,242
71,0,215,44,27,244
71,0,223,44,29,247
71,0,231,44,30,249
71,0,239,43,32,251
71,0,247,43,33,253
71,0,255,42,35,254
71,7,0,63,4,15
71,7,7,64,4,23
71,7,15,64,4,31
71,7,23,64,4,41
71,7,31,64,4,51
71,7,39,63,5,60
71,7,47,63,5,70
71,7,55,62,6,80
71,7,63,61,7,90
71,7,71,60,7,101
71,7,79,58,8,112
71,7,87,57,8,123
71,7,95,55,9,136
71,7,103,53,10,149
71,7,111,51,10,164
71,7,119,49,11,178
71,7,127,47,12,193
71,7,135,46,14,205
71,7,143,45,16,214
71,7,151,46,17,220
71,7,159,46,19,225
71,7,167,46,21,229
71,7,175,46,23,232
71,7,183,47,25,235
71,7,191,46,26,237
71,7,199,46,27,240
71,7,207,46,28,242
71,7,215,46,30,244
71,7,223,46,33,246
71,7,231,46,34,249
71,7,239,45,35,251
71,7,247,45,36,253
71,7,255,44,37,254
71,15,0,63,10,13
71,15,7,64,9,21
71,15,15,64,9,30
71,15,23,64,9,39
71,15,31,64,9,48
71,15,39,64,9,58
71,15,47,63,9,67
71,15,55,62,10,77
71,15,63,62,11,87
71,15,71,61,11,98
71,15,79,60,12,108
71,15,87,58,12,119
71,15,95,57,13,131
71,15,103,55,14,144
71,15,111,53,14,158
71,15,119,51,15,172
71,15,127,50,16,186
71,15,135,49,18,199
71,15,143,48,20,209
71,15,151,48,22,217
71,15,159,48,24,222
71,15,167,48,25,227
71,15,175,49,27,231
71,15,183,49,30,234
71,15,191,50,31,237
71,15,199,49,32,239
71,15,207,49,33,242
71,15,215,49,34,244
71,15,223,49,36,246
71,15,231,49,38,248
71,15,239,48,38,251
71,15,247,47,39,253
71,15,255,47,40,254
71,23,0,63,17,12
71,23,7,64,17,19
71,23,15,64,17,28
71,23,23,65,17,37
71,23,31,65,16,46
71,23,39,64,16,55
71,23,47,64,16,64
71,23,55,63,16,74
71,23,63,63,17,84
71,23,71,62,17,94
71,23,79,61,18,104
71,23,87,60,18,115
71,23,95,59,19,127
71,23,103,57,19,139
71,23,111,56,20,152
71,23,119,54,21,165
71,23,127,53,22,178
71,23,135,52,23,192
71,23,143,51,25,203
71,23,151,51,28,212
71,23,159,52,30,218
71,23,167,52,31,224
71,23,175,52,33,229
71,23,183,52,35,233
71,23,191,53,37,236
71,23,199,53,39,239
71,23,207,53,39,242
71,23,215,52,39,244
71,23,223,52,41,246
71,23,231,52,42,248
71,23,239,52,43,250
71,23,247,51,43,252
71,23,255,50,44,254
71,31,0,64,27,13
71,31,7,65,26,19
71,31,15,65,26,26
71,31,23,65,25,35
71,31,31,66,25,43
71,31,39,65,24,52
71,31,47,65,24,61
71,31,55,65,24,70
71,31,63,64,24,80
71,31,71,64,24,90
71,31,79,63,25,100
71,31,87,62,25,111
71,31,95,61,26,122
71,31,103,60,26,133
71,31,111,58,27,146
71,31,119,57,27,159
71,31,127,56,28,171
71,31,135,55,30,184
71,31,143,54,32,196
71,31,151,54,33,206
71,31,159,54,36,215
71,31,167,55,38,221
71,31,175,56,40,227
71,31,183,56,41,232
71,31,191,57,43,236
71,31,199,57,44,239
71,31,207,57,46,242
71,31,215,57,46,244
71,31,223,56,46,246
71,31,231,55,47,248
71,31,239,55,48,250
71,31,247,55,49,252
71,31,255,54,49,253
71,39,0,65,37,13
71,39,7,66,37,19
71,39,15,66,36,26
71,39,23,66,35,34
71,39,31,67,35,42
71,39,39,67,34,50
71,39,47,66,33,58
71,39,55,66,33,67
71,39,63,66,33,77
71,39,71,65,33,86
71,39,79,65,33,96
71,39,87,64,33,107
71,39,95,63,33,118
71,39,103,62,33,129
71,39,111,61,34,140
71,39,119,60,34,153
71,39,127,58,35,165
71,39,135,58,36,178
71,39,143,57,38,190
71,39,151,57,40,201
71,39,159,58,41,211
71,39,167,58,43,219
71,39,175,59,45,225
71,39,183,60,47,231
71,39,191,60,48,235
71,39,199,60,50,239
71,39,207,60,50,242
71,39,215,60,51,245
71,39,223,60,52,247
71,39,231,59,52,249
71,39,239,59,52,250
71,39,247,58,53,252
71,39,255,58,54,253
71,47,0,66,48,13
71,47,7,67,48,19
71,47,15,67,47,26
71,47,23,68,46,33
71,47,31,68,45,40
71,47,39,68,44,48
71,47,47,68,43,56
71,47,55,67,43,65
71,47,63,67,42,74
71,47,71,67,42,83
71,47,79,66,42,93
71,47,87,66,41,103
71,47,95,65,41,113
71,47,103,64,41,124
71,47,111,63,42,135
71,47,119,62,42,147
71,47,127,61,42,159
71,47,135,60,43,172
71,47,143,60,44,184
71,47,151,60,45,196
71,47,159,60,47,207
71,47,167,61,49,217
71,47,175,62,50,224
71,47,183,63,52,230
71,47,191,63,53,235
71,47,199,64,55,239
71,47,207,64,56,243
71,47,215,64,56,245
71,47,223,63,57,247
71,47,231,63,57,249
71,47,239,63,57,251
71,47,247,62,57,252
71,47,255,61,57,253
71,55,0,68,60,14
71,55,7,68,59,20
71,55,15,69,58,26
71,55,23,69,57,33
71,55,31,69,56,40
71,55,39,69,55,47
71,55,47,69,54,54
71,55,55,69,53,63
71,55,63,68,52,71
71,55,71,68,52,80
71,55,79,68,51,89
71,55,87,67,51,99
71,55,95,67,50,109
71,55,103,66,50,119
71,55,111,65,50,130
71,55,119,64,49,142
71,55,127,63,50,154
71,55,135,63,50,166
71,55,143,62,50,179
71,55,151,62,51,192
71,55,159,63,53,203
71,55,167,64,54,214
71,55,175,64,56,223
71,55,183,66,57,229
71,55,191,67,59,235
71,55,199,67,59,239
71,55,207,67,60,243
71,55,215,67,61,246
71,55,223,67,61,248
71,55,231,67,61,250
71,55,239,66,61,251
71,55,247,65,61,253
71,55,255,65,61,253
71,63,0,69,71,15
71,63,7,70,70,21
71,63,15,70,69,27
71,63,23,70,68,33
71,63,31,71,67,40
71,63,39,71,66,47
71,63,47,71,65,54
71,63,55,70,64,61
71,63,63,70,63,69
71,63,71,70,62,78
71,63,79,69,61,87
71,63,87,69,60,96
71,63,95,68,60,105
71,63,103,68,59,115
71,63,111,67,58,126
71,63,119,67,58,137
71,63,127,66,58,148
71,63,135,65,57,161
71,63,143,64,58,174
71,63,151,64,58,187
71,63,159,65,59,199
71,63,167,66,60,210
71,63,175,67,61,220
71,63,183,68,62,227
71,63,191,69,63,233
71,63,199,70,65,239
71,63,207,70,65,243
71,63,215,70,65,246
71,63,223,70,65,249
71,63,231,70,65,251
71,63,239,69,65,252
71,63,247,68,65,253
71,63,255,68,65,254
71,71,0,71,83,16
71,71,7,71,82,22
71,71,15,72,81,27
71,71,23,72,80,34
71,71,31,72,78,40
71,71,39,73,77,47
71,71,47,72,76,53
71,71,55,72,75,60
71,71,63,72,74,68
71,71,71,71,73,76
71,71,79,71,72,84
71,71,87,71,71,93
71,71,95,70,70,102
71,71,103,70,69,112
71,71,111,69,68,121
71,71,119,69,67,132
71,71,127,68,66,143
71,71,135,67,66,155
71,71,143,67,65,168
71,71,151,67,65,181
71,71,159,67,66,194
71,71,167,68,66,206
71,71,175,69,67,216
71,71,183,71,68,225
71,71,191,72,69,232
71,71,199,73,70,238
71,71,207,73,70,242
71,71,215,73,70,246
71,71,223,73,70,249
71,71,231,72,69,251
71,71,239,72,69,252
71,71,247,72,69,253
71,71,255,71,68,254
71,79,0,73,95,18
71,79,7,73,94,23
71,79,15,73,93,28
71,79,23,74,91,35
71,79,31,74,90,41
71,79,39,75,89,47
71,79,47,74,88,53
71,79,55,74,87,60
71,79,63,74,86,67
71,79,71,74,84,75
71,79,79,73,83,83
71,79,87,73,82,91
71,79,95,72,81,100
71,79,103,72,79,109
71,79,111,71,78,118
71,79,119,71,77,128
71,79,127,71,76,138
71,79,135,70,75,150
71,79,143,69,74,162
71,79,151,69,73,176
71,79,159,69,73,189
71,79,167,70,73,202
71,79,175,71,74,214
71,79,183,72,74,222
71,79,191,74,75,230
71,79,199,75,75,236
71,79,207,76,75,242
71,79,215,76,75,246
71,79,223,75,74,249
71,79,231,75,74,251
71,79,239,75,73,253
71,79,247,74,72,254
71,79,255,73,71,254
71,87,0,75,107,20
71,87,7,75,105,25
71,87,15,75,104,30
71,87,23,76,103,35
71,87,31,76,102,42
71,87,39,77,101,47
71,87,47,77,100,54
71,87,55,77,99,60
71,87,63,76,98,67
71,87,71,76,96,75
71,87,79,76,95,82
71,87,87,75,94,90
71,87,95,75,92,99
71,87,103,75,91,107
71,87,111,74,89,115
71,87,119,74,88,124
71,87,127,73,87,134
71,87,135,72,85,145
71,87,143,72,84,157
71,87,151,71,83,170
71,87,159,71,82,184
71,87,167,72,81,197
71,87,175,73,81,209
71,87,183,74,81,220
71,87,191,76,80,228
71,87,199,77,81,236
71,87,207,78,80,241
71,87,215,78,80,245
71,87,223,78,79,249
71,87,231,77,79,251
71,87,239,77,78,253
71,87,247,76,77,254
71,87,255,76,75,254
71,95,0,77,119,22
71,95,7,77,118,26
71,95,15,77,116,31
71,95,23,78,115,36
71,95,31,78,114,42
71,95,39,79,113,48
71,95,47,79,112,54
71,95,55,79,111,61
71,95,63,79,110,67
71,95,71,79,108,74
71,95,79,78,107,82
71,95,87,78,105,89
71,95,95,78,104,97
71,95,103,77,103,105
71,95,111,77,101,113
71,95,119,77,100,122
71,95,127,76,98,131
71,95,135,75,96,142
71,95,143,75,95,153
71,95,151,74,93,166
71,95,159,74,92,179
71,95,167,74,90,192
71,95,175,75,89,205
71,95,183,76,88,216
71,95,191,77,87,226
71,95,199,79,87,233
71,95,207,80,86,240
71,95,215,80,85,245
71,95,223,80,85,248
71,95,231,79,84,251
71,95,239,79,83,252
71,95,247,78,82,254
71,95,255,78,80,254
71,103,0,77,130,22
71,103,7,78,130,26
71,103,15,78,129,31
71,103,23,79,127,37
71,103,31,80,126,43
71,103,39,80,125,49
71,103,47,81,124,54
71,103,55,81,123,61
71,103,63,81,122,67
71,103,71,81,120,74
71,103,79,81,119,82
71,103,87,81,117,89
71,103,95,80,116,96
71,103,103,80,115,104
71,103,111,80,113,112
71,103,119,79,112,120
71,103,127,79,110,128
71,103,135,79,108,138
71,103,143,78,106,149
71,103,151,77,104,161
71,103,159,76,102,174
71,103,167,76,100,188
71,103,175,77,98,201
71,103,183,78,96,213
71,103,191,79,95,223
71,103,199,80,94,232
71,103,207,81,92,238
71,103,215,82,92,244
71,103,223,81,90,247
71,103,231,81,89,250
71,103,239,81,88,252
71,103,247,80,87,253
71,103,255,80,85,253
71,111,0,78,142,24
71,111,7,79,141,28
71,111,15,79,140,32
71,111,23,80,139,37
71,111,31,81,138,44
71,111,39,82,137,49
71,111,47,82,136,55
71,111,55,83,135,61
71,111,63,83,133,67
71,111,71,83,132,74
71,111,79,83,131,81
71,111,87,83,129,88
71,111,95,83,128,96
71,111,103,83,127,103
71,111,111,83,125,110
71,111,119,82,124,118
71,111,127,82,122,126
71,111,135,82,120,135
71,111,143,81,118,145
71,111,151,80,116,157
71,111,159,79,113,169
71,111,167,79,110,183
71,111,175,79,108,196
71,111,183,80,105,209
71,111,191,81,103,220
71,111,199,82,101,229
71,111,207,83,100,237
71,111,215,83,98,242
71,111,223,83,97,247
71,111,231,83,95,250
71,111,239,83,93,252
71,111,247,82,92,253
71,111,255,82,91,253
71,119,0,80,154,25
71,119,7,80,153,29
71,119,15,80,151,34
71,119,23,81,151,38
71,119,31,82,149,44
71,119,39,83,148,50
71,119,47,84,147,55
71,119,55,84,147,61
71,119,63,84,145,67
71,119,71,85,144,73
71,119,79,85,143,80
71,119,87,85,141,88
71,119,95,85,140,95
71,119,103,85,138,102
71,119,111,85,137,109
71,119,119,85,135,117
71,119,127,85,134,124
71,119,135,84,132,133
71,119,143,84,130,142
71,119,151,83,128,152
71,119,159,82,125,165
71,119,167,82,122,178
71,119,175,81,118,192
71,119,183,81,115,204
71,119,191,82,112,216
71,119,199,83,110,226
71,119,207,84,107,234
71,119,215,84,105,241
71,119,223,85,103,246
71,119,231,85,102,249
71,119,239,84,100,251
71,119,247,84,98,253
71,119,255,83,97,253
71,127,0,80,167,26
71,127,7,80,165,29
71,127,15,81,164,34
71,127,23,82,162,40
71,127,31,83,161,44
71,127,39,84,160,50
71,127,47,85,159,56
71,127,55,85,158,61
71,127,63,86,157,67
71,127,71,86,156,73
71,127,79,87,154,79
71,127,87,87,153,86
71,127,95,87,152,93
71,127,103,87,150,100
71,127,111,87,149,108
71,127,119,87,147,115
71,127,127,87,145,122
71,127,135,87,144,130
71,127,143,87,142,139
71,127,151,86,139,149
71,127,159,85,136,160
71,127,167,84,133,173
71,127,175,83,130,186
71,127,183,83,126,199
71,127,191,84,123,211
71,127,199,84,119,222
71,127,207,85,116,231
71,127,215,86,114,239
71,127,223,86,111,245
71,127,231,86,109,249
71,127,239,86,107,252
71,127,247,85,105,253
71,127,255,86,103,254
71,135,0,80,179,26
71,135,7,81,178,30
71,135,15,81,177,33
71,135,23,82,175,39
71,135,31,84,173,45
71,135,39,84,172,50
71,135,47,85,171,55
71,135,55,86,170,61
71,135,63,87,169,66
71,135,71,87,168,72
71,135,79,88,166,79
71,135,87,88,165,86
71,135,95,89,164,92
71,135,103,89,162,99
71,135,111,89,161,106
71,135,119,89,159,113
71,135,127,89,157,120
71,135,135,89,156,128
71,135,143,88,154,136
71,135,151,88,151,145
71,135,159,88,148,156
71,135,167,87,145,167
71,135,175,86,142,180
71,135,183,86,138,193
71,135,191,85,134,206
71,135,199,85,130,217
71,135,207,86,126,228
71,135,215,87,123,236
71,135,223,87,120,243
71,135,231,87,117,248
71,135,239,87,115,251
71,135,247,87,113,254
71,135,255,87,111,254
71,143,0,79,193,26
71,143,7,80,192,30
71,143,15,81,190,33
71,143,23,82,189,38
71,143,31,83,187,44
71,143,39,85,184,51
71,143,47,86,183,55
71,143,55,87,182,61
71,143,63,87,181,66
71,143,71,88,180,71
71,143,79,88,179,77
71,143,87,89,178,84
71,143,95,89,176,90
71,143,103,90,175,97
71,143,111,90,173,105
71,143,119,90,172,111
71,143,127,90,170,118
71,143,135,90,168,125
71,143,143,90,166,134
71,143,151,90,164,142
71,143,159,89,161,151
71,143,167,89,158,162
71,143,175,88,154,175
71,143,183,87,150,187
71,143,191,87,146,200
71,143,199,87,141,212
71,143,207,87,137,223
71,143,215,88,133,232
71,143,223,88,130,240
71,143,231,88,126,246
71,143,239,88,124,251
71,143,247,88,121,253
71,143,255,88,118,255
71,151,0,80,205,28
71,151,7,81,204,31
71,151,15,82,203,36
71,151,23,83,201,40
71,151,31,84,200,44
71,151,39,85,198,50
71,151,47,86,196,55
71,151,55,87,195,60
71,151,63,88,194,65
71,151,71,89,193,71
71,151,79,89,192,77
71,151,87,90,190,83
71,151,95,90,189,89
71,151,103,90,188,95
71,151,111,91,186,102
71,151,119,91,185,109
71,151,127,91,183,116
71,151,135,91,181,123
71,151,143,91,179,130
71,151,151,91,177,139
71,151,159,91,174,148
71,151,167,91,172,158
71,151,175,89,168,169
71,151,183,89,164,181
71,151,191,89,159,194
71,151,199,88,154,206
71,151,207,88,149,218
71,151,215,89,145,228
71,151,223,89,141,236
71,151,231,89,137,244
71,151,239,89,133,250
71,151,247,89,130,253
71,151,255,89,127,254
71,159,0,81,215,29
71,159,7,81,214,32
71,159,15,82,213,36
71,159,23,83,212,41
71,159,31,84,211,46
71,159,39,85,209,50
71,159,47,86,208,55
71,159,55,87,206,60
71,159,63,88,205,65
71,159,71,89,204,70
71,159,79,89,203,75
71,159,87,90,202,81
71,159,95,91,201,88
71,159,103,91,200,94
71,159,111,91,199,100
71,159,119,91,197,106
71,159,127,92,195,113
71,159,135,92,194,120
71,159,143,92,193,128
71,159,151,92,190,135
71,159,159,92,188,144
71,159,167,91,185,153
71,159,175,91,182,163
71,159,183,90,178,175
71,159,191,89,173,187
71,159,199,89,168,199
71,159,207,89,163,211
71,159,215,89,158,222
71,159,223,89,153,232
71,159,231,90,148,240
71,159,239,90,144,247
71,159,247,90,140,253
71,159,255,90,137,254
71,167,0,81,223,31
71,167,7,82,223,34
71,167,15,82,222,37
71,167,23,83,221,41
71,167,31,85,220,46
71,167,39,86,219,52
71,167,47,87,218,56
71,167,55,88,217,61
71,167,63,89,216,65
71,167,71,89,215,70
71,167,79,90,214,75
71,167,87,90,213,80
71,167,95,91,212,86
71,167,103,91,211,92
71,167,111,92,210,98
71,167,119,92,209,105
71,167,127,92,208,111
71,167,135,92,206,117
71,167,143,92,205,124
71,167,151,93,203,132
71,167,159,93,201,140
71,167,167,93,199,148
71,167,175,92,195,158
71,167,183,91,192,168
71,167,191,90,188,180
71,167,199,90,183,192
71,167,207,90,178,204
71,167,215,89,172,216
71,167,223,91,166,227
71,167,231,90,161,237
71,167,239,91,155,245
71,167,247,91,151,251
71,167,255,91,147,254
71,175,0,82,229,34
71,175,7,82,229,36
71,175,15,83,229,39
71,175,23,84,228,42
71,175,31,85,228,46
71,175,39,86,227,52
71,175,47,87,226,57
71,175,55,88,225,60
71,175,63,89,225,65
71,175,71,90,224,69
71,175,79,90,224,74
71,175,87,91,223,80
71,175,95,91,222,85
71,175,103,91,221,90
71,175,111,92,220,96
71,175,119,92,219,102
71,175,127,92,218,108
71,175,135,92,218,115
71,175,143,93,217,122
71,175,151,93,215,128
71,175,159,93,213,136
71,175,167,93,211,144
71,175,175,93,210,153
71,175,183,92,206,163
71,175,191,91,202,173
71,175,199,91,198,185
71,175,207,90,193,197
71,175,215,91,187,209
71,175,223,90,181,221
71,175,231,91,175,232
71,175,239,92,169,242
71,175,247,92,163,250
71,175,255,93,159,253
71,183,0,82,235,37
71,183,7,83,235,39
71,183,15,84,235,42
71,183,23,84,235,45
71,183,31,85,234,48
71,183,39,86,234,52
71,183,47,88,233,57
71,183,55,89,232,61
71,183,63,89,232,65
71,183,71,90,231,69
71,183,79,90,231,73
71,183,87,91,231,78
71,183,95,91,230,83
71,183,103,91,230,89
71,183,111,92,229,95
71,183,119,92,228,100
71,183,127,92,227,106
71,183,135,93,226,112
71,183,143,93,226,118
71,183,151,93,225,125
71,183,159,94,224,133
71,183,167,94,222,139
71,183,175,93,220,147
71,183,183,93,219,156
71,183,191,92,216,166
71,183,199,92,212,177
71,183,207,91,208,189
71,183,215,90,203,201
71,183,223,91,196,214
71,183,231,92,190,226
71,183,239,92,184,237
71,183,247,93,178,246
71,183,255,94,172,253
71,191,0,82,239,38
71,191,7,83,239,40
71,191,15,83,239,43
71,191,23,84,239,46
71,191,31,86,239,50
71,191,39,86,239,53
71,191,47,88,239,57
71,191,55,89,238,61
71,191,63,89,238,65
71,191,71,90,238,68
71,191,79,90,237,73
71,191,87,91,237,77
71,191,95,91,236,82
71,191,103,91,236,87
71,191,111,92,235,92
71,191,119,92,235,98
71,191,127,92,235,103
71,191,135,93,234,109
71,191,143,93,233,115
71,191,151,93,232,121
71,191,159,93,232,128
71,191,167,93,231,135
71,191,175,94,230,143
71,191,183,94,228,150
71,191,191,93,226,159
71,191,199,92,224,170
71,191,207,92,220,181
71,191,215,92,216,193
71,191,223,91,211,206
71,191,231,92,205,218
71,191,239,93,199,231
71,191,247,94,193,243
71,191,255,94,187,250
71,199,0,82,242,40
71,199,7,82,242,41
71,199,15,83,242,43
71,199,23,84,242,46
71,199,31,85,242,49
71,199,39,86,243,54
71,199,47,87,243,57
71,199,55,88,243,60
71,199,63,89,243,64
71,199,71,89,243,68
71,199,79,90,242,72
71,199,87,91,242,76
71,199,95,91,242,80
71,199,103,91,241,85
71,199,111,92,241,90
71,199,119,92,241,95
71,199,127,92,240,100
71,199,135,92,240,106
71,199,143,92,240,112
71,199,151,94,239,118
71,199,159,94,239,124
71,199,167,94,238,130
71,199,175,94,237,137
71,199,183,93,236,145
71,199,191,94,235,153
71,199,199,94,233,162
71,199,207,93,231,173
71,199,215,92,228,185
71,199,223,93,224,198
71,199,231,93,219,211
71,199,239,93,214,224
71,199,247,93,208,238
71,199,255,96,202,250
71,207,0,81,244,41
71,207,7,82,244,42
71,207,15,82,244,44
71,207,23,83,245,46
71,207,31,84,245,49
71,207,39,86,245,53
71,207,47,87,246,57
71,207,55,88,246,60
71,207,63,88,246,63
71,207,71,89,246,67
71,207,79,89,246,71
71,207,87,89,246,74
71,207,95,90,245,79
71,207,103,90,245,83
71,207,111,92,245,88
71,207,119,92,245,93
71,207,127,92,245,98
71,207,135,92,244,103
71,207,143,92,244,108
71,207,151,93,244,114
71,207,159,93,244,120
71,207,167,94,244,127
71,207,175,94,243,133
71,207,183,94,243,139
71,207,191,94,242,147
71,207,199,93,241,156
71,207,207,94,240,166
71,207,215,94,237,176
71,207,223,92,235,190
71,207,231,93,231,203
71,207,239,94,227,218
71,207,247,94,223,232
71,207,255,95,217,244
71,215,0,81,246,42
71,215,7,82,247,44
71,215,15,83,247,46
71,215,23,83,247,47
71,215,31,84,247,50
71,215,39,85,247,52
71,215,47,86,248,56
71,215,55,88,248,60
71,215,63,88,248,63
71,215,71,89,248,66
71,215,79,89,248,70
71,215,87,89,248,73
71,215,95,90,248,77
71,215,103,90,248,81
71,215,111,90,248,85
71,215,119,90,248,90
71,215,127,91,248,95
71,215,135,92,248,100
71,215,143,92,248,105
71,215,151,93,248,110
71,215,159,93,248,116
71,215,167,93,247,122
71,215,175,93,248,128
71,215,183,95,248,135
71,215,191,94,248,142
71,215,199,94,247,149
71,215,207,93,246,159
71,215,215,93,245,170
71,215,223,94,243,182
71,215,231,93,241,195
71,215,239,94,238,209
71,215,247,94,235,225
71,215,255,96,231,239
71,223,0,80,249,43
71,223,7,81,249,44
71,223,15,82,249,46
71,223,23,83,249,48
71,223,31,84,249,51
71,223,39,84,249,53
71,223,47,85,250,56
71,223,55,86,250,59
71,223,63,88,250,62
71,223,71,88,250,65
71,223,79,89,250,69
71,223,87,89,250,72
71,223,95,89,250,76
71,223,103,90,250,79
71,223,111,90,250,83
71,223,119,90,250,87
71,223,127,90,250,92
71,223,135,90,250,97
71,223,143,91,250,102
71,223,151,92,251,108
71,223,159,93,251,112
71,223,167,93,251,118
71,223,175,93,251,124
71,223,183,93,251,130
71,223,191,93,251,137
71,223,199,94,251,145
71,223,207,94,250,153
71,223,215,93,249,163
71,223,223,93,249,175
71,223,231,94,247,187
71,223,239,94,246,202
71,223,247,95,244,217
71,223,255,95,241,232
71,231,0,80,251,44
71,231,7,81,251,45
71,231,15,81,251,46
71,231,23,82,251,48
71,231,31,83,251,50
71,231,39,85,251,53
71,231,47,85,251,56
71,231,55,85,252,58
71,231,63,86,252,61
71,231,71,87,252,64
71,231,79,87,252,67
71,231,87,88,252,71
71,231,95,89,252,74
71,231,103,89,252,78
71,231,111,89,252,82
71,231,119,90,252,85
71,231,127,90,252,90
71,231,135,90,252,94
71,231,143,90,252,99
71,231,151,90,252,104
71,231,159,91,252,109
71,231,167,92,253,115
71,231,175,93,253,120
71,231,183,93,253,126
71,231,191,93,253,132
71,231,199,92,253,140
71,231,207,93,253,149
71,231,215,94,253,158
71,231,223,93,252,169
71,231,231,93,252,181
71,231,239,94,251,194
71,231,247,95,250,210
71,231,255,96,249,226
71,239,0,80,253,45
71,239,7,80,253,46
71,239,15,81,253,47
71,239,23,82,253,48
71,239,31,82,253,50
71,239,39,83,253,53
71,239,47,85,253,56
71,239,55,85,253,58
71,239,63,86,253,60
71,239,71,86,253,63
71,239,79,87,253,66
71,239,87,87,253,69
71,239,95,87,253,72
71,239,103,88,253,76
71,239,111,88,253,79
71,239,119,89,253,83
71,239,127,89,253,87
71,239,135,90,253,92
71,239,143,90,253,96
71,239,151,90,254,101
71,239,159,90,254,105
71,239,167,91,254,111
71,239,175,91,254,116
71,239,183,92,254,122
71,239,191,92,254,129
71,239,199,92,254,135
71,239,207,92,254,143
71,239,215,92,254,152
71,239,223,92,254,163
71,239,231,93,254,175
71,239,239,93,254,188
71,239,247,94,253,202
71,239,255,95,253,217
71,247,0,80,255,46
71,247,7,80,255,47
71,247,15,81,254,47
71,247,23,81,254,49
71,247,31,82,254,50
71,247,39,83,254,52
71,247,47,84,254,55
71,247,55,85,254,58
71,247,63,85,254,60
71,247,71,86,254,63
71,247,79,86,254,65
71,247,87,87,254,68
71,247,95,87,254,71
71,247,103,87,254,74
71,247,111,87,254,77
71,247,119,87,254,81
71,247,127,87,254,85
71,247,135,88,254,89
71,247,143,89,254,93
71,247,151,89,254,98
71,247,159,90,254,103
71,247,167,90,254,107
71,247,175,90,254,113
71,247,183,90,254,118
71,247,191,91,254,125
71,247,199,92,255,132
71,247,207,92,255,139
71,247,215,92,255,148
71,247,223,92,255,158
71,247,231,92,255,169
71,247,239,93,255,183
71,247,247,94,255,196
71,247,255,95,255,208
71,255,0,79,255,45
71,255,7,79,255,46
71,255,15,80,255,47
71,255,23,80,255,49
71,255,31,81,255,50
71,255,39,81,255,52
71,255,47,82,255,54
71,255,55,83,255,56
71,255,63,84,255,59
71,255,71,85,254,62
71,255,79,85,254,65
71,255,87,86,254,68
71,255,95,86,254,70
71,255,103,87,254,73
71,255,111,87,254,76
71,255,119,87,254,80
71,255,127,87,254,83
71,255,135,88,254,87
71,255,143,88,254,91
71,255,151,89,255,96
71,255,159,89,255,101
71,255,167,90,255,106
71,255,175,90,254,111
71,255,183,91,254,117
71,255,191,91,254,122
71,255,199,91,254,129
71,255,207,92,254,136
71,255,215,93,255,145
71,255,223,93,255,154
71,255,231,93,255,165
71,255,239,93,255,177
71,255,247,93,255,189
71,255,255,95,255,201
79,0,0,71,2,17
79,0,7,72,2,24
79,0,15,72,2,33
79,0,23,72,2,42
79,0,31,72,2,53
79,0,39,72,2,63
79,0,47,71,2,72
79,0,55,70,3,82
79,0,63,69,4,92
79,0,71,67,5,103
79,0,79,66,5,114
79,0,87,64,6,126
79,0,95,62,6,139
79,0,103,59,6,153
79,0,111,57,7,167
79,0,119,55,8,182
79,0,127,52,9,196
79,0,135,51,10,207
79,0,143,50,11,215
79,0,151,49,13,223
79,0,159,49,15,227
79,0,167,49,17,231
79,0,175,48,19,233
79,0,183,48,20,235
79,0,191,48,21,238
79,0,199,48,23,240
79,0,207,48,25,241
79,0,215,48,27,244
79,0,223,47,29,246
79,0,231,47,30,249
79,0,239,46,32,251
79,0,247,45,33,253
79,0,255,45,35,254
79,7,0,71,4,16
79,7,7,72,4,23
79,7,15,72,4,32
79,7,23,72,5,41
79,7,31,72,4,51
79,7,39,71,5,61
79,7,47,71,5,70
79,7,55,70,6,80
79,7,63,69,7,90
79,7,71,68,7,101
79,7,79,66,8,111
79,7,87,65,9,123
79,7,95,63,9,135
79,7,103,61,10,148
79,7,111,59,10,163
79,7,119,57,11,177
79,7,127,55,12,191
79,7,135,53,13,204
79,7,143,52,15,212
79,7,151,51,17,220
79,7,159,51,19,225
79,7,167,51,21,229
79,7,175,51,23,232
79,7,183,51,25,235
79,7,191,51,26,237
79,7,199,50,27,239
79,7,207,50,29,242
79,7,215,50,31,243
79,7,223,49,32,246
79,7,231,49,34,249
79,7,239,48,35,251
79,7,247,47,36,253
79,7,255,47,38,254
79,15,0,71,9,14
79,15,7,71,9,21
79,15,15,72,9,30
79,15,23,72,9,40
79,15,31,72,9,49
79,15,39,71,9,58
79,15,47,71,9,68
79,15,55,70,10,78
79,15,63,70,10,88
79,15,71,69,11,98
79,15,79,67,12,108
79,15,87,66,12,119
79,15,95,64,13,131
79,15,103,63,14,143
79,15,111,61,14,157
79,15,119,59,15,172
79,15,127,57,16,186
79,15,135,55,17,200
79,15,143,54,20,209
79,15,151,54,22,217
79,15,159,54,23,223
79,15,167,53,25,227
79,15,175,53,28,231
79,15,183,54,30,234
79,15,191,54,31,237
79,15,199,53,32,239
79,15,207,53,33,242
79,15,215,52,34,244
79,15,223,52,37,246
79,15,231,52,38,248
79,15,239,51,38,251
79,15,247,50,39,252
79,15,255,49,40,254
79,23,0,71,16,14
79,23,7,72,16,21
79,23,15,72,16,28
79,23,23,72,16,38
79,23,31,72,16,47
79,23,39,72,15,56
79,23,47,71,15,65
79,23,55,71,16,74
79,23,63,70,16,84
79,23,71,70,17,94
79,23,79,69,17,105
79,23,87,68,18,116
79,23,95,66,18,127
79,23,103,65,19,139
79,23,111,63,20,151
79,23,119,61,21,165
79,23,127,60,22,179
79,23,135,58,23,192
79,23,143,57,25,204
79,23,151,57,28,212
79,23,159,56,29,219
79,23,167,57,31,225
79,23,175,56,33,229
79,23,183,57,35,233
79,23,191,57,38,236
79,23,199,57,38,239
79,23,207,56,38,242
79,23,215,56,39,244
79,23,223,55,41,246
79,23,231,55,42,248
79,23,239,54,43,250
79,23,247,53,43,252
79,23,255,52,44,254
79,31,0,71,25,14
79,31,7,72,25,20
79,31,15,73,25,28
79,31,23,73,24,36
79,31,31,73,24,45
79,31,39,73,23,53
79,31,47,73,23,62
79,31,55,72,23,71
79,31,63,72,23,81
79,31,71,71,24,91
79,31,79,70,24,101
79,31,87,70,25,111
79,31,95,68,25,122
79,31,103,67,26,134
79,31,111,66,26,146
79,31,119,64,27,159
79,31,127,62,28,172
79,31,135,61,29,184
79,31,143,60,31,197
79,31,151,60,33,207
79,31,159,59,35,215
79,31,167,60,38,221
79,31,175,60,39,227
79,31,183,60,41,232
79,31,191,60,43,236
79,31,199,60,44,239
79,31,207,60,46,242
79,31,215,60,46,244
79,31,223,59,46,246
79,31,231,58,47,248
79,31,239,58,48,250
79,31,247,57,49,252
79,31,255,56,49,253
79,39,0,73,36,13
79,39,7,73,35,19
79,39,15,74,34,27
79,39,23,74,34,35
79,39,31,74,33,43
79,39,39,74,32,51
79,39,47,74,32,59
79,39,55,74,32,68
79,39,63,73,32,78
79,39,71,73,32,87
79,39,79,72,32,97
79,39,87,71,32,107
79,39,95,70,33,118
79,39,103,70,33,129
79,39,111,68,33,141
79,39,119,67,34,153
79,39,127,65,34,166
79,39,135,64,36,178
79,39,143,63,37,190
79,39,151,63,39,202
79,39,159,63,41,211
79,39,167,63,43,219
79,39,175,63,45,226
79,39,183,64,47,231
79,39,191,64,48,236
79,39,199,64,50,239
79,39,207,64,51,242
79,39,215,64,52,245
79,39,223,63,52,247
79,39,231,62,52,249
79,39,239,61,52,250
79,39,247,61,53,252
79,39,255,60,54,253
79,47,0,74,46,14
79,47,7,74,46,20
79,47,15,75,45,27
79,47,23,75,44,35
79,47,31,75,43,42
79,47,39,75,43,49
79,47,47,75,42,57
79,47,55,75,42,66
79,47,63,75,41,75
79,47,71,74,41,84
79,47,79,74,41,94
79,47,87,73,41,104
79,47,95,72,41,114
79,47,103,71,41,125
79,47,111,70,41,136
79,47,119,69,41,148
79,47,127,68,42,160
79,47,135,66,42,172
79,47,143,66,43,185
79,47,151,65,45,197
79,47,159,65,47,207
79,47,167,66,49,217
79,47,175,66,50,224
79,47,183,67,52,230
79,47,191,67,54,235
79,47,199,68,55,239
79,47,207,68,56,243
79,47,215,67,56,245
79,47,223,67,57,247
79,47,231,66,58,249
79,47,239,65,57,251
79,47,247,64,57,252
79,47,255,64,57,253
79,55,0,75,57,15
79,55,7,76,57,21
79,55,15,76,56,27
79,55,23,76,55,34
79,55,31,77,54,41
79,55,39,77,53,48
79,55,47,77,52,56
79,55,55,76,52,64
79,55,63,76,51,72
79,55,71,76,51,81
79,55,79,75,50,90
79,55,87,75,50,100
79,55,95,74,49,110
79,55,103,73,49,120
79,55,111,72,49,131
79,55,119,71,49,142
79,55,127,70,49,154
79,55,135,69,49,167
79,55,143,68,50,179
79,55,151,68,51,192
79,55,159,68,52,204
79,55,167,69,54,214
79,55,175,69,56,223
79,55,183,70,57,229
79,55,191,71,59,235
79,55,199,71,60,239
79,55,207,71,60,243
79,55,215,71,61,246
79,55,223,70,61,248
79,55,231,69,61,250
79,55,239,69,62,252
79,55,247,68,62,253
79,55,255,67,61,253
79,63,0,77,69,16
79,63,7,77,68,22
79,63,15,77,67,28
79,63,23,78,66,34
79,63,31,78,65,41
79,63,39,78,64,48
79,63,47,78,63,55
79,63,55,78,62,62
79,63,63,77,61,70
79,63,71,77,61,79
79,63,79,76,60,88
79,63,87,76,59,97
79,63,95,76,59,106
79,63,103,75,58,116
79,63,111,74,58,126
79,63,119,73,57,137
79,63,127,72,57,149
79,63,135,71,57,161
79,63,143,70,57,174
79,63,151,70,58,187
79,63,159,70,59,199
79,63,167,71,60,211
79,63,175,72,61,220
79,63,183,73,63,228
79,63,191,73,64,234
79,63,199,74,65,239
79,63,207,74,65,243
79,63,215,74,65,246
79,63,223,73,66,249
79,63,231,73,66,251
79,63,239,72,65,252
79,63,247,71,65,253
79,63,255,71,65,254
79,71,0,78,80,18
79,71,7,78,79,23
79,71,15,79,78,28
79,71,23,79,77,35
79,71,31,80,76,41
79,71,39,80,75,48
79,71,47,80,74,55
79,71,55,79,73,62
79,71,63,79,72,69
79,71,71,78,71,77
79,71,79,78,70,85
79,71,87,78,69,94
79,71,95,77,68,103
79,71,103,77,68,112
79,71,111,76,67,122
79,71,119,75,66,133
79,71,127,74,65,143
79,71,135,73,65,155
79,71,143,73,65,168
79,71,151,72,65,182
79,71,159,72,65,195
79,71,167,73,66,207
79,71,175,74,67,217
79,71,183,75,68,225
79,71,191,76,69,232
79,71,199,77,70,238
79,71,207,77,70,243
79,71,215,77,70,246
79,71,223,77,70,249
79,71,231,76,70,251
79,71,239,75,69,252
79,71,247,75,69,253
79,71,255,74,68,254
79,79,0,79,92,20
79,79,7,80,91,25
79,79,15,80,90,29
79,79,23,81,89,36
79,79,31,81,88,42
79,79,39,81,87,48
79,79,47,81,86,55
79,79,55,81,85,62
79,79,63,81,84,69
79,79,71,80,83,76
79,79,79,80,81,84
79,79,87,79,80,92
79,79,95,79,79,101
79,79,103,78,78,109
79,79,111,78,77,119
79,79,119,78,76,128
79,79,127,77,75,139
79,79,135,76,74,150
79,79,143,75,73,163
79,79,151,75,73,176
79,79,159,75,73,189
79,79,167,75,73,202
79,79,175,76,74,214
79,79,183,77,74,223
79,79,191,78,75,230
79,79,199,79,75,237
79,79,207,80,75,242
79,79,215,80,75,246
79,79,223,79,75,249
79,79,231,79,75,251
79,79,239,78,74,253
79,79,247,77,72,254
79,79,255,77,72,254
79,87,0,81,103,21
79,87,7,81,102,26
79,87,15,82,101,31
79,87,23,83,100,36
79,87,31,83,99,43
79,87,39,83,98,49
79,87,47,83,97,55
79,87,55,83,96,62
79,87,63,83,95,69
79,87,71,83,94,76
79,87,79,82,93,83
79,87,87,82,92,91
79,87,95,81,91,99
79,87,103,81,89,107
79,87,111,80,88,116
79,87,119,80,87,125
79,87,127,79,86,135
79,87,135,79,84,146
79,87,143,78,83,158
79,87,151,77,82,171
79,87,159,77,82,184
79,87,167,77,81,197
79,87,175,78,81,209
79,87,183,79,81,220
79,87,191,80,81,228
79,87,199,81,81,235
79,87,207,82,81,241
79,87,215,82,80,245
79,87,223,82,80,249
79,87,231,81,79,251
79,87,239,81,78,253
79,87,247,80,77,254
79,87,255,79,76,254
79,95,0,83,115,23
79,95,7,83,114,27
79,95,15,84,113,32
79,95,23,84,112,38
79,95,31,85,111,43
79,95,39,85,110,49
79,95,47,85,109,55
79,95,55,85,108,62
79,95,63,85,107,69
79,95,71,85,106,76
79,95,79,85,105,83
79,95,87,84,104,91
79,95,95,84,102,98
79,95,103,83,101,106
79,95,111,83,100,114
79,95,119,83,98,122
79,95,127,82,97,132
79,95,135,81,95,142
79,95,143,81,94,153
79,95,151,80,92,166
79,95,159,80,91,179
79,95,167,80,90,192
79,95,175,80,89,205
79,95,183,81,88,216
79,95,191,82,88,226
79,95,199,83,87,233
79,95,207,84,87,240
79,95,215,84,86,245
79,95,223,84,85,248
79,95,231,83,84,251
79,95,239,83,83,252
79,95,247,82,82,254
79,95,255,81,81,254
79,103,0,83,127,23
79,103,7,84,126,27
79,103,15,85,125,32
79,103,23,86,124,38
79,103,31,86,123,44
79,103,39,87,122,50
79,103,47,87,121,56
79,103,55,87,120,62
79,103,63,87,119,69
79,103,71,87,118,76
79,103,79,87,117,83
79,103,87,87,115,90
79,103,95,87,114,98
79,103,103,86,113,105
79,103,111,86,112,113
79,103,119,85,110,121
79,103,127,85,109,129
79,103,135,85,107,139
79,103,143,84,105,149
79,103,151,83,104,161
79,103,159,82,101,174
79,103,167,82,100,188
79,103,175,83,98,201
79,103,183,83,96,213
79,103,191,84,95,223
79,103,199,85,94,232
79,103,207,86,93,238
79,103,215,86,92,244
79,103,223,86,91,248
79,103,231,85,90,250
79,103,239,85,89,252
79,103,247,84,87,253
79,103,255,83,86,253
79,111,0,85,138,25
79,111,7,85,137,29
79,111,15,86,136,33
79,111,23,87,135,39
79,111,31,88,134,45
79,111,39,88,134,51
79,111,47,89,133,56
79,111,55,89,132,62
79,111,63,89,131,69
79,111,71,89,130,76
79,111,79,89,128,83
79,111,87,89,127,90
79,111,95,89,126,97
79,111,103,89,125,104
79,111,111,89,123,112
79,111,119,88,122,119
79,111,127,88,120,127
79,111,135,87,119,136
79,111,143,87,117,146
79,111,151,86,115,157
79,111,159,86,112,169
79,111,167,85,110,183
79,111,175,85,107,196
79,111,183,85,105,209
79,111,191,86,103,220
79,111,199,87,102,229
79,111,207,88,100,237
79,111,215,87,99,242
79,111,223,88,97,247
79,111,231,87,96,250
79,111,239,87,94,252
79,111,247,86,93,253
79,111,255,85,91,253
79,119,0,86,150,26
79,119,7,86,149,30
79,119,15,87,148,35
79,119,23,88,147,40
79,119,31,88,146,45
79,119,39,89,145,52
79,119,47,90,144,57
79,119,55,91,143,63
79,119,63,91,142,69
79,119,71,91,141,75
79,119,79,91,140,82
79,119,87,91,139,89
79,119,95,92,138,96
79,119,103,92,136,104
79,119,111,92,135,111
79,119,119,91,134,118
79,119,127,91,132,125
79,119,135,90,131,134
79,119,143,90,129,143
79,119,151,89,127,153
79,119,159,88,124,165
79,119,167,88,121,178
79,119,175,87,118,192
79,119,183,87,115,205
79,119,191,88,113,216
79,119,199,88,110,226
79,119,207,89,108,234
79,119,215,89,106,241
79,119,223,89,104,246
79,119,231,89,102,249
79,119,239,88,101,251
79,119,247,88,99,253
79,119,255,87,98,253
79,127,0,87,162,27
79,127,7,87,161,31
79,127,15,88,160,35
79,127,23,88,158,41
79,127,31,89,157,46
79,127,39,90,157,52
79,127,47,91,156,57
79,127,55,91,155,63
79,127,63,92,154,69
79,127,71,92,153,75
79,127,79,93,152,82
79,127,87,93,151,89
79,127,95,94,149,96
79,127,103,94,148,102
79,127,111,93,147,109
79,127,119,93,145,116
79,127,127,93,144,124
79,127,135,93,142,132
79,127,143,92,140,140
79,127,151,92,138,150
79,127,159,92,136,161
79,127,167,90,133,173
79,127,175,90,129,186
79,127,183,89,126,199
79,127,191,89,123,211
79,127,199,90,119,222
79,127,207,90,117,231
79,127,215,91,114,239
79,127,223,91,112,245
79,127,231,90,110,249
79,127,239,90,108,252
79,127,247,90,106,253
79,127,255,90,104,254
79,135,0,86,175,28
79,135,7,87,174,31
79,135,15,88,173,35
79,135,23,88,171,40
79,135,31,90,170,47
79,135,39,91,169,52
79,135,47,91,168,57
79,135,55,92,167,63
79,135,63,93,166,69
79,135,71,94,165,75
79,135,79,94,164,81
79,135,87,94,163,88
79,135,95,95,161,94
79,135,103,95,160,101
79,135,111,95,159,108
79,135,119,95,157,115
79,135,127,95,156,122
79,135,135,95,154,130
79,135,143,95,152,138
79,135,151,95,150,147
79,135,159,94,147,157
79,135,167,93,145,168
79,135,175,92,141,181
79,135,183,91,137,194
79,135,191,91,133,206
79,135,199,91,130,218
79,135,207,92,126,228
79,135,215,92,123,237
79,135,223,92,120,243
79,135,231,92,118,248
79,135,239,92,115,251
79,135,247,91,113,254
79,135,255,91,111,254
79,143,0,85,188,27
79,143,7,86,187,31
79,143,15,87,186,35
79,143,23,88,185,39
79,143,31,89,183,45
79,143,39,91,181,53
79,143,47,92,180,57
79,143,55,93,179,63
79,143,63,94,178,68
79,143,71,94,177,74
79,143,79,95,176,80
79,143,87,96,175,87
79,143,95,96,174,94
79,143,103,96,173,100
79,143,111,96,171,107
79,143,119,96,170,113
79,143,127,97,168,120
79,143,135,97,167,128
79,143,143,97,165,136
79,143,151,96,163,144
79,143,159,96,160,153
79,143,167,95,157,164
79,143,175,94,154,175
79,143,183,93,150,188
79,143,191,93,146,201
79,143,199,93,141,213
79,143,207,93,137,224
79,143,215,93,133,233
79,143,223,93,130,241
79,143,231,93,127,246
79,143,239,93,124,251
79,143,247,93,121,253
79,143,255,93,119,255
79,151,0,86,200,29
79,151,7,86,200,32
79,151,15,87,198,37
79,151,23,89,197,42
79,151,31,90,196,46
79,151,39,91,194,52
79,151,47,92,193,58
79,151,55,93,192,63
79,151,63,94,191,68
79,151,71,95,190,73
79,151,79,96,189,79
79,151,87,96,188,85
79,151,95,97,187,92
79,151,103,97,185,98
79,151,111,98,184,105
79,151,119,98,183,112
79,151,127,98,181,118
79,151,135,98,180,125
79,151,143,98,178,133
79,151,151,98,176,141
79,151,159,97,173,150
79,151,167,97,170,159
79,151,175,96,167,170
79,151,183,96,163,183
79,151,191,95,159,195
79,151,199,94,154,207
79,151,207,94,149,219
79,151,215,94,145,229
79,151,223,94,141,237
79,151,231,94,137,244
79,151,239,94,133,250
79,151,247,94,130,253
79,151,255,94,127,254
79,159,0,86,211,30
79,159,7,87,211,33
79,159,15,88,210,37
79,159,23,89,209,42
79,159,31,90,207,48
79,159,39,91,206,52
79,159,47,92,205,57
79,159,55,94,204,62
79,159,63,94,203,67
79,159,71,96,202,73
79,159,79,96,201,78
79,159,87,97,201,85
79,159,95,97,199,91
79,159,103,97,198,97
79,159,111,98,197,103
79,159,119,98,195,109
79,159,127,98,194,116
79,159,135,99,193,123
79,159,143,99,191,130
79,159,151,99,189,137
79,159,159,98,186,146
79,159,167,98,184,155
79,159,175,98,181,165
79,159,183,96,177,177
79,159,191,96,173,188
79,159,199,96,168,201
79,159,207,95,163,212
79,159,215,95,157,223
79,159,223,95,152,233
79,159,231,95,148,241
79,159,239,95,144,248
79,159,247,95,140,253
79,159,255,95,137,255
79,167,0,87,220,32
79,167,7,87,220,34
79,167,15,88,219,38
79,167,23,89,219,42
79,167,31,90,218,48
79,167,39,92,217,53
79,167,47,93,216,58
79,167,55,94,214,62
79,167,63,95,213,67
79,167,71,95,213,72
79,167,79,96,212,77
79,167,87,97,211,83
79,167,95,97,211,89
79,167,103,98,210,95
79,167,111,98,209,102
79,167,119,98,208,108
79,167,127,98,206,114
79,167,135,99,205,120
79,167,143,99,204,127
79,167,151,100,202,135
79,167,159,99,200,143
79,167,167,99,198,151
79,167,175,98,194,160
79,167,183,98,191,171
79,167,191,97,187,182
79,167,199,96,182,194
79,167,207,96,177,206
79,167,215,96,171,218
79,167,223,96,165,228
79,167,231,96,160,238
79,167,239,96,154,246
79,167,247,96,150,251
79,167,255,96,147,254
79,175,0,87,227,35
79,175,7,87,227,37
79,175,15,88,227,40
79,175,23,89,226,43
79,175,31,90,226,48
79,175,39,92,225,53
79,175,47,93,225,59
79,175,55,94,224,63
79,175,63,95,224,67
79,175,71,96,223,72
79,175,79,96,222,77
79,175,87,97,222,82
79,175,95,97,221,88
79,175,103,98,220,93
79,175,111,98,219,99
79,175,119,99,218,105
79,175,127,99,218,112
79,175,135,99,217,118
79,175,143,99,215,124
79,175,151,99,214,131
79,175,159,100,212,139
79,175,167,100,211,147
79,175,175,100,209,155
79,175,183,98,205,165
79,175,191,98,201,175
79,175,199,97,197,187
79,175,207,97,192,199
79,175,215,96,186,211
79,175,223,96,180,222
79,175,231,97,173,233
79,175,239,97,168,242
79,175,247,97,163,250
79,175,255,98,158,254
79,183,0,87,233,37
79,183,7,88,233,39
79,183,15,88,233,42
79,183,23,89,233,46
79,183,31,90,233,49
79,183,39,91,232,53
79,183,47,93,232,58
79,183,55,94,231,63
79,183,63,95,231,67
79,183,71,96,231,71
79,183,79,96,230,76
79,183,87,97,230,81
79,183,95,98,230,87
79,183,103,98,229,92
79,183,111,98,228,97
79,183,119,98,227,103
79,183,127,99,226,109
79,183,135,99,226,115
79,183,143,100,225,122
79,183,151,100,225,129
79,183,159,100,223,135
79,183,167,100,221,142
79,183,175,100,220,150
79,183,183,100,218,159
79,183,191,99,215,169
79,183,199,98,211,180
79,183,207,97,207,191
79,183,215,97,201,204
79,183,223,98,195,215
79,183,231,97,189,227
79,183,239,98,182,238
79,183,247,98,176,247
79,183,255,99,171,253
79,191,0,87,238,39
79,191,7,88,238,41
79,191,15,89,238,43
79,191,23,90,238,47
79,191,31,91,238,51
79,191,39,92,238,54
79,191,47,93,238,58
79,191,55,94,237,62
79,191,63,95,237,67
79,191,71,95,237,71
79,191,79,96,237,75
79,191,87,96,236,80
79,191,95,97,236,85
79,191,103,98,236,90
79,191,111,98,235,96
79,191,119,99,235,101
79,191,127,99,234,107
79,191,135,99,233,112
79,191,143,99,233,118
79,191,151,100,232,124
79,191,159,100,231,131
79,191,167,100,231,139
79,191,175,100,229,146
79,191,183,100,228,153
79,191,191,99,226,162
79,191,199,99,223,173
79,191,207,99,219,184
79,191,215,98,215,195
79,191,223,97,210,208
79,191,231,98,204,220
79,191,239,98,198,233
79,191,247,99,192,244
79,191,255,99,186,251
79,199,0,87,241,40
79,199,7,87,242,42
79,199,15,88,242,44
79,199,23,89,242,47
79,199,31,90,242,50
79,199,39,92,242,55
79,199,47,93,242,58
79,199,55,94,243,62
79,199,63,95,243,67
79,199,71,95,243,70
79,199,79,96,242,74
79,199,87,96,242,79
79,199,95,97,242,83
79,199,103,97,241,88
79,199,111,97,241,93
79,199,119,98,241,98
79,199,127,98,240,104
79,199,135,99,240,110
79,199,143,99,240,115
79,199,151,99,239,121
79,199,159,100,238,127
79,199,167,100,237,134
79,199,175,100,237,141
79,199,183,100,236,149
79,199,191,100,235,156
79,199,199,99,233,165
79,199,207,99,230,176
79,199,215,98,227,188
79,199,223,99,223,200
79,199,231,98,218,213
79,199,239,98,213,226
79,199,247,99,207,240
79,199,255,100,201,251
79,207,0,86,244,41
79,207,7,86,244,43
79,207,15,87,244,44
79,207,23,88,244,47
79,207,31,89,245,50
79,207,39,90,245,54
79,207,47,92,246,58
79,207,55,93,246,62
79,207,63,94,246,65
79,207,71,95,246,69
79,207,79,95,246,73
79,207,87,96,246,77
79,207,95,97,246,82
79,207,103,97,246,86
79,207,111,97,245,91
79,207,119,97,245,96
79,207,127,98,245,101
79,207,135,98,245,106
79,207,143,99,244,112
79,207,151,99,244,118
79,207,159,100,244,124
79,207,167,100,244,130
79,207,175,100,243,136
79,207,183,100,243,143
79,207,191,100,242,150
79,207,199,100,241,159
79,207,207,100,239,168
79,207,215,99,237,179
79,207,223,98,234,192
79,207,231,99,231,205
79,207,239,99,227,220
79,207,247,99,222,233
79,207,255,100,217,245
79,215,0,86,246,43
79,215,7,86,246,44
79,215,15,87,247,46
79,215,23,88,247,48
79,215,31,88,247,50
79,215,39,90,247,54
79,215,47,91,248,57
79,215,55,93,248,62
79,215,63,93,248,65
79,215,71,94,248,68
79,215,79,95,248,72
79,215,87,95,248,76
79,215,95,95,248,80
79,215,103,96,248,84
79,215,111,96,248,89
79,215,119,97,248,94
79,215,127,97,248,98
79,215,135,98,248,103
79,215,143,98,248,108
79,215,151,98,248,114
79,215,159,99,248,119
79,215,167,99,248,125
79,215,175,100,248,132
79,215,183,100,248,138
79,215,191,100,247,145
79,215,199,100,247,153
79,215,207,99,246,162
79,215,215,100,245,173
79,215,223,99,243,184
79,215,231,99,240,198
79,215,239,99,238,211
79,215,247,100,234,227
79,215,255,101,230,240
79,223,0,85,249,43
79,223,7,86,249,45
79,223,15,86,249,47
79,223,23,87,249,49
79,223,31,89,249,52
79,223,39,89,250,54
79,223,47,90,250,57
79,223,55,92,250,60
79,223,63,93,250,64
79,223,71,93,250,67
79,223,79,94,250,71
79,223,87,94,251,74
79,223,95,94,250,78
79,223,103,95,251,82
79,223,111,95,250,86
79,223,119,96,250,91
79,223,127,96,251,95
79,223,135,97,251,100
79,223,143,97,251,105
79,223,151,98,251,110
79,223,159,98,251,116
79,223,167,98,251,121
79,223,175,99,251,127
79,223,183,99,251,134
79,223,191,100,251,141
79,223,199,100,251,148
79,223,207,99,250,156
79,223,215,99,250,166
79,223,223,99,249,178
79,223,231,100,247,190
79,223,239,99,245,205
79,223,247,100,243,219
79,223,255,100,241,234
79,231,0,84,251,44
79,231,7,85,251,45
79,231,15,85,251,47
79,231,23,86,251,49
79,231,31,87,251,51
79,231,39,89,252,55
79,231,47,89,252,57
79,231,55,90,252,60
79,231,63,91,252,63
79,231,71,92,252,66
79,231,79,93,252,70
79,231,87,93,252,73
79,231,95,94,252,77
79,231,103,94,252,80
79,231,111,94,252,84
79,231,119,95,252,88
79,231,127,95,252,93
79,231,135,95,252,97
79,231,143,96,252,102
79,231,151,96,252,107
79,231,159,97,253,113
79,231,167,98,253,118
79,231,175,98,253,123
79,231,183,98,253,129
79,231,191,98,253,136
79,231,199,98,253,143
79,231,207,99,253,152
79,231,215,99,253,161
79,231,223,98,252,171
79,231,231,98,252,184
79,231,239,99,251,197
79,231,247,100,250,213
79,231,255,100,248,228
79,239,0,84,253,45
79,239,7,84,253,46
79,239,15,85,253,47
79,239,23,85,253,49
79,239,31,86,253,51
79,239,39,87,253,54
79,239,47,89,253,57
79,239,55,90,253,59
79,239,63,90,253,62
79,239,71,91,253,65
79,239,79,92,253,68
79,239,87,92,253,71
79,239,95,92,253,75
79,239,103,93,253,79
79,239,111,93,253,82
79,239,119,94,253,86
79,239,127,94,253,90
79,239,135,94,253,94
79,239,143,95,254,99
79,239,151,95,254,104
79,239,159,96,254,109
79,239,167,96,254,114
79,239,175,97,254,120
79,239,183,97,254,126
79,239,191,97,254,132
79,239,199,98,254,139
79,239,207,97,254,146
79,239,215,98,254,156
79,239,223,98,254,167
79,239,231,98,254,178
79,239,239,98,254,191
79,239,247,99,253,205
79,239,255,100,253,220
79,247,0,84,255,46
79,247,7,84,255,47
79,247,15,84,254,48
79,247,23,85,254,49
79,247,31,85,254,51
79,247,39,86,254,53
79,247,47,87,254,56
79,247,55,89,254,59
79,247,63,89,254,62
79,247,71,90,254,64
79,247,79,91,254,67
79,247,87,91,254,70
79,247,95,91,254,73
79,247,103,92,254,77
79,247,111,92,254,80
79,247,119,92,254,84
79,247,127,93,254,88
79,247,135,93,254,92
79,247,143,94,254,96
79,247,151,94,254,101
79,247,159,94,254,106
79,247,167,95,254,110
79,247,175,95,254,116
79,247,183,95,254,122
79,247,191,96,255,128
79,247,199,97,255,135
79,247,207,97,255,142
79,247,215,97,255,151
79,247,223,97,255,161
79,247,231,97,255,172
79,247,239,98,255,186
79,247,247,98,255,198
79,247,255,99,255,211
79,255,0,82,255,45
79,255,7,83,255,46
79,255,15,83,255,48
79,255,23,84,255,49
79,255,31,84,255,51
79,255,39,85,255,53
79,255,47,86,255,55
79,255,55,87,255,58
79,255,63,88,255,61
79,255,71,89,255,63
79,255,79,89,255,66
79,255,87,90,255,69
79,255,95,91,255,72
79,255,103,91,255,75
79,255,111,92,255,79
79,255,119,92,255,82
79,255,127,92,254,86
79,255,135,93,255,90
79,255,143,93,255,94
79,255,151,94,255,99
79,255,159,94,255,104
79,255,167,95,255,109
79,255,175,95,255,114
79,255,183,96,254,120
79,255,191,96,254,125
79,255,199,96,254,132
79,255,207,97,254,139
79,255,215,98,255,148
79,255,223,97,255,157
79,255,231,97,255,167
79,255,239,97,255,179
79,255,247,98,255,192
79,255,255,99,255,204
87,0,0,79,1,18
87,0,7,80,1,25
87,0,15,80,1,33
87,0,23,81,1,43
87,0,31,80,1,53
87,0,39,80,2,63
87,0,47,79,3,72
87,0,55,78,4,82
87,0,63,77,4,92
87,0,71,75,5,102
87,0,79,74,5,113
87,0,87,72,6,125
87,0,95,71,7,137
87,0,103,68,7,150
87,0,111,66,8,165
87,0,119,63,8,179
87,0,127,61,9,193
87,0,135,59,10,206
87,0,143,57,11,215
87,0,151,56,13,222
87,0,159,56,15,228
87,0,167,55,17,231
87,0,175,54,19,233
87,0,183,53,20,236
87,0,191,53,21,238
87,0,199,52,23,240
87,0,207,52,26,242
87,0,215,51,27,244
87,0,223,51,29,246
87,0,231,50,30,249
87,0,239,49,32,251
87,0,247,48,34,253
87,0,255,48,36,254
87,7,0,79,4,17
87,7,7,80,4,24
87,7,15,80,4,32
87,7,23,80,4,42
87,7,31,80,4,52
87,7,39,80,5,61
87,7,47,79,5,70
87,7,55,78,6,80
87,7,63,77,6,90
87,7,71,76,7,100
87,7,79,75,8,111
87,7,87,73,9,122
87,7,95,72,10,134
87,7,103,70,10,147
87,7,111,67,11,161
87,7,119,65,11,175
87,7,127,63,12,189
87,7,135,61,13,202
87,7,143,59,15,212
87,7,151,58,17,220
87,7,159,57,19,226
87,7,167,57,21,229
87,7,175,56,23,232
87,7,183,56,25,235
87,7,191,55,26,237
87,7,199,54,27,240
87,7,207,54,29,242
87,7,215,54,31,244
87,7,223,53,32,246
87,7,231,52,33,248
87,7,239,51,35,251
87,7,247,50,36,253
87,7,255,50,38,254
87,15,0,79,9,16
87,15,7,80,9,23
87,15,15,80,9,31
87,15,23,80,9,41
87,15,31,80,9,50
87,15,39,80,9,59
87,15,47,79,9,68
87,15,55,78,9,78
87,15,63,77,10,88
87,15,71,77,11,97
87,15,79,76,12,108
87,15,87,74,13,119
87,15,95,73,13,130
87,15,103,71,14,143
87,15,111,69,15,156
87,15,119,67,15,170
87,15,127,65,16,184
87,15,135,63,18,198
87,15,143,61,19,209
87,15,151,60,21,216
87,15,159,60,23,224
87,15,167,59,25,228
87,15,175,59,28,231
87,15,183,59,30,234
87,15,191,58,31,237
87,15,199,57,31,240
87,15,207,57,33,242
87,15,215,56,35,244
87,15,223,56,37,246
87,15,231,55,37,248
87,15,239,54,38,251
87,15,247,53,39,253
87,15,255,52,40,254
87,23,0,79,16,15
87,23,7,80,15,22
87,23,15,80,15,30
87,23,23,80,15,39
87,23,31,80,15,48
87,23,39,80,15,56
87,23,47,80,15,66
87,23,55,79,15,75
87,23,63,78,16,85
87,23,71,78,16,94
87,23,79,77,17,105
87,23,87,76,18,115
87,23,95,74,18,126
87,23,103,73,19,138
87,23,111,71,20,151
87,23,119,69,20,165
87,23,127,67,21,178
87,23,135,66,23,191
87,23,143,64,25,204
87,23,151,63,27,212
87,23,159,62,29,220
87,23,167,62,31,225
87,23,175,62,33,229
87,23,183,62,36,233
87,23,191,61,37,236
87,23,199,61,38,239
87,23,207,60,38,242
87,23,215,59,39,244
87,23,223,59,41,246
87,23,231,58,42,248
87,23,239,57,43,250
87,23,247,56,43,252
87,23,255,55,44,253
87,31,0,80,24,15
87,31,7,80,24,21
87,31,15,81,24,29
87,31,23,81,23,37
87,31,31,81,23,46
87,31,39,81,23,54
87,31,47,81,22,63
87,31,55,80,23,72
87,31,63,80,23,82
87,31,71,79,23,91
87,31,79,79,24,101
87,31,87,78,24,112
87,31,95,76,25,123
87,31,103,75,25,134
87,31,111,73,26,146
87,31,119,72,27,158
87,31,127,70,27,172
87,31,135,68,29,185
87,31,143,67,30,197
87,31,151,66,33,207
87,31,159,65,35,215
87,31,167,65,37,222
87,31,175,65,39,228
87,31,183,65,41,232
87,31,191,65,43,236
87,31,199,65,45,239
87,31,207,64,45,242
87,31,215,63,45,244
87,31,223,62,46,246
87,31,231,62,47,248
87,31,239,61,48,250
87,31,247,60,48,252
87,31,255,59,48,253
87,39,0,80,34,14
87,39,7,81,34,21
87,39,15,81,33,28
87,39,23,82,32,37
87,39,31,82,32,44
87,39,39,82,32,52
87,39,47,82,31,60
87,39,55,81,31,69
87,39,63,81,31,79
87,39,71,81,31,88
87,39,79,80,32,98
87,39,87,79,32,108
87,39,95,79,32,118
87,39,103,77,32,129
87,39,111,76,33,141
87,39,119,74,33,153
87,39,127,72,34,166
87,39,135,71,35,178
87,39,143,70,37,191
87,39,151,69,38,202
87,39,159,68,41,211
87,39,167,68,43,219
87,39,175,68,45,226
87,39,183,68,47,231
87,39,191,68,48,236
87,39,199,68,50,239
87,39,207,68,51,242
87,39,215,67,52,245
87,39,223,66,52,247
87,39,231,65,52,249
87,39,239,64,52,250
87,39,247,64,53,252
87,39,255,63,54,253
87,47,0,81,45,15
87,47,7,82,44,22
87,47,15,82,43,28
87,47,23,83,43,36
87,47,31,83,42,43
87,47,39,83,41,51
87,47,47,83,41,58
87,47,55,83,40,67
87,47,63,82,40,76
87,47,71,82,40,85
87,47,79,82,40,94
87,47,87,81,40,104
87,47,95,80,40,114
87,47,103,79,40,125
87,47,111,78,40,136
87,47,119,76,41,148
87,47,127,75,41,160
87,47,135,73,42,173
87,47,143,72,43,185
87,47,151,72,45,197
87,47,159,71,46,208
87,47,167,71,48,217
87,47,175,71,50,225
87,47,183,72,52,230
87,47,191,72,54,235
87,47,199,71,55,239
87,47,207,71,56,243
87,47,215,71,57,246
87,47,223,70,57,248
87,47,231,69,57,250
87,47,239,68,57,251
87,47,247,67,57,252
87,47,255,66,58,253
87,55,0,83,55,16
87,55,7,83,55,22
87,55,15,84,54,29
87,55,23,84,53,35
87,55,31,84,52,43
87,55,39,84,52,50
87,55,47,84,51,57
87,55,55,84,51,65
87,55,63,84,50,73
87,55,71,83,50,82
87,55,79,83,49,91
87,55,87,82,49,101
87,55,95,82,49,111
87,55,103,81,49,121
87,55,111,80,48,132
87,55,119,78,48,143
87,55,127,77,48,155
87,55,135,76,49,167
87,55,143,75,49,180
87,55,151,74,51,192
87,55,159,74,52,204
87,55,167,74,54,214
87,55,175,74,56,222
87,55,183,75,57,229
87,55,191,75,58,235
87,55,199,75,60,240
87,55,207,75,61,243
87,55,215,74,61,246
87,55,223,73,61,248
87,55,231,73,62,250
87,55,239,72,62,252
87,55,247,71,62,253
87,55,255,70,61,253
87,63,0,84,66,17
87,63,7,84,66,23
87,63,15,85,65,29
87,63,23,85,64,36
87,63,31,86,63,43
87,63,39,86,62,49
87,63,47,86,61,56
87,63,55,85,61,64
87,63,63,85,60,72
87,63,71,85,60,80
87,63,79,84,59,89
87,63,87,84,58,98
87,63,95,83,58,107
87,63,103,82,57,117
87,63,111,81,57,127
87,63,119,80,56,138
87,63,127,79,56,149
87,63,135,78,56,161
87,63,143,77,56,174
87,63,151,76,57,187
87,63,159,76,58,200
87,63,167,76,59,211
87,63,175,77,61,220
87,63,183,77,62,228
87,63,191,78,64,234
87,63,199,78,65,239
87,63,207,78,65,243
87,63,215,78,66,246
87,63,223,77,66,249
87,63,231,76,66,251
87,63,239,75,66,252
87,63,247,74,65,253
87,63,255,74,65,254
87,71,0,85,78,19
87,71,7,86,77,24
87,71,15,86,76,29
87,71,23,87,75,36
87,71,31,87,74,43
87,71,39,87,73,49
87,71,47,87,72,56
87,71,55,87,71,63
87,71,63,86,71,70
87,71,71,86,70,78
87,71,79,85,69,87
87,71,87,85,68,95
87,71,95,84,67,104
87,71,103,84,67,113
87,71,111,83,66,123
87,71,119,82,65,133
87,71,127,81,65,144
87,71,135,80,64,156
87,71,143,79,64,168
87,71,151,79,64,182
87,71,159,79,65,195
87,71,167,79,66,207
87,71,175,79,67,217
87,71,183,80,68,225
87,71,191,81,69,232
87,71,199,81,70,238
87,71,207,81,70,243
87,71,215,81,71,246
87,71,223,80,70,249
87,71,231,80,70,251
87,71,239,79,70,252
87,71,247,78,69,253
87,71,255,77,69,254
87,79,0,86,89,21
87,79,7,87,88,26
87,79,15,88,87,31
87,79,23,88,86,37
87,79,31,89,85,43
87,79,39,89,84,49
87,79,47,89,83,56
87,79,55,88,83,63
87,79,63,88,82,70
87,79,71,87,81,77
87,79,79,87,80,85
87,79,87,87,79,93
87,79,95,86,78,102
87,79,103,86,77,110
87,79,111,85,76,119
87,79,119,84,75,129
87,79,127,83,74,139
87,79,135,83,73,150
87,79,143,82,73,163
87,79,151,81,73,176
87,79,159,81,73,190
87,79,167,81,73,202
87,79,175,82,73,213
87,79,183,82,74,223
87,79,191,83,75,231
87,79,199,84,76,237
87,79,207,84,76,242
87,79,215,84,76,246
87,79,223,83,75,249
87,79,231,83,75,251
87,79,239,82,74,253
87,79,247,81,73,254
87,79,255,80,72,254
87,87,0,87,100,22
87,87,7,88,99,27
87,87,15,89,98,33
87,87,23,90,98,38
87,87,31,90,97,44
87,87,39,90,96,50
87,87,47,90,95,56
87,87,55,90,94,63
87,87,63,90,93,70
87,87,71,90,92,77
87,87,79,89,91,84
87,87,87,89,90,92
87,87,95,88,89,100
87,87,103,88,88,108
87,87,111,87,87,117
87,87,119,87,86,126
87,87,127,86,84,135
87,87,135,85,84,146
87,87,143,85,82,158
87,87,151,84,82,171
87,87,159,84,81,184
87,87,167,84,81,197
87,87,175,84,81,209
87,87,183,85,81,220
87,87,191,85,81,229
87,87,199,86,81,235
87,87,207,86,81,241
87,87,215,86,81,245
87,87,223,86,80,249
87,87,231,85,79,251
87,87,239,84,79,253
87,87,247,84,78,254
87,87,255,82,76,254
87,95,0,89,112,24
87,95,7,90,111,28
87,95,15,90,110,33
87,95,23,91,109,39
87,95,31,92,108,45
87,95,39,92,107,51
87,95,47,92,107,57
87,95,55,92,106,63
87,95,63,92,105,70
87,95,71,92,104,77
87,95,79,91,103,84
87,95,87,91,102,92
87,95,95,90,101,99
87,95,103,90,99,107
87,95,111,90,98,115
87,95,119,89,97,123
87,95,127,89,96,132
87,95,135,88,94,142
87,95,143,87,93,154
87,95,151,87,92,166
87,95,159,86,91,179
87,95,167,86,90,192
87,95,175,86,89,205
87,95,183,87,88,216
87,95,191,87,88,226
87,95,199,88,87,234
87,95,207,89,87,240
87,95,215,88,86,245
87,95,223,88,86,248
87,95,231,88,85,251
87,95,239,87,84,252
87,95,247,86,83,253
87,95,255,85,81,254
87,103,0,90,123,24
87,103,7,91,123,29
87,103,15,92,122,33
87,103,23,93,121,39
87,103,31,93,120,46
87,103,39,94,119,51
87,103,47,94,118,57
87,103,55,94,118,63
87,103,63,94,117,70
87,103,71,94,115,77
87,103,79,94,114,84
87,103,87,93,113,91
87,103,95,93,112,99
87,103,103,93,111,106
87,103,111,92,110,114
87,103,119,92,109,122
87,103,127,92,107,130
87,103,135,91,106,139
87,103,143,90,104,150
87,103,151,90,103,161
87,103,159,89,101,174
87,103,167,89,99,188
87,103,175,88,98,201
87,103,183,89,96,213
87,103,191,89,95,223
87,103,199,90,95,232
87,103,207,90,93,238
87,103,215,91,93,244
87,103,223,90,92,248
87,103,231,90,90,250
87,103,239,89,89,252
87,103,247,88,88,253
87,103,255,87,86,253
87,111,0,91,134,26
87,111,7,92,134,31
87,111,15,93,133,35
87,111,23,93,132,40
87,111,31,94,131,46
87,111,39,95,131,52
87,111,47,95,130,58
87,111,55,96,129,64
87,111,63,96,128,70
87,111,71,96,127,77
87,111,79,96,126,84
87,111,87,96,125,91
87,111,95,96,124,98
87,111,103,95,123,106
87,111,111,95,121,113
87,111,119,95,120,120
87,111,127,94,119,128
87,111,135,94,117,136
87,111,143,93,116,146
87,111,151,93,114,158
87,111,159,92,112,170
87,111,167,91,109,183
87,111,175,91,107,197
87,111,183,91,105,209
87,111,191,91,104,220
87,111,199,92,102,229
87,111,207,92,101,237
87,111,215,92,99,242
87,111,223,92,98,247
87,111,231,92,96,250
87,111,239,91,95,251
87,111,247,90,94,252
87,111,255,89,92,253
87,119,0,93,146,27
87,119,7,93,145,31
87,119,15,94,144,36
87,119,23,95,143,42
87,119,31,95,143,47
87,119,39,96,142,53
87,119,47,97,141,59
87,119,55,97,141,64
87,119,63,97,140,70
87,119,71,98,139,77
87,119,79,98,138,84
87,119,87,98,136,91
87,119,95,98,135,98
87,119,103,98,134,105
87,119,111,98,133,112
87,119,119,97,132,119
87,119,127,97,130,127
87,119,135,97,129,135
87,119,143,96,127,144
87,119,151,96,125,154
87,119,159,95,123,166
87,119,167,94,120,178
87,119,175,93,118,192
87,119,183,93,115,205
87,119,191,93,113,216
87,119,199,94,111,226
87,119,207,94,108,234
87,119,215,94,107,241
87,119,223,94,105,246
87,119,231,94,103,249
87,119,239,93,101,251
87,119,247,92,100,253
87,119,255,91,98,253
87,127,0,93,158,28
87,127,7,94,157,32
87,127,15,94,156,36
87,127,23,95,155,42
87,127,31,96,154,48
87,127,39,97,153,53
87,127,47,98,153,59
87,127,55,98,152,65
87,127,63,99,151,71
87,127,71,99,150,77
87,127,79,100,149,84
87,127,87,100,148,90
87,127,95,100,147,97
87,127,103,100,146,104
87,127,111,100,145,111
87,127,119,100,143,118
87,127,127,100,142,125
87,127,135,99,141,133
87,127,143,99,139,141
87,127,151,99,137,151
87,127,159,98,135,161
87,127,167,97,132,174
87,127,175,96,129,186
87,127,183,95,126,199
87,127,191,95,123,212
87,127,199,95,120,222
87,127,207,96,117,232
87,127,215,96,115,239
87,127,223,96,113,245
87,127,231,95,110,249
87,127,239,95,108,251
87,127,247,94,107,253
87,127,255,94,105,254
87,135,0,93,170,29
87,135,7,94,170,32
87,135,15,94,169,36
87,135,23,95,167,41
87,135,31,96,166,48
87,135,39,97,165,54
87,135,47,98,164,59
87,135,55,99,164,65
87,135,63,100,163,70
87,135,71,100,162,77
87,135,79,101,161,83
87,135,87,101,160,90
87,135,95,102,159,97
87,135,103,102,158,103
87,135,111,102,157,110
87,135,119,102,155,117
87,135,127,102,154,124
87,135,135,102,152,131
87,135,143,102,151,139
87,135,151,101,149,148
87,135,159,100,146,158
87,135,167,100,144,169
87,135,175,98,140,182
87,135,183,98,137,194
87,135,191,97,133,207
87,135,199,97,130,218
87,135,207,97,126,228
87,135,215,97,123,237
87,135,223,97,121,243
87,135,231,97,118,248
87,135,239,96,116,251
87,135,247,96,114,253
87,135,255,95,112,254
87,143,0,92,184,28
87,143,7,93,182,32
87,143,15,93,182,36
87,143,23,94,180,41
87,143,31,96,179,47
87,143,39,97,178,54
87,143,47,98,177,59
87,143,55,99,176,65
87,143,63,100,175,70
87,143,71,101,174,76
87,143,79,102,174,83
87,143,87,102,173,89
87,143,95,103,171,96
87,143,103,103,170,102
87,143,111,103,169,109
87,143,119,103,168,115
87,143,127,104,166,123
87,143,135,103,165,129
87,143,143,103,163,137
87,143,151,103,161,145
87,143,159,103,159,155
87,143,167,102,156,165
87,143,175,101,153,176
87,143,183,100,149,189
87,143,191,99,145,201
87,143,199,99,141,213
87,143,207,99,137,224
87,143,215,99,133,233
87,143,223,99,130,241
87,143,231,98,127,247
87,143,239,98,124,251
87,143,247,97,122,253
87,143,255,97,119,255
87,151,0,92,196,29
87,151,7,93,195,33
87,151,15,94,194,38
87,151,23,95,193,44
87,151,31,96,192,48
87,151,39,97,191,53
87,151,47,99,189,60
87,151,55,100,189,65
87,151,63,101,188,70
87,151,71,101,187,76
87,151,79,102,186,82
87,151,87,103,185,88
87,151,95,104,184,95
87,151,103,104,183,101
87,151,111,104,182,108
87,151,119,104,180,114
87,151,127,104,179,120
87,151,135,105,177,127
87,151,143,105,176,135
87,151,151,105,174,143
87,151,159,104,172,151
87,151,167,103,169,161
87,151,175,103,166,172
87,151,183,102,162,184
87,151,191,101,158,196
87,151,199,101,153,208
87,151,207,100,149,220
87,151,215,100,144,229
87,151,223,100,140,238
87,151,231,100,137,245
87,151,239,99,133,250
87,151,247,99,130,254
87,151,255,99,127,255
87,159,0,92,207,31
87,159,7,93,207,34
87,159,15,93,206,38
87,159,23,95,205,43
87,159,31,96,204,50
87,159,39,97,203,54
87,159,47,99,202,59
87,159,55,100,201,65
87,159,63,101,200,70
87,159,71,102,199,75
87,159,79,103,199,81
87,159,87,103,198,87
87,159,95,104,197,93
87,159,103,104,195,100
87,159,111,105,194,106
87,159,119,105,193,112
87,159,127,105,192,119
87,159,135,105,191,125
87,159,143,105,189,132
87,159,151,105,187,140
87,159,159,105,185,148
87,159,167,105,182,157
87,159,175,104,180,167
87,159,183,103,176,178
87,159,191,103,172,190
87,159,199,102,167,202
87,159,207,101,162,214
87,159,215,101,157,225
87,159,223,101,152,234
87,159,231,101,147,242
87,159,239,101,143,248
87,159,247,100,140,253
87,159,255,100,137,255
87,167,0,92,217,32
87,167,7,93,217,35
87,167,15,93,216,38
87,167,23,94,215,42
87,167,31,96,214,48
87,167,39,98,213,55
87,167,47,99,213,59
87,167,55,100,212,64
87,167,63,101,211,69
87,167,71,102,211,75
87,167,79,103,210,80
87,167,87,104,209,86
87,167,95,105,209,93
87,167,103,105,208,98
87,167,111,105,207,104
87,167,119,105,205,110
87,167,127,105,204,117
87,167,135,106,203,123
87,167,143,106,202,130
87,167,151,106,201,137
87,167,159,106,198,145
87,167,167,106,196,153
87,167,175,105,193,163
87,167,183,105,190,173
87,167,191,103,186,184
87,167,199,103,181,196
87,167,207,103,176,208
87,167,215,102,170,219
87,167,223,102,165,229
87,167,231,102,159,239
87,167,239,102,154,246
87,167,247,101,150,251
87,167,255,102,146,254
87,175,0,92,225,35
87,175,7,93,225,38
87,175,15,94,225,41
87,175,23,95,224,44
87,175,31,96,224,49
87,175,39,97,223,54
87,175,47,99,222,60
87,175,55,100,222,65
87,175,63,101,221,69
87,175,71,102,221,74
87,175,79,103,220,79
87,175,87,103,220,85
87,175,95,104,219,91
87,175,103,105,218,97
87,175,111,105,218,103
87,175,119,106,217,109
87,175,127,106,216,115
87,175,135,106,215,121
87,175,143,106,214,127
87,175,151,106,212,134
87,175,159,107,211,142
87,175,167,107,210,149
87,175,175,106,207,158
87,175,183,105,204,167
87,175,191,105,200,178
87,175,199,104,196,190
87,175,207,103,191,201
87,175,215,103,185,213
87,175,223,103,179,224
87,175,231,103,173,234
87,175,239,102,167,243
87,175,247,103,162,251
87,175,255,103,158,254
87,183,0,92,231,37
87,183,7,93,231,40
87,183,15,94,231,43
87,183,23,95,231,47
87,183,31,96,231,50
87,183,39,97,231,54
87,183,47,99,230,60
87,183,55,100,230,65
87,183,63,101,230,69
87,183,71,102,230,74
87,183,79,103,230,79
87,183,87,103,229,84
87,183,95,104,228,89
87,183,103,104,228,95
87,183,111,104,227,101
87,183,119,105,226,106
87,183,127,105,226,112
87,183,135,106,225,119
87,183,143,106,224,125
87,183,151,106,223,131
87,183,159,106,222,138
87,183,167,107,220,145
87,183,175,107,219,153
87,183,183,107,217,162
87,183,191,105,214,172
87,183,199,104,210,182
87,183,207,104,206,194
87,183,215,104,200,206
87,183,223,103,194,217
87,183,231,103,188,229
87,183,239,104,181,239
87,183,247,104,176,247
87,183,255,103,170,253
87,191,0,92,236,39
87,191,7,93,236,41
87,191,15,93,237,44
87,191,23,95,237,47
87,191,31,96,237,52
87,191,39,97,237,56
87,191,47,98,236,60
87,191,55,100,236,64
87,191,63,101,236,69
87,191,71,101,236,73
87,191,79,102,236,78
87,191,87,103,236,83
87,191,95,104,236,88
87,191,103,104,236,94
87,191,111,105,235,99
87,191,119,105,234,104
87,191,127,105,233,110
87,191,135,105,233,115
87,191,143,106,232,122
87,191,151,106,232,128
87,191,159,107,231,135
87,191,167,107,230,142
87,191,175,106,228,149
87,191,183,106,227,156
87,191,191,106,225,165
87,191,199,106,222,176
87,191,207,105,218,186
87,191,215,104,214,198
87,191,223,104,209,210
87,191,231,104,203,222
87,191,239,104,197,234
87,191,247,104,190,245
87,191,255,105,184,251
87,199,0,92,241,40
87,199,7,93,241,42
87,199,15,93,241,44
87,199,23,94,241,47
87,199,31,96,242,51
87,199,39,97,242,56
87,199,47,98,242,60
87,199,55,99,242,64
87,199,63,100,242,68
87,199,71,101,242,73
87,199,79,102,242,77
87,199,87,102,242,82
87,199,95,103,241,86
87,199,103,103,241,91
87,199,111,104,241,96
87,199,119,105,241,102
87,199,127,105,241,108
87,199,135,105,240,113
87,199,143,105,239,118
87,199,151,106,238,124
87,199,159,106,238,131
87,199,167,107,237,137
87,199,175,107,237,145
87,199,183,107,236,152
87,199,191,106,234,159
87,199,199,106,232,168
87,199,207,105,230,179
87,199,215,105,226,191
87,199,223,104,222,202
87,199,231,104,217,215
87,199,239,104,212,228
87,199,247,105,206,241
87,199,255,105,200,252
87,207,0,91,244,42
87,207,7,91,244,43
87,207,15,92,244,45
87,207,23,93,244,47
87,207,31,94,245,51
87,207,39,96,245,55
87,207,47,98,245,60
87,207,55,99,246,64
87,207,63,100,246,68
87,207,71,101,246,72
87,207,79,101,246,76
87,207,87,102,246,80
87,207,95,102,246,85
87,207,103,103,245,89
87,207,111,103,245,94
87,207,119,103,245,99
87,207,127,104,245,104
87,207,135,104,245,110
87,207,143,105,245,115
87,207,151,106,244,121
87,207,159,106,244,127
87,207,167,106,243,133
87,207,175,106,243,139
87,207,183,106,242,147
87,207,191,107,242,154
87,207,199,106,241,162
87,207,207,106,239,171
87,207,215,105,236,182
87,207,223,105,234,195
87,207,231,105,231,208
87,207,239,105,226,222
87,207,247,105,221,235
87,207,255,106,216,247
87,215,0,90,246,43
87,215,7,91,246,44
87,215,15,92,246,47
87,215,23,92,247,49
87,215,31,93,247,51
87,215,39,94,247,55
87,215,47,96,248,59
87,215,55,98,248,63
87,215,63,99,248,67
87,215,71,99,248,70
87,215,79,100,249,75
87,215,87,101,249,79
87,215,95,101,249,83
87,215,103,102,249,88
87,215,111,102,249,92
87,215,119,103,249,97
87,215,127,103,248,101
87,215,135,103,248,106
87,215,143,104,248,112
87,215,151,104,248,117
87,215,159,105,248,123
87,215,167,106,248,129
87,215,175,106,248,135
87,215,183,106,248,142
87,215,191,106,247,149
87,215,199,106,247,156
87,215,207,106,246,166
87,215,215,106,244,176
87,215,223,105,242,187
87,215,231,105,240,200
87,215,239,105,237,214
87,215,247,106,234,229
87,215,255,106,229,242
87,223,0,89,249,44
87,223,7,90,249,45
87,223,15,91,249,47
87,223,23,92,249,50
87,223,31,93,249,53
87,223,39,94,250,55
87,223,47,95,250,58
87,223,55,96,250,62
87,223,63,98,250,66
87,223,71,98,250,69
87,223,79,99,251,73
87,223,87,100,251,77
87,223,95,100,251,81
87,223,103,101,251,85
87,223,111,101,251,89
87,223,119,102,251,94
87,223,127,102,251,99
87,223,135,103,251,104
87,223,143,103,251,109
87,223,151,103,251,114
87,223,159,104,251,119
87,223,167,104,251,125
87,223,175,105,251,131
87,223,183,106,251,138
87,223,191,106,251,144
87,223,199,105,251,152
87,223,207,105,250,160
87,223,215,105,250,170
87,223,223,105,248,181
87,223,231,105,247,193
87,223,239,105,245,207
87,223,247,105,243,222
87,223,255,106,240,237
87,231,0,88,251,44
87,231,7,89,251,46
87,231,15,90,251,47
87,231,23,91,252,49
87,231,31,92,252,52
87,231,39,94,252,56
87,231,47,95,252,58
87,231,55,95,252,61
87,231,63,97,252,65
87,231,71,98,252,69
87,231,79,98,252,72
87,231,87,99,252,75
87,231,95,99,252,79
87,231,103,99,252,83
87,231,111,100,252,87
87,231,119,100,252,91
87,231,127,101,252,96
87,231,135,101,252,100
87,231,143,102,253,105
87,231,151,103,253,111
87,231,159,103,253,116
87,231,167,103,253,121
87,231,175,104,253,127
87,231,183,104,253,133
87,231,191,104,253,139
87,231,199,105,253,147
87,231,207,105,253,155
87,231,215,104,253,164
87,231,223,104,252,175
87,231,231,104,252,187
87,231,239,105,251,200
87,231,247,105,250,215
87,231,255,106,248,230
87,239,0,88,253,46
87,239,7,88,253,46
87,239,15,89,253,48
87,239,23,89,253,49
87,239,31,90,253,52
87,239,39,92,253,54
87,239,47,93,253,58
87,239,55,94,253,61
87,239,63,95,253,64
87,239,71,96,253,67
87,239,79,97,253,71
87,239,87,98,253,74
87,239,95,98,254,78
87,239,103,99,254,81
87,239,111,99,253,85
87,239,119,99,253,89
87,239,127,99,253,93
87,239,135,100,254,98
87,239,143,100,254,102
87,239,151,101,254,107
87,239,159,101,254,112
87,239,167,102,254,118
87,239,175,103,254,123
87,239,183,103,254,129
87,239,191,103,254,135
87,239,199,103,254,142
87,239,207,103,254,150
87,239,215,104,254,159
87,239,223,104,254,169
87,239,231,103,254,181
87,239,239,104,254,194
87,239,247,104,253,208
87,239,255,105,253,223
87,247,0,87,255,46
87,247,7,88,255,48
87,247,15,88,255,49
87,247,23,89,254,50
87,247,31,89,254,52
87,247,39,90,254,54
87,247,47,91,254,57
87,247,55,93,254,60
87,247,63,94,254,63
87,247,71,94,254,66
87,247,79,95,254,69
87,247,87,96,254,73
87,247,95,96,254,76
87,247,103,97,254,79
87,247,111,97,254,83
87,247,119,98,254,87
87,247,127,98,254,91
87,247,135,98,254,95
87,247,143,99,254,99
87,247,151,99,254,104
87,247,159,100,254,109
87,247,167,100,254,114
87,247,175,101,254,119
87,247,183,101,254,125
87,247,191,102,255,132
87,247,199,102,255,138
87,247,207,102,255,146
87,247,215,102,255,154
87,247,223,102,255,164
87,247,231,103,255,176
87,247,239,103,255,189
87,247,247,103,255,201
87,247,255,104,255,213
87,255,0,86,255,46
87,255,7,86,255,47
87,255,15,87,255,48
87,255,23,88,255,50
87,255,31,88,255,52
87,255,39,89,255,54
87,255,47,90,255,56
87,255,55,91,255,59
87,255,63,92,255,62
87,255,71,93,255,65
87,255,79,94,255,68
87,255,87,95,255,71
87,255,95,96,255,75
87,255,103,96,255,78
87,255,111,97,255,82
87,255,119,97,255,85
87,255,127,98,255,89
87,255,135,98,255,93
87,255,143,99,255,98
87,255,151,99,255,102
87,255,159,100,255,107
87,255,167,100,255,112
87,255,175,100,255,117
87,255,183,101,255,123
87,255,191,101,254,129
87,255,199,102,255,135
87,255,207,103,255,143
87,255,215,102,255,151
87,255,223,102,255,160
87,255,231,102,255,170
87,255,239,102,255,182
87,255,247,103,255,196
87,255,255,104,255,206
95,0,0,88,2,18
95,0,7,88,2,26
95,0,15,89,2,35
95,0,23,89,2,44
95,0,31,89,2,53
95,0,39,88,3,63
95,0,47,87,3,72
95,0,55,86,4,81
95,0,63,85,4,91
95,0,71,84,5,101
95,0,79,83,6,112
95,0,87,82,7,123
95,0,95,80,8,135
95,0,103,78,8,148
95,0,111,75,9,162
95,0,119,72,9,177
95,0,127,70,9,191
95,0,135,68,10,203
95,0,143,66,12,214
95,0,151,64,14,222
95,0,159,63,16,228
95,0,167,61,18,231
95,0,175,60,19,233
95,0,183,59,20,235
95,0,191,58,22,238
95,0,199,57,24,240
95,0,207,57,26,242
95,0,215,56,27,244
95,0,223,55,29,246
95,0,231,54,30,249
95,0,239,53,32,251
95,0,247,52,34,253
95,0,255,51,36,254
95,7,0,87,3,17
95,7,7,88,3,25
95,7,15,88,3,34
95,7,23,89,4,43
95,7,31,88,4,52
95,7,39,88,5,61
95,7,47,87,6,71
95,7,55,87,6,80
95,7,63,86,7,89
95,7,71,85,8,99
95,7,79,84,9,110
95,7,87,83,10,121
95,7,95,81,11,132
95,7,103,79,11,145
95,7,111,77,12,158
95,7,119,74,12,173
95,7,127,72,12,187
95,7,135,69,14,200
95,7,143,67,15,211
95,7,151,66,17,219
95,7,159,65,19,226
95,7,167,64,22,230
95,7,175,62,23,232
95,7,183,61,24,235
95,7,191,60,26,237
95,7,199,59,27,240
95,7,207,59,29,242
95,7,215,58,31,244
95,7,223,57,32,246
95,7,231,56,33,248
95,7,239,55,35,251
95,7,247,54,36,253
95,7,255,53,38,254
95,15,0,87,8,17
95,15,7,88,8,24
95,15,15,88,8,32
95,15,23,89,8,41
95,15,31,88,8,51
95,15,39,88,9,60
95,15,47,87,9,69
95,15,55,87,10,78
95,15,63,86,10,87
95,15,71,85,11,97
95,15,79,84,12,107
95,15,87,84,13,118
95,15,95,82,14,130
95,15,103,80,15,142
95,15,111,78,15,155
95,15,119,76,16,168
95,15,127,74,16,183
95,15,135,71,18,196
95,15,143,69,19,208
95,15,151,68,21,216
95,15,159,67,23,223
95,15,167,66,26,228
95,15,175,65,28,231
95,15,183,64,29,234
95,15,191,63,30,237
95,15,199,62,31,240
95,15,207,61,33,242
95,15,215,60,35,244
95,15,223,59,36,246
95,15,231,58,37,248
95,15,239,57,38,250
95,15,247,56,39,252
95,15,255,55,40,254
95,23,0,87,15,16
95,23,7,88,15,23
95,23,15,88,15,31
95,23,23,89,15,40
95,23,31,89,15,49
95,23,39,88,15,58
95,23,47,88,15,66
95,23,55,87,15,75
95,23,63,87,16,85
95,23,71,86,16,94
95,23,79,85,17,104
95,23,87,84,18,115
95,23,95,83,19,126
95,23,103,82,19,138
95,23,111,80,20,151
95,23,119,78,21,164
95,23,127,76,21,177
95,23,135,74,23,190
95,23,143,72,24,203
95,23,151,70,26,213
95,23,159,69,28,220
95,23,167,68,31,225
95,23,175,68,34,230
95,23,183,67,36,233
95,23,191,66,36,237
95,23,199,65,37,240
95,23,207,64,38,242
95,23,215,63,40,244
95,23,223,63,41,246
95,23,231,62,42,248
95,23,239,60,42,250
95,23,247,59,43,252
95,23,255,58,44,254
95,31,0,88,23,15
95,31,7,88,23,22
95,31,15,89,23,30
95,31,23,89,23,39
95,31,31,89,22,47
95,31,39,89,22,55
95,31,47,89,22,64
95,31,55,88,22,73
95,31,63,88,23,82
95,31,71,87,23,91
95,31,79,87,24,101
95,31,87,86,24,112
95,31,95,85,25,122
95,31,103,84,25,134
95,31,111,82,26,146
95,31,119,80,26,158
95,31,127,78,27,171
95,31,135,76,28,185
95,31,143,75,30,197
95,31,151,73,33,208
95,31,159,72,35,216
95,31,167,71,37,223
95,31,175,71,39,228
95,31,183,70,41,232
95,31,191,70,43,236
95,31,199,69,44,239
95,31,207,68,45,242
95,31,215,67,45,245
95,31,223,66,46,247
95,31,231,65,47,248
95,31,239,64,48,250
95,31,247,63,48,252
95,31,255,62,48,253
95,39,0,88,33,16
95,39,7,89,32,22
95,39,15,90,32,29
95,39,23,90,31,38
95,39,31,90,31,45
95,39,39,90,31,53
95,39,47,90,30,62
95,39,55,90,30,70
95,39,63,89,31,79
95,39,71,89,31,89
95,39,79,88,31,98
95,39,87,88,32,108
95,39,95,87,32,119
95,39,103,85,32,130
95,39,111,84,33,141
95,39,119,82,33,153
95,39,127,80,34,165
95,39,135,79,35,178
95,39,143,77,36,191
95,39,151,76,38,202
95,39,159,75,40,212
95,39,167,74,43,219
95,39,175,74,45,226
95,39,183,73,46,231
95,39,191,73,48,236
95,39,199,72,50,239
95,39,207,72,51,243
95,39,215,71,52,245
95,39,223,70,52,247
95,39,231,69,52,249
95,39,239,68,52,251
95,39,247,67,53,252
95,39,255,66,53,253
95,47,0,89,43,16
95,47,7,90,42,22
95,47,15,91,42,30
95,47,23,91,41,37
95,47,31,91,41,44
95,47,39,91,40,52
95,47,47,91,40,60
95,47,55,91,40,68
95,47,63,91,40,77
95,47,71,90,40,86
95,47,79,90,40,95
95,47,87,89,40,105
95,47,95,88,40,115
95,47,103,87,40,125
95,47,111,86,40,137
95,47,119,84,40,148
95,47,127,83,40,160
95,47,135,81,41,173
95,47,143,80,42,185
95,47,151,79,44,197
95,47,159,78,46,208
95,47,167,77,48,217
95,47,175,77,50,224
95,47,183,77,52,230
95,47,191,76,54,235
95,47,199,76,55,240
95,47,207,75,56,243
95,47,215,74,57,246
95,47,223,74,57,248
95,47,231,73,57,250
95,47,239,71,57,251
95,47,247,70,57,252
95,47,255,69,58,253
95,55,0,90,54,17
95,55,7,91,53,23
95,55,15,92,52,30
95,55,23,92,52,37
95,55,31,93,51,44
95,55,39,92,51,51
95,55,47,92,50,58
95,55,55,92,50,66
95,55,63,92,49,74
95,55,71,91,49,83
95,55,79,91,49,92
95,55,87,90,49,101
95,55,95,89,48,111
95,55,103,89,48,121
95,55,111,87,48,132
95,55,119,86,48,143
95,55,127,85,48,155
95,55,135,83,48,167
95,55,143,82,49,180
95,55,151,81,50,192
95,55,159,81,52,204
95,55,167,80,53,214
95,55,175,80,55,222
95,55,183,80,57,229
95,55,191,80,58,235
95,55,199,79,60,239
95,55,207,79,61,243
95,55,215,78,61,246
95,55,223,77,62,249
95,55,231,76,62,250
95,55,239,75,62,252
95,55,247,74,62,253
95,55,255,73,61,253
95,63,0,92,64,18
95,63,7,92,64,24
95,63,15,93,63,30
95,63,23,93,62,37
95,63,31,94,61,44
95,63,39,94,61,51
95,63,47,93,60,58
95,63,55,93,60,65
95,63,63,93,59,73
95,63,71,92,59,81
95,63,79,92,58,90
95,63,87,91,58,98
95,63,95,91,57,108
95,63,103,90,57,117
95,63,111,89,56,127
95,63,119,88,56,138
95,63,127,87,56,150
95,63,135,86,56,162
95,63,143,84,56,175
95,63,151,84,57,188
95,63,159,83,58,200
95,63,167,83,59,211
95,63,175,83,61,220
95,63,183,83,62,227
95,63,191,83,64,234
95,63,199,83,65,239
95,63,207,82,66,243
95,63,215,82,66,246
95,63,223,81,66,249
95,63,231,80,66,251
95,63,239,79,66,252
95,63,247,78,66,253
95,63,255,77,66,254
95,71,0,93,75,20
95,71,7,93,74,26
95,71,15,94,74,31
95,71,23,94,73,37
95,71,31,95,72,44
95,71,39,95,71,51
95,71,47,95,71,57
95,71,55,94,70,64
95,71,63,94,69,72
95,71,71,93,69,79
95,71,79,93,68,88
95,71,87,92,67,96
95,71,95,92,67,105
95,71,103,91,66,114
95,71,111,90,65,123
95,71,119,90,64,134
95,71,127,89,64,145
95,71,135,88,64,156
95,71,143,87,64,169
95,71,151,86,64,182
95,71,159,85,64,195
95,71,167,85,65,207
95,71,175,85,67,217
95,71,183,86,68,225
95,71,191,86,69,232
95,71,199,86,70,238
95,71,207,85,70,243
95,71,215,85,71,247
95,71,223,84,71,249
95,71,231,83,70,251
95,71,239,82,70,253
95,71,247,81,69,253
95,71,255,80,69,254
95,79,0,94,86,22
95,79,7,95,85,27
95,79,15,95,84,33
95,79,23,96,84,38
95,79,31,96,83,45
95,79,39,96,82,51
95,79,47,96,82,57
95,79,55,96,81,64
95,79,63,95,80,71
95,79,71,95,79,78
95,79,79,94,78,86
95,79,87,94,78,94
95,79,95,93,77,103
95,79,103,93,76,111
95,79,111,92,75,120
95,79,119,91,74,130
95,79,127,91,73,140
95,79,135,90,73,151
95,79,143,89,72,163
95,79,151,88,72,176
95,79,159,88,72,190
95,79,167,88,72,202
95,79,175,88,73,213
95,79,183,88,74,223
95,79,191,88,75,231
95,79,199,89,75,237
95,79,207,88,76,242
95,79,215,88,76,246
95,79,223,87,76,249
95,79,231,86,75,251
95,79,239,85,74,253
95,79,247,84,73,254
95,79,255,84,72,254
95,87,0,95,97,23
95,87,7,96,96,28
95,87,15,97,96,33
95,87,23,97,95,39
95,87,31,98,94,45
95,87,39,98,93,51
95,87,47,98,93,57
95,87,55,97,92,64
95,87,63,97,91,71
95,87,71,97,90,78
95,87,79,96,90,85
95,87,87,96,89,93
95,87,95,95,88,101
95,87,103,95,87,109
95,87,111,94,86,118
95,87,119,94,85,126
95,87,127,93,84,136
95,87,135,92,83,147
95,87,143,92,82,158
95,87,151,91,81,171
95,87,159,90,81,184
95,87,167,90,80,197
95,87,175,90,80,210
95,87,183,90,81,220
95,87,191,91,81,229
95,87,199,91,81,235
95,87,207,91,81,242
95,87,215,91,81,246
95,87,223,90,81,249
95,87,231,89,80,251
95,87,239,88,79,253
95,87,247,87,78,254
95,87,255,86,76,254
95,95,0,96,109,25
95,95,7,97,108,29
95,95,15,98,107,34
95,95,23,99,106,40
95,95,31,99,106,46
95,95,39,99,105,52
95,95,47,99,104,58
95,95,55,99,104,64
95,95,63,99,103,71
95,95,71,99,102,78
95,95,79,98,101,85
95,95,87,98,100,93
95,95,95,97,99,100
95,95,103,97,98,108
95,95,111,97,97,116
95,95,119,96,96,124
95,95,127,96,95,133
95,95,135,95,93,143
95,95,143,94,92,154
95,95,151,94,91,166
95,95,159,93,90,179
95,95,167,93,89,192
95,95,175,92,89,205
95,95,183,93,88,217
95,95,191,93,88,226
95,95,199,93,88,234
95,95,207,93,87,240
95,95,215,93,87,245
95,95,223,92,86,248
95,95,231,92,85,251
95,95,239,91,84,252
95,95,247,90,83,253
95,95,255,89,81,254
95,103,0,97,120,26
95,103,7,98,119,30
95,103,15,99,119,35
95,103,23,100,118,40
95,103,31,101,117,47
95,103,39,101,116,52
95,103,47,101,116,58
95,103,55,101,115,65
95,103,63,101,114,71
95,103,71,101,113,78
95,103,79,100,112,85
95,103,87,100,111,92
95,103,95,100,110,100
95,103,103,99,109,107
95,103,111,99,108,114
95,103,119,99,107,122
95,103,127,98,106,130
95,103,135,98,105,140
95,103,143,97,103,150
95,103,151,96,102,162
95,103,159,96,100,174
95,103,167,95,99,188
95,103,175,95,97,201
95,103,183,95,96,213
95,103,191,95,95,223
95,103,199,95,95,232
95,103,207,95,94,239
95,103,215,95,93,244
95,103,223,95,92,248
95,103,231,94,91,250
95,103,239,93,90,252
95,103,247,92,89,252
95,103,255,91,86,253
95,111,0,99,131,27
95,111,7,99,130,32
95,111,15,100,130,37
95,111,23,101,129,42
95,111,31,102,128,47
95,111,39,102,128,54
95,111,47,102,127,59
95,111,55,102,126,65
95,111,63,103,126,71
95,111,71,103,125,78
95,111,79,103,124,85
95,111,87,103,123,92
95,111,95,102,122,99
95,111,103,102,121,106
95,111,111,102,120,114
95,111,119,101,118,121
95,111,127,101,117,129
95,111,135,101,116,137
95,111,143,100,114,147
95,111,151,99,113,158
95,111,159,98,111,170
95,111,167,98,109,183
95,111,175,97,107,196
95,111,183,97,105,208
95,111,191,97,104,220
95,111,199,97,102,229
95,111,207,98,101,237
95,111,215,97,100,243
95,111,223,97,98,247
95,111,231,96,97,249
95,111,239,95,96,251
95,111,247,94,95,252
95,111,255,93,93,253
95,119,0,99,142,28
95,119,7,100,142,32
95,119,15,101,141,37
95,119,23,102,140,43
95,119,31,102,140,48
95,119,39,103,139,54
95,119,47,104,138,60
95,119,55,104,138,66
95,119,63,104,137,72
95,119,71,105,136,79
95,119,79,105,135,85
95,119,87,105,134,92
95,119,95,105,133,99
95,119,103,104,132,106
95,119,111,104,131,113
95,119,119,104,130,120
95,119,127,103,129,128
95,119,135,103,127,136
95,119,143,103,126,144
95,119,151,102,124,155
95,119,159,101,122,166
95,119,167,100,119,179
95,119,175,100,117,192
95,119,183,99,115,205
95,119,191,99,112,216
95,119,199,99,111,226
95,119,207,99,109,234
95,119,215,99,107,241
95,119,223,99,105,246
95,119,231,98,104,249
95,119,239,97,102,251
95,119,247,96,101,252
95,119,255,96,99,253
95,127,0,100,154,29
95,127,7,101,153,33
95,127,15,101,152,37
95,127,23,102,151,43
95,127,31,103,150,50
95,127,39,104,150,55
95,127,47,104,149,61
95,127,55,105,149,66
95,127,63,105,148,72
95,127,71,106,147,78
95,127,79,106,147,85
95,127,87,106,146,92
95,127,95,107,145,99
95,127,103,107,143,106
95,127,111,107,142,112
95,127,119,106,141,119
95,127,127,106,140,126
95,127,135,106,139,134
95,127,143,105,137,142
95,127,151,105,135,151
95,127,159,104,133,162
95,127,167,103,131,174
95,127,175,102,128,187
95,127,183,102,125,200
95,127,191,101,123,212
95,127,199,101,120,222
95,127,207,101,117,232
95,127,215,101,115,239
95,127,223,101,113,245
95,127,231,100,111,248
95,127,239,99,109,251
95,127,247,99,107,253
95,127,255,98,105,253
95,135,0,100,166,30
95,135,7,100,165,33
95,135,15,101,165,37
95,135,23,102,164,42
95,135,31,103,163,49
95,135,39,104,162,56
95,135,47,105,161,61
95,135,55,106,160,66
95,135,63,106,160,72
95,135,71,107,159,78
95,135,79,108,158,85
95,135,87,108,157,92
95,135,95,108,156,98
95,135,103,108,155,105
95,135,111,108,154,111
95,135,119,108,153,118
95,135,127,109,152,125
95,135,135,108,150,132
95,135,143,108,149,140
95,135,151,107,147,149
95,135,159,107,145,159
95,135,167,106,142,169
95,135,175,105,139,182
95,135,183,104,136,195
95,135,191,103,133,207
95,135,199,103,130,219
95,135,207,103,126,228
95,135,215,103,124,238
95,135,223,102,121,243
95,135,231,102,119,248
95,135,239,101,117,251
95,135,247,101,114,253
95,135,255,100,113,254
95,143,0,99,179,29
95,143,7,100,178,33
95,143,15,101,177,38
95,143,23,102,176,43
95,143,31,103,175,49
95,143,39,104,174,55
95,143,47,105,173,61
95,143,55,106,173,66
95,143,63,107,172,72
95,143,71,108,171,78
95,143,79,109,171,85
95,143,87,109,170,91
95,143,95,110,169,98
95,143,103,110,168,104
95,143,111,110,166,111
95,143,119,110,165,117
95,143,127,110,164,124
95,143,135,110,162,131
95,143,143,110,161,138
95,143,151,110,159,146
95,143,159,109,157,156
95,143,167,108,154,166
95,143,175,108,152,177
95,143,183,106,148,190
95,143,191,106,145,202
95,143,199,105,140,214
95,143,207,105,137,225
95,143,215,105,133,234
95,143,223,104,130,241
95,143,231,104,127,247
95,143,239,103,125,251
95,143,247,103,122,253
95,143,255,102,120,255
95,151,0,99,192,30
95,151,7,99,191,34
95,151,15,100,190,39
95,151,23,102,189,45
95,151,31,103,188,50
95,151,39,104,187,55
95,151,47,105,186,61
95,151,55,106,185,66
95,151,63,107,185,72
95,151,71,108,184,78
95,151,79,110,183,84
95,151,87,110,182,91
95,151,95,111,181,97
95,151,103,111,180,103
95,151,111,111,179,110
95,151,119,111,178,116
95,151,127,111,176,123
95,151,135,112,175,130
95,151,143,111,174,136
95,151,151,111,172,144
95,151,159,111,170,153
95,151,167,111,167,162
95,151,175,109,164,173
95,151,183,108,161,184
95,151,191,108,157,197
95,151,199,107,153,209
95,151,207,106,148,220
95,151,215,106,144,230
95,151,223,106,140,238
95,151,231,105,137,245
95,151,239,105,134,250
95,151,247,104,131,254
95,151,255,104,128,255
95,159,0,98,203,31
95,159,7,99,203,35
95,159,15,100,202,39
95,159,23,101,201,44
95,159,31,103,200,51
95,159,39,104,199,56
95,159,47,105,198,61
95,159,55,107,197,67
95,159,63,108,197,72
95,159,71,109,196,77
95,159,79,109,195,83
95,159,87,110,195,90
95,159,95,111,194,96
95,159,103,112,193,103
95,159,111,112,192,109
95,159,119,112,191,115
95,159,127,112,189,121
95,159,135,112,188,128
95,159,143,112,187,134
95,159,151,113,185,142
95,159,159,112,183,150
95,159,167,111,180,159
95,159,175,111,178,169
95,159,183,110,174,180
95,159,191,109,171,191
95,159,199,108,166,203
95,159,207,108,161,215
95,159,215,108,156,226
95,159,223,107,152,235
95,159,231,107,147,243
95,159,239,106,143,249
95,159,247,106,140,253
95,159,255,105,137,255
95,167,0,98,214,32
95,167,7,98,213,35
95,167,15,99,213,38
95,167,23,100,212,43
95,167,31,102,211,49
95,167,39,104,210,57
95,167,47,105,209,61
95,167,55,106,209,66
95,167,63,108,208,72
95,167,71,109,208,77
95,167,79,110,207,83
95,167,87,110,207,89
95,167,95,111,206,95
95,167,103,111,205,101
95,167,111,112,204,107
95,167,119,112,203,113
95,167,127,113,202,120
95,167,135,113,201,126
95,167,143,113,200,132
95,167,151,113,198,139
95,167,159,113,196,147
95,167,167,113,194,156
95,167,175,112,191,165
95,167,183,111,188,175
95,167,191,110,184,186
95,167,199,110,180,198
95,167,207,109,175,210
95,167,215,108,170,221
95,167,223,108,164,231
95,167,231,108,159,240
95,167,239,107,154,247
95,167,247,107,150,252
95,167,255,107,146,254
95,175,0,98,222,35
95,175,7,99,222,38
95,175,15,99,222,41
95,175,23,100,222,45
95,175,31,102,221,50
95,175,39,103,220,55
95,175,47,105,220,62
95,175,55,106,219,66
95,175,63,107,219,71
95,175,71,108,218,77
95,175,79,109,218,82
95,175,87,110,218,88
95,175,95,111,217,94
95,175,103,112,217,100
95,175,111,112,216,106
95,175,119,112,215,111
95,175,127,112,214,117
95,175,135,113,213,124
95,175,143,113,212,130
95,175,151,114,211,137
95,175,159,114,209,144
95,175,167,113,207,152
95,175,175,113,205,160
95,175,183,112,202,170
95,175,191,112,199,181
95,175,199,110,195,192
95,175,207,110,190,203
95,175,215,110,184,215
95,175,223,109,178,226
95,175,231,109,172,235
95,175,239,108,167,244
95,175,247,108,161,251
95,175,255,108,157,254
95,183,0,98,229,37
95,183,7,98,230,40
95,183,15,99,230,43
95,183,23,101,230,48
95,183,31,102,230,51
95,183,39,103,229,56
95,183,47,105,229,61
95,183,55,106,228,67
95,183,63,107,228,71
95,183,71,108,228,76
95,183,79,109,227,81
95,183,87,110,227,87
95,183,95,110,227,92
95,183,103,111,226,98
95,183,111,112,225,104
95,183,119,112,225,110
95,183,127,113,224,116
95,183,135,113,224,122
95,183,143,113,222,128
95,183,151,113,221,134
95,183,159,113,220,141
95,183,167,114,219,148
95,183,175,114,218,156
95,183,183,113,215,165
95,183,191,112,212,174
95,183,199,112,209,185
95,183,207,111,204,197
95,183,215,110,199,208
95,183,223,110,193,219
95,183,231,110,187,230
95,183,239,110,180,240
95,183,247,109,175,248
95,183,255,109,169,253
95,191,0,97,235,39
95,191,7,98,235,41
95,191,15,99,235,44
95,191,23,100,235,48
95,191,31,102,235,53
95,191,39,103,235,57
95,191,47,104,235,61
95,191,55,106,235,66
95,191,63,107,235,71
95,191,71,108,235,76
95,191,79,109,235,81
95,191,87,110,235,86
95,191,95,110,235,91
95,191,103,111,234,96
95,191,111,111,233,102
95,191,119,111,233,107
95,191,127,112,232,113
95,191,135,112,232,119
95,191,143,113,231,125
95,191,151,113,231,131
95,191,159,113,229,138
95,191,167,113,228,145
95,191,175,113,227,152
95,191,183,113,226,160
95,191,191,113,224,169
95,191,199,112,221,178
95,191,207,111,217,189
95,191,215,111,213,201
95,191,223,111,208,213
95,191,231,110,202,224
95,191,239,110,196,235
95,191,247,110,189,246
95,191,255,110,183,252
95,199,0,97,240,40
95,199,7,97,240,42
95,199,15,98,240,44
95,199,23,99,240,48
95,199,31,101,240,52
95,199,39,102,241,57
95,199,47,104,241,62
95,199,55,105,241,66
95,199,63,106,241,70
95,199,71,107,241,75
95,199,79,108,241,79
95,199,87,109,241,84
95,199,95,109,241,89
95,199,103,110,241,95
95,199,111,111,241,100
95,199,119,111,240,105
95,199,127,111,239,111
95,199,135,112,239,116
95,199,143,112,238,122
95,199,151,112,238,128
95,199,159,113,237,134
95,199,167,114,237,141
95,199,175,113,236,148
95,199,183,113,234,155
95,199,191,113,233,163
95,199,199,113,232,171
95,199,207,112,229,182
95,199,215,111,225,193
95,199,223,111,221,205
95,199,231,110,216,217
95,199,239,111,211,230
95,199,247,110,205,242
95,199,255,111,198,252
95,207,0,96,243,42
95,207,7,97,244,44
95,207,15,97,244,45
95,207,23,98,244,48
95,207,31,100,244,52
95,207,39,101,245,56
95,207,47,103,245,61
95,207,55,104,245,66
95,207,63,105,245,69
95,207,71,107,245,74
95,207,79,107,245,78
95,207,87,108,245,83
95,207,95,109,245,88
95,207,103,109,245,92
95,207,111,110,245,98
95,207,119,110,245,103
95,207,127,111,245,108
95,207,135,111,245,114
95,207,143,112,244,119
95,207,151,112,244,124
95,207,159,112,243,130
95,207,167,112,243,137
95,207,175,113,243,143
95,207,183,113,242,151
95,207,191,113,241,158
95,207,199,112,240,165
95,207,207,112,239,175
95,207,215,112,236,186
95,207,223,112,233,198
95,207,231,111,230,210
95,207,239,111,225,224
95,207,247,111,220,237
95,207,255,112,215,248
95,215,0,95,246,43
95,215,7,95,246,45
95,215,15,96,246,47
95,215,23,98,247,50
95,215,31,99,247,53
95,215,39,100,247,56
95,215,47,101,248,60
95,215,55,103,248,65
95,215,63,104,248,69
95,215,71,105,248,73
95,215,79,107,249,77
95,215,87,107,249,81
95,215,95,108,249,86
95,215,103,108,249,90
95,215,111,109,249,95
95,215,119,109,249,100
95,215,127,109,249,105
95,215,135,110,249,110
95,215,143,111,249,115
95,215,151,111,248,121
95,215,159,112,248,127
95,215,167,112,248,133
95,215,175,112,248,139
95,215,183,112,247,145
95,215,191,112,247,152
95,215,199,113,247,160
95,215,207,112,246,169
95,215,215,112,244,179
95,215,223,111,242,190
95,215,231,111,240,203
95,215,239,112,237,217
95,215,247,111,233,231
95,215,255,112,228,244
95,223,0,94,249,44
95,223,7,94,249,45
95,223,15,95,249,47
95,223,23,96,249,50
95,223,31,98,249,54
95,223,39,99,250,57
95,223,47,100,250,60
95,223,55,102,250,63
95,223,63,103,250,68
95,223,71,104,251,71
95,223,79,105,251,75
95,223,87,106,251,80
95,223,95,106,251,84
95,223,103,107,251,88
95,223,111,108,251,93
95,223,119,108,251,98
95,223,127,108,251,102
95,223,135,109,251,107
95,223,143,109,251,112
95,223,151,110,251,117
95,223,159,110,251,123
95,223,167,111,251,129
95,223,175,112,251,135
95,223,183,112,251,141
95,223,191,112,251,148
95,223,199,112,251,155
95,223,207,112,250,163
95,223,215,112,249,173
95,223,223,111,248,184
95,223,231,111,247,196
95,223,239,111,245,210
95,223,247,111,243,224
95,223,255,112,240,239
95,231,0,93,251,45
95,231,7,94,251,46
95,231,15,94,251,48
95,231,23,95,252,50
95,231,31,97,252,53
95,231,39,98,252,57
95,231,47,99,252,60
95,231,55,100,252,63
95,231,63,102,252,66
95,231,71,103,252,71
95,231,79,104,252,74
95,231,87,104,252,78
95,231,95,105,252,82
95,231,103,105,252,86
95,231,111,106,252,90
95,231,119,106,252,95
95,231,127,107,253,99
95,231,135,108,253,104
95,231,143,108,253,109
95,231,151,109,253,114
95,231,159,109,253,119
95,231,167,109,253,125
95,231,175,110,253,130
95,231,183,111,253,137
95,231,191,111,253,144
95,231,199,111,253,151
95,231,207,111,253,158
95,231,215,110,253,167
95,231,223,110,252,178
95,231,231,111,252,190
95,231,239,111,251,203
95,231,247,111,249,218
95,231,255,111,248,232
95,239,0,92,253,46
95,239,7,93,253,47
95,239,15,93,253,48
95,239,23,94,253,50
95,239,31,95,253,52
95,239,39,96,253,55
95,239,47,98,253,59
95,239,55,100,253,62
95,239,63,100,253,66
95,239,71,102,254,69
95,239,79,103,254,73
95,239,87,103,254,76
95,239,95,104,254,80
95,239,103,104,254,84
95,239,111,104,254,88
95,239,119,105,254,92
95,239,127,105,254,96
95,239,135,106,254,101
95,239,143,107,254,106
95,239,151,107,254,111
95,239,159,108,254,116
95,239,167,108,254,121
95,239,175,108,254,127
95,239,183,109,254,132
95,239,191,109,254,139
95,239,199,110,254,146
95,239,207,110,254,154
95,239,215,110,254,163
95,239,223,109,254,172
95,239,231,109,254,184
95,239,239,109,254,197
95,239,247,110,253,211
95,239,255,111,253,225
95,247,0,91,255,47
95,247,7,92,255,48
95,247,15,92,255,49
95,247,23,93,255,51
95,247,31,94,255,53
95,247,39,95,254,55
95,247,47,96,254,58
95,247,55,98,254,61
95,247,63,99,254,65
95,247,71,100,254,68
95,247,79,101,254,71
95,247,87,102,254,75
95,247,95,102,254,78
95,247,103,103,254,82
95,247,111,103,254,86
95,247,119,103,254,90
95,247,127,104,254,94
95,247,135,104,254,98
95,247,143,105,254,103
95,247,151,105,254,107
95,247,159,106,254,112
95,247,167,107,254,118
95,247,175,107,254,123
95,247,183,108,255,129
95,247,191,108,255,135
95,247,199,108,255,142
95,247,207,108,255,149
95,247,215,108,255,158
95,247,223,108,255,168
95,247,231,108,255,179
95,247,239,108,255,191
95,247,247,109,255,203
95,247,255,110,255,216
95,255,0,90,255,46
95,255,7,90,255,47
95,255,15,91,255,49
95,255,23,92,255,51
95,255,31,93,255,53
95,255,39,93,255,55
95,255,47,94,255,57
95,255,55,95,255,60
95,255,63,97,255,63
95,255,71,98,255,66
95,255,79,99,255,70
95,255,87,100,255,73
95,255,95,101,255,77
95,255,103,102,255,81
95,255,111,102,255,84
95,255,119,103,255,88
95,255,127,104,255,92
95,255,135,104,255,97
95,255,143,105,255,101
95,255,151,105,255,105
95,255,159,105,255,110
95,255,167,106,255,116
95,255,175,106,255,121
95,255,183,107,255,126
95,255,191,107,255,132
95,255,199,108,255,139
95,255,207,108,255,146
95,255,215,108,255,154
95,255,223,108,255,163
95,255,231,108,255,174
95,255,239,108,255,186
95,255,247,108,255,198
95,255,255,109,255,209
103,0,0,96,3,19
103,0,7,97,3,26
103,0,15,97,3,34
103,0,23,97,3,44
103,0,31,97,3,54
103,0,39,97,3,63
103,0,47,96,4,72
103,0,55,95,4,81
103,0,63,94,5,90
103,0,71,93,5,100
103,0,79,92,6,110
103,0,87,91,8,121
103,0,95,89,9,134
103,0,103,87,9,146
103,0,111,85,9,160
103,0,119,82,9,175
103,0,127,80,10,189
103,0,135,77,11,202
103,0,143,75,12,213
103,0,151,73,14,222
103,0,159,71,16,227
103,0,167,69,17,231
103,0,175,67,19,233
103,0,183,65,20,236
103,0,191,64,22,238
103,0,199,63,25,240
103,0,207,61,26,242
103,0,215,60,27,244
103,0,223,59,29,246
103,0,231,58,30,248
103,0,239,57,32,251
103,0,247,56,34,253
103,0,255,55,35,254
103,7,0,96,5,18
103,7,7,96,5,25
103,7,15,97,5,33
103,7,23,97,5,43
103,7,31,97,5,52
103,7,39,97,6,61
103,7,47,96,6,70
103,7,55,95,6,79
103,7,63,94,7,89
103,7,71,93,8,99
103,7,79,92,9,109
103,7,87,92,10,120
103,7,95,90,11,131
103,7,103,88,12,143
103,7,111,86,12,157
103,7,119,84,12,171
103,7,127,81,13,185
103,7,135,79,14,199
103,7,143,76,15,210
103,7,151,74,18,220
103,7,159,73,20,225
103,7,167,71,21,229
103,7,175,69,23,232
103,7,183,67,24,235
103,7,191,66,26,238
103,7,199,65,28,240
103,7,207,63,30,242
103,7,215,62,31,244
103,7,223,61,32,246
103,7,231,60,33,248
103,7,239,59,35,251
103,7,247,58,36,252
103,7,255,57,38,254
103,15,0,95,8,17
103,15,7,96,8,25
103,15,15,96,8,32
103,15,23,97,9,42
103,15,31,97,9,51
103,15,39,96,9,60
103,15,47,96,9,69
103,15,55,95,10,78
103,15,63,95,11,87
103,15,71,94,12,97
103,15,79,93,12,107
103,15,87,92,13,118
103,15,95,91,14,129
103,15,103,89,15,140
103,15,111,87,16,153
103,15,119,85,16,167
103,15,127,83,17,181
103,15,135,80,17,195
103,15,143,78,19,207
103,15,151,76,21,218
103,15,159,75,24,224
103,15,167,73,26,228
103,15,175,71,28,231
103,15,183,70,29,234
103,15,191,68,30,237
103,15,199,67,32,240
103,15,207,66,34,242
103,15,215,65,35,244
103,15,223,64,36,246
103,15,231,62,37,248
103,15,239,61,38,250
103,15,247,60,39,252
103,15,255,59,41,254
103,23,0,96,14,17
103,23,7,96,14,24
103,23,15,97,14,31
103,23,23,97,14,41
103,23,31,97,14,50
103,23,39,97,15,58
103,23,47,96,15,67
103,23,55,96,15,76
103,23,63,95,16,85
103,23,71,95,17,94
103,23,79,94,17,104
103,23,87,93,18,115
103,23,95,92,19,126
103,23,103,90,19,137
103,23,111,89,20,149
103,23,119,87,21,162
103,23,127,85,22,176
103,23,135,82,22,190
103,23,143,80,24,202
103,23,151,78,26,214
103,23,159,77,28,220
103,23,167,75,31,225
103,23,175,74,34,229
103,23,183,73,35,233
103,23,191,71,36,237
103,23,199,70,37,240
103,23,207,69,39,242
103,23,215,68,40,244
103,23,223,67,42,246
103,23,231,65,42,248
103,23,239,64,42,250
103,23,247,63,43,252
103,23,255,61,44,254
103,31,0,96,22,16
103,31,7,97,22,23
103,31,15,97,22,31
103,31,23,98,22,40
103,31,31,98,22,48
103,31,39,98,22,56
103,31,47,97,22,65
103,31,55,97,22,74
103,31,63,96,22,82
103,31,71,96,23,92
103,31,79,95,24,101
103,31,87,94,24,111
103,31,95,93,25,122
103,31,103,92,25,133
103,31,111,91,26,145
103,31,119,89,26,158
103,31,127,87,27,170
103,31,135,85,28,184
103,31,143,83,30,196
103,31,151,81,32,207
103,31,159,79,34,216
103,31,167,78,37,222
103,31,175,77,39,228
103,31,183,76,41,232
103,31,191,75,43,236
103,31,199,74,44,240
103,31,207,72,44,242
103,31,215,71,46,245
103,31,223,70,47,247
103,31,231,69,48,249
103,31,239,68,47,250
103,31,247,66,47,252
103,31,255,65,48,253
103,39,0,97,31,17
103,39,7,97,31,23
103,39,15,98,31,32
103,39,23,98,31,39
103,39,31,99,30,47
103,39,39,99,30,55
103,39,47,98,30,63
103,39,55,98,30,71
103,39,63,98,30,80
103,39,71,97,31,89
103,39,79,97,31,98
103,39,87,96,31,108
103,39,95,95,32,119
103,39,103,94,32,129
103,39,111,93,33,141
103,39,119,91,33,153
103,39,127,89,33,165
103,39,135,87,34,178
103,39,143,85,36,191
103,39,151,84,38,202
103,39,159,82,40,211
103,39,167,81,42,219
103,39,175,80,45,226
103,39,183,79,46,231
103,39,191,78,48,236
103,39,199,77,50,240
103,39,207,76,51,243
103,39,215,75,51,245
103,39,223,74,52,247
103,39,231,73,52,249
103,39,239,71,53,251
103,39,247,70,53,252
103,39,255,69,53,253
103,47,0,97,41,17
103,47,7,98,41,23
103,47,15,99,41,31
103,47,23,99,40,38
103,47,31,100,40,46
103,47,39,100,39,53
103,47,47,99,39,61
103,47,55,99,39,69
103,47,63,99,39,78
103,47,71,98,39,86
103,47,79,98,39,96
103,47,87,97,40,105
103,47,95,96,40,115
103,47,103,95,40,125
103,47,111,94,40,136
103,47,119,93,40,148
103,47,127,91,40,160
103,47,135,89,41,172
103,47,143,88,42,185
103,47,151,86,44,197
103,47,159,85,46,208
103,47,167,84,48,217
103,47,175,83,50,224
103,47,183,82,52,230
103,47,191,82,53,235
103,47,199,81,55,240
103,47,207,80,56,243
103,47,215,79,57,246
103,47,223,78,57,248
103,47,231,76,57,250
103,47,239,75,57,251
103,47,247,74,57,252
103,47,255,73,58,253
103,55,0,98,52,18
103,55,7,99,51,24
103,55,15,100,51,31
103,55,23,100,50,38
103,55,31,101,50,45
103,55,39,101,49,52
103,55,47,100,49,60
103,55,55,100,49,67
103,55,63,100,49,75
103,55,71,99,48,84
103,55,79,99,48,93
103,55,87,98,48,102
103,55,95,97,48,111
103,55,103,96,48,122
103,55,111,96,47,132
103,55,119,94,47,143
103,55,127,93,47,155
103,55,135,92,48,167
103,55,143,90,49,180
103,55,151,89,50,192
103,55,159,88,51,204
103,55,167,87,53,214
103,55,175,86,55,222
103,55,183,85,57,229
103,55,191,85,58,235
103,55,199,84,60,239
103,55,207,83,61,243
103,55,215,82,61,246
103,55,223,81,62,249
103,55,231,80,62,250
103,55,239,79,62,252
103,55,247,78,61,253
103,55,255,76,62,253
103,63,0,100,62,20
103,63,7,100,62,25
103,63,15,101,61,31
103,63,23,101,60,38
103,63,31,102,60,45
103,63,39,102,59,52
103,63,47,101,59,59
103,63,55,101,59,66
103,63,63,101,58,74
103,63,71,100,58,82
103,63,79,100,57,90
103,63,87,99,57,99
103,63,95,98,57,108
103,63,103,98,56,118
103,63,111,97,56,128
103,63,119,96,55,138
103,63,127,95,55,149
103,63,135,93,55,162
103,63,143,92,55,175
103,63,151,91,56,187
103,63,159,90,57,200
103,63,167,90,59,210
103,63,175,89,61,220
103,63,183,89,62,227
103,63,191,88,64,234
103,63,199,87,65,239
103,63,207,87,66,243
103,63,215,86,66,246
103,63,223,85,66,249
103,63,231,84,66,251
103,63,239,82,66,252
103,63,247,81,66,253
103,63,255,80,66,254
103,71,0,101,73,21
103,71,7,101,72,27
103,71,15,102,71,32
103,71,23,102,71,38
103,71,31,103,70,45
103,71,39,103,70,52
103,71,47,103,69,58
103,71,55,102,69,65
103,71,63,102,68,73
103,71,71,101,68,80
103,71,79,101,67,89
103,71,87,100,66,97
103,71,95,99,66,106
103,71,103,99,65,115
103,71,111,98,64,124
103,71,119,97,64,134
103,71,127,96,63,145
103,71,135,95,63,156
103,71,143,94,63,169
103,71,151,93,63,182
103,71,159,93,64,195
103,71,167,92,65,207
103,71,175,92,66,217
103,71,183,91,68,225
103,71,191,91,69,232
103,71,199,91,70,238
103,71,207,90,70,243
103,71,215,89,71,247
103,71,223,88,71,249
103,71,231,87,71,251
103,71,239,86,70,253
103,71,247,85,70,253
103,71,255,84,70,254
103,79,0,102,83,23
103,79,7,103,83,28
103,79,15,103,82,34
103,79,23,104,82,39
103,79,31,104,81,46
103,79,39,104,80,52
103,79,47,104,80,58
103,79,55,103,79,65
103,79,63,103,79,72
103,79,71,102,78,79
103,79,79,102,77,87
103,79,87,101,76,95
103,79,95,101,76,103
103,79,103,100,75,112
103,79,111,99,74,121
103,79,119,99,73,130
103,79,127,98,73,140
103,79,135,97,72,151
103,79,143,96,72,164
103,79,151,96,71,176
103,79,159,95,72,190
103,79,167,94,72,203
103,79,175,94,73,213
103,79,183,94,74,223
103,79,191,94,75,231
103,79,199,93,75,237
103,79,207,93,76,242
103,79,215,92,76,246
103,79,223,92,76,249
103,79,231,90,75,251
103,79,239,89,75,253
103,79,247,88,74,254
103,79,255,87,73,254
103,87,0,104,94,25
103,87,7,104,94,29
103,87,15,104,93,34
103,87,23,105,93,41
103,87,31,105,92,46
103,87,39,105,91,53
103,87,47,105,91,59
103,87,55,105,90,65
103,87,63,104,90,72
103,87,71,104,89,79
103,87,79,103,88,86
103,87,87,103,87,94
103,87,95,102,86,102
103,87,103,102,85,110
103,87,111,101,85,118
103,87,119,101,84,127
103,87,127,100,83,136
103,87,135,99,82,147
103,87,143,99,81,158
103,87,151,98,80,171
103,87,159,98,80,184
103,87,167,97,80,197
103,87,175,97,80,210
103,87,183,96,80,220
103,87,191,96,81,229
103,87,199,96,81,235
103,87,207,96,81,241
103,87,215,95,81,245
103,87,223,94,81,249
103,87,231,94,80,251
103,87,239,92,79,253
103,87,247,91,79,254
103,87,255,90,77,254
103,95,0,104,106,25
103,95,7,105,105,30
103,95,15,105,105,35
103,95,23,106,104,41
103,95,31,107,103,47
103,95,39,107,103,53
103,95,47,107,102,59
103,95,55,106,101,65
103,95,63,106,101,72
103,95,71,106,100,79
103,95,79,105,99,86
103,95,87,105,98,93
103,95,95,104,97,101
103,95,103,104,96,109
103,95,111,103,95,116
103,95,119,103,94,125
103,95,127,103,93,133
103,95,135,102,92,143
103,95,143,101,91,154
103,95,151,101,90,166
103,95,159,100,89,179
103,95,167,99,89,192
103,95,175,99,88,205
103,95,183,99,88,217
103,95,191,99,88,226
103,95,199,98,88,234
103,95,207,98,87,240
103,95,215,98,87,245
103,95,223,97,87,248
103,95,231,96,86,251
103,95,239,95,85,252
103,95,247,94,83,253
103,95,255,93,81,254
103,103,0,105,117,27
103,103,7,106,116,32
103,103,15,107,116,36
103,103,23,107,115,41
103,103,31,108,115,48
103,103,39,108,114,54
103,103,47,108,113,60
103,103,55,108,113,66
103,103,63,108,112,72
103,103,71,108,111,79
103,103,79,107,110,86
103,103,87,107,109,93
103,103,95,107,108,100
103,103,103,106,108,108
103,103,111,106,107,115
103,103,119,105,106,123
103,103,127,105,104,131
103,103,135,104,103,140
103,103,143,104,102,150
103,103,151,103,101,162
103,103,159,102,99,174
103,103,167,102,98,188
103,103,175,101,97,201
103,103,183,101,96,212
103,103,191,101,95,223
103,103,199,101,95,231
103,103,207,101,94,239
103,103,215,100,93,243
103,103,223,100,93,248
103,103,231,99,92,250
103,103,239,98,91,252
103,103,247,96,89,253
103,103,255,95,87,253
103,111,0,105,128,28
103,111,7,106,127,32
103,111,15,108,127,38
103,111,23,108,126,43
103,111,31,109,126,49
103,111,39,109,125,55
103,111,47,109,124,60
103,111,55,110,124,66
103,111,63,110,123,73
103,111,71,110,122,79
103,111,79,109,122,86
103,111,87,109,121,93
103,111,95,109,120,100
103,111,103,109,119,107
103,111,111,108,118,114
103,111,119,108,117,122
103,111,127,108,116,129
103,111,135,107,114,138
103,111,143,106,113,147
103,111,151,106,111,158
103,111,159,105,110,170
103,111,167,104,108,183
103,111,175,104,106,196
103,111,183,103,105,208
103,111,191,103,103,219
103,111,199,103,102,229
103,111,207,103,101,237
103,111,215,102,100,243
103,111,223,102,99,246
103,111,231,101,98,249
103,111,239,100,96,251
103,111,247,99,95,252
103,111,255,98,94,252
103,119,0,106,139,28
103,119,7,107,138,32
103,119,15,108,138,37
103,119,23,109,137,44
103,119,31,110,136,50
103,119,39,110,136,55
103,119,47,111,135,61
103,119,55,111,135,67
103,119,63,111,134,73
103,119,71,111,134,80
103,119,79,111,133,86
103,119,87,111,132,93
103,119,95,111,131,100
103,119,103,111,130,107
103,119,111,111,129,114
103,119,119,110,128,121
103,119,127,110,127,128
103,119,135,110,126,136
103,119,143,109,124,145
103,119,151,109,122,155
103,119,159,108,121,166
103,119,167,107,118,179
103,119,175,106,116,191
103,119,183,105,114,204
103,119,191,105,112,215
103,119,199,105,111,226
103,119,207,105,109,234
103,119,215,104,107,241
103,119,223,104,106,246
103,119,231,103,104,249
103,119,239,102,103,251
103,119,247,101,101,252
103,119,255,100,100,253
103,127,0,107,150,29
103,127,7,107,150,33
103,127,15,108,149,37
103,127,23,109,148,43
103,127,31,110,147,51
103,127,39,111,147,56
103,127,47,111,146,62
103,127,55,112,146,67
103,127,63,112,145,73
103,127,71,113,145,80
103,127,79,113,144,87
103,127,87,113,143,93
103,127,95,113,142,100
103,127,103,113,141,107
103,127,111,113,140,113
103,127,119,113,139,120
103,127,127,113,138,127
103,127,135,112,137,135
103,127,143,112,135,143
103,127,151,111,134,152
103,127,159,110,132,163
103,127,167,110,129,174
103,127,175,109,127,187
103,127,183,108,124,199
103,127,191,107,122,211
103,127,199,107,120,222
103,127,207,107,117,232
103,127,215,106,115,239
103,127,223,106,113,245
103,127,231,105,111,248
103,127,239,104,110,251
103,127,247,103,108,253
103,127,255,102,106,253
103,135,0,107,162,30
103,135,7,107,161,35
103,135,15,108,160,39
103,135,23,109,160,44
103,135,31,110,159,50
103,135,39,111,158,57
103,135,47,112,157,62
103,135,55,113,157,68
103,135,63,113,156,74
103,135,71,114,156,80
103,135,79,114,155,86
103,135,87,115,154,93
103,135,95,115,154,100
103,135,103,115,153,106
103,135,111,115,152,113
103,135,119,115,151,119
103,135,127,115,149,126
103,135,135,114,148,133
103,135,143,114,146,141
103,135,151,114,145,150
103,135,159,113,143,159
103,135,167,112,141,170
103,135,175,111,138,182
103,135,183,110,135,195
103,135,191,110,132,207
103,135,199,109,129,219
103,135,207,109,126,228
103,135,215,109,124,238
103,135,223,108,121,243
103,135,231,107,119,248
103,135,239,106,117,251
103,135,247,105,115,253
103,135,255,105,113,254
103,143,0,106,174,30
103,143,7,107,173,34
103,143,15,108,172,40
103,143,23,109,172,45
103,143,31,110,171,50
103,143,39,111,170,56
103,143,47,112,169,63
103,143,55,113,169,68
103,143,63,114,168,74
103,143,71,115,168,80
103,143,79,116,167,86
103,143,87,116,166,93
103,143,95,116,166,100
103,143,103,117,165,106
103,143,111,117,164,112
103,143,119,117,162,119
103,143,127,117,161,125
103,143,135,117,160,132
103,143,143,116,158,139
103,143,151,116,157,147
103,143,159,115,155,157
103,143,167,115,152,167
103,143,175,114,150,178
103,143,183,113,147,190
103,143,191,112,144,202
103,143,199,111,140,214
103,143,207,111,136,225
103,143,215,110,133,234
103,143,223,110,131,242
103,143,231,109,128,247
103,143,239,109,125,251
103,143,247,108,123,253
103,143,255,107,120,254
103,151,0,106,187,31
103,151,7,107,186,35
103,151,15,107,185,39
103,151,23,109,184,46
103,151,31,110,183,51
103,151,39,111,182,57
103,151,47,112,182,63
103,151,55,113,181,68
103,151,63,114,181,74
103,151,71,115,180,80
103,151,79,116,180,86
103,151,87,117,179,92
103,151,95,117,178,99
103,151,103,118,177,105
103,151,111,118,176,112
103,151,119,118,175,118
103,151,127,118,174,124
103,151,135,118,172,131
103,151,143,118,171,138
103,151,151,118,169,146
103,151,159,118,167,154
103,151,167,117,165,163
103,151,175,116,162,174
103,151,183,115,159,185
103,151,191,114,156,197
103,151,199,113,152,209
103,151,207,113,148,221
103,151,215,112,144,231
103,151,223,111,140,239
103,151,231,111,137,246
103,151,239,110,134,250
103,151,247,110,131,254
103,151,255,109,128,255
103,159,0,105,199,32
103,159,7,106,198,35
103,159,15,107,198,39
103,159,23,108,197,45
103,159,31,109,196,52
103,159,39,111,195,57
103,159,47,112,194,62
103,159,55,113,194,68
103,159,63,114,193,74
103,159,71,115,193,79
103,159,79,116,192,86
103,159,87,117,191,92
103,159,95,118,191,98
103,159,103,118,190,104
103,159,111,118,189,110
103,159,119,118,187,117
103,159,127,119,186,123
103,159,135,119,185,130
103,159,143,119,184,137
103,159,151,119,182,143
103,159,159,118,180,151
103,159,167,118,178,160
103,159,175,118,175,170
103,159,183,117,172,181
103,159,191,116,169,192
103,159,199,115,165,204
103,159,207,114,161,216
103,159,215,113,156,226
103,159,223,113,151,236
103,159,231,112,147,243
103,159,239,112,143,249
103,159,247,111,140,253
103,159,255,111,136,255
103,167,0,104,210,31
103,167,7,105,210,34
103,167,15,105,209,38
103,167,23,107,209,43
103,167,31,108,208,49
103,167,39,110,206,57
103,167,47,112,206,63
103,167,55,113,205,68
103,167,63,114,205,74
103,167,71,115,204,79
103,167,79,116,204,85
103,167,87,117,203,91
103,167,95,118,203,97
103,167,103,118,202,103
103,167,111,119,201,110
103,167,119,119,200,116
103,167,127,119,199,122
103,167,135,119,198,128
103,167,143,119,197,135
103,167,151,120,195,142
103,167,159,120,194,149
103,167,167,119,191,157
103,167,175,119,189,166
103,167,183,118,186,176
103,167,191,117,183,188
103,167,199,117,179,199
103,167,207,115,174,211
103,167,215,115,169,222
103,167,223,115,163,232
103,167,231,114,158,240
103,167,239,113,154,247
103,167,247,113,150,252
103,167,255,112,146,254
103,175,0,104,219,36
103,175,7,104,219,39
103,175,15,105,219,42
103,175,23,106,218,46
103,175,31,108,218,51
103,175,39,109,217,56
103,175,47,111,217,63
103,175,55,113,216,68
103,175,63,114,216,73
103,175,71,115,216,79
103,175,79,116,216,85
103,175,87,117,215,91
103,175,95,118,215,96
103,175,103,118,214,102
103,175,111,119,213,108
103,175,119,119,212,114
103,175,127,119,211,120
103,175,135,120,210,127
103,175,143,120,209,133
103,175,151,120,208,139
103,175,159,120,206,146
103,175,167,120,205,154
103,175,175,120,203,163
103,175,183,119,200,172
103,175,191,118,197,182
103,175,199,117,193,193
103,175,207,117,188,205
103,175,215,116,183,216
103,175,223,115,177,227
103,175,231,115,171,236
103,175,239,115,166,245
103,175,247,114,161,251
103,175,255,113,157,254
103,183,0,103,227,38
103,183,7,104,227,40
103,183,15,105,227,44
103,183,23,106,227,48
103,183,31,108,227,53
103,183,39,109,226,57
103,183,47,111,226,62
103,183,55,112,226,68
103,183,63,113,225,73
103,183,71,115,225,78
103,183,79,116,225,84
103,183,87,116,225,89
103,183,95,117,225,95
103,183,103,118,224,101
103,183,111,119,224,107
103,183,119,119,223,113
103,183,127,119,222,118
103,183,135,119,221,124
103,183,143,120,220,130
103,183,151,120,219,137
103,183,159,121,219,144
103,183,167,121,217,151
103,183,175,120,215,158
103,183,183,120,213,167
103,183,191,119,210,177
103,183,199,119,207,188
103,183,207,117,203,199
103,183,215,117,198,210
103,183,223,116,192,221
103,183,231,116,186,232
103,183,239,115,179,241
103,183,247,115,174,248
103,183,255,115,168,253
103,191,0,103,233,39
103,191,7,103,233,41
103,191,15,104,233,44
103,191,23,106,234,48
103,191,31,107,234,53
103,191,39,109,234,59
103,191,47,110,234,63
103,191,55,112,234,68
103,191,63,113,234,73
103,191,71,114,234,78
103,191,79,115,233,83
103,191,87,116,233,88
103,191,95,117,233,94
103,191,103,117,232,99
103,191,111,118,232,105
103,191,119,118,231,111
103,191,127,119,231,116
103,191,135,119,231,122
103,191,143,120,230,128
103,191,151,120,229,134
103,191,159,120,227,141
103,191,167,120,226,148
103,191,175,121,226,155
103,191,183,120,224,163
103,191,191,120,222,171
103,191,199,119,219,181
103,191,207,118,216,192
103,191,215,118,212,204
103,191,223,117,206,215
103,191,231,116,200,226
103,191,239,116,194,237
103,191,247,116,188,247
103,191,255,116,182,252
103,199,0,102,238,40
103,199,7,103,238,42
103,199,15,103,239,45
103,199,23,105,239,48
103,199,31,106,239,53
103,199,39,108,239,58
103,199,47,110,240,63
103,199,55,111,240,67
103,199,63,112,240,72
103,199,71,114,240,77
103,199,79,115,240,82
103,199,87,116,240,88
103,199,95,116,240,93
103,199,103,117,240,98
103,199,111,117,239,103
103,199,119,118,239,108
103,199,127,118,238,114
103,199,135,118,238,119
103,199,143,119,237,125
103,199,151,120,237,132
103,199,159,120,236,138
103,199,167,120,235,144
103,199,175,120,234,151
103,199,183,120,233,158
103,199,191,120,232,166
103,199,199,120,231,175
103,199,207,119,228,185
103,199,215,118,224,196
103,199,223,117,220,208
103,199,231,117,215,220
103,199,239,117,210,232
103,199,247,116,203,243
103,199,255,117,197,252
103,207,0,101,242,42
103,207,7,102,243,44
103,207,15,102,243,46
103,207,23,103,243,49
103,207,31,105,243,52
103,207,39,107,244,57
103,207,47,109,244,62
103,207,55,110,245,67
103,207,63,111,245,71
103,207,71,113,245,76
103,207,79,114,245,81
103,207,87,114,245,86
103,207,95,115,245,91
103,207,103,116,245,96
103,207,111,117,245,101
103,207,119,117,245,106
103,207,127,118,245,112
103,207,135,118,244,117
103,207,143,118,244,122
103,207,151,119,243,128
103,207,159,119,243,134
103,207,167,120,243,141
103,207,175,120,242,147
103,207,183,120,241,154
103,207,191,120,240,161
103,207,199,119,239,169
103,207,207,119,238,178
103,207,215,119,236,189
103,207,223,118,232,201
103,207,231,117,229,213
103,207,239,117,224,226
103,207,247,118,219,239
103,207,255,118,213,248
103,215,0,100,246,43
103,215,7,101,246,45
103,215,15,102,246,47
103,215,23,103,247,51
103,215,31,104,247,54
103,215,39,106,247,57
103,215,47,107,248,61
103,215,55,109,248,66
103,215,63,111,248,71
103,215,71,112,248,75
103,215,79,113,248,80
103,215,87,113,248,84
103,215,95,114,249,89
103,215,103,115,249,94
103,215,111,115,249,98
103,215,119,116,249,103
103,215,127,116,249,108
103,215,135,117,249,114
103,215,143,118,249,119
103,215,151,118,248,125
103,215,159,118,248,130
103,215,167,119,247,136
103,215,175,119,247,143
103,215,183,119,247,149
103,215,191,120,247,156
103,215,199,119,246,164
103,215,207,119,245,172
103,215,215,118,244,182
103,215,223,118,241,194
103,215,231,118,239,207
103,215,239,117,236,219
103,215,247,117,232,233
103,215,255,118,227,246
103,223,0,98,249,44
103,223,7,99,249,45
103,223,15,100,249,47
103,223,23,101,249,50
103,223,31,103,249,54
103,223,39,104,250,58
103,223,47,106,250,61
103,223,55,107,250,65
103,223,63,109,250,70
103,223,71,110,251,74
103,223,79,111,251,78
103,223,87,113,251,83
103,223,95,113,251,87
103,223,103,114,251,91
103,223,111,114,251,96
103,223,119,114,251,101
103,223,127,115,251,106
103,223,135,116,251,111
103,223,143,116,251,116
103,223,151,117,251,121
103,223,159,117,251,127
103,223,167,118,251,133
103,223,175,118,251,138
103,223,183,118,251,145
103,223,191,118,251,151
103,223,199,118,251,159
103,223,207,119,250,167
103,223,215,118,249,177
103,223,223,117,248,187
103,223,231,117,246,199
103,223,239,117,244,213
103,223,247,118,243,227
103,223,255,118,239,240
103,231,0,98,251,45
103,231,7,98,251,46
103,231,15,99,251,48
103,231,23,100,251,50
103,231,31,101,252,53
103,231,39,103,252,57
103,231,47,105,252,61
103,231,55,106,252,64
103,231,63,107,252,68
103,231,71,109,252,72
103,231,79,110,252,76
103,231,87,110,252,80
103,231,95,111,253,85
103,231,103,112,253,89
103,231,111,113,253,94
103,231,119,113,253,98
103,231,127,114,253,103
103,231,135,114,253,108
103,231,143,115,253,112
103,231,151,115,253,118
103,231,159,116,253,123
103,231,167,116,253,128
103,231,175,117,253,134
103,231,183,118,253,141
103,231,191,117,253,147
103,231,199,117,253,154
103,231,207,117,253,162
103,231,215,117,253,171
103,231,223,117,252,181
103,231,231,117,251,193
103,231,239,117,250,205
103,231,247,117,249,220
103,231,255,117,247,234
103,239,0,97,254,46
103,239,7,97,254,47
103,239,15,98,254,49
103,239,23,99,254,51
103,239,31,100,253,53
103,239,39,101,253,56
103,239,47,103,253,60
103,239,55,105,253,64
103,239,63,106,254,67
103,239,71,107,254,71
103,239,79,108,254,75
103,239,87,109,254,79
103,239,95,110,254,83
103,239,103,110,254,87
103,239,111,111,254,91
103,239,119,111,254,96
103,239,127,112,254,100
103,239,135,113,254,105
103,239,143,113,254,109
103,239,151,114,254,114
103,239,159,114,254,119
103,239,167,115,254,125
103,239,175,115,254,130
103,239,183,115,254,136
103,239,191,116,254,143
103,239,199,116,254,150
103,239,207,116,254,157
103,239,215,116,254,166
103,239,223,116,254,175
103,239,231,115,254,187
103,239,239,116,254,200
103,239,247,116,253,213
103,239,255,116,253,227
103,247,0,95,255,47
103,247,7,96,255,48
103,247,15,97,255,50
103,247,23,97,255,51
103,247,31,98,255,53
103,247,39,100,255,56
103,247,47,101,254,59
103,247,55,103,254,63
103,247,63,104,254,66
103,247,71,105,254,70
103,247,79,106,254,73
103,247,87,108,254,78
103,247,95,108,254,81
103,247,103,109,254,85
103,247,111,109,254,89
103,247,119,110,254,93
103,247,127,110,254,97
103,247,135,111,254,102
103,247,143,111,254,106
103,247,151,112,254,111
103,247,159,113,254,116
103,247,167,113,254,122
103,247,175,114,254,127
103,247,183,114,255,133
103,247,191,114,255,139
103,247,199,114,255,145
103,247,207,115,255,153
103,247,215,115,255,161
103,247,223,114,255,171
103,247,231,114,255,182
103,247,239,114,255,194
103,247,247,115,255,206
103,247,255,116,255,218
103,255,0,94,255,46
103,255,7,94,255,47
103,255,15,95,255,49
103,255,23,96,255,51
103,255,31,97,255,54
103,255,39,98,255,56
103,255,47,99,255,58
103,255,55,100,255,61
103,255,63,102,255,65
103,255,71,103,255,68
103,255,79,104,255,72
103,255,87,106,255,76
103,255,95,107,255,80
103,255,103,108,255,84
103,255,111,109,255,88
103,255,119,109,255,92
103,255,127,110,255,96
103,255,135,110,255,100
103,255,143,111,255,104
103,255,151,111,255,109
103,255,159,112,255,114
103,255,167,112,255,119
103,255,175,113,255,125
103,255,183,113,255,130
103,255,191,114,255,136
103,255,199,114,255,142
103,255,207,114,255,149
103,255,215,114,255,157
103,255,223,114,255,166
103,255,231,114,255,177
103,255,239,114,255,189
103,255,247,114,255,201
103,255,255,114,255,211
111,0,0,104,2,19
111,0,7,105,3,26
111,0,15,106,3,34
111,0,23,106,3,45
111,0,31,106,3,54
111,0,39,105,3,63
111,0,47,105,3,71
111,0,55,104,4,81
111,0,63,103,5,90
111,0,71,102,6,99
111,0,79,101,7,110
111,0,87,100,8,121
111,0,95,98,8,133
111,0,103,97,9,145
111,0,111,94,9,158
111,0,119,92,10,172
111,0,127,89,10,187
111,0,135,87,11,201
111,0,143,84,13,212
111,0,151,82,14,222
111,0,159,79,16,227
111,0,167,77,17,230
111,0,175,75,19,233
111,0,183,73,21,236
111,0,191,71,23,238
111,0,199,69,25,240
111,0,207,67,26,242
111,0,215,66,28,244
111,0,223,64,29,246
111,0,231,63,31,248
111,0,239,62,32,251
111,0,247,60,34,252
111,0,255,59,35,254
111,7,0,104,5,18
111,7,7,105,5,25
111,7,15,105,5,34
111,7,23,106,5,44
111,7,31,106,6,53
111,7,39,105,6,62
111,7,47,105,6,70
111,7,55,104,7,79
111,7,63,103,8,89
111,7,71,102,9,98
111,7,79,101,9,108
111,7,87,100,10,119
111,7,95,99,11,130
111,7,103,97,12,143
111,7,111,95,12,155
111,7,119,93,13,169
111,7,127,91,13,183
111,7,135,88,14,198
111,7,143,86,16,210
111,7,151,83,17,220
111,7,159,81,19,225
111,7,167,79,21,229
111,7,175,76,23,232
111,7,183,75,25,235
111,7,191,73,27,238
111,7,199,71,29,240
111,7,207,69,30,242
111,7,215,68,31,244
111,7,223,66,32,247
111,7,231,64,33,249
111,7,239,63,35,251
111,7,247,62,37,252
111,7,255,61,38,254
111,15,0,104,8,18
111,15,7,105,9,25
111,15,15,105,9,33
111,15,23,106,9,43
111,15,31,106,9,52
111,15,39,105,9,60
111,15,47,105,10,69
111,15,55,104,10,78
111,15,63,103,11,87
111,15,71,102,12,97
111,15,79,101,13,106
111,15,87,100,13,117
111,15,95,99,14,128
111,15,103,98,15,140
111,15,111,97,16,152
111,15,119,94,16,166
111,15,127,92,17,179
111,15,135,90,18,194
111,15,143,87,19,206
111,15,151,85,22,217
111,15,159,83,24,223
111,15,167,81,26,227
111,15,175,78,27,231
111,15,183,77,29,234
111,15,191,75,31,238
111,15,199,73,33,240
111,15,207,72,35,242
111,15,215,70,35,244
111,15,223,68,36,247
111,15,231,67,37,249
111,15,239,65,38,250
111,15,247,64,39,252
111,15,255,63,41,254
111,23,0,104,14,17
111,23,7,105,14,25
111,23,15,105,14,33
111,23,23,106,14,42
111,23,31,106,15,50
111,23,39,105,15,59
111,23,47,105,15,67
111,23,55,104,15,76
111,23,63,104,16,85
111,23,71,103,17,94
111,23,79,102,17,104
111,23,87,101,18,114
111,23,95,100,19,125
111,23,103,99,20,136
111,23,111,98,21,148
111,23,119,96,21,161
111,23,127,94,22,174
111,23,135,92,22,189
111,23,143,89,24,202
111,23,151,87,26,212
111,23,159,85,29,220
111,23,167,83,32,225
111,23,175,81,33,229
111,23,183,79,35,233
111,23,191,77,36,237
111,23,199,76,38,240
111,23,207,74,39,242
111,23,215,73,41,245
111,23,223,71,41,247
111,23,231,70,41,249
111,23,239,68,42,251
111,23,247,67,43,252
111,23,255,66,44,253
111,31,0,104,21,17
111,31,7,105,21,24
111,31,15,106,21,33
111,31,23,106,22,41
111,31,31,106,22,49
111,31,39,106,22,57
111,31,47,106,22,65
111,31,55,105,22,74
111,31,63,105,23,83
111,31,71,104,23,92
111,31,79,104,24,101
111,31,87,103,24,111
111,31,95,102,25,122
111,31,103,101,25,133
111,31,111,99,26,144
111,31,119,98,27,156
111,31,127,96,27,169
111,31,135,94,29,182
111,31,143,92,30,196
111,31,151,89,32,206
111,31,159,88,34,216
111,31,167,86,37,222
111,31,175,84,40,227
111,31,183,82,41,232
111,31,191,81,42,236
111,31,199,79,44,240
111,31,207,78,45,242
111,31,215,76,46,245
111,31,223,75,47,247
111,31,231,73,47,249
111,31,239,72,47,251
111,31,247,70,47,252
111,31,255,69,48,253
111,39,0,105,30,18
111,39,7,106,30,24
111,39,15,106,30,32
111,39,23,107,30,40
111,39,31,107,30,48
111,39,39,107,30,56
111,39,47,107,30,64
111,39,55,106,30,72
111,39,63,106,30,81
111,39,71,105,31,89
111,39,79,105,31,99
111,39,87,104,31,108
111,39,95,103,32,118
111,39,103,102,32,129
111,39,111,101,32,140
111,39,119,100,33,152
111,39,127,98,33,164
111,39,135,96,34,177
111,39,143,94,36,190
111,39,151,92,38,201
111,39,159,90,40,211
111,39,167,88,42,219
111,39,175,87,44,226
111,39,183,85,47,231
111,39,191,84,49,235
111,39,199,82,50,240
111,39,207,81,50,243
111,39,215,80,51,245
111,39,223,78,52,248
111,39,231,77,52,249
111,39,239,75,53,251
111,39,247,74,53,252
111,39,255,72,53,253
111,47,0,106,40,18
111,47,7,106,40,24
111,47,15,107,39,32
111,47,23,108,39,40
111,47,31,108,39,47
111,47,39,108,39,54
111,47,47,108,39,62
111,47,55,107,39,70
111,47,63,107,39,78
111,47,71,106,39,87
111,47,79,106,39,96
111,47,87,105,39,105
111,47,95,104,39,115
111,47,103,103,39,125
111,47,111,102,39,136
111,47,119,101,40,147
111,47,127,100,40,159
111,47,135,98,41,172
111,47,143,96,42,185
111,47,151,95,43,197
111,47,159,93,46,207
111,47,167,91,48,217
111,47,175,90,50,224
111,47,183,88,52,230
111,47,191,87,53,235
111,47,199,86,55,239
111,47,207,85,56,243
111,47,215,83,57,246
111,47,223,82,57,248
111,47,231,80,57,250
111,47,239,79,57,251
111,47,247,78,57,252
111,47,255,76,58,253
111,55,0,107,50,19
111,55,7,108,50,26
111,55,15,108,50,32
111,55,23,109,49,40
111,55,31,109,49,47
111,55,39,109,49,54
111,55,47,109,48,61
111,55,55,108,48,68
111,55,63,108,48,76
111,55,71,107,48,85
111,55,79,107,48,93
111,55,87,106,48,102
111,55,95,105,48,112
111,55,103,105,47,121
111,55,111,104,47,132
111,55,119,102,47,143
111,55,127,101,47,154
111,55,135,100,47,167
111,55,143,98,48,179
111,55,151,97,49,192
111,55,159,95,51,203
111,55,167,94,53,213
111,55,175,93,55,222
111,55,183,92,57,229
111,55,191,90,59,235
111,55,199,89,60,239
111,55,207,88,61,243
111,55,215,87,61,246
111,55,223,86,62,249
111,55,231,84,62,251
111,55,239,83,62,252
111,55,247,81,62,253
111,55,255,80,62,253
111,63,0,108,60,21
111,63,7,108,60,27
111,63,15,109,59,33
111,63,23,110,59,39
111,63,31,110,59,46
111,63,39,110,58,53
111,63,47,109,58,60
111,63,55,109,58,67
111,63,63,109,57,75
111,63,71,108,57,83
111,63,79,108,57,91
111,63,87,107,56,100
111,63,95,106,56,109
111,63,103,105,55,118
111,63,111,105,55,128
111,63,119,104,55,138
111,63,127,103,55,149
111,63,135,101,55,162
111,63,143,100,55,174
111,63,151,99,56,187
111,63,159,98,57,199
111,63,167,97,59,210
111,63,175,96,60,220
111,63,183,95,62,227
111,63,191,94,63,233
111,63,199,93,65,239
111,63,207,92,66,243
111,63,215,90,66,247
111,63,223,89,66,249
111,63,231,88,66,251
111,63,239,87,66,252
111,63,247,85,66,253
111,63,255,84,66,254
111,71,0,109,71,22
111,71,7,109,70,28
111,71,15,110,70,34
111,71,23,110,69,40
111,71,31,111,69,47
111,71,39,111,68,53
111,71,47,110,68,60
111,71,55,110,67,67
111,71,63,109,67,74
111,71,71,109,67,81
111,71,79,108,66,89
111,71,87,108,66,97
111,71,95,107,65,106
111,71,103,106,64,115
111,71,111,106,64,124
111,71,119,105,63,134
111,71,127,104,63,145
111,71,135,103,62,156
111,71,143,102,63,169
111,71,151,101,63,182
111,71,159,100,64,195
111,71,167,99,65,207
111,71,175,98,66,217
111,71,183,97,67,226
111,71,191,97,69,232
111,71,199,96,70,238
111,71,207,95,70,242
111,71,215,94,71,246
111,71,223,93,71,249
111,71,231,91,71,251
111,71,239,90,70,253
111,71,247,89,70,253
111,71,255,87,70,254
111,79,0,110,81,23
111,79,7,110,81,28
111,79,15,111,80,34
111,79,23,112,80,41
111,79,31,112,79,47
111,79,39,112,79,53
111,79,47,111,78,60
111,79,55,111,78,66
111,79,63,111,77,73
111,79,71,110,77,80
111,79,79,109,76,88
111,79,87,109,75,96
111,79,95,108,75,104
111,79,103,107,74,112
111,79,111,107,73,121
111,79,119,106,73,130
111,79,127,106,72,140
111,79,135,105,71,152
111,79,143,104,71,163
111,79,151,103,71,177
111,79,159,102,71,190
111,79,167,102,72,202
111,79,175,101,72,214
111,79,183,100,73,223
111,79,191,99,74,231
111,79,199,99,75,237
111,79,207,98,76,242
111,79,215,97,76,246
111,79,223,96,76,249
111,79,231,95,75,251
111,79,239,93,75,253
111,79,247,92,74,254
111,79,255,91,73,254
111,87,0,111,92,25
111,87,7,112,91,30
111,87,15,112,91,35
111,87,23,113,90,41
111,87,31,113,90,47
111,87,39,113,89,54
111,87,47,113,89,60
111,87,55,112,88,66
111,87,63,112,88,73
111,87,71,111,87,80
111,87,79,111,87,87
111,87,87,110,86,95
111,87,95,110,85,103
111,87,103,109,84,111
111,87,111,109,83,118
111,87,119,108,83,127
111,87,127,107,82,137
111,87,135,107,81,147
111,87,143,106,80,159
111,87,151,105,80,171
111,87,159,105,80,184
111,87,167,104,79,197
111,87,175,103,80,210
111,87,183,103,80,220
111,87,191,102,81,228
111,87,199,102,81,235
111,87,207,101,81,241
111,87,215,100,81,245
111,87,223,99,81,249
111,87,231,98,80,251
111,87,239,96,80,253
111,87,247,95,79,254
111,87,255,94,77,254
111,95,0,112,103,26
111,95,7,113,102,31
111,95,15,113,102,35
111,95,23,114,101,41
111,95,31,114,101,48
111,95,39,114,100,54
111,95,47,114,100,60
111,95,55,114,99,66
111,95,63,113,99,73
111,95,71,113,98,80
111,95,79,112,97,87
111,95,87,112,97,94
111,95,95,111,96,102
111,95,103,111,95,109
111,95,111,110,94,117
111,95,119,110,93,125
111,95,127,110,92,134
111,95,135,109,91,144
111,95,143,108,90,155
111,95,151,108,90,167
111,95,159,107,89,179
111,95,167,106,88,192
111,95,175,105,88,205
111,95,183,105,87,217
111,95,191,104,87,225
111,95,199,104,88,234
111,95,207,103,87,240
111,95,215,103,87,245
111,95,223,102,87,248
111,95,231,101,86,251
111,95,239,100,85,252
111,95,247,98,83,253
111,95,255,97,82,254
111,103,0,113,114,27
111,103,7,114,113,32
111,103,15,115,113,38
111,103,23,115,112,43
111,103,31,115,112,49
111,103,39,116,111,55
111,103,47,115,111,61
111,103,55,115,110,67
111,103,63,115,110,73
111,103,71,115,109,80
111,103,79,114,108,87
111,103,87,114,108,94
111,103,95,113,107,101
111,103,103,113,106,108
111,103,111,113,105,116
111,103,119,112,104,123
111,103,127,112,103,132
111,103,135,111,102,141
111,103,143,111,101,151
111,103,151,110,100,162
111,103,159,109,98,174
111,103,167,108,97,188
111,103,175,108,96,201
111,103,183,107,96,212
111,103,191,107,95,223
111,103,199,106,95,231
111,103,207,106,94,239
111,103,215,105,93,243
111,103,223,104,93,247
111,103,231,103,92,250
111,103,239,102,91,252
111,103,247,101,89,253
111,103,255,99,87,253
111,111,0,113,124,28
111,111,7,114,124,33
111,111,15,115,124,38
111,111,23,116,123,45
111,111,31,116,123,50
111,111,39,116,122,56
111,111,47,117,122,61
111,111,55,117,121,67
111,111,63,117,121,74
111,111,71,117,120,80
111,111,79,116,119,87
111,111,87,116,119,94
111,111,95,116,118,101
111,111,103,115,117,108
111,111,111,115,116,115
111,111,119,114,115,122
111,111,127,114,114,130
111,111,135,114,113,138
111,111,143,113,112,148
111,111,151,113,110,158
111,111,159,112,109,170
111,111,167,111,107,183
111,111,175,110,105,196
111,111,183,109,104,208
111,111,191,109,103,219
111,111,199,109,102,229
111,111,207,108,101,236
111,111,215,108,100,243
111,111,223,107,99,246
111,111,231,106,98,249
111,111,239,105,97,251
111,111,247,104,96,252
111,111,255,102,94,253
111,119,0,113,135,28
111,119,7,114,135,33
111,119,15,115,135,38
111,119,23,116,134,44
111,119,31,117,134,51
111,119,39,117,133,56
111,119,47,118,133,62
111,119,55,118,132,68
111,119,63,118,132,74
111,119,71,118,131,81
111,119,79,118,130,87
111,119,87,118,130,94
111,119,95,118,129,101
111,119,103,118,128,108
111,119,111,117,127,115
111,119,119,117,126,121
111,119,127,116,125,129
111,119,135,116,124,136
111,119,143,116,122,145
111,119,151,115,121,155
111,119,159,114,119,166
111,119,167,113,117,179
111,119,175,113,115,191
111,119,183,112,114,204
111,119,191,111,112,215
111,119,199,111,110,225
111,119,207,110,109,234
111,119,215,110,108,241
111,119,223,109,106,246
111,119,231,108,105,249
111,119,239,107,104,251
111,119,247,106,102,252
111,119,255,104,100,253
111,127,0,114,147,28
111,127,7,114,146,32
111,127,15,115,146,37
111,127,23,116,145,43
111,127,31,117,144,51
111,127,39,118,144,57
111,127,47,118,143,63
111,127,55,119,143,69
111,127,63,119,142,75
111,127,71,119,142,81
111,127,79,120,141,88
111,127,87,120,140,94
111,127,95,120,140,101
111,127,103,120,139,108
111,127,111,119,138,114
111,127,119,119,137,121
111,127,127,119,136,128
111,127,135,118,134,135
111,127,143,118,133,143
111,127,151,118,132,152
111,127,159,117,130,163
111,127,167,116,128,174
111,127,175,115,126,187
111,127,183,114,124,199
111,127,191,114,121,211
111,127,199,113,119,222
111,127,207,112,117,232
111,127,215,112,115,239
111,127,223,111,114,245
111,127,231,110,112,249
111,127,239,109,110,251
111,127,247,108,108,253
111,127,255,107,107,253
111,135,0,114,158,30
111,135,7,114,157,35
111,135,15,115,156,40
111,135,23,116,156,45
111,135,31,117,155,51
111,135,39,118,154,58
111,135,47,119,154,64
111,135,55,120,154,69
111,135,63,120,153,75
111,135,71,121,153,81
111,135,79,121,152,88
111,135,87,122,151,95
111,135,95,122,151,101
111,135,103,122,150,107
111,135,111,121,149,114
111,135,119,121,148,120
111,135,127,121,147,127
111,135,135,121,145,134
111,135,143,120,144,142
111,135,151,120,143,150
111,135,159,119,141,159
111,135,167,118,139,171
111,135,175,118,137,182
111,135,183,117,134,195
111,135,191,116,131,207
111,135,199,115,129,218
111,135,207,115,126,228
111,135,215,114,124,237
111,135,223,113,122,243
111,135,231,113,120,248
111,135,239,112,118,251
111,135,247,111,116,253
111,135,255,109,114,254
111,143,0,113,170,31
111,143,7,114,169,35
111,143,15,115,168,41
111,143,23,116,167,47
111,143,31,117,167,52
111,143,39,118,166,58
111,143,47,119,165,64
111,143,55,120,165,70
111,143,63,121,165,75
111,143,71,122,164,81
111,143,79,122,164,88
111,143,87,123,163,94
111,143,95,123,162,101
111,143,103,123,162,107
111,143,111,123,161,114
111,143,119,123,159,120
111,143,127,123,158,126
111,143,135,123,157,133
111,143,143,122,156,140
111,143,151,122,154,148
111,143,159,121,152,157
111,143,167,121,150,167
111,143,175,120,148,178
111,143,183,119,145,190
111,143,191,118,142,202
111,143,199,117,139,214
111,143,207,117,136,225
111,143,215,116,133,234
111,143,223,115,130,242
111,143,231,115,128,247
111,143,239,114,126,251
111,143,247,113,123,253
111,143,255,112,120,254
111,151,0,113,182,32
111,151,7,114,182,36
111,151,15,114,181,40
111,151,23,115,180,46
111,151,31,117,179,53
111,151,39,118,178,58
111,151,47,119,178,64
111,151,55,120,177,70
111,151,63,121,177,75
111,151,71,122,176,81
111,151,79,123,176,88
111,151,87,124,175,94
111,151,95,124,174,101
111,151,103,124,174,107
111,151,111,124,173,113
111,151,119,124,172,119
111,151,127,124,170,125
111,151,135,124,169,132
111,151,143,124,167,139
111,151,151,124,166,146
111,151,159,123,164,155
111,151,167,123,162,164
111,151,175,122,160,174
111,151,183,121,157,186
111,151,191,120,154,198
111,151,199,120,151,210
111,151,207,119,147,221
111,151,215,118,143,232
111,151,223,117,140,239
111,151,231,117,137,246
111,151,239,116,134,251
111,151,247,115,131,254
111,151,255,114,128,255
111,159,0,112,194,33
111,159,7,113,194,36
111,159,15,114,193,40
111,159,23,115,192,45
111,159,31,116,191,52
111,159,39,118,190,59
111,159,47,119,190,64
111,159,55,120,190,70
111,159,63,121,189,75
111,159,71,122,189,81
111,159,79,123,188,87
111,159,87,124,188,94
111,159,95,124,187,100
111,159,103,125,186,106
111,159,111,125,185,112
111,159,119,125,184,119
111,159,127,125,183,125
111,159,135,125,182,131
111,159,143,125,180,138
111,159,151,125,179,145
111,159,159,125,177,153
111,159,167,125,175,161
111,159,175,124,173,171
111,159,183,123,170,182
111,159,191,122,167,193
111,159,199,121,163,205
111,159,207,120,159,217
111,159,215,120,155,227
111,159,223,119,151,237
111,159,231,118,147,244
111,159,239,118,143,250
111,159,247,117,140,253
111,159,255,116,136,255
111,167,0,111,206,32
111,167,7,111,205,35
111,167,15,112,205,39
111,167,23,113,204,44
111,167,31,115,203,50
111,167,39,117,202,58
111,167,47,118,202,64
111,167,55,119,201,70
111,167,63,121,201,75
111,167,71,122,201,81
111,167,79,123,200,87
111,167,87,124,200,93
111,167,95,125,199,100
111,167,103,125,199,106
111,167,111,126,198,112
111,167,119,126,197,118
111,167,127,126,196,124
111,167,135,126,194,130
111,167,143,126,193,137
111,167,151,126,192,143
111,167,159,126,190,151
111,167,167,126,188,159
111,167,175,125,186,168
111,167,183,125,183,178
111,167,191,124,180,189
111,167,199,123,177,200
111,167,207,122,172,212
111,167,215,122,168,223
111,167,223,120,162,232
111,167,231,120,158,241
111,167,239,119,153,248
111,167,247,118,150,253
111,167,255,117,146,254
111,175,0,110,215,36
111,175,7,111,215,39
111,175,15,112,215,43
111,175,23,113,215,47
111,175,31,114,214,52
111,175,39,116,214,58
111,175,47,118,213,64
111,175,55,119,213,70
111,175,63,120,213,75
111,175,71,122,212,81
111,175,79,123,212,86
111,175,87,124,212,93
111,175,95,124,211,99
111,175,103,125,211,105
111,175,111,126,210,111
111,175,119,126,209,117
111,175,127,126,208,123
111,175,135,126,207,129
111,175,143,126,206,135
111,175,151,127,205,141
111,175,159,127,203,149
111,175,167,127,202,156
111,175,175,126,200,165
111,175,183,126,197,174
111,175,191,125,194,184
111,175,199,124,191,195
111,175,207,124,187,207
111,175,215,122,181,217
111,175,223,122,176,228
111,175,231,121,170,238
111,175,239,120,165,245
111,175,247,119,160,251
111,175,255,119,156,254
111,183,0,109,223,38
111,183,7,110,223,40
111,183,15,111,223,44
111,183,23,112,223,49
111,183,31,114,223,54
111,183,39,115,223,58
111,183,47,117,223,64
111,183,55,119,223,70
111,183,63,120,223,75
111,183,71,121,223,80
111,183,79,123,223,86
111,183,87,123,222,92
111,183,95,124,222,98
111,183,103,125,221,104
111,183,111,125,221,110
111,183,119,125,220,115
111,183,127,126,219,121
111,183,135,126,218,127
111,183,143,127,218,134
111,183,151,127,217,140
111,183,159,127,215,146
111,183,167,127,214,153
111,183,175,127,212,161
111,183,183,127,210,170
111,183,191,126,208,179
111,183,199,125,205,189
111,183,207,124,201,201
111,183,215,124,196,212
111,183,223,123,190,223
111,183,231,122,184,233
111,183,239,121,178,242
111,183,247,121,173,249
111,183,255,120,167,253
111,191,0,108,231,39
111,191,7,109,231,41
111,191,15,110,231,44
111,191,23,111,231,48
111,191,31,113,231,54
111,191,39,115,231,60
111,191,47,116,231,64
111,191,55,118,231,69
111,191,63,120,231,75
111,191,71,121,231,80
111,191,79,122,231,85
111,191,87,123,231,91
111,191,95,123,231,97
111,191,103,124,230,102
111,191,111,125,230,108
111,191,119,126,230,114
111,191,127,126,229,119
111,191,135,126,228,125
111,191,143,126,227,131
111,191,151,127,226,137
111,191,159,127,225,144
111,191,167,128,225,151
111,191,175,127,223,158
111,191,183,127,222,165
111,191,191,126,220,174
111,191,199,126,217,184
111,191,207,126,214,195
111,191,215,124,210,206
111,191,223,123,205,217
111,191,231,123,199,228
111,191,239,123,193,238
111,191,247,122,187,248
111,191,255,121,181,253
111,199,0,108,237,40
111,199,7,108,237,42
111,199,15,109,237,45
111,199,23,110,237,48
111,199,31,112,238,53
111,199,39,114,238,59
111,199,47,116,239,65
111,199,55,117,239,69
111,199,63,119,239,74
111,199,71,120,239,80
111,199,79,121,239,84
111,199,87,122,239,90
111,199,95,123,238,95
111,199,103,123,238,101
111,199,111,124,238,106
111,199,119,125,237,112
111,199,127,125,237,117
111,199,135,126,237,123
111,199,143,126,236,129
111,199,151,126,235,135
111,199,159,127,234,141
111,199,167,127,233,147
111,199,175,127,233,154
111,199,183,127,232,161
111,199,191,127,231,169
111,199,199,126,229,178
111,199,207,125,226,188
111,199,215,125,223,199
111,199,223,125,219,211
111,199,231,124,214,222
111,199,239,123,208,233
111,199,247,123,202,244
111,199,255,123,196,252
111,207,0,106,241,41
111,207,7,107,241,44
111,207,15,108,242,46
111,207,23,109,242,49
111,207,31,110,242,53
111,207,39,112,243,58
111,207,47,114,243,63
111,207,55,116,244,69
111,207,63,118,244,73
111,207,71,119,244,78
111,207,79,120,244,83
111,207,87,121,245,88
111,207,95,123,245,94
111,207,103,123,245,99
111,207,111,123,244,104
111,207,119,124,244,109
111,207,127,124,243,115
111,207,135,125,243,120
111,207,143,125,243,126
111,207,151,126,242,132
111,207,159,127,242,138
111,207,167,127,242,144
111,207,175,127,241,150
111,207,183,127,240,157
111,207,191,126,239,164
111,207,199,126,239,172
111,207,207,126,238,182
111,207,215,125,234,192
111,207,223,124,231,203
111,207,231,124,227,215
111,207,239,124,223,228
111,207,247,124,217,241
111,207,255,123,211,249
111,215,0,105,245,43
111,215,7,106,246,45
111,215,15,107,246,48
111,215,23,108,246,51
111,215,31,110,246,55
111,215,39,111,246,58
111,215,47,113,247,63
111,215,55,115,247,68
111,215,63,117,248,73
111,215,71,118,248,77
111,215,79,119,248,82
111,215,87,120,248,87
111,215,95,121,248,92
111,215,103,122,249,97
111,215,111,122,249,102
111,215,119,123,249,107
111,215,127,124,249,112
111,215,135,124,248,118
111,215,143,124,248,123
111,215,151,125,248,128
111,215,159,125,247,134
111,215,167,126,247,140
111,215,175,126,247,146
111,215,183,127,247,153
111,215,191,126,246,160
111,215,199,126,245,167
111,215,207,125,244,176
111,215,215,125,243,186
111,215,223,125,241,197
111,215,231,124,238,209
111,215,239,124,235,221
111,215,247,124,231,235
111,215,255,125,226,248
111,223,0,104,249,43
111,223,7,104,249,45
111,223,15,105,249,47
111,223,23,107,249,51
111,223,31,108,249,55
111,223,39,110,249,59
111,223,47,112,250,63
111,223,55,113,250,67
111,223,63,115,250,72
111,223,71,117,251,76
111,223,79,118,251,80
111,223,87,119,251,85
111,223,95,119,251,90
111,223,103,120,251,94
111,223,111,121,251,99
111,223,119,121,251,104
111,223,127,122,251,109
111,223,135,123,251,114
111,223,143,124,251,120
111,223,151,124,251,125
111,223,159,124,251,130
111,223,167,125,251,136
111,223,175,125,251,142
111,223,183,125,251,148
111,223,191,125,251,155
111,223,199,126,251,163
111,223,207,125,250,171
111,223,215,124,249,180
111,223,223,124,248,190
111,223,231,124,246,202
111,223,239,124,244,216
111,223,247,124,242,229
111,223,255,124,238,242
111,231,0,102,251,45
111,231,7,103,251,46
111,231,15,104,251,48
111,231,23,105,251,50
111,231,31,106,251,54
111,231,39,108,252,58
111,231,47,110,252,63
111,231,55,112,252,66
111,231,63,113,252,70
111,231,71,115,252,74
111,231,79,116,252,79
111,231,87,117,253,83
111,231,95,118,253,88
111,231,103,119,253,92
111,231,111,119,253,97
111,231,119,120,253,102
111,231,127,121,253,106
111,231,135,121,253,111
111,231,143,122,253,116
111,231,151,122,253,121
111,231,159,123,253,127
111,231,167,124,253,133
111,231,175,124,253,138
111,231,183,124,253,144
111,231,191,124,253,151
111,231,199,124,253,158
111,231,207,124,253,166
111,231,215,124,253,175
111,231,223,124,252,185
111,231,231,123,251,196
111,231,239,123,250,208
111,231,247,123,249,223
111,231,255,124,247,237
111,239,0,102,253,47
111,239,7,102,253,48
111,239,15,103,253,49
111,239,23,104,253,51
111,239,31,105,253,54
111,239,39,106,253,57
111,239,47,108,253,61
111,239,55,110,253,65
111,239,63,111,253,69
111,239,71,113,254,73
111,239,79,114,254,77
111,239,87,115,254,81
111,239,95,116,254,85
111,239,103,117,254,90
111,239,111,118,254,94
111,239,119,118,254,99
111,239,127,119,254,104
111,239,135,120,254,108
111,239,143,120,254,113
111,239,151,121,254,118
111,239,159,121,254,123
111,239,167,122,254,129
111,239,175,122,254,134
111,239,183,123,254,140
111,239,191,123,254,147
111,239,199,123,254,154
111,239,207,123,254,161
111,239,215,122,254,169
111,239,223,122,254,179
111,239,231,122,254,190
111,239,239,122,254,202
111,239,247,122,253,216
111,239,255,122,252,229
111,247,0,100,255,47
111,247,7,101,255,49
111,247,15,102,255,51
111,247,23,102,255,52
111,247,31,103,255,54
111,247,39,105,255,57
111,247,47,106,255,60
111,247,55,108,254,64
111,247,63,110,254,68
111,247,71,111,254,71
111,247,79,112,254,75
111,247,87,113,254,80
111,247,95,114,254,84
111,247,103,115,254,88
111,247,111,116,254,92
111,247,119,116,254,96
111,247,127,117,254,101
111,247,135,118,254,105
111,247,143,118,254,110
111,247,151,119,254,115
111,247,159,120,254,120
111,247,167,120,254,125
111,247,175,120,254,131
111,247,183,121,255,137
111,247,191,121,255,143
111,247,199,121,255,149
111,247,207,121,255,157
111,247,215,121,255,165
111,247,223,121,255,174
111,247,231,120,255,185
111,247,239,120,255,197
111,247,247,121,255,209
111,247,255,122,255,221
111,255,0,98,255,46
111,255,7,99,255,48
111,255,15,100,255,49
111,255,23,101,255,52
111,255,31,102,255,55
111,255,39,103,255,57
111,255,47,104,255,59
111,255,55,106,255,63
111,255,63,107,255,66
111,255,71,109,255,70
111,255,79,110,255,74
111,255,87,112,255,78
111,255,95,113,255,83
111,255,103,114,255,86
111,255,111,115,255,91
111,255,119,116,255,95
111,255,127,116,255,99
111,255,135,117,255,103
111,255,143,117,255,108
111,255,151,118,255,113
111,255,159,118,255,118
111,255,167,119,255,123
111,255,175,120,255,129
111,255,183,120,255,134
111,255,191,120,255,140
111,255,199,120,255,146
111,255,207,120,255,153
111,255,215,120,255,161
111,255,223,120,255,170
111,255,231,120,255,180
111,255,239,120,255,191
111,255,247,120,255,203
111,255,255,120,255,214
119,0,0,113,2,18
119,0,7,113,2,26
119,0,15,114,3,35
119,0,23,114,3,44
119,0,31,114,4,54
119,0,39,114,4,63
119,0,47,113,5,72
119,0,55,112,5,80
119,0,63,112,6,89
119,0,71,111,7,99
119,0,79,110,7,109
119,0,87,109,8,119
119,0,95,107,9,131
119,0,103,106,10,143
119,0,111,105,11,155
119,0,119,102,11,169
119,0,127,100,12,183
119,0,135,97,12,198
119,0,143,94,13,210
119,0,151,91,15,219
119,0,159,88,16,226
119,0,167,86,18,230
119,0,175,83,20,233
119,0,183,81,22,236
119,0,191,78,25,238
119,0,199,76,26,241
119,0,207,74,27,243
119,0,215,72,28,245
119,0,223,70,29,247
119,0,231,68,31,249
119,0,239,67,33,251
119,0,247,65,34,252
119,0,255,64,35,254
119,7,0,113,4,17
119,7,7,113,4,25
119,7,15,114,5,35
119,7,23,114,5,44
119,7,31,114,6,53
119,7,39,114,6,62
119,7,47,113,7,71
119,7,55,112,7,79
119,7,63,112,8,88
119,7,71,111,9,98
119,7,79,110,10,107
119,7,87,109,11,118
119,7,95,108,11,129
119,7,103,106,12,141
119,7,111,105,13,153
119,7,119,103,14,166
119,7,127,101,14,180
119,7,135,98,15,195
119,7,143,95,16,208
119,7,151,93,18,217
119,7,159,90,19,224
119,7,167,87,21,228
119,7,175,85,23,232
119,7,183,82,26,235
119,7,191,80,28,238
119,7,199,78,30,240
119,7,207,76,31,243
119,7,215,73,31,245
119,7,223,72,32,247
119,7,231,70,34,249
119,7,239,68,35,251
119,7,247,67,37,252
119,7,255,65,38,254
119,15,0,113,7,17
119,15,7,113,8,25
119,15,15,114,8,34
119,15,23,114,9,44
119,15,31,114,9,52
119,15,39,114,10,61
119,15,47,113,10,69
119,15,55,112,11,78
119,15,63,112,11,87
119,15,71,111,12,96
119,15,79,110,13,105
119,15,87,109,14,116
119,15,95,108,15,127
119,15,103,107,15,139
119,15,111,106,16,150
119,15,119,104,17,163
119,15,127,102,18,177
119,15,135,99,19,191
119,15,143,97,20,205
119,15,151,94,22,214
119,15,159,92,23,222
119,15,167,89,25,227
119,15,175,86,27,231
119,15,183,84,29,235
119,15,191,82,32,238
119,15,199,80,34,240
119,15,207,78,35,242
119,15,215,76,35,245
119,15,223,74,36,247
119,15,231,72,37,249
119,15,239,70,38,251
119,15,247,69,40,252
119,15,255,67,41,253
119,23,0,113,13,18
119,23,7,113,14,25
119,23,15,114,14,34
119,23,23,114,14,43
119,23,31,114,15,51
119,23,39,114,15,60
119,23,47,114,15,68
119,23,55,113,16,76
119,23,63,112,16,85
119,23,71,112,17,94
119,23,79,111,18,104
119,23,87,110,18,114
119,23,95,109,19,124
119,23,103,108,20,135
119,23,111,107,21,147
119,23,119,105,21,160
119,23,127,103,22,173
119,23,135,101,23,186
119,23,143,99,24,200
119,23,151,96,27,210
119,23,159,94,29,218
119,23,167,91,31,224
119,23,175,89,33,229
119,23,183,86,35,233
119,23,191,84,36,237
119,23,199,82,39,240
119,23,207,81,40,242
119,23,215,78,41,245
119,23,223,77,41,247
119,23,231,75,41,249
119,23,239,73,42,251
119,23,247,71,43,252
119,23,255,70,45,253
119,31,0,113,21,19
119,31,7,113,21,25
119,31,15,114,21,33
119,31,23,115,21,42
119,31,31,115,22,50
119,31,39,115,22,58
119,31,47,114,22,66
119,31,55,114,22,74
119,31,63,113,23,83
119,31,71,112,23,92
119,31,79,112,24,101
119,31,87,111,24,111
119,31,95,110,25,121
119,31,103,109,26,132
119,31,111,108,26,143
119,31,119,107,27,155
119,31,127,105,27,168
119,31,135,103,28,181
119,31,143,101,30,194
119,31,151,98,32,206
119,31,159,96,34,215
119,31,167,94,37,222
119,31,175,91,39,227
119,31,183,89,41,232
119,31,191,87,42,236
119,31,199,85,44,240
119,31,207,83,45,243
119,31,215,82,46,245
119,31,223,80,47,247
119,31,231,78,47,249
119,31,239,76,47,251
119,31,247,74,47,252
119,31,255,73,49,253
119,39,0,113,29,19
119,39,7,114,29,26
119,39,15,115,29,33
119,39,23,115,29,41
119,39,31,116,30,49
119,39,39,115,30,57
119,39,47,115,30,65
119,39,55,115,30,73
119,39,63,114,30,81
119,39,71,114,31,90
119,39,79,113,31,99
119,39,87,112,31,108
119,39,95,111,32,118
119,39,103,110,32,129
119,39,111,109,32,139
119,39,119,108,33,151
119,39,127,106,33,163
119,39,135,105,34,176
119,39,143,103,36,189
119,39,151,101,37,201
119,39,159,98,40,211
119,39,167,96,42,219
119,39,175,94,45,225
119,39,183,92,47,231
119,39,191,90,49,235
119,39,199,88,50,239
119,39,207,87,51,243
119,39,215,85,51,245
119,39,223,83,52,248
119,39,231,82,53,249
119,39,239,80,52,251
119,39,247,78,52,252
119,39,255,77,53,253
119,47,0,114,39,20
119,47,7,115,39,26
119,47,15,116,39,33
119,47,23,116,39,41
119,47,31,116,39,48
119,47,39,116,39,56
119,47,47,116,39,63
119,47,55,116,39,71
119,47,63,115,39,79
119,47,71,115,39,87
119,47,79,114,39,96
119,47,87,113,39,105
119,47,95,112,39,115
119,47,103,112,39,125
119,47,111,111,39,135
119,47,119,109,40,147
119,47,127,108,40,158
119,47,135,106,40,171
119,47,143,105,42,184
119,47,151,103,43,196
119,47,159,101,45,207
119,47,167,99,47,216
119,47,175,97,50,223
119,47,183,95,52,229
119,47,191,93,54,235
119,47,199,92,55,239
119,47,207,90,56,243
119,47,215,88,57,246
119,47,223,87,57,248
119,47,231,85,57,250
119,47,239,84,58,251
119,47,247,82,58,252
119,47,255,80,58,253
119,55,0,115,48,21
119,55,7,116,48,27
119,55,15,116,48,34
119,55,23,117,48,40
119,55,31,117,48,48
119,55,39,117,48,55
119,55,47,117,48,62
119,55,55,116,48,69
119,55,63,116,48,77
119,55,71,115,48,85
119,55,79,115,47,94
119,55,87,114,47,102
119,55,95,113,47,112
119,55,103,112,47,121
119,55,111,112,47,131
119,55,119,111,47,142
119,55,127,110,47,153
119,55,135,108,47,166
119,55,143,107,48,179
119,55,151,105,49,191
119,55,159,103,51,203
119,55,167,102,53,213
119,55,175,100,55,222
119,55,183,98,57,228
119,55,191,96,58,234
119,55,199,95,60,239
119,55,207,93,61,243
119,55,215,92,62,246
119,55,223,90,62,249
119,55,231,89,62,251
119,55,239,87,62,252
119,55,247,86,62,253
119,55,255,84,62,253
119,63,0,116,59,22
119,63,7,116,58,28
119,63,15,117,58,34
119,63,23,118,58,41
119,63,31,118,58,48
119,63,39,118,57,54
119,63,47,118,57,61
119,63,55,117,57,68
119,63,63,117,57,76
119,63,71,116,56,83
119,63,79,115,56,92
119,63,87,115,56,100
119,63,95,114,55,109
119,63,103,113,55,118
119,63,111,113,55,128
119,63,119,112,54,138
119,63,127,111,54,149
119,63,135,110,54,161
119,63,143,108,55,174
119,63,151,107,56,187
119,63,159,106,57,199
119,63,167,104,58,210
119,63,175,102,60,219
119,63,183,101,62,227
119,63,191,100,63,233
119,63,199,98,65,239
119,63,207,97,66,243
119,63,215,95,66,246
119,63,223,94,66,249
119,63,231,92,67,251
119,63,239,91,67,252
119,63,247,89,66,253
119,63,255,88,66,254
119,71,0,117,69,23
119,71,7,117,68,28
119,71,15,118,68,34
119,71,23,118,68,41
119,71,31,119,67,48
119,71,39,119,67,54
119,71,47,118,67,61
119,71,55,118,66,68
119,71,63,117,66,75
119,71,71,117,66,82
119,71,79,116,65,90
119,71,87,115,65,98
119,71,95,115,64,106
119,71,103,114,64,115
119,71,111,113,63,124
119,71,119,113,63,134
119,71,127,112,62,144
119,71,135,111,62,156
119,71,143,110,62,169
119,71,151,109,63,182
119,71,159,108,63,194
119,71,167,106,64,206
119,71,175,105,66,216
119,71,183,104,67,225
119,71,191,103,69,232
119,71,199,101,70,238
119,71,207,100,71,242
119,71,215,99,71,246
119,71,223,97,71,249
119,71,231,96,71,251
119,71,239,94,71,253
119,71,247,93,70,253
119,71,255,91,70,254
119,79,0,118,79,23
119,79,7,118,79,28
119,79,15,119,78,34
119,79,23,120,78,42
119,79,31,120,77,48
119,79,39,120,77,55
119,79,47,119,77,61
119,79,55,119,77,67
119,79,63,118,76,74
119,79,71,117,76,81
119,79,79,117,75,89
119,79,87,116,74,96
119,79,95,116,74,104
119,79,103,115,73,113
119,79,111,114,73,121
119,79,119,114,72,130
119,79,127,113,71,141
119,79,135,113,71,151
119,79,143,112,70,163
119,79,151,111,71,176
119,79,159,110,71,189
119,79,167,109,71,202
119,79,175,108,72,214
119,79,183,106,73,222
119,79,191,105,74,230
119,79,199,104,75,236
119,79,207,103,76,242
119,79,215,102,76,246
119,79,223,100,76,249
119,79,231,99,76,251
119,79,239,98,75,253
119,79,247,96,74,254
119,79,255,95,73,254
119,87,0,119,90,25
119,87,7,119,89,30
119,87,15,120,89,35
119,87,23,120,88,42
119,87,31,121,88,49
119,87,39,120,88,55
119,87,47,120,87,61
119,87,55,120,87,67
119,87,63,119,86,74
119,87,71,119,86,81
119,87,79,118,85,88
119,87,87,117,85,95
119,87,95,117,84,103
119,87,103,116,83,111
119,87,111,116,83,119
119,87,119,115,82,128
119,87,127,115,81,137
119,87,135,114,80,147
119,87,143,114,80,159
119,87,151,113,79,171
119,87,159,112,79,184
119,87,167,111,79,197
119,87,175,110,79,209
119,87,183,109,80,220
119,87,191,108,80,228
119,87,199,107,81,235
119,87,207,106,81,241
119,87,215,105,82,246
119,87,223,104,81,249
119,87,231,102,81,251
119,87,239,101,80,253
119,87,247,99,79,253
119,87,255,98,77,254
119,95,0,120,100,27
119,95,7,120,100,32
119,95,15,121,100,37
119,95,23,121,99,42
119,95,31,122,99,49
119,95,39,122,98,55
119,95,47,121,98,61
119,95,55,121,97,67
119,95,63,121,97,74
119,95,71,120,96,81
119,95,79,120,96,88
119,95,87,119,95,95
119,95,95,118,94,102
119,95,103,118,94,110
119,95,111,118,93,117
119,95,119,117,92,125
119,95,127,117,91,134
119,95,135,116,90,144
119,95,143,116,90,155
119,95,151,115,89,167
119,95,159,114,88,179
119,95,167,113,88,192
119,95,175,112,87,205
119,95,183,111,87,216
119,95,191,110,87,225
119,95,199,110,87,233
119,95,207,109,87,239
119,95,215,108,87,244
119,95,223,106,87,248
119,95,231,105,86,250
119,95,239,104,85,252
119,95,247,102,84,253
119,95,255,101,82,253
119,103,0,121,111,28
119,103,7,121,111,33
119,103,15,122,110,39
119,103,23,122,110,44
119,103,31,123,109,50
119,103,39,123,109,56
119,103,47,123,109,62
119,103,55,122,108,68
119,103,63,122,108,74
119,103,71,122,107,81
119,103,79,121,107,88
119,103,87,121,106,95
119,103,95,120,105,102
119,103,103,120,104,109
119,103,111,119,104,116
119,103,119,119,103,124
119,103,127,119,102,132
119,103,135,118,101,141
119,103,143,118,100,151
119,103,151,117,99,162
119,103,159,116,98,175
119,103,167,115,97,187
119,103,175,114,96,200
119,103,183,114,95,212
119,103,191,113,95,222
119,103,199,112,94,231
119,103,207,111,94,238
119,103,215,110,94,243
119,103,223,109,93,247
119,103,231,108,92,250
119,103,239,107,91,252
119,103,247,105,90,253
119,103,255,104,88,253
119,111,0,120,121,29
119,111,7,121,121,33
119,111,15,122,121,38
119,111,23,123,121,46
119,111,31,124,120,51
119,111,39,124,120,57
119,111,47,124,119,63
119,111,55,124,119,68
119,111,63,124,119,75
119,111,71,123,118,81
119,111,79,123,117,88
119,111,87,123,117,95
119,111,95,122,116,102
119,111,103,122,115,109
119,111,111,121,114,116
119,111,119,121,113,123
119,111,127,121,112,130
119,111,135,120,111,139
119,111,143,120,110,148
119,111,151,119,109,159
119,111,159,119,108,170
119,111,167,118,106,183
119,111,175,117,105,196
119,111,183,116,104,208
119,111,191,115,103,219
119,111,199,114,102,229
119,111,207,114,101,236
119,111,215,113,100,243
119,111,223,112,99,246
119,111,231,111,98,249
119,111,239,110,97,251
119,111,247,108,96,252
119,111,255,107,95,253
119,119,0,121,132,29
119,119,7,121,132,33
119,119,15,122,132,38
119,119,23,123,131,45
119,119,31,124,131,52
119,119,39,124,130,57
119,119,47,125,130,63
119,119,55,125,130,69
119,119,63,125,129,75
119,119,71,125,129,82
119,119,79,125,128,88
119,119,87,125,127,95
119,119,95,124,127,102
119,119,103,124,126,108
119,119,111,124,125,115
119,119,119,123,124,122
119,119,127,123,123,129
119,119,135,122,122,137
119,119,143,122,121,146
119,119,151,122,119,155
119,119,159,121,118,166
119,119,167,120,116,179
119,119,175,119,114,191
119,119,183,118,113,203
119,119,191,117,111,215
119,119,199,117,110,225
119,119,207,116,109,234
119,119,215,115,108,240
119,119,223,114,106,246
119,119,231,113,105,249
119,119,239,112,104,251
119,119,247,111,102,252
119,119,255,109,101,253
119,127,0,121,143,29
119,127,7,122,143,34
119,127,15,122,142,38
119,127,23,123,142,44
119,127,31,124,141,52
119,127,39,125,141,59
119,127,47,125,140,64
119,127,55,126,140,70
119,127,63,126,140,76
119,127,71,126,139,82
119,127,79,126,139,89
119,127,87,126,138,95
119,127,95,126,137,102
119,127,103,126,136,108
119,127,111,126,136,115
119,127,119,125,134,121
119,127,127,125,133,128
119,127,135,124,132,136
119,127,143,124,131,143
119,127,151,124,130,153
119,127,159,123,128,163
119,127,167,122,127,174
119,127,175,121,125,187
119,127,183,121,123,199
119,127,191,120,121,211
119,127,199,119,119,221
119,127,207,118,117,231
119,127,215,117,115,239
119,127,223,116,114,244
119,127,231,116,112,249
119,127,239,114,111,251
119,127,247,114,109,253
119,127,255,112,107,253
119,135,0,121,154,31
119,135,7,122,153,36
119,135,15,123,153,42
119,135,23,123,152,46
119,135,31,124,152,52
119,135,39,125,151,59
119,135,47,126,151,65
119,135,55,126,150,70
119,135,63,127,150,76
119,135,71,127,150,82
119,135,79,128,149,89
119,135,87,128,149,95
119,135,95,128,148,102
119,135,103,128,147,108
119,135,111,128,146,115
119,135,119,127,145,121
119,135,127,127,144,128
119,135,135,126,143,135
119,135,143,126,142,142
119,135,151,126,140,151
119,135,159,125,139,160
119,135,167,125,137,171
119,135,175,124,135,182
119,135,183,123,133,194
119,135,191,122,130,206
119,135,199,121,128,218
119,135,207,120,126,228
119,135,215,120,124,237
119,135,223,119,122,243
119,135,231,118,120,248
119,135,239,117,118,252
119,135,247,115,116,253
119,135,255,114,114,254
119,143,0,121,165,31
119,143,7,121,165,36
119,143,15,122,164,41
119,143,23,123,163,48
119,143,31,124,163,53
119,143,39,125,163,59
119,143,47,126,162,65
119,143,55,127,162,71
119,143,63,128,161,76
119,143,71,128,161,83
119,143,79,129,160,89
119,143,87,129,160,95
119,143,95,130,159,102
119,143,103,129,158,108
119,143,111,129,157,114
119,143,119,129,156,121
119,143,127,129,155,127
119,143,135,129,154,134
119,143,143,128,153,141
119,143,151,128,151,149
119,143,159,127,150,158
119,143,167,127,148,167
119,143,175,126,146,179
119,143,183,125,143,190
119,143,191,124,141,202
119,143,199,123,138,214
119,143,207,123,135,225
119,143,215,122,132,234
119,143,223,121,130,242
119,143,231,120,128,247
119,143,239,119,126,251
119,143,247,118,123,254
119,143,255,117,121,254
119,151,0,120,178,32
119,151,7,121,177,36
119,151,15,122,176,41
119,151,23,123,176,47
119,151,31,124,175,55
119,151,39,125,174,59
119,151,47,126,174,65
119,151,55,127,173,71
119,151,63,128,173,77
119,151,71,129,173,83
119,151,79,129,172,89
119,151,87,130,172,96
119,151,95,130,171,102
119,151,103,131,170,108
119,151,111,131,169,114
119,151,119,131,168,120
119,151,127,131,167,127
119,151,135,130,165,133
119,151,143,130,164,140
119,151,151,130,163,147
119,151,159,129,161,156
119,151,167,129,159,165
119,151,175,128,158,175
119,151,183,127,155,186
119,151,191,126,152,198
119,151,199,126,149,210
119,151,207,125,146,221
119,151,215,124,142,231
119,151,223,123,139,239
119,151,231,122,137,246
119,151,239,121,134,251
119,151,247,120,131,254
119,151,255,119,128,255
119,159,0,119,189,33
119,159,7,120,189,37
119,159,15,121,189,40
119,159,23,122,188,46
119,159,31,123,187,53
119,159,39,124,186,60
119,159,47,125,186,65
119,159,55,127,185,71
119,159,63,128,185,77
119,159,71,129,185,83
119,159,79,130,184,89
119,159,87,130,184,95
119,159,95,131,183,102
119,159,103,131,182,108
119,159,111,132,181,114
119,159,119,131,180,120
119,159,127,131,179,126
119,159,135,131,178,132
119,159,143,131,176,139
119,159,151,132,175,146
119,159,159,131,174,154
119,159,167,130,172,162
119,159,175,130,170,172
119,159,183,129,167,183
119,159,191,128,165,194
119,159,199,127,161,205
119,159,207,127,158,217
119,159,215,126,154,227
119,159,223,125,150,237
119,159,231,124,146,244
119,159,239,123,143,250
119,159,247,122,140,253
119,159,255,121,136,255
119,167,0,118,201,34
119,167,7,118,200,37
119,167,15,119,200,41
119,167,23,120,199,45
119,167,31,122,199,51
119,167,39,123,198,59
119,167,47,125,197,66
119,167,55,126,197,71
119,167,63,128,197,77
119,167,71,129,197,83
119,167,79,130,196,89
119,167,87,130,196,95
119,167,95,131,195,101
119,167,103,131,195,107
119,167,111,132,194,113
119,167,119,132,193,119
119,167,127,133,192,126
119,167,135,133,191,132
119,167,143,132,190,138
119,167,151,132,188,145
119,167,159,132,187,152
119,167,167,132,185,160
119,167,175,132,183,169
119,167,183,131,181,179
119,167,191,130,178,190
119,167,199,129,174,201
119,167,207,128,170,212
119,167,215,127,166,224
119,167,223,126,161,233
119,167,231,126,157,242
119,167,239,125,153,248
119,167,247,124,150,253
119,167,255,123,146,254
119,175,0,117,211,37
119,175,7,118,211,40
119,175,15,118,210,44
119,175,23,120,210,49
119,175,31,121,210,54
119,175,39,122,210,59
119,175,47,124,209,65
119,175,55,126,209,71
119,175,63,127,209,77
119,175,71,128,209,82
119,175,79,129,208,88
119,175,87,130,208,95
119,175,95,131,208,101
119,175,103,132,207,107
119,175,111,132,206,113
119,175,119,132,205,119
119,175,127,133,204,125
119,175,135,133,203,131
119,175,143,133,202,137
119,175,151,133,201,144
119,175,159,133,200,151
119,175,167,133,198,158
119,175,175,133,197,166
119,175,183,132,194,175
119,175,191,132,192,186
119,175,199,131,188,196
119,175,207,130,185,208
119,175,215,129,180,218
119,175,223,128,175,229
119,175,231,127,169,238
119,175,239,126,164,246
119,175,247,125,160,251
119,175,255,124,156,255
119,183,0,116,220,38
119,183,7,116,220,41
119,183,15,117,220,44
119,183,23,119,220,49
119,183,31,120,220,55
119,183,39,122,220,60
119,183,47,123,220,65
119,183,55,125,220,71
119,183,63,127,220,77
119,183,71,128,219,82
119,183,79,129,219,88
119,183,87,130,219,94
119,183,95,131,219,100
119,183,103,131,218,106
119,183,111,132,217,112
119,183,119,132,217,118
119,183,127,133,216,124
119,183,135,133,215,130
119,183,143,133,214,136
119,183,151,133,213,142
119,183,159,133,212,148
119,183,167,134,211,156
119,183,175,134,209,163
119,183,183,133,207,172
119,183,191,132,205,181
119,183,199,132,202,191
119,183,207,131,198,202
119,183,215,130,194,214
119,183,223,129,188,224
119,183,231,128,183,234
119,183,239,128,177,243
119,183,247,127,172,249
119,183,255,125,167,253
119,191,0,114,228,39
119,191,7,115,228,41
119,191,15,116,228,44
119,191,23,117,228,49
119,191,31,119,228,54
119,191,39,121,229,61
119,191,47,122,229,65
119,191,55,124,229,71
119,191,63,126,229,76
119,191,71,127,229,82
119,191,79,128,229,88
119,191,87,130,229,93
119,191,95,130,228,99
119,191,103,131,228,105
119,191,111,132,227,111
119,191,119,132,226,116
119,191,127,132,226,122
119,191,135,133,225,128
119,191,143,133,224,134
119,191,151,134,223,140
119,191,159,134,223,147
119,191,167,134,222,153
119,191,175,134,220,160
119,191,183,134,219,168
119,191,191,133,217,177
119,191,199,133,215,186
119,191,207,132,212,196
119,191,215,131,208,207
119,191,223,130,203,218
119,191,231,130,197,229
119,191,239,129,192,239
119,191,247,128,186,248
119,191,255,128,180,253
119,199,0,113,235,41
119,199,7,114,235,43
119,199,15,115,235,45
119,199,23,116,235,49
119,199,31,118,236,54
119,199,39,120,236,59
119,199,47,122,236,66
119,199,55,123,237,71
119,199,63,125,237,76
119,199,71,127,237,81
119,199,79,128,237,86
119,199,87,129,237,92
119,199,95,130,236,98
119,199,103,130,236,103
119,199,111,131,236,109
119,199,119,132,236,115
119,199,127,132,235,120
119,199,135,133,234,126
119,199,143,133,234,132
119,199,151,133,233,138
119,199,159,133,232,144
119,199,167,134,231,150
119,199,175,134,231,158
119,199,183,134,230,164
119,199,191,133,228,172
119,199,199,133,227,181
119,199,207,132,224,191
119,199,215,132,221,202
119,199,223,131,217,212
119,199,231,130,212,223
119,199,239,130,206,235
119,199,247,129,200,245
119,199,255,128,194,252
119,207,0,112,240,41
119,207,7,113,240,44
119,207,15,114,241,47
119,207,23,115,241,50
119,207,31,116,241,54
119,207,39,118,242,59
119,207,47,120,242,64
119,207,55,123,243,71
119,207,63,124,243,75
119,207,71,126,243,80
119,207,79,127,243,86
119,207,87,128,243,91
119,207,95,129,243,96
119,207,103,130,243,102
119,207,111,130,243,107
119,207,119,131,242,112
119,207,127,131,242,118
119,207,135,132,242,124
119,207,143,133,242,129
119,207,151,133,241,135
119,207,159,133,241,141
119,207,167,133,240,147
119,207,175,133,239,153
119,207,183,134,239,160
119,207,191,134,238,168
119,207,199,133,237,176
119,207,207,133,236,185
119,207,215,132,233,195
119,207,223,131,230,206
119,207,231,131,226,218
119,207,239,130,221,230
119,207,247,130,216,242
119,207,255,129,210,250
119,215,0,110,244,42
119,215,7,111,245,45
119,215,15,112,245,48
119,215,23,114,245,52
119,215,31,116,245,56
119,215,39,117,246,60
119,215,47,119,246,64
119,215,55,121,247,69
119,215,63,123,247,74
119,215,71,124,247,79
119,215,79,126,248,84
119,215,87,127,248,89
119,215,95,128,248,95
119,215,103,129,249,100
119,215,111,130,248,105
119,215,119,130,248,110
119,215,127,131,248,115
119,215,135,131,248,121
119,215,143,131,247,126
119,215,151,132,247,132
119,215,159,133,247,138
119,215,167,133,247,144
119,215,175,133,246,150
119,215,183,133,246,156
119,215,191,133,245,163
119,215,199,133,245,171
119,215,207,133,244,179
119,215,215,132,243,189
119,215,223,131,240,200
119,215,231,131,237,211
119,215,239,130,234,224
119,215,247,131,230,237
119,215,255,131,225,249
119,223,0,109,248,43
119,223,7,110,248,45
119,223,15,111,248,47
119,223,23,112,249,51
119,223,31,114,249,55
119,223,39,116,249,60
119,223,47,117,249,64
119,223,55,119,250,68
119,223,63,121,250,73
119,223,71,123,250,78
119,223,79,124,250,82
119,223,87,125,251,87
119,223,95,126,251,92
119,223,103,127,251,97
119,223,111,128,251,103
119,223,119,129,251,108
119,223,127,130,251,113
119,223,135,130,251,118
119,223,143,131,251,123
119,223,151,131,251,129
119,223,159,131,251,134
119,223,167,132,251,140
119,223,175,132,251,146
119,223,183,133,251,152
119,223,191,133,251,159
119,223,199,132,250,166
119,223,207,132,249,174
119,223,215,131,248,183
119,223,223,131,247,193
119,223,231,131,246,206
119,223,239,130,243,218
119,223,247,130,240,231
119,223,255,130,237,243
119,231,0,107,251,45
119,231,7,108,251,46
119,231,15,109,251,48
119,231,23,110,251,51
119,231,31,112,251,54
119,231,39,114,251,59
119,231,47,116,252,64
119,231,55,118,252,68
119,231,63,119,252,72
119,231,71,121,252,77
119,231,79,123,252,81
119,231,87,124,252,86
119,231,95,125,252,91
119,231,103,126,253,95
119,231,111,126,253,100
119,231,119,127,253,105
119,231,127,128,253,110
119,231,135,129,253,115
119,231,143,129,253,120
119,231,151,130,253,126
119,231,159,131,253,131
119,231,167,131,253,137
119,231,175,131,253,142
119,231,183,131,253,148
119,231,191,131,253,155
119,231,199,131,253,162
119,231,207,131,253,170
119,231,215,131,253,178
119,231,223,130,252,188
119,231,231,130,251,199
119,231,239,130,250,211
119,231,247,130,248,225
119,231,255,130,246,239
119,239,0,106,253,47
119,239,7,107,253,48
119,239,15,108,253,49
119,239,23,109,253,51
119,239,31,110,253,54
119,239,39,112,253,58
119,239,47,114,253,62
119,239,55,116,253,67
119,239,63,117,253,71
119,239,71,119,254,75
119,239,79,121,254,79
119,239,87,122,254,84
119,239,95,123,254,88
119,239,103,124,254,93
119,239,111,125,254,98
119,239,119,126,254,103
119,239,127,126,254,107
119,239,135,127,254,112
119,239,143,127,254,117
119,239,151,128,254,122
119,239,159,128,254,127
119,239,167,129,254,133
119,239,175,130,254,139
119,239,183,130,254,145
119,239,191,130,254,151
119,239,199,130,254,157
119,239,207,129,254,165
119,239,215,129,254,173
119,239,223,130,254,183
119,239,231,129,254,193
119,239,239,129,253,205
119,239,247,129,253,218
119,239,255,129,252,232
119,247,0,105,255,47
119,247,7,105,255,48
119,247,15,106,255,51
119,247,23,107,255,53
119,247,31,109,255,55
119,247,39,110,255,58
119,247,47,111,255,61
119,247,55,113,255,65
119,247,63,116,254,70
119,247,71,117,254,73
119,247,79,118,254,77
119,247,87,120,254,82
119,247,95,121,254,86
119,247,103,122,254,91
119,247,111,123,254,95
119,247,119,124,254,100
119,247,127,125,254,105
119,247,135,125,254,109
119,247,143,126,254,114
119,247,151,126,254,119
119,247,159,127,254,124
119,247,167,127,254,129
119,247,175,127,254,135
119,247,183,128,255,141
119,247,191,128,255,147
119,247,199,128,255,154
119,247,207,128,255,161
119,247,215,128,255,168
119,247,223,127,255,178
119,247,231,127,255,188
119,247,239,127,255,200
119,247,247,128,255,212
119,247,255,128,255,223
119,255,0,103,255,47
119,255,7,104,255,48
119,255,15,105,255,50
119,255,23,106,255,52
119,255,31,107,255,55
119,255,39,109,255,58
119,255,47,110,255,61
119,255,55,111,255,64
119,255,63,113,255,68
119,255,71,115,255,72
119,255,79,116,255,76
119,255,87,118,255,80
119,255,95,119,255,85
119,255,103,120,255,89
119,255,111,121,255,94
119,255,119,122,255,98
119,255,127,123,255,102
119,255,135,124,255,107
119,255,143,124,255,112
119,255,151,125,255,117
119,255,159,126,255,122
119,255,167,126,255,127
119,255,175,126,255,133
119,255,183,126,255,138
119,255,191,126,255,144
119,255,199,126,255,150
119,255,207,127,255,157
119,255,215,127,255,165
119,255,223,126,255,174
119,255,231,126,255,184
119,255,239,126,255,194
119,255,247,126,255,206
119,255,255,126,255,217
127,0,0,121,3,19
127,0,7,122,4,26
127,0,15,122,4,35
127,0,23,123,5,45
127,0,31,123,5,54
127,0,39,122,6,63
127,0,47,122,6,71
127,0,55,121,6,80
127,0,63,120,7,89
127,0,71,119,7,98
127,0,79,118,8,108
127,0,87,117,8,118
127,0,95,116,9,130
127,0,103,115,10,141
127,0,111,113,11,153
127,0,119,112,12,166
127,0,127,110,12,181
127,0,135,107,13,194
127,0,143,104,13,207
127,0,151,101,14,216
127,0,159,98,16,224
127,0,167,95,18,229
127,0,175,92,21,233
127,0,183,89,23,236
127,0,191,86,25,238
127,0,199,83,26,241
127,0,207,81,27,243
127,0,215,78,28,245
127,0,223,76,30,247
127,0,231,74,32,249
127,0,239,72,33,251
127,0,247,71,34,252
127,0,255,69,35,254
127,7,0,121,5,19
127,7,7,121,6,26
127,7,15,122,6,34
127,7,23,123,7,44
127,7,31,123,7,53
127,7,39,122,8,62
127,7,47,122,8,70
127,7,55,121,9,79
127,7,63,120,9,88
127,7,71,119,10,97
127,7,79,118,10,106
127,7,87,117,11,117
127,7,95,116,12,128
127,7,103,115,12,140
127,7,111,114,14,151
127,7,119,112,15,164
127,7,127,110,15,178
127,7,135,108,15,191
127,7,143,105,16,205
127,7,151,102,17,214
127,7,159,99,19,222
127,7,167,96,21,228
127,7,175,93,24,232
127,7,183,90,27,235
127,7,191,88,29,238
127,7,199,85,30,240
127,7,207,83,31,243
127,7,215,80,32,245
127,7,223,78,33,247
127,7,231,76,34,249
127,7,239,74,36,251
127,7,247,72,37,252
127,7,255,71,38,253
127,15,0,121,8,19
127,15,7,121,8,26
127,15,15,122,9,34
127,15,23,122,10,44
127,15,31,122,10,52
127,15,39,122,11,61
127,15,47,122,11,69
127,15,55,121,12,78
127,15,63,120,12,86
127,15,71,120,13,95
127,15,79,119,13,105
127,15,87,118,14,115
127,15,95,117,15,126
127,15,103,116,16,137
127,15,111,114,16,149
127,15,119,113,17,161
127,15,127,111,18,174
127,15,135,109,19,188
127,15,143,106,20,201
127,15,151,104,21,212
127,15,159,101,23,220
127,15,167,98,25,227
127,15,175,95,28,231
127,15,183,92,30,234
127,15,191,90,33,237
127,15,199,87,34,240
127,15,207,84,35,243
127,15,215,82,35,245
127,15,223,80,36,247
127,15,231,78,37,249
127,15,239,76,39,251
127,15,247,74,40,252
127,15,255,73,41,253
127,23,0,121,13,20
127,23,7,122,14,27
127,23,15,122,14,34
127,23,23,123,15,44
127,23,31,123,15,52
127,23,39,122,15,60
127,23,47,122,16,68
127,23,55,121,16,76
127,23,63,121,17,85
127,23,71,120,17,94
127,23,79,119,18,103
127,23,87,118,19,113
127,23,95,117,19,123
127,23,103,116,20,135
127,23,111,115,21,146
127,23,119,114,21,158
127,23,127,112,22,171
127,23,135,110,23,184
127,23,143,108,25,197
127,23,151,105,26,209
127,23,159,102,28,217
127,23,167,100,30,225
127,23,175,97,32,229
127,23,183,94,35,233
127,23,191,92,37,237
127,23,199,89,39,240
127,23,207,87,40,243
127,23,215,85,40,245
127,23,223,82,41,247
127,23,231,80,41,249
127,23,239,78,42,251
127,23,247,76,44,252
127,23,255,75,45,253
127,31,0,121,20,20
127,31,7,122,20,27
127,31,15,122,21,34
127,31,23,123,21,43
127,31,31,123,22,51
127,31,39,123,22,59
127,31,47,123,22,67
127,31,55,122,23,75
127,31,63,121,23,83
127,31,71,121,23,92
127,31,79,120,24,101
127,31,87,119,24,110
127,31,95,118,25,120
127,31,103,117,26,131
127,31,111,116,26,142
127,31,119,115,27,154
127,31,127,113,27,167
127,31,135,112,28,180
127,31,143,109,30,192
127,31,151,107,32,205
127,31,159,105,34,213
127,31,167,102,36,221
127,31,175,99,38,227
127,31,183,97,40,232
127,31,191,94,42,236
127,31,199,92,44,240
127,31,207,90,46,243
127,31,215,88,47,245
127,31,223,85,47,247
127,31,231,83,47,249
127,31,239,81,47,251
127,31,247,79,48,252
127,31,255,78,49,253
127,39,0,121,28,20
127,39,7,122,29,27
127,39,15,123,29,34
127,39,23,124,29,42
127,39,31,124,30,50
127,39,39,124,30,58
127,39,47,123,30,65
127,39,55,123,30,73
127,39,63,122,30,81
127,39,71,122,31,90
127,39,79,121,31,98
127,39,87,120,31,108
127,39,95,119,31,118
127,39,103,118,32,128
127,39,111,118,32,138
127,39,119,116,33,150
127,39,127,115,33,162
127,39,135,113,34,175
127,39,143,111,35,187
127,39,151,109,37,200
127,39,159,107,39,210
127,39,167,104,42,218
127,39,175,102,45,225
127,39,183,99,47,230
127,39,191,97,48,235
127,39,199,95,50,239
127,39,207,93,51,243
127,39,215,91,52,245
127,39,223,89,53,248
127,39,231,87,53,250
127,39,239,85,52,251
127,39,247,83,53,252
127,39,255,81,53,253
127,47,0,122,37,21
127,47,7,123,37,27
127,47,15,124,38,35
127,47,23,124,38,42
127,47,31,125,38,49
127,47,39,125,38,57
127,47,47,124,38,64
127,47,55,124,38,71
127,47,63,123,39,79
127,47,71,122,39,88
127,47,79,122,39,96
127,47,87,121,39,105
127,47,95,120,39,114
127,47,103,119,39,124
127,47,111,119,39,135
127,47,119,118,39,146
127,47,127,116,40,157
127,47,135,115,40,170
127,47,143,114,41,182
127,47,151,111,43,195
127,47,159,109,45,206
127,47,167,107,47,215
127,47,175,104,50,223
127,47,183,102,52,229
127,47,191,100,54,235
127,47,199,98,55,239
127,47,207,96,56,243
127,47,215,94,57,246
127,47,223,92,57,248
127,47,231,90,58,250
127,47,239,88,58,251
127,47,247,87,58,252
127,47,255,85,58,253
127,55,0,123,47,21
127,55,7,124,47,28
127,55,15,125,47,35
127,55,23,125,47,42
127,55,31,125,47,49
127,55,39,125,47,56
127,55,47,125,47,63
127,55,55,124,47,70
127,55,63,124,47,78
127,55,71,123,47,86
127,55,79,122,47,94
127,55,87,122,47,102
127,55,95,121,47,112
127,55,103,120,47,121
127,55,111,119,47,131
127,55,119,119,47,141
127,55,127,118,47,153
127,55,135,116,47,165
127,55,143,115,48,178
127,55,151,113,49,190
127,55,159,111,51,202
127,55,167,109,53,212
127,55,175,107,55,221
127,55,183,105,57,228
127,55,191,103,58,234
127,55,199,101,60,239
127,55,207,99,61,243
127,55,215,97,62,246
127,55,223,95,62,249
127,55,231,94,62,251
127,55,239,92,62,252
127,55,247,90,63,253
127,55,255,89,63,254
127,63,0,124,57,23
127,63,7,124,57,28
127,63,15,125,57,35
127,63,23,126,57,42
127,63,31,126,57,49
127,63,39,126,56,56
127,63,47,125,56,62
127,63,55,125,56,69
127,63,63,124,56,76
127,63,71,124,56,84
127,63,79,123,56,92
127,63,87,122,55,100
127,63,95,121,55,109
127,63,103,121,55,118
127,63,111,120,54,127
127,63,119,119,54,138
127,63,127,119,54,148
127,63,135,118,54,160
127,63,143,116,55,173
127,63,151,115,55,186
127,63,159,113,56,198
127,63,167,112,58,209
127,63,175,110,60,218
127,63,183,108,62,227
127,63,191,106,63,233
127,63,199,104,65,238
127,63,207,102,66,243
127,63,215,100,66,246
127,63,223,99,67,249
127,63,231,97,67,251
127,63,239,95,67,252
127,63,247,94,66,253
127,63,255,92,66,254
127,71,0,124,67,23
127,71,7,125,67,29
127,71,15,125,67,35
127,71,23,126,66,43
127,71,31,126,66,49
127,71,39,126,66,56
127,71,47,126,66,62
127,71,55,125,66,69
127,71,63,125,65,76
127,71,71,124,65,83
127,71,79,123,64,90
127,71,87,123,64,98
127,71,95,122,63,107
127,71,103,121,63,116
127,71,111,121,63,124
127,71,119,120,62,134
127,71,127,120,62,144
127,71,135,119,62,156
127,71,143,118,62,168
127,71,151,117,62,181
127,71,159,116,63,194
127,71,167,114,64,206
127,71,175,112,65,216
127,71,183,110,67,224
127,71,191,109,69,232
127,71,199,107,70,237
127,71,207,105,71,243
127,71,215,104,71,246
127,71,223,102,71,249
127,71,231,100,71,251
127,71,239,99,71,252
127,71,247,97,70,253
127,71,255,95,70,254
127,79,0,125,77,24
127,79,7,126,77,29
127,79,15,126,77,35
127,79,23,127,76,42
127,79,31,127,76,49
127,79,39,127,76,55
127,79,47,127,76,62
127,79,55,126,75,68
127,79,63,125,75,75
127,79,71,125,75,82
127,79,79,124,74,89
127,79,87,123,74,97
127,79,95,123,73,105
127,79,103,122,72,113
127,79,111,122,72,121
127,79,119,121,71,131
127,79,127,121,71,140
127,79,135,120,70,151
127,79,143,120,70,163
127,79,151,119,70,176
127,79,159,117,70,189
127,79,167,116,71,201
127,79,175,114,72,213
127,79,183,113,73,222
127,79,191,111,74,230
127,79,199,110,75,236
127,79,207,108,76,242
127,79,215,107,76,246
127,79,223,105,76,249
127,79,231,104,76,251
127,79,239,102,75,253
127,79,247,100,75,254
127,79,255,99,74,254
127,87,0,126,87,25
127,87,7,127,87,31
127,87,15,127,87,36
127,87,23,128,86,42
127,87,31,128,86,50
127,87,39,128,86,56
127,87,47,128,86,62
127,87,55,127,85,68
127,87,63,126,85,75
127,87,71,126,85,82
127,87,79,125,84,89
127,87,87,125,84,96
127,87,95,124,83,104
127,87,103,123,82,111
127,87,111,123,82,120
127,87,119,123,81,128
127,87,127,122,81,137
127,87,135,122,80,147
127,87,143,121,79,159
127,87,151,120,79,171
127,87,159,119,79,184
127,87,167,118,78,197
127,87,175,117,79,209
127,87,183,115,79,220
127,87,191,114,80,227
127,87,199,113,81,235
127,87,207,111,81,240
127,87,215,110,82,245
127,87,223,108,81,249
127,87,231,107,81,251
127,87,239,105,80,253
127,87,247,104,79,253
127,87,255,102,78,254
127,95,0,127,97,27
127,95,7,128,97,32
127,95,15,128,97,38
127,95,23,129,97,44
127,95,31,129,97,50
127,95,39,129,96,56
127,95,47,129,96,62
127,95,55,128,96,68
127,95,63,128,96,75
127,95,71,127,95,81
127,95,79,127,94,88
127,95,87,126,94,95
127,95,95,125,93,103
127,95,103,125,93,110
127,95,111,124,92,118
127,95,119,124,91,126
127,95,127,124,90,135
127,95,135,123,90,144
127,95,143,123,89,155
127,95,151,122,88,166
127,95,159,121,88,179
127,95,167,120,87,192
127,95,175,119,87,204
127,95,183,118,87,215
127,95,191,117,87,225
127,95,199,115,87,233
127,95,207,114,87,239
127,95,215,113,87,244
127,95,223,111,87,248
127,95,231,110,86,251
127,95,239,108,86,252
127,95,247,107,84,253
127,95,255,105,82,253
127,103,0,128,108,28
127,103,7,129,108,33
127,103,15,129,108,39
127,103,23,130,107,45
127,103,31,130,107,51
127,103,39,130,107,57
127,103,47,130,107,63
127,103,55,129,106,69
127,103,63,129,106,75
127,103,71,129,106,82
127,103,79,128,105,88
127,103,87,128,104,95
127,103,95,127,104,102
127,103,103,126,103,109
127,103,111,126,102,117
127,103,119,126,101,124
127,103,127,126,101,132
127,103,135,125,100,141
127,103,143,125,99,151
127,103,151,124,98,162
127,103,159,123,97,175
127,103,167,122,96,187
127,103,175,121,95,200
127,103,183,120,95,212
127,103,191,119,94,222
127,103,199,118,94,231
127,103,207,117,94,238
127,103,215,115,94,244
127,103,223,114,93,247
127,103,231,113,92,250
127,103,239,111,91,252
127,103,247,110,90,253
127,103,255,108,88,253
127,111,0,128,119,29
127,111,7,129,118,34
127,111,15,129,118,39
127,111,23,130,118,46
127,111,31,131,118,52
127,111,39,131,117,58
127,111,47,131,117,64
127,111,55,131,117,69
127,111,63,130,116,76
127,111,71,130,116,82
127,111,79,130,115,89
127,111,87,129,115,96
127,111,95,129,114,102
127,111,103,128,113,109
127,111,111,128,113,116
127,111,119,128,112,123
127,111,127,127,111,131
127,111,135,127,110,139
127,111,143,127,109,148
127,111,151,126,108,159
127,111,159,125,107,170
127,111,167,124,105,183
127,111,175,123,104,195
127,111,183,122,103,207
127,111,191,121,102,218
127,111,199,120,102,228
127,111,207,119,101,236
127,111,215,118,100,242
127,111,223,117,100,246
127,111,231,116,99,249
127,111,239,114,98,251
127,111,247,113,96,252
127,111,255,111,95,253
127,119,0,128,129,29
127,119,7,129,129,34
127,119,15,130,129,38
127,119,23,130,128,45
127,119,31,131,128,53
127,119,39,132,128,59
127,119,47,132,127,64
127,119,55,132,127,70
127,119,63,132,127,76
127,119,71,132,126,83
127,119,79,132,126,89
127,119,87,131,125,96
127,119,95,131,125,102
127,119,103,130,124,109
127,119,111,130,123,116
127,119,119,129,122,122
127,119,127,129,121,130
127,119,135,129,120,137
127,119,143,128,119,146
127,119,151,128,118,155
127,119,159,127,117,167
127,119,167,126,115,178
127,119,175,126,114,191
127,119,183,125,112,203
127,119,191,124,111,214
127,119,199,122,110,224
127,119,207,121,109,234
127,119,215,120,108,240
127,119,223,119,107,246
127,119,231,118,105,249
127,119,239,117,104,251
127,119,247,115,103,253
127,119,255,114,101,253
127,127,0,128,140,31
127,127,7,129,140,36
127,127,15,130,139,40
127,127,23,130,139,46
127,127,31,131,138,52
127,127,39,132,138,60
127,127,47,132,138,65
127,127,55,132,137,71
127,127,63,133,137,77
127,127,71,133,137,83
127,127,79,133,136,89
127,127,87,133,136,96
127,127,95,133,135,103
127,127,103,132,134,109
127,127,111,132,133,115
127,127,119,131,132,122
127,127,127,131,131,129
127,127,135,131,130,136
127,127,143,130,129,144
127,127,151,130,128,153
127,127,159,129,127,163
127,127,167,129,125,174
127,127,175,128,123,186
127,127,183,127,122,198
127,127,191,126,120,210
127,127,199,125,118,221
127,127,207,124,117,230
127,127,215,123,115,239
127,127,223,122,114,244
127,127,231,121,112,249
127,127,239,119,111,251
127,127,247,118,109,253
127,127,255,116,108,253
127,135,0,128,150,31
127,135,7,129,150,36
127,135,15,130,150,42
127,135,23,131,149,48
127,135,31,131,149,53
127,135,39,132,148,59
127,135,47,133,148,66
127,135,55,133,148,71
127,135,63,134,147,77
127,135,71,134,147,83
127,135,79,134,146,90
127,135,87,134,146,96
127,135,95,134,145,103
127,135,103,134,145,109
127,135,111,134,144,115
127,135,119,133,143,121
127,135,127,133,141,128
127,135,135,132,140,135
127,135,143,132,139,143
127,135,151,132,138,151
127,135,159,131,137,160
127,135,167,130,135,171
127,135,175,130,133,182
127,135,183,129,131,194
127,135,191,128,129,206
127,135,199,127,127,217
127,135,207,126,125,228
127,135,215,125,123,236
127,135,223,124,122,243
127,135,231,123,120,248
127,135,239,122,118,252
127,135,247,120,116,253
127,135,255,119,115,254
127,143,0,128,161,32
127,143,7,128,161,36
127,143,15,129,161,41
127,143,23,130,160,48
127,143,31,131,160,55
127,143,39,132,159,60
127,143,47,133,159,66
127,143,55,134,158,72
127,143,63,134,158,78
127,143,71,135,158,84
127,143,79,135,157,90
127,143,87,135,157,96
127,143,95,135,156,103
127,143,103,135,155,109
127,143,111,135,154,115
127,143,119,135,153,121
127,143,127,135,152,128
127,143,135,134,151,134
127,143,143,134,150,141
127,143,151,134,148,149
127,143,159,133,147,158
127,143,167,133,146,168
127,143,175,132,144,179
127,143,183,131,142,190
127,143,191,130,139,202
127,143,199,129,137,214
127,143,207,128,134,225
127,143,215,127,132,234
127,143,223,126,130,241
127,143,231,125,128,247
127,143,239,124,126,251
127,143,247,123,124,254
127,143,255,122,121,255
127,151,0,127,173,33
127,151,7,128,173,37
127,151,15,129,172,41
127,151,23,130,172,47
127,151,31,131,171,55
127,151,39,132,170,61
127,151,47,133,170,66
127,151,55,134,170,72
127,151,63,134,169,78
127,151,71,135,169,84
127,151,79,136,169,90
127,151,87,136,168,97
127,151,95,137,167,103
127,151,103,137,166,109
127,151,111,137,165,115
127,151,119,137,164,121
127,151,127,136,163,127
127,151,135,136,162,134
127,151,143,136,161,141
127,151,151,136,160,148
127,151,159,135,158,156
127,151,167,134,157,165
127,151,175,134,155,175
127,151,183,133,153,187
127,151,191,132,150,198
127,151,199,131,147,210
127,151,207,130,145,221
127,151,215,129,142,231
127,151,223,128,139,239
127,151,231,127,136,246
127,151,239,126,134,251
127,151,247,125,131,253
127,151,255,124,129,255
127,159,0,126,184,34
127,159,7,127,184,37
127,159,15,128,184,41
127,159,23,128,183,46
127,159,31,130,183,53
127,159,39,131,182,61
127,159,47,132,181,67
127,159,55,133,181,72
127,159,63,135,181,78
127,159,71,135,181,84
127,159,79,136,180,90
127,159,87,137,180,96
127,159,95,137,179,103
127,159,103,137,178,109
127,159,111,138,177,115
127,159,119,138,176,121
127,159,127,138,175,127
127,159,135,138,174,133
127,159,143,137,173,140
127,159,151,137,172,147
127,159,159,137,170,154
127,159,167,136,169,163
127,159,175,136,167,173
127,159,183,135,165,183
127,159,191,134,162,194
127,159,199,134,159,206
127,159,207,132,156,217
127,159,215,131,152,227
127,159,223,130,149,237
127,159,231,129,146,244
127,159,239,128,143,250
127,159,247,127,140,253
127,159,255,126,136,254
127,167,0,125,196,35
127,167,7,126,195,39
127,167,15,126,195,43
127,167,23,127,195,47
127,167,31,129,194,53
127,167,39,130,194,59
127,167,47,132,193,67
127,167,55,133,193,72
127,167,63,134,193,78
127,167,71,135,193,84
127,167,79,136,192,90
127,167,87,137,192,96
127,167,95,138,191,103
127,167,103,138,190,109
127,167,111,138,190,115
127,167,119,138,189,121
127,167,127,138,188,127
127,167,135,138,187,133
127,167,143,138,186,139
127,167,151,139,184,146
127,167,159,138,183,153
127,167,167,138,181,161
127,167,175,137,180,170
127,167,183,137,177,180
127,167,191,136,175,190
127,167,199,135,172,201
127,167,207,134,168,213
127,167,215,133,164,224
127,167,223,132,160,233
127,167,231,131,156,242
127,167,239,130,153,248
127,167,247,129,150,253
127,167,255,128,146,254
127,175,0,124,206,37
127,175,7,125,206,41
127,175,15,125,206,45
127,175,23,127,206,50
127,175,31,128,205,55
127,175,39,129,205,60
127,175,47,131,205,66
127,175,55,133,205,73
127,175,63,134,204,78
127,175,71,135,204,84
127,175,79,136,204,90
127,175,87,137,204,96
127,175,95,137,203,102
127,175,103,138,203,108
127,175,111,138,202,114
127,175,119,139,201,120
127,175,127,139,200,126
127,175,135,139,199,133
127,175,143,139,198,139
127,175,151,139,197,145
127,175,159,139,196,152
127,175,167,139,195,159
127,175,175,139,193,167
127,175,183,139,191,176
127,175,191,138,189,186
127,175,199,137,186,197
127,175,207,136,182,208
127,175,215,135,178,219
127,175,223,134,173,229
127,175,231,133,168,238
127,175,239,132,163,246
127,175,247,131,159,251
127,175,255,129,155,254
127,183,0,122,216,38
127,183,7,123,216,41
127,183,15,124,216,45
127,183,23,125,216,49
127,183,31,127,216,56
127,183,39,128,216,61
127,183,47,130,216,66
127,183,55,131,216,72
127,183,63,133,216,78
127,183,71,134,216,84
127,183,79,135,215,90
127,183,87,136,215,96
127,183,95,137,215,102
127,183,103,138,214,108
127,183,111,139,214,114
127,183,119,139,213,120
127,183,127,139,212,126
127,183,135,139,211,131
127,183,143,140,210,138
127,183,151,140,209,144
127,183,159,140,208,151
127,183,167,140,207,157
127,183,175,140,206,165
127,183,183,139,204,173
127,183,191,139,202,182
127,183,199,139,199,193
127,183,207,138,196,204
127,183,215,137,192,214
127,183,223,135,187,225
127,183,231,135,181,235
127,183,239,133,176,243
127,183,247,133,171,250
127,183,255,131,166,253
127,191,0,121,225,39
127,191,7,121,225,41
127,191,15,122,225,45
127,191,23,124,225,49
127,191,31,125,226,54
127,191,39,127,226,62
127,191,47,129,226,67
127,191,55,131,226,72
127,191,63,132,226,78
127,191,71,134,226,84
127,191,79,135,225,89
127,191,87,136,225,95
127,191,95,137,225,101
127,191,103,138,224,107
127,191,111,138,224,113
127,191,119,139,223,119
127,191,127,139,222,125
127,191,135,140,222,131
127,191,143,140,221,136
127,191,151,140,220,142
127,191,159,140,219,149
127,191,167,140,218,155
127,191,175,140,217,162
127,191,183,141,216,170
127,191,191,140,214,179
127,191,199,139,212,188
127,191,207,138,209,198
127,191,215,138,205,209
127,191,223,137,201,220
127,191,231,136,195,230
127,191,239,135,190,239
127,191,247,134,184,248
127,191,255,133,179,254
127,199,0,120,232,41
127,199,7,120,232,43
127,199,15,121,233,46
127,199,23,122,233,49
127,199,31,124,233,54
127,199,39,126,234,60
127,199,47,128,234,67
127,199,55,130,234,72
127,199,63,131,234,77
127,199,71,133,234,83
127,199,79,134,235,89
127,199,87,136,235,95
127,199,95,137,234,100
127,199,103,137,234,106
127,199,111,138,233,112
127,199,119,138,233,117
127,199,127,139,232,123
127,199,135,139,232,129
127,199,143,140,231,135
127,199,151,140,230,141
127,199,159,141,230,147
127,199,167,141,229,153
127,199,175,141,228,160
127,199,183,140,227,167
127,199,191,140,226,174
127,199,199,140,224,184
127,199,207,139,222,193
127,199,215,138,219,203
127,199,223,137,215,214
127,199,231,137,210,225
127,199,239,136,204,236
127,199,247,135,199,245
127,199,255,134,193,251
127,207,0,118,239,41
127,207,7,119,239,44
127,207,15,120,239,47
127,207,23,121,239,51
127,207,31,123,240,55
127,207,39,124,240,60
127,207,47,126,241,65
127,207,55,129,241,72
127,207,63,130,241,77
127,207,71,132,241,82
127,207,79,134,242,88
127,207,87,135,242,93
127,207,95,136,242,99
127,207,103,137,242,104
127,207,111,137,241,110
127,207,119,138,241,116
127,207,127,139,241,122
127,207,135,139,240,127
127,207,143,140,240,132
127,207,151,140,239,138
127,207,159,140,239,144
127,207,167,140,238,150
127,207,175,141,238,157
127,207,183,141,237,164
127,207,191,140,236,171
127,207,199,140,235,178
127,207,207,139,234,188
127,207,215,139,231,198
127,207,223,139,228,209
127,207,231,137,224,220
127,207,239,137,219,231
127,207,247,136,214,243
127,207,255,136,208,251
127,215,0,116,243,42
127,215,7,117,244,45
127,215,15,118,244,48
127,215,23,120,244,52
127,215,31,122,244,57
127,215,39,123,245,61
127,215,47,125,245,65
127,215,55,127,246,71
127,215,63,130,247,76
127,215,71,131,247,81
127,215,79,133,247,87
127,215,87,134,247,92
127,215,95,135,247,97
127,215,103,136,247,103
127,215,111,136,247,108
127,215,119,137,247,113
127,215,127,138,247,119
127,215,135,138,247,124
127,215,143,139,246,130
127,215,151,140,246,136
127,215,159,140,246,141
127,215,167,140,245,147
127,215,175,140,245,153
127,215,183,140,244,160
127,215,191,140,244,167
127,215,199,140,244,174
127,215,207,140,243,183
127,215,215,139,241,192
127,215,223,138,239,203
127,215,231,138,236,214
127,215,239,138,233,227
127,215,247,137,228,238
127,215,255,136,223,249
127,223,0,114,247,43
127,223,7,115,247,45
127,223,15,116,247,47
127,223,23,117,248,51
127,223,31,119,248,56
127,223,39,122,248,61
127,223,47,123,249,65
127,223,55,125,249,70
127,223,63,127,249,75
127,223,71,129,250,80
127,223,79,131,250,85
127,223,87,132,250,90
127,223,95,134,251,95
127,223,103,135,251,101
127,223,111,136,251,106
127,223,119,136,251,111
127,223,127,137,251,117
127,223,135,137,251,122
127,223,143,138,251,127
127,223,151,138,250,132
127,223,159,139,250,138
127,223,167,139,250,144
127,223,175,140,250,150
127,223,183,140,250,156
127,223,191,139,250,163
127,223,199,139,249,170
127,223,207,139,249,178
127,223,215,138,248,187
127,223,223,138,247,197
127,223,231,137,244,208
127,223,239,137,242,220
127,223,247,137,239,234
127,223,255,137,236,245
127,231,0,113,251,44
127,231,7,114,251,46
127,231,15,114,251,48
127,231,23,116,251,51
127,231,31,117,251,55
127,231,39,119,251,59
127,231,47,122,251,65
127,231,55,124,251,69
127,231,63,125,252,73
127,231,71,127,252,78
127,231,79,129,252,83
127,231,87,130,252,88
127,231,95,132,252,93
127,231,103,133,252,98
127,231,111,134,253,103
127,231,119,135,253,109
127,231,127,135,253,114
127,231,135,136,253,119
127,231,143,137,253,124
127,231,151,137,253,129
127,231,159,138,253,135
127,231,167,138,253,140
127,231,175,138,253,146
127,231,183,138,253,152
127,231,191,139,253,159
127,231,199,139,253,166
127,231,207,138,253,173
127,231,215,138,252,182
127,231,223,137,251,191
127,231,231,137,251,202
127,231,239,137,249,215
127,231,247,136,247,227
127,231,255,136,245,241
127,239,0,112,253,47
127,239,7,112,253,48
127,239,15,113,253,50
127,239,23,114,253,52
127,239,31,115,253,55
127,239,39,117,253,58
127,239,47,119,253,63
127,239,55,122,253,68
127,239,63,124,253,72
127,239,71,125,254,77
127,239,79,127,254,82
127,239,87,129,254,86
127,239,95,130,254,91
127,239,103,131,254,96
127,239,111,132,254,101
127,239,119,133,254,106
127,239,127,133,254,111
127,239,135,134,254,116
127,239,143,135,254,121
127,239,151,136,254,126
127,239,159,136,254,132
127,239,167,137,254,137
127,239,175,137,254,143
127,239,183,137,254,148
127,239,191,137,254,154
127,239,199,137,254,161
127,239,207,137,254,169
127,239,215,137,254,177
127,239,223,136,254,186
127,239,231,136,254,196
127,239,239,135,253,208
127,239,247,135,253,221
127,239,255,136,252,234
127,247,0,109,255,46
127,247,7,110,255,48
127,247,15,111,255,50
127,247,23,113,255,54
127,247,31,114,255,56
127,247,39,115,255,59
127,247,47,117,255,62
127,247,55,119,254,66
127,247,63,121,254,71
127,247,71,123,254,75
127,247,79,125,254,80
127,247,87,126,254,85
127,247,95,128,254,89
127,247,103,129,254,94
127,247,111,130,254,99
127,247,119,131,254,104
127,247,127,132,254,108
127,247,135,132,254,113
127,247,143,133,254,118
127,247,151,133,254,123
127,247,159,134,254,128
127,247,167,134,255,134
127,247,175,135,255,139
127,247,183,135,255,145
127,247,191,135,255,151
127,247,199,135,255,157
127,247,207,135,255,164
127,247,215,135,255,172
127,247,223,134,255,182
127,247,231,135,255,192
127,247,239,134,255,203
127,247,247,134,255,215
127,247,255,134,255,226
127,255,0,108,255,47
127,255,7,109,255,48
127,255,15,110,255,50
127,255,23,111,255,53
127,255,31,113,255,56
127,255,39,114,255,59
127,255,47,115,255,62
127,255,55,117,255,65
127,255,63,119,255,69
127,255,71,121,255,74
127,255,79,122,255,78
127,255,87,124,255,82
127,255,95,126,255,88
127,255,103,127,255,92
127,255,111,128,255,97
127,255,119,130,255,102
127,255,127,130,255,106
127,255,135,132,255,111
127,255,143,132,255,116
127,255,151,133,255,121
127,255,159,133,255,126
127,255,167,133,255,131
127,255,175,133,255,137
127,255,183,133,255,142
127,255,191,133,255,148
127,255,199,133,255,154
127,255,207,134,255,161
127,255,215,133,255,169
127,255,223,133,255,177
127,255,231,133,255,187
127,255,239,133,255,197
127,255,247,133,255,209
127,255,255,133,255,220
135,0,0,129,4,20
135,0,7,130,4,27
135,0,15,130,4,35
135,0,23,131,5,45
135,0,31,131,5,54
135,0,39,131,5,63
135,0,47,130,5,71
135,0,55,129,6,79
135,0,63,129,6,88
135,0,71,128,7,97
135,0,79,127,8,107
135,0,87,126,9,117
135,0,95,125,10,128
135,0,103,123,11,140
135,0,111,122,11,152
135,0,119,121,11,165
135,0,127,119,11,178
135,0,135,117,12,192
135,0,143,114,13,204
135,0,151,111,14,215
135,0,159,107,16,223
135,0,167,104,19,230
135,0,175,101,21,233
135,0,183,98,23,235
135,0,191,94,25,238
135,0,199,91,26,241
135,0,207,88,28,243
135,0,215,86,29,245
135,0,223,83,31,247
135,0,231,81,32,249
135,0,239,79,33,251
135,0,247,77,34,252
135,0,255,75,35,253
135,7,0,129,6,20
135,7,7,130,6,27
135,7,15,130,7,35
135,7,23,131,7,45
135,7,31,131,7,53
135,7,39,131,8,62
135,7,47,130,8,70
135,7,55,129,9,78
135,7,63,129,9,87
135,7,71,128,10,96
135,7,79,127,10,105
135,7,87,126,11,115
135,7,95,125,12,126
135,7,103,124,13,138
135,7,111,122,14,150
135,7,119,121,14,162
135,7,127,119,14,176
135,7,135,117,15,189
135,7,143,115,16,202
135,7,151,112,17,214
135,7,159,108,19,221
135,7,167,105,22,228
135,7,175,102,25,232
135,7,183,99,27,235
135,7,191,96,28,238
135,7,199,93,30,241
135,7,207,90,31,243
135,7,215,87,32,245
135,7,223,85,34,247
135,7,231,82,35,249
135,7,239,80,36,251
135,7,247,78,37,252
135,7,255,76,38,253
135,15,0,129,9,20
135,15,7,129,9,27
135,15,15,130,10,35
135,15,23,131,10,44
135,15,31,131,11,53
135,15,39,131,11,61
135,15,47,130,12,69
135,15,55,129,12,77
135,15,63,129,12,86
135,15,71,128,13,95
135,15,79,127,13,104
135,15,87,126,14,114
135,15,95,125,15,125
135,15,103,124,16,136
135,15,111,123,17,147
135,15,119,122,17,159
135,15,127,120,18,173
135,15,135,118,18,186
135,15,143,116,19,199
135,15,151,113,21,211
135,15,159,110,23,219
135,15,167,107,25,227
135,15,175,104,28,231
135,15,183,100,31,234
135,15,191,97,33,237
135,15,199,94,34,240
135,15,207,91,35,243
135,15,215,89,36,245
135,15,223,86,37,247
135,15,231,84,38,249
135,15,239,82,40,250
135,15,247,80,40,252
135,15,255,78,41,253
135,23,0,129,13,20
135,23,7,130,14,27
135,23,15,130,14,35
135,23,23,131,15,44
135,23,31,131,16,52
135,23,39,131,16,60
135,23,47,130,16,68
135,23,55,130,17,76
135,23,63,129,17,85
135,23,71,128,17,93
135,23,79,127,18,102
135,23,87,126,18,112
135,23,95,126,19,123
135,23,103,125,20,133
135,23,111,124,21,144
135,23,119,122,22,156
135,23,127,121,23,168
135,23,135,119,23,182
135,23,143,117,24,195
135,23,151,114,26,207
135,23,159,111,27,217
135,23,167,108,30,224
135,23,175,105,32,229
135,23,183,102,35,233
135,23,191,99,38,237
135,23,199,96,39,240
135,23,207,94,40,243
135,23,215,91,40,245
135,23,223,89,41,247
135,23,231,86,42,249
135,23,239,84,43,250
135,23,247,82,45,252
135,23,255,80,45,253
135,31,0,129,19,20
135,31,7,130,20,27
135,31,15,131,21,36
135,31,23,131,21,43
135,31,31,131,22,51
135,31,39,131,22,59
135,31,47,131,23,67
135,31,55,130,23,75
135,31,63,129,23,83
135,31,71,129,24,91
135,31,79,128,24,100
135,31,87,127,24,110
135,31,95,126,25,120
135,31,103,126,25,130
135,31,111,125,26,141
135,31,119,123,27,153
135,31,127,122,27,164
135,31,135,120,28,177
135,31,143,119,30,190
135,31,151,116,32,202
135,31,159,113,33,213
135,31,167,110,36,221
135,31,175,107,38,227
135,31,183,104,40,232
135,31,191,102,43,236
135,31,199,99,45,239
135,31,207,96,47,243
135,31,215,94,46,245
135,31,223,91,46,247
135,31,231,89,47,249
135,31,239,87,48,251
135,31,247,85,49,252
135,31,255,83,50,253
135,39,0,129,27,21
135,39,7,130,28,28
135,39,15,131,28,36
135,39,23,132,29,43
135,39,31,132,29,51
135,39,39,132,30,58
135,39,47,131,30,66
135,39,55,131,30,74
135,39,63,130,30,82
135,39,71,129,31,90
135,39,79,129,31,98
135,39,87,128,31,107
135,39,95,127,31,117
135,39,103,126,32,127
135,39,111,126,32,137
135,39,119,125,33,149
135,39,127,123,33,160
135,39,135,122,34,173
135,39,143,120,35,186
135,39,151,118,37,198
135,39,159,115,39,209
135,39,167,113,42,217
135,39,175,110,44,225
135,39,183,107,46,230
135,39,191,104,48,235
135,39,199,102,50,239
135,39,207,99,51,243
135,39,215,97,53,245
135,39,223,94,53,248
135,39,231,92,53,250
135,39,239,90,53,251
135,39,247,88,53,252
135,39,255,86,54,253
135,47,0,130,36,21
135,47,7,131,37,28
135,47,15,132,37,35
135,47,23,132,37,43
135,47,31,133,38,50
135,47,39,132,38,57
135,47,47,132,38,65
135,47,55,132,38,72
135,47,63,131,38,80
135,47,71,130,38,88
135,47,79,129,38,96
135,47,87,129,38,105
135,47,95,128,39,114
135,47,103,127,39,124
135,47,111,126,39,134
135,47,119,126,39,144
135,47,127,125,40,156
135,47,135,123,40,168
135,47,143,122,41,181
135,47,151,120,43,194
135,47,159,117,45,205
135,47,167,115,47,214
135,47,175,112,50,222
135,47,183,109,52,229
135,47,191,107,54,234
135,47,199,104,55,239
135,47,207,102,56,243
135,47,215,100,57,246
135,47,223,98,58,248
135,47,231,95,58,250
135,47,239,93,58,252
135,47,247,91,58,252
135,47,255,90,58,253
135,55,0,130,46,22
135,55,7,131,46,28
135,55,15,132,46,35
135,55,23,133,46,43
135,55,31,133,47,50
135,55,39,133,47,57
135,55,47,133,47,64
135,55,55,132,47,71
135,55,63,131,47,78
135,55,71,131,47,86
135,55,79,130,47,94
135,55,87,129,47,102
135,55,95,129,46,111
135,55,103,128,46,121
135,55,111,127,46,130
135,55,119,126,46,141
135,55,127,126,46,152
135,55,135,125,47,164
135,55,143,123,48,176
135,55,151,122,49,189
135,55,159,119,50,201
135,55,167,117,52,212
135,55,175,114,54,220
135,55,183,112,57,228
135,55,191,110,59,233
135,55,199,107,60,239
135,55,207,105,61,243
135,55,215,103,62,246
135,55,223,101,62,249
135,55,231,99,63,250
135,55,239,97,63,252
135,55,247,95,63,253
135,55,255,93,63,253
135,63,0,131,55,23
135,63,7,132,55,29
135,63,15,132,56,35
135,63,23,133,56,43
135,63,31,133,56,50
135,63,39,133,56,57
135,63,47,133,56,63
135,63,55,132,56,70
135,63,63,132,56,77
135,63,71,131,55,85
135,63,79,130,55,92
135,63,87,130,55,100
135,63,95,129,54,109
135,63,103,128,54,118
135,63,111,128,54,127
135,63,119,127,54,137
135,63,127,127,54,147
135,63,135,126,54,159
135,63,143,125,54,172
135,63,151,123,55,185
135,63,159,121,56,197
135,63,167,119,58,208
135,63,175,117,60,218
135,63,183,115,62,226
135,63,191,112,63,232
135,63,199,110,65,238
135,63,207,108,66,243
135,63,215,106,67,246
135,63,223,104,67,249
135,63,231,102,67,251
135,63,239,100,67,252
135,63,247,98,67,253
135,63,255,97,67,254
135,71,0,132,65,23
135,71,7,132,65,29
135,71,15,133,65,35
135,71,23,134,65,43
135,71,31,134,65,50
135,71,39,134,65,56
135,71,47,133,65,63
135,71,55,133,65,69
135,71,63,132,65,76
135,71,71,132,64,83
135,71,79,131,64,91
135,71,87,130,63,99
135,71,95,129,63,107
135,71,103,129,63,115
135,71,111,128,62,124
135,71,119,128,62,134
135,71,127,127,62,144
135,71,135,127,62,155
135,71,143,126,62,167
135,71,151,125,62,180
135,71,159,123,63,193
135,71,167,121,64,205
135,71,175,119,65,216
135,71,183,117,67,224
135,71,191,115,68,231
135,71,199,113,70,237
135,71,207,111,71,242
135,71,215,109,71,246
135,71,223,107,71,249
135,71,231,105,72,251
135,71,239,103,71,252
135,71,247,102,71,254
135,71,255,100,70,254
135,79,0,133,75,24
135,79,7,133,75,31
135,79,15,134,75,36
135,79,23,134,75,43
135,79,31,135,75,50
135,79,39,134,75,56
135,79,47,134,74,63
135,79,55,133,74,69
135,79,63,133,74,76
135,79,71,132,74,83
135,79,79,131,73,90
135,79,87,131,73,97
135,79,95,130,72,105
135,79,103,130,72,113
135,79,111,129,71,122
135,79,119,129,71,131
135,79,127,128,71,140
135,79,135,128,70,151
135,79,143,127,70,163
135,79,151,126,70,175
135,79,159,125,70,188
135,79,167,123,70,201
135,79,175,121,71,212
135,79,183,120,72,222
135,79,191,118,74,229
135,79,199,116,75,236
135,79,207,114,76,241
135,79,215,112,76,246
135,79,223,110,76,249
135,79,231,108,76,251
135,79,239,107,76,253
135,79,247,105,75,253
135,79,255,103,74,254
135,87,0,134,85,26
135,87,7,134,85,31
135,87,15,135,85,38
135,87,23,135,85,43
135,87,31,135,85,50
135,87,39,135,84,57
135,87,47,135,84,63
135,87,55,134,84,69
135,87,63,134,84,76
135,87,71,133,84,82
135,87,79,132,83,89
135,87,87,132,82,96
135,87,95,131,82,104
135,87,103,130,81,112
135,87,111,130,81,120
135,87,119,130,80,128
135,87,127,130,80,137
135,87,135,129,79,147
135,87,143,129,79,158
135,87,151,128,79,170
135,87,159,127,78,183
135,87,167,125,78,196
135,87,175,124,78,208
135,87,183,122,79,219
135,87,191,120,80,227
135,87,199,118,81,234
135,87,207,117,81,240
135,87,215,115,82,245
135,87,223,113,81,249
135,87,231,112,81,251
135,87,239,110,80,253
135,87,247,108,79,253
135,87,255,107,78,254
135,95,0,135,95,27
135,95,7,135,95,32
135,95,15,136,95,38
135,95,23,136,95,45
135,95,31,136,95,51
135,95,39,136,95,58
135,95,47,136,94,63
135,95,55,135,94,69
135,95,63,135,94,76
135,95,71,134,94,82
135,95,79,133,93,89
135,95,87,133,93,96
135,95,95,132,92,103
135,95,103,132,91,111
135,95,111,131,91,118
135,95,119,131,90,126
135,95,127,131,90,135
135,95,135,131,89,144
135,95,143,130,89,155
135,95,151,130,88,166
135,95,159,129,87,178
135,95,167,127,87,191
135,95,175,126,86,204
135,95,183,124,86,215
135,95,191,123,87,225
135,95,199,121,87,232
135,95,207,119,87,239
135,95,215,118,87,244
135,95,223,116,87,248
135,95,231,115,87,251
135,95,239,113,86,252
135,95,247,111,85,253
135,95,255,110,83,254
135,103,0,135,105,29
135,103,7,136,105,33
135,103,15,136,105,38
135,103,23,137,105,46
135,103,31,137,105,52
135,103,39,137,105,58
135,103,47,137,105,64
135,103,55,136,105,70
135,103,63,136,104,76
135,103,71,135,104,82
135,103,79,135,104,89
135,103,87,134,103,96
135,103,95,134,102,103
135,103,103,133,102,110
135,103,111,133,101,117
135,103,119,132,100,124
135,103,127,132,100,133
135,103,135,132,99,142
135,103,143,132,98,151
135,103,151,131,97,162
135,103,159,130,96,174
135,103,167,129,95,187
135,103,175,128,95,199
135,103,183,127,94,211
135,103,191,125,94,221
135,103,199,124,94,231
135,103,207,122,94,237
135,103,215,121,94,244
135,103,223,119,93,247
135,103,231,118,93,250
135,103,239,116,92,252
135,103,247,115,91,253
135,103,255,113,89,254
135,111,0,136,116,30
135,111,7,136,116,34
135,111,15,137,116,39
135,111,23,137,116,45
135,111,31,138,115,53
135,111,39,138,115,58
135,111,47,137,115,64
135,111,55,137,115,70
135,111,63,137,115,76
135,111,71,137,114,83
135,111,79,136,114,89
135,111,87,136,113,96
135,111,95,135,113,103
135,111,103,135,112,110
135,111,111,134,111,116
135,111,119,134,110,124
135,111,127,134,110,131
135,111,135,134,109,139
135,111,143,133,108,148
135,111,151,133,107,159
135,111,159,132,106,170
135,111,167,131,105,183
135,111,175,130,103,195
135,111,183,129,103,207
135,111,191,127,102,218
135,111,199,126,101,227
135,111,207,125,101,236
135,111,215,123,100,242
135,111,223,122,100,247
135,111,231,120,99,249
135,111,239,119,98,252
135,111,247,117,96,253
135,111,255,116,95,253
135,119,0,136,127,30
135,119,7,137,126,35
135,119,15,137,126,39
135,119,23,137,126,45
135,119,31,138,126,53
135,119,39,138,125,60
135,119,47,138,125,65
135,119,55,138,125,71
135,119,63,138,125,77
135,119,71,138,124,83
135,119,79,138,124,90
135,119,87,138,123,96
135,119,95,137,123,103
135,119,103,137,122,109
135,119,111,136,121,116
135,119,119,136,120,123
135,119,127,135,119,130
135,119,135,135,119,138
135,119,143,135,118,146
135,119,151,134,117,156
135,119,159,134,115,167
135,119,167,133,114,178
135,119,175,132,113,191
135,119,183,131,112,202
135,119,191,130,110,214
135,119,199,128,109,224
135,119,207,127,108,233
135,119,215,126,107,240
135,119,223,124,107,246
135,119,231,123,105,249
135,119,239,122,104,251
135,119,247,120,103,253
135,119,255,118,101,253
135,127,0,136,137,31
135,127,7,136,137,36
135,127,15,137,136,43
135,127,23,138,136,47
135,127,31,138,136,53
135,127,39,139,135,60
135,127,47,139,135,66
135,127,55,139,135,72
135,127,63,139,135,78
135,127,71,139,134,84
135,127,79,139,134,90
135,127,87,139,133,97
135,127,95,139,133,103
135,127,103,138,132,110
135,127,111,138,131,116
135,127,119,137,130,122
135,127,127,137,129,129
135,127,135,137,128,136
135,127,143,136,127,144
135,127,151,136,126,153
135,127,159,136,125,163
135,127,167,135,124,175
135,127,175,134,122,186
135,127,183,133,121,198
135,127,191,132,119,210
135,127,199,131,118,220
135,127,207,129,116,230
135,127,215,128,115,239
135,127,223,127,114,244
135,127,231,126,112,249
135,127,239,124,111,252
135,127,247,123,110,253
135,127,255,121,108,254
135,135,0,135,147,31
135,135,7,136,147,36
135,135,15,137,146,42
135,135,23,138,146,50
135,135,31,138,146,55
135,135,39,139,146,60
135,135,47,140,145,67
135,135,55,140,145,72
135,135,63,140,145,78
135,135,71,140,145,84
135,135,79,141,144,91
135,135,87,141,143,97
135,135,95,140,143,103
135,135,103,140,142,110
135,135,111,140,141,116
135,135,119,139,140,122
135,135,127,139,139,128
135,135,135,138,138,135
135,135,143,138,137,143
135,135,151,138,136,151
135,135,159,137,135,161
135,135,167,136,134,171
135,135,175,136,132,182
135,135,183,135,130,194
135,135,191,134,128,206
135,135,199,133,126,217
135,135,207,132,125,228
135,135,215,130,123,236
135,135,223,129,121,244
135,135,231,128,120,248
135,135,239,127,118,252
135,135,247,125,116,254
135,135,255,124,115,254
135,143,0,135,158,32
135,143,7,135,157,36
135,143,15,136,157,41
135,143,23,137,157,48
135,143,31,138,156,56
135,143,39,139,156,61
135,143,47,140,156,67
135,143,55,140,155,73
135,143,63,141,155,78
135,143,71,141,155,85
135,143,79,142,154,91
135,143,87,142,154,97
135,143,95,142,153,104
135,143,103,142,152,110
135,143,111,141,151,116
135,143,119,141,150,122
135,143,127,140,149,128
135,143,135,140,148,135
135,143,143,140,147,142
135,143,151,139,146,150
135,143,159,139,145,158
135,143,167,138,144,168
135,143,175,138,142,179
135,143,183,137,140,190
135,143,191,136,138,202
135,143,199,135,136,213
135,143,207,134,133,224
135,143,215,133,131,234
135,143,223,131,129,241
135,143,231,130,128,248
135,143,239,129,126,251
135,143,247,128,124,254
135,143,255,127,121,255
135,151,0,134,169,34
135,151,7,135,168,37
135,151,15,136,168,42
135,151,23,137,168,47
135,151,31,138,167,55
135,151,39,139,167,62
135,151,47,140,166,67
135,151,55,141,166,73
135,151,63,141,166,79
135,151,71,142,165,85
135,151,79,142,165,91
135,151,87,143,165,98
135,151,95,143,164,104
135,151,103,143,163,110
135,151,111,143,162,116
135,151,119,142,161,122
135,151,127,142,160,128
135,151,135,142,159,135
135,151,143,141,158,141
135,151,151,141,157,148
135,151,159,141,155,157
135,151,167,140,154,166
135,151,175,140,153,176
135,151,183,139,151,187
135,151,191,138,149,198
135,151,199,137,146,210
135,151,207,136,143,221
135,151,215,135,141,231
135,151,223,134,138,239
135,151,231,133,136,246
135,151,239,131,134,251
135,151,247,130,131,253
135,151,255,129,129,255
135,159,0,134,180,35
135,159,7,134,179,39
135,159,15,135,179,42
135,159,23,136,179,47
135,159,31,137,178,54
135,159,39,138,178,61
135,159,47,139,177,68
135,159,55,140,177,73
135,159,63,141,177,79
135,159,71,142,177,85
135,159,79,143,177,91
135,159,87,143,176,98
135,159,95,144,175,104
135,159,103,144,174,110
135,159,111,144,174,116
135,159,119,144,173,122
135,159,127,143,172,128
135,159,135,143,171,134
135,159,143,143,169,141
135,159,151,143,168,148
135,159,159,143,167,155
135,159,167,142,166,164
135,159,175,141,164,173
135,159,183,141,162,183
135,159,191,140,160,194
135,159,199,139,157,206
135,159,207,138,154,217
135,159,215,137,151,227
135,159,223,136,148,236
135,159,231,135,145,244
135,159,239,134,142,250
135,159,247,133,140,253
135,159,255,131,136,254
135,167,0,132,191,36
135,167,7,133,191,40
135,167,15,134,190,44
135,167,23,135,190,49
135,167,31,136,190,54
135,167,39,137,189,60
135,167,47,139,189,68
135,167,55,140,189,74
135,167,63,141,188,79
135,167,71,142,188,85
135,167,79,143,188,91
135,167,87,144,188,98
135,167,95,144,187,104
135,167,103,144,186,110
135,167,111,144,186,116
135,167,119,145,185,122
135,167,127,145,184,128
135,167,135,145,183,134
135,167,143,145,182,140
135,167,151,144,181,147
135,167,159,144,179,154
135,167,167,144,178,162
135,167,175,143,176,171
135,167,183,143,174,180
135,167,191,142,172,190
135,167,199,141,169,202
135,167,207,140,166,213
135,167,215,139,163,224
135,167,223,138,159,233
135,167,231,137,155,242
135,167,239,136,152,248
135,167,247,135,149,252
135,167,255,133,146,254
135,175,0,131,202,38
135,175,7,132,202,41
135,175,15,133,201,45
135,175,23,134,201,51
135,175,31,135,201,56
135,175,39,136,201,61
135,175,47,137,200,67
135,175,55,139,200,74
135,175,63,140,200,79
135,175,71,141,200,85
135,175,79,142,200,91
135,175,87,143,200,98
135,175,95,144,199,104
135,175,103,145,198,110
135,175,111,145,198,116
135,175,119,145,197,122
135,175,127,145,196,128
135,175,135,145,195,134
135,175,143,145,194,140
135,175,151,145,193,146
135,175,159,146,192,153
135,175,167,145,191,160
135,175,175,145,189,168
135,175,183,144,188,177
135,175,191,144,185,187
135,175,199,143,182,198
135,175,207,142,179,209
135,175,215,141,175,219
135,175,223,140,171,230
135,175,231,139,166,238
135,175,239,138,162,246
135,175,247,136,158,251
135,175,255,135,155,254
135,183,0,129,212,38
135,183,7,130,212,41
135,183,15,131,212,45
135,183,23,132,212,50
135,183,31,134,212,56
135,183,39,135,212,63
135,183,47,137,212,68
135,183,55,138,212,73
135,183,63,140,212,79
135,183,71,141,212,85
135,183,79,142,211,91
135,183,87,143,211,97
135,183,95,144,211,104
135,183,103,144,210,110
135,183,111,145,210,116
135,183,119,145,209,121
135,183,127,146,208,127
135,183,135,146,207,133
135,183,143,146,206,140
135,183,151,146,205,146
135,183,159,146,204,152
135,183,167,146,203,159
135,183,175,146,202,166
135,183,183,146,200,175
135,183,191,146,199,184
135,183,199,145,196,194
135,183,207,144,193,204
135,183,215,143,189,215
135,183,223,142,184,225
135,183,231,140,180,235
135,183,239,139,175,243
135,183,247,139,170,250
135,183,255,136,165,253
135,191,0,128,221,39
135,191,7,128,221,42
135,191,15,129,221,45
135,191,23,130,222,49
135,191,31,132,222,55
135,191,39,134,222,62
135,191,47,136,222,68
135,191,55,137,222,73
135,191,63,139,222,79
135,191,71,140,222,85
135,191,79,141,222,91
135,191,87,143,222,97
135,191,95,143,221,103
135,191,103,144,221,109
135,191,111,145,220,115
135,191,119,146,220,121
135,191,127,146,219,127
135,191,135,146,218,133
135,191,143,146,218,138
135,191,151,147,217,144
135,191,159,147,216,151
135,191,167,147,215,158
135,191,175,147,214,164
135,191,183,147,213,172
135,191,191,146,211,180
135,191,199,146,209,190
135,191,207,145,206,200
135,191,215,144,203,211
135,191,223,143,198,221
135,191,231,142,193,231
135,191,239,141,188,240
135,191,247,140,183,248
135,191,255,139,178,254
135,199,0,126,230,41
135,199,7,127,230,44
135,199,15,128,230,46
135,199,23,129,230,50
135,199,31,130,231,55
135,199,39,132,231,61
135,199,47,134,232,67
135,199,55,136,232,73
135,199,63,138,232,79
135,199,71,140,232,85
135,199,79,141,232,90
135,199,87,142,232,96
135,199,95,143,231,102
135,199,103,144,231,108
135,199,111,145,230,114
135,199,119,145,230,120
135,199,127,146,229,126
135,199,135,146,229,132
135,199,143,147,229,138
135,199,151,147,228,143
135,199,159,147,227,149
135,199,167,147,226,156
135,199,175,147,225,162
135,199,183,147,224,169
135,199,191,147,223,177
135,199,199,146,222,186
135,199,207,146,219,195
135,199,215,145,216,206
135,199,223,144,212,216
135,199,231,143,208,227
135,199,239,142,202,237
135,199,247,141,197,246
135,199,255,140,191,251
135,207,0,124,236,41
135,207,7,125,236,44
135,207,15,126,237,47
135,207,23,128,237,52
135,207,31,129,237,56
135,207,39,131,238,61
135,207,47,133,238,66
135,207,55,135,239,73
135,207,63,137,239,78
135,207,71,138,240,84
135,207,79,140,240,90
135,207,87,142,240,95
135,207,95,143,240,101
135,207,103,144,240,107
135,207,111,145,240,113
135,207,119,145,239,119
135,207,127,146,239,124
135,207,135,146,238,130
135,207,143,146,238,135
135,207,151,147,237,141
135,207,159,147,237,147
135,207,167,148,236,154
135,207,175,148,235,160
135,207,183,147,235,166
135,207,191,147,234,173
135,207,199,147,233,181
135,207,207,146,232,191
135,207,215,146,229,201
135,207,223,145,226,211
135,207,231,144,222,222
135,207,239,143,217,233
135,207,247,143,212,244
135,207,255,141,206,252
135,215,0,122,242,42
135,215,7,123,242,44
135,215,15,124,242,47
135,215,23,126,243,52
135,215,31,128,243,57
135,215,39,129,243,62
135,215,47,131,244,66
135,215,55,133,244,72
135,215,63,136,245,78
135,215,71,137,245,83
135,215,79,139,245,88
135,215,87,141,246,94
135,215,95,142,246,100
135,215,103,143,246,105
135,215,111,144,246,111
135,215,119,144,246,117
135,215,127,145,246,122
135,215,135,146,246,128
135,215,143,146,245,133
135,215,151,147,245,139
135,215,159,147,244,144
135,215,167,147,244,150
135,215,175,147,243,156
135,215,183,147,243,163
135,215,191,147,243,170
135,215,199,147,242,177
135,215,207,146,241,185
135,215,215,145,239,195
135,215,223,145,237,206
135,215,231,145,235,217
135,215,239,144,231,228
135,215,247,143,226,240
135,215,255,142,221,250
135,223,0,120,246,43
135,223,7,121,246,45
135,223,15,122,246,47
135,223,23,123,247,51
135,223,31,125,247,56
135,223,39,128,247,62
135,223,47,130,248,67
135,223,55,132,248,71
135,223,63,134,249,76
135,223,71,136,249,82
135,223,79,138,250,87
135,223,87,139,250,92
135,223,95,141,250,98
135,223,103,142,250,103
135,223,111,143,250,109
135,223,119,143,250,114
135,223,127,144,250,120
135,223,135,145,250,125
135,223,143,145,250,131
135,223,151,146,250,136
135,223,159,147,250,142
135,223,167,146,250,148
135,223,175,146,249,153
135,223,183,146,249,159
135,223,191,146,248,166
135,223,199,146,248,173
135,223,207,146,248,181
135,223,215,145,247,190
135,223,223,145,245,200
135,223,231,144,243,211
135,223,239,144,241,223
135,223,247,144,238,236
135,223,255,143,234,246
135,231,0,118,250,44
135,231,7,119,250,46
135,231,15,120,250,48
135,231,23,121,250,51
135,231,31,123,250,55
135,231,39,125,250,60
135,231,47,128,251,66
135,231,55,130,251,70
135,231,63,132,251,75
135,231,71,134,252,80
135,231,79,136,252,85
135,231,87,137,252,90
135,231,95,139,252,96
135,231,103,140,252,101
135,231,111,141,253,107
135,231,119,143,253,112
135,231,127,143,253,117
135,231,135,144,253,123
135,231,143,144,253,128
135,231,151,145,253,133
135,231,159,145,253,138
135,231,167,145,253,144
135,231,175,146,253,150
135,231,183,146,253,156
135,231,191,146,253,162
135,231,199,145,252,169
135,231,207,145,252,177
135,231,215,144,252,185
135,231,223,144,251,195
135,231,231,144,250,205
135,231,239,143,248,217
135,231,247,143,246,230
135,231,255,143,244,243
135,239,0,117,253,46
135,239,7,118,253,48
135,239,15,119,253,50
135,239,23,120,253,52
135,239,31,121,253,55
135,239,39,123,253,59
135,239,47,125,253,64
135,239,55,128,253,69
135,239,63,130,253,74
135,239,71,132,253,78
135,239,79,134,253,84
135,239,87,136,253,89
135,239,95,137,253,94
135,239,103,138,253,99
135,239,111,139,253,104
135,239,119,140,254,109
135,239,127,141,254,114
135,239,135,142,254,120
135,239,143,143,254,125
135,239,151,144,254,130
135,239,159,144,254,136
135,239,167,144,254,141
135,239,175,144,254,146
135,239,183,144,254,152
135,239,191,144,254,158
135,239,199,144,255,165
135,239,207,144,254,173
135,239,215,144,254,181
135,239,223,143,254,190
135,239,231,143,254,200
135,239,239,143,253,211
135,239,247,143,253,224
135,239,255,142,251,236
135,247,0,115,254,46
135,247,7,115,254,48
135,247,15,117,254,50
135,247,23,118,254,54
135,247,31,119,254,57
135,247,39,121,254,60
135,247,47,123,254,63
135,247,55,125,254,68
135,247,63,128,254,72
135,247,71,129,254,77
135,247,79,131,254,82
135,247,87,133,254,87
135,247,95,135,254,92
135,247,103,136,254,97
135,247,111,138,254,102
135,247,119,138,254,107
135,247,127,139,254,112
135,247,135,140,254,117
135,247,143,140,254,122
135,247,151,141,255,127
135,247,159,142,255,133
135,247,167,142,255,138
135,247,175,142,255,144
135,247,183,142,255,149
135,247,191,142,255,155
135,247,199,142,255,161
135,247,207,142,255,168
135,247,215,142,255,176
135,247,223,142,255,186
135,247,231,141,255,195
135,247,239,141,255,206
135,247,247,141,255,218
135,247,255,141,255,229
135,255,0,113,255,47
135,255,7,114,255,48
135,255,15,115,255,50
135,255,23,116,255,53
135,255,31,118,255,56
135,255,39,119,255,60
135,255,47,121,255,63
135,255,55,123,255,67
135,255,63,125,255,71
135,255,71,127,255,75
135,255,79,129,255,80
135,255,87,130,255,85
135,255,95,132,255,90
135,255,103,134,255,95
135,255,111,135,255,100
135,255,119,137,255,106
135,255,127,138,255,110
135,255,135,139,255,115
135,255,143,139,255,120
135,255,151,140,255,125
135,255,159,140,255,130
135,255,167,140,255,135
135,255,175,140,255,141
135,255,183,141,255,146
135,255,191,141,255,152
135,255,199,141,255,158
135,255,207,140,255,165
135,255,215,140,255,172
135,255,223,140,255,181
135,255,231,140,255,191
135,255,239,140,255,201
135,255,247,140,255,212
135,255,255,140,255,223
143,0,0,136,4,20
143,0,7,137,4,27
143,0,15,138,5,36
143,0,23,138,5,45
143,0,31,139,5,54
143,0,39,139,6,63
143,0,47,138,6,71
143,0,55,137,6,79
143,0,63,137,7,87
143,0,71,136,8,96
143,0,79,135,9,106
143,0,87,134,9,116
143,0,95,133,10,127
143,0,103,132,10,138
143,0,111,131,11,151
143,0,119,130,11,163
143,0,127,128,11,176
143,0,135,126,12,189
143,0,143,123,13,202
143,0,151,120,15,213
143,0,159,117,17,223
143,0,167,114,19,228
143,0,175,110,22,232
143,0,183,106,24,235
143,0,191,103,26,238
143,0,199,99,27,241
143,0,207,96,29,243
143,0,215,93,30,245
143,0,223,90,32,247
143,0,231,88,33,249
143,0,239,86,34,251
143,0,247,83,35,252
143,0,255,81,36,254
143,7,0,136,6,20
143,7,7,137,6,27
143,7,15,138,7,36
143,7,23,138,7,45
143,7,31,139,8,54
143,7,39,139,8,62
143,7,47,138,9,70
143,7,55,137,9,78
143,7,63,137,9,86
143,7,71,136,10,95
143,7,79,135,10,105
143,7,87,134,11,115
143,7,95,133,12,125
143,7,103,132,13,137
143,7,111,131,13,149
143,7,119,130,14,161
143,7,127,129,14,174
143,7,135,126,15,187
143,7,143,124,16,199
143,7,151,121,17,211
143,7,159,118,19,221
143,7,167,115,22,227
143,7,175,111,25,232
143,7,183,107,27,235
143,7,191,104,29,238
143,7,199,101,30,241
143,7,207,97,32,243
143,7,215,94,33,245
143,7,223,92,35,247
143,7,231,89,36,249
143,7,239,87,37,251
143,7,247,84,37,252
143,7,255,82,38,253
143,15,0,136,8,20
143,15,7,137,9,27
143,15,15,138,10,36
143,15,23,139,10,45
143,15,31,139,11,53
143,15,39,139,11,61
143,15,47,138,12,69
143,15,55,138,12,77
143,15,63,137,12,86
143,15,71,136,13,94
143,15,79,135,13,103
143,15,87,134,14,113
143,15,95,133,15,123
143,15,103,133,16,134
143,15,111,132,17,146
143,15,119,130,17,158
143,15,127,129,18,171
143,15,135,127,18,184
143,15,143,125,19,197
143,15,151,122,21,209
143,15,159,119,23,219
143,15,167,116,26,225
143,15,175,112,29,230
143,15,183,109,31,234
143,15,191,105,33,237
143,15,199,102,34,240
143,15,207,99,35,243
143,15,215,96,36,245
143,15,223,93,38,247
143,15,231,91,40,249
143,15,239,88,40,251
143,15,247,86,40,252
143,15,255,84,41,253
143,23,0,137,13,20
143,23,7,137,13,28
143,23,15,138,14,36
143,23,23,139,15,44
143,23,31,139,16,53
143,23,39,139,16,61
143,23,47,138,16,68
143,23,55,138,17,76
143,23,63,137,17,85
143,23,71,136,17,93
143,23,79,135,18,102
143,23,87,135,19,111
143,23,95,134,19,121
143,23,103,133,20,132
143,23,111,132,21,143
143,23,119,131,22,154
143,23,127,130,22,167
143,23,135,128,23,180
143,23,143,126,24,193
143,23,151,123,25,205
143,23,159,120,27,216
143,23,167,117,30,223
143,23,175,114,33,229
143,23,183,110,37,233
143,23,191,107,38,236
143,23,199,104,39,240
143,23,207,101,40,243
143,23,215,98,41,245
143,23,223,95,42,247
143,23,231,93,43,249
143,23,239,90,45,251
143,23,247,88,45,252
143,23,255,86,45,253
143,31,0,137,19,21
143,31,7,137,20,28
143,31,15,138,21,36
143,31,23,139,21,44
143,31,31,139,22,52
143,31,39,139,22,60
143,31,47,139,23,67
143,31,55,138,23,75
143,31,63,138,23,83
143,31,71,137,23,91
143,31,79,136,24,100
143,31,87,135,24,109
143,31,95,134,25,119
143,31,103,134,25,129
143,31,111,133,26,140
143,31,119,132,27,151
143,31,127,131,28,163
143,31,135,129,29,175
143,31,143,127,29,189
143,31,151,125,31,201
143,31,159,122,33,212
143,31,167,119,35,220
143,31,175,116,38,226
143,31,183,112,41,231
143,31,191,109,44,236
143,31,199,106,45,239
143,31,207,103,46,243
143,31,215,100,46,245
143,31,223,98,47,247
143,31,231,95,48,249
143,31,239,93,49,251
143,31,247,91,50,252
143,31,255,89,50,253
143,39,0,137,26,21
143,39,7,138,27,28
143,39,15,139,28,36
143,39,23,139,29,44
143,39,31,140,29,51
143,39,39,140,30,59
143,39,47,139,30,66
143,39,55,139,30,74
143,39,63,138,31,81
143,39,71,137,31,89
143,39,79,137,31,98
143,39,87,136,31,106
143,39,95,135,31,116
143,39,103,134,32,126
143,39,111,134,32,136
143,39,119,133,32,147
143,39,127,132,33,159
143,39,135,130,34,171
143,39,143,129,35,184
143,39,151,127,37,196
143,39,159,124,39,207
143,39,167,121,41,216
143,39,175,118,44,224
143,39,183,114,46,230
143,39,191,111,48,235
143,39,199,108,51,239
143,39,207,106,52,242
143,39,215,103,53,245
143,39,223,100,53,248
143,39,231,98,53,250
143,39,239,96,53,251
143,39,247,94,54,252
143,39,255,92,55,253
143,47,0,137,35,21
143,47,7,138,36,28
143,47,15,139,36,35
143,47,23,140,37,44
143,47,31,140,37,51
143,47,39,140,38,58
143,47,47,140,38,65
143,47,55,139,38,73
143,47,63,139,38,80
143,47,71,138,38,88
143,47,79,137,38,96
143,47,87,136,38,104
143,47,95,136,38,113
143,47,103,135,39,123
143,47,111,134,39,133
143,47,119,134,39,144
143,47,127,133,40,155
143,47,135,132,40,167
143,47,143,130,41,180
143,47,151,128,42,192
143,47,159,126,44,203
143,47,167,123,47,213
143,47,175,120,49,221
143,47,183,117,52,228
143,47,191,114,54,234
143,47,199,111,56,239
143,47,207,108,57,242
143,47,215,106,58,246
143,47,223,103,59,248
143,47,231,101,58,250
143,47,239,99,58,252
143,47,247,97,59,253
143,47,255,95,59,253
143,55,0,138,44,22
143,55,7,139,45,29
143,55,15,139,45,35
143,55,23,140,46,44
143,55,31,141,46,51
143,55,39,141,46,58
143,55,47,140,47,64
143,55,55,140,47,71
143,55,63,139,47,79
143,55,71,138,46,86
143,55,79,138,46,94
143,55,87,137,46,102
143,55,95,136,46,111
143,55,103,136,46,120
143,55,111,135,46,130
143,55,119,134,46,140
143,55,127,134,46,150
143,55,135,133,47,163
143,55,143,131,47,175
143,55,151,130,48,188
143,55,159,127,50,200
143,55,167,125,52,210
143,55,175,122,54,219
143,55,183,119,57,227
143,55,191,116,59,233
143,55,199,114,60,238
143,55,207,111,62,243
143,55,215,109,62,246
143,55,223,106,63,249
143,55,231,104,63,251
143,55,239,102,63,252
143,55,247,100,63,253
143,55,255,98,63,253
143,63,0,138,54,23
143,63,7,139,54,30
143,63,15,140,54,36
143,63,23,141,54,43
143,63,31,141,55,51
143,63,39,141,55,57
143,63,47,141,55,64
143,63,55,140,55,71
143,63,63,139,55,78
143,63,71,139,55,85
143,63,79,138,55,92
143,63,87,137,54,100
143,63,95,137,54,109
143,63,103,136,54,118
143,63,111,135,54,127
143,63,119,135,54,136
143,63,127,134,54,147
143,63,135,134,54,158
143,63,143,133,54,171
143,63,151,131,55,183
143,63,159,129,56,196
143,63,167,127,57,207
143,63,175,124,59,217
143,63,183,122,61,225
143,63,191,119,63,232
143,63,199,116,65,238
143,63,207,114,66,242
143,63,215,112,67,246
143,63,223,109,67,249
143,63,231,107,67,251
143,63,239,105,67,252
143,63,247,103,67,253
143,63,255,102,67,254
143,71,0,139,63,24
143,71,7,140,63,30
143,71,15,140,64,36
143,71,23,141,64,43
143,71,31,141,64,51
143,71,39,141,64,57
143,71,47,141,64,64
143,71,55,140,64,70
143,71,63,140,64,77
143,71,71,139,64,84
143,71,79,138,63,91
143,71,87,138,63,99
143,71,95,137,62,107
143,71,103,136,62,115
143,71,111,136,62,124
143,71,119,136,62,133
143,71,127,135,62,143
143,71,135,135,62,154
143,71,143,134,62,166
143,71,151,133,62,179
143,71,159,131,62,192
143,71,167,129,63,204
143,71,175,126,65,214
143,71,183,124,66,224
143,71,191,122,68,231
143,71,199,119,70,237
143,71,207,117,71,242
143,71,215,115,72,246
143,71,223,112,72,249
143,71,231,110,72,251
143,71,239,108,71,253
143,71,247,107,71,253
143,71,255,105,71,254
143,79,0,140,73,25
143,79,7,140,73,31
143,79,15,141,73,38
143,79,23,141,73,44
143,79,31,142,73,51
143,79,39,142,73,57
143,79,47,141,73,64
143,79,55,141,73,70
143,79,63,140,73,76
143,79,71,139,73,83
143,79,79,139,72,90
143,79,87,138,72,98
143,79,95,137,72,106
143,79,103,137,71,114
143,79,111,136,71,122
143,79,119,136,70,131
143,79,127,136,70,140
143,79,135,135,70,150
143,79,143,135,70,162
143,79,151,134,70,174
143,79,159,132,70,187
143,79,167,131,70,200
143,79,175,129,71,211
143,79,183,126,72,221
143,79,191,124,74,229
143,79,199,122,75,236
143,79,207,120,76,241
143,79,215,118,76,246
143,79,223,116,77,249
143,79,231,114,76,251
143,79,239,112,76,253
143,79,247,110,75,253
143,79,255,108,75,254
143,87,0,141,83,26
143,87,7,141,83,31
143,87,15,142,83,38
143,87,23,142,83,45
143,87,31,142,83,51
143,87,39,142,83,58
143,87,47,142,83,64
143,87,55,141,83,70
143,87,63,141,83,76
143,87,71,140,83,83
143,87,79,139,82,90
143,87,87,139,82,97
143,87,95,138,81,104
143,87,103,138,81,112
143,87,111,137,80,120
143,87,119,137,80,128
143,87,127,137,79,137
143,87,135,137,79,147
143,87,143,136,79,158
143,87,151,135,78,170
143,87,159,134,78,182
143,87,167,132,78,195
143,87,175,131,78,208
143,87,183,129,79,218
143,87,191,127,80,227
143,87,199,124,81,234
143,87,207,122,81,240
143,87,215,120,82,245
143,87,223,118,82,249
143,87,231,117,81,251
143,87,239,115,81,253
143,87,247,113,80,253
143,87,255,111,79,254
143,95,0,141,93,27
143,95,7,142,93,32
143,95,15,142,93,38
143,95,23,143,93,46
143,95,31,143,93,52
143,95,39,143,93,58
143,95,47,143,93,64
143,95,55,142,93,70
143,95,63,142,93,76
143,95,71,141,93,83
143,95,79,140,92,90
143,95,87,140,92,97
143,95,95,139,91,104
143,95,103,139,91,111
143,95,111,138,90,118
143,95,119,138,90,126
143,95,127,138,89,135
143,95,135,138,89,144
143,95,143,137,88,154
143,95,151,137,87,165
143,95,159,136,87,178
143,95,167,134,86,191
143,95,175,133,86,203
143,95,183,131,86,214
143,95,191,129,86,224
143,95,199,127,87,232
143,95,207,125,87,239
143,95,215,123,88,244
143,95,223,121,87,248
143,95,231,120,87,251
143,95,239,118,86,252
143,95,247,116,85,254
143,95,255,114,84,254
143,103,0,142,103,28
143,103,7,143,103,33
143,103,15,143,103,38
143,103,23,143,103,45
143,103,31,144,103,53
143,103,39,144,103,59
143,103,47,143,103,65
143,103,55,143,103,71
143,103,63,143,103,77
143,103,71,142,103,83
143,103,79,142,102,90
143,103,87,141,102,97
143,103,95,140,101,103
143,103,103,140,101,110
143,103,111,139,100,118
143,103,119,139,99,125
143,103,127,139,99,133
143,103,135,139,98,142
143,103,143,139,98,151
143,103,151,138,97,162
143,103,159,137,96,174
143,103,167,136,95,186
143,103,175,135,94,199
143,103,183,133,94,211
143,103,191,131,94,221
143,103,199,129,94,230
143,103,207,128,94,237
143,103,215,126,94,243
143,103,223,124,93,247
143,103,231,123,93,250
143,103,239,121,92,252
143,103,247,119,91,253
143,103,255,118,89,254
143,111,0,143,113,30
143,111,7,143,113,35
143,111,15,144,113,39
143,111,23,144,113,46
143,111,31,144,113,53
143,111,39,144,113,59
143,111,47,144,113,65
143,111,55,144,113,71
143,111,63,144,113,77
143,111,71,143,113,84
143,111,79,143,112,90
143,111,87,142,112,97
143,111,95,142,111,103
143,111,103,141,111,110
143,111,111,141,110,117
143,111,119,140,109,124
143,111,127,140,109,131
143,111,135,140,108,140
143,111,143,140,107,149
143,111,151,139,106,159
143,111,159,139,105,170
143,111,167,138,104,182
143,111,175,137,103,195
143,111,183,135,102,206
143,111,191,134,102,217
143,111,199,132,101,227
143,111,207,130,101,236
143,111,215,129,100,242
143,111,223,127,100,247
143,111,231,125,99,250
143,111,239,124,98,252
143,111,247,122,97,253
143,111,255,121,95,254
143,119,0,143,124,30
143,119,7,144,124,36
143,119,15,144,124,41
143,119,23,144,124,46
143,119,31,145,123,53
143,119,39,145,123,61
143,119,47,145,123,66
143,119,55,145,123,72
143,119,63,145,123,78
143,119,71,145,123,84
143,119,79,144,122,91
143,119,87,144,122,97
143,119,95,144,121,104
143,119,103,143,120,110
143,119,111,142,120,116
143,119,119,142,119,123
143,119,127,142,118,130
143,119,135,141,117,138
143,119,143,141,117,146
143,119,151,141,116,156
143,119,159,140,115,167
143,119,167,140,113,178
143,119,175,138,112,190
143,119,183,137,111,202
143,119,191,136,110,213
143,119,199,134,109,224
143,119,207,133,108,233
143,119,215,131,107,240
143,119,223,130,106,245
143,119,231,128,106,250
143,119,239,127,104,252
143,119,247,125,103,253
143,119,255,123,101,254
143,127,0,143,134,31
143,127,7,144,134,36
143,127,15,144,134,43
143,127,23,145,134,49
143,127,31,145,133,54
143,127,39,145,133,61
143,127,47,146,133,67
143,127,55,146,133,72
143,127,63,146,133,78
143,127,71,146,132,85
143,127,79,146,132,91
143,127,87,145,132,97
143,127,95,145,131,104
143,127,103,145,130,110
143,127,111,144,129,116
143,127,119,143,128,123
143,127,127,143,128,130
143,127,135,143,127,137
143,127,143,142,126,145
143,127,151,142,125,153
143,127,159,142,124,163
143,127,167,141,123,175
143,127,175,140,121,186
143,127,183,139,120,198
143,127,191,138,119,209
143,127,199,136,117,220
143,127,207,135,116,230
143,127,215,133,115,238
143,127,223,132,114,244
143,127,231,131,112,249
143,127,239,129,111,252
143,127,247,128,110,253
143,127,255,126,109,254
143,135,0,142,144,32
143,135,7,143,144,36
143,135,15,144,144,42
143,135,23,145,144,50
143,135,31,145,143,56
143,135,39,146,143,61
143,135,47,146,143,67
143,135,55,147,142,73
143,135,63,147,142,79
143,135,71,147,142,85
143,135,79,147,142,91
143,135,87,147,141,98
143,135,95,147,141,104
143,135,103,146,140,110
143,135,111,146,139,116
143,135,119,145,138,123
143,135,127,145,137,129
143,135,135,144,136,136
143,135,143,144,135,143
143,135,151,143,134,152
143,135,159,143,133,161
143,135,167,143,132,171
143,135,175,142,131,183
143,135,183,141,129,194
143,135,191,140,127,206
143,135,199,139,126,217
143,135,207,137,124,227
143,135,215,136,123,236
143,135,223,134,121,243
143,135,231,133,120,248
143,135,239,132,118,252
143,135,247,130,117,254
143,135,255,129,115,254
143,143,0,142,154,33
143,143,7,142,154,37
143,143,15,143,154,42
143,143,23,144,153,48
143,143,31,145,153,57
143,143,39,146,153,62
143,143,47,147,153,68
143,143,55,147,152,74
143,143,63,147,152,79
143,143,71,148,152,86
143,143,79,148,152,92
143,143,87,148,151,98
143,143,95,148,150,104
143,143,103,148,150,111
143,143,111,147,149,117
143,143,119,147,148,123
143,143,127,146,147,129
143,143,135,146,146,135
143,143,143,145,144,142
143,143,151,145,144,150
143,143,159,145,143,159
143,143,167,144,142,168
143,143,175,144,140,179
143,143,183,143,139,190
143,143,191,142,137,202
143,143,199,141,135,213
143,143,207,139,133,224
143,143,215,138,131,234
143,143,223,137,129,241
143,143,231,136,127,248
143,143,239,134,126,252
143,143,247,133,124,254
143,143,255,131,122,255
143,151,0,142,165,35
143,151,7,142,165,38
143,151,15,143,164,42
143,151,23,143,164,48
143,151,31,145,164,55
143,151,39,146,163,63
143,151,47,146,163,68
143,151,55,147,163,74
143,151,63,148,163,80
143,151,71,148,163,86
143,151,79,149,162,92
143,151,87,149,162,98
143,151,95,149,161,105
143,151,103,149,160,111
143,151,111,149,159,117
143,151,119,148,158,123
143,151,127,148,157,129
143,151,135,147,156,135
143,151,143,147,155,142
143,151,151,147,154,149
143,151,159,146,153,157
143,151,167,146,152,166
143,151,175,145,150,176
143,151,183,145,149,187
143,151,191,144,147,198
143,151,199,143,145,209
143,151,207,142,142,221
143,151,215,140,140,230
143,151,223,139,138,239
143,151,231,138,135,246
143,151,239,137,133,251
143,151,247,135,131,253
143,151,255,133,129,255
143,159,0,141,175,36
143,159,7,141,175,40
143,159,15,142,175,44
143,159,23,143,175,49
143,159,31,144,174,55
143,159,39,145,174,62
143,159,47,146,174,69
143,159,55,147,174,74
143,159,63,148,173,80
143,159,71,149,173,86
143,159,79,149,173,92
143,159,87,150,173,99
143,159,95,150,172,105
143,159,103,150,171,111
143,159,111,150,170,117
143,159,119,150,169,123
143,159,127,149,168,129
143,159,135,149,167,135
143,159,143,149,166,141
143,159,151,148,165,148
143,159,159,148,164,156
143,159,167,148,163,164
143,159,175,147,161,173
143,159,183,147,160,183
143,159,191,146,158,194
143,159,199,145,156,205
143,159,207,144,153,217
143,159,215,143,150,227
143,159,223,141,147,236
143,159,231,140,144,244
143,159,239,139,142,249
143,159,247,138,140,253
143,159,255,136,136,254
143,167,0,140,186,37
143,167,7,140,186,41
143,167,15,141,186,45
143,167,23,142,185,51
143,167,31,143,185,56
143,167,39,144,185,62
143,167,47,145,185,68
143,167,55,147,185,75
143,167,63,148,185,80
143,167,71,149,184,86
143,167,79,149,184,92
143,167,87,150,184,99
143,167,95,150,183,105
143,167,103,151,182,111
143,167,111,151,181,117
143,167,119,151,181,123
143,167,127,151,180,129
143,167,135,150,179,135
143,167,143,150,178,141
143,167,151,150,177,148
143,167,159,150,176,155
143,167,167,150,175,162
143,167,175,149,173,171
143,167,183,149,172,181
143,167,191,148,169,191
143,167,199,147,167,202
143,167,207,146,164,213
143,167,215,145,161,223
143,167,223,144,157,233
143,167,231,142,154,241
143,167,239,141,151,248
143,167,247,140,148,252
143,167,255,138,145,255
143,175,0,138,197,38
143,175,7,139,197,41
143,175,15,140,197,45
143,175,23,141,197,51
143,175,31,142,196,58
143,175,39,143,196,63
143,175,47,144,196,68
143,175,55,146,196,75
143,175,63,147,196,80
143,175,71,148,196,86
143,175,79,149,195,93
143,175,87,150,195,99
143,175,95,151,195,105
143,175,103,151,194,111
143,175,111,151,194,117
143,175,119,151,193,123
143,175,127,151,192,129
143,175,135,152,191,135
143,175,143,152,190,141
143,175,151,152,189,147
143,175,159,151,188,154
143,175,167,151,187,161
143,175,175,151,186,169
143,175,183,151,184,178
143,175,191,150,182,188
143,175,199,149,180,198
143,175,207,148,177,209
143,175,215,147,173,220
143,175,223,146,169,230
143,175,231,144,165,238
143,175,239,143,161,246
143,175,247,142,157,251
143,175,255,140,154,254
143,183,0,137,208,39
143,183,7,137,208,41
143,183,15,138,207,45
143,183,23,139,207,50
143,183,31,140,207,56
143,183,39,142,207,64
143,183,47,143,207,69
143,183,55,145,207,74
143,183,63,146,207,81
143,183,71,147,207,86
143,183,79,149,207,93
143,183,87,150,207,99
143,183,95,150,207,105
143,183,103,151,206,111
143,183,111,151,205,117
143,183,119,152,205,123
143,183,127,152,204,129
143,183,135,152,203,135
143,183,143,152,203,141
143,183,151,152,202,147
143,183,159,153,200,153
143,183,167,153,199,160
143,183,175,152,198,167
143,183,183,152,197,176
143,183,191,151,195,185
143,183,199,151,193,195
143,183,207,150,190,205
143,183,215,149,186,216
143,183,223,147,182,226
143,183,231,146,177,235
143,183,239,145,173,243
143,183,247,144,169,250
143,183,255,142,165,253
143,191,0,135,217,40
143,191,7,135,217,42
143,191,15,136,217,45
143,191,23,137,217,50
143,191,31,139,218,55
143,191,39,141,218,62
143,191,47,142,218,69
143,191,55,144,218,75
143,191,63,145,218,80
143,191,71,147,218,86
143,191,79,148,218,92
143,191,87,149,218,99
143,191,95,150,218,105
143,191,103,151,217,111
143,191,111,151,217,117
143,191,119,152,216,123
143,191,127,152,215,128
143,191,135,153,215,134
143,191,143,153,214,140
143,191,151,153,213,147
143,191,159,153,212,153
143,191,167,153,211,159
143,191,175,153,210,166
143,191,183,153,209,173
143,191,191,153,208,182
143,191,199,152,206,191
143,191,207,151,203,201
143,191,215,150,200,212
143,191,223,149,196,222
143,191,231,148,191,231
143,191,239,147,186,240
143,191,247,146,181,247
143,191,255,144,176,253
143,199,0,133,226,41
143,199,7,134,226,44
143,199,15,135,226,48
143,199,23,136,227,51
143,199,31,137,227,56
143,199,39,139,227,61
143,199,47,141,228,68
143,199,55,143,228,75
143,199,63,144,228,80
143,199,71,146,228,86
143,199,79,147,228,92
143,199,87,149,228,98
143,199,95,150,228,104
143,199,103,151,228,110
143,199,111,152,227,117
143,199,119,152,227,122
143,199,127,153,226,128
143,199,135,153,226,134
143,199,143,153,225,139
143,199,151,154,224,145
143,199,159,154,224,151
143,199,167,154,223,158
143,199,175,154,222,165
143,199,183,154,221,171
143,199,191,153,220,179
143,199,199,153,219,188
143,199,207,152,216,197
143,199,215,152,213,208
143,199,223,150,209,218
143,199,231,149,205,227
143,199,239,148,200,237
143,199,247,148,194,247
143,199,255,145,189,251
143,207,0,130,233,41
143,207,7,131,234,44
143,207,15,132,234,47
143,207,23,134,234,52
143,207,31,136,235,57
143,207,39,137,235,62
143,207,47,139,236,67
143,207,55,142,237,74
143,207,63,144,237,80
143,207,71,145,237,85
143,207,79,147,237,91
143,207,87,148,237,97
143,207,95,149,237,103
143,207,103,150,237,109
143,207,111,151,237,115
143,207,119,152,236,121
143,207,127,152,236,127
143,207,135,153,236,133
143,207,143,154,235,138
143,207,151,154,235,144
143,207,159,154,234,150
143,207,167,154,234,156
143,207,175,154,233,162
143,207,183,154,232,169
143,207,191,154,231,176
143,207,199,154,231,184
143,207,207,153,229,193
143,207,215,152,226,203
143,207,223,151,223,213
143,207,231,151,219,224
143,207,239,150,215,234
143,207,247,148,209,244
143,207,255,147,204,252
143,215,0,128,239,41
143,215,7,129,240,44
143,215,15,130,240,47
143,215,23,132,240,52
143,215,31,134,241,57
143,215,39,136,241,63
143,215,47,138,242,68
143,215,55,140,242,73
143,215,63,142,243,79
143,215,71,144,244,84
143,215,79,146,244,90
143,215,87,148,244,96
143,215,95,149,244,102
143,215,103,150,245,108
143,215,111,151,245,114
143,215,119,152,244,119
143,215,127,152,244,125
143,215,135,153,244,131
143,215,143,153,243,136
143,215,151,153,243,142
143,215,159,154,243,148
143,215,167,154,242,154
143,215,175,154,242,160
143,215,183,154,241,166
143,215,191,154,241,173
143,215,199,153,240,180
143,215,207,153,239,188
143,215,215,153,238,198
143,215,223,152,235,208
143,215,231,151,232,219
143,215,239,150,228,230
143,215,247,150,224,241
143,215,255,149,218,250
143,223,0,126,245,42
143,223,7,127,245,45
143,223,15,128,245,47
143,223,23,129,245,51
143,223,31,131,246,56
143,223,39,134,246,62
143,223,47,136,247,68
143,223,55,138,247,72
143,223,63,140,247,78
143,223,71,143,248,83
143,223,79,144,248,89
143,223,87,146,249,94
143,223,95,148,249,100
143,223,103,149,249,106
143,223,111,150,249,112
143,223,119,151,249,117
143,223,127,152,249,123
143,223,135,152,249,129
143,223,143,153,249,134
143,223,151,153,249,140
143,223,159,153,249,145
143,223,167,153,248,151
143,223,175,153,248,156
143,223,183,153,248,163
143,223,191,153,247,169
143,223,199,153,247,177
143,223,207,153,247,184
143,223,215,152,245,193
143,223,223,151,244,203
143,223,231,151,242,214
143,223,239,151,240,225
143,223,247,150,236,238
143,223,255,149,232,248
143,231,0,124,248,44
143,231,7,125,249,46
143,231,15,126,249,48
143,231,23,127,249,51
143,231,31,129,249,55
143,231,39,131,250,60
143,231,47,134,250,66
143,231,55,136,250,72
143,231,63,138,251,77
143,231,71,141,251,82
143,231,79,143,252,88
143,231,87,145,252,93
143,231,95,146,252,99
143,231,103,148,252,104
143,231,111,149,252,109
143,231,119,150,252,115
143,231,127,150,252,120
143,231,135,151,252,126
143,231,143,152,252,131
143,231,151,152,253,137
143,231,159,153,253,142
143,231,167,153,253,148
143,231,175,153,252,154
143,231,183,153,252,159
143,231,191,152,252,166
143,231,199,152,251,173
143,231,207,152,251,180
143,231,215,152,251,189
143,231,223,151,250,198
143,231,231,151,249,208
143,231,239,150,247,220
143,231,247,150,245,232
143,231,255,150,243,245
143,239,0,122,252,45
143,239,7,123,252,48
143,239,15,124,252,50
143,239,23,126,252,53
143,239,31,127,252,56
143,239,39,129,252,60
143,239,47,131,252,65
143,239,55,134,253,70
143,239,63,136,253,75
143,239,71,138,253,80
143,239,79,140,253,85
143,239,87,143,253,91
143,239,95,144,253,96
143,239,103,146,253,102
143,239,111,147,253,107
143,239,119,148,254,113
143,239,127,149,254,118
143,239,135,150,254,123
143,239,143,150,254,129
143,239,151,151,254,134
143,239,159,151,254,139
143,239,167,151,254,145
143,239,175,151,254,150
143,239,183,152,254,156
143,239,191,152,255,163
143,239,199,151,254,169
143,239,207,151,254,176
143,239,215,150,254,184
143,239,223,150,254,193
143,239,231,150,253,203
143,239,239,150,253,214
143,239,247,149,252,226
143,239,255,149,250,238
143,247,0,120,254,45
143,247,7,121,254,47
143,247,15,122,254,50
143,247,23,124,254,53
143,247,31,125,254,57
143,247,39,127,254,61
143,247,47,129,254,64
143,247,55,131,254,69
143,247,63,134,254,74
143,247,71,136,254,79
143,247,79,138,254,84
143,247,87,140,254,89
143,247,95,142,254,94
143,247,103,143,254,100
143,247,111,145,254,105
143,247,119,146,254,110
143,247,127,147,254,115
143,247,135,148,254,121
143,247,143,148,255,126
143,247,151,149,255,132
143,247,159,149,255,137
143,247,167,149,255,142
143,247,175,149,255,147
143,247,183,149,255,153
143,247,191,149,255,159
143,247,199,149,255,165
143,247,207,150,255,172
143,247,215,149,255,180
143,247,223,149,255,189
143,247,231,148,255,198
143,247,239,148,255,209
143,247,247,148,255,220
143,247,255,148,255,232
143,255,0,119,255,47
143,255,7,120,255,48
143,255,15,120,255,50
143,255,23,122,255,53
143,255,31,123,255,56
143,255,39,125,255,61
143,255,47,127,255,64
143,255,55,129,255,68
143,255,63,131,255,72
143,255,71,133,255,77
143,255,79,135,255,82
143,255,87,137,255,87
143,255,95,139,255,93
143,255,103,141,255,98
143,255,111,143,255,103
143,255,119,144,255,109
143,255,127,145,255,113
143,255,135,146,255,119
143,255,143,146,255,123
143,255,151,147,255,129
143,255,159,147,255,134
143,255,167,148,255,139
143,255,175,148,255,145
143,255,183,148,255,151
143,255,191,148,255,156
143,255,199,148,255,162
143,255,207,147,255,169
143,255,215,147,255,176
143,255,223,147,255,185
143,255,231,148,255,194
143,255,239,147,255,204
143,255,247,147,255,215
143,255,255,147,255,225
151,0,0,144,3,20
151,0,7,144,4,27
151,0,15,145,5,36
151,0,23,146,6,45
151,0,31,146,7,54
151,0,39,146,7,62
151,0,47,146,8,71
151,0,55,145,8,79
151,0,63,145,8,87
151,0,71,144,9,95
151,0,79,143,9,105
151,0,87,143,10,115
151,0,95,142,10,125
151,0,103,141,10,137
151,0,111,140,11,149
151,0,119,139,11,161
151,0,127,137,12,174
151,0,135,135,13,187
151,0,143,133,14,199
151,0,151,130,16,210
151,0,159,127,18,220
151,0,167,123,20,226
151,0,175,119,22,231
151,0,183,115,24,235
151,0,191,111,26,238
151,0,199,108,28,241
151,0,207,104,30,243
151,0,215,101,32,245
151,0,223,98,33,247
151,0,231,95,33,249
151,0,239,92,34,251
151,0,247,90,35,252
151,0,255,87,36,254
151,7,0,144,5,20
151,7,7,144,6,27
151,7,15,145,6,36
151,7,23,146,7,45
151,7,31,146,8,54
151,7,39,146,9,62
151,7,47,146,10,70
151,7,55,145,10,78
151,7,63,145,10,86
151,7,71,144,11,95
151,7,79,143,11,104
151,7,87,143,12,113
151,7,95,142,12,124
151,7,103,141,13,135
151,7,111,140,13,147
151,7,119,139,13,159
151,7,127,137,14,172
151,7,135,135,15,185
151,7,143,133,17,197
151,7,151,130,19,209
151,7,159,127,21,219
151,7,167,124,23,225
151,7,175,120,25,230
151,7,183,116,27,234
151,7,191,112,29,238
151,7,199,109,30,240
151,7,207,105,32,243
151,7,215,102,34,245
151,7,223,99,36,247
151,7,231,96,36,249
151,7,239,94,37,251
151,7,247,91,38,252
151,7,255,89,39,254
151,15,0,143,8,21
151,15,7,144,9,28
151,15,15,145,10,36
151,15,23,146,11,45
151,15,31,146,11,53
151,15,39,146,12,61
151,15,47,146,12,69
151,15,55,145,13,77
151,15,63,145,13,85
151,15,71,144,14,93
151,15,79,143,14,102
151,15,87,143,15,112
151,15,95,142,15,122
151,15,103,141,16,133
151,15,111,140,16,145
151,15,119,139,17,157
151,15,127,138,17,169
151,15,135,136,18,182
151,15,143,134,20,195
151,15,151,131,21,206
151,15,159,128,24,217
151,15,167,125,27,224
151,15,175,121,29,229
151,15,183,117,31,233
151,15,191,113,32,237
151,15,199,110,34,240
151,15,207,107,35,243
151,15,215,103,37,245
151,15,223,101,39,247
151,15,231,98,40,249
151,15,239,95,40,251
151,15,247,92,41,252
151,15,255,90,41,254
151,23,0,143,12,21
151,23,7,144,13,28
151,23,15,145,14,36
151,23,23,146,15,45
151,23,31,146,16,53
151,23,39,146,16,61
151,23,47,146,17,69
151,23,55,146,17,76
151,23,63,145,18,84
151,23,71,144,18,92
151,23,79,143,18,101
151,23,87,143,19,110
151,23,95,142,20,120
151,23,103,141,20,131
151,23,111,141,21,142
151,23,119,140,21,153
151,23,127,138,22,166
151,23,135,137,23,178
151,23,143,134,24,191
151,23,151,132,25,203
151,23,159,129,28,214
151,23,167,126,31,222
151,23,175,122,34,227
151,23,183,119,36,232
151,23,191,115,37,236
151,23,199,111,38,240
151,23,207,108,40,243
151,23,215,105,41,245
151,23,223,102,43,247
151,23,231,100,45,249
151,23,239,97,45,251
151,23,247,94,45,252
151,23,255,92,45,253
151,31,0,143,18,21
151,31,7,145,19,28
151,31,15,146,20,36
151,31,23,147,21,45
151,31,31,147,22,52
151,31,39,147,22,60
151,31,47,146,23,68
151,31,55,146,23,75
151,31,63,145,23,83
151,31,71,145,24,91
151,31,79,144,24,99
151,31,87,143,24,108
151,31,95,142,25,118
151,31,103,142,26,128
151,31,111,141,26,138
151,31,119,140,27,149
151,31,127,139,27,161
151,31,135,138,28,174
151,31,143,136,29,187
151,31,151,133,30,200
151,31,159,130,33,210
151,31,167,127,35,219
151,31,175,124,39,225
151,31,183,120,42,231
151,31,191,117,43,235
151,31,199,113,44,239
151,31,207,110,45,242
151,31,215,107,46,245
151,31,223,104,47,248
151,31,231,102,49,249
151,31,239,99,50,251
151,31,247,97,50,252
151,31,255,95,50,253
151,39,0,144,26,21
151,39,7,145,27,29
151,39,15,146,27,36
151,39,23,147,28,45
151,39,31,147,29,52
151,39,39,147,30,59
151,39,47,147,30,67
151,39,55,146,30,74
151,39,63,146,30,82
151,39,71,145,30,89
151,39,79,144,31,97
151,39,87,144,31,106
151,39,95,143,31,115
151,39,103,142,31,125
151,39,111,142,32,135
151,39,119,141,33,146
151,39,127,140,33,157
151,39,135,139,34,169
151,39,143,137,35,182
151,39,151,135,36,195
151,39,159,132,38,206
151,39,167,129,41,216
151,39,175,126,43,223
151,39,183,122,46,229
151,39,191,119,49,234
151,39,199,116,52,239
151,39,207,113,52,242
151,39,215,110,52,245
151,39,223,107,53,248
151,39,231,104,53,250
151,39,239,102,54,251
151,39,247,100,55,252
151,39,255,98,56,253
151,47,0,144,34,22
151,47,7,145,35,30
151,47,15,146,35,36
151,47,23,147,36,44
151,47,31,147,37,52
151,47,39,148,37,59
151,47,47,147,38,66
151,47,55,147,38,73
151,47,63,146,38,80
151,47,71,146,38,88
151,47,79,145,38,96
151,47,87,144,38,104
151,47,95,144,38,113
151,47,103,143,38,122
151,47,111,142,39,132
151,47,119,142,39,142
151,47,127,141,39,153
151,47,135,140,40,165
151,47,143,138,41,178
151,47,151,136,42,190
151,47,159,134,44,202
151,47,167,131,46,212
151,47,175,128,49,221
151,47,183,124,51,228
151,47,191,121,54,234
151,47,199,118,56,238
151,47,207,115,57,242
151,47,215,112,58,246
151,47,223,110,59,248
151,47,231,107,59,250
151,47,239,105,59,252
151,47,247,103,59,253
151,47,255,101,59,253
151,55,0,144,43,23
151,55,7,146,44,30
151,55,15,147,44,36
151,55,23,147,45,44
151,55,31,148,45,51
151,55,39,148,46,58
151,55,47,148,46,65
151,55,55,147,46,72
151,55,63,147,46,79
151,55,71,146,46,86
151,55,79,145,46,94
151,55,87,145,46,102
151,55,95,144,46,111
151,55,103,143,46,120
151,55,111,143,46,129
151,55,119,142,46,139
151,55,127,142,46,150
151,55,135,141,47,161
151,55,143,140,47,174
151,55,151,138,48,186
151,55,159,136,49,198
151,55,167,133,52,209
151,55,175,130,54,218
151,55,183,127,56,226
151,55,191,124,59,233
151,55,199,120,60,238
151,55,207,118,62,242
151,55,215,115,63,246
151,55,223,112,63,249
151,55,231,110,64,251
151,55,239,108,63,252
151,55,247,106,63,253
151,55,255,104,63,254
151,63,0,145,52,23
151,63,7,146,53,30
151,63,15,147,53,37
151,63,23,148,54,44
151,63,31,148,54,52
151,63,39,148,54,58
151,63,47,148,55,65
151,63,55,147,55,71
151,63,63,147,55,78
151,63,71,146,55,85
151,63,79,145,54,93
151,63,87,145,54,100
151,63,95,144,54,109
151,63,103,144,54,117
151,63,111,143,53,126
151,63,119,143,53,136
151,63,127,142,54,146
151,63,135,142,54,157
151,63,143,140,54,170
151,63,151,139,55,182
151,63,159,137,56,195
151,63,167,135,57,206
151,63,175,132,59,216
151,63,183,129,61,224
151,63,191,126,63,231
151,63,199,123,65,237
151,63,207,120,66,242
151,63,215,118,67,246
151,63,223,115,68,249
151,63,231,113,68,251
151,63,239,111,68,252
151,63,247,109,67,253
151,63,255,107,67,254
151,71,0,146,62,24
151,71,7,147,62,31
151,71,15,148,62,38
151,71,23,148,62,44
151,71,31,148,63,51
151,71,39,148,63,58
151,71,47,148,63,64
151,71,55,147,63,71
151,71,63,147,63,77
151,71,71,146,63,84
151,71,79,146,63,92
151,71,87,145,63,99
151,71,95,144,62,107
151,71,103,144,62,115
151,71,111,143,62,124
151,71,119,143,62,133
151,71,127,143,61,143
151,71,135,142,61,154
151,71,143,141,62,165
151,71,151,140,62,178
151,71,159,139,62,190
151,71,167,137,63,203
151,71,175,134,65,213
151,71,183,131,66,223
151,71,191,128,68,230
151,71,199,126,70,237
151,71,207,123,71,241
151,71,215,120,72,246
151,71,223,118,72,249
151,71,231,116,72,251
151,71,239,114,72,253
151,71,247,112,72,253
151,71,255,110,71,254
151,79,0,146,71,25
151,79,7,147,72,31
151,79,15,148,72,38
151,79,23,148,72,45
151,79,31,148,72,51
151,79,39,149,72,58
151,79,47,148,72,64
151,79,55,148,73,71
151,79,63,147,73,77
151,79,71,147,72,84
151,79,79,146,72,91
151,79,87,145,72,98
151,79,95,145,71,106
151,79,103,144,71,114
151,79,111,144,70,122
151,79,119,144,70,131
151,79,127,143,70,140
151,79,135,143,70,150
151,79,143,143,70,161
151,79,151,141,70,173
151,79,159,140,70,186
151,79,167,138,70,199
151,79,175,136,71,210
151,79,183,133,72,220
151,79,191,131,73,228
151,79,199,128,75,235
151,79,207,126,76,241
151,79,215,123,77,245
151,79,223,121,77,249
151,79,231,119,77,251
151,79,239,117,76,253
151,79,247,115,76,253
151,79,255,113,75,254
151,87,0,147,81,26
151,87,7,148,81,32
151,87,15,148,81,38
151,87,23,149,81,46
151,87,31,149,82,52
151,87,39,149,82,59
151,87,47,149,82,65
151,87,55,148,82,71
151,87,63,148,82,77
151,87,71,147,82,84
151,87,79,147,81,90
151,87,87,146,81,97
151,87,95,145,81,105
151,87,103,145,80,112
151,87,111,144,80,120
151,87,119,144,79,128
151,87,127,144,79,137
151,87,135,144,79,147
151,87,143,143,78,157
151,87,151,143,78,169
151,87,159,141,78,182
151,87,167,140,78,194
151,87,175,138,78,207
151,87,183,136,79,217
151,87,191,133,79,226
151,87,199,131,80,233
151,87,207,128,81,240
151,87,215,126,82,245
151,87,223,124,82,248
151,87,231,122,82,251
151,87,239,120,81,253
151,87,247,118,80,254
151,87,255,116,80,254
151,95,0,148,91,26
151,95,7,148,91,31
151,95,15,149,91,37
151,95,23,149,91,45
151,95,31,150,91,53
151,95,39,150,92,59
151,95,47,150,92,65
151,95,55,149,92,71
151,95,63,149,92,77
151,95,71,148,92,84
151,95,79,148,91,90
151,95,87,147,91,97
151,95,95,146,90,104
151,95,103,146,90,111
151,95,111,145,89,119
151,95,119,145,89,127
151,95,127,145,89,135
151,95,135,145,88,144
151,95,143,144,88,154
151,95,151,144,87,165
151,95,159,143,86,177
151,95,167,142,86,190
151,95,175,140,86,202
151,95,183,138,86,214
151,95,191,135,86,223
151,95,199,133,87,232
151,95,207,131,87,238
151,95,215,129,88,244
151,95,223,127,87,248
151,95,231,125,87,251
151,95,239,123,86,253
151,95,247,121,86,254
151,95,255,119,84,254
151,103,0,149,101,28
151,103,7,149,101,33
151,103,15,149,101,38
151,103,23,150,101,45
151,103,31,150,101,54
151,103,39,150,101,59
151,103,47,150,102,65
151,103,55,150,102,71
151,103,63,150,102,77
151,103,71,149,102,84
151,103,79,149,101,90
151,103,87,148,101,97
151,103,95,147,100,104
151,103,103,147,100,111
151,103,111,146,99,118
151,103,119,146,99,125
151,103,127,146,98,133
151,103,135,146,98,141
151,103,143,145,97,151
151,103,151,145,96,162
151,103,159,144,96,173
151,103,167,143,95,186
151,103,175,142,94,198
151,103,183,140,94,210
151,103,191,138,93,220
151,103,199,136,94,229
151,103,207,133,94,237
151,103,215,131,94,243
151,103,223,129,94,247
151,103,231,128,93,250
151,103,239,126,92,253
151,103,247,124,91,253
151,103,255,123,90,254
151,111,0,150,111,29
151,111,7,150,111,35
151,111,15,150,111,40
151,111,23,151,111,46
151,111,31,151,111,53
151,111,39,151,111,61
151,111,47,151,111,66
151,111,55,151,111,72
151,111,63,151,111,78
151,111,71,150,111,84
151,111,79,150,111,91
151,111,87,149,111,97
151,111,95,149,110,104
151,111,103,148,110,111
151,111,111,147,109,117
151,111,119,147,108,124
151,111,127,147,108,132
151,111,135,147,107,140
151,111,143,146,106,149
151,111,151,146,106,158
151,111,159,145,105,170
151,111,167,145,104,182
151,111,175,143,103,194
151,111,183,142,102,206
151,111,191,140,101,217
151,111,199,138,101,226
151,111,207,136,101,235
151,111,215,134,100,241
151,111,223,132,100,247
151,111,231,130,99,250
151,111,239,129,98,252
151,111,247,127,97,254
151,111,255,125,95,254
151,119,0,150,121,30
151,119,7,150,121,36
151,119,15,151,121,42
151,119,23,151,121,48
151,119,31,151,121,54
151,119,39,152,121,61
151,119,47,152,121,67
151,119,55,152,121,73
151,119,63,152,121,79
151,119,71,152,121,85
151,119,79,151,121,91
151,119,87,151,120,98
151,119,95,150,120,104
151,119,103,149,119,111
151,119,111,149,118,117
151,119,119,148,118,124
151,119,127,148,117,131
151,119,135,148,116,138
151,119,143,147,116,147
151,119,151,147,115,156
151,119,159,147,114,166
151,119,167,146,113,178
151,119,175,145,112,190
151,119,183,144,111,202
151,119,191,142,110,213
151,119,199,140,109,223
151,119,207,138,108,232
151,119,215,136,107,240
151,119,223,135,106,245
151,119,231,133,106,250
151,119,239,132,105,252
151,119,247,130,103,254
151,119,255,128,102,254
151,127,0,150,132,31
151,127,7,150,131,36
151,127,15,151,131,42
151,127,23,152,131,50
151,127,31,152,131,55
151,127,39,152,131,61
151,127,47,152,131,68
151,127,55,153,131,73
151,127,63,153,131,79
151,127,71,153,131,85
151,127,79,152,130,92
151,127,87,152,130,98
151,127,95,151,129,104
151,127,103,151,129,111
151,127,111,150,128,117
151,127,119,150,127,123
151,127,127,149,126,130
151,127,135,149,125,137
151,127,143,149,125,145
151,127,151,148,124,154
151,127,159,148,123,164
151,127,167,147,122,174
151,127,175,147,121,186
151,127,183,145,119,198
151,127,191,144,118,209
151,127,199,142,117,220
151,127,207,141,116,229
151,127,215,139,115,237
151,127,223,137,114,244
151,127,231,136,112,249
151,127,239,134,111,253
151,127,247,133,110,254
151,127,255,131,108,255
151,135,0,150,141,32
151,135,7,150,141,37
151,135,15,151,141,42
151,135,23,151,141,49
151,135,31,152,141,57
151,135,39,153,141,62
151,135,47,153,141,68
151,135,55,153,140,74
151,135,63,153,140,80
151,135,71,154,140,86
151,135,79,153,140,92
151,135,87,153,139,99
151,135,95,153,139,105
151,135,103,152,138,111
151,135,111,152,137,117
151,135,119,151,136,123
151,135,127,151,135,130
151,135,135,150,134,137
151,135,143,150,134,144
151,135,151,150,133,152
151,135,159,149,132,161
151,135,167,149,131,171
151,135,175,148,130,182
151,135,183,147,128,194
151,135,191,146,127,205
151,135,199,145,125,216
151,135,207,143,124,226
151,135,215,141,122,235
151,135,223,140,121,243
151,135,231,138,119,248
151,135,239,137,118,252
151,135,247,135,117,254
151,135,255,133,115,255
151,143,0,149,151,33
151,143,7,150,151,36
151,143,15,150,151,41
151,143,23,151,151,48
151,143,31,152,151,56
151,143,39,153,150,63
151,143,47,153,150,69
151,143,55,154,150,74
151,143,63,154,150,80
151,143,71,155,150,86
151,143,79,155,149,93
151,143,87,155,149,99
151,143,95,154,148,105
151,143,103,154,147,111
151,143,111,153,146,117
151,143,119,153,145,123
151,143,127,152,145,129
151,143,135,152,144,136
151,143,143,151,143,143
151,143,151,151,142,150
151,143,159,151,141,159
151,143,167,150,140,169
151,143,175,150,139,179
151,143,183,149,137,190
151,143,191,148,136,201
151,143,199,147,134,213
151,143,207,145,132,223
151,143,215,144,130,233
151,143,223,142,128,241
151,143,231,141,127,247
151,143,239,139,125,251
151,143,247,137,124,254
151,143,255,136,122,255
151,151,0,149,161,36
151,151,7,149,161,40
151,151,15,150,161,44
151,151,23,151,161,49
151,151,31,152,160,55
151,151,39,153,160,63
151,151,47,153,160,69
151,151,55,154,160,75
151,151,63,155,160,81
151,151,71,155,160,87
151,151,79,155,160,93
151,151,87,155,159,99
151,151,95,155,158,106
151,151,103,155,157,112
151,151,111,155,157,118
151,151,119,154,155,123
151,151,127,154,154,129
151,151,135,153,154,136
151,151,143,153,152,142
151,151,151,152,151,149
151,151,159,152,151,157
151,151,167,152,150,166
151,151,175,151,149,176
151,151,183,151,147,187
151,151,191,150,145,198
151,151,199,149,143,209
151,151,207,147,141,220
151,151,215,146,139,230
151,151,223,145,137,239
151,151,231,143,135,245
151,151,239,142,133,251
151,151,247,140,131,254
151,151,255,138,129,255
151,159,0,148,171,37
151,159,7,149,171,41
151,159,15,149,171,46
151,159,23,150,171,51
151,159,31,151,171,56
151,159,39,152,171,63
151,159,47,153,170,70
151,159,55,154,170,75
151,159,63,155,170,81
151,159,71,155,170,87
151,159,79,156,170,93
151,159,87,156,170,100
151,159,95,156,169,106
151,159,103,156,168,112
151,159,111,156,167,118
151,159,119,156,166,124
151,159,127,155,165,130
151,159,135,155,164,136
151,159,143,155,163,142
151,159,151,154,162,149
151,159,159,154,161,156
151,159,167,154,160,165
151,159,175,153,159,173
151,159,183,153,158,184
151,159,191,152,156,194
151,159,199,151,154,205
151,159,207,150,151,216
151,159,215,148,149,227
151,159,223,147,146,236
151,159,231,145,143,244
151,159,239,144,141,249
151,159,247,143,139,254
151,159,255,141,136,254
151,167,0,147,182,38
151,167,7,147,182,42
151,167,15,148,182,46
151,167,23,149,181,52
151,167,31,150,181,58
151,167,39,151,181,63
151,167,47,152,181,69
151,167,55,154,181,76
151,167,63,154,181,81
151,167,71,155,181,87
151,167,79,156,180,94
151,167,87,157,180,100
151,167,95,157,180,106
151,167,103,157,179,112
151,167,111,157,178,118
151,167,119,157,178,124
151,167,127,156,177,130
151,167,135,156,176,136
151,167,143,156,175,142
151,167,151,156,174,148
151,167,159,156,173,155
151,167,167,155,172,163
151,167,175,155,170,172
151,167,183,155,169,181
151,167,191,154,167,191
151,167,199,153,165,202
151,167,207,152,162,213
151,167,215,151,159,223
151,167,223,149,156,233
151,167,231,148,153,241
151,167,239,146,150,248
151,167,247,145,147,252
151,167,255,143,145,255
151,175,0,145,192,38
151,175,7,146,192,41
151,175,15,147,192,45
151,175,23,148,192,51
151,175,31,149,192,58
151,175,39,150,192,64
151,175,47,151,192,69
151,175,55,153,192,76
151,175,63,154,192,82
151,175,71,155,192,88
151,175,79,156,192,94
151,175,87,156,192,100
151,175,95,157,191,106
151,175,103,157,191,112
151,175,111,158,190,119
151,175,119,158,189,124
151,175,127,158,188,130
151,175,135,158,187,136
151,175,143,157,187,142
151,175,151,157,186,148
151,175,159,157,185,155
151,175,167,157,183,162
151,175,175,157,182,170
151,175,183,156,181,179
151,175,191,156,179,188
151,175,199,155,177,199
151,175,207,154,174,209
151,175,215,153,171,220
151,175,223,151,167,229
151,175,231,150,163,238
151,175,239,149,160,245
151,175,247,147,156,251
151,175,255,145,153,253
151,183,0,144,203,38
151,183,7,144,203,41
151,183,15,145,203,45
151,183,23,146,203,50
151,183,31,147,203,56
151,183,39,149,203,64
151,183,47,150,203,70
151,183,55,152,203,75
151,183,63,153,203,82
151,183,71,154,203,88
151,183,79,155,203,94
151,183,87,156,203,100
151,183,95,157,202,106
151,183,103,158,202,113
151,183,111,158,202,118
151,183,119,158,201,124
151,183,127,158,200,130
151,183,135,158,199,136
151,183,143,159,199,142
151,183,151,159,198,148
151,183,159,159,197,155
151,183,167,158,196,161
151,183,175,158,195,168
151,183,183,158,194,176
151,183,191,158,192,186
151,183,199,157,190,196
151,183,207,156,187,206
151,183,215,155,184,216
151,183,223,154,180,226
151,183,231,152,175,235
151,183,239,151,171,243
151,183,247,149,167,249
151,183,255,147,164,253
151,191,0,142,213,41
151,191,7,143,213,43
151,191,15,144,213,46
151,191,23,145,213,50
151,191,31,146,213,56
151,191,39,147,213,62
151,191,47,149,214,70
151,191,55,151,214,76
151,191,63,152,214,81
151,191,71,154,214,88
151,191,79,155,214,94
151,191,87,156,214,100
151,191,95,157,214,106
151,191,103,157,213,112
151,191,111,158,213,118
151,191,119,159,212,124
151,191,127,159,211,130
151,191,135,159,211,136
151,191,143,159,210,142
151,191,151,160,210,148
151,191,159,160,209,154
151,191,167,160,208,160
151,191,175,160,207,167
151,191,183,159,206,175
151,191,191,159,204,183
151,191,199,158,203,192
151,191,207,157,200,202
151,191,215,157,197,213
151,191,223,155,193,222
151,191,231,154,189,232
151,191,239,153,184,240
151,191,247,151,179,247
151,191,255,150,175,252
151,199,0,140,222,41
151,199,7,141,222,44
151,199,15,142,222,48
151,199,23,143,223,52
151,199,31,144,223,57
151,199,39,146,223,62
151,199,47,148,224,69
151,199,55,150,224,76
151,199,63,151,224,81
151,199,71,153,224,87
151,199,79,154,225,94
151,199,87,155,225,100
151,199,95,157,225,106
151,199,103,157,224,112
151,199,111,158,224,118
151,199,119,159,223,124
151,199,127,159,223,130
151,199,135,160,222,135
151,199,143,160,221,141
151,199,151,160,221,147
151,199,159,161,220,153
151,199,167,160,220,160
151,199,175,160,219,166
151,199,183,160,218,173
151,199,191,160,217,181
151,199,199,159,215,189
151,199,207,159,213,199
151,199,215,158,210,209
151,199,223,157,207,219
151,199,231,156,202,228
151,199,239,154,197,238
151,199,247,153,192,247
151,199,255,151,187,251
151,207,0,137,230,41
151,207,7,138,230,44
151,207,15,139,231,47
151,207,23,141,231,53
151,207,31,143,231,58
151,207,39,144,232,63
151,207,47,146,232,68
151,207,55,148,233,75
151,207,63,150,233,81
151,207,71,152,234,87
151,207,79,153,234,93
151,207,87,155,234,99
151,207,95,156,234,105
151,207,103,157,234,111
151,207,111,158,234,117
151,207,119,159,234,123
151,207,127,160,233,129
151,207,135,160,233,135
151,207,143,160,232,141
151,207,151,161,232,146
151,207,159,161,231,152
151,207,167,161,231,158
151,207,175,161,230,164
151,207,183,161,229,171
151,207,191,160,229,178
151,207,199,160,228,186
151,207,207,159,226,195
151,207,215,159,224,205
151,207,223,158,220,215
151,207,231,157,216,225
151,207,239,156,212,235
151,207,247,154,207,245
151,207,255,153,201,253
151,215,0,135,237,41
151,215,7,136,237,44
151,215,15,137,237,47
151,215,23,138,238,51
151,215,31,140,238,57
151,215,39,143,239,64
151,215,47,144,239,69
151,215,55,146,240,74
151,215,63,149,241,80
151,215,71,151,242,86
151,215,79,153,242,92
151,215,87,154,242,98
151,215,95,156,242,104
151,215,103,157,242,110
151,215,111,158,242,116
151,215,119,158,242,122
151,215,127,159,242,128
151,215,135,160,241,133
151,215,143,160,241,139
151,215,151,161,241,145
151,215,159,161,241,151
151,215,167,161,240,156
151,215,175,161,240,162
151,215,183,160,239,168
151,215,191,160,239,175
151,215,199,160,238,183
151,215,207,160,237,191
151,215,215,159,235,201
151,215,223,158,233,210
151,215,231,158,230,221
151,215,239,157,226,232
151,215,247,156,221,243
151,215,255,154,216,250
151,223,0,133,242,43
151,223,7,133,242,45
151,223,15,134,243,47
151,223,23,136,243,51
151,223,31,138,243,56
151,223,39,140,244,62
151,223,47,143,245,69
151,223,55,145,245,74
151,223,63,147,246,79
151,223,71,149,246,85
151,223,79,151,247,90
151,223,87,153,247,96
151,223,95,155,248,103
151,223,103,156,248,108
151,223,111,157,248,115
151,223,119,158,248,120
151,223,127,159,248,126
151,223,135,159,248,131
151,223,143,160,248,137
151,223,151,160,247,142
151,223,159,160,247,148
151,223,167,160,247,154
151,223,175,160,247,160
151,223,183,160,246,166
151,223,191,160,246,172
151,223,199,160,245,179
151,223,207,159,245,187
151,223,215,159,244,196
151,223,223,159,242,206
151,223,231,158,240,216
151,223,239,157,237,227
151,223,247,156,234,239
151,223,255,156,230,249
151,231,0,131,247,44
151,231,7,131,247,46
151,231,15,132,248,48
151,231,23,134,248,51
151,231,31,135,248,55
151,231,39,137,248,60
151,231,47,140,249,67
151,231,55,143,249,73
151,231,63,145,250,78
151,231,71,147,250,83
151,231,79,150,251,89
151,231,87,151,251,95
151,231,95,153,251,101
151,231,103,155,251,107
151,231,111,156,251,112
151,231,119,157,252,118
151,231,127,158,252,124
151,231,135,159,252,129
151,231,143,159,252,135
151,231,151,160,252,141
151,231,159,160,252,146
151,231,167,160,251,151
151,231,175,160,251,157
151,231,183,159,251,163
151,231,191,159,251,169
151,231,199,159,251,176
151,231,207,159,251,184
151,231,215,159,250,192
151,231,223,158,249,201
151,231,231,157,248,211
151,231,239,157,246,223
151,231,247,157,245,235
151,231,255,156,241,246
151,239,0,128,251,45
151,239,7,129,251,47
151,239,15,131,251,50
151,239,23,132,251,53
151,239,31,133,251,57
151,239,39,135,251,61
151,239,47,138,252,65
151,239,55,140,252,71
151,239,63,143,252,77
151,239,71,145,253,82
151,239,79,147,253,87
151,239,87,150,253,93
151,239,95,152,253,99
151,239,103,153,253,105
151,239,111,154,253,110
151,239,119,155,253,116
151,239,127,156,254,121
151,239,135,157,254,127
151,239,143,158,254,132
151,239,151,158,254,137
151,239,159,159,254,143
151,239,167,159,254,149
151,239,175,159,254,155
151,239,183,159,254,160
151,239,191,158,254,166
151,239,199,158,254,172
151,239,207,158,254,180
151,239,215,158,254,188
151,239,223,158,253,197
151,239,231,157,253,206
151,239,239,156,252,217
151,239,247,156,251,229
151,239,255,156,250,240
151,247,0,126,253,44
151,247,7,127,253,47
151,247,15,128,253,49
151,247,23,129,253,53
151,247,31,132,254,58
151,247,39,133,254,61
151,247,47,135,254,65
151,247,55,137,254,70
151,247,63,140,254,75
151,247,71,143,254,80
151,247,79,144,254,85
151,247,87,147,254,91
151,247,95,149,254,97
151,247,103,150,254,102
151,247,111,152,254,108
151,247,119,153,254,114
151,247,127,154,254,119
151,247,135,155,254,125
151,247,143,156,255,130
151,247,151,156,255,135
151,247,159,156,255,140
151,247,167,157,255,146
151,247,175,157,255,151
151,247,183,157,255,157
151,247,191,157,255,163
151,247,199,157,255,170
151,247,207,157,255,176
151,247,215,156,255,184
151,247,223,156,255,192
151,247,231,156,255,202
151,247,239,156,255,212
151,247,247,156,255,223
151,247,255,155,254,234
151,255,0,125,255,46
151,255,7,125,255,48
151,255,15,126,255,50
151,255,23,127,255,53
151,255,31,129,255,57
151,255,39,131,255,61
151,255,47,133,255,65
151,255,55,135,255,69
151,255,63,137,255,73
151,255,71,140,255,78
151,255,79,142,255,83
151,255,87,144,255,89
151,255,95,146,255,95
151,255,103,148,255,101
151,255,111,150,255,106
151,255,119,151,255,112
151,255,127,152,255,117
151,255,135,153,255,122
151,255,143,154,255,127
151,255,151,155,255,133
151,255,159,155,255,138
151,255,167,155,255,144
151,255,175,155,255,149
151,255,183,155,255,154
151,255,191,155,255,160
151,255,199,155,255,166
151,255,207,155,255,173
151,255,215,155,255,180
151,255,223,155,255,188
151,255,231,154,255,198
151,255,239,154,255,208
151,255,247,154,255,218
151,255,255,154,255,228
159,0,0,150,5,22
159,0,7,151,6,29
159,0,15,152,6,36
159,0,23,153,7,46
159,0,31,153,7,54
159,0,39,153,8,62
159,0,47,153,8,71
159,0,55,153,8,78
159,0,63,152,8,86
159,0,71,152,8,95
159,0,79,151,8,104
159,0,87,151,8,114
159,0,95,150,9,124
159,0,103,149,10,135
159,0,111,148,11,147
159,0,119,147,11,159
159,0,127,145,13,171
159,0,135,144,14,184
159,0,143,141,15,196
159,0,151,139,16,208
159,0,159,135,18,217
159,0,167,132,20,225
159,0,175,128,22,230
159,0,183,124,24,235
159,0,191,120,26,238
159,0,199,116,28,240
159,0,207,112,30,243
159,0,215,109,32,245
159,0,223,106,33,247
159,0,231,102,34,249
159,0,239,99,35,251
159,0,247,97,36,253
159,0,255,94,38,254
159,7,0,150,6,22
159,7,7,151,7,29
159,7,15,152,8,36
159,7,23,153,9,45
159,7,31,153,9,54
159,7,39,153,10,62
159,7,47,153,10,70
159,7,55,153,10,78
159,7,63,152,10,86
159,7,71,152,10,94
159,7,79,151,10,103
159,7,87,151,11,113
159,7,95,150,12,123
159,7,103,149,12,134
159,7,111,149,13,145
159,7,119,147,14,157
159,7,127,146,15,169
159,7,135,144,16,181
159,7,143,142,17,194
159,7,151,139,18,207
159,7,159,136,20,216
159,7,167,132,22,224
159,7,175,128,25,229
159,7,183,124,27,234
159,7,191,121,29,237
159,7,199,117,30,240
159,7,207,113,33,242
159,7,215,110,35,245
159,7,223,107,36,247
159,7,231,103,37,249
159,7,239,100,37,251
159,7,247,98,38,253
159,7,255,95,40,254
159,15,0,150,8,22
159,15,7,151,9,29
159,15,15,152,10,36
159,15,23,153,11,45
159,15,31,153,12,53
159,15,39,153,13,61
159,15,47,153,13,69
159,15,55,153,13,77
159,15,63,152,13,85
159,15,71,152,14,93
159,15,79,151,14,102
159,15,87,151,14,111
159,15,95,150,15,122
159,15,103,149,15,132
159,15,111,149,16,143
159,15,119,147,17,155
159,15,127,146,18,167
159,15,135,144,19,179
159,15,143,142,20,192
159,15,151,140,22,205
159,15,159,137,24,214
159,15,167,133,26,222
159,15,175,129,28,228
159,15,183,125,31,233
159,15,191,122,32,237
159,15,199,118,34,240
159,15,207,114,36,242
159,15,215,111,39,245
159,15,223,108,40,247
159,15,231,105,40,249
159,15,239,102,41,251
159,15,247,99,41,253
159,15,255,97,42,254
159,23,0,150,12,22
159,23,7,151,13,29
159,23,15,152,14,37
159,23,23,153,15,45
159,23,31,153,16,53
159,23,39,154,17,61
159,23,47,153,17,68
159,23,55,153,18,76
159,23,63,153,18,84
159,23,71,152,18,92
159,23,79,151,18,100
159,23,87,151,19,110
159,23,95,150,19,120
159,23,103,150,20,130
159,23,111,149,20,141
159,23,119,148,21,152
159,23,127,147,22,164
159,23,135,145,23,176
159,23,143,143,24,189
159,23,151,141,26,201
159,23,159,138,28,211
159,23,167,134,30,220
159,23,175,130,33,226
159,23,183,127,35,232
159,23,191,123,37,236
159,23,199,119,38,239
159,23,207,116,40,242
159,23,215,112,42,245
159,23,223,109,45,247
159,23,231,106,45,249
159,23,239,104,45,251
159,23,247,101,45,252
159,23,255,99,45,253
159,31,0,150,18,22
159,31,7,151,19,30
159,31,15,152,20,37
159,31,23,153,21,45
159,31,31,154,22,53
159,31,39,154,22,60
159,31,47,154,23,68
159,31,55,153,23,75
159,31,63,153,24,83
159,31,71,152,24,90
159,31,79,152,24,99
159,31,87,151,25,107
159,31,95,150,25,117
159,31,103,150,25,127
159,31,111,149,26,138
159,31,119,148,26,149
159,31,127,147,27,160
159,31,135,146,28,172
159,31,143,144,29,185
159,31,151,142,31,198
159,31,159,139,33,208
159,31,167,136,36,217
159,31,175,132,39,224
159,31,183,128,41,230
159,31,191,124,43,235
159,31,199,121,44,239
159,31,207,117,45,242
159,31,215,114,47,245
159,31,223,111,49,248
159,31,231,108,50,250
159,31,239,106,51,251
159,31,247,103,50,252
159,31,255,101,50,253
159,39,0,150,25,22
159,39,7,152,26,30
159,39,15,153,27,37
159,39,23,154,28,44
159,39,31,154,29,52
159,39,39,154,29,60
159,39,47,154,30,67
159,39,55,154,30,74
159,39,63,153,30,82
159,39,71,153,30,89
159,39,79,152,31,97
159,39,87,151,31,106
159,39,95,151,31,115
159,39,103,150,32,124
159,39,111,150,32,134
159,39,119,149,33,145
159,39,127,148,33,156
159,39,135,147,34,168
159,39,143,145,34,181
159,39,151,143,36,193
159,39,159,140,38,205
159,39,167,137,41,214
159,39,175,134,44,222
159,39,183,130,47,228
159,39,191,126,49,234
159,39,199,123,50,239
159,39,207,119,52,243
159,39,215,116,53,245
159,39,223,113,54,248
159,39,231,111,55,250
159,39,239,108,55,251
159,39,247,106,56,253
159,39,255,104,55,253
159,47,0,151,33,22
159,47,7,152,34,30
159,47,15,153,35,37
159,47,23,154,36,44
159,47,31,155,37,52
159,47,39,155,37,59
159,47,47,154,38,66
159,47,55,154,38,73
159,47,63,154,38,80
159,47,71,153,38,88
159,47,79,152,38,96
159,47,87,152,38,104
159,47,95,151,38,113
159,47,103,151,38,122
159,47,111,150,39,131
159,47,119,150,39,141
159,47,127,149,40,152
159,47,135,148,40,164
159,47,143,146,41,176
159,47,151,144,42,189
159,47,159,142,43,201
159,47,167,139,46,211
159,47,175,135,48,220
159,47,183,132,51,227
159,47,191,128,54,233
159,47,199,125,56,238
159,47,207,122,58,242
159,47,215,119,58,246
159,47,223,116,59,248
159,47,231,113,59,250
159,47,239,111,59,252
159,47,247,109,60,253
159,47,255,107,60,253
159,55,0,151,42,23
159,55,7,152,42,30
159,55,15,154,43,38
159,55,23,154,44,44
159,55,31,155,45,52
159,55,39,155,45,59
159,55,47,155,46,66
159,55,55,154,46,72
159,55,63,154,46,79
159,55,71,153,46,87
159,55,79,153,46,94
159,55,87,152,46,102
159,55,95,152,46,110
159,55,103,151,46,119
159,55,111,151,46,129
159,55,119,150,46,138
159,55,127,149,46,149
159,55,135,149,47,160
159,55,143,147,47,173
159,55,151,146,48,185
159,55,159,143,50,197
159,55,167,141,51,208
159,55,175,137,54,217
159,55,183,134,56,225
159,55,191,131,58,232
159,55,199,127,60,238
159,55,207,124,62,242
159,55,215,121,63,246
159,55,223,119,64,248
159,55,231,116,64,251
159,55,239,114,64,252
159,55,247,111,64,253
159,55,255,109,64,254
159,63,0,152,51,24
159,63,7,153,51,30
159,63,15,154,52,38
159,63,23,154,53,45
159,63,31,155,53,52
159,63,39,155,54,59
159,63,47,155,54,65
159,63,55,154,54,72
159,63,63,154,54,79
159,63,71,153,54,86
159,63,79,153,54,93
159,63,87,152,54,101
159,63,95,152,54,109
159,63,103,151,54,117
159,63,111,151,54,126
159,63,119,151,54,136
159,63,127,150,54,145
159,63,135,149,54,157
159,63,143,148,54,168
159,63,151,147,54,181
159,63,159,145,55,193
159,63,167,143,57,205
159,63,175,139,59,215
159,63,183,136,61,224
159,63,191,133,63,231
159,63,199,130,65,237
159,63,207,127,66,242
159,63,215,124,68,246
159,63,223,121,68,249
159,63,231,119,68,251
159,63,239,117,69,253
159,63,247,114,68,253
159,63,255,112,68,254
159,71,0,152,60,25
159,71,7,153,60,31
159,71,15,154,61,38
159,71,23,155,61,45
159,71,31,155,62,52
159,71,39,155,62,59
159,71,47,155,63,65
159,71,55,155,63,71
159,71,63,154,63,78
159,71,71,154,63,85
159,71,79,153,63,92
159,71,87,153,62,99
159,71,95,152,62,107
159,71,103,152,62,115
159,71,111,151,62,124
159,71,119,151,61,133
159,71,127,150,61,142
159,71,135,150,61,153
159,71,143,149,62,164
159,71,151,148,62,177
159,71,159,146,62,189
159,71,167,144,63,201
159,71,175,141,64,212
159,71,183,138,66,222
159,71,191,135,68,229
159,71,199,132,70,236
159,71,207,129,71,241
159,71,215,127,72,245
159,71,223,124,73,249
159,71,231,122,73,251
159,71,239,119,73,253
159,71,247,117,72,254
159,71,255,115,72,254
159,79,0,153,70,26
159,79,7,153,70,31
159,79,15,154,70,37
159,79,23,155,71,46
159,79,31,155,71,52
159,79,39,155,71,59
159,79,47,155,72,65
159,79,55,155,72,71
159,79,63,154,72,78
159,79,71,154,72,84
159,79,79,153,72,91
159,79,87,153,71,99
159,79,95,152,71,106
159,79,103,152,71,114
159,79,111,151,70,122
159,79,119,151,70,131
159,79,127,151,70,140
159,79,135,151,70,149
159,79,143,150,70,161
159,79,151,149,69,172
159,79,159,148,69,185
159,79,167,146,70,198
159,79,175,143,71,210
159,79,183,141,72,219
159,79,191,138,73,228
159,79,199,135,75,234
159,79,207,132,76,241
159,79,215,129,77,245
159,79,223,127,77,249
159,79,231,125,77,251
159,79,239,122,77,253
159,79,247,120,76,254
159,79,255,118,76,254
159,87,0,154,79,27
159,87,7,154,80,32
159,87,15,155,80,38
159,87,23,155,80,45
159,87,31,156,80,53
159,87,39,156,81,59
159,87,47,156,81,65
159,87,55,155,81,71
159,87,63,155,81,78
159,87,71,155,81,84
159,87,79,154,81,91
159,87,87,153,81,98
159,87,95,153,80,105
159,87,103,152,80,113
159,87,111,152,79,120
159,87,119,152,79,128
159,87,127,151,79,137
159,87,135,151,79,147
159,87,143,151,78,157
159,87,151,150,78,168
159,87,159,149,78,181
159,87,167,147,77,193
159,87,175,145,78,205
159,87,183,143,78,216
159,87,191,140,79,225
159,87,199,137,81,233
159,87,207,134,81,239
159,87,215,132,82,245
159,87,223,130,82,248
159,87,231,127,82,251
159,87,239,125,82,253
159,87,247,123,81,254
159,87,255,121,80,254
159,95,0,154,89,26
159,95,7,155,89,32
159,95,15,155,90,37
159,95,23,156,90,45
159,95,31,156,90,54
159,95,39,156,90,60
159,95,47,156,91,66
159,95,55,156,91,72
159,95,63,156,91,78
159,95,71,155,91,84
159,95,79,155,91,91
159,95,87,154,90,98
159,95,95,153,90,105
159,95,103,153,89,112
159,95,111,152,89,119
159,95,119,152,88,127
159,95,127,152,88,135
159,95,135,152,88,144
159,95,143,152,87,154
159,95,151,151,87,165
159,95,159,150,86,177
159,95,167,149,86,189
159,95,175,147,86,201
159,95,183,145,86,213
159,95,191,142,86,223
159,95,199,139,87,231
159,95,207,137,87,238
159,95,215,134,88,244
159,95,223,132,88,248
159,95,231,130,88,251
159,95,239,128,87,253
159,95,247,126,86,254
159,95,255,124,85,254
159,103,0,155,99,28
159,103,7,156,99,34
159,103,15,156,99,39
159,103,23,156,100,46
159,103,31,157,100,53
159,103,39,157,100,60
159,103,47,157,100,66
159,103,55,157,100,72
159,103,63,157,101,78
159,103,71,156,101,85
159,103,79,156,100,91
159,103,87,155,100,98
159,103,95,154,100,104
159,103,103,154,99,111
159,103,111,153,99,118
159,103,119,153,98,126
159,103,127,153,98,134
159,103,135,152,97,142
159,103,143,152,97,151
159,103,151,152,96,161
159,103,159,151,95,173
159,103,167,150,94,185
159,103,175,149,94,197
159,103,183,147,94,209
159,103,191,144,93,220
159,103,199,142,94,229
159,103,207,139,94,237
159,103,215,137,94,242
159,103,223,135,94,248
159,103,231,133,93,250
159,103,239,131,93,253
159,103,247,129,91,254
159,103,255,128,90,254
159,111,0,156,109,29
159,111,7,156,109,35
159,111,15,157,109,42
159,111,23,157,110,47
159,111,31,157,110,54
159,111,39,158,110,61
159,111,47,158,110,67
159,111,55,158,110,73
159,111,63,157,110,79
159,111,71,157,110,85
159,111,79,157,110,91
159,111,87,156,110,98
159,111,95,155,109,105
159,111,103,155,109,111
159,111,111,154,108,118
159,111,119,154,107,125
159,111,127,154,107,132
159,111,135,153,106,140
159,111,143,153,106,149
159,111,151,153,105,159
159,111,159,152,104,169
159,111,167,152,103,181
159,111,175,150,102,193
159,111,183,149,102,205
159,111,191,146,101,216
159,111,199,144,101,226
159,111,207,142,101,234
159,111,215,140,100,241
159,111,223,138,100,246
159,111,231,136,100,250
159,111,239,134,99,252
159,111,247,132,98,254
159,111,255,130,96,254
159,119,0,157,119,30
159,119,7,157,119,36
159,119,15,157,119,42
159,119,23,158,119,50
159,119,31,158,120,55
159,119,39,158,120,62
159,119,47,158,120,68
159,119,55,158,120,74
159,119,63,158,120,79
159,119,71,158,120,86
159,119,79,158,120,92
159,119,87,157,119,98
159,119,95,157,119,105
159,119,103,156,118,111
159,119,111,155,118,118
159,119,119,155,117,124
159,119,127,154,116,131
159,119,135,154,116,139
159,119,143,154,115,147
159,119,151,154,114,156
159,119,159,153,113,166
159,119,167,153,112,178
159,119,175,152,111,189
159,119,183,150,110,201
159,119,191,149,109,212
159,119,199,146,109,223
159,119,207,144,108,232
159,119,215,142,107,240
159,119,223,140,107,245
159,119,231,138,106,250
159,119,239,137,105,252
159,119,247,135,103,254
159,119,255,133,102,255
159,127,0,157,129,32
159,127,7,157,129,36
159,127,15,158,129,42
159,127,23,158,129,50
159,127,31,159,129,57
159,127,39,159,129,62
159,127,47,159,129,68
159,127,55,159,129,74
159,127,63,159,129,80
159,127,71,159,129,86
159,127,79,159,129,93
159,127,87,159,129,99
159,127,95,158,128,105
159,127,103,157,127,111
159,127,111,157,127,118
159,127,119,156,126,124
159,127,127,156,125,131
159,127,135,155,124,138
159,127,143,155,124,145
159,127,151,155,123,154
159,127,159,154,122,164
159,127,167,154,121,174
159,127,175,153,120,186
159,127,183,152,119,197
159,127,191,150,118,208
159,127,199,149,116,219
159,127,207,147,115,229
159,127,215,145,114,237
159,127,223,143,113,244
159,127,231,141,112,249
159,127,239,139,111,252
159,127,247,137,110,254
159,127,255,136,108,255
159,135,0,157,139,33
159,135,7,157,139,37
159,135,15,158,139,42
159,135,23,158,139,49
159,135,31,159,139,57
159,135,39,159,139,63
159,135,47,159,139,69
159,135,55,160,139,75
159,135,63,160,139,80
159,135,71,160,139,87
159,135,79,160,138,93
159,135,87,160,138,99
159,135,95,159,137,105
159,135,103,159,136,112
159,135,111,158,136,118
159,135,119,157,135,124
159,135,127,157,134,130
159,135,135,156,133,137
159,135,143,156,133,144
159,135,151,156,132,152
159,135,159,155,131,161
159,135,167,155,130,171
159,135,175,154,129,182
159,135,183,153,128,194
159,135,191,152,126,205
159,135,199,151,125,216
159,135,207,149,123,226
159,135,215,147,122,235
159,135,223,145,121,242
159,135,231,143,119,248
159,135,239,142,118,252
159,135,247,140,117,255
159,135,255,138,115,255
159,143,0,157,149,32
159,143,7,157,149,36
159,143,15,158,149,41
159,143,23,158,148,47
159,143,31,159,148,55
159,143,39,160,148,65
159,143,47,160,148,70
159,143,55,160,148,75
159,143,63,161,148,81
159,143,71,161,148,87
159,143,79,161,147,93
159,143,87,161,147,100
159,143,95,161,146,106
159,143,103,160,146,112
159,143,111,159,145,118
159,143,119,159,144,124
159,143,127,158,143,130
159,143,135,158,142,137
159,143,143,157,141,144
159,143,151,157,141,151
159,143,159,157,140,159
159,143,167,156,139,169
159,143,175,156,138,179
159,143,183,155,137,190
159,143,191,154,135,201
159,143,199,153,133,212
159,143,207,151,131,223
159,143,215,149,130,232
159,143,223,148,128,240
159,143,231,146,127,247
159,143,239,144,125,252
159,143,247,142,123,254
159,143,255,140,122,255
159,151,0,156,158,37
159,151,7,157,158,41
159,151,15,157,158,45
159,151,23,158,158,50
159,151,31,158,158,56
159,151,39,159,158,63
159,151,47,160,158,70
159,151,55,161,158,76
159,151,63,161,158,82
159,151,71,162,157,88
159,151,79,162,157,94
159,151,87,162,157,100
159,151,95,162,156,106
159,151,103,161,155,112
159,151,111,161,154,118
159,151,119,160,153,124
159,151,127,160,152,130
159,151,135,159,152,137
159,151,143,159,151,143
159,151,151,158,150,150
159,151,159,158,149,158
159,151,167,158,148,167
159,151,175,157,147,176
159,151,183,157,146,187
159,151,191,156,144,198
159,151,199,155,142,209
159,151,207,153,140,220
159,151,215,152,138,229
159,151,223,150,136,238
159,151,231,148,134,245
159,151,239,147,133,251
159,151,247,145,131,254
159,151,255,143,129,255
159,159,0,155,168,38
159,159,7,156,168,42
159,159,15,157,168,47
159,159,23,157,168,53
159,159,31,158,168,58
159,159,39,159,168,64
159,159,47,160,167,70
159,159,55,161,167,76
159,159,63,162,167,82
159,159,71,162,167,88
159,159,79,162,167,94
159,159,87,163,167,101
159,159,95,163,166,107
159,159,103,162,166,113
159,159,111,162,165,118
159,159,119,162,164,124
159,159,127,161,163,130
159,159,135,161,162,136
159,159,143,160,161,143
159,159,151,160,160,149
159,159,159,160,159,157
159,159,167,159,158,165
159,159,175,159,157,174
159,159,183,158,156,184
159,159,191,158,154,194
159,159,199,157,152,205
159,159,207,156,150,216
159,159,215,154,148,226
159,159,223,152,145,235
159,159,231,151,143,243
159,159,239,149,141,248
159,159,247,148,139,253
159,159,255,146,136,254
159,167,0,154,178,38
159,167,7,155,178,42
159,167,15,155,178,46
159,167,23,156,178,53
159,167,31,158,178,60
159,167,39,158,178,65
159,167,47,159,178,70
159,167,55,161,178,77
159,167,63,161,178,82
159,167,71,162,178,88
159,167,79,163,178,95
159,167,87,163,177,101
159,167,95,163,177,107
159,167,103,163,176,113
159,167,111,163,175,119
159,167,119,163,174,125
159,167,127,163,174,131
159,167,135,162,173,137
159,167,143,162,172,143
159,167,151,162,171,149
159,167,159,161,170,156
159,167,167,161,169,164
159,167,175,161,168,172
159,167,183,160,167,181
159,167,191,160,165,191
159,167,199,159,163,202
159,167,207,158,160,213
159,167,215,156,158,223
159,167,223,155,155,232
159,167,231,153,152,240
159,167,239,151,149,248
159,167,247,150,147,251
159,167,255,148,144,254
159,175,0,153,188,38
159,175,7,153,188,42
159,175,15,154,188,46
159,175,23,155,188,51
159,175,31,156,188,59
159,175,39,158,188,66
159,175,47,159,188,71
159,175,55,160,188,77
159,175,63,161,188,83
159,175,71,162,189,89
159,175,79,163,189,95
159,175,87,163,188,101
159,175,95,164,188,107
159,175,103,164,187,113
159,175,111,164,187,119
159,175,119,164,186,125
159,175,127,164,185,131
159,175,135,164,184,137
159,175,143,164,183,143
159,175,151,163,182,149
159,175,159,163,182,156
159,175,167,163,181,163
159,175,175,162,180,170
159,175,183,162,178,179
159,175,191,162,176,189
159,175,199,161,174,199
159,175,207,160,172,210
159,175,215,159,169,220
159,175,223,157,165,229
159,175,231,155,162,238
159,175,239,154,159,245
159,175,247,152,156,251
159,175,255,150,152,253
159,183,0,151,198,38
159,183,7,152,198,41
159,183,15,152,198,45
159,183,23,153,198,50
159,183,31,155,198,56
159,183,39,156,199,64
159,183,47,158,199,71
159,183,55,159,199,77
159,183,63,160,199,83
159,183,71,161,199,89
159,183,79,162,199,95
159,183,87,163,199,101
159,183,95,163,199,108
159,183,103,164,199,114
159,183,111,164,198,120
159,183,119,165,197,126
159,183,127,165,196,131
159,183,135,165,196,137
159,183,143,165,195,143
159,183,151,165,194,149
159,183,159,165,193,155
159,183,167,164,192,162
159,183,175,164,191,169
159,183,183,164,190,177
159,183,191,163,189,186
159,183,199,163,187,196
159,183,207,162,184,206
159,183,215,161,181,216
159,183,223,159,177,226
159,183,231,158,173,235
159,183,239,156,169,243
159,183,247,155,166,249
159,183,255,153,163,253
159,191,0,149,208,40
159,191,7,150,208,43
159,191,15,151,208,47
159,191,23,152,209,51
159,191,31,153,209,56
159,191,39,154,209,63
159,191,47,156,209,70
159,191,55,158,209,77
159,191,63,159,210,82
159,191,71,160,210,89
159,191,79,161,210,95
159,191,87,163,210,101
159,191,95,164,210,108
159,191,103,164,209,114
159,191,111,165,209,120
159,191,119,165,208,126
159,191,127,165,208,131
159,191,135,166,207,137
159,191,143,166,206,143
159,191,151,166,206,149
159,191,159,166,205,155
159,191,167,166,204,162
159,191,175,165,203,168
159,191,183,165,202,176
159,191,191,165,201,184
159,191,199,164,199,193
159,191,207,163,197,203
159,191,215,162,194,213
159,191,223,161,190,223
159,191,231,160,186,232
159,191,239,158,181,240
159,191,247,157,177,247
159,191,255,155,173,252
159,199,0,147,217,41
159,199,7,148,218,44
159,199,15,149,218,48
159,199,23,150,218,54
159,199,31,151,218,58
159,199,39,153,219,63
159,199,47,155,219,69
159,199,55,156,220,76
159,199,63,158,220,82
159,199,71,159,220,88
159,199,79,161,221,95
159,199,87,162,221,101
159,199,95,163,221,107
159,199,103,164,220,114
159,199,111,165,220,120
159,199,119,165,219,126
159,199,127,166,219,131
159,199,135,166,218,137
159,199,143,167,218,143
159,199,151,167,217,149
159,199,159,167,217,155
159,199,167,167,216,161
159,199,175,167,215,167
159,199,183,166,214,174
159,199,191,166,213,182
159,199,199,166,212,190
159,199,207,165,210,200
159,199,215,164,207,210
159,199,223,163,203,220
159,199,231,161,199,229
159,199,239,160,195,238
159,199,247,159,189,246
159,199,255,157,185,251
159,207,0,145,226,41
159,207,7,146,226,44
159,207,15,147,226,48
159,207,23,148,227,53
159,207,31,150,227,60
159,207,39,151,228,64
159,207,47,153,228,70
159,207,55,155,229,76
159,207,63,157,230,82
159,207,71,158,230,88
159,207,79,160,230,94
159,207,87,162,231,101
159,207,95,163,231,107
159,207,103,164,231,113
159,207,111,165,231,119
159,207,119,165,230,125
159,207,127,166,230,131
159,207,135,167,229,137
159,207,143,167,229,142
159,207,151,167,228,148
159,207,159,167,228,154
159,207,167,167,227,160
159,207,175,167,227,166
159,207,183,167,226,173
159,207,191,167,225,180
159,207,199,166,224,188
159,207,207,166,223,197
159,207,215,165,221,206
159,207,223,164,217,216
159,207,231,163,214,226
159,207,239,162,209,236
159,207,247,160,204,245
159,207,255,158,199,253
159,215,0,142,233,41
159,215,7,143,234,44
159,215,15,144,234,47
159,215,23,145,234,52
159,215,31,147,235,57
159,215,39,149,236,65
159,215,47,151,236,70
159,215,55,153,237,75
159,215,63,155,238,81
159,215,71,157,238,87
159,215,79,159,239,93
159,215,87,161,239,100
159,215,95,162,239,106
159,215,103,163,239,112
159,215,111,165,239,118
159,215,119,165,239,124
159,215,127,166,239,130
159,215,135,167,239,136
159,215,143,167,239,142
159,215,151,167,238,147
159,215,159,167,238,153
159,215,167,167,237,159
159,215,175,167,237,165
159,215,183,167,237,171
159,215,191,167,236,178
159,215,199,167,235,185
159,215,207,166,234,193
159,215,215,166,232,203
159,215,223,165,230,212
159,215,231,164,227,223
159,215,239,163,223,233
159,215,247,162,219,243
159,215,255,160,213,250
159,223,0,140,240,43
159,223,7,141,240,45
159,223,15,141,240,48
159,223,23,143,241,51
159,223,31,145,241,56
159,223,39,147,242,62
159,223,47,149,243,70
159,223,55,151,243,75
159,223,63,154,244,80
159,223,71,156,245,86
159,223,79,158,246,92
159,223,87,160,246,98
159,223,95,162,246,105
159,223,103,163,246,111
159,223,111,164,246,117
159,223,119,165,246,123
159,223,127,166,246,128
159,223,135,166,246,134
159,223,143,167,246,140
159,223,151,167,246,145
159,223,159,167,246,151
159,223,167,167,245,157
159,223,175,167,245,162
159,223,183,167,244,168
159,223,191,167,244,175
159,223,199,166,243,182
159,223,207,166,243,190
159,223,215,166,242,199
159,223,223,165,240,208
159,223,231,164,238,218
159,223,239,164,235,229
159,223,247,163,231,240
159,223,255,162,228,251
159,231,0,137,245,44
159,231,7,138,245,46
159,231,15,139,245,49
159,231,23,140,246,52
159,231,31,142,246,56
159,231,39,144,246,61
159,231,47,147,247,67
159,231,55,150,248,74
159,231,63,152,248,79
159,231,71,154,249,85
159,231,79,156,250,91
159,231,87,158,250,97
159,231,95,160,250,103
159,231,103,162,251,109
159,231,111,163,251,115
159,231,119,164,251,121
159,231,127,165,251,127
159,231,135,166,251,132
159,231,143,166,251,138
159,231,151,166,251,143
159,231,159,167,250,149
159,231,167,167,250,154
159,231,175,167,250,160
159,231,183,167,250,166
159,231,191,166,250,172
159,231,199,166,249,179
159,231,207,166,249,186
159,231,215,165,249,195
159,231,223,165,248,204
159,231,231,165,247,214
159,231,239,164,245,225
159,231,247,163,242,236
159,231,255,162,239,247
159,239,0,135,249,44
159,239,7,136,249,47
159,239,15,137,250,50
159,239,23,139,250,54
159,239,31,140,250,57
159,239,39,142,250,62
159,239,47,144,251,66
159,239,55,147,251,72
159,239,63,150,252,78
159,239,71,152,252,83
159,239,79,154,252,89
159,239,87,157,252,95
159,239,95,158,253,101
159,239,103,160,253,107
159,239,111,162,253,113
159,239,119,163,253,118
159,239,127,164,254,124
159,239,135,164,254,130
159,239,143,165,254,136
159,239,151,166,254,141
159,239,159,166,254,147
159,239,167,166,254,152
159,239,175,166,254,158
159,239,183,165,253,163
159,239,191,165,253,169
159,239,199,165,253,176
159,239,207,165,253,183
159,239,215,165,253,191
159,239,223,164,253,200
159,239,231,164,252,209
159,239,239,163,251,220
159,239,247,163,250,231
159,239,255,163,249,242
159,247,0,132,252,44
159,247,7,133,252,46
159,247,15,134,252,49
159,247,23,136,253,53
159,247,31,138,253,58
159,247,39,140,253,62
159,247,47,142,253,66
159,247,55,144,253,71
159,247,63,147,254,76
159,247,71,149,254,82
159,247,79,151,254,87
159,247,87,154,254,93
159,247,95,156,254,100
159,247,103,158,254,105
159,247,111,159,254,111
159,247,119,161,254,117
159,247,127,162,254,122
159,247,135,163,255,128
159,247,143,163,255,133
159,247,151,164,255,139
159,247,159,164,255,144
159,247,167,164,255,150
159,247,175,164,255,155
159,247,183,165,255,161
159,247,191,164,255,167
159,247,199,164,255,173
159,247,207,164,255,180
159,247,215,163,255,187
159,247,223,163,255,196
159,247,231,163,255,205
159,247,239,163,255,215
159,247,247,162,254,226
159,247,255,162,254,236
159,255,0,131,254,46
159,255,7,131,254,48
159,255,15,132,254,50
159,255,23,134,254,53
159,255,31,135,254,57
159,255,39,137,255,61
159,255,47,139,255,66
159,255,55,141,255,70
159,255,63,144,255,75
159,255,71,146,255,80
159,255,79,149,255,85
159,255,87,151,255,91
159,255,95,153,255,97
159,255,103,155,255,103
159,255,111,157,255,109
159,255,119,159,255,115
159,255,127,160,255,120
159,255,135,161,255,126
159,255,143,162,255,131
159,255,151,162,255,136
159,255,159,163,255,142
159,255,167,163,255,147
159,255,175,163,255,153
159,255,183,163,255,158
159,255,191,162,255,164
159,255,199,162,255,170
159,255,207,162,255,177
159,255,215,162,255,183
159,255,223,162,255,192
159,255,231,161,255,201
159,255,239,162,255,211
159,255,247,162,255,221
159,255,255,162,255,231
167,0,0,156,5,22
167,0,7,157,6,29
167,0,15,158,6,37
167,0,23,159,7,45
167,0,31,160,7,54
167,0,39,160,8,62
167,0,47,160,8,70
167,0,55,160,8,78
167,0,63,160,8,86
167,0,71,160,8,94
167,0,79,159,8,103
167,0,87,159,9,113
167,0,95,158,9,123
167,0,103,157,10,134
167,0,111,156,11,145
167,0,119,155,12,157
167,0,127,154,13,169
167,0,135,152,14,181
167,0,143,150,15,194
167,0,151,147,16,205
167,0,159,144,17,215
167,0,167,140,20,223
167,0,175,136,22,229
167,0,183,132,25,234
167,0,191,128,27,238
167,0,199,124,29,240
167,0,207,120,31,243
167,0,215,117,32,245
167,0,223,113,34,248
167,0,231,110,35,250
167,0,239,107,36,251
167,0,247,104,37,253
167,0,255,101,39,254
167,7,0,156,7,22
167,7,7,157,8,29
167,7,15,158,8,37
167,7,23,159,9,45
167,7,31,160,9,54
167,7,39,160,10,62
167,7,47,160,10,70
167,7,55,160,10,78
167,7,63,160,10,85
167,7,71,160,11,93
167,7,79,159,11,102
167,7,87,159,11,112
167,7,95,158,12,122
167,7,103,157,13,133
167,7,111,157,13,144
167,7,119,155,14,155
167,7,127,154,16,167
167,7,135,152,17,179
167,7,143,150,17,192
167,7,151,148,18,204
167,7,159,145,20,213
167,7,167,141,22,222
167,7,175,137,25,228
167,7,183,133,27,233
167,7,191,129,30,237
167,7,199,125,32,240
167,7,207,121,34,243
167,7,215,117,35,245
167,7,223,114,37,248
167,7,231,111,37,250
167,7,239,108,38,251
167,7,247,105,39,253
167,7,255,102,41,254
167,15,0,156,9,22
167,15,7,157,10,29
167,15,15,158,11,37
167,15,23,159,11,45
167,15,31,160,12,53
167,15,39,160,13,61
167,15,47,160,13,69
167,15,55,160,13,77
167,15,63,160,14,85
167,15,71,160,14,93
167,15,79,159,14,101
167,15,87,159,14,111
167,15,95,158,15,121
167,15,103,158,15,131
167,15,111,157,16,142
167,15,119,156,17,153
167,15,127,154,18,164
167,15,135,153,20,177
167,15,143,151,20,189
167,15,151,148,22,201
167,15,159,145,23,212
167,15,167,142,25,220
167,15,175,138,28,227
167,15,183,134,31,232
167,15,191,130,33,237
167,15,199,126,35,240
167,15,207,122,38,243
167,15,215,118,39,245
167,15,223,115,40,248
167,15,231,112,41,250
167,15,239,109,41,251
167,15,247,106,42,253
167,15,255,104,43,254
167,23,0,156,12,22
167,23,7,157,13,30
167,23,15,159,14,37
167,23,23,159,15,45
167,23,31,160,16,53
167,23,39,160,17,61
167,23,47,160,17,69
167,23,55,160,18,76
167,23,63,160,18,84
167,23,71,160,18,92
167,23,79,159,18,100
167,23,87,159,18,109
167,23,95,158,19,119
167,23,103,158,20,129
167,23,111,157,20,140
167,23,119,156,21,151
167,23,127,155,22,162
167,23,135,153,23,174
167,23,143,151,25,186
167,23,151,149,26,198
167,23,159,146,27,209
167,23,167,143,30,218
167,23,175,139,32,225
167,23,183,135,35,231
167,23,191,131,37,236
167,23,199,127,39,240
167,23,207,123,42,243
167,23,215,120,44,245
167,23,223,116,45,248
167,23,231,113,45,250
167,23,239,110,45,251
167,23,247,108,45,253
167,23,255,105,46,254
167,31,0,156,18,22
167,31,7,158,19,30
167,31,15,159,20,38
167,31,23,160,21,45
167,31,31,161,22,53
167,31,39,161,23,60
167,31,47,161,23,68
167,31,55,160,24,75
167,31,63,160,24,83
167,31,71,160,24,90
167,31,79,159,24,98
167,31,87,159,24,107
167,31,95,158,24,117
167,31,103,158,25,127
167,31,111,157,25,137
167,31,119,156,26,147
167,31,127,155,27,159
167,31,135,154,28,170
167,31,143,152,29,183
167,31,151,150,31,195
167,31,159,147,33,206
167,31,167,144,35,215
167,31,175,140,37,224
167,31,183,136,40,230
167,31,191,132,42,235
167,31,199,128,44,239
167,31,207,125,47,243
167,31,215,121,49,245
167,31,223,118,51,248
167,31,231,115,51,250
167,31,239,112,50,251
167,31,247,110,50,253
167,31,255,107,50,254
167,39,0,156,24,22
167,39,7,158,25,30
167,39,15,159,27,38
167,39,23,160,27,45
167,39,31,161,28,53
167,39,39,161,29,60
167,39,47,161,30,67
167,39,55,161,30,74
167,39,63,160,31,81
167,39,71,160,31,89
167,39,79,160,31,97
167,39,87,159,31,105
167,39,95,159,31,114
167,39,103,158,32,124
167,39,111,158,32,134
167,39,119,157,32,144
167,39,127,156,33,155
167,39,135,155,34,166
167,39,143,153,35,179
167,39,151,151,36,191
167,39,159,148,38,203
167,39,167,145,41,212
167,39,175,141,44,221
167,39,183,138,46,228
167,39,191,134,48,234
167,39,199,130,50,239
167,39,207,126,52,242
167,39,215,123,53,245
167,39,223,120,55,248
167,39,231,117,56,250
167,39,239,115,56,251
167,39,247,112,56,253
167,39,255,110,55,254
167,47,0,157,32,23
167,47,7,158,33,30
167,47,15,160,34,38
167,47,23,160,35,45
167,47,31,161,36,52
167,47,39,161,37,59
167,47,47,161,37,66
167,47,55,161,38,73
167,47,63,161,38,80
167,47,71,160,38,88
167,47,79,160,38,96
167,47,87,159,38,104
167,47,95,159,38,112
167,47,103,159,38,121
167,47,111,158,39,131
167,47,119,158,39,141
167,47,127,157,40,151
167,47,135,156,40,163
167,47,143,154,41,175
167,47,151,152,42,188
167,47,159,150,43,199
167,47,167,147,45,210
167,47,175,143,48,219
167,47,183,139,51,226
167,47,191,136,54,232
167,47,199,132,56,238
167,47,207,129,57,242
167,47,215,125,58,246
167,47,223,122,59,248
167,47,231,120,60,250
167,47,239,117,61,252
167,47,247,115,61,253
167,47,255,113,61,254
167,55,0,157,41,24
167,55,7,159,42,30
167,55,15,160,43,38
167,55,23,161,44,45
167,55,31,161,44,52
167,55,39,162,45,59
167,55,47,161,46,66
167,55,55,161,46,73
167,55,63,161,46,80
167,55,71,161,46,87
167,55,79,160,46,94
167,55,87,160,46,102
167,55,95,159,46,110
167,55,103,159,46,119
167,55,111,158,46,128
167,55,119,158,46,138
167,55,127,157,46,148
167,55,135,156,47,159
167,55,143,155,47,171
167,55,151,154,48,184
167,55,159,151,49,195
167,55,167,149,51,207
167,55,175,145,53,216
167,55,183,141,56,225
167,55,191,138,58,231
167,55,199,134,61,237
167,55,207,131,62,242
167,55,215,128,64,246
167,55,223,125,64,249
167,55,231,122,64,251
167,55,239,120,65,252
167,55,247,117,64,253
167,55,255,115,65,254
167,63,0,158,49,24
167,63,7,159,50,30
167,63,15,160,51,37
167,63,23,161,52,46
167,63,31,161,52,52
167,63,39,162,53,59
167,63,47,162,54,66
167,63,55,161,54,72
167,63,63,161,54,79
167,63,71,161,54,86
167,63,79,160,54,93
167,63,87,160,54,101
167,63,95,159,54,109
167,63,103,159,54,117
167,63,111,159,53,126
167,63,119,158,53,135
167,63,127,158,54,145
167,63,135,157,54,156
167,63,143,156,54,167
167,63,151,155,55,180
167,63,159,153,55,192
167,63,167,150,57,203
167,63,175,147,59,214
167,63,183,143,61,223
167,63,191,140,63,230
167,63,199,137,65,236
167,63,207,133,67,242
167,63,215,130,68,246
167,63,223,127,69,249
167,63,231,125,69,251
167,63,239,122,69,253
167,63,247,120,69,253
167,63,255,118,69,254
167,71,0,158,59,24
167,71,7,159,59,30
167,71,15,160,60,37
167,71,23,161,60,46
167,71,31,162,61,52
167,71,39,162,62,59
167,71,47,162,62,66
167,71,55,161,62,72
167,71,63,161,63,78
167,71,71,161,63,85
167,71,79,160,62,92
167,71,87,160,62,100
167,71,95,159,62,107
167,71,103,159,62,116
167,71,111,159,62,124
167,71,119,158,62,133
167,71,127,158,62,142
167,71,135,158,62,152
167,71,143,157,62,164
167,71,151,156,62,176
167,71,159,154,62,188
167,71,167,152,63,200
167,71,175,149,64,211
167,71,183,146,66,221
167,71,191,142,68,229
167,71,199,139,70,235
167,71,207,136,71,241
167,71,215,133,72,245
167,71,223,130,73,249
167,71,231,128,73,251
167,71,239,125,73,253
167,71,247,123,73,254
167,71,255,121,73,254
167,79,0,159,68,26
167,79,7,160,68,31
167,79,15,160,69,37
167,79,23,161,69,45
167,79,31,162,70,53
167,79,39,162,70,59
167,79,47,162,71,66
167,79,55,162,71,72
167,79,63,161,71,78
167,79,71,161,72,85
167,79,79,161,72,92
167,79,87,160,71,99
167,79,95,160,71,106
167,79,103,159,71,114
167,79,111,159,70,122
167,79,119,159,70,131
167,79,127,158,70,139
167,79,135,158,70,149
167,79,143,158,70,160
167,79,151,157,69,171
167,79,159,155,70,184
167,79,167,153,70,196
167,79,175,151,71,208
167,79,183,148,72,218
167,79,191,144,73,227
167,79,199,141,75,234
167,79,207,138,76,240
167,79,215,135,77,245
167,79,223,133,78,248
167,79,231,130,78,251
167,79,239,128,77,253
167,79,247,126,77,254
167,79,255,124,76,254
167,87,0,160,77,27
167,87,7,161,78,32
167,87,15,161,78,38
167,87,23,162,79,45
167,87,31,162,79,54
167,87,39,162,80,60
167,87,47,162,80,66
167,87,55,162,80,72
167,87,63,162,81,78
167,87,71,162,81,85
167,87,79,161,81,92
167,87,87,161,80,99
167,87,95,160,80,106
167,87,103,160,80,113
167,87,111,159,79,121
167,87,119,159,79,129
167,87,127,159,79,137
167,87,135,158,79,147
167,87,143,158,78,156
167,87,151,157,78,168
167,87,159,156,78,180
167,87,167,155,77,192
167,87,175,152,78,204
167,87,183,150,78,216
167,87,191,147,79,224
167,87,199,144,81,233
167,87,207,141,82,239
167,87,215,138,82,244
167,87,223,135,83,248
167,87,231,133,83,251
167,87,239,131,82,253
167,87,247,129,82,254
167,87,255,127,81,254
167,95,0,161,87,27
167,95,7,161,88,33
167,95,15,162,88,39
167,95,23,162,88,45
167,95,31,163,89,53
167,95,39,163,89,60
167,95,47,163,90,66
167,95,55,163,90,72
167,95,63,163,90,78
167,95,71,162,90,85
167,95,79,162,90,92
167,95,87,161,90,98
167,95,95,161,90,105
167,95,103,160,89,112
167,95,111,160,89,120
167,95,119,159,88,127
167,95,127,159,88,135
167,95,135,159,87,144
167,95,143,159,87,154
167,95,151,158,87,164
167,95,159,157,86,176
167,95,167,156,86,188
167,95,175,154,86,200
167,95,183,152,86,212
167,95,191,149,86,222
167,95,199,146,87,230
167,95,207,143,88,238
167,95,215,140,88,243
167,95,223,138,88,248
167,95,231,136,88,251
167,95,239,134,88,253
167,95,247,132,87,254
167,95,255,130,86,254
167,103,0,161,97,28
167,103,7,162,97,34
167,103,15,163,98,42
167,103,23,163,98,47
167,103,31,163,98,54
167,103,39,164,99,62
167,103,47,164,99,67
167,103,55,164,100,73
167,103,63,163,100,79
167,103,71,163,100,85
167,103,79,163,100,92
167,103,87,162,100,98
167,103,95,161,99,105
167,103,103,161,99,112
167,103,111,160,98,119
167,103,119,160,98,126
167,103,127,160,97,134
167,103,135,159,97,142
167,103,143,159,96,151
167,103,151,159,96,161
167,103,159,158,95,172
167,103,167,157,94,184
167,103,175,156,94,197
167,103,183,154,94,208
167,103,191,151,94,219
167,103,199,148,94,228
167,103,207,145,94,236
167,103,215,143,94,242
167,103,223,141,94,247
167,103,231,138,94,251
167,103,239,136,93,253
167,103,247,134,92,254
167,103,255,133,91,254
167,111,0,162,107,29
167,111,7,163,107,34
167,111,15,163,108,41
167,111,23,164,108,49
167,111,31,164,108,55
167,111,39,164,108,62
167,111,47,164,109,68
167,111,55,164,109,74
167,111,63,164,109,80
167,111,71,164,109,86
167,111,79,164,109,92
167,111,87,163,109,99
167,111,95,162,109,105
167,111,103,162,108,112
167,111,111,161,108,118
167,111,119,161,107,125
167,111,127,160,106,133
167,111,135,160,106,140
167,111,143,160,105,149
167,111,151,159,105,159
167,111,159,159,104,169
167,111,167,158,103,181
167,111,175,157,102,193
167,111,183,155,102,204
167,111,191,153,101,215
167,111,199,151,101,225
167,111,207,148,101,234
167,111,215,145,101,242
167,111,223,143,100,246
167,111,231,141,100,250
167,111,239,139,99,252
167,111,247,137,98,254
167,111,255,135,96,255
167,119,0,163,117,30
167,119,7,163,117,35
167,119,15,164,117,41
167,119,23,164,118,50
167,119,31,165,118,56
167,119,39,165,118,62
167,119,47,165,118,69
167,119,55,165,119,74
167,119,63,165,119,80
167,119,71,165,119,86
167,119,79,165,119,93
167,119,87,164,118,99
167,119,95,163,118,105
167,119,103,163,117,112
167,119,111,162,117,118
167,119,119,162,116,125
167,119,127,161,115,132
167,119,135,161,115,139
167,119,143,160,114,147
167,119,151,160,114,156
167,119,159,160,113,166
167,119,167,159,112,177
167,119,175,158,111,189
167,119,183,157,110,201
167,119,191,155,109,212
167,119,199,153,108,222
167,119,207,150,108,231
167,119,215,148,107,239
167,119,223,146,107,245
167,119,231,144,106,249
167,119,239,142,105,253
167,119,247,140,104,254
167,119,255,138,102,255
167,127,0,164,127,32
167,127,7,164,127,37
167,127,15,164,127,42
167,127,23,165,127,49
167,127,31,165,127,58
167,127,39,165,128,63
167,127,47,166,128,69
167,127,55,166,128,75
167,127,63,166,128,81
167,127,71,166,128,87
167,127,79,166,128,93
167,127,87,165,127,99
167,127,95,165,127,106
167,127,103,164,126,112
167,127,111,163,126,118
167,127,119,163,125,124
167,127,127,162,124,131
167,127,135,162,124,138
167,127,143,161,123,146
167,127,151,161,122,154
167,127,159,161,122,164
167,127,167,160,121,174
167,127,175,159,120,186
167,127,183,159,119,197
167,127,191,157,117,208
167,127,199,155,116,219
167,127,207,153,115,228
167,127,215,150,114,237
167,127,223,148,113,244
167,127,231,146,112,249
167,127,239,144,111,252
167,127,247,142,110,254
167,127,255,141,109,255
167,135,0,164,137,34
167,135,7,164,137,38
167,135,15,164,137,42
167,135,23,165,137,49
167,135,31,165,137,57
167,135,39,166,137,64
167,135,47,166,137,70
167,135,55,166,137,75
167,135,63,167,137,81
167,135,71,167,137,87
167,135,79,167,137,94
167,135,87,166,137,100
167,135,95,166,136,106
167,135,103,165,135,112
167,135,111,164,135,118
167,135,119,164,134,124
167,135,127,163,133,131
167,135,135,163,132,138
167,135,143,162,132,145
167,135,151,162,131,153
167,135,159,161,130,162
167,135,167,161,129,171
167,135,175,161,129,182
167,135,183,160,127,193
167,135,191,159,126,204
167,135,199,157,124,215
167,135,207,155,123,225
167,135,215,153,122,235
167,135,223,151,121,242
167,135,231,149,119,248
167,135,239,147,118,252
167,135,247,145,117,254
167,135,255,143,115,255
167,143,0,164,146,35
167,143,7,164,146,39
167,143,15,165,146,43
167,143,23,165,146,49
167,143,31,165,146,56
167,143,39,166,146,64
167,143,47,167,146,70
167,143,55,167,146,76
167,143,63,167,146,82
167,143,71,168,146,88
167,143,79,168,146,94
167,143,87,167,146,100
167,143,95,167,145,107
167,143,103,166,144,112
167,143,111,166,143,118
167,143,119,165,143,124
167,143,127,164,142,131
167,143,135,164,141,137
167,143,143,163,140,144
167,143,151,163,140,151
167,143,159,163,139,160
167,143,167,162,138,169
167,143,175,162,137,179
167,143,183,161,136,190
167,143,191,160,134,201
167,143,199,159,133,212
167,143,207,157,131,223
167,143,215,155,129,232
167,143,223,153,128,240
167,143,231,151,126,246
167,143,239,149,125,252
167,143,247,147,123,253
167,143,255,145,122,255
167,151,0,163,155,38
167,151,7,164,155,42
167,151,15,165,155,47
167,151,23,165,155,52
167,151,31,166,155,58
167,151,39,166,155,64
167,151,47,167,155,71
167,151,55,167,156,77
167,151,63,168,156,82
167,151,71,168,155,88
167,151,79,168,155,95
167,151,87,168,155,101
167,151,95,168,154,107
167,151,103,168,153,113
167,151,111,167,153,119
167,151,119,166,152,125
167,151,127,166,151,131
167,151,135,165,150,137
167,151,143,165,149,144
167,151,151,164,149,151
167,151,159,164,148,158
167,151,167,164,147,167
167,151,175,163,146,176
167,151,183,163,145,187
167,151,191,162,143,198
167,151,199,161,142,208
167,151,207,159,140,219
167,151,215,157,138,229
167,151,223,155,136,237
167,151,231,153,134,244
167,151,239,152,132,250
167,151,247,150,131,254
167,151,255,147,129,254
167,159,0,162,165,38
167,159,7,163,165,42
167,159,15,164,165,47
167,159,23,164,165,54
167,159,31,165,165,59
167,159,39,166,165,65
167,159,47,167,165,71
167,159,55,168,165,77
167,159,63,168,165,83
167,159,71,169,165,89
167,159,79,169,165,95
167,159,87,169,165,101
167,159,95,169,164,107
167,159,103,169,163,114
167,159,111,168,162,119
167,159,119,168,162,125
167,159,127,167,161,131
167,159,135,167,160,137
167,159,143,166,159,143
167,159,151,166,158,150
167,159,159,166,157,157
167,159,167,165,157,165
167,159,175,165,156,174
167,159,183,164,154,184
167,159,191,164,153,194
167,159,199,163,151,205
167,159,207,161,149,216
167,159,215,160,147,226
167,159,223,158,145,235
167,159,231,156,142,242
167,159,239,154,140,248
167,159,247,153,138,252
167,159,255,151,136,255
167,167,0,161,174,38
167,167,7,162,174,42
167,167,15,162,174,46
167,167,23,163,174,53
167,167,31,165,174,61
167,167,39,166,175,66
167,167,47,167,175,71
167,167,55,168,175,77
167,167,63,168,175,83
167,167,71,169,175,89
167,167,79,169,175,96
167,167,87,170,175,102
167,167,95,170,174,108
167,167,103,170,174,114
167,167,111,169,173,120
167,167,119,169,172,125
167,167,127,169,171,131
167,167,135,168,170,137
167,167,143,168,169,143
167,167,151,168,168,150
167,167,159,167,168,156
167,167,167,167,167,164
167,167,175,167,166,172
167,167,183,166,165,182
167,167,191,165,163,192
167,167,199,165,161,202
167,167,207,163,159,213
167,167,215,162,156,223
167,167,223,160,154,232
167,167,231,158,151,240
167,167,239,157,148,247
167,167,247,155,146,251
167,167,255,153,143,254
167,175,0,160,184,39
167,175,7,161,184,42
167,175,15,161,184,46
167,175,23,162,184,51
167,175,31,163,184,59
167,175,39,165,184,67
167,175,47,166,185,72
167,175,55,167,185,78
167,175,63,168,185,84
167,175,71,169,185,90
167,175,79,169,186,96
167,175,87,170,185,102
167,175,95,170,185,108
167,175,103,170,184,114
167,175,111,170,183,120
167,175,119,170,183,126
167,175,127,170,182,132
167,175,135,170,181,138
167,175,143,169,180,144
167,175,151,169,180,150
167,175,159,169,179,156
167,175,167,169,178,163
167,175,175,168,177,171
167,175,183,168,176,179
167,175,191,167,174,189
167,175,199,167,172,199
167,175,207,166,170,210
167,175,215,164,167,220
167,175,223,162,164,229
167,175,231,161,161,237
167,175,239,159,157,244
167,175,247,157,155,250
167,175,255,155,152,253
167,183,0,159,194,39
167,183,7,159,194,42
167,183,15,160,194,45
167,183,23,161,194,50
167,183,31,162,194,57
167,183,39,163,195,64
167,183,47,165,195,73
167,183,55,166,195,78
167,183,63,167,196,84
167,183,71,168,196,90
167,183,79,169,196,96
167,183,87,170,196,103
167,183,95,170,196,109
167,183,103,171,195,115
167,183,111,171,195,121
167,183,119,171,194,126
167,183,127,171,193,132
167,183,135,171,192,138
167,183,143,171,192,144
167,183,151,171,191,150
167,183,159,171,190,156
167,183,167,170,189,163
167,183,175,170,188,170
167,183,183,170,187,178
167,183,191,169,186,187
167,183,199,169,184,196
167,183,207,168,182,207
167,183,215,166,179,217
167,183,223,165,175,226
167,183,231,163,171,234
167,183,239,161,168,243
167,183,247,160,165,248
167,183,255,158,161,253
167,191,0,157,203,40
167,191,7,158,203,43
167,191,15,158,204,48
167,191,23,159,204,52
167,191,31,160,204,57
167,191,39,162,204,63
167,191,47,163,205,71
167,191,55,165,205,78
167,191,63,166,206,84
167,191,71,167,206,90
167,191,79,168,206,96
167,191,87,169,206,102
167,191,95,170,206,109
167,191,103,171,206,115
167,191,111,171,205,121
167,191,119,172,205,127
167,191,127,172,204,133
167,191,135,172,203,138
167,191,143,172,203,144
167,191,151,172,202,150
167,191,159,172,202,156
167,191,167,172,201,163
167,191,175,172,200,169
167,191,183,171,199,177
167,191,191,171,198,185
167,191,199,170,196,194
167,191,207,169,194,204
167,191,215,169,191,214
167,191,223,167,187,223
167,191,231,165,184,232
167,191,239,164,179,240
167,191,247,162,175,247
167,191,255,160,171,252
167,199,0,155,213,41
167,199,7,155,213,44
167,199,15,156,213,48
167,199,23,157,214,54
167,199,31,159,214,60
167,199,39,160,214,65
167,199,47,162,215,70
167,199,55,163,215,77
167,199,63,165,216,84
167,199,71,166,216,90
167,199,79,168,216,96
167,199,87,169,217,102
167,199,95,170,216,109
167,199,103,171,216,115
167,199,111,171,216,121
167,199,119,172,216,127
167,199,127,172,215,133
167,199,135,173,215,138
167,199,143,173,214,144
167,199,151,173,214,150
167,199,159,173,213,156
167,199,167,173,212,162
167,199,175,173,212,169
167,199,183,172,211,175
167,199,191,172,210,183
167,199,199,172,209,191
167,199,207,171,207,201
167,199,215,170,204,211
167,199,223,169,201,220
167,199,231,167,196,229
167,199,239,166,192,238
167,199,247,164,187,246
167,199,255,162,183,252
167,207,0,153,221,41
167,207,7,154,222,44
167,207,15,154,222,48
167,207,23,155,222,53
167,207,31,157,223,60
167,207,39,159,224,66
167,207,47,160,224,71
167,207,55,162,225,77
167,207,63,164,226,83
167,207,71,165,226,89
167,207,79,167,226,95
167,207,87,168,227,102
167,207,95,169,227,108
167,207,103,171,227,115
167,207,111,171,227,121
167,207,119,172,226,127
167,207,127,173,226,133
167,207,135,173,226,139
167,207,143,174,225,144
167,207,151,174,225,150
167,207,159,174,224,156
167,207,167,174,224,162
167,207,175,173,224,168
167,207,183,173,223,174
167,207,191,173,222,181
167,207,199,173,221,189
167,207,207,172,220,198
167,207,215,171,217,207
167,207,223,170,214,217
167,207,231,170,210,227
167,207,239,168,206,236
167,207,247,166,201,245
167,207,255,164,196,252
167,215,0,150,230,42
167,215,7,151,230,45
167,215,15,152,230,48
167,215,23,153,230,52
167,215,31,154,231,58
167,215,39,156,232,65
167,215,47,158,232,71
167,215,55,160,233,76
167,215,63,162,234,82
167,215,71,164,235,89
167,215,79,166,235,95
167,215,87,168,236,101
167,215,95,169,236,108
167,215,103,170,237,114
167,215,111,172,237,120
167,215,119,172,236,126
167,215,127,173,236,132
167,215,135,173,236,138
167,215,143,174,235,143
167,215,151,174,235,149
167,215,159,174,235,155
167,215,167,174,235,161
167,215,175,174,234,167
167,215,183,174,234,173
167,215,191,173,233,179
167,215,199,173,232,187
167,215,207,173,231,195
167,215,215,172,230,205
167,215,223,172,227,214
167,215,231,170,224,224
167,215,239,169,220,234
167,215,247,168,215,244
167,215,255,166,210,251
167,223,0,147,237,43
167,223,7,148,237,46
167,223,15,149,237,48
167,223,23,150,238,52
167,223,31,152,238,57
167,223,39,154,239,63
167,223,47,156,240,70
167,223,55,158,240,76
167,223,63,160,241,82
167,223,71,163,242,87
167,223,79,165,243,94
167,223,87,167,243,100
167,223,95,168,243,106
167,223,103,170,244,112
167,223,111,171,244,119
167,223,119,172,244,125
167,223,127,173,244,131
167,223,135,174,244,137
167,223,143,174,244,142
167,223,151,174,243,148
167,223,159,174,243,153
167,223,167,174,243,159
167,223,175,174,242,165
167,223,183,174,242,171
167,223,191,173,242,177
167,223,199,173,241,185
167,223,207,173,241,192
167,223,215,172,239,201
167,223,223,172,238,210
167,223,231,171,235,220
167,223,239,171,233,231
167,223,247,169,229,241
167,223,255,168,225,250
167,231,0,144,242,44
167,231,7,145,243,47
167,231,15,146,243,50
167,231,23,148,243,53
167,231,31,149,244,57
167,231,39,151,244,62
167,231,47,154,245,68
167,231,55,156,246,75
167,231,63,159,247,81
167,231,71,161,248,86
167,231,79,163,248,92
167,231,87,166,249,99
167,231,95,167,249,105
167,231,103,169,249,111
167,231,111,170,249,117
167,231,119,171,249,123
167,231,127,172,249,129
167,231,135,173,249,135
167,231,143,173,249,141
167,231,151,173,249,146
167,231,159,174,249,152
167,231,167,174,249,157
167,231,175,174,249,163
167,231,183,173,249,169
167,231,191,173,248,175
167,231,199,173,248,181
167,231,207,172,248,189
167,231,215,172,247,198
167,231,223,172,247,207
167,231,231,171,245,216
167,231,239,171,243,226
167,231,247,170,240,238
167,231,255,169,237,247
167,239,0,142,247,43
167,239,7,143,247,46
167,239,15,144,248,50
167,239,23,145,248,55
167,239,31,147,248,59
167,239,39,149,249,63
167,239,47,151,249,68
167,239,55,154,250,73
167,239,63,156,250,79
167,239,71,159,251,85
167,239,79,161,251,91
167,239,87,164,252,97
167,239,95,165,252,103
167,239,103,167,253,109
167,239,111,169,253,116
167,239,119,170,253,121
167,239,127,171,254,128
167,239,135,172,253,133
167,239,143,172,253,139
167,239,151,173,253,144
167,239,159,173,253,150
167,239,167,173,253,155
167,239,175,173,253,161
167,239,183,172,253,166
167,239,191,172,253,173
167,239,199,172,253,179
167,239,207,172,252,186
167,239,215,172,252,194
167,239,223,171,252,203
167,239,231,171,252,212
167,239,239,171,251,223
167,239,247,170,249,233
167,239,255,169,247,243
167,247,0,139,251,44
167,247,7,140,251,46
167,247,15,141,251,49
167,247,23,142,252,53
167,247,31,144,252,58
167,247,39,146,253,64
167,247,47,148,253,68
167,247,55,151,253,72
167,247,63,153,253,77
167,247,71,156,254,83
167,247,79,159,254,89
167,247,87,161,254,95
167,247,95,163,254,102
167,247,103,165,254,107
167,247,111,167,254,113
167,247,119,168,254,119
167,247,127,169,255,125
167,247,135,170,255,131
167,247,143,171,255,137
167,247,151,171,255,142
167,247,159,172,255,148
167,247,167,172,255,153
167,247,175,172,255,159
167,247,183,171,255,164
167,247,191,171,255,170
167,247,199,171,255,176
167,247,207,171,255,183
167,247,215,171,255,191
167,247,223,171,255,199
167,247,231,170,254,208
167,247,239,170,254,218
167,247,247,170,254,228
167,247,255,169,254,239
167,255,0,137,254,46
167,255,7,138,254,47
167,255,15,139,254,50
167,255,23,140,254,53
167,255,31,142,254,57
167,255,39,144,254,62
167,255,47,146,254,67
167,255,55,148,254,71
167,255,63,151,255,76
167,255,71,153,255,81
167,255,79,156,255,87
167,255,87,158,255,93
167,255,95,161,255,99
167,255,103,163,255,106
167,255,111,165,255,112
167,255,119,166,255,118
167,255,127,168,255,124
167,255,135,168,255,129
167,255,143,169,255,134
167,255,151,170,255,140
167,255,159,170,255,145
167,255,167,170,255,151
167,255,175,170,255,157
167,255,183,170,255,162
167,255,191,170,255,168
167,255,199,170,255,174
167,255,207,169,255,180
167,255,215,169,255,187
167,255,223,169,255,195
167,255,231,169,255,205
167,255,239,169,255,214
167,255,247,170,255,224
167,255,255,169,255,234
175,0,0,161,3,22
175,0,7,163,4,29
175,0,15,164,5,37
175,0,23,165,6,45
175,0,31,166,6,53
175,0,39,166,7,62
175,0,47,167,7,70
175,0,55,167,8,78
175,0,63,167,8,86
175,0,71,167,8,94
175,0,79,167,9,102
175,0,87,166,10,112
175,0,95,166,11,122
175,0,103,165,12,133
175,0,111,164,12,144
175,0,119,163,13,155
175,0,127,162,13,167
175,0,135,160,14,179
175,0,143,158,15,192
175,0,151,155,16,203
175,0,159,153,17,213
175,0,167,149,20,221
175,0,175,145,23,228
175,0,183,140,26,233
175,0,191,136,29,238
175,0,199,132,30,240
175,0,207,128,32,243
175,0,215,124,33,245
175,0,223,120,34,248
175,0,231,117,36,250
175,0,239,114,37,251
175,0,247,111,38,253
175,0,255,109,40,254
175,7,0,161,5,22
175,7,7,163,6,29
175,7,15,164,7,37
175,7,23,165,8,45
175,7,31,166,8,53
175,7,39,166,9,61
175,7,47,167,10,70
175,7,55,167,10,78
175,7,63,167,11,85
175,7,71,167,11,93
175,7,79,167,11,101
175,7,87,166,12,111
175,7,95,166,13,121
175,7,103,165,14,131
175,7,111,164,14,142
175,7,119,164,15,153
175,7,127,162,16,165
175,7,135,161,16,177
175,7,143,158,17,190
175,7,151,156,18,201
175,7,159,153,20,212
175,7,167,149,22,220
175,7,175,145,25,228
175,7,183,141,28,233
175,7,191,137,32,237
175,7,199,132,33,240
175,7,207,128,35,243
175,7,215,125,36,245
175,7,223,121,37,248
175,7,231,118,38,250
175,7,239,115,39,251
175,7,247,112,40,253
175,7,255,109,42,254
175,15,0,161,7,22
175,15,7,163,8,29
175,15,15,164,10,37
175,15,23,165,11,45
175,15,31,166,11,53
175,15,39,167,12,61
175,15,47,167,13,69
175,15,55,167,13,77
175,15,63,167,14,85
175,15,71,167,14,92
175,15,79,167,14,101
175,15,87,166,15,110
175,15,95,166,15,120
175,15,103,165,16,130
175,15,111,165,17,140
175,15,119,164,18,151
175,15,127,162,18,163
175,15,135,161,19,175
175,15,143,159,20,188
175,15,151,156,21,199
175,15,159,153,23,210
175,15,167,150,25,219
175,15,175,146,28,226
175,15,183,141,31,232
175,15,191,137,35,237
175,15,199,133,37,240
175,15,207,129,39,243
175,15,215,126,39,245
175,15,223,122,40,248
175,15,231,119,41,250
175,15,239,116,42,251
175,15,247,113,43,253
175,15,255,110,45,254
175,23,0,161,12,22
175,23,7,163,13,29
175,23,15,164,14,37
175,23,23,166,15,45
175,23,31,166,16,53
175,23,39,167,16,61
175,23,47,167,17,69
175,23,55,167,18,76
175,23,63,167,18,84
175,23,71,167,18,91
175,23,79,167,18,100
175,23,87,166,19,109
175,23,95,166,19,118
175,23,103,165,20,128
175,23,111,165,21,138
175,23,119,164,22,149
175,23,127,163,23,160
175,23,135,161,23,172
175,23,143,159,24,185
175,23,151,157,25,197
175,23,159,154,27,208
175,23,167,150,29,217
175,23,175,147,32,225
175,23,183,142,35,231
175,23,191,138,38,236
175,23,199,134,41,239
175,23,207,130,43,243
175,23,215,127,44,245
175,23,223,123,44,248
175,23,231,120,45,250
175,23,239,117,45,252
175,23,247,114,46,253
175,23,255,112,47,254
175,31,0,162,17,23
175,31,7,163,18,30
175,31,15,165,19,37
175,31,23,166,20,45
175,31,31,167,21,53
175,31,39,167,22,60
175,31,47,167,23,68
175,31,55,167,23,75
175,31,63,167,23,83
175,31,71,167,24,90
175,31,79,167,24,98
175,31,87,166,24,107
175,31,95,166,24,116
175,31,103,165,25,126
175,31,111,165,26,136
175,31,119,164,27,146
175,31,127,163,28,157
175,31,135,162,29,168
175,31,143,160,30,181
175,31,151,158,30,193
175,31,159,155,32,205
175,31,167,152,34,215
175,31,175,148,37,223
175,31,183,144,40,230
175,31,191,139,43,235
175,31,199,136,46,239
175,31,207,132,48,242
175,31,215,128,50,245
175,31,223,125,50,248
175,31,231,122,50,250
175,31,239,119,50,252
175,31,247,116,50,253
175,31,255,114,51,254
175,39,0,162,24,23
175,39,7,163,25,30
175,39,15,165,26,37
175,39,23,166,27,45
175,39,31,167,28,53
175,39,39,167,29,60
175,39,47,167,30,67
175,39,55,167,30,74
175,39,63,167,30,82
175,39,71,167,30,89
175,39,79,167,31,97
175,39,87,166,31,105
175,39,95,166,31,114
175,39,103,166,31,123
175,39,111,165,32,133
175,39,119,165,32,143
175,39,127,164,33,154
175,39,135,162,34,165
175,39,143,161,35,177
175,39,151,159,36,189
175,39,159,156,38,201
175,39,167,153,40,212
175,39,175,149,42,220
175,39,183,145,45,228
175,39,191,141,48,234
175,39,199,137,50,239
175,39,207,133,52,242
175,39,215,130,54,246
175,39,223,127,56,248
175,39,231,124,57,250
175,39,239,121,56,252
175,39,247,118,55,253
175,39,255,116,55,254
175,47,0,162,31,23
175,47,7,164,32,30
175,47,15,165,33,37
175,47,23,167,35,46
175,47,31,167,36,52
175,47,39,168,37,60
175,47,47,168,37,67
175,47,55,168,38,73
175,47,63,168,38,81
175,47,71,167,38,88
175,47,79,167,38,95
175,47,87,167,38,103
175,47,95,166,38,112
175,47,103,166,38,121
175,47,111,166,39,130
175,47,119,165,39,140
175,47,127,164,39,151
175,47,135,163,40,162
175,47,143,162,41,174
175,47,151,160,42,186
175,47,159,157,43,198
175,47,167,154,45,208
175,47,175,151,48,217
175,47,183,147,51,226
175,47,191,143,53,232
175,47,199,139,55,238
175,47,207,135,57,242
175,47,215,132,59,246
175,47,223,129,60,248
175,47,231,126,61,250
175,47,239,123,61,252
175,47,247,121,61,253
175,47,255,119,60,254
175,55,0,163,39,24
175,55,7,164,40,30
175,55,15,165,41,37
175,55,23,167,43,46
175,55,31,167,43,52
175,55,39,168,44,60
175,55,47,168,45,66
175,55,55,168,45,73
175,55,63,168,46,80
175,55,71,167,46,87
175,55,79,167,46,94
175,55,87,167,46,102
175,55,95,167,46,110
175,55,103,166,46,119
175,55,111,166,46,128
175,55,119,166,46,137
175,55,127,165,47,147
175,55,135,164,47,158
175,55,143,163,47,170
175,55,151,161,48,182
175,55,159,159,49,194
175,55,167,156,51,205
175,55,175,152,53,215
175,55,183,149,56,224
175,55,191,145,58,231
175,55,199,141,61,237
175,55,207,138,63,242
175,55,215,134,64,245
175,55,223,131,65,249
175,55,231,128,65,251
175,55,239,126,65,252
175,55,247,124,65,253
175,55,255,121,66,254
175,63,0,164,48,25
175,63,7,165,49,31
175,63,15,166,50,37
175,63,23,167,51,45
175,63,31,168,52,53
175,63,39,168,53,59
175,63,47,168,53,66
175,63,55,168,54,72
175,63,63,168,54,79
175,63,71,168,54,86
175,63,79,167,54,93
175,63,87,167,54,101
175,63,95,167,54,109
175,63,103,166,53,117
175,63,111,166,53,126
175,63,119,166,53,135
175,63,127,165,54,145
175,63,135,165,54,155
175,63,143,164,54,167
175,63,151,162,55,179
175,63,159,160,55,191
175,63,167,158,57,202
175,63,175,154,58,213
175,63,183,151,61,222
175,63,191,147,63,230
175,63,199,143,65,236
175,63,207,140,67,241
175,63,215,137,68,245
175,63,223,134,69,249
175,63,231,131,69,251
175,63,239,129,69,253
175,63,247,126,69,254
175,63,255,124,69,254
175,71,0,164,57,25
175,71,7,165,58,31
175,71,15,166,58,37
175,71,23,167,59,45
175,71,31,168,60,53
175,71,39,168,61,59
175,71,47,168,61,66
175,71,55,168,62,72
175,71,63,168,62,79
175,71,71,168,63,86
175,71,79,168,62,93
175,71,87,167,62,100
175,71,95,167,62,108
175,71,103,167,62,116
175,71,111,166,62,124
175,71,119,166,62,133
175,71,127,166,61,142
175,71,135,165,61,152
175,71,143,164,61,163
175,71,151,163,62,175
175,71,159,161,62,187
175,71,167,159,63,199
175,71,175,156,64,210
175,71,183,153,66,220
175,71,191,149,68,228
175,71,199,146,70,235
175,71,207,142,72,241
175,71,215,139,73,245
175,71,223,136,73,248
175,71,231,134,74,251
175,71,239,131,74,253
175,71,247,129,73,254
175,71,255,127,73,254
175,79,0,165,66,26
175,79,7,166,67,32
175,79,15,167,67,38
175,79,23,167,68,45
175,79,31,168,69,54
175,79,39,168,70,60
175,79,47,169,70,66
175,79,55,168,71,72
175,79,63,168,71,79
175,79,71,168,71,85
175,79,79,168,71,92
175,79,87,168,71,100
175,79,95,167,71,107
175,79,103,167,70,114
175,79,111,166,70,122
175,79,119,166,70,130
175,79,127,166,70,140
175,79,135,165,70,149
175,79,143,165,70,159
175,79,151,164,70,171
175,79,159,163,69,183
175,79,167,161,70,195
175,79,175,158,71,207
175,79,183,155,72,218
175,79,191,151,73,226
175,79,199,148,75,234
175,79,207,145,76,239
175,79,215,141,78,245
175,79,223,139,78,248
175,79,231,136,78,251
175,79,239,134,78,253
175,79,247,132,77,254
175,79,255,130,77,255
175,87,0,166,75,26
175,87,7,167,76,33
175,87,15,167,77,39
175,87,23,168,77,45
175,87,31,168,78,53
175,87,39,169,79,60
175,87,47,169,79,66
175,87,55,169,80,73
175,87,63,169,80,79
175,87,71,169,80,85
175,87,79,168,81,92
175,87,87,168,80,99
175,87,95,167,80,106
175,87,103,167,80,113
175,87,111,166,79,121
175,87,119,166,79,129
175,87,127,166,79,137
175,87,135,166,78,146
175,87,143,165,78,156
175,87,151,165,78,167
175,87,159,164,78,179
175,87,167,162,78,191
175,87,175,160,78,203
175,87,183,157,79,214
175,87,191,154,80,224
175,87,199,150,81,232
175,87,207,147,82,238
175,87,215,144,83,244
175,87,223,141,83,248
175,87,231,139,83,251
175,87,239,137,83,253
175,87,247,134,82,254
175,87,255,133,82,255
175,95,0,167,85,27
175,95,7,167,86,33
175,95,15,168,86,41
175,95,23,169,87,46
175,95,31,169,87,53
175,95,39,169,88,61
175,95,47,169,89,67
175,95,55,170,89,73
175,95,63,169,90,79
175,95,71,169,90,85
175,95,79,169,90,92
175,95,87,168,90,99
175,95,95,168,89,106
175,95,103,167,89,113
175,95,111,167,88,120
175,95,119,167,88,127
175,95,127,166,88,136
175,95,135,166,87,144
175,95,143,166,87,154
175,95,151,165,86,164
175,95,159,164,86,175
175,95,167,163,86,187
175,95,175,161,86,200
175,95,183,159,86,211
175,95,191,156,86,221
175,95,199,153,87,229
175,95,207,149,88,237
175,95,215,146,88,243
175,95,223,144,89,248
175,95,231,141,88,251
175,95,239,139,88,253
175,95,247,137,87,254
175,95,255,135,87,255
175,103,0,167,95,28
175,103,7,168,96,33
175,103,15,169,96,40
175,103,23,169,97,48
175,103,31,170,97,54
175,103,39,170,98,61
175,103,47,170,98,68
175,103,55,170,99,73
175,103,63,170,99,80
175,103,71,170,99,86
175,103,79,170,99,92
175,103,87,169,99,99
175,103,95,168,99,106
175,103,103,168,98,112
175,103,111,167,98,119
175,103,119,167,97,126
175,103,127,167,97,134
175,103,135,166,96,142
175,103,143,166,96,151
175,103,151,166,95,161
175,103,159,165,95,172
175,103,167,164,94,183
175,103,175,163,94,196
175,103,183,161,94,208
175,103,191,158,94,218
175,103,199,155,94,227
175,103,207,152,94,235
175,103,215,149,94,242
175,103,223,146,94,247
175,103,231,144,94,251
175,103,239,142,94,253
175,103,247,140,93,254
175,103,255,138,92,255
175,111,0,168,105,29
175,111,7,169,106,34
175,111,15,169,106,41
175,111,23,170,106,49
175,111,31,170,107,56
175,111,39,171,107,62
175,111,47,171,108,69
175,111,55,171,108,74
175,111,63,171,109,80
175,111,71,171,109,86
175,111,79,170,109,93
175,111,87,170,109,99
175,111,95,169,108,106
175,111,103,169,108,112
175,111,111,168,107,119
175,111,119,168,106,126
175,111,127,167,106,133
175,111,135,167,105,141
175,111,143,166,105,149
175,111,151,166,104,159
175,111,159,166,104,169
175,111,167,165,103,180
175,111,175,164,102,192
175,111,183,162,102,204
175,111,191,160,101,215
175,111,199,157,101,225
175,111,207,154,101,233
175,111,215,151,101,241
175,111,223,149,100,246
175,111,231,146,100,250
175,111,239,144,99,253
175,111,247,142,98,254
175,111,255,140,97,255
175,119,0,169,115,31
175,119,7,170,115,35
175,119,15,170,116,41
175,119,23,170,116,49
175,119,31,171,116,57
175,119,39,171,117,63
175,119,47,172,117,69
175,119,55,172,118,75
175,119,63,172,118,81
175,119,71,172,118,87
175,119,79,171,118,93
175,119,87,171,118,100
175,119,95,170,117,106
175,119,103,169,117,112
175,119,111,169,116,119
175,119,119,168,116,125
175,119,127,168,115,132
175,119,135,167,114,140
175,119,143,167,114,147
175,119,151,167,113,156
175,119,159,166,112,166
175,119,167,166,112,177
175,119,175,165,111,189
175,119,183,163,110,200
175,119,191,162,109,211
175,119,199,159,109,221
175,119,207,156,108,231
175,119,215,154,107,238
175,119,223,151,107,245
175,119,231,149,106,249
175,119,239,147,105,253
175,119,247,145,104,254
175,119,255,143,103,255
175,127,0,170,125,33
175,127,7,170,125,37
175,127,15,171,125,42
175,127,23,171,126,49
175,127,31,171,126,57
175,127,39,172,126,64
175,127,47,172,126,70
175,127,55,172,127,76
175,127,63,173,127,81
175,127,71,173,127,88
175,127,79,172,127,94
175,127,87,172,127,100
175,127,95,171,126,106
175,127,103,170,126,112
175,127,111,170,125,119
175,127,119,169,124,125
175,127,127,169,124,132
175,127,135,168,123,139
175,127,143,168,122,146
175,127,151,167,122,155
175,127,159,167,121,163
175,127,167,167,120,174
175,127,175,166,119,185
175,127,183,165,118,197
175,127,191,163,117,208
175,127,199,161,116,218
175,127,207,159,115,228
175,127,215,156,114,236
175,127,223,154,114,243
175,127,231,151,113,249
175,127,239,149,112,252
175,127,247,148,111,254
175,127,255,146,109,255
175,135,0,171,135,35
175,135,7,171,135,39
175,135,15,171,135,43
175,135,23,171,135,49
175,135,31,172,135,56
175,135,39,172,135,65
175,135,47,173,136,70
175,135,55,173,136,76
175,135,63,173,136,82
175,135,71,173,136,88
175,135,79,173,136,94
175,135,87,173,136,101
175,135,95,172,135,107
175,135,103,172,134,113
175,135,111,171,134,119
175,135,119,170,133,125
175,135,127,169,132,131
175,135,135,169,132,138
175,135,143,168,131,145
175,135,151,168,130,153
175,135,159,168,130,162
175,135,167,168,129,171
175,135,175,167,128,182
175,135,183,166,127,193
175,135,191,165,126,204
175,135,199,163,124,215
175,135,207,161,123,225
175,135,215,158,122,234
175,135,223,156,121,241
175,135,231,154,119,247
175,135,239,152,118,252
175,135,247,150,117,254
175,135,255,148,116,255
175,143,0,171,144,36
175,143,7,171,144,41
175,143,15,171,144,46
175,143,23,172,144,51
175,143,31,172,144,57
175,143,39,173,145,64
175,143,47,173,145,71
175,143,55,174,145,77
175,143,63,174,145,82
175,143,71,174,145,89
175,143,79,174,145,95
175,143,87,174,144,101
175,143,95,174,144,107
175,143,103,173,143,113
175,143,111,172,142,119
175,143,119,171,142,125
175,143,127,171,141,131
175,143,135,170,140,138
175,143,143,170,139,145
175,143,151,169,139,152
175,143,159,169,138,160
175,143,167,168,138,169
175,143,175,168,137,179
175,143,183,168,136,190
175,143,191,166,134,201
175,143,199,165,132,211
175,143,207,163,131,222
175,143,215,161,129,231
175,143,223,158,128,239
175,143,231,156,126,246
175,143,239,154,125,251
175,143,247,152,123,254
175,143,255,150,122,255
175,151,0,170,153,38
175,151,7,171,153,42
175,151,15,171,153,47
175,151,23,172,153,54
175,151,31,172,154,59
175,151,39,173,154,65
175,151,47,174,154,71
175,151,55,174,154,77
175,151,63,175,154,83
175,151,71,175,154,89
175,151,79,175,154,95
175,151,87,175,153,102
175,151,95,175,153,108
175,151,103,174,152,114
175,151,111,173,151,119
175,151,119,173,151,125
175,151,127,172,150,131
175,151,135,172,149,138
175,151,143,171,148,144
175,151,151,170,148,151
175,151,159,170,147,159
175,151,167,170,146,167
175,151,175,170,145,176
175,151,183,169,144,187
175,151,191,168,143,197
175,151,199,167,141,208
175,151,207,165,139,219
175,151,215,163,137,229
175,151,223,161,136,237
175,151,231,159,134,244
175,151,239,157,132,249
175,151,247,155,131,253
175,151,255,153,129,254
175,159,0,170,162,39
175,159,7,170,162,42
175,159,15,171,162,47
175,159,23,171,162,54
175,159,31,172,162,61
175,159,39,173,163,66
175,159,47,174,163,72
175,159,55,175,163,78
175,159,63,175,163,84
175,159,71,175,163,90
175,159,79,176,163,96
175,159,87,176,163,102
175,159,95,176,162,108
175,159,103,175,161,114
175,159,111,175,161,120
175,159,119,174,160,126
175,159,127,173,159,132
175,159,135,173,158,138
175,159,143,172,157,144
175,159,151,172,157,151
175,159,159,172,156,158
175,159,167,171,155,166
175,159,175,171,154,175
175,159,183,170,153,184
175,159,191,170,152,194
175,159,199,169,150,205
175,159,207,167,148,216
175,159,215,165,146,225
175,159,223,163,144,234
175,159,231,161,142,242
175,159,239,159,140,248
175,159,247,157,138,252
175,159,255,155,136,255
175,167,0,169,171,39
175,167,7,169,171,42
175,167,15,170,171,47
175,167,23,170,171,52
175,167,31,172,172,60
175,167,39,173,172,68
175,167,47,173,172,73
175,167,55,174,172,78
175,167,63,175,173,84
175,167,71,176,173,90
175,167,79,176,173,96
175,167,87,176,172,102
175,167,95,176,172,109
175,167,103,176,171,115
175,167,111,176,170,120
175,167,119,175,170,126
175,167,127,175,169,132
175,167,135,174,168,138
175,167,143,174,167,144
175,167,151,173,167,150
175,167,159,173,166,157
175,167,167,173,165,164
175,167,175,172,164,173
175,167,183,172,163,182
175,167,191,171,162,192
175,167,199,171,160,202
175,167,207,169,158,212
175,167,215,168,155,222
175,167,223,166,153,231
175,167,231,164,150,239
175,167,239,162,148,246
175,167,247,160,145,251
175,167,255,157,143,254
175,175,0,167,180,40
175,175,7,168,180,43
175,175,15,168,180,47
175,175,23,169,181,52
175,175,31,170,181,59
175,175,39,172,181,67
175,175,47,173,182,74
175,175,55,174,182,79
175,175,63,175,182,85
175,175,71,176,182,90
175,175,79,176,182,97
175,175,87,177,182,103
175,175,95,177,182,109
175,175,103,177,182,115
175,175,111,177,181,121
175,175,119,176,180,127
175,175,127,176,179,132
175,175,135,176,179,138
175,175,143,176,178,144
175,175,151,175,177,150
175,175,159,175,176,157
175,175,167,174,175,164
175,175,175,174,174,171
175,175,183,174,173,179
175,175,191,173,172,189
175,175,199,172,170,199
175,175,207,171,168,209
175,175,215,170,165,219
175,175,223,168,163,229
175,175,231,166,159,237
175,175,239,164,156,244
175,175,247,162,154,250
175,175,255,160,151,253
175,183,0,166,189,40
175,183,7,167,189,44
175,183,15,167,190,47
175,183,23,168,190,51
175,183,31,169,190,57
175,183,39,171,191,65
175,183,47,172,191,73
175,183,55,173,192,79
175,183,63,174,192,85
175,183,71,175,193,91
175,183,79,176,193,97
175,183,87,176,193,103
175,183,95,177,193,109
175,183,103,177,192,116
175,183,111,177,192,121
175,183,119,177,191,127
175,183,127,177,190,133
175,183,135,177,189,139
175,183,143,177,189,145
175,183,151,177,188,151
175,183,159,176,187,157
175,183,167,176,186,163
175,183,175,176,185,170
175,183,183,175,184,178
175,183,191,175,183,187
175,183,199,174,181,196
175,183,207,173,179,207
175,183,215,172,177,216
175,183,223,170,173,226
175,183,231,169,170,234
175,183,239,167,166,242
175,183,247,165,163,248
175,183,255,163,160,252
175,191,0,164,199,41
175,191,7,165,199,44
175,191,15,166,199,49
175,191,23,167,200,54
175,191,31,168,200,59
175,191,39,169,201,65
175,191,47,170,201,72
175,191,55,172,202,79
175,191,63,173,202,85
175,191,71,174,202,91
175,191,79,175,203,97
175,191,87,176,203,103
175,191,95,177,203,110
175,191,103,178,202,116
175,191,111,178,202,122
175,191,119,178,202,128
175,191,127,178,201,133
175,191,135,178,200,139
175,191,143,178,200,145
175,191,151,178,199,151
175,191,159,178,198,157
175,191,167,178,198,163
175,191,175,177,197,170
175,191,183,177,196,177
175,191,191,177,195,185
175,191,199,176,193,194
175,191,207,175,191,204
175,191,215,174,188,214
175,191,223,173,185,223
175,191,231,171,181,232
175,191,239,169,177,240
175,191,247,167,173,247
175,191,255,165,169,251
175,199,0,163,208,41
175,199,7,163,208,44
175,199,15,164,208,48
175,199,23,165,209,54
175,199,31,166,209,61
175,199,39,168,210,66
175,199,47,169,210,72
175,199,55,170,211,78
175,199,63,172,212,85
175,199,71,173,212,91
175,199,79,175,213,97
175,199,87,176,213,103
175,199,95,177,213,110
175,199,103,177,213,116
175,199,111,178,213,122
175,199,119,179,212,128
175,199,127,179,212,134
175,199,135,179,211,140
175,199,143,179,210,145
175,199,151,179,210,151
175,199,159,179,210,157
175,199,167,179,209,163
175,199,175,179,209,169
175,199,183,179,208,176
175,199,191,178,206,184
175,199,199,178,206,192
175,199,207,177,204,201
175,199,215,176,201,211
175,199,223,175,198,220
175,199,231,173,194,230
175,199,239,172,190,238
175,199,247,170,185,246
175,199,255,168,181,252
175,207,0,160,217,42
175,207,7,161,217,45
175,207,15,162,218,48
175,207,23,163,218,53
175,207,31,164,219,60
175,207,39,166,219,67
175,207,47,167,220,72
175,207,55,169,221,78
175,207,63,171,221,84
175,207,71,172,222,90
175,207,79,174,222,97
175,207,87,175,223,103
175,207,95,176,223,110
175,207,103,177,223,116
175,207,111,178,223,122
175,207,119,179,223,128
175,207,127,179,222,134
175,207,135,180,222,140
175,207,143,180,222,145
175,207,151,180,221,151
175,207,159,180,221,157
175,207,167,180,221,163
175,207,175,180,220,169
175,207,183,180,220,175
175,207,191,179,219,182
175,207,199,179,218,190
175,207,207,178,217,199
175,207,215,178,214,209
175,207,223,177,211,218
175,207,231,175,208,227
175,207,239,174,203,237
175,207,247,172,198,245
175,207,255,170,194,251
175,215,0,158,225,43
175,215,7,159,226,45
175,215,15,160,226,48
175,215,23,161,226,53
175,215,31,162,227,58
175,215,39,164,228,65
175,215,47,166,229,73
175,215,55,167,229,78
175,215,63,169,230,84
175,215,71,171,231,90
175,215,79,173,232,96
175,215,87,174,232,102
175,215,95,176,233,109
175,215,103,177,233,115
175,215,111,178,233,122
175,215,119,179,233,128
175,215,127,180,233,134
175,215,135,180,232,139
175,215,143,181,232,145
175,215,151,181,232,151
175,215,159,181,232,157
175,215,167,181,231,162
175,215,175,180,231,168
175,215,183,180,230,174
175,215,191,180,230,181
175,215,199,180,229,189
175,215,207,179,228,197
175,215,215,179,227,206
175,215,223,178,224,215
175,215,231,177,221,225
175,215,239,176,217,235
175,215,247,174,213,245
175,215,255,172,208,252
175,223,0,155,233,45
175,223,7,156,233,47
175,223,15,157,233,49
175,223,23,158,234,53
175,223,31,159,234,58
175,223,39,161,235,63
175,223,47,163,236,70
175,223,55,166,237,78
175,223,63,168,238,83
175,223,71,170,239,89
175,223,79,172,240,95
175,223,87,173,240,101
175,223,95,175,241,108
175,223,103,177,241,114
175,223,111,178,241,121
175,223,119,179,241,127
175,223,127,179,241,133
175,223,135,180,241,139
175,223,143,180,241,144
175,223,151,181,240,150
175,223,159,181,240,155
175,223,167,181,240,161
175,223,175,181,240,167
175,223,183,180,240,173
175,223,191,180,239,179
175,223,199,180,238,186
175,223,207,179,238,194
175,223,215,179,237,203
175,223,223,179,235,212
175,223,231,178,233,222
175,223,239,177,230,232
175,223,247,175,226,242
175,223,255,174,222,250
175,231,0,152,240,44
175,231,7,153,240,47
175,231,15,154,240,51
175,231,23,155,241,54
175,231,31,157,241,58
175,231,39,159,242,63
175,231,47,161,243,69
175,231,55,163,243,75
175,231,63,166,244,82
175,231,71,168,245,88
175,231,79,170,246,94
175,231,87,172,246,100
175,231,95,174,247,106
175,231,103,176,247,113
175,231,111,177,247,119
175,231,119,178,248,125
175,231,127,179,248,131
175,231,135,180,248,137
175,231,143,180,248,143
175,231,151,180,248,149
175,231,159,180,248,154
175,231,167,180,247,160
175,231,175,180,247,165
175,231,183,180,247,171
175,231,191,180,247,177
175,231,199,179,247,184
175,231,207,179,246,192
175,231,215,179,246,200
175,231,223,179,244,209
175,231,231,178,243,218
175,231,239,178,241,228
175,231,247,177,238,239
175,231,255,175,235,248
175,239,0,149,245,43
175,239,7,150,245,46
175,239,15,151,245,49
175,239,23,153,246,54
175,239,31,155,246,60
175,239,39,156,247,64
175,239,47,158,247,69
175,239,55,161,248,74
175,239,63,163,249,80
175,239,71,166,250,86
175,239,79,168,251,92
175,239,87,171,251,99
175,239,95,173,252,105
175,239,103,174,252,111
175,239,111,176,252,118
175,239,119,177,252,124
175,239,127,178,252,130
175,239,135,179,252,136
175,239,143,179,252,141
175,239,151,180,252,147
175,239,159,180,252,152
175,239,167,180,252,158
175,239,175,180,253,164
175,239,183,179,252,169
175,239,191,179,252,175
175,239,199,179,252,182
175,239,207,179,251,189
175,239,215,178,251,197
175,239,223,178,251,205
175,239,231,178,251,214
175,239,239,178,250,225
175,239,247,177,248,235
175,239,255,176,246,245
175,247,0,146,249,44
175,247,7,147,249,46
175,247,15,148,250,49
175,247,23,149,250,53
175,247,31,151,250,58
175,247,39,154,251,65
175,247,47,156,251,69
175,247,55,158,252,74
175,247,63,160,252,79
175,247,71,163,253,85
175,247,79,166,253,91
175,247,87,168,253,97
175,247,95,170,254,104
175,247,103,172,254,110
175,247,111,174,254,116
175,247,119,176,255,122
175,247,127,177,255,128
175,247,135,178,255,134
175,247,143,178,255,140
175,247,151,179,255,145
175,247,159,179,255,151
175,247,167,179,254,156
175,247,175,179,254,162
175,247,183,178,255,167
175,247,191,178,255,173
175,247,199,178,255,179
175,247,207,178,254,186
175,247,215,178,254,194
175,247,223,177,254,202
175,247,231,177,254,211
175,247,239,177,254,220
175,247,247,177,254,231
175,247,255,176,253,241
175,255,0,144,253,46
175,255,7,145,253,47
175,255,15,146,253,49
175,255,23,147,253,52
175,255,31,149,254,57
175,255,39,151,254,62
175,255,47,153,254,68
175,255,55,155,254,72
175,255,63,158,254,77
175,255,71,160,255,82
175,255,79,163,255,88
175,255,87,165,255,94
175,255,95,168,255,101
175,255,103,170,255,109
175,255,111,172,255,114
175,255,119,174,255,121
175,255,127,175,255,127
175,255,135,176,255,132
175,255,143,177,255,138
175,255,151,177,255,143
175,255,159,178,255,149
175,255,167,178,255,154
175,255,175,178,255,160
175,255,183,178,255,165
175,255,191,177,255,171
175,255,199,177,255,177
175,255,207,176,255,183
175,255,215,177,255,191
175,255,223,177,255,199
175,255,231,177,255,208
175,255,239,177,255,217
175,255,247,177,255,227
175,255,255,176,255,237
183,0,0,166,4,23
183,0,7,168,4,30
183,0,15,169,6,37
183,0,23,171,7,46
183,0,31,172,8,53
183,0,39,172,8,61
183,0,47,173,9,70
183,0,55,173,10,77
183,0,63,173,10,85
183,0,71,173,10,93
183,0,79,173,11,102
183,0,87,173,11,111
183,0,95,173,11,121
183,0,103,172,11,131
183,0,111,172,11,142
183,0,119,171,12,153
183,0,127,170,12,165
183,0,135,168,13,178
183,0,143,166,14,190
183,0,151,163,16,202
183,0,159,160,18,212
183,0,167,157,20,221
183,0,175,152,23,228
183,0,183,148,26,233
183,0,191,144,28,237
183,0,199,139,30,240
183,0,207,135,32,243
183,0,215,131,34,246
183,0,223,128,35,248
183,0,231,124,37,250
183,0,239,121,39,252
183,0,247,118,40,253
183,0,255,116,39,254
183,7,0,166,5,23
183,7,7,168,6,30
183,7,15,169,7,37
183,7,23,171,8,46
183,7,31,172,9,53
183,7,39,172,10,61
183,7,47,173,11,69
183,7,55,173,11,77
183,7,63,173,12,85
183,7,71,173,12,93
183,7,79,173,13,101
183,7,87,173,13,110
183,7,95,173,13,120
183,7,103,172,13,130
183,7,111,172,14,141
183,7,119,171,14,152
183,7,127,170,15,164
183,7,135,168,15,176
183,7,143,166,16,189
183,7,151,164,18,200
183,7,159,160,20,211
183,7,167,157,22,220
183,7,175,153,26,227
183,7,183,149,28,233
183,7,191,144,31,237
183,7,199,140,33,240
183,7,207,136,35,243
183,7,215,132,36,246
183,7,223,128,38,248
183,7,231,125,39,250
183,7,239,122,41,252
183,7,247,119,42,253
183,7,255,117,42,254
183,15,0,166,8,23
183,15,7,168,9,30
183,15,15,169,10,37
183,15,23,171,11,46
183,15,31,172,12,53
183,15,39,173,13,61
183,15,47,173,13,69
183,15,55,173,14,76
183,15,63,173,14,84
183,15,71,173,15,92
183,15,79,173,15,100
183,15,87,173,15,109
183,15,95,173,16,119
183,15,103,172,16,129
183,15,111,172,17,139
183,15,119,171,17,150
183,15,127,170,18,162
183,15,135,169,18,174
183,15,143,166,19,187
183,15,151,164,20,199
183,15,159,161,22,209
183,15,167,157,25,219
183,15,175,153,28,226
183,15,183,149,32,232
183,15,191,145,34,236
183,15,199,140,37,240
183,15,207,136,38,243
183,15,215,133,39,246
183,15,223,129,41,248
183,15,231,126,42,250
183,15,239,123,43,252
183,15,247,120,44,253
183,15,255,118,45,254
183,23,0,167,11,23
183,23,7,168,12,30
183,23,15,170,14,37
183,23,23,171,15,46
183,23,31,172,16,53
183,23,39,173,17,61
183,23,47,173,17,68
183,23,55,173,18,76
183,23,63,174,18,83
183,23,71,173,18,91
183,23,79,173,19,99
183,23,87,173,19,108
183,23,95,173,20,117
183,23,103,173,20,127
183,23,111,172,21,137
183,23,119,171,21,148
183,23,127,170,22,159
183,23,135,169,22,171
183,23,143,167,23,184
183,23,151,165,24,196
183,23,159,161,26,207
183,23,167,158,28,217
183,23,175,154,32,224
183,23,183,150,36,231
183,23,191,146,39,235
183,23,199,141,41,240
183,23,207,137,42,243
183,23,215,134,44,246
183,23,223,130,45,248
183,23,231,127,46,250
183,23,239,124,46,252
183,23,247,121,47,253
183,23,255,119,49,254
183,31,0,167,16,23
183,31,7,168,18,30
183,31,15,170,19,37
183,31,23,172,20,46
183,31,31,172,21,53
183,31,39,173,22,61
183,31,47,173,23,68
183,31,55,174,23,75
183,31,63,174,24,83
183,31,71,174,24,90
183,31,79,173,24,98
183,31,87,173,24,106
183,31,95,173,25,115
183,31,103,173,26,125
183,31,111,172,26,134
183,31,119,172,27,145
183,31,127,171,27,156
183,31,135,169,28,168
183,31,143,168,28,180
183,31,151,165,29,193
183,31,159,162,31,204
183,31,167,159,33,214
183,31,175,155,36,222
183,31,183,151,40,229
183,31,191,147,43,234
183,31,199,143,47,239
183,31,207,139,48,242
183,31,215,135,49,245
183,31,223,132,50,248
183,31,231,129,50,250
183,31,239,126,51,252
183,31,247,123,51,253
183,31,255,121,52,254
183,39,0,167,23,23
183,39,7,169,24,30
183,39,15,170,25,37
183,39,23,172,27,45
183,39,31,173,28,53
183,39,39,173,29,60
183,39,47,174,29,67
183,39,55,174,30,74
183,39,63,174,30,82
183,39,71,174,30,89
183,39,79,174,30,97
183,39,87,173,31,105
183,39,95,173,31,114
183,39,103,173,31,123
183,39,111,173,32,132
183,39,119,172,32,142
183,39,127,171,33,153
183,39,135,170,34,164
183,39,143,169,35,176
183,39,151,166,36,188
183,39,159,164,37,200
183,39,167,160,39,211
183,39,175,156,41,220
183,39,183,152,45,227
183,39,191,148,48,233
183,39,199,144,51,238
183,39,207,140,54,242
183,39,215,137,56,245
183,39,223,133,56,248
183,39,231,130,56,250
183,39,239,128,56,252
183,39,247,125,56,253
183,39,255,123,56,254
183,47,0,168,30,24
183,47,7,169,32,30
183,47,15,170,33,37
183,47,23,172,34,45
183,47,31,173,35,53
183,47,39,174,36,60
183,47,47,174,37,67
183,47,55,174,38,74
183,47,63,174,38,81
183,47,71,174,38,88
183,47,79,174,38,96
183,47,87,174,38,103
183,47,95,173,38,112
183,47,103,173,38,121
183,47,111,173,38,130
183,47,119,172,39,140
183,47,127,172,39,150
183,47,135,171,40,161
183,47,143,169,41,173
183,47,151,167,42,185
183,47,159,165,43,196
183,47,167,162,45,207
183,47,175,158,47,217
183,47,183,154,50,225
183,47,191,150,53,232
183,47,199,146,55,237
183,47,207,142,58,242
183,47,215,139,59,245
183,47,223,135,61,248
183,47,231,133,62,250
183,47,239,130,61,252
183,47,247,127,61,253
183,47,255,125,61,254
183,55,0,168,38,24
183,55,7,170,39,31
183,55,15,171,40,37
183,55,23,172,42,45
183,55,31,173,43,53
183,55,39,174,44,60
183,55,47,174,45,66
183,55,55,174,45,73
183,55,63,174,46,80
183,55,71,174,46,87
183,55,79,174,46,94
183,55,87,174,46,102
183,55,95,174,46,110
183,55,103,174,46,119
183,55,111,173,46,127
183,55,119,173,46,137
183,55,127,172,46,147
183,55,135,171,47,157
183,55,143,170,47,169
183,55,151,168,48,181
183,55,159,166,49,193
183,55,167,163,51,204
183,55,175,160,53,214
183,55,183,156,56,223
183,55,191,152,58,231
183,55,199,148,60,236
183,55,207,144,62,242
183,55,215,141,64,245
183,55,223,138,65,248
183,55,231,135,66,251
183,55,239,132,66,252
183,55,247,130,66,254
183,55,255,128,65,254
183,63,0,169,47,25
183,63,7,171,48,32
183,63,15,171,49,37
183,63,23,173,50,45
183,63,31,174,51,53
183,63,39,174,52,60
183,63,47,174,53,66
183,63,55,174,53,73
183,63,63,174,54,80
183,63,71,174,54,87
183,63,79,174,54,94
183,63,87,174,54,101
183,63,95,174,54,109
183,63,103,174,54,117
183,63,111,173,53,126
183,63,119,173,54,134
183,63,127,173,54,144
183,63,135,172,54,154
183,63,143,171,54,166
183,63,151,170,54,178
183,63,159,167,55,190
183,63,167,165,56,201
183,63,175,161,58,212
183,63,183,158,60,221
183,63,191,154,63,229
183,63,199,150,65,235
183,63,207,146,67,241
183,63,215,143,69,245
183,63,223,140,69,248
183,63,231,137,70,251
183,63,239,135,70,252
183,63,247,133,69,254
183,63,255,130,69,254
183,71,0,170,55,25
183,71,7,171,56,32
183,71,15,172,57,38
183,71,23,173,58,45
183,71,31,174,59,53
183,71,39,174,60,60
183,71,47,175,61,66
183,71,55,175,62,73
183,71,63,175,62,79
183,71,71,175,62,86
183,71,79,175,62,93
183,71,87,174,62,101
183,71,95,174,62,108
183,71,103,174,62,116
183,71,111,173,62,124
183,71,119,173,61,132
183,71,127,173,61,142
183,71,135,172,61,152
183,71,143,172,61,162
183,71,151,171,62,174
183,71,159,169,62,186
183,71,167,167,63,198
183,71,175,163,64,209
183,71,183,160,66,219
183,71,191,156,68,227
183,71,199,152,70,235
183,71,207,149,72,240
183,71,215,145,73,245
183,71,223,142,74,248
183,71,231,140,74,251
183,71,239,137,74,253
183,71,247,135,74,254
183,71,255,133,73,255
183,79,0,170,64,25
183,79,7,172,65,32
183,79,15,173,66,40
183,79,23,173,67,46
183,79,31,174,68,53
183,79,39,175,69,60
183,79,47,175,69,66
183,79,55,175,70,73
183,79,63,175,71,79
183,79,71,175,71,86
183,79,79,175,71,93
183,79,87,175,71,100
183,79,95,174,71,107
183,79,103,174,71,115
183,79,111,174,70,122
183,79,119,173,70,131
183,79,127,173,70,139
183,79,135,173,70,148
183,79,143,172,69,159
183,79,151,171,69,170
183,79,159,170,69,182
183,79,167,168,70,194
183,79,175,165,71,206
183,79,183,162,72,216
183,79,191,158,74,225
183,79,199,155,75,233
183,79,207,151,77,239
183,79,215,148,78,244
183,79,223,145,79,248
183,79,231,142,79,251
183,79,239,140,79,253
183,79,247,138,78,254
183,79,255,136,78,255
183,87,0,171,74,26
183,87,7,172,74,32
183,87,15,173,75,40
183,87,23,174,76,46
183,87,31,175,77,53
183,87,39,175,78,61
183,87,47,175,79,67
183,87,55,176,79,73
183,87,63,176,80,79
183,87,71,176,80,86
183,87,79,175,80,93
183,87,87,175,80,100
183,87,95,175,80,107
183,87,103,174,80,114
183,87,111,174,79,121
183,87,119,174,79,129
183,87,127,173,78,137
183,87,135,173,78,146
183,87,143,173,78,156
183,87,151,172,78,166
183,87,159,171,78,178
183,87,167,169,78,190
183,87,175,167,78,203
183,87,183,164,79,213
183,87,191,161,80,223
183,87,199,157,81,231
183,87,207,153,82,238
183,87,215,150,83,243
183,87,223,147,84,248
183,87,231,145,84,251
183,87,239,143,83,253
183,87,247,140,83,254
183,87,255,138,83,255
183,95,0,172,83,27
183,95,7,173,84,33
183,95,15,174,85,40
183,95,23,175,85,48
183,95,31,175,86,54
183,95,39,176,87,61
183,95,47,176,88,68
183,95,55,176,88,73
183,95,63,176,89,80
183,95,71,176,89,86
183,95,79,176,90,93
183,95,87,176,90,100
183,95,95,175,89,106
183,95,103,175,89,113
183,95,111,174,88,120
183,95,119,174,88,128
183,95,127,173,87,136
183,95,135,173,87,144
183,95,143,173,87,153
183,95,151,172,86,164
183,95,159,171,86,175
183,95,167,170,86,186
183,95,175,168,86,199
183,95,183,166,86,210
183,95,191,163,86,220
183,95,199,159,87,229
183,95,207,156,88,236
183,95,215,153,89,243
183,95,223,150,89,247
183,95,231,147,89,251
183,95,239,145,89,253
183,95,247,143,88,254
183,95,255,141,87,255
183,103,0,173,93,28
183,103,7,174,94,33
183,103,15,175,94,40
183,103,23,175,95,48
183,103,31,176,96,55
183,103,39,176,97,62
183,103,47,177,97,68
183,103,55,177,98,74
183,103,63,177,99,80
183,103,71,177,99,86
183,103,79,177,99,93
183,103,87,176,99,100
183,103,95,176,99,106
183,103,103,175,98,113
183,103,111,174,98,120
183,103,119,174,97,127
183,103,127,174,96,134
183,103,135,173,96,142
183,103,143,173,96,151
183,103,151,173,95,161
183,103,159,172,95,171
183,103,167,171,94,183
183,103,175,170,94,195
183,103,183,167,94,207
183,103,191,164,94,217
183,103,199,161,94,227
183,103,207,158,94,235
183,103,215,155,95,242
183,103,223,152,95,246
183,103,231,150,95,251
183,103,239,147,94,253
183,103,247,145,93,254
183,103,255,143,93,255
183,111,0,175,103,29
183,111,7,175,104,34
183,111,15,175,104,40
183,111,23,176,105,48
183,111,31,177,105,57
183,111,39,177,106,62
183,111,47,177,107,69
183,111,55,177,107,75
183,111,63,178,108,81
183,111,71,177,108,87
183,111,79,177,108,93
183,111,87,177,108,100
183,111,95,176,108,106
183,111,103,176,107,113
183,111,111,175,107,119
183,111,119,174,106,126
183,111,127,174,105,133
183,111,135,174,105,141
183,111,143,173,104,149
183,111,151,173,104,158
183,111,159,173,103,169
183,111,167,172,103,180
183,111,175,171,102,191
183,111,183,169,102,203
183,111,191,167,102,214
183,111,199,163,101,224
183,111,207,160,101,233
183,111,215,157,101,240
183,111,223,154,101,246
183,111,231,152,101,250
183,111,239,150,100,253
183,111,247,148,99,254
183,111,255,145,98,255
183,119,0,176,113,30
183,119,7,176,114,35
183,119,15,176,114,40
183,119,23,177,114,48
183,119,31,177,115,57
183,119,39,178,116,64
183,119,47,178,116,69
183,119,55,178,117,76
183,119,63,178,117,82
183,119,71,178,117,88
183,119,79,178,117,94
183,119,87,178,117,100
183,119,95,177,117,107
183,119,103,176,116,113
183,119,111,176,116,119
183,119,119,175,115,126
183,119,127,175,114,133
183,119,135,174,114,140
183,119,143,174,113,148
183,119,151,173,113,157
183,119,159,173,112,166
183,119,167,173,111,176
183,119,175,172,111,188
183,119,183,170,110,199
183,119,191,168,109,210
183,119,199,166,109,221
183,119,207,162,108,230
183,119,215,160,108,238
183,119,223,157,107,244
183,119,231,154,107,249
183,119,239,152,106,252
183,119,247,150,105,254
183,119,255,148,104,255
183,127,0,176,123,34
183,127,7,177,124,38
183,127,15,177,124,43
183,127,23,177,124,49
183,127,31,178,124,56
183,127,39,178,125,65
183,127,47,179,125,70
183,127,55,179,126,76
183,127,63,179,126,82
183,127,71,179,126,88
183,127,79,179,126,94
183,127,87,179,126,101
183,127,95,178,126,107
183,127,103,177,125,113
183,127,111,176,124,119
183,127,119,176,124,126
183,127,127,175,123,132
183,127,135,175,122,139
183,127,143,174,122,147
183,127,151,174,121,155
183,127,159,174,121,164
183,127,167,173,120,174
183,127,175,173,119,185
183,127,183,171,118,196
183,127,191,170,117,207
183,127,199,168,116,218
183,127,207,165,116,227
183,127,215,162,115,236
183,127,223,159,114,242
183,127,231,157,113,248
183,127,239,155,112,252
183,127,247,153,111,254
183,127,255,150,110,255
183,135,0,177,133,35
183,135,7,177,133,40
183,135,15,178,133,45
183,135,23,178,133,50
183,135,31,178,134,57
183,135,39,179,134,64
183,135,47,179,134,71
183,135,55,179,135,77
183,135,63,180,135,83
183,135,71,180,135,89
183,135,79,180,135,95
183,135,87,179,135,101
183,135,95,179,134,107
183,135,103,178,134,113
183,135,111,177,133,119
183,135,119,177,132,126
183,135,127,176,132,132
183,135,135,175,131,139
183,135,143,175,130,146
183,135,151,175,130,153
183,135,159,174,129,162
183,135,167,174,129,171
183,135,175,173,128,182
183,135,183,173,127,193
183,135,191,171,126,204
183,135,199,169,124,214
183,135,207,167,123,225
183,135,215,164,122,233
183,135,223,162,121,241
183,135,231,159,119,247
183,135,239,157,118,252
183,135,247,155,117,253
183,135,255,152,116,255
183,143,0,177,142,37
183,143,7,178,142,42
183,143,15,178,142,47
183,143,23,178,142,53
183,143,31,179,143,58
183,143,39,179,143,65
183,143,47,180,143,72
183,143,55,180,143,77
183,143,63,181,144,83
183,143,71,181,144,89
183,143,79,181,144,96
183,143,87,180,143,102
183,143,95,180,143,108
183,143,103,179,142,114
183,143,111,179,141,120
183,143,119,178,141,126
183,143,127,177,140,132
183,143,135,176,139,138
183,143,143,176,139,145
183,143,151,175,138,152
183,143,159,175,138,160
183,143,167,175,137,169
183,143,175,174,136,179
183,143,183,174,135,189
183,143,191,173,134,200
183,143,199,171,132,211
183,143,207,169,131,221
183,143,215,167,129,231
183,143,223,164,128,239
183,143,231,162,126,245
183,143,239,159,125,250
183,143,247,157,124,254
183,143,255,155,122,254
183,151,0,177,151,38
183,151,7,178,151,42
183,151,15,178,151,47
183,151,23,179,151,54
183,151,31,179,152,60
183,151,39,180,152,66
183,151,47,180,152,72
183,151,55,181,152,78
183,151,63,181,152,84
183,151,71,182,153,90
183,151,79,182,152,96
183,151,87,182,152,102
183,151,95,181,152,108
183,151,103,181,151,114
183,151,111,180,150,120
183,151,119,179,149,126
183,151,127,178,149,132
183,151,135,178,148,138
183,151,143,177,147,145
183,151,151,177,147,152
183,151,159,176,146,159
183,151,167,176,146,167
183,151,175,175,145,177
183,151,183,175,144,187
183,151,191,174,142,197
183,151,199,173,141,208
183,151,207,171,139,218
183,151,215,169,137,228
183,151,223,167,135,236
183,151,231,164,134,243
183,151,239,162,132,249
183,151,247,160,130,253
183,151,255,158,129,254
183,159,0,177,159,39
183,159,7,177,160,43
183,159,15,178,160,47
183,159,23,178,160,53
183,159,31,179,160,61
183,159,39,180,161,67
183,159,47,180,161,72
183,159,55,181,161,78
183,159,63,182,161,84
183,159,71,182,161,90
183,159,79,182,161,96
183,159,87,182,161,103
183,159,95,182,161,109
183,159,103,182,160,115
183,159,111,181,159,121
183,159,119,180,159,126
183,159,127,180,158,132
183,159,135,179,157,138
183,159,143,179,156,145
183,159,151,178,156,151
183,159,159,178,155,158
183,159,167,177,154,166
183,159,175,177,154,175
183,159,183,177,153,184
183,159,191,176,151,194
183,159,199,175,150,205
183,159,207,173,148,215
183,159,215,171,146,225
183,159,223,169,144,234
183,159,231,167,142,241
183,159,239,164,139,248
183,159,247,162,137,251
183,159,255,160,136,254
183,167,0,176,168,39
183,167,7,176,168,43
183,167,15,177,168,47
183,167,23,178,168,52
183,167,31,179,169,60
183,167,39,180,169,69
183,167,47,180,170,74
183,167,55,181,170,79
183,167,63,182,170,85
183,167,71,182,171,91
183,167,79,183,171,97
183,167,87,183,170,103
183,167,95,183,170,109
183,167,103,183,169,115
183,167,111,182,169,121
183,167,119,182,168,127
183,167,127,181,167,133
183,167,135,181,167,139
183,167,143,180,166,145
183,167,151,180,165,151
183,167,159,179,164,158
183,167,167,179,164,165
183,167,175,179,163,173
183,167,183,178,162,182
183,167,191,178,161,191
183,167,199,177,159,202
183,167,207,175,157,212
183,167,215,174,155,222
183,167,223,171,152,231
183,167,231,169,150,239
183,167,239,167,147,245
183,167,247,165,145,251
183,167,255,162,143,253
183,175,0,175,177,41
183,175,7,175,177,44
183,175,15,176,177,48
183,175,23,177,177,52
183,175,31,178,178,59
183,175,39,179,178,67
183,175,47,180,179,75
183,175,55,181,179,80
183,175,63,182,180,85
183,175,71,182,180,91
183,175,79,183,180,97
183,175,87,183,180,104
183,175,95,183,180,110
183,175,103,184,179,116
183,175,111,183,179,122
183,175,119,183,178,128
183,175,127,183,177,133
183,175,135,182,177,139
183,175,143,182,176,145
183,175,151,181,175,151
183,175,159,181,174,157
183,175,167,180,174,164
183,175,175,180,173,171
183,175,183,180,172,180
183,175,191,179,170,189
183,175,199,179,169,199
183,175,207,178,167,209
183,175,215,176,164,219
183,175,223,174,162,228
183,175,231,172,159,236
183,175,239,169,156,244
183,175,247,167,153,250
183,175,255,165,150,254
183,183,0,174,186,41
183,183,7,174,186,45
183,183,15,175,186,49
183,183,23,176,187,54
183,183,31,177,187,59
183,183,39,178,188,66
183,183,47,179,188,73
183,183,55,180,189,80
183,183,63,181,189,86
183,183,71,182,190,92
183,183,79,183,190,98
183,183,87,183,190,104
183,183,95,184,190,110
183,183,103,184,189,116
183,183,111,184,189,122
183,183,119,184,188,128
183,183,127,184,188,134
183,183,135,183,187,140
183,183,143,183,186,145
183,183,151,183,185,151
183,183,159,183,185,157
183,183,167,182,184,164
183,183,175,182,183,171
183,183,183,181,182,178
183,183,191,181,181,187
183,183,199,180,179,197
183,183,207,179,177,207
183,183,215,178,175,216
183,183,223,176,172,225
183,183,231,174,168,234
183,183,239,172,165,242
183,183,247,170,162,248
183,183,255,168,159,252
183,191,0,172,194,41
183,191,7,173,195,45
183,191,15,174,195,50
183,191,23,175,196,56
183,191,31,176,196,61
183,191,39,177,197,67
183,191,47,178,197,73
183,191,55,179,198,80
183,191,63,180,198,86
183,191,71,181,199,92
183,191,79,182,200,98
183,191,87,183,200,104
183,191,95,184,200,111
183,191,103,184,200,117
183,191,111,184,199,123
183,191,119,185,199,129
183,191,127,185,198,134
183,191,135,185,197,140
183,191,143,185,197,146
183,191,151,184,196,152
183,191,159,184,196,158
183,191,167,184,195,164
183,191,175,183,194,170
183,191,183,183,193,177
183,191,191,183,192,185
183,191,199,182,190,194
183,191,207,181,189,204
183,191,215,180,186,214
183,191,223,179,183,223
183,191,231,177,179,232
183,191,239,175,176,240
183,191,247,173,172,247
183,191,255,170,168,251
183,199,0,170,204,41
183,199,7,171,204,45
183,199,15,172,204,49
183,199,23,173,205,54
183,199,31,174,205,62
183,199,39,175,206,68
183,199,47,176,207,73
183,199,55,178,207,79
183,199,63,179,208,86
183,199,71,180,208,92
183,199,79,182,209,98
183,199,87,183,209,105
183,199,95,184,209,111
183,199,103,184,209,117
183,199,111,185,209,123
183,199,119,185,209,129
183,199,127,186,208,135
183,199,135,186,208,141
183,199,143,186,207,146
183,199,151,186,207,152
183,199,159,185,206,158
183,199,167,185,206,164
183,199,175,185,205,170
183,199,183,184,205,177
183,199,191,184,204,184
183,199,199,184,202,192
183,199,207,183,201,202
183,199,215,182,198,211
183,199,223,181,195,221
183,199,231,179,191,230
183,199,239,177,187,238
183,199,247,175,183,246
183,199,255,173,179,253
183,207,0,169,213,42
183,207,7,169,213,45
183,207,15,170,213,48
183,207,23,171,214,53
183,207,31,172,214,60
183,207,39,173,215,68
183,207,47,175,216,74
183,207,55,176,216,79
183,207,63,178,217,85
183,207,71,180,218,92
183,207,79,181,219,98
183,207,87,182,219,104
183,207,95,183,220,111
183,207,103,184,220,117
183,207,111,185,220,123
183,207,119,186,219,129
183,207,127,186,219,135
183,207,135,186,219,141
183,207,143,187,218,147
183,207,151,187,218,152
183,207,159,187,218,158
183,207,167,186,217,164
183,207,175,186,217,170
183,207,183,186,216,176
183,207,191,185,216,183
183,207,199,185,215,191
183,207,207,184,213,200
183,207,215,184,211,209
183,207,223,183,208,218
183,207,231,181,204,228
183,207,239,179,200,237
183,207,247,178,196,246
183,207,255,175,191,251
183,215,0,166,221,44
183,215,7,167,222,46
183,215,15,168,222,49
183,215,23,169,222,53
183,215,31,170,223,59
183,215,39,171,224,66
183,215,47,173,225,74
183,215,55,175,225,79
183,215,63,176,226,85
183,215,71,178,227,91
183,215,79,180,228,97
183,215,87,181,228,104
183,215,95,183,229,110
183,215,103,184,229,117
183,215,111,185,229,123
183,215,119,186,229,129
183,215,127,186,229,135
183,215,135,187,229,141
183,215,143,187,229,147
183,215,151,187,229,152
183,215,159,187,228,158
183,215,167,187,228,164
183,215,175,187,228,170
183,215,183,187,227,176
183,215,191,186,226,182
183,215,199,186,226,190
183,215,207,185,225,198
183,215,215,185,223,207
183,215,223,184,221,216
183,215,231,183,218,226
183,215,239,181,214,235
183,215,247,180,210,245
183,215,255,178,205,252
183,223,0,164,229,46
183,223,7,165,229,49
183,223,15,165,230,51
183,223,23,166,230,54
183,223,31,168,231,59
183,223,39,169,231,65
183,223,47,171,232,71
183,223,55,173,233,79
183,223,63,175,234,84
183,223,71,177,235,90
183,223,79,179,236,97
183,223,87,180,237,103
183,223,95,182,237,109
183,223,103,183,238,116
183,223,111,184,238,122
183,223,119,186,238,128
183,223,127,186,238,134
183,223,135,187,238,140
183,223,143,187,238,146
183,223,151,188,238,152
183,223,159,188,238,157
183,223,167,187,237,163
183,223,175,187,237,169
183,223,183,187,237,175
183,223,191,186,236,181
183,223,199,186,236,188
183,223,207,186,235,196
183,223,215,186,234,204
183,223,223,185,233,213
183,223,231,184,230,223
183,223,239,183,227,233
183,223,247,182,223,243
183,223,255,180,219,250
183,231,0,160,236,44
183,231,7,161,236,47
183,231,15,162,237,51
183,231,23,164,237,56
183,231,31,165,238,60
183,231,39,166,238,65
183,231,47,168,239,70
183,231,55,171,240,77
183,231,63,173,241,83
183,231,71,175,242,89
183,231,79,177,243,95
183,231,87,179,244,102
183,231,95,181,244,108
183,231,103,183,245,115
183,231,111,184,245,121
183,231,119,185,245,127
183,231,127,186,246,134
183,231,135,187,246,139
183,231,143,187,246,145
183,231,151,187,245,151
183,231,159,187,245,156
183,231,167,187,245,162
183,231,175,187,245,168
183,231,183,187,245,173
183,231,191,186,245,179
183,231,199,186,244,186
183,231,207,186,244,194
183,231,215,186,243,202
183,231,223,186,242,210
183,231,231,185,241,220
183,231,239,184,239,230
183,231,247,183,236,240
183,231,255,181,232,249
183,239,0,157,242,43
183,239,7,158,243,46
183,239,15,159,243,49
183,239,23,160,243,54
183,239,31,162,244,61
183,239,39,164,245,66
183,239,47,166,245,70
183,239,55,168,246,76
183,239,63,171,247,82
183,239,71,173,248,88
183,239,79,175,248,94
183,239,87,177,249,100
183,239,95,180,250,107
183,239,103,181,250,113
183,239,111,183,250,120
183,239,119,184,251,126
183,239,127,185,251,132
183,239,135,186,251,138
183,239,143,187,251,144
183,239,151,187,251,150
183,239,159,187,251,155
183,239,167,187,251,161
183,239,175,186,251,166
183,239,183,186,251,172
183,239,191,186,251,178
183,239,199,186,250,184
183,239,207,186,251,191
183,239,215,186,250,199
183,239,223,185,250,207
183,239,231,185,249,216
183,239,239,184,248,226
183,239,247,184,246,237
183,239,255,183,244,246
183,247,0,154,247,44
183,247,7,155,247,46
183,247,15,156,247,49
183,247,23,157,248,53
183,247,31,159,248,58
183,247,39,161,249,65
183,247,47,163,250,71
183,247,55,165,250,75
183,247,63,168,251,80
183,247,71,170,252,86
183,247,79,173,253,92
183,247,87,175,253,99
183,247,95,178,254,105
183,247,103,180,254,112
183,247,111,181,254,118
183,247,119,183,254,125
183,247,127,184,254,131
183,247,135,185,254,137
183,247,143,185,254,142
183,247,151,186,254,148
183,247,159,186,254,154
183,247,167,186,254,159
183,247,175,186,254,165
183,247,183,186,254,170
183,247,191,185,254,176
183,247,199,185,254,182
183,247,207,185,254,189
183,247,215,185,254,196
183,247,223,185,254,204
183,247,231,185,254,213
183,247,239,185,254,223
183,247,247,184,253,233
183,247,255,183,252,242
183,255,0,152,251,46
183,255,7,152,252,48
183,255,15,153,252,50
183,255,23,154,252,53
183,255,31,156,252,57
183,255,39,158,252,62
183,255,47,160,253,68
183,255,55,163,253,74
183,255,63,165,254,78
183,255,71,167,254,84
183,255,79,170,254,89
183,255,87,173,255,96
183,255,95,175,255,103
183,255,103,177,255,111
183,255,111,179,255,117
183,255,119,181,255,123
183,255,127,183,255,130
183,255,135,184,255,135
183,255,143,185,255,141
183,255,151,185,255,146
183,255,159,185,255,152
183,255,167,185,255,157
183,255,175,185,255,163
183,255,183,185,255,169
183,255,191,184,255,174
183,255,199,184,255,180
183,255,207,184,255,187
183,255,215,184,255,194
183,255,223,184,255,202
183,255,231,184,255,210
183,255,239,184,255,220
183,255,247,184,255,229
183,255,255,184,255,239
191,0,0,171,5,23
191,0,7,173,6,31
191,0,15,174,7,37
191,0,23,176,8,45
191,0,31,177,9,53
191,0,39,178,10,61
191,0,47,178,10,69
191,0,55,179,10,77
191,0,63,179,11,85
191,0,71,179,11,93
191,0,79,180,11,101
191,0,87,180,11,110
191,0,95,179,11,120
191,0,103,179,11,130
191,0,111,179,12,140
191,0,119,178,12,151
191,0,127,177,12,164
191,0,135,176,13,176
191,0,143,174,14,189
191,0,151,171,16,201
191,0,159,167,18,211
191,0,167,164,20,220
191,0,175,160,23,226
191,0,183,155,25,232
191,0,191,151,28,236
191,0,199,147,30,240
191,0,207,142,33,243
191,0,215,138,35,246
191,0,223,135,37,248
191,0,231,131,39,250
191,0,239,129,39,252
191,0,247,126,39,253
191,0,255,123,39,254
191,7,0,171,7,23
191,7,7,173,8,31
191,7,15,174,9,37
191,7,23,176,10,45
191,7,31,177,11,53
191,7,39,178,11,61
191,7,47,178,12,69
191,7,55,179,12,77
191,7,63,179,13,84
191,7,71,179,13,92
191,7,79,180,13,101
191,7,87,180,13,109
191,7,95,179,13,119
191,7,103,179,14,129
191,7,111,179,14,139
191,7,119,178,14,150
191,7,127,177,15,162
191,7,135,176,15,175
191,7,143,174,16,187
191,7,151,171,18,199
191,7,159,168,20,210
191,7,167,164,23,219
191,7,175,160,25,226
191,7,183,156,28,231
191,7,191,151,30,236
191,7,199,147,33,240
191,7,207,143,35,243
191,7,215,139,37,246
191,7,223,135,39,248
191,7,231,132,41,250
191,7,239,129,42,252
191,7,247,127,42,253
191,7,255,124,42,254
191,15,0,171,8,23
191,15,7,173,10,31
191,15,15,174,11,37
191,15,23,176,12,45
191,15,31,177,13,53
191,15,39,178,14,61
191,15,47,179,14,68
191,15,55,179,15,76
191,15,63,179,15,84
191,15,71,180,15,92
191,15,79,180,16,100
191,15,87,180,16,108
191,15,95,179,16,118
191,15,103,179,16,128
191,15,111,179,17,138
191,15,119,178,17,149
191,15,127,177,17,161
191,15,135,176,18,173
191,15,143,174,19,185
191,15,151,171,20,197
191,15,159,168,23,208
191,15,167,164,25,217
191,15,175,161,28,225
191,15,183,156,31,231
191,15,191,152,34,236
191,15,199,148,36,240
191,15,207,143,38,243
191,15,215,140,40,246
191,15,223,136,41,248
191,15,231,133,43,250
191,15,239,130,45,252
191,15,247,127,45,253
191,15,255,125,45,254
191,23,0,171,11,23
191,23,7,174,13,31
191,23,15,175,14,37
191,23,23,176,15,45
191,23,31,178,16,53
191,23,39,178,17,60
191,23,47,179,18,68
191,23,55,179,19,76
191,23,63,180,19,83
191,23,71,180,19,91
191,23,79,180,19,99
191,23,87,180,20,107
191,23,95,180,20,116
191,23,103,179,20,126
191,23,111,179,21,136
191,23,119,178,21,147
191,23,127,178,21,158
191,23,135,176,22,170
191,23,143,174,23,183
191,23,151,172,24,195
191,23,159,169,26,206
191,23,167,165,29,215
191,23,175,161,32,223
191,23,183,157,35,229
191,23,191,153,38,235
191,23,199,148,40,239
191,23,207,144,42,243
191,23,215,141,44,245
191,23,223,137,45,248
191,23,231,134,46,250
191,23,239,131,48,252
191,23,247,128,49,253
191,23,255,126,50,254
191,31,0,172,16,23
191,31,7,174,18,31
191,31,15,175,19,37
191,31,23,177,20,45
191,31,31,178,21,53
191,31,39,179,22,60
191,31,47,179,23,67
191,31,55,180,24,75
191,31,63,180,24,82
191,31,71,180,24,90
191,31,79,180,25,98
191,31,87,180,25,106
191,31,95,180,25,115
191,31,103,179,26,124
191,31,111,179,26,134
191,31,119,179,26,144
191,31,127,178,27,155
191,31,135,177,27,167
191,31,143,175,28,179
191,31,151,172,29,191
191,31,159,170,31,203
191,31,167,166,33,212
191,31,175,162,37,221
191,31,183,158,40,228
191,31,191,154,44,234
191,31,199,149,46,238
191,31,207,146,47,242
191,31,215,142,48,245
191,31,223,138,50,248
191,31,231,135,51,250
191,31,239,133,52,252
191,31,247,130,53,253
191,31,255,128,54,254
191,39,0,172,22,23
191,39,7,174,24,31
191,39,15,175,25,37
191,39,23,177,26,45
191,39,31,178,28,53
191,39,39,179,28,60
191,39,47,179,29,67
191,39,55,180,30,74
191,39,63,180,30,81
191,39,71,180,31,89
191,39,79,180,31,97
191,39,87,180,31,104
191,39,95,180,31,113
191,39,103,180,32,122
191,39,111,179,32,131
191,39,119,179,33,141
191,39,127,178,33,152
191,39,135,177,33,163
191,39,143,175,34,176
191,39,151,173,35,188
191,39,159,171,36,199
191,39,167,167,39,209
191,39,175,163,41,219
191,39,183,159,45,226
191,39,191,155,48,233
191,39,199,151,51,238
191,39,207,147,54,242
191,39,215,143,54,245
191,39,223,140,55,248
191,39,231,137,56,250
191,39,239,134,56,252
191,39,247,132,57,253
191,39,255,129,57,254
191,47,0,173,29,23
191,47,7,175,31,31
191,47,15,176,32,38
191,47,23,177,33,45
191,47,31,179,35,53
191,47,39,179,36,60
191,47,47,180,37,67
191,47,55,180,37,74
191,47,63,180,37,81
191,47,71,180,38,88
191,47,79,180,38,96
191,47,87,180,38,103
191,47,95,180,38,111
191,47,103,180,38,120
191,47,111,180,39,129
191,47,119,179,39,139
191,47,127,179,40,149
191,47,135,178,40,160
191,47,143,176,41,171
191,47,151,175,42,184
191,47,159,172,43,195
191,47,167,169,45,206
191,47,175,165,47,216
191,47,183,161,50,224
191,47,191,157,53,231
191,47,199,153,56,237
191,47,207,149,58,242
191,47,215,145,60,245
191,47,223,142,61,248
191,47,231,139,61,251
191,47,239,136,61,252
191,47,247,134,61,254
191,47,255,132,61,254
191,55,0,173,37,24
191,55,7,175,39,31
191,55,15,177,40,38
191,55,23,178,41,45
191,55,31,179,43,53
191,55,39,180,44,60
191,55,47,180,45,66
191,55,55,180,45,73
191,55,63,181,46,80
191,55,71,181,46,87
191,55,79,181,46,95
191,55,87,181,46,102
191,55,95,180,46,110
191,55,103,180,46,119
191,55,111,180,46,127
191,55,119,180,46,136
191,55,127,179,46,146
191,55,135,178,47,157
191,55,143,177,47,168
191,55,151,176,48,180
191,55,159,173,49,192
191,55,167,170,51,203
191,55,175,167,53,213
191,55,183,163,55,222
191,55,191,159,58,230
191,55,199,155,60,236
191,55,207,151,62,241
191,55,215,147,64,245
191,55,223,144,65,248
191,55,231,141,66,251
191,55,239,139,66,252
191,55,247,136,66,254
191,55,255,134,66,254
191,63,0,174,45,24
191,63,7,176,46,31
191,63,15,177,48,39
191,63,23,178,49,45
191,63,31,179,50,53
191,63,39,180,51,60
191,63,47,180,52,66
191,63,55,181,53,73
191,63,63,181,54,80
191,63,71,181,54,87
191,63,79,181,54,94
191,63,87,181,54,101
191,63,95,181,54,109
191,63,103,181,54,117
191,63,111,180,54,125
191,63,119,180,53,134
191,63,127,180,53,144
191,63,135,179,54,154
191,63,143,178,54,165
191,63,151,176,54,177
191,63,159,174,55,188
191,63,167,172,56,200
191,63,175,168,58,210
191,63,183,165,61,220
191,63,191,161,63,228
191,63,199,157,65,235
191,63,207,153,67,240
191,63,215,149,69,245
191,63,223,146,70,248
191,63,231,144,70,251
191,63,239,141,70,253
191,63,247,139,70,254
191,63,255,137,70,255
191,71,0,175,54,25
191,71,7,176,55,32
191,71,15,178,56,40
191,71,23,179,57,46
191,71,31,180,58,53
191,71,39,180,59,60
191,71,47,181,60,66
191,71,55,181,61,73
191,71,63,181,62,80
191,71,71,181,62,86
191,71,79,181,62,94
191,71,87,181,62,101
191,71,95,181,62,108
191,71,103,181,62,116
191,71,111,181,62,124
191,71,119,180,61,132
191,71,127,180,61,141
191,71,135,180,61,151
191,71,143,179,61,161
191,71,151,178,62,173
191,71,159,176,62,185
191,71,167,173,63,197
191,71,175,170,64,208
191,71,183,167,66,218
191,71,191,163,68,226
191,71,199,159,70,234
191,71,207,155,72,240
191,71,215,152,73,244
191,71,223,149,74,248
191,71,231,146,75,251
191,71,239,144,75,253
191,71,247,141,74,254
191,71,255,139,74,255
191,79,0,176,62,25
191,79,7,177,64,32
191,79,15,178,65,39
191,79,23,179,66,47
191,79,31,180,67,53
191,79,39,181,68,61
191,79,47,181,69,67
191,79,55,181,70,73
191,79,63,182,71,80
191,79,71,182,71,86
191,79,79,182,71,93
191,79,87,182,71,100
191,79,95,181,71,108
191,79,103,181,71,115
191,79,111,181,70,122
191,79,119,180,70,131
191,79,127,180,70,139
191,79,135,180,69,148
191,79,143,179,69,158
191,79,151,178,69,169
191,79,159,177,69,181
191,79,167,175,70,193
191,79,175,173,71,205
191,79,183,169,72,215
191,79,191,165,74,225
191,79,199,161,75,232
191,79,207,157,77,239
191,79,215,154,78,244
191,79,223,151,79,248
191,79,231,149,79,251
191,79,239,146,79,253
191,79,247,144,79,254
191,79,255,142,78,255
191,87,0,177,72,26
191,87,7,178,72,32
191,87,15,179,73,39
191,87,23,180,75,48
191,87,31,181,76,54
191,87,39,181,77,61
191,87,47,182,78,67
191,87,55,182,79,73
191,87,63,182,79,80
191,87,71,182,80,86
191,87,79,182,80,93
191,87,87,182,80,100
191,87,95,182,80,107
191,87,103,181,80,114
191,87,111,181,79,121
191,87,119,181,79,129
191,87,127,180,78,137
191,87,135,180,78,146
191,87,143,180,78,155
191,87,151,179,78,166
191,87,159,178,77,177
191,87,167,176,77,189
191,87,175,174,78,201
191,87,183,171,79,212
191,87,191,167,80,222
191,87,199,164,81,230
191,87,207,160,82,237
191,87,215,157,83,243
191,87,223,154,84,248
191,87,231,151,84,251
191,87,239,149,84,253
191,87,247,146,84,254
191,87,255,144,83,255
191,95,0,178,81,27
191,95,7,179,82,33
191,95,15,180,83,39
191,95,23,181,84,48
191,95,31,181,85,55
191,95,39,182,86,61
191,95,47,182,87,68
191,95,55,182,88,74
191,95,63,183,89,80
191,95,71,183,89,86
191,95,79,183,89,93
191,95,87,182,89,100
191,95,95,182,89,107
191,95,103,182,89,114
191,95,111,181,88,121
191,95,119,181,88,128
191,95,127,181,87,136
191,95,135,180,87,144
191,95,143,180,86,153
191,95,151,179,86,163
191,95,159,179,86,174
191,95,167,177,86,186
191,95,175,175,86,198
191,95,183,173,86,209
191,95,191,169,87,219
191,95,199,166,87,228
191,95,207,162,88,235
191,95,215,159,89,242
191,95,223,156,89,247
191,95,231,153,90,251
191,95,239,151,89,253
191,95,247,149,89,254
191,95,255,147,88,255
191,103,0,179,91,29
191,103,7,180,92,34
191,103,15,180,92,40
191,103,23,181,93,47
191,103,31,182,94,56
191,103,39,182,95,62
191,103,47,183,96,69
191,103,55,183,97,75
191,103,63,183,98,81
191,103,71,183,98,87
191,103,79,183,98,94
191,103,87,183,98,100
191,103,95,183,98,107
191,103,103,182,98,113
191,103,111,182,97,120
191,103,119,181,97,127
191,103,127,181,96,135
191,103,135,180,96,142
191,103,143,180,95,151
191,103,151,180,95,160
191,103,159,179,94,171
191,103,167,178,94,182
191,103,175,177,94,194
191,103,183,174,94,206
191,103,191,171,94,216
191,103,199,168,94,226
191,103,207,165,95,234
191,103,215,161,95,241
191,103,223,158,95,246
191,103,231,156,95,250
191,103,239,153,95,253
191,103,247,151,94,254
191,103,255,148,93,255
191,111,0,181,101,30
191,111,7,181,102,34
191,111,15,181,102,40
191,111,23,182,103,47
191,111,31,183,104,56
191,111,39,183,105,63
191,111,47,184,106,69
191,111,55,184,106,75
191,111,63,184,107,81
191,111,71,184,107,87
191,111,79,184,108,94
191,111,87,184,108,100
191,111,95,183,107,107
191,111,103,183,107,113
191,111,111,182,106,120
191,111,119,181,106,127
191,111,127,181,105,134
191,111,135,181,105,141
191,111,143,180,104,149
191,111,151,180,104,158
191,111,159,179,103,168
191,111,167,179,103,179
191,111,175,178,102,191
191,111,183,176,102,202
191,111,191,173,102,213
191,111,199,170,101,223
191,111,207,167,101,232
191,111,215,164,101,239
191,111,223,160,101,245
191,111,231,158,101,249
191,111,239,156,100,253
191,111,247,153,100,254
191,111,255,151,99,255
191,119,0,182,112,31
191,119,7,182,112,36
191,119,15,182,112,41
191,119,23,183,113,47
191,119,31,183,114,56
191,119,39,184,114,65
191,119,47,184,115,70
191,119,55,185,116,76
191,119,63,185,116,82
191,119,71,185,116,88
191,119,79,185,117,94
191,119,87,184,117,101
191,119,95,184,116,107
191,119,103,183,116,113
191,119,111,183,115,120
191,119,119,182,115,126
191,119,127,181,114,133
191,119,135,181,113,140
191,119,143,180,113,148
191,119,151,180,112,156
191,119,159,180,112,166
191,119,167,179,111,176
191,119,175,178,111,187
191,119,183,177,110,199
191,119,191,175,110,210
191,119,199,172,109,220
191,119,207,169,108,229
191,119,215,166,108,237
191,119,223,163,108,244
191,119,231,160,107,249
191,119,239,158,106,252
191,119,247,156,105,254
191,119,255,153,104,255
191,127,0,183,121,34
191,127,7,183,122,39
191,127,15,183,122,44
191,127,23,184,122,49
191,127,31,184,123,56
191,127,39,184,124,65
191,127,47,185,124,71
191,127,55,185,125,77
191,127,63,186,125,83
191,127,71,186,125,89
191,127,79,186,125,95
191,127,87,185,125,101
191,127,95,185,125,107
191,127,103,184,125,114
191,127,111,183,124,120
191,127,119,183,123,126
191,127,127,182,123,133
191,127,135,181,122,140
191,127,143,181,121,147
191,127,151,181,121,155
191,127,159,180,120,164
191,127,167,180,120,174
191,127,175,179,119,184
191,127,183,178,118,195
191,127,191,177,118,206
191,127,199,174,117,217
191,127,207,171,116,227
191,127,215,168,115,235
191,127,223,165,114,242
191,127,231,163,113,248
191,127,239,160,112,252
191,127,247,158,111,254
191,127,255,155,110,255
191,135,0,183,131,36
191,135,7,184,131,40
191,135,15,184,131,46
191,135,23,184,132,52
191,135,31,185,132,57
191,135,39,185,133,64
191,135,47,186,133,72
191,135,55,186,133,77
191,135,63,186,134,83
191,135,71,186,134,89
191,135,79,186,134,96
191,135,87,186,134,102
191,135,95,186,133,108
191,135,103,185,133,114
191,135,111,184,132,120
191,135,119,183,132,126
191,135,127,183,131,133
191,135,135,182,130,139
191,135,143,181,130,146
191,135,151,181,129,154
191,135,159,181,129,162
191,135,167,180,128,171
191,135,175,180,127,182
191,135,183,179,127,192
191,135,191,178,126,203
191,135,199,176,124,214
191,135,207,173,123,224
191,135,215,171,122,233
191,135,223,167,121,240
191,135,231,165,120,246
191,135,239,162,118,251
191,135,247,160,117,254
191,135,255,157,116,255
191,143,0,184,140,37
191,143,7,184,140,41
191,143,15,184,140,47
191,143,23,185,141,54
191,143,31,185,141,59
191,143,39,186,141,65
191,143,47,186,142,72
191,143,55,187,142,78
191,143,63,187,142,84
191,143,71,187,143,90
191,143,79,187,142,96
191,143,87,187,142,102
191,143,95,186,142,108
191,143,103,186,141,114
191,143,111,185,141,120
191,143,119,184,140,126
191,143,127,184,140,133
191,143,135,183,139,139
191,143,143,182,138,146
191,143,151,182,138,153
191,143,159,182,137,161
191,143,167,181,137,169
191,143,175,181,136,179
191,143,183,180,135,189
191,143,191,179,134,200
191,143,199,178,132,211
191,143,207,176,131,221
191,143,215,173,130,230
191,143,223,170,128,238
191,143,231,167,126,245
191,143,239,165,125,250
191,143,247,163,124,254
191,143,255,160,123,254
191,151,0,184,148,38
191,151,7,184,149,42
191,151,15,185,149,47
191,151,23,185,149,53
191,151,31,186,150,62
191,151,39,186,150,67
191,151,47,187,150,72
191,151,55,187,151,79
191,151,63,188,151,84
191,151,71,188,151,90
191,151,79,188,151,97
191,151,87,188,151,103
191,151,95,188,150,109
191,151,103,187,150,115
191,151,111,186,149,121
191,151,119,186,149,127
191,151,127,185,148,133
191,151,135,184,147,139
191,151,143,183,147,145
191,151,151,183,146,152
191,151,159,183,146,160
191,151,167,182,145,168
191,151,175,182,144,177
191,151,183,182,143,186
191,151,191,181,142,197
191,151,199,179,141,207
191,151,207,178,139,218
191,151,215,175,137,227
191,151,223,172,136,236
191,151,231,170,134,243
191,151,239,167,132,249
191,151,247,165,130,252
191,151,255,163,129,254
191,159,0,184,157,38
191,159,7,184,157,42
191,159,15,185,158,46
191,159,23,185,158,52
191,159,31,186,158,60
191,159,39,186,159,68
191,159,47,187,159,73
191,159,55,188,159,79
191,159,63,188,160,85
191,159,71,189,160,91
191,159,79,189,160,97
191,159,87,189,160,103
191,159,95,189,159,110
191,159,103,188,159,115
191,159,111,188,158,121
191,159,119,187,158,127
191,159,127,186,157,133
191,159,135,185,156,139
191,159,143,185,156,145
191,159,151,184,155,152
191,159,159,184,154,159
191,159,167,183,154,166
191,159,175,183,153,175
191,159,183,183,152,184
191,159,191,182,151,194
191,159,199,181,150,204
191,159,207,180,148,215
191,159,215,178,146,225
191,159,223,175,144,233
191,159,231,172,141,240
191,159,239,170,139,247
191,159,247,167,137,251
191,159,255,165,136,254
191,167,0,183,166,40
191,167,7,184,166,44
191,167,15,184,166,47
191,167,23,185,166,53
191,167,31,185,167,60
191,167,39,186,167,68
191,167,47,187,168,75
191,167,55,188,168,80
191,167,63,189,169,86
191,167,71,189,169,91
191,167,79,189,169,98
191,167,87,189,169,104
191,167,95,189,168,110
191,167,103,189,168,116
191,167,111,189,167,122
191,167,119,188,167,128
191,167,127,188,166,133
191,167,135,187,165,139
191,167,143,186,165,145
191,167,151,186,164,152
191,167,159,185,163,158
191,167,167,185,163,165
191,167,175,185,162,173
191,167,183,184,161,182
191,167,191,184,160,191
191,167,199,183,158,202
191,167,207,182,157,212
191,167,215,180,155,222
191,167,223,177,152,230
191,167,231,175,149,238
191,167,239,172,147,245
191,167,247,170,145,251
191,167,255,167,143,253
191,175,0,182,174,42
191,175,7,183,174,46
191,175,15,183,174,49
191,175,23,184,175,54
191,175,31,185,175,60
191,175,39,186,176,67
191,175,47,187,176,75
191,175,55,188,177,81
191,175,63,189,177,86
191,175,71,189,178,92
191,175,79,190,178,98
191,175,87,190,178,104
191,175,95,190,178,110
191,175,103,190,177,117
191,175,111,190,177,122
191,175,119,189,176,128
191,175,127,189,176,134
191,175,135,188,175,140
191,175,143,188,174,146
191,175,151,187,174,152
191,175,159,187,173,158
191,175,167,187,172,165
191,175,175,186,171,172
191,175,183,186,170,180
191,175,191,186,169,189
191,175,199,185,168,199
191,175,207,184,166,209
191,175,215,182,164,219
191,175,223,180,161,228
191,175,231,177,158,236
191,175,239,175,155,244
191,175,247,173,153,250
191,175,255,170,150,255
191,183,0,182,182,42
191,183,7,182,182,46
191,183,15,182,183,50
191,183,23,183,183,56
191,183,31,184,184,61
191,183,39,185,184,67
191,183,47,186,185,74
191,183,55,187,186,81
191,183,63,188,186,87
191,183,71,189,187,92
191,183,79,190,187,99
191,183,87,190,187,105
191,183,95,191,188,111
191,183,103,191,187,117
191,183,111,191,187,123
191,183,119,191,186,129
191,183,127,190,185,135
191,183,135,190,185,140
191,183,143,190,184,146
191,183,151,189,184,152
191,183,159,189,183,158
191,183,167,188,182,165
191,183,175,188,181,171
191,183,183,187,180,178
191,183,191,187,179,187
191,183,199,186,178,196
191,183,207,186,176,206
191,183,215,184,174,216
191,183,223,182,171,225
191,183,231,180,168,234
191,183,239,178,164,241
191,183,247,175,161,248
191,183,255,173,158,252
191,191,0,180,190,42
191,191,7,181,191,45
191,191,15,181,191,50
191,191,23,182,192,56
191,191,31,183,193,63
191,191,39,184,193,68
191,191,47,185,194,74
191,191,55,186,195,81
191,191,63,188,195,87
191,191,71,189,196,93
191,191,79,189,197,99
191,191,87,190,197,105
191,191,95,191,197,111
191,191,103,191,197,118
191,191,111,191,197,123
191,191,119,191,196,129
191,191,127,191,196,135
191,191,135,191,195,141
191,191,143,191,194,147
191,191,151,191,194,153
191,191,159,190,193,159
191,191,167,190,192,165
191,191,175,190,192,171
191,191,183,189,191,178
191,191,191,189,189,185
191,191,199,188,188,194
191,191,207,187,186,204
191,191,215,186,184,214
191,191,223,185,181,223
191,191,231,182,178,232
191,191,239,180,174,240
191,191,247,178,171,247
191,191,255,176,167,252
191,199,0,179,199,42
191,199,7,179,199,45
191,199,15,180,200,49
191,199,23,181,200,55
191,199,31,182,201,62
191,199,39,183,202,70
191,199,47,184,203,75
191,199,55,185,203,81
191,199,63,187,204,87
191,199,71,188,205,93
191,199,79,189,206,99
191,199,87,190,206,106
191,199,95,190,206,112
191,199,103,191,207,118
191,199,111,192,206,124
191,199,119,192,206,130
191,199,127,192,206,136
191,199,135,192,205,142
191,199,143,192,204,147
191,199,151,192,204,153
191,199,159,192,204,159
191,199,167,191,203,165
191,199,175,191,203,171
191,199,183,191,202,177
191,199,191,190,201,184
191,199,199,190,199,193
191,199,207,189,198,202
191,199,215,188,196,211
191,199,223,187,193,221
191,199,231,185,189,229
191,199,239,183,185,238
191,199,247,181,181,246
191,199,255,179,177,253
191,207,0,177,208,43
191,207,7,177,209,46
191,207,15,178,209,49
191,207,23,179,210,54
191,207,31,180,210,60
191,207,39,181,211,68
191,207,47,183,212,75
191,207,55,184,213,81
191,207,63,185,214,87
191,207,71,187,214,93
191,207,79,188,215,99
191,207,87,189,216,105
191,207,95,190,216,112
191,207,103,191,216,118
191,207,111,192,216,125
191,207,119,193,216,130
191,207,127,193,216,136
191,207,135,193,216,142
191,207,143,193,215,148
191,207,151,193,215,153
191,207,159,193,215,159
191,207,167,193,214,165
191,207,175,192,214,171
191,207,183,192,213,177
191,207,191,191,213,184
191,207,199,191,212,192
191,207,207,191,210,200
191,207,215,190,208,209
191,207,223,189,205,219
191,207,231,187,202,228
191,207,239,185,198,237
191,207,247,183,194,246
191,207,255,181,189,251
191,215,0,175,217,45
191,215,7,175,217,48
191,215,15,176,218,51
191,215,23,177,218,54
191,215,31,178,219,60
191,215,39,179,220,66
191,215,47,181,220,74
191,215,55,183,221,81
191,215,63,184,222,86
191,215,71,186,223,92
191,215,79,187,224,99
191,215,87,188,225,105
191,215,95,190,225,112
191,215,103,191,226,118
191,215,111,192,226,124
191,215,119,193,226,130
191,215,127,193,226,136
191,215,135,194,226,142
191,215,143,194,226,148
191,215,151,194,225,154
191,215,159,194,225,159
191,215,167,194,225,165
191,215,175,193,225,171
191,215,183,193,224,177
191,215,191,192,223,183
191,215,199,192,223,191
191,215,207,192,222,199
191,215,215,191,221,207
191,215,223,190,218,217
191,215,231,189,215,226
191,215,239,188,211,235
191,215,247,186,207,244
191,215,255,184,203,252
191,223,0,172,225,46
191,223,7,173,225,49
191,223,15,174,226,53
191,223,23,174,226,56
191,223,31,176,227,61
191,223,39,177,228,66
191,223,47,179,229,72
191,223,55,181,230,80
191,223,63,182,231,86
191,223,71,184,232,92
191,223,79,186,233,98
191,223,87,188,233,104
191,223,95,189,234,111
191,223,103,190,235,118
191,223,111,191,235,124
191,223,119,192,235,130
191,223,127,193,235,136
191,223,135,194,235,142
191,223,143,194,235,148
191,223,151,194,235,153
191,223,159,194,235,159
191,223,167,194,234,165
191,223,175,194,234,170
191,223,183,193,234,176
191,223,191,193,233,183
191,223,199,193,233,190
191,223,207,192,232,197
191,223,215,192,232,206
191,223,223,192,230,214
191,223,231,191,227,224
191,223,239,189,224,234
191,223,247,188,220,243
191,223,255,186,216,250
191,231,0,169,232,44
191,231,7,170,233,48
191,231,15,171,233,51
191,231,23,172,234,57
191,231,31,173,234,62
191,231,39,175,235,67
191,231,47,176,236,72
191,231,55,178,237,78
191,231,63,181,238,85
191,231,71,183,239,91
191,231,79,184,240,97
191,231,87,186,241,104
191,231,95,188,241,110
191,231,103,189,242,116
191,231,111,191,242,123
191,231,119,192,243,129
191,231,127,193,243,135
191,231,135,193,243,141
191,231,143,194,243,147
191,231,151,194,243,153
191,231,159,194,243,159
191,231,167,194,243,164
191,231,175,194,243,170
191,231,183,193,242,175
191,231,191,193,242,181
191,231,199,193,242,188
191,231,207,193,241,195
191,231,215,193,241,204
191,231,223,192,240,212
191,231,231,192,239,221
191,231,239,191,237,231
191,231,247,189,233,241
191,231,255,188,230,250
191,239,0,165,239,43
191,239,7,166,239,46
191,239,15,167,239,49
191,239,23,168,240,54
191,239,31,170,241,61
191,239,39,172,241,68
191,239,47,174,242,72
191,239,55,176,243,77
191,239,63,178,244,83
191,239,71,181,245,89
191,239,79,182,246,96
191,239,87,185,247,102
191,239,95,187,247,109
191,239,103,188,248,115
191,239,111,190,249,122
191,239,119,191,249,128
191,239,127,192,249,134
191,239,135,193,249,141
191,239,143,193,249,146
191,239,151,194,250,152
191,239,159,194,249,158
191,239,167,194,249,163
191,239,175,193,249,169
191,239,183,193,249,174
191,239,191,193,249,180
191,239,199,193,249,187
191,239,207,192,249,193
191,239,215,192,249,201
191,239,223,192,249,209
191,239,231,192,248,218
191,239,239,192,247,228
191,239,247,191,245,238
191,239,255,189,242,247
191,247,0,162,245,44
191,247,7,163,245,46
191,247,15,164,245,49
191,247,23,165,246,53
191,247,31,167,246,58
191,247,39,169,247,65
191,247,47,171,248,72
191,247,55,173,248,77
191,247,63,175,249,82
191,247,71,178,250,87
191,247,79,180,251,94
191,247,87,182,251,100
191,247,95,185,252,107
191,247,103,187,252,114
191,247,111,188,252,121
191,247,119,190,253,127
191,247,127,191,253,133
191,247,135,192,253,139
191,247,143,193,253,145
191,247,151,193,254,151
191,247,159,194,254,157
191,247,167,193,254,162
191,247,175,193,253,168
191,247,183,193,253,173
191,247,191,192,253,179
191,247,199,192,253,185
191,247,207,192,253,192
191,247,215,192,253,199
191,247,223,192,253,207
191,247,231,192,253,215
191,247,239,192,253,225
191,247,247,191,252,235
191,247,255,191,251,244
191,255,0,160,250,47
191,255,7,160,250,48
191,255,15,161,250,51
191,255,23,162,250,54
191,255,31,164,251,58
191,255,39,166,251,63
191,255,47,168,252,69
191,255,55,170,252,75
191,255,63,173,253,80
191,255,71,175,253,85
191,255,79,178,254,91
191,255,87,180,255,97
191,255,95,182,255,104
191,255,103,185,255,112
191,255,111,187,255,120
191,255,119,189,255,126
191,255,127,190,255,132
191,255,135,191,255,138
191,255,143,192,255,144
191,255,151,192,255,150
191,255,159,193,255,155
191,255,167,193,255,161
191,255,175,193,255,166
191,255,183,193,255,172
191,255,191,192,255,178
191,255,199,192,255,184
191,255,207,192,255,190
191,255,215,192,255,197
191,255,223,192,255,204
191,255,231,192,255,213
191,255,239,192,255,222
191,255,247,192,255,232
191,255,255,191,255,241
199,0,0,175,6,23
199,0,7,177,7,31
199,0,15,179,7,38
199,0,23,180,8,45
199,0,31,182,9,53
199,0,39,183,10,61
199,0,47,183,10,68
199,0,55,184,10,76
199,0,63,185,11,84
199,0,71,185,11,92
199,0,79,185,11,100
199,0,87,186,11,109
199,0,95,186,11,118
199,0,103,185,11,128
199,0,111,185,12,139
199,0,119,184,13,150
199,0,127,184,13,162
199,0,135,183,14,174
199,0,143,180,16,186
199,0,151,177,17,198
199,0,159,174,19,208
199,0,167,171,21,217
199,0,175,167,22,225
199,0,183,162,25,231
199,0,191,158,28,236
199,0,199,154,30,240
199,0,207,150,33,243
199,0,215,146,36,245
199,0,223,142,38,248
199,0,231,139,39,250
199,0,239,136,39,252
199,0,247,133,39,253
199,0,255,131,40,254
199,7,0,175,7,23
199,7,7,177,8,31
199,7,15,179,9,38
199,7,23,180,10,45
199,7,31,182,11,53
199,7,39,183,11,60
199,7,47,184,12,68
199,7,55,184,12,76
199,7,63,185,13,84
199,7,71,185,13,92
199,7,79,186,13,100
199,7,87,186,13,108
199,7,95,186,13,118
199,7,103,186,14,128
199,7,111,185,14,138
199,7,119,184,15,149
199,7,127,184,15,160
199,7,135,183,16,172
199,7,143,180,18,185
199,7,151,178,19,196
199,7,159,175,21,207
199,7,167,171,23,216
199,7,175,167,25,224
199,7,183,163,27,230
199,7,191,159,30,235
199,7,199,154,33,239
199,7,207,150,36,243
199,7,215,146,38,245
199,7,223,143,40,248
199,7,231,139,42,250
199,7,239,137,42,252
199,7,247,134,42,253
199,7,255,132,42,254
199,15,0,176,9,23
199,15,7,178,10,31
199,15,15,179,11,38
199,15,23,181,12,45
199,15,31,182,13,53
199,15,39,183,14,60
199,15,47,184,14,68
199,15,55,184,15,76
199,15,63,185,15,83
199,15,71,185,15,91
199,15,79,186,15,99
199,15,87,186,15,108
199,15,95,186,16,117
199,15,103,186,16,127
199,15,111,185,17,137
199,15,119,185,17,147
199,15,127,184,18,159
199,15,135,183,19,171
199,15,143,181,20,183
199,15,151,178,22,195
199,15,159,175,23,205
199,15,167,171,26,215
199,15,175,168,28,223
199,15,183,163,30,229
199,15,191,159,33,235
199,15,199,155,36,239
199,15,207,151,38,243
199,15,215,147,40,245
199,15,223,143,43,248
199,15,231,140,45,250
199,15,239,137,45,252
199,15,247,135,45,253
199,15,255,133,45,254
199,23,0,176,12,23
199,23,7,178,13,31
199,23,15,180,14,38
199,23,23,181,15,45
199,23,31,183,17,53
199,23,39,183,17,60
199,23,47,184,18,68
199,23,55,185,18,75
199,23,63,185,19,83
199,23,71,186,19,91
199,23,79,186,19,98
199,23,87,186,19,107
199,23,95,186,20,115
199,23,103,186,20,125
199,23,111,185,21,135
199,23,119,185,21,146
199,23,127,184,22,157
199,23,135,183,23,168
199,23,143,181,24,180
199,23,151,178,25,192
199,23,159,175,27,203
199,23,167,172,30,213
199,23,175,168,32,221
199,23,183,164,34,228
199,23,191,160,37,234
199,23,199,156,39,239
199,23,207,151,42,242
199,23,215,148,44,245
199,23,223,144,46,248
199,23,231,141,48,250
199,23,239,138,50,252
199,23,247,136,49,253
199,23,255,134,49,254
199,31,0,176,16,23
199,31,7,178,17,31
199,31,15,180,19,38
199,31,23,181,20,45
199,31,31,183,22,53
199,31,39,184,22,60
199,31,47,185,23,67
199,31,55,185,24,75
199,31,63,185,24,82
199,31,71,186,24,90
199,31,79,186,25,97
199,31,87,186,25,106
199,31,95,186,25,114
199,31,103,186,25,123
199,31,111,186,26,133
199,31,119,185,26,143
199,31,127,184,27,154
199,31,135,183,27,166
199,31,143,181,28,177
199,31,151,179,30,189
199,31,159,176,32,200
199,31,167,173,34,210
199,31,175,169,37,219
199,31,183,165,40,227
199,31,191,161,42,233
199,31,199,157,44,238
199,31,207,153,47,242
199,31,215,149,48,245
199,31,223,145,50,248
199,31,231,142,52,250
199,31,239,140,53,252
199,31,247,137,54,253
199,31,255,135,54,254
199,39,0,177,22,23
199,39,7,179,23,31
199,39,15,181,25,39
199,39,23,182,26,45
199,39,31,183,28,53
199,39,39,184,29,60
199,39,47,185,30,67
199,39,55,185,30,74
199,39,63,186,31,81
199,39,71,186,31,89
199,39,79,186,31,96
199,39,87,186,31,104
199,39,95,186,31,113
199,39,103,186,32,121
199,39,111,186,32,131
199,39,119,185,32,141
199,39,127,185,33,151
199,39,135,183,33,162
199,39,143,182,34,174
199,39,151,180,35,186
199,39,159,177,37,197
199,39,167,174,39,208
199,39,175,170,42,217
199,39,183,166,45,225
199,39,191,162,48,232
199,39,199,158,50,237
199,39,207,154,52,242
199,39,215,150,54,245
199,39,223,147,55,248
199,39,231,144,56,250
199,39,239,141,57,252
199,39,247,139,58,253
199,39,255,137,59,254
199,47,0,177,28,24
199,47,7,179,30,31
199,47,15,181,32,39
199,47,23,182,33,45
199,47,31,184,34,53
199,47,39,185,35,60
199,47,47,185,36,67
199,47,55,186,37,73
199,47,63,186,38,81
199,47,71,186,38,88
199,47,79,187,38,95
199,47,87,187,38,103
199,47,95,187,39,111
199,47,103,187,39,120
199,47,111,186,39,128
199,47,119,186,39,138
199,47,127,185,39,148
199,47,135,184,40,159
199,47,143,183,40,170
199,47,151,181,41,183
199,47,159,178,42,194
199,47,167,176,44,205
199,47,175,172,47,215
199,47,183,168,50,224
199,47,191,163,53,230
199,47,199,159,56,237
199,47,207,155,59,241
199,47,215,152,60,245
199,47,223,149,60,248
199,47,231,146,61,251
199,47,239,143,61,252
199,47,247,141,62,254
199,47,255,139,62,254
199,55,0,178,36,24
199,55,7,180,37,31
199,55,15,182,39,39
199,55,23,183,40,45
199,55,31,184,42,53
199,55,39,185,43,60
199,55,47,186,44,66
199,55,55,186,45,73
199,55,63,186,45,80
199,55,71,187,45,87
199,55,79,187,46,95
199,55,87,187,46,102
199,55,95,187,46,110
199,55,103,187,46,118
199,55,111,187,46,127
199,55,119,186,46,136
199,55,127,186,46,146
199,55,135,185,47,156
199,55,143,184,47,167
199,55,151,182,48,179
199,55,159,180,49,191
199,55,167,177,50,202
199,55,175,173,52,212
199,55,183,169,55,222
199,55,191,165,58,229
199,55,199,161,60,236
199,55,207,157,63,241
199,55,215,154,65,245
199,55,223,151,66,248
199,55,231,148,66,251
199,55,239,145,66,253
199,55,247,143,66,254
199,55,255,141,66,254
199,63,0,179,44,25
199,63,7,181,45,31
199,63,15,182,47,39
199,63,23,184,49,46
199,63,31,185,50,53
199,63,39,186,51,60
199,63,47,186,52,66
199,63,55,187,53,73
199,63,63,187,53,80
199,63,71,187,54,87
199,63,79,187,54,94
199,63,87,187,54,101
199,63,95,187,54,109
199,63,103,187,54,117
199,63,111,187,53,125
199,63,119,187,53,134
199,63,127,186,53,143
199,63,135,186,54,153
199,63,143,185,54,164
199,63,151,183,54,175
199,63,159,182,55,187
199,63,167,179,57,198
199,63,175,176,58,209
199,63,183,172,60,219
199,63,191,168,63,227
199,63,199,163,65,234
199,63,207,160,67,240
199,63,215,156,69,245
199,63,223,153,70,248
199,63,231,150,71,251
199,63,239,148,71,253
199,63,247,146,70,254
199,63,255,144,70,255
199,71,0,180,52,25
199,71,7,181,53,31
199,71,15,183,55,38
199,71,23,184,56,47
199,71,31,185,58,53
199,71,39,186,59,60
199,71,47,187,60,67
199,71,55,187,61,73
199,71,63,187,62,80
199,71,71,188,62,87
199,71,79,188,62,94
199,71,87,188,62,101
199,71,95,188,62,108
199,71,103,188,62,116
199,71,111,187,62,124
199,71,119,187,61,132
199,71,127,187,61,141
199,71,135,186,61,151
199,71,143,185,61,161
199,71,151,184,61,172
199,71,159,183,62,184
199,71,167,180,63,195
199,71,175,177,64,207
199,71,183,174,66,217
199,71,191,170,68,226
199,71,199,166,70,233
199,71,207,162,72,239
199,71,215,158,73,244
199,71,223,155,75,248
199,71,231,153,75,251
199,71,239,150,75,253
199,71,247,148,75,254
199,71,255,146,74,255
199,79,0,181,61,26
199,79,7,182,62,32
199,79,15,183,63,38
199,79,23,185,65,47
199,79,31,186,66,54
199,79,39,186,67,61
199,79,47,187,68,67
199,79,55,187,69,73
199,79,63,188,70,80
199,79,71,188,71,87
199,79,79,188,71,93
199,79,87,188,71,101
199,79,95,188,71,108
199,79,103,188,70,115
199,79,111,188,70,122
199,79,119,187,70,131
199,79,127,187,69,139
199,79,135,187,69,148
199,79,143,186,69,157
199,79,151,185,69,168
199,79,159,184,69,180
199,79,167,182,70,192
199,79,175,179,71,204
199,79,183,176,72,214
199,79,191,172,74,223
199,79,199,168,75,231
199,79,207,164,77,238
199,79,215,161,78,243
199,79,223,158,79,248
199,79,231,155,80,251
199,79,239,153,80,253
199,79,247,150,79,254
199,79,255,148,79,255
199,87,0,183,70,27
199,87,7,183,71,32
199,87,15,184,72,38
199,87,23,185,73,47
199,87,31,186,75,55
199,87,39,187,76,61
199,87,47,188,77,68
199,87,55,188,78,74
199,87,63,188,79,80
199,87,71,189,80,87
199,87,79,189,80,93
199,87,87,189,80,100
199,87,95,188,80,107
199,87,103,188,80,114
199,87,111,188,79,122
199,87,119,188,79,129
199,87,127,187,78,137
199,87,135,187,78,146
199,87,143,186,78,155
199,87,151,186,77,165
199,87,159,185,77,176
199,87,167,183,77,188
199,87,175,181,78,200
199,87,183,178,79,211
199,87,191,174,80,221
199,87,199,170,81,229
199,87,207,167,82,236
199,87,215,163,84,243
199,87,223,160,84,247
199,87,231,157,85,251
199,87,239,155,85,253
199,87,247,153,84,254
199,87,255,151,84,255
199,95,0,184,79,28
199,95,7,184,80,33
199,95,15,185,81,39
199,95,23,186,82,47
199,95,31,187,84,56
199,95,39,188,85,62
199,95,47,188,86,68
199,95,55,189,87,74
199,95,63,189,88,80
199,95,71,189,88,87
199,95,79,189,89,94
199,95,87,189,89,100
199,95,95,189,89,107
199,95,103,189,89,114
199,95,111,188,88,121
199,95,119,188,88,128
199,95,127,187,87,136
199,95,135,187,87,144
199,95,143,187,86,153
199,95,151,186,86,162
199,95,159,185,86,173
199,95,167,184,86,185
199,95,175,182,86,197
199,95,183,180,86,208
199,95,191,176,87,218
199,95,199,173,88,227
199,95,207,169,89,235
199,95,215,165,89,241
199,95,223,162,90,246
199,95,231,160,90,250
199,95,239,157,90,253
199,95,247,155,89,254
199,95,255,153,89,255
199,103,0,185,89,30
199,103,7,186,90,34
199,103,15,186,91,40
199,103,23,187,92,47
199,103,31,188,93,56
199,103,39,189,94,63
199,103,47,189,95,69
199,103,55,189,96,75
199,103,63,190,97,81
199,103,71,190,98,87
199,103,79,190,98,94
199,103,87,190,98,100
199,103,95,189,98,107
199,103,103,189,98,114
199,103,111,189,97,121
199,103,119,188,97,127
199,103,127,188,96,135
199,103,135,187,95,142
199,103,143,187,95,151
199,103,151,187,95,160
199,103,159,186,94,170
199,103,167,185,94,181
199,103,175,184,94,193
199,103,183,181,94,205
199,103,191,179,94,216
199,103,199,175,94,225
199,103,207,171,95,233
199,103,215,168,95,240
199,103,223,165,96,246
199,103,231,162,96,250
199,103,239,159,95,253
199,103,247,157,95,254
199,103,255,155,94,255
199,111,0,187,99,31
199,111,7,187,100,36
199,111,15,188,101,40
199,111,23,188,102,47
199,111,31,189,103,55
199,111,39,189,104,64
199,111,47,190,105,70
199,111,55,190,105,76
199,111,63,190,106,82
199,111,71,191,107,88
199,111,79,191,107,94
199,111,87,190,107,101
199,111,95,190,107,107
199,111,103,190,107,114
199,111,111,189,106,120
199,111,119,189,106,127
199,111,127,188,105,134
199,111,135,188,104,141
199,111,143,187,104,149
199,111,151,187,103,158
199,111,159,186,103,168
199,111,167,186,103,178
199,111,175,185,102,190
199,111,183,183,102,201
199,111,191,180,102,212
199,111,199,177,102,222
199,111,207,174,102,231
199,111,215,170,102,239
199,111,223,167,102,245
199,111,231,164,101,249
199,111,239,162,101,252
199,111,247,159,100,254
199,111,255,157,99,255
199,119,0,188,110,33
199,119,7,188,110,37
199,119,15,189,111,43
199,119,23,189,111,48
199,119,31,189,112,56
199,119,39,190,113,64
199,119,47,191,114,71
199,119,55,191,115,77
199,119,63,191,115,83
199,119,71,191,116,89
199,119,79,191,116,95
199,119,87,191,116,101
199,119,95,191,116,108
199,119,103,190,116,114
199,119,111,189,115,120
199,119,119,189,114,127
199,119,127,188,114,134
199,119,135,188,113,141
199,119,143,187,112,148
199,119,151,187,112,156
199,119,159,187,112,166
199,119,167,186,111,176
199,119,175,185,111,187
199,119,183,184,110,198
199,119,191,182,110,209
199,119,199,179,109,219
199,119,207,176,109,229
199,119,215,172,108,237
199,119,223,169,108,243
199,119,231,166,108,249
199,119,239,164,107,252
199,119,247,161,106,254
199,119,255,159,105,255
199,127,0,189,120,34
199,127,7,189,120,39
199,127,15,189,120,45
199,127,23,190,121,51
199,127,31,190,122,57
199,127,39,191,122,64
199,127,47,191,123,72
199,127,55,192,123,77
199,127,63,192,124,83
199,127,71,192,124,89
199,127,79,192,125,96
199,127,87,192,124,102
199,127,95,191,124,108
199,127,103,191,124,114
199,127,111,190,123,120
199,127,119,189,123,127
199,127,127,189,122,133
199,127,135,188,122,140
199,127,143,188,121,147
199,127,151,187,120,155
199,127,159,187,120,164
199,127,167,187,120,173
199,127,175,186,119,184
199,127,183,185,118,195
199,127,191,183,118,206
199,127,199,181,117,216
199,127,207,178,116,226
199,127,215,175,115,234
199,127,223,171,114,242
199,127,231,169,114,247
199,127,239,166,113,252
199,127,247,163,112,254
199,127,255,160,111,255
199,135,0,190,129,36
199,135,7,190,129,40
199,135,15,190,130,45
199,135,23,191,130,53
199,135,31,191,131,58
199,135,39,191,131,65
199,135,47,192,132,72
199,135,55,192,132,78
199,135,63,193,133,84
199,135,71,193,133,90
199,135,79,193,133,96
199,135,87,193,133,102
199,135,95,192,133,108
199,135,103,191,132,114
199,135,111,191,132,121
199,135,119,190,131,127
199,135,127,189,131,133
199,135,135,189,130,140
199,135,143,188,129,147
199,135,151,188,129,154
199,135,159,187,128,162
199,135,167,187,128,171
199,135,175,187,127,181
199,135,183,186,127,192
199,135,191,185,126,203
199,135,199,183,125,213
199,135,207,180,124,223
199,135,215,177,122,232
199,135,223,174,121,240
199,135,231,171,120,246
199,135,239,168,119,251
199,135,247,166,118,254
199,135,255,163,117,254
199,143,0,190,138,37
199,143,7,190,138,41
199,143,15,191,139,46
199,143,23,191,139,53
199,143,31,192,140,60
199,143,39,192,140,66
199,143,47,193,140,72
199,143,55,193,141,79
199,143,63,193,141,84
199,143,71,194,141,90
199,143,79,194,141,97
199,143,87,194,141,103
199,143,95,193,141,109
199,143,103,193,141,115
199,143,111,192,140,121
199,143,119,191,140,127
199,143,127,190,139,133
199,143,135,190,138,139
199,143,143,189,138,146
199,143,151,188,137,153
199,143,159,188,137,161
199,143,167,188,136,169
199,143,175,187,136,179
199,143,183,187,135,189
199,143,191,186,134,199
199,143,199,184,133,210
199,143,207,182,131,220
199,143,215,179,130,230
199,143,223,176,128,237
199,143,231,173,127,244
199,143,239,171,125,249
199,143,247,168,124,253
199,143,255,166,123,254
199,151,0,191,147,38
199,151,7,191,147,42
199,151,15,191,147,46
199,151,23,192,148,52
199,151,31,192,148,61
199,151,39,193,149,68
199,151,47,193,149,73
199,151,55,194,149,79
199,151,63,194,150,85
199,151,71,194,150,91
199,151,79,195,150,97
199,151,87,194,150,103
199,151,95,194,150,110
199,151,103,194,149,115
199,151,111,193,149,121
199,151,119,192,148,127
199,151,127,191,147,133
199,151,135,191,147,140
199,151,143,190,146,146
199,151,151,190,146,153
199,151,159,189,145,160
199,151,167,189,145,168
199,151,175,188,144,177
199,151,183,188,143,186
199,151,191,187,142,197
199,151,199,186,141,207
199,151,207,184,139,218
199,151,215,182,138,227
199,151,223,179,136,235
199,151,231,176,134,242
199,151,239,173,132,249
199,151,247,170,131,252
199,151,255,168,129,254
199,159,0,191,155,38
199,159,7,191,155,41
199,159,15,192,155,46
199,159,23,192,156,51
199,159,31,193,156,59
199,159,39,193,157,68
199,159,47,194,157,74
199,159,55,194,158,80
199,159,63,195,158,86
199,159,71,195,158,92
199,159,79,195,158,98
199,159,87,195,158,104
199,159,95,195,158,110
199,159,103,195,158,116
199,159,111,194,157,122
199,159,119,193,157,128
199,159,127,193,156,134
199,159,135,192,155,140
199,159,143,191,155,146
199,159,151,191,154,152
199,159,159,190,154,159
199,159,167,190,153,167
199,159,175,190,152,175
199,159,183,189,152,184
199,159,191,189,151,194
199,159,199,188,149,204
199,159,207,186,148,214
199,159,215,184,146,224
199,159,223,181,144,233
199,159,231,178,142,240
199,159,239,176,139,246
199,159,247,173,137,251
199,159,255,170,136,254
199,167,0,191,163,40
199,167,7,191,164,44
199,167,15,191,164,47
199,167,23,192,164,52
199,167,31,192,165,59
199,167,39,193,165,67
199,167,47,194,166,76
199,167,55,195,166,81
199,167,63,195,167,86
199,167,71,196,167,92
199,167,79,196,167,98
199,167,87,196,167,105
199,167,95,196,167,111
199,167,103,196,167,117
199,167,111,195,166,123
199,167,119,195,166,128
199,167,127,194,165,134
199,167,135,193,164,140
199,167,143,193,164,146
199,167,151,192,163,152
199,167,159,192,163,159
199,167,167,191,162,166
199,167,175,191,161,173
199,167,183,191,161,182
199,167,191,190,159,192
199,167,199,190,158,202
199,167,207,189,157,212
199,167,215,186,154,221
199,167,223,184,152,230
199,167,231,181,149,238
199,167,239,178,147,245
199,167,247,175,145,251
199,167,255,173,143,254
199,175,0,190,171,42
199,175,7,190,172,46
199,175,15,191,172,51
199,175,23,191,172,56
199,175,31,192,173,61
199,175,39,193,173,67
199,175,47,194,174,75
199,175,55,195,175,82
199,175,63,195,175,87
199,175,71,196,176,93
199,175,79,196,176,99
199,175,87,197,176,105
199,175,95,197,176,111
199,175,103,197,176,117
199,175,111,196,175,123
199,175,119,196,175,129
199,175,127,195,174,135
199,175,135,195,174,141
199,175,143,194,173,146
199,175,151,194,172,152
199,175,159,194,172,159
199,175,167,193,171,165
199,175,175,193,170,172
199,175,183,192,170,180
199,175,191,192,168,189
199,175,199,192,167,199
199,175,207,190,165,209
199,175,215,189,163,219
199,175,223,186,161,228
199,175,231,183,158,236
199,175,239,181,155,243
199,175,247,178,152,249
199,175,255,175,150,254
199,183,0,189,179,42
199,183,7,190,179,46
199,183,15,190,180,51
199,183,23,191,180,57
199,183,31,191,181,63
199,183,39,192,182,68
199,183,47,193,182,75
199,183,55,195,183,82
199,183,63,195,184,88
199,183,71,196,184,93
199,183,79,197,185,99
199,183,87,197,185,105
199,183,95,197,185,112
199,183,103,197,185,118
199,183,111,197,185,124
199,183,119,197,184,130
199,183,127,197,184,135
199,183,135,196,183,141
199,183,143,196,183,147
199,183,151,196,182,153
199,183,159,195,181,159
199,183,167,195,181,165
199,183,175,194,180,172
199,183,183,194,179,179
199,183,191,194,178,187
199,183,199,193,176,197
199,183,207,192,175,206
199,183,215,191,173,216
199,183,223,189,170,225
199,183,231,186,167,234
199,183,239,183,164,241
199,183,247,181,161,248
199,183,255,178,157,252
199,191,0,188,187,42
199,191,7,189,187,46
199,191,15,189,188,50
199,191,23,190,188,56
199,191,31,191,189,64
199,191,39,192,190,70
199,191,47,193,191,75
199,191,55,194,192,82
199,191,63,195,193,88
199,191,71,196,193,94
199,191,79,196,194,100
199,191,87,197,194,106
199,191,95,197,195,112
199,191,103,198,195,119
199,191,111,198,194,124
199,191,119,198,194,130
199,191,127,198,193,136
199,191,135,198,193,142
199,191,143,198,192,148
199,191,151,197,192,153
199,191,159,197,191,159
199,191,167,196,190,165
199,191,175,196,190,172
199,191,183,195,189,178
199,191,191,195,188,186
199,191,199,194,186,194
199,191,207,194,185,204
199,191,215,193,183,214
199,191,223,191,180,223
199,191,231,189,177,231
199,191,239,186,173,240
199,191,247,184,170,247
199,191,255,181,166,252
199,199,0,187,195,43
199,199,7,187,196,46
199,199,15,188,196,50
199,199,23,188,197,55
199,199,31,189,198,62
199,199,39,191,199,71
199,199,47,192,200,77
199,199,55,193,200,82
199,199,63,194,201,88
199,199,71,195,202,94
199,199,79,196,203,100
199,199,87,197,203,107
199,199,95,198,204,113
199,199,103,198,204,119
199,199,111,199,204,125
199,199,119,199,204,131
199,199,127,199,203,137
199,199,135,199,203,143
199,199,143,199,202,148
199,199,151,199,202,154
199,199,159,198,201,160
199,199,167,198,201,166
199,199,175,198,200,172
199,199,183,197,199,178
199,199,191,196,198,185
199,199,199,196,197,193
199,199,207,195,196,202
199,199,215,194,193,211
199,199,223,193,191,221
199,199,231,191,187,229
199,199,239,189,184,238
199,199,247,186,180,246
199,199,255,184,176,252
199,207,0,185,204,44
199,207,7,186,204,47
199,207,15,186,205,50
199,207,23,187,205,55
199,207,31,188,206,61
199,207,39,189,207,68
199,207,47,191,208,77
199,207,55,192,209,82
199,207,63,193,210,88
199,207,71,195,211,94
199,207,79,196,212,100
199,207,87,197,213,107
199,207,95,198,213,113
199,207,103,198,214,119
199,207,111,199,214,126
199,207,119,199,214,131
199,207,127,200,213,137
199,207,135,200,213,143
199,207,143,200,213,149
199,207,151,200,212,155
199,207,159,200,212,160
199,207,167,199,212,166
199,207,175,199,211,172
199,207,183,198,210,178
199,207,191,198,210,185
199,207,199,197,208,192
199,207,207,197,207,201
199,207,215,196,206,210
199,207,223,195,203,219
199,207,231,193,200,228
199,207,239,191,196,237
199,207,247,189,192,246
199,207,255,187,187,251
199,215,0,183,213,47
199,215,7,184,213,50
199,215,15,184,214,52
199,215,23,185,214,56
199,215,31,186,215,61
199,215,39,187,216,67
199,215,47,189,217,75
199,215,55,190,218,82
199,215,63,192,219,88
199,215,71,193,220,94
199,215,79,195,221,100
199,215,87,196,222,106
199,215,95,197,222,113
199,215,103,198,223,119
199,215,111,199,223,125
199,215,119,200,223,132
199,215,127,200,223,138
199,215,135,201,223,144
199,215,143,201,223,149
199,215,151,201,223,155
199,215,159,200,222,161
199,215,167,200,222,167
199,215,175,200,222,172
199,215,183,200,221,178
199,215,191,199,221,184
199,215,199,198,220,192
199,215,207,198,219,200
199,215,215,198,218,208
199,215,223,197,215,217
199,215,231,196,213,226
199,215,239,194,209,236
199,215,247,192,205,244
199,215,255,190,201,251
199,223,0,180,221,46
199,223,7,181,221,49
199,223,15,182,222,54
199,223,23,183,222,58
199,223,31,184,223,63
199,223,39,185,224,68
199,223,47,187,225,74
199,223,55,189,226,81
199,223,63,190,227,88
199,223,71,192,228,93
199,223,79,193,229,100
199,223,87,195,230,106
199,223,95,196,231,112
199,223,103,197,231,119
199,223,111,198,232,125
199,223,119,199,232,131
199,223,127,200,232,138
199,223,135,201,232,144
199,223,143,201,232,149
199,223,151,201,232,155
199,223,159,201,232,161
199,223,167,201,232,166
199,223,175,201,231,172
199,223,183,200,231,178
199,223,191,200,231,184
199,223,199,199,230,191
199,223,207,199,230,199
199,223,215,199,229,207
199,223,223,198,228,215
199,223,231,197,225,225
199,223,239,196,222,234
199,223,247,194,218,244
199,223,255,192,214,250
199,231,0,177,229,44
199,231,7,178,229,48
199,231,15,179,229,52
199,231,23,180,230,57
199,231,31,182,231,64
199,231,39,183,231,69
199,231,47,184,232,74
199,231,55,186,233,80
199,231,63,188,234,86
199,231,71,190,235,92
199,231,79,192,236,98
199,231,87,194,237,105
199,231,95,195,238,112
199,231,103,197,239,118
199,231,111,198,240,125
199,231,119,199,240,131
199,231,127,200,240,137
199,231,135,201,240,143
199,231,143,201,240,149
199,231,151,201,240,155
199,231,159,201,240,160
199,231,167,201,240,166
199,231,175,201,240,172
199,231,183,200,240,177
199,231,191,200,240,184
199,231,199,200,240,190
199,231,207,200,239,197
199,231,215,200,239,205
199,231,223,199,238,214
199,231,231,199,237,222
199,231,239,198,234,232
199,231,247,196,231,242
199,231,255,194,228,251
199,239,0,174,235,44
199,239,7,175,236,47
199,239,15,176,236,50
199,239,23,177,237,55
199,239,31,178,237,61
199,239,39,180,238,69
199,239,47,182,239,74
199,239,55,184,240,79
199,239,63,186,241,85
199,239,71,188,242,91
199,239,79,190,243,97
199,239,87,192,244,104
199,239,95,194,245,111
199,239,103,195,246,117
199,239,111,197,246,124
199,239,119,198,247,130
199,239,127,199,247,136
199,239,135,200,247,143
199,239,143,201,247,149
199,239,151,201,248,154
199,239,159,201,248,160
199,239,167,201,248,166
199,239,175,201,248,171
199,239,183,200,248,177
199,239,191,200,248,182
199,239,199,200,247,189
199,239,207,200,247,196
199,239,215,200,247,203
199,239,223,200,247,212
199,239,231,200,247,220
199,239,239,199,245,229
199,239,247,198,243,239
199,239,255,196,240,248
199,247,0,171,242,45
199,247,7,172,242,47
199,247,15,172,242,50
199,247,23,174,243,54
199,247,31,175,243,59
199,247,39,177,244,65
199,247,47,179,245,73
199,247,55,181,246,78
199,247,63,183,247,84
199,247,71,185,248,89
199,247,79,188,249,96
199,247,87,190,249,102
199,247,95,192,250,109
199,247,103,194,251,117
199,247,111,196,251,123
199,247,119,197,252,130
199,247,127,199,252,136
199,247,135,199,252,142
199,247,143,200,252,148
199,247,151,201,253,154
199,247,159,201,253,159
199,247,167,201,253,165
199,247,175,201,253,170
199,247,183,200,253,176
199,247,191,200,253,182
199,247,199,200,253,188
199,247,207,199,253,194
199,247,215,199,253,201
199,247,223,199,253,209
199,247,231,199,253,218
199,247,239,199,253,227
199,247,247,199,252,237
199,247,255,198,250,246
199,255,0,168,248,48
199,255,7,169,248,49
199,255,15,169,248,52
199,255,23,171,248,55
199,255,31,172,249,59
199,255,39,174,249,64
199,255,47,176,250,70
199,255,55,178,251,77
199,255,63,180,252,82
199,255,71,183,252,87
199,255,79,185,253,92
199,255,87,188,254,99
199,255,95,190,254,106
199,255,103,192,254,114
199,255,111,194,254,122
199,255,119,196,254,128
199,255,127,198,254,135
199,255,135,199,255,141
199,255,143,200,255,147
199,255,151,200,255,153
199,255,159,201,255,159
199,255,167,201,255,164
199,255,175,201,255,170
199,255,183,200,255,175
199,255,191,200,255,181
199,255,199,200,255,187
199,255,207,200,255,193
199,255,215,200,255,200
199,255,223,200,255,207
199,255,231,200,255,216
199,255,239,200,255,225
199,255,247,199,255,234
199,255,255,199,254,243
207,0,0,180,5,23
207,0,7,182,5,30
207,0,15,184,6,38
207,0,23,185,7,45
207,0,31,187,8,53
207,0,39,188,9,60
207,0,47,189,9,68
207,0,55,189,10,75
207,0,63,190,10,84
207,0,71,191,11,91
207,0,79,191,11,100
207,0,87,191,11,108
207,0,95,191,12,117
207,0,103,191,13,127
207,0,111,191,14,138
207,0,119,190,14,148
207,0,127,189,15,159
207,0,135,188,16,172
207,0,143,186,16,184
207,0,151,184,17,195
207,0,159,181,18,206
207,0,167,178,20,216
207,0,175,174,22,224
207,0,183,170,25,230
207,0,191,166,28,235
207,0,199,161,31,239
207,0,207,157,34,242
207,0,215,153,37,245
207,0,223,150,37,248
207,0,231,147,38,250
207,0,239,144,38,252
207,0,247,142,39,254
207,0,255,140,40,254
207,7,0,180,6,23
207,7,7,182,7,30
207,7,15,184,8,38
207,7,23,185,9,45
207,7,31,187,10,53
207,7,39,188,11,60
207,7,47,189,12,67
207,7,55,189,12,75
207,7,63,190,13,83
207,7,71,191,13,91
207,7,79,191,13,99
207,7,87,191,14,108
207,7,95,191,14,116
207,7,103,191,14,126
207,7,111,191,15,136
207,7,119,190,16,147
207,7,127,189,17,158
207,7,135,188,18,170
207,7,143,186,18,182
207,7,151,184,19,194
207,7,159,181,20,205
207,7,167,178,22,215
207,7,175,174,24,223
207,7,183,170,27,229
207,7,191,166,30,235
207,7,199,162,33,239
207,7,207,157,36,242
207,7,215,153,40,245
207,7,223,150,40,248
207,7,231,147,41,250
207,7,239,145,41,252
207,7,247,142,41,254
207,7,255,140,42,254
207,15,0,180,9,23
207,15,7,182,10,30
207,15,15,184,11,38
207,15,23,186,12,45
207,15,31,187,13,53
207,15,39,188,14,60
207,15,47,189,14,67
207,15,55,190,15,75
207,15,63,190,15,83
207,15,71,191,16,91
207,15,79,191,16,99
207,15,87,191,16,107
207,15,95,192,17,116
207,15,103,191,17,125
207,15,111,191,18,135
207,15,119,191,18,145
207,15,127,190,19,157
207,15,135,188,20,168
207,15,143,187,21,180
207,15,151,184,22,192
207,15,159,182,23,203
207,15,167,178,25,213
207,15,175,175,27,222
207,15,183,171,30,229
207,15,191,167,32,234
207,15,199,162,35,239
207,15,207,158,39,242
207,15,215,154,42,245
207,15,223,151,44,248
207,15,231,148,44,250
207,15,239,145,44,252
207,15,247,143,44,254
207,15,255,141,45,254
207,23,0,181,12,24
207,23,7,182,13,30
207,23,15,184,14,38
207,23,23,186,15,45
207,23,31,187,16,53
207,23,39,188,17,60
207,23,47,189,18,67
207,23,55,190,19,75
207,23,63,191,19,82
207,23,71,191,19,90
207,23,79,191,20,98
207,23,87,192,20,106
207,23,95,192,20,115
207,23,103,192,21,124
207,23,111,191,21,134
207,23,119,191,22,144
207,23,127,190,23,155
207,23,135,188,24,166
207,23,143,187,25,178
207,23,151,185,26,190
207,23,159,182,27,201
207,23,167,179,28,212
207,23,175,175,31,220
207,23,183,171,33,228
207,23,191,167,36,233
207,23,199,163,39,238
207,23,207,159,42,242
207,23,215,155,45,245
207,23,223,152,48,248
207,23,231,149,49,250
207,23,239,146,49,252
207,23,247,144,49,253
207,23,255,142,49,254
207,31,0,181,16,24
207,31,7,183,17,30
207,31,15,185,19,38
207,31,23,186,20,45
207,31,31,188,21,53
207,31,39,189,22,60
207,31,47,190,23,67
207,31,55,190,24,74
207,31,63,191,24,82
207,31,71,191,25,89
207,31,79,192,25,97
207,31,87,192,25,105
207,31,95,192,25,113
207,31,103,192,25,122
207,31,111,192,26,132
207,31,119,191,27,142
207,31,127,190,27,153
207,31,135,189,28,164
207,31,143,188,29,175
207,31,151,186,31,187
207,31,159,183,32,199
207,31,167,180,34,209
207,31,175,176,36,218
207,31,183,172,38,226
207,31,191,168,41,232
207,31,199,164,43,238
207,31,207,160,46,241
207,31,215,156,49,245
207,31,223,153,51,248
207,31,231,150,53,250
207,31,239,147,54,252
207,31,247,145,54,253
207,31,255,143,54,254
207,39,0,182,21,24
207,39,7,183,23,30
207,39,15,185,24,38
207,39,23,187,26,46
207,39,31,188,27,52
207,39,39,189,29,60
207,39,47,190,29,67
207,39,55,191,30,74
207,39,63,191,31,81
207,39,71,192,31,88
207,39,79,192,31,96
207,39,87,192,31,104
207,39,95,192,31,112
207,39,103,192,31,121
207,39,111,192,32,130
207,39,119,192,32,140
207,39,127,191,33,150
207,39,135,190,33,161
207,39,143,188,34,172
207,39,151,186,36,184
207,39,159,184,37,196
207,39,167,181,40,206
207,39,175,177,42,216
207,39,183,173,44,224
207,39,191,169,47,231
207,39,199,165,49,237
207,39,207,161,51,241
207,39,215,158,54,245
207,39,223,154,55,248
207,39,231,151,57,250
207,39,239,149,58,252
207,39,247,146,60,253
207,39,255,144,59,254
207,47,0,182,28,24
207,47,7,184,29,31
207,47,15,186,31,38
207,47,23,188,33,46
207,47,31,189,34,52
207,47,39,190,36,60
207,47,47,191,37,66
207,47,55,191,37,73
207,47,63,192,38,80
207,47,71,192,38,88
207,47,79,193,39,95
207,47,87,193,39,103
207,47,95,193,39,111
207,47,103,193,38,119
207,47,111,193,39,128
207,47,119,192,39,138
207,47,127,191,39,148
207,47,135,191,40,158
207,47,143,189,40,169
207,47,151,188,41,181
207,47,159,185,42,193
207,47,167,182,45,204
207,47,175,179,47,214
207,47,183,175,50,222
207,47,191,171,53,230
207,47,199,167,55,236
207,47,207,163,57,241
207,47,215,159,59,245
207,47,223,156,60,248
207,47,231,153,62,251
207,47,239,150,63,253
207,47,247,148,63,254
207,47,255,146,63,254
207,55,0,183,35,25
207,55,7,185,36,31
207,55,15,186,38,38
207,55,23,188,40,46
207,55,31,189,41,53
207,55,39,191,43,60
207,55,47,191,44,66
207,55,55,192,45,73
207,55,63,192,45,80
207,55,71,193,46,87
207,55,79,193,46,94
207,55,87,193,46,102
207,55,95,193,46,110
207,55,103,193,46,118
207,55,111,193,46,126
207,55,119,193,46,135
207,55,127,192,46,145
207,55,135,191,47,155
207,55,143,190,47,166
207,55,151,189,48,178
207,55,159,187,48,189
207,55,167,184,50,201
207,55,175,181,52,211
207,55,183,177,55,220
207,55,191,173,57,228
207,55,199,168,60,235
207,55,207,164,63,240
207,55,215,161,64,245
207,55,223,158,66,248
207,55,231,155,66,251
207,55,239,153,67,253
207,55,247,151,67,254
207,55,255,149,67,254
207,63,0,184,43,25
207,63,7,186,44,31
207,63,15,187,46,38
207,63,23,189,48,46
207,63,31,190,49,53
207,63,39,191,50,60
207,63,47,192,51,67
207,63,55,192,52,73
207,63,63,193,53,80
207,63,71,193,54,87
207,63,79,193,54,94
207,63,87,194,54,101
207,63,95,194,54,109
207,63,103,194,54,117
207,63,111,193,54,125
207,63,119,193,53,133
207,63,127,193,54,143
207,63,135,192,54,152
207,63,143,191,54,163
207,63,151,190,54,174
207,63,159,188,55,186
207,63,167,186,56,197
207,63,175,183,58,209
207,63,183,179,60,218
207,63,191,175,62,227
207,63,199,170,65,234
207,63,207,166,67,240
207,63,215,163,69,244
207,63,223,160,70,248
207,63,231,157,71,251
207,63,239,155,71,253
207,63,247,153,71,254
207,63,255,151,71,255
207,71,0,186,51,26
207,71,7,187,52,32
207,71,15,188,54,38
207,71,23,190,56,46
207,71,31,191,57,54
207,71,39,192,58,60
207,71,47,192,60,67
207,71,55,193,61,73
207,71,63,193,61,80
207,71,71,194,62,87
207,71,79,194,62,94
207,71,87,194,62,101
207,71,95,194,62,108
207,71,103,194,62,116
207,71,111,194,62,123
207,71,119,194,61,132
207,71,127,193,61,141
207,71,135,193,61,150
207,71,143,192,61,160
207,71,151,191,61,171
207,71,159,189,62,182
207,71,167,188,63,194
207,71,175,184,64,205
207,71,183,181,66,216
207,71,191,177,68,225
207,71,199,173,70,232
207,71,207,169,72,238
207,71,215,165,73,244
207,71,223,162,75,248
207,71,231,160,75,251
207,71,239,157,75,253
207,71,247,155,75,254
207,71,255,153,75,255
207,79,0,187,60,27
207,79,7,188,61,32
207,79,15,189,62,38
207,79,23,190,64,46
207,79,31,192,65,54
207,79,39,192,66,61
207,79,47,193,68,67
207,79,55,193,69,73
207,79,63,194,70,80
207,79,71,194,70,87
207,79,79,195,71,94
207,79,87,195,71,101
207,79,95,195,71,108
207,79,103,194,71,115
207,79,111,194,70,123
207,79,119,194,70,130
207,79,127,194,70,139
207,79,135,193,69,147
207,79,143,193,69,157
207,79,151,192,69,168
207,79,159,191,69,179
207,79,167,189,70,191
207,79,175,186,71,202
207,79,183,183,72,213
207,79,191,179,74,222
207,79,199,175,75,230
207,79,207,171,77,237
207,79,215,167,79,243
207,79,223,165,79,247
207,79,231,162,80,251
207,79,239,160,80,253
207,79,247,157,80,254
207,79,255,156,79,255
207,87,0,188,68,27
207,87,7,189,69,32
207,87,15,190,71,38
207,87,23,191,72,46
207,87,31,192,74,55
207,87,39,193,75,61
207,87,47,194,76,68
207,87,55,194,77,74
207,87,63,194,78,80
207,87,71,195,79,87
207,87,79,195,80,94
207,87,87,195,80,101
207,87,95,195,80,107
207,87,103,195,79,115
207,87,111,195,79,122
207,87,119,194,78,129
207,87,127,194,78,137
207,87,135,194,78,145
207,87,143,193,77,155
207,87,151,193,77,164
207,87,159,192,77,175
207,87,167,190,78,187
207,87,175,188,78,199
207,87,183,185,79,210
207,87,191,181,80,220
207,87,199,177,81,228
207,87,207,174,83,236
207,87,215,170,84,242
207,87,223,167,85,247
207,87,231,164,85,250
207,87,239,162,85,253
207,87,247,160,85,254
207,87,255,158,84,255
207,95,0,190,78,29
207,95,7,190,79,34
207,95,15,191,80,39
207,95,23,192,81,46
207,95,31,193,83,55
207,95,39,194,84,62
207,95,47,194,85,68
207,95,55,195,86,75
207,95,63,195,87,81
207,95,71,195,88,87
207,95,79,196,89,94
207,95,87,196,89,101
207,95,95,196,89,107
207,95,103,195,89,114
207,95,111,195,88,121
207,95,119,195,87,128
207,95,127,194,87,136
207,95,135,194,86,144
207,95,143,194,86,152
207,95,151,193,86,162
207,95,159,192,86,172
207,95,167,191,86,184
207,95,175,189,86,196
207,95,183,187,86,207
207,95,191,184,87,217
207,95,199,180,88,226
207,95,207,176,89,234
207,95,215,172,89,241
207,95,223,169,90,246
207,95,231,166,90,250
207,95,239,164,90,253
207,95,247,162,90,254
207,95,255,160,90,255
207,103,0,191,87,30
207,103,7,192,88,36
207,103,15,192,89,41
207,103,23,193,90,47
207,103,31,194,92,55
207,103,39,195,93,64
207,103,47,195,94,69
207,103,55,196,95,75
207,103,63,196,96,81
207,103,71,196,97,88
207,103,79,196,97,94
207,103,87,196,98,101
207,103,95,196,98,107
207,103,103,196,97,114
207,103,111,196,97,121
207,103,119,195,96,128
207,103,127,195,96,135
207,103,135,194,95,143
207,103,143,194,95,151
207,103,151,193,95,160
207,103,159,193,94,170
207,103,167,192,94,180
207,103,175,191,94,192
207,103,183,189,94,204
207,103,191,186,94,214
207,103,199,182,95,224
207,103,207,178,95,232
207,103,215,175,96,239
207,103,223,171,96,245
207,103,231,169,96,250
207,103,239,166,96,252
207,103,247,164,95,254
207,103,255,162,94,255
207,111,0,192,97,31
207,111,7,193,98,36
207,111,15,194,99,42
207,111,23,194,100,48
207,111,31,195,101,55
207,111,39,195,102,64
207,111,47,196,103,70
207,111,55,196,104,76
207,111,63,197,105,82
207,111,71,197,106,88
207,111,79,197,106,95
207,111,87,197,107,101
207,111,95,197,107,108
207,111,103,196,106,114
207,111,111,196,106,121
207,111,119,195,105,127
207,111,127,195,105,134
207,111,135,195,104,142
207,111,143,194,104,149
207,111,151,194,103,158
207,111,159,193,103,167
207,111,167,193,103,178
207,111,175,192,102,189
207,111,183,190,102,201
207,111,191,187,102,211
207,111,199,185,102,222
207,111,207,181,102,230
207,111,215,177,102,238
207,111,223,174,102,244
207,111,231,171,102,249
207,111,239,168,101,252
207,111,247,165,101,254
207,111,255,163,100,255
207,119,0,194,108,33
207,119,7,194,108,38
207,119,15,195,109,44
207,119,23,195,110,50
207,119,31,196,111,56
207,119,39,196,112,64
207,119,47,197,113,71
207,119,55,197,113,77
207,119,63,198,114,83
207,119,71,198,115,89
207,119,79,198,115,95
207,119,87,198,115,102
207,119,95,197,115,108
207,119,103,197,115,114
207,119,111,196,115,121
207,119,119,196,114,127
207,119,127,195,113,134
207,119,135,195,113,141
207,119,143,194,112,148
207,119,151,194,112,156
207,119,159,194,111,166
207,119,167,193,111,175
207,119,175,192,111,186
207,119,183,191,110,197
207,119,191,189,110,208
207,119,199,186,109,219
207,119,207,183,109,228
207,119,215,179,109,236
207,119,223,176,108,243
207,119,231,173,108,248
207,119,239,170,107,252
207,119,247,168,106,254
207,119,255,165,106,255
207,127,0,195,117,34
207,127,7,195,118,39
207,127,15,195,118,44
207,127,23,196,119,52
207,127,31,196,120,58
207,127,39,197,121,64
207,127,47,198,122,72
207,127,55,198,122,78
207,127,63,198,123,84
207,127,71,199,123,90
207,127,79,199,124,96
207,127,87,198,124,102
207,127,95,198,124,108
207,127,103,198,124,115
207,127,111,197,123,121
207,127,119,196,123,127
207,127,127,196,122,134
207,127,135,195,121,141
207,127,143,195,121,148
207,127,151,194,120,155
207,127,159,194,120,164
207,127,167,193,119,173
207,127,175,193,119,184
207,127,183,192,118,194
207,127,191,190,118,205
207,127,199,188,117,216
207,127,207,185,116,226
207,127,215,182,116,234
207,127,223,178,115,241
207,127,231,175,114,247
207,127,239,172,113,251
207,127,247,169,112,254
207,127,255,167,112,255
207,135,0,196,127,35
207,135,7,196,128,40
207,135,15,196,128,45
207,135,23,197,129,52
207,135,31,197,129,60
207,135,39,198,130,65
207,135,47,198,131,72
207,135,55,199,131,79
207,135,63,199,132,84
207,135,71,199,132,90
207,135,79,199,132,96
207,135,87,199,132,103
207,135,95,199,132,109
207,135,103,198,132,115
207,135,111,198,131,121
207,135,119,197,131,127
207,135,127,196,130,134
207,135,135,196,130,140
207,135,143,195,129,147
207,135,151,195,129,154
207,135,159,194,128,162
207,135,167,194,128,171
207,135,175,194,127,181
207,135,183,193,126,192
207,135,191,192,126,202
207,135,199,190,125,213
207,135,207,187,124,223
207,135,215,184,123,232
207,135,223,181,122,239
207,135,231,177,120,246
207,135,239,175,119,250
207,135,247,172,118,254
207,135,255,169,117,254
207,143,0,197,136,37
207,143,7,197,136,41
207,143,15,197,137,45
207,143,23,198,137,52
207,143,31,198,138,60
207,143,39,199,138,67
207,143,47,199,139,73
207,143,55,200,140,79
207,143,63,200,140,85
207,143,71,200,140,91
207,143,79,200,140,97
207,143,87,200,140,103
207,143,95,200,140,109
207,143,103,199,140,115
207,143,111,199,140,121
207,143,119,198,139,128
207,143,127,197,139,134
207,143,135,196,138,140
207,143,143,196,137,147
207,143,151,195,137,154
207,143,159,195,136,161
207,143,167,195,136,169
207,143,175,194,135,179
207,143,183,194,135,189
207,143,191,193,134,199
207,143,199,192,133,210
207,143,207,190,131,220
207,143,215,186,130,229
207,143,223,183,129,237
207,143,231,180,127,244
207,143,239,176,126,249
207,143,247,174,124,253
207,143,255,172,123,255
207,151,0,197,145,38
207,151,7,197,145,42
207,151,15,198,145,46
207,151,23,198,146,52
207,151,31,199,146,59
207,151,39,199,147,68
207,151,47,200,147,74
207,151,55,200,148,80
207,151,63,201,148,86
207,151,71,201,149,92
207,151,79,201,149,98
207,151,87,201,149,104
207,151,95,201,149,110
207,151,103,200,148,116
207,151,111,200,148,122
207,151,119,199,147,128
207,151,127,198,147,134
207,151,135,198,146,140
207,151,143,197,146,146
207,151,151,196,145,153
207,151,159,196,145,160
207,151,167,195,144,168
207,151,175,195,144,177
207,151,183,195,143,186
207,151,191,194,142,197
207,151,199,193,141,207
207,151,207,191,139,217
207,151,215,189,138,226
207,151,223,185,136,235
207,151,231,182,134,242
207,151,239,179,132,248
207,151,247,176,131,252
207,151,255,173,129,254
207,159,0,198,153,39
207,159,7,198,153,42
207,159,15,198,154,46
207,159,23,199,154,51
207,159,31,199,154,59
207,159,39,200,155,67
207,159,47,200,156,75
207,159,55,201,156,80
207,159,63,201,157,86
207,159,71,202,157,92
207,159,79,202,157,98
207,159,87,202,157,105
207,159,95,202,157,111
207,159,103,201,157,117
207,159,111,201,156,123
207,159,119,200,156,129
207,159,127,199,155,134
207,159,135,199,155,140
207,159,143,198,154,147
207,159,151,198,154,153
207,159,159,197,153,160
207,159,167,197,153,167
207,159,175,196,152,175
207,159,183,196,151,184
207,159,191,196,151,194
207,159,199,195,149,204
207,159,207,193,148,214
207,159,215,191,146,224
207,159,223,188,144,232
207,159,231,185,142,240
207,159,239,182,140,246
207,159,247,179,138,252
207,159,255,176,136,254
207,167,0,198,161,41
207,167,7,198,161,45
207,167,15,198,162,49
207,167,23,199,162,54
207,167,31,199,163,60
207,167,39,200,163,67
207,167,47,201,164,75
207,167,55,201,164,81
207,167,63,202,165,87
207,167,71,202,165,93
207,167,79,203,165,99
207,167,87,203,166,105
207,167,95,203,166,111
207,167,103,202,165,117
207,167,111,202,165,123
207,167,119,201,165,129
207,167,127,201,164,135
207,167,135,200,164,141
207,167,143,200,163,147
207,167,151,199,163,153
207,167,159,198,162,159
207,167,167,198,161,166
207,167,175,198,161,174
207,167,183,197,160,182
207,167,191,197,159,192
207,167,199,197,158,201
207,167,207,195,156,212
207,167,215,193,154,221
207,167,223,191,152,230
207,167,231,187,149,238
207,167,239,184,147,245
207,167,247,181,145,250
207,167,255,178,143,254
207,175,0,197,169,42
207,175,7,198,169,46
207,175,15,198,170,51
207,175,23,199,170,58
207,175,31,199,171,62
207,175,39,200,171,68
207,175,47,201,172,75
207,175,55,202,173,83
207,175,63,202,173,88
207,175,71,203,174,93
207,175,79,203,174,100
207,175,87,203,174,106
207,175,95,203,175,112
207,175,103,203,174,118
207,175,111,203,174,124
207,175,119,203,174,130
207,175,127,202,173,136
207,175,135,202,173,141
207,175,143,201,172,147
207,175,151,200,172,153
207,175,159,200,171,159
207,175,167,200,170,166
207,175,175,199,170,173
207,175,183,199,169,181
207,175,191,199,168,189
207,175,199,198,167,199
207,175,207,197,165,209
207,175,215,196,163,219
207,175,223,193,161,227
207,175,231,190,158,236
207,175,239,187,155,243
207,175,247,184,152,249
207,175,255,181,149,253
207,183,0,197,176,42
207,183,7,197,177,46
207,183,15,198,177,51
207,183,23,198,178,57
207,183,31,199,179,65
207,183,39,200,179,70
207,183,47,201,180,76
207,183,55,202,181,82
207,183,63,202,182,89
207,183,71,203,182,94
207,183,79,203,183,100
207,183,87,204,183,106
207,183,95,204,183,113
207,183,103,204,183,119
207,183,111,204,183,125
207,183,119,204,183,131
207,183,127,203,182,136
207,183,135,203,182,142
207,183,143,203,181,148
207,183,151,202,181,154
207,183,159,202,180,160
207,183,167,201,179,166
207,183,175,201,179,172
207,183,183,200,178,180
207,183,191,200,177,188
207,183,199,200,176,197
207,183,207,199,174,206
207,183,215,197,172,216
207,183,223,195,170,225
207,183,231,192,166,233
207,183,239,190,163,241
207,183,247,187,160,248
207,183,255,184,157,252
207,191,0,196,184,43
207,191,7,196,184,46
207,191,15,197,185,50
207,191,23,197,185,56
207,191,31,198,186,64
207,191,39,199,187,72
207,191,47,200,188,77
207,191,55,201,189,83
207,191,63,202,190,89
207,191,71,203,191,95
207,191,79,204,192,101
207,191,87,204,192,107
207,191,95,204,192,113
207,191,103,205,193,119
207,191,111,205,192,125
207,191,119,205,192,131
207,191,127,205,192,137
207,191,135,205,191,143
207,191,143,204,191,149
207,191,151,204,190,154
207,191,159,203,190,160
207,191,167,203,189,166
207,191,175,202,188,172
207,191,183,202,187,179
207,191,191,202,186,186
207,191,199,201,185,195
207,191,207,200,184,204
207,191,215,199,182,213
207,191,223,197,179,223
207,191,231,195,176,231
207,191,239,192,173,240
207,191,247,190,169,247
207,191,255,187,165,253
207,199,0,195,192,44
207,199,7,196,192,47
207,199,15,196,192,50
207,199,23,197,193,55
207,199,31,197,194,62
207,199,39,199,195,71
207,199,47,200,196,78
207,199,55,200,197,83
207,199,63,201,198,89
207,199,71,203,200,95
207,199,79,203,200,101
207,199,87,204,201,107
207,199,95,205,202,114
207,199,103,205,202,120
207,199,111,206,202,126
207,199,119,206,202,132
207,199,127,206,201,138
207,199,135,206,201,144
207,199,143,206,200,149
207,199,151,205,200,155
207,199,159,205,199,161
207,199,167,205,199,167
207,199,175,204,198,173
207,199,183,204,197,179
207,199,191,203,197,186
207,199,199,202,195,193
207,199,207,202,194,202
207,199,215,201,192,211
207,199,223,200,189,221
207,199,231,198,186,230
207,199,239,195,183,238
207,199,247,192,179,246
207,199,255,190,175,251
207,207,0,194,200,46
207,207,7,194,201,48
207,207,15,194,201,51
207,207,23,195,202,56
207,207,31,196,203,61
207,207,39,197,204,69
207,207,47,198,205,77
207,207,55,200,206,84
207,207,63,201,207,89
207,207,71,202,208,95
207,207,79,203,209,102
207,207,87,204,210,108
207,207,95,205,211,114
207,207,103,205,211,120
207,207,111,206,211,127
207,207,119,207,211,133
207,207,127,207,211,139
207,207,135,207,211,144
207,207,143,207,211,150
207,207,151,207,210,156
207,207,159,206,210,161
207,207,167,206,209,167
207,207,175,206,209,173
207,207,183,205,208,179
207,207,191,205,207,186
207,207,199,204,206,193
207,207,207,204,205,201
207,207,215,203,204,210
207,207,223,202,201,219
207,207,231,200,198,228
207,207,239,198,195,237
207,207,247,195,190,245
207,207,255,193,186,252
207,215,0,192,209,47
207,215,7,192,209,51
207,215,15,193,210,55
207,215,23,194,210,58
207,215,31,194,211,63
207,215,39,196,212,69
207,215,47,197,213,76
207,215,55,198,214,84
207,215,63,200,215,90
207,215,71,201,216,95
207,215,79,202,218,102
207,215,87,203,219,108
207,215,95,204,219,114
207,215,103,205,220,121
207,215,111,206,220,127
207,215,119,207,221,133
207,215,127,207,221,139
207,215,135,207,221,145
207,215,143,208,220,151
207,215,151,208,220,156
207,215,159,208,220,162
207,215,167,207,220,168
207,215,175,207,219,173
207,215,183,206,219,179
207,215,191,206,218,186
207,215,199,205,217,193
207,215,207,205,216,201
207,215,215,205,215,209
207,215,223,204,213,218
207,215,231,202,211,227
207,215,239,200,207,236
207,215,247,198,203,244
207,215,255,196,199,251
207,223,0,189,217,46
207,223,7,190,217,49
207,223,15,190,218,54
207,223,23,191,219,60
207,223,31,192,219,65
207,223,39,194,220,70
207,223,47,195,221,75
207,223,55,196,222,82
207,223,63,198,224,89
207,223,71,199,225,95
207,223,79,201,226,101
207,223,87,202,227,108
207,223,95,204,228,114
207,223,103,205,228,120
207,223,111,206,229,127
207,223,119,207,229,133
207,223,127,207,229,139
207,223,135,208,229,145
207,223,143,208,230,151
207,223,151,208,229,157
207,223,159,208,229,162
207,223,167,208,229,168
207,223,175,207,229,174
207,223,183,207,229,180
207,223,191,207,228,186
207,223,199,206,228,192
207,223,207,206,227,200
207,223,215,206,227,208
207,223,223,205,225,217
207,223,231,204,223,225
207,223,239,203,220,234
207,223,247,201,216,244
207,223,255,198,212,251
207,231,0,186,225,45
207,231,7,187,225,48
207,231,15,188,226,52
207,231,23,189,226,57
207,231,31,190,227,65
207,231,39,191,228,71
207,231,47,193,229,76
207,231,55,194,230,81
207,231,63,196,231,88
207,231,71,198,232,94
207,231,79,200,233,100
207,231,87,201,234,107
207,231,95,203,235,113
207,231,103,204,236,120
207,231,111,205,237,126
207,231,119,206,237,133
207,231,127,207,238,139
207,231,135,208,238,145
207,231,143,208,238,151
207,231,151,208,238,157
207,231,159,208,238,162
207,231,167,208,238,168
207,231,175,208,238,174
207,231,183,208,238,179
207,231,191,207,238,185
207,231,199,207,238,192
207,231,207,207,237,199
207,231,215,207,237,207
207,231,223,207,236,215
207,231,231,206,235,224
207,231,239,204,232,233
207,231,247,203,229,242
207,231,255,201,226,251
207,239,0,183,232,45
207,239,7,184,233,48
207,239,15,185,233,51
207,239,23,186,233,56
207,239,31,187,234,62
207,239,39,189,235,69
207,239,47,190,236,76
207,239,55,192,237,81
207,239,63,194,238,87
207,239,71,196,239,93
207,239,79,198,240,99
207,239,87,200,241,106
207,239,95,201,242,112
207,239,103,203,243,119
207,239,111,204,244,126
207,239,119,206,245,132
207,239,127,207,245,139
207,239,135,208,245,145
207,239,143,208,246,151
207,239,151,208,246,157
207,239,159,208,246,162
207,239,167,208,246,168
207,239,175,208,246,173
207,239,183,208,246,179
207,239,191,208,246,185
207,239,199,207,246,191
207,239,207,207,246,198
207,239,215,207,246,205
207,239,223,207,246,213
207,239,231,207,245,222
207,239,239,206,244,231
207,239,247,205,241,241
207,239,255,203,239,248
207,247,0,180,239,47
207,247,7,181,239,49
207,247,15,182,239,51
207,247,23,183,240,55
207,247,31,184,241,60
207,247,39,186,241,66
207,247,47,187,242,74
207,247,55,190,243,80
207,247,63,191,244,86
207,247,71,194,245,91
207,247,79,196,246,98
207,247,87,198,247,104
207,247,95,200,248,111
207,247,103,202,249,118
207,247,111,203,250,125
207,247,119,205,250,132
207,247,127,206,251,138
207,247,135,207,251,144
207,247,143,208,251,151
207,247,151,208,251,156
207,247,159,208,252,162
207,247,167,208,252,168
207,247,175,208,252,173
207,247,183,208,252,179
207,247,191,207,252,184
207,247,199,207,252,190
207,247,207,207,252,197
207,247,215,207,252,204
207,247,223,207,253,212
207,247,231,207,253,220
207,247,239,207,252,229
207,247,247,206,250,239
207,247,255,205,249,247
207,255,0,177,245,49
207,255,7,178,245,51
207,255,15,178,246,53
207,255,23,179,246,56
207,255,31,181,247,60
207,255,39,182,247,65
207,255,47,184,248,70
207,255,55,187,249,77
207,255,63,189,250,83
207,255,71,191,250,88
207,255,79,193,251,94
207,255,87,196,252,100
207,255,95,198,252,108
207,255,103,200,253,116
207,255,111,202,253,124
207,255,119,204,254,131
207,255,127,205,254,138
207,255,135,206,254,144
207,255,143,207,254,150
207,255,151,208,254,156
207,255,159,208,254,161
207,255,167,209,254,167
207,255,175,208,254,173
207,255,183,208,254,178
207,255,191,208,254,184
207,255,199,208,254,190
207,255,207,208,254,196
207,255,215,208,254,203
207,255,223,207,255,210
207,255,231,207,255,218
207,255,239,207,255,227
207,255,247,207,255,236
207,255,255,206,255,245
215,0,0,185,5,24
215,0,7,186,6,30
215,0,15,188,7,37
215,0,23,190,8,46
215,0,31,191,9,53
215,0,39,193,10,60
215,0,47,194,11,67
215,0,55,194,11,75
215,0,63,195,12,83
215,0,71,196,13,91
215,0,79,196,13,99
215,0,87,196,13,107
215,0,95,197,14,116
215,0,103,197,14,126
215,0,111,196,15,136
215,0,119,196,15,147
215,0,127,195,15,158
215,0,135,194,16,170
215,0,143,193,16,182
215,0,151,190,17,194
215,0,159,188,18,205
215,0,167,185,20,215
215,0,175,181,23,223
215,0,183,178,25,229
215,0,191,173,28,234
215,0,199,169,31,239
215,0,207,165,34,242
215,0,215,162,36,245
215,0,223,159,37,248
215,0,231,156,38,250
215,0,239,153,39,252
215,0,247,151,40,254
215,0,255,148,42,255
215,7,0,185,6,24
215,7,7,187,7,30
215,7,15,188,8,37
215,7,23,190,10,46
215,7,31,192,11,53
215,7,39,193,12,60
215,7,47,194,12,67
215,7,55,195,13,74
215,7,63,195,14,82
215,7,71,196,14,90
215,7,79,196,15,98
215,7,87,197,15,107
215,7,95,197,16,115
215,7,103,197,16,125
215,7,111,197,16,135
215,7,119,196,17,146
215,7,127,195,17,157
215,7,135,194,18,169
215,7,143,193,18,181
215,7,151,191,19,193
215,7,159,188,20,204
215,7,167,185,22,214
215,7,175,182,25,222
215,7,183,178,27,229
215,7,191,174,30,234
215,7,199,170,34,238
215,7,207,166,36,242
215,7,215,162,39,245
215,7,223,159,40,248
215,7,231,156,40,250
215,7,239,154,41,252
215,7,247,151,43,254
215,7,255,149,44,255
215,15,0,185,8,24
215,15,7,187,9,30
215,15,15,188,11,37
215,15,23,191,12,46
215,15,31,192,13,53
215,15,39,193,14,60
215,15,47,194,15,67
215,15,55,195,15,74
215,15,63,195,16,82
215,15,71,196,16,90
215,15,79,197,17,98
215,15,87,197,17,106
215,15,95,197,18,115
215,15,103,197,18,124
215,15,111,197,19,134
215,15,119,196,19,145
215,15,127,196,20,156
215,15,135,195,20,167
215,15,143,193,21,179
215,15,151,191,22,191
215,15,159,189,23,202
215,15,167,186,25,212
215,15,175,182,27,221
215,15,183,178,30,228
215,15,191,174,33,233
215,15,199,170,36,238
215,15,207,166,40,242
215,15,215,163,42,245
215,15,223,160,43,248
215,15,231,157,44,250
215,15,239,154,44,252
215,15,247,152,45,254
215,15,255,150,46,255
215,23,0,186,11,24
215,23,7,187,12,30
215,23,15,189,14,37
215,23,23,191,16,46
215,23,31,192,17,53
215,23,39,194,18,60
215,23,47,194,18,67
215,23,55,195,19,74
215,23,63,196,20,81
215,23,71,196,20,89
215,23,79,197,20,97
215,23,87,197,21,105
215,23,95,197,21,114
215,23,103,197,22,123
215,23,111,197,22,132
215,23,119,197,23,143
215,23,127,196,23,154
215,23,135,195,24,165
215,23,143,194,24,177
215,23,151,192,25,189
215,23,159,189,26,200
215,23,167,186,28,211
215,23,175,183,31,219
215,23,183,179,33,227
215,23,191,175,36,233
215,23,199,171,39,238
215,23,207,167,43,241
215,23,215,163,46,245
215,23,223,160,48,248
215,23,231,157,48,250
215,23,239,155,49,252
215,23,247,153,49,254
215,23,255,151,49,255
215,31,0,186,15,25
215,31,7,188,17,30
215,31,15,189,18,37
215,31,23,191,20,46
215,31,31,193,21,53
215,31,39,194,22,60
215,31,47,195,23,67
215,31,55,196,24,73
215,31,63,196,24,81
215,31,71,197,25,89
215,31,79,197,25,96
215,31,87,198,26,104
215,31,95,198,26,113
215,31,103,198,26,121
215,31,111,198,27,131
215,31,119,197,27,141
215,31,127,197,28,151
215,31,135,196,29,162
215,31,143,194,29,174
215,31,151,192,30,186
215,31,159,190,31,198
215,31,167,187,33,208
215,31,175,184,35,218
215,31,183,180,38,225
215,31,191,176,41,232
215,31,199,172,44,237
215,31,207,168,47,241
215,31,215,164,50,245
215,31,223,161,53,248
215,31,231,158,54,250
215,31,239,156,54,252
215,31,247,154,53,253
215,31,255,152,53,255
215,39,0,187,21,25
215,39,7,188,22,31
215,39,15,190,24,37
215,39,23,192,26,46
215,39,31,193,27,53
215,39,39,195,28,60
215,39,47,196,29,66
215,39,55,196,30,73
215,39,63,197,30,80
215,39,71,197,31,88
215,39,79,198,31,96
215,39,87,198,31,103
215,39,95,198,32,111
215,39,103,198,32,120
215,39,111,198,32,129
215,39,119,198,33,139
215,39,127,197,33,149
215,39,135,196,34,160
215,39,143,195,35,171
215,39,151,193,36,182
215,39,159,191,37,194
215,39,167,188,39,205
215,39,175,185,40,216
215,39,183,181,43,224
215,39,191,177,46,231
215,39,199,173,49,236
215,39,207,169,52,241
215,39,215,166,55,245
215,39,223,162,57,248
215,39,231,159,59,250
215,39,239,157,60,252
215,39,247,155,59,253
215,39,255,153,58,254
215,47,0,188,27,25
215,47,7,189,28,31
215,47,15,191,30,37
215,47,23,193,32,45
215,47,31,194,34,53
215,47,39,195,35,60
215,47,47,196,36,66
215,47,55,197,37,73
215,47,63,197,38,80
215,47,71,198,38,87
215,47,79,198,38,95
215,47,87,199,38,102
215,47,95,199,38,110
215,47,103,199,38,119
215,47,111,199,39,127
215,47,119,198,39,137
215,47,127,198,39,147
215,47,135,197,40,157
215,47,143,196,41,168
215,47,151,194,41,179
215,47,159,192,43,191
215,47,167,190,45,202
215,47,175,186,47,213
215,47,183,182,49,222
215,47,191,179,51,230
215,47,199,175,54,235
215,47,207,171,57,241
215,47,215,167,59,244
215,47,223,164,61,248
215,47,231,162,62,250
215,47,239,159,63,252
215,47,247,157,64,254
215,47,255,155,64,254
215,55,0,189,34,26
215,55,7,190,36,31
215,55,15,191,37,37
215,55,23,193,39,45
215,55,31,195,41,53
215,55,39,196,43,60
215,55,47,197,44,66
215,55,55,198,45,73
215,55,63,198,46,80
215,55,71,199,46,87
215,55,79,199,46,94
215,55,87,199,46,102
215,55,95,199,46,109
215,55,103,199,46,117
215,55,111,199,46,126
215,55,119,199,46,135
215,55,127,198,46,144
215,55,135,198,46,154
215,55,143,197,47,165
215,55,151,196,47,176
215,55,159,194,49,188
215,55,167,191,50,200
215,55,175,188,52,210
215,55,183,184,55,220
215,55,191,180,58,228
215,55,199,176,60,234
215,55,207,172,62,240
215,55,215,169,64,244
215,55,223,166,65,248
215,55,231,164,66,250
215,55,239,161,67,252
215,55,247,159,68,254
215,55,255,157,68,254
215,63,0,190,42,26
215,63,7,191,43,32
215,63,15,192,45,37
215,63,23,194,46,45
215,63,31,196,48,54
215,63,39,197,50,60
215,63,47,198,51,67
215,63,55,198,52,73
215,63,63,199,53,80
215,63,71,199,54,87
215,63,79,199,54,94
215,63,87,200,54,101
215,63,95,200,54,109
215,63,103,200,54,116
215,63,111,200,54,124
215,63,119,200,54,133
215,63,127,199,54,142
215,63,135,199,54,152
215,63,143,198,54,162
215,63,151,197,54,173
215,63,159,195,55,185
215,63,167,193,56,196
215,63,175,190,58,207
215,63,183,186,60,218
215,63,191,182,62,226
215,63,199,178,65,233
215,63,207,174,67,239
215,63,215,171,69,244
215,63,223,168,70,248
215,63,231,165,71,251
215,63,239,163,71,253
215,63,247,161,71,254
215,63,255,159,71,255
215,71,0,191,50,27
215,71,7,192,51,32
215,71,15,193,52,38
215,71,23,195,54,45
215,71,31,197,56,54
215,71,39,197,58,60
215,71,47,198,59,67
215,71,55,199,60,73
215,71,63,199,61,80
215,71,71,200,62,87
215,71,79,200,62,94
215,71,87,200,62,101
215,71,95,200,62,108
215,71,103,200,62,116
215,71,111,200,62,123
215,71,119,200,61,131
215,71,127,200,61,140
215,71,135,199,61,149
215,71,143,199,61,159
215,71,151,198,62,170
215,71,159,196,62,181
215,71,167,194,63,193
215,71,175,192,64,204
215,71,183,188,65,215
215,71,191,185,67,224
215,71,199,181,70,232
215,71,207,177,72,238
215,71,215,173,74,243
215,71,223,170,75,247
215,71,231,167,76,251
215,71,239,165,76,253
215,71,247,163,76,254
215,71,255,162,75,255
215,79,0,193,58,28
215,79,7,194,59,33
215,79,15,194,61,38
215,79,23,196,62,45
215,79,31,197,64,54
215,79,39,198,66,61
215,79,47,199,67,67
215,79,55,199,69,74
215,79,63,200,70,80
215,79,71,200,70,87
215,79,79,201,71,94
215,79,87,201,71,101
215,79,95,201,71,108
215,79,103,201,71,115
215,79,111,201,70,122
215,79,119,201,70,130
215,79,127,200,69,138
215,79,135,200,69,147
215,79,143,199,69,157
215,79,151,199,69,167
215,79,159,197,69,178
215,79,167,196,70,190
215,79,175,194,70,201
215,79,183,190,72,212
215,79,191,187,73,221
215,79,199,183,75,230
215,79,207,179,77,237
215,79,215,175,78,242
215,79,223,172,79,247
215,79,231,170,80,250
215,79,239,167,80,253
215,79,247,165,80,254
215,79,255,163,79,255
215,87,0,194,67,28
215,87,7,195,68,34
215,87,15,196,69,39
215,87,23,197,71,46
215,87,31,198,73,54
215,87,39,199,74,62
215,87,47,200,76,68
215,87,55,200,77,74
215,87,63,201,78,80
215,87,71,201,79,87
215,87,79,201,79,94
215,87,87,201,80,101
215,87,95,202,80,108
215,87,103,201,79,115
215,87,111,201,79,122
215,87,119,201,78,129
215,87,127,201,78,137
215,87,135,200,78,145
215,87,143,200,77,154
215,87,151,199,77,164
215,87,159,198,77,175
215,87,167,197,77,186
215,87,175,195,78,198
215,87,183,192,79,209
215,87,191,189,80,219
215,87,199,185,81,228
215,87,207,181,83,235
215,87,215,178,84,241
215,87,223,174,85,246
215,87,231,172,85,250
215,87,239,169,85,253
215,87,247,167,85,254
215,87,255,166,84,255
215,95,0,195,76,30
215,95,7,196,77,35
215,95,15,197,78,40
215,95,23,198,80,47
215,95,31,199,81,54
215,95,39,200,83,63
215,95,47,200,84,69
215,95,55,201,86,75
215,95,63,201,87,81
215,95,71,202,88,87
215,95,79,202,88,94
215,95,87,202,88,101
215,95,95,202,88,107
215,95,103,202,88,114
215,95,111,202,88,121
215,95,119,201,87,128
215,95,127,201,87,136
215,95,135,201,86,144
215,95,143,200,86,152
215,95,151,200,86,162
215,95,159,199,86,172
215,95,167,198,86,182
215,95,175,197,86,194
215,95,183,194,86,206
215,95,191,191,87,216
215,95,199,188,88,226
215,95,207,184,89,234
215,95,215,180,89,240
215,95,223,177,90,246
215,95,231,174,91,250
215,95,239,171,91,252
215,95,247,169,90,254
215,95,255,167,89,255
215,103,0,197,86,30
215,103,7,198,86,36
215,103,15,198,88,42
215,103,23,199,89,48
215,103,31,200,90,55
215,103,39,201,92,63
215,103,47,201,93,70
215,103,55,202,94,76
215,103,63,202,95,82
215,103,71,202,96,88
215,103,79,203,97,94
215,103,87,203,97,101
215,103,95,203,97,107
215,103,103,203,97,114
215,103,111,202,97,121
215,103,119,202,96,128
215,103,127,202,96,135
215,103,135,201,95,143
215,103,143,201,94,151
215,103,151,200,94,159
215,103,159,200,94,169
215,103,167,199,94,180
215,103,175,198,94,191
215,103,183,196,94,203
215,103,191,193,94,214
215,103,199,190,95,224
215,103,207,186,95,232
215,103,215,182,96,239
215,103,223,179,96,244
215,103,231,176,96,249
215,103,239,173,96,252
215,103,247,171,96,254
215,103,255,169,95,255
215,111,0,198,95,31
215,111,7,199,96,36
215,111,15,199,97,42
215,111,23,200,98,49
215,111,31,201,100,56
215,111,39,202,101,63
215,111,47,202,102,71
215,111,55,203,103,76
215,111,63,203,104,82
215,111,71,203,105,88
215,111,79,203,106,95
215,111,87,203,106,101
215,111,95,203,106,108
215,111,103,203,106,114
215,111,111,203,106,121
215,111,119,202,105,128
215,111,127,202,104,135
215,111,135,202,104,142
215,111,143,201,103,149
215,111,151,201,103,158
215,111,159,200,103,167
215,111,167,200,102,177
215,111,175,199,102,188
215,111,183,197,102,200
215,111,191,195,102,211
215,111,199,192,102,221
215,111,207,189,102,230
215,111,215,185,102,237
215,111,223,181,102,244
215,111,231,178,102,249
215,111,239,175,102,252
215,111,247,173,101,254
215,111,255,171,101,255
215,119,0,200,105,33
215,119,7,200,106,37
215,119,15,201,107,43
215,119,23,201,108,51
215,119,31,202,109,57
215,119,39,202,110,64
215,119,47,203,111,72
215,119,55,203,112,77
215,119,63,204,113,83
215,119,71,204,114,89
215,119,79,204,114,95
215,119,87,204,114,102
215,119,95,204,115,108
215,119,103,204,115,115
215,119,111,203,114,121
215,119,119,203,114,128
215,119,127,202,113,134
215,119,135,202,113,141
215,119,143,201,112,149
215,119,151,201,111,156
215,119,159,201,111,165
215,119,167,200,111,175
215,119,175,199,111,186
215,119,183,198,110,197
215,119,191,197,110,208
215,119,199,194,110,218
215,119,207,191,109,228
215,119,215,187,109,235
215,119,223,183,109,242
215,119,231,180,108,247
215,119,239,177,108,252
215,119,247,174,107,254
215,119,255,171,107,255
215,127,0,201,116,34
215,127,7,201,116,38
215,127,15,202,117,44
215,127,23,202,118,51
215,127,31,203,118,59
215,127,39,203,119,65
215,127,47,204,120,72
215,127,55,204,121,78
215,127,63,205,122,84
215,127,71,205,122,90
215,127,79,205,123,96
215,127,87,205,123,102
215,127,95,205,123,109
215,127,103,204,123,115
215,127,111,204,123,121
215,127,119,203,122,128
215,127,127,203,122,134
215,127,135,202,121,141
215,127,143,202,121,148
215,127,151,201,120,155
215,127,159,201,120,164
215,127,167,201,119,173
215,127,175,200,119,183
215,127,183,199,118,194
215,127,191,198,118,205
215,127,199,196,117,215
215,127,207,193,117,225
215,127,215,189,116,234
215,127,223,185,115,241
215,127,231,182,114,246
215,127,239,179,113,251
215,127,247,177,113,254
215,127,255,174,112,254
215,135,0,202,125,35
215,135,7,202,125,39
215,135,15,203,126,44
215,135,23,203,127,51
215,135,31,204,127,59
215,135,39,204,128,66
215,135,47,205,129,72
215,135,55,205,130,79
215,135,63,205,130,85
215,135,71,206,131,91
215,135,79,206,131,97
215,135,87,206,131,103
215,135,95,205,131,109
215,135,103,205,131,115
215,135,111,205,131,122
215,135,119,204,131,128
215,135,127,203,130,134
215,135,135,203,129,141
215,135,143,202,129,147
215,135,151,202,128,155
215,135,159,201,128,163
215,135,167,201,127,171
215,135,175,201,127,181
215,135,183,200,126,191
215,135,191,199,126,202
215,135,199,197,125,212
215,135,207,195,124,222
215,135,215,192,123,231
215,135,223,188,122,239
215,135,231,184,121,245
215,135,239,181,120,250
215,135,247,179,119,253
215,135,255,176,118,255
215,143,0,203,134,37
215,143,7,203,135,41
215,143,15,203,135,45
215,143,23,204,136,51
215,143,31,204,136,59
215,143,39,205,137,68
215,143,47,205,138,73
215,143,55,206,138,79
215,143,63,206,139,86
215,143,71,206,139,91
215,143,79,207,139,98
215,143,87,207,139,104
215,143,95,206,139,110
215,143,103,206,139,116
215,143,111,205,139,122
215,143,119,205,139,128
215,143,127,204,138,134
215,143,135,204,138,141
215,143,143,203,137,147
215,143,151,203,137,154
215,143,159,202,136,162
215,143,167,202,136,170
215,143,175,201,135,179
215,143,183,201,134,189
215,143,191,200,134,199
215,143,199,199,133,209
215,143,207,197,132,220
215,143,215,194,130,229
215,143,223,190,129,237
215,143,231,187,127,243
215,143,239,183,126,249
215,143,247,181,125,252
215,143,255,178,123,255
215,151,0,204,143,39
215,151,7,204,143,42
215,151,15,204,144,46
215,151,23,205,144,52
215,151,31,205,145,59
215,151,39,206,145,67
215,151,47,206,146,74
215,151,55,207,146,80
215,151,63,207,147,86
215,151,71,207,147,92
215,151,79,208,147,98
215,151,87,208,148,104
215,151,95,207,148,111
215,151,103,207,147,117
215,151,111,206,147,123
215,151,119,206,147,129
215,151,127,205,146,135
215,151,135,204,146,141
215,151,143,204,145,147
215,151,151,203,145,154
215,151,159,203,144,161
215,151,167,203,144,168
215,151,175,202,143,177
215,151,183,202,143,186
215,151,191,202,142,196
215,151,199,201,141,207
215,151,207,199,139,217
215,151,215,196,138,226
215,151,223,193,136,234
215,151,231,189,134,241
215,151,239,186,133,247
215,151,247,183,131,252
215,151,255,180,130,254
215,159,0,204,151,40
215,159,7,204,151,44
215,159,15,205,152,48
215,159,23,205,152,53
215,159,31,206,153,59
215,159,39,206,153,67
215,159,47,207,154,76
215,159,55,207,155,81
215,159,63,208,155,87
215,159,71,208,156,93
215,159,79,208,156,99
215,159,87,208,156,105
215,159,95,208,156,111
215,159,103,208,156,117
215,159,111,207,156,123
215,159,119,207,155,129
215,159,127,206,155,135
215,159,135,206,154,141
215,159,143,205,154,147
215,159,151,205,153,154
215,159,159,204,153,160
215,159,167,204,152,168
215,159,175,203,152,175
215,159,183,203,151,184
215,159,191,203,150,194
215,159,199,202,149,204
215,159,207,201,148,214
215,159,215,198,146,223
215,159,223,195,144,232
215,159,231,192,142,239
215,159,239,188,140,246
215,159,247,185,138,251
215,159,255,182,136,254
215,167,0,204,159,41
215,167,7,205,159,45
215,167,15,205,160,50
215,167,23,205,160,56
215,167,31,206,161,61
215,167,39,207,161,68
215,167,47,207,162,75
215,167,55,208,163,82
215,167,63,208,163,88
215,167,71,209,164,93
215,167,79,209,164,99
215,167,87,209,164,106
215,167,95,209,164,112
215,167,103,209,164,118
215,167,111,209,164,124
215,167,119,208,164,130
215,167,127,208,163,136
215,167,135,207,163,142
215,167,143,206,163,148
215,167,151,206,162,154
215,167,159,205,161,160
215,167,167,205,161,167
215,167,175,205,160,174
215,167,183,204,160,183
215,167,191,204,159,192
215,167,199,204,158,201
215,167,207,202,156,211
215,167,215,200,154,221
215,167,223,198,152,230
215,167,231,194,150,237
215,167,239,191,147,244
215,167,247,188,145,250
215,167,255,184,143,254
215,175,0,204,167,42
215,175,7,205,167,46
215,175,15,205,167,51
215,175,23,206,168,57
215,175,31,206,169,64
215,175,39,207,169,69
215,175,47,208,170,76
215,175,55,208,171,83
215,175,63,209,171,89
215,175,71,209,172,94
215,175,79,210,172,100
215,175,87,210,173,106
215,175,95,210,173,113
215,175,103,210,173,119
215,175,111,210,173,125
215,175,119,209,173,131
215,175,127,209,172,136
215,175,135,208,172,142
215,175,143,208,171,148
215,175,151,207,171,154
215,175,159,207,170,160
215,175,167,206,170,167
215,175,175,206,169,174
215,175,183,206,168,181
215,175,191,205,167,190
215,175,199,205,166,199
215,175,207,204,165,209
215,175,215,203,163,218
215,175,223,200,160,227
215,175,231,197,158,236
215,175,239,194,155,243
215,175,247,191,152,249
215,175,255,187,150,252
215,183,0,204,174,43
215,183,7,204,175,46
215,183,15,205,175,51
215,183,23,205,176,57
215,183,31,206,176,65
215,183,39,207,177,72
215,183,47,208,178,77
215,183,55,208,179,83
215,183,63,209,180,90
215,183,71,210,180,95
215,183,79,210,181,101
215,183,87,210,181,107
215,183,95,211,182,113
215,183,103,211,182,119
215,183,111,211,182,125
215,183,119,211,182,131
215,183,127,210,181,137
215,183,135,210,181,143
215,183,143,209,180,149
215,183,151,209,180,155
215,183,159,208,179,161
215,183,167,208,179,167
215,183,175,207,178,173
215,183,183,207,177,180
215,183,191,207,176,188
215,183,199,207,175,197
215,183,207,206,174,207
215,183,215,204,172,216
215,183,223,202,169,225
215,183,231,199,166,233
215,183,239,196,163,241
215,183,247,193,160,248
215,183,255,190,157,252
215,191,0,204,181,44
215,191,7,204,182,47
215,191,15,204,182,51
215,191,23,205,183,56
215,191,31,206,184,64
215,191,39,207,185,72
215,191,47,207,186,78
215,191,55,208,187,84
215,191,63,209,188,90
215,191,71,210,189,96
215,191,79,210,190,102
215,191,87,211,190,108
215,191,95,211,191,114
215,191,103,212,191,120
215,191,111,212,191,126
215,191,119,212,191,132
215,191,127,211,190,138
215,191,135,211,190,144
215,191,143,211,190,149
215,191,151,210,189,155
215,191,159,210,188,161
215,191,167,210,188,167
215,191,175,209,187,173
215,191,183,209,186,180
215,191,191,208,186,187
215,191,199,208,184,195
215,191,207,207,183,204
215,191,215,206,181,214
215,191,223,204,179,223
215,191,231,202,176,232
215,191,239,199,172,240
215,191,247,196,169,247
215,191,255,193,165,253
215,199,0,203,189,45
215,199,7,203,189,48
215,199,15,204,190,51
215,199,23,204,191,56
215,199,31,205,192,63
215,199,39,206,193,70
215,199,47,207,194,80
215,199,55,208,195,85
215,199,63,209,196,90
215,199,71,210,197,96
215,199,79,210,198,102
215,199,87,211,199,108
215,199,95,212,200,115
215,199,103,212,200,121
215,199,111,213,200,127
215,199,119,213,200,133
215,199,127,213,200,139
215,199,135,213,199,145
215,199,143,212,199,150
215,199,151,212,198,156
215,199,159,212,198,162
215,199,167,211,197,168
215,199,175,211,197,174
215,199,183,210,196,180
215,199,191,210,195,186
215,199,199,209,194,194
215,199,207,209,193,203
215,199,215,208,191,212
215,199,223,207,189,221
215,199,231,204,186,230
215,199,239,202,182,238
215,199,247,199,179,246
215,199,255,196,175,251
215,207,0,202,197,46
215,207,7,203,197,50
215,207,15,203,198,53
215,207,23,204,198,57
215,207,31,204,199,62
215,207,39,205,200,69
215,207,47,206,202,77
215,207,55,208,203,86
215,207,63,208,204,91
215,207,71,209,206,97
215,207,79,210,207,103
215,207,87,211,208,109
215,207,95,212,208,115
215,207,103,212,209,121
215,207,111,213,209,127
215,207,119,213,209,134
215,207,127,214,209,140
215,207,135,214,209,146
215,207,143,214,209,151
215,207,151,213,208,157
215,207,159,213,208,163
215,207,167,213,207,168
215,207,175,212,207,174
215,207,183,212,206,180
215,207,191,211,206,187
215,207,199,211,205,194
215,207,207,210,204,202
215,207,215,210,202,211
215,207,223,208,200,220
215,207,231,207,197,229
215,207,239,204,193,237
215,207,247,202,189,245
215,207,255,199,185,252
215,215,0,200,205,47
215,215,7,201,206,51
215,215,15,201,206,56
215,215,23,202,207,61
215,215,31,203,208,65
215,215,39,204,209,71
215,215,47,205,210,77
215,215,55,206,211,84
215,215,63,207,213,91
215,215,71,208,214,97
215,215,79,210,215,103
215,215,87,211,216,109
215,215,95,211,217,115
215,215,103,212,218,122
215,215,111,213,218,128
215,215,119,214,218,134
215,215,127,214,218,140
215,215,135,214,218,146
215,215,143,214,218,152
215,215,151,214,218,158
215,215,159,214,218,163
215,215,167,214,218,169
215,215,175,214,217,175
215,215,183,213,217,181
215,215,191,213,216,187
215,215,199,212,215,194
215,215,207,212,215,202
215,215,215,212,214,210
215,215,223,211,212,219
215,215,231,209,209,228
215,215,239,207,206,236
215,215,247,204,201,245
215,215,255,202,198,251
215,223,0,198,214,46
215,223,7,198,214,50
215,223,15,199,214,54
215,223,23,200,215,60
215,223,31,201,216,68
215,223,39,202,217,72
215,223,47,203,218,77
215,223,55,205,219,84
215,223,63,206,220,90
215,223,71,208,222,96
215,223,79,209,223,103
215,223,87,210,224,109
215,223,95,211,225,115
215,223,103,212,226,122
215,223,111,213,227,128
215,223,119,214,227,134
215,223,127,214,227,141
215,223,135,215,227,146
215,223,143,215,227,152
215,223,151,215,227,158
215,223,159,215,227,164
215,223,167,215,227,170
215,223,175,215,227,175
215,223,183,214,227,181
215,223,191,214,226,187
215,223,199,213,226,194
215,223,207,213,225,201
215,223,215,213,225,210
215,223,223,213,224,218
215,223,231,211,222,226
215,223,239,209,218,235
215,223,247,207,215,244
215,223,255,205,211,251
215,231,0,195,222,46
215,231,7,196,222,49
215,231,15,197,222,52
215,231,23,197,223,58
215,231,31,199,224,65
215,231,39,200,225,74
215,231,47,201,226,78
215,231,55,203,227,83
215,231,63,204,228,89
215,231,71,206,230,96
215,231,79,207,231,102
215,231,87,209,232,108
215,231,95,210,233,115
215,231,103,211,234,121
215,231,111,212,234,128
215,231,119,213,235,134
215,231,127,214,235,141
215,231,135,215,236,147
215,231,143,215,236,153
215,231,151,216,236,159
215,231,159,216,236,164
215,231,167,216,236,170
215,231,175,215,236,175
215,231,183,215,236,181
215,231,191,215,236,188
215,231,199,214,236,194
215,231,207,214,236,201
215,231,215,214,236,209
215,231,223,214,235,217
215,231,231,213,234,225
215,231,239,212,231,234
215,231,247,210,227,243
215,231,255,208,225,251
215,239,0,193,229,47
215,239,7,193,229,49
215,239,15,194,230,52
215,239,23,195,230,57
215,239,31,196,231,63
215,239,39,197,232,70
215,239,47,199,233,79
215,239,55,201,234,84
215,239,63,202,235,89
215,239,71,204,236,95
215,239,79,206,238,101
215,239,87,207,239,107
215,239,95,209,240,114
215,239,103,211,241,121
215,239,111,212,242,128
215,239,119,213,242,134
215,239,127,214,243,140
215,239,135,215,243,147
215,239,143,215,244,153
215,239,151,216,244,159
215,239,159,216,244,164
215,239,167,216,244,170
215,239,175,216,244,176
215,239,183,216,245,182
215,239,191,215,244,187
215,239,199,215,244,194
215,239,207,215,244,200
215,239,215,215,245,208
215,239,223,215,245,215
215,239,231,215,244,224
215,239,239,214,242,233
215,239,247,212,240,242
215,239,255,210,237,249
215,247,0,190,236,49
215,247,7,190,236,51
215,247,15,191,237,53
215,247,23,192,237,57
215,247,31,193,238,62
215,247,39,194,239,68
215,247,47,196,240,75
215,247,55,198,241,83
215,247,63,200,242,88
215,247,71,202,243,93
215,247,79,204,244,100
215,247,87,206,245,106
215,247,95,207,246,113
215,247,103,209,247,120
215,247,111,211,248,127
215,247,119,212,248,134
215,247,127,213,249,140
215,247,135,214,249,147
215,247,143,215,250,153
215,247,151,216,250,159
215,247,159,216,251,165
215,247,167,216,251,170
215,247,175,216,251,176
215,247,183,216,251,181
215,247,191,215,251,187
215,247,199,215,251,193
215,247,207,215,251,200
215,247,215,215,252,207
215,247,223,215,252,214
215,247,231,215,251,222
215,247,239,215,251,231
215,247,247,213,249,241
215,247,255,212,247,249
215,255,0,187,243,50
215,255,7,187,243,52
215,255,15,188,243,54
215,255,23,189,244,57
215,255,31,190,244,61
215,255,39,191,245,66
215,255,47,193,246,71
215,255,55,195,247,78
215,255,63,197,248,85
215,255,71,199,249,90
215,255,79,202,250,96
215,255,87,204,251,102
215,255,95,206,252,109
215,255,103,208,252,118
215,255,111,210,253,126
215,255,119,211,253,133
215,255,127,213,253,140
215,255,135,214,254,146
215,255,143,215,254,152
215,255,151,216,254,158
215,255,159,216,254,164
215,255,167,217,254,170
215,255,175,216,254,176
215,255,183,217,254,182
215,255,191,216,254,187
215,255,199,216,254,193
215,255,207,215,254,199
215,255,215,215,255,206
215,255,223,215,255,213
215,255,231,215,255,220
215,255,239,215,255,229
215,255,247,215,254,238
215,255,255,213,253,248
223,0,0,190,6,25
223,0,7,192,7,31
223,0,15,193,9,37
223,0,23,195,10,45
223,0,31,197,11,53
223,0,39,198,12,60
223,0,47,199,13,67
223,0,55,200,13,74
223,0,63,200,14,82
223,0,71,201,14,90
223,0,79,201,14,98
223,0,87,202,14,106
223,0,95,202,15,115
223,0,103,202,15,124
223,0,111,202,15,135
223,0,119,202,15,146
223,0,127,201,15,156
223,0,135,200,16,168
223,0,143,199,16,180
223,0,151,197,17,192
223,0,159,195,19,204
223,0,167,192,21,213
223,0,175,189,24,222
223,0,183,186,27,229
223,0,191,182,29,234
223,0,199,178,32,239
223,0,207,175,34,242
223,0,215,171,36,245
223,0,223,168,38,248
223,0,231,165,39,250
223,0,239,163,40,252
223,0,247,161,42,253
223,0,255,159,43,255
223,7,0,191,7,25
223,7,7,192,8,31
223,7,15,194,10,37
223,7,23,195,11,45
223,7,31,197,13,53
223,7,39,198,14,60
223,7,47,199,14,67
223,7,55,200,15,74
223,7,63,201,15,81
223,7,71,201,16,89
223,7,79,202,16,97
223,7,87,202,16,106
223,7,95,202,16,114
223,7,103,202,17,124
223,7,111,202,17,134
223,7,119,202,17,145
223,7,127,201,17,155
223,7,135,200,18,167
223,7,143,199,18,179
223,7,151,197,19,191
223,7,159,195,21,202
223,7,167,193,23,212
223,7,175,190,25,221
223,7,183,186,29,228
223,7,191,183,31,234
223,7,199,179,34,238
223,7,207,175,36,242
223,7,215,172,38,245
223,7,223,168,40,248
223,7,231,166,41,250
223,7,239,164,42,252
223,7,247,162,43,253
223,7,255,160,45,255
223,15,0,191,9,25
223,15,7,192,10,31
223,15,15,194,11,37
223,15,23,196,13,45
223,15,31,198,15,53
223,15,39,199,16,60
223,15,47,200,16,67
223,15,55,200,17,73
223,15,63,201,17,81
223,15,71,202,18,89
223,15,79,202,18,97
223,15,87,202,19,105
223,15,95,203,19,114
223,15,103,203,19,123
223,15,111,203,19,133
223,15,119,202,19,143
223,15,127,202,20,154
223,15,135,201,20,166
223,15,143,199,21,178
223,15,151,198,22,190
223,15,159,196,23,201
223,15,167,193,25,211
223,15,175,190,28,220
223,15,183,187,31,227
223,15,191,183,34,233
223,15,199,179,37,238
223,15,207,176,39,242
223,15,215,172,41,245
223,15,223,169,43,248
223,15,231,166,44,250
223,15,239,164,45,252
223,15,247,162,46,253
223,15,255,160,47,254
223,23,0,191,11,26
223,23,7,193,13,31
223,23,15,194,14,37
223,23,23,196,16,45
223,23,31,198,18,53
223,23,39,199,19,60
223,23,47,200,20,66
223,23,55,201,20,73
223,23,63,202,21,81
223,23,71,202,21,88
223,23,79,203,22,96
223,23,87,203,22,104
223,23,95,203,22,113
223,23,103,203,22,122
223,23,111,203,22,131
223,23,119,203,23,142
223,23,127,202,23,153
223,23,135,201,24,164
223,23,143,200,24,176
223,23,151,199,25,188
223,23,159,196,26,199
223,23,167,194,28,210
223,23,175,191,31,219
223,23,183,187,34,226
223,23,191,184,38,233
223,23,199,180,41,237
223,23,207,176,44,241
223,23,215,173,46,245
223,23,223,170,47,248
223,23,231,167,48,250
223,23,239,165,48,252
223,23,247,163,49,253
223,23,255,161,50,254
223,31,0,192,15,26
223,31,7,194,17,31
223,31,15,195,18,37
223,31,23,197,20,45
223,31,31,199,22,53
223,31,39,200,23,59
223,31,47,201,24,66
223,31,55,201,25,73
223,31,63,202,25,80
223,31,71,203,26,88
223,31,79,203,26,95
223,31,87,204,27,103
223,31,95,204,27,112
223,31,103,204,27,120
223,31,111,203,27,130
223,31,119,203,28,140
223,31,127,203,28,150
223,31,135,202,28,161
223,31,143,201,29,173
223,31,151,199,30,185
223,31,159,197,31,197
223,31,167,195,33,207
223,31,175,192,35,217
223,31,183,188,38,225
223,31,191,185,41,232
223,31,199,181,45,237
223,31,207,177,49,241
223,31,215,174,51,245
223,31,223,171,52,248
223,31,231,168,52,250
223,31,239,166,53,252
223,31,247,164,53,254
223,31,255,162,54,254
223,39,0,193,20,26
223,39,7,194,22,31
223,39,15,196,23,37
223,39,23,197,25,45
223,39,31,199,27,53
223,39,39,200,28,59
223,39,47,201,30,66
223,39,55,202,30,73
223,39,63,203,31,80
223,39,71,203,32,87
223,39,79,204,32,95
223,39,87,204,32,103
223,39,95,204,32,111
223,39,103,204,33,119
223,39,111,204,33,128
223,39,119,204,33,137
223,39,127,203,34,148
223,39,135,203,34,159
223,39,143,202,34,170
223,39,151,200,35,182
223,39,159,198,36,194
223,39,167,196,38,205
223,39,175,193,40,215
223,39,183,189,43,223
223,39,191,186,46,230
223,39,199,182,49,236
223,39,207,178,53,241
223,39,215,175,55,244
223,39,223,172,58,248
223,39,231,169,58,250
223,39,239,167,58,252
223,39,247,165,58,254
223,39,255,164,58,254
223,47,0,194,26,26
223,47,7,195,28,32
223,47,15,196,29,37
223,47,23,198,31,45
223,47,31,200,34,53
223,47,39,201,35,60
223,47,47,202,36,66
223,47,55,203,37,73
223,47,63,203,38,79
223,47,71,204,38,87
223,47,79,204,38,94
223,47,87,205,39,102
223,47,95,205,39,110
223,47,103,205,39,118
223,47,111,205,39,126
223,47,119,205,39,136
223,47,127,204,40,146
223,47,135,203,40,156
223,47,143,203,41,166
223,47,151,201,42,178
223,47,159,199,43,190
223,47,167,197,44,202
223,47,175,194,46,212
223,47,183,191,48,222
223,47,191,187,51,229
223,47,199,184,54,235
223,47,207,180,57,240
223,47,215,177,59,244
223,47,223,174,62,248
223,47,231,171,63,250
223,47,239,168,64,252
223,47,247,166,64,254
223,47,255,165,63,254
223,55,0,195,33,27
223,55,7,196,35,32
223,55,15,197,36,38
223,55,23,199,38,45
223,55,31,201,41,53
223,55,39,202,42,60
223,55,47,203,43,66
223,55,55,203,44,73
223,55,63,204,45,79
223,55,71,204,46,86
223,55,79,205,46,94
223,55,87,205,46,101
223,55,95,205,46,109
223,55,103,205,46,117
223,55,111,205,46,125
223,55,119,205,46,134
223,55,127,205,46,144
223,55,135,204,46,153
223,55,143,203,47,164
223,55,151,202,48,175
223,55,159,201,49,187
223,55,167,199,50,198
223,55,175,196,52,209
223,55,183,193,54,219
223,55,191,189,56,227
223,55,199,185,59,234
223,55,207,182,62,239
223,55,215,178,64,244
223,55,223,175,66,247
223,55,231,173,67,251
223,55,239,170,68,252
223,55,247,168,69,254
223,55,255,167,69,254
223,63,0,196,41,27
223,63,7,197,43,33
223,63,15,198,44,38
223,63,23,200,46,45
223,63,31,202,48,53
223,63,39,203,50,60
223,63,47,203,51,66
223,63,55,204,52,73
223,63,63,205,53,79
223,63,71,205,54,86
223,63,79,206,54,93
223,63,87,206,54,101
223,63,95,206,54,108
223,63,103,206,54,116
223,63,111,206,54,124
223,63,119,206,53,132
223,63,127,205,53,141
223,63,135,205,53,151
223,63,143,204,54,161
223,63,151,203,54,172
223,63,159,202,55,184
223,63,167,200,56,195
223,63,175,198,57,207
223,63,183,194,60,217
223,63,191,191,62,225
223,63,199,187,64,233
223,63,207,183,67,238
223,63,215,180,69,243
223,63,223,177,70,247
223,63,231,175,71,250
223,63,239,173,72,252
223,63,247,171,72,254
223,63,255,169,72,255
223,71,0,197,49,28
223,71,7,198,50,33
223,71,15,200,52,39
223,71,23,201,53,45
223,71,31,202,55,53
223,71,39,203,57,61
223,71,47,204,59,67
223,71,55,205,60,73
223,71,63,205,61,79
223,71,71,206,62,86
223,71,79,206,62,93
223,71,87,206,62,100
223,71,95,207,62,108
223,71,103,207,62,115
223,71,111,207,62,123
223,71,119,206,62,131
223,71,127,206,61,140
223,71,135,206,61,149
223,71,143,205,61,158
223,71,151,204,61,169
223,71,159,203,61,180
223,71,167,202,62,192
223,71,175,200,63,204
223,71,183,196,65,214
223,71,191,193,67,223
223,71,199,189,69,231
223,71,207,185,71,237
223,71,215,182,73,243
223,71,223,179,75,247
223,71,231,176,76,250
223,71,239,174,76,253
223,71,247,173,76,254
223,71,255,171,76,255
223,79,0,198,57,28
223,79,7,200,58,34
223,79,15,201,60,39
223,79,23,202,61,46
223,79,31,203,63,53
223,79,39,204,65,61
223,79,47,205,67,67
223,79,55,206,68,74
223,79,63,206,69,80
223,79,71,206,70,86
223,79,79,207,70,93
223,79,87,207,71,100
223,79,95,207,71,108
223,79,103,207,70,115
223,79,111,207,70,122
223,79,119,207,69,130
223,79,127,207,69,138
223,79,135,206,69,147
223,79,143,206,69,156
223,79,151,205,69,166
223,79,159,204,69,177
223,79,167,203,69,188
223,79,175,201,70,200
223,79,183,198,71,211
223,79,191,195,73,221
223,79,199,191,75,229
223,79,207,188,77,236
223,79,215,184,78,242
223,79,223,181,79,247
223,79,231,178,80,250
223,79,239,176,81,253
223,79,247,174,80,254
223,79,255,173,80,255
223,87,0,200,65,29
223,87,7,201,67,34
223,87,15,202,68,41
223,87,23,203,70,46
223,87,31,204,71,54
223,87,39,205,74,62
223,87,47,206,75,68
223,87,55,206,76,74
223,87,63,207,78,80
223,87,71,207,79,87
223,87,79,208,79,93
223,87,87,208,80,100
223,87,95,208,79,107
223,87,103,208,79,114
223,87,111,208,79,122
223,87,119,208,78,129
223,87,127,207,78,137
223,87,135,207,77,145
223,87,143,206,77,154
223,87,151,206,77,163
223,87,159,205,77,174
223,87,167,204,77,185
223,87,175,203,77,197
223,87,183,200,78,208
223,87,191,197,80,218
223,87,199,194,81,227
223,87,207,190,82,235
223,87,215,186,84,241
223,87,223,183,85,246
223,87,231,180,85,250
223,87,239,178,85,252
223,87,247,176,85,254
223,87,255,174,84,255
223,95,0,201,74,30
223,95,7,202,76,35
223,95,15,203,77,41
223,95,23,204,78,48
223,95,31,205,80,54
223,95,39,206,82,62
223,95,47,207,83,69
223,95,55,207,85,75
223,95,63,207,86,81
223,95,71,208,87,87
223,95,79,208,87,94
223,95,87,208,88,101
223,95,95,208,88,107
223,95,103,208,88,114
223,95,111,208,87,121
223,95,119,208,87,128
223,95,127,208,87,136
223,95,135,207,86,144
223,95,143,207,86,152
223,95,151,207,85,161
223,95,159,206,85,171
223,95,167,205,85,182
223,95,175,204,85,193
223,95,183,202,86,205
223,95,191,199,86,216
223,95,199,196,87,225
223,95,207,192,88,233
223,95,215,188,90,240
223,95,223,185,90,245
223,95,231,182,91,249
223,95,239,180,91,252
223,95,247,178,90,254
223,95,255,176,89,255
223,103,0,203,84,30
223,103,7,203,85,35
223,103,15,204,86,41
223,103,23,205,88,49
223,103,31,206,89,55
223,103,39,207,91,63
223,103,47,207,92,70
223,103,55,208,93,76
223,103,63,208,95,82
223,103,71,209,95,88
223,103,79,209,96,94
223,103,87,209,97,101
223,103,95,209,97,107
223,103,103,209,97,114
223,103,111,209,96,121
223,103,119,209,96,128
223,103,127,208,95,135
223,103,135,208,95,143
223,103,143,208,94,150
223,103,151,207,94,159
223,103,159,207,94,169
223,103,167,206,94,179
223,103,175,205,94,190
223,103,183,203,94,202
223,103,191,201,94,213
223,103,199,198,94,223
223,103,207,195,95,231
223,103,215,191,96,238
223,103,223,187,96,244
223,103,231,184,96,249
223,103,239,181,96,252
223,103,247,179,96,254
223,103,255,177,96,255
223,111,0,204,93,31
223,111,7,205,94,36
223,111,15,205,95,42
223,111,23,206,97,50
223,111,31,207,98,56
223,111,39,208,99,63
223,111,47,208,101,71
223,111,55,209,102,77
223,111,63,209,103,82
223,111,71,209,104,88
223,111,79,210,105,95
223,111,87,210,105,101
223,111,95,210,105,108
223,111,103,210,105,114
223,111,111,209,105,121
223,111,119,209,105,128
223,111,127,209,104,135
223,111,135,208,104,142
223,111,143,208,103,149
223,111,151,208,103,158
223,111,159,207,102,167
223,111,167,207,102,176
223,111,175,206,102,187
223,111,183,205,102,199
223,111,191,203,102,210
223,111,199,200,102,220
223,111,207,197,102,230
223,111,215,193,102,237
223,111,223,189,102,243
223,111,231,186,102,248
223,111,239,183,102,252
223,111,247,181,102,253
223,111,255,179,102,255
223,119,0,205,103,32
223,119,7,206,104,37
223,119,15,206,105,42
223,119,23,207,106,50
223,119,31,208,107,58
223,119,39,209,109,64
223,119,47,209,110,71
223,119,55,210,111,78
223,119,63,210,112,83
223,119,71,210,113,89
223,119,79,211,113,95
223,119,87,211,114,102
223,119,95,211,114,108
223,119,103,210,114,115
223,119,111,210,114,121
223,119,119,210,113,128
223,119,127,209,113,134
223,119,135,209,112,141
223,119,143,208,112,149
223,119,151,208,111,157
223,119,159,208,111,165
223,119,167,207,111,175
223,119,175,207,110,185
223,119,183,206,110,196
223,119,191,204,110,207
223,119,199,202,109,218
223,119,207,199,109,227
223,119,215,195,109,235
223,119,223,192,109,242
223,119,231,188,109,247
223,119,239,185,108,251
223,119,247,182,107,254
223,119,255,180,107,254
223,127,0,207,113,34
223,127,7,207,114,38
223,127,15,208,114,43
223,127,23,208,115,50
223,127,31,209,117,58
223,127,39,210,118,65
223,127,47,210,119,72
223,127,55,211,120,79
223,127,63,211,120,84
223,127,71,211,121,90
223,127,79,211,122,96
223,127,87,211,122,102
223,127,95,211,122,109
223,127,103,211,122,115
223,127,111,211,122,121
223,127,119,210,122,128
223,127,127,210,121,135
223,127,135,209,121,141
223,127,143,209,120,148
223,127,151,209,120,156
223,127,159,208,119,164
223,127,167,208,119,173
223,127,175,207,118,183
223,127,183,207,118,193
223,127,191,206,118,204
223,127,199,204,117,215
223,127,207,201,117,224
223,127,215,197,116,233
223,127,223,194,115,240
223,127,231,190,115,246
223,127,239,187,114,250
223,127,247,185,113,253
223,127,255,182,113,254
223,135,0,208,123,35
223,135,7,208,124,39
223,135,15,209,124,43
223,135,23,209,125,50
223,135,31,210,126,58
223,135,39,210,127,67
223,135,47,211,128,72
223,135,55,211,128,79
223,135,63,212,129,85
223,135,71,212,130,91
223,135,79,212,130,97
223,135,87,212,130,103
223,135,95,212,130,109
223,135,103,212,130,116
223,135,111,211,130,122
223,135,119,211,130,128
223,135,127,210,130,135
223,135,135,210,129,141
223,135,143,209,129,148
223,135,151,209,128,155
223,135,159,209,128,163
223,135,167,208,127,171
223,135,175,208,127,181
223,135,183,208,126,191
223,135,191,207,126,201
223,135,199,205,125,212
223,135,207,203,124,222
223,135,215,200,123,231
223,135,223,196,122,239
223,135,231,192,121,245
223,135,239,189,120,250
223,135,247,186,119,253
223,135,255,184,118,255
223,143,0,209,132,38
223,143,7,209,133,41
223,143,15,210,133,45
223,143,23,210,134,51
223,143,31,211,134,58
223,143,39,211,135,67
223,143,47,212,136,74
223,143,55,212,137,80
223,143,63,213,137,86
223,143,71,213,138,92
223,143,79,213,138,98
223,143,87,213,138,104
223,143,95,213,139,110
223,143,103,213,138,116
223,143,111,212,138,122
223,143,119,212,138,129
223,143,127,211,138,135
223,143,135,211,137,141
223,143,143,210,137,148
223,143,151,210,136,154
223,143,159,209,136,162
223,143,167,209,135,170
223,143,175,209,135,179
223,143,183,208,134,189
223,143,191,208,134,199
223,143,199,207,133,209
223,143,207,205,132,219
223,143,215,202,131,229
223,143,223,198,129,236
223,143,231,195,128,243
223,143,239,191,126,249
223,143,247,188,125,252
223,143,255,184,124,254
223,151,0,210,141,39
223,151,7,210,142,43
223,151,15,211,142,47
223,151,23,211,142,52
223,151,31,211,143,59
223,151,39,212,144,67
223,151,47,213,145,75
223,151,55,213,145,80
223,151,63,213,146,86
223,151,71,214,146,93
223,151,79,214,146,98
223,151,87,214,146,105
223,151,95,214,147,111
223,151,103,214,147,117
223,151,111,213,146,123
223,151,119,213,146,129
223,151,127,212,146,135
223,151,135,211,146,141
223,151,143,211,145,148
223,151,151,210,145,154
223,151,159,210,144,161
223,151,167,210,144,169
223,151,175,209,143,177
223,151,183,209,142,186
223,151,191,209,142,196
223,151,199,208,141,207
223,151,207,207,140,217
223,151,215,204,138,226
223,151,223,200,137,234
223,151,231,197,135,241
223,151,239,193,133,247
223,151,247,190,131,252
223,151,255,186,130,254
223,159,0,211,149,40
223,159,7,211,150,44
223,159,15,211,150,49
223,159,23,212,151,55
223,159,31,212,151,60
223,159,39,213,152,67
223,159,47,213,152,75
223,159,55,214,153,81
223,159,63,214,154,87
223,159,71,215,154,93
223,159,79,215,154,99
223,159,87,215,155,105
223,159,95,215,155,112
223,159,103,215,155,118
223,159,111,214,155,124
223,159,119,214,155,130
223,159,127,213,154,136
223,159,135,213,154,142
223,159,143,212,154,148
223,159,151,211,153,154
223,159,159,211,152,161
223,159,167,211,152,168
223,159,175,210,151,176
223,159,183,210,151,184
223,159,191,210,150,194
223,159,199,209,149,204
223,159,207,208,148,214
223,159,215,206,146,223
223,159,223,203,144,232
223,159,231,199,142,239
223,159,239,196,140,246
223,159,247,192,138,251
223,159,255,188,136,254
223,167,0,211,157,41
223,167,7,211,157,45
223,167,15,212,158,50
223,167,23,212,158,57
223,167,31,213,159,63
223,167,39,213,160,68
223,167,47,214,160,75
223,167,55,214,161,83
223,167,63,215,162,88
223,167,71,215,162,94
223,167,79,215,163,100
223,167,87,216,163,106
223,167,95,216,163,112
223,167,103,215,163,118
223,167,111,215,163,125
223,167,119,215,163,130
223,167,127,214,163,136
223,167,135,214,162,142
223,167,143,213,162,148
223,167,151,213,161,154
223,167,159,212,161,161
223,167,167,212,160,167
223,167,175,211,160,175
223,167,183,211,159,183
223,167,191,211,158,192
223,167,199,211,157,202
223,167,207,210,156,211
223,167,215,208,155,221
223,167,223,205,152,230
223,167,231,202,150,238
223,167,239,198,147,244
223,167,247,195,145,249
223,167,255,191,143,253
223,175,0,211,165,42
223,175,7,212,165,46
223,175,15,212,165,50
223,175,23,212,166,57
223,175,31,213,167,65
223,175,39,214,167,71
223,175,47,214,168,76
223,175,55,215,169,83
223,175,63,215,170,89
223,175,71,216,170,95
223,175,79,216,171,101
223,175,87,216,171,107
223,175,95,216,171,113
223,175,103,216,171,119
223,175,111,216,171,125
223,175,119,216,171,131
223,175,127,216,171,137
223,175,135,215,171,143
223,175,143,215,171,149
223,175,151,214,170,155
223,175,159,213,170,161
223,175,167,213,169,167
223,175,175,213,168,174
223,175,183,212,168,182
223,175,191,212,167,190
223,175,199,212,166,199
223,175,207,211,165,209
223,175,215,209,163,219
223,175,223,207,160,228
223,175,231,204,158,236
223,175,239,201,155,243
223,175,247,198,153,249
223,175,255,194,150,252
223,183,0,211,172,43
223,183,7,212,172,47
223,183,15,212,173,51
223,183,23,212,173,57
223,183,31,213,174,64
223,183,39,214,175,73
223,183,47,214,176,78
223,183,55,215,177,84
223,183,63,216,178,90
223,183,71,216,178,96
223,183,79,217,179,102
223,183,87,217,180,108
223,183,95,217,180,114
223,183,103,218,180,120
223,183,111,217,180,126
223,183,119,217,180,132
223,183,127,217,180,138
223,183,135,217,180,144
223,183,143,216,179,149
223,183,151,216,179,155
223,183,159,215,178,161
223,183,167,215,178,167
223,183,175,214,177,174
223,183,183,214,176,181
223,183,191,213,176,189
223,183,199,213,175,197
223,183,207,213,173,207
223,183,215,212,172,216
223,183,223,209,169,225
223,183,231,206,166,234
223,183,239,203,163,241
223,183,247,200,160,248
223,183,255,196,157,253
223,191,0,211,180,45
223,191,7,211,180,48
223,191,15,212,180,52
223,191,23,212,181,57
223,191,31,213,182,64
223,191,39,214,183,72
223,191,47,215,184,80
223,191,55,215,185,85
223,191,63,216,186,91
223,191,71,217,187,97
223,191,79,217,188,102
223,191,87,218,188,108
223,191,95,218,189,115
223,191,103,218,189,121
223,191,111,218,189,127
223,191,119,218,189,133
223,191,127,218,189,139
223,191,135,218,189,145
223,191,143,218,188,150
223,191,151,217,188,156
223,191,159,217,187,162
223,191,167,216,187,168
223,191,175,216,186,174
223,191,183,215,186,181
223,191,191,215,185,188
223,191,199,215,184,196
223,191,207,214,182,205
223,191,215,213,181,214
223,191,223,211,178,223
223,191,231,209,175,232
223,191,239,206,172,240
223,191,247,202,169,247
223,191,255,199,165,252
223,199,0,211,187,48
223,199,7,211,187,50
223,199,15,211,188,53
223,199,23,212,188,58
223,199,31,213,189,64
223,199,39,213,190,71
223,199,47,214,192,79
223,199,55,215,193,86
223,199,63,216,194,91
223,199,71,217,195,97
223,199,79,217,196,103
223,199,87,218,197,109
223,199,95,219,198,115
223,199,103,219,198,121
223,199,111,219,198,128
223,199,119,219,198,134
223,199,127,219,198,140
223,199,135,219,198,145
223,199,143,219,198,151
223,199,151,219,197,157
223,199,159,218,197,163
223,199,167,218,196,168
223,199,175,217,196,174
223,199,183,217,195,181
223,199,191,216,194,187
223,199,199,216,193,195
223,199,207,216,192,203
223,199,215,215,191,213
223,199,223,213,188,222
223,199,231,211,185,231
223,199,239,208,182,239
223,199,247,205,178,246
223,199,255,202,174,252
223,207,0,210,194,48
223,207,7,210,195,52
223,207,15,211,196,56
223,207,23,211,196,60
223,207,31,212,197,65
223,207,39,213,198,71
223,207,47,214,199,78
223,207,55,215,201,86
223,207,63,216,202,92
223,207,71,217,203,98
223,207,79,217,205,104
223,207,87,218,206,110
223,207,95,219,206,116
223,207,103,220,207,122
223,207,111,220,207,128
223,207,119,220,208,135
223,207,127,220,207,140
223,207,135,221,207,146
223,207,143,220,207,152
223,207,151,220,207,158
223,207,159,220,206,164
223,207,167,219,206,169
223,207,175,219,206,175
223,207,183,218,205,181
223,207,191,218,204,188
223,207,199,218,203,195
223,207,207,217,203,203
223,207,215,217,201,211
223,207,223,216,199,220
223,207,231,214,196,229
223,207,239,211,193,238
223,207,247,208,189,245
223,207,255,205,185,252
223,215,0,209,202,47
223,215,7,209,203,51
223,215,15,210,203,56
223,215,23,210,204,63
223,215,31,211,205,68
223,215,39,212,206,73
223,215,47,213,207,79
223,215,55,214,209,86
223,215,63,215,210,93
223,215,71,216,211,98
223,215,79,217,213,104
223,215,87,218,214,110
223,215,95,219,215,116
223,215,103,220,216,123
223,215,111,220,216,129
223,215,119,221,217,135
223,215,127,221,217,141
223,215,135,221,217,147
223,215,143,222,216,153
223,215,151,221,216,159
223,215,159,221,216,164
223,215,167,221,216,170
223,215,175,220,215,176
223,215,183,220,215,182
223,215,191,220,214,188
223,215,199,219,214,195
223,215,207,219,213,203
223,215,215,219,213,211
223,215,223,218,211,220
223,215,231,216,208,228
223,215,239,214,205,237
223,215,247,211,200,245
223,215,255,208,197,251
223,223,0,207,210,47
223,223,7,207,211,50
223,223,15,208,211,54
223,223,23,208,212,60
223,223,31,209,213,68
223,223,39,210,214,75
223,223,47,211,215,80
223,223,55,213,217,85
223,223,63,214,218,92
223,223,71,215,219,98
223,223,79,216,221,104
223,223,87,217,222,110
223,223,95,218,223,116
223,223,103,219,224,123
223,223,111,220,225,129
223,223,119,221,225,136
223,223,127,222,225,142
223,223,135,222,225,148
223,223,143,222,225,154
223,223,151,222,225,159
223,223,159,222,225,165
223,223,167,222,225,171
223,223,175,222,225,177
223,223,183,221,225,183
223,223,191,221,224,189
223,223,199,221,224,196
223,223,207,221,224,203
223,223,215,221,224,211
223,223,223,220,223,219
223,223,231,219,221,227
223,223,239,216,217,236
223,223,247,214,214,244
223,223,255,212,210,252
223,231,0,204,218,47
223,231,7,205,219,50
223,231,15,205,219,54
223,231,23,206,220,59
223,231,31,207,221,65
223,231,39,209,222,74
223,231,47,210,223,81
223,231,55,211,224,86
223,231,63,213,225,91
223,231,71,214,227,97
223,231,79,215,228,104
223,231,87,217,229,110
223,231,95,218,231,117
223,231,103,219,232,123
223,231,111,220,232,129
223,231,119,221,233,136
223,231,127,222,233,142
223,231,135,222,234,148
223,231,143,223,234,154
223,231,151,223,234,160
223,231,159,223,234,166
223,231,167,223,234,172
223,231,175,223,234,177
223,231,183,222,234,183
223,231,191,222,234,189
223,231,199,222,234,196
223,231,207,222,234,203
223,231,215,222,234,210
223,231,223,222,234,218
223,231,231,221,232,226
223,231,239,219,230,235
223,231,247,217,226,244
223,231,255,215,223,251
223,239,0,202,226,49
223,239,7,202,226,51
223,239,15,203,227,54
223,239,23,204,227,58
223,239,31,205,228,64
223,239,39,206,229,71
223,239,47,208,230,79
223,239,55,209,232,86
223,239,63,211,233,91
223,239,71,212,234,97
223,239,79,214,236,103
223,239,87,215,237,109
223,239,95,217,238,116
223,239,103,218,239,123
223,239,111,219,240,129
223,239,119,220,240,136
223,239,127,221,241,142
223,239,135,222,241,149
223,239,143,223,242,155
223,239,151,223,242,161
223,239,159,224,242,166
223,239,167,224,243,172
223,239,175,223,243,178
223,239,183,223,243,184
223,239,191,223,243,190
223,239,199,223,243,196
223,239,207,223,243,203
223,239,215,223,243,210
223,239,223,223,243,217
223,239,231,222,243,225
223,239,239,221,241,234
223,239,247,219,238,243
223,239,255,218,236,251
223,247,0,199,233,51
223,247,7,200,234,53
223,247,15,200,234,56
223,247,23,201,235,59
223,247,31,202,235,64
223,247,39,203,236,69
223,247,47,205,237,76
223,247,55,207,239,84
223,247,63,208,240,90
223,247,71,210,241,96
223,247,79,212,242,102
223,247,87,214,243,108
223,247,95,215,244,115
223,247,103,217,245,122
223,247,111,219,246,129
223,247,119,220,247,136
223,247,127,221,247,142
223,247,135,222,248,149
223,247,143,223,248,155
223,247,151,223,249,161
223,247,159,224,249,167
223,247,167,224,250,172
223,247,175,224,250,178
223,247,183,224,250,184
223,247,191,224,250,190
223,247,199,223,250,196
223,247,207,223,250,202
223,247,215,223,251,209
223,247,223,223,251,216
223,247,231,223,251,224
223,247,239,222,250,233
223,247,247,221,247,242
223,247,255,219,246,250
223,255,0,196,240,51
223,255,7,197,241,54
223,255,15,197,241,57
223,255,23,198,242,60
223,255,31,199,242,63
223,255,39,201,243,68
223,255,47,202,244,73
223,255,55,204,245,79
223,255,63,206,246,86
223,255,71,208,247,92
223,255,79,210,248,97
223,255,87,212,249,103
223,255,95,214,250,110
223,255,103,216,251,119
223,255,111,218,252,128
223,255,119,219,252,135
223,255,127,221,253,142
223,255,135,222,253,149
223,255,143,223,254,155
223,255,151,224,254,161
223,255,159,224,254,166
223,255,167,224,254,172
223,255,175,224,254,178
223,255,183,224,254,184
223,255,191,224,255,190
223,255,199,224,255,196
223,255,207,224,255,202
223,255,215,224,255,208
223,255,223,224,255,215
223,255,231,224,255,223
223,255,239,223,254,231
223,255,247,223,254,240
223,255,255,221,252,250
231,0,0,196,7,26
231,0,7,198,8,32
231,0,15,199,9,38
231,0,23,201,10,45
231,0,31,203,12,53
231,0,39,204,12,60
231,0,47,205,13,67
231,0,55,205,13,73
231,0,63,206,13,80
231,0,71,206,14,89
231,0,79,207,14,97
231,0,87,207,14,105
231,0,95,208,14,114
231,0,103,208,14,123
231,0,111,208,15,133
231,0,119,208,15,144
231,0,127,207,16,155
231,0,135,207,16,166
231,0,143,206,17,178
231,0,151,204,18,190
231,0,159,202,20,202
231,0,167,200,22,212
231,0,175,197,24,221
231,0,183,194,26,228
231,0,191,191,28,234
231,0,199,188,31,238
231,0,207,185,33,242
231,0,215,182,36,245
231,0,223,179,38,248
231,0,231,177,40,250
231,0,239,175,42,252
231,0,247,173,43,253
231,0,255,170,45,254
231,7,0,197,8,26
231,7,7,198,9,32
231,7,15,200,10,38
231,7,23,201,12,45
231,7,31,203,13,53
231,7,39,204,14,60
231,7,47,205,15,67
231,7,55,206,15,73
231,7,63,206,15,80
231,7,71,207,15,88
231,7,79,207,16,96
231,7,87,208,16,105
231,7,95,208,16,113
231,7,103,208,16,122
231,7,111,208,17,132
231,7,119,208,17,143
231,7,127,207,18,154
231,7,135,207,18,165
231,7,143,206,19,177
231,7,151,205,20,189
231,7,159,203,22,200
231,7,167,201,24,211
231,7,175,198,26,220
231,7,183,195,28,228
231,7,191,191,31,233
231,7,199,188,33,238
231,7,207,185,36,242
231,7,215,182,38,245
231,7,223,180,40,248
231,7,231,177,42,250
231,7,239,175,43,252
231,7,247,173,45,253
231,7,255,171,47,254
231,15,0,197,10,26
231,15,7,199,11,32
231,15,15,200,12,38
231,15,23,202,13,45
231,15,31,203,15,53
231,15,39,204,16,60
231,15,47,205,17,66
231,15,55,206,17,73
231,15,63,207,17,80
231,15,71,207,18,88
231,15,79,208,18,96
231,15,87,208,19,104
231,15,95,208,19,113
231,15,103,208,19,122
231,15,111,208,19,131
231,15,119,208,20,142
231,15,127,208,20,153
231,15,135,207,21,164
231,15,143,206,21,176
231,15,151,205,22,188
231,15,159,203,24,199
231,15,167,201,26,210
231,15,175,198,29,219
231,15,183,195,31,227
231,15,191,192,33,233
231,15,199,189,36,238
231,15,207,186,38,242
231,15,215,183,41,245
231,15,223,180,43,248
231,15,231,178,44,250
231,15,239,176,46,252
231,15,247,174,47,254
231,15,255,172,49,254
231,23,0,198,12,26
231,23,7,199,13,32
231,23,15,200,15,38
231,23,23,202,16,45
231,23,31,204,18,53
231,23,39,205,19,60
231,23,47,206,20,66
231,23,55,207,21,73
231,23,63,207,21,80
231,23,71,208,22,88
231,23,79,208,22,96
231,23,87,209,22,104
231,23,95,209,22,112
231,23,103,209,22,121
231,23,111,209,23,130
231,23,119,209,23,141
231,23,127,208,24,151
231,23,135,208,24,162
231,23,143,207,24,174
231,23,151,206,26,186
231,23,159,204,27,197
231,23,167,202,29,208
231,23,175,199,32,218
231,23,183,196,35,226
231,23,191,193,38,232
231,23,199,190,40,237
231,23,207,187,42,241
231,23,215,184,44,245
231,23,223,181,46,248
231,23,231,178,48,250
231,23,239,176,49,252
231,23,247,174,50,254
231,23,255,173,51,254
231,31,0,198,15,26
231,31,7,200,17,32
231,31,15,201,19,38
231,31,23,203,20,45
231,31,31,205,22,53
231,31,39,206,24,60
231,31,47,207,25,66
231,31,55,207,25,73
231,31,63,208,26,79
231,31,71,208,26,87
231,31,79,209,27,95
231,31,87,209,27,103
231,31,95,209,27,111
231,31,103,209,27,120
231,31,111,209,27,129
231,31,119,209,28,139
231,31,127,209,28,149
231,31,135,208,28,160
231,31,143,207,29,172
231,31,151,206,30,183
231,31,159,205,31,195
231,31,167,203,33,206
231,31,175,200,36,216
231,31,183,197,39,225
231,31,191,194,42,231
231,31,199,191,45,237
231,31,207,187,47,241
231,31,215,184,49,245
231,31,223,182,51,248
231,31,231,179,52,250
231,31,239,177,53,252
231,31,247,175,54,254
231,31,255,174,55,254
231,39,0,199,20,26
231,39,7,201,22,32
231,39,15,202,24,38
231,39,23,204,25,45
231,39,31,205,28,53
231,39,39,207,29,60
231,39,47,208,30,66
231,39,55,208,31,72
231,39,63,209,32,79
231,39,71,209,32,86
231,39,79,210,33,94
231,39,87,210,33,102
231,39,95,210,33,110
231,39,103,210,33,118
231,39,111,210,33,127
231,39,119,210,33,137
231,39,127,210,33,147
231,39,135,209,34,158
231,39,143,208,34,169
231,39,151,207,35,181
231,39,159,206,36,192
231,39,167,204,38,204
231,39,175,201,40,214
231,39,183,198,43,223
231,39,191,195,46,230
231,39,199,192,50,236
231,39,207,188,53,240
231,39,215,185,55,244
231,39,223,183,56,248
231,39,231,180,58,250
231,39,239,178,58,252
231,39,247,177,58,254
231,39,255,175,59,254
231,47,0,200,26,27
231,47,7,202,28,33
231,47,15,203,29,38
231,47,23,204,31,45
231,47,31,206,33,53
231,47,39,207,35,60
231,47,47,208,36,66
231,47,55,209,37,72
231,47,63,209,38,79
231,47,71,210,39,86
231,47,79,210,39,94
231,47,87,211,39,101
231,47,95,211,40,109
231,47,103,211,40,117
231,47,111,211,40,125
231,47,119,211,40,135
231,47,127,210,40,145
231,47,135,210,40,155
231,47,143,209,40,166
231,47,151,208,41,177
231,47,159,207,42,189
231,47,167,205,43,201
231,47,175,203,45,212
231,47,183,200,48,221
231,47,191,197,51,229
231,47,199,193,54,235
231,47,207,190,57,240
231,47,215,187,60,244
231,47,223,184,63,247
231,47,231,182,63,250
231,47,239,180,63,252
231,47,247,178,63,253
231,47,255,177,63,254
231,55,0,201,32,27
231,55,7,203,34,33
231,55,15,204,36,39
231,55,23,205,38,45
231,55,31,207,40,53
231,55,39,208,42,60
231,55,47,209,43,66
231,55,55,210,44,72
231,55,63,210,45,79
231,55,71,211,46,86
231,55,79,211,46,93
231,55,87,211,46,101
231,55,95,212,46,108
231,55,103,212,46,116
231,55,111,212,46,124
231,55,119,212,46,133
231,55,127,211,46,142
231,55,135,211,47,152
231,55,143,210,47,163
231,55,151,209,48,174
231,55,159,208,48,186
231,55,167,206,49,198
231,55,175,204,51,209
231,55,183,201,53,219
231,55,191,198,56,227
231,55,199,195,59,234
231,55,207,191,62,239
231,55,215,188,64,244
231,55,223,186,66,247
231,55,231,183,68,250
231,55,239,181,69,252
231,55,247,179,69,253
231,55,255,178,68,254
231,63,0,202,40,28
231,63,7,204,41,33
231,63,15,205,43,39
231,63,23,206,45,45
231,63,31,208,47,53
231,63,39,209,49,60
231,63,47,210,51,66
231,63,55,210,52,73
231,63,63,211,53,79
231,63,71,211,53,86
231,63,79,212,54,93
231,63,87,212,54,100
231,63,95,212,54,108
231,63,103,212,54,115
231,63,111,212,54,123
231,63,119,212,53,132
231,63,127,212,53,141
231,63,135,212,53,150
231,63,143,211,54,160
231,63,151,210,54,171
231,63,159,209,55,183
231,63,167,208,56,194
231,63,175,206,57,206
231,63,183,203,59,216
231,63,191,200,61,225
231,63,199,197,64,232
231,63,207,193,66,238
231,63,215,190,68,243
231,63,223,188,70,247
231,63,231,185,71,250
231,63,239,183,72,252
231,63,247,181,73,254
231,63,255,179,73,255
231,71,0,203,48,28
231,71,7,205,49,33
231,71,15,206,51,40
231,71,23,207,53,46
231,71,31,208,55,53
231,71,39,210,57,61
231,71,47,210,58,67
231,71,55,211,60,73
231,71,63,211,61,79
231,71,71,212,62,86
231,71,79,212,62,93
231,71,87,213,62,100
231,71,95,213,62,107
231,71,103,213,62,115
231,71,111,213,62,122
231,71,119,213,61,130
231,71,127,213,61,139
231,71,135,212,61,148
231,71,143,212,61,158
231,71,151,211,61,168
231,71,159,210,61,180
231,71,167,209,62,191
231,71,175,207,63,203
231,71,183,205,65,214
231,71,191,202,67,223
231,71,199,198,69,231
231,71,207,195,71,237
231,71,215,192,73,242
231,71,223,189,75,247
231,71,231,187,76,250
231,71,239,185,76,252
231,71,247,183,77,254
231,71,255,182,77,254
231,79,0,205,55,28
231,79,7,206,57,34
231,79,15,207,59,40
231,79,23,208,60,46
231,79,31,209,62,53
231,79,39,210,64,61
231,79,47,211,66,67
231,79,55,212,67,73
231,79,63,212,69,80
231,79,71,213,70,86
231,79,79,213,70,93
231,79,87,213,70,100
231,79,95,213,70,107
231,79,103,213,70,114
231,79,111,213,70,122
231,79,119,213,70,129
231,79,127,213,69,137
231,79,135,213,69,146
231,79,143,213,69,155
231,79,151,212,68,165
231,79,159,212,69,176
231,79,167,211,69,188
231,79,175,209,70,200
231,79,183,207,71,211
231,79,191,204,72,221
231,79,199,201,74,229
231,79,207,197,76,236
231,79,215,194,78,242
231,79,223,191,79,246
231,79,231,188,80,250
231,79,239,186,81,252
231,79,247,185,81,254
231,79,255,183,80,254
231,87,0,206,64,29
231,87,7,207,65,34
231,87,15,208,67,40
231,87,23,209,69,47
231,87,31,210,70,54
231,87,39,211,72,61
231,87,47,212,74,68
231,87,55,212,76,74
231,87,63,213,77,80
231,87,71,213,78,86
231,87,79,214,78,93
231,87,87,214,79,100
231,87,95,214,79,107
231,87,103,214,79,114
231,87,111,214,78,121
231,87,119,214,78,129
231,87,127,214,77,136
231,87,135,213,77,145
231,87,143,213,77,153
231,87,151,213,76,163
231,87,159,212,77,173
231,87,167,211,77,184
231,87,175,210,77,196
231,87,183,208,78,208
231,87,191,206,79,218
231,87,199,203,80,227
231,87,207,199,82,235
231,87,215,196,83,241
231,87,223,193,84,245
231,87,231,190,85,249
231,87,239,188,85,252
231,87,247,186,86,254
231,87,255,184,85,255
231,95,0,207,73,30
231,95,7,208,74,34
231,95,15,209,75,40
231,95,23,210,77,48
231,95,31,211,79,55
231,95,39,212,81,62
231,95,47,213,83,69
231,95,55,213,84,75
231,95,63,214,85,81
231,95,71,214,86,87
231,95,79,214,87,93
231,95,87,215,88,100
231,95,95,215,88,107
231,95,103,215,88,114
231,95,111,215,87,121
231,95,119,215,87,128
231,95,127,214,86,136
231,95,135,214,86,143
231,95,143,214,85,152
231,95,151,213,85,161
231,95,159,213,85,171
231,95,167,212,85,181
231,95,175,212,85,193
231,95,183,210,85,204
231,95,191,208,86,215
231,95,199,205,87,225
231,95,207,201,88,233
231,95,215,198,89,240
231,95,223,195,90,245
231,95,231,192,91,249
231,95,239,189,91,252
231,95,247,187,91,254
231,95,255,186,90,255
231,103,0,209,82,30
231,103,7,209,83,35
231,103,15,210,84,41
231,103,23,211,86,48
231,103,31,212,88,56
231,103,39,213,89,62
231,103,47,214,91,70
231,103,55,214,92,76
231,103,63,215,94,82
231,103,71,215,95,88
231,103,79,215,95,94
231,103,87,215,96,100
231,103,95,215,96,107
231,103,103,215,96,114
231,103,111,215,96,121
231,103,119,215,95,128
231,103,127,215,95,135
231,103,135,215,94,142
231,103,143,214,94,150
231,103,151,214,94,159
231,103,159,214,93,168
231,103,167,213,93,178
231,103,175,212,93,190
231,103,183,211,93,201
231,103,191,210,94,212
231,103,199,207,94,222
231,103,207,204,95,232
231,103,215,200,96,238
231,103,223,196,96,244
231,103,231,193,97,248
231,103,239,191,97,252
231,103,247,189,96,253
231,103,255,187,96,255
231,111,0,210,92,31
231,111,7,211,92,36
231,111,15,211,94,41
231,111,23,212,95,48
231,111,31,213,97,57
231,111,39,214,98,63
231,111,47,214,100,70
231,111,55,215,101,77
231,111,63,215,102,82
231,111,71,216,103,88
231,111,79,216,104,94
231,111,87,216,104,101
231,111,95,216,105,108
231,111,103,216,105,114
231,111,111,216,105,121
231,111,119,216,104,128
231,111,127,215,104,135
231,111,135,215,103,142
231,111,143,215,103,149
231,111,151,214,102,157
231,111,159,214,102,166
231,111,167,214,102,176
231,111,175,213,102,187
231,111,183,213,102,198
231,111,191,211,102,209
231,111,199,209,102,220
231,111,207,206,102,229
231,111,215,202,102,237
231,111,223,198,102,243
231,111,231,195,102,248
231,111,239,192,102,251
231,111,247,190,102,253
231,111,255,187,102,254
231,119,0,211,101,33
231,119,7,212,102,37
231,119,15,212,103,42
231,119,23,213,104,49
231,119,31,214,106,57
231,119,39,215,107,64
231,119,47,215,108,71
231,119,55,216,110,78
231,119,63,216,111,83
231,119,71,217,112,89
231,119,79,217,112,95
231,119,87,217,113,102
231,119,95,217,113,108
231,119,103,217,113,115
231,119,111,217,113,121
231,119,119,216,113,128
231,119,127,216,112,135
231,119,135,216,112,142
231,119,143,215,111,149
231,119,151,215,111,157
231,119,159,215,110,165
231,119,167,214,110,174
231,119,175,214,110,184
231,119,183,213,110,195
231,119,191,212,109,206
231,119,199,211,109,217
231,119,207,207,109,227
231,119,215,204,109,236
231,119,223,200,109,242
231,119,231,197,109,247
231,119,239,194,108,251
231,119,247,192,108,254
231,119,255,189,107,254
231,127,0,213,111,34
231,127,7,213,112,38
231,127,15,214,113,43
231,127,23,214,114,49
231,127,31,215,115,57
231,127,39,216,116,66
231,127,47,216,117,72
231,127,55,217,118,78
231,127,63,217,119,84
231,127,71,217,120,90
231,127,79,218,121,96
231,127,87,218,121,102
231,127,95,218,121,109
231,127,103,218,121,115
231,127,111,217,121,122
231,127,119,217,121,128
231,127,127,216,121,135
231,127,135,216,120,142
231,127,143,216,120,148
231,127,151,215,119,156
231,127,159,215,119,164
231,127,167,215,119,173
231,127,175,214,118,182
231,127,183,214,118,193
231,127,191,214,117,204
231,127,199,212,117,214
231,127,207,210,116,225
231,127,215,206,116,233
231,127,223,202,115,240
231,127,231,199,115,246
231,127,239,196,114,250
231,127,247,193,113,253
231,127,255,191,113,255
231,135,0,214,121,36
231,135,7,214,122,39
231,135,15,215,122,44
231,135,23,215,123,49
231,135,31,216,124,57
231,135,39,217,125,66
231,135,47,217,126,73
231,135,55,218,127,79
231,135,63,218,128,85
231,135,71,218,128,91
231,135,79,219,129,97
231,135,87,219,129,103
231,135,95,219,130,109
231,135,103,218,130,116
231,135,111,218,130,122
231,135,119,218,129,128
231,135,127,217,129,135
231,135,135,217,129,142
231,135,143,216,128,148
231,135,151,216,128,155
231,135,159,216,127,163
231,135,167,215,127,171
231,135,175,215,126,180
231,135,183,215,126,191
231,135,191,214,125,201
231,135,199,214,125,212
231,135,207,211,124,222
231,135,215,208,123,231
231,135,223,204,122,238
231,135,231,201,121,244
231,135,239,197,120,249
231,135,247,194,119,252
231,135,255,191,118,254
231,143,0,215,130,38
231,143,7,216,131,42
231,143,15,216,131,46
231,143,23,216,132,51
231,143,31,217,133,58
231,143,39,217,134,66
231,143,47,218,135,74
231,143,55,218,135,80
231,143,63,219,136,86
231,143,71,219,137,92
231,143,79,219,137,98
231,143,87,219,137,104
231,143,95,219,138,110
231,143,103,219,138,116
231,143,111,219,138,123
231,143,119,218,138,129
231,143,127,218,137,135
231,143,135,217,137,142
231,143,143,217,137,148
231,143,151,217,136,155
231,143,159,216,136,162
231,143,167,216,135,170
231,143,175,216,135,179
231,143,183,216,134,188
231,143,191,215,133,198
231,143,199,215,133,209
231,143,207,213,132,219
231,143,215,210,131,229
231,143,223,206,129,236
231,143,231,203,128,243
231,143,239,199,127,248
231,143,247,196,125,252
231,143,255,192,124,254
231,151,0,216,139,39
231,151,7,216,140,43
231,151,15,217,140,48
231,151,23,217,141,54
231,151,31,218,141,59
231,151,39,218,142,66
231,151,47,219,143,74
231,151,55,219,144,81
231,151,63,220,144,87
231,151,71,220,145,93
231,151,79,220,145,99
231,151,87,220,145,105
231,151,95,220,146,111
231,151,103,220,146,117
231,151,111,220,146,123
231,151,119,219,146,130
231,151,127,219,146,136
231,151,135,218,145,142
231,151,143,218,145,148
231,151,151,217,144,155
231,151,159,217,144,162
231,151,167,217,143,169
231,151,175,216,143,177
231,151,183,216,142,186
231,151,191,216,142,196
231,151,199,216,141,206
231,151,207,215,140,217
231,151,215,212,138,226
231,151,223,209,137,235
231,151,231,205,135,241
231,151,239,201,133,247
231,151,247,197,132,252
231,151,255,194,130,254
231,159,0,217,148,40
231,159,7,217,148,44
231,159,15,217,148,49
231,159,23,218,149,56
231,159,31,218,150,61
231,159,39,219,150,67
231,159,47,219,151,74
231,159,55,220,152,82
231,159,63,220,152,87
231,159,71,221,153,93
231,159,79,221,153,100
231,159,87,221,153,106
231,159,95,221,154,112
231,159,103,221,154,118
231,159,111,221,154,124
231,159,119,220,154,130
231,159,127,220,154,136
231,159,135,219,153,142
231,159,143,219,153,148
231,159,151,218,153,155
231,159,159,218,152,161
231,159,167,217,152,169
231,159,175,217,151,176
231,159,183,217,151,185
231,159,191,217,150,194
231,159,199,217,149,204
231,159,207,216,148,214
231,159,215,214,146,224
231,159,223,211,144,232
231,159,231,207,142,240
231,159,239,203,140,246
231,159,247,199,138,251
231,159,255,196,136,255
231,167,0,217,155,41
231,167,7,218,156,45
231,167,15,218,156,49
231,167,23,218,157,56
231,167,31,219,157,64
231,167,39,219,158,69
231,167,47,220,159,75
231,167,55,221,160,82
231,167,63,221,160,89
231,167,71,221,161,94
231,167,79,222,161,100
231,167,87,222,162,106
231,167,95,222,162,113
231,167,103,222,162,119
231,167,111,222,162,125
231,167,119,221,162,131
231,167,127,221,162,137
231,167,135,220,162,143
231,167,143,220,162,149
231,167,151,219,161,155
231,167,159,219,161,161
231,167,167,218,160,168
231,167,175,218,159,175
231,167,183,218,159,183
231,167,191,218,158,192
231,167,199,218,157,202
231,167,207,217,156,212
231,167,215,215,154,221
231,167,223,212,152,230
231,167,231,209,150,238
231,167,239,206,148,244
231,167,247,202,145,250
231,167,255,198,143,253
231,175,0,218,163,42
231,175,7,218,163,46
231,175,15,218,163,50
231,175,23,219,164,56
231,175,31,219,165,64
231,175,39,220,166,72
231,175,47,221,166,77
231,175,55,221,167,83
231,175,63,222,168,90
231,175,71,222,169,95
231,175,79,223,169,101
231,175,87,223,170,107
231,175,95,223,170,113
231,175,103,223,170,120
231,175,111,223,170,126
231,175,119,223,170,132
231,175,127,222,170,138
231,175,135,222,170,144
231,175,143,221,170,149
231,175,151,221,169,155
231,175,159,220,169,162
231,175,167,220,169,168
231,175,175,219,168,175
231,175,183,219,167,182
231,175,191,219,166,190
231,175,199,219,166,199
231,175,207,218,164,209
231,175,215,217,163,219
231,175,223,215,161,228
231,175,231,211,158,236
231,175,239,208,155,243
231,175,247,204,153,249
231,175,255,201,150,252
231,183,0,218,170,45
231,183,7,218,170,48
231,183,15,219,171,51
231,183,23,219,171,57
231,183,31,220,172,64
231,183,39,221,173,72
231,183,47,221,174,79
231,183,55,222,175,84
231,183,63,222,176,90
231,183,71,223,177,96
231,183,79,223,177,102
231,183,87,224,178,108
231,183,95,224,178,114
231,183,103,224,179,121
231,183,111,224,179,127
231,183,119,224,179,133
231,183,127,224,179,138
231,183,135,223,179,144
231,183,143,223,178,150
231,183,151,222,178,156
231,183,159,222,178,162
231,183,167,221,177,168
231,183,175,221,177,175
231,183,183,220,176,181
231,183,191,220,175,189
231,183,199,220,174,198
231,183,207,220,173,207
231,183,215,219,171,217
231,183,223,216,169,226
231,183,231,214,166,234
231,183,239,210,163,242
231,183,247,207,160,248
231,183,255,203,157,253
231,191,0,218,178,47
231,191,7,219,178,50
231,191,15,219,178,53
231,191,23,219,179,58
231,191,31,220,180,64
231,191,39,221,181,72
231,191,47,221,182,80
231,191,55,222,183,86
231,191,63,223,184,91
231,191,71,223,185,97
231,191,79,224,186,103
231,191,87,224,187,109
231,191,95,225,187,115
231,191,103,225,187,121
231,191,111,225,188,128
231,191,119,225,188,133
231,191,127,225,188,139
231,191,135,225,188,145
231,191,143,224,187,151
231,191,151,224,187,157
231,191,159,223,186,163
231,191,167,223,186,169
231,191,175,222,185,175
231,191,183,222,185,181
231,191,191,222,184,188
231,191,199,221,183,196
231,191,207,221,182,205
231,191,215,220,180,215
231,191,223,219,178,224
231,191,231,216,175,233
231,191,239,213,172,240
231,191,247,209,169,247
231,191,255,205,165,252
231,199,0,218,185,49
231,199,7,219,186,53
231,199,15,219,186,56
231,199,23,219,187,60
231,199,31,220,188,65
231,199,39,221,189,72
231,199,47,221,190,79
231,199,55,222,191,88
231,199,63,223,192,92
231,199,71,224,193,98
231,199,79,224,194,104
231,199,87,225,195,110
231,199,95,225,196,116
231,199,103,226,196,122
231,199,111,226,197,128
231,199,119,226,197,134
231,199,127,226,197,140
231,199,135,226,197,146
231,199,143,226,196,152
231,199,151,225,196,158
231,199,159,225,196,163
231,199,167,225,195,169
231,199,175,224,195,175
231,199,183,223,194,181
231,199,191,223,193,188
231,199,199,223,192,196
231,199,207,223,191,204
231,199,215,222,190,213
231,199,223,220,188,223
231,199,231,218,185,231
231,199,239,215,182,239
231,199,247,212,178,247
231,199,255,208,174,253
231,207,0,218,192,49
231,207,7,218,193,52
231,207,15,219,193,57
231,207,23,219,194,63
231,207,31,220,195,68
231,207,39,220,196,73
231,207,47,221,197,80
231,207,55,222,199,87
231,207,63,223,200,94
231,207,71,224,201,99
231,207,79,224,203,105
231,207,87,225,204,110
231,207,95,226,205,117
231,207,103,226,205,123
231,207,111,227,206,129
231,207,119,227,206,135
231,207,127,227,206,141
231,207,135,227,206,147
231,207,143,227,206,153
231,207,151,227,205,159
231,207,159,227,205,164
231,207,167,226,205,170
231,207,175,226,204,176
231,207,183,225,204,182
231,207,191,225,203,188
231,207,199,224,202,196
231,207,207,224,202,204
231,207,215,224,201,212
231,207,223,223,199,221
231,207,231,221,196,230
231,207,239,218,192,238
231,207,247,214,188,246
231,207,255,211,185,251
231,215,0,217,200,47
231,215,7,217,200,51
231,215,15,218,201,56
231,215,23,218,202,62
231,215,31,219,203,71
231,215,39,220,204,76
231,215,47,221,205,81
231,215,55,222,207,87
231,215,63,223,208,94
231,215,71,224,209,99
231,215,79,224,211,105
231,215,87,225,212,111
231,215,95,226,213,117
231,215,103,227,214,123
231,215,111,227,214,130
231,215,119,228,215,136
231,215,127,228,215,142
231,215,135,228,215,148
231,215,143,229,215,154
231,215,151,228,215,160
231,215,159,228,214,165
231,215,167,228,214,171
231,215,175,227,214,177
231,215,183,227,214,183
231,215,191,226,213,189
231,215,199,226,213,196
231,215,207,226,212,204
231,215,215,226,212,212
231,215,223,225,210,220
231,215,231,223,208,229
231,215,239,221,204,237
231,215,247,218,200,245
231,215,255,215,196,251
231,223,0,215,208,48
231,223,7,216,208,51
231,223,15,216,209,55
231,223,23,217,210,61
231,223,31,218,211,69
231,223,39,219,212,78
231,223,47,220,213,82
231,223,55,221,214,88
231,223,63,222,216,93
231,223,71,223,217,99
231,223,79,224,218,105
231,223,87,225,220,111
231,223,95,226,221,118
231,223,103,227,222,124
231,223,111,227,223,130
231,223,119,228,223,137
231,223,127,229,223,143
231,223,135,229,224,149
231,223,143,229,224,155
231,223,151,229,224,161
231,223,159,229,223,166
231,223,167,229,223,172
231,223,175,229,223,178
231,223,183,228,223,184
231,223,191,228,223,190
231,223,199,228,223,197
231,223,207,228,223,204
231,223,215,228,222,212
231,223,223,227,222,220
231,223,231,226,220,228
231,223,239,224,216,237
231,223,247,221,213,245
231,223,255,219,210,252
231,231,0,214,216,49
231,231,7,214,216,52
231,231,15,215,217,55
231,231,23,215,217,60
231,231,31,216,218,66
231,231,39,217,219,74
231,231,47,218,221,84
231,231,55,219,222,88
231,231,63,221,223,93
231,231,71,222,225,99
231,231,79,223,226,105
231,231,87,224,227,111
231,231,95,225,229,118
231,231,103,226,230,124
231,231,111,227,231,131
231,231,119,228,231,137
231,231,127,229,231,143
231,231,135,230,232,150
231,231,143,230,232,156
231,231,151,230,232,161
231,231,159,230,232,167
231,231,167,230,232,173
231,231,175,230,232,179
231,231,183,230,232,185
231,231,191,229,232,191
231,231,199,229,232,198
231,231,207,230,233,205
231,231,215,230,233,212
231,231,223,230,233,220
231,231,231,229,231,228
231,231,239,227,229,236
231,231,247,224,225,245
231,231,255,222,222,251
231,239,0,211,223,51
231,239,7,212,224,54
231,239,15,212,224,57
231,239,23,213,225,61
231,239,31,214,226,66
231,239,39,215,227,72
231,239,47,216,228,80
231,239,55,218,229,88
231,239,63,219,231,93
231,239,71,221,232,99
231,239,79,222,233,105
231,239,87,223,235,111
231,239,95,225,236,118
231,239,103,226,237,124
231,239,111,227,238,131
231,239,119,228,239,137
231,239,127,229,239,144
231,239,135,230,240,150
231,239,143,230,240,156
231,239,151,231,240,162
231,239,159,231,241,168
231,239,167,231,241,174
231,239,175,231,241,180
231,239,183,231,241,186
231,239,191,231,242,192
231,239,199,230,242,198
231,239,207,231,242,205
231,239,215,231,242,212
231,239,223,231,242,219
231,239,231,231,242,227
231,239,239,229,240,235
231,239,247,227,237,244
231,239,255,225,235,252
231,247,0,209,231,54
231,247,7,209,231,57
231,247,15,210,231,59
231,247,23,211,232,62
231,247,31,211,233,67
231,247,39,213,234,72
231,247,47,214,235,78
231,247,55,216,236,86
231,247,63,217,238,93
231,247,71,219,239,98
231,247,79,220,240,104
231,247,87,222,242,110
231,247,95,223,243,117
231,247,103,225,244,124
231,247,111,226,245,131
231,247,119,228,245,137
231,247,127,229,246,144
231,247,135,230,246,150
231,247,143,231,247,157
231,247,151,231,247,163
231,247,159,232,248,169
231,247,167,232,249,174
231,247,175,232,249,180
231,247,183,232,249,186
231,247,191,231,249,192
231,247,199,231,249,198
231,247,207,232,250,205
231,247,215,232,250,211
231,247,223,231,250,218
231,247,231,231,250,226
231,247,239,230,249,234
231,247,247,228,247,244
231,247,255,227,244,251
231,255,0,206,238,52
231,255,7,206,238,55
231,255,15,207,239,58
231,255,23,208,239,63
231,255,31,209,240,66
231,255,39,210,241,71
231,255,47,211,242,76
231,255,55,213,243,82
231,255,63,215,244,88
231,255,71,217,246,94
231,255,79,219,247,100
231,255,87,220,248,105
231,255,95,222,249,111
231,255,103,224,250,120
231,255,111,226,251,129
231,255,119,227,252,138
231,255,127,229,252,144
231,255,135,230,253,151
231,255,143,230,253,157
231,255,151,231,253,163
231,255,159,232,253,169
231,255,167,232,254,174
231,255,175,232,254,180
231,255,183,232,255,186
231,255,191,232,255,193
231,255,199,232,255,199
231,255,207,232,254,205
231,255,215,232,254,211
231,255,223,232,254,218
231,255,231,232,254,225
231,255,239,232,254,233
231,255,247,231,254,242
231,255,255,229,252,250
239,0,0,203,7,26
239,0,7,205,8,32
239,0,15,206,9,39
239,0,23,207,10,45
239,0,31,209,12,53
239,0,39,210,13,60
239,0,47,211,13,66
239,0,55,211,14,73
239,0,63,212,14,79
239,0,71,212,15,87
239,0,79,213,15,96
239,0,87,213,15,104
239,0,95,214,16,112
239,0,103,214,16,121
239,0,111,214,16,131
239,0,119,214,17,142
239,0,127,214,17,153
239,0,135,213,18,164
239,0,143,212,19,176
239,0,151,211,20,188
239,0,159,210,21,200
239,0,167,208,22,211
239,0,175,206,23,220
239,0,183,204,25,228
239,0,191,202,28,234
239,0,199,199,31,239
239,0,207,196,34,242
239,0,215,194,37,246
239,0,223,191,39,248
239,0,231,189,42,250
239,0,239,187,44,252
239,0,247,186,45,253
239,0,255,185,45,254
239,7,0,204,9,26
239,7,7,205,10,32
239,7,15,206,11,39
239,7,23,208,12,45
239,7,31,209,13,53
239,7,39,210,15,60
239,7,47,211,15,66
239,7,55,212,16,73
239,7,63,212,16,79
239,7,71,213,16,87
239,7,79,213,17,96
239,7,87,214,17,104
239,7,95,214,18,112
239,7,103,214,18,121
239,7,111,214,18,130
239,7,119,214,18,141
239,7,127,214,19,152
239,7,135,213,20,163
239,7,143,213,20,175
239,7,151,212,21,187
239,7,159,211,22,199
239,7,167,209,24,210
239,7,175,207,25,220
239,7,183,205,27,228
239,7,191,202,30,234
239,7,199,200,33,239
239,7,207,197,36,242
239,7,215,194,39,246
239,7,223,192,41,248
239,7,231,189,44,250
239,7,239,188,46,252
239,7,247,186,47,253
239,7,255,185,47,254
239,15,0,204,10,27
239,15,7,205,11,32
239,15,15,207,13,39
239,15,23,208,14,45
239,15,31,210,16,53
239,15,39,211,17,60
239,15,47,212,18,66
239,15,55,212,18,73
239,15,63,213,18,79
239,15,71,213,19,87
239,15,79,214,19,95
239,15,87,214,20,103
239,15,95,214,20,112
239,15,103,214,20,120
239,15,111,214,20,130
239,15,119,214,21,140
239,15,127,214,21,151
239,15,135,214,22,162
239,15,143,213,23,174
239,15,151,212,24,186
239,15,159,211,25,197
239,15,167,209,26,209
239,15,175,207,28,219
239,15,183,205,30,227
239,15,191,202,33,233
239,15,199,200,35,238
239,15,207,197,38,242
239,15,215,195,41,246
239,15,223,192,44,248
239,15,231,190,46,250
239,15,239,188,48,252
239,15,247,187,49,253
239,15,255,185,50,254
239,23,0,205,13,27
239,23,7,206,14,32
239,23,15,207,15,39
239,23,23,209,17,45
239,23,31,210,19,52
239,23,39,212,20,60
239,23,47,212,21,66
239,23,55,213,22,72
239,23,63,213,22,79
239,23,71,214,22,86
239,23,79,214,23,95
239,23,87,215,23,103
239,23,95,215,23,111
239,23,103,215,23,120
239,23,111,215,24,129
239,23,119,215,24,139
239,23,127,214,24,150
239,23,135,214,25,161
239,23,143,214,26,172
239,23,151,213,27,184
239,23,159,212,28,195
239,23,167,210,30,207
239,23,175,208,32,217
239,23,183,206,34,226
239,23,191,203,36,232
239,23,199,201,39,238
239,23,207,198,42,242
239,23,215,195,45,245
239,23,223,193,47,248
239,23,231,191,49,250
239,23,239,189,50,252
239,23,247,188,52,253
239,23,255,186,53,254
239,31,0,205,16,27
239,31,7,207,17,32
239,31,15,208,19,39
239,31,23,209,21,45
239,31,31,211,23,52
239,31,39,212,24,60
239,31,47,213,25,66
239,31,55,214,26,72
239,31,63,214,27,79
239,31,71,214,27,86
239,31,79,215,27,94
239,31,87,215,28,102
239,31,95,215,28,110
239,31,103,215,28,119
239,31,111,215,28,128
239,31,119,215,28,137
239,31,127,215,28,148
239,31,135,215,29,159
239,31,143,214,29,170
239,31,151,214,30,182
239,31,159,213,32,193
239,31,167,211,34,205
239,31,175,209,36,215
239,31,183,207,38,224
239,31,191,204,41,231
239,31,199,201,44,237
239,31,207,198,46,241
239,31,215,196,49,245
239,31,223,194,51,248
239,31,231,192,53,250
239,31,239,190,54,252
239,31,247,189,55,253
239,31,255,187,56,254
239,39,0,206,20,27
239,39,7,207,22,33
239,39,15,209,24,39
239,39,23,210,26,45
239,39,31,212,28,52
239,39,39,213,30,60
239,39,47,214,31,66
239,39,55,214,32,72
239,39,63,215,32,79
239,39,71,215,33,86
239,39,79,216,33,93
239,39,87,216,33,101
239,39,95,216,33,109
239,39,103,216,33,117
239,39,111,216,33,126
239,39,119,216,33,136
239,39,127,216,34,146
239,39,135,216,34,157
239,39,143,215,34,168
239,39,151,215,35,179
239,39,159,214,36,191
239,39,167,212,38,202
239,39,175,211,40,213
239,39,183,208,44,222
239,39,191,205,47,230
239,39,199,202,49,236
239,39,207,200,52,241
239,39,215,197,54,245
239,39,223,195,55,248
239,39,231,193,57,250
239,39,239,192,58,252
239,39,247,190,59,253
239,39,255,188,60,254
239,47,0,207,26,27
239,47,7,208,27,33
239,47,15,210,29,39
239,47,23,211,31,45
239,47,31,213,34,52
239,47,39,214,36,60
239,47,47,215,37,66
239,47,55,215,38,72
239,47,63,216,39,78
239,47,71,216,39,85
239,47,79,217,40,93
239,47,87,217,40,100
239,47,95,217,40,108
239,47,103,217,40,116
239,47,111,217,40,125
239,47,119,217,39,134
239,47,127,217,40,144
239,47,135,217,40,154
239,47,143,216,40,165
239,47,151,216,41,176
239,47,159,215,42,188
239,47,167,213,43,200
239,47,175,212,45,211
239,47,183,209,48,220
239,47,191,207,51,229
239,47,199,204,54,235
239,47,207,201,58,240
239,47,215,198,59,244
239,47,223,196,61,247
239,47,231,194,62,250
239,47,239,193,63,252
239,47,247,191,64,253
239,47,255,190,64,254
239,55,0,208,32,28
239,55,7,209,33,33
239,55,15,211,35,39
239,55,23,212,38,46
239,55,31,213,40,52
239,55,39,215,42,60
239,55,47,216,43,66
239,55,55,216,45,72
239,55,63,217,45,78
239,55,71,217,46,85
239,55,79,217,47,92
239,55,87,218,47,100
239,55,95,218,47,107
239,55,103,218,47,115
239,55,111,218,47,123
239,55,119,218,46,132
239,55,127,218,46,141
239,55,135,218,47,152
239,55,143,217,47,162
239,55,151,217,47,173
239,55,159,216,48,185
239,55,167,215,49,197
239,55,175,213,51,208
239,55,183,211,53,218
239,55,191,208,55,227
239,55,199,205,58,234
239,55,207,203,62,239
239,55,215,200,64,244
239,55,223,197,67,247
239,55,231,195,67,250
239,55,239,194,68,252
239,55,247,192,69,253
239,55,255,191,69,254
239,63,0,209,39,28
239,63,7,210,40,33
239,63,15,212,42,39
239,63,23,213,44,46
239,63,31,214,46,53
239,63,39,215,49,60
239,63,47,216,50,66
239,63,55,217,52,72
239,63,63,217,53,79
239,63,71,218,53,85
239,63,79,218,54,92
239,63,87,218,54,100
239,63,95,219,54,107
239,63,103,219,54,115
239,63,111,219,54,123
239,63,119,219,54,131
239,63,127,219,53,140
239,63,135,218,54,149
239,63,143,218,54,159
239,63,151,218,54,170
239,63,159,217,54,182
239,63,167,216,55,193
239,63,175,214,56,205
239,63,183,213,58,216
239,63,191,210,60,225
239,63,199,207,63,232
239,63,207,204,66,238
239,63,215,201,68,243
239,63,223,199,70,247
239,63,231,197,72,250
239,63,239,195,73,252
239,63,247,193,73,253
239,63,255,192,73,254
239,71,0,210,46,28
239,71,7,211,48,33
239,71,15,212,50,39
239,71,23,214,52,47
239,71,31,215,54,53
239,71,39,216,56,60
239,71,47,217,58,67
239,71,55,217,59,73
239,71,63,218,60,79
239,71,71,218,61,85
239,71,79,219,62,92
239,71,87,219,62,100
239,71,95,219,62,107
239,71,103,219,62,114
239,71,111,219,61,122
239,71,119,219,61,130
239,71,127,219,61,138
239,71,135,219,60,147
239,71,143,219,60,157
239,71,151,219,61,167
239,71,159,218,61,178
239,71,167,217,62,190
239,71,175,216,63,202
239,71,183,214,64,214
239,71,191,211,66,223
239,71,199,209,68,231
239,71,207,206,71,237
239,71,215,203,73,242
239,71,223,201,74,246
239,71,231,199,76,250
239,71,239,197,77,252
239,71,247,195,77,253
239,71,255,193,77,254
239,79,0,211,54,29
239,79,7,212,56,34
239,79,15,213,57,39
239,79,23,215,60,47
239,79,31,216,62,53
239,79,39,217,64,60
239,79,47,218,66,68
239,79,55,218,67,73
239,79,63,219,68,79
239,79,71,219,69,86
239,79,79,219,70,92
239,79,87,219,70,100
239,79,95,220,70,107
239,79,103,220,70,114
239,79,111,220,70,121
239,79,119,220,69,129
239,79,127,220,69,137
239,79,135,220,68,146
239,79,143,220,68,155
239,79,151,219,68,165
239,79,159,219,68,176
239,79,167,218,68,187
239,79,175,217,69,199
239,79,183,216,70,211
239,79,191,213,72,221
239,79,199,211,74,229
239,79,207,207,76,236
239,79,215,204,78,242
239,79,223,202,79,246
239,79,231,200,80,250
239,79,239,198,81,252
239,79,247,197,81,254
239,79,255,195,81,254
239,87,0,212,63,29
239,87,7,213,64,34
239,87,15,214,65,39
239,87,23,216,67,47
239,87,31,217,69,54
239,87,39,218,71,61
239,87,47,219,74,68
239,87,55,219,75,74
239,87,63,219,76,80
239,87,71,220,77,86
239,87,79,220,78,93
239,87,87,220,78,100
239,87,95,220,79,107
239,87,103,220,79,114
239,87,111,220,78,121
239,87,119,220,78,128
239,87,127,220,77,136
239,87,135,220,77,144
239,87,143,220,76,153
239,87,151,220,76,162
239,87,159,220,76,173
239,87,167,219,76,184
239,87,175,219,76,195
239,87,183,217,77,207
239,87,191,215,78,218
239,87,199,213,80,227
239,87,207,210,81,235
239,87,215,206,83,241
239,87,223,203,84,245
239,87,231,200,85,249
239,87,239,198,86,252
239,87,247,197,86,254
239,87,255,196,85,255
239,95,0,214,71,30
239,95,7,214,73,34
239,95,15,215,74,40
239,95,23,216,76,47
239,95,31,218,78,55
239,95,39,218,80,62
239,95,47,219,82,69
239,95,55,220,83,75
239,95,63,220,85,81
239,95,71,220,86,87
239,95,79,221,86,93
239,95,87,221,87,100
239,95,95,221,87,107
239,95,103,221,87,114
239,95,111,221,87,121
239,95,119,221,86,128
239,95,127,221,86,135
239,95,135,221,85,143
239,95,143,221,85,151
239,95,151,220,84,160
239,95,159,220,84,170
239,95,167,220,84,180
239,95,175,219,85,192
239,95,183,218,85,204
239,95,191,217,85,215
239,95,199,214,86,225
239,95,207,212,88,234
239,95,215,208,89,240
239,95,223,205,90,245
239,95,231,202,90,249
239,95,239,200,91,252
239,95,247,198,91,253
239,95,255,196,90,255
239,103,0,215,80,31
239,103,7,215,81,35
239,103,15,216,83,40
239,103,23,217,84,47
239,103,31,218,86,56
239,103,39,219,88,62
239,103,47,220,90,69
239,103,55,221,92,76
239,103,63,221,93,81
239,103,71,221,94,87
239,103,79,221,95,93
239,103,87,222,95,100
239,103,95,222,96,107
239,103,103,222,96,114
239,103,111,222,96,121
239,103,119,221,95,128
239,103,127,221,95,135
239,103,135,221,94,142
239,103,143,221,93,150
239,103,151,221,93,159
239,103,159,221,93,168
239,103,167,220,93,178
239,103,175,220,93,189
239,103,183,220,93,201
239,103,191,218,93,212
239,103,199,216,94,223
239,103,207,213,95,231
239,103,215,210,95,238
239,103,223,206,96,244
239,103,231,204,96,248
239,103,239,201,97,251
239,103,247,199,96,253
239,103,255,197,96,255
239,111,0,216,90,32
239,111,7,217,91,36
239,111,15,217,92,41
239,111,23,218,93,47
239,111,31,219,95,56
239,111,39,220,97,63
239,111,47,221,98,70
239,111,55,221,100,77
239,111,63,222,101,82
239,111,71,222,102,88
239,111,79,222,103,94
239,111,87,222,104,101
239,111,95,222,104,107
239,111,103,222,104,114
239,111,111,222,104,121
239,111,119,222,104,128
239,111,127,222,103,135
239,111,135,222,103,142
239,111,143,221,102,149
239,111,151,221,102,157
239,111,159,221,102,166
239,111,167,221,101,175
239,111,175,221,101,186
239,111,183,220,101,197
239,111,191,219,101,209
239,111,199,218,101,220
239,111,207,215,101,229
239,111,215,212,102,238
239,111,223,208,102,243
239,111,231,205,103,248
239,111,239,202,103,251
239,111,247,200,102,253
239,111,255,198,102,254
239,119,0,217,100,34
239,119,7,218,100,37
239,119,15,218,101,42
239,119,23,219,102,48
239,119,31,220,104,56
239,119,39,221,106,65
239,119,47,222,107,71
239,119,55,222,108,77
239,119,63,223,110,83
239,119,71,223,111,89
239,119,79,223,111,95
239,119,87,223,112,101
239,119,95,223,112,108
239,119,103,223,113,115
239,119,111,223,113,121
239,119,119,223,112,128
239,119,127,222,112,135
239,119,135,222,111,142
239,119,143,222,111,149
239,119,151,222,110,157
239,119,159,222,110,165
239,119,167,221,110,174
239,119,175,221,110,184
239,119,183,221,109,195
239,119,191,220,109,206
239,119,199,219,109,217
239,119,207,217,109,227
239,119,215,213,109,235
239,119,223,210,109,242
239,119,231,207,109,247
239,119,239,204,108,250
239,119,247,202,108,253
239,119,255,199,108,254
239,127,0,219,109,35
239,127,7,219,110,39
239,127,15,220,111,43
239,127,23,220,112,49
239,127,31,221,113,56
239,127,39,222,114,65
239,127,47,223,116,72
239,127,55,223,117,78
239,127,63,224,118,84
239,127,71,224,119,90
239,127,79,224,120,96
239,127,87,224,120,102
239,127,95,224,121,108
239,127,103,224,121,115
239,127,111,224,121,122
239,127,119,223,121,128
239,127,127,223,120,135
239,127,135,223,120,142
239,127,143,222,120,149
239,127,151,222,119,156
239,127,159,222,119,164
239,127,167,222,118,172
239,127,175,222,118,182
239,127,183,222,117,192
239,127,191,221,117,203
239,127,199,220,117,214
239,127,207,218,116,225
239,127,215,215,116,233
239,127,223,211,116,241
239,127,231,208,115,246
239,127,239,205,114,250
239,127,247,202,114,253
239,127,255,200,113,255
239,135,0,220,119,36
239,135,7,220,120,41
239,135,15,221,120,45
239,135,23,221,121,50
239,135,31,222,122,57
239,135,39,223,123,65
239,135,47,223,124,73
239,135,55,224,125,79
239,135,63,224,126,85
239,135,71,225,127,91
239,135,79,225,128,97
239,135,87,225,128,103
239,135,95,225,129,109
239,135,103,225,129,116
239,135,111,224,129,122
239,135,119,224,129,128
239,135,127,224,129,135
239,135,135,223,128,142
239,135,143,223,128,148
239,135,151,223,128,156
239,135,159,223,127,163
239,135,167,222,127,171
239,135,175,222,126,180
239,135,183,222,126,190
239,135,191,222,125,201
239,135,199,222,125,212
239,135,207,220,124,222
239,135,215,217,123,232
239,135,223,213,122,239
239,135,231,210,121,245
239,135,239,206,120,249
239,135,247,203,120,252
239,135,255,199,119,254
239,143,0,221,129,37
239,143,7,221,129,42
239,143,15,222,130,47
239,143,23,222,130,53
239,143,31,223,131,58
239,143,39,224,132,65
239,143,47,224,133,74
239,143,55,225,134,80
239,143,63,225,135,86
239,143,71,226,135,92
239,143,79,226,136,98
239,143,87,226,136,104
239,143,95,226,137,110
239,143,103,226,137,116
239,143,111,225,137,123
239,143,119,225,137,129
239,143,127,224,137,135
239,143,135,224,137,142
239,143,143,224,137,149
239,143,151,223,136,155
239,143,159,223,136,162
239,143,167,223,135,170
239,143,175,223,134,179
239,143,183,223,134,188
239,143,191,223,133,198
239,143,199,222,133,209
239,143,207,221,132,220
239,143,215,218,131,229
239,143,223,215,130,237
239,143,231,211,128,244
239,143,239,208,127,248
239,143,247,204,126,252
239,143,255,200,125,254
239,151,0,222,137,38
239,151,7,222,138,42
239,151,15,223,138,47
239,151,23,223,139,54
239,151,31,224,140,60
239,151,39,224,140,66
239,151,47,225,141,74
239,151,55,226,142,81
239,151,63,226,143,87
239,151,71,226,143,93
239,151,79,226,144,99
239,151,87,227,144,105
239,151,95,227,145,111
239,151,103,226,145,117
239,151,111,226,145,124
239,151,119,226,145,130
239,151,127,225,145,136
239,151,135,225,145,142
239,151,143,225,145,149
239,151,151,224,144,155
239,151,159,224,144,162
239,151,167,224,143,170
239,151,175,223,143,178
239,151,183,224,142,186
239,151,191,223,141,196
239,151,199,223,141,206
239,151,207,222,140,217
239,151,215,220,138,227
239,151,223,217,137,236
239,151,231,213,135,242
239,151,239,209,134,248
239,151,247,205,132,252
239,151,255,201,131,255
239,159,0,223,146,40
239,159,7,223,146,44
239,159,15,223,147,48
239,159,23,224,147,55
239,159,31,225,148,63
239,159,39,225,149,68
239,159,47,226,149,74
239,159,55,226,150,82
239,159,63,227,151,88
239,159,71,227,151,94
239,159,79,227,152,100
239,159,87,227,152,106
239,159,95,227,153,112
239,159,103,227,153,118
239,159,111,227,153,124
239,159,119,227,153,130
239,159,127,226,153,137
239,159,135,226,153,143
239,159,143,226,153,149
239,159,151,225,153,155
239,159,159,225,152,162
239,159,167,224,152,169
239,159,175,224,151,177
239,159,183,224,150,185
239,159,191,224,150,194
239,159,199,224,149,204
239,159,207,223,148,215
239,159,215,222,146,225
239,159,223,218,145,233
239,159,231,215,143,240
239,159,239,211,141,246
239,159,247,207,139,251
239,159,255,203,137,254
239,167,0,223,154,41
239,167,7,224,154,45
239,167,15,224,154,49
239,167,23,225,155,55
239,167,31,225,156,63
239,167,39,226,156,70
239,167,47,226,157,76
239,167,55,227,158,82
239,167,63,227,159,89
239,167,71,228,159,95
239,167,79,228,160,101
239,167,87,228,160,107
239,167,95,228,161,113
239,167,103,228,161,119
239,167,111,228,161,125
239,167,119,228,161,131
239,167,127,227,161,137
239,167,135,227,161,143
239,167,143,227,161,149
239,167,151,226,161,156
239,167,159,226,160,162
239,167,167,225,160,169
239,167,175,225,159,176
239,167,183,225,159,184
239,167,191,225,158,192
239,167,199,225,157,202
239,167,207,225,156,212
239,167,215,223,154,222
239,167,223,221,152,231
239,167,231,217,150,239
239,167,239,213,148,245
239,167,247,210,146,250
239,167,255,206,143,253
239,175,0,224,161,43
239,175,7,224,161,46
239,175,15,225,162,50
239,175,23,225,162,56
239,175,31,226,163,63
239,175,39,226,164,72
239,175,47,227,165,78
239,175,55,227,166,83
239,175,63,228,167,90
239,175,71,229,167,96
239,175,79,229,168,101
239,175,87,229,169,108
239,175,95,229,169,114
239,175,103,229,169,120
239,175,111,229,169,126
239,175,119,229,170,132
239,175,127,229,170,138
239,175,135,228,170,144
239,175,143,228,169,150
239,175,151,227,169,156
239,175,159,227,169,162
239,175,167,226,168,169
239,175,175,226,168,175
239,175,183,226,167,183
239,175,191,226,166,191
239,175,199,226,165,200
239,175,207,226,164,210
239,175,215,225,163,220
239,175,223,222,161,229
239,175,231,219,158,237
239,175,239,215,155,244
239,175,247,212,153,249
239,175,255,208,150,253
239,183,0,225,168,46
239,183,7,225,169,49
239,183,15,225,169,52
239,183,23,226,170,57
239,183,31,226,170,64
239,183,39,227,171,72
239,183,47,228,172,80
239,183,55,228,173,85
239,183,63,229,174,91
239,183,71,229,175,97
239,183,79,230,176,102
239,183,87,230,177,108
239,183,95,230,177,115
239,183,103,230,177,121
239,183,111,230,178,127
239,183,119,230,178,133
239,183,127,230,178,139
239,183,135,230,178,145
239,183,143,229,178,151
239,183,151,229,177,157
239,183,159,228,177,163
239,183,167,228,177,169
239,183,175,227,176,175
239,183,183,227,175,182
239,183,191,227,175,190
239,183,199,227,174,198
239,183,207,227,173,208
239,183,215,226,171,218
239,183,223,224,169,227
239,183,231,221,166,236
239,183,239,217,163,243
239,183,247,214,160,249
239,183,255,210,157,253
239,191,0,225,176,49
239,191,7,225,176,52
239,191,15,226,177,55
239,191,23,226,177,60
239,191,31,227,178,65
239,191,39,227,179,72
239,191,47,228,180,80
239,191,55,229,181,87
239,191,63,229,182,92
239,191,71,230,183,98
239,191,79,230,184,103
239,191,87,231,185,109
239,191,95,231,186,116
239,191,103,231,186,122
239,191,111,231,186,128
239,191,119,231,187,134
239,191,127,231,187,140
239,191,135,231,186,146
239,191,143,231,186,152
239,191,151,230,186,157
239,191,159,230,186,163
239,191,167,229,185,169
239,191,175,229,185,175
239,191,183,228,184,182
239,191,191,228,183,189
239,191,199,228,182,197
239,191,207,228,181,206
239,191,215,227,180,216
239,191,223,226,178,225
239,191,231,223,175,234
239,191,239,220,172,241
239,191,247,216,169,248
239,191,255,212,165,252
239,199,0,225,183,49
239,199,7,226,184,53
239,199,15,226,184,58
239,199,23,226,185,63
239,199,31,227,186,67
239,199,39,228,187,73
239,199,47,228,188,80
239,199,55,229,189,88
239,199,63,230,190,93
239,199,71,230,191,99
239,199,79,231,193,104
239,199,87,231,193,110
239,199,95,232,194,116
239,199,103,232,195,123
239,199,111,233,195,129
239,199,119,233,195,135
239,199,127,233,195,141
239,199,135,233,195,147
239,199,143,232,195,152
239,199,151,232,195,158
239,199,159,232,195,164
239,199,167,231,194,170
239,199,175,231,194,176
239,199,183,230,193,182
239,199,191,230,192,189
239,199,199,229,192,196
239,199,207,229,191,205
239,199,215,229,189,214
239,199,223,228,187,223
239,199,231,226,185,232
239,199,239,222,182,240
239,199,247,219,178,247
239,199,255,215,174,252
239,207,0,225,191,49
239,207,7,226,191,53
239,207,15,226,192,57
239,207,23,227,193,64
239,207,31,227,194,71
239,207,39,228,195,76
239,207,47,228,196,81
239,207,55,229,197,88
239,207,63,230,199,95
239,207,71,231,200,100
239,207,79,231,201,105
239,207,87,232,202,111
239,207,95,233,203,117
239,207,103,233,204,123
239,207,111,234,204,130
239,207,119,234,204,136
239,207,127,234,204,142
239,207,135,234,204,148
239,207,143,234,204,154
239,207,151,234,204,159
239,207,159,233,204,165
239,207,167,233,203,171
239,207,175,232,203,177
239,207,183,232,203,183
239,207,191,231,202,189
239,207,199,231,201,196
239,207,207,231,201,204
239,207,215,231,200,213
239,207,223,230,198,222
239,207,231,228,196,231
239,207,239,225,192,239
239,207,247,221,188,247
239,207,255,218,184,252
239,215,0,225,198,48
239,215,7,225,199,52
239,215,15,226,199,56
239,215,23,226,200,63
239,215,31,227,201,71
239,215,39,228,202,78
239,215,47,228,203,83
239,215,55,229,205,88
239,215,63,230,206,94
239,215,71,231,208,100
239,215,79,232,209,106
239,215,87,232,210,112
239,215,95,233,211,118
239,215,103,234,212,124
239,215,111,234,213,131
239,215,119,235,213,137
239,215,127,235,213,143
239,215,135,235,213,149
239,215,143,235,213,155
239,215,151,235,213,160
239,215,159,235,213,166
239,215,167,235,213,172
239,215,175,234,213,178
239,215,183,234,212,184
239,215,191,233,212,190
239,215,199,233,211,197
239,215,207,233,211,204
239,215,215,233,211,213
239,215,223,232,209,221
239,215,231,230,207,230
239,215,239,228,204,239
239,215,247,225,200,246
239,215,255,222,196,252
239,223,0,224,206,50
239,223,7,224,206,53
239,223,15,225,207,57
239,223,23,225,208,62
239,223,31,226,209,69
239,223,39,227,210,78
239,223,47,228,211,85
239,223,55,229,212,90
239,223,63,230,214,95
239,223,71,231,215,101
239,223,79,232,217,106
239,223,87,232,218,112
239,223,95,233,220,119
239,223,103,234,220,125
239,223,111,235,221,131
239,223,119,236,221,137
239,223,127,236,222,144
239,223,135,236,222,150
239,223,143,237,222,156
239,223,151,237,222,161
239,223,159,236,222,167
239,223,167,236,222,173
239,223,175,236,222,179
239,223,183,235,222,185
239,223,191,235,221,191
239,223,199,235,221,198
239,223,207,235,221,205
239,223,215,235,221,213
239,223,223,235,220,221
239,223,231,233,219,229
239,223,239,231,216,238
239,223,247,227,212,246
239,223,255,226,209,252
239,231,0,223,213,52
239,231,7,223,214,54
239,231,15,223,214,58
239,231,23,224,215,62
239,231,31,225,216,68
239,231,39,226,217,76
239,231,47,227,219,84
239,231,55,228,220,91
239,231,63,229,221,96
239,231,71,230,223,101
239,231,79,231,224,107
239,231,87,232,226,113
239,231,95,233,227,119
239,231,103,234,228,125
239,231,111,235,229,132
239,231,119,236,230,138
239,231,127,236,230,144
239,231,135,237,230,150
239,231,143,237,230,156
239,231,151,238,230,162
239,231,159,238,231,168
239,231,167,238,231,174
239,231,175,237,231,180
239,231,183,237,231,186
239,231,191,237,231,192
239,231,199,237,231,199
239,231,207,237,231,206
239,231,215,237,231,213
239,231,223,237,231,220
239,231,231,236,230,229
239,231,239,234,227,237
239,231,247,231,224,246
239,231,255,229,222,252
239,239,0,221,221,55
239,239,7,221,222,57
239,239,15,222,222,60
239,239,23,222,223,64
239,239,31,223,224,69
239,239,39,224,225,75
239,239,47,225,226,82
239,239,55,227,228,90
239,239,63,228,229,96
239,239,71,229,230,101
239,239,79,230,232,107
239,239,87,232,233,113
239,239,95,233,234,119
239,239,103,234,235,126
239,239,111,235,236,132
239,239,119,236,237,139
239,239,127,237,238,145
239,239,135,238,238,151
239,239,143,238,238,158
239,239,151,239,239,164
239,239,159,239,239,169
239,239,167,239,239,175
239,239,175,239,240,181
239,239,183,238,240,187
239,239,191,238,240,193
239,239,199,238,240,200
239,239,207,239,241,207
239,239,215,239,241,213
239,239,223,239,241,220
239,239,231,238,241,228
239,239,239,237,239,236
239,239,247,234,235,245
239,239,255,232,234,252
239,247,0,219,229,56
239,247,7,219,229,59
239,247,15,220,230,63
239,247,23,220,230,66
239,247,31,221,231,70
239,247,39,222,232,75
239,247,47,223,233,81
239,247,55,225,235,88
239,247,63,226,236,95
239,247,71,228,237,100
239,247,79,229,239,106
239,247,87,231,240,112
239,247,95,232,241,118
239,247,103,233,242,125
239,247,111,235,243,133
239,247,119,236,244,139
239,247,127,237,244,146
239,247,135,238,245,152
239,247,143,238,245,158
239,247,151,239,246,164
239,247,159,239,246,170
239,247,167,240,247,176
239,247,175,240,247,182
239,247,183,240,248,188
239,247,191,240,248,194
239,247,199,240,248,200
239,247,207,240,249,207
239,247,215,240,249,213
239,247,223,240,249,220
239,247,231,239,249,228
239,247,239,239,249,236
239,247,247,237,246,245
239,247,255,234,243,253
239,255,0,216,236,54
239,255,7,216,236,57
239,255,15,217,236,60
239,255,23,218,237,65
239,255,31,219,238,70
239,255,39,220,239,74
239,255,47,221,240,79
239,255,55,222,241,85
239,255,63,224,243,91
239,255,71,226,244,98
239,255,79,227,245,103
239,255,87,229,246,108
239,255,95,231,248,114
239,255,103,232,249,122
239,255,111,234,249,131
239,255,119,235,250,139
239,255,127,236,251,146
239,255,135,238,251,152
239,255,143,239,251,159
239,255,151,239,252,165
239,255,159,240,252,171
239,255,167,240,253,177
239,255,175,240,254,183
239,255,183,240,254,189
239,255,191,240,254,195
239,255,199,240,254,201
239,255,207,240,254,207
239,255,215,241,254,214
239,255,223,241,254,220
239,255,231,240,254,227
239,255,239,240,254,235
239,255,247,239,253,244
239,255,255,238,252,251
247,0,0,211,7,27
247,0,7,212,8,32
247,0,15,213,10,39
247,0,23,215,11,46
247,0,31,216,13,53
247,0,39,217,15,60
247,0,47,218,15,66
247,0,55,218,16,72
247,0,63,219,16,79
247,0,71,219,16,86
247,0,79,219,17,94
247,0,87,220,17,103
247,0,95,220,18,111
247,0,103,220,18,120
247,0,111,220,18,130
247,0,119,220,19,140
247,0,127,220,19,151
247,0,135,219,19,163
247,0,143,219,20,175
247,0,151,219,20,187
247,0,159,218,21,199
247,0,167,217,22,210
247,0,175,216,23,220
247,0,183,214,26,228
247,0,191,213,29,234
247,0,199,210,32,239
247,0,207,209,35,243
247,0,215,207,38,246
247,0,223,205,41,248
247,0,231,204,44,250
247,0,239,203,45,252
247,0,247,201,45,253
247,0,255,200,45,254
247,7,0,211,8,27
247,7,7,212,9,32
247,7,15,214,11,39
247,7,23,215,13,46
247,7,31,216,14,52
247,7,39,218,16,60
247,7,47,218,17,66
247,7,55,219,18,72
247,7,63,219,18,79
247,7,71,219,18,86
247,7,79,220,19,94
247,7,87,220,19,102
247,7,95,220,19,111
247,7,103,220,20,119
247,7,111,220,20,129
247,7,119,220,20,139
247,7,127,220,21,150
247,7,135,220,21,162
247,7,143,220,21,174
247,7,151,219,22,186
247,7,159,219,23,198
247,7,167,218,24,209
247,7,175,217,25,219
247,7,183,215,28,227
247,7,191,213,31,234
247,7,199,211,34,239
247,7,207,209,37,243
247,7,215,207,40,246
247,7,223,205,43,248
247,7,231,204,46,250
247,7,239,203,47,252
247,7,247,202,47,253
247,7,255,201,47,254
247,15,0,211,9,27
247,15,7,212,11,32
247,15,15,214,13,39
247,15,23,215,15,46
247,15,31,217,16,52
247,15,39,218,18,60
247,15,47,219,19,66
247,15,55,219,20,72
247,15,63,219,20,79
247,15,71,220,20,85
247,15,79,220,21,94
247,15,87,220,21,102
247,15,95,221,22,110
247,15,103,221,22,119
247,15,111,221,22,128
247,15,119,221,22,138
247,15,127,221,23,149
247,15,135,221,23,161
247,15,143,220,23,172
247,15,151,220,24,184
247,15,159,219,25,196
247,15,167,218,26,208
247,15,175,217,28,218
247,15,183,215,30,226
247,15,191,213,33,233
247,15,199,211,36,238
247,15,207,210,39,242
247,15,215,208,42,246
247,15,223,206,45,248
247,15,231,205,47,250
247,15,239,204,50,252
247,15,247,202,50,253
247,15,255,201,50,254
247,23,0,212,12,27
247,23,7,213,14,33
247,23,15,214,15,39
247,23,23,216,18,46
247,23,31,217,19,52
247,23,39,218,21,60
247,23,47,219,22,66
247,23,55,220,23,72
247,23,63,220,23,79
247,23,71,220,24,85
247,23,79,221,24,93
247,23,87,221,24,102
247,23,95,221,25,110
247,23,103,221,25,118
247,23,111,221,25,127
247,23,119,222,25,137
247,23,127,222,25,147
247,23,135,221,26,159
247,23,143,221,26,170
247,23,151,221,27,182
247,23,159,220,28,194
247,23,167,219,29,206
247,23,175,218,31,217
247,23,183,216,33,225
247,23,191,214,36,233
247,23,199,212,39,238
247,23,207,210,42,242
247,23,215,208,45,245
247,23,223,207,47,248
247,23,231,205,50,250
247,23,239,204,53,252
247,23,247,203,54,253
247,23,255,201,54,254
247,31,0,212,15,27
247,31,7,214,17,33
247,31,15,215,19,39
247,31,23,217,21,46
247,31,31,218,23,52
247,31,39,219,25,60
247,31,47,220,26,66
247,31,55,220,27,72
247,31,63,220,28,78
247,31,71,221,28,85
247,31,79,221,28,93
247,31,87,221,29,101
247,31,95,222,29,109
247,31,103,222,29,117
247,31,111,222,29,126
247,31,119,222,29,136
247,31,127,222,29,146
247,31,135,222,30,157
247,31,143,222,30,168
247,31,151,222,31,180
247,31,159,221,32,192
247,31,167,220,33,204
247,31,175,219,35,215
247,31,183,217,37,224
247,31,191,215,40,232
247,31,199,213,43,237
247,31,207,211,46,242
247,31,215,209,48,245
247,31,223,207,51,248
247,31,231,206,53,250
247,31,239,205,56,252
247,31,247,204,57,253
247,31,255,202,58,254
247,39,0,213,20,28
247,39,7,214,22,33
247,39,15,216,23,39
247,39,23,217,26,46
247,39,31,219,28,52
247,39,39,220,30,60
247,39,47,221,31,66
247,39,55,221,32,72
247,39,63,221,33,78
247,39,71,222,33,85
247,39,79,222,34,92
247,39,87,222,34,101
247,39,95,222,34,108
247,39,103,222,34,116
247,39,111,223,34,125
247,39,119,223,34,134
247,39,127,223,34,144
247,39,135,223,35,155
247,39,143,223,35,166
247,39,151,223,36,177
247,39,159,222,37,189
247,39,167,221,38,201
247,39,175,220,40,212
247,39,183,218,42,222
247,39,191,216,45,230
247,39,199,214,48,236
247,39,207,212,50,241
247,39,215,210,53,245
247,39,223,208,55,248
247,39,231,207,57,250
247,39,239,206,60,252
247,39,247,205,61,253
247,39,255,203,62,254
247,47,0,214,25,28
247,47,7,215,27,33
247,47,15,217,29,39
247,47,23,218,31,46
247,47,31,220,33,52
247,47,39,221,36,60
247,47,47,222,37,66
247,47,55,222,38,72
247,47,63,222,39,78
247,47,71,223,40,85
247,47,79,223,40,92
247,47,87,223,40,100
247,47,95,223,40,108
247,47,103,223,40,115
247,47,111,223,40,124
247,47,119,224,40,133
247,47,127,224,40,142
247,47,135,224,40,153
247,47,143,224,40,163
247,47,151,223,41,175
247,47,159,223,42,187
247,47,167,222,43,198
247,47,175,221,45,210
247,47,183,220,48,220
247,47,191,218,50,228
247,47,199,216,53,235
247,47,207,213,56,240
247,47,215,211,58,244
247,47,223,209,60,248
247,47,231,208,62,250
247,47,239,207,63,252
247,47,247,206,65,253
247,47,255,205,65,254
247,55,0,215,31,28
247,55,7,216,33,33
247,55,15,218,35,39
247,55,23,219,38,46
247,55,31,221,40,53
247,55,39,222,42,59
247,55,47,223,44,66
247,55,55,223,45,72
247,55,63,223,46,78
247,55,71,224,47,84
247,55,79,224,47,92
247,55,87,224,47,99
247,55,95,224,47,107
247,55,103,224,47,115
247,55,111,224,47,123
247,55,119,225,46,131
247,55,127,225,46,140
247,55,135,225,46,151
247,55,143,224,46,161
247,55,151,224,47,172
247,55,159,224,47,184
247,55,167,223,48,196
247,55,175,222,50,207
247,55,183,221,52,218
247,55,191,219,55,227
247,55,199,217,58,234
247,55,207,214,61,239
247,55,215,212,64,244
247,55,223,210,65,247
247,55,231,209,67,250
247,55,239,208,68,252
247,55,247,207,69,253
247,55,255,206,69,254
247,63,0,216,38,29
247,63,7,217,40,33
247,63,15,218,41,39
247,63,23,220,44,46
247,63,31,221,46,53
247,63,39,222,48,60
247,63,47,223,51,67
247,63,55,224,52,72
247,63,63,224,53,78
247,63,71,224,54,85
247,63,79,225,54,91
247,63,87,225,55,99
247,63,95,225,55,106
247,63,103,225,55,114
247,63,111,226,54,122
247,63,119,226,54,130
247,63,127,226,53,139
247,63,135,226,53,148
247,63,143,225,53,159
247,63,151,225,53,169
247,63,159,225,53,181
247,63,167,224,54,193
247,63,175,223,56,205
247,63,183,223,58,216
247,63,191,221,60,225
247,63,199,219,63,233
247,63,207,216,65,238
247,63,215,214,68,243
247,63,223,212,70,247
247,63,231,210,72,250
247,63,239,209,72,252
247,63,247,208,73,253
247,63,255,207,73,254
247,71,0,217,45,29
247,71,7,218,47,34
247,71,15,219,48,39
247,71,23,221,51,46
247,71,31,222,53,53
247,71,39,223,55,60
247,71,47,224,58,67
247,71,55,224,59,73
247,71,63,225,60,79
247,71,71,225,61,85
247,71,79,225,62,91
247,71,87,225,62,99
247,71,95,226,62,106
247,71,103,226,62,114
247,71,111,226,61,121
247,71,119,226,61,129
247,71,127,227,60,138
247,71,135,227,60,147
247,71,143,226,60,156
247,71,151,226,60,166
247,71,159,226,60,178
247,71,167,225,61,190
247,71,175,225,62,201
247,71,183,224,63,213
247,71,191,222,65,223
247,71,199,220,68,231
247,71,207,217,70,237
247,71,215,215,72,243
247,71,223,213,74,246
247,71,231,212,76,250
247,71,239,210,77,252
247,71,247,208,78,253
247,71,255,207,78,254
247,79,0,218,53,30
247,79,7,219,55,34
247,79,15,220,56,39
247,79,23,221,58,46
247,79,31,223,61,54
247,79,39,224,63,60
247,79,47,225,65,67
247,79,55,225,67,73
247,79,63,225,68,79
247,79,71,226,69,85
247,79,79,226,70,92
247,79,87,226,70,99
247,79,95,226,70,106
247,79,103,226,70,113
247,79,111,226,70,121
247,79,119,227,69,128
247,79,127,227,68,136
247,79,135,227,68,145
247,79,143,227,67,154
247,79,151,227,67,164
247,79,159,227,67,175
247,79,167,226,68,186
247,79,175,226,68,198
247,79,183,225,70,210
247,79,191,224,71,221
247,79,199,221,73,229
247,79,207,219,75,236
247,79,215,216,77,242
247,79,223,214,79,246
247,79,231,212,80,249
247,79,239,211,81,252
247,79,247,209,82,253
247,79,255,207,82,254
247,87,0,219,61,30
247,87,7,220,63,34
247,87,15,221,64,39
247,87,23,222,66,46
247,87,31,224,69,55
247,87,39,224,71,61
247,87,47,225,73,67
247,87,55,226,75,74
247,87,63,226,76,80
247,87,71,226,77,85
247,87,79,226,78,92
247,87,87,227,78,99
247,87,95,227,79,106
247,87,103,227,78,113
247,87,111,227,78,120
247,87,119,227,77,128
247,87,127,227,77,136
247,87,135,227,76,144
247,87,143,227,76,153
247,87,151,227,75,162
247,87,159,227,75,172
247,87,167,227,75,183
247,87,175,227,76,195
247,87,183,226,76,207
247,87,191,225,77,218
247,87,199,223,79,227
247,87,207,220,81,235
247,87,215,217,82,241
247,87,223,215,84,246
247,87,231,213,85,249
247,87,239,211,86,252
247,87,247,209,86,253
247,87,255,207,86,255
247,95,0,220,70,31
247,95,7,221,71,35
247,95,15,222,72,40
247,95,23,223,74,46
247,95,31,224,77,55
247,95,39,225,79,62
247,95,47,226,80,68
247,95,55,227,82,75
247,95,63,227,84,80
247,95,71,227,85,86
247,95,79,227,86,92
247,95,87,227,86,99
247,95,95,227,87,106
247,95,103,228,87,113
247,95,111,228,86,120
247,95,119,228,86,127
247,95,127,228,85,135
247,95,135,228,85,143
247,95,143,228,84,151
247,95,151,228,84,160
247,95,159,228,84,169
247,95,167,227,84,180
247,95,175,227,84,192
247,95,183,227,84,203
247,95,191,226,85,215
247,95,199,224,86,225
247,95,207,222,87,233
247,95,215,219,88,240
247,95,223,216,90,245
247,95,231,214,90,249
247,95,239,212,91,252
247,95,247,209,91,254
247,95,255,207,91,255
247,103,0,221,79,31
247,103,7,222,80,35
247,103,15,222,81,40
247,103,23,223,83,46
247,103,31,225,85,54
247,103,39,226,87,63
247,103,47,226,89,69
247,103,55,227,91,75
247,103,63,228,92,81
247,103,71,228,93,87
247,103,79,228,94,93
247,103,87,228,95,99
247,103,95,228,95,106
247,103,103,228,95,113
247,103,111,228,95,120
247,103,119,228,95,127
247,103,127,228,94,134
247,103,135,228,93,142
247,103,143,228,93,150
247,103,151,228,92,158
247,103,159,228,92,168
247,103,167,228,92,177
247,103,175,228,92,188
247,103,183,228,92,200
247,103,191,227,93,211
247,103,199,226,93,223
247,103,207,223,94,231
247,103,215,220,95,239
247,103,223,217,96,244
247,103,231,215,96,248
247,103,239,212,96,251
247,103,247,210,96,254
247,103,255,207,96,254
247,111,0,222,88,33
247,111,7,223,89,37
247,111,15,223,90,41
247,111,23,224,92,47
247,111,31,225,93,55
247,111,39,227,96,64
247,111,47,227,97,70
247,111,55,228,99,76
247,111,63,228,100,82
247,111,71,228,101,88
247,111,79,229,102,94
247,111,87,229,103,100
247,111,95,229,103,106
247,111,103,229,104,113
247,111,111,229,104,120
247,111,119,228,104,127
247,111,127,228,103,134
247,111,135,228,102,142
247,111,143,228,102,149
247,111,151,228,101,157
247,111,159,228,101,166
247,111,167,228,101,175
247,111,175,229,100,186
247,111,183,228,100,197
247,111,191,228,100,208
247,111,199,227,101,220
247,111,207,225,101,230
247,111,215,222,102,238
247,111,223,219,102,244
247,111,231,215,102,248
247,111,239,213,102,251
247,111,247,211,102,253
247,111,255,208,102,254
247,119,0,223,98,34
247,119,7,224,99,39
247,119,15,225,100,43
247,119,23,225,101,48
247,119,31,226,102,55
247,119,39,227,104,64
247,119,47,228,106,71
247,119,55,229,107,77
247,119,63,229,109,84
247,119,71,229,110,89
247,119,79,229,110,95
247,119,87,229,111,101
247,119,95,229,112,107
247,119,103,229,112,114
247,119,111,229,112,121
247,119,119,229,112,127
247,119,127,229,111,134
247,119,135,229,111,141
247,119,143,229,111,149
247,119,151,229,110,156
247,119,159,229,110,165
247,119,167,229,109,173
247,119,175,229,109,183
247,119,183,229,109,194
247,119,191,229,109,206
247,119,199,227,108,217
247,119,207,226,108,227
247,119,215,223,108,235
247,119,223,220,109,243
247,119,231,217,109,247
247,119,239,214,109,251
247,119,247,211,108,253
247,119,255,209,108,254
247,127,0,225,108,35
247,127,7,225,108,40
247,127,15,226,109,45
247,127,23,226,110,50
247,127,31,227,111,56
247,127,39,228,113,64
247,127,47,229,114,72
247,127,55,229,116,78
247,127,63,230,117,84
247,127,71,230,118,90
247,127,79,230,119,96
247,127,87,230,119,102
247,127,95,230,120,108
247,127,103,230,120,114
247,127,111,230,120,121
247,127,119,230,120,128
247,127,127,229,120,135
247,127,135,229,120,141
247,127,143,229,119,149
247,127,151,229,119,156
247,127,159,229,118,164
247,127,167,229,118,172
247,127,175,229,117,182
247,127,183,229,117,192
247,127,191,229,117,203
247,127,199,229,116,214
247,127,207,227,116,225
247,127,215,224,116,234
247,127,223,221,115,241
247,127,231,218,115,247
247,127,239,215,114,250
247,127,247,212,114,253
247,127,255,209,113,254
247,135,0,226,117,37
247,135,7,226,118,41
247,135,15,227,118,46
247,135,23,227,119,52
247,135,31,228,120,57
247,135,39,229,122,64
247,135,47,230,123,73
247,135,55,230,124,79
247,135,63,230,125,85
247,135,71,231,126,91
247,135,79,231,127,97
247,135,87,231,127,103
247,135,95,231,128,109
247,135,103,231,128,115
247,135,111,231,128,122
247,135,119,230,129,128
247,135,127,230,128,135
247,135,135,230,128,142
247,135,143,230,128,148
247,135,151,229,127,156
247,135,159,229,127,163
247,135,167,229,126,171
247,135,175,229,126,180
247,135,183,230,125,190
247,135,191,230,125,200
247,135,199,229,124,212
247,135,207,228,124,222
247,135,215,226,123,232
247,135,223,223,122,240
247,135,231,219,122,246
247,135,239,216,121,250
247,135,247,212,120,253
247,135,255,209,119,254
247,143,0,227,126,37
247,143,7,227,127,41
247,143,15,228,128,46
247,143,23,228,128,53
247,143,31,229,129,59
247,143,39,229,130,65
247,143,47,230,131,73
247,143,55,231,132,80
247,143,63,231,133,86
247,143,71,232,134,93
247,143,79,232,135,98
247,143,87,232,135,104
247,143,95,232,136,110
247,143,103,232,136,116
247,143,111,232,137,122
247,143,119,231,137,129
247,143,127,231,137,135
247,143,135,230,136,142
247,143,143,230,136,149
247,143,151,230,136,156
247,143,159,230,135,163
247,143,167,230,135,170
247,143,175,230,134,179
247,143,183,230,134,188
247,143,191,230,133,198
247,143,199,230,133,209
247,143,207,229,132,220
247,143,215,227,131,230
247,143,223,224,130,238
247,143,231,220,128,244
247,143,239,217,127,249
247,143,247,213,126,252
247,143,255,209,125,254
247,151,0,228,135,38
247,151,7,228,136,42
247,151,15,229,136,47
247,151,23,229,137,53
247,151,31,230,138,61
247,151,39,230,139,67
247,151,47,231,140,74
247,151,55,232,141,81
247,151,63,232,141,87
247,151,71,232,142,93
247,151,79,233,143,99
247,151,87,233,143,105
247,151,95,233,144,111
247,151,103,233,144,117
247,151,111,233,145,123
247,151,119,232,145,130
247,151,127,232,145,136
247,151,135,231,145,142
247,151,143,231,144,149
247,151,151,231,144,156
247,151,159,231,144,162
247,151,167,230,143,170
247,151,175,230,143,178
247,151,183,231,142,187
247,151,191,231,141,196
247,151,199,231,140,207
247,151,207,230,139,218
247,151,215,229,138,228
247,151,223,226,137,237
247,151,231,222,135,243
247,151,239,218,134,248
247,151,247,214,132,252
247,151,255,210,131,255
247,159,0,229,144,40
247,159,7,229,144,43
247,159,15,229,145,48
247,159,23,230,145,54
247,159,31,231,146,62
247,159,39,231,147,69
247,159,47,232,148,75
247,159,55,232,149,82
247,159,63,233,150,89
247,159,71,233,150,94
247,159,79,234,151,100
247,159,87,234,151,106
247,159,95,234,152,112
247,159,103,234,152,118
247,159,111,233,153,124
247,159,119,233,153,130
247,159,127,233,153,137
247,159,135,232,153,143
247,159,143,232,153,149
247,159,151,232,152,156
247,159,159,231,152,162
247,159,167,231,151,169
247,159,175,231,151,177
247,159,183,231,150,185
247,159,191,231,149,194
247,159,199,231,149,204
247,159,207,231,148,215
247,159,215,229,146,226
247,159,223,227,145,234
247,159,231,224,143,242
247,159,239,220,141,247
247,159,247,216,139,252
247,159,255,212,137,254
247,167,0,229,152,42
247,167,7,230,152,45
247,167,15,230,153,49
247,167,23,231,153,55
247,167,31,231,154,62
247,167,39,232,155,71
247,167,47,232,156,77
247,167,55,233,156,83
247,167,63,234,157,89
247,167,71,234,158,95
247,167,79,234,159,101
247,167,87,235,159,107
247,167,95,235,160,113
247,167,103,235,160,119
247,167,111,234,160,125
247,167,119,234,161,131
247,167,127,234,161,137
247,167,135,233,161,144
247,167,143,233,161,150
247,167,151,233,160,156
247,167,159,232,160,162
247,167,167,232,160,169
247,167,175,232,159,176
247,167,183,232,158,184
247,167,191,232,158,193
247,167,199,232,157,202
247,167,207,232,156,213
247,167,215,231,154,223
247,167,223,229,153,233
247,167,231,225,150,241
247,167,239,221,148,247
247,167,247,218,146,251
247,167,255,214,144,254
247,175,0,230,160,45
247,175,7,230,160,48
247,175,15,231,160,51
247,175,23,231,161,56
247,175,31,232,162,63
247,175,39,232,162,71
247,175,47,233,163,79
247,175,55,234,164,84
247,175,63,234,165,90
247,175,71,235,166,96
247,175,79,235,167,102
247,175,87,235,167,108
247,175,95,235,168,114
247,175,103,235,168,120
247,175,111,235,169,126
247,175,119,235,169,132
247,175,127,235,169,138
247,175,135,235,169,144
247,175,143,234,169,150
247,175,151,234,169,156
247,175,159,233,168,163
247,175,167,233,168,169
247,175,175,233,167,176
247,175,183,233,167,183
247,175,191,233,166,191
247,175,199,233,165,200
247,175,207,233,164,210
247,175,215,232,163,221
247,175,223,230,160,230
247,175,231,227,158,238
247,175,239,223,156,246
247,175,247,220,153,251
247,175,255,216,151,254
247,183,0,231,167,47
247,183,7,231,167,50
247,183,15,231,168,54
247,183,23,232,168,58
247,183,31,232,169,64
247,183,39,233,170,71
247,183,47,234,171,79
247,183,55,234,172,86
247,183,63,235,173,91
247,183,71,235,174,97
247,183,79,236,175,103
247,183,87,236,175,109
247,183,95,236,176,115
247,183,103,236,176,121
247,183,111,236,177,127
247,183,119,236,177,133
247,183,127,236,177,139
247,183,135,236,177,145
247,183,143,236,177,151
247,183,151,235,177,157
247,183,159,235,177,163
247,183,167,234,176,169
247,183,175,234,176,176
247,183,183,234,175,183
247,183,191,234,174,190
247,183,199,234,173,199
247,183,207,234,172,208
247,183,215,233,171,219
247,183,223,232,169,228
247,183,231,229,166,237
247,183,239,225,164,244
247,183,247,221,161,250
247,183,255,217,158,253
247,191,0,231,174,49
247,191,7,232,175,53
247,191,15,232,175,57
247,191,23,232,176,61
247,191,31,233,177,66
247,191,39,234,177,72
247,191,47,234,179,79
247,191,55,235,180,88
247,191,63,236,181,93
247,191,71,236,182,98
247,191,79,237,183,104
247,191,87,237,184,110
247,191,95,237,184,116
247,191,103,238,185,122
247,191,111,238,185,128
247,191,119,238,186,134
247,191,127,238,186,140
247,191,135,238,186,146
247,191,143,237,186,152
247,191,151,237,185,158
247,191,159,236,185,164
247,191,167,236,185,170
247,191,175,235,184,176
247,191,183,235,183,182
247,191,191,235,183,189
247,191,199,235,182,197
247,191,207,235,181,207
247,191,215,235,180,217
247,191,223,233,178,226
247,191,231,230,175,235
247,191,239,227,172,243
247,191,247,224,169,249
247,191,255,220,166,254
247,199,0,232,182,49
247,199,7,232,182,53
247,199,15,233,183,57
247,199,23,233,184,64
247,199,31,234,184,69
247,199,39,234,185,74
247,199,47,235,186,80
247,199,55,236,188,87
247,199,63,237,189,94
247,199,71,237,190,99
247,199,79,238,191,105
247,199,87,238,192,111
247,199,95,238,193,117
247,199,103,239,194,123
247,199,111,239,194,129
247,199,119,239,194,135
247,199,127,239,194,141
247,199,135,239,194,147
247,199,143,239,194,153
247,199,151,238,194,159
247,199,159,238,194,164
247,199,167,237,193,170
247,199,175,237,193,176
247,199,183,236,192,183
247,199,191,236,192,189
247,199,199,236,191,197
247,199,207,236,190,205
247,199,215,236,189,215
247,199,223,235,187,224
247,199,231,233,185,233
247,199,239,229,182,241
247,199,247,226,178,248
247,199,255,222,175,253
247,207,0,232,190,49
247,207,7,233,190,53
247,207,15,233,191,58
247,207,23,234,191,64
247,207,31,234,192,72
247,207,39,235,193,78
247,207,47,236,194,83
247,207,55,236,196,89
247,207,63,237,197,95
247,207,71,238,198,101
247,207,79,238,199,106
247,207,87,239,201,112
247,207,95,239,202,118
247,207,103,240,202,124
247,207,111,240,203,130
247,207,119,240,203,136
247,207,127,241,203,142
247,207,135,241,203,148
247,207,143,241,203,154
247,207,151,240,203,160
247,207,159,240,203,166
247,207,167,239,202,171
247,207,175,239,202,177
247,207,183,239,202,184
247,207,191,238,201,190
247,207,199,237,201,197
247,207,207,238,200,205
247,207,215,237,199,214
247,207,223,237,198,223
247,207,231,235,195,232
247,207,239,232,192,240
247,207,247,228,188,248
247,207,255,224,185,253
247,215,0,233,197,50
247,215,7,233,198,54
247,215,15,233,198,58
247,215,23,234,199,63
247,215,31,235,200,71
247,215,39,235,201,80
247,215,47,236,202,85
247,215,55,237,204,90
247,215,63,238,205,96
247,215,71,238,207,101
247,215,79,239,208,107
247,215,87,240,209,113
247,215,95,240,210,119
247,215,103,241,211,125
247,215,111,241,212,131
247,215,119,242,212,137
247,215,127,242,212,143
247,215,135,242,212,149
247,215,143,242,212,155
247,215,151,242,212,161
247,215,159,242,212,167
247,215,167,241,212,172
247,215,175,241,211,178
247,215,183,241,211,185
247,215,191,240,211,191
247,215,199,240,211,198
247,215,207,240,210,205
247,215,215,240,210,213
247,215,223,239,208,222
247,215,231,237,206,231
247,215,239,234,203,240
247,215,247,231,200,247
247,215,255,229,197,253
247,223,0,233,204,53
247,223,7,233,205,55
247,223,15,233,205,59
247,223,23,234,206,64
247,223,31,234,207,70
247,223,39,235,208,78
247,223,47,236,210,88
247,223,55,237,211,92
247,223,63,238,212,97
247,223,71,239,214,102
247,223,79,239,215,108
247,223,87,240,217,114
247,223,95,241,218,120
247,223,103,241,219,126
247,223,111,242,220,132
247,223,119,243,220,138
247,223,127,243,220,144
247,223,135,243,221,150
247,223,143,243,221,156
247,223,151,244,221,162
247,223,159,243,221,168
247,223,167,243,221,174
247,223,175,243,220,179
247,223,183,242,220,185
247,223,191,242,220,192
247,223,199,242,220,199
247,223,207,242,220,206
247,223,215,242,220,213
247,223,223,241,219,221
247,223,231,240,218,230
247,223,239,238,215,238
247,223,247,235,212,247
247,223,255,232,209,252
247,231,0,231,212,56
247,231,7,232,212,58
247,231,15,232,213,61
247,231,23,233,214,65
247,231,31,233,215,70
247,231,39,234,216,77
247,231,47,235,217,85
247,231,55,236,219,93
247,231,63,237,220,98
247,231,71,238,221,103
247,231,79,239,223,108
247,231,87,240,224,114
247,231,95,241,226,120
247,231,103,242,227,127
247,231,111,242,227,133
247,231,119,243,228,139
247,231,127,244,228,145
247,231,135,244,229,151
247,231,143,245,229,157
247,231,151,245,229,163
247,231,159,245,229,169
247,231,167,245,229,175
247,231,175,245,229,181
247,231,183,244,229,187
247,231,191,244,230,193
247,231,199,244,230,200
247,231,207,244,230,207
247,231,215,244,230,214
247,231,223,244,230,221
247,231,231,243,229,229
247,231,239,241,226,238
247,231,247,238,224,247
247,231,255,237,221,254
247,239,0,230,220,59
247,239,7,230,220,62
247,239,15,231,221,64
247,239,23,231,221,68
247,239,31,232,222,72
247,239,39,233,223,78
247,239,47,234,225,84
247,239,55,235,226,92
247,239,63,237,228,99
247,239,71,238,229,103
247,239,79,239,230,109
247,239,87,240,232,114
247,239,95,241,233,120
247,239,103,242,234,127
247,239,111,243,235,134
247,239,119,244,236,140
247,239,127,244,236,146
247,239,135,245,237,152
247,239,143,245,237,158
247,239,151,246,237,164
247,239,159,246,237,170
247,239,167,246,238,176
247,239,175,246,238,182
247,239,183,246,238,188
247,239,191,246,238,194
247,239,199,246,239,201
247,239,207,246,239,208
247,239,215,246,240,214
247,239,223,246,240,221
247,239,231,245,239,229
247,239,239,244,238,238
247,239,247,241,235,246
247,239,255,239,233,252
247,247,0,228,227,58
247,247,7,229,227,61
247,247,15,229,228,65
247,247,23,230,229,71
247,247,31,231,229,74
247,247,39,232,230,79
247,247,47,233,232,84
247,247,55,234,233,90
247,247,63,235,235,97
247,247,71,237,236,103
247,247,79,238,237,108
247,247,87,239,238,113
247,247,95,240,240,119
247,247,103,241,241,126
247,247,111,242,242,134
247,247,119,244,243,141
247,247,127,244,243,147
247,247,135,245,244,154
247,247,143,246,244,160
247,247,151,247,244,166
247,247,159,247,245,172
247,247,167,247,245,178
247,247,175,247,246,184
247,247,183,247,246,190
247,247,191,247,247,196
247,247,199,247,247,202
247,247,207,247,248,208
247,247,215,248,249,215
247,247,223,248,249,222
247,247,231,247,249,229
247,247,239,247,248,237
247,247,247,245,247,246
247,247,255,241,243,253
247,255,0,226,234,56
247,255,7,226,234,59
247,255,15,227,235,63
247,255,23,228,236,68
247,255,31,229,237,74
247,255,39,230,238,79
247,255,47,231,239,83
247,255,55,232,240,88
247,255,63,233,241,94
247,255,71,235,243,100
247,255,79,236,244,105
247,255,87,238,245,111
247,255,95,239,246,117
247,255,103,241,247,124
247,255,111,242,248,133
247,255,119,244,249,141
247,255,127,245,249,148
247,255,135,245,250,154
247,255,143,246,250,161
247,255,151,247,251,167
247,255,159,247,251,173
247,255,167,247,252,179
247,255,175,247,252,185
247,255,183,248,252,191
247,255,191,249,253,197
247,255,199,249,253,203
247,255,207,248,253,209
247,255,215,248,253,216
247,255,223,248,254,222
247,255,231,248,254,229
247,255,239,248,254,237
247,255,247,248,254,245
247,255,255,246,253,253
255,0,0,218,8,28
255,0,7,219,9,33
255,0,15,220,11,39
255,0,23,222,13,46
255,0,31,223,15,53
255,0,39,224,17,60
255,0,47,225,18,67
255,0,55,225,18,72
255,0,63,225,19,79
255,0,71,225,19,85
255,0,79,225,19,93
255,0,87,225,20,102
255,0,95,225,20,110
255,0,103,226,20,119
255,0,111,226,20,128
255,0,119,226,20,138
255,0,127,226,20,149
255,0,135,226,20,161
255,0,143,226,20,173
255,0,151,226,20,185
255,0,159,226,21,197
255,0,167,226,22,209
255,0,175,226,24,219
255,0,183,225,26,228
255,0,191,224,29,234
255,0,199,223,33,239
255,0,207,222,36,243
255,0,215,221,39,246
255,0,223,220,41,249
255,0,231,219,43,251
255,0,239,219,45,252
255,0,247,218,46,253
255,0,255,217,46,254
255,7,0,218,9,28
255,7,7,219,10,33
255,7,15,221,12,39
255,7,23,222,14,46
255,7,31,223,16,53
255,7,39,224,18,60
255,7,47,225,19,67
255,7,55,225,20,72
255,7,63,225,20,78
255,7,71,225,21,85
255,7,79,226,21,93
255,7,87,226,21,101
255,7,95,226,21,110
255,7,103,226,21,118
255,7,111,226,21,127
255,7,119,227,21,137
255,7,127,227,21,148
255,7,135,227,21,160
255,7,143,227,21,172
255,7,151,227,22,184
255,7,159,227,22,196
255,7,167,227,23,208
255,7,175,226,26,218
255,7,183,226,28,227
255,7,191,225,31,234
255,7,199,224,34,239
255,7,207,222,38,243
255,7,215,221,41,246
255,7,223,220,43,249
255,7,231,219,45,251
255,7,239,219,47,252
255,7,247,218,48,253
255,7,255,218,48,254
255,15,0,219,10,28
255,15,7,220,12,33
255,15,15,221,13,39
255,15,23,223,16,46
255,15,31,224,18,53
255,15,39,225,20,60
255,15,47,226,21,67
255,15,55,226,22,72
255,15,63,226,22,78
255,15,71,226,23,85
255,15,79,226,23,92
255,15,87,227,23,101
255,15,95,227,23,109
255,15,103,227,23,118
255,15,111,227,23,127
255,15,119,227,23,137
255,15,127,227,23,147
255,15,135,227,23,159
255,15,143,227,24,171
255,15,151,227,24,183
255,15,159,227,24,195
255,15,167,227,26,206
255,15,175,227,28,217
255,15,183,226,30,226
255,15,191,225,33,233
255,15,199,224,36,239
255,15,207,223,40,243
255,15,215,221,43,246
255,15,223,220,46,249
255,15,231,220,48,251
255,15,239,219,50,252
255,15,247,219,50,253
255,15,255,218,50,254
255,23,0,219,13,28
255,23,7,220,14,33
255,23,15,221,16,39
255,23,23,223,18,46
255,23,31,224,20,53
255,23,39,225,22,60
255,23,47,226,24,67
255,23,55,226,25,72
255,23,63,227,25,78
255,23,71,227,26,84
255,23,79,227,26,92
255,23,87,227,26,100
255,23,95,227,26,109
255,23,103,227,26,117
255,23,111,227,26,126
255,23,119,228,26,135
255,23,127,228,26,146
255,23,135,228,26,157
255,23,143,228,27,169
255,23,151,228,27,181
255,23,159,228,27,193
255,23,167,228,29,205
255,23,175,227,31,216
255,23,183,227,33,225
255,23,191,226,36,232
255,23,199,225,39,238
255,23,207,223,42,242
255,23,215,222,46,246
255,23,223,221,49,249
255,23,231,220,51,251
255,23,239,220,53,252
255,23,247,219,53,253
255,23,255,219,53,254
255,31,0,220,16,29
255,31,7,221,18,33
255,31,15,222,19,39
255,31,23,224,22,46
255,31,31,225,24,53
255,31,39,226,26,60
255,31,47,227,28,67
255,31,55,227,29,72
255,31,63,227,29,78
255,31,71,227,30,84
255,31,79,228,30,92
255,31,87,228,30,100
255,31,95,228,30,108
255,31,103,228,30,116
255,31,111,228,30,125
255,31,119,229,30,134
255,31,127,229,30,144
255,31,135,229,30,155
255,31,143,229,31,167
255,31,151,229,31,179
255,31,159,229,31,191
255,31,167,229,33,203
255,31,175,228,34,214
255,31,183,228,37,224
255,31,191,227,40,231
255,31,199,226,43,237
255,31,207,224,46,242
255,31,215,223,49,246
255,31,223,221,52,249
255,31,231,221,55,251
255,31,239,220,57,252
255,31,247,220,58,253
255,31,255,219,57,253
255,39,0,220,20,29
255,39,7,221,22,33
255,39,15,223,24,39
255,39,23,224,26,46
255,39,31,226,28,53
255,39,39,227,30,60
255,39,47,228,33,67
255,39,55,228,33,72
255,39,63,228,34,78
255,39,71,228,34,84
255,39,79,228,35,91
255,39,87,229,35,99
255,39,95,229,35,107
255,39,103,229,35,115
255,39,111,229,35,124
255,39,119,229,35,133
255,39,127,230,35,142
255,39,135,230,35,153
255,39,143,230,36,164
255,39,151,230,36,176
255,39,159,230,36,188
255,39,167,230,37,200
255,39,175,229,39,212
255,39,183,229,41,222
255,39,191,228,44,230
255,39,199,227,47,237
255,39,207,225,50,241
255,39,215,224,53,245
255,39,223,223,55,248
255,39,231,222,58,251
255,39,239,221,60,252
255,39,247,221,62,253
255,39,255,220,62,253
255,47,0,221,25,29
255,47,7,222,27,33
255,47,15,223,29,39
255,47,23,225,31,46
255,47,31,227,34,53
255,47,39,227,36,60
255,47,47,228,38,67
255,47,55,229,39,72
255,47,63,229,40,78
255,47,71,229,40,84
255,47,79,229,41,91
255,47,87,229,41,99
255,47,95,229,41,107
255,47,103,230,41,115
255,47,111,230,41,123
255,47,119,230,40,132
255,47,127,230,40,141
255,47,135,231,40,151
255,47,143,231,41,162
255,47,151,231,41,173
255,47,159,231,42,185
255,47,167,231,43,197
255,47,175,230,45,209
255,47,183,230,47,220
255,47,191,229,49,228
255,47,199,228,52,236
255,47,207,226,55,241
255,47,215,225,57,245
255,47,223,224,60,248
255,47,231,223,62,251
255,47,239,222,64,252
255,47,247,221,66,253
255,47,255,220,67,253
255,55,0,222,31,29
255,55,7,223,32,34
255,55,15,224,34,39
255,55,23,226,37,46
255,55,31,227,40,53
255,55,39,228,42,60
255,55,47,229,44,67
255,55,55,230,45,72
255,55,63,230,46,78
255,55,71,230,47,84
255,55,79,230,47,91
255,55,87,230,47,98
255,55,95,230,47,106
255,55,103,230,47,114
255,55,111,231,47,122
255,55,119,231,47,130
255,55,127,231,46,139
255,55,135,231,46,149
255,55,143,231,46,160
255,55,151,232,47,171
255,55,159,232,47,183
255,55,167,232,48,195
255,55,175,231,50,206
255,55,183,231,52,217
255,55,191,230,55,227
255,55,199,229,57,234
255,55,207,227,60,240
255,55,215,226,62,244
255,55,223,225,64,248
255,55,231,224,66,251
255,55,239,223,68,252
255,55,247,222,69,253
255,55,255,221,70,254
255,63,0,223,37,30
255,63,7,224,39,34
255,63,15,225,41,39
255,63,23,227,43,46
255,63,31,228,46,54
255,63,39,229,48,60
255,63,47,230,51,67
255,63,55,231,52,73
255,63,63,231,53,78
255,63,71,231,54,84
255,63,79,231,54,90
255,63,87,231,55,98
255,63,95,231,55,106
255,63,103,231,55,113
255,63,111,232,54,121
255,63,119,232,54,129
255,63,127,232,53,138
255,63,135,232,53,147
255,63,143,232,53,158
255,63,151,232,53,169
255,63,159,233,53,180
255,63,167,233,54,192
255,63,175,233,55,204
255,63,183,232,57,215
255,63,191,231,60,225
255,63,199,230,62,232
255,63,207,228,65,239
255,63,215,226,68,243
255,63,223,225,69,247
255,63,231,225,71,250
255,63,239,224,72,252
255,63,247,222,73,253
255,63,255,221,74,254
255,71,0,224,44,30
255,71,7,225,46,34
255,71,15,226,47,39
255,71,23,227,50,46
255,71,31,229,53,54
255,71,39,230,55,60
255,71,47,231,57,67
255,71,55,231,59,73
255,71,63,232,60,79
255,71,71,232,61,84
255,71,79,232,62,90
255,71,87,232,62,98
255,71,95,232,62,106
255,71,103,232,62,113
255,71,111,232,62,120
255,71,119,233,61,128
255,71,127,233,60,137
255,71,135,233,60,146
255,71,143,233,60,156
255,71,151,233,60,166
255,71,159,234,60,177
255,71,167,234,60,189
255,71,175,234,61,201
255,71,183,233,63,212
255,71,191,233,65,223
255,71,199,231,67,231
255,71,207,229,70,238
255,71,215,227,72,243
255,71,223,225,74,247
255,71,231,224,76,250
255,71,239,223,77,252
255,71,247,221,78,253
255,71,255,220,78,254
255,79,0,225,52,31
255,79,7,226,53,35
255,79,15,227,55,40
255,79,23,228,57,46
255,79,31,230,60,54
255,79,39,231,62,61
255,79,47,231,64,67
255,79,55,232,66,74
255,79,63,232,67,79
255,79,71,232,69,85
255,79,79,232,69,91
255,79,87,232,70,97
255,79,95,232,70,105
255,79,103,233,70,113
255,79,111,233,69,120
255,79,119,233,69,128
255,79,127,233,68,136
255,79,135,234,67,144
255,79,143,234,67,154
255,79,151,234,67,164
255,79,159,234,67,174
255,79,167,234,67,186
255,79,175,235,68,198
255,79,183,235,69,209
255,79,191,234,70,220
255,79,199,232,72,229
255,79,207,230,75,237
255,79,215,228,77,242
255,79,223,226,79,246
255,79,231,224,80,250
255,79,239,222,82,252
255,79,247,220,82,254
255,79,255,219,83,255
255,87,0,226,60,32
255,87,7,227,61,36
255,87,15,228,63,40
255,87,23,229,65,46
255,87,31,230,67,54
255,87,39,231,70,61
255,87,47,232,72,67
255,87,55,233,74,74
255,87,63,233,75,80
255,87,71,233,76,85
255,87,79,233,77,91
255,87,87,233,78,97
255,87,95,233,78,105
255,87,103,233,78,113
255,87,111,233,78,120
255,87,119,234,77,127
255,87,127,234,76,135
255,87,135,234,75,143
255,87,143,234,75,152
255,87,151,234,75,162
255,87,159,234,75,172
255,87,167,235,75,183
255,87,175,235,75,194
255,87,183,235,76,206
255,87,191,234,77,217
255,87,199,233,78,227
255,87,207,231,80,235
255,87,215,229,82,241
255,87,223,227,84,246
255,87,231,225,85,249
255,87,239,223,86,252
255,87,247,221,87,254
255,87,255,219,87,255
255,95,0,227,69,32
255,95,7,228,70,36
255,95,15,228,71,41
255,95,23,229,73,46
255,95,31,231,75,54
255,95,39,232,78,62
255,95,47,233,79,68
255,95,55,233,82,75
255,95,63,234,83,80
255,95,71,234,84,86
255,95,79,234,85,91
255,95,87,234,86,97
255,95,95,234,86,105
255,95,103,234,87,113
255,95,111,234,86,120
255,95,119,234,86,127
255,95,127,234,85,134
255,95,135,234,84,142
255,95,143,234,84,150
255,95,151,235,83,160
255,95,159,235,83,169
255,95,167,235,83,180
255,95,175,235,83,191
255,95,183,235,83,203
255,95,191,235,84,214
255,95,199,233,85,225
255,95,207,231,86,233
255,95,215,229,87,240
255,95,223,227,89,245
255,95,231,226,90,249
255,95,239,223,91,252
255,95,247,220,91,254
255,95,255,218,91,255
255,103,0,227,78,33
255,103,7,228,79,37
255,103,15,229,80,41
255,103,23,230,81,47
255,103,31,231,83,54
255,103,39,232,86,62
255,103,47,233,88,69
255,103,55,234,89,75
255,103,63,234,91,82
255,103,71,234,92,87
255,103,79,234,93,92
255,103,87,234,94,98
255,103,95,234,94,105
255,103,103,234,95,113
255,103,111,234,95,120
255,103,119,234,94,127
255,103,127,234,94,134
255,103,135,234,93,141
255,103,143,235,93,149
255,103,151,235,92,158
255,103,159,235,92,167
255,103,167,236,92,177
255,103,175,236,91,188
255,103,183,236,91,199
255,103,191,236,92,211
255,103,199,234,92,222
255,103,207,233,93,231
255,103,215,230,94,239
255,103,223,228,95,244
255,103,231,225,96,249
255,103,239,223,96,252
255,103,247,220,96,254
255,103,255,218,96,255
255,111,0,228,87,34
255,111,7,229,88,38
255,111,15,230,89,43
255,111,23,230,91,48
255,111,31,231,92,55
255,111,39,232,94,63
255,111,47,233,96,70
255,111,55,234,98,76
255,111,63,234,100,83
255,111,71,235,101,88
255,111,79,235,102,94
255,111,87,235,102,99
255,111,95,235,103,105
255,111,103,235,103,112
255,111,111,235,103,120
255,111,119,235,103,127
255,111,127,235,102,134
255,111,135,235,102,141
255,111,143,235,101,149
255,111,151,235,101,157
255,111,159,235,100,166
255,111,167,236,100,175
255,111,175,236,100,186
255,111,183,237,100,196
255,111,191,236,100,208
255,111,199,235,100,219
255,111,207,234,101,229
255,111,215,231,101,237
255,111,223,229,101,244
255,111,231,226,102,248
255,111,239,223,102,252
255,111,247,221,102,254
255,111,255,218,102,255
255,119,0,229,97,35
255,119,7,230,98,39
255,119,15,230,98,44
255,119,23,231,100,49
255,119,31,232,101,56
255,119,39,233,103,63
255,119,47,234,105,71
255,119,55,234,106,77
255,119,63,235,108,84
255,119,71,235,109,89
255,119,79,235,110,95
255,119,87,235,110,100
255,119,95,235,111,106
255,119,103,235,111,113
255,119,111,235,112,120
255,119,119,235,112,127
255,119,127,235,111,134
255,119,135,235,111,141
255,119,143,235,110,148
255,119,151,235,110,156
255,119,159,235,109,165
255,119,167,236,109,173
255,119,175,236,108,183
255,119,183,237,108,194
255,119,191,237,108,205
255,119,199,236,108,216
255,119,207,235,108,227
255,119,215,233,108,236
255,119,223,230,108,243
255,119,231,227,108,248
255,119,239,224,108,252
255,119,247,221,108,254
255,119,255,218,108,255
255,127,0,230,106,36
255,127,7,231,107,40
255,127,15,231,108,45
255,127,23,232,109,51
255,127,31,233,110,57
255,127,39,234,111,64
255,127,47,234,113,72
255,127,55,235,114,78
255,127,63,236,116,85
255,127,71,236,117,91
255,127,79,236,118,96
255,127,87,236,119,102
255,127,95,236,119,108
255,127,103,236,120,114
255,127,111,236,120,121
255,127,119,236,120,128
255,127,127,235,120,134
255,127,135,235,119,141
255,127,143,235,119,148
255,127,151,235,119,156
255,127,159,236,118,164
255,127,167,236,118,172
255,127,175,236,117,181
255,127,183,237,117,192
255,127,191,237,116,203
255,127,199,237,116,214
255,127,207,235,116,225
255,127,215,234,115,235
255,127,223,231,115,242
255,127,231,228,115,248
255,127,239,225,114,251
255,127,247,222,114,254
255,127,255,218,114,255
255,135,0,231,116,37
255,135,7,232,116,41
255,135,15,232,117,45
255,135,23,233,118,52
255,135,31,234,119,58
255,135,39,234,120,65
255,135,47,235,121,72
255,135,55,236,123,80
255,135,63,236,124,86
255,135,71,237,125,92
255,135,79,237,126,98
255,135,87,237,127,103
255,135,95,237,127,109
255,135,103,237,128,115
255,135,111,237,128,121
255,135,119,236,128,128
255,135,127,236,128,135
255,135,135,236,128,142
255,135,143,236,128,149
255,135,151,236,127,156
255,135,159,236,127,163
255,135,167,236,126,171
255,135,175,236,126,180
255,135,183,237,125,190
255,135,191,237,125,201
255,135,199,237,124,211
255,135,207,236,124,222
255,135,215,234,123,232
255,135,223,232,122,241
255,135,231,229,122,247
255,135,239,225,121,251
255,135,247,222,120,253
255,135,255,218,119,255
255,143,0,232,125,38
255,143,7,233,125,42
255,143,15,233,126,46
255,143,23,234,127,52
255,143,31,235,128,60
255,143,39,235,129,66
255,143,47,236,130,73
255,143,55,237,131,81
255,143,63,237,132,87
255,143,71,237,133,93
255,143,79,238,134,99
255,143,87,238,135,104
255,143,95,238,135,110
255,143,103,238,136,116
255,143,111,237,136,122
255,143,119,237,136,129
255,143,127,237,136,136
255,143,135,236,136,142
255,143,143,236,136,149
255,143,151,236,136,156
255,143,159,237,135,163
255,143,167,237,135,171
255,143,175,237,134,179
255,143,183,237,134,188
255,143,191,238,133,198
255,143,199,238,132,209
255,143,207,237,132,220
255,143,215,235,131,230
255,143,223,233,130,239
255,143,231,230,129,246
255,143,239,226,128,251
255,143,247,222,126,253
255,143,255,218,125,255
255,151,0,233,134,39
255,151,7,234,134,43
255,151,15,234,134,47
255,151,23,235,135,53
255,151,31,235,136,60
255,151,39,236,137,67
255,151,47,237,138,74
255,151,55,237,139,81
255,151,63,238,140,88
255,151,71,238,141,94
255,151,79,239,142,100
255,151,87,239,142,106
255,151,95,239,143,111
255,151,103,239,144,117
255,151,111,239,144,123
255,151,119,238,144,129
255,151,127,238,144,136
255,151,135,237,144,143
255,151,143,237,144,149
255,151,151,237,144,156
255,151,159,237,143,163
255,151,167,237,143,170
255,151,175,237,142,178
255,151,183,237,142,187
255,151,191,238,141,196
255,151,199,238,140,207
255,151,207,237,140,218
255,151,215,237,138,229
255,151,223,234,137,237
255,151,231,231,136,245
255,151,239,227,134,249
255,151,247,223,133,253
255,151,255,219,131,254
255,159,0,234,142,41
255,159,7,235,142,44
255,159,15,235,143,48
255,159,23,235,143,53
255,159,31,236,144,60
255,159,39,237,145,69
255,159,47,238,146,75
255,159,55,238,147,82
255,159,63,239,148,89
255,159,71,239,149,95
255,159,79,240,150,101
255,159,87,240,150,106
255,159,95,240,151,112
255,159,103,240,151,118
255,159,111,239,152,124
255,159,119,239,152,130
255,159,127,239,152,137
255,159,135,239,152,143
255,159,143,238,152,150
255,159,151,238,152,156
255,159,159,238,152,163
255,159,167,238,151,170
255,159,175,238,151,177
255,159,183,238,150,186
255,159,191,238,149,195
255,159,199,238,149,205
255,159,207,238,148,215
255,159,215,237,146,226
255,159,223,235,145,235
255,159,231,231,143,243
255,159,239,228,141,249
255,159,247,224,140,253
255,159,255,220,138,255
255,167,0,235,150,44
255,167,7,235,151,47
255,167,15,236,151,50
255,167,23,236,151,55
255,167,31,237,152,61
255,167,39,237,153,69
255,167,47,238,154,77
255,167,55,239,155,83
255,167,63,239,156,90
255,167,71,240,157,96
255,167,79,240,158,102
255,167,87,241,158,107
255,167,95,241,159,113
255,167,103,241,160,119
255,167,111,240,160,125
255,167,119,240,160,131
255,167,127,240,160,137
255,167,135,240,160,144
255,167,143,239,160,150
255,167,151,239,160,157
255,167,159,238,160,163
255,167,167,238,160,170
255,167,175,238,159,177
255,167,183,239,158,185
255,167,191,239,158,193
255,167,199,239,157,203
255,167,207,239,156,213
255,167,215,238,154,224
255,167,223,236,153,233
255,167,231,233,151,241
255,167,239,229,149,248
255,167,247,225,146,252
255,167,255,222,144,254
255,175,0,236,158,47
255,175,7,236,159,50
255,175,15,236,159,53
255,175,23,237,159,57
255,175,31,237,160,63
255,175,39,238,161,70
255,175,47,239,162,78
255,175,55,239,163,84
255,175,63,240,164,90
255,175,71,241,165,96
255,175,79,241,166,102
255,175,87,241,166,108
255,175,95,241,167,114
255,175,103,241,167,120
255,175,111,241,168,126
255,175,119,241,168,132
255,175,127,241,168,138
255,175,135,241,168,144
255,175,143,240,168,151
255,175,151,240,168,157
255,175,159,240,168,163
255,175,167,239,168,169
255,175,175,239,167,176
255,175,183,239,167,184
255,175,191,239,166,192
255,175,199,239,165,201
255,175,207,239,164,211
255,175,215,239,162,221
255,175,223,237,161,230
255,175,231,234,159,239
255,175,239,231,156,246
255,175,247,227,154,252
255,175,255,223,151,254
255,183,0,236,166,48
255,183,7,237,166,51
255,183,15,237,167,56
255,183,23,237,167,60
255,183,31,238,168,65
255,183,39,239,169,71
255,183,47,239,170,79
255,183,55,240,171,86
255,183,63,241,172,92
255,183,71,241,173,98
255,183,79,242,174,104
255,183,87,242,174,110
255,183,95,242,175,116
255,183,103,242,176,121
255,183,111,242,176,127
255,183,119,242,176,133
255,183,127,242,177,138
255,183,135,242,177,144
255,183,143,242,176,151
255,183,151,241,176,157
255,183,159,241,176,163
255,183,167,241,176,170
255,183,175,240,175,176
255,183,183,240,175,183
255,183,191,240,174,191
255,183,199,240,173,200
255,183,207,240,172,209
255,183,215,240,171,219
255,183,223,239,169,229
255,183,231,236,167,237
255,183,239,233,164,245
255,183,247,229,161,251
255,183,255,225,158,254
255,191,0,237,173,48
255,191,7,238,174,52
255,191,15,238,174,57
255,191,23,238,175,63
255,191,31,239,175,67
255,191,39,240,176,73
255,191,47,240,177,79
255,191,55,241,179,87
255,191,63,242,180,93
255,191,71,242,181,99
255,191,79,243,182,105
255,191,87,243,183,110
255,191,95,243,183,116
255,191,103,243,184,122
255,191,111,243,185,128
255,191,119,244,185,134
255,191,127,243,185,140
255,191,135,243,185,145
255,191,143,243,185,152
255,191,151,243,185,158
255,191,159,242,184,164
255,191,167,242,184,170
255,191,175,242,184,176
255,191,183,242,183,183
255,191,191,241,183,190
255,191,199,241,182,198
255,191,207,241,181,207
255,191,215,241,180,217
255,191,223,240,178,226
255,191,231,238,175,235
255,191,239,235,173,243
255,191,247,231,170,250
255,191,255,227,166,255
255,199,0,238,181,49
255,199,7,238,181,53
255,199,15,239,182,57
255,199,23,239,182,63
255,199,31,240,183,70
255,199,39,240,184,75
255,199,47,241,185,81
255,199,55,242,186,87
255,199,63,243,188,95
255,199,71,243,189,100
255,199,79,244,190,106
255,199,87,244,191,112
255,199,95,244,192,118
255,199,103,245,193,124
255,199,111,245,193,130
255,199,119,245,193,135
255,199,127,245,194,141
255,199,135,245,194,146
255,199,143,245,193,152
255,199,151,244,193,159
255,199,159,244,193,165
255,199,167,244,193,171
255,199,175,243,192,177
255,199,183,243,192,183
255,199,191,243,192,190
255,199,199,243,191,197
255,199,207,242,190,206
255,199,215,243,189,215
255,199,223,242,187,225
255,199,231,240,185,234
255,199,239,237,182,242
255,199,247,233,179,250
255,199,255,230,175,253
255,207,0,239,189,51
255,207,7,239,189,54
255,207,15,240,190,58
255,207,23,240,190,63
255,207,31,241,191,71
255,207,39,241,192,79
255,207,47,242,193,83
255,207,55,243,195,89
255,207,63,244,196,95
255,207,71,244,197,101
255,207,79,245,198,107
255,207,87,245,200,113
255,207,95,246,201,119
255,207,103,246,201,125
255,207,111,247,202,131
255,207,119,247,202,137
255,207,127,247,202,143
255,207,135,247,203,148
255,207,143,247,202,154
255,207,151,247,202,160
255,207,159,246,202,166
255,207,167,246,202,172
255,207,175,246,202,178
255,207,183,245,201,184
255,207,191,245,201,191
255,207,199,244,200,197
255,207,207,244,199,205
255,207,215,244,199,214
255,207,223,243,197,223
255,207,231,242,195,232
255,207,239,239,193,241
255,207,247,235,189,248
255,207,255,232,185,253
255,215,0,240,196,53
255,215,7,240,197,56
255,215,15,240,197,59
255,215,23,241,198,64
255,215,31,241,199,71
255,215,39,242,200,79
255,215,47,243,201,86
255,215,55,244,203,91
255,215,63,244,204,96
255,215,71,245,205,102
255,215,79,246,207,108
255,215,87,246,208,114
255,215,95,247,209,120
255,215,103,247,210,126
255,215,111,248,210,132
255,215,119,248,211,138
255,215,127,248,211,144
255,215,135,248,211,150
255,215,143,248,211,155
255,215,151,248,211,161
255,215,159,248,211,167
255,215,167,248,211,173
255,215,175,247,211,179
255,215,183,247,211,186
255,215,191,247,210,192
255,215,199,246,210,199
255,215,207,246,209,206
255,215,215,246,209,214
255,215,223,245,208,222
255,215,231,244,206,231
255,215,239,241,203,240
255,215,247,238,200,248
255,215,255,236,197,253
255,223,0,240,204,56
255,223,7,241,204,59
255,223,15,241,205,62
255,223,23,241,205,66
255,223,31,242,206,72
255,223,39,243,208,79
255,223,47,244,209,88
255,223,55,244,210,94
255,223,63,245,212,99
255,223,71,246,213,104
255,223,79,247,214,109
255,223,87,247,215,115
255,223,95,248,217,122
255,223,103,249,218,128
255,223,111,249,218,134
255,223,119,249,219,139
255,223,127,250,219,145
255,223,135,250,220,151
255,223,143,250,220,156
255,223,151,250,220,162
255,223,159,250,220,168
255,223,167,250,219,174
255,223,175,250,219,180
255,223,183,249,220,187
255,223,191,249,220,193
255,223,199,249,220,200
255,223,207,248,219,207
255,223,215,248,219,214
255,223,223,247,218,222
255,223,231,246,217,230
255,223,239,245,215,239
255,223,247,242,212,247
255,223,255,239,209,253
255,231,0,240,211,60
255,231,7,241,211,62
255,231,15,241,212,65
255,231,23,241,212,68
255,231,31,242,213,73
255,231,39,243,215,79
255,231,47,244,216,87
255,231,55,245,217,95
255,231,63,245,219,100
255,231,71,246,220,105
255,231,79,247,222,110
255,231,87,248,223,115
255,231,95,248,224,122
255,231,103,249,225,129
255,231,111,249,226,135
255,231,119,250,227,141
255,231,127,250,227,146
255,231,135,250,228,152
255,231,143,251,228,158
255,231,151,251,228,164
255,231,159,251,228,170
255,231,167,251,228,176
255,231,175,251,228,182
255,231,183,251,228,188
255,231,191,251,229,195
255,231,199,251,229,201
255,231,207,250,229,208
255,231,215,250,229,215
255,231,223,250,229,222
255,231,231,249,228,230
255,231,239,248,226,239
255,231,247,245,223,247
255,231,255,243,221,254
255,239,0,239,218,61
255,239,7,240,219,64
255,239,15,240,219,69
255,239,23,240,220,72
255,239,31,241,221,76
255,239,39,242,222,81
255,239,47,243,223,87
255,239,55,244,225,94
255,239,63,245,226,101
255,239,71,246,228,106
255,239,79,247,229,110
255,239,87,248,230,115
255,239,95,249,231,121
255,239,103,249,232,128
255,239,111,250,234,136
255,239,119,251,234,142
255,239,127,251,235,148
255,239,135,252,235,154
255,239,143,252,236,159
255,239,151,252,236,165
255,239,159,252,236,171
255,239,167,252,236,177
255,239,175,252,237,183
255,239,183,251,237,189
255,239,191,251,237,196
255,239,199,251,238,202
255,239,207,251,238,209
255,239,215,251,239,216
255,239,223,251,239,223
255,239,231,251,238,230
255,239,239,250,237,238
255,239,247,248,235,247
255,239,255,247,232,253
255,247,0,238,226,59
255,247,7,238,226,63
255,247,15,238,227,67
255,247,23,239,227,72
255,247,31,240,228,78
255,247,39,241,229,82
255,247,47,242,230,87
255,247,55,243,232,92
255,247,63,244,233,99
255,247,71,245,235,105
255,247,79,246,236,109
255,247,87,247,237,114
255,247,95,249,239,119
255,247,103,250,240,127
255,247,111,251,241,135
255,247,119,251,241,143
255,247,127,251,242,149
255,247,135,252,243,155
255,247,143,252,243,161
255,247,151,252,243,167
255,247,159,252,244,173
255,247,167,253,244,179
255,247,175,253,245,185
255,247,183,254,245,191
255,247,191,254,246,197
255,247,199,253,246,203
255,247,207,253,247,210
255,247,215,254,248,217
255,247,223,254,248,223
255,247,231,253,248,230
255,247,239,252,247,238
255,247,247,251,246,247
255,247,255,249,243,253
255,255,0,236,232,59
255,255,7,237,233,61
255,255,15,237,233,65
255,255,23,238,234,69
255,255,31,239,235,76
255,255,39,240,236,83
255,255,47,240,237,86
255,255,55,241,239,91
255,255,63,243,240,96
255,255,71,244,242,101
255,255,79,245,243,106
255,255,87,246,244,111
255,255,95,247,245,117
255,255,103,248,246,123
255,255,111,249,247,132
255,255,119,250,248,142
255,255,127,251,249,149
255,255,135,251,249,156
255,255,143,252,250,162
255,255,151,252,250,168
255,255,159,253,251,174
255,255,167,253,251,180
255,255,175,253,252,186
255,255,183,253,252,192
255,255,191,253,252,199
255,255,199,253,253,205
255,255,207,253,253,211
255,255,215,253,254,217
255,255,223,254,254,224
255,255,231,254,254,231
255,255,239,254,254,238
255,255,247,254,255,246
255,255,255,255,255,255
