3D,ASK-1500,Reference,V050614,sRGB-hRGB-fPD-Lab,CDK3_GM3-9_S-1_Off1_V_Bk_W5,V050602-S1.5M
0,0,0,0,0,0
0,0,7,1,1,10
0,0,15,1,1,18
0,0,23,1,1,29
0,0,31,2,1,39
0,0,39,2,1,49
0,0,47,2,2,60
0,0,55,2,3,72
0,0,63,2,3,83
0,0,71,3,4,95
0,0,79,3,5,107
0,0,87,3,6,118
0,0,95,4,7,129
0,0,103,4,8,139
0,0,111,5,9,149
0,0,119,5,10,158
0,0,127,6,10,167
0,0,135,6,11,175
0,0,143,7,12,184
0,0,151,7,12,193
0,0,159,8,13,201
0,0,167,8,14,209
0,0,175,9,15,216
0,0,183,10,16,223
0,0,191,11,17,229
0,0,199,12,18,235
0,0,207,12,18,240
0,0,215,13,19,245
0,0,223,14,20,248
0,0,231,14,20,251
0,0,239,14,20,254
0,0,247,14,21,255
0,0,255,14,21,255
0,7,0,2,9,2
0,7,7,2,9,8
0,7,15,2,9,16
0,7,23,3,8,25
0,7,31,3,8,34
0,7,39,3,9,43
0,7,47,3,8,55
0,7,55,4,9,66
0,7,63,4,10,77
0,7,71,4,10,88
0,7,79,5,11,100
0,7,87,5,12,111
0,7,95,5,13,122
0,7,103,6,14,133
0,7,111,6,15,143
0,7,119,7,16,153
0,7,127,8,17,162
0,7,135,8,17,171
0,7,143,8,18,181
0,7,151,9,19,190
0,7,159,10,20,198
0,7,167,10,21,206
0,7,175,11,22,214
0,7,183,12,23,222
0,7,191,13,24,228
0,7,199,13,24,234
0,7,207,14,25,240
0,7,215,15,26,245
0,7,223,15,26,249
0,7,231,15,27,252
0,7,239,16,27,254
0,7,247,16,27,255
0,7,255,15,27,255
0,15,0,3,19,1
0,15,7,3,18,6
0,15,15,4,17,13
0,15,23,4,17,21
0,15,31,4,16,30
0,15,39,5,15,39
0,15,47,5,16,48
0,15,55,5,16,59
0,15,63,6,17,70
0,15,71,6,17,81
0,15,79,7,18,92
0,15,87,7,19,103
0,15,95,7,20,114
0,15,103,8,21,125
0,15,111,9,22,136
0,15,119,9,23,146
0,15,127,10,23,156
0,15,135,10,24,166
0,15,143,10,25,176
0,15,151,11,26,186
0,15,159,11,27,195
0,15,167,12,28,203
0,15,175,13,29,212
0,15,183,14,30,219
0,15,191,14,31,226
0,15,199,15,32,233
0,15,207,16,32,239
0,15,215,16,33,244
0,15,223,17,34,248
0,15,231,17,34,252
0,15,239,17,34,254
0,15,247,17,34,255
0,15,255,17,34,255
0,23,0,4,27,0
0,23,7,4,25,4
0,23,15,5,24,10
0,23,23,5,24,17
0,23,31,6,23,26
0,23,39,6,23,34
0,23,47,7,23,44
0,23,55,7,23,53
0,23,63,8,24,63
0,23,71,8,24,74
0,23,79,9,25,85
0,23,87,9,26,96
0,23,95,9,26,107
0,23,103,10,27,118
0,23,111,10,28,129
0,23,119,11,29,139
0,23,127,11,30,150
0,23,135,12,31,160
0,23,143,12,32,171
0,23,151,13,33,181
0,23,159,13,34,190
0,23,167,14,35,200
0,23,175,14,36,208
0,23,183,15,37,217
0,23,191,16,38,224
0,23,199,16,39,231
0,23,207,17,39,237
0,23,215,18,40,243
0,23,223,18,40,248
0,23,231,18,41,251
0,23,239,18,41,254
0,23,247,18,41,255
0,23,255,17,40,255
0,31,0,5,35,0
0,31,7,6,34,2
0,31,15,6,33,8
0,31,23,7,32,14
0,31,31,8,31,22
0,31,39,8,30,30
0,31,47,9,30,39
0,31,55,9,30,48
0,31,63,9,31,57
0,31,71,10,31,67
0,31,79,10,32,78
0,31,87,11,32,89
0,31,95,11,33,100
0,31,103,12,34,111
0,31,111,12,35,122
0,31,119,13,36,133
0,31,127,13,37,144
0,31,135,14,38,154
0,31,143,14,39,165
0,31,151,14,40,176
0,31,159,15,41,186
0,31,167,15,42,196
0,31,175,16,43,205
0,31,183,17,44,213
0,31,191,17,44,221
0,31,199,18,45,229
0,31,207,18,46,236
0,31,215,19,46,242
0,31,223,19,47,247
0,31,231,19,47,251
0,31,239,19,47,254
0,31,247,19,47,255
0,31,255,18,47,255
0,39,0,7,44,0
0,39,7,8,42,2
0,39,15,8,41,6
0,39,23,9,39,12
0,39,31,9,38,19
0,39,39,10,38,26
0,39,47,10,37,34
0,39,55,11,37,43
0,39,63,11,38,53
0,39,71,12,38,61
0,39,79,12,38,72
0,39,87,13,39,82
0,39,95,13,40,93
0,39,103,14,41,104
0,39,111,14,42,115
0,39,119,14,43,126
0,39,127,15,44,137
0,39,135,15,45,148
0,39,143,15,46,160
0,39,151,16,47,171
0,39,159,16,48,181
0,39,167,17,49,191
0,39,175,17,49,201
0,39,183,18,50,210
0,39,191,18,51,218
0,39,199,19,51,226
0,39,207,19,52,233
0,39,215,20,52,240
0,39,223,20,53,245
0,39,231,20,53,250
0,39,239,20,53,253
0,39,247,19,53,255
0,39,255,19,52,255
0,47,0,9,52,0
0,47,7,9,51,1
0,47,15,10,49,4
0,47,23,10,47,9
0,47,31,11,46,16
0,47,39,11,45,23
0,47,47,12,45,30
0,47,55,13,44,39
0,47,63,13,45,48
0,47,71,14,45,57
0,47,79,14,45,66
0,47,87,15,46,76
0,47,95,15,47,87
0,47,103,15,47,97
0,47,111,16,48,108
0,47,119,16,49,120
0,47,127,16,50,131
0,47,135,17,51,142
0,47,143,17,52,154
0,47,151,17,53,165
0,47,159,18,54,176
0,47,167,18,55,186
0,47,175,18,56,196
0,47,183,19,56,206
0,47,191,19,57,215
0,47,199,20,57,223
0,47,207,20,58,231
0,47,215,20,58,238
0,47,223,20,58,243
0,47,231,20,58,248
0,47,239,20,58,253
0,47,247,20,58,255
0,47,255,19,57,255
0,55,0,11,61,0
0,55,7,11,59,1
0,55,15,12,56,3
0,55,23,12,55,7
0,55,31,13,54,12
0,55,39,13,53,20
0,55,47,14,52,27
0,55,55,14,52,35
0,55,63,15,52,43
0,55,71,15,52,52
0,55,79,16,52,61
0,55,87,16,53,70
0,55,95,17,53,81
0,55,103,17,54,91
0,55,111,17,55,102
0,55,119,18,56,113
0,55,127,18,57,125
0,55,135,18,58,136
0,55,143,18,59,148
0,55,151,18,60,159
0,55,159,19,60,170
0,55,167,19,61,181
0,55,175,19,62,191
0,55,183,20,62,201
0,55,191,20,63,211
0,55,199,20,63,219
0,55,207,21,64,228
0,55,215,21,64,235
0,55,223,21,64,241
0,55,231,21,64,247
0,55,239,20,63,251
0,55,247,20,63,255
0,55,255,19,62,255
0,63,0,13,68,0
0,63,7,13,66,1
0,63,15,13,64,2
0,63,23,14,62,6
0,63,31,14,61,10
0,63,39,15,60,16
0,63,47,15,59,23
0,63,55,16,59,31
0,63,63,16,59,39
0,63,71,17,59,47
0,63,79,17,59,56
0,63,87,18,59,66
0,63,95,18,60,75
0,63,103,19,61,85
0,63,111,19,62,96
0,63,119,19,63,107
0,63,127,19,64,118
0,63,135,19,64,130
0,63,143,19,65,142
0,63,151,20,66,153
0,63,159,20,67,164
0,63,167,20,67,175
0,63,175,20,68,186
0,63,183,21,68,197
0,63,191,21,69,206
0,63,199,21,69,215
0,63,207,21,69,224
0,63,215,21,69,232
0,63,223,21,69,239
0,63,231,21,69,245
0,63,239,21,69,250
0,63,247,20,68,254
0,63,255,20,68,255
0,71,0,14,76,0
0,71,7,15,74,1
0,71,15,15,72,2
0,71,23,15,70,5
0,71,31,16,68,9
0,71,39,16,67,14
0,71,47,17,66,20
0,71,55,17,66,27
0,71,63,18,66,35
0,71,71,18,66,43
0,71,79,19,66,52
0,71,87,19,66,61
0,71,95,20,67,71
0,71,103,20,68,80
0,71,111,20,68,90
0,71,119,20,69,101
0,71,127,21,70,112
0,71,135,21,71,124
0,71,143,21,72,135
0,71,151,21,73,147
0,71,159,21,73,159
0,71,167,21,74,170
0,71,175,21,74,181
0,71,183,21,74,192
0,71,191,22,75,202
0,71,199,22,75,211
0,71,207,22,75,220
0,71,215,22,75,229
0,71,223,22,75,236
0,71,231,21,74,243
0,71,239,21,74,248
0,71,247,20,74,253
0,71,255,20,73,255
0,79,0,16,84,0
0,79,7,16,81,1
0,79,15,17,79,2
0,79,23,17,77,4
0,79,31,18,76,8
0,79,39,18,74,12
0,79,47,18,74,18
0,79,55,19,73,24
0,79,63,19,73,31
0,79,71,20,73,39
0,79,79,20,73,48
0,79,87,21,73,56
0,79,95,21,74,66
0,79,103,21,74,75
0,79,111,22,75,85
0,79,119,22,76,95
0,79,127,22,77,106
0,79,135,22,78,118
0,79,143,22,78,129
0,79,151,22,79,141
0,79,159,22,79,152
0,79,167,22,80,164
0,79,175,22,80,175
0,79,183,22,81,186
0,79,191,22,81,197
0,79,199,22,81,207
0,79,207,22,81,216
0,79,215,22,81,225
0,79,223,22,80,233
0,79,231,22,80,240
0,79,239,21,79,246
0,79,247,21,79,252
0,79,255,20,78,255
0,87,0,18,91,0
0,87,7,18,88,1
0,87,15,18,86,2
0,87,23,19,84,3
0,87,31,19,83,7
0,87,39,19,82,11
0,87,47,20,81,16
0,87,55,20,80,22
0,87,63,21,80,28
0,87,71,21,80,35
0,87,79,22,80,43
0,87,87,22,80,52
0,87,95,22,81,61
0,87,103,23,82,71
0,87,111,23,82,80
0,87,119,23,83,90
0,87,127,23,84,101
0,87,135,23,84,112
0,87,143,23,85,123
0,87,151,23,86,135
0,87,159,23,86,146
0,87,167,23,86,158
0,87,175,23,86,169
0,87,183,23,87,181
0,87,191,23,87,191
0,87,199,23,87,202
0,87,207,23,87,212
0,87,215,23,86,221
0,87,223,22,86,229
0,87,231,22,85,237
0,87,239,22,85,244
0,87,247,21,84,250
0,87,255,20,84,255
0,95,0,20,98,0
0,95,7,20,95,1
0,95,15,20,93,2
0,95,23,20,91,3
0,95,31,20,90,6
0,95,39,21,89,10
0,95,47,21,88,15
0,95,55,22,88,20
0,95,63,22,87,26
0,95,71,22,87,33
0,95,79,23,87,40
0,95,87,23,88,48
0,95,95,24,88,57
0,95,103,24,89,66
0,95,111,24,89,76
0,95,119,24,90,85
0,95,127,24,91,95
0,95,135,24,91,106
0,95,143,24,92,117
0,95,151,24,92,128
0,95,159,24,93,140
0,95,167,24,93,151
0,95,175,24,93,163
0,95,183,24,93,175
0,95,191,24,93,186
0,95,199,24,93,196
0,95,207,23,93,207
0,95,215,23,92,217
0,95,223,23,92,226
0,95,231,22,92,234
0,95,239,22,91,242
0,95,247,21,90,249
0,95,255,21,90,254
0,103,0,21,104,0
0,103,7,21,102,1
0,103,15,21,100,2
0,103,23,21,98,3
0,103,31,22,97,6
0,103,39,22,96,10
0,103,47,22,95,14
0,103,55,23,95,19
0,103,63,23,95,25
0,103,71,24,95,31
0,103,79,24,95,38
0,103,87,24,95,45
0,103,95,25,95,53
0,103,103,25,96,61
0,103,111,25,97,70
0,103,119,25,97,80
0,103,127,25,98,90
0,103,135,25,98,100
0,103,143,25,99,111
0,103,151,25,99,122
0,103,159,25,99,134
0,103,167,25,100,145
0,103,175,24,100,157
0,103,183,24,100,169
0,103,191,24,99,180
0,103,199,24,99,191
0,103,207,24,99,202
0,103,215,24,99,212
0,103,223,23,98,222
0,103,231,23,98,231
0,103,239,23,97,239
0,103,247,22,97,247
0,103,255,21,96,253
0,111,0,23,110,0
0,111,7,22,108,1
0,111,15,22,107,2
0,111,23,23,105,3
0,111,31,23,104,6
0,111,39,23,103,10
0,111,47,23,102,14
0,111,55,24,102,18
0,111,63,24,102,24
0,111,71,25,102,29
0,111,79,25,102,36
0,111,87,25,103,43
0,111,95,26,103,50
0,111,103,26,104,58
0,111,111,26,104,67
0,111,119,26,105,76
0,111,127,26,105,85
0,111,135,26,106,95
0,111,143,26,106,105
0,111,151,26,106,116
0,111,159,26,107,127
0,111,167,25,107,139
0,111,175,25,107,150
0,111,183,25,107,162
0,111,191,25,106,174
0,111,199,25,106,185
0,111,207,25,106,197
0,111,215,24,106,208
0,111,223,24,105,218
0,111,231,24,105,228
0,111,239,23,104,237
0,111,247,23,104,245
0,111,255,22,103,252
0,119,0,24,116,0
0,119,7,24,115,1
0,119,15,24,113,2
0,119,23,24,112,4
0,119,31,24,111,7
0,119,39,24,110,10
0,119,47,24,110,14
0,119,55,25,110,18
0,119,63,25,110,23
0,119,71,25,110,29
0,119,79,26,110,34
0,119,87,26,110,41
0,119,95,27,111,48
0,119,103,27,111,55
0,119,111,27,112,63
0,119,119,27,112,72
0,119,127,27,113,81
0,119,135,27,113,90
0,119,143,27,114,100
0,119,151,27,114,110
0,119,159,27,114,121
0,119,167,26,114,132
0,119,175,26,114,144
0,119,183,26,114,156
0,119,191,26,114,167
0,119,199,26,113,179
0,119,207,26,113,191
0,119,215,25,113,202
0,119,223,25,113,213
0,119,231,25,112,224
0,119,239,24,112,234
0,119,247,24,111,243
0,119,255,23,111,251
0,127,0,25,122,0
0,127,7,25,121,1
0,127,15,25,119,2
0,127,23,24,118,4
0,127,31,24,118,7
0,127,39,25,117,10
0,127,47,25,117,14
0,127,55,25,117,18
0,127,63,26,117,22
0,127,71,26,117,27
0,127,79,27,118,33
0,127,87,27,118,39
0,127,95,27,118,46
0,127,103,28,119,53
0,127,111,28,119,60
0,127,119,28,120,68
0,127,127,28,120,77
0,127,135,28,121,85
0,127,143,28,121,95
0,127,151,28,121,104
0,127,159,28,121,115
0,127,167,28,122,126
0,127,175,27,121,137
0,127,183,27,121,149
0,127,191,27,121,161
0,127,199,27,121,173
0,127,207,27,121,185
0,127,215,26,121,197
0,127,223,26,120,209
0,127,231,26,120,220
0,127,239,25,119,230
0,127,247,25,119,241
0,127,255,24,119,250
0,135,0,27,128,0
0,135,7,26,127,1
0,135,15,26,126,2
0,135,23,25,125,4
0,135,31,25,125,6
0,135,39,25,124,10
0,135,47,25,124,13
0,135,55,26,124,17
0,135,63,26,124,21
0,135,71,26,125,26
0,135,79,27,125,31
0,135,87,27,126,37
0,135,95,28,126,43
0,135,103,28,126,50
0,135,111,29,127,57
0,135,119,29,127,65
0,135,127,29,128,73
0,135,135,29,128,81
0,135,143,29,129,90
0,135,151,29,129,99
0,135,159,29,129,109
0,135,167,29,129,120
0,135,175,29,129,131
0,135,183,29,129,143
0,135,191,29,129,155
0,135,199,28,129,167
0,135,207,28,129,179
0,135,215,28,128,191
0,135,223,27,128,204
0,135,231,27,128,215
0,135,239,26,127,227
0,135,247,26,127,238
0,135,255,25,127,249
0,143,0,28,133,0
0,143,7,27,132,1
0,143,15,26,132,2
0,143,23,26,132,4
0,143,31,26,131,6
0,143,39,25,131,9
0,143,47,26,131,12
0,143,55,26,132,16
0,143,63,26,132,20
0,143,71,26,132,24
0,143,79,27,132,29
0,143,87,28,133,35
0,143,95,28,133,41
0,143,103,29,134,47
0,143,111,29,134,54
0,143,119,29,135,61
0,143,127,30,135,69
0,143,135,30,136,77
0,143,143,30,136,85
0,143,151,30,137,94
0,143,159,30,137,104
0,143,167,30,137,114
0,143,175,30,137,125
0,143,183,30,137,137
0,143,191,30,137,149
0,143,199,30,137,161
0,143,207,30,137,173
0,143,215,29,136,186
0,143,223,29,136,198
0,143,231,28,136,211
0,143,239,27,135,223
0,143,247,27,135,236
0,143,255,26,135,248
0,151,0,29,139,0
0,151,7,28,138,1
0,151,15,27,138,2
0,151,23,26,138,3
0,151,31,25,138,6
0,151,39,25,138,8
0,151,47,25,138,11
0,151,55,25,139,15
0,151,63,26,139,19
0,151,71,26,139,23
0,151,79,27,140,27
0,151,87,27,140,33
0,151,95,28,141,38
0,151,103,29,141,44
0,151,111,29,141,51
0,151,119,30,142,58
0,151,127,30,142,65
0,151,135,31,143,73
0,151,143,31,144,81
0,151,151,32,144,89
0,151,159,32,145,99
0,151,167,32,145,109
0,151,175,32,145,119
0,151,183,32,145,131
0,151,191,32,145,142
0,151,199,32,145,154
0,151,207,31,145,167
0,151,215,31,144,180
0,151,223,30,144,193
0,151,231,29,144,206
0,151,239,29,143,219
0,151,247,28,143,233
0,151,255,27,143,246
0,159,0,29,144,0
0,159,7,27,144,1
0,159,15,26,145,2
0,159,23,25,145,3
0,159,31,25,145,5
0,159,39,24,145,8
0,159,47,24,146,11
0,159,55,25,146,14
0,159,63,25,146,17
0,159,71,25,147,22
0,159,79,26,147,26
0,159,87,27,147,31
0,159,95,28,148,36
0,159,103,28,148,42
0,159,111,29,149,48
0,159,119,30,149,55
0,159,127,30,150,62
0,159,135,31,150,69
0,159,143,32,151,77
0,159,151,33,152,85
0,159,159,33,152,94
0,159,167,33,152,104
0,159,175,34,152,114
0,159,183,34,152,125
0,159,191,33,152,136
0,159,199,33,152,148
0,159,207,33,152,161
0,159,215,32,152,174
0,159,223,32,152,187
0,159,231,31,151,201
0,159,239,30,151,215
0,159,247,29,151,229
0,159,255,28,151,244
0,167,0,28,150,0
0,167,7,26,150,1
0,167,15,25,151,2
0,167,23,24,151,3
0,167,31,24,152,5
0,167,39,23,152,8
0,167,47,23,153,10
0,167,55,24,153,13
0,167,63,24,153,17
0,167,71,25,154,20
0,167,79,25,154,25
0,167,87,26,154,29
0,167,95,27,155,34
0,167,103,28,155,40
0,167,111,29,156,46
0,167,119,30,156,52
0,167,127,31,157,59
0,167,135,32,158,66
0,167,143,33,158,73
0,167,151,34,159,81
0,167,159,34,159,90
0,167,167,35,160,99
0,167,175,35,160,109
0,167,183,35,160,119
0,167,191,35,160,131
0,167,199,35,160,142
0,167,207,34,160,155
0,167,215,34,160,168
0,167,223,33,159,182
0,167,231,33,159,196
0,167,239,32,159,210
0,167,247,31,159,225
0,167,255,30,159,241
0,175,0,27,156,0
0,175,7,25,157,1
0,175,15,24,157,2
0,175,23,23,158,4
0,175,31,22,159,6
0,175,39,22,159,8
0,175,47,22,160,10
0,175,55,22,160,13
0,175,63,23,160,16
0,175,71,23,161,20
0,175,79,24,161,23
0,175,87,25,161,28
0,175,95,27,162,33
0,175,103,28,162,38
0,175,111,29,163,44
0,175,119,30,163,50
0,175,127,31,164,56
0,175,135,32,165,63
0,175,143,33,166,70
0,175,151,34,166,77
0,175,159,35,167,85
0,175,167,36,167,94
0,175,175,36,167,104
0,175,183,36,167,114
0,175,191,36,167,125
0,175,199,36,167,137
0,175,207,36,167,149
0,175,215,36,167,162
0,175,223,35,167,176
0,175,231,34,167,190
0,175,239,34,167,206
0,175,247,33,167,222
0,175,255,32,167,238
0,183,0,25,162,0
0,183,7,23,163,1
0,183,15,22,164,3
0,183,23,21,165,4
0,183,31,20,165,6
0,183,39,20,166,8
0,183,47,20,167,10
0,183,55,21,167,13
0,183,63,21,167,16
0,183,71,22,168,19
0,183,79,23,168,23
0,183,87,25,168,27
0,183,95,26,169,31
0,183,103,27,169,36
0,183,111,28,170,42
0,183,119,30,170,48
0,183,127,31,171,54
0,183,135,32,172,60
0,183,143,34,173,67
0,183,151,35,173,74
0,183,159,36,174,82
0,183,167,37,174,90
0,183,175,37,174,99
0,183,183,38,175,109
0,183,191,38,175,120
0,183,199,38,175,131
0,183,207,38,175,143
0,183,215,37,175,157
0,183,223,37,175,170
0,183,231,36,175,185
0,183,239,36,175,201
0,183,247,35,175,217
0,183,255,34,175,235
0,191,0,24,168,1
0,191,7,22,169,2
0,191,15,20,170,3
0,191,23,19,171,4
0,191,31,19,172,6
0,191,39,19,173,8
0,191,47,19,173,10
0,191,55,20,174,13
0,191,63,20,174,15
0,191,71,21,175,18
0,191,79,23,175,22
0,191,87,24,175,26
0,191,95,25,175,30
0,191,103,27,176,35
0,191,111,28,176,40
0,191,119,30,177,46
0,191,127,31,178,52
0,191,135,33,179,58
0,191,143,34,180,64
0,191,151,36,180,71
0,191,159,37,181,78
0,191,167,38,181,86
0,191,175,38,182,95
0,191,183,39,182,105
0,191,191,39,182,115
0,191,199,39,182,126
0,191,207,39,182,138
0,191,215,39,182,151
0,191,223,38,182,165
0,191,231,38,182,180
0,191,239,37,182,196
0,191,247,37,183,213
0,191,255,36,183,231
0,199,0,22,174,1
0,199,7,21,176,2
0,199,15,19,177,3
0,199,23,18,178,5
0,199,31,18,179,6
0,199,39,18,180,8
0,199,47,18,180,10
0,199,55,19,181,13
0,199,63,19,181,15
0,199,71,21,181,18
0,199,79,22,182,21
0,199,87,23,182,25
0,199,95,25,182,29
0,199,103,27,183,34
0,199,111,28,183,39
0,199,119,30,184,44
0,199,127,31,185,50
0,199,135,33,185,56
0,199,143,35,186,62
0,199,151,36,187,68
0,199,159,38,188,75
0,199,167,39,188,83
0,199,175,39,188,91
0,199,183,40,189,100
0,199,191,40,189,110
0,199,199,40,189,121
0,199,207,40,189,133
0,199,215,40,189,146
0,199,223,39,190,160
0,199,231,39,190,175
0,199,239,39,190,191
0,199,247,38,191,209
0,199,255,38,191,228
0,207,0,21,181,2
0,207,7,19,182,3
0,207,15,18,184,4
0,207,23,17,185,5
0,207,31,16,186,7
0,207,39,16,187,9
0,207,47,17,187,11
0,207,55,18,188,13
0,207,63,19,188,15
0,207,71,20,188,18
0,207,79,21,188,21
0,207,87,23,188,24
0,207,95,25,189,28
0,207,103,26,189,33
0,207,111,28,190,37
0,207,119,30,190,42
0,207,127,32,191,48
0,207,135,33,192,54
0,207,143,35,193,59
0,207,151,37,194,66
0,207,159,38,194,72
0,207,167,39,195,80
0,207,175,40,195,88
0,207,183,40,196,96
0,207,191,41,196,106
0,207,199,41,196,117
0,207,207,41,196,128
0,207,215,41,197,141
0,207,223,41,197,155
0,207,231,40,197,170
0,207,239,40,198,187
0,207,247,40,199,205
0,207,255,40,199,224
0,215,0,20,187,2
0,215,7,18,189,3
0,215,15,17,191,5
0,215,23,16,192,6
0,215,31,16,193,7
0,215,39,16,194,9
0,215,47,16,194,11
0,215,55,17,194,13
0,215,63,18,195,15
0,215,71,19,195,18
0,215,79,21,195,21
0,215,87,23,195,24
0,215,95,25,195,28
0,215,103,26,195,32
0,215,111,28,196,36
0,215,119,30,197,41
0,215,127,32,198,47
0,215,135,34,199,52
0,215,143,36,199,58
0,215,151,37,200,64
0,215,159,39,201,70
0,215,167,40,201,77
0,215,175,40,202,85
0,215,183,41,202,93
0,215,191,41,203,102
0,215,199,41,203,113
0,215,207,42,203,124
0,215,215,41,204,136
0,215,223,41,204,150
0,215,231,41,205,166
0,215,239,41,206,182
0,215,247,41,207,201
0,215,255,41,208,221
0,223,0,20,194,2
0,223,7,19,196,4
0,223,15,17,198,5
0,223,23,16,199,6
0,223,31,16,200,8
0,223,39,16,201,9
0,223,47,16,201,11
0,223,55,17,201,13
0,223,63,18,201,15
0,223,71,20,201,18
0,223,79,21,201,21
0,223,87,23,201,24
0,223,95,25,201,27
0,223,103,27,201,31
0,223,111,29,202,35
0,223,119,30,203,40
0,223,127,32,204,45
0,223,135,34,205,51
0,223,143,36,206,56
0,223,151,38,206,62
0,223,159,39,207,68
0,223,167,40,208,75
0,223,175,41,208,82
0,223,183,41,209,90
0,223,191,41,209,99
0,223,199,42,210,109
0,223,207,42,210,120
0,223,215,42,211,132
0,223,223,42,212,146
0,223,231,42,213,161
0,223,239,42,214,178
0,223,247,42,215,197
0,223,255,42,216,217
0,231,0,21,201,3
0,231,7,19,203,4
0,231,15,18,205,5
0,231,23,17,206,7
0,231,31,16,207,8
0,231,39,16,208,10
0,231,47,17,208,11
0,231,55,18,208,13
0,231,63,19,208,15
0,231,71,20,208,18
0,231,79,22,207,20
0,231,87,24,207,23
0,231,95,26,207,27
0,231,103,28,207,30
0,231,111,29,208,35
0,231,119,31,209,39
0,231,127,33,210,44
0,231,135,35,211,50
0,231,143,36,212,55
0,231,151,38,212,60
0,231,159,39,213,66
0,231,167,40,214,73
0,231,175,41,214,80
0,231,183,41,215,87
0,231,191,41,216,96
0,231,199,42,216,105
0,231,207,42,217,116
0,231,215,42,218,128
0,231,223,42,219,142
0,231,231,42,220,157
0,231,239,42,222,174
0,231,247,42,223,193
0,231,255,43,225,214
0,239,0,23,209,3
0,239,7,21,211,4
0,239,15,19,212,5
0,239,23,18,213,7
0,239,31,18,214,8
0,239,39,18,215,10
0,239,47,18,215,12
0,239,55,19,214,14
0,239,63,20,214,16
0,239,71,22,214,18
0,239,79,23,214,21
0,239,87,25,213,23
0,239,95,27,213,27
0,239,103,29,213,30
0,239,111,30,214,34
0,239,119,32,214,39
0,239,127,34,215,43
0,239,135,35,216,49
0,239,143,37,217,54
0,239,151,38,218,59
0,239,159,39,219,65
0,239,167,40,220,71
0,239,175,41,220,78
0,239,183,41,221,85
0,239,191,41,222,93
0,239,199,41,223,103
0,239,207,41,224,113
0,239,215,41,225,125
0,239,223,41,226,138
0,239,231,42,228,153
0,239,239,42,229,170
0,239,247,42,231,190
0,239,255,43,234,211
0,247,0,25,216,2
0,247,7,23,218,4
0,247,15,22,220,5
0,247,23,21,221,7
0,247,31,20,221,9
0,247,39,20,222,10
0,247,47,20,221,12
0,247,55,21,221,14
0,247,63,22,221,16
0,247,71,23,220,18
0,247,79,25,220,21
0,247,87,27,219,23
0,247,95,28,219,26
0,247,103,30,219,30
0,247,111,32,219,34
0,247,119,33,220,38
0,247,127,35,221,43
0,247,135,36,222,48
0,247,143,37,223,53
0,247,151,39,224,59
0,247,159,39,224,64
0,247,167,40,225,70
0,247,175,40,226,76
0,247,183,40,227,83
0,247,191,40,228,91
0,247,199,40,229,100
0,247,207,40,230,110
0,247,215,40,232,122
0,247,223,40,233,135
0,247,231,41,235,150
0,247,239,41,237,167
0,247,247,42,240,186
0,247,255,43,243,208
0,255,0,30,224,2
0,255,7,27,226,3
0,255,15,25,228,5
0,255,23,24,228,7
0,255,31,23,229,9
0,255,39,23,229,10
0,255,47,23,228,12
0,255,55,24,228,14
0,255,63,25,227,16
0,255,71,26,226,18
0,255,79,28,225,21
0,255,87,29,225,23
0,255,95,31,224,26
0,255,103,32,224,30
0,255,111,33,224,33
0,255,119,35,225,38
0,255,127,36,226,43
0,255,135,37,227,48
0,255,143,38,228,53
0,255,151,39,229,58
0,255,159,39,230,64
0,255,167,39,231,70
0,255,175,39,232,75
0,255,183,39,233,82
0,255,191,39,234,90
0,255,199,39,235,98
0,255,207,39,237,108
0,255,215,39,238,119
0,255,223,39,240,132
0,255,231,39,243,148
0,255,239,40,245,164
0,255,247,40,248,184
0,255,255,41,252,206
7,0,0,4,2,2
7,0,7,4,2,10
7,0,15,4,2,18
7,0,23,5,2,29
7,0,31,7,2,39
7,0,39,6,2,49
7,0,47,7,2,60
7,0,55,8,3,71
7,0,63,8,4,82
7,0,71,8,5,94
7,0,79,8,6,105
7,0,87,8,7,116
7,0,95,8,8,127
7,0,103,8,9,137
7,0,111,8,9,147
7,0,119,9,10,156
7,0,127,9,11,164
7,0,135,9,11,173
7,0,143,10,12,181
7,0,151,10,13,190
7,0,159,10,14,198
7,0,167,11,15,205
7,0,175,12,15,213
7,0,183,12,16,220
7,0,191,13,17,226
7,0,199,14,18,232
7,0,207,14,19,237
7,0,215,15,19,241
7,0,223,15,20,245
7,0,231,15,20,249
7,0,239,15,20,251
7,0,247,15,20,252
7,0,255,15,20,253
7,7,0,5,10,2
7,7,7,5,9,8
7,7,15,6,9,16
7,7,23,7,9,25
7,7,31,7,9,34
7,7,39,8,10,43
7,7,47,8,9,54
7,7,55,9,10,65
7,7,63,10,11,76
7,7,71,10,12,87
7,7,79,10,13,98
7,7,87,10,14,110
7,7,95,10,15,120
7,7,103,10,16,132
7,7,111,10,17,143
7,7,119,11,18,155
7,7,127,11,19,168
7,7,135,11,20,180
7,7,143,11,21,192
7,7,151,11,22,202
7,7,159,11,23,210
7,7,167,11,24,216
7,7,175,12,24,221
7,7,183,13,25,226
7,7,191,14,26,231
7,7,199,14,26,236
7,7,207,15,27,240
7,7,215,16,27,244
7,7,223,16,27,247
7,7,231,17,28,250
7,7,239,17,28,252
7,7,247,17,28,253
7,7,255,17,27,254
7,15,0,7,19,1
7,15,7,7,18,6
7,15,15,7,17,13
7,15,23,8,17,21
7,15,31,9,17,30
7,15,39,9,16,40
7,15,47,11,17,49
7,15,55,12,18,59
7,15,63,12,18,70
7,15,71,13,19,80
7,15,79,13,20,91
7,15,87,13,21,102
7,15,95,13,22,113
7,15,103,13,24,125
7,15,111,13,25,137
7,15,119,13,26,151
7,15,127,13,27,166
7,15,135,13,29,181
7,15,143,13,30,195
7,15,151,12,31,207
7,15,159,13,32,216
7,15,167,13,32,221
7,15,175,14,33,225
7,15,183,14,33,230
7,15,191,15,34,234
7,15,199,16,34,238
7,15,207,17,35,241
7,15,215,17,35,245
7,15,223,18,35,248
7,15,231,18,35,251
7,15,239,18,35,253
7,15,247,18,35,254
7,15,255,18,34,255
7,23,0,8,27,0
7,23,7,9,25,4
7,23,15,10,25,10
7,23,23,9,24,18
7,23,31,9,23,26
7,23,39,11,24,35
7,23,47,12,24,45
7,23,55,13,24,54
7,23,63,14,25,64
7,23,71,15,26,74
7,23,79,16,27,85
7,23,87,16,28,95
7,23,95,16,29,106
7,23,103,16,30,117
7,23,111,16,31,130
7,23,119,16,33,144
7,23,127,16,34,159
7,23,135,15,35,176
7,23,143,15,37,192
7,23,151,15,38,206
7,23,159,15,38,215
7,23,167,15,39,221
7,23,175,15,39,225
7,23,183,16,40,229
7,23,191,17,41,233
7,23,199,17,41,237
7,23,207,18,41,241
7,23,215,18,42,245
7,23,223,19,42,248
7,23,231,19,42,251
7,23,239,19,42,253
7,23,247,19,41,255
7,23,255,19,41,255
7,31,0,11,35,0
7,31,7,11,34,2
7,31,15,11,33,8
7,31,23,12,32,15
7,31,31,13,31,23
7,31,39,12,30,31
7,31,47,12,30,40
7,31,55,13,31,49
7,31,63,14,32,58
7,31,71,16,32,68
7,31,79,17,33,79
7,31,87,19,34,89
7,31,95,19,35,100
7,31,103,18,36,110
7,31,111,18,37,122
7,31,119,18,39,135
7,31,127,18,40,150
7,31,135,18,41,168
7,31,143,18,42,185
7,31,151,18,43,200
7,31,159,18,44,211
7,31,167,18,45,218
7,31,175,18,45,223
7,31,183,18,46,227
7,31,191,18,46,232
7,31,199,19,47,236
7,31,207,19,47,240
7,31,215,20,47,244
7,31,223,20,48,247
7,31,231,20,48,251
7,31,239,20,48,253
7,31,247,20,47,255
7,31,255,20,47,255
7,39,0,13,44,0
7,39,7,14,42,2
7,39,15,14,40,6
7,39,23,14,39,12
7,39,31,14,39,19
7,39,39,14,38,26
7,39,47,14,37,35
7,39,55,14,37,44
7,39,63,15,38,54
7,39,71,16,38,62
7,39,79,17,39,73
7,39,87,19,40,83
7,39,95,21,41,93
7,39,103,21,42,103
7,39,111,21,43,114
7,39,119,21,45,127
7,39,127,21,46,141
7,39,135,21,47,158
7,39,143,21,48,176
7,39,151,21,49,192
7,39,159,20,50,205
7,39,167,20,51,214
7,39,175,20,51,221
7,39,183,20,52,226
7,39,191,20,52,230
7,39,199,20,52,234
7,39,207,20,53,238
7,39,215,21,53,242
7,39,223,21,53,246
7,39,231,21,53,250
7,39,239,21,53,253
7,39,247,21,53,255
7,39,255,21,52,255
7,47,0,15,52,0
7,47,7,16,50,1
7,47,15,16,48,4
7,47,23,16,47,9
7,47,31,16,46,16
7,47,39,15,45,23
7,47,47,15,45,31
7,47,55,16,44,40
7,47,63,16,45,49
7,47,71,17,45,58
7,47,79,18,46,68
7,47,87,20,47,77
7,47,95,21,47,87
7,47,103,24,48,97
7,47,111,25,49,108
7,47,119,25,51,120
7,47,127,24,52,133
7,47,135,24,53,149
7,47,143,24,54,166
7,47,151,24,55,182
7,47,159,23,56,198
7,47,167,23,56,209
7,47,175,22,57,217
7,47,183,22,57,223
7,47,191,21,57,227
7,47,199,21,58,232
7,47,207,21,58,236
7,47,215,22,58,241
7,47,223,22,59,245
7,47,231,22,59,249
7,47,239,22,58,252
7,47,247,22,58,255
7,47,255,21,58,255
7,55,0,18,60,0
7,55,7,17,58,1
7,55,15,18,56,3
7,55,23,18,54,7
7,55,31,18,53,13
7,55,39,19,53,21
7,55,47,18,52,28
7,55,55,17,52,36
7,55,63,16,52,44
7,55,71,17,52,53
7,55,79,18,52,62
7,55,87,19,53,72
7,55,95,21,53,81
7,55,103,23,55,92
7,55,111,26,56,102
7,55,119,28,57,113
7,55,127,27,58,125
7,55,135,27,59,140
7,55,143,27,60,155
7,55,151,26,61,172
7,55,159,26,62,188
7,55,167,25,62,201
7,55,175,24,63,212
7,55,183,24,63,220
7,55,191,23,63,225
7,55,199,23,63,229
7,55,207,23,63,234
7,55,215,23,64,239
7,55,223,23,64,243
7,55,231,23,64,248
7,55,239,23,64,251
7,55,247,22,63,254
7,55,255,22,63,255
7,63,0,20,68,0
7,63,7,20,65,1
7,63,15,21,63,2
7,63,23,21,62,6
7,63,31,20,61,11
7,63,39,21,60,17
7,63,47,20,59,25
7,63,55,19,59,32
7,63,63,18,59,39
7,63,71,19,59,48
7,63,79,17,59,56
7,63,87,20,59,67
7,63,95,20,60,75
7,63,103,24,61,86
7,63,111,26,62,97
7,63,119,28,63,107
7,63,127,30,64,119
7,63,135,30,65,131
7,63,143,30,66,145
7,63,151,29,67,161
7,63,159,29,68,177
7,63,167,28,68,193
7,63,175,27,68,206
7,63,183,26,69,216
7,63,191,25,69,222
7,63,199,25,69,227
7,63,207,25,69,232
7,63,215,25,69,237
7,63,223,24,69,242
7,63,231,24,69,246
7,63,239,24,69,250
7,63,247,23,68,254
7,63,255,22,68,255
7,71,0,22,75,0
7,71,7,22,73,1
7,71,15,23,70,2
7,71,23,24,69,4
7,71,31,24,68,9
7,71,39,23,67,15
7,71,47,23,66,21
7,71,55,22,66,28
7,71,63,21,66,36
7,71,71,20,66,44
7,71,79,19,66,52
7,71,87,19,66,61
7,71,95,20,67,71
7,71,103,22,68,80
7,71,111,24,68,90
7,71,119,27,70,102
7,71,127,31,70,112
7,71,135,32,71,124
7,71,143,32,72,137
7,71,151,31,73,151
7,71,159,31,74,167
7,71,167,30,74,183
7,71,175,29,74,197
7,71,183,28,75,209
7,71,191,27,75,218
7,71,199,27,75,224
7,71,207,27,75,229
7,71,215,26,75,235
7,71,223,26,75,239
7,71,231,26,74,245
7,71,239,25,74,249
7,71,247,24,74,253
7,71,255,23,73,255
7,79,0,23,82,0
7,79,7,24,80,1
7,79,15,25,77,2
7,79,23,26,76,4
7,79,31,27,75,7
7,79,39,27,74,13
7,79,47,26,73,19
7,79,55,26,73,26
7,79,63,25,73,33
7,79,71,22,73,40
7,79,79,20,73,48
7,79,87,21,73,56
7,79,95,21,74,66
7,79,103,21,74,75
7,79,111,22,75,85
7,79,119,26,76,95
7,79,127,28,77,106
7,79,135,31,78,117
7,79,143,34,78,129
7,79,151,33,79,143
7,79,159,33,80,157
7,79,167,32,80,173
7,79,175,31,80,188
7,79,183,30,81,202
7,79,191,30,81,212
7,79,199,29,80,220
7,79,207,28,80,226
7,79,215,28,80,232
7,79,223,27,80,237
7,79,231,27,80,243
7,79,239,26,79,248
7,79,247,25,79,252
7,79,255,23,78,255
7,87,0,25,89,0
7,87,7,26,87,1
7,87,15,26,84,2
7,87,23,28,83,3
7,87,31,29,82,6
7,87,39,30,81,11
7,87,47,29,80,18
7,87,55,29,80,25
7,87,63,28,80,31
7,87,71,25,80,37
7,87,79,24,80,45
7,87,87,22,80,52
7,87,95,22,81,61
7,87,103,23,82,71
7,87,111,23,82,80
7,87,119,23,83,90
7,87,127,25,84,101
7,87,135,29,84,112
7,87,143,32,85,123
7,87,151,35,85,135
7,87,159,35,86,149
7,87,167,34,86,164
7,87,175,33,87,179
7,87,183,32,87,193
7,87,191,32,86,206
7,87,199,31,86,215
7,87,207,30,86,223
7,87,215,29,86,229
7,87,223,29,86,235
7,87,231,28,85,240
7,87,239,27,85,246
7,87,247,25,84,251
7,87,255,23,83,255
7,95,0,27,96,0
7,95,7,27,93,1
7,95,15,28,91,2
7,95,23,29,89,3
7,95,31,30,88,6
7,95,39,32,88,10
7,95,47,33,87,17
7,95,55,33,87,23
7,95,63,32,87,30
7,95,71,31,87,37
7,95,79,27,87,42
7,95,87,25,88,49
7,95,95,24,88,57
7,95,103,24,89,66
7,95,111,24,89,76
7,95,119,24,90,86
7,95,127,24,91,95
7,95,135,26,91,106
7,95,143,30,92,117
7,95,151,33,92,129
7,95,159,36,92,142
7,95,167,36,93,155
7,95,175,35,93,170
7,95,183,34,93,184
7,95,191,33,93,198
7,95,199,33,92,209
7,95,207,32,92,218
7,95,215,31,92,226
7,95,223,30,92,232
7,95,231,29,91,238
7,95,239,28,91,244
7,95,247,26,90,250
7,95,255,24,89,255
7,103,0,28,102,0
7,103,7,29,99,1
7,103,15,30,97,2
7,103,23,31,96,3
7,103,31,32,95,5
7,103,39,33,94,9
7,103,47,35,94,15
7,103,55,36,94,22
7,103,63,38,94,30
7,103,71,35,94,36
7,103,79,33,94,42
7,103,87,29,95,47
7,103,95,27,95,54
7,103,103,25,96,61
7,103,111,25,97,71
7,103,119,25,97,81
7,103,127,25,98,90
7,103,135,25,98,100
7,103,143,27,99,111
7,103,151,31,99,123
7,103,159,34,99,135
7,103,167,37,99,148
7,103,175,37,99,161
7,103,183,36,99,176
7,103,191,35,99,190
7,103,199,34,99,202
7,103,207,33,98,213
7,103,215,32,98,222
7,103,223,31,98,229
7,103,231,30,97,235
7,103,239,29,97,242
7,103,247,27,96,248
7,103,255,25,95,254
7,111,0,30,109,0
7,111,7,30,105,1
7,111,15,31,103,2
7,111,23,32,102,3
7,111,31,33,101,5
7,111,39,35,101,9
7,111,47,36,101,15
7,111,55,38,101,22
7,111,63,39,101,29
7,111,71,40,101,37
7,111,79,36,102,42
7,111,87,35,102,48
7,111,95,31,103,53
7,111,103,28,104,59
7,111,111,26,104,67
7,111,119,26,105,76
7,111,127,26,105,85
7,111,135,26,106,95
7,111,143,26,106,105
7,111,151,28,106,116
7,111,159,32,106,128
7,111,167,35,106,140
7,111,175,38,106,154
7,111,183,38,105,168
7,111,191,37,105,182
7,111,199,36,105,195
7,111,207,35,105,207
7,111,215,34,105,217
7,111,223,32,104,225
7,111,231,31,104,233
7,111,239,30,103,240
7,111,247,28,103,246
7,111,255,26,102,253
7,119,0,31,114,0
7,119,7,32,111,1
7,119,15,32,109,2
7,119,23,33,108,3
7,119,31,35,107,5
7,119,39,36,107,9
7,119,47,38,107,14
7,119,55,39,108,21
7,119,63,41,108,28
7,119,71,42,108,35
7,119,79,43,109,43
7,119,87,41,110,49
7,119,95,37,110,53
7,119,103,35,111,59
7,119,111,30,112,64
7,119,119,27,112,72
7,119,127,27,113,81
7,119,135,27,113,90
7,119,143,27,114,100
7,119,151,27,114,110
7,119,159,29,114,121
7,119,167,32,114,133
7,119,175,36,113,146
7,119,183,39,112,160
7,119,191,39,112,174
7,119,199,37,112,188
7,119,207,36,112,200
7,119,215,35,111,212
7,119,223,34,111,221
7,119,231,33,111,229
7,119,239,31,110,237
7,119,247,29,110,245
7,119,255,27,110,252
7,127,0,33,120,0
7,127,7,33,117,1
7,127,15,33,114,2
7,127,23,34,114,3
7,127,31,35,113,5
7,127,39,37,113,8
7,127,47,39,114,13
7,127,55,41,114,20
7,127,63,42,115,27
7,127,71,43,115,34
7,127,79,45,116,41
7,127,87,45,117,48
7,127,95,43,118,54
7,127,103,42,118,59
7,127,111,36,119,64
7,127,119,31,120,69
7,127,127,28,120,77
7,127,135,28,121,85
7,127,143,28,121,95
7,127,151,28,121,104
7,127,159,28,121,115
7,127,167,30,122,127
7,127,175,33,121,139
7,127,183,39,120,153
7,127,191,40,120,166
7,127,199,39,119,180
7,127,207,38,119,193
7,127,215,37,119,206
7,127,223,35,118,216
7,127,231,34,118,226
7,127,239,33,118,234
7,127,247,31,118,243
7,127,255,28,117,251
7,135,0,34,125,0
7,135,7,34,122,1
7,135,15,34,120,2
7,135,23,35,119,3
7,135,31,36,119,5
7,135,39,38,119,8
7,135,47,39,120,12
7,135,55,41,121,18
7,135,63,43,122,25
7,135,71,44,123,32
7,135,79,45,124,39
7,135,87,47,124,46
7,135,95,47,125,53
7,135,103,48,126,60
7,135,111,43,126,64
7,135,119,38,127,69
7,135,127,35,128,76
7,135,135,29,128,81
7,135,143,29,129,90
7,135,151,29,129,99
7,135,159,29,129,109
7,135,167,29,129,120
7,135,175,31,129,132
7,135,183,35,128,145
7,135,191,40,127,159
7,135,199,41,127,173
7,135,207,40,127,186
7,135,215,38,126,199
7,135,223,37,126,211
7,135,231,35,126,221
7,135,239,34,125,231
7,135,247,32,125,240
7,135,255,29,125,250
7,143,0,35,130,0
7,143,7,35,127,1
7,143,15,35,124,2
7,143,23,35,124,3
7,143,31,36,124,4
7,143,39,38,125,7
7,143,47,40,126,11
7,143,55,41,127,17
7,143,63,43,128,23
7,143,71,45,130,30
7,143,79,46,131,37
7,143,87,47,132,43
7,143,95,48,132,50
7,143,103,49,133,57
7,143,111,49,134,64
7,143,119,47,134,70
7,143,127,41,135,75
7,143,135,36,136,80
7,143,143,33,136,86
7,143,151,30,137,94
7,143,159,30,137,104
7,143,167,30,137,114
7,143,175,30,137,125
7,143,183,35,136,138
7,143,191,39,136,152
7,143,199,43,135,166
7,143,207,42,134,179
7,143,215,40,134,192
7,143,223,38,134,205
7,143,231,37,133,216
7,143,239,35,133,227
7,143,247,33,133,238
7,143,255,30,133,248
7,151,0,36,135,0
7,151,7,35,132,1
7,151,15,35,129,2
7,151,23,35,129,3
7,151,31,36,130,4
7,151,39,37,131,6
7,151,47,39,132,10
7,151,55,41,133,15
7,151,63,43,135,21
7,151,71,44,136,28
7,151,79,46,137,35
7,151,87,47,138,41
7,151,95,48,139,47
7,151,103,49,140,54
7,151,111,50,141,61
7,151,119,50,142,68
7,151,127,51,142,76
7,151,135,45,143,80
7,151,143,40,144,85
7,151,151,37,144,92
7,151,159,35,145,100
7,151,167,32,145,109
7,151,175,32,145,119
7,151,183,34,145,132
7,151,191,36,144,144
7,151,199,39,143,157
7,151,207,43,142,172
7,151,215,42,142,185
7,151,223,40,141,198
7,151,231,38,141,211
7,151,239,37,141,223
7,151,247,34,141,235
7,151,255,31,141,247
7,159,0,36,141,0
7,159,7,34,137,1
7,159,15,34,134,2
7,159,23,34,134,3
7,159,31,35,135,4
7,159,39,37,136,6
7,159,47,38,138,9
7,159,55,40,139,14
7,159,63,42,141,20
7,159,71,44,142,26
7,159,79,45,144,33
7,159,87,47,145,39
7,159,95,48,146,45
7,159,103,49,147,51
7,159,111,50,148,58
7,159,119,51,148,65
7,159,127,51,149,72
7,159,135,52,150,80
7,159,143,49,150,86
7,159,151,44,151,91
7,159,159,38,152,97
7,159,167,36,152,105
7,159,175,36,152,115
7,159,183,36,152,126
7,159,191,38,151,138
7,159,199,39,151,151
7,159,207,42,151,165
7,159,215,44,149,179
7,159,223,42,149,192
7,159,231,40,149,206
7,159,239,38,149,219
7,159,247,36,148,232
7,159,255,33,148,244
7,167,0,35,146,1
7,167,7,34,142,1
7,167,15,33,140,2
7,167,23,34,139,3
7,167,31,34,140,5
7,167,39,36,142,6
7,167,47,37,143,9
7,167,55,39,145,13
7,167,63,41,147,18
7,167,71,43,148,25
7,167,79,44,150,31
7,167,87,46,151,37
7,167,95,47,152,43
7,167,103,48,153,49
7,167,111,49,154,55
7,167,119,50,154,62
7,167,127,51,155,69
7,167,135,52,156,76
7,167,143,53,157,83
7,167,151,53,158,91
7,167,159,48,158,96
7,167,167,43,159,102
7,167,175,40,160,111
7,167,183,40,159,121
7,167,191,39,159,133
7,167,199,41,159,145
7,167,207,41,159,158
7,167,215,43,157,172
7,167,223,43,157,186
7,167,231,42,157,200
7,167,239,40,157,214
7,167,247,37,156,228
7,167,255,34,156,242
7,175,0,34,152,1
7,175,7,33,147,2
7,175,15,32,145,3
7,175,23,32,145,4
7,175,31,33,146,5
7,175,39,34,147,6
7,175,47,36,149,8
7,175,55,38,150,12
7,175,63,40,152,17
7,175,71,41,153,23
7,175,79,43,155,29
7,175,87,45,156,35
7,175,95,46,157,41
7,175,103,48,158,46
7,175,111,49,159,53
7,175,119,50,160,59
7,175,127,51,161,66
7,175,135,52,162,73
7,175,143,53,163,79
7,175,151,53,164,87
7,175,159,54,165,94
7,175,167,51,165,102
7,175,175,48,166,110
7,175,183,43,167,117
7,175,191,43,166,128
7,175,199,42,166,139
7,175,207,43,166,152
7,175,215,44,166,165
7,175,223,45,165,180
7,175,231,44,165,194
7,175,239,42,165,209
7,175,247,39,165,224
7,175,255,36,164,239
7,183,0,32,158,1
7,183,7,31,153,2
7,183,15,31,150,3
7,183,23,31,150,4
7,183,31,32,151,5
7,183,39,33,153,7
7,183,47,34,154,9
7,183,55,36,156,12
7,183,63,38,157,16
7,183,71,40,159,22
7,183,79,42,160,28
7,183,87,43,161,33
7,183,95,45,162,39
7,183,103,46,164,44
7,183,111,48,165,50
7,183,119,49,166,57
7,183,127,51,167,63
7,183,135,52,168,69
7,183,143,53,169,76
7,183,151,54,170,83
7,183,159,54,171,90
7,183,167,54,172,98
7,183,175,54,172,107
7,183,183,52,172,115
7,183,191,49,173,124
7,183,199,46,174,134
7,183,207,45,174,146
7,183,215,46,174,159
7,183,223,46,173,173
7,183,231,45,173,188
7,183,239,44,173,204
7,183,247,41,173,220
7,183,255,38,172,236
7,191,0,31,163,2
7,191,7,30,158,3
7,191,15,30,156,4
7,191,23,30,155,5
7,191,31,30,156,6
7,191,39,31,158,7
7,191,47,33,159,9
7,191,55,35,161,12
7,191,63,37,162,16
7,191,71,38,164,21
7,191,79,40,165,26
7,191,87,42,166,32
7,191,95,44,167,37
7,191,103,45,168,42
7,191,111,47,170,48
7,191,119,49,171,54
7,191,127,50,172,60
7,191,135,51,173,66
7,191,143,52,174,72
7,191,151,54,176,79
7,191,159,54,177,86
7,191,167,55,178,94
7,191,175,55,178,102
7,191,183,55,179,111
7,191,191,54,179,121
7,191,199,51,180,130
7,191,207,48,181,142
7,191,215,47,181,154
7,191,223,47,180,168
7,191,231,47,181,183
7,191,239,45,181,199
7,191,247,43,181,215
7,191,255,40,181,232
7,199,0,30,170,2
7,199,7,29,165,3
7,199,15,28,162,4
7,199,23,29,161,5
7,199,31,29,163,6
7,199,39,30,164,7
7,199,47,31,165,9
7,199,55,33,166,12
7,199,63,35,168,15
7,199,71,37,169,20
7,199,79,38,170,25
7,199,87,40,171,30
7,199,95,42,172,35
7,199,103,44,174,40
7,199,111,46,175,46
7,199,119,47,176,51
7,199,127,49,177,57
7,199,135,50,179,63
7,199,143,52,180,69
7,199,151,53,181,75
7,199,159,54,182,82
7,199,167,54,183,90
7,199,175,55,184,98
7,199,183,55,185,106
7,199,191,54,186,116
7,199,199,54,186,126
7,199,207,52,187,137
7,199,215,51,187,149
7,199,223,50,188,163
7,199,231,48,188,177
7,199,239,47,189,193
7,199,247,45,189,211
7,199,255,42,189,229
7,207,0,29,176,3
7,207,7,28,171,3
7,207,15,27,169,5
7,207,23,27,168,6
7,207,31,28,169,7
7,207,39,28,170,8
7,207,47,30,171,9
7,207,55,31,173,12
7,207,63,33,174,15
7,207,71,35,175,19
7,207,79,37,176,24
7,207,87,39,177,28
7,207,95,41,178,33
7,207,103,42,179,38
7,207,111,44,180,43
7,207,119,46,181,49
7,207,127,48,183,54
7,207,135,49,184,60
7,207,143,51,186,66
7,207,151,52,187,72
7,207,159,53,188,79
7,207,167,54,189,86
7,207,175,54,190,93
7,207,183,54,191,102
7,207,191,54,192,111
7,207,199,54,193,121
7,207,207,53,193,132
7,207,215,52,194,144
7,207,223,51,195,157
7,207,231,49,196,172
7,207,239,48,197,188
7,207,247,46,197,206
7,207,255,44,197,225
7,215,0,28,182,3
7,215,7,27,178,4
7,215,15,26,176,5
7,215,23,26,175,6
7,215,31,27,176,7
7,215,39,27,177,8
7,215,47,28,178,10
7,215,55,30,179,12
7,215,63,31,180,15
7,215,71,33,181,19
7,215,79,35,182,23
7,215,87,37,183,27
7,215,95,39,184,32
7,215,103,41,185,36
7,215,111,43,186,41
7,215,119,45,187,47
7,215,127,46,189,52
7,215,135,48,190,57
7,215,143,50,191,63
7,215,151,51,193,69
7,215,159,52,194,75
7,215,167,53,195,82
7,215,175,53,196,89
7,215,183,54,197,97
7,215,191,54,198,106
7,215,199,53,199,116
7,215,207,53,200,127
7,215,215,52,201,139
7,215,223,51,202,152
7,215,231,50,203,167
7,215,239,49,205,183
7,215,247,48,205,201
7,215,255,46,206,221
7,223,0,28,189,3
7,223,7,27,185,4
7,223,15,26,183,5
7,223,23,26,183,6
7,223,31,26,184,7
7,223,39,27,185,9
7,223,47,28,186,10
7,223,55,29,187,12
7,223,63,31,187,15
7,223,71,32,188,18
7,223,79,34,189,22
7,223,87,36,190,26
7,223,95,38,190,30
7,223,103,40,191,35
7,223,111,42,192,39
7,223,119,44,194,44
7,223,127,45,195,50
7,223,135,47,196,55
7,223,143,49,198,61
7,223,151,50,199,66
7,223,159,51,200,72
7,223,167,52,201,79
7,223,175,52,202,86
7,223,183,53,203,93
7,223,191,53,204,102
7,223,199,53,205,112
7,223,207,52,206,122
7,223,215,52,208,134
7,223,223,51,209,147
7,223,231,50,211,162
7,223,239,50,212,179
7,223,247,48,214,197
7,223,255,47,214,218
7,231,0,29,196,3
7,231,7,27,193,4
7,231,15,26,192,5
7,231,23,26,192,6
7,231,31,26,192,8
7,231,39,27,193,9
7,231,47,28,194,11
7,231,55,29,194,13
7,231,63,30,195,15
7,231,71,32,195,18
7,231,79,34,196,21
7,231,87,36,196,25
7,231,95,38,197,29
7,231,103,40,197,33
7,231,111,41,199,38
7,231,119,43,200,43
7,231,127,45,201,48
7,231,135,46,202,53
7,231,143,48,204,59
7,231,151,49,205,64
7,231,159,50,206,70
7,231,167,51,207,76
7,231,175,51,208,83
7,231,183,51,209,90
7,231,191,52,210,98
7,231,199,52,211,108
7,231,207,51,213,118
7,231,215,51,214,130
7,231,223,51,216,143
7,231,231,50,218,158
7,231,239,49,220,174
7,231,247,49,222,193
7,231,255,47,223,215
7,239,0,31,204,3
7,239,7,29,202,4
7,239,15,28,201,5
7,239,23,27,201,7
7,239,31,27,201,8
7,239,39,27,202,10
7,239,47,28,202,11
7,239,55,29,202,13
7,239,63,31,202,15
7,239,71,32,203,18
7,239,79,34,203,21
7,239,87,36,203,24
7,239,95,38,204,28
7,239,103,39,204,32
7,239,111,41,205,37
7,239,119,43,206,41
7,239,127,44,208,46
7,239,135,46,209,52
7,239,143,47,210,57
7,239,151,48,211,62
7,239,159,49,212,68
7,239,167,49,213,74
7,239,175,50,214,80
7,239,183,50,215,87
7,239,191,50,216,95
7,239,199,50,218,104
7,239,207,50,220,114
7,239,215,50,221,126
7,239,223,49,223,139
7,239,231,49,226,154
7,239,239,49,228,171
7,239,247,48,230,190
7,239,255,48,232,211
7,247,0,33,211,2
7,247,7,31,211,4
7,247,15,30,211,5
7,247,23,29,211,7
7,247,31,29,211,9
7,247,39,29,212,10
7,247,47,29,212,12
7,247,55,30,212,14
7,247,63,32,212,16
7,247,71,33,212,18
7,247,79,35,211,21
7,247,87,36,211,24
7,247,95,38,211,28
7,247,103,39,212,32
7,247,111,41,213,36
7,247,119,42,214,40
7,247,127,43,215,45
7,247,135,45,216,50
7,247,143,46,217,55
7,247,151,46,218,61
7,247,159,47,219,66
7,247,167,47,220,72
7,247,175,48,221,78
7,247,183,48,222,85
7,247,191,48,223,93
7,247,199,48,225,101
7,247,207,47,227,111
7,247,215,47,228,122
7,247,223,47,231,136
7,247,231,47,233,150
7,247,239,47,236,167
7,247,247,47,238,187
7,247,255,47,241,209
7,255,0,37,219,1
7,255,7,35,221,3
7,255,15,33,222,5
7,255,23,32,223,7
7,255,31,32,224,9
7,255,39,31,224,11
7,255,47,32,224,13
7,255,55,32,223,15
7,255,63,33,223,17
7,255,71,34,222,20
7,255,79,35,222,22
7,255,87,37,221,25
7,255,95,38,221,28
7,255,103,39,221,31
7,255,111,40,221,35
7,255,119,41,222,39
7,255,127,42,223,44
7,255,135,43,224,49
7,255,143,44,225,54
7,255,151,44,226,60
7,255,159,44,227,65
7,255,167,45,227,71
7,255,175,44,228,76
7,255,183,44,230,83
7,255,191,44,231,90
7,255,199,44,232,99
7,255,207,44,234,109
7,255,215,43,236,120
7,255,223,44,238,133
7,255,231,44,241,148
7,255,239,44,243,165
7,255,247,45,247,184
7,255,255,46,250,206
15,0,0,13,2,3
15,0,7,13,2,11
15,0,15,13,2,19
15,0,23,14,2,29
15,0,31,14,3,39
15,0,39,14,2,48
15,0,47,13,3,59
15,0,55,14,4,70
15,0,63,14,4,82
15,0,71,13,5,93
15,0,79,13,6,104
15,0,87,13,7,115
15,0,95,13,8,125
15,0,103,13,9,135
15,0,111,13,10,145
15,0,119,13,11,153
15,0,127,13,11,162
15,0,135,13,12,170
15,0,143,13,13,178
15,0,151,13,13,187
15,0,159,14,14,194
15,0,167,14,15,202
15,0,175,15,16,209
15,0,183,15,17,216
15,0,191,16,17,222
15,0,199,16,18,228
15,0,207,16,19,234
15,0,215,17,19,238
15,0,223,17,20,242
15,0,231,17,20,246
15,0,239,17,20,249
15,0,247,17,20,250
15,0,255,16,20,252
15,7,0,14,10,2
15,7,7,14,10,9
15,7,15,15,10,16
15,7,23,15,10,25
15,7,31,16,10,35
15,7,39,16,11,43
15,7,47,16,10,54
15,7,55,16,11,65
15,7,63,17,12,75
15,7,71,16,13,86
15,7,79,16,14,97
15,7,87,16,15,108
15,7,95,16,17,119
15,7,103,15,18,130
15,7,111,15,19,143
15,7,119,15,20,156
15,7,127,15,21,171
15,7,135,14,23,186
15,7,143,14,24,199
15,7,151,14,25,209
15,7,159,13,25,216
15,7,167,14,26,221
15,7,175,14,26,224
15,7,183,15,27,228
15,7,191,15,27,232
15,7,199,16,28,236
15,7,207,17,28,239
15,7,215,17,28,242
15,7,223,18,28,245
15,7,231,18,28,248
15,7,239,18,28,250
15,7,247,18,28,252
15,7,255,18,27,253
15,15,0,15,19,1
15,15,7,16,19,7
15,15,15,15,18,13
15,15,23,17,18,22
15,15,31,17,18,30
15,15,39,18,17,40
15,15,47,18,18,49
15,15,55,19,19,59
15,15,63,19,20,69
15,15,71,20,20,80
15,15,79,19,22,90
15,15,87,19,23,101
15,15,95,18,24,112
15,15,103,18,25,123
15,15,111,18,27,137
15,15,119,17,28,153
15,15,127,17,30,171
15,15,135,16,31,190
15,15,143,16,33,207
15,15,151,15,34,220
15,15,159,15,34,227
15,15,167,15,35,230
15,15,175,15,35,232
15,15,183,16,35,234
15,15,191,16,36,237
15,15,199,17,36,239
15,15,207,18,36,242
15,15,215,19,36,245
15,15,223,19,36,247
15,15,231,19,36,250
15,15,239,19,36,252
15,15,247,20,35,253
15,15,255,20,34,254
15,23,0,17,27,1
15,23,7,17,26,5
15,23,15,17,25,11
15,23,23,18,25,18
15,23,31,18,24,27
15,23,39,19,24,36
15,23,47,19,25,45
15,23,55,20,25,54
15,23,63,21,26,64
15,23,71,21,27,74
15,23,79,22,28,84
15,23,87,22,29,95
15,23,95,21,30,105
15,23,103,21,31,116
15,23,111,21,33,128
15,23,119,20,35,144
15,23,127,20,36,163
15,23,135,19,38,185
15,23,143,19,39,204
15,23,151,18,40,219
15,23,159,17,41,228
15,23,167,17,41,231
15,23,175,18,41,233
15,23,183,18,42,235
15,23,191,19,42,237
15,23,199,19,42,240
15,23,207,20,42,242
15,23,215,20,43,245
15,23,223,20,43,247
15,23,231,21,43,250
15,23,239,21,42,252
15,23,247,21,42,254
15,23,255,21,41,255
15,31,0,18,35,0
15,31,7,19,34,3
15,31,15,20,33,9
15,31,23,20,32,16
15,31,31,21,31,24
15,31,39,21,31,32
15,31,47,22,32,41
15,31,55,22,32,51
15,31,63,22,32,59
15,31,71,23,33,69
15,31,79,24,34,79
15,31,87,25,35,89
15,31,95,25,36,99
15,31,103,24,37,109
15,31,111,24,38,120
15,31,119,23,40,134
15,31,127,23,41,152
15,31,135,23,43,173
15,31,143,22,44,194
15,31,151,21,45,212
15,31,159,21,46,223
15,31,167,21,46,228
15,31,175,21,46,231
15,31,183,21,47,233
15,31,191,21,47,236
15,31,199,21,47,238
15,31,207,21,48,241
15,31,215,22,48,244
15,31,223,22,48,247
15,31,231,22,48,250
15,31,239,22,48,252
15,31,247,22,48,254
15,31,255,22,47,255
15,39,0,21,43,0
15,39,7,21,42,2
15,39,15,21,40,7
15,39,23,22,39,13
15,39,31,23,39,20
15,39,39,23,38,28
15,39,47,23,38,37
15,39,55,24,38,46
15,39,63,25,39,55
15,39,71,25,39,65
15,39,79,26,40,74
15,39,87,27,41,84
15,39,95,28,42,93
15,39,103,27,43,102
15,39,111,27,44,113
15,39,119,27,45,126
15,39,127,27,47,142
15,39,135,26,48,162
15,39,143,26,49,183
15,39,151,25,50,202
15,39,159,24,51,217
15,39,167,24,51,226
15,39,175,23,52,231
15,39,183,23,52,233
15,39,191,22,52,235
15,39,199,22,53,237
15,39,207,22,53,239
15,39,215,22,53,243
15,39,223,23,54,247
15,39,231,23,54,250
15,39,239,23,54,252
15,39,247,23,53,254
15,39,255,23,52,255
15,47,0,23,51,0
15,47,7,23,49,1
15,47,15,24,48,6
15,47,23,24,47,11
15,47,31,25,46,17
15,47,39,25,45,25
15,47,47,26,45,33
15,47,55,25,45,42
15,47,63,26,45,51
15,47,71,27,45,60
15,47,79,28,46,70
15,47,87,28,47,78
15,47,95,29,48,88
15,47,103,30,49,97
15,47,111,31,50,107
15,47,119,30,51,118
15,47,127,30,52,133
15,47,135,30,54,151
15,47,143,29,55,170
15,47,151,29,56,190
15,47,159,28,56,208
15,47,167,27,57,220
15,47,175,26,57,228
15,47,183,25,57,232
15,47,191,24,57,233
15,47,199,23,58,235
15,47,207,23,58,238
15,47,215,24,58,241
15,47,223,24,59,246
15,47,231,24,59,249
15,47,239,24,59,252
15,47,247,24,58,254
15,47,255,24,58,255
15,55,0,26,59,0
15,55,7,25,57,1
15,55,15,25,55,3
15,55,23,25,54,8
15,55,31,27,53,15
15,55,39,28,53,22
15,55,47,28,52,30
15,55,55,28,52,38
15,55,63,28,52,47
15,55,71,28,52,56
15,55,79,30,53,65
15,55,87,31,54,74
15,55,95,31,54,83
15,55,103,33,55,92
15,55,111,33,56,101
15,55,119,34,57,112
15,55,127,34,58,125
15,55,135,33,59,140
15,55,143,33,60,158
15,55,151,32,61,177
15,55,159,31,62,196
15,55,167,30,63,212
15,55,175,28,63,223
15,55,183,27,63,229
15,55,191,26,63,231
15,55,199,25,63,234
15,55,207,25,63,236
15,55,215,25,63,240
15,55,223,25,64,244
15,55,231,25,64,248
15,55,239,25,64,251
15,55,247,25,63,254
15,55,255,25,63,255
15,63,0,27,67,0
15,63,7,27,64,1
15,63,15,27,62,2
15,63,23,28,61,6
15,63,31,28,60,11
15,63,39,29,60,18
15,63,47,31,60,27
15,63,55,31,59,35
15,63,63,31,59,43
15,63,71,31,59,52
15,63,79,31,59,61
15,63,87,32,60,70
15,63,95,33,61,79
15,63,103,34,62,87
15,63,111,35,62,97
15,63,119,36,63,107
15,63,127,37,64,119
15,63,135,36,65,131
15,63,143,36,66,146
15,63,151,35,67,163
15,63,159,34,68,183
15,63,167,33,69,201
15,63,175,32,69,216
15,63,183,30,69,225
15,63,191,29,69,229
15,63,199,28,69,232
15,63,207,28,69,235
15,63,215,28,69,239
15,63,223,28,69,243
15,63,231,27,69,247
15,63,239,27,69,251
15,63,247,26,68,254
15,63,255,25,68,255
15,71,0,29,74,0
15,71,7,29,71,1
15,71,15,29,69,2
15,71,23,31,68,5
15,71,31,31,68,9
15,71,39,31,67,16
15,71,47,32,67,23
15,71,55,33,66,32
15,71,63,33,66,40
15,71,71,33,66,49
15,71,79,33,66,56
15,71,87,33,67,65
15,71,95,35,67,75
15,71,103,35,68,83
15,71,111,37,69,92
15,71,119,37,70,102
15,71,127,38,71,112
15,71,135,39,71,123
15,71,143,38,72,136
15,71,151,38,73,152
15,71,159,37,74,170
15,71,167,36,75,189
15,71,175,35,75,206
15,71,183,33,75,218
15,71,191,32,75,226
15,71,199,31,75,230
15,71,207,31,75,234
15,71,215,30,75,237
15,71,223,30,75,242
15,71,231,30,74,246
15,71,239,29,74,250
15,71,247,27,74,253
15,71,255,26,73,255
15,79,0,31,81,0
15,79,7,31,78,1
15,79,15,31,76,2
15,79,23,32,75,4
15,79,31,34,74,8
15,79,39,34,74,14
15,79,47,34,74,21
15,79,55,35,73,29
15,79,63,36,73,38
15,79,71,36,73,46
15,79,79,36,73,54
15,79,87,35,74,62
15,79,95,36,74,70
15,79,103,36,75,79
15,79,111,37,76,87
15,79,119,38,76,96
15,79,127,39,77,107
15,79,135,40,78,116
15,79,143,40,78,128
15,79,151,40,79,142
15,79,159,39,80,158
15,79,167,38,80,177
15,79,175,37,81,195
15,79,183,36,81,210
15,79,191,35,80,220
15,79,199,34,80,227
15,79,207,34,80,232
15,79,215,33,80,236
15,79,223,32,80,240
15,79,231,31,80,244
15,79,239,30,79,248
15,79,247,29,79,252
15,79,255,26,78,255
15,87,0,33,88,0
15,87,7,33,85,1
15,87,15,33,83,2
15,87,23,34,82,3
15,87,31,35,81,7
15,87,39,37,81,12
15,87,47,37,80,19
15,87,55,38,80,28
15,87,63,38,80,36
15,87,71,39,80,43
15,87,79,39,80,52
15,87,87,38,81,59
15,87,95,38,81,67
15,87,103,37,82,75
15,87,111,38,82,84
15,87,119,39,83,92
15,87,127,40,84,102
15,87,135,40,84,111
15,87,143,41,85,122
15,87,151,42,85,134
15,87,159,42,86,149
15,87,167,41,86,166
15,87,175,40,87,184
15,87,183,39,87,200
15,87,191,38,86,213
15,87,199,37,86,222
15,87,207,36,86,229
15,87,215,35,86,234
15,87,223,34,86,238
15,87,231,33,85,242
15,87,239,32,85,247
15,87,247,30,84,251
15,87,255,27,83,255
15,95,0,35,95,1
15,95,7,34,91,2
15,95,15,35,89,3
15,95,23,36,88,4
15,95,31,37,87,6
15,95,39,38,87,11
15,95,47,40,87,18
15,95,55,41,87,26
15,95,63,41,87,34
15,95,71,42,87,42
15,95,79,42,87,49
15,95,87,41,88,56
15,95,95,40,88,65
15,95,103,39,89,72
15,95,111,39,89,81
15,95,119,39,90,90
15,95,127,39,90,98
15,95,135,41,91,107
15,95,143,41,91,118
15,95,151,42,92,129
15,95,159,44,92,142
15,95,167,43,92,156
15,95,175,42,93,173
15,95,183,41,93,189
15,95,191,40,92,205
15,95,199,39,92,216
15,95,207,38,92,225
15,95,215,37,92,231
15,95,223,36,91,235
15,95,231,35,91,240
15,95,239,33,90,245
15,95,247,31,90,250
15,95,255,28,89,255
15,103,0,36,101,1
15,103,7,36,97,2
15,103,15,37,95,3
15,103,23,38,94,4
15,103,31,39,94,5
15,103,39,40,93,9
15,103,47,42,93,16
15,103,55,44,94,25
15,103,63,44,94,33
15,103,71,44,94,41
15,103,79,44,94,48
15,103,87,44,95,55
15,103,95,43,95,62
15,103,103,42,96,70
15,103,111,41,97,78
15,103,119,41,97,86
15,103,127,40,97,94
15,103,135,41,98,103
15,103,143,41,98,113
15,103,151,42,98,124
15,103,159,44,98,136
15,103,167,45,98,148
15,103,175,44,99,163
15,103,183,43,99,179
15,103,191,42,98,195
15,103,199,41,98,209
15,103,207,40,98,220
15,103,215,39,98,228
15,103,223,37,97,233
15,103,231,36,97,238
15,103,239,34,96,244
15,103,247,32,96,249
15,103,255,29,95,254
15,111,0,37,107,1
15,111,7,37,103,2
15,111,15,38,101,3
15,111,23,39,100,4
15,111,31,40,100,5
15,111,39,42,100,9
15,111,47,44,100,15
15,111,55,46,100,24
15,111,63,47,100,32
15,111,71,49,101,41
15,111,79,49,101,48
15,111,87,47,102,54
15,111,95,47,103,61
15,111,103,45,103,68
15,111,111,44,104,76
15,111,119,43,104,83
15,111,127,42,105,91
15,111,135,42,105,99
15,111,143,42,105,109
15,111,151,42,105,119
15,111,159,44,105,130
15,111,167,45,105,141
15,111,175,46,105,155
15,111,183,45,105,170
15,111,191,44,105,185
15,111,199,43,105,201
15,111,207,42,104,213
15,111,215,40,104,223
15,111,223,39,103,230
15,111,231,38,103,236
15,111,239,36,103,242
15,111,247,33,102,247
15,111,255,30,102,253
15,119,0,39,112,1
15,119,7,38,108,2
15,119,15,39,106,3
15,119,23,40,105,4
15,119,31,42,105,5
15,119,39,43,106,8
15,119,47,45,106,14
15,119,55,48,107,22
15,119,63,49,107,31
15,119,71,51,108,39
15,119,79,52,109,47
15,119,87,52,109,54
15,119,95,51,110,60
15,119,103,50,111,67
15,119,111,48,111,74
15,119,119,46,112,81
15,119,127,45,112,88
15,119,135,44,112,96
15,119,143,43,112,105
15,119,151,44,113,114
15,119,159,44,113,125
15,119,167,46,113,136
15,119,175,48,112,148
15,119,183,48,112,162
15,119,191,47,111,177
15,119,199,45,111,192
15,119,207,44,111,206
15,119,215,42,110,218
15,119,223,41,110,226
15,119,231,39,110,233
15,119,239,37,109,239
15,119,247,35,109,246
15,119,255,31,109,252
15,127,0,40,118,1
15,127,7,39,114,2
15,127,15,40,111,3
15,127,23,41,110,4
15,127,31,43,111,5
15,127,39,45,111,7
15,127,47,47,112,13
15,127,55,49,113,21
15,127,63,51,114,30
15,127,71,52,115,38
15,127,79,54,116,45
15,127,87,55,116,53
15,127,95,55,117,59
15,127,103,54,118,66
15,127,111,52,119,73
15,127,119,51,119,80
15,127,127,50,120,86
15,127,135,47,120,94
15,127,143,46,120,101
15,127,151,45,120,110
15,127,159,45,120,120
15,127,167,46,120,131
15,127,175,48,119,142
15,127,183,49,119,155
15,127,191,49,118,169
15,127,199,47,118,184
15,127,207,46,118,198
15,127,215,44,117,211
15,127,223,43,117,221
15,127,231,41,117,229
15,127,239,39,116,237
15,127,247,36,116,244
15,127,255,32,116,251
15,135,0,42,123,1
15,135,7,40,118,2
15,135,15,40,116,3
15,135,23,42,115,4
15,135,31,43,116,5
15,135,39,45,117,7
15,135,47,47,118,12
15,135,55,50,119,19
15,135,63,52,120,28
15,135,71,54,122,36
15,135,79,55,123,43
15,135,87,56,124,51
15,135,95,58,125,58
15,135,103,58,126,65
15,135,111,56,126,72
15,135,119,55,127,78
15,135,127,53,127,84
15,135,135,51,128,91
15,135,143,49,128,99
15,135,151,47,128,106
15,135,159,48,128,116
15,135,167,47,128,126
15,135,175,48,127,137
15,135,183,49,126,149
15,135,191,50,126,162
15,135,199,49,125,176
15,135,207,48,125,190
15,135,215,46,125,204
15,135,223,44,124,215
15,135,231,42,124,225
15,135,239,40,124,234
15,135,247,37,124,242
15,135,255,33,124,250
15,143,0,43,128,1
15,143,7,41,122,2
15,143,15,41,120,3
15,143,23,42,120,4
15,143,31,43,121,5
15,143,39,45,122,6
15,143,47,48,124,10
15,143,55,50,125,17
15,143,63,52,127,26
15,143,71,54,128,34
15,143,79,56,130,41
15,143,87,57,131,48
15,143,95,59,132,55
15,143,103,59,133,62
15,143,111,60,134,70
15,143,119,59,134,76
15,143,127,57,135,82
15,143,135,56,135,90
15,143,143,53,135,95
15,143,151,50,136,104
15,143,159,50,136,113
15,143,167,49,136,122
15,143,175,49,135,132
15,143,183,49,135,143
15,143,191,50,134,155
15,143,199,52,133,169
15,143,207,50,133,183
15,143,215,48,132,196
15,143,223,46,132,209
15,143,231,44,131,220
15,143,239,42,131,230
15,143,247,39,131,240
15,143,255,34,131,249
15,151,0,43,133,1
15,151,7,41,127,2
15,151,15,41,124,3
15,151,23,42,124,4
15,151,31,43,126,5
15,151,39,45,127,6
15,151,47,47,129,9
15,151,55,50,131,15
15,151,63,52,133,24
15,151,71,54,135,31
15,151,79,56,137,39
15,151,87,58,138,46
15,151,95,59,139,52
15,151,103,60,140,59
15,151,111,61,141,67
15,151,119,61,141,74
15,151,127,62,142,81
15,151,135,59,142,87
15,151,143,57,143,94
15,151,151,55,143,101
15,151,159,54,144,108
15,151,167,53,144,117
15,151,175,52,143,127
15,151,183,50,143,138
15,151,191,52,142,150
15,151,199,52,141,162
15,151,207,52,140,175
15,151,215,50,140,189
15,151,223,48,140,202
15,151,231,46,139,215
15,151,239,43,139,226
15,151,247,40,139,237
15,151,255,35,139,247
15,159,0,43,138,1
15,159,7,41,131,2
15,159,15,40,128,3
15,159,23,41,128,4
15,159,31,43,130,5
15,159,39,44,132,6
15,159,47,47,134,8
15,159,55,49,136,14
15,159,63,52,138,22
15,159,71,54,141,29
15,159,79,56,143,37
15,159,87,57,144,44
15,159,95,59,145,50
15,159,103,60,146,57
15,159,111,61,147,64
15,159,119,62,148,71
15,159,127,62,148,78
15,159,135,63,149,85
15,159,143,62,150,91
15,159,151,59,150,98
15,159,159,58,151,106
15,159,167,56,151,114
15,159,175,54,151,123
15,159,183,52,151,133
15,159,191,52,150,144
15,159,199,53,149,156
15,159,207,52,149,168
15,159,215,52,148,182
15,159,223,50,147,196
15,159,231,47,147,209
15,159,239,45,147,222
15,159,247,42,146,234
15,159,255,37,146,245
15,167,0,43,143,2
15,167,7,40,136,3
15,167,15,40,132,4
15,167,23,40,133,5
15,167,31,42,135,6
15,167,39,44,137,7
15,167,47,46,139,8
15,167,55,48,141,13
15,167,63,51,143,20
15,167,71,53,146,27
15,167,79,55,148,35
15,167,87,57,149,41
15,167,95,58,151,47
15,167,103,60,152,54
15,167,111,61,153,61
15,167,119,62,154,68
15,167,127,62,154,74
15,167,135,63,155,81
15,167,143,63,156,88
15,167,151,64,157,96
15,167,159,61,157,103
15,167,167,59,158,110
15,167,175,57,159,119
15,167,183,55,158,129
15,167,191,54,158,139
15,167,199,54,157,150
15,167,207,52,157,162
15,167,215,52,156,176
15,167,223,51,155,189
15,167,231,49,155,203
15,167,239,47,155,217
15,167,247,43,154,230
15,167,255,39,154,243
15,175,0,41,148,2
15,175,7,39,141,3
15,175,15,39,137,4
15,175,23,39,137,5
15,175,31,41,139,6
15,175,39,42,141,7
15,175,47,44,144,8
15,175,55,47,146,12
15,175,63,49,148,19
15,175,71,52,150,26
15,175,79,54,152,33
15,175,87,56,154,39
15,175,95,57,155,45
15,175,103,59,157,51
15,175,111,60,158,58
15,175,119,61,159,65
15,175,127,62,160,71
15,175,135,63,161,78
15,175,143,64,162,85
15,175,151,64,163,92
15,175,159,64,164,99
15,175,167,63,164,107
15,175,175,61,165,115
15,175,183,59,165,124
15,175,191,57,165,134
15,175,199,55,165,144
15,175,207,54,164,156
15,175,215,53,164,168
15,175,223,53,163,183
15,175,231,51,163,197
15,175,239,49,163,212
15,175,247,45,163,226
15,175,255,41,162,240
15,183,0,40,154,3
15,183,7,38,146,3
15,183,15,38,141,4
15,183,23,38,141,5
15,183,31,40,144,6
15,183,39,41,146,7
15,183,47,43,148,9
15,183,55,45,150,12
15,183,63,48,152,18
15,183,71,50,154,25
15,183,79,52,156,31
15,183,87,54,158,38
15,183,95,56,159,43
15,183,103,58,161,49
15,183,111,59,162,55
15,183,119,60,163,62
15,183,127,62,164,68
15,183,135,63,166,74
15,183,143,63,167,81
15,183,151,64,168,88
15,183,159,65,169,95
15,183,167,65,170,103
15,183,175,64,171,111
15,183,183,63,171,120
15,183,191,61,171,129
15,183,199,58,172,139
15,183,207,56,172,150
15,183,215,55,172,162
15,183,223,54,171,176
15,183,231,53,171,191
15,183,239,50,171,206
15,183,247,47,171,222
15,183,255,43,170,237
15,191,0,39,159,3
15,191,7,37,151,4
15,191,15,37,146,5
15,191,23,38,146,6
15,191,31,39,148,7
15,191,39,40,150,8
15,191,47,42,152,9
15,191,55,44,154,12
15,191,63,46,156,17
15,191,71,49,158,23
15,191,79,51,160,30
15,191,87,53,162,36
15,191,95,55,163,41
15,191,103,57,165,47
15,191,111,58,166,53
15,191,119,60,167,59
15,191,127,61,169,65
15,191,135,62,170,71
15,191,143,63,172,77
15,191,151,64,173,84
15,191,159,65,174,91
15,191,167,65,175,98
15,191,175,65,176,106
15,191,183,64,177,115
15,191,191,63,177,125
15,191,199,61,178,135
15,191,207,59,178,146
15,191,215,57,178,157
15,191,223,55,179,171
15,191,231,54,179,185
15,191,239,52,179,201
15,191,247,49,179,217
15,191,255,45,178,233
15,199,0,38,165,3
15,199,7,36,157,4
15,199,15,36,152,5
15,199,23,37,152,6
15,199,31,37,154,7
15,199,39,39,155,8
15,199,47,40,157,9
15,199,55,42,159,12
15,199,63,45,160,16
15,199,71,47,162,22
15,199,79,49,164,28
15,199,87,51,166,34
15,199,95,53,167,39
15,199,103,55,169,44
15,199,111,57,170,50
15,199,119,58,172,56
15,199,127,60,173,62
15,199,135,61,174,68
15,199,143,62,176,74
15,199,151,63,178,80
15,199,159,64,179,87
15,199,167,64,180,94
15,199,175,64,182,102
15,199,183,64,183,110
15,199,191,64,183,119
15,199,199,63,184,129
15,199,207,61,185,140
15,199,215,59,186,152
15,199,223,58,186,165
15,199,231,56,187,179
15,199,239,54,188,195
15,199,247,51,188,212
15,199,255,47,187,230
15,207,0,37,171,3
15,207,7,35,163,4
15,207,15,35,158,5
15,207,23,35,158,6
15,207,31,36,160,7
15,207,39,37,161,8
15,207,47,39,162,9
15,207,55,41,164,12
15,207,63,43,165,16
15,207,71,45,167,21
15,207,79,47,169,26
15,207,87,49,170,32
15,207,95,51,172,37
15,207,103,53,173,42
15,207,111,55,175,48
15,207,119,57,176,53
15,207,127,58,178,59
15,207,135,60,179,65
15,207,143,61,181,70
15,207,151,62,183,76
15,207,159,63,184,83
15,207,167,63,185,90
15,207,175,64,187,97
15,207,183,64,188,105
15,207,191,63,189,114
15,207,199,63,190,124
15,207,207,62,191,134
15,207,215,60,192,146
15,207,223,59,193,159
15,207,231,57,195,174
15,207,239,55,196,190
15,207,247,53,196,207
15,207,255,49,195,226
15,215,0,36,178,4
15,215,7,35,170,4
15,215,15,34,166,5
15,215,23,34,165,6
15,215,31,35,166,8
15,215,39,36,168,9
15,215,47,37,169,10
15,215,55,39,170,12
15,215,63,41,172,15
15,215,71,43,173,20
15,215,79,45,175,25
15,215,87,47,176,30
15,215,95,49,177,35
15,215,103,51,179,40
15,215,111,53,180,45
15,215,119,55,182,50
15,215,127,57,183,56
15,215,135,58,185,61
15,215,143,60,186,67
15,215,151,61,188,73
15,215,159,62,189,79
15,215,167,62,191,86
15,215,175,63,192,93
15,215,183,63,193,100
15,215,191,63,195,109
15,215,199,62,196,119
15,215,207,61,198,129
15,215,215,60,199,140
15,215,223,59,200,154
15,215,231,58,202,168
15,215,239,56,204,184
15,215,247,54,204,202
15,215,255,51,204,222
15,223,0,36,184,4
15,223,7,35,178,4
15,223,15,34,174,5
15,223,23,34,173,6
15,223,31,35,174,8
15,223,39,35,175,9
15,223,47,37,177,11
15,223,55,38,178,13
15,223,63,40,179,15
15,223,71,42,180,19
15,223,79,44,181,23
15,223,87,46,182,28
15,223,95,48,183,33
15,223,103,50,185,38
15,223,111,52,186,43
15,223,119,54,188,48
15,223,127,55,189,53
15,223,135,57,191,59
15,223,143,58,192,64
15,223,151,59,194,70
15,223,159,60,195,76
15,223,167,61,197,82
15,223,175,61,198,89
15,223,183,61,199,96
15,223,191,61,201,105
15,223,199,61,202,114
15,223,207,61,204,124
15,223,215,60,205,136
15,223,223,59,207,149
15,223,231,58,209,163
15,223,239,56,212,179
15,223,247,55,213,198
15,223,255,52,213,219
15,231,0,37,192,3
15,231,7,35,186,4
15,231,15,34,183,5
15,231,23,34,182,7
15,231,31,35,183,8
15,231,39,35,183,10
15,231,47,37,184,11
15,231,55,38,185,13
15,231,63,40,186,15
15,231,71,42,187,18
15,231,79,44,188,22
15,231,87,46,189,27
15,231,95,47,190,31
15,231,103,49,191,36
15,231,111,51,192,41
15,231,119,52,194,46
15,231,127,54,195,51
15,231,135,55,197,56
15,231,143,57,198,62
15,231,151,58,200,67
15,231,159,59,201,73
15,231,167,59,202,79
15,231,175,60,204,86
15,231,183,60,205,93
15,231,191,60,206,101
15,231,199,60,208,110
15,231,207,59,210,120
15,231,215,59,212,131
15,231,223,58,214,144
15,231,231,57,217,158
15,231,239,56,219,175
15,231,247,55,221,194
15,231,255,53,221,216
15,239,0,38,199,3
15,239,7,37,195,4
15,239,15,36,193,5
15,239,23,35,192,7
15,239,31,35,192,8
15,239,39,36,193,10
15,239,47,37,193,12
15,239,55,38,194,13
15,239,63,40,194,16
15,239,71,41,195,18
15,239,79,43,195,22
15,239,87,45,196,26
15,239,95,47,197,30
15,239,103,48,198,35
15,239,111,50,199,39
15,239,119,51,201,44
15,239,127,53,202,49
15,239,135,54,203,54
15,239,143,55,205,59
15,239,151,56,206,65
15,239,159,57,207,70
15,239,167,57,208,76
15,239,175,58,210,83
15,239,183,58,211,89
15,239,191,58,213,97
15,239,199,58,214,106
15,239,207,57,216,116
15,239,215,57,219,127
15,239,223,57,221,140
15,239,231,56,224,154
15,239,239,55,227,171
15,239,247,54,229,190
15,239,255,53,230,212
15,247,0,41,207,2
15,247,7,39,205,4
15,247,15,38,204,5
15,247,23,37,204,7
15,247,31,37,204,9
15,247,39,37,204,11
15,247,47,38,204,12
15,247,55,39,204,14
15,247,63,40,205,16
15,247,71,42,205,19
15,247,79,43,205,22
15,247,87,45,205,26
15,247,95,46,206,30
15,247,103,48,206,34
15,247,111,49,207,38
15,247,119,50,209,42
15,247,127,51,210,47
15,247,135,52,211,52
15,247,143,53,212,58
15,247,151,54,214,63
15,247,159,54,215,68
15,247,167,54,216,74
15,247,175,54,217,80
15,247,183,54,218,87
15,247,191,54,220,94
15,247,199,54,222,103
15,247,207,54,224,113
15,247,215,54,226,123
15,247,223,54,229,136
15,247,231,54,232,151
15,247,239,53,234,168
15,247,247,53,237,187
15,247,255,53,240,209
15,255,0,44,215,1
15,255,7,43,216,3
15,255,15,41,218,5
15,255,23,40,219,7
15,255,31,40,219,9
15,255,39,40,220,12
15,255,47,40,220,14
15,255,55,41,219,16
15,255,63,41,219,18
15,255,71,42,219,21
15,255,79,43,218,24
15,255,87,45,218,27
15,255,95,46,218,30
15,255,103,47,218,33
15,255,111,48,218,37
15,255,119,48,219,41
15,255,127,49,220,46
15,255,135,49,221,51
15,255,143,50,222,56
15,255,151,50,223,61
15,255,159,50,224,66
15,255,167,50,225,72
15,255,175,50,226,78
15,255,183,49,227,84
15,255,191,49,228,91
15,255,199,49,230,100
15,255,207,49,232,110
15,255,215,49,234,121
15,255,223,49,236,134
15,255,231,49,239,149
15,255,239,50,242,166
15,255,247,51,245,185
15,255,255,52,249,207
23,0,0,21,3,4
23,0,7,21,3,11
23,0,15,21,3,19
23,0,23,21,3,29
23,0,31,21,3,39
23,0,39,20,3,48
23,0,47,20,3,59
23,0,55,20,4,70
23,0,63,20,5,81
23,0,71,19,6,91
23,0,79,19,7,102
23,0,87,18,8,113
23,0,95,18,8,123
23,0,103,18,9,133
23,0,111,18,10,142
23,0,119,18,11,151
23,0,127,18,12,159
23,0,135,17,12,168
23,0,143,17,13,176
23,0,151,17,14,184
23,0,159,17,14,191
23,0,167,18,15,199
23,0,175,18,16,206
23,0,183,18,17,213
23,0,191,18,18,219
23,0,199,19,18,225
23,0,207,19,19,231
23,0,215,19,19,236
23,0,223,19,20,240
23,0,231,19,20,244
23,0,239,19,20,247
23,0,247,19,20,249
23,0,255,18,20,250
23,7,0,22,11,3
23,7,7,22,10,10
23,7,15,23,10,17
23,7,23,23,11,26
23,7,31,23,11,35
23,7,39,23,11,44
23,7,47,23,11,54
23,7,55,23,12,64
23,7,63,23,13,75
23,7,71,22,14,85
23,7,79,22,15,96
23,7,87,21,16,107
23,7,95,21,17,117
23,7,103,20,19,128
23,7,111,20,20,141
23,7,119,19,21,155
23,7,127,19,23,171
23,7,135,18,24,187
23,7,143,17,25,201
23,7,151,17,26,211
23,7,159,17,26,218
23,7,167,17,27,221
23,7,175,17,27,224
23,7,183,17,28,227
23,7,191,18,28,231
23,7,199,18,28,234
23,7,207,19,29,238
23,7,215,20,29,241
23,7,223,20,29,244
23,7,231,20,29,247
23,7,239,20,29,249
23,7,247,20,28,250
23,7,255,20,27,251
23,15,0,24,19,2
23,15,7,24,19,7
23,15,15,24,18,14
23,15,23,24,18,22
23,15,31,24,19,31
23,15,39,25,18,41
23,15,47,25,19,49
23,15,55,25,20,59
23,15,63,26,21,69
23,15,71,25,21,79
23,15,79,25,22,90
23,15,87,24,24,100
23,15,95,24,25,111
23,15,103,23,26,122
23,15,111,22,28,135
23,15,119,22,29,151
23,15,127,21,31,171
23,15,135,20,32,192
23,15,143,19,34,211
23,15,151,19,35,224
23,15,159,18,35,230
23,15,167,18,36,232
23,15,175,18,36,233
23,15,183,18,36,234
23,15,191,19,36,237
23,15,199,20,37,239
23,15,207,20,37,241
23,15,215,21,37,243
23,15,223,21,37,246
23,15,231,21,37,248
23,15,239,21,36,250
23,15,247,21,36,252
23,15,255,22,34,253
23,23,0,25,27,1
23,23,7,25,26,6
23,23,15,25,25,12
23,23,23,26,26,19
23,23,31,26,26,27
23,23,39,27,25,37
23,23,47,27,25,46
23,23,55,27,26,55
23,23,63,27,27,64
23,23,71,27,27,74
23,23,79,27,28,84
23,23,87,27,29,95
23,23,95,26,31,105
23,23,103,26,32,114
23,23,111,25,33,126
23,23,119,24,35,141
23,23,127,24,37,162
23,23,135,23,38,185
23,23,143,22,39,206
23,23,151,22,40,222
23,23,159,21,41,230
23,23,167,21,41,232
23,23,175,21,41,233
23,23,183,21,42,234
23,23,191,21,42,237
23,23,199,22,42,239
23,23,207,22,43,241
23,23,215,23,43,244
23,23,223,23,43,247
23,23,231,23,43,249
23,23,239,23,43,251
23,23,247,23,42,253
23,23,255,23,41,254
23,31,0,27,35,0
23,31,7,27,34,4
23,31,15,27,32,10
23,31,23,27,32,17
23,31,31,27,32,25
23,31,39,28,32,33
23,31,47,28,32,42
23,31,55,29,32,52
23,31,63,30,33,60
23,31,71,29,33,70
23,31,79,29,34,80
23,31,87,30,35,89
23,31,95,29,36,99
23,31,103,29,37,108
23,31,111,28,39,118
23,31,119,28,40,132
23,31,127,27,42,150
23,31,135,27,43,172
23,31,143,26,44,194
23,31,151,25,45,213
23,31,159,25,46,224
23,31,167,24,46,230
23,31,175,24,46,232
23,31,183,24,47,233
23,31,191,24,47,236
23,31,199,24,47,238
23,31,207,24,48,240
23,31,215,24,48,243
23,31,223,24,48,247
23,31,231,24,48,249
23,31,239,24,48,252
23,31,247,24,48,254
23,31,255,24,47,255
23,39,0,28,43,0
23,39,7,28,41,3
23,39,15,28,40,8
23,39,23,29,39,14
23,39,31,30,39,22
23,39,39,29,38,30
23,39,47,30,38,39
23,39,55,30,39,48
23,39,63,31,39,57
23,39,71,32,39,66
23,39,79,32,40,74
23,39,87,32,41,84
23,39,95,32,42,93
23,39,103,32,43,102
23,39,111,31,44,112
23,39,119,31,45,124
23,39,127,31,47,140
23,39,135,30,48,160
23,39,143,29,49,182
23,39,151,29,50,203
23,39,159,28,51,218
23,39,167,27,51,228
23,39,175,26,52,232
23,39,183,26,52,234
23,39,191,25,52,235
23,39,199,25,53,237
23,39,207,25,53,239
23,39,215,25,53,242
23,39,223,25,54,246
23,39,231,25,54,249
23,39,239,25,54,252
23,39,247,25,53,254
23,39,255,26,53,255
23,47,0,30,51,0
23,47,7,29,49,2
23,47,15,30,47,6
23,47,23,30,46,12
23,47,31,31,46,19
23,47,39,31,45,27
23,47,47,32,45,35
23,47,55,33,45,44
23,47,63,33,45,53
23,47,71,34,46,62
23,47,79,34,46,71
23,47,87,34,47,79
23,47,95,35,48,88
23,47,103,35,49,97
23,47,111,34,50,106
23,47,119,34,51,117
23,47,127,34,52,132
23,47,135,33,53,149
23,47,143,33,55,169
23,47,151,32,56,190
23,47,159,31,56,209
23,47,167,30,57,222
23,47,175,29,57,230
23,47,183,28,57,233
23,47,191,26,57,234
23,47,199,26,58,235
23,47,207,26,58,238
23,47,215,26,58,241
23,47,223,26,59,246
23,47,231,26,59,249
23,47,239,26,59,252
23,47,247,26,58,254
23,47,255,26,58,255
23,55,0,33,59,0
23,55,7,31,56,1
23,55,15,31,55,4
23,55,23,32,54,9
23,55,31,33,53,16
23,55,39,34,53,24
23,55,47,34,52,32
23,55,55,35,52,40
23,55,63,35,52,49
23,55,71,36,53,58
23,55,79,36,53,67
23,55,87,37,54,75
23,55,95,37,54,83
23,55,103,37,55,92
23,55,111,37,56,101
23,55,119,37,57,112
23,55,127,37,58,125
23,55,135,37,59,139
23,55,143,36,60,157
23,55,151,35,61,176
23,55,159,35,62,197
23,55,167,33,62,214
23,55,175,32,63,225
23,55,183,30,63,231
23,55,191,29,63,232
23,55,199,28,63,234
23,55,207,28,63,236
23,55,215,28,63,240
23,55,223,28,64,245
23,55,231,28,64,248
23,55,239,28,64,251
23,55,247,27,63,254
23,55,255,27,63,255
23,63,0,35,66,0
23,63,7,33,63,1
23,63,15,32,62,3
23,63,23,33,61,7
23,63,31,34,60,12
23,63,39,35,60,21
23,63,47,36,60,29
23,63,55,37,59,37
23,63,63,37,59,46
23,63,71,38,60,54
23,63,79,39,60,63
23,63,87,39,61,72
23,63,95,39,61,80
23,63,103,40,62,88
23,63,111,39,63,97
23,63,119,40,63,108
23,63,127,40,64,119
23,63,135,39,65,130
23,63,143,39,66,145
23,63,151,38,67,163
23,63,159,38,68,183
23,63,167,37,69,203
23,63,175,35,69,218
23,63,183,33,69,227
23,63,191,32,69,230
23,63,199,31,69,233
23,63,207,31,69,235
23,63,215,31,69,239
23,63,223,31,69,244
23,63,231,30,69,247
23,63,239,30,69,251
23,63,247,29,68,254
23,63,255,28,68,255
23,71,0,36,73,0
23,71,7,35,71,1
23,71,15,34,69,2
23,71,23,35,68,5
23,71,31,36,68,10
23,71,39,37,67,17
23,71,47,38,67,25
23,71,55,39,67,34
23,71,63,39,66,43
23,71,71,40,67,51
23,71,79,40,67,59
23,71,87,41,67,68
23,71,95,42,68,77
23,71,103,41,69,85
23,71,111,41,69,93
23,71,119,42,70,102
23,71,127,42,71,113
23,71,135,42,72,122
23,71,143,41,72,135
23,71,151,41,73,151
23,71,159,40,74,169
23,71,167,39,75,190
23,71,175,38,75,208
23,71,183,37,75,220
23,71,191,36,75,227
23,71,199,35,74,232
23,71,207,34,74,235
23,71,215,34,75,238
23,71,223,34,75,242
23,71,231,33,74,246
23,71,239,32,74,250
23,71,247,31,74,253
23,71,255,29,73,255
23,79,0,38,80,1
23,79,7,36,77,2
23,79,15,36,76,3
23,79,23,37,75,4
23,79,31,38,74,8
23,79,39,39,74,15
23,79,47,39,74,23
23,79,55,41,74,32
23,79,63,41,74,41
23,79,71,42,74,49
23,79,79,42,74,57
23,79,87,43,74,65
23,79,95,43,75,73
23,79,103,43,75,81
23,79,111,43,76,89
23,79,119,43,77,97
23,79,127,44,77,107
23,79,135,44,78,115
23,79,143,43,79,127
23,79,151,43,79,141
23,79,159,43,80,158
23,79,167,42,81,178
23,79,175,41,81,196
23,79,183,40,81,212
23,79,191,39,80,222
23,79,199,38,80,229
23,79,207,37,80,233
23,79,215,37,80,237
23,79,223,36,80,241
23,79,231,35,80,245
23,79,239,34,79,249
23,79,247,32,79,252
23,79,255,30,78,255
23,87,0,40,87,1
23,87,7,38,84,2
23,87,15,38,82,3
23,87,23,38,81,4
23,87,31,40,81,7
23,87,39,41,81,13
23,87,47,42,81,21
23,87,55,42,80,30
23,87,63,43,80,38
23,87,71,44,81,46
23,87,79,45,81,55
23,87,87,45,81,62
23,87,95,46,82,70
23,87,103,46,82,78
23,87,111,45,83,86
23,87,119,45,83,93
23,87,127,45,84,103
23,87,135,45,84,111
23,87,143,45,85,121
23,87,151,45,85,134
23,87,159,45,86,149
23,87,167,44,86,166
23,87,175,44,87,185
23,87,183,43,87,202
23,87,191,42,86,215
23,87,199,41,86,225
23,87,207,40,86,231
23,87,215,39,86,235
23,87,223,38,85,239
23,87,231,37,85,243
23,87,239,36,85,247
23,87,247,33,84,252
23,87,255,30,83,255
23,95,0,41,93,2
23,95,7,40,90,3
23,95,15,40,88,4
23,95,23,40,87,5
23,95,31,41,87,6
23,95,39,42,87,11
23,95,47,44,87,19
23,95,55,45,87,28
23,95,63,46,87,36
23,95,71,47,87,45
23,95,79,47,88,52
23,95,87,48,88,61
23,95,95,48,89,68
23,95,103,48,89,76
23,95,111,47,90,84
23,95,119,47,90,92
23,95,127,47,90,99
23,95,135,47,91,108
23,95,143,47,91,118
23,95,151,47,92,129
23,95,159,47,92,142
23,95,167,47,92,156
23,95,175,46,93,173
23,95,183,45,93,190
23,95,191,44,92,206
23,95,199,43,92,219
23,95,207,42,92,227
23,95,215,41,91,233
23,95,223,40,91,237
23,95,231,39,91,241
23,95,239,37,90,246
23,95,247,35,89,251
23,95,255,31,88,255
23,103,0,43,100,2
23,103,7,41,96,3
23,103,15,41,94,4
23,103,23,42,93,5
23,103,31,43,93,6
23,103,39,44,93,10
23,103,47,45,93,17
23,103,55,47,94,26
23,103,63,48,94,35
23,103,71,49,94,43
23,103,79,49,95,51
23,103,87,50,95,58
23,103,95,50,96,66
23,103,103,50,96,74
23,103,111,50,97,82
23,103,119,49,97,89
23,103,127,49,97,97
23,103,135,48,97,104
23,103,143,49,98,114
23,103,151,48,98,124
23,103,159,49,98,136
23,103,167,49,98,148
23,103,175,48,98,163
23,103,183,47,98,179
23,103,191,47,98,196
23,103,199,45,98,212
23,103,207,44,98,223
23,103,215,43,97,230
23,103,223,42,97,235
23,103,231,41,96,240
23,103,239,39,96,244
23,103,247,36,95,249
23,103,255,32,94,254
23,111,0,44,105,2
23,111,7,43,102,3
23,111,15,42,100,4
23,111,23,43,99,5
23,111,31,44,99,6
23,111,39,45,99,9
23,111,47,47,100,16
23,111,55,49,100,25
23,111,63,50,100,34
23,111,71,51,101,42
23,111,79,52,102,50
23,111,87,52,102,57
23,111,95,53,103,64
23,111,103,53,103,72
23,111,111,52,104,79
23,111,119,52,104,87
23,111,127,52,104,95
23,111,135,51,104,102
23,111,143,50,105,110
23,111,151,50,105,120
23,111,159,51,105,131
23,111,167,51,105,141
23,111,175,50,105,154
23,111,183,49,105,170
23,111,191,49,104,186
23,111,199,48,104,203
23,111,207,46,104,217
23,111,215,45,103,226
23,111,223,44,103,232
23,111,231,42,103,238
23,111,239,40,102,243
23,111,247,38,101,248
23,111,255,33,101,253
23,119,0,46,111,2
23,119,7,44,107,3
23,119,15,44,105,4
23,119,23,44,104,5
23,119,31,46,105,6
23,119,39,47,105,8
23,119,47,49,106,15
23,119,55,51,106,24
23,119,63,52,107,33
23,119,71,54,108,41
23,119,79,55,108,49
23,119,87,56,109,56
23,119,95,56,110,63
23,119,103,56,111,70
23,119,111,56,111,78
23,119,119,55,112,85
23,119,127,55,112,92
23,119,135,54,112,99
23,119,143,53,112,107
23,119,151,53,112,116
23,119,159,53,112,127
23,119,167,53,111,136
23,119,175,53,111,148
23,119,183,52,111,162
23,119,191,51,111,177
23,119,199,50,111,194
23,119,207,48,110,209
23,119,215,47,110,221
23,119,223,46,109,228
23,119,231,44,109,235
23,119,239,42,109,241
23,119,247,39,108,246
23,119,255,34,108,252
23,127,0,47,116,2
23,127,7,45,112,3
23,127,15,44,109,4
23,127,23,45,109,5
23,127,31,47,110,6
23,127,39,48,111,7
23,127,47,50,112,13
23,127,55,52,113,22
23,127,63,54,113,31
23,127,71,56,114,39
23,127,79,57,115,47
23,127,87,58,116,54
23,127,95,59,117,61
23,127,103,58,118,69
23,127,111,59,118,76
23,127,119,59,119,83
23,127,127,58,119,90
23,127,135,57,119,97
23,127,143,56,119,105
23,127,151,56,119,113
23,127,159,56,119,123
23,127,167,55,119,133
23,127,175,54,118,144
23,127,183,54,118,156
23,127,191,53,118,170
23,127,199,52,118,186
23,127,207,51,117,201
23,127,215,49,117,214
23,127,223,48,116,223
23,127,231,46,116,231
23,127,239,44,115,238
23,127,247,41,115,244
23,127,255,36,115,251
23,135,0,48,121,2
23,135,7,45,116,3
23,135,15,45,114,4
23,135,23,45,114,5
23,135,31,47,115,6
23,135,39,49,116,7
23,135,47,51,118,12
23,135,55,53,119,20
23,135,63,55,120,29
23,135,71,57,121,38
23,135,79,58,123,45
23,135,87,60,124,52
23,135,95,61,124,59
23,135,103,61,125,66
23,135,111,62,126,74
23,135,119,61,126,81
23,135,127,61,127,88
23,135,135,61,127,96
23,135,143,60,127,102
23,135,151,59,127,111
23,135,159,58,127,120
23,135,167,57,127,129
23,135,175,56,126,139
23,135,183,56,125,151
23,135,191,55,125,163
23,135,199,54,125,177
23,135,207,52,124,192
23,135,215,51,124,206
23,135,223,49,123,217
23,135,231,47,123,227
23,135,239,45,123,235
23,135,247,42,122,243
23,135,255,37,122,250
23,143,0,49,126,2
23,143,7,46,120,3
23,143,15,45,118,4
23,143,23,46,118,5
23,143,31,47,120,6
23,143,39,49,122,7
23,143,47,51,123,11
23,143,55,54,125,18
23,143,63,56,127,27
23,143,71,57,128,35
23,143,79,59,130,43
23,143,87,61,131,50
23,143,95,62,132,57
23,143,103,63,133,64
23,143,111,63,134,71
23,143,119,64,134,79
23,143,127,63,134,86
23,143,135,63,135,93
23,143,143,62,135,100
23,143,151,61,135,108
23,143,159,61,135,116
23,143,167,60,135,125
23,143,175,58,134,135
23,143,183,58,133,146
23,143,191,57,133,157
23,143,199,56,132,170
23,143,207,55,132,184
23,143,215,53,131,198
23,143,223,51,131,211
23,143,231,49,130,222
23,143,239,47,130,232
23,143,247,43,130,241
23,143,255,38,130,249
23,151,0,50,130,2
23,151,7,46,124,3
23,151,15,45,122,4
23,151,23,45,123,5
23,151,31,47,125,6
23,151,39,49,127,7
23,151,47,51,129,9
23,151,55,54,131,16
23,151,63,56,133,25
23,151,71,58,135,33
23,151,79,59,137,41
23,151,87,61,138,48
23,151,95,63,139,54
23,151,103,63,140,61
23,151,111,64,141,69
23,151,119,65,141,76
23,151,127,66,142,83
23,151,135,65,142,90
23,151,143,65,143,97
23,151,151,64,143,105
23,151,159,63,143,113
23,151,167,62,143,121
23,151,175,61,142,130
23,151,183,59,142,141
23,151,191,59,141,152
23,151,199,57,140,164
23,151,207,57,140,177
23,151,215,55,139,190
23,151,223,53,138,204
23,151,231,51,138,217
23,151,239,48,137,228
23,151,247,45,137,239
23,151,255,40,137,248
23,159,0,50,135,2
23,159,7,46,129,3
23,159,15,44,126,4
23,159,23,45,127,5
23,159,31,47,129,6
23,159,39,48,132,7
23,159,47,51,134,9
23,159,55,53,136,14
23,159,63,56,138,23
23,159,71,58,140,31
23,159,79,59,142,39
23,159,87,61,144,46
23,159,95,63,145,52
23,159,103,64,146,59
23,159,111,65,147,66
23,159,119,66,148,73
23,159,127,66,148,80
23,159,135,67,149,87
23,159,143,67,150,94
23,159,151,66,150,101
23,159,159,66,150,109
23,159,167,64,150,118
23,159,175,63,150,127
23,159,183,62,150,137
23,159,191,60,149,147
23,159,199,59,148,158
23,159,207,58,147,170
23,159,215,57,147,184
23,159,223,55,146,197
23,159,231,53,146,211
23,159,239,50,145,224
23,159,247,47,145,236
23,159,255,41,145,246
23,167,0,49,140,3
23,167,7,45,133,4
23,167,15,44,130,5
23,167,23,44,131,6
23,167,31,46,134,7
23,167,39,47,136,8
23,167,47,50,139,9
23,167,55,52,141,13
23,167,63,55,143,21
23,167,71,57,146,29
23,167,79,59,148,37
23,167,87,61,149,43
23,167,95,62,150,49
23,167,103,64,152,56
23,167,111,65,153,63
23,167,119,66,154,70
23,167,127,67,154,76
23,167,135,67,155,83
23,167,143,67,156,90
23,167,151,68,157,98
23,167,159,67,157,106
23,167,167,66,157,113
23,167,175,65,157,122
23,167,183,63,157,132
23,167,191,63,156,142
23,167,199,61,155,152
23,167,207,59,155,164
23,167,215,57,154,177
23,167,223,57,154,191
23,167,231,54,154,205
23,167,239,52,153,219
23,167,247,49,153,232
23,167,255,43,152,243
23,175,0,48,145,3
23,175,7,45,138,4
23,175,15,43,134,5
23,175,23,44,135,6
23,175,31,45,138,7
23,175,39,47,140,8
23,175,47,49,143,9
23,175,55,51,145,13
23,175,63,54,147,20
23,175,71,56,150,28
23,175,79,58,152,35
23,175,87,60,154,42
23,175,95,62,155,47
23,175,103,63,156,54
23,175,111,64,157,60
23,175,119,66,158,67
23,175,127,67,159,73
23,175,135,67,160,80
23,175,143,68,162,87
23,175,151,68,163,94
23,175,159,69,163,101
23,175,167,68,164,110
23,175,175,67,164,118
23,175,183,65,164,127
23,175,191,64,163,137
23,175,199,62,163,147
23,175,207,61,163,158
23,175,215,59,162,171
23,175,223,58,162,184
23,175,231,56,162,199
23,175,239,54,162,214
23,175,247,51,161,228
23,175,255,46,160,241
23,183,0,47,151,3
23,183,7,44,142,4
23,183,15,43,138,5
23,183,23,43,139,6
23,183,31,44,142,7
23,183,39,46,144,8
23,183,47,48,146,9
23,183,55,50,149,13
23,183,63,53,151,19
23,183,71,55,153,26
23,183,79,57,155,33
23,183,87,59,157,40
23,183,95,61,158,45
23,183,103,62,160,51
23,183,111,64,161,58
23,183,119,65,162,64
23,183,127,67,164,70
23,183,135,67,165,77
23,183,143,68,166,83
23,183,151,69,168,90
23,183,159,69,169,97
23,183,167,69,170,105
23,183,175,69,170,113
23,183,183,68,170,122
23,183,191,66,170,132
23,183,199,65,170,142
23,183,207,63,170,153
23,183,215,61,170,165
23,183,223,59,170,178
23,183,231,58,170,193
23,183,239,56,170,208
23,183,247,53,170,223
23,183,255,48,168,238
23,191,0,46,156,4
23,191,7,43,147,5
23,191,15,42,143,6
23,191,23,43,144,7
23,191,31,43,146,8
23,191,39,45,148,9
23,191,47,47,150,10
23,191,55,49,152,12
23,191,63,51,154,18
23,191,71,54,156,25
23,191,79,56,159,32
23,191,87,58,160,38
23,191,95,60,162,43
23,191,103,62,164,49
23,191,111,63,165,55
23,191,119,65,166,61
23,191,127,66,167,67
23,191,135,67,169,73
23,191,143,68,171,80
23,191,151,69,172,86
23,191,159,70,173,93
23,191,167,70,175,101
23,191,175,69,176,109
23,191,183,69,176,117
23,191,191,68,177,127
23,191,199,66,177,137
23,191,207,64,177,147
23,191,215,62,177,159
23,191,223,61,178,172
23,191,231,60,178,187
23,191,239,58,178,203
23,191,247,55,178,219
23,191,255,50,177,234
23,199,0,45,162,4
23,199,7,42,153,5
23,199,15,42,148,6
23,199,23,42,149,7
23,199,31,43,151,8
23,199,39,44,152,9
23,199,47,46,154,10
23,199,55,48,156,12
23,199,63,50,158,17
23,199,71,52,160,24
23,199,79,54,162,30
23,199,87,57,164,36
23,199,95,59,165,41
23,199,103,60,167,47
23,199,111,62,169,53
23,199,119,64,170,58
23,199,127,65,171,64
23,199,135,67,173,70
23,199,143,68,175,76
23,199,151,69,176,82
23,199,159,69,178,89
23,199,167,69,179,96
23,199,175,69,181,104
23,199,183,69,182,112
23,199,191,69,182,121
23,199,199,68,183,131
23,199,207,66,184,142
23,199,215,65,185,153
23,199,223,63,185,166
23,199,231,61,186,181
23,199,239,59,187,197
23,199,247,56,187,214
23,199,255,52,185,231
23,207,0,44,168,4
23,207,7,42,159,5
23,207,15,41,154,6
23,207,23,41,154,7
23,207,31,42,156,8
23,207,39,43,158,9
23,207,47,44,159,10
23,207,55,46,161,12
23,207,63,48,163,17
23,207,71,51,165,22
23,207,79,53,166,28
23,207,87,55,168,34
23,207,95,57,169,39
23,207,103,59,171,45
23,207,111,61,173,50
23,207,119,63,174,56
23,207,127,64,176,61
23,207,135,66,177,67
23,207,143,67,179,73
23,207,151,68,181,79
23,207,159,68,182,85
23,207,167,69,184,92
23,207,175,69,185,99
23,207,183,69,187,107
23,207,191,69,188,116
23,207,199,68,189,126
23,207,207,67,190,136
23,207,215,66,191,148
23,207,223,64,192,161
23,207,231,62,194,175
23,207,239,61,195,191
23,207,247,58,195,209
23,207,255,54,194,227
23,215,0,43,174,4
23,215,7,41,166,5
23,215,15,40,161,6
23,215,23,40,161,7
23,215,31,41,163,8
23,215,39,42,164,9
23,215,47,43,165,10
23,215,55,45,167,13
23,215,63,47,168,16
23,215,71,49,170,21
23,215,79,51,172,27
23,215,87,54,173,32
23,215,95,56,174,37
23,215,103,58,176,42
23,215,111,59,178,48
23,215,119,61,179,53
23,215,127,63,181,58
23,215,135,64,182,64
23,215,143,66,184,70
23,215,151,67,186,76
23,215,159,68,187,82
23,215,167,68,189,88
23,215,175,68,190,95
23,215,183,68,192,103
23,215,191,68,193,111
23,215,199,68,195,121
23,215,207,67,196,131
23,215,215,66,198,142
23,215,223,65,199,155
23,215,231,63,201,169
23,215,239,62,203,185
23,215,247,59,204,203
23,215,255,56,203,224
23,223,0,43,181,4
23,223,7,41,173,5
23,223,15,40,169,6
23,223,23,40,169,7
23,223,31,41,170,8
23,223,39,41,171,10
23,223,47,43,172,11
23,223,55,45,174,13
23,223,63,47,175,16
23,223,71,49,177,20
23,223,79,51,178,25
23,223,87,53,179,30
23,223,95,55,180,35
23,223,103,57,182,40
23,223,111,58,184,45
23,223,119,60,185,51
23,223,127,62,187,56
23,223,135,63,188,61
23,223,143,64,190,67
23,223,151,66,192,72
23,223,159,66,193,78
23,223,167,67,194,85
23,223,175,67,196,91
23,223,183,67,197,99
23,223,191,67,199,107
23,223,199,67,201,116
23,223,207,66,202,126
23,223,215,65,204,137
23,223,223,65,206,150
23,223,231,63,209,164
23,223,239,62,211,180
23,223,247,60,212,199
23,223,255,57,211,220
23,231,0,44,188,4
23,231,7,42,181,5
23,231,15,41,178,6
23,231,23,40,177,7
23,231,31,41,178,9
23,231,39,42,179,10
23,231,47,43,180,12
23,231,55,45,181,13
23,231,63,46,182,16
23,231,71,48,183,19
23,231,79,50,184,24
23,231,87,52,185,28
23,231,95,54,186,33
23,231,103,56,188,38
23,231,111,57,189,43
23,231,119,59,191,48
23,231,127,60,192,53
23,231,135,62,194,59
23,231,143,63,196,64
23,231,151,64,197,70
23,231,159,65,198,75
23,231,167,65,200,81
23,231,175,65,201,88
23,231,183,66,203,95
23,231,191,66,204,103
23,231,199,65,206,112
23,231,207,65,208,122
23,231,215,64,210,133
23,231,223,64,213,145
23,231,231,63,216,159
23,231,239,62,219,176
23,231,247,61,221,195
23,231,255,58,220,217
23,239,0,45,195,3
23,239,7,43,191,4
23,239,15,42,188,6
23,239,23,41,187,7
23,239,31,42,187,9
23,239,39,42,188,10
23,239,47,43,188,12
23,239,55,45,189,14
23,239,63,47,189,16
23,239,71,48,190,19
23,239,79,50,191,23
23,239,87,52,192,27
23,239,95,54,193,32
23,239,103,55,194,37
23,239,111,56,196,41
23,239,119,58,197,46
23,239,127,59,199,51
23,239,135,60,200,56
23,239,143,61,202,61
23,239,151,62,203,67
23,239,159,63,204,73
23,239,167,63,206,79
23,239,175,63,207,85
23,239,183,63,209,91
23,239,191,64,210,99
23,239,199,63,212,108
23,239,207,63,215,118
23,239,215,63,217,128
23,239,223,62,220,141
23,239,231,62,223,155
23,239,239,61,226,172
23,239,247,60,229,191
23,239,255,58,230,213
23,247,0,47,203,2
23,247,7,45,201,4
23,247,15,44,200,6
23,247,23,43,199,7
23,247,31,43,199,9
23,247,39,44,200,11
23,247,47,45,200,13
23,247,55,46,200,15
23,247,63,47,200,17
23,247,71,49,201,20
23,247,79,50,201,23
23,247,87,52,202,27
23,247,95,53,202,31
23,247,103,54,203,36
23,247,111,55,204,40
23,247,119,56,206,44
23,247,127,57,207,49
23,247,135,58,208,54
23,247,143,59,210,59
23,247,151,59,211,65
23,247,159,60,212,70
23,247,167,60,213,76
23,247,175,60,214,82
23,247,183,60,216,88
23,247,191,60,218,96
23,247,199,60,220,105
23,247,207,60,222,114
23,247,215,60,225,125
23,247,223,60,227,138
23,247,231,59,231,152
23,247,239,59,234,169
23,247,247,59,237,188
23,247,255,58,239,210
23,255,0,50,212,1
23,255,7,49,213,3
23,255,15,48,215,5
23,255,23,47,216,8
23,255,31,47,217,10
23,255,39,47,217,12
23,255,47,47,217,15
23,255,55,48,217,17
23,255,63,49,217,20
23,255,71,49,216,23
23,255,79,50,216,25
23,255,87,51,216,29
23,255,95,52,216,32
23,255,103,53,216,35
23,255,111,54,217,39
23,255,119,54,218,43
23,255,127,55,219,48
23,255,135,55,219,53
23,255,143,55,220,58
23,255,151,55,221,63
23,255,159,55,222,68
23,255,167,55,223,73
23,255,175,55,224,79
23,255,183,54,225,85
23,255,191,54,227,93
23,255,199,54,229,102
23,255,207,54,231,111
23,255,215,54,233,122
23,255,223,54,235,135
23,255,231,55,238,150
23,255,239,55,241,167
23,255,247,56,245,186
23,255,255,57,248,208
31,0,0,30,4,3
31,0,7,30,3,10
31,0,15,29,3,19
31,0,23,28,4,29
31,0,31,28,3,37
31,0,39,27,3,48
31,0,47,27,4,58
31,0,55,27,5,69
31,0,63,26,5,80
31,0,71,25,6,90
31,0,79,25,7,101
31,0,87,24,8,112
31,0,95,23,9,122
31,0,103,23,10,131
31,0,111,23,10,140
31,0,119,22,11,149
31,0,127,22,12,157
31,0,135,22,12,165
31,0,143,21,13,173
31,0,151,21,14,181
31,0,159,21,15,189
31,0,167,21,15,196
31,0,175,21,16,204
31,0,183,21,17,211
31,0,191,21,18,217
31,0,199,22,18,223
31,0,207,22,19,229
31,0,215,22,20,234
31,0,223,22,20,238
31,0,231,21,20,242
31,0,239,21,20,245
31,0,247,21,20,248
31,0,255,20,20,249
31,7,0,31,11,2
31,7,7,31,11,9
31,7,15,30,11,17
31,7,23,30,11,26
31,7,31,30,12,35
31,7,39,29,11,44
31,7,47,29,12,54
31,7,55,30,13,64
31,7,63,29,14,74
31,7,71,28,15,84
31,7,79,28,16,95
31,7,87,27,17,105
31,7,95,26,18,116
31,7,103,25,19,126
31,7,111,25,20,139
31,7,119,24,22,153
31,7,127,23,23,169
31,7,135,23,24,186
31,7,143,22,25,200
31,7,151,21,26,211
31,7,159,21,27,217
31,7,167,20,27,220
31,7,175,20,27,222
31,7,183,20,28,225
31,7,191,21,28,229
31,7,199,21,29,233
31,7,207,22,29,236
31,7,215,22,29,240
31,7,223,22,29,243
31,7,231,22,29,246
31,7,239,22,29,248
31,7,247,22,28,250
31,7,255,22,27,251
31,15,0,32,19,1
31,15,7,31,19,8
31,15,15,31,19,15
31,15,23,31,19,23
31,15,31,31,19,32
31,15,39,32,20,41
31,15,47,31,20,50
31,15,55,31,20,59
31,15,63,32,21,69
31,15,71,31,22,79
31,15,79,30,23,89
31,15,87,30,24,100
31,15,95,29,25,110
31,15,103,28,26,120
31,15,111,27,28,132
31,15,119,26,29,148
31,15,127,26,31,168
31,15,135,25,33,190
31,15,143,24,34,210
31,15,151,23,35,224
31,15,159,22,35,228
31,15,167,22,35,229
31,15,175,22,36,231
31,15,183,22,36,232
31,15,191,22,36,235
31,15,199,23,36,237
31,15,207,23,37,240
31,15,215,24,37,242
31,15,223,24,37,245
31,15,231,24,37,248
31,15,239,24,36,250
31,15,247,24,36,251
31,15,255,24,34,252
31,23,0,33,27,1
31,23,7,32,26,6
31,23,15,32,26,12
31,23,23,32,26,20
31,23,31,32,26,29
31,23,39,33,26,38
31,23,47,33,26,47
31,23,55,33,27,55
31,23,63,33,27,65
31,23,71,32,28,75
31,23,79,33,29,85
31,23,87,32,30,95
31,23,95,31,31,105
31,23,103,31,32,113
31,23,111,30,33,124
31,23,119,29,35,139
31,23,127,29,37,158
31,23,135,28,38,182
31,23,143,27,39,204
31,23,151,26,40,221
31,23,159,25,40,228
31,23,167,25,41,230
31,23,175,24,41,231
31,23,183,25,41,232
31,23,191,25,42,236
31,23,199,25,42,238
31,23,207,25,42,240
31,23,215,25,43,243
31,23,223,25,43,246
31,23,231,25,43,248
31,23,239,25,43,251
31,23,247,25,42,252
31,23,255,25,41,253
31,31,0,34,35,1
31,31,7,33,33,5
31,31,15,33,32,11
31,31,23,33,32,18
31,31,31,34,33,25
31,31,39,34,33,34
31,31,47,35,32,44
31,31,55,35,33,53
31,31,63,35,33,61
31,31,71,35,34,70
31,31,79,34,35,80
31,31,87,35,36,90
31,31,95,34,37,99
31,31,103,34,38,108
31,31,111,33,39,119
31,31,119,32,40,132
31,31,127,32,42,150
31,31,135,31,43,170
31,31,143,30,44,193
31,31,151,29,45,213
31,31,159,28,46,225
31,31,167,28,46,231
31,31,175,27,46,233
31,31,183,27,47,234
31,31,191,27,47,237
31,31,199,27,48,239
31,31,207,27,48,241
31,31,215,27,48,243
31,31,223,26,49,247
31,31,231,26,49,249
31,31,239,26,48,251
31,31,247,26,48,253
31,31,255,27,47,254
31,39,0,35,43,0
31,39,7,34,41,4
31,39,15,34,40,9
31,39,23,34,39,15
31,39,31,35,39,23
31,39,39,35,38,31
31,39,47,35,38,40
31,39,55,35,39,49
31,39,63,37,39,58
31,39,71,37,40,67
31,39,79,37,41,75
31,39,87,37,42,85
31,39,95,37,43,94
31,39,103,36,43,103
31,39,111,36,44,113
31,39,119,35,46,125
31,39,127,35,47,141
31,39,135,34,48,159
31,39,143,34,50,181
31,39,151,33,51,203
31,39,159,32,51,219
31,39,167,31,52,229
31,39,175,30,52,234
31,39,183,29,52,235
31,39,191,28,53,237
31,39,199,27,53,238
31,39,207,27,53,240
31,39,215,27,53,243
31,39,223,27,54,247
31,39,231,27,54,249
31,39,239,27,54,252
31,39,247,27,53,254
31,39,255,28,53,255
31,47,0,37,50,0
31,47,7,35,48,2
31,47,15,35,47,7
31,47,23,36,46,13
31,47,31,36,46,20
31,47,39,37,45,29
31,47,47,37,45,37
31,47,55,38,45,46
31,47,63,38,46,54
31,47,71,38,46,63
31,47,79,39,47,72
31,47,87,39,48,80
31,47,95,39,49,89
31,47,103,39,49,98
31,47,111,39,50,108
31,47,119,38,51,119
31,47,127,38,52,133
31,47,135,38,54,149
31,47,143,37,55,168
31,47,151,36,56,190
31,47,159,35,57,209
31,47,167,34,57,223
31,47,175,33,57,232
31,47,183,31,57,235
31,47,191,30,58,236
31,47,199,29,58,237
31,47,207,28,58,239
31,47,215,28,58,242
31,47,223,29,59,246
31,47,231,28,59,249
31,47,239,28,59,252
31,47,247,28,58,254
31,47,255,29,58,255
31,55,0,40,58,1
31,55,7,36,56,2
31,55,15,36,54,4
31,55,23,38,53,10
31,55,31,38,53,17
31,55,39,38,53,25
31,55,47,39,52,33
31,55,55,40,52,42
31,55,63,40,52,50
31,55,71,41,53,59
31,55,79,41,53,68
31,55,87,42,54,76
31,55,95,42,55,84
31,55,103,42,55,93
31,55,111,42,56,102
31,55,119,41,57,113
31,55,127,41,58,125
31,55,135,41,59,139
31,55,143,40,60,156
31,55,151,40,61,177
31,55,159,39,62,197
31,55,167,37,63,214
31,55,175,36,63,226
31,55,183,34,63,233
31,55,191,32,63,234
31,55,199,31,63,236
31,55,207,31,63,238
31,55,215,31,63,241
31,55,223,31,64,245
31,55,231,30,64,248
31,55,239,30,64,251
31,55,247,30,63,254
31,55,255,30,63,255
31,63,0,41,65,1
31,63,7,39,63,2
31,63,15,37,61,4
31,63,23,38,61,7
31,63,31,39,60,13
31,63,39,40,60,22
31,63,47,41,59,31
31,63,55,42,59,39
31,63,63,42,60,47
31,63,71,42,60,56
31,63,79,43,60,64
31,63,87,44,61,73
31,63,95,44,62,81
31,63,103,44,62,89
31,63,111,44,63,98
31,63,119,44,64,108
31,63,127,44,64,120
31,63,135,43,65,131
31,63,143,43,66,146
31,63,151,42,67,164
31,63,159,42,68,184
31,63,167,41,69,204
31,63,175,39,69,219
31,63,183,37,69,229
31,63,191,36,69,233
31,63,199,35,69,235
31,63,207,34,69,237
31,63,215,34,69,240
31,63,223,34,69,244
31,63,231,33,69,248
31,63,239,33,69,251
31,63,247,32,68,254
31,63,255,31,68,255
31,71,0,43,73,1
31,71,7,40,70,2
31,71,15,39,68,3
31,71,23,40,68,6
31,71,31,41,67,11
31,71,39,42,67,18
31,71,47,42,67,28
31,71,55,43,67,37
31,71,63,44,67,45
31,71,71,44,67,53
31,71,79,44,67,61
31,71,87,45,68,70
31,71,95,45,68,78
31,71,103,45,69,86
31,71,111,45,70,94
31,71,119,45,70,103
31,71,127,46,71,113
31,71,135,46,72,123
31,71,143,45,73,136
31,71,151,45,73,153
31,71,159,45,74,171
31,71,167,44,75,192
31,71,175,42,75,209
31,71,183,41,75,222
31,71,191,39,74,230
31,71,199,39,74,234
31,71,207,38,74,237
31,71,215,38,74,239
31,71,223,37,74,243
31,71,231,36,74,246
31,71,239,35,74,250
31,71,247,34,73,253
31,71,255,32,73,255
31,79,0,45,79,2
31,79,7,42,77,3
31,79,15,40,75,4
31,79,23,41,75,5
31,79,31,42,74,9
31,79,39,43,74,16
31,79,47,44,74,24
31,79,55,45,74,33
31,79,63,45,74,42
31,79,71,46,74,51
31,79,79,46,74,59
31,79,87,47,75,67
31,79,95,47,75,74
31,79,103,46,76,82
31,79,111,47,76,90
31,79,119,47,77,98
31,79,127,47,78,108
31,79,135,48,78,117
31,79,143,47,79,128
31,79,151,47,79,143
31,79,159,47,80,160
31,79,167,46,81,179
31,79,175,45,81,198
31,79,183,44,81,213
31,79,191,43,80,224
31,79,199,42,80,231
31,79,207,41,80,235
31,79,215,41,80,238
31,79,223,40,80,242
31,79,231,39,80,245
31,79,239,37,79,249
31,79,247,35,78,253
31,79,255,33,77,255
31,87,0,46,86,2
31,87,7,43,83,3
31,87,15,42,82,4
31,87,23,42,81,5
31,87,31,44,81,8
31,87,39,45,81,14
31,87,47,46,81,22
31,87,55,47,80,31
31,87,63,47,80,40
31,87,71,48,81,49
31,87,79,49,81,57
31,87,87,48,82,64
31,87,95,49,82,72
31,87,103,49,83,79
31,87,111,48,83,87
31,87,119,48,84,96
31,87,127,49,84,104
31,87,135,49,85,112
31,87,143,49,85,122
31,87,151,49,86,135
31,87,159,49,86,150
31,87,167,49,86,167
31,87,175,48,87,186
31,87,183,47,87,203
31,87,191,46,86,217
31,87,199,45,86,227
31,87,207,44,86,232
31,87,215,44,86,236
31,87,223,43,85,240
31,87,231,41,85,244
31,87,239,39,84,248
31,87,247,37,84,252
31,87,255,34,82,255
31,95,0,48,92,2
31,95,7,45,89,3
31,95,15,43,88,4
31,95,23,44,87,5
31,95,31,45,87,7
31,95,39,46,87,12
31,95,47,48,87,20
31,95,55,49,87,30
31,95,63,50,87,38
31,95,71,50,87,46
31,95,79,51,88,54
31,95,87,52,89,62
31,95,95,51,89,70
31,95,103,51,90,77
31,95,111,51,90,85
31,95,119,51,91,93
31,95,127,51,91,101
31,95,135,51,91,109
31,95,143,51,91,119
31,95,151,51,92,130
31,95,159,52,92,143
31,95,167,51,92,157
31,95,175,51,93,174
31,95,183,50,92,192
31,95,191,49,92,209
31,95,199,48,92,221
31,95,207,47,92,229
31,95,215,46,91,234
31,95,223,45,91,238
31,95,231,43,90,242
31,95,239,41,90,247
31,95,247,38,89,251
31,95,255,34,88,255
31,103,0,49,98,2
31,103,7,46,95,3
31,103,15,45,93,4
31,103,23,45,93,5
31,103,31,46,93,6
31,103,39,48,93,11
31,103,47,49,93,19
31,103,55,51,93,28
31,103,63,52,94,37
31,103,71,53,94,45
31,103,79,53,95,52
31,103,87,53,95,60
31,103,95,54,96,68
31,103,103,53,97,76
31,103,111,53,97,83
31,103,119,53,97,91
31,103,127,53,97,99
31,103,135,53,98,106
31,103,143,53,98,115
31,103,151,53,98,125
31,103,159,53,98,137
31,103,167,53,98,148
31,103,175,53,98,163
31,103,183,52,98,181
31,103,191,51,98,199
31,103,199,50,98,214
31,103,207,49,97,225
31,103,215,48,97,232
31,103,223,47,97,237
31,103,231,45,96,241
31,103,239,43,95,245
31,103,247,40,95,250
31,103,255,36,94,254
31,111,0,51,104,2
31,111,7,48,101,3
31,111,15,46,99,4
31,111,23,47,99,5
31,111,31,48,98,6
31,111,39,49,99,10
31,111,47,51,99,17
31,111,55,53,100,27
31,111,63,55,100,35
31,111,71,55,101,43
31,111,79,56,101,51
31,111,87,56,102,59
31,111,95,57,103,66
31,111,103,57,104,73
31,111,111,56,104,81
31,111,119,56,104,89
31,111,127,56,104,96
31,111,135,55,104,104
31,111,143,55,104,112
31,111,151,55,104,121
31,111,159,56,104,132
31,111,167,55,105,142
31,111,175,55,104,155
31,111,183,54,104,171
31,111,191,54,104,188
31,111,199,52,104,206
31,111,207,51,103,219
31,111,215,50,103,229
31,111,223,48,102,234
31,111,231,47,102,239
31,111,239,45,102,244
31,111,247,42,101,248
31,111,255,37,100,253
31,119,0,52,110,2
31,119,7,49,106,3
31,119,15,47,104,4
31,119,23,48,104,5
31,119,31,49,104,6
31,119,39,51,104,9
31,119,47,53,105,16
31,119,55,55,106,25
31,119,63,57,107,34
31,119,71,58,107,42
31,119,79,59,108,50
31,119,87,60,109,57
31,119,95,60,110,65
31,119,103,60,111,72
31,119,111,60,111,79
31,119,119,59,112,87
31,119,127,59,112,95
31,119,135,58,112,102
31,119,143,58,112,109
31,119,151,58,111,118
31,119,159,58,111,128
31,119,167,58,111,137
31,119,175,57,111,149
31,119,183,57,111,163
31,119,191,56,111,179
31,119,199,55,110,196
31,119,207,53,110,211
31,119,215,52,109,223
31,119,223,50,109,230
31,119,231,49,108,236
31,119,239,46,108,242
31,119,247,43,107,247
31,119,255,38,107,252
31,127,0,53,115,3
31,127,7,49,110,3
31,127,15,48,109,5
31,127,23,49,109,6
31,127,31,50,109,7
31,127,39,52,110,8
31,127,47,54,111,15
31,127,55,57,112,24
31,127,63,59,113,33
31,127,71,60,114,41
31,127,79,61,115,48
31,127,87,63,116,56
31,127,95,63,117,63
31,127,103,63,118,71
31,127,111,63,118,78
31,127,119,63,119,85
31,127,127,63,119,92
31,127,135,62,119,99
31,127,143,62,119,107
31,127,151,61,119,115
31,127,159,61,119,125
31,127,167,60,118,134
31,127,175,60,118,145
31,127,183,59,118,158
31,127,191,59,118,172
31,127,199,57,117,187
31,127,207,56,117,202
31,127,215,54,116,216
31,127,223,52,116,225
31,127,231,50,115,233
31,127,239,48,115,239
31,127,247,45,114,245
31,127,255,40,114,251
31,135,0,54,119,3
31,135,7,50,115,4
31,135,15,48,113,5
31,135,23,49,114,6
31,135,31,51,114,7
31,135,39,52,115,8
31,135,47,55,117,13
31,135,55,57,118,22
31,135,63,60,120,31
31,135,71,61,121,39
31,135,79,63,122,46
31,135,87,64,124,54
31,135,95,65,124,61
31,135,103,65,125,68
31,135,111,66,126,76
31,135,119,66,126,83
31,135,127,66,126,90
31,135,135,65,127,97
31,135,143,64,127,104
31,135,151,64,127,113
31,135,159,63,127,122
31,135,167,62,126,131
31,135,175,61,125,140
31,135,183,61,125,152
31,135,191,60,125,165
31,135,199,59,124,179
31,135,207,57,124,193
31,135,215,56,123,207
31,135,223,54,123,219
31,135,231,52,122,229
31,135,239,50,122,237
31,135,247,46,121,244
31,135,255,41,121,251
31,143,0,55,124,3
31,143,7,50,119,4
31,143,15,48,117,5
31,143,23,49,118,6
31,143,31,51,119,7
31,143,39,52,121,8
31,143,47,55,123,12
31,143,55,58,125,19
31,143,63,60,126,29
31,143,71,62,128,37
31,143,79,63,130,44
31,143,87,65,131,52
31,143,95,67,132,59
31,143,103,67,133,66
31,143,111,68,133,73
31,143,119,68,134,80
31,143,127,68,134,88
31,143,135,67,134,94
31,143,143,67,135,102
31,143,151,66,135,110
31,143,159,66,135,118
31,143,167,64,134,127
31,143,175,63,133,136
31,143,183,62,133,147
31,143,191,62,132,159
31,143,199,60,132,172
31,143,207,59,131,185
31,143,215,58,131,199
31,143,223,56,130,212
31,143,231,54,129,224
31,143,239,51,129,234
31,143,247,48,128,242
31,143,255,42,128,250
31,151,0,56,129,3
31,151,7,50,123,4
31,151,15,48,121,5
31,151,23,48,123,6
31,151,31,50,124,7
31,151,39,52,126,8
31,151,47,55,128,10
31,151,55,58,130,17
31,151,63,60,132,26
31,151,71,62,134,35
31,151,79,64,136,42
31,151,87,66,138,49
31,151,95,68,139,56
31,151,103,68,140,63
31,151,111,69,140,71
31,151,119,70,141,78
31,151,127,70,142,85
31,151,135,70,142,92
31,151,143,69,143,99
31,151,151,68,143,106
31,151,159,68,142,115
31,151,167,67,142,123
31,151,175,66,142,133
31,151,183,64,141,142
31,151,191,64,140,154
31,151,199,63,140,166
31,151,207,62,139,178
31,151,215,60,138,192
31,151,223,58,138,206
31,151,231,56,137,219
31,151,239,53,136,230
31,151,247,49,136,240
31,151,255,44,136,248
31,159,0,56,133,3
31,159,7,50,127,4
31,159,15,48,126,5
31,159,23,48,127,6
31,159,31,50,128,7
31,159,39,52,131,8
31,159,47,55,133,10
31,159,55,58,136,16
31,159,63,61,137,24
31,159,71,62,140,33
31,159,79,64,142,40
31,159,87,66,144,48
31,159,95,68,145,54
31,159,103,69,146,61
31,159,111,70,147,68
31,159,119,71,147,75
31,159,127,72,148,82
31,159,135,72,149,89
31,159,143,71,149,96
31,159,151,71,150,103
31,159,159,70,150,111
31,159,167,69,150,120
31,159,175,68,149,128
31,159,183,67,149,138
31,159,191,66,148,149
31,159,199,65,147,160
31,159,207,63,147,172
31,159,215,62,146,186
31,159,223,60,145,200
31,159,231,58,145,213
31,159,239,55,144,226
31,159,247,51,144,237
31,159,255,46,143,247
31,167,0,55,138,3
31,167,7,50,132,4
31,167,15,47,130,5
31,167,23,48,132,6
31,167,31,50,133,7
31,167,39,51,135,8
31,167,47,54,138,9
31,167,55,57,140,15
31,167,63,60,142,23
31,167,71,62,145,31
31,167,79,64,147,39
31,167,87,66,149,46
31,167,95,68,150,52
31,167,103,69,151,58
31,167,111,70,152,65
31,167,119,71,153,72
31,167,127,72,154,79
31,167,135,72,155,86
31,167,143,72,156,92
31,167,151,72,156,100
31,167,159,72,157,108
31,167,167,71,157,116
31,167,175,69,157,124
31,167,183,68,156,133
31,167,191,67,155,144
31,167,199,66,155,155
31,167,207,64,154,166
31,167,215,62,154,179
31,167,223,62,153,193
31,167,231,59,153,207
31,167,239,57,152,221
31,167,247,53,152,234
31,167,255,48,151,244
31,175,0,54,143,4
31,175,7,49,136,5
31,175,15,47,134,6
31,175,23,47,136,7
31,175,31,49,137,8
31,175,39,51,139,9
31,175,47,53,142,10
31,175,55,56,144,14
31,175,63,59,146,21
31,175,71,61,149,29
31,175,79,63,151,37
31,175,87,65,153,44
31,175,95,67,154,50
31,175,103,68,155,56
31,175,111,70,157,62
31,175,119,71,158,69
31,175,127,72,159,76
31,175,135,73,160,82
31,175,143,73,161,89
31,175,151,73,162,96
31,175,159,74,163,104
31,175,167,72,163,112
31,175,175,72,164,120
31,175,183,71,163,129
31,175,191,70,163,139
31,175,199,68,162,149
31,175,207,66,162,160
31,175,215,64,161,173
31,175,223,63,161,186
31,175,231,61,161,201
31,175,239,59,160,216
31,175,247,55,160,230
31,175,255,50,159,242
31,183,0,53,148,4
31,183,7,48,141,5
31,183,15,47,138,6
31,183,23,47,139,7
31,183,31,48,140,8
31,183,39,50,142,9
31,183,47,52,145,10
31,183,55,55,147,14
31,183,63,58,149,20
31,183,71,60,151,28
31,183,79,62,154,35
31,183,87,64,156,42
31,183,95,67,157,48
31,183,103,68,159,54
31,183,111,69,160,60
31,183,119,71,161,66
31,183,127,72,163,73
31,183,135,73,164,79
31,183,143,73,166,85
31,183,151,74,167,92
31,183,159,75,168,100
31,183,167,74,169,107
31,183,175,74,170,116
31,183,183,72,170,124
31,183,191,72,170,134
31,183,199,70,169,144
31,183,207,68,169,155
31,183,215,66,169,167
31,183,223,64,169,180
31,183,231,63,169,195
31,183,239,61,169,210
31,183,247,58,169,225
31,183,255,53,167,239
31,191,0,52,154,4
31,191,7,48,146,5
31,191,15,46,143,6
31,191,23,47,143,7
31,191,31,48,144,8
31,191,39,49,146,9
31,191,47,52,148,10
31,191,55,54,150,13
31,191,63,57,152,19
31,191,71,59,154,27
31,191,79,61,157,34
31,191,87,64,159,40
31,191,95,66,160,46
31,191,103,68,162,52
31,191,111,69,164,58
31,191,119,71,165,64
31,191,127,73,166,70
31,191,135,73,168,76
31,191,143,74,170,82
31,191,151,75,171,89
31,191,159,75,172,96
31,191,167,75,174,103
31,191,175,75,175,111
31,191,183,74,175,119
31,191,191,74,176,129
31,191,199,71,176,139
31,191,207,69,176,149
31,191,215,68,177,161
31,191,223,66,177,174
31,191,231,65,177,189
31,191,239,62,178,205
31,191,247,60,177,221
31,191,255,55,175,235
31,199,0,51,160,5
31,199,7,48,151,6
31,199,15,46,148,7
31,199,23,46,148,8
31,199,31,47,149,9
31,199,39,48,150,10
31,199,47,51,152,11
31,199,55,53,154,13
31,199,63,56,156,19
31,199,71,58,158,25
31,199,79,60,160,32
31,199,87,62,162,38
31,199,95,65,164,44
31,199,103,66,166,49
31,199,111,68,167,55
31,199,119,70,169,61
31,199,127,72,170,67
31,199,135,73,172,73
31,199,143,73,174,79
31,199,151,74,175,85
31,199,159,75,177,92
31,199,167,75,179,99
31,199,175,75,180,106
31,199,183,74,181,114
31,199,191,74,182,124
31,199,199,73,183,133
31,199,207,72,183,144
31,199,215,69,184,155
31,199,223,67,184,168
31,199,231,66,185,183
31,199,239,64,186,198
31,199,247,61,186,215
31,199,255,57,184,232
31,207,0,50,166,5
31,207,7,47,157,6
31,207,15,45,153,7
31,207,23,46,153,8
31,207,31,46,154,9
31,207,39,47,155,10
31,207,47,49,157,11
31,207,55,52,158,13
31,207,63,54,160,18
31,207,71,56,162,24
31,207,79,58,164,30
31,207,87,61,166,36
31,207,95,63,168,42
31,207,103,65,170,47
31,207,111,67,171,52
31,207,119,68,173,58
31,207,127,70,174,64
31,207,135,71,176,70
31,207,143,73,178,76
31,207,151,73,180,82
31,207,159,74,181,88
31,207,167,74,183,94
31,207,175,74,184,102
31,207,183,74,186,109
31,207,191,74,187,118
31,207,199,73,188,128
31,207,207,72,190,138
31,207,215,71,191,149
31,207,223,69,192,162
31,207,231,67,193,176
31,207,239,66,195,192
31,207,247,63,195,210
31,207,255,59,193,228
31,215,0,49,172,5
31,215,7,46,163,6
31,215,15,45,160,7
31,215,23,45,160,8
31,215,31,46,160,9
31,215,39,47,161,10
31,215,47,48,162,11
31,215,55,51,164,13
31,215,63,53,165,17
31,215,71,55,167,22
31,215,79,57,169,28
31,215,87,59,171,34
31,215,95,62,172,39
31,215,103,63,174,45
31,215,111,65,176,50
31,215,119,67,177,55
31,215,127,69,179,61
31,215,135,70,181,67
31,215,143,71,183,72
31,215,151,72,184,78
31,215,159,73,186,84
31,215,167,73,187,91
31,215,175,73,189,97
31,215,183,73,191,105
31,215,191,73,192,113
31,215,199,73,194,123
31,215,207,72,196,133
31,215,215,71,197,144
31,215,223,70,199,157
31,215,231,68,201,171
31,215,239,67,203,187
31,215,247,65,204,205
31,215,255,61,202,225
31,223,0,49,178,5
31,223,7,47,171,6
31,223,15,45,167,7
31,223,23,45,167,8
31,223,31,46,167,9
31,223,39,47,168,10
31,223,47,48,169,12
31,223,55,50,170,14
31,223,63,52,171,17
31,223,71,54,173,21
31,223,79,57,175,27
31,223,87,59,176,32
31,223,95,61,177,37
31,223,103,63,179,42
31,223,111,64,181,48
31,223,119,66,183,53
31,223,127,68,184,58
31,223,135,69,186,64
31,223,143,70,188,69
31,223,151,71,190,75
31,223,159,72,191,81
31,223,167,72,193,87
31,223,175,72,194,94
31,223,183,72,196,101
31,223,191,73,197,109
31,223,199,72,199,118
31,223,207,71,201,128
31,223,215,71,203,139
31,223,223,70,206,152
31,223,231,69,208,166
31,223,239,67,211,182
31,223,247,66,212,200
31,223,255,62,211,221
31,231,0,50,186,4
31,231,7,47,179,5
31,231,15,46,176,6
31,231,23,46,175,8
31,231,31,46,175,9
31,231,39,47,175,11
31,231,47,48,176,12
31,231,55,50,177,14
31,231,63,52,178,17
31,231,71,54,180,20
31,231,79,56,181,25
31,231,87,58,182,30
31,231,95,60,183,35
31,231,103,61,185,40
31,231,111,63,187,45
31,231,119,65,189,50
31,231,127,66,190,55
31,231,135,67,192,61
31,231,143,68,194,66
31,231,151,69,195,72
31,231,159,70,196,78
31,231,167,71,198,84
31,231,175,71,200,90
31,231,183,71,201,97
31,231,191,71,203,105
31,231,199,71,205,114
31,231,207,70,207,123
31,231,215,70,210,134
31,231,223,69,212,147
31,231,231,68,216,161
31,231,239,68,219,177
31,231,247,66,221,196
31,231,255,63,220,218
31,239,0,51,193,4
31,239,7,49,188,5
31,239,15,47,185,6
31,239,23,47,184,8
31,239,31,47,184,9
31,239,39,48,184,11
31,239,47,49,184,13
31,239,55,50,185,14
31,239,63,52,186,17
31,239,71,54,187,20
31,239,79,56,188,24
31,239,87,58,189,29
31,239,95,59,190,34
31,239,103,61,192,39
31,239,111,62,193,43
31,239,119,63,195,48
31,239,127,65,197,53
31,239,135,66,198,58
31,239,143,67,200,64
31,239,151,67,201,69
31,239,159,68,202,75
31,239,167,69,204,81
31,239,175,69,205,87
31,239,183,69,207,94
31,239,191,69,209,101
31,239,199,69,211,110
31,239,207,68,214,119
31,239,215,68,216,130
31,239,223,68,219,142
31,239,231,67,223,156
31,239,239,67,226,173
31,239,247,66,229,192
31,239,255,64,229,215
31,247,0,53,201,3
31,247,7,51,198,4
31,247,15,50,197,6
31,247,23,49,197,8
31,247,31,49,196,10
31,247,39,49,196,12
31,247,47,50,197,14
31,247,55,52,197,16
31,247,63,53,197,18
31,247,71,55,198,21
31,247,79,56,199,25
31,247,87,58,199,29
31,247,95,59,200,33
31,247,103,60,201,37
31,247,111,61,202,42
31,247,119,62,204,46
31,247,127,63,205,51
31,247,135,64,206,56
31,247,143,64,208,61
31,247,151,65,209,67
31,247,159,65,210,72
31,247,167,65,211,78
31,247,175,65,213,84
31,247,183,65,215,90
31,247,191,65,216,98
31,247,199,65,219,106
31,247,207,65,221,116
31,247,215,65,224,126
31,247,223,65,227,139
31,247,231,65,230,153
31,247,239,65,234,170
31,247,247,65,237,189
31,247,255,64,239,212
31,255,0,56,210,1
31,255,7,54,211,3
31,255,15,54,213,6
31,255,23,53,214,8
31,255,31,53,214,11
31,255,39,53,215,13
31,255,47,53,215,16
31,255,55,54,215,18
31,255,63,55,215,21
31,255,71,56,215,24
31,255,79,57,215,27
31,255,87,58,214,30
31,255,95,58,214,34
31,255,103,59,215,38
31,255,111,60,215,41
31,255,119,60,216,45
31,255,127,60,217,50
31,255,135,60,218,55
31,255,143,60,219,60
31,255,151,60,220,64
31,255,159,60,220,70
31,255,167,60,222,75
31,255,175,60,223,81
31,255,183,59,224,87
31,255,191,59,226,95
31,255,199,59,228,103
31,255,207,59,230,113
31,255,215,59,232,124
31,255,223,60,235,137
31,255,231,60,238,152
31,255,239,61,241,169
31,255,247,62,245,187
31,255,255,63,248,209
39,0,0,37,4,3
39,0,7,37,4,10
39,0,15,36,4,19
39,0,23,35,4,28
39,0,31,34,3,37
39,0,39,35,4,47
39,0,47,34,4,58
39,0,55,33,5,68
39,0,63,32,6,79
39,0,71,31,6,89
39,0,79,30,7,100
39,0,87,30,8,110
39,0,95,29,9,120
39,0,103,28,10,130
39,0,111,28,11,139
39,0,119,27,11,147
39,0,127,27,12,155
39,0,135,26,13,163
39,0,143,26,13,171
39,0,151,25,14,179
39,0,159,25,15,187
39,0,167,25,16,194
39,0,175,25,16,201
39,0,183,25,17,208
39,0,191,25,18,215
39,0,199,25,19,221
39,0,207,25,19,227
39,0,215,24,20,233
39,0,223,24,20,237
39,0,231,24,20,241
39,0,239,23,21,244
39,0,247,23,21,247
39,0,255,22,20,249
39,7,0,38,11,3
39,7,7,37,11,9
39,7,15,37,11,18
39,7,23,37,12,27
39,7,31,36,12,35
39,7,39,36,13,44
39,7,47,35,13,54
39,7,55,36,14,64
39,7,63,35,15,74
39,7,71,34,15,84
39,7,79,33,16,94
39,7,87,32,17,105
39,7,95,32,18,115
39,7,103,31,19,125
39,7,111,30,21,137
39,7,119,29,22,150
39,7,127,28,23,167
39,7,135,28,24,184
39,7,143,27,25,199
39,7,151,26,26,210
39,7,159,25,27,216
39,7,167,24,27,219
39,7,175,24,27,221
39,7,183,24,28,224
39,7,191,24,28,228
39,7,199,25,29,232
39,7,207,25,29,235
39,7,215,25,29,238
39,7,223,25,29,242
39,7,231,25,29,245
39,7,239,25,29,247
39,7,247,24,28,249
39,7,255,24,27,250
39,15,0,39,19,2
39,15,7,38,19,8
39,15,15,38,19,16
39,15,23,38,19,24
39,15,31,38,20,33
39,15,39,38,21,42
39,15,47,37,20,50
39,15,55,37,21,60
39,15,63,38,22,69
39,15,71,37,23,79
39,15,79,36,24,89
39,15,87,35,25,99
39,15,95,34,26,110
39,15,103,33,27,119
39,15,111,32,28,130
39,15,119,31,30,146
39,15,127,31,31,165
39,15,135,30,33,188
39,15,143,29,34,208
39,15,151,28,35,222
39,15,159,27,35,228
39,15,167,26,35,229
39,15,175,26,35,230
39,15,183,26,36,231
39,15,191,26,36,234
39,15,199,26,36,236
39,15,207,27,37,238
39,15,215,27,37,241
39,15,223,27,37,244
39,15,231,26,37,247
39,15,239,26,36,249
39,15,247,26,36,251
39,15,255,26,34,252
39,23,0,40,27,2
39,23,7,39,26,7
39,23,15,38,26,14
39,23,23,39,26,22
39,23,31,39,26,30
39,23,39,39,27,39
39,23,47,39,26,48
39,23,55,39,27,56
39,23,63,38,28,66
39,23,71,39,28,75
39,23,79,38,29,85
39,23,87,37,30,95
39,23,95,37,31,105
39,23,103,36,32,113
39,23,111,35,33,123
39,23,119,34,35,137
39,23,127,34,36,156
39,23,135,33,38,179
39,23,143,32,39,202
39,23,151,31,40,219
39,23,159,30,40,228
39,23,167,29,40,230
39,23,175,28,41,231
39,23,183,28,41,232
39,23,191,28,42,235
39,23,199,29,42,237
39,23,207,29,42,239
39,23,215,28,43,242
39,23,223,28,43,246
39,23,231,28,43,248
39,23,239,27,43,250
39,23,247,27,42,252
39,23,255,28,41,253
39,31,0,41,35,1
39,31,7,40,33,5
39,31,15,39,32,11
39,31,23,39,33,18
39,31,31,40,33,27
39,31,39,40,33,36
39,31,47,40,33,45
39,31,55,40,33,54
39,31,63,40,33,62
39,31,71,40,34,71
39,31,79,40,35,80
39,31,87,40,36,90
39,31,95,39,37,99
39,31,103,38,38,108
39,31,111,38,39,118
39,31,119,37,40,131
39,31,127,36,42,148
39,31,135,36,43,168
39,31,143,35,44,191
39,31,151,34,45,212
39,31,159,33,46,225
39,31,167,32,46,231
39,31,175,31,46,233
39,31,183,31,47,234
39,31,191,30,47,236
39,31,199,30,48,238
39,31,207,30,48,240
39,31,215,29,48,243
39,31,223,29,49,246
39,31,231,29,49,249
39,31,239,28,48,251
39,31,247,29,48,253
39,31,255,29,47,254
39,39,0,42,42,1
39,39,7,40,41,4
39,39,15,40,39,9
39,39,23,40,39,16
39,39,31,41,39,25
39,39,39,41,39,33
39,39,47,41,39,41
39,39,55,42,39,51
39,39,63,42,39,59
39,39,71,42,40,68
39,39,79,42,41,76
39,39,87,41,42,85
39,39,95,42,43,94
39,39,103,41,43,103
39,39,111,40,45,113
39,39,119,39,46,125
39,39,127,39,47,140
39,39,135,39,48,158
39,39,143,38,50,180
39,39,151,37,50,202
39,39,159,36,51,220
39,39,167,35,51,231
39,39,175,34,52,235
39,39,183,32,52,236
39,39,191,31,52,237
39,39,199,30,53,238
39,39,207,30,53,240
39,39,215,30,53,242
39,39,223,30,54,246
39,39,231,29,54,249
39,39,239,29,54,252
39,39,247,30,53,254
39,39,255,31,53,255
39,47,0,43,50,1
39,47,7,41,48,3
39,47,15,40,47,8
39,47,23,41,46,14
39,47,31,42,46,22
39,47,39,42,45,30
39,47,47,42,46,38
39,47,55,42,46,47
39,47,63,43,46,56
39,47,71,44,46,64
39,47,79,44,47,73
39,47,87,44,48,80
39,47,95,44,49,89
39,47,103,43,49,98
39,47,111,43,50,108
39,47,119,42,51,119
39,47,127,42,53,132
39,47,135,42,54,148
39,47,143,41,55,168
39,47,151,40,56,190
39,47,159,39,57,210
39,47,167,38,57,225
39,47,175,36,57,234
39,47,183,34,57,236
39,47,191,33,57,237
39,47,199,32,58,238
39,47,207,31,58,239
39,47,215,31,58,242
39,47,223,31,59,246
39,47,231,31,59,249
39,47,239,30,59,252
39,47,247,31,58,254
39,47,255,32,58,255
39,55,0,46,58,1
39,55,7,42,55,2
39,55,15,41,54,5
39,55,23,42,53,11
39,55,31,42,53,19
39,55,39,43,52,27
39,55,47,44,52,36
39,55,55,44,52,44
39,55,63,45,52,52
39,55,71,45,53,60
39,55,79,46,54,69
39,55,87,46,54,77
39,55,95,46,55,85
39,55,103,46,56,94
39,55,111,45,56,103
39,55,119,45,57,113
39,55,127,45,58,126
39,55,135,44,59,139
39,55,143,44,60,156
39,55,151,43,61,176
39,55,159,43,62,198
39,55,167,41,63,216
39,55,175,39,63,229
39,55,183,37,63,235
39,55,191,35,63,236
39,55,199,34,63,237
39,55,207,33,63,239
39,55,215,33,63,241
39,55,223,33,63,246
39,55,231,33,64,249
39,55,239,32,64,251
39,55,247,32,63,254
39,55,255,33,63,255
39,63,0,48,65,2
39,63,7,44,62,2
39,63,15,42,61,4
39,63,23,43,61,8
39,63,31,44,60,15
39,63,39,44,60,23
39,63,47,45,59,32
39,63,55,46,59,41
39,63,63,47,60,49
39,63,71,47,60,57
39,63,79,48,61,65
39,63,87,48,61,74
39,63,95,48,62,82
39,63,103,47,62,90
39,63,111,48,63,99
39,63,119,48,64,109
39,63,127,48,65,120
39,63,135,47,65,131
39,63,143,47,66,146
39,63,151,46,68,164
39,63,159,46,68,184
39,63,167,45,69,205
39,63,175,43,69,221
39,63,183,41,69,232
39,63,191,39,68,235
39,63,199,38,68,237
39,63,207,38,69,239
39,63,215,37,69,241
39,63,223,37,69,245
39,63,231,36,69,248
39,63,239,35,69,251
39,63,247,34,68,254
39,63,255,34,67,255
39,71,0,49,72,2
39,71,7,45,69,2
39,71,15,43,68,4
39,71,23,44,68,6
39,71,31,45,67,11
39,71,39,46,67,19
39,71,47,46,67,29
39,71,55,47,67,38
39,71,63,48,67,46
39,71,71,49,67,54
39,71,79,49,68,62
39,71,87,49,68,71
39,71,95,49,69,79
39,71,103,49,69,87
39,71,111,49,70,94
39,71,119,49,70,104
39,71,127,50,71,114
39,71,135,49,72,123
39,71,143,49,73,136
39,71,151,49,74,152
39,71,159,48,74,171
39,71,167,48,75,192
39,71,175,46,75,211
39,71,183,44,75,225
39,71,191,43,74,232
39,71,199,42,74,236
39,71,207,42,74,238
39,71,215,41,74,240
39,71,223,41,74,244
39,71,231,39,74,247
39,71,239,38,74,250
39,71,247,37,73,254
39,71,255,35,72,255
39,79,0,51,79,2
39,79,7,46,76,3
39,79,15,44,75,4
39,79,23,45,75,5
39,79,31,46,74,9
39,79,39,47,74,16
39,79,47,48,74,25
39,79,55,49,74,36
39,79,63,49,74,44
39,79,71,50,74,52
39,79,79,51,75,60
39,79,87,51,75,68
39,79,95,51,76,76
39,79,103,50,76,84
39,79,111,50,77,92
39,79,119,50,77,99
39,79,127,51,78,108
39,79,135,51,78,117
39,79,143,51,79,128
39,79,151,51,80,142
39,79,159,51,80,159
39,79,167,50,81,180
39,79,175,49,81,199
39,79,183,48,81,216
39,79,191,47,80,227
39,79,199,46,80,233
39,79,207,45,80,237
39,79,215,45,80,240
39,79,223,44,80,243
39,79,231,42,79,246
39,79,239,41,79,249
39,79,247,39,78,253
39,79,255,36,77,255
39,87,0,53,85,2
39,87,7,48,83,3
39,87,15,46,81,4
39,87,23,46,81,5
39,87,31,48,81,8
39,87,39,48,81,14
39,87,47,50,81,23
39,87,55,51,81,33
39,87,63,51,81,41
39,87,71,52,81,50
39,87,79,52,82,58
39,87,87,53,82,66
39,87,95,52,83,73
39,87,103,52,83,81
39,87,111,53,84,89
39,87,119,53,84,97
39,87,127,53,84,104
39,87,135,53,85,112
39,87,143,53,85,122
39,87,151,53,86,135
39,87,159,53,86,150
39,87,167,53,86,167
39,87,175,52,87,187
39,87,183,51,87,205
39,87,191,51,86,219
39,87,199,49,86,229
39,87,207,49,86,235
39,87,215,48,85,238
39,87,223,47,85,241
39,87,231,45,85,245
39,87,239,43,84,249
39,87,247,41,83,252
39,87,255,37,82,255
39,95,0,54,91,2
39,95,7,49,89,3
39,95,15,47,87,4
39,95,23,48,87,5
39,95,31,49,87,7
39,95,39,50,87,13
39,95,47,51,87,21
39,95,55,53,87,31
39,95,63,54,87,40
39,95,71,54,88,48
39,95,79,55,88,56
39,95,87,55,89,64
39,95,95,56,89,72
39,95,103,55,90,79
39,95,111,55,90,87
39,95,119,55,91,95
39,95,127,55,91,103
39,95,135,55,91,110
39,95,143,55,91,120
39,95,151,56,92,130
39,95,159,56,92,143
39,95,167,56,92,157
39,95,175,55,92,174
39,95,183,54,92,193
39,95,191,53,92,211
39,95,199,52,92,224
39,95,207,51,91,232
39,95,215,50,91,236
39,95,223,49,91,240
39,95,231,47,90,243
39,95,239,45,90,247
39,95,247,42,89,252
39,95,255,38,87,255
39,103,0,55,97,2
39,103,7,51,94,3
39,103,15,49,93,4
39,103,23,49,93,5
39,103,31,50,92,6
39,103,39,51,93,11
39,103,47,53,93,20
39,103,55,55,93,29
39,103,63,56,94,38
39,103,71,57,94,46
39,103,79,57,95,54
39,103,87,57,96,62
39,103,95,58,96,70
39,103,103,58,97,78
39,103,111,57,97,84
39,103,119,57,98,92
39,103,127,57,98,100
39,103,135,58,98,107
39,103,143,57,98,116
39,103,151,57,98,126
39,103,159,58,98,137
39,103,167,58,98,148
39,103,175,57,98,164
39,103,183,56,98,182
39,103,191,56,98,200
39,103,199,54,98,217
39,103,207,53,97,228
39,103,215,52,97,235
39,103,223,51,96,239
39,103,231,49,96,242
39,103,239,47,95,246
39,103,247,44,94,250
39,103,255,39,93,255
39,111,0,57,103,2
39,111,7,52,100,3
39,111,15,50,98,4
39,111,23,50,98,5
39,111,31,52,98,6
39,111,39,53,98,10
39,111,47,55,99,18
39,111,55,57,100,28
39,111,63,58,100,37
39,111,71,59,101,45
39,111,79,60,102,53
39,111,87,60,102,60
39,111,95,61,103,68
39,111,103,61,104,76
39,111,111,61,104,83
39,111,119,60,104,90
39,111,127,60,104,98
39,111,135,59,104,106
39,111,143,60,104,113
39,111,151,60,104,122
39,111,159,60,104,133
39,111,167,60,104,142
39,111,175,59,104,155
39,111,183,59,104,172
39,111,191,58,104,190
39,111,199,57,104,208
39,111,207,55,103,222
39,111,215,54,103,231
39,111,223,53,102,236
39,111,231,51,102,241
39,111,239,49,101,245
39,111,247,46,100,249
39,111,255,40,99,254
39,119,0,58,108,2
39,119,7,53,105,3
39,119,15,51,103,4
39,119,23,51,103,5
39,119,31,53,103,6
39,119,39,54,104,9
39,119,47,56,105,17
39,119,55,59,106,27
39,119,63,60,107,36
39,119,71,62,107,44
39,119,79,63,108,51
39,119,87,64,109,59
39,119,95,64,110,67
39,119,103,64,111,74
39,119,111,64,111,81
39,119,119,64,112,89
39,119,127,63,112,96
39,119,135,63,112,104
39,119,143,62,111,111
39,119,151,63,111,120
39,119,159,63,111,129
39,119,167,62,111,138
39,119,175,62,111,149
39,119,183,61,111,164
39,119,191,60,110,180
39,119,199,59,110,198
39,119,207,58,110,214
39,119,215,56,109,226
39,119,223,55,108,233
39,119,231,53,108,238
39,119,239,51,107,243
39,119,247,47,107,248
39,119,255,42,106,253
39,127,0,59,113,2
39,127,7,53,110,3
39,127,15,51,108,4
39,127,23,52,108,5
39,127,31,54,109,6
39,127,39,55,110,8
39,127,47,58,111,15
39,127,55,60,112,25
39,127,63,62,113,34
39,127,71,64,114,42
39,127,79,65,115,50
39,127,87,66,116,57
39,127,95,68,117,65
39,127,103,67,118,72
39,127,111,67,119,80
39,127,119,68,119,86
39,127,127,68,119,94
39,127,135,66,119,101
39,127,143,66,119,109
39,127,151,65,119,117
39,127,159,66,119,126
39,127,167,65,118,136
39,127,175,64,118,146
39,127,183,64,118,158
39,127,191,63,117,173
39,127,199,61,117,188
39,127,207,60,116,204
39,127,215,58,116,218
39,127,223,57,115,228
39,127,231,55,114,235
39,127,239,52,114,241
39,127,247,49,113,246
39,127,255,43,113,252
39,135,0,60,118,3
39,135,7,54,114,4
39,135,15,51,113,5
39,135,23,52,113,6
39,135,31,54,114,7
39,135,39,56,115,8
39,135,47,58,117,14
39,135,55,61,118,23
39,135,63,63,120,32
39,135,71,65,121,41
39,135,79,66,123,48
39,135,87,68,124,55
39,135,95,69,124,63
39,135,103,70,125,70
39,135,111,70,126,78
39,135,119,70,126,85
39,135,127,70,126,91
39,135,135,70,127,99
39,135,143,69,127,106
39,135,151,68,127,114
39,135,159,68,126,123
39,135,167,67,126,132
39,135,175,66,125,142
39,135,183,65,125,153
39,135,191,65,125,166
39,135,199,63,124,180
39,135,207,62,124,195
39,135,215,60,123,209
39,135,223,59,122,221
39,135,231,56,121,231
39,135,239,54,121,238
39,135,247,51,120,245
39,135,255,45,120,251
39,143,0,61,123,3
39,143,7,54,118,4
39,143,15,51,117,5
39,143,23,52,118,6
39,143,31,54,119,7
39,143,39,56,121,8
39,143,47,59,123,12
39,143,55,61,125,20
39,143,63,64,126,30
39,143,71,66,128,39
39,143,79,67,130,46
39,143,87,69,131,53
39,143,95,71,132,60
39,143,103,71,133,68
39,143,111,72,134,75
39,143,119,72,134,82
39,143,127,72,134,90
39,143,135,72,135,97
39,143,143,71,135,103
39,143,151,71,135,111
39,143,159,71,134,120
39,143,167,69,134,129
39,143,175,68,133,138
39,143,183,67,133,149
39,143,191,66,132,160
39,143,199,65,132,173
39,143,207,64,131,187
39,143,215,62,130,201
39,143,223,60,129,214
39,143,231,58,129,226
39,143,239,56,128,235
39,143,247,52,127,243
39,143,255,46,127,250
39,151,0,62,127,3
39,151,7,54,123,4
39,151,15,51,121,5
39,151,23,52,123,6
39,151,31,54,124,7
39,151,39,56,126,8
39,151,47,59,128,11
39,151,55,62,131,18
39,151,63,64,132,28
39,151,71,66,135,36
39,151,79,68,137,44
39,151,87,70,138,51
39,151,95,72,139,58
39,151,103,72,140,65
39,151,111,73,141,73
39,151,119,74,141,80
39,151,127,75,142,87
39,151,135,75,142,94
39,151,143,73,143,101
39,151,151,73,143,108
39,151,159,73,143,117
39,151,167,72,142,125
39,151,175,71,141,135
39,151,183,69,141,144
39,151,191,69,140,156
39,151,199,68,139,167
39,151,207,66,138,180
39,151,215,64,138,194
39,151,223,63,137,208
39,151,231,60,136,221
39,151,239,58,135,232
39,151,247,54,135,241
39,151,255,48,134,249
39,159,0,61,132,4
39,159,7,54,127,4
39,159,15,51,126,5
39,159,23,52,127,6
39,159,31,54,128,7
39,159,39,56,131,8
39,159,47,58,133,10
39,159,55,62,136,17
39,159,63,64,138,26
39,159,71,66,140,34
39,159,79,68,142,42
39,159,87,70,144,49
39,159,95,72,145,56
39,159,103,73,146,63
39,159,111,74,147,70
39,159,119,75,148,77
39,159,127,76,148,84
39,159,135,76,149,91
39,159,143,76,150,98
39,159,151,75,150,106
39,159,159,75,150,114
39,159,167,74,150,122
39,159,175,73,149,130
39,159,183,72,148,140
39,159,191,71,147,151
39,159,199,69,147,162
39,159,207,68,146,174
39,159,215,66,145,187
39,159,223,65,145,202
39,159,231,62,144,215
39,159,239,60,143,228
39,159,247,56,143,238
39,159,255,50,142,247
39,167,0,61,137,4
39,167,7,54,131,5
39,167,15,51,130,6
39,167,23,52,132,7
39,167,31,53,133,8
39,167,39,55,135,9
39,167,47,58,138,10
39,167,55,61,140,15
39,167,63,64,143,24
39,167,71,66,145,33
39,167,79,68,148,40
39,167,87,70,149,48
39,167,95,72,150,54
39,167,103,73,152,60
39,167,111,74,153,67
39,167,119,76,153,74
39,167,127,77,154,81
39,167,135,77,155,88
39,167,143,77,156,95
39,167,151,77,157,102
39,167,159,77,157,110
39,167,167,76,157,118
39,167,175,75,157,127
39,167,183,73,156,135
39,167,191,73,155,146
39,167,199,71,154,156
39,167,207,69,154,168
39,167,215,67,153,181
39,167,223,66,152,195
39,167,231,64,152,209
39,167,239,61,151,223
39,167,247,58,151,235
39,167,255,52,150,245
39,175,0,60,142,4
39,175,7,53,136,5
39,175,15,51,134,6
39,175,23,51,136,7
39,175,31,53,137,8
39,175,39,55,139,9
39,175,47,57,141,10
39,175,55,60,144,15
39,175,63,63,146,23
39,175,71,65,149,31
39,175,79,67,151,39
39,175,87,70,153,46
39,175,95,72,154,52
39,175,103,73,156,58
39,175,111,74,157,65
39,175,119,76,158,71
39,175,127,77,159,78
39,175,135,77,160,84
39,175,143,78,161,91
39,175,151,78,162,98
39,175,159,78,163,106
39,175,167,77,163,114
39,175,175,76,163,122
39,175,183,75,163,131
39,175,191,74,162,141
39,175,199,73,162,151
39,175,207,71,161,162
39,175,215,69,161,174
39,175,223,68,160,188
39,175,231,66,160,203
39,175,239,63,160,218
39,175,247,60,159,231
39,175,255,55,158,243
39,183,0,58,147,5
39,183,7,53,140,6
39,183,15,50,138,7
39,183,23,51,139,8
39,183,31,52,140,9
39,183,39,54,142,10
39,183,47,56,144,11
39,183,55,59,146,14
39,183,63,62,148,21
39,183,71,64,151,30
39,183,79,67,154,37
39,183,87,69,156,44
39,183,95,71,157,50
39,183,103,73,159,56
39,183,111,74,160,62
39,183,119,76,161,69
39,183,127,77,162,75
39,183,135,78,164,81
39,183,143,78,165,88
39,183,151,79,167,94
39,183,159,79,168,102
39,183,167,79,169,109
39,183,175,78,169,118
39,183,183,77,170,126
39,183,191,76,169,136
39,183,199,74,169,146
39,183,207,73,169,156
39,183,215,71,169,168
39,183,223,69,168,182
39,183,231,68,168,196
39,183,239,66,168,212
39,183,247,62,168,227
39,183,255,57,166,240
39,191,0,57,152,5
39,191,7,52,145,6
39,191,15,50,142,7
39,191,23,51,143,8
39,191,31,52,143,9
39,191,39,53,145,10
39,191,47,56,147,11
39,191,55,59,149,14
39,191,63,61,151,20
39,191,71,64,154,28
39,191,79,66,156,36
39,191,87,68,158,42
39,191,95,71,160,48
39,191,103,72,162,54
39,191,111,74,163,60
39,191,119,76,165,66
39,191,127,77,166,72
39,191,135,78,168,79
39,191,143,79,169,85
39,191,151,79,171,91
39,191,159,80,172,98
39,191,167,80,174,105
39,191,175,79,175,113
39,191,183,79,175,121
39,191,191,78,176,131
39,191,199,76,176,141
39,191,207,74,176,151
39,191,215,73,176,163
39,191,223,71,176,176
39,191,231,70,177,190
39,191,239,67,177,206
39,191,247,64,177,222
39,191,255,60,174,237
39,199,0,56,158,6
39,199,7,52,150,6
39,199,15,50,147,7
39,199,23,50,147,8
39,199,31,51,148,9
39,199,39,53,149,10
39,199,47,55,150,11
39,199,55,58,152,14
39,199,63,60,154,20
39,199,71,63,157,27
39,199,79,65,159,34
39,199,87,67,161,40
39,199,95,70,163,46
39,199,103,71,165,52
39,199,111,73,167,58
39,199,119,75,168,64
39,199,127,77,170,70
39,199,135,78,171,76
39,199,143,79,173,81
39,199,151,79,175,88
39,199,159,80,176,94
39,199,167,80,178,101
39,199,175,80,180,108
39,199,183,79,181,117
39,199,191,79,181,126
39,199,199,78,182,135
39,199,207,76,183,145
39,199,215,74,184,157
39,199,223,72,184,170
39,199,231,71,185,184
39,199,239,69,186,200
39,199,247,66,186,217
39,199,255,62,183,233
39,207,0,55,164,6
39,207,7,52,156,7
39,207,15,50,152,8
39,207,23,50,153,9
39,207,31,51,153,10
39,207,39,52,153,11
39,207,47,54,155,12
39,207,55,56,156,14
39,207,63,59,158,19
39,207,71,61,161,25
39,207,79,63,163,32
39,207,87,66,165,38
39,207,95,68,167,44
39,207,103,70,169,49
39,207,111,72,170,55
39,207,119,74,172,61
39,207,127,75,173,66
39,207,135,77,175,72
39,207,143,78,177,78
39,207,151,79,179,84
39,207,159,79,181,90
39,207,167,79,182,97
39,207,175,79,184,104
39,207,183,79,185,112
39,207,191,79,187,120
39,207,199,78,188,130
39,207,207,77,189,140
39,207,215,76,190,151
39,207,223,74,191,164
39,207,231,72,193,178
39,207,239,71,195,194
39,207,247,68,195,211
39,207,255,64,192,230
39,215,0,55,170,6
39,215,7,51,162,7
39,215,15,50,159,8
39,215,23,50,159,9
39,215,31,50,158,10
39,215,39,51,159,11
39,215,47,53,160,12
39,215,55,55,161,14
39,215,63,58,163,18
39,215,71,60,165,23
39,215,79,62,167,30
39,215,87,65,169,36
39,215,95,67,171,41
39,215,103,69,173,47
39,215,111,70,175,52
39,215,119,72,176,58
39,215,127,74,178,63
39,215,135,75,180,69
39,215,143,77,182,75
39,215,151,78,183,81
39,215,159,78,185,87
39,215,167,78,187,93
39,215,175,79,188,100
39,215,183,78,190,107
39,215,191,78,191,116
39,215,199,78,193,125
39,215,207,77,195,134
39,215,215,76,197,145
39,215,223,75,198,158
39,215,231,73,201,172
39,215,239,72,203,188
39,215,247,70,204,206
39,215,255,66,201,226
39,223,0,55,177,6
39,223,7,51,170,7
39,223,15,50,166,8
39,223,23,50,166,9
39,223,31,50,165,10
39,223,39,51,166,11
39,223,47,53,166,12
39,223,55,55,168,14
39,223,63,57,169,17
39,223,71,59,171,22
39,223,79,62,173,28
39,223,87,64,175,34
39,223,95,66,176,39
39,223,103,68,178,45
39,223,111,69,180,50
39,223,119,71,182,55
39,223,127,73,183,60
39,223,135,74,185,66
39,223,143,75,187,72
39,223,151,76,188,77
39,223,159,77,190,83
39,223,167,77,192,89
39,223,175,77,193,96
39,223,183,77,195,103
39,223,191,77,197,111
39,223,199,77,199,120
39,223,207,76,201,130
39,223,215,76,203,141
39,223,223,75,205,153
39,223,231,74,208,167
39,223,239,73,211,183
39,223,247,71,212,201
39,223,255,68,210,223
39,231,0,55,184,5
39,231,7,52,178,6
39,231,15,51,174,7
39,231,23,50,174,9
39,231,31,51,173,10
39,231,39,52,173,11
39,231,47,53,173,12
39,231,55,55,174,14
39,231,63,57,176,17
39,231,71,59,177,21
39,231,79,61,179,26
39,231,87,63,180,32
39,231,95,65,182,37
39,231,103,67,184,42
39,231,111,68,186,48
39,231,119,70,187,53
39,231,127,71,189,58
39,231,135,72,191,63
39,231,143,73,192,69
39,231,151,74,194,74
39,231,159,75,195,80
39,231,167,76,197,86
39,231,175,76,199,92
39,231,183,76,200,99
39,231,191,76,202,107
39,231,199,76,204,116
39,231,207,75,207,125
39,231,215,75,209,136
39,231,223,74,212,148
39,231,231,74,216,162
39,231,239,73,219,178
39,231,247,71,221,197
39,231,255,69,220,219
39,239,0,56,191,4
39,239,7,53,186,5
39,239,15,52,184,7
39,239,23,51,183,8
39,239,31,52,182,10
39,239,39,52,182,11
39,239,47,54,182,13
39,239,55,55,182,15
39,239,63,57,183,17
39,239,71,59,184,20
39,239,79,61,186,25
39,239,87,63,187,30
39,239,95,64,188,35
39,239,103,66,190,40
39,239,111,67,192,45
39,239,119,69,193,50
39,239,127,70,195,55
39,239,135,71,197,60
39,239,143,72,198,66
39,239,151,73,200,71
39,239,159,73,201,77
39,239,167,74,202,83
39,239,175,74,204,89
39,239,183,74,206,96
39,239,191,74,208,103
39,239,199,74,210,112
39,239,207,74,213,121
39,239,215,73,216,132
39,239,223,73,219,144
39,239,231,73,223,158
39,239,239,72,227,174
39,239,247,71,229,193
39,239,255,70,229,216
39,247,0,58,199,3
39,247,7,56,197,5
39,247,15,54,195,7
39,247,23,54,195,9
39,247,31,54,194,10
39,247,39,54,194,12
39,247,47,55,194,14
39,247,55,57,194,16
39,247,63,58,194,18
39,247,71,60,195,22
39,247,79,61,196,25
39,247,87,63,197,30
39,247,95,64,198,35
39,247,103,65,199,39
39,247,111,66,200,44
39,247,119,67,202,48
39,247,127,68,203,53
39,247,135,69,205,58
39,247,143,69,206,63
39,247,151,70,207,69
39,247,159,70,208,74
39,247,167,70,210,80
39,247,175,71,212,86
39,247,183,71,213,92
39,247,191,71,215,100
39,247,199,71,218,108
39,247,207,70,220,118
39,247,215,70,223,128
39,247,223,70,227,141
39,247,231,70,231,155
39,247,239,70,234,171
39,247,247,70,237,190
39,247,255,70,239,213
39,255,0,60,208,2
39,255,7,59,210,4
39,255,15,59,211,6
39,255,23,58,212,9
39,255,31,58,213,12
39,255,39,58,214,14
39,255,47,59,214,17
39,255,55,60,214,20
39,255,63,61,214,23
39,255,71,61,214,26
39,255,79,62,214,29
39,255,87,63,213,32
39,255,95,64,214,36
39,255,103,65,214,40
39,255,111,65,215,44
39,255,119,65,215,48
39,255,127,65,216,52
39,255,135,65,217,57
39,255,143,65,218,61
39,255,151,65,219,66
39,255,159,65,220,71
39,255,167,65,221,77
39,255,175,65,222,83
39,255,183,64,224,89
39,255,191,64,225,97
39,255,199,64,227,105
39,255,207,64,230,115
39,255,215,65,232,126
39,255,223,65,235,139
39,255,231,66,238,154
39,255,239,67,241,170
39,255,247,68,245,189
39,255,255,69,249,211
47,0,0,44,3,4
47,0,7,44,4,11
47,0,15,43,4,19
47,0,23,42,3,28
47,0,31,42,4,37
47,0,39,41,4,47
47,0,47,40,5,57
47,0,55,39,5,68
47,0,63,38,6,78
47,0,71,37,7,88
47,0,79,36,8,99
47,0,87,35,8,109
47,0,95,35,9,119
47,0,103,34,10,128
47,0,111,33,11,137
47,0,119,32,11,145
47,0,127,32,12,153
47,0,135,31,13,161
47,0,143,31,14,169
47,0,151,30,14,177
47,0,159,30,15,185
47,0,167,29,16,192
47,0,175,29,17,200
47,0,183,29,17,207
47,0,191,28,18,214
47,0,199,28,19,220
47,0,207,28,19,226
47,0,215,27,20,232
47,0,223,27,20,236
47,0,231,27,21,241
47,0,239,26,21,244
47,0,247,25,21,247
47,0,255,24,20,249
47,7,0,45,11,3
47,7,7,44,11,10
47,7,15,44,12,18
47,7,23,43,12,26
47,7,31,43,13,35
47,7,39,43,14,44
47,7,47,43,14,54
47,7,55,42,14,64
47,7,63,41,15,74
47,7,71,40,16,83
47,7,79,39,17,94
47,7,87,38,18,104
47,7,95,37,19,114
47,7,103,36,20,124
47,7,111,35,21,135
47,7,119,34,22,149
47,7,127,34,24,164
47,7,135,33,25,181
47,7,143,32,26,196
47,7,151,31,26,208
47,7,159,30,27,215
47,7,167,29,27,218
47,7,175,28,27,221
47,7,183,28,28,224
47,7,191,28,28,227
47,7,199,28,29,231
47,7,207,28,29,234
47,7,215,28,29,238
47,7,223,28,29,241
47,7,231,28,29,244
47,7,239,27,29,247
47,7,247,27,28,249
47,7,255,27,27,250
47,15,0,45,20,3
47,15,7,45,19,9
47,15,15,44,19,16
47,15,23,44,20,25
47,15,31,44,20,34
47,15,39,44,21,42
47,15,47,44,21,51
47,15,55,43,22,60
47,15,63,44,23,70
47,15,71,43,23,79
47,15,79,42,24,89
47,15,87,41,25,99
47,15,95,40,26,109
47,15,103,38,27,118
47,15,111,37,28,129
47,15,119,37,30,144
47,15,127,36,31,163
47,15,135,35,33,185
47,15,143,34,34,206
47,15,151,33,35,221
47,15,159,31,35,227
47,15,167,31,35,229
47,15,175,30,35,230
47,15,183,30,36,231
47,15,191,30,36,233
47,15,199,30,36,235
47,15,207,30,37,238
47,15,215,30,37,241
47,15,223,30,37,244
47,15,231,29,37,247
47,15,239,29,37,249
47,15,247,29,36,251
47,15,255,29,35,252
47,23,0,46,26,2
47,23,7,45,26,7
47,23,15,45,26,15
47,23,23,45,26,23
47,23,31,45,27,31
47,23,39,45,27,40
47,23,47,45,28,49
47,23,55,45,27,57
47,23,63,44,28,66
47,23,71,45,29,75
47,23,79,44,29,85
47,23,87,43,30,95
47,23,95,42,31,105
47,23,103,41,32,112
47,23,111,40,33,122
47,23,119,39,35,135
47,23,127,39,36,153
47,23,135,38,38,176
47,23,143,37,39,199
47,23,151,36,40,217
47,23,159,34,40,227
47,23,167,33,40,230
47,23,175,33,40,231
47,23,183,32,41,232
47,23,191,32,42,234
47,23,199,32,42,236
47,23,207,32,42,238
47,23,215,32,43,241
47,23,223,31,43,245
47,23,231,31,43,248
47,23,239,30,43,250
47,23,247,30,42,252
47,23,255,30,41,253
47,31,0,47,34,2
47,31,7,46,33,6
47,31,15,45,32,12
47,31,23,45,33,20
47,31,31,46,33,28
47,31,39,46,33,37
47,31,47,46,33,46
47,31,55,46,33,55
47,31,63,46,34,63
47,31,71,45,34,72
47,31,79,46,35,81
47,31,87,45,36,90
47,31,95,44,37,100
47,31,103,43,38,108
47,31,111,42,39,118
47,31,119,42,40,130
47,31,127,41,42,146
47,31,135,41,43,165
47,31,143,40,44,188
47,31,151,39,45,210
47,31,159,38,46,224
47,31,167,37,46,231
47,31,175,36,46,233
47,31,183,35,46,234
47,31,191,34,47,236
47,31,199,33,47,238
47,31,207,33,48,240
47,31,215,33,48,243
47,31,223,32,49,246
47,31,231,32,49,249
47,31,239,31,48,251
47,31,247,31,48,253
47,31,255,32,47,254
47,39,0,48,42,1
47,39,7,46,40,5
47,39,15,45,39,10
47,39,23,46,39,18
47,39,31,46,39,25
47,39,39,46,39,34
47,39,47,47,39,43
47,39,55,47,40,51
47,39,63,47,40,60
47,39,71,47,40,69
47,39,79,47,41,77
47,39,87,46,42,86
47,39,95,46,43,95
47,39,103,45,44,104
47,39,111,45,45,113
47,39,119,44,46,124
47,39,127,44,47,139
47,39,135,43,48,156
47,39,143,42,49,178
47,39,151,41,50,200
47,39,159,40,51,219
47,39,167,39,51,231
47,39,175,38,52,235
47,39,183,36,52,236
47,39,191,35,52,237
47,39,199,34,52,238
47,39,207,33,53,240
47,39,215,33,53,242
47,39,223,33,54,246
47,39,231,32,54,249
47,39,239,32,54,252
47,39,247,32,53,254
47,39,255,33,53,255
47,47,0,50,50,2
47,47,7,47,47,4
47,47,15,46,46,8
47,47,23,47,46,15
47,47,31,47,45,23
47,47,39,47,46,31
47,47,47,46,46,39
47,47,55,48,46,48
47,47,63,48,47,56
47,47,71,48,46,65
47,47,79,48,47,74
47,47,87,48,48,81
47,47,95,48,49,90
47,47,103,48,50,99
47,47,111,47,50,108
47,47,119,47,51,119
47,47,127,46,53,132
47,47,135,46,54,147
47,47,143,45,55,166
47,47,151,44,56,188
47,47,159,43,56,210
47,47,167,42,57,226
47,47,175,40,57,235
47,47,183,38,57,237
47,47,191,36,57,238
47,47,199,35,57,239
47,47,207,34,58,240
47,47,215,34,58,242
47,47,223,34,58,246
47,47,231,33,58,249
47,47,239,33,58,252
47,47,247,33,58,254
47,47,255,35,58,255
47,55,0,52,57,2
47,55,7,47,55,3
47,55,15,46,53,7
47,55,23,47,53,12
47,55,31,48,52,20
47,55,39,48,52,28
47,55,47,48,52,37
47,55,55,48,53,45
47,55,63,49,53,52
47,55,71,50,53,62
47,55,79,50,54,70
47,55,87,50,55,78
47,55,95,51,55,86
47,55,103,50,56,94
47,55,111,49,56,103
47,55,119,49,57,113
47,55,127,49,58,126
47,55,135,48,59,138
47,55,143,48,60,155
47,55,151,47,61,176
47,55,159,47,62,197
47,55,167,45,62,217
47,55,175,43,62,231
47,55,183,41,62,236
47,55,191,39,62,237
47,55,199,37,62,238
47,55,207,37,63,240
47,55,215,36,63,242
47,55,223,36,63,246
47,55,231,36,63,249
47,55,239,35,63,252
47,55,247,35,63,254
47,55,255,36,62,255
47,63,0,54,64,2
47,63,7,49,62,3
47,63,15,46,60,4
47,63,23,47,60,9
47,63,31,49,60,16
47,63,39,49,59,24
47,63,47,49,59,33
47,63,55,50,59,42
47,63,63,51,60,50
47,63,71,51,60,58
47,63,79,52,61,67
47,63,87,52,61,75
47,63,95,52,62,83
47,63,103,51,63,91
47,63,111,52,63,100
47,63,119,51,64,109
47,63,127,51,65,120
47,63,135,51,65,131
47,63,143,51,66,145
47,63,151,50,67,163
47,63,159,50,68,184
47,63,167,49,69,206
47,63,175,47,69,223
47,63,183,44,68,233
47,63,191,43,68,237
47,63,199,41,68,238
47,63,207,41,68,240
47,63,215,41,69,242
47,63,223,40,69,245
47,63,231,39,69,248
47,63,239,38,68,251
47,63,247,37,68,254
47,63,255,37,67,255
47,71,0,55,71,2
47,71,7,50,69,2
47,71,15,48,68,3
47,71,23,48,67,6
47,71,31,49,67,12
47,71,39,50,67,21
47,71,47,50,67,30
47,71,55,52,67,39
47,71,63,52,67,47
47,71,71,53,67,56
47,71,79,53,68,64
47,71,87,53,69,72
47,71,95,53,69,80
47,71,103,53,69,88
47,71,111,53,70,95
47,71,119,53,71,104
47,71,127,53,71,114
47,71,135,53,72,123
47,71,143,53,73,136
47,71,151,53,74,152
47,71,159,52,74,171
47,71,167,52,75,193
47,71,175,50,75,212
47,71,183,48,74,227
47,71,191,47,74,234
47,71,199,46,74,238
47,71,207,45,74,240
47,71,215,45,74,242
47,71,223,44,74,245
47,71,231,43,74,248
47,71,239,41,74,251
47,71,247,40,73,254
47,71,255,38,72,255
47,79,0,57,78,2
47,79,7,51,75,3
47,79,15,49,74,4
47,79,23,49,74,5
47,79,31,50,74,10
47,79,39,51,74,17
47,79,47,52,74,26
47,79,55,53,74,37
47,79,63,54,74,46
47,79,71,54,74,53
47,79,79,55,75,61
47,79,87,55,76,69
47,79,95,55,76,77
47,79,103,54,77,85
47,79,111,54,77,93
47,79,119,54,77,100
47,79,127,55,78,109
47,79,135,55,78,117
47,79,143,55,79,128
47,79,151,55,80,142
47,79,159,55,80,159
47,79,167,55,81,180
47,79,175,53,81,200
47,79,183,52,81,217
47,79,191,51,80,229
47,79,199,50,80,235
47,79,207,49,80,239
47,79,215,49,80,241
47,79,223,47,79,244
47,79,231,46,79,247
47,79,239,44,79,250
47,79,247,42,78,253
47,79,255,39,77,255
47,87,0,58,84,2
47,87,7,52,82,3
47,87,15,50,81,4
47,87,23,50,81,5
47,87,31,52,80,8
47,87,39,52,80,15
47,87,47,54,81,24
47,87,55,55,81,34
47,87,63,55,81,44
47,87,71,56,81,52
47,87,79,56,82,59
47,87,87,57,83,67
47,87,95,57,83,75
47,87,103,57,84,82
47,87,111,57,84,90
47,87,119,57,84,97
47,87,127,57,85,105
47,87,135,57,85,113
47,87,143,57,85,122
47,87,151,57,86,134
47,87,159,57,86,149
47,87,167,57,87,167
47,87,175,56,87,187
47,87,183,55,87,206
47,87,191,54,86,221
47,87,199,53,86,231
47,87,207,53,85,237
47,87,215,52,85,240
47,87,223,50,85,242
47,87,231,49,84,245
47,87,239,47,84,249
47,87,247,44,83,253
47,87,255,40,82,255
47,95,0,60,91,2
47,95,7,54,88,3
47,95,15,51,87,4
47,95,23,52,86,5
47,95,31,53,86,7
47,95,39,54,86,13
47,95,47,55,87,23
47,95,55,57,87,33
47,95,63,58,87,41
47,95,71,58,88,50
47,95,79,59,89,58
47,95,87,59,89,65
47,95,95,60,90,73
47,95,103,59,90,81
47,95,111,59,91,88
47,95,119,59,91,96
47,95,127,59,91,104
47,95,135,59,91,111
47,95,143,59,92,120
47,95,151,60,92,130
47,95,159,60,92,143
47,95,167,60,92,157
47,95,175,59,92,175
47,95,183,58,92,195
47,95,191,57,92,212
47,95,199,56,92,226
47,95,207,55,91,234
47,95,215,54,91,238
47,95,223,53,90,241
47,95,231,51,90,244
47,95,239,49,89,248
47,95,247,46,88,252
47,95,255,41,87,255
47,103,0,61,97,2
47,103,7,55,94,3
47,103,15,52,92,4
47,103,23,53,92,5
47,103,31,54,92,6
47,103,39,55,92,12
47,103,47,57,93,21
47,103,55,59,94,31
47,103,63,60,94,40
47,103,71,61,95,48
47,103,79,61,95,56
47,103,87,61,96,64
47,103,95,62,97,71
47,103,103,62,97,79
47,103,111,62,98,86
47,103,119,62,98,94
47,103,127,62,98,101
47,103,135,61,98,109
47,103,143,61,98,117
47,103,151,61,98,126
47,103,159,62,98,137
47,103,167,62,98,148
47,103,175,61,98,164
47,103,183,60,98,183
47,103,191,60,98,202
47,103,199,58,98,219
47,103,207,57,97,230
47,103,215,56,97,237
47,103,223,55,96,240
47,103,231,53,95,244
47,103,239,51,95,247
47,103,247,48,94,251
47,103,255,42,92,255
47,111,0,62,102,2
47,111,7,56,99,3
47,111,15,53,98,4
47,111,23,54,98,5
47,111,31,55,98,6
47,111,39,57,98,11
47,111,47,59,99,20
47,111,55,61,100,30
47,111,63,62,100,39
47,111,71,63,101,47
47,111,79,64,102,54
47,111,87,64,103,62
47,111,95,65,103,70
47,111,103,65,104,78
47,111,111,65,105,85
47,111,119,65,105,92
47,111,127,64,105,99
47,111,135,64,105,107
47,111,143,64,105,114
47,111,151,64,105,123
47,111,159,64,104,133
47,111,167,64,104,142
47,111,175,63,104,155
47,111,183,63,104,172
47,111,191,62,104,191
47,111,199,61,104,210
47,111,207,60,103,224
47,111,215,58,103,234
47,111,223,57,102,238
47,111,231,55,101,242
47,111,239,53,101,246
47,111,247,49,100,250
47,111,255,44,99,254
47,119,0,63,108,2
47,119,7,57,104,3
47,119,15,54,103,4
47,119,23,55,103,5
47,119,31,56,103,6
47,119,39,58,104,10
47,119,47,60,105,18
47,119,55,62,106,28
47,119,63,64,107,38
47,119,71,65,108,46
47,119,79,66,109,53
47,119,87,67,110,61
47,119,95,67,110,68
47,119,103,68,111,76
47,119,111,68,112,84
47,119,119,68,112,91
47,119,127,68,112,98
47,119,135,67,112,105
47,119,143,67,112,113
47,119,151,67,111,121
47,119,159,66,111,130
47,119,167,66,111,138
47,119,175,66,111,149
47,119,183,65,111,164
47,119,191,64,110,181
47,119,199,63,110,200
47,119,207,62,109,216
47,119,215,60,109,228
47,119,223,59,108,235
47,119,231,57,107,240
47,119,239,55,107,244
47,119,247,51,106,248
47,119,255,45,105,253
47,127,0,64,113,2
47,127,7,57,109,3
47,127,15,54,108,4
47,127,23,55,108,5
47,127,31,57,109,6
47,127,39,59,110,9
47,127,47,61,111,17
47,127,55,64,112,26
47,127,63,66,113,36
47,127,71,67,114,44
47,127,79,69,116,52
47,127,87,70,117,59
47,127,95,71,118,66
47,127,103,71,118,74
47,127,111,71,119,81
47,127,119,71,119,88
47,127,127,71,119,96
47,127,135,70,119,103
47,127,143,70,119,111
47,127,151,70,119,118
47,127,159,69,119,127
47,127,167,69,118,136
47,127,175,68,118,147
47,127,183,68,118,159
47,127,191,67,117,173
47,127,199,65,117,189
47,127,207,64,116,206
47,127,215,62,116,220
47,127,223,61,115,229
47,127,231,59,114,237
47,127,239,56,113,242
47,127,247,53,113,247
47,127,255,47,112,252
47,135,0,65,117,3
47,135,7,57,114,3
47,135,15,54,112,4
47,135,23,55,113,5
47,135,31,57,114,6
47,135,39,59,115,8
47,135,47,62,117,15
47,135,55,64,119,24
47,135,63,67,120,34
47,135,71,68,121,42
47,135,79,70,123,50
47,135,87,71,124,57
47,135,95,73,125,64
47,135,103,73,126,72
47,135,111,74,126,79
47,135,119,73,127,86
47,135,127,73,127,93
47,135,135,73,127,100
47,135,143,73,127,108
47,135,151,72,127,116
47,135,159,72,126,125
47,135,167,71,126,134
47,135,175,70,125,143
47,135,183,69,125,154
47,135,191,69,124,166
47,135,199,67,124,181
47,135,207,66,123,196
47,135,215,64,123,211
47,135,223,63,122,223
47,135,231,60,121,232
47,135,239,58,120,239
47,135,247,55,120,245
47,135,255,48,119,251
47,143,0,66,122,3
47,143,7,58,118,4
47,143,15,54,117,5
47,143,23,55,118,6
47,143,31,57,119,7
47,143,39,59,121,8
47,143,47,62,123,13
47,143,55,65,125,22
47,143,63,67,127,32
47,143,71,69,129,40
47,143,79,71,130,48
47,143,87,73,132,55
47,143,95,74,132,62
47,143,103,75,133,69
47,143,111,76,134,77
47,143,119,76,134,84
47,143,127,76,135,91
47,143,135,75,135,98
47,143,143,75,135,105
47,143,151,75,135,113
47,143,159,74,135,122
47,143,167,73,134,130
47,143,175,72,133,140
47,143,183,71,133,150
47,143,191,71,132,161
47,143,199,70,131,174
47,143,207,68,131,188
47,143,215,66,130,203
47,143,223,65,129,216
47,143,231,62,128,227
47,143,239,60,127,237
47,143,247,56,127,244
47,143,255,50,126,251
47,151,0,66,127,3
47,151,7,58,122,4
47,151,15,54,122,5
47,151,23,55,123,6
47,151,31,57,124,7
47,151,39,59,126,8
47,151,47,62,129,12
47,151,55,65,131,20
47,151,63,68,133,29
47,151,71,70,136,38
47,151,79,72,137,46
47,151,87,73,139,53
47,151,95,75,140,60
47,151,103,76,141,67
47,151,111,77,141,74
47,151,119,78,142,81
47,151,127,78,142,88
47,151,135,78,143,96
47,151,143,77,143,103
47,151,151,77,143,111
47,151,159,77,143,118
47,151,167,76,142,127
47,151,175,75,141,136
47,151,183,74,140,146
47,151,191,72,140,157
47,151,199,72,139,168
47,151,207,70,138,181
47,151,215,68,137,196
47,151,223,67,137,210
47,151,231,64,136,222
47,151,239,62,135,233
47,151,247,58,134,242
47,151,255,52,133,250
47,159,0,66,131,4
47,159,7,58,127,5
47,159,15,54,126,6
47,159,23,55,128,7
47,159,31,57,129,8
47,159,39,59,131,9
47,159,47,62,134,11
47,159,55,65,136,18
47,159,63,68,139,27
47,159,71,70,141,36
47,159,79,72,143,44
47,159,87,74,145,51
47,159,95,76,146,58
47,159,103,77,147,65
47,159,111,78,148,72
47,159,119,79,148,79
47,159,127,80,149,86
47,159,135,80,149,93
47,159,143,80,150,100
47,159,151,79,150,107
47,159,159,79,150,115
47,159,167,78,150,124
47,159,175,77,149,132
47,159,183,76,148,142
47,159,191,75,147,152
47,159,199,73,146,163
47,159,207,72,146,175
47,159,215,71,145,189
47,159,223,69,144,203
47,159,231,66,143,217
47,159,239,64,143,229
47,159,247,60,142,240
47,159,255,54,141,248
47,167,0,66,136,4
47,167,7,57,131,5
47,167,15,54,130,6
47,167,23,55,132,7
47,167,31,57,133,8
47,167,39,59,136,9
47,167,47,61,138,10
47,167,55,64,141,16
47,167,63,67,143,25
47,167,71,70,146,34
47,167,79,72,148,42
47,167,87,74,150,49
47,167,95,76,151,55
47,167,103,77,152,62
47,167,111,78,153,69
47,167,119,79,154,76
47,167,127,80,155,83
47,167,135,80,155,90
47,167,143,81,156,96
47,167,151,81,157,104
47,167,159,81,157,111
47,167,167,79,157,120
47,167,175,79,157,128
47,167,183,78,156,138
47,167,191,77,155,148
47,167,199,75,154,157
47,167,207,73,153,169
47,167,215,72,152,182
47,167,223,71,152,196
47,167,231,68,151,211
47,167,239,66,151,225
47,167,247,63,150,237
47,167,255,57,149,246
47,175,0,65,141,5
47,175,7,57,135,6
47,175,15,54,134,7
47,175,23,55,136,8
47,175,31,56,137,9
47,175,39,58,139,10
47,175,47,61,141,11
47,175,55,64,144,15
47,175,63,66,146,24
47,175,71,69,149,33
47,175,79,71,152,40
47,175,87,73,154,48
47,175,95,75,155,53
47,175,103,77,156,60
47,175,111,78,157,67
47,175,119,80,158,73
47,175,127,81,159,80
47,175,135,81,160,86
47,175,143,81,161,93
47,175,151,82,162,100
47,175,159,82,163,107
47,175,167,82,163,116
47,175,175,80,164,124
47,175,183,79,163,133
47,175,191,78,162,143
47,175,199,77,161,152
47,175,207,75,161,163
47,175,215,74,160,176
47,175,223,72,160,190
47,175,231,70,159,205
47,175,239,68,159,220
47,175,247,65,158,233
47,175,255,59,157,244
47,183,0,63,146,5
47,183,7,57,140,6
47,183,15,54,138,7
47,183,23,55,140,8
47,183,31,56,140,9
47,183,39,57,142,10
47,183,47,60,144,11
47,183,55,63,146,15
47,183,63,66,148,23
47,183,71,68,151,31
47,183,79,70,154,39
47,183,87,73,156,46
47,183,95,75,157,52
47,183,103,77,159,58
47,183,111,78,160,64
47,183,119,80,162,71
47,183,127,81,163,77
47,183,135,82,164,83
47,183,143,82,166,90
47,183,151,83,167,96
47,183,159,83,168,104
47,183,167,83,169,111
47,183,175,82,170,119
47,183,183,82,170,128
47,183,191,80,169,138
47,183,199,78,169,147
47,183,207,77,169,158
47,183,215,76,168,170
47,183,223,74,168,183
47,183,231,72,168,198
47,183,239,70,168,214
47,183,247,67,167,229
47,183,255,62,165,241
47,191,0,62,151,6
47,191,7,56,144,7
47,191,15,54,142,8
47,191,23,54,143,9
47,191,31,55,143,10
47,191,39,57,145,11
47,191,47,59,146,12
47,191,55,62,149,15
47,191,63,65,151,21
47,191,71,67,153,29
47,191,79,70,156,37
47,191,87,72,158,44
47,191,95,74,160,50
47,191,103,76,162,56
47,191,111,78,163,62
47,191,119,80,165,68
47,191,127,81,166,75
47,191,135,82,168,81
47,191,143,83,169,87
47,191,151,83,171,93
47,191,159,84,172,100
47,191,167,84,174,107
47,191,175,83,175,115
47,191,183,83,175,123
47,191,191,82,176,133
47,191,199,81,176,142
47,191,207,79,176,153
47,191,215,77,176,164
47,191,223,76,176,177
47,191,231,74,177,191
47,191,239,72,177,208
47,191,247,69,177,224
47,191,255,65,174,238
47,199,0,61,157,6
47,199,7,56,150,7
47,199,15,54,147,8
47,199,23,54,147,9
47,199,31,55,148,10
47,199,39,56,148,11
47,199,47,58,150,12
47,199,55,61,152,14
47,199,63,64,154,20
47,199,71,66,156,28
47,199,79,69,159,35
47,199,87,71,161,42
47,199,95,74,163,48
47,199,103,75,165,54
47,199,111,77,166,60
47,199,119,79,168,66
47,199,127,81,169,72
47,199,135,82,171,78
47,199,143,83,173,84
47,199,151,83,175,90
47,199,159,84,176,96
47,199,167,84,178,103
47,199,175,84,180,110
47,199,183,83,181,118
47,199,191,83,182,127
47,199,199,82,182,137
47,199,207,80,183,147
47,199,215,79,184,158
47,199,223,77,184,171
47,199,231,75,185,185
47,199,239,74,186,201
47,199,247,71,186,218
47,199,255,67,183,235
47,207,0,60,163,7
47,207,7,56,155,8
47,207,15,54,152,9
47,207,23,54,152,10
47,207,31,55,152,11
47,207,39,56,153,12
47,207,47,58,154,13
47,207,55,60,155,14
47,207,63,63,157,19
47,207,71,65,160,26
47,207,79,67,162,33
47,207,87,70,164,40
47,207,95,72,166,46
47,207,103,74,168,51
47,207,111,76,170,57
47,207,119,78,171,63
47,207,127,80,173,69
47,207,135,81,175,75
47,207,143,82,177,80
47,207,151,83,179,86
47,207,159,83,180,92
47,207,167,84,182,99
47,207,175,84,184,106
47,207,183,83,185,114
47,207,191,83,186,122
47,207,199,82,188,132
47,207,207,81,189,141
47,207,215,80,190,152
47,207,223,79,191,165
47,207,231,77,193,179
47,207,239,75,195,195
47,207,247,73,195,213
47,207,255,69,192,231
47,215,0,59,169,7
47,215,7,55,162,8
47,215,15,54,159,9
47,215,23,54,158,10
47,215,31,54,158,11
47,215,39,55,158,12
47,215,47,57,159,13
47,215,55,59,160,14
47,215,63,61,162,18
47,215,71,64,164,24
47,215,79,66,166,31
47,215,87,69,168,37
47,215,95,71,170,43
47,215,103,73,172,49
47,215,111,75,174,54
47,215,119,77,176,60
47,215,127,78,177,65
47,215,135,80,179,71
47,215,143,81,181,77
47,215,151,82,183,83
47,215,159,83,184,89
47,215,167,83,186,95
47,215,175,83,188,102
47,215,183,83,189,109
47,215,191,83,191,117
47,215,199,82,193,126
47,215,207,81,195,136
47,215,215,80,197,147
47,215,223,79,198,159
47,215,231,78,201,173
47,215,239,77,203,189
47,215,247,75,204,207
47,215,255,71,201,228
47,223,0,59,176,6
47,223,7,56,169,7
47,223,15,54,166,8
47,223,23,54,166,9
47,223,31,54,165,10
47,223,39,55,165,11
47,223,47,57,165,12
47,223,55,59,166,14
47,223,63,61,167,18
47,223,71,63,170,23
47,223,79,66,172,29
47,223,87,68,173,35
47,223,95,70,175,41
47,223,103,72,177,46
47,223,111,74,179,52
47,223,119,75,181,57
47,223,127,77,182,62
47,223,135,78,184,68
47,223,143,79,186,74
47,223,151,81,188,80
47,223,159,81,189,85
47,223,167,82,191,92
47,223,175,82,193,98
47,223,183,82,194,105
47,223,191,82,196,113
47,223,199,81,198,122
47,223,207,81,201,132
47,223,215,80,203,142
47,223,223,79,205,154
47,223,231,78,209,169
47,223,239,77,212,184
47,223,247,76,213,202
47,223,255,73,210,224
47,231,0,59,183,6
47,231,7,56,177,7
47,231,15,55,174,8
47,231,23,54,173,9
47,231,31,55,172,10
47,231,39,55,172,12
47,231,47,57,172,13
47,231,55,59,173,15
47,231,63,61,174,17
47,231,71,63,176,22
47,231,79,65,177,27
47,231,87,67,179,33
47,231,95,69,180,39
47,231,103,71,183,44
47,231,111,73,185,50
47,231,119,74,186,55
47,231,127,75,188,60
47,231,135,77,190,65
47,231,143,78,192,71
47,231,151,79,193,76
47,231,159,80,194,82
47,231,167,80,196,88
47,231,175,80,198,95
47,231,183,80,200,101
47,231,191,80,202,109
47,231,199,80,204,118
47,231,207,80,207,127
47,231,215,79,209,138
47,231,223,79,212,150
47,231,231,78,216,163
47,231,239,78,220,179
47,231,247,76,222,198
47,231,255,74,220,221
47,239,0,60,191,5
47,239,7,58,186,6
47,239,15,56,183,8
47,239,23,55,182,9
47,239,31,56,181,11
47,239,39,56,180,12
47,239,47,58,180,13
47,239,55,59,180,15
47,239,63,61,181,17
47,239,71,63,182,21
47,239,79,65,183,26
47,239,87,67,185,31
47,239,95,69,186,37
47,239,103,70,188,42
47,239,111,72,190,47
47,239,119,73,192,52
47,239,127,74,194,57
47,239,135,75,195,62
47,239,143,76,197,68
47,239,151,77,198,73
47,239,159,78,200,79
47,239,167,78,202,85
47,239,175,79,203,91
47,239,183,79,205,98
47,239,191,79,208,106
47,239,199,79,210,114
47,239,207,78,213,123
47,239,215,78,216,133
47,239,223,78,219,145
47,239,231,78,224,159
47,239,239,77,228,174
47,239,247,77,230,194
47,239,255,75,230,218
47,247,0,62,199,4
47,247,7,60,196,5
47,247,15,58,195,7
47,247,23,58,194,9
47,247,31,58,194,11
47,247,39,59,193,13
47,247,47,60,193,15
47,247,55,61,192,17
47,247,63,62,192,19
47,247,71,64,193,22
47,247,79,66,194,26
47,247,87,67,195,31
47,247,95,69,196,36
47,247,103,70,197,41
47,247,111,71,199,46
47,247,119,72,200,50
47,247,127,72,202,55
47,247,135,73,203,60
47,247,143,74,205,65
47,247,151,74,206,71
47,247,159,75,207,76
47,247,167,75,209,82
47,247,175,75,211,88
47,247,183,76,213,95
47,247,191,76,215,102
47,247,199,76,217,110
47,247,207,75,220,120
47,247,215,75,224,130
47,247,223,76,227,142
47,247,231,76,231,156
47,247,239,76,235,172
47,247,247,76,238,192
47,247,255,76,240,215
47,255,0,64,208,2
47,255,7,63,210,4
47,255,15,63,211,7
47,255,23,63,212,10
47,255,31,63,213,12
47,255,39,63,214,15
47,255,47,64,214,18
47,255,55,65,214,21
47,255,63,65,214,24
47,255,71,66,214,27
47,255,79,67,213,31
47,255,87,68,213,34
47,255,95,69,213,38
47,255,103,69,214,42
47,255,111,70,214,46
47,255,119,70,215,50
47,255,127,70,216,54
47,255,135,70,217,59
47,255,143,70,218,64
47,255,151,70,218,69
47,255,159,70,219,74
47,255,167,70,221,79
47,255,175,69,222,85
47,255,183,69,224,91
47,255,191,69,226,99
47,255,199,70,228,108
47,255,207,70,230,117
47,255,215,70,233,128
47,255,223,71,236,141
47,255,231,72,239,156
47,255,239,73,242,172
47,255,247,74,246,191
47,255,255,75,249,213
55,0,0,52,4,4
55,0,7,51,4,11
55,0,15,50,4,19
55,0,23,49,4,28
55,0,31,49,4,37
55,0,39,48,5,47
55,0,47,47,5,57
55,0,55,45,6,67
55,0,63,44,6,77
55,0,71,43,7,87
55,0,79,42,8,98
55,0,87,41,9,108
55,0,95,40,9,117
55,0,103,39,10,127
55,0,111,39,11,135
55,0,119,38,12,144
55,0,127,37,12,152
55,0,135,36,13,160
55,0,143,35,14,168
55,0,151,35,14,176
55,0,159,34,15,183
55,0,167,33,16,191
55,0,175,33,17,198
55,0,183,33,17,206
55,0,191,32,18,213
55,0,199,32,19,219
55,0,207,31,19,226
55,0,215,31,20,231
55,0,223,30,20,236
55,0,231,30,21,241
55,0,239,29,21,244
55,0,247,28,21,247
55,0,255,27,21,249
55,7,0,52,12,3
55,7,7,52,12,10
55,7,15,50,12,19
55,7,23,50,13,27
55,7,31,49,13,36
55,7,39,50,14,45
55,7,47,49,14,54
55,7,55,49,15,64
55,7,63,48,16,73
55,7,71,47,17,83
55,7,79,46,18,93
55,7,87,44,19,103
55,7,95,43,20,113
55,7,103,42,21,123
55,7,111,41,22,134
55,7,119,40,23,147
55,7,127,39,24,162
55,7,135,38,25,179
55,7,143,37,26,194
55,7,151,36,26,206
55,7,159,35,27,214
55,7,167,34,27,217
55,7,175,33,27,220
55,7,183,32,28,223
55,7,191,32,28,227
55,7,199,32,29,230
55,7,207,32,29,234
55,7,215,32,29,237
55,7,223,31,29,241
55,7,231,31,29,244
55,7,239,30,29,247
55,7,247,30,29,249
55,7,255,29,28,251
55,15,0,52,18,3
55,15,7,51,19,9
55,15,15,51,20,17
55,15,23,51,20,25
55,15,31,50,21,33
55,15,39,50,22,42
55,15,47,50,23,51
55,15,55,51,22,60
55,15,63,50,23,70
55,15,71,49,24,79
55,15,79,48,25,89
55,15,87,47,26,99
55,15,95,45,27,109
55,15,103,44,28,117
55,15,111,43,29,128
55,15,119,42,30,142
55,15,127,41,32,160
55,15,135,41,33,182
55,15,143,39,34,203
55,15,151,38,34,219
55,15,159,37,35,226
55,15,167,35,35,228
55,15,175,35,35,229
55,15,183,34,36,230
55,15,191,34,36,233
55,15,199,34,36,235
55,15,207,34,37,237
55,15,215,34,37,240
55,15,223,33,37,244
55,15,231,33,37,247
55,15,239,32,37,249
55,15,247,31,36,251
55,15,255,31,35,252
55,23,0,52,26,3
55,23,7,51,26,8
55,23,15,51,25,15
55,23,23,51,27,24
55,23,31,51,27,32
55,23,39,51,27,41
55,23,47,51,28,50
55,23,55,51,28,58
55,23,63,50,29,67
55,23,71,51,29,76
55,23,79,50,30,85
55,23,87,49,31,95
55,23,95,47,32,105
55,23,103,46,32,112
55,23,111,45,33,122
55,23,119,44,35,134
55,23,127,44,36,151
55,23,135,43,38,173
55,23,143,42,39,196
55,23,151,41,39,215
55,23,159,40,40,225
55,23,167,38,40,229
55,23,175,37,40,230
55,23,183,37,41,231
55,23,191,36,41,234
55,23,199,36,42,236
55,23,207,36,42,238
55,23,215,35,43,241
55,23,223,35,43,245
55,23,231,34,43,248
55,23,239,33,43,250
55,23,247,33,42,252
55,23,255,33,41,254
55,31,0,53,34,2
55,31,7,52,33,7
55,31,15,51,32,13
55,31,23,51,33,21
55,31,31,52,33,30
55,31,39,52,33,38
55,31,47,52,34,47
55,31,55,52,33,56
55,31,63,52,34,63
55,31,71,51,35,72
55,31,79,52,35,82
55,31,87,51,36,91
55,31,95,50,37,100
55,31,103,49,38,109
55,31,111,48,39,118
55,31,119,47,41,129
55,31,127,46,42,145
55,31,135,46,43,163
55,31,143,45,44,185
55,31,151,44,45,207
55,31,159,42,45,223
55,31,167,41,46,231
55,31,175,40,46,233
55,31,183,39,46,234
55,31,191,38,47,236
55,31,199,37,47,237
55,31,207,37,48,240
55,31,215,36,48,242
55,31,223,36,48,246
55,31,231,35,48,249
55,31,239,34,48,251
55,31,247,34,48,253
55,31,255,35,47,255
55,39,0,54,42,2
55,39,7,52,40,6
55,39,15,51,39,11
55,39,23,52,38,19
55,39,31,52,39,27
55,39,39,52,39,35
55,39,47,52,39,44
55,39,55,53,40,52
55,39,63,53,40,61
55,39,71,53,40,70
55,39,79,52,41,78
55,39,87,51,42,86
55,39,95,52,43,95
55,39,103,51,44,104
55,39,111,50,45,113
55,39,119,49,46,124
55,39,127,49,47,138
55,39,135,48,48,154
55,39,143,47,49,175
55,39,151,46,50,198
55,39,159,45,51,218
55,39,167,44,51,231
55,39,175,42,51,235
55,39,183,41,52,236
55,39,191,39,52,237
55,39,199,38,52,238
55,39,207,37,53,240
55,39,215,36,53,242
55,39,223,36,53,246
55,39,231,35,53,249
55,39,239,35,53,252
55,39,247,35,53,254
55,39,255,36,52,255
55,47,0,56,49,2
55,47,7,52,47,4
55,47,15,51,45,9
55,47,23,52,45,16
55,47,31,52,45,24
55,47,39,53,46,32
55,47,47,53,46,41
55,47,55,53,46,49
55,47,63,54,47,57
55,47,71,54,47,66
55,47,79,54,47,75
55,47,87,53,48,82
55,47,95,53,49,91
55,47,103,53,50,100
55,47,111,52,50,109
55,47,119,51,51,119
55,47,127,51,53,132
55,47,135,51,54,146
55,47,143,50,55,165
55,47,151,49,56,187
55,47,159,48,56,208
55,47,167,47,57,226
55,47,175,45,57,236
55,47,183,42,57,238
55,47,191,40,57,239
55,47,199,39,57,240
55,47,207,38,57,241
55,47,215,38,58,242
55,47,223,37,58,246
55,47,231,37,58,249
55,47,239,36,58,252
55,47,247,36,58,254
55,47,255,37,58,255
55,55,0,58,56,2
55,55,7,53,54,3
55,55,15,51,53,7
55,55,23,52,52,13
55,55,31,53,52,21
55,55,39,53,52,29
55,55,47,54,53,37
55,55,55,53,53,46
55,55,63,55,54,54
55,55,71,55,54,62
55,55,79,55,54,71
55,55,87,55,55,79
55,55,95,55,55,87
55,55,103,54,56,95
55,55,111,54,56,104
55,55,119,54,57,114
55,55,127,54,58,126
55,55,135,53,59,138
55,55,143,53,60,154
55,55,151,52,61,174
55,55,159,51,62,196
55,55,167,50,62,217
55,55,175,48,62,231
55,55,183,45,62,237
55,55,191,43,62,238
55,55,199,41,62,239
55,55,207,40,62,240
55,55,215,40,63,242
55,55,223,40,63,246
55,55,231,39,63,249
55,55,239,38,63,252
55,55,247,38,63,254
55,55,255,39,62,255
55,63,0,59,64,2
55,63,7,54,61,3
55,63,15,51,60,4
55,63,23,53,59,10
55,63,31,54,59,17
55,63,39,54,59,26
55,63,47,55,59,35
55,63,55,56,59,44
55,63,63,55,61,51
55,63,71,56,61,59
55,63,79,57,61,68
55,63,87,57,62,76
55,63,95,56,62,85
55,63,103,56,63,92
55,63,111,56,63,100
55,63,119,56,64,110
55,63,127,56,65,121
55,63,135,56,65,131
55,63,143,55,66,145
55,63,151,55,67,162
55,63,159,54,68,183
55,63,167,53,68,205
55,63,175,51,68,223
55,63,183,49,68,235
55,63,191,47,68,238
55,63,199,45,68,240
55,63,207,45,68,241
55,63,215,44,68,242
55,63,223,44,68,246
55,63,231,43,68,249
55,63,239,41,68,252
55,63,247,40,68,254
55,63,255,40,67,255
55,71,0,61,70,1
55,71,7,55,68,2
55,71,15,53,67,3
55,71,23,53,67,7
55,71,31,54,66,13
55,71,39,55,66,22
55,71,47,56,66,32
55,71,55,57,67,41
55,71,63,58,67,50
55,71,71,57,68,57
55,71,79,57,68,65
55,71,87,57,69,73
55,71,95,58,69,81
55,71,103,58,70,89
55,71,111,57,70,96
55,71,119,57,71,105
55,71,127,57,71,115
55,71,135,58,72,124
55,71,143,58,73,136
55,71,151,57,73,151
55,71,159,57,74,170
55,71,167,56,75,193
55,71,175,55,75,213
55,71,183,53,74,228
55,71,191,51,74,236
55,71,199,50,74,240
55,71,207,49,74,241
55,71,215,49,74,243
55,71,223,48,74,245
55,71,231,46,74,248
55,71,239,45,73,251
55,71,247,43,73,254
55,71,255,41,72,255
55,79,0,62,77,2
55,79,7,56,75,2
55,79,15,53,74,3
55,79,23,54,74,5
55,79,31,55,73,11
55,79,39,55,73,19
55,79,47,58,74,29
55,79,55,58,74,39
55,79,63,59,74,48
55,79,71,58,75,55
55,79,79,59,75,63
55,79,87,59,76,71
55,79,95,59,76,78
55,79,103,59,77,86
55,79,111,59,77,94
55,79,119,59,78,101
55,79,127,59,78,110
55,79,135,59,78,118
55,79,143,60,79,128
55,79,151,60,80,142
55,79,159,60,80,159
55,79,167,59,81,180
55,79,175,58,81,201
55,79,183,56,80,219
55,79,191,55,80,230
55,79,199,54,80,237
55,79,207,53,79,241
55,79,215,52,79,242
55,79,223,51,79,244
55,79,231,50,79,247
55,79,239,48,78,250
55,79,247,46,78,254
55,79,255,42,76,255
55,87,0,64,84,2
55,87,7,57,81,3
55,87,15,54,80,4
55,87,23,55,80,5
55,87,31,56,80,9
55,87,39,57,80,16
55,87,47,58,80,26
55,87,55,60,81,37
55,87,63,60,81,46
55,87,71,61,82,54
55,87,79,60,82,61
55,87,87,61,83,69
55,87,95,61,83,76
55,87,103,61,84,84
55,87,111,61,84,91
55,87,119,61,84,99
55,87,127,61,85,106
55,87,135,61,85,114
55,87,143,61,85,123
55,87,151,62,86,135
55,87,159,62,86,149
55,87,167,62,87,167
55,87,175,61,87,188
55,87,183,60,87,208
55,87,191,59,86,223
55,87,199,58,86,233
55,87,207,57,85,239
55,87,215,56,85,241
55,87,223,54,85,243
55,87,231,53,84,246
55,87,239,51,84,250
55,87,247,48,83,253
55,87,255,43,81,255
55,95,0,65,90,2
55,95,7,58,87,3
55,95,15,55,86,4
55,95,23,56,86,5
55,95,31,57,86,7
55,95,39,58,86,15
55,95,47,59,87,24
55,95,55,61,87,35
55,95,63,62,88,43
55,95,71,63,88,52
55,95,79,63,89,60
55,95,87,63,90,67
55,95,95,64,90,75
55,95,103,63,91,82
55,95,111,63,91,89
55,95,119,63,91,97
55,95,127,64,91,105
55,95,135,64,92,112
55,95,143,64,92,121
55,95,151,64,92,131
55,95,159,64,92,143
55,95,167,64,92,156
55,95,175,63,93,175
55,95,183,62,92,196
55,95,191,61,92,214
55,95,199,60,92,228
55,95,207,59,91,236
55,95,215,58,91,239
55,95,223,57,90,242
55,95,231,55,90,245
55,95,239,53,89,249
55,95,247,50,88,252
55,95,255,44,86,255
55,103,0,66,96,2
55,103,7,59,93,3
55,103,15,57,91,4
55,103,23,57,92,5
55,103,31,58,92,6
55,103,39,60,92,13
55,103,47,62,93,23
55,103,55,63,94,33
55,103,63,64,94,42
55,103,71,65,95,50
55,103,79,65,96,58
55,103,87,66,96,66
55,103,95,66,97,73
55,103,103,66,98,81
55,103,111,66,98,88
55,103,119,66,98,95
55,103,127,66,98,102
55,103,135,65,98,110
55,103,143,66,98,118
55,103,151,66,98,127
55,103,159,66,98,137
55,103,167,66,98,148
55,103,175,65,98,164
55,103,183,64,98,183
55,103,191,64,98,203
55,103,199,62,98,221
55,103,207,61,97,232
55,103,215,60,96,239
55,103,223,59,96,241
55,103,231,57,95,245
55,103,239,55,95,248
55,103,247,52,94,251
55,103,255,46,92,255
55,111,0,67,102,2
55,111,7,60,98,2
55,111,15,57,97,3
55,111,23,58,97,4
55,111,31,59,97,6
55,111,39,61,98,12
55,111,47,63,99,21
55,111,55,65,100,32
55,111,63,66,101,41
55,111,71,67,101,49
55,111,79,68,102,56
55,111,87,68,103,64
55,111,95,69,104,72
55,111,103,69,105,79
55,111,111,69,105,86
55,111,119,69,105,93
55,111,127,68,105,101
55,111,135,68,105,108
55,111,143,68,105,116
55,111,151,68,105,124
55,111,159,68,105,134
55,111,167,68,105,142
55,111,175,68,104,155
55,111,183,67,104,173
55,111,191,66,104,192
55,111,199,65,104,212
55,111,207,64,103,226
55,111,215,62,102,236
55,111,223,61,102,240
55,111,231,59,101,243
55,111,239,57,100,247
55,111,247,53,99,250
55,111,255,47,98,254
55,119,0,68,107,2
55,119,7,61,103,3
55,119,15,58,102,4
55,119,23,59,103,5
55,119,31,60,103,6
55,119,39,62,104,11
55,119,47,64,105,20
55,119,55,67,106,30
55,119,63,68,107,39
55,119,71,69,108,47
55,119,79,70,109,55
55,119,87,71,110,62
55,119,95,72,111,70
55,119,103,72,111,78
55,119,111,72,112,85
55,119,119,72,112,92
55,119,127,72,112,99
55,119,135,71,112,107
55,119,143,71,112,114
55,119,151,71,112,122
55,119,159,71,111,131
55,119,167,70,111,139
55,119,175,70,111,150
55,119,183,69,111,164
55,119,191,68,110,182
55,119,199,67,110,201
55,119,207,66,109,218
55,119,215,64,109,230
55,119,223,63,108,236
55,119,231,61,107,241
55,119,239,59,107,245
55,119,247,55,106,249
55,119,255,49,104,253
55,127,0,69,112,2
55,127,7,61,108,3
55,127,15,58,107,4
55,127,23,59,108,5
55,127,31,61,108,6
55,127,39,62,109,10
55,127,47,65,111,18
55,127,55,68,112,28
55,127,63,69,114,38
55,127,71,71,115,46
55,127,79,73,116,53
55,127,87,74,117,60
55,127,95,75,118,68
55,127,103,74,119,76
55,127,111,75,119,83
55,127,119,75,119,90
55,127,127,74,120,97
55,127,135,74,120,105
55,127,143,74,119,112
55,127,151,73,119,120
55,127,159,73,119,128
55,127,167,72,118,137
55,127,175,71,118,148
55,127,183,71,118,160
55,127,191,70,117,174
55,127,199,69,117,190
55,127,207,68,116,207
55,127,215,66,115,222
55,127,223,65,114,231
55,127,231,63,114,238
55,127,239,60,113,243
55,127,247,57,112,247
55,127,255,50,111,252
55,135,0,70,117,3
55,135,7,61,113,4
55,135,15,58,112,5
55,135,23,59,113,6
55,135,31,61,114,7
55,135,39,63,115,9
55,135,47,66,117,16
55,135,55,68,119,26
55,135,63,70,120,36
55,135,71,72,122,44
55,135,79,74,123,51
55,135,87,75,124,59
55,135,95,76,125,66
55,135,103,77,126,73
55,135,111,78,127,81
55,135,119,77,127,88
55,135,127,77,127,95
55,135,135,77,127,103
55,135,143,76,127,110
55,135,151,76,127,118
55,135,159,76,126,126
55,135,167,75,126,135
55,135,175,74,125,144
55,135,183,74,125,155
55,135,191,73,124,167
55,135,199,71,124,181
55,135,207,70,123,197
55,135,215,68,122,212
55,135,223,67,121,224
55,135,231,64,120,234
55,135,239,62,120,240
55,135,247,59,119,246
55,135,255,52,118,252
55,143,0,71,122,3
55,143,7,62,118,4
55,143,15,58,117,5
55,143,23,59,118,6
55,143,31,61,119,7
55,143,39,63,121,8
55,143,47,66,123,14
55,143,55,69,126,24
55,143,63,71,127,33
55,143,71,73,129,42
55,143,79,75,131,49
55,143,87,77,132,57
55,143,95,78,133,64
55,143,103,79,134,71
55,143,111,79,134,78
55,143,119,80,135,86
55,143,127,79,135,93
55,143,135,79,135,100
55,143,143,79,135,107
55,143,151,79,135,114
55,143,159,78,135,123
55,143,167,77,134,132
55,143,175,76,133,141
55,143,183,75,132,151
55,143,191,75,132,162
55,143,199,74,131,175
55,143,207,72,130,189
55,143,215,71,129,204
55,143,223,69,129,218
55,143,231,67,128,229
55,143,239,64,127,238
55,143,247,61,126,245
55,143,255,54,125,251
55,151,0,71,126,4
55,151,7,62,122,4
55,151,15,58,122,5
55,151,23,59,123,6
55,151,31,61,125,7
55,151,39,63,127,8
55,151,47,66,129,13
55,151,55,69,132,21
55,151,63,71,134,31
55,151,71,74,136,40
55,151,79,76,138,47
55,151,87,77,139,55
55,151,95,79,140,61
55,151,103,80,141,69
55,151,111,81,142,76
55,151,119,81,142,83
55,151,127,82,143,90
55,151,135,81,143,97
55,151,143,81,143,104
55,151,151,81,143,112
55,151,159,80,143,120
55,151,167,80,142,129
55,151,175,79,141,138
55,151,183,78,140,148
55,151,191,76,139,158
55,151,199,76,139,169
55,151,207,74,138,183
55,151,215,73,137,197
55,151,223,71,136,212
55,151,231,69,135,224
55,151,239,66,134,235
55,151,247,63,133,244
55,151,255,56,132,250
55,159,0,71,131,4
55,159,7,61,127,5
55,159,15,58,126,6
55,159,23,59,128,7
55,159,31,60,129,8
55,159,39,62,131,9
55,159,47,65,134,12
55,159,55,69,137,19
55,159,63,71,140,29
55,159,71,74,142,38
55,159,79,76,144,45
55,159,87,78,145,53
55,159,95,79,146,59
55,159,103,81,147,66
55,159,111,82,148,74
55,159,119,82,149,81
55,159,127,83,149,87
55,159,135,83,150,94
55,159,143,83,150,101
55,159,151,82,150,109
55,159,159,82,150,117
55,159,167,82,150,125
55,159,175,81,149,134
55,159,183,80,148,144
55,159,191,79,147,154
55,159,199,77,146,164
55,159,207,76,145,177
55,159,215,75,144,191
55,159,223,73,144,205
55,159,231,71,143,219
55,159,239,68,142,231
55,159,247,65,141,241
55,159,255,59,140,249
55,167,0,70,136,5
55,167,7,61,131,6
55,167,15,58,131,7
55,167,23,59,132,8
55,167,31,60,134,9
55,167,39,62,136,10
55,167,47,65,139,11
55,167,55,68,142,18
55,167,63,71,144,27
55,167,71,73,147,36
55,167,79,76,149,44
55,167,87,78,151,51
55,167,95,79,152,57
55,167,103,81,153,64
55,167,111,82,154,71
55,167,119,83,154,78
55,167,127,84,155,85
55,167,135,84,156,91
55,167,143,84,156,98
55,167,151,85,157,105
55,167,159,84,157,113
55,167,167,83,157,121
55,167,175,83,157,130
55,167,183,82,156,139
55,167,191,80,154,149
55,167,199,79,153,159
55,167,207,78,153,171
55,167,215,76,152,184
55,167,223,75,151,198
55,167,231,73,151,213
55,167,239,70,150,227
55,167,247,67,149,239
55,167,255,61,148,247
55,175,0,69,140,5
55,175,7,61,136,6
55,175,15,58,135,7
55,175,23,59,136,8
55,175,31,60,138,9
55,175,39,62,139,10
55,175,47,64,142,11
55,175,55,67,145,16
55,175,63,70,147,25
55,175,71,73,150,34
55,175,79,75,152,42
55,175,87,77,154,49
55,175,95,79,155,55
55,175,103,81,156,62
55,175,111,82,158,69
55,175,119,84,158,75
55,175,127,84,159,82
55,175,135,85,160,88
55,175,143,85,162,95
55,175,151,86,162,102
55,175,159,86,163,109
55,175,167,86,164,117
55,175,175,84,164,126
55,175,183,83,163,135
55,175,191,82,162,144
55,175,199,81,161,154
55,175,207,79,161,165
55,175,215,78,160,177
55,175,223,76,160,191
55,175,231,75,159,207
55,175,239,73,159,222
55,175,247,69,158,235
55,175,255,64,156,245
55,183,0,68,145,6
55,183,7,60,140,7
55,183,15,58,138,8
55,183,23,58,140,9
55,183,31,59,141,10
55,183,39,61,142,11
55,183,47,63,144,12
55,183,55,66,147,16
55,183,63,69,149,24
55,183,71,72,152,32
55,183,79,74,154,40
55,183,87,77,156,47
55,183,95,79,158,53
55,183,103,81,159,60
55,183,111,82,161,66
55,183,119,84,162,73
55,183,127,85,163,79
55,183,135,85,164,85
55,183,143,86,166,92
55,183,151,86,167,98
55,183,159,87,168,105
55,183,167,87,169,113
55,183,175,86,170,121
55,183,183,86,170,130
55,183,191,84,169,139
55,183,199,82,169,149
55,183,207,81,168,159
55,183,215,80,168,171
55,183,223,78,168,185
55,183,231,77,168,200
55,183,239,75,168,216
55,183,247,72,167,231
55,183,255,67,164,242
55,191,0,67,151,6
55,191,7,60,144,7
55,191,15,58,143,8
55,191,23,58,144,9
55,191,31,59,144,10
55,191,39,60,145,11
55,191,47,63,147,12
55,191,55,65,149,15
55,191,63,68,151,22
55,191,71,71,154,31
55,191,79,73,156,38
55,191,87,76,158,46
55,191,95,78,160,51
55,191,103,80,162,58
55,191,111,82,163,64
55,191,119,83,165,70
55,191,127,85,166,77
55,191,135,86,168,83
55,191,143,87,170,89
55,191,151,87,171,95
55,191,159,87,173,102
55,191,167,87,174,109
55,191,175,87,175,117
55,191,183,87,176,125
55,191,191,86,176,134
55,191,199,85,176,144
55,191,207,83,176,154
55,191,215,82,176,166
55,191,223,80,176,179
55,191,231,78,176,193
55,191,239,77,177,210
55,191,247,74,177,226
55,191,255,70,173,239
55,199,0,66,157,7
55,199,7,60,150,8
55,199,15,57,147,9
55,199,23,58,148,10
55,199,31,59,148,11
55,199,39,60,149,12
55,199,47,62,150,13
55,199,55,64,152,15
55,199,63,67,154,21
55,199,71,70,156,29
55,199,79,72,159,36
55,199,87,75,161,44
55,199,95,77,163,49
55,199,103,79,165,55
55,199,111,81,167,62
55,199,119,83,168,68
55,199,127,84,170,74
55,199,135,86,171,80
55,199,143,87,173,86
55,199,151,87,175,92
55,199,159,88,177,98
55,199,167,88,178,105
55,199,175,88,180,112
55,199,183,87,181,120
55,199,191,87,182,129
55,199,199,86,183,139
55,199,207,85,183,149
55,199,215,83,184,160
55,199,223,81,184,173
55,199,231,80,185,187
55,199,239,78,186,203
55,199,247,76,186,220
55,199,255,72,182,236
55,207,0,65,162,7
55,207,7,60,155,8
55,207,15,57,153,9
55,207,23,58,153,10
55,207,31,58,153,11
55,207,39,59,153,12
55,207,47,61,154,13
55,207,55,63,155,15
55,207,63,66,157,20
55,207,71,68,159,27
55,207,79,71,162,34
55,207,87,74,164,41
55,207,95,76,166,47
55,207,103,78,168,53
55,207,111,80,170,59
55,207,119,82,171,65
55,207,127,83,173,71
55,207,135,85,175,77
55,207,143,86,177,83
55,207,151,87,179,88
55,207,159,87,180,94
55,207,167,88,182,101
55,207,175,88,184,108
55,207,183,87,185,116
55,207,191,87,186,124
55,207,199,86,188,133
55,207,207,85,189,143
55,207,215,84,191,154
55,207,223,83,192,167
55,207,231,81,193,180
55,207,239,80,195,197
55,207,247,78,195,214
55,207,255,75,192,233
55,215,0,64,169,8
55,215,7,59,162,8
55,215,15,57,159,9
55,215,23,57,159,10
55,215,31,58,158,11
55,215,39,59,158,12
55,215,47,60,158,13
55,215,55,63,159,15
55,215,63,65,161,19
55,215,71,67,163,25
55,215,79,70,165,32
55,215,87,72,167,39
55,215,95,75,169,44
55,215,103,77,171,50
55,215,111,79,173,56
55,215,119,80,175,62
55,215,127,82,177,67
55,215,135,84,179,73
55,215,143,85,181,79
55,215,151,86,182,85
55,215,159,86,184,91
55,215,167,87,186,97
55,215,175,87,188,104
55,215,183,87,189,111
55,215,191,87,191,119
55,215,199,86,193,128
55,215,207,86,195,138
55,215,215,85,197,148
55,215,223,84,199,161
55,215,231,82,201,175
55,215,239,81,204,190
55,215,247,79,205,209
55,215,255,77,201,229
55,223,0,63,176,7
55,223,7,60,169,8
55,223,15,58,166,9
55,223,23,57,166,10
55,223,31,58,165,11
55,223,39,59,165,12
55,223,47,60,165,13
55,223,55,62,165,15
55,223,63,64,166,18
55,223,71,67,168,23
55,223,79,69,170,30
55,223,87,72,172,36
55,223,95,74,174,42
55,223,103,76,176,48
55,223,111,77,178,53
55,223,119,79,180,59
55,223,127,81,181,64
55,223,135,82,184,70
55,223,143,83,185,76
55,223,151,85,187,82
55,223,159,85,188,87
55,223,167,86,190,94
55,223,175,86,192,100
55,223,183,86,194,107
55,223,191,86,196,115
55,223,199,86,198,124
55,223,207,85,201,133
55,223,215,84,203,144
55,223,223,84,206,156
55,223,231,83,209,170
55,223,239,82,213,185
55,223,247,81,214,203
55,223,255,79,211,226
55,231,0,64,183,7
55,231,7,60,177,8
55,231,15,58,174,9
55,231,23,58,173,10
55,231,31,58,173,11
55,231,39,59,172,12
55,231,47,61,172,13
55,231,55,62,172,15
55,231,63,64,173,18
55,231,71,67,175,22
55,231,79,69,176,28
55,231,87,71,178,34
55,231,95,73,180,40
55,231,103,75,182,46
55,231,111,76,184,51
55,231,119,78,186,56
55,231,127,79,187,62
55,231,135,81,189,67
55,231,143,82,191,73
55,231,151,83,193,79
55,231,159,84,194,84
55,231,167,84,196,91
55,231,175,85,198,97
55,231,183,85,200,104
55,231,191,85,202,111
55,231,199,85,204,120
55,231,207,84,207,129
55,231,215,84,210,139
55,231,223,83,213,151
55,231,231,83,217,164
55,231,239,82,221,180
55,231,247,81,223,199
55,231,255,80,221,223
55,239,0,64,191,6
55,239,7,61,186,7
55,239,15,60,183,8
55,239,23,59,182,10
55,239,31,59,181,11
55,239,39,60,180,13
55,239,47,61,179,14
55,239,55,63,179,15
55,239,63,65,179,18
55,239,71,67,181,21
55,239,79,69,182,26
55,239,87,71,183,32
55,239,95,72,185,38
55,239,103,74,187,44
55,239,111,75,189,49
55,239,119,77,191,54
55,239,127,78,193,59
55,239,135,79,195,64
55,239,143,80,196,70
55,239,151,81,198,76
55,239,159,82,199,81
55,239,167,83,201,87
55,239,175,83,203,94
55,239,183,83,205,100
55,239,191,83,207,108
55,239,199,83,210,116
55,239,207,83,213,125
55,239,215,83,216,135
55,239,223,83,220,147
55,239,231,82,225,160
55,239,239,82,229,175
55,239,247,82,232,195
55,239,255,81,231,220
55,247,0,65,199,4
55,247,7,63,197,6
55,247,15,62,195,8
55,247,23,62,195,10
55,247,31,62,194,12
55,247,39,62,193,14
55,247,47,63,192,15
55,247,55,65,191,17
55,247,63,66,191,19
55,247,71,68,192,23
55,247,79,69,192,27
55,247,87,71,193,32
55,247,95,72,195,37
55,247,103,74,196,42
55,247,111,75,198,47
55,247,119,76,200,52
55,247,127,76,201,57
55,247,135,77,202,62
55,247,143,78,204,67
55,247,151,79,205,73
55,247,159,79,207,78
55,247,167,80,208,84
55,247,175,80,210,90
55,247,183,80,212,97
55,247,191,80,215,104
55,247,199,80,218,113
55,247,207,80,221,122
55,247,215,80,224,132
55,247,223,81,228,144
55,247,231,81,233,157
55,247,239,81,237,173
55,247,247,81,240,193
55,247,255,82,241,217
55,255,0,67,209,3
55,255,7,67,210,5
55,255,15,66,212,8
55,255,23,67,213,10
55,255,31,67,213,13
55,255,39,67,214,16
55,255,47,68,214,19
55,255,55,69,214,22
55,255,63,70,214,25
55,255,71,71,214,29
55,255,79,72,214,32
55,255,87,73,213,36
55,255,95,73,214,40
55,255,103,74,214,44
55,255,111,74,215,48
55,255,119,74,215,52
55,255,127,74,216,56
55,255,135,74,217,61
55,255,143,74,218,66
55,255,151,74,219,71
55,255,159,74,220,76
55,255,167,74,221,82
55,255,175,74,222,87
55,255,183,74,224,94
55,255,191,75,226,102
55,255,199,75,228,110
55,255,207,75,231,120
55,255,215,76,234,131
55,255,223,77,237,144
55,255,231,77,240,158
55,255,239,79,244,175
55,255,247,80,247,193
55,255,255,82,251,215
63,0,0,58,4,3
63,0,7,58,4,10
63,0,15,57,4,19
63,0,23,56,4,28
63,0,31,55,5,37
63,0,39,54,5,47
63,0,47,53,5,57
63,0,55,52,6,67
63,0,63,51,7,77
63,0,71,50,7,86
63,0,79,49,8,96
63,0,87,47,9,106
63,0,95,46,10,116
63,0,103,45,10,125
63,0,111,44,11,134
63,0,119,43,12,142
63,0,127,42,12,150
63,0,135,41,13,158
63,0,143,41,14,166
63,0,151,40,14,174
63,0,159,39,15,182
63,0,167,38,16,190
63,0,175,37,17,198
63,0,183,37,17,205
63,0,191,36,18,212
63,0,199,35,19,219
63,0,207,35,20,225
63,0,215,34,20,231
63,0,223,34,20,236
63,0,231,33,21,241
63,0,239,32,21,244
63,0,247,31,21,247
63,0,255,30,21,249
63,7,0,59,11,3
63,7,7,58,11,10
63,7,15,58,12,18
63,7,23,57,13,27
63,7,31,57,14,36
63,7,39,56,15,45
63,7,47,56,15,54
63,7,55,55,16,63
63,7,63,54,17,73
63,7,71,53,18,82
63,7,79,52,18,92
63,7,87,51,19,102
63,7,95,49,20,112
63,7,103,48,21,122
63,7,111,47,22,132
63,7,119,46,23,145
63,7,127,45,24,160
63,7,135,44,25,177
63,7,143,43,26,192
63,7,151,41,26,205
63,7,159,40,27,212
63,7,167,39,27,217
63,7,175,38,27,220
63,7,183,37,28,223
63,7,191,37,28,227
63,7,199,36,29,230
63,7,207,36,29,234
63,7,215,36,29,237
63,7,223,35,29,241
63,7,231,34,29,244
63,7,239,34,29,247
63,7,247,33,29,250
63,7,255,32,28,251
63,15,0,59,18,4
63,15,7,58,18,10
63,15,15,58,20,17
63,15,23,57,20,26
63,15,31,57,21,34
63,15,39,57,22,43
63,15,47,57,22,51
63,15,55,58,23,61
63,15,63,57,24,70
63,15,71,56,25,79
63,15,79,55,26,88
63,15,87,53,27,98
63,15,95,52,28,108
63,15,103,50,28,117
63,15,111,49,29,127
63,15,119,48,30,141
63,15,127,47,32,158
63,15,135,46,33,180
63,15,143,45,34,200
63,15,151,44,34,216
63,15,159,42,35,225
63,15,167,41,35,228
63,15,175,40,35,229
63,15,183,39,35,230
63,15,191,38,36,233
63,15,199,38,36,235
63,15,207,38,37,237
63,15,215,37,37,240
63,15,223,37,37,244
63,15,231,36,37,247
63,15,239,35,37,249
63,15,247,35,36,251
63,15,255,34,35,253
63,23,0,60,26,3
63,23,7,58,25,9
63,23,15,57,25,16
63,23,23,58,27,24
63,23,31,58,27,33
63,23,39,58,28,41
63,23,47,58,28,49
63,23,55,58,28,58
63,23,63,58,29,67
63,23,71,57,30,76
63,23,79,56,30,85
63,23,87,55,31,95
63,23,95,54,32,104
63,23,103,52,33,112
63,23,111,51,34,121
63,23,119,50,35,134
63,23,127,50,36,150
63,23,135,49,38,171
63,23,143,48,39,193
63,23,151,47,39,212
63,23,159,45,40,223
63,23,167,44,40,228
63,23,175,42,40,230
63,23,183,41,41,231
63,23,191,41,41,234
63,23,199,40,42,236
63,23,207,40,42,238
63,23,215,39,43,241
63,23,223,38,43,245
63,23,231,38,43,248
63,23,239,37,43,250
63,23,247,36,42,252
63,23,255,36,41,254
63,31,0,59,34,3
63,31,7,58,32,7
63,31,15,57,32,14
63,31,23,58,32,22
63,31,31,58,33,31
63,31,39,58,33,39
63,31,47,59,34,48
63,31,55,59,34,56
63,31,63,58,34,64
63,31,71,58,35,73
63,31,79,58,36,82
63,31,87,57,37,91
63,31,95,56,38,100
63,31,103,55,38,109
63,31,111,53,39,119
63,31,119,53,41,130
63,31,127,52,42,144
63,31,135,51,43,161
63,31,143,50,44,183
63,31,151,49,45,205
63,31,159,48,46,221
63,31,167,47,46,230
63,31,175,45,46,232
63,31,183,44,46,233
63,31,191,43,47,236
63,31,199,42,47,238
63,31,207,41,48,240
63,31,215,40,48,243
63,31,223,40,48,246
63,31,231,39,48,249
63,31,239,38,48,251
63,31,247,37,48,253
63,31,255,38,47,255
63,39,0,60,41,3
63,39,7,58,39,6
63,39,15,57,38,12
63,39,23,58,38,20
63,39,31,59,39,28
63,39,39,59,39,37
63,39,47,59,39,46
63,39,55,59,40,54
63,39,63,59,40,62
63,39,71,59,41,70
63,39,79,59,41,78
63,39,87,59,42,87
63,39,95,58,43,96
63,39,103,57,44,105
63,39,111,56,45,114
63,39,119,55,46,125
63,39,127,54,47,139
63,39,135,54,48,153
63,39,143,53,49,173
63,39,151,52,50,196
63,39,159,51,51,216
63,39,167,49,51,230
63,39,175,48,51,235
63,39,183,46,52,236
63,39,191,44,52,237
63,39,199,42,52,239
63,39,207,41,53,240
63,39,215,41,53,242
63,39,223,40,53,246
63,39,231,39,53,249
63,39,239,38,53,252
63,39,247,38,53,254
63,39,255,39,52,255
63,47,0,62,48,3
63,47,7,58,46,5
63,47,15,57,45,10
63,47,23,58,44,17
63,47,31,59,44,26
63,47,39,59,45,34
63,47,47,59,45,42
63,47,55,59,46,50
63,47,63,60,47,58
63,47,71,60,47,67
63,47,79,60,47,76
63,47,87,59,48,83
63,47,95,59,49,92
63,47,103,59,50,101
63,47,111,58,50,109
63,47,119,57,51,120
63,47,127,57,53,132
63,47,135,56,53,145
63,47,143,56,54,163
63,47,151,55,55,185
63,47,159,54,56,206
63,47,167,52,56,225
63,47,175,50,56,236
63,47,183,48,56,238
63,47,191,46,57,239
63,47,199,44,57,240
63,47,207,43,57,241
63,47,215,42,58,242
63,47,223,42,58,247
63,47,231,41,58,249
63,47,239,40,58,252
63,47,247,40,58,254
63,47,255,40,57,255
63,55,0,64,56,3
63,55,7,59,53,4
63,55,15,57,52,8
63,55,23,58,51,14
63,55,31,59,51,22
63,55,39,59,51,31
63,55,47,60,52,39
63,55,55,60,53,47
63,55,63,61,54,56
63,55,71,61,54,64
63,55,79,61,54,73
63,55,87,61,55,81
63,55,95,61,55,88
63,55,103,60,56,96
63,55,111,60,56,105
63,55,119,60,57,115
63,55,127,59,58,126
63,55,135,59,59,137
63,55,143,58,60,153
63,55,151,58,61,173
63,55,159,57,62,194
63,55,167,55,62,216
63,55,175,53,62,231
63,55,183,50,62,237
63,55,191,48,62,239
63,55,199,46,62,240
63,55,207,45,62,241
63,55,215,45,62,242
63,55,223,44,63,247
63,55,231,43,63,249
63,55,239,42,63,252
63,55,247,41,63,255
63,55,255,42,62,255
63,63,0,65,63,2
63,63,7,60,60,3
63,63,15,57,59,5
63,63,23,58,59,11
63,63,31,59,58,19
63,63,39,60,58,27
63,63,47,61,59,36
63,63,55,62,60,45
63,63,63,61,61,53
63,63,71,63,61,61
63,63,79,63,62,69
63,63,87,62,62,78
63,63,95,62,62,86
63,63,103,62,63,93
63,63,111,61,63,101
63,63,119,62,64,110
63,63,127,62,65,121
63,63,135,61,65,131
63,63,143,61,66,145
63,63,151,60,67,162
63,63,159,60,68,182
63,63,167,58,68,204
63,63,175,56,68,223
63,63,183,54,68,235
63,63,191,52,67,239
63,63,199,50,67,241
63,63,207,49,68,242
63,63,215,49,68,243
63,63,223,48,68,246
63,63,231,47,68,249
63,63,239,45,68,252
63,63,247,44,67,255
63,63,255,43,67,255
63,71,0,66,70,1
63,71,7,60,67,2
63,71,15,58,66,3
63,71,23,59,66,8
63,71,31,60,66,16
63,71,39,61,66,24
63,71,47,62,66,33
63,71,55,63,66,43
63,71,63,64,68,51
63,71,71,63,69,59
63,71,79,63,69,67
63,71,87,64,70,74
63,71,95,64,69,83
63,71,103,63,70,90
63,71,111,63,70,97
63,71,119,63,71,106
63,71,127,64,71,116
63,71,135,64,72,125
63,71,143,63,73,137
63,71,151,63,73,152
63,71,159,62,74,170
63,71,167,61,74,192
63,71,175,60,74,213
63,71,183,58,74,229
63,71,191,56,73,237
63,71,199,54,73,241
63,71,207,54,73,243
63,71,215,53,73,244
63,71,223,52,73,246
63,71,231,50,73,249
63,71,239,49,73,252
63,71,247,47,72,254
63,71,255,44,71,255
63,79,0,67,77,1
63,79,7,61,74,2
63,79,15,59,73,3
63,79,23,60,73,6
63,79,31,60,73,12
63,79,39,61,73,20
63,79,47,63,73,31
63,79,55,64,74,41
63,79,63,65,74,50
63,79,71,65,75,57
63,79,79,65,77,64
63,79,87,65,77,72
63,79,95,65,77,80
63,79,103,65,77,87
63,79,111,65,77,95
63,79,119,65,78,102
63,79,127,65,78,111
63,79,135,65,78,119
63,79,143,66,79,130
63,79,151,65,80,143
63,79,159,65,80,159
63,79,167,64,81,180
63,79,175,63,81,201
63,79,183,61,80,219
63,79,191,60,80,232
63,79,199,59,79,239
63,79,207,58,79,242
63,79,215,57,79,243
63,79,223,55,79,245
63,79,231,54,79,248
63,79,239,52,78,251
63,79,247,49,77,254
63,79,255,45,76,255
63,87,0,69,83,2
63,87,7,62,80,3
63,87,15,60,79,4
63,87,23,61,79,5
63,87,31,62,79,10
63,87,39,62,79,18
63,87,47,64,80,28
63,87,55,65,81,39
63,87,63,66,81,48
63,87,71,67,82,55
63,87,79,67,83,63
63,87,87,67,83,70
63,87,95,67,84,78
63,87,103,67,84,85
63,87,111,67,84,92
63,87,119,67,85,100
63,87,127,67,85,107
63,87,135,67,85,115
63,87,143,67,85,125
63,87,151,68,86,136
63,87,159,67,86,150
63,87,167,67,87,168
63,87,175,66,87,188
63,87,183,64,87,209
63,87,191,63,86,224
63,87,199,62,86,235
63,87,207,61,85,240
63,87,215,60,85,242
63,87,223,59,84,244
63,87,231,57,84,247
63,87,239,55,83,250
63,87,247,52,82,253
63,87,255,47,81,255
63,95,0,70,89,2
63,95,7,63,86,3
63,95,15,60,85,4
63,95,23,62,85,5
63,95,31,63,85,9
63,95,39,64,86,17
63,95,47,65,86,27
63,95,55,66,87,37
63,95,63,68,88,46
63,95,71,68,88,54
63,95,79,69,89,61
63,95,87,69,90,69
63,95,95,69,90,76
63,95,103,69,91,84
63,95,111,69,91,91
63,95,119,69,91,98
63,95,127,69,92,106
63,95,135,69,92,113
63,95,143,69,92,122
63,95,151,69,92,132
63,95,159,69,92,144
63,95,167,69,93,157
63,95,175,68,93,176
63,95,183,67,93,197
63,95,191,66,92,215
63,95,199,65,92,229
63,95,207,63,91,237
63,95,215,62,91,241
63,95,223,61,90,243
63,95,231,59,89,246
63,95,239,57,89,249
63,95,247,54,88,253
63,95,255,48,86,255
63,103,0,71,95,2
63,103,7,64,92,3
63,103,15,61,90,4
63,103,23,63,91,5
63,103,31,64,91,8
63,103,39,65,92,15
63,103,47,67,93,25
63,103,55,68,93,36
63,103,63,69,94,44
63,103,71,70,95,51
63,103,79,71,96,60
63,103,87,72,97,67
63,103,95,71,97,75
63,103,103,71,98,82
63,103,111,71,98,89
63,103,119,71,98,96
63,103,127,71,98,103
63,103,135,71,98,112
63,103,143,71,98,119
63,103,151,71,98,128
63,103,159,71,99,138
63,103,167,71,99,148
63,103,175,70,99,164
63,103,183,69,98,184
63,103,191,68,98,205
63,103,199,67,98,223
63,103,207,66,97,234
63,103,215,65,96,240
63,103,223,63,96,243
63,103,231,61,95,246
63,103,239,59,94,249
63,103,247,56,93,252
63,103,255,49,91,255
63,111,0,72,101,2
63,111,7,65,97,2
63,111,15,62,96,3
63,111,23,64,96,4
63,111,31,64,97,7
63,111,39,66,98,14
63,111,47,69,99,24
63,111,55,71,100,34
63,111,63,72,100,42
63,111,71,72,101,50
63,111,79,73,102,58
63,111,87,74,103,66
63,111,95,74,104,74
63,111,103,75,105,81
63,111,111,74,105,88
63,111,119,74,105,95
63,111,127,73,105,102
63,111,135,73,105,109
63,111,143,73,105,118
63,111,151,73,105,125
63,111,159,73,105,135
63,111,167,72,105,143
63,111,175,72,105,156
63,111,183,71,104,174
63,111,191,70,104,193
63,111,199,69,104,213
63,111,207,68,103,228
63,111,215,67,102,237
63,111,223,65,102,241
63,111,231,63,101,244
63,111,239,61,100,247
63,111,247,58,99,250
63,111,255,51,97,254
63,119,0,73,106,2
63,119,7,65,103,3
63,119,15,63,101,4
63,119,23,64,102,5
63,119,31,65,102,6
63,119,39,67,103,13
63,119,47,70,105,22
63,119,55,72,106,33
63,119,63,73,107,41
63,119,71,75,108,49
63,119,79,75,109,56
63,119,87,76,110,64
63,119,95,77,111,72
63,119,103,77,112,79
63,119,111,77,112,87
63,119,119,76,112,93
63,119,127,76,112,100
63,119,135,76,112,108
63,119,143,75,112,115
63,119,151,76,112,124
63,119,159,75,112,132
63,119,167,75,111,140
63,119,175,74,111,151
63,119,183,74,111,165
63,119,191,72,110,183
63,119,199,71,110,202
63,119,207,70,109,219
63,119,215,69,109,231
63,119,223,67,108,237
63,119,231,65,107,242
63,119,239,63,106,246
63,119,247,59,105,249
63,119,255,52,104,253
63,127,0,74,112,2
63,127,7,65,108,3
63,127,15,63,107,4
63,127,23,64,107,5
63,127,31,65,108,6
63,127,39,67,109,12
63,127,47,70,111,21
63,127,55,73,112,31
63,127,63,74,114,40
63,127,71,76,115,47
63,127,79,77,116,55
63,127,87,78,117,62
63,127,95,79,118,70
63,127,103,79,119,77
63,127,111,80,119,85
63,127,119,80,119,92
63,127,127,79,120,99
63,127,135,78,120,106
63,127,143,78,119,113
63,127,151,78,119,121
63,127,159,78,119,130
63,127,167,77,118,139
63,127,175,76,118,149
63,127,183,75,118,161
63,127,191,75,117,175
63,127,199,74,117,191
63,127,207,72,116,208
63,127,215,71,115,223
63,127,223,69,114,232
63,127,231,67,113,239
63,127,239,65,113,243
63,127,247,61,112,247
63,127,255,54,110,252
63,135,0,75,117,3
63,135,7,66,113,4
63,135,15,63,112,5
63,135,23,64,113,6
63,135,31,65,114,7
63,135,39,68,115,10
63,135,47,71,117,19
63,135,55,73,119,28
63,135,63,75,120,38
63,135,71,77,122,46
63,135,79,79,123,53
63,135,87,80,124,60
63,135,95,80,125,68
63,135,103,81,126,75
63,135,111,82,126,82
63,135,119,82,127,89
63,135,127,82,127,97
63,135,135,81,127,104
63,135,143,81,127,111
63,135,151,80,127,119
63,135,159,79,126,128
63,135,167,80,126,136
63,135,175,79,125,146
63,135,183,78,125,157
63,135,191,77,124,169
63,135,199,76,124,183
63,135,207,74,123,199
63,135,215,73,122,214
63,135,223,71,121,226
63,135,231,69,120,235
63,135,239,67,119,241
63,135,247,63,118,246
63,135,255,56,117,252
63,143,0,75,121,3
63,143,7,66,117,4
63,143,15,63,117,5
63,143,23,64,118,6
63,143,31,66,119,7
63,143,39,68,121,9
63,143,47,71,123,16
63,143,55,74,126,26
63,143,63,76,127,35
63,143,71,78,129,44
63,143,79,80,131,51
63,143,87,81,132,58
63,143,95,83,133,66
63,143,103,84,134,73
63,143,111,83,134,80
63,143,119,84,135,87
63,143,127,84,135,94
63,143,135,84,135,102
63,143,143,84,135,109
63,143,151,82,135,117
63,143,159,82,134,125
63,143,167,81,134,133
63,143,175,81,133,143
63,143,183,80,132,153
63,143,191,79,131,164
63,143,199,78,131,176
63,143,207,77,130,191
63,143,215,75,129,206
63,143,223,73,128,220
63,143,231,71,127,231
63,143,239,69,126,239
63,143,247,65,125,246
63,143,255,58,124,251
63,151,0,76,126,4
63,151,7,66,122,5
63,151,15,62,121,6
63,151,23,64,123,7
63,151,31,65,124,8
63,151,39,68,127,9
63,151,47,71,129,15
63,151,55,74,132,24
63,151,63,76,134,33
63,151,71,78,136,41
63,151,79,80,138,49
63,151,87,82,140,56
63,151,95,84,140,64
63,151,103,85,141,71
63,151,111,86,142,78
63,151,119,85,142,85
63,151,127,86,142,92
63,151,135,86,143,99
63,151,143,86,143,106
63,151,151,85,143,114
63,151,159,85,142,122
63,151,167,84,142,130
63,151,175,83,141,140
63,151,183,82,140,150
63,151,191,81,139,160
63,151,199,80,138,171
63,151,207,78,137,185
63,151,215,77,136,199
63,151,223,76,135,214
63,151,231,73,134,226
63,151,239,71,134,237
63,151,247,67,133,245
63,151,255,61,131,251
63,159,0,75,131,4
63,159,7,66,127,5
63,159,15,62,126,6
63,159,23,64,128,7
63,159,31,65,129,8
63,159,39,67,131,9
63,159,47,70,134,14
63,159,55,73,137,22
63,159,63,76,140,31
63,159,71,78,142,40
63,159,79,81,144,47
63,159,87,82,146,54
63,159,95,84,147,61
63,159,103,85,147,69
63,159,111,86,148,76
63,159,119,87,149,83
63,159,127,88,149,89
63,159,135,87,150,96
63,159,143,87,150,103
63,159,151,87,150,111
63,159,159,87,150,118
63,159,167,86,150,127
63,159,175,85,149,136
63,159,183,84,148,145
63,159,191,83,147,156
63,159,199,82,146,166
63,159,207,80,145,179
63,159,215,80,144,193
63,159,223,78,143,208
63,159,231,75,142,221
63,159,239,73,141,233
63,159,247,70,141,243
63,159,255,63,139,249
63,167,0,75,135,5
63,167,7,65,131,6
63,167,15,62,131,7
63,167,23,64,132,8
63,167,31,65,134,9
63,167,39,67,136,10
63,167,47,70,139,12
63,167,55,73,142,20
63,167,63,75,144,29
63,167,71,78,147,38
63,167,79,80,149,45
63,167,87,82,151,53
63,167,95,84,152,59
63,167,103,86,153,66
63,167,111,87,153,73
63,167,119,88,154,80
63,167,127,88,155,87
63,167,135,89,156,93
63,167,143,88,156,100
63,167,151,89,157,107
63,167,159,88,157,115
63,167,167,88,157,123
63,167,175,87,156,132
63,167,183,86,155,141
63,167,191,85,154,151
63,167,199,84,153,161
63,167,207,82,152,173
63,167,215,81,152,186
63,167,223,80,151,201
63,167,231,77,150,216
63,167,239,75,150,229
63,167,247,72,149,241
63,167,255,66,147,248
63,175,0,74,140,6
63,175,7,65,136,7
63,175,15,62,135,8
63,175,23,63,136,9
63,175,31,64,137,10
63,175,39,66,139,11
63,175,47,69,142,12
63,175,55,72,145,18
63,175,63,75,147,27
63,175,71,77,150,36
63,175,79,80,152,44
63,175,87,82,154,51
63,175,95,84,155,57
63,175,103,86,156,64
63,175,111,87,157,71
63,175,119,88,158,78
63,175,127,89,159,84
63,175,135,90,160,90
63,175,143,90,161,97
63,175,151,90,162,104
63,175,159,90,163,111
63,175,167,90,163,119
63,175,175,89,163,128
63,175,183,88,163,137
63,175,191,87,162,146
63,175,199,85,161,156
63,175,207,84,160,167
63,175,215,82,160,180
63,175,223,81,159,194
63,175,231,79,158,209
63,175,239,77,158,225
63,175,247,74,158,238
63,175,255,69,155,246
63,183,0,72,145,6
63,183,7,65,140,7
63,183,15,62,139,8
63,183,23,63,140,9
63,183,31,64,141,10
63,183,39,65,142,11
63,183,47,68,144,12
63,183,55,71,147,17
63,183,63,73,149,25
63,183,71,76,151,34
63,183,79,79,154,42
63,183,87,81,156,49
63,183,95,83,158,55
63,183,103,85,159,62
63,183,111,87,160,68
63,183,119,88,162,75
63,183,127,89,163,81
63,183,135,90,164,88
63,183,143,91,166,94
63,183,151,91,167,100
63,183,159,91,168,107
63,183,167,91,169,115
63,183,175,90,170,123
63,183,183,90,170,132
63,183,191,88,169,141
63,183,199,87,169,151
63,183,207,86,168,161
63,183,215,84,168,174
63,183,223,83,168,187
63,183,231,81,167,203
63,183,239,79,167,219
63,183,247,77,167,234
63,183,255,72,164,243
63,191,0,71,151,7
63,191,7,64,145,8
63,191,15,62,143,9
63,191,23,62,144,10
63,191,31,63,144,11
63,191,39,64,145,12
63,191,47,67,147,13
63,191,55,70,149,16
63,191,63,72,151,24
63,191,71,75,153,32
63,191,79,78,156,40
63,191,87,80,158,47
63,191,95,82,160,53
63,191,103,84,162,59
63,191,111,86,163,66
63,191,119,88,165,72
63,191,127,89,166,79
63,191,135,90,168,85
63,191,143,91,170,91
63,191,151,91,171,97
63,191,159,92,173,104
63,191,167,92,174,111
63,191,175,92,175,119
63,191,183,91,176,127
63,191,191,90,176,136
63,191,199,89,176,146
63,191,207,87,176,156
63,191,215,86,176,168
63,191,223,84,176,181
63,191,231,82,176,195
63,191,239,81,177,212
63,191,247,79,177,229
63,191,255,75,173,240
63,199,0,70,156,7
63,199,7,64,150,8
63,199,15,62,147,9
63,199,23,62,148,10
63,199,31,62,148,11
63,199,39,64,149,12
63,199,47,66,150,13
63,199,55,68,152,16
63,199,63,71,154,22
63,199,71,74,156,30
63,199,79,76,158,38
63,199,87,79,161,45
63,199,95,81,163,51
63,199,103,83,165,57
63,199,111,85,166,63
63,199,119,87,168,70
63,199,127,89,170,76
63,199,135,90,172,82
63,199,143,91,174,88
63,199,151,92,175,94
63,199,159,92,177,100
63,199,167,92,178,107
63,199,175,92,180,115
63,199,183,92,181,122
63,199,191,91,182,131
63,199,199,90,183,141
63,199,207,89,184,151
63,199,215,87,184,162
63,199,223,86,184,175
63,199,231,84,185,189
63,199,239,83,187,205
63,199,247,81,186,222
63,199,255,77,182,237
63,207,0,69,162,8
63,207,7,64,156,9
63,207,15,61,153,10
63,207,23,62,153,11
63,207,31,62,153,12
63,207,39,63,153,13
63,207,47,65,154,14
63,207,55,67,155,16
63,207,63,70,157,21
63,207,71,72,159,28
63,207,79,75,161,35
63,207,87,78,163,42
63,207,95,80,165,48
63,207,103,82,167,55
63,207,111,84,169,61
63,207,119,86,171,67
63,207,127,88,173,73
63,207,135,89,175,79
63,207,143,90,177,85
63,207,151,91,179,91
63,207,159,92,180,97
63,207,167,92,182,103
63,207,175,92,184,110
63,207,183,92,185,118
63,207,191,91,187,126
63,207,199,91,188,135
63,207,207,90,190,145
63,207,215,88,191,156
63,207,223,87,192,168
63,207,231,85,194,182
63,207,239,84,196,198
63,207,247,83,196,216
63,207,255,80,192,234
63,215,0,68,169,8
63,215,7,63,162,9
63,215,15,61,159,10
63,215,23,61,159,11
63,215,31,62,158,12
63,215,39,63,158,13
63,215,47,64,159,14
63,215,55,67,159,15
63,215,63,69,160,20
63,215,71,71,162,26
63,215,79,74,164,33
63,215,87,76,167,40
63,215,95,79,168,46
63,215,103,81,171,52
63,215,111,83,173,58
63,215,119,85,175,63
63,215,127,86,176,69
63,215,135,88,178,75
63,215,143,89,180,81
63,215,151,90,182,87
63,215,159,91,184,93
63,215,167,91,186,99
63,215,175,91,187,106
63,215,183,91,189,113
63,215,191,91,191,121
63,215,199,91,193,130
63,215,207,90,195,140
63,215,215,89,197,150
63,215,223,88,199,162
63,215,231,87,202,176
63,215,239,86,205,192
63,215,247,84,206,210
63,215,255,82,201,231
63,223,0,68,176,8
63,223,7,64,170,9
63,223,15,62,167,10
63,223,23,62,166,11
63,223,31,62,165,12
63,223,39,63,165,13
63,223,47,64,165,14
63,223,55,66,165,15
63,223,63,68,165,19
63,223,71,71,167,24
63,223,79,73,169,31
63,223,87,75,171,38
63,223,95,78,173,43
63,223,103,80,175,49
63,223,111,81,177,55
63,223,119,83,179,60
63,223,127,85,181,66
63,223,135,86,183,72
63,223,143,88,185,78
63,223,151,89,187,84
63,223,159,90,188,90
63,223,167,90,190,96
63,223,175,90,192,102
63,223,183,91,194,109
63,223,191,90,196,117
63,223,199,90,198,126
63,223,207,90,201,135
63,223,215,89,204,145
63,223,223,88,206,157
63,223,231,88,210,171
63,223,239,87,213,186
63,223,247,85,215,205
63,223,255,84,211,228
63,231,0,68,183,8
63,231,7,64,178,8
63,231,15,62,175,9
63,231,23,62,174,11
63,231,31,63,173,12
63,231,39,63,172,13
63,231,47,65,172,14
63,231,55,66,172,16
63,231,63,68,172,19
63,231,71,71,174,23
63,231,79,73,175,29
63,231,87,75,177,35
63,231,95,77,179,42
63,231,103,79,181,47
63,231,111,80,183,53
63,231,119,82,185,58
63,231,127,83,187,63
63,231,135,85,189,69
63,231,143,86,190,75
63,231,151,87,192,81
63,231,159,88,193,87
63,231,167,89,195,93
63,231,175,89,197,99
63,231,183,89,199,106
63,231,191,89,202,113
63,231,199,89,204,122
63,231,207,89,207,131
63,231,215,89,210,141
63,231,223,88,213,153
63,231,231,88,218,166
63,231,239,87,222,181
63,231,247,86,224,200
63,231,255,86,221,224
63,239,0,68,191,7
63,239,7,65,187,8
63,239,15,63,184,9
63,239,23,63,183,11
63,239,31,64,182,12
63,239,39,64,180,13
63,239,47,65,179,14
63,239,55,67,179,16
63,239,63,69,179,18
63,239,71,70,179,22
63,239,79,73,181,27
63,239,87,75,182,33
63,239,95,76,184,39
63,239,103,78,186,45
63,239,111,79,188,51
63,239,119,81,190,56
63,239,127,82,192,61
63,239,135,83,194,66
63,239,143,85,195,72
63,239,151,86,197,78
63,239,159,86,198,84
63,239,167,87,200,90
63,239,175,88,202,96
63,239,183,88,205,102
63,239,191,88,207,110
63,239,199,88,210,118
63,239,207,88,213,127
63,239,215,88,217,137
63,239,223,87,221,148
63,239,231,87,226,161
63,239,239,87,231,176
63,239,247,87,233,196
63,239,255,87,231,221
63,247,0,69,200,5
63,247,7,67,197,7
63,247,15,66,196,9
63,247,23,66,195,11
63,247,31,66,194,13
63,247,39,66,193,14
63,247,47,67,192,16
63,247,55,69,191,18
63,247,63,70,190,20
63,247,71,72,190,23
63,247,79,73,191,28
63,247,87,75,192,33
63,247,95,76,193,39
63,247,103,78,195,44
63,247,111,79,197,49
63,247,119,80,199,54
63,247,127,81,200,59
63,247,135,82,202,64
63,247,143,82,203,70
63,247,151,83,204,75
63,247,159,84,206,81
63,247,167,85,208,87
63,247,175,85,210,93
63,247,183,85,212,99
63,247,191,85,215,107
63,247,199,85,218,115
63,247,207,85,221,124
63,247,215,86,225,134
63,247,223,86,229,146
63,247,231,86,234,159
63,247,239,86,238,175
63,247,247,87,241,194
63,247,255,88,242,219
63,255,0,70,209,3
63,255,7,70,211,6
63,255,15,70,212,8
63,255,23,70,213,11
63,255,31,71,214,14
63,255,39,71,214,17
63,255,47,72,214,20
63,255,55,73,214,23
63,255,63,74,214,27
63,255,71,75,214,30
63,255,79,76,214,34
63,255,87,77,214,38
63,255,95,78,214,42
63,255,103,78,214,46
63,255,111,79,215,50
63,255,119,79,216,54
63,255,127,79,217,59
63,255,135,79,217,63
63,255,143,79,218,68
63,255,151,79,219,73
63,255,159,79,220,79
63,255,167,79,221,84
63,255,175,79,223,90
63,255,183,80,225,97
63,255,191,80,227,104
63,255,199,80,229,113
63,255,207,81,232,123
63,255,215,82,235,134
63,255,223,82,238,146
63,255,231,83,241,161
63,255,239,85,245,177
63,255,247,86,248,196
63,255,255,88,252,217
71,0,0,65,4,3
71,0,7,64,4,10
71,0,15,63,4,19
71,0,23,63,5,28
71,0,31,62,5,37
71,0,39,61,5,46
71,0,47,59,6,56
71,0,55,58,6,66
71,0,63,57,7,76
71,0,71,56,8,86
71,0,79,55,8,96
71,0,87,54,9,105
71,0,95,52,10,115
71,0,103,51,10,124
71,0,111,50,11,133
71,0,119,49,12,141
71,0,127,48,12,149
71,0,135,47,13,157
71,0,143,46,14,165
71,0,151,45,14,173
71,0,159,44,15,181
71,0,167,43,16,189
71,0,175,42,17,197
71,0,183,41,18,205
71,0,191,40,18,212
71,0,199,40,19,219
71,0,207,39,20,225
71,0,215,38,20,231
71,0,223,37,21,237
71,0,231,36,21,241
71,0,239,36,21,245
71,0,247,35,21,248
71,0,255,34,21,250
71,7,0,65,11,3
71,7,7,65,11,10
71,7,15,64,12,19
71,7,23,64,12,27
71,7,31,64,14,36
71,7,39,63,14,45
71,7,47,63,15,54
71,7,55,62,16,63
71,7,63,61,17,73
71,7,71,60,18,82
71,7,79,59,19,91
71,7,87,58,20,101
71,7,95,56,21,111
71,7,103,55,22,120
71,7,111,53,22,131
71,7,119,52,23,143
71,7,127,51,24,157
71,7,135,50,25,173
71,7,143,49,26,189
71,7,151,47,26,202
71,7,159,46,27,211
71,7,167,44,27,216
71,7,175,43,27,219
71,7,183,42,28,223
71,7,191,41,28,226
71,7,199,41,29,230
71,7,207,40,29,233
71,7,215,40,29,237
71,7,223,39,29,241
71,7,231,38,29,245
71,7,239,37,29,248
71,7,247,36,29,250
71,7,255,36,28,252
71,15,0,65,18,3
71,15,7,65,18,10
71,15,15,65,19,18
71,15,23,65,19,26
71,15,31,65,21,35
71,15,39,65,22,43
71,15,47,65,22,52
71,15,55,65,23,61
71,15,63,64,25,70
71,15,71,63,25,79
71,15,79,62,26,88
71,15,87,61,27,97
71,15,95,59,28,107
71,15,103,57,29,116
71,15,111,56,29,126
71,15,119,55,30,139
71,15,127,54,32,155
71,15,135,53,33,176
71,15,143,51,34,196
71,15,151,50,34,213
71,15,159,48,34,223
71,15,167,46,35,228
71,15,175,45,35,229
71,15,183,44,35,230
71,15,191,43,36,233
71,15,199,43,36,235
71,15,207,42,36,237
71,15,215,42,37,240
71,15,223,41,37,244
71,15,231,40,37,247
71,15,239,39,37,249
71,15,247,38,36,252
71,15,255,38,35,253
71,23,0,66,26,3
71,23,7,65,25,9
71,23,15,65,25,16
71,23,23,64,25,25
71,23,31,65,27,33
71,23,39,65,28,41
71,23,47,65,27,50
71,23,55,65,28,59
71,23,63,65,29,67
71,23,71,65,30,76
71,23,79,63,31,85
71,23,87,62,31,94
71,23,95,61,32,104
71,23,103,59,33,112
71,23,111,58,34,121
71,23,119,57,35,132
71,23,127,56,36,148
71,23,135,55,37,167
71,23,143,54,38,189
71,23,151,52,39,208
71,23,159,51,39,221
71,23,167,49,40,228
71,23,175,48,40,230
71,23,183,47,40,231
71,23,191,46,41,233
71,23,199,45,41,235
71,23,207,44,42,238
71,23,215,43,42,241
71,23,223,42,43,245
71,23,231,41,43,248
71,23,239,40,43,251
71,23,247,40,42,253
71,23,255,39,41,254
71,31,0,66,33,3
71,31,7,65,32,8
71,31,15,64,31,14
71,31,23,64,31,22
71,31,31,65,32,32
71,31,39,65,33,40
71,31,47,65,34,49
71,31,55,65,34,56
71,31,63,65,34,65
71,31,71,65,35,74
71,31,79,65,36,82
71,31,87,64,37,91
71,31,95,63,37,100
71,31,103,61,38,109
71,31,111,60,39,119
71,31,119,59,40,129
71,31,127,58,42,143
71,31,135,57,43,158
71,31,143,56,44,179
71,31,151,55,44,201
71,31,159,54,45,219
71,31,167,52,45,229
71,31,175,51,46,232
71,31,183,49,46,233
71,31,191,48,47,235
71,31,199,47,47,237
71,31,207,46,47,240
71,31,215,45,48,242
71,31,223,44,48,246
71,31,231,43,48,249
71,31,239,42,48,251
71,31,247,41,48,254
71,31,255,41,47,255
71,39,0,67,41,3
71,39,7,65,38,7
71,39,15,64,37,13
71,39,23,65,37,21
71,39,31,65,38,30
71,39,39,65,39,38
71,39,47,66,39,47
71,39,55,66,40,55
71,39,63,66,40,63
71,39,71,66,40,71
71,39,79,65,41,79
71,39,87,65,42,87
71,39,95,64,43,96
71,39,103,63,43,105
71,39,111,62,44,114
71,39,119,61,46,125
71,39,127,61,47,137
71,39,135,60,48,151
71,39,143,59,49,170
71,39,151,58,50,193
71,39,159,57,50,213
71,39,167,55,51,228
71,39,175,53,51,234
71,39,183,51,51,236
71,39,191,49,52,237
71,39,199,48,52,238
71,39,207,46,52,239
71,39,215,46,53,242
71,39,223,45,53,246
71,39,231,43,53,249
71,39,239,42,53,252
71,39,247,42,53,254
71,39,255,43,52,255
71,47,0,68,48,3
71,47,7,65,45,6
71,47,15,64,44,11
71,47,23,65,44,18
71,47,31,65,44,27
71,47,39,66,45,35
71,47,47,66,45,44
71,47,55,67,46,52
71,47,63,67,46,60
71,47,71,67,46,69
71,47,79,67,47,77
71,47,87,66,48,84
71,47,95,65,49,92
71,47,103,65,49,101
71,47,111,64,50,110
71,47,119,64,51,120
71,47,127,63,52,132
71,47,135,62,53,143
71,47,143,62,54,161
71,47,151,61,55,182
71,47,159,59,56,204
71,47,167,58,56,223
71,47,175,56,56,235
71,47,183,53,56,238
71,47,191,51,56,239
71,47,199,49,56,240
71,47,207,48,57,241
71,47,215,47,57,242
71,47,223,46,58,247
71,47,231,45,58,249
71,47,239,44,58,252
71,47,247,43,58,255
71,47,255,44,57,255
71,55,0,69,55,3
71,55,7,65,52,4
71,55,15,63,51,7
71,55,23,64,51,15
71,55,31,65,51,24
71,55,39,66,51,33
71,55,47,66,52,40
71,55,55,67,52,49
71,55,63,67,53,57
71,55,71,68,54,65
71,55,79,68,54,74
71,55,87,68,54,82
71,55,95,67,55,89
71,55,103,66,55,97
71,55,111,66,56,105
71,55,119,66,57,115
71,55,127,65,58,126
71,55,135,65,59,137
71,55,143,64,60,152
71,55,151,64,61,171
71,55,159,62,61,193
71,55,167,61,62,215
71,55,175,59,62,231
71,55,183,56,61,237
71,55,191,54,61,239
71,55,199,52,61,240
71,55,207,51,62,241
71,55,215,50,62,242
71,55,223,49,62,247
71,55,231,47,62,249
71,55,239,46,62,252
71,55,247,45,62,255
71,55,255,45,62,255
71,63,0,70,62,2
71,63,7,65,59,3
71,63,15,64,58,5
71,63,23,64,58,12
71,63,31,65,58,20
71,63,39,66,58,29
71,63,47,67,58,38
71,63,55,68,60,46
71,63,63,68,61,55
71,63,71,69,61,63
71,63,79,69,62,70
71,63,87,68,62,79
71,63,95,69,62,87
71,63,103,68,62,94
71,63,111,68,63,102
71,63,119,68,64,111
71,63,127,68,64,121
71,63,135,67,65,132
71,63,143,67,66,145
71,63,151,66,67,161
71,63,159,65,68,181
71,63,167,64,68,203
71,63,175,62,68,223
71,63,183,59,67,235
71,63,191,57,67,240
71,63,199,55,67,241
71,63,207,54,67,242
71,63,215,54,68,243
71,63,223,52,68,247
71,63,231,51,68,249
71,63,239,49,67,252
71,63,247,48,67,255
71,63,255,46,66,255
71,71,0,71,69,1
71,71,7,66,66,2
71,71,15,64,65,3
71,71,23,65,65,8
71,71,31,66,65,17
71,71,39,67,65,26
71,71,47,68,66,36
71,71,55,69,66,45
71,71,63,70,68,53
71,71,71,70,69,60
71,71,79,71,70,68
71,71,87,70,70,76
71,71,95,70,69,84
71,71,103,69,70,92
71,71,111,70,70,98
71,71,119,69,70,107
71,71,127,70,71,116
71,71,135,69,72,126
71,71,143,69,72,137
71,71,151,69,73,152
71,71,159,68,74,170
71,71,167,67,74,192
71,71,175,65,74,213
71,71,183,63,74,229
71,71,191,61,73,238
71,71,199,59,73,242
71,71,207,58,73,244
71,71,215,57,73,245
71,71,223,56,73,247
71,71,231,55,73,249
71,71,239,53,73,252
71,71,247,51,72,255
71,71,255,48,71,255
71,79,0,73,76,1
71,79,7,66,73,2
71,79,15,65,71,3
71,79,23,66,72,6
71,79,31,66,72,13
71,79,39,68,72,23
71,79,47,69,73,33
71,79,55,70,73,43
71,79,63,71,74,51
71,79,71,72,76,58
71,79,79,71,77,66
71,79,87,71,77,74
71,79,95,72,78,81
71,79,103,71,77,89
71,79,111,71,77,96
71,79,119,71,77,103
71,79,127,71,78,112
71,79,135,70,78,120
71,79,143,71,79,130
71,79,151,71,79,143
71,79,159,70,80,159
71,79,167,69,80,180
71,79,175,68,80,201
71,79,183,66,80,220
71,79,191,65,80,233
71,79,199,63,79,241
71,79,207,62,79,243
71,79,215,61,79,245
71,79,223,60,78,246
71,79,231,58,78,249
71,79,239,56,78,251
71,79,247,53,77,254
71,79,255,49,76,255
71,87,0,74,82,1
71,87,7,67,79,2
71,87,15,65,78,3
71,87,23,67,78,5
71,87,31,68,78,11
71,87,39,68,79,20
71,87,47,70,80,30
71,87,55,71,80,41
71,87,63,72,81,49
71,87,71,73,82,57
71,87,79,73,83,65
71,87,87,73,84,72
71,87,95,73,85,79
71,87,103,73,84,87
71,87,111,73,84,94
71,87,119,73,85,101
71,87,127,73,85,108
71,87,135,73,85,116
71,87,143,72,85,125
71,87,151,73,86,137
71,87,159,72,86,151
71,87,167,72,87,168
71,87,175,71,87,189
71,87,183,69,86,209
71,87,191,68,86,226
71,87,199,67,85,237
71,87,207,65,85,242
71,87,215,64,84,244
71,87,223,63,84,245
71,87,231,61,84,248
71,87,239,59,83,251
71,87,247,56,82,254
71,87,255,50,80,255
71,95,0,75,89,2
71,95,7,68,85,3
71,95,15,66,84,4
71,95,23,67,84,5
71,95,31,68,84,10
71,95,39,70,85,18
71,95,47,71,86,29
71,95,55,72,87,39
71,95,63,73,88,48
71,95,71,74,89,55
71,95,79,75,89,63
71,95,87,75,90,70
71,95,95,75,91,78
71,95,103,75,91,85
71,95,111,75,91,92
71,95,119,75,91,99
71,95,127,75,92,107
71,95,135,75,92,114
71,95,143,74,92,123
71,95,151,74,92,132
71,95,159,75,92,144
71,95,167,74,93,157
71,95,175,73,93,176
71,95,183,72,93,197
71,95,191,70,92,217
71,95,199,69,92,231
71,95,207,68,91,239
71,95,215,67,90,242
71,95,223,65,90,244
71,95,231,63,89,247
71,95,239,61,88,250
71,95,247,58,87,253
71,95,255,52,85,255
71,103,0,76,95,1
71,103,7,69,91,2
71,103,15,67,89,3
71,103,23,68,90,4
71,103,31,69,90,9
71,103,39,71,91,17
71,103,47,73,92,27
71,103,55,74,93,38
71,103,63,75,94,46
71,103,71,76,95,54
71,103,79,77,96,61
71,103,87,77,97,69
71,103,95,78,97,76
71,103,103,77,98,84
71,103,111,77,98,90
71,103,119,77,98,97
71,103,127,76,98,105
71,103,135,77,98,113
71,103,143,77,99,120
71,103,151,76,99,129
71,103,159,76,99,139
71,103,167,76,99,149
71,103,175,75,99,165
71,103,183,74,99,185
71,103,191,73,98,206
71,103,199,71,98,224
71,103,207,70,97,236
71,103,215,69,96,242
71,103,223,67,96,244
71,103,231,65,95,247
71,103,239,63,94,249
71,103,247,60,93,252
71,103,255,53,91,255
71,111,0,77,100,2
71,111,7,69,96,2
71,111,15,67,95,3
71,111,23,69,96,4
71,111,31,70,96,8
71,111,39,72,97,16
71,111,47,74,98,26
71,111,55,76,100,36
71,111,63,76,100,44
71,111,71,77,101,52
71,111,79,78,102,59
71,111,87,79,103,68
71,111,95,80,104,75
71,111,103,80,105,83
71,111,111,79,105,89
71,111,119,79,105,96
71,111,127,79,105,103
71,111,135,78,105,111
71,111,143,79,105,119
71,111,151,79,105,126
71,111,159,78,105,136
71,111,167,77,105,144
71,111,175,77,105,157
71,111,183,76,105,174
71,111,191,75,104,194
71,111,199,74,104,215
71,111,207,72,103,230
71,111,215,71,102,239
71,111,223,69,101,243
71,111,231,67,101,246
71,111,239,65,100,248
71,111,247,62,99,251
71,111,255,55,97,254
71,119,0,78,106,2
71,119,7,70,102,3
71,119,15,68,101,4
71,119,23,69,101,5
71,119,31,71,102,7
71,119,39,73,103,15
71,119,47,75,104,25
71,119,55,77,106,35
71,119,63,79,107,43
71,119,71,79,108,51
71,119,79,80,109,58
71,119,87,81,110,66
71,119,95,82,111,74
71,119,103,82,112,81
71,119,111,82,112,88
71,119,119,81,112,95
71,119,127,81,112,102
71,119,135,81,112,110
71,119,143,80,112,117
71,119,151,81,112,125
71,119,159,80,112,133
71,119,167,80,111,141
71,119,175,79,111,151
71,119,183,79,111,166
71,119,191,77,110,184
71,119,199,76,110,204
71,119,207,75,109,221
71,119,215,73,108,233
71,119,223,71,107,239
71,119,231,69,107,244
71,119,239,67,106,247
71,119,247,64,105,249
71,119,255,56,103,253
71,127,0,79,111,2
71,127,7,70,107,3
71,127,15,68,106,4
71,127,23,69,107,5
71,127,31,71,108,7
71,127,39,73,109,13
71,127,47,75,111,23
71,127,55,78,112,33
71,127,63,80,114,41
71,127,71,81,115,49
71,127,79,83,116,57
71,127,87,83,117,64
71,127,95,84,118,72
71,127,103,84,119,79
71,127,111,85,119,86
71,127,119,85,119,93
71,127,127,84,120,100
71,127,135,83,120,107
71,127,143,83,119,115
71,127,151,83,119,123
71,127,159,83,119,132
71,127,167,82,118,140
71,127,175,81,118,150
71,127,183,80,118,162
71,127,191,80,117,176
71,127,199,78,116,193
71,127,207,77,116,210
71,127,215,75,115,225
71,127,223,74,114,234
71,127,231,71,113,241
71,127,239,69,112,245
71,127,247,66,111,248
71,127,255,58,109,253
71,135,0,79,116,3
71,135,7,71,112,4
71,135,15,68,111,5
71,135,23,69,113,6
71,135,31,71,114,7
71,135,39,73,115,12
71,135,47,76,117,21
71,135,55,78,119,31
71,135,63,80,120,40
71,135,71,82,122,47
71,135,79,84,123,55
71,135,87,85,125,62
71,135,95,85,125,70
71,135,103,86,126,77
71,135,111,86,126,84
71,135,119,87,127,91
71,135,127,87,127,98
71,135,135,86,127,106
71,135,143,85,127,113
71,135,151,85,127,121
71,135,159,84,126,129
71,135,167,85,126,139
71,135,175,84,125,147
71,135,183,83,124,158
71,135,191,81,124,170
71,135,199,81,123,184
71,135,207,79,122,201
71,135,215,78,121,216
71,135,223,76,120,228
71,135,231,73,119,237
71,135,239,71,119,243
71,135,247,68,118,247
71,135,255,60,116,252
71,143,0,80,121,3
71,143,7,71,117,4
71,143,15,68,117,5
71,143,23,69,118,6
71,143,31,71,119,7
71,143,39,73,121,11
71,143,47,76,124,18
71,143,55,79,126,28
71,143,63,81,128,38
71,143,71,83,130,46
71,143,79,85,131,53
71,143,87,86,132,60
71,143,95,88,133,68
71,143,103,88,134,75
71,143,111,88,134,82
71,143,119,89,135,89
71,143,127,89,135,96
71,143,135,89,135,104
71,143,143,89,135,111
71,143,151,87,135,118
71,143,159,87,134,127
71,143,167,87,134,136
71,143,175,86,133,145
71,143,183,85,132,154
71,143,191,84,131,165
71,143,199,82,130,178
71,143,207,82,129,193
71,143,215,80,128,208
71,143,223,78,127,222
71,143,231,76,126,233
71,143,239,73,126,241
71,143,247,70,125,247
71,143,255,63,123,252
71,151,0,80,126,4
71,151,7,71,122,5
71,151,15,67,121,6
71,151,23,69,123,7
71,151,31,70,125,8
71,151,39,73,127,10
71,151,47,76,130,17
71,151,55,79,132,26
71,151,63,81,135,35
71,151,71,83,137,44
71,151,79,85,138,51
71,151,87,87,140,58
71,151,95,89,140,66
71,151,103,90,141,73
71,151,111,90,142,80
71,151,119,90,142,87
71,151,127,90,142,94
71,151,135,90,143,101
71,151,143,90,143,108
71,151,151,90,143,116
71,151,159,90,142,124
71,151,167,89,142,133
71,151,175,88,141,142
71,151,183,87,140,151
71,151,191,86,139,162
71,151,199,85,138,172
71,151,207,83,137,186
71,151,215,82,136,202
71,151,223,80,135,216
71,151,231,78,134,228
71,151,239,76,133,238
71,151,247,72,132,246
71,151,255,65,131,251
71,159,0,80,130,5
71,159,7,70,127,5
71,159,15,67,126,6
71,159,23,69,128,7
71,159,31,70,129,8
71,159,39,72,132,10
71,159,47,75,135,15
71,159,55,78,138,24
71,159,63,81,140,33
71,159,71,83,142,42
71,159,79,85,144,49
71,159,87,87,146,56
71,159,95,89,147,63
71,159,103,90,147,71
71,159,111,91,148,78
71,159,119,92,149,85
71,159,127,92,149,91
71,159,135,92,149,98
71,159,143,92,150,105
71,159,151,92,150,112
71,159,159,91,150,120
71,159,167,91,149,129
71,159,175,90,149,138
71,159,183,89,148,147
71,159,191,88,146,157
71,159,199,86,145,167
71,159,207,85,145,180
71,159,215,84,144,195
71,159,223,82,143,210
71,159,231,80,142,224
71,159,239,78,141,235
71,159,247,74,140,244
71,159,255,68,138,250
71,167,0,79,135,5
71,167,7,70,131,6
71,167,15,67,131,7
71,167,23,68,133,8
71,167,31,70,134,9
71,167,39,72,136,10
71,167,47,75,139,14
71,167,55,78,142,22
71,167,63,80,145,31
71,167,71,83,147,40
71,167,79,85,149,47
71,167,87,87,151,54
71,167,95,89,152,61
71,167,103,91,153,68
71,167,111,92,154,75
71,167,119,93,154,82
71,167,127,93,155,89
71,167,135,93,156,95
71,167,143,93,156,102
71,167,151,93,157,109
71,167,159,93,157,117
71,167,167,92,157,125
71,167,175,92,156,134
71,167,183,91,155,143
71,167,191,90,154,153
71,167,199,88,153,162
71,167,207,87,152,174
71,167,215,85,151,188
71,167,223,84,151,203
71,167,231,82,150,218
71,167,239,80,149,232
71,167,247,77,148,242
71,167,255,71,146,248
71,175,0,78,140,6
71,175,7,70,136,7
71,175,15,67,135,8
71,175,23,68,137,9
71,175,31,69,138,10
71,175,39,71,140,11
71,175,47,74,142,13
71,175,55,77,145,20
71,175,63,79,147,29
71,175,71,82,150,38
71,175,79,84,152,46
71,175,87,87,154,53
71,175,95,89,155,59
71,175,103,90,157,66
71,175,111,92,158,73
71,175,119,93,159,80
71,175,127,94,160,86
71,175,135,94,161,93
71,175,143,95,162,99
71,175,151,94,163,106
71,175,159,94,163,113
71,175,167,94,164,121
71,175,175,93,164,130
71,175,183,93,163,139
71,175,191,91,162,148
71,175,199,90,161,157
71,175,207,88,160,169
71,175,215,87,160,182
71,175,223,85,159,196
71,175,231,84,158,212
71,175,239,82,158,227
71,175,247,79,157,239
71,175,255,74,155,247
71,183,0,77,145,7
71,183,7,69,140,8
71,183,15,66,139,9
71,183,23,67,140,10
71,183,31,68,141,11
71,183,39,70,143,12
71,183,47,72,145,13
71,183,55,75,147,19
71,183,63,78,149,27
71,183,71,81,152,36
71,183,79,83,154,44
71,183,87,86,156,51
71,183,95,88,158,57
71,183,103,90,159,64
71,183,111,91,161,71
71,183,119,93,162,77
71,183,127,94,163,84
71,183,135,95,165,90
71,183,143,95,166,96
71,183,151,95,168,102
71,183,159,96,169,110
71,183,167,95,170,117
71,183,175,95,170,125
71,183,183,94,170,134
71,183,191,93,170,143
71,183,199,92,169,152
71,183,207,90,169,163
71,183,215,89,168,175
71,183,223,87,168,189
71,183,231,85,167,205
71,183,239,84,167,221
71,183,247,81,167,236
71,183,255,77,164,244
71,191,0,76,151,7
71,191,7,69,145,8
71,191,15,66,143,9
71,191,23,67,144,10
71,191,31,67,145,11
71,191,39,69,146,12
71,191,47,71,147,13
71,191,55,74,150,18
71,191,63,76,151,25
71,191,71,79,154,34
71,191,79,82,156,42
71,191,87,84,158,49
71,191,95,87,160,55
71,191,103,89,162,61
71,191,111,91,164,68
71,191,119,92,165,75
71,191,127,94,167,81
71,191,135,95,169,87
71,191,143,95,170,93
71,191,151,96,172,99
71,191,159,96,173,106
71,191,167,96,175,113
71,191,175,96,176,121
71,191,183,95,176,129
71,191,191,94,177,138
71,191,199,93,177,148
71,191,207,91,177,158
71,191,215,90,177,170
71,191,223,89,177,183
71,191,231,87,177,197
71,191,239,86,177,214
71,191,247,84,177,231
71,191,255,80,173,242
71,199,0,75,157,8
71,199,7,68,150,9
71,199,15,66,148,10
71,199,23,66,149,11
71,199,31,67,149,12
71,199,39,68,150,13
71,199,47,70,151,14
71,199,55,73,153,17
71,199,63,75,154,24
71,199,71,78,156,31
71,199,79,80,158,39
71,199,87,83,161,46
71,199,95,85,163,53
71,199,103,88,165,59
71,199,111,90,167,65
71,199,119,92,169,72
71,199,127,93,170,78
71,199,135,94,172,84
71,199,143,95,174,90
71,199,151,96,176,96
71,199,159,96,177,103
71,199,167,96,179,109
71,199,175,96,180,117
71,199,183,96,182,125
71,199,191,95,183,133
71,199,199,94,183,142
71,199,207,93,184,152
71,199,215,92,185,164
71,199,223,90,185,177
71,199,231,89,186,190
71,199,239,87,187,207
71,199,247,86,187,224
71,199,255,82,182,239
71,207,0,74,163,9
71,207,7,68,156,9
71,207,15,66,153,10
71,207,23,66,154,11
71,207,31,66,154,12
71,207,39,67,154,13
71,207,47,69,155,14
71,207,55,71,156,17
71,207,63,74,157,22
71,207,71,76,159,29
71,207,79,79,161,37
71,207,87,82,163,44
71,207,95,84,165,50
71,207,103,86,168,56
71,207,111,88,170,63
71,207,119,90,172,69
71,207,127,92,173,75
71,207,135,93,175,81
71,207,143,95,177,87
71,207,151,95,179,93
71,207,159,96,181,99
71,207,167,96,183,106
71,207,175,96,184,112
71,207,183,96,186,120
71,207,191,96,187,128
71,207,199,95,189,137
71,207,207,94,190,147
71,207,215,93,192,157
71,207,223,91,193,170
71,207,231,90,194,184
71,207,239,89,196,200
71,207,247,87,196,218
71,207,255,85,192,236
71,215,0,73,169,9
71,215,7,68,163,10
71,215,15,66,160,11
71,215,23,66,160,12
71,215,31,66,159,13
71,215,39,67,159,14
71,215,47,69,160,15
71,215,55,71,160,16
71,215,63,73,161,21
71,215,71,75,162,27
71,215,79,78,164,34
71,215,87,80,166,41
71,215,95,83,168,47
71,215,103,85,171,54
71,215,111,87,173,60
71,215,119,89,175,65
71,215,127,90,177,71
71,215,135,92,179,78
71,215,143,93,181,84
71,215,151,95,183,90
71,215,159,95,184,95
71,215,167,96,186,102
71,215,175,96,188,108
71,215,183,96,190,116
71,215,191,96,191,123
71,215,199,95,194,132
71,215,207,94,196,141
71,215,215,94,198,152
71,215,223,93,200,164
71,215,231,91,203,178
71,215,239,90,205,193
71,215,247,89,206,211
71,215,255,87,202,232
71,223,0,72,176,9
71,223,7,68,170,10
71,223,15,66,167,11
71,223,23,66,167,12
71,223,31,66,166,13
71,223,39,67,166,14
71,223,47,68,166,15
71,223,55,70,166,16
71,223,63,72,166,20
71,223,71,75,168,25
71,223,79,77,169,32
71,223,87,79,171,39
71,223,95,82,173,45
71,223,103,84,175,51
71,223,111,86,178,57
71,223,119,87,180,63
71,223,127,89,181,68
71,223,135,91,183,74
71,223,143,92,185,80
71,223,151,93,187,86
71,223,159,94,188,92
71,223,167,95,190,98
71,223,175,95,193,105
71,223,183,95,195,112
71,223,191,95,196,119
71,223,199,95,199,128
71,223,207,94,202,137
71,223,215,94,204,147
71,223,223,93,207,159
71,223,231,92,210,173
71,223,239,91,214,188
71,223,247,90,216,206
71,223,255,90,212,229
71,231,0,72,184,8
71,231,7,68,178,9
71,231,15,66,175,10
71,231,23,66,174,11
71,231,31,67,174,13
71,231,39,67,173,14
71,231,47,69,173,15
71,231,55,70,172,16
71,231,63,72,173,19
71,231,71,74,174,24
71,231,79,77,175,30
71,231,87,79,177,37
71,231,95,81,179,43
71,231,103,83,181,49
71,231,111,84,183,55
71,231,119,86,185,60
71,231,127,88,187,66
71,231,135,89,189,71
71,231,143,91,191,77
71,231,151,92,192,83
71,231,159,93,194,89
71,231,167,93,196,95
71,231,175,94,198,102
71,231,183,94,200,108
71,231,191,94,202,116
71,231,199,94,205,124
71,231,207,94,207,133
71,231,215,93,211,143
71,231,223,93,214,155
71,231,231,92,219,167
71,231,239,92,223,182
71,231,247,91,225,201
71,231,255,91,222,226
71,239,0,72,192,7
71,239,7,69,187,8
71,239,15,67,184,10
71,239,23,67,183,11
71,239,31,68,183,13
71,239,39,68,181,14
71,239,47,69,180,15
71,239,55,71,179,16
71,239,63,72,179,19
71,239,71,74,179,23
71,239,79,76,180,28
71,239,87,78,182,34
71,239,95,80,183,41
71,239,103,82,186,47
71,239,111,83,188,52
71,239,119,85,190,58
71,239,127,86,192,63
71,239,135,88,193,69
71,239,143,89,195,74
71,239,151,90,197,80
71,239,159,91,198,86
71,239,167,92,200,92
71,239,175,92,202,98
71,239,183,93,205,105
71,239,191,93,207,112
71,239,199,93,210,120
71,239,207,93,214,129
71,239,215,92,217,139
71,239,223,92,221,150
71,239,231,92,227,162
71,239,239,92,232,178
71,239,247,92,234,197
71,239,255,93,232,223
71,247,0,72,201,6
71,247,7,70,198,8
71,247,15,70,197,9
71,247,23,70,196,11
71,247,31,70,195,13
71,247,39,70,194,15
71,247,47,71,192,17
71,247,55,73,191,18
71,247,63,74,190,21
71,247,71,76,190,24
71,247,79,77,191,29
71,247,87,79,192,34
71,247,95,80,193,40
71,247,103,82,195,46
71,247,111,83,197,51
71,247,119,84,198,56
71,247,127,85,200,61
71,247,135,86,201,66
71,247,143,87,203,72
71,247,151,88,204,78
71,247,159,89,206,83
71,247,167,89,208,89
71,247,175,90,210,95
71,247,183,90,212,102
71,247,191,90,215,109
71,247,199,90,218,117
71,247,207,91,222,126
71,247,215,91,226,136
71,247,223,91,230,148
71,247,231,91,235,161
71,247,239,92,239,176
71,247,247,92,242,196
71,247,255,94,243,221
71,255,0,73,210,4
71,255,7,73,212,6
71,255,15,73,213,9
71,255,23,74,214,12
71,255,31,75,215,15
71,255,39,75,215,18
71,255,47,76,215,21
71,255,55,77,215,24
71,255,63,78,215,28
71,255,71,79,215,32
71,255,79,80,215,35
71,255,87,81,215,40
71,255,95,82,215,44
71,255,103,83,215,48
71,255,111,83,216,52
71,255,119,83,216,56
71,255,127,84,217,61
71,255,135,84,218,66
71,255,143,84,219,71
71,255,151,84,219,76
71,255,159,84,221,81
71,255,167,84,222,87
71,255,175,85,224,93
71,255,183,85,226,100
71,255,191,86,228,107
71,255,199,86,230,116
71,255,207,87,233,126
71,255,215,87,236,137
71,255,223,88,239,149
71,255,231,90,243,164
71,255,239,91,246,180
71,255,247,92,250,198
71,255,255,94,253,219
79,0,0,71,4,4
79,0,7,71,5,11
79,0,15,70,5,19
79,0,23,69,5,28
79,0,31,68,5,37
79,0,39,67,6,46
79,0,47,66,6,56
79,0,55,65,7,66
79,0,63,64,7,75
79,0,71,63,8,85
79,0,79,61,9,95
79,0,87,60,9,104
79,0,95,59,10,114
79,0,103,58,11,123
79,0,111,56,11,132
79,0,119,55,12,140
79,0,127,54,12,148
79,0,135,53,13,156
79,0,143,51,14,164
79,0,151,50,14,173
79,0,159,49,15,181
79,0,167,48,16,189
79,0,175,47,17,197
79,0,183,46,18,205
79,0,191,45,18,212
79,0,199,44,19,219
79,0,207,43,20,226
79,0,215,42,20,232
79,0,223,41,21,237
79,0,231,40,21,242
79,0,239,39,21,246
79,0,247,38,21,249
79,0,255,37,21,251
79,7,0,71,11,4
79,7,7,71,11,11
79,7,15,71,12,19
79,7,23,71,13,28
79,7,31,70,13,37
79,7,39,70,14,45
79,7,47,70,15,54
79,7,55,69,17,63
79,7,63,68,18,72
79,7,71,67,19,81
79,7,79,66,20,90
79,7,87,65,21,100
79,7,95,63,21,109
79,7,103,62,22,119
79,7,111,60,23,129
79,7,119,59,23,141
79,7,127,58,24,154
79,7,135,56,25,170
79,7,143,55,26,185
79,7,151,53,26,199
79,7,159,51,27,210
79,7,167,50,27,215
79,7,175,48,27,219
79,7,183,47,28,223
79,7,191,46,28,226
79,7,199,45,29,230
79,7,207,45,29,234
79,7,215,44,29,238
79,7,223,43,29,242
79,7,231,42,29,245
79,7,239,41,29,248
79,7,247,40,29,251
79,7,255,39,28,252
79,15,0,71,18,3
79,15,7,71,18,10
79,15,15,71,19,18
79,15,23,72,19,27
79,15,31,72,20,35
79,15,39,72,21,44
79,15,47,72,22,52
79,15,55,72,24,61
79,15,63,71,25,70
79,15,71,70,26,78
79,15,79,69,27,87
79,15,87,68,28,96
79,15,95,66,28,106
79,15,103,64,29,114
79,15,111,63,30,125
79,15,119,62,30,137
79,15,127,60,32,152
79,15,135,59,32,172
79,15,143,58,33,191
79,15,151,56,34,209
79,15,159,54,34,221
79,15,167,52,34,227
79,15,175,51,35,230
79,15,183,49,35,231
79,15,191,49,36,233
79,15,199,48,36,235
79,15,207,47,36,237
79,15,215,46,37,240
79,15,223,45,37,244
79,15,231,44,37,247
79,15,239,43,36,250
79,15,247,42,36,252
79,15,255,41,35,254
79,23,0,71,26,3
79,23,7,71,25,9
79,23,15,71,25,17
79,23,23,72,25,26
79,23,31,72,26,34
79,23,39,72,27,42
79,23,47,73,27,51
79,23,55,72,28,59
79,23,63,72,29,68
79,23,71,72,30,76
79,23,79,71,31,85
79,23,87,69,32,94
79,23,95,68,32,103
79,23,103,66,33,111
79,23,111,65,33,120
79,23,119,63,35,131
79,23,127,62,36,146
79,23,135,62,37,164
79,23,143,60,38,185
79,23,151,59,38,205
79,23,159,57,39,219
79,23,167,55,39,227
79,23,175,54,39,230
79,23,183,52,40,232
79,23,191,51,41,233
79,23,199,50,41,235
79,23,207,49,42,238
79,23,215,48,42,241
79,23,223,47,42,245
79,23,231,46,42,248
79,23,239,44,42,251
79,23,247,43,42,253
79,23,255,43,41,255
79,31,0,72,33,3
79,31,7,71,31,8
79,31,15,71,31,15
79,31,23,72,31,23
79,31,31,71,31,32
79,31,39,72,32,40
79,31,47,72,33,49
79,31,55,72,33,57
79,31,63,72,34,65
79,31,71,73,35,74
79,31,79,72,36,82
79,31,87,71,36,91
79,31,95,70,37,100
79,31,103,68,38,109
79,31,111,67,39,118
79,31,119,66,40,128
79,31,127,65,41,141
79,31,135,64,42,155
79,31,143,63,43,176
79,31,151,62,44,198
79,31,159,60,45,217
79,31,167,58,45,228
79,31,175,57,45,232
79,31,183,55,45,233
79,31,191,53,46,235
79,31,199,52,46,237
79,31,207,51,47,240
79,31,215,49,47,243
79,31,223,48,48,246
79,31,231,47,48,249
79,31,239,46,48,252
79,31,247,45,47,254
79,31,255,45,47,255
79,39,0,73,40,4
79,39,7,71,38,7
79,39,15,71,37,13
79,39,23,71,37,21
79,39,31,72,37,31
79,39,39,72,37,39
79,39,47,73,39,48
79,39,55,73,40,56
79,39,63,73,39,63
79,39,71,73,40,71
79,39,79,72,41,80
79,39,87,72,41,88
79,39,95,71,42,96
79,39,103,70,43,105
79,39,111,69,44,114
79,39,119,68,45,124
79,39,127,67,47,136
79,39,135,67,47,149
79,39,143,66,48,167
79,39,151,64,49,190
79,39,159,63,50,211
79,39,167,61,50,227
79,39,175,59,50,234
79,39,183,57,51,236
79,39,191,55,51,237
79,39,199,53,51,238
79,39,207,52,52,239
79,39,215,51,52,242
79,39,223,50,53,247
79,39,231,48,53,249
79,39,239,47,53,252
79,39,247,46,52,255
79,39,255,46,52,255
79,47,0,74,47,4
79,47,7,71,44,5
79,47,15,71,43,11
79,47,23,71,43,19
79,47,31,72,43,28
79,47,39,72,43,37
79,47,47,73,45,45
79,47,55,73,45,54
79,47,63,74,46,62
79,47,71,74,46,70
79,47,79,73,47,77
79,47,87,73,47,85
79,47,95,73,48,93
79,47,103,72,49,101
79,47,111,71,49,110
79,47,119,70,51,120
79,47,127,70,52,131
79,47,135,69,53,142
79,47,143,68,54,159
79,47,151,67,55,180
79,47,159,66,55,202
79,47,167,64,56,222
79,47,175,62,56,234
79,47,183,59,56,237
79,47,191,57,56,239
79,47,199,55,56,240
79,47,207,53,56,241
79,47,215,52,57,242
79,47,223,51,57,247
79,47,231,50,57,250
79,47,239,48,57,252
79,47,247,47,57,255
79,47,255,47,57,255
79,55,0,75,54,4
79,55,7,71,51,5
79,55,15,71,50,8
79,55,23,71,50,16
79,55,31,72,50,25
79,55,39,73,50,34
79,55,47,73,51,42
79,55,55,74,52,51
79,55,63,74,53,59
79,55,71,75,53,67
79,55,79,75,53,75
79,55,87,74,54,83
79,55,95,74,55,90
79,55,103,73,55,98
79,55,111,73,56,106
79,55,119,72,57,115
79,55,127,72,58,126
79,55,135,71,58,136
79,55,143,71,59,151
79,55,151,70,60,170
79,55,159,69,61,191
79,55,167,67,61,213
79,55,175,65,61,230
79,55,183,62,61,237
79,55,191,59,61,239
79,55,199,57,61,240
79,55,207,56,61,241
79,55,215,55,62,242
79,55,223,54,62,247
79,55,231,52,62,250
79,55,239,51,62,252
79,55,247,49,62,255
79,55,255,49,61,255
79,63,0,76,61,2
79,63,7,71,58,3
79,63,15,70,56,6
79,63,23,71,57,12
79,63,31,72,57,22
79,63,39,73,57,31
79,63,47,74,57,40
79,63,55,74,59,48
79,63,63,75,60,56
79,63,71,75,61,64
79,63,79,75,62,72
79,63,87,75,61,80
79,63,95,75,62,88
79,63,103,75,62,95
79,63,111,74,63,103
79,63,119,75,63,112
79,63,127,74,64,122
79,63,135,74,65,132
79,63,143,73,66,145
79,63,151,72,67,161
79,63,159,71,67,180
79,63,167,70,68,202
79,63,175,68,67,222
79,63,183,65,67,235
79,63,191,63,67,240
79,63,199,61,67,242
79,63,207,60,67,243
79,63,215,59,67,244
79,63,223,57,67,247
79,63,231,56,67,250
79,63,239,54,67,252
79,63,247,52,67,255
79,63,255,50,66,255
79,71,0,77,68,1
79,71,7,71,65,2
79,71,15,70,63,4
79,71,23,71,64,9
79,71,31,72,64,19
79,71,39,73,64,28
79,71,47,75,65,38
79,71,55,75,66,47
79,71,63,76,68,54
79,71,71,77,69,62
79,71,79,77,69,70
79,71,87,77,70,77
79,71,95,76,69,85
79,71,103,76,69,93
79,71,111,76,70,100
79,71,119,76,70,108
79,71,127,76,71,117
79,71,135,76,71,126
79,71,143,75,72,138
79,71,151,75,73,152
79,71,159,74,74,169
79,71,167,73,74,191
79,71,175,71,74,212
79,71,183,68,73,229
79,71,191,66,73,239
79,71,199,64,73,243
79,71,207,63,72,244
79,71,215,62,73,245
79,71,223,61,73,247
79,71,231,59,72,250
79,71,239,57,72,252
79,71,247,55,72,255
79,71,255,51,71,255
79,79,0,78,75,1
79,79,7,72,71,2
79,79,15,70,70,3
79,79,23,72,71,7
79,79,31,72,71,15
79,79,39,74,71,25
79,79,47,75,72,35
79,79,55,76,73,45
79,79,63,77,74,53
79,79,71,78,76,60
79,79,79,77,77,68
79,79,87,77,77,75
79,79,95,78,78,83
79,79,103,77,77,90
79,79,111,77,77,97
79,79,119,77,77,104
79,79,127,77,78,113
79,79,135,78,78,121
79,79,143,77,79,131
79,79,151,77,79,144
79,79,159,76,80,159
79,79,167,75,80,179
79,79,175,74,80,201
79,79,183,72,80,220
79,79,191,70,79,234
79,79,199,68,79,242
79,79,207,67,78,245
79,79,215,66,78,246
79,79,223,64,78,247
79,79,231,62,78,249
79,79,239,60,77,252
79,79,247,57,77,254
79,79,255,53,75,255
79,87,0,79,82,1
79,87,7,72,78,2
79,87,15,71,77,3
79,87,23,72,77,6
79,87,31,74,78,13
79,87,39,74,78,22
79,87,47,76,79,33
79,87,55,77,80,43
79,87,63,78,81,51
79,87,71,79,82,59
79,87,79,79,84,66
79,87,87,79,84,73
79,87,95,79,85,81
79,87,103,80,85,88
79,87,111,79,84,95
79,87,119,79,84,102
79,87,127,79,85,110
79,87,135,78,85,117
79,87,143,78,85,126
79,87,151,79,86,137
79,87,159,78,86,151
79,87,167,77,87,168
79,87,175,76,87,189
79,87,183,75,86,209
79,87,191,73,86,227
79,87,199,71,85,238
79,87,207,70,85,243
79,87,215,69,84,245
79,87,223,67,84,246
79,87,231,65,83,249
79,87,239,63,83,251
79,87,247,60,82,254
79,87,255,54,80,255
79,95,0,80,88,2
79,95,7,73,84,2
79,95,15,71,83,3
79,95,23,73,83,5
79,95,31,74,84,11
79,95,39,76,84,20
79,95,47,77,85,31
79,95,55,78,86,42
79,95,63,79,87,50
79,95,71,80,88,57
79,95,79,81,89,65
79,95,87,81,90,72
79,95,95,81,92,79
79,95,103,81,92,86
79,95,111,80,91,93
79,95,119,81,91,100
79,95,127,80,91,108
79,95,135,80,92,116
79,95,143,80,92,124
79,95,151,80,92,133
79,95,159,80,92,145
79,95,167,79,93,158
79,95,175,78,93,176
79,95,183,77,92,198
79,95,191,75,92,217
79,95,199,74,91,232
79,95,207,73,91,240
79,95,215,71,90,244
79,95,223,70,90,245
79,95,231,68,89,248
79,95,239,65,88,251
79,95,247,62,87,253
79,95,255,55,85,255
79,103,0,81,94,1
79,103,7,74,90,2
79,103,15,72,89,3
79,103,23,74,89,4
79,103,31,75,90,10
79,103,39,77,91,19
79,103,47,79,92,29
79,103,55,80,93,40
79,103,63,81,94,47
79,103,71,82,95,56
79,103,79,82,96,63
79,103,87,83,97,71
79,103,95,83,97,78
79,103,103,83,98,85
79,103,111,82,98,92
79,103,119,82,98,99
79,103,127,83,98,106
79,103,135,82,98,114
79,103,143,82,99,122
79,103,151,82,99,130
79,103,159,81,99,140
79,103,167,81,99,150
79,103,175,80,99,165
79,103,183,79,99,185
79,103,191,78,98,206
79,103,199,76,98,225
79,103,207,75,97,238
79,103,215,74,96,244
79,103,223,72,95,246
79,103,231,70,95,248
79,103,239,68,94,250
79,103,247,64,93,252
79,103,255,57,90,255
79,111,0,82,100,1
79,111,7,75,96,2
79,111,15,73,94,3
79,111,23,74,95,4
79,111,31,76,96,9
79,111,39,78,97,18
79,111,47,80,98,28
79,111,55,82,99,38
79,111,63,82,100,46
79,111,71,83,101,54
79,111,79,84,102,62
79,111,87,85,103,69
79,111,95,85,104,77
79,111,103,86,104,84
79,111,111,85,105,91
79,111,119,84,105,98
79,111,127,84,105,105
79,111,135,84,105,112
79,111,143,84,105,120
79,111,151,84,105,128
79,111,159,83,105,137
79,111,167,83,105,144
79,111,175,83,105,157
79,111,183,81,105,175
79,111,191,80,104,195
79,111,199,79,104,216
79,111,207,77,103,231
79,111,215,76,102,241
79,111,223,74,101,244
79,111,231,72,100,247
79,111,239,70,100,249
79,111,247,66,98,251
79,111,255,58,96,255
79,119,0,83,106,2
79,119,7,75,101,3
79,119,15,73,100,4
79,119,23,75,101,5
79,119,31,76,101,8
79,119,39,78,103,16
79,119,47,81,104,27
79,119,55,83,105,37
79,119,63,84,107,45
79,119,71,84,108,53
79,119,79,86,109,60
79,119,87,87,110,68
79,119,95,87,111,75
79,119,103,88,111,83
79,119,111,88,112,90
79,119,119,87,112,96
79,119,127,86,112,103
79,119,135,86,112,111
79,119,143,86,112,118
79,119,151,86,112,126
79,119,159,86,112,134
79,119,167,85,111,141
79,119,175,84,111,152
79,119,183,84,111,167
79,119,191,82,110,185
79,119,199,81,110,205
79,119,207,79,109,223
79,119,215,78,108,235
79,119,223,76,107,241
79,119,231,74,106,245
79,119,239,72,106,248
79,119,247,68,104,250
79,119,255,60,102,254
79,127,0,83,111,2
79,127,7,75,107,3
79,127,15,73,105,4
79,127,23,75,106,5
79,127,31,76,107,8
79,127,39,78,109,15
79,127,47,81,110,25
79,127,55,83,112,35
79,127,63,85,113,43
79,127,71,87,115,51
79,127,79,87,116,58
79,127,87,88,117,66
79,127,95,89,118,73
79,127,103,89,118,81
79,127,111,90,119,88
79,127,119,90,119,95
79,127,127,89,119,102
79,127,135,88,119,109
79,127,143,88,119,116
79,127,151,88,119,124
79,127,159,88,119,133
79,127,167,87,118,141
79,127,175,86,118,151
79,127,183,85,117,163
79,127,191,85,117,177
79,127,199,83,116,194
79,127,207,82,115,212
79,127,215,80,114,227
79,127,223,78,113,236
79,127,231,76,113,242
79,127,239,74,112,246
79,127,247,70,111,248
79,127,255,62,109,253
79,135,0,84,116,3
79,135,7,75,112,4
79,135,15,73,111,5
79,135,23,75,112,6
79,135,31,76,113,7
79,135,39,79,115,13
79,135,47,81,117,23
79,135,55,84,119,33
79,135,63,86,120,42
79,135,71,88,122,49
79,135,79,89,123,57
79,135,87,90,125,64
79,135,95,90,125,72
79,135,103,91,126,79
79,135,111,92,126,86
79,135,119,92,127,93
79,135,127,92,127,100
79,135,135,91,127,107
79,135,143,90,127,114
79,135,151,90,127,122
79,135,159,90,126,131
79,135,167,90,126,140
79,135,175,89,125,148
79,135,183,88,124,159
79,135,191,86,124,171
79,135,199,86,123,186
79,135,207,84,122,202
79,135,215,83,121,218
79,135,223,81,120,230
79,135,231,78,119,239
79,135,239,76,118,244
79,135,247,72,117,248
79,135,255,65,116,252
79,143,0,84,121,3
79,143,7,75,117,4
79,143,15,73,116,5
79,143,23,75,118,6
79,143,31,76,119,7
79,143,39,79,121,12
79,143,47,81,124,21
79,143,55,84,126,31
79,143,63,86,128,40
79,143,71,88,130,48
79,143,79,90,131,55
79,143,87,92,132,62
79,143,95,93,133,70
79,143,103,93,134,77
79,143,111,93,134,84
79,143,119,93,134,91
79,143,127,94,135,98
79,143,135,94,135,105
79,143,143,93,135,112
79,143,151,92,135,120
79,143,159,92,134,128
79,143,167,92,133,138
79,143,175,91,133,147
79,143,183,90,132,156
79,143,191,89,131,167
79,143,199,87,130,179
79,143,207,87,129,195
79,143,215,85,128,211
79,143,223,83,127,225
79,143,231,80,126,235
79,143,239,78,125,243
79,143,247,75,124,248
79,143,255,67,123,252
79,151,0,84,126,4
79,151,7,75,122,5
79,151,15,73,122,6
79,151,23,74,123,7
79,151,31,76,125,8
79,151,39,78,127,11
79,151,47,81,130,19
79,151,55,84,133,28
79,151,63,87,135,38
79,151,71,89,137,46
79,151,79,91,138,53
79,151,87,92,140,60
79,151,95,94,140,68
79,151,103,95,141,75
79,151,111,94,142,82
79,151,119,95,142,89
79,151,127,95,142,96
79,151,135,95,142,103
79,151,143,95,143,110
79,151,151,95,143,118
79,151,159,95,142,126
79,151,167,94,142,135
79,151,175,93,141,144
79,151,183,92,140,153
79,151,191,91,139,163
79,151,199,89,138,174
79,151,207,88,137,188
79,151,215,87,136,204
79,151,223,85,135,219
79,151,231,83,133,231
79,151,239,81,133,240
79,151,247,77,132,247
79,151,255,70,130,252
79,159,0,84,131,5
79,159,7,75,127,6
79,159,15,72,126,7
79,159,23,74,128,8
79,159,31,75,130,9
79,159,39,77,132,10
79,159,47,81,135,17
79,159,55,84,138,26
79,159,63,86,140,36
79,159,71,89,143,44
79,159,79,91,144,51
79,159,87,93,146,58
79,159,95,94,147,66
79,159,103,95,147,73
79,159,111,96,148,80
79,159,119,97,148,87
79,159,127,96,149,93
79,159,135,97,149,100
79,159,143,96,150,107
79,159,151,96,150,114
79,159,159,96,150,123
79,159,167,96,149,132
79,159,175,95,149,140
79,159,183,94,148,149
79,159,191,93,147,159
79,159,199,91,146,169
79,159,207,90,145,183
79,159,215,88,144,198
79,159,223,87,143,213
79,159,231,85,142,226
79,159,239,83,141,238
79,159,247,79,140,246
79,159,255,73,138,251
79,167,0,83,136,5
79,167,7,75,132,6
79,167,15,72,131,7
79,167,23,73,133,8
79,167,31,75,134,9
79,167,39,77,137,10
79,167,47,80,140,16
79,167,55,83,143,24
79,167,63,86,145,33
79,167,71,88,147,42
79,167,79,90,149,49
79,167,87,92,151,57
79,167,95,94,152,63
79,167,103,96,153,71
79,167,111,97,154,78
79,167,119,97,154,84
79,167,127,98,155,91
79,167,135,97,156,97
79,167,143,98,156,104
79,167,151,98,157,111
79,167,159,97,157,119
79,167,167,97,157,127
79,167,175,97,156,136
79,167,183,96,156,145
79,167,191,95,154,155
79,167,199,93,153,164
79,167,207,92,152,176
79,167,215,90,152,191
79,167,223,88,151,205
79,167,231,87,150,221
79,167,239,85,149,234
79,167,247,82,148,244
79,167,255,76,146,249
79,175,0,82,141,6
79,175,7,74,136,7
79,175,15,71,135,8
79,175,23,73,137,9
79,175,31,74,138,10
79,175,39,76,140,11
79,175,47,79,143,15
79,175,55,82,146,22
79,175,63,84,148,31
79,175,71,87,150,40
79,175,79,89,153,47
79,175,87,92,155,55
79,175,95,93,156,61
79,175,103,95,157,68
79,175,111,97,158,75
79,175,119,98,159,82
79,175,127,98,160,88
79,175,135,99,161,95
79,175,143,99,162,101
79,175,151,99,163,108
79,175,159,99,163,115
79,175,167,98,164,123
79,175,175,98,164,132
79,175,183,97,164,141
79,175,191,96,163,150
79,175,199,95,162,159
79,175,207,93,161,171
79,175,215,92,160,184
79,175,223,90,159,198
79,175,231,89,158,214
79,175,239,87,158,230
79,175,247,84,157,242
79,175,255,79,155,247
79,183,0,81,146,7
79,183,7,73,141,8
79,183,15,71,139,9
79,183,23,72,141,10
79,183,31,73,142,11
79,183,39,75,143,12
79,183,47,77,146,14
79,183,55,80,148,20
79,183,63,83,150,29
79,183,71,85,152,38
79,183,79,88,155,45
79,183,87,90,157,53
79,183,95,93,159,59
79,183,103,95,160,66
79,183,111,96,161,73
79,183,119,98,163,79
79,183,127,99,164,86
79,183,135,99,166,92
79,183,143,100,167,98
79,183,151,100,168,105
79,183,159,100,169,112
79,183,167,100,170,119
79,183,175,99,171,128
79,183,183,98,171,136
79,183,191,98,171,145
79,183,199,96,170,154
79,183,207,95,169,165
79,183,215,93,169,177
79,183,223,92,168,192
79,183,231,90,168,207
79,183,239,89,168,224
79,183,247,86,167,238
79,183,255,82,164,245
79,191,0,80,151,8
79,191,7,73,146,9
79,191,15,70,144,10
79,191,23,71,145,11
79,191,31,72,145,12
79,191,39,73,146,13
79,191,47,76,148,14
79,191,55,79,150,19
79,191,63,81,152,27
79,191,71,84,154,35
79,191,79,86,157,43
79,191,87,89,159,50
79,191,95,91,161,57
79,191,103,93,163,63
79,191,111,95,164,70
79,191,119,97,166,77
79,191,127,98,168,83
79,191,135,99,170,89
79,191,143,100,171,95
79,191,151,100,173,102
79,191,159,101,174,108
79,191,167,101,175,116
79,191,175,100,176,123
79,191,183,100,177,131
79,191,191,99,177,140
79,191,199,97,178,150
79,191,207,96,177,160
79,191,215,95,177,172
79,191,223,94,177,185
79,191,231,92,177,200
79,191,239,90,178,217
79,191,247,88,177,233
79,191,255,85,173,243
79,199,0,79,157,8
79,199,7,72,151,9
79,199,15,70,149,10
79,199,23,71,149,11
79,199,31,71,150,12
79,199,39,72,151,13
79,199,47,75,152,14
79,199,55,77,153,18
79,199,63,80,155,25
79,199,71,82,157,33
79,199,79,85,159,41
79,199,87,87,161,48
79,199,95,90,163,54
79,199,103,92,166,61
79,199,111,94,168,68
79,199,119,96,169,74
79,199,127,98,171,80
79,199,135,99,173,87
79,199,143,100,175,93
79,199,151,100,177,99
79,199,159,101,178,105
79,199,167,101,180,112
79,199,175,101,181,119
79,199,183,101,183,127
79,199,191,100,183,135
79,199,199,99,184,144
79,199,207,97,185,154
79,199,215,96,185,166
79,199,223,95,186,179
79,199,231,93,186,192
79,199,239,92,188,209
79,199,247,90,187,226
79,199,255,88,183,240
79,207,0,78,163,9
79,207,7,72,157,10
79,207,15,70,154,11
79,207,23,70,154,12
79,207,31,71,155,13
79,207,39,72,155,14
79,207,47,73,156,15
79,207,55,76,157,18
79,207,63,78,158,23
79,207,71,81,160,31
79,207,79,83,162,38
79,207,87,86,164,45
79,207,95,88,166,52
79,207,103,90,168,58
79,207,111,93,171,65
79,207,119,95,173,71
79,207,127,96,174,77
79,207,135,98,176,83
79,207,143,99,178,89
79,207,151,100,180,95
79,207,159,100,182,101
79,207,167,101,183,108
79,207,175,101,185,115
79,207,183,101,187,122
79,207,191,100,188,130
79,207,199,99,190,139
79,207,207,98,191,148
79,207,215,97,192,159
79,207,223,96,193,172
79,207,231,95,195,186
79,207,239,93,197,202
79,207,247,91,197,220
79,207,255,90,192,237
79,215,0,77,170,10
79,215,7,72,164,10
79,215,15,70,161,11
79,215,23,70,161,12
79,215,31,70,160,13
79,215,39,71,160,15
79,215,47,73,161,16
79,215,55,75,161,17
79,215,63,77,162,22
79,215,71,79,163,28
79,215,79,82,165,36
79,215,87,84,167,43
79,215,95,87,169,49
79,215,103,89,171,55
79,215,111,91,174,62
79,215,119,93,176,68
79,215,127,95,177,74
79,215,135,96,180,80
79,215,143,98,182,86
79,215,151,99,183,92
79,215,159,100,185,98
79,215,167,100,187,104
79,215,175,100,189,111
79,215,183,100,191,118
79,215,191,100,192,126
79,215,199,100,195,134
79,215,207,99,197,143
79,215,215,98,199,154
79,215,223,97,201,166
79,215,231,96,203,179
79,215,239,94,206,195
79,215,247,93,207,213
79,215,255,93,202,234
79,223,0,76,177,10
79,223,7,72,171,11
79,223,15,70,168,12
79,223,23,70,168,13
79,223,31,70,167,14
79,223,39,71,167,15
79,223,47,73,167,16
79,223,55,75,167,17
79,223,63,77,167,21
79,223,71,79,168,27
79,223,79,81,170,34
79,223,87,83,172,41
79,223,95,86,173,47
79,223,103,88,176,53
79,223,111,90,178,59
79,223,119,92,180,65
79,223,127,93,182,71
79,223,135,95,184,77
79,223,143,96,186,83
79,223,151,98,188,89
79,223,159,98,189,95
79,223,167,99,191,101
79,223,175,99,193,107
79,223,183,100,195,114
79,223,191,100,197,122
79,223,199,99,200,130
79,223,207,99,203,139
79,223,215,98,205,149
79,223,223,98,208,161
79,223,231,97,212,175
79,223,239,96,215,190
79,223,247,95,217,208
79,223,255,95,213,231
79,231,0,75,185,9
79,231,7,72,179,10
79,231,15,70,176,11
79,231,23,70,176,12
79,231,31,71,175,13
79,231,39,72,174,14
79,231,47,73,174,15
79,231,55,75,174,17
79,231,63,77,174,20
79,231,71,79,174,25
79,231,79,81,176,32
79,231,87,83,177,38
79,231,95,85,179,45
79,231,103,87,181,51
79,231,111,89,184,57
79,231,119,90,186,62
79,231,127,92,187,68
79,231,135,93,189,74
79,231,143,95,191,80
79,231,151,96,193,86
79,231,159,97,194,92
79,231,167,98,196,98
79,231,175,98,198,104
79,231,183,99,201,111
79,231,191,99,203,118
79,231,199,99,205,126
79,231,207,98,208,135
79,231,215,98,212,145
79,231,223,97,215,156
79,231,231,97,220,169
79,231,239,96,225,183
79,231,247,96,227,203
79,231,255,97,223,228
79,239,0,75,193,8
79,239,7,72,188,9
79,239,15,71,186,11
79,239,23,71,184,12
79,239,31,72,184,14
79,239,39,72,182,15
79,239,47,73,181,16
79,239,55,75,180,17
79,239,63,76,179,20
79,239,71,78,180,24
79,239,79,80,180,30
79,239,87,82,182,36
79,239,95,84,183,42
79,239,103,86,186,48
79,239,111,87,188,54
79,239,119,89,190,59
79,239,127,90,192,65
79,239,135,92,193,71
79,239,143,93,195,77
79,239,151,95,197,83
79,239,159,96,198,89
79,239,167,97,201,95
79,239,175,97,203,101
79,239,183,98,205,108
79,239,191,98,208,115
79,239,199,98,211,123
79,239,207,97,215,131
79,239,215,97,218,141
79,239,223,97,223,152
79,239,231,97,228,164
79,239,239,97,233,179
79,239,247,97,236,199
79,239,255,99,233,225
79,247,0,75,202,7
79,247,7,74,199,8
79,247,15,73,198,10
79,247,23,73,197,12
79,247,31,74,196,14
79,247,39,74,195,16
79,247,47,75,193,17
79,247,55,77,192,19
79,247,63,78,191,22
79,247,71,80,191,26
79,247,79,81,191,30
79,247,87,83,192,36
79,247,95,84,193,42
79,247,103,86,195,47
79,247,111,87,197,53
79,247,119,88,198,58
79,247,127,89,200,63
79,247,135,90,201,69
79,247,143,91,203,74
79,247,151,92,204,80
79,247,159,93,206,86
79,247,167,94,208,92
79,247,175,95,210,98
79,247,183,95,213,105
79,247,191,95,216,112
79,247,199,96,219,120
79,247,207,96,223,129
79,247,215,96,227,138
79,247,223,96,231,150
79,247,231,96,236,163
79,247,239,97,241,178
79,247,247,98,244,198
79,247,255,100,244,223
79,255,0,76,212,5
79,255,7,76,213,7
79,255,15,77,214,10
79,255,23,77,215,13
79,255,31,78,216,16
79,255,39,79,216,19
79,255,47,80,216,22
79,255,55,81,216,26
79,255,63,82,216,29
79,255,71,84,216,33
79,255,79,85,216,37
79,255,87,86,216,41
79,255,95,86,216,46
79,255,103,87,216,50
79,255,111,88,216,54
79,255,119,88,217,59
79,255,127,88,218,63
79,255,135,88,219,68
79,255,143,89,220,73
79,255,151,89,220,79
79,255,159,89,222,84
79,255,167,90,223,90
79,255,175,90,225,96
79,255,183,91,227,103
79,255,191,91,229,111
79,255,199,92,232,119
79,255,207,93,235,129
79,255,215,94,238,140
79,255,223,95,241,152
79,255,231,96,244,166
79,255,239,97,248,182
79,255,247,99,251,200
79,255,255,100,254,221
87,0,0,77,5,4
87,0,7,77,5,11
87,0,15,76,5,19
87,0,23,75,5,28
87,0,31,75,6,37
87,0,39,74,6,46
87,0,47,73,7,56
87,0,55,72,7,65
87,0,63,70,8,75
87,0,71,69,8,84
87,0,79,68,9,94
87,0,87,67,10,103
87,0,95,65,10,113
87,0,103,64,11,122
87,0,111,63,11,131
87,0,119,61,12,139
87,0,127,60,13,147
87,0,135,59,13,155
87,0,143,57,14,164
87,0,151,56,14,172
87,0,159,54,15,181
87,0,167,53,16,189
87,0,175,52,17,197
87,0,183,51,18,205
87,0,191,50,18,213
87,0,199,49,19,220
87,0,207,48,20,226
87,0,215,47,20,233
87,0,223,45,21,238
87,0,231,44,21,243
87,0,239,43,21,247
87,0,247,42,21,250
87,0,255,41,21,252
87,7,0,77,11,4
87,7,7,77,11,11
87,7,15,77,12,20
87,7,23,77,13,28
87,7,31,77,14,37
87,7,39,77,15,45
87,7,47,76,16,54
87,7,55,76,17,63
87,7,63,75,18,72
87,7,71,75,19,81
87,7,79,73,20,90
87,7,87,72,21,99
87,7,95,71,22,108
87,7,103,69,22,118
87,7,111,67,23,128
87,7,119,66,24,139
87,7,127,64,24,152
87,7,135,63,25,167
87,7,143,61,26,182
87,7,151,60,26,196
87,7,159,58,27,208
87,7,167,56,27,215
87,7,175,54,27,220
87,7,183,53,28,223
87,7,191,52,28,227
87,7,199,51,29,230
87,7,207,50,29,234
87,7,215,49,29,238
87,7,223,47,29,242
87,7,231,46,29,246
87,7,239,45,29,249
87,7,247,44,29,251
87,7,255,43,28,253
87,15,0,77,18,4
87,15,7,77,18,11
87,15,15,78,19,19
87,15,23,78,19,28
87,15,31,78,20,36
87,15,39,78,21,44
87,15,47,78,22,53
87,15,55,78,24,61
87,15,63,78,25,70
87,15,71,77,26,78
87,15,79,77,27,87
87,15,87,75,28,96
87,15,95,74,29,105
87,15,103,72,29,114
87,15,111,70,30,123
87,15,119,69,31,135
87,15,127,67,32,150
87,15,135,66,32,168
87,15,143,65,33,187
87,15,151,63,34,205
87,15,159,61,34,219
87,15,167,59,34,226
87,15,175,57,34,230
87,15,183,55,35,232
87,15,191,54,35,233
87,15,199,53,36,235
87,15,207,52,36,238
87,15,215,51,36,241
87,15,223,50,36,245
87,15,231,48,37,248
87,15,239,47,36,251
87,15,247,46,36,253
87,15,255,45,35,254
87,23,0,77,25,4
87,23,7,77,25,10
87,23,15,78,25,18
87,23,23,78,25,26
87,23,31,79,26,34
87,23,39,79,26,43
87,23,47,79,27,51
87,23,55,79,28,60
87,23,63,79,29,68
87,23,71,79,30,76
87,23,79,78,31,85
87,23,87,77,32,93
87,23,95,75,32,102
87,23,103,73,33,110
87,23,111,72,34,119
87,23,119,71,35,130
87,23,127,70,36,144
87,23,135,68,37,161
87,23,143,67,37,181
87,23,151,66,38,201
87,23,159,64,39,217
87,23,167,62,39,227
87,23,175,60,39,231
87,23,183,58,40,232
87,23,191,57,40,234
87,23,199,55,41,235
87,23,207,54,41,238
87,23,215,53,42,242
87,23,223,51,42,246
87,23,231,50,42,249
87,23,239,49,42,251
87,23,247,47,42,254
87,23,255,47,41,255
87,31,0,78,32,4
87,31,7,77,31,9
87,31,15,78,30,16
87,31,23,78,31,24
87,31,31,79,31,33
87,31,39,79,32,41
87,31,47,79,32,49
87,31,55,80,33,58
87,31,63,80,34,66
87,31,71,80,35,74
87,31,79,79,36,83
87,31,87,78,36,91
87,31,95,77,37,99
87,31,103,75,38,108
87,31,111,74,39,118
87,31,119,73,40,128
87,31,127,72,41,140
87,31,135,71,42,153
87,31,143,70,43,173
87,31,151,68,44,195
87,31,159,67,44,214
87,31,167,65,45,227
87,31,175,63,45,232
87,31,183,61,45,234
87,31,191,59,46,236
87,31,199,57,46,237
87,31,207,56,46,240
87,31,215,54,47,243
87,31,223,53,47,246
87,31,231,52,47,249
87,31,239,50,47,252
87,31,247,49,47,254
87,31,255,48,46,255
87,39,0,78,39,4
87,39,7,77,37,7
87,39,15,78,36,14
87,39,23,78,36,22
87,39,31,78,37,31
87,39,39,79,37,39
87,39,47,79,38,48
87,39,55,80,38,56
87,39,63,80,39,64
87,39,71,80,40,72
87,39,79,80,40,80
87,39,87,79,41,88
87,39,95,78,42,97
87,39,103,77,43,105
87,39,111,76,44,114
87,39,119,75,45,124
87,39,127,74,46,136
87,39,135,73,47,147
87,39,143,72,48,165
87,39,151,71,49,187
87,39,159,69,50,209
87,39,167,68,50,225
87,39,175,65,50,234
87,39,183,63,50,236
87,39,191,61,51,237
87,39,199,59,51,238
87,39,207,57,51,239
87,39,215,56,52,242
87,39,223,54,52,247
87,39,231,53,52,250
87,39,239,51,52,252
87,39,247,50,52,255
87,39,255,50,52,255
87,47,0,79,47,4
87,47,7,77,44,6
87,47,15,77,42,12
87,47,23,78,42,20
87,47,31,78,43,29
87,47,39,79,43,38
87,47,47,80,43,47
87,47,55,80,45,55
87,47,63,80,45,63
87,47,71,80,45,71
87,47,79,80,46,78
87,47,87,80,47,86
87,47,95,80,48,94
87,47,103,79,48,102
87,47,111,78,49,110
87,47,119,77,50,120
87,47,127,76,52,131
87,47,135,76,53,141
87,47,143,75,53,157
87,47,151,74,54,178
87,47,159,72,55,200
87,47,167,70,55,220
87,47,175,68,55,234
87,47,183,65,55,237
87,47,191,63,55,239
87,47,199,60,55,240
87,47,207,59,56,241
87,47,215,58,56,242
87,47,223,56,57,247
87,47,231,55,57,250
87,47,239,53,57,252
87,47,247,52,57,255
87,47,255,51,56,255
87,55,0,80,54,4
87,55,7,77,50,5
87,55,15,77,49,9
87,55,23,77,49,17
87,55,31,78,49,27
87,55,39,79,49,35
87,55,47,80,50,44
87,55,55,81,51,52
87,55,63,81,52,60
87,55,71,81,53,68
87,55,79,81,53,76
87,55,87,81,53,83
87,55,95,80,54,91
87,55,103,81,55,99
87,55,111,80,55,107
87,55,119,79,56,116
87,55,127,79,57,126
87,55,135,78,58,136
87,55,143,77,59,150
87,55,151,76,60,168
87,55,159,75,61,189
87,55,167,73,61,212
87,55,175,71,61,229
87,55,183,68,60,237
87,55,191,65,60,239
87,55,199,63,60,240
87,55,207,61,61,241
87,55,215,60,61,242
87,55,223,59,61,247
87,55,231,57,61,250
87,55,239,55,61,252
87,55,247,54,61,255
87,55,255,52,61,255
87,63,0,81,61,3
87,63,7,77,57,3
87,63,15,76,55,6
87,63,23,77,56,14
87,63,31,78,56,23
87,63,39,79,56,32
87,63,47,80,57,42
87,63,55,81,59,50
87,63,63,81,59,58
87,63,71,82,60,66
87,63,79,82,61,74
87,63,87,82,61,82
87,63,95,82,61,89
87,63,103,81,62,96
87,63,111,81,62,104
87,63,119,81,63,112
87,63,127,81,64,123
87,63,135,80,64,133
87,63,143,79,65,145
87,63,151,79,66,160
87,63,159,77,67,179
87,63,167,76,67,201
87,63,175,74,67,221
87,63,183,71,67,235
87,63,191,68,66,240
87,63,199,66,66,242
87,63,207,65,66,243
87,63,215,64,66,244
87,63,223,62,67,247
87,63,231,60,66,250
87,63,239,58,66,252
87,63,247,56,66,255
87,63,255,54,65,255
87,71,0,82,68,2
87,71,7,77,64,2
87,71,15,76,62,4
87,71,23,78,63,11
87,71,31,78,63,19
87,71,39,80,63,30
87,71,47,81,64,39
87,71,55,82,65,48
87,71,63,82,67,56
87,71,71,83,68,64
87,71,79,83,69,71
87,71,87,83,69,78
87,71,95,82,69,87
87,71,103,83,69,94
87,71,111,82,69,101
87,71,119,82,70,109
87,71,127,82,70,118
87,71,135,82,71,127
87,71,143,81,72,138
87,71,151,81,73,152
87,71,159,80,73,169
87,71,167,79,74,190
87,71,175,77,74,211
87,71,183,74,73,229
87,71,191,72,72,238
87,71,199,70,72,243
87,71,207,68,72,244
87,71,215,67,72,245
87,71,223,65,72,247
87,71,231,63,72,250
87,71,239,61,72,252
87,71,247,59,71,255
87,71,255,55,70,255
87,79,0,83,74,1
87,79,7,77,70,2
87,79,15,76,69,3
87,79,23,78,70,8
87,79,31,79,70,16
87,79,39,80,70,27
87,79,47,82,71,37
87,79,55,83,72,47
87,79,63,83,73,54
87,79,71,84,75,62
87,79,79,84,76,69
87,79,87,85,77,77
87,79,95,84,77,84
87,79,103,84,76,92
87,79,111,83,77,99
87,79,119,84,77,105
87,79,127,83,77,114
87,79,135,84,78,122
87,79,143,83,78,132
87,79,151,83,79,144
87,79,159,82,80,160
87,79,167,81,80,179
87,79,175,79,80,200
87,79,183,77,80,220
87,79,191,75,79,234
87,79,199,73,78,242
87,79,207,72,78,245
87,79,215,70,78,246
87,79,223,69,78,247
87,79,231,67,77,249
87,79,239,65,77,252
87,79,247,61,76,254
87,79,255,56,75,255
87,87,0,84,81,1
87,87,7,78,77,2
87,87,15,77,76,3
87,87,23,78,76,6
87,87,31,80,77,14
87,87,39,81,77,24
87,87,47,82,78,35
87,87,55,84,79,45
87,87,63,84,80,52
87,87,71,85,81,60
87,87,79,86,83,67
87,87,87,85,84,75
87,87,95,85,84,82
87,87,103,86,85,89
87,87,111,85,84,96
87,87,119,85,84,104
87,87,127,85,84,112
87,87,135,84,85,119
87,87,143,84,85,128
87,87,151,85,86,138
87,87,159,84,86,152
87,87,167,83,86,168
87,87,175,82,86,188
87,87,183,80,86,209
87,87,191,78,86,227
87,87,199,76,85,239
87,87,207,75,84,244
87,87,215,73,84,246
87,87,223,72,83,247
87,87,231,70,83,249
87,87,239,67,82,251
87,87,247,64,81,254
87,87,255,58,79,255
87,95,0,85,87,1
87,95,7,78,83,2
87,95,15,77,82,3
87,95,23,79,82,5
87,95,31,80,83,12
87,95,39,82,84,22
87,95,47,83,85,33
87,95,55,84,86,44
87,95,63,85,87,51
87,95,71,86,88,58
87,95,79,87,89,66
87,95,87,87,91,73
87,95,95,87,91,80
87,95,103,87,91,87
87,95,111,87,92,94
87,95,119,87,91,102
87,95,127,86,91,109
87,95,135,86,91,117
87,95,143,86,92,125
87,95,151,86,92,134
87,95,159,86,92,146
87,95,167,85,92,158
87,95,175,84,92,177
87,95,183,82,92,198
87,95,191,81,92,218
87,95,199,79,91,233
87,95,207,77,90,242
87,95,215,76,90,245
87,95,223,74,89,246
87,95,231,72,88,248
87,95,239,70,88,251
87,95,247,66,87,254
87,95,255,59,84,255
87,103,0,86,94,1
87,103,7,79,89,2
87,103,15,78,88,3
87,103,23,80,88,5
87,103,31,81,89,11
87,103,39,83,90,21
87,103,47,85,91,31
87,103,55,86,92,41
87,103,63,87,93,50
87,103,71,87,94,57
87,103,79,88,95,65
87,103,87,89,96,72
87,103,95,88,98,79
87,103,103,88,98,86
87,103,111,88,99,93
87,103,119,88,99,99
87,103,127,88,98,107
87,103,135,88,98,115
87,103,143,87,98,123
87,103,151,87,99,131
87,103,159,87,99,141
87,103,167,87,99,150
87,103,175,86,99,166
87,103,183,85,98,186
87,103,191,83,98,207
87,103,199,82,97,226
87,103,207,80,97,239
87,103,215,78,96,245
87,103,223,77,95,247
87,103,231,74,94,249
87,103,239,72,93,251
87,103,247,69,92,253
87,103,255,61,89,255
87,111,0,86,99,2
87,111,7,80,95,2
87,111,15,78,93,3
87,111,23,80,94,5
87,111,31,82,95,10
87,111,39,84,96,19
87,111,47,86,97,30
87,111,55,88,99,40
87,111,63,88,100,48
87,111,71,89,101,55
87,111,79,90,102,64
87,111,87,90,103,71
87,111,95,91,103,78
87,111,103,91,104,86
87,111,111,90,104,92
87,111,119,90,105,99
87,111,127,90,105,106
87,111,135,90,105,114
87,111,143,90,105,121
87,111,151,89,105,129
87,111,159,89,105,138
87,111,167,88,105,145
87,111,175,88,105,158
87,111,183,87,104,176
87,111,191,85,104,196
87,111,199,84,103,217
87,111,207,82,103,233
87,111,215,81,102,242
87,111,223,79,101,246
87,111,231,77,100,248
87,111,239,75,99,250
87,111,247,71,98,252
87,111,255,63,95,255
87,119,0,87,105,2
87,119,7,80,100,3
87,119,15,78,99,4
87,119,23,80,100,5
87,119,31,82,101,9
87,119,39,84,102,18
87,119,47,86,104,29
87,119,55,88,105,39
87,119,63,90,106,47
87,119,71,90,107,54
87,119,79,91,108,62
87,119,87,92,109,70
87,119,95,93,110,77
87,119,103,93,111,84
87,119,111,93,111,91
87,119,119,92,111,98
87,119,127,92,112,105
87,119,135,91,112,112
87,119,143,92,112,120
87,119,151,91,112,127
87,119,159,91,112,136
87,119,167,90,111,142
87,119,175,89,111,153
87,119,183,89,111,168
87,119,191,88,110,186
87,119,199,86,110,206
87,119,207,85,109,224
87,119,215,83,108,237
87,119,223,81,107,243
87,119,231,79,106,246
87,119,239,77,105,248
87,119,247,73,104,250
87,119,255,65,102,254
87,127,0,88,111,2
87,127,7,80,106,3
87,127,15,78,105,4
87,127,23,80,106,5
87,127,31,82,107,9
87,127,39,84,108,17
87,127,47,87,110,27
87,127,55,89,112,37
87,127,63,91,113,45
87,127,71,92,114,53
87,127,79,92,116,60
87,127,87,93,117,67
87,127,95,94,117,76
87,127,103,95,118,83
87,127,111,95,118,90
87,127,119,95,119,96
87,127,127,94,119,103
87,127,135,94,119,110
87,127,143,93,119,118
87,127,151,94,119,125
87,127,159,93,119,134
87,127,167,93,118,142
87,127,175,92,118,152
87,127,183,91,117,164
87,127,191,90,117,178
87,127,199,89,116,195
87,127,207,87,115,213
87,127,215,85,114,229
87,127,223,83,113,238
87,127,231,81,112,244
87,127,239,79,112,247
87,127,247,75,110,249
87,127,255,67,108,253
87,135,0,88,116,3
87,135,7,80,112,4
87,135,15,78,111,5
87,135,23,80,112,6
87,135,31,82,113,8
87,135,39,84,115,15
87,135,47,87,117,25
87,135,55,90,119,35
87,135,63,91,120,44
87,135,71,93,122,51
87,135,79,95,123,59
87,135,87,95,124,66
87,135,95,96,125,73
87,135,103,96,125,81
87,135,111,97,126,88
87,135,119,97,126,95
87,135,127,97,126,102
87,135,135,96,126,109
87,135,143,95,127,116
87,135,151,95,126,123
87,135,159,95,126,132
87,135,167,95,126,141
87,135,175,94,125,150
87,135,183,93,124,160
87,135,191,92,124,172
87,135,199,91,123,187
87,135,207,89,122,204
87,135,215,88,121,221
87,135,223,86,120,233
87,135,231,83,119,241
87,135,239,81,118,246
87,135,247,77,117,249
87,135,255,69,115,253
87,143,0,89,121,3
87,143,7,80,117,4
87,143,15,78,116,5
87,143,23,80,118,6
87,143,31,82,119,8
87,143,39,84,121,14
87,143,47,87,124,23
87,143,55,90,126,33
87,143,63,92,128,42
87,143,71,94,129,50
87,143,79,96,131,57
87,143,87,97,132,64
87,143,95,98,133,72
87,143,103,98,133,79
87,143,111,98,134,86
87,143,119,98,134,93
87,143,127,99,134,100
87,143,135,99,134,107
87,143,143,98,134,114
87,143,151,97,134,121
87,143,159,97,134,130
87,143,167,97,133,139
87,143,175,96,133,148
87,143,183,95,132,157
87,143,191,94,131,168
87,143,199,92,130,181
87,143,207,92,129,197
87,143,215,90,128,213
87,143,223,88,127,227
87,143,231,86,126,237
87,143,239,83,125,244
87,143,247,80,124,249
87,143,255,72,122,252
87,151,0,89,126,4
87,151,7,80,122,5
87,151,15,78,122,6
87,151,23,80,123,7
87,151,31,81,125,8
87,151,39,84,127,13
87,151,47,87,130,21
87,151,55,90,133,31
87,151,63,92,135,40
87,151,71,94,137,48
87,151,79,96,138,55
87,151,87,98,140,62
87,151,95,99,140,70
87,151,103,100,141,77
87,151,111,100,141,84
87,151,119,100,142,91
87,151,127,100,142,97
87,151,135,100,142,105
87,151,143,100,142,112
87,151,151,100,142,120
87,151,159,100,142,128
87,151,167,99,141,137
87,151,175,98,141,146
87,151,183,97,140,155
87,151,191,96,139,165
87,151,199,95,138,176
87,151,207,93,137,191
87,151,215,92,136,207
87,151,223,90,135,222
87,151,231,88,133,234
87,151,239,86,132,243
87,151,247,82,131,249
87,151,255,74,129,252
87,159,0,88,131,5
87,159,7,80,127,6
87,159,15,77,127,7
87,159,23,79,128,8
87,159,31,80,130,9
87,159,39,83,132,12
87,159,47,86,135,19
87,159,55,89,138,29
87,159,63,92,141,38
87,159,71,94,143,46
87,159,79,96,144,53
87,159,87,98,146,60
87,159,95,99,147,68
87,159,103,101,147,75
87,159,111,101,148,82
87,159,119,101,148,89
87,159,127,101,149,95
87,159,135,101,149,102
87,159,143,101,149,109
87,159,151,101,150,117
87,159,159,101,150,125
87,159,167,101,149,133
87,159,175,100,149,142
87,159,183,99,148,152
87,159,191,98,147,161
87,159,199,96,146,171
87,159,207,95,145,185
87,159,215,93,144,200
87,159,223,92,143,216
87,159,231,90,141,229
87,159,239,88,141,240
87,159,247,84,139,247
87,159,255,77,137,251
87,167,0,88,136,6
87,167,7,79,132,6
87,167,15,77,131,7
87,167,23,78,133,8
87,167,31,80,135,9
87,167,39,82,137,11
87,167,47,85,140,17
87,167,55,88,143,26
87,167,63,91,145,36
87,167,71,94,148,44
87,167,79,96,150,51
87,167,87,98,151,59
87,167,95,99,152,66
87,167,103,101,153,73
87,167,111,102,154,80
87,167,119,102,155,87
87,167,127,103,155,93
87,167,135,102,156,99
87,167,143,102,156,106
87,167,151,102,157,113
87,167,159,102,157,121
87,167,167,102,157,130
87,167,175,102,157,139
87,167,183,101,156,148
87,167,191,100,155,157
87,167,199,98,154,166
87,167,207,97,153,178
87,167,215,95,152,193
87,167,223,93,151,208
87,167,231,92,150,224
87,167,239,90,149,237
87,167,247,87,148,246
87,167,255,80,146,250
87,175,0,87,141,6
87,175,7,79,137,7
87,175,15,76,136,8
87,175,23,78,138,9
87,175,31,79,139,10
87,175,39,81,141,11
87,175,47,84,144,16
87,175,55,87,146,24
87,175,63,90,148,34
87,175,71,92,151,42
87,175,79,95,153,49
87,175,87,97,155,57
87,175,95,99,156,63
87,175,103,100,158,71
87,175,111,102,159,78
87,175,119,103,160,84
87,175,127,103,161,91
87,175,135,104,162,97
87,175,143,103,163,103
87,175,151,103,163,110
87,175,159,103,164,117
87,175,167,103,164,125
87,175,175,103,164,134
87,175,183,102,164,143
87,175,191,101,163,152
87,175,199,100,162,161
87,175,207,98,161,173
87,175,215,97,161,187
87,175,223,95,160,201
87,175,231,94,159,217
87,175,239,92,158,233
87,175,247,89,157,244
87,175,255,84,155,248
87,183,0,85,146,7
87,183,7,78,141,8
87,183,15,75,140,9
87,183,23,77,141,10
87,183,31,78,142,11
87,183,39,80,144,12
87,183,47,82,146,16
87,183,55,85,149,22
87,183,63,88,151,31
87,183,71,90,153,40
87,183,79,93,156,47
87,183,87,96,158,55
87,183,95,98,159,61
87,183,103,100,161,68
87,183,111,101,162,75
87,183,119,102,164,82
87,183,127,103,165,88
87,183,135,104,167,94
87,183,143,105,168,100
87,183,151,105,169,107
87,183,159,104,170,114
87,183,167,104,171,122
87,183,175,104,171,130
87,183,183,103,172,138
87,183,191,102,171,147
87,183,199,101,171,156
87,183,207,100,170,167
87,183,215,98,170,180
87,183,223,97,169,195
87,183,231,95,168,210
87,183,239,94,168,227
87,183,247,91,167,240
87,183,255,87,164,246
87,191,0,84,152,8
87,191,7,77,146,9
87,191,15,75,144,10
87,191,23,76,145,11
87,191,31,77,146,12
87,191,39,78,147,13
87,191,47,81,149,15
87,191,55,83,151,21
87,191,63,86,153,29
87,191,71,89,155,37
87,191,79,91,158,45
87,191,87,94,160,52
87,191,95,96,162,59
87,191,103,98,164,66
87,191,111,100,166,72
87,191,119,102,167,79
87,191,127,103,169,85
87,191,135,104,171,92
87,191,143,105,172,98
87,191,151,105,174,104
87,191,159,105,175,111
87,191,167,105,176,118
87,191,175,105,177,125
87,191,183,104,178,134
87,191,191,104,178,143
87,191,199,102,178,152
87,191,207,101,178,162
87,191,215,100,178,174
87,191,223,98,178,188
87,191,231,97,178,203
87,191,239,95,178,220
87,191,247,94,177,236
87,191,255,90,173,244
87,199,0,83,158,9
87,199,7,77,152,10
87,199,15,75,149,11
87,199,23,75,150,12
87,199,31,76,151,13
87,199,39,77,152,14
87,199,47,79,153,15
87,199,55,82,155,20
87,199,63,84,156,27
87,199,71,87,158,35
87,199,79,90,160,43
87,199,87,92,162,50
87,199,95,95,164,56
87,199,103,97,167,63
87,199,111,99,169,70
87,199,119,101,171,76
87,199,127,102,173,83
87,199,135,104,174,89
87,199,143,104,176,95
87,199,151,105,178,101
87,199,159,105,179,107
87,199,167,106,181,114
87,199,175,106,182,121
87,199,183,105,183,129
87,199,191,104,184,138
87,199,199,103,185,147
87,199,207,102,186,157
87,199,215,101,186,168
87,199,223,99,186,181
87,199,231,98,187,195
87,199,239,97,188,212
87,199,247,95,188,229
87,199,255,93,183,241
87,207,0,82,164,10
87,207,7,76,158,11
87,207,15,74,155,12
87,207,23,75,155,13
87,207,31,75,156,14
87,207,39,76,156,15
87,207,47,78,157,16
87,207,55,80,158,19
87,207,63,83,159,25
87,207,71,85,161,32
87,207,79,88,163,40
87,207,87,90,165,47
87,207,95,93,167,54
87,207,103,95,169,60
87,207,111,97,172,67
87,207,119,99,174,73
87,207,127,101,175,79
87,207,135,102,177,86
87,207,143,104,179,92
87,207,151,105,181,98
87,207,159,105,183,104
87,207,167,105,184,110
87,207,175,106,186,117
87,207,183,105,188,125
87,207,191,105,189,133
87,207,199,104,191,141
87,207,207,103,192,151
87,207,215,102,193,161
87,207,223,100,194,174
87,207,231,99,196,188
87,207,239,98,198,204
87,207,247,96,198,222
87,207,255,96,193,238
87,215,0,81,171,10
87,215,7,76,164,11
87,215,15,74,162,12
87,215,23,74,162,13
87,215,31,75,161,14
87,215,39,76,161,15
87,215,47,77,162,16
87,215,55,79,162,18
87,215,63,82,163,23
87,215,71,84,164,30
87,215,79,86,166,38
87,215,87,89,168,45
87,215,95,91,170,51
87,215,103,93,172,57
87,215,111,95,175,63
87,215,119,97,177,70
87,215,127,99,178,76
87,215,135,101,180,82
87,215,143,102,182,89
87,215,151,103,184,94
87,215,159,104,186,100
87,215,167,105,188,107
87,215,175,105,190,113
87,215,183,105,192,120
87,215,191,105,193,128
87,215,199,104,196,136
87,215,207,104,198,145
87,215,215,102,200,156
87,215,223,101,202,168
87,215,231,100,205,182
87,215,239,99,208,197
87,215,247,98,208,215
87,215,255,98,203,235
87,223,0,80,178,10
87,223,7,76,172,11
87,223,15,74,169,12
87,223,23,74,169,13
87,223,31,75,168,14
87,223,39,76,168,15
87,223,47,77,168,16
87,223,55,79,168,18
87,223,63,81,168,22
87,223,71,83,169,28
87,223,79,86,171,35
87,223,87,88,172,42
87,223,95,90,174,48
87,223,103,92,177,55
87,223,111,94,179,61
87,223,119,96,181,67
87,223,127,98,182,73
87,223,135,99,185,79
87,223,143,101,187,85
87,223,151,102,188,91
87,223,159,103,190,97
87,223,167,104,192,103
87,223,175,104,194,110
87,223,183,104,196,117
87,223,191,104,198,124
87,223,199,104,201,133
87,223,207,104,204,141
87,223,215,103,207,151
87,223,223,102,209,163
87,223,231,101,213,177
87,223,239,100,217,192
87,223,247,99,218,210
87,223,255,101,213,233
87,231,0,79,186,10
87,231,7,76,180,11
87,231,15,74,177,12
87,231,23,74,177,13
87,231,31,75,176,14
87,231,39,76,175,15
87,231,47,77,175,16
87,231,55,79,175,18
87,231,63,81,175,22
87,231,71,83,175,27
87,231,79,85,176,33
87,231,87,87,178,40
87,231,95,89,180,46
87,231,103,91,182,53
87,231,111,93,184,58
87,231,119,95,186,64
87,231,127,96,188,70
87,231,135,98,190,76
87,231,143,99,191,82
87,231,151,101,193,88
87,231,159,102,195,94
87,231,167,103,197,101
87,231,175,103,199,107
87,231,183,104,201,113
87,231,191,104,204,121
87,231,199,103,207,129
87,231,207,103,210,138
87,231,215,103,213,147
87,231,223,102,216,158
87,231,231,102,221,171
87,231,239,101,226,185
87,231,247,101,228,204
87,231,255,103,224,230
87,239,0,79,194,9
87,239,7,76,190,10
87,239,15,75,187,11
87,239,23,75,185,13
87,239,31,76,185,14
87,239,39,76,183,15
87,239,47,78,182,16
87,239,55,79,181,18
87,239,63,81,181,21
87,239,71,83,181,26
87,239,79,85,181,31
87,239,87,86,182,38
87,239,95,88,184,44
87,239,103,90,186,50
87,239,111,92,188,56
87,239,119,93,190,62
87,239,127,95,192,67
87,239,135,97,194,73
87,239,143,98,195,79
87,239,151,99,197,85
87,239,159,100,199,91
87,239,167,101,201,98
87,239,175,102,204,104
87,239,183,102,206,110
87,239,191,103,209,117
87,239,199,103,212,125
87,239,207,102,216,134
87,239,215,102,220,143
87,239,223,102,224,154
87,239,231,101,230,166
87,239,239,101,235,181
87,239,247,102,237,201
87,239,255,104,235,227
87,247,0,79,203,8
87,247,7,77,201,9
87,247,15,77,199,11
87,247,23,77,198,13
87,247,31,78,197,15
87,247,39,78,196,16
87,247,47,79,195,18
87,247,55,81,193,20
87,247,63,82,192,23
87,247,71,84,192,27
87,247,79,85,192,32
87,247,87,87,193,38
87,247,95,89,194,44
87,247,103,90,195,49
87,247,111,91,197,55
87,247,119,93,199,60
87,247,127,94,200,65
87,247,135,95,202,71
87,247,143,96,203,77
87,247,151,97,205,83
87,247,159,98,207,89
87,247,167,99,209,95
87,247,175,100,211,101
87,247,183,100,214,108
87,247,191,101,217,115
87,247,199,101,220,123
87,247,207,101,224,131
87,247,215,101,228,141
87,247,223,101,233,152
87,247,231,102,238,165
87,247,239,102,242,180
87,247,247,104,245,200
87,247,255,106,245,225
87,255,0,79,213,6
87,255,7,79,215,8
87,255,15,80,216,11
87,255,23,81,217,14
87,255,31,82,217,17
87,255,39,83,218,20
87,255,47,84,218,23
87,255,55,85,217,27
87,255,63,86,217,30
87,255,71,88,217,34
87,255,79,89,217,39
87,255,87,90,217,43
87,255,95,91,217,48
87,255,103,92,217,52
87,255,111,92,218,57
87,255,119,93,218,61
87,255,127,93,219,66
87,255,135,93,220,71
87,255,143,94,221,76
87,255,151,94,222,82
87,255,159,95,223,87
87,255,167,95,224,93
87,255,175,96,226,99
87,255,183,97,228,106
87,255,191,97,231,114
87,255,199,98,233,123
87,255,207,99,236,132
87,255,215,100,239,143
87,255,223,101,243,155
87,255,231,102,246,169
87,255,239,103,249,185
87,255,247,105,253,203
87,255,255,107,255,223
95,0,0,83,5,4
95,0,7,83,5,11
95,0,15,83,6,20
95,0,23,82,6,28
95,0,31,81,6,37
95,0,39,80,7,46
95,0,47,79,7,55
95,0,55,78,8,65
95,0,63,77,8,74
95,0,71,76,9,84
95,0,79,75,9,93
95,0,87,73,10,103
95,0,95,72,11,112
95,0,103,71,11,121
95,0,111,69,12,130
95,0,119,68,12,138
95,0,127,66,13,147
95,0,135,65,13,155
95,0,143,63,14,163
95,0,151,62,15,172
95,0,159,60,15,180
95,0,167,59,16,189
95,0,175,57,17,197
95,0,183,56,18,205
95,0,191,55,18,213
95,0,199,54,19,220
95,0,207,52,20,227
95,0,215,51,20,234
95,0,223,50,21,239
95,0,231,49,21,244
95,0,239,48,21,248
95,0,247,47,22,251
95,0,255,46,22,253
95,7,0,83,11,4
95,7,7,83,11,11
95,7,15,84,12,20
95,7,23,84,13,29
95,7,31,83,14,37
95,7,39,83,15,46
95,7,47,83,16,54
95,7,55,83,17,63
95,7,63,82,19,72
95,7,71,81,20,80
95,7,79,80,21,89
95,7,87,79,22,98
95,7,95,78,22,107
95,7,103,76,23,116
95,7,111,75,23,127
95,7,119,73,24,138
95,7,127,72,25,150
95,7,135,70,25,164
95,7,143,68,26,179
95,7,151,66,26,193
95,7,159,64,27,206
95,7,167,62,27,214
95,7,175,60,27,220
95,7,183,58,28,224
95,7,191,57,28,227
95,7,199,56,28,231
95,7,207,55,29,235
95,7,215,53,29,239
95,7,223,52,29,243
95,7,231,51,29,247
95,7,239,50,29,250
95,7,247,48,29,252
95,7,255,47,28,254
95,15,0,83,18,4
95,15,7,84,18,11
95,15,15,84,19,20
95,15,23,84,20,28
95,15,31,85,21,36
95,15,39,85,21,45
95,15,47,85,23,53
95,15,55,85,24,61
95,15,63,85,25,70
95,15,71,84,27,78
95,15,79,83,28,86
95,15,87,82,29,95
95,15,95,81,29,104
95,15,103,79,30,113
95,15,111,78,30,123
95,15,119,76,31,134
95,15,127,75,32,148
95,15,135,73,33,165
95,15,143,72,33,183
95,15,151,70,34,201
95,15,159,68,34,216
95,15,167,65,34,225
95,15,175,63,34,230
95,15,183,61,35,232
95,15,191,60,35,233
95,15,199,58,35,235
95,15,207,57,36,238
95,15,215,56,36,241
95,15,223,54,36,245
95,15,231,53,36,248
95,15,239,51,36,251
95,15,247,50,36,253
95,15,255,49,35,255
95,23,0,83,25,4
95,23,7,84,24,10
95,23,15,84,24,18
95,23,23,85,25,27
95,23,31,85,26,35
95,23,39,85,26,43
95,23,47,85,27,51
95,23,55,85,28,60
95,23,63,85,29,68
95,23,71,85,30,76
95,23,79,84,31,85
95,23,87,83,32,93
95,23,95,82,33,102
95,23,103,81,33,110
95,23,111,79,34,119
95,23,119,78,35,130
95,23,127,77,36,144
95,23,135,75,37,159
95,23,143,74,38,177
95,23,151,72,38,197
95,23,159,70,39,214
95,23,167,68,39,225
95,23,175,66,39,231
95,23,183,64,39,233
95,23,191,62,40,234
95,23,199,60,40,236
95,23,207,59,41,239
95,23,215,58,41,242
95,23,223,56,42,246
95,23,231,55,42,249
95,23,239,53,42,252
95,23,247,52,41,254
95,23,255,51,41,255
95,31,0,83,32,5
95,31,7,83,30,9
95,31,15,84,30,17
95,31,23,84,30,25
95,31,31,85,31,34
95,31,39,86,32,42
95,31,47,86,32,50
95,31,55,86,34,58
95,31,63,86,35,66
95,31,71,86,35,75
95,31,79,85,36,83
95,31,87,85,37,91
95,31,95,84,38,99
95,31,103,82,38,109
95,31,111,81,39,118
95,31,119,80,40,128
95,31,127,79,41,140
95,31,135,78,42,152
95,31,143,76,43,170
95,31,151,75,44,192
95,31,159,73,44,212
95,31,167,71,45,225
95,31,175,69,45,232
95,31,183,66,45,235
95,31,191,64,45,236
95,31,199,62,46,238
95,31,207,61,46,240
95,31,215,59,46,243
95,31,223,58,47,247
95,31,231,56,47,250
95,31,239,55,47,252
95,31,247,53,47,255
95,31,255,52,46,255
95,39,0,84,39,5
95,39,7,83,37,8
95,39,15,84,36,15
95,39,23,85,36,23
95,39,31,85,36,32
95,39,39,86,37,40
95,39,47,86,38,48
95,39,55,86,38,57
95,39,63,86,39,65
95,39,71,87,40,73
95,39,79,86,40,81
95,39,87,86,41,89
95,39,95,85,42,97
95,39,103,84,43,106
95,39,111,83,44,115
95,39,119,82,45,124
95,39,127,81,46,136
95,39,135,80,47,146
95,39,143,79,48,163
95,39,151,77,49,184
95,39,159,76,50,206
95,39,167,74,50,224
95,39,175,71,50,234
95,39,183,69,50,236
95,39,191,66,50,238
95,39,199,64,50,239
95,39,207,62,51,240
95,39,215,61,51,242
95,39,223,59,52,247
95,39,231,58,52,250
95,39,239,56,52,253
95,39,247,55,52,255
95,39,255,54,51,255
95,47,0,84,46,5
95,47,7,83,43,7
95,47,15,83,42,13
95,47,23,85,42,21
95,47,31,85,42,30
95,47,39,85,42,38
95,47,47,86,43,47
95,47,55,86,44,55
95,47,63,86,45,63
95,47,71,86,45,71
95,47,79,86,46,78
95,47,87,87,47,86
95,47,95,86,48,94
95,47,103,85,48,102
95,47,111,85,49,111
95,47,119,84,50,120
95,47,127,83,52,131
95,47,135,82,52,141
95,47,143,81,53,156
95,47,151,80,54,176
95,47,159,78,55,198
95,47,167,77,55,219
95,47,175,74,55,233
95,47,183,71,55,237
95,47,191,68,55,239
95,47,199,66,55,240
95,47,207,64,55,241
95,47,215,63,56,242
95,47,223,61,56,247
95,47,231,59,56,250
95,47,239,58,56,253
95,47,247,56,56,255
95,47,255,55,56,255
95,55,0,85,53,5
95,55,7,83,49,6
95,55,15,83,48,10
95,55,23,84,48,18
95,55,31,84,48,27
95,55,39,85,49,36
95,55,47,86,49,45
95,55,55,87,50,54
95,55,63,87,51,61
95,55,71,87,51,69
95,55,79,87,52,77
95,55,87,87,53,84
95,55,95,86,54,91
95,55,103,87,54,99
95,55,111,86,55,107
95,55,119,85,56,116
95,55,127,85,57,127
95,55,135,84,58,136
95,55,143,83,59,150
95,55,151,82,60,167
95,55,159,81,60,188
95,55,167,79,61,210
95,55,175,77,61,228
95,55,183,74,60,237
95,55,191,70,60,239
95,55,199,68,60,240
95,55,207,66,60,241
95,55,215,65,60,243
95,55,223,64,61,247
95,55,231,62,61,250
95,55,239,60,61,252
95,55,247,58,61,255
95,55,255,56,60,255
95,63,0,86,60,3
95,63,7,83,56,4
95,63,15,83,54,7
95,63,23,84,55,15
95,63,31,84,55,24
95,63,39,85,55,34
95,63,47,86,56,43
95,63,55,87,57,52
95,63,63,88,59,59
95,63,71,88,60,67
95,63,79,88,61,75
95,63,87,88,60,83
95,63,95,88,61,90
95,63,103,87,61,97
95,63,111,88,62,105
95,63,119,87,63,113
95,63,127,87,63,123
95,63,135,86,64,133
95,63,143,85,65,145
95,63,151,85,66,160
95,63,159,83,67,178
95,63,167,82,67,199
95,63,175,80,67,219
95,63,183,77,66,234
95,63,191,73,66,240
95,63,199,71,65,242
95,63,207,70,66,243
95,63,215,68,66,244
95,63,223,67,66,247
95,63,231,65,66,250
95,63,239,63,66,252
95,63,247,60,65,255
95,63,255,58,65,255
95,71,0,87,67,2
95,71,7,83,62,3
95,71,15,82,61,5
95,71,23,84,62,12
95,71,31,84,62,21
95,71,39,86,63,31
95,71,47,87,63,41
95,71,55,88,64,50
95,71,63,89,66,57
95,71,71,89,67,65
95,71,79,89,68,72
95,71,87,89,69,80
95,71,95,89,68,88
95,71,103,89,69,95
95,71,111,88,69,102
95,71,119,88,69,110
95,71,127,88,70,119
95,71,135,88,71,128
95,71,143,87,71,139
95,71,151,87,72,152
95,71,159,86,73,168
95,71,167,85,73,189
95,71,175,82,73,210
95,71,183,80,73,228
95,71,191,77,72,238
95,71,199,75,71,243
95,71,207,73,71,244
95,71,215,72,71,245
95,71,223,70,71,247
95,71,231,68,71,250
95,71,239,66,71,252
95,71,247,63,70,255
95,71,255,59,69,255
95,79,0,88,73,1
95,79,7,83,69,2
95,79,15,82,68,3
95,79,23,84,69,9
95,79,31,86,69,18
95,79,39,86,70,28
95,79,47,88,71,39
95,79,55,89,72,48
95,79,63,89,73,55
95,79,71,90,75,63
95,79,79,91,76,70
95,79,87,91,76,78
95,79,95,91,76,85
95,79,103,90,76,93
95,79,111,90,76,100
95,79,119,89,76,107
95,79,127,89,77,115
95,79,135,90,78,124
95,79,143,89,78,133
95,79,151,89,79,145
95,79,159,88,79,160
95,79,167,87,80,178
95,79,175,85,80,199
95,79,183,83,79,219
95,79,191,80,79,233
95,79,199,78,78,242
95,79,207,77,77,245
95,79,215,75,77,246
95,79,223,73,77,248
95,79,231,71,77,250
95,79,239,69,76,252
95,79,247,66,75,254
95,79,255,60,74,255
95,87,0,89,80,1
95,87,7,84,76,2
95,87,15,83,74,3
95,87,23,85,75,8
95,87,31,86,76,16
95,87,39,87,77,26
95,87,47,89,78,37
95,87,55,90,79,47
95,87,63,90,80,54
95,87,71,91,82,61
95,87,79,92,83,69
95,87,87,92,83,76
95,87,95,92,84,83
95,87,103,92,84,90
95,87,111,91,83,98
95,87,119,91,84,105
95,87,127,91,84,113
95,87,135,90,84,120
95,87,143,91,85,129
95,87,151,90,85,139
95,87,159,90,86,152
95,87,167,89,86,168
95,87,175,88,86,188
95,87,183,86,86,209
95,87,191,84,85,226
95,87,199,82,84,239
95,87,207,80,84,244
95,87,215,78,83,246
95,87,223,76,83,247
95,87,231,74,82,249
95,87,239,72,82,252
95,87,247,68,81,254
95,87,255,62,78,255
95,95,0,90,86,1
95,95,7,84,82,2
95,95,15,83,80,3
95,95,23,85,81,6
95,95,31,86,82,14
95,95,39,88,83,24
95,95,47,89,84,34
95,95,55,90,85,45
95,95,63,91,86,52
95,95,71,92,87,60
95,95,79,93,89,67
95,95,87,93,90,75
95,95,95,92,91,81
95,95,103,92,91,88
95,95,111,93,91,95
95,95,119,92,90,103
95,95,127,92,91,110
95,95,135,92,91,118
95,95,143,92,91,126
95,95,151,91,92,135
95,95,159,91,92,147
95,95,167,91,92,159
95,95,175,90,92,177
95,95,183,88,92,198
95,95,191,86,91,218
95,95,199,84,91,234
95,95,207,82,90,242
95,95,215,81,89,246
95,95,223,79,89,247
95,95,231,77,88,249
95,95,239,75,87,251
95,95,247,71,86,254
95,95,255,63,84,255
95,103,0,91,93,2
95,103,7,85,88,2
95,103,15,83,86,3
95,103,23,85,87,6
95,103,31,87,88,13
95,103,39,89,89,22
95,103,47,91,90,33
95,103,55,91,92,43
95,103,63,92,93,51
95,103,71,93,94,59
95,103,79,94,95,66
95,103,87,94,95,74
95,103,95,94,97,80
95,103,103,94,98,87
95,103,111,93,98,94
95,103,119,94,98,101
95,103,127,94,97,108
95,103,135,93,98,116
95,103,143,93,98,124
95,103,151,93,98,132
95,103,159,92,98,142
95,103,167,93,98,151
95,103,175,92,98,167
95,103,183,90,98,186
95,103,191,89,98,207
95,103,199,87,97,227
95,103,207,85,96,240
95,103,215,83,95,246
95,103,223,82,95,247
95,103,231,79,94,249
95,103,239,77,93,251
95,103,247,73,92,253
95,103,255,65,89,255
95,111,0,91,99,2
95,111,7,85,94,3
95,111,15,84,92,4
95,111,23,86,93,5
95,111,31,87,94,12
95,111,39,89,95,21
95,111,47,91,97,32
95,111,55,93,98,42
95,111,63,93,99,49
95,111,71,95,100,58
95,111,79,95,101,65
95,111,87,96,102,72
95,111,95,96,103,80
95,111,103,95,104,86
95,111,111,95,105,93
95,111,119,95,105,99
95,111,127,95,105,106
95,111,135,95,104,114
95,111,143,95,105,122
95,111,151,95,105,130
95,111,159,94,105,138
95,111,167,94,105,146
95,111,175,94,105,159
95,111,183,92,104,176
95,111,191,91,104,196
95,111,199,89,103,218
95,111,207,88,102,234
95,111,215,86,101,244
95,111,223,84,100,246
95,111,231,82,100,249
95,111,239,80,99,250
95,111,247,76,98,252
95,111,255,67,95,255
95,119,0,92,105,2
95,119,7,86,100,3
95,119,15,84,98,4
95,119,23,86,99,5
95,119,31,87,100,11
95,119,39,90,101,20
95,119,47,92,103,31
95,119,55,94,105,41
95,119,63,95,106,48
95,119,71,96,107,55
95,119,79,97,108,63
95,119,87,98,109,71
95,119,95,98,109,78
95,119,103,98,110,86
95,119,111,97,110,92
95,119,119,97,112,98
95,119,127,97,112,105
95,119,135,96,111,113
95,119,143,97,111,120
95,119,151,97,111,128
95,119,159,96,111,137
95,119,167,96,111,143
95,119,175,95,111,154
95,119,183,95,111,169
95,119,191,93,110,186
95,119,199,92,110,207
95,119,207,90,109,225
95,119,215,88,108,238
95,119,223,86,107,244
95,119,231,84,106,247
95,119,239,82,105,249
95,119,247,78,104,251
95,119,255,69,101,254
95,127,0,93,110,3
95,127,7,86,105,4
95,127,15,84,104,5
95,127,23,86,105,6
95,127,31,87,106,10
95,127,39,89,108,18
95,127,47,92,110,29
95,127,55,95,111,39
95,127,63,96,113,47
95,127,71,98,114,54
95,127,79,98,115,62
95,127,87,99,116,69
95,127,95,100,117,77
95,127,103,100,117,84
95,127,111,100,118,91
95,127,119,100,118,98
95,127,127,99,118,104
95,127,135,99,118,111
95,127,143,98,118,119
95,127,151,99,118,126
95,127,159,98,118,135
95,127,167,98,118,144
95,127,175,97,118,153
95,127,183,96,117,165
95,127,191,96,117,179
95,127,199,94,116,196
95,127,207,92,115,215
95,127,215,91,114,231
95,127,223,89,113,240
95,127,231,86,112,245
95,127,239,84,111,248
95,127,247,80,110,250
95,127,255,71,108,253
95,135,0,93,116,3
95,135,7,86,111,4
95,135,15,84,110,5
95,135,23,86,111,6
95,135,31,87,113,9
95,135,39,90,114,17
95,135,47,93,116,27
95,135,55,95,118,37
95,135,63,97,120,45
95,135,71,99,121,53
95,135,79,100,123,60
95,135,87,100,124,68
95,135,95,101,124,75
95,135,103,102,125,83
95,135,111,102,125,89
95,135,119,102,126,96
95,135,127,102,126,103
95,135,135,100,126,110
95,135,143,100,126,117
95,135,151,100,126,125
95,135,159,101,126,133
95,135,167,100,125,142
95,135,175,99,125,152
95,135,183,98,124,161
95,135,191,97,124,174
95,135,199,96,123,189
95,135,207,95,122,206
95,135,215,93,121,223
95,135,223,91,120,235
95,135,231,89,119,243
95,135,239,86,118,247
95,135,247,82,117,250
95,135,255,74,114,253
95,143,0,93,121,4
95,143,7,86,117,4
95,143,15,84,116,5
95,143,23,86,118,6
95,143,31,87,119,9
95,143,39,90,121,16
95,143,47,93,123,25
95,143,55,96,126,35
95,143,63,98,127,44
95,143,71,100,129,51
95,143,79,101,130,59
95,143,87,103,132,66
95,143,95,102,132,74
95,143,103,103,133,81
95,143,111,103,133,87
95,143,119,103,133,95
95,143,127,103,134,101
95,143,135,103,134,108
95,143,143,102,134,115
95,143,151,102,134,123
95,143,159,102,134,131
95,143,167,102,133,140
95,143,175,101,133,150
95,143,183,100,132,159
95,143,191,99,131,170
95,143,199,98,130,183
95,143,207,97,129,199
95,143,215,95,128,216
95,143,223,93,127,230
95,143,231,91,126,240
95,143,239,89,125,246
95,143,247,85,124,250
95,143,255,77,122,253
95,151,0,93,126,4
95,151,7,86,122,5
95,151,15,83,121,6
95,151,23,85,123,7
95,151,31,87,125,9
95,151,39,89,127,14
95,151,47,93,130,23
95,151,55,96,133,33
95,151,63,98,135,42
95,151,71,100,137,50
95,151,79,102,138,57
95,151,87,103,139,64
95,151,95,104,140,72
95,151,103,105,141,79
95,151,111,105,141,86
95,151,119,105,141,92
95,151,127,105,141,99
95,151,135,105,142,106
95,151,143,105,142,113
95,151,151,105,142,121
95,151,159,104,142,129
95,151,167,104,141,138
95,151,175,103,141,147
95,151,183,102,140,157
95,151,191,101,139,167
95,151,199,100,138,178
95,151,207,98,137,193
95,151,215,98,136,209
95,151,223,96,135,224
95,151,231,93,133,236
95,151,239,91,132,245
95,151,247,87,131,250
95,151,255,80,129,252
95,159,0,93,131,5
95,159,7,85,127,6
95,159,15,83,127,7
95,159,23,85,128,8
95,159,31,86,130,9
95,159,39,88,132,13
95,159,47,92,136,21
95,159,55,95,139,31
95,159,63,98,141,40
95,159,71,100,143,48
95,159,79,102,144,55
95,159,87,104,146,62
95,159,95,105,147,70
95,159,103,106,147,77
95,159,111,106,148,84
95,159,119,106,148,90
95,159,127,106,148,97
95,159,135,106,149,104
95,159,143,106,149,111
95,159,151,106,149,118
95,159,159,106,149,126
95,159,167,106,149,135
95,159,175,105,149,144
95,159,183,104,148,153
95,159,191,103,147,164
95,159,199,102,146,173
95,159,207,100,145,187
95,159,215,99,144,203
95,159,223,98,143,219
95,159,231,95,141,232
95,159,239,93,141,242
95,159,247,90,139,249
95,159,255,83,137,252
95,167,0,92,136,6
95,167,7,84,132,7
95,167,15,82,132,8
95,167,23,84,134,9
95,167,31,85,135,10
95,167,39,88,138,12
95,167,47,91,141,19
95,167,55,94,144,29
95,167,63,97,146,38
95,167,71,99,148,46
95,167,79,101,150,53
95,167,87,103,152,61
95,167,95,105,152,68
95,167,103,106,153,75
95,167,111,107,154,82
95,167,119,108,155,89
95,167,127,107,155,95
95,167,135,107,156,101
95,167,143,107,156,108
95,167,151,107,157,115
95,167,159,107,157,123
95,167,167,107,157,132
95,167,175,107,157,140
95,167,183,106,156,150
95,167,191,105,155,160
95,167,199,103,154,168
95,167,207,102,153,181
95,167,215,100,152,196
95,167,223,99,151,212
95,167,231,97,150,227
95,167,239,95,149,240
95,167,247,92,148,248
95,167,255,86,146,251
95,175,0,91,142,7
95,175,7,84,137,8
95,175,15,81,136,9
95,175,23,83,138,10
95,175,31,84,139,11
95,175,39,86,142,12
95,175,47,89,144,18
95,175,55,93,147,26
95,175,63,95,149,36
95,175,71,98,152,44
95,175,79,100,154,51
95,175,87,102,156,59
95,175,95,104,157,66
95,175,103,106,158,73
95,175,111,107,159,80
95,175,119,108,160,86
95,175,127,108,161,93
95,175,135,109,162,99
95,175,143,108,163,105
95,175,151,108,163,112
95,175,159,108,164,119
95,175,167,108,164,127
95,175,175,108,165,137
95,175,183,107,164,146
95,175,191,106,164,155
95,175,199,105,163,163
95,175,207,104,162,175
95,175,215,102,161,190
95,175,223,100,160,205
95,175,231,98,159,221
95,175,239,97,158,236
95,175,247,94,157,246
95,175,255,89,154,249
95,183,0,90,147,8
95,183,7,83,142,9
95,183,15,81,140,10
95,183,23,82,142,11
95,183,31,83,143,12
95,183,39,85,145,13
95,183,47,88,147,17
95,183,55,91,150,24
95,183,63,93,152,33
95,183,71,96,154,42
95,183,79,99,157,49
95,183,87,101,159,56
95,183,95,103,160,63
95,183,103,105,162,70
95,183,111,106,163,77
95,183,119,108,165,84
95,183,127,108,166,90
95,183,135,109,167,97
95,183,143,110,168,103
95,183,151,109,169,109
95,183,159,109,170,116
95,183,167,109,171,124
95,183,175,109,172,132
95,183,183,108,172,140
95,183,191,108,172,149
95,183,199,106,171,159
95,183,207,105,171,170
95,183,215,104,170,182
95,183,223,102,170,198
95,183,231,100,169,214
95,183,239,99,168,230
95,183,247,97,167,243
95,183,255,92,164,247
95,191,0,89,153,8
95,191,7,82,147,9
95,191,15,80,145,10
95,191,23,81,146,11
95,191,31,82,147,12
95,191,39,83,148,13
95,191,47,86,150,17
95,191,55,89,152,23
95,191,63,91,155,31
95,191,71,94,157,39
95,191,79,97,159,47
95,191,87,99,161,54
95,191,95,101,163,61
95,191,103,103,165,68
95,191,111,105,167,75
95,191,119,107,168,81
95,191,127,108,170,88
95,191,135,109,172,94
95,191,143,110,173,100
95,191,151,110,174,106
95,191,159,110,176,113
95,191,167,110,177,120
95,191,175,110,178,128
95,191,183,109,178,136
95,191,191,109,179,145
95,191,199,108,179,154
95,191,207,106,179,165
95,191,215,105,179,177
95,191,223,104,179,190
95,191,231,102,178,206
95,191,239,100,179,223
95,191,247,99,178,239
95,191,255,95,173,245
95,199,0,88,159,9
95,199,7,82,152,10
95,199,15,79,150,11
95,199,23,80,151,12
95,199,31,81,151,13
95,199,39,82,152,14
95,199,47,85,154,16
95,199,55,87,156,21
95,199,63,90,158,29
95,199,71,92,160,37
95,199,79,95,162,45
95,199,87,97,164,52
95,199,95,100,166,58
95,199,103,102,168,65
95,199,111,104,170,72
95,199,119,106,172,79
95,199,127,107,174,85
95,199,135,108,176,91
95,199,143,109,177,97
95,199,151,110,179,103
95,199,159,110,180,110
95,199,167,111,182,117
95,199,175,110,183,124
95,199,183,110,184,132
95,199,191,109,185,140
95,199,199,108,186,149
95,199,207,107,187,159
95,199,215,106,187,170
95,199,223,105,187,183
95,199,231,103,188,198
95,199,239,102,189,215
95,199,247,100,188,232
95,199,255,98,183,243
95,207,0,87,165,10
95,207,7,81,158,11
95,207,15,79,156,12
95,207,23,80,156,13
95,207,31,80,156,14
95,207,39,81,157,15
95,207,47,83,158,16
95,207,55,86,159,20
95,207,63,88,161,27
95,207,71,90,162,34
95,207,79,93,164,42
95,207,87,95,166,49
95,207,95,98,168,55
95,207,103,100,171,62
95,207,111,102,173,69
95,207,119,104,175,75
95,207,127,106,177,82
95,207,135,107,179,88
95,207,143,109,181,94
95,207,151,110,182,100
95,207,159,110,183,106
95,207,167,110,185,113
95,207,175,111,187,120
95,207,183,111,188,127
95,207,191,109,190,135
95,207,199,109,192,144
95,207,207,108,193,153
95,207,215,107,194,164
95,207,223,106,195,177
95,207,231,105,197,191
95,207,239,103,199,207
95,207,247,102,199,224
95,207,255,101,193,240
95,215,0,86,172,11
95,215,7,81,165,12
95,215,15,79,162,13
95,215,23,79,162,14
95,215,31,80,162,15
95,215,39,81,162,16
95,215,47,83,163,17
95,215,55,85,163,19
95,215,63,87,164,25
95,215,71,89,166,32
95,215,79,91,167,39
95,215,87,94,169,46
95,215,95,96,171,53
95,215,103,98,174,59
95,215,111,100,176,66
95,215,119,102,178,72
95,215,127,104,179,78
95,215,135,106,181,85
95,215,143,107,183,91
95,215,151,108,185,97
95,215,159,109,186,103
95,215,167,110,188,109
95,215,175,110,190,116
95,215,183,110,192,123
95,215,191,110,194,131
95,215,199,110,197,139
95,215,207,108,199,148
95,215,215,107,201,158
95,215,223,106,203,170
95,215,231,106,206,184
95,215,239,104,209,200
95,215,247,103,209,218
95,215,255,103,204,237
95,223,0,85,179,11
95,223,7,81,173,12
95,223,15,79,170,13
95,223,23,79,170,14
95,223,31,80,169,15
95,223,39,81,169,16
95,223,47,82,169,17
95,223,55,84,169,19
95,223,63,86,169,24
95,223,71,88,170,30
95,223,79,90,172,37
95,223,87,93,173,44
95,223,95,95,175,50
95,223,103,97,177,56
95,223,111,99,180,63
95,223,119,101,182,69
95,223,127,103,183,75
95,223,135,104,185,82
95,223,143,106,187,88
95,223,151,107,189,94
95,223,159,108,190,100
95,223,167,109,192,106
95,223,175,109,195,112
95,223,183,110,197,119
95,223,191,110,199,127
95,223,199,109,202,135
95,223,207,109,205,144
95,223,215,108,208,154
95,223,223,107,211,165
95,223,231,106,214,179
95,223,239,105,218,194
95,223,247,105,219,212
95,223,255,105,214,234
95,231,0,84,187,11
95,231,7,80,181,12
95,231,15,79,178,13
95,231,23,79,177,14
95,231,31,80,176,15
95,231,39,81,176,16
95,231,47,82,176,17
95,231,55,84,176,19
95,231,63,86,176,23
95,231,71,88,177,29
95,231,79,90,178,35
95,231,87,92,179,42
95,231,95,94,180,48
95,231,103,96,183,54
95,231,111,98,185,60
95,231,119,99,187,66
95,231,127,101,188,72
95,231,135,103,190,79
95,231,143,104,192,85
95,231,151,106,194,91
95,231,159,107,195,97
95,231,167,108,198,103
95,231,175,109,200,110
95,231,183,109,202,116
95,231,191,109,205,123
95,231,199,109,208,132
95,231,207,109,211,140
95,231,215,108,214,150
95,231,223,108,218,161
95,231,231,107,223,173
95,231,239,106,227,187
95,231,247,106,229,206
95,231,255,107,225,232
95,239,0,83,195,10
95,239,7,80,190,11
95,239,15,79,187,12
95,239,23,80,186,13
95,239,31,80,185,15
95,239,39,81,184,16
95,239,47,82,183,17
95,239,55,84,182,19
95,239,63,86,182,23
95,239,71,87,182,27
95,239,79,89,182,33
95,239,87,91,183,40
95,239,95,93,185,46
95,239,103,95,187,52
95,239,111,96,189,58
95,239,119,98,190,64
95,239,127,100,192,70
95,239,135,101,194,76
95,239,143,103,196,82
95,239,151,104,198,88
95,239,159,105,199,94
95,239,167,107,202,100
95,239,175,107,204,107
95,239,183,108,207,113
95,239,191,108,210,120
95,239,199,108,213,128
95,239,207,108,217,136
95,239,215,108,221,146
95,239,223,107,225,156
95,239,231,107,231,168
95,239,239,107,236,183
95,239,247,108,238,203
95,239,255,110,235,229
95,247,0,82,205,9
95,247,7,81,202,10
95,247,15,81,200,11
95,247,23,81,199,13
95,247,31,82,198,15
95,247,39,83,197,17
95,247,47,84,195,19
95,247,55,85,194,21
95,247,63,87,193,24
95,247,71,88,193,29
95,247,79,90,193,34
95,247,87,92,193,40
95,247,95,93,194,46
95,247,103,95,196,51
95,247,111,96,197,57
95,247,119,97,199,62
95,247,127,99,200,68
95,247,135,100,202,74
95,247,143,101,204,80
95,247,151,103,205,86
95,247,159,104,207,92
95,247,167,105,209,98
95,247,175,105,212,104
95,247,183,106,215,111
95,247,191,106,218,118
95,247,199,107,221,126
95,247,207,107,225,134
95,247,215,107,229,144
95,247,223,107,234,155
95,247,231,107,239,167
95,247,239,108,244,182
95,247,247,109,246,202
95,247,255,112,246,227
95,255,0,82,215,7
95,255,7,83,216,9
95,255,15,84,217,11
95,255,23,85,218,14
95,255,31,86,218,17
95,255,39,87,219,20
95,255,47,88,219,24
95,255,55,90,218,28
95,255,63,91,218,31
95,255,71,92,218,36
95,255,79,93,218,40
95,255,87,95,218,45
95,255,95,96,218,49
95,255,103,97,218,54
95,255,111,97,218,59
95,255,119,98,219,64
95,255,127,98,220,69
95,255,135,99,221,74
95,255,143,99,222,79
95,255,151,100,223,85
95,255,159,101,224,90
95,255,167,101,226,96
95,255,175,102,228,103
95,255,183,103,230,109
95,255,191,104,232,117
95,255,199,104,235,126
95,255,207,105,238,136
95,255,215,106,241,146
95,255,223,107,244,159
95,255,231,108,247,173
95,255,239,110,251,188
95,255,247,111,254,205
95,255,255,113,255,226
103,0,0,89,5,5
103,0,7,89,6,12
103,0,15,89,6,20
103,0,23,89,6,28
103,0,31,88,7,37
103,0,39,87,7,46
103,0,47,86,8,55
103,0,55,85,8,64
103,0,63,84,9,74
103,0,71,83,9,83
103,0,79,82,10,92
103,0,87,80,10,102
103,0,95,79,11,111
103,0,103,77,11,120
103,0,111,76,12,129
103,0,119,75,12,138
103,0,127,73,13,146
103,0,135,71,13,154
103,0,143,69,14,163
103,0,151,68,15,172
103,0,159,66,15,181
103,0,167,65,16,189
103,0,175,63,17,198
103,0,183,62,18,206
103,0,191,60,18,214
103,0,199,59,19,221
103,0,207,57,20,228
103,0,215,56,20,235
103,0,223,55,21,240
103,0,231,54,21,245
103,0,239,52,22,249
103,0,247,51,22,252
103,0,255,50,22,253
103,7,0,89,11,5
103,7,7,90,12,12
103,7,15,90,13,21
103,7,23,90,14,29
103,7,31,90,14,37
103,7,39,90,15,46
103,7,47,90,16,54
103,7,55,89,18,63
103,7,63,89,19,72
103,7,71,88,20,80
103,7,79,87,21,89
103,7,87,86,22,97
103,7,95,85,23,106
103,7,103,83,23,116
103,7,111,82,24,125
103,7,119,80,24,136
103,7,127,79,25,148
103,7,135,77,25,161
103,7,143,75,26,176
103,7,151,73,26,191
103,7,159,71,27,204
103,7,167,69,27,213
103,7,175,66,27,220
103,7,183,64,27,224
103,7,191,63,28,228
103,7,199,61,28,231
103,7,207,60,28,235
103,7,215,58,29,240
103,7,223,57,29,244
103,7,231,56,29,247
103,7,239,54,29,250
103,7,247,53,29,253
103,7,255,52,28,254
103,15,0,89,18,5
103,15,7,90,18,12
103,15,15,90,19,20
103,15,23,91,20,29
103,15,31,91,21,37
103,15,39,91,22,45
103,15,47,91,23,53
103,15,55,91,24,62
103,15,63,91,26,70
103,15,71,91,27,78
103,15,79,90,28,86
103,15,87,89,29,94
103,15,95,88,30,103
103,15,103,86,30,112
103,15,111,85,31,121
103,15,119,83,31,133
103,15,127,82,32,146
103,15,135,81,33,161
103,15,143,79,33,179
103,15,151,77,34,197
103,15,159,75,34,213
103,15,167,72,34,224
103,15,175,70,34,230
103,15,183,67,34,232
103,15,191,65,35,233
103,15,199,64,35,235
103,15,207,62,35,238
103,15,215,61,36,242
103,15,223,59,36,246
103,15,231,58,36,249
103,15,239,56,36,252
103,15,247,55,35,254
103,15,255,54,34,255
103,23,0,89,24,5
103,23,7,90,24,11
103,23,15,90,24,19
103,23,23,91,25,28
103,23,31,91,26,36
103,23,39,91,26,44
103,23,47,92,27,52
103,23,55,92,28,60
103,23,63,92,29,68
103,23,71,91,30,77
103,23,79,91,31,85
103,23,87,90,32,93
103,23,95,89,33,101
103,23,103,88,33,110
103,23,111,86,34,119
103,23,119,85,35,129
103,23,127,84,36,142
103,23,135,82,37,156
103,23,143,81,37,174
103,23,151,79,38,193
103,23,159,77,38,211
103,23,167,75,39,224
103,23,175,72,39,231
103,23,183,70,39,233
103,23,191,68,40,234
103,23,199,66,40,236
103,23,207,64,40,239
103,23,215,63,41,242
103,23,223,61,41,246
103,23,231,60,41,249
103,23,239,58,41,252
103,23,247,56,41,254
103,23,255,55,40,255
103,31,0,89,31,5
103,31,7,90,30,10
103,31,15,90,30,18
103,31,23,91,30,26
103,31,31,91,31,35
103,31,39,92,31,42
103,31,47,92,32,50
103,31,55,92,33,59
103,31,63,92,34,67
103,31,71,92,35,75
103,31,79,92,36,83
103,31,87,91,37,91
103,31,95,90,37,99
103,31,103,89,38,108
103,31,111,88,39,118
103,31,119,87,40,128
103,31,127,86,41,139
103,31,135,84,42,150
103,31,143,83,43,167
103,31,151,82,43,188
103,31,159,80,44,209
103,31,167,77,44,224
103,31,175,75,44,232
103,31,183,72,44,235
103,31,191,70,45,236
103,31,199,67,45,238
103,31,207,66,45,240
103,31,215,64,46,243
103,31,223,63,46,247
103,31,231,61,46,250
103,31,239,59,46,252
103,31,247,58,46,255
103,31,255,56,46,255
103,39,0,89,38,5
103,39,7,89,36,9
103,39,15,90,35,16
103,39,23,91,36,25
103,39,31,92,36,33
103,39,39,92,37,41
103,39,47,93,37,49
103,39,55,93,38,57
103,39,63,93,39,65
103,39,71,93,40,73
103,39,79,92,40,81
103,39,87,92,41,89
103,39,95,91,42,97
103,39,103,90,43,106
103,39,111,89,43,115
103,39,119,89,45,124
103,39,127,88,46,135
103,39,135,87,47,145
103,39,143,85,48,161
103,39,151,84,49,181
103,39,159,82,49,203
103,39,167,80,49,222
103,39,175,77,49,233
103,39,183,74,49,236
103,39,191,71,49,237
103,39,199,69,49,239
103,39,207,67,50,240
103,39,215,66,50,242
103,39,223,64,51,247
103,39,231,63,51,250
103,39,239,61,51,253
103,39,247,59,51,255
103,39,255,58,51,255
103,47,0,90,45,5
103,47,7,89,42,8
103,47,15,90,41,14
103,47,23,91,41,22
103,47,31,92,42,31
103,47,39,92,42,39
103,47,47,92,43,48
103,47,55,92,44,56
103,47,63,93,44,63
103,47,71,92,45,71
103,47,79,93,46,79
103,47,87,93,46,87
103,47,95,92,47,95
103,47,103,92,48,103
103,47,111,91,49,111
103,47,119,90,50,120
103,47,127,89,51,131
103,47,135,89,52,140
103,47,143,88,53,155
103,47,151,86,54,174
103,47,159,85,54,195
103,47,167,83,55,217
103,47,175,80,54,232
103,47,183,77,54,237
103,47,191,73,54,238
103,47,199,71,54,239
103,47,207,69,54,240
103,47,215,67,55,242
103,47,223,66,55,247
103,47,231,64,55,250
103,47,239,63,55,252
103,47,247,61,55,255
103,47,255,59,55,255
103,55,0,91,52,5
103,55,7,89,48,6
103,55,15,89,47,11
103,55,23,91,47,20
103,55,31,92,48,28
103,55,39,92,48,37
103,55,47,92,49,46
103,55,55,93,50,54
103,55,63,93,50,62
103,55,71,93,51,69
103,55,79,93,52,77
103,55,87,93,53,85
103,55,95,94,53,92
103,55,103,93,54,100
103,55,111,92,55,108
103,55,119,92,56,117
103,55,127,91,57,127
103,55,135,90,58,136
103,55,143,90,59,149
103,55,151,89,60,166
103,55,159,87,60,186
103,55,167,85,60,208
103,55,175,83,60,227
103,55,183,79,60,237
103,55,191,76,59,239
103,55,199,73,59,240
103,55,207,71,59,241
103,55,215,70,59,242
103,55,223,69,60,247
103,55,231,67,60,250
103,55,239,65,60,252
103,55,247,63,60,255
103,55,255,60,60,255
103,63,0,92,59,4
103,63,7,89,55,5
103,63,15,89,53,8
103,63,23,90,54,17
103,63,31,92,54,25
103,63,39,92,55,35
103,63,47,93,56,45
103,63,55,94,57,53
103,63,63,94,57,60
103,63,71,94,58,68
103,63,79,94,59,76
103,63,87,94,60,83
103,63,95,94,60,90
103,63,103,93,61,98
103,63,111,94,62,105
103,63,119,93,62,114
103,63,127,93,63,123
103,63,135,92,64,133
103,63,143,92,65,145
103,63,151,91,66,159
103,63,159,89,66,177
103,63,167,88,67,198
103,63,175,86,66,218
103,63,183,82,66,234
103,63,191,79,65,240
103,63,199,76,65,242
103,63,207,75,65,243
103,63,215,73,65,244
103,63,223,71,65,247
103,63,231,70,65,250
103,63,239,67,65,252
103,63,247,65,65,255
103,63,255,62,64,255
103,71,0,92,66,2
103,71,7,89,61,3
103,71,15,89,60,6
103,71,23,90,61,14
103,71,31,92,61,23
103,71,39,92,62,32
103,71,47,93,63,43
103,71,55,94,64,51
103,71,63,95,65,58
103,71,71,95,67,66
103,71,79,95,67,74
103,71,87,95,68,81
103,71,95,95,68,89
103,71,103,95,68,96
103,71,111,94,69,103
103,71,119,94,69,111
103,71,127,94,70,120
103,71,135,94,70,129
103,71,143,93,71,140
103,71,151,93,72,152
103,71,159,92,73,168
103,71,167,91,73,188
103,71,175,88,73,209
103,71,183,86,72,227
103,71,191,82,71,238
103,71,199,80,71,243
103,71,207,78,71,244
103,71,215,76,71,246
103,71,223,75,71,247
103,71,231,73,70,250
103,71,239,71,70,252
103,71,247,68,70,254
103,71,255,63,69,255
103,79,0,93,72,2
103,79,7,89,68,2
103,79,15,89,67,4
103,79,23,91,68,11
103,79,31,92,68,20
103,79,39,92,69,30
103,79,47,94,70,41
103,79,55,95,71,50
103,79,63,95,72,57
103,79,71,96,74,64
103,79,79,96,75,72
103,79,87,96,76,79
103,79,95,96,76,86
103,79,103,96,75,94
103,79,111,96,76,101
103,79,119,95,76,107
103,79,127,95,77,116
103,79,135,95,77,125
103,79,143,95,78,134
103,79,151,94,78,146
103,79,159,94,79,160
103,79,167,93,80,177
103,79,175,91,80,198
103,79,183,89,79,218
103,79,191,86,78,233
103,79,199,83,77,242
103,79,207,81,77,245
103,79,215,80,76,246
103,79,223,78,76,248
103,79,231,76,76,250
103,79,239,74,76,252
103,79,247,70,75,254
103,79,255,65,73,255
103,87,0,94,79,1
103,87,7,89,75,2
103,87,15,89,73,3
103,87,23,91,74,9
103,87,31,92,75,18
103,87,39,93,76,28
103,87,47,94,77,38
103,87,55,96,78,48
103,87,63,96,79,55
103,87,71,97,81,62
103,87,79,97,82,70
103,87,87,98,83,77
103,87,95,98,83,84
103,87,103,97,83,91
103,87,111,97,83,99
103,87,119,97,83,106
103,87,127,96,83,113
103,87,135,96,84,121
103,87,143,97,84,130
103,87,151,96,85,140
103,87,159,95,85,152
103,87,167,95,86,168
103,87,175,93,86,187
103,87,183,91,86,208
103,87,191,89,85,226
103,87,199,87,84,238
103,87,207,85,83,245
103,87,215,83,82,247
103,87,223,81,82,248
103,87,231,79,82,249
103,87,239,77,81,252
103,87,247,73,80,254
103,87,255,66,78,255
103,95,0,95,86,1
103,95,7,90,81,2
103,95,15,89,79,3
103,95,23,91,80,8
103,95,31,92,81,16
103,95,39,94,82,26
103,95,47,95,84,36
103,95,55,96,85,47
103,95,63,97,86,54
103,95,71,98,87,61
103,95,79,98,89,68
103,95,87,99,89,76
103,95,95,99,90,83
103,95,103,99,90,89
103,95,111,98,90,96
103,95,119,98,91,103
103,95,127,97,90,111
103,95,135,97,91,119
103,95,143,97,91,126
103,95,151,97,91,136
103,95,159,97,92,147
103,95,167,96,92,159
103,95,175,95,92,177
103,95,183,94,92,197
103,95,191,92,91,217
103,95,199,90,90,234
103,95,207,88,89,243
103,95,215,86,89,246
103,95,223,84,88,247
103,95,231,82,87,249
103,95,239,79,87,251
103,95,247,76,85,254
103,95,255,68,83,255
103,103,0,96,92,2
103,103,7,90,87,2
103,103,15,89,86,3
103,103,23,91,87,7
103,103,31,93,87,14
103,103,39,95,89,24
103,103,47,97,90,35
103,103,55,97,91,45
103,103,63,98,92,52
103,103,71,99,93,60
103,103,79,99,94,67
103,103,87,100,96,74
103,103,95,100,96,81
103,103,103,99,97,88
103,103,111,99,97,94
103,103,119,99,97,101
103,103,127,99,97,109
103,103,135,99,97,117
103,103,143,99,98,125
103,103,151,98,98,132
103,103,159,98,98,142
103,103,167,98,98,152
103,103,175,97,98,167
103,103,183,96,98,186
103,103,191,94,98,207
103,103,199,92,97,227
103,103,207,90,96,240
103,103,215,88,95,247
103,103,223,86,94,248
103,103,231,84,93,250
103,103,239,82,93,251
103,103,247,78,91,253
103,103,255,70,88,255
103,111,0,97,98,2
103,111,7,91,93,3
103,111,15,90,91,4
103,111,23,92,93,6
103,111,31,93,93,13
103,111,39,95,95,23
103,111,47,97,96,34
103,111,55,99,98,43
103,111,63,99,98,50
103,111,71,100,99,59
103,111,79,101,100,66
103,111,87,101,101,73
103,111,95,101,102,81
103,111,103,100,103,87
103,111,111,100,104,93
103,111,119,100,104,100
103,111,127,101,104,107
103,111,135,100,104,115
103,111,143,100,104,122
103,111,151,100,104,131
103,111,159,100,104,139
103,111,167,99,104,147
103,111,175,99,104,159
103,111,183,98,104,177
103,111,191,96,104,197
103,111,199,95,103,218
103,111,207,93,102,235
103,111,215,91,101,245
103,111,223,89,100,248
103,111,231,87,99,250
103,111,239,85,99,251
103,111,247,81,97,252
103,111,255,72,94,254
103,119,0,97,104,2
103,119,7,91,99,3
103,119,15,90,97,4
103,119,23,92,98,6
103,119,31,93,100,12
103,119,39,96,101,22
103,119,47,98,103,33
103,119,55,100,104,42
103,119,63,101,105,49
103,119,71,101,106,57
103,119,79,102,107,65
103,119,87,103,108,72
103,119,95,103,109,80
103,119,103,103,109,86
103,119,111,102,111,92
103,119,119,102,111,99
103,119,127,102,111,106
103,119,135,102,112,113
103,119,143,102,111,121
103,119,151,102,111,129
103,119,159,101,111,137
103,119,167,101,111,144
103,119,175,100,111,155
103,119,183,100,111,169
103,119,191,99,110,187
103,119,199,97,109,208
103,119,207,95,108,226
103,119,215,93,107,240
103,119,223,91,106,246
103,119,231,89,105,249
103,119,239,87,105,250
103,119,247,83,103,251
103,119,255,74,100,254
103,127,0,98,110,3
103,127,7,91,105,4
103,127,15,90,103,5
103,127,23,92,105,6
103,127,31,93,106,11
103,127,39,96,107,20
103,127,47,98,109,31
103,127,55,100,111,41
103,127,63,102,112,48
103,127,71,103,113,55
103,127,79,103,114,63
103,127,87,104,115,71
103,127,95,105,116,78
103,127,103,105,116,85
103,127,111,105,117,92
103,127,119,104,117,98
103,127,127,104,119,104
103,127,135,104,119,111
103,127,143,103,118,119
103,127,151,104,118,127
103,127,159,103,118,136
103,127,167,103,118,145
103,127,175,102,118,154
103,127,183,101,117,165
103,127,191,101,117,180
103,127,199,99,116,198
103,127,207,98,115,217
103,127,215,96,114,233
103,127,223,94,113,242
103,127,231,91,112,247
103,127,239,89,111,250
103,127,247,85,110,251
103,127,255,76,107,253
103,135,0,98,115,3
103,135,7,91,111,4
103,135,15,90,110,5
103,135,23,92,111,6
103,135,31,94,112,11
103,135,39,96,114,19
103,135,47,99,116,29
103,135,55,101,118,39
103,135,63,103,119,47
103,135,71,104,121,54
103,135,79,106,122,62
103,135,87,106,123,69
103,135,95,106,124,76
103,135,103,107,124,84
103,135,111,107,125,91
103,135,119,107,125,97
103,135,127,107,125,104
103,135,135,105,125,111
103,135,143,105,125,118
103,135,151,105,125,125
103,135,159,106,125,134
103,135,167,105,125,143
103,135,175,104,125,153
103,135,183,103,124,162
103,135,191,102,124,175
103,135,199,102,123,190
103,135,207,100,122,208
103,135,215,98,121,225
103,135,223,96,120,237
103,135,231,94,118,245
103,135,239,92,118,249
103,135,247,88,116,251
103,135,255,79,114,253
103,143,0,98,121,4
103,143,7,91,116,4
103,143,15,90,116,5
103,143,23,92,117,6
103,143,31,94,119,10
103,143,39,96,121,17
103,143,47,99,123,27
103,143,55,102,126,38
103,143,63,104,127,46
103,143,71,105,129,53
103,143,79,107,130,60
103,143,87,108,131,68
103,143,95,108,132,75
103,143,103,108,132,82
103,143,111,108,133,90
103,143,119,108,133,96
103,143,127,108,133,103
103,143,135,108,133,110
103,143,143,107,133,117
103,143,151,107,133,124
103,143,159,107,133,132
103,143,167,107,133,141
103,143,175,106,132,151
103,143,183,105,132,161
103,143,191,104,131,171
103,143,199,103,130,185
103,143,207,103,129,201
103,143,215,101,128,219
103,143,223,99,127,233
103,143,231,96,126,242
103,143,239,94,125,248
103,143,247,90,123,251
103,143,255,82,121,253
103,151,0,98,126,4
103,151,7,91,122,5
103,151,15,89,121,6
103,151,23,91,123,7
103,151,31,93,125,9
103,151,39,96,127,16
103,151,47,99,130,26
103,151,55,102,133,36
103,151,63,104,135,44
103,151,71,106,136,52
103,151,79,108,138,59
103,151,87,109,139,66
103,151,95,110,140,74
103,151,103,110,140,81
103,151,111,110,141,87
103,151,119,110,141,94
103,151,127,110,141,101
103,151,135,110,141,108
103,151,143,110,141,115
103,151,151,110,141,122
103,151,159,109,141,130
103,151,167,108,141,139
103,151,175,108,140,148
103,151,183,107,140,158
103,151,191,107,139,168
103,151,199,105,138,180
103,151,207,104,137,196
103,151,215,103,136,212
103,151,223,101,134,228
103,151,231,99,133,239
103,151,239,96,132,247
103,151,247,93,131,251
103,151,255,85,129,253
103,159,0,98,131,5
103,159,7,90,127,6
103,159,15,89,127,7
103,159,23,91,129,8
103,159,31,92,130,9
103,159,39,95,133,15
103,159,47,98,136,23
103,159,55,101,139,33
103,159,63,104,141,42
103,159,71,106,143,50
103,159,79,108,144,57
103,159,87,109,146,64
103,159,95,110,146,72
103,159,103,111,147,79
103,159,111,111,148,86
103,159,119,111,148,92
103,159,127,111,148,99
103,159,135,111,148,106
103,159,143,111,149,112
103,159,151,111,149,120
103,159,159,111,149,128
103,159,167,111,149,136
103,159,175,110,148,145
103,159,183,109,148,155
103,159,191,108,147,165
103,159,199,107,146,175
103,159,207,106,145,190
103,159,215,104,144,206
103,159,223,103,143,222
103,159,231,101,141,235
103,159,239,99,140,245
103,159,247,95,139,250
103,159,255,88,137,252
103,167,0,97,137,6
103,167,7,90,132,7
103,167,15,88,132,8
103,167,23,90,134,9
103,167,31,91,136,10
103,167,39,94,138,14
103,167,47,97,141,21
103,167,55,100,144,31
103,167,63,103,146,40
103,167,71,105,149,48
103,167,79,107,150,55
103,167,87,109,152,63
103,167,95,110,153,70
103,167,103,112,153,77
103,167,111,112,154,84
103,167,119,113,155,90
103,167,127,112,155,97
103,167,135,112,155,103
103,167,143,112,156,109
103,167,151,112,156,117
103,167,159,112,157,125
103,167,167,112,157,133
103,167,175,112,157,142
103,167,183,111,156,151
103,167,191,110,155,162
103,167,199,108,154,172
103,167,207,107,153,183
103,167,215,106,152,199
103,167,223,104,151,215
103,167,231,103,150,230
103,167,239,101,149,242
103,167,247,97,148,249
103,167,255,91,145,251
103,175,0,97,142,7
103,175,7,89,137,8
103,175,15,87,137,9
103,175,23,89,139,10
103,175,31,90,140,11
103,175,39,92,143,13
103,175,47,95,145,20
103,175,55,98,148,29
103,175,63,101,150,38
103,175,71,104,153,46
103,175,79,106,155,53
103,175,87,108,156,61
103,175,95,110,157,68
103,175,103,111,159,75
103,175,111,112,160,82
103,175,119,113,160,89
103,175,127,114,161,95
103,175,135,113,162,101
103,175,143,113,163,107
103,175,151,113,163,114
103,175,159,113,164,121
103,175,167,113,164,130
103,175,175,113,165,138
103,175,183,112,164,147
103,175,191,111,164,157
103,175,199,110,163,167
103,175,207,109,162,178
103,175,215,108,161,192
103,175,223,106,161,208
103,175,231,104,159,224
103,175,239,103,158,238
103,175,247,100,157,248
103,175,255,94,154,250
103,183,0,96,147,8
103,183,7,88,142,9
103,183,15,86,141,10
103,183,23,88,143,11
103,183,31,89,144,12
103,183,39,91,146,13
103,183,47,94,148,18
103,183,55,97,151,26
103,183,63,99,153,35
103,183,71,102,156,44
103,183,79,104,158,51
103,183,87,107,160,58
103,183,95,109,161,65
103,183,103,110,163,73
103,183,111,112,164,80
103,183,119,113,166,86
103,183,127,114,167,93
103,183,135,114,168,99
103,183,143,115,169,105
103,183,151,114,170,111
103,183,159,114,171,118
103,183,167,114,172,126
103,183,175,114,172,134
103,183,183,113,172,143
103,183,191,113,172,153
103,183,199,111,172,162
103,183,207,111,171,172
103,183,215,109,171,185
103,183,223,108,170,201
103,183,231,106,169,217
103,183,239,104,169,233
103,183,247,102,167,245
103,183,255,98,164,248
103,191,0,94,153,9
103,191,7,88,147,10
103,191,15,85,146,11
103,191,23,87,147,12
103,191,31,87,148,13
103,191,39,89,149,14
103,191,47,92,152,18
103,191,55,95,154,25
103,191,63,97,156,33
103,191,71,100,158,41
103,191,79,102,160,49
103,191,87,105,163,56
103,191,95,107,164,63
103,191,103,109,166,70
103,191,111,111,168,77
103,191,119,112,170,84
103,191,127,113,171,90
103,191,135,114,173,96
103,191,143,115,174,102
103,191,151,115,175,108
103,191,159,115,176,115
103,191,167,115,177,122
103,191,175,115,178,130
103,191,183,115,179,138
103,191,191,114,179,147
103,191,199,113,180,156
103,191,207,112,180,167
103,191,215,110,179,179
103,191,223,109,179,193
103,191,231,107,179,209
103,191,239,106,179,226
103,191,247,104,178,241
103,191,255,101,173,246
103,199,0,93,159,10
103,199,7,87,153,11
103,199,15,85,151,12
103,199,23,86,152,13
103,199,31,87,153,14
103,199,39,88,154,15
103,199,47,90,155,17
103,199,55,93,157,23
103,199,63,95,159,31
103,199,71,98,161,39
103,199,79,100,164,46
103,199,87,103,166,54
103,199,95,105,168,60
103,199,103,107,170,67
103,199,111,109,172,74
103,199,119,111,174,81
103,199,127,112,175,87
103,199,135,114,177,94
103,199,143,115,179,100
103,199,151,115,180,106
103,199,159,116,181,112
103,199,167,116,183,119
103,199,175,115,184,126
103,199,183,115,185,134
103,199,191,114,186,142
103,199,199,114,187,151
103,199,207,113,187,161
103,199,215,111,188,173
103,199,223,110,188,186
103,199,231,109,188,201
103,199,239,107,189,218
103,199,247,105,188,234
103,199,255,104,183,244
103,207,0,92,165,11
103,207,7,86,159,11
103,207,15,84,157,12
103,207,23,85,157,13
103,207,31,86,158,14
103,207,39,87,158,15
103,207,47,89,159,17
103,207,55,91,161,22
103,207,63,94,162,29
103,207,71,96,164,36
103,207,79,98,166,44
103,207,87,101,168,51
103,207,95,103,170,57
103,207,103,105,173,64
103,207,111,107,175,71
103,207,119,109,177,78
103,207,127,111,178,84
103,207,135,113,180,91
103,207,143,114,182,97
103,207,151,115,183,103
103,207,159,115,185,109
103,207,167,116,186,115
103,207,175,116,188,122
103,207,183,115,189,130
103,207,191,115,191,138
103,207,199,114,193,146
103,207,207,113,194,155
103,207,215,112,195,166
103,207,223,111,196,179
103,207,231,110,198,193
103,207,239,109,200,210
103,207,247,107,199,227
103,207,255,106,194,241
103,215,0,91,172,11
103,215,7,86,166,12
103,215,15,84,163,13
103,215,23,85,163,14
103,215,31,85,163,15
103,215,39,86,164,16
103,215,47,88,164,17
103,215,55,90,165,21
103,215,63,92,166,27
103,215,71,94,168,34
103,215,79,97,170,41
103,215,87,99,171,48
103,215,95,101,173,55
103,215,103,103,176,61
103,215,111,106,178,68
103,215,119,107,180,74
103,215,127,109,181,81
103,215,135,111,183,87
103,215,143,112,185,94
103,215,151,114,186,100
103,215,159,114,188,106
103,215,167,115,190,112
103,215,175,116,192,119
103,215,183,116,194,126
103,215,191,115,195,133
103,215,199,114,198,141
103,215,207,113,200,150
103,215,215,113,202,160
103,215,223,112,204,172
103,215,231,111,207,186
103,215,239,110,209,202
103,215,247,109,210,220
103,215,255,108,204,238
103,223,0,90,180,11
103,223,7,86,174,12
103,223,15,84,171,13
103,223,23,84,171,14
103,223,31,85,170,15
103,223,39,86,170,16
103,223,47,88,170,17
103,223,55,90,170,20
103,223,63,91,171,26
103,223,71,94,172,32
103,223,79,96,174,39
103,223,87,98,176,46
103,223,95,100,177,52
103,223,103,102,179,59
103,223,111,104,182,65
103,223,119,106,183,71
103,223,127,108,184,78
103,223,135,110,187,84
103,223,143,111,189,91
103,223,151,112,190,97
103,223,159,113,192,103
103,223,167,114,194,109
103,223,175,115,196,115
103,223,183,115,198,122
103,223,191,115,200,129
103,223,199,115,203,138
103,223,207,114,206,146
103,223,215,113,209,156
103,223,223,112,212,167
103,223,231,111,215,181
103,223,239,111,219,196
103,223,247,110,220,214
103,223,255,111,215,236
103,231,0,88,188,11
103,231,7,85,182,12
103,231,15,84,179,13
103,231,23,84,178,14
103,231,31,85,177,15
103,231,39,86,177,16
103,231,47,88,177,17
103,231,55,89,177,20
103,231,63,91,178,25
103,231,71,93,179,31
103,231,79,95,180,38
103,231,87,97,181,44
103,231,95,99,182,50
103,231,103,101,184,56
103,231,111,103,186,63
103,231,119,105,188,69
103,231,127,106,189,75
103,231,135,108,191,81
103,231,143,110,193,88
103,231,151,111,195,94
103,231,159,112,196,100
103,231,167,113,199,106
103,231,175,114,201,113
103,231,183,114,204,119
103,231,191,114,206,126
103,231,199,114,209,134
103,231,207,114,212,143
103,231,215,114,215,152
103,231,223,113,219,163
103,231,231,111,224,175
103,231,239,111,229,190
103,231,247,111,230,208
103,231,255,113,225,233
103,239,0,87,196,11
103,239,7,85,191,12
103,239,15,84,188,13
103,239,23,85,187,14
103,239,31,85,186,15
103,239,39,86,185,16
103,239,47,87,184,18
103,239,55,89,184,20
103,239,63,91,183,24
103,239,71,93,183,29
103,239,79,94,184,36
103,239,87,96,185,42
103,239,95,98,186,48
103,239,103,100,188,54
103,239,111,102,190,60
103,239,119,103,191,66
103,239,127,105,193,72
103,239,135,107,195,79
103,239,143,108,196,85
103,239,151,110,198,91
103,239,159,111,200,97
103,239,167,112,203,103
103,239,175,113,206,110
103,239,183,113,208,116
103,239,191,113,211,123
103,239,199,113,214,131
103,239,207,113,218,139
103,239,215,113,222,148
103,239,223,113,226,159
103,239,231,112,232,170
103,239,239,112,237,185
103,239,247,113,239,205
103,239,255,116,236,231
103,247,0,87,205,10
103,247,7,85,203,10
103,247,15,85,201,12
103,247,23,86,200,14
103,247,31,87,199,16
103,247,39,88,198,17
103,247,47,89,196,19
103,247,55,90,195,22
103,247,63,92,194,26
103,247,71,93,194,30
103,247,79,95,194,36
103,247,87,97,195,42
103,247,95,98,195,48
103,247,103,100,197,53
103,247,111,101,198,59
103,247,119,103,199,65
103,247,127,104,201,70
103,247,135,105,202,77
103,247,143,107,204,83
103,247,151,108,206,89
103,247,159,109,208,95
103,247,167,110,210,101
103,247,175,111,213,107
103,247,183,112,216,114
103,247,191,112,219,121
103,247,199,112,223,129
103,247,207,113,226,137
103,247,215,113,231,146
103,247,223,113,235,157
103,247,231,113,241,170
103,247,239,113,245,185
103,247,247,115,248,204
103,247,255,118,247,229
103,255,0,86,216,8
103,255,7,87,217,9
103,255,15,88,218,12
103,255,23,89,219,15
103,255,31,90,219,18
103,255,39,91,219,21
103,255,47,93,219,25
103,255,55,94,219,28
103,255,63,96,219,32
103,255,71,97,219,37
103,255,79,98,219,42
103,255,87,100,219,46
103,255,95,101,219,51
103,255,103,102,219,56
103,255,111,103,219,61
103,255,119,103,220,66
103,255,127,104,221,71
103,255,135,105,222,77
103,255,143,105,223,82
103,255,151,106,224,88
103,255,159,107,225,93
103,255,167,108,227,100
103,255,175,108,229,106
103,255,183,109,231,113
103,255,191,110,234,121
103,255,199,111,236,130
103,255,207,112,239,139
103,255,215,113,242,150
103,255,223,114,245,162
103,255,231,115,249,176
103,255,239,116,252,191
103,255,247,117,255,208
103,255,255,119,255,228
111,0,0,96,6,5
111,0,7,96,6,12
111,0,15,95,6,20
111,0,23,95,7,29
111,0,31,95,7,37
111,0,39,94,8,46
111,0,47,93,8,55
111,0,55,92,9,64
111,0,63,91,9,73
111,0,71,90,10,83
111,0,79,89,10,92
111,0,87,87,11,101
111,0,95,86,11,110
111,0,103,85,12,120
111,0,111,83,12,128
111,0,119,81,13,137
111,0,127,80,13,146
111,0,135,78,14,154
111,0,143,76,14,163
111,0,151,74,15,172
111,0,159,72,16,181
111,0,167,71,16,190
111,0,175,69,17,199
111,0,183,67,18,207
111,0,191,66,18,215
111,0,199,64,19,223
111,0,207,63,20,230
111,0,215,61,20,236
111,0,223,60,21,241
111,0,231,59,21,246
111,0,239,58,22,250
111,0,247,56,22,252
111,0,255,55,22,254
111,7,0,95,11,5
111,7,7,96,12,13
111,7,15,96,13,21
111,7,23,97,14,30
111,7,31,96,15,38
111,7,39,96,16,46
111,7,47,96,17,55
111,7,55,96,18,63
111,7,63,95,19,72
111,7,71,95,20,80
111,7,79,94,21,88
111,7,87,93,22,97
111,7,95,92,23,106
111,7,103,90,24,115
111,7,111,89,24,124
111,7,119,87,25,135
111,7,127,86,25,146
111,7,135,84,26,159
111,7,143,82,26,173
111,7,151,80,26,188
111,7,159,78,27,202
111,7,167,75,27,213
111,7,175,73,27,220
111,7,183,70,27,225
111,7,191,68,28,228
111,7,199,67,28,232
111,7,207,65,28,236
111,7,215,63,28,240
111,7,223,62,29,244
111,7,231,61,29,248
111,7,239,59,29,251
111,7,247,58,28,253
111,7,255,57,28,255
111,15,0,95,17,6
111,15,7,96,18,13
111,15,15,97,19,21
111,15,23,97,20,30
111,15,31,97,21,38
111,15,39,97,22,46
111,15,47,97,23,54
111,15,55,97,24,62
111,15,63,97,26,70
111,15,71,97,27,78
111,15,79,96,28,86
111,15,87,96,29,94
111,15,95,94,30,103
111,15,103,93,30,111
111,15,111,92,31,121
111,15,119,91,32,131
111,15,127,89,32,144
111,15,135,88,33,158
111,15,143,86,33,175
111,15,151,84,34,193
111,15,159,81,34,210
111,15,167,79,34,223
111,15,175,76,34,230
111,15,183,73,34,233
111,15,191,71,34,234
111,15,199,69,35,236
111,15,207,67,35,239
111,15,215,65,35,242
111,15,223,64,35,246
111,15,231,63,35,249
111,15,239,61,35,252
111,15,247,60,35,254
111,15,255,58,34,255
111,23,0,95,24,6
111,23,7,96,24,12
111,23,15,97,24,20
111,23,23,97,25,29
111,23,31,98,26,37
111,23,39,98,26,45
111,23,47,98,27,53
111,23,55,98,28,61
111,23,63,98,30,69
111,23,71,97,30,77
111,23,79,97,31,85
111,23,87,96,32,93
111,23,95,95,33,101
111,23,103,94,34,109
111,23,111,93,34,118
111,23,119,92,35,128
111,23,127,91,36,140
111,23,135,89,37,153
111,23,143,88,37,170
111,23,151,86,38,189
111,23,159,84,38,208
111,23,167,81,38,223
111,23,175,78,38,231
111,23,183,76,38,233
111,23,191,73,39,235
111,23,199,71,39,236
111,23,207,69,40,239
111,23,215,67,40,242
111,23,223,66,41,247
111,23,231,64,41,250
111,23,239,63,41,252
111,23,247,61,41,254
111,23,255,60,40,255
111,31,0,95,30,6
111,31,7,96,30,11
111,31,15,96,30,19
111,31,23,97,30,27
111,31,31,98,31,36
111,31,39,98,31,43
111,31,47,98,32,51
111,31,55,98,33,59
111,31,63,98,34,67
111,31,71,98,35,75
111,31,79,98,36,83
111,31,87,97,37,91
111,31,95,96,38,99
111,31,103,95,38,108
111,31,111,94,39,117
111,31,119,93,40,127
111,31,127,92,41,138
111,31,135,91,42,148
111,31,143,90,42,165
111,31,151,88,43,185
111,31,159,86,44,206
111,31,167,84,44,222
111,31,175,81,44,231
111,31,183,78,44,235
111,31,191,75,44,236
111,31,199,72,44,238
111,31,207,70,44,240
111,31,215,69,45,243
111,31,223,67,45,247
111,31,231,66,46,250
111,31,239,64,46,253
111,31,247,62,46,255
111,31,255,61,45,255
111,39,0,95,37,6
111,39,7,95,35,10
111,39,15,96,35,17
111,39,23,97,35,26
111,39,31,98,36,34
111,39,39,98,37,42
111,39,47,99,37,50
111,39,55,99,38,58
111,39,63,99,39,66
111,39,71,99,40,74
111,39,79,98,40,82
111,39,87,98,41,89
111,39,95,97,42,97
111,39,103,97,43,106
111,39,111,96,43,114
111,39,119,95,44,124
111,39,127,94,46,134
111,39,135,93,47,144
111,39,143,92,48,159
111,39,151,91,48,179
111,39,159,89,49,200
111,39,167,86,49,220
111,39,175,83,49,232
111,39,183,80,49,236
111,39,191,77,49,238
111,39,199,74,49,239
111,39,207,72,49,240
111,39,215,70,49,242
111,39,223,69,50,247
111,39,231,67,50,250
111,39,239,66,50,252
111,39,247,64,50,255
111,39,255,62,50,255
111,47,0,96,44,6
111,47,7,95,41,9
111,47,15,96,41,15
111,47,23,97,41,24
111,47,31,98,42,32
111,47,39,99,42,41
111,47,47,99,43,49
111,47,55,100,44,57
111,47,63,100,44,64
111,47,71,99,45,72
111,47,79,99,45,80
111,47,87,99,46,87
111,47,95,99,47,95
111,47,103,98,48,103
111,47,111,97,49,111
111,47,119,96,50,120
111,47,127,96,51,131
111,47,135,95,52,140
111,47,143,94,53,153
111,47,151,93,54,171
111,47,159,91,54,193
111,47,167,89,54,215
111,47,175,86,54,231
111,47,183,82,54,237
111,47,191,79,53,238
111,47,199,76,53,239
111,47,207,74,53,240
111,47,215,72,54,242
111,47,223,71,54,247
111,47,231,69,54,250
111,47,239,67,55,252
111,47,247,65,55,255
111,47,255,64,55,255
111,55,0,96,51,6
111,55,7,95,48,7
111,55,15,96,46,13
111,55,23,97,47,21
111,55,31,98,48,30
111,55,39,99,48,38
111,55,47,100,49,47
111,55,55,99,50,55
111,55,63,99,50,62
111,55,71,99,51,70
111,55,79,99,52,78
111,55,87,99,52,85
111,55,95,100,53,93
111,55,103,99,54,100
111,55,111,98,54,108
111,55,119,98,55,117
111,55,127,97,56,127
111,55,135,97,57,136
111,55,143,96,58,148
111,55,151,95,59,164
111,55,159,93,60,184
111,55,167,92,60,206
111,55,175,89,60,225
111,55,183,85,59,237
111,55,191,81,58,239
111,55,199,78,58,240
111,55,207,76,58,241
111,55,215,75,59,242
111,55,223,73,59,247
111,55,231,72,59,250
111,55,239,69,59,252
111,55,247,67,59,255
111,55,255,65,59,255
111,63,0,97,58,5
111,63,7,95,54,5
111,63,15,95,53,10
111,63,23,97,53,18
111,63,31,98,54,27
111,63,39,99,55,36
111,63,47,99,56,45
111,63,55,100,56,53
111,63,63,100,57,61
111,63,71,100,58,69
111,63,79,100,59,77
111,63,87,100,59,83
111,63,95,100,60,90
111,63,103,99,61,98
111,63,111,100,61,106
111,63,119,99,62,114
111,63,127,99,63,124
111,63,135,98,64,134
111,63,143,98,64,145
111,63,151,97,65,159
111,63,159,95,66,175
111,63,167,94,66,196
111,63,175,91,66,217
111,63,183,88,65,233
111,63,191,84,64,240
111,63,199,82,64,242
111,63,207,79,64,243
111,63,215,78,64,244
111,63,223,76,64,247
111,63,231,74,64,250
111,63,239,72,64,252
111,63,247,70,64,254
111,63,255,66,63,255
111,71,0,98,64,3
111,71,7,95,60,4
111,71,15,95,59,7
111,71,23,97,60,15
111,71,31,98,61,25
111,71,39,99,62,34
111,71,47,99,63,43
111,71,55,100,64,52
111,71,63,101,64,59
111,71,71,101,65,67
111,71,79,101,66,75
111,71,87,101,67,82
111,71,95,101,67,89
111,71,103,101,68,96
111,71,111,100,68,103
111,71,119,101,69,111
111,71,127,100,69,120
111,71,135,100,70,130
111,71,143,99,71,140
111,71,151,99,72,152
111,71,159,98,72,167
111,71,167,96,73,186
111,71,175,94,73,207
111,71,183,91,72,226
111,71,191,88,71,237
111,71,199,85,70,243
111,71,207,83,70,245
111,71,215,81,70,246
111,71,223,79,70,247
111,71,231,77,70,249
111,71,239,75,69,252
111,71,247,72,69,254
111,71,255,68,68,255
111,79,0,99,71,2
111,79,7,95,67,3
111,79,15,95,66,6
111,79,23,97,67,13
111,79,31,98,68,22
111,79,39,100,69,32
111,79,47,100,70,41
111,79,55,101,71,51
111,79,63,101,72,58
111,79,71,102,73,65
111,79,79,102,74,73
111,79,87,102,75,80
111,79,95,102,75,88
111,79,103,102,75,95
111,79,111,101,75,102
111,79,119,101,76,108
111,79,127,101,76,117
111,79,135,101,77,125
111,79,143,101,77,135
111,79,151,100,78,146
111,79,159,99,79,160
111,79,167,99,79,177
111,79,175,97,79,197
111,79,183,94,79,217
111,79,191,91,78,232
111,79,199,89,77,242
111,79,207,86,76,245
111,79,215,84,76,246
111,79,223,83,75,248
111,79,231,81,75,249
111,79,239,78,75,252
111,79,247,75,74,254
111,79,255,69,72,255
111,87,0,100,78,2
111,87,7,95,74,3
111,87,15,95,72,4
111,87,23,97,74,11
111,87,31,98,75,20
111,87,39,100,76,30
111,87,47,100,77,39
111,87,55,101,78,49
111,87,63,102,79,56
111,87,71,103,80,64
111,87,79,103,81,71
111,87,87,103,82,78
111,87,95,103,82,85
111,87,103,103,83,92
111,87,111,102,82,99
111,87,119,102,82,106
111,87,127,102,83,113
111,87,135,101,83,122
111,87,143,102,84,130
111,87,151,102,85,141
111,87,159,101,85,153
111,87,167,100,86,167
111,87,175,99,86,187
111,87,183,97,85,207
111,87,191,95,84,225
111,87,199,92,83,238
111,87,207,90,82,245
111,87,215,88,82,247
111,87,223,86,81,248
111,87,231,84,81,249
111,87,239,81,80,251
111,87,247,78,79,254
111,87,255,71,77,255
111,95,0,101,84,2
111,95,7,96,80,3
111,95,15,95,79,4
111,95,23,97,80,9
111,95,31,99,81,18
111,95,39,100,82,28
111,95,47,101,83,38
111,95,55,102,84,47
111,95,63,103,85,55
111,95,71,103,86,62
111,95,79,104,88,69
111,95,87,104,89,76
111,95,95,104,89,83
111,95,103,104,89,90
111,95,111,104,90,97
111,95,119,103,90,104
111,95,127,103,89,112
111,95,135,103,90,120
111,95,143,103,90,127
111,95,151,103,91,136
111,95,159,103,91,148
111,95,167,102,92,159
111,95,175,101,92,177
111,95,183,99,92,197
111,95,191,97,91,217
111,95,199,95,90,233
111,95,207,93,89,243
111,95,215,91,88,246
111,95,223,89,87,248
111,95,231,87,87,249
111,95,239,84,86,251
111,95,247,81,85,253
111,95,255,73,82,255
111,103,0,101,91,2
111,103,7,96,86,3
111,103,15,95,85,4
111,103,23,98,86,8
111,103,31,99,87,16
111,103,39,101,88,26
111,103,47,102,89,36
111,103,55,103,91,46
111,103,63,104,92,53
111,103,71,104,92,61
111,103,79,105,93,68
111,103,87,105,95,75
111,103,95,105,96,82
111,103,103,105,96,89
111,103,111,105,96,95
111,103,119,105,97,102
111,103,127,104,97,109
111,103,135,104,97,117
111,103,143,104,97,125
111,103,151,104,97,133
111,103,159,103,98,143
111,103,167,103,98,152
111,103,175,103,98,167
111,103,183,101,98,186
111,103,191,100,97,207
111,103,199,98,96,227
111,103,207,96,95,240
111,103,215,93,94,247
111,103,223,91,93,249
111,103,231,89,93,250
111,103,239,87,92,252
111,103,247,83,91,253
111,103,255,75,88,255
111,111,0,102,97,2
111,111,7,97,92,3
111,111,15,96,91,4
111,111,23,98,92,7
111,111,31,99,93,15
111,111,39,101,94,25
111,111,47,103,96,35
111,111,55,105,97,45
111,111,63,105,98,51
111,111,71,106,99,60
111,111,79,106,100,67
111,111,87,106,100,74
111,111,95,107,102,81
111,111,103,106,103,88
111,111,111,105,103,94
111,111,119,105,103,101
111,111,127,106,104,108
111,111,135,106,104,115
111,111,143,105,103,123
111,111,151,105,104,131
111,111,159,105,104,139
111,111,167,104,104,147
111,111,175,104,104,160
111,111,183,103,104,177
111,111,191,102,104,197
111,111,199,100,103,218
111,111,207,98,102,235
111,111,215,96,101,245
111,111,223,94,100,249
111,111,231,92,99,250
111,111,239,90,98,251
111,111,247,86,97,252
111,111,255,77,94,254
111,119,0,103,103,2
111,119,7,97,98,3
111,119,15,96,97,4
111,119,23,98,98,7
111,119,31,100,99,14
111,119,39,102,100,23
111,119,47,104,102,34
111,119,55,106,103,44
111,119,63,107,104,50
111,119,71,107,105,58
111,119,79,108,106,66
111,119,87,108,107,73
111,119,95,108,108,80
111,119,103,108,109,87
111,119,111,107,110,93
111,119,119,107,110,99
111,119,127,107,110,106
111,119,135,107,111,114
111,119,143,107,110,121
111,119,151,107,110,129
111,119,159,107,110,138
111,119,167,106,110,145
111,119,175,105,110,155
111,119,183,105,110,170
111,119,191,104,110,187
111,119,199,102,109,208
111,119,207,101,108,227
111,119,215,99,107,241
111,119,223,96,106,247
111,119,231,94,105,250
111,119,239,92,104,251
111,119,247,88,103,252
111,119,255,79,100,254
111,127,0,103,109,3
111,127,7,97,104,4
111,127,15,96,103,5
111,127,23,98,104,6
111,127,31,99,105,13
111,127,39,102,107,22
111,127,47,104,109,33
111,127,55,106,110,42
111,127,63,108,111,49
111,127,71,109,113,57
111,127,79,109,114,64
111,127,87,110,114,72
111,127,95,110,115,79
111,127,103,110,116,86
111,127,111,110,116,93
111,127,119,109,117,98
111,127,127,109,118,105
111,127,135,108,118,112
111,127,143,108,118,119
111,127,151,109,117,128
111,127,159,109,117,136
111,127,167,108,117,145
111,127,175,107,117,154
111,127,183,106,117,166
111,127,191,106,117,181
111,127,199,105,116,199
111,127,207,103,115,218
111,127,215,101,114,234
111,127,223,99,113,244
111,127,231,97,112,249
111,127,239,95,111,250
111,127,247,91,110,251
111,127,255,82,107,253
111,135,0,104,115,3
111,135,7,97,110,4
111,135,15,96,109,5
111,135,23,98,110,6
111,135,31,100,112,12
111,135,39,102,114,21
111,135,47,105,116,31
111,135,55,107,117,41
111,135,63,109,119,48
111,135,71,110,120,56
111,135,79,111,121,63
111,135,87,111,122,70
111,135,95,112,123,79
111,135,103,112,123,85
111,135,111,112,124,92
111,135,119,111,124,98
111,135,127,110,124,105
111,135,135,110,125,111
111,135,143,110,125,118
111,135,151,110,125,126
111,135,159,111,125,134
111,135,167,110,124,143
111,135,175,109,124,153
111,135,183,109,124,163
111,135,191,108,124,176
111,135,199,107,123,191
111,135,207,106,122,210
111,135,215,104,121,227
111,135,223,102,119,240
111,135,231,99,118,247
111,135,239,97,117,250
111,135,247,93,116,252
111,135,255,84,114,253
111,143,0,104,121,4
111,143,7,97,116,5
111,143,15,96,115,6
111,143,23,98,117,7
111,143,31,100,119,11
111,143,39,102,121,19
111,143,47,105,123,29
111,143,55,108,125,39
111,143,63,110,127,47
111,143,71,111,128,54
111,143,79,113,129,62
111,143,87,114,130,69
111,143,95,113,131,77
111,143,103,114,131,83
111,143,111,114,132,91
111,143,119,113,132,97
111,143,127,113,132,104
111,143,135,113,132,110
111,143,143,112,132,117
111,143,151,112,132,125
111,143,159,112,132,133
111,143,167,112,132,142
111,143,175,112,132,151
111,143,183,111,132,161
111,143,191,110,131,172
111,143,199,109,130,186
111,143,207,108,129,203
111,143,215,106,128,221
111,143,223,104,127,235
111,143,231,102,125,245
111,143,239,100,125,250
111,143,247,96,123,252
111,143,255,87,121,253
111,151,0,104,126,4
111,151,7,97,122,5
111,151,15,95,121,6
111,151,23,98,123,7
111,151,31,99,125,10
111,151,39,102,127,18
111,151,47,105,130,27
111,151,55,108,133,37
111,151,63,110,134,46
111,151,71,112,136,53
111,151,79,114,137,60
111,151,87,115,138,68
111,151,95,116,139,75
111,151,103,115,139,82
111,151,111,115,140,89
111,151,119,115,140,96
111,151,127,115,140,102
111,151,135,115,140,109
111,151,143,115,140,116
111,151,151,114,140,123
111,151,159,114,140,131
111,151,167,113,140,140
111,151,175,114,140,149
111,151,183,113,139,159
111,151,191,112,139,170
111,151,199,111,138,182
111,151,207,109,137,198
111,151,215,109,136,215
111,151,223,107,134,230
111,151,231,104,133,242
111,151,239,102,132,249
111,151,247,98,131,252
111,151,255,90,128,253
111,159,0,104,131,5
111,159,7,96,127,6
111,159,15,95,127,7
111,159,23,97,129,8
111,159,31,98,131,10
111,159,39,101,133,16
111,159,47,104,136,25
111,159,55,107,139,35
111,159,63,110,141,44
111,159,71,112,143,51
111,159,79,114,144,59
111,159,87,115,145,66
111,159,95,116,146,74
111,159,103,117,147,81
111,159,111,116,147,87
111,159,119,116,147,94
111,159,127,116,147,101
111,159,135,116,148,107
111,159,143,116,148,114
111,159,151,116,148,121
111,159,159,116,148,129
111,159,167,115,148,137
111,159,175,115,148,146
111,159,183,115,147,156
111,159,191,113,147,167
111,159,199,113,146,177
111,159,207,111,145,192
111,159,215,110,144,209
111,159,223,109,143,225
111,159,231,106,141,238
111,159,239,104,140,247
111,159,247,101,139,251
111,159,255,93,137,252
111,167,0,103,137,6
111,167,7,96,133,7
111,167,15,94,132,8
111,167,23,96,134,9
111,167,31,98,136,10
111,167,39,100,139,15
111,167,47,103,142,23
111,167,55,106,145,33
111,167,63,109,147,42
111,167,71,111,149,50
111,167,79,113,150,57
111,167,87,115,152,64
111,167,95,116,152,72
111,167,103,117,153,79
111,167,111,118,154,86
111,167,119,117,154,92
111,167,127,117,155,98
111,167,135,117,155,105
111,167,143,117,155,111
111,167,151,117,156,118
111,167,159,118,156,126
111,167,167,117,156,135
111,167,175,117,156,143
111,167,183,116,156,153
111,167,191,115,155,163
111,167,199,114,154,173
111,167,207,113,153,186
111,167,215,112,152,202
111,167,223,110,151,218
111,167,231,109,150,233
111,167,239,107,149,244
111,167,247,103,148,250
111,167,255,97,145,252
111,175,0,102,142,7
111,175,7,95,138,8
111,175,15,93,137,9
111,175,23,95,139,10
111,175,31,96,141,11
111,175,39,99,143,14
111,175,47,102,146,22
111,175,55,105,149,31
111,175,63,107,151,40
111,175,71,110,153,48
111,175,79,112,155,55
111,175,87,114,157,63
111,175,95,116,158,70
111,175,103,117,159,77
111,175,111,118,160,84
111,175,119,119,161,91
111,175,127,119,161,97
111,175,135,118,162,103
111,175,143,119,163,109
111,175,151,119,163,116
111,175,159,119,164,124
111,175,167,119,164,132
111,175,175,118,165,140
111,175,183,118,164,149
111,175,191,117,164,159
111,175,199,115,163,169
111,175,207,114,163,182
111,175,215,113,162,195
111,175,223,112,161,211
111,175,231,110,159,227
111,175,239,109,158,241
111,175,247,106,157,249
111,175,255,100,154,251
111,183,0,101,148,8
111,183,7,94,143,9
111,183,15,92,142,10
111,183,23,94,144,11
111,183,31,95,145,12
111,183,39,97,147,14
111,183,47,100,150,20
111,183,55,103,152,28
111,183,63,105,154,37
111,183,71,108,157,45
111,183,79,111,159,53
111,183,87,113,161,60
111,183,95,115,162,67
111,183,103,116,164,75
111,183,111,118,165,82
111,183,119,119,166,88
111,183,127,119,167,95
111,183,135,120,168,101
111,183,143,119,169,107
111,183,151,119,170,113
111,183,159,120,171,120
111,183,167,120,172,128
111,183,175,119,172,137
111,183,183,119,173,145
111,183,191,118,172,155
111,183,199,117,172,164
111,183,207,116,172,176
111,183,215,115,171,188
111,183,223,114,170,203
111,183,231,112,169,220
111,183,239,110,169,236
111,183,247,108,167,247
111,183,255,103,164,249
111,191,0,100,153,9
111,191,7,93,148,10
111,191,15,91,147,11
111,191,23,93,148,12
111,191,31,93,149,13
111,191,39,95,151,14
111,191,47,98,153,19
111,191,55,101,155,27
111,191,63,103,158,35
111,191,71,106,160,43
111,191,79,109,162,51
111,191,87,111,164,58
111,191,95,113,166,65
111,191,103,115,168,72
111,191,111,117,169,79
111,191,119,118,171,86
111,191,127,119,172,92
111,191,135,120,173,99
111,191,143,120,175,105
111,191,151,121,176,111
111,191,159,120,177,117
111,191,167,120,178,125
111,191,175,120,179,132
111,191,183,120,179,140
111,191,191,119,180,150
111,191,199,118,180,160
111,191,207,117,180,171
111,191,215,116,180,182
111,191,223,115,180,196
111,191,231,113,179,212
111,191,239,112,179,229
111,191,247,109,178,243
111,191,255,106,173,247
111,199,0,99,159,10
111,199,7,93,154,11
111,199,15,91,152,12
111,199,23,92,153,13
111,199,31,93,154,14
111,199,39,94,155,15
111,199,47,96,157,18
111,199,55,99,159,25
111,199,63,101,161,33
111,199,71,104,163,41
111,199,79,107,165,48
111,199,87,109,168,56
111,199,95,111,170,62
111,199,103,113,172,69
111,199,111,115,174,76
111,199,119,117,175,83
111,199,127,118,177,90
111,199,135,119,178,96
111,199,143,120,180,102
111,199,151,121,181,108
111,199,159,121,182,115
111,199,167,121,183,121
111,199,175,121,185,129
111,199,183,121,186,136
111,199,191,120,186,144
111,199,199,119,187,153
111,199,207,118,188,163
111,199,215,117,188,175
111,199,223,116,188,188
111,199,231,115,189,203
111,199,239,113,190,221
111,199,247,111,189,236
111,199,255,109,183,245
111,207,0,98,166,11
111,207,7,92,160,12
111,207,15,90,158,13
111,207,23,91,158,14
111,207,31,92,159,15
111,207,39,93,160,16
111,207,47,95,161,18
111,207,55,97,163,23
111,207,63,100,164,31
111,207,71,102,166,38
111,207,79,104,168,46
111,207,87,107,171,53
111,207,95,109,172,59
111,207,103,111,175,66
111,207,111,113,177,73
111,207,119,115,179,80
111,207,127,117,180,87
111,207,135,118,182,93
111,207,143,119,183,100
111,207,151,120,185,105
111,207,159,121,186,111
111,207,167,121,187,118
111,207,175,122,189,125
111,207,183,121,190,132
111,207,191,120,192,140
111,207,199,120,193,148
111,207,207,119,195,157
111,207,215,118,196,168
111,207,223,117,197,181
111,207,231,116,198,195
111,207,239,115,200,213
111,207,247,113,199,229
111,207,255,111,194,242
111,215,0,97,172,12
111,215,7,92,166,13
111,215,15,90,164,14
111,215,23,90,164,15
111,215,31,91,164,16
111,215,39,92,165,17
111,215,47,94,166,18
111,215,55,96,167,22
111,215,63,98,168,29
111,215,71,100,170,36
111,215,79,103,172,43
111,215,87,105,174,50
111,215,95,107,175,57
111,215,103,109,178,63
111,215,111,111,180,70
111,215,119,113,181,77
111,215,127,115,182,83
111,215,135,117,184,90
111,215,143,118,186,96
111,215,151,119,188,102
111,215,159,120,189,108
111,215,167,121,191,115
111,215,175,121,193,121
111,215,183,121,195,128
111,215,191,120,196,136
111,215,199,120,199,144
111,215,207,119,201,152
111,215,215,118,203,163
111,215,223,117,205,175
111,215,231,117,207,189
111,215,239,116,210,205
111,215,247,115,210,222
111,215,255,114,204,240
111,223,0,95,180,12
111,223,7,91,174,13
111,223,15,90,172,14
111,223,23,90,171,15
111,223,31,91,171,16
111,223,39,92,171,17
111,223,47,93,172,18
111,223,55,95,172,21
111,223,63,97,173,27
111,223,71,99,174,34
111,223,79,102,176,42
111,223,87,104,178,48
111,223,95,106,179,54
111,223,103,108,181,61
111,223,111,110,183,67
111,223,119,112,185,74
111,223,127,113,186,80
111,223,135,115,188,87
111,223,143,117,190,93
111,223,151,118,192,99
111,223,159,119,193,106
111,223,167,120,195,112
111,223,175,121,197,118
111,223,183,121,200,125
111,223,191,121,202,132
111,223,199,121,204,141
111,223,207,119,207,149
111,223,215,118,210,159
111,223,223,118,213,170
111,223,231,117,216,184
111,223,239,116,220,199
111,223,247,116,221,216
111,223,255,116,215,237
111,231,0,94,188,12
111,231,7,91,182,13
111,231,15,90,179,14
111,231,23,90,179,15
111,231,31,91,178,16
111,231,39,92,178,17
111,231,47,93,178,18
111,231,55,95,179,21
111,231,63,97,179,27
111,231,71,99,180,33
111,231,79,101,182,40
111,231,87,103,183,46
111,231,95,105,184,53
111,231,103,107,186,59
111,231,111,108,187,65
111,231,119,110,189,71
111,231,127,112,190,78
111,231,135,114,192,84
111,231,143,115,194,91
111,231,151,117,196,97
111,231,159,118,198,103
111,231,167,119,200,109
111,231,175,120,203,116
111,231,183,120,205,122
111,231,191,120,207,129
111,231,199,120,210,137
111,231,207,120,213,145
111,231,215,119,216,155
111,231,223,118,220,166
111,231,231,117,225,178
111,231,239,116,230,192
111,231,247,117,231,211
111,231,255,119,226,235
111,239,0,93,197,12
111,239,7,90,192,12
111,239,15,90,189,13
111,239,23,90,188,14
111,239,31,91,187,15
111,239,39,92,186,16
111,239,47,93,185,18
111,239,55,95,185,21
111,239,63,96,185,26
111,239,71,98,185,31
111,239,79,100,186,38
111,239,87,102,186,44
111,239,95,104,187,50
111,239,103,105,189,56
111,239,111,107,190,63
111,239,119,109,192,69
111,239,127,111,193,75
111,239,135,112,195,82
111,239,143,114,197,88
111,239,151,116,199,94
111,239,159,117,201,100
111,239,167,118,204,107
111,239,175,119,207,113
111,239,183,119,210,119
111,239,191,119,212,126
111,239,199,119,216,134
111,239,207,119,219,142
111,239,215,119,223,151
111,239,223,118,227,161
111,239,231,118,233,173
111,239,239,117,238,188
111,239,247,118,240,207
111,239,255,121,236,233
111,247,0,92,206,10
111,247,7,91,203,11
111,247,15,90,201,12
111,247,23,91,200,14
111,247,31,92,200,16
111,247,39,93,198,18
111,247,47,94,197,20
111,247,55,96,196,23
111,247,63,97,195,27
111,247,71,99,195,32
111,247,79,101,196,38
111,247,87,102,196,44
111,247,95,104,196,50
111,247,103,105,197,56
111,247,111,107,199,61
111,247,119,108,200,67
111,247,127,110,201,73
111,247,135,111,203,80
111,247,143,113,205,86
111,247,151,114,207,92
111,247,159,115,209,98
111,247,167,116,211,104
111,247,175,117,214,111
111,247,183,118,217,117
111,247,191,118,220,124
111,247,199,119,224,132
111,247,207,119,228,140
111,247,215,119,232,150
111,247,223,119,236,160
111,247,231,119,242,172
111,247,239,119,246,188
111,247,247,121,248,207
111,247,255,123,247,231
111,255,0,91,216,8
111,255,7,91,217,10
111,255,15,93,218,12
111,255,23,94,219,15
111,255,31,95,220,18
111,255,39,97,220,21
111,255,47,98,220,25
111,255,55,100,220,29
111,255,63,101,219,33
111,255,71,102,219,38
111,255,79,104,219,43
111,255,87,105,219,48
111,255,95,107,219,53
111,255,103,108,220,58
111,255,111,109,220,63
111,255,119,110,221,69
111,255,127,111,222,74
111,255,135,111,223,80
111,255,143,112,223,85
111,255,151,113,225,91
111,255,159,114,226,97
111,255,167,115,228,103
111,255,175,115,230,110
111,255,183,116,232,117
111,255,191,117,235,125
111,255,199,118,237,133
111,255,207,119,240,143
111,255,215,120,243,153
111,255,223,121,246,165
111,255,231,122,249,179
111,255,239,122,253,194
111,255,247,124,255,210
111,255,255,125,255,230
119,0,0,102,6,6
119,0,7,102,6,12
119,0,15,102,7,20
119,0,23,102,8,29
119,0,31,101,8,37
119,0,39,101,9,46
119,0,47,100,9,55
119,0,55,99,10,64
119,0,63,98,10,73
119,0,71,97,11,82
119,0,79,96,11,91
119,0,87,95,12,101
119,0,95,93,12,110
119,0,103,92,12,119
119,0,111,90,13,128
119,0,119,88,13,137
119,0,127,87,14,146
119,0,135,85,14,154
119,0,143,83,15,164
119,0,151,81,15,173
119,0,159,79,16,182
119,0,167,77,16,191
119,0,175,75,17,200
119,0,183,73,18,208
119,0,191,72,19,216
119,0,199,70,19,224
119,0,207,69,20,231
119,0,215,67,20,237
119,0,223,66,21,243
119,0,231,64,21,247
119,0,239,63,22,251
119,0,247,62,22,253
119,0,255,61,22,254
119,7,0,101,11,6
119,7,7,102,12,13
119,7,15,103,14,22
119,7,23,103,15,30
119,7,31,103,16,38
119,7,39,103,16,46
119,7,47,103,17,55
119,7,55,103,19,63
119,7,63,102,20,72
119,7,71,101,21,80
119,7,79,101,21,88
119,7,87,100,22,97
119,7,95,98,23,105
119,7,103,97,24,114
119,7,111,96,25,123
119,7,119,94,25,134
119,7,127,93,26,144
119,7,135,91,26,157
119,7,143,89,27,171
119,7,151,87,27,186
119,7,159,84,27,201
119,7,167,82,27,212
119,7,175,79,27,220
119,7,183,77,27,226
119,7,191,74,27,229
119,7,199,72,28,233
119,7,207,70,28,237
119,7,215,69,28,241
119,7,223,67,28,245
119,7,231,66,29,249
119,7,239,64,29,252
119,7,247,63,28,254
119,7,255,62,28,255
119,15,0,101,17,6
119,15,7,102,18,14
119,15,15,103,20,22
119,15,23,104,21,31
119,15,31,104,22,38
119,15,39,104,22,46
119,15,47,104,23,54
119,15,55,104,25,62
119,15,63,104,26,70
119,15,71,103,27,78
119,15,79,103,28,86
119,15,87,102,29,94
119,15,95,101,30,102
119,15,103,100,31,111
119,15,111,99,31,120
119,15,119,97,32,130
119,15,127,96,33,142
119,15,135,95,33,156
119,15,143,93,34,172
119,15,151,91,34,189
119,15,159,88,34,208
119,15,167,85,34,221
119,15,175,82,34,230
119,15,183,79,34,233
119,15,191,76,34,235
119,15,199,74,34,237
119,15,207,72,34,239
119,15,215,70,35,243
119,15,223,69,35,247
119,15,231,67,35,250
119,15,239,66,35,252
119,15,247,65,35,254
119,15,255,64,34,255
119,23,0,101,23,6
119,23,7,102,24,13
119,23,15,103,25,21
119,23,23,104,25,30
119,23,31,104,26,37
119,23,39,104,27,45
119,23,47,104,28,53
119,23,55,104,29,61
119,23,63,104,30,69
119,23,71,104,31,77
119,23,79,103,31,85
119,23,87,103,32,93
119,23,95,102,33,101
119,23,103,101,34,109
119,23,111,100,35,118
119,23,119,99,35,128
119,23,127,97,36,139
119,23,135,96,37,151
119,23,143,95,38,167
119,23,151,93,38,186
119,23,159,91,38,205
119,23,167,88,38,221
119,23,175,85,38,231
119,23,183,81,38,234
119,23,191,78,38,235
119,23,199,76,39,237
119,23,207,73,39,239
119,23,215,72,39,243
119,23,223,70,40,247
119,23,231,69,40,250
119,23,239,67,40,252
119,23,247,66,40,254
119,23,255,65,39,255
119,31,0,101,30,7
119,31,7,102,29,12
119,31,15,103,30,20
119,31,23,103,30,28
119,31,31,104,31,36
119,31,39,104,32,44
119,31,47,105,33,52
119,31,55,105,34,60
119,31,63,105,35,68
119,31,71,104,35,76
119,31,79,104,36,83
119,31,87,103,37,91
119,31,95,103,38,99
119,31,103,102,38,108
119,31,111,101,39,117
119,31,119,100,40,126
119,31,127,99,41,137
119,31,135,98,42,147
119,31,143,96,43,163
119,31,151,95,43,182
119,31,159,93,44,203
119,31,167,90,44,220
119,31,175,87,44,230
119,31,183,83,43,235
119,31,191,80,43,237
119,31,199,77,43,238
119,31,207,75,44,241
119,31,215,73,44,244
119,31,223,72,45,247
119,31,231,70,45,250
119,31,239,69,45,253
119,31,247,67,45,255
119,31,255,66,45,255
119,39,0,101,36,7
119,39,7,102,35,11
119,39,15,103,35,18
119,39,23,104,35,27
119,39,31,104,36,35
119,39,39,105,37,43
119,39,47,105,38,51
119,39,55,105,38,58
119,39,63,105,39,66
119,39,71,105,40,74
119,39,79,105,41,82
119,39,87,104,41,89
119,39,95,104,42,97
119,39,103,103,43,106
119,39,111,102,43,114
119,39,119,101,44,123
119,39,127,101,46,134
119,39,135,100,47,143
119,39,143,98,48,158
119,39,151,97,48,176
119,39,159,95,49,198
119,39,167,93,49,218
119,39,175,90,49,231
119,39,183,86,48,236
119,39,191,82,48,238
119,39,199,79,48,239
119,39,207,76,48,240
119,39,215,74,48,243
119,39,223,73,49,247
119,39,231,72,49,250
119,39,239,70,49,252
119,39,247,69,50,255
119,39,255,67,49,255
119,47,0,101,43,7
119,47,7,101,41,10
119,47,15,102,40,16
119,47,23,103,41,25
119,47,31,104,42,33
119,47,39,105,42,41
119,47,47,105,43,49
119,47,55,106,44,57
119,47,63,106,45,65
119,47,71,106,45,72
119,47,79,105,46,80
119,47,87,105,46,88
119,47,95,105,47,95
119,47,103,104,48,103
119,47,111,103,49,111
119,47,119,103,49,120
119,47,127,102,51,130
119,47,135,101,52,139
119,47,143,100,53,152
119,47,151,99,54,170
119,47,159,97,54,190
119,47,167,95,54,212
119,47,175,92,54,229
119,47,183,88,53,237
119,47,191,84,53,238
119,47,199,81,52,239
119,47,207,78,52,240
119,47,215,76,53,242
119,47,223,75,53,247
119,47,231,74,54,250
119,47,239,72,54,252
119,47,247,70,54,254
119,47,255,68,54,255
119,55,0,102,49,7
119,55,7,101,47,8
119,55,15,102,46,14
119,55,23,103,47,23
119,55,31,104,48,31
119,55,39,105,48,39
119,55,47,106,49,48
119,55,55,106,50,55
119,55,63,106,50,63
119,55,71,106,51,70
119,55,79,106,52,78
119,55,87,106,52,86
119,55,95,106,53,93
119,55,103,105,54,101
119,55,111,105,54,109
119,55,119,104,55,117
119,55,127,103,56,127
119,55,135,103,57,136
119,55,143,102,58,148
119,55,151,101,59,163
119,55,159,99,60,182
119,55,167,98,60,204
119,55,175,95,59,224
119,55,183,91,59,237
119,55,191,87,58,239
119,55,199,83,57,240
119,55,207,81,57,241
119,55,215,79,58,242
119,55,223,78,58,247
119,55,231,76,58,250
119,55,239,74,58,252
119,55,247,72,58,254
119,55,255,70,58,255
119,63,0,103,56,6
119,63,7,101,53,6
119,63,15,101,52,11
119,63,23,103,53,20
119,63,31,104,54,28
119,63,39,105,55,37
119,63,47,106,55,46
119,63,55,106,56,54
119,63,63,106,57,61
119,63,71,106,58,69
119,63,79,106,59,76
119,63,87,106,59,84
119,63,95,106,60,91
119,63,103,106,61,99
119,63,111,106,61,106
119,63,119,105,62,114
119,63,127,105,63,124
119,63,135,104,63,134
119,63,143,104,64,145
119,63,151,103,65,158
119,63,159,102,66,174
119,63,167,100,66,195
119,63,175,98,66,215
119,63,183,94,65,232
119,63,191,90,64,239
119,63,199,87,63,242
119,63,207,84,63,243
119,63,215,82,63,244
119,63,223,81,63,247
119,63,231,79,63,249
119,63,239,77,63,252
119,63,247,74,63,254
119,63,255,71,63,255
119,71,0,104,63,4
119,71,7,101,60,5
119,71,15,101,59,9
119,71,23,103,60,17
119,71,31,104,61,26
119,71,39,105,61,35
119,71,47,107,62,44
119,71,55,106,63,52
119,71,63,107,64,60
119,71,71,107,65,68
119,71,79,107,66,75
119,71,87,107,66,83
119,71,95,107,67,89
119,71,103,107,67,96
119,71,111,106,68,104
119,71,119,107,68,112
119,71,127,106,69,121
119,71,135,106,70,130
119,71,143,105,70,140
119,71,151,104,71,152
119,71,159,103,72,167
119,71,167,102,72,185
119,71,175,100,72,206
119,71,183,97,71,225
119,71,191,94,70,237
119,71,199,90,69,243
119,71,207,88,69,245
119,71,215,86,69,246
119,71,223,84,69,247
119,71,231,82,69,249
119,71,239,80,69,252
119,71,247,77,68,254
119,71,255,72,67,255
119,79,0,105,70,3
119,79,7,101,66,4
119,79,15,101,65,7
119,79,23,103,66,15
119,79,31,104,67,24
119,79,39,106,68,33
119,79,47,106,69,42
119,79,55,107,71,51
119,79,63,107,71,58
119,79,71,108,72,66
119,79,79,108,73,74
119,79,87,108,75,81
119,79,95,108,74,88
119,79,103,108,74,95
119,79,111,107,75,101
119,79,119,107,75,109
119,79,127,107,76,117
119,79,135,107,76,126
119,79,143,106,77,136
119,79,151,106,78,146
119,79,159,105,78,160
119,79,167,104,79,176
119,79,175,103,79,196
119,79,183,100,78,216
119,79,191,97,77,231
119,79,199,94,76,241
119,79,207,91,75,245
119,79,215,89,75,246
119,79,223,88,75,247
119,79,231,85,74,249
119,79,239,83,74,251
119,79,247,80,73,253
119,79,255,74,72,255
119,87,0,106,76,3
119,87,7,102,73,3
119,87,15,101,72,5
119,87,23,103,73,12
119,87,31,105,74,21
119,87,39,106,75,31
119,87,47,106,76,41
119,87,55,107,78,49
119,87,63,108,78,57
119,87,71,108,79,64
119,87,79,109,81,72
119,87,87,109,82,79
119,87,95,109,82,86
119,87,103,109,82,93
119,87,111,108,82,100
119,87,119,108,82,107
119,87,127,107,82,114
119,87,135,107,83,122
119,87,143,108,83,131
119,87,151,107,84,141
119,87,159,107,85,153
119,87,167,106,85,167
119,87,175,105,85,186
119,87,183,103,85,206
119,87,191,100,84,224
119,87,199,97,83,237
119,87,207,95,82,244
119,87,215,93,81,247
119,87,223,91,81,248
119,87,231,89,80,249
119,87,239,86,80,251
119,87,247,83,79,253
119,87,255,76,76,255
119,95,0,106,83,2
119,95,7,102,79,3
119,95,15,101,78,5
119,95,23,103,79,11
119,95,31,105,80,19
119,95,39,106,81,29
119,95,47,108,83,39
119,95,55,108,84,48
119,95,63,109,85,55
119,95,71,109,86,63
119,95,79,110,86,70
119,95,87,110,88,77
119,95,95,110,89,84
119,95,103,110,89,91
119,95,111,109,89,97
119,95,119,109,88,105
119,95,127,109,89,113
119,95,135,108,89,120
119,95,143,108,90,128
119,95,151,109,90,137
119,95,159,108,91,148
119,95,167,107,91,160
119,95,175,106,91,176
119,95,183,105,91,196
119,95,191,103,91,216
119,95,199,100,89,232
119,95,207,98,88,242
119,95,215,96,87,246
119,95,223,94,87,248
119,95,231,92,86,249
119,95,239,89,85,251
119,95,247,86,84,253
119,95,255,78,81,255
119,103,0,107,90,2
119,103,7,102,85,3
119,103,15,102,84,4
119,103,23,104,85,10
119,103,31,105,86,18
119,103,39,107,88,28
119,103,47,108,89,38
119,103,55,109,90,47
119,103,63,109,91,54
119,103,71,110,92,62
119,103,79,111,93,69
119,103,87,111,94,76
119,103,95,111,95,83
119,103,103,111,95,89
119,103,111,110,96,96
119,103,119,110,96,103
119,103,127,110,96,110
119,103,135,110,96,118
119,103,143,109,96,126
119,103,151,109,97,134
119,103,159,109,97,144
119,103,167,109,97,153
119,103,175,108,98,167
119,103,183,107,98,186
119,103,191,105,97,206
119,103,199,103,96,226
119,103,207,101,95,240
119,103,215,99,94,247
119,103,223,97,93,249
119,103,231,94,92,250
119,103,239,92,91,252
119,103,247,88,90,253
119,103,255,80,87,254
119,111,0,108,96,2
119,111,7,103,91,3
119,111,15,102,90,4
119,111,23,104,91,9
119,111,31,105,92,16
119,111,39,107,94,26
119,111,47,109,95,36
119,111,55,111,96,46
119,111,63,110,97,52
119,111,71,111,98,60
119,111,79,112,99,68
119,111,87,112,100,75
119,111,95,112,101,82
119,111,103,112,102,88
119,111,111,110,102,95
119,111,119,111,102,101
119,111,127,111,103,108
119,111,135,111,103,116
119,111,143,111,103,124
119,111,151,111,103,132
119,111,159,110,103,140
119,111,167,109,104,148
119,111,175,110,104,160
119,111,183,109,104,177
119,111,191,107,103,196
119,111,199,106,103,218
119,111,207,104,101,235
119,111,215,101,100,245
119,111,223,99,99,249
119,111,231,97,98,250
119,111,239,95,98,251
119,111,247,91,96,252
119,111,255,82,93,254
119,119,0,109,102,3
119,119,7,103,97,4
119,119,15,102,96,5
119,119,23,104,97,8
119,119,31,106,98,15
119,119,39,107,100,25
119,119,47,110,101,35
119,119,55,111,103,45
119,119,63,112,104,51
119,119,71,112,105,59
119,119,79,113,106,67
119,119,87,113,106,74
119,119,95,113,107,81
119,119,103,113,108,87
119,119,111,112,109,94
119,119,119,112,109,100
119,119,127,112,109,107
119,119,135,112,110,114
119,119,143,112,110,122
119,119,151,112,110,130
119,119,159,112,110,138
119,119,167,111,110,145
119,119,175,110,110,156
119,119,183,111,110,170
119,119,191,109,110,188
119,119,199,108,109,208
119,119,207,106,108,227
119,119,215,104,107,241
119,119,223,102,106,248
119,119,231,100,105,250
119,119,239,98,104,251
119,119,247,94,103,252
119,119,255,85,100,254
119,127,0,109,108,3
119,127,7,103,103,4
119,127,15,102,102,5
119,127,23,104,103,7
119,127,31,105,104,14
119,127,39,108,106,23
119,127,47,110,108,34
119,127,55,112,110,43
119,127,63,114,111,50
119,127,71,114,112,58
119,127,79,115,113,65
119,127,87,115,113,73
119,127,95,115,114,80
119,127,103,115,115,87
119,127,111,115,116,93
119,127,119,113,116,99
119,127,127,113,117,106
119,127,135,113,117,113
119,127,143,113,117,120
119,127,151,114,116,128
119,127,159,114,117,136
119,127,167,113,117,146
119,127,175,113,117,155
119,127,183,112,117,167
119,127,191,112,116,181
119,127,199,110,116,199
119,127,207,109,115,218
119,127,215,107,114,235
119,127,223,105,112,245
119,127,231,102,111,249
119,127,239,101,111,251
119,127,247,97,109,252
119,127,255,87,106,253
119,135,0,110,114,4
119,135,7,103,109,4
119,135,15,102,108,5
119,135,23,104,110,7
119,135,31,106,111,13
119,135,39,108,113,22
119,135,47,111,115,32
119,135,55,113,117,42
119,135,63,115,118,49
119,135,71,116,119,57
119,135,79,116,120,64
119,135,87,117,121,71
119,135,95,117,122,80
119,135,103,117,122,86
119,135,111,117,123,93
119,135,119,116,123,99
119,135,127,115,124,105
119,135,135,115,124,112
119,135,143,115,124,119
119,135,151,115,125,126
119,135,159,115,124,135
119,135,167,115,124,144
119,135,175,115,124,154
119,135,183,114,124,163
119,135,191,113,123,176
119,135,199,113,123,192
119,135,207,111,122,211
119,135,215,109,121,229
119,135,223,107,119,241
119,135,231,105,118,248
119,135,239,103,117,251
119,135,247,99,116,252
119,135,255,90,113,253
119,143,0,110,120,4
119,143,7,103,115,5
119,143,15,102,114,6
119,143,23,104,116,7
119,143,31,106,118,12
119,143,39,108,120,21
119,143,47,111,122,31
119,143,55,114,124,41
119,143,63,116,126,48
119,143,71,117,127,56
119,143,79,119,128,63
119,143,87,118,129,70
119,143,95,119,130,78
119,143,103,119,130,86
119,143,111,119,131,92
119,143,119,118,131,98
119,143,127,118,131,104
119,143,135,117,131,111
119,143,143,117,132,117
119,143,151,117,132,125
119,143,159,117,132,133
119,143,167,117,131,142
119,143,175,117,131,152
119,143,183,116,131,162
119,143,191,115,131,173
119,143,199,114,130,187
119,143,207,114,129,205
119,143,215,112,128,223
119,143,223,110,127,237
119,143,231,108,125,246
119,143,239,106,124,251
119,143,247,102,123,252
119,143,255,93,121,253
119,151,0,110,126,4
119,151,7,103,121,5
119,151,15,102,121,6
119,151,23,104,123,7
119,151,31,106,124,11
119,151,39,108,127,19
119,151,47,111,130,29
119,151,55,114,132,39
119,151,63,116,134,47
119,151,71,118,135,54
119,151,79,120,136,62
119,151,87,121,137,69
119,151,95,121,138,77
119,151,103,121,138,84
119,151,111,121,139,90
119,151,119,120,139,97
119,151,127,120,139,103
119,151,135,120,139,110
119,151,143,120,139,117
119,151,151,119,139,124
119,151,159,118,139,132
119,151,167,118,139,140
119,151,175,119,139,150
119,151,183,118,139,160
119,151,191,117,138,171
119,151,199,116,138,183
119,151,207,115,137,199
119,151,215,115,136,217
119,151,223,113,134,232
119,151,231,110,133,244
119,151,239,108,132,250
119,151,247,104,131,252
119,151,255,96,128,253
119,159,0,110,131,5
119,159,7,103,127,6
119,159,15,101,126,7
119,159,23,103,129,8
119,159,31,105,130,11
119,159,39,107,133,18
119,159,47,111,136,27
119,159,55,114,139,37
119,159,63,116,141,45
119,159,71,118,142,53
119,159,79,120,144,60
119,159,87,121,145,68
119,159,95,122,145,75
119,159,103,123,146,82
119,159,111,122,146,89
119,159,119,122,146,95
119,159,127,121,146,102
119,159,135,121,147,108
119,159,143,121,147,115
119,159,151,121,147,122
119,159,159,120,147,130
119,159,167,120,147,138
119,159,175,120,147,147
119,159,183,120,147,157
119,159,191,119,146,168
119,159,199,118,146,180
119,159,207,117,145,193
119,159,215,116,144,211
119,159,223,115,143,227
119,159,231,113,141,240
119,159,239,111,140,248
119,159,247,107,139,251
119,159,255,99,136,252
119,167,0,109,137,6
119,167,7,102,132,7
119,167,15,100,132,8
119,167,23,102,134,9
119,167,31,104,136,11
119,167,39,106,139,16
119,167,47,110,142,25
119,167,55,113,145,35
119,167,63,115,147,43
119,167,71,118,149,51
119,167,79,120,150,59
119,167,87,121,151,66
119,167,95,122,152,74
119,167,103,123,153,81
119,167,111,124,153,88
119,167,119,123,154,94
119,167,127,123,154,100
119,167,135,123,154,107
119,167,143,123,155,113
119,167,151,123,155,120
119,167,159,123,155,128
119,167,167,123,156,136
119,167,175,122,156,144
119,167,183,122,155,154
119,167,191,121,155,164
119,167,199,119,154,175
119,167,207,118,153,190
119,167,215,118,153,204
119,167,223,116,151,221
119,167,231,115,150,236
119,167,239,113,149,246
119,167,247,109,148,251
119,167,255,102,145,253
119,175,0,109,142,7
119,175,7,101,138,8
119,175,15,99,137,9
119,175,23,101,140,10
119,175,31,103,141,11
119,175,39,105,144,15
119,175,47,108,147,23
119,175,55,111,150,33
119,175,63,114,152,41
119,175,71,117,154,49
119,175,79,119,156,57
119,175,87,121,157,64
119,175,95,122,158,72
119,175,103,123,159,79
119,175,111,124,160,86
119,175,119,124,161,92
119,175,127,124,161,98
119,175,135,124,162,105
119,175,143,124,162,111
119,175,151,124,163,118
119,175,159,124,163,125
119,175,167,124,164,133
119,175,175,124,164,142
119,175,183,123,164,151
119,175,191,122,164,161
119,175,199,121,163,170
119,175,207,120,163,184
119,175,215,119,162,197
119,175,223,118,161,214
119,175,231,116,159,230
119,175,239,115,158,243
119,175,247,112,157,250
119,175,255,106,154,252
119,183,0,108,148,8
119,183,7,100,143,9
119,183,15,98,142,10
119,183,23,100,144,11
119,183,31,101,146,12
119,183,39,103,148,15
119,183,47,106,151,22
119,183,55,109,153,30
119,183,63,112,156,39
119,183,71,115,158,47
119,183,79,117,160,55
119,183,87,119,162,62
119,183,95,121,163,69
119,183,103,123,165,77
119,183,111,124,166,84
119,183,119,125,167,91
119,183,127,125,168,97
119,183,135,125,169,103
119,183,143,125,169,109
119,183,151,125,170,115
119,183,159,125,171,122
119,183,167,125,172,130
119,183,175,125,172,138
119,183,183,124,173,147
119,183,191,124,173,157
119,183,199,123,172,166
119,183,207,121,172,178
119,183,215,120,171,193
119,183,223,120,171,206
119,183,231,118,169,224
119,183,239,116,169,239
119,183,247,114,167,248
119,183,255,109,164,250
119,191,0,107,153,9
119,191,7,100,148,10
119,191,15,98,147,11
119,191,23,99,149,12
119,191,31,100,150,13
119,191,39,102,152,15
119,191,47,104,154,20
119,191,55,107,157,28
119,191,63,110,159,37
119,191,71,113,161,45
119,191,79,115,163,53
119,191,87,117,165,60
119,191,95,119,167,67
119,191,103,121,169,74
119,191,111,123,170,81
119,191,119,124,172,88
119,191,127,125,173,95
119,191,135,125,174,101
119,191,143,126,175,107
119,191,151,125,176,113
119,191,159,126,177,120
119,191,167,126,178,127
119,191,175,126,179,135
119,191,183,125,180,143
119,191,191,125,180,152
119,191,199,124,180,162
119,191,207,122,180,173
119,191,215,121,180,186
119,191,223,121,180,199
119,191,231,119,180,216
119,191,239,118,179,233
119,191,247,115,178,245
119,191,255,112,173,248
119,199,0,106,159,10
119,199,7,99,154,11
119,199,15,97,152,12
119,199,23,98,154,13
119,199,31,99,155,14
119,199,39,100,156,15
119,199,47,103,158,19
119,199,55,106,161,26
119,199,63,108,163,35
119,199,71,111,165,43
119,199,79,113,167,50
119,199,87,115,169,57
119,199,95,118,171,64
119,199,103,120,173,72
119,199,111,121,175,79
119,199,119,123,177,86
119,199,127,124,178,92
119,199,135,125,179,99
119,199,143,126,181,105
119,199,151,127,182,111
119,199,159,127,183,117
119,199,167,126,184,124
119,199,175,127,185,131
119,199,183,127,186,139
119,199,191,126,187,147
119,199,199,124,188,157
119,199,207,123,189,167
119,199,215,122,189,179
119,199,223,122,189,191
119,199,231,121,189,207
119,199,239,119,190,225
119,199,247,117,189,239
119,199,255,114,183,246
119,207,0,104,166,11
119,207,7,99,160,12
119,207,15,96,158,13
119,207,23,97,159,14
119,207,31,98,160,15
119,207,39,99,161,16
119,207,47,101,162,19
119,207,55,104,164,25
119,207,63,106,166,32
119,207,71,108,168,40
119,207,79,111,170,48
119,207,87,113,172,55
119,207,95,115,174,62
119,207,103,117,177,69
119,207,111,119,178,76
119,207,119,121,180,83
119,207,127,122,181,89
119,207,135,124,183,96
119,207,143,125,184,102
119,207,151,126,186,108
119,207,159,127,187,114
119,207,167,127,188,121
119,207,175,127,190,128
119,207,183,127,191,135
119,207,191,126,193,143
119,207,199,126,194,151
119,207,207,125,196,159
119,207,215,124,197,170
119,207,223,123,198,184
119,207,231,122,199,199
119,207,239,121,200,215
119,207,247,119,200,232
119,207,255,117,194,243
119,215,0,103,172,12
119,215,7,98,167,13
119,215,15,96,164,14
119,215,23,97,165,15
119,215,31,97,165,16
119,215,39,98,166,17
119,215,47,100,167,18
119,215,55,102,168,23
119,215,63,104,169,30
119,215,71,107,171,38
119,215,79,109,173,45
119,215,87,111,175,52
119,215,95,113,177,59
119,215,103,115,179,66
119,215,111,117,181,73
119,215,119,119,183,79
119,215,127,121,184,86
119,215,135,122,186,93
119,215,143,124,187,99
119,215,151,125,189,105
119,215,159,126,190,111
119,215,167,127,192,118
119,215,175,127,194,124
119,215,183,127,196,131
119,215,191,126,197,139
119,215,199,126,200,146
119,215,207,125,202,155
119,215,215,124,204,165
119,215,223,123,206,177
119,215,231,123,208,191
119,215,239,122,211,208
119,215,247,120,210,225
119,215,255,120,204,241
119,223,0,102,180,12
119,223,7,98,174,13
119,223,15,96,172,14
119,223,23,96,172,15
119,223,31,97,172,16
119,223,39,98,172,17
119,223,47,100,173,19
119,223,55,102,173,23
119,223,63,103,174,29
119,223,71,106,176,36
119,223,79,108,178,43
119,223,87,110,179,50
119,223,95,112,180,57
119,223,103,114,182,63
119,223,111,116,184,70
119,223,119,118,186,77
119,223,127,119,187,83
119,223,135,121,189,90
119,223,143,123,191,96
119,223,151,124,193,102
119,223,159,125,194,108
119,223,167,126,196,115
119,223,175,127,199,121
119,223,183,127,201,128
119,223,191,127,203,135
119,223,199,126,205,143
119,223,207,125,208,152
119,223,215,124,211,161
119,223,223,124,214,173
119,223,231,123,217,187
119,223,239,122,220,202
119,223,247,122,221,219
119,223,255,122,215,238
119,231,0,100,188,12
119,231,7,97,182,13
119,231,15,96,180,14
119,231,23,96,179,15
119,231,31,97,179,16
119,231,39,98,179,17
119,231,47,99,179,19
119,231,55,101,180,22
119,231,63,103,180,28
119,231,71,105,182,35
119,231,79,107,183,42
119,231,87,109,184,48
119,231,95,111,185,55
119,231,103,113,187,61
119,231,111,115,188,68
119,231,119,116,190,74
119,231,127,118,191,81
119,231,135,120,193,87
119,231,143,122,195,94
119,231,151,123,197,100
119,231,159,124,199,106
119,231,167,125,201,112
119,231,175,126,204,119
119,231,183,126,206,125
119,231,191,126,209,132
119,231,199,126,211,140
119,231,207,126,214,148
119,231,215,124,217,158
119,231,223,124,221,168
119,231,231,123,226,181
119,231,239,122,230,195
119,231,247,122,231,213
119,231,255,124,226,236
119,239,0,99,197,12
119,239,7,96,192,13
119,239,15,95,189,14
119,239,23,96,188,15
119,239,31,97,187,16
119,239,39,98,186,17
119,239,47,99,186,19
119,239,55,101,186,22
119,239,63,102,186,27
119,239,71,104,186,33
119,239,79,106,187,40
119,239,87,108,188,46
119,239,95,110,189,53
119,239,103,112,190,59
119,239,111,113,191,65
119,239,119,115,193,71
119,239,127,117,194,78
119,239,135,119,196,85
119,239,143,120,198,91
119,239,151,122,200,97
119,239,159,123,202,103
119,239,167,124,205,110
119,239,175,125,208,116
119,239,183,126,211,123
119,239,191,126,213,129
119,239,199,126,217,137
119,239,207,125,220,145
119,239,215,125,224,154
119,239,223,125,228,164
119,239,231,123,234,176
119,239,239,123,239,191
119,239,247,124,241,210
119,239,255,126,236,234
119,247,0,97,206,11
119,247,7,96,203,12
119,247,15,96,201,13
119,247,23,97,200,14
119,247,31,98,200,16
119,247,39,99,199,18
119,247,47,100,198,20
119,247,55,101,197,24
119,247,63,103,196,28
119,247,71,105,196,34
119,247,79,106,197,40
119,247,87,108,197,46
119,247,95,110,197,52
119,247,103,112,198,58
119,247,111,113,199,64
119,247,119,115,201,70
119,247,127,116,202,76
119,247,135,118,204,83
119,247,143,119,206,89
119,247,151,121,208,95
119,247,159,122,210,101
119,247,167,123,213,108
119,247,175,124,215,114
119,247,183,125,218,121
119,247,191,125,221,128
119,247,199,125,225,135
119,247,207,125,229,144
119,247,215,125,233,153
119,247,223,125,237,163
119,247,231,125,242,175
119,247,239,125,247,190
119,247,247,127,249,209
119,247,255,128,247,232
119,255,0,96,216,9
119,255,7,97,217,10
119,255,15,98,218,13
119,255,23,99,219,15
119,255,31,101,219,18
119,255,39,102,220,22
119,255,47,104,220,25
119,255,55,105,220,30
119,255,63,107,220,34
119,255,71,108,220,39
119,255,79,110,219,44
119,255,87,111,219,49
119,255,95,113,220,55
119,255,103,114,220,60
119,255,111,115,221,66
119,255,119,116,221,71
119,255,127,117,222,77
119,255,135,118,223,83
119,255,143,119,224,88
119,255,151,120,225,94
119,255,159,121,227,100
119,255,167,122,229,107
119,255,175,123,231,113
119,255,183,124,233,121
119,255,191,125,236,128
119,255,199,125,238,137
119,255,207,126,241,147
119,255,215,127,244,157
119,255,223,128,247,169
119,255,231,128,250,182
119,255,239,129,253,196
119,255,247,130,255,213
119,255,255,130,255,231
127,0,0,108,6,6
127,0,7,108,7,13
127,0,15,109,8,21
127,0,23,109,8,29
127,0,31,109,9,37
127,0,39,108,9,46
127,0,47,108,10,55
127,0,55,107,11,64
127,0,63,106,11,73
127,0,71,105,11,82
127,0,79,104,12,91
127,0,87,102,12,100
127,0,95,101,13,109
127,0,103,99,13,118
127,0,111,97,14,128
127,0,119,96,14,136
127,0,127,94,14,145
127,0,135,92,15,155
127,0,143,90,15,164
127,0,151,87,16,173
127,0,159,85,16,183
127,0,167,84,17,192
127,0,175,82,17,201
127,0,183,80,18,209
127,0,191,78,19,218
127,0,199,76,19,225
127,0,207,75,20,232
127,0,215,73,21,239
127,0,223,72,21,244
127,0,231,70,21,248
127,0,239,69,22,251
127,0,247,68,22,253
127,0,255,67,22,255
127,7,0,107,11,6
127,7,7,109,13,14
127,7,15,110,14,22
127,7,23,110,15,31
127,7,31,110,16,39
127,7,39,110,17,47
127,7,47,110,18,55
127,7,55,109,19,63
127,7,63,109,20,72
127,7,71,108,21,80
127,7,79,107,22,88
127,7,87,107,23,96
127,7,95,105,24,105
127,7,103,104,24,114
127,7,111,103,25,123
127,7,119,101,26,133
127,7,127,100,26,143
127,7,135,98,27,155
127,7,143,96,27,169
127,7,151,94,27,183
127,7,159,91,27,199
127,7,167,89,27,211
127,7,175,86,27,220
127,7,183,83,27,227
127,7,191,80,27,230
127,7,199,78,28,234
127,7,207,76,28,238
127,7,215,74,28,242
127,7,223,72,28,246
127,7,231,71,28,250
127,7,239,70,28,252
127,7,247,69,28,254
127,7,255,68,28,255
127,15,0,107,17,7
127,15,7,109,19,14
127,15,15,110,20,23
127,15,23,111,21,31
127,15,31,111,22,39
127,15,39,111,23,47
127,15,47,111,24,55
127,15,55,111,25,63
127,15,63,110,26,70
127,15,71,110,27,78
127,15,79,109,28,86
127,15,87,109,29,94
127,15,95,108,30,102
127,15,103,107,31,110
127,15,111,106,32,120
127,15,119,104,33,130
127,15,127,103,33,141
127,15,135,101,34,153
127,15,143,100,34,168
127,15,151,98,34,186
127,15,159,95,35,204
127,15,167,92,34,220
127,15,175,89,34,230
127,15,183,85,34,234
127,15,191,82,34,236
127,15,199,79,34,237
127,15,207,77,34,240
127,15,215,75,34,243
127,15,223,73,34,247
127,15,231,72,34,250
127,15,239,71,34,253
127,15,247,70,34,254
127,15,255,69,34,255
127,23,0,107,23,7
127,23,7,108,24,14
127,23,15,110,25,22
127,23,23,110,26,31
127,23,31,111,27,38
127,23,39,111,27,46
127,23,47,111,28,54
127,23,55,111,29,61
127,23,63,111,30,69
127,23,71,110,31,77
127,23,79,110,32,85
127,23,87,109,33,93
127,23,95,108,34,101
127,23,103,107,34,109
127,23,111,106,35,118
127,23,119,105,36,128
127,23,127,104,37,139
127,23,135,103,37,150
127,23,143,101,38,165
127,23,151,99,38,183
127,23,159,97,39,202
127,23,167,95,39,219
127,23,175,91,38,231
127,23,183,87,38,235
127,23,191,84,38,236
127,23,199,80,38,237
127,23,207,78,38,240
127,23,215,76,39,243
127,23,223,75,39,247
127,23,231,73,39,250
127,23,239,72,39,253
127,23,247,71,39,254
127,23,255,70,39,255
127,31,0,107,29,7
127,31,7,108,29,13
127,31,15,109,30,21
127,31,23,110,30,29
127,31,31,111,31,37
127,31,39,111,32,45
127,31,47,111,33,52
127,31,55,111,34,60
127,31,63,111,35,68
127,31,71,111,36,76
127,31,79,111,37,83
127,31,87,110,37,91
127,31,95,110,39,99
127,31,103,109,39,108
127,31,111,108,40,116
127,31,119,107,40,126
127,31,127,106,42,137
127,31,135,105,42,147
127,31,143,103,43,161
127,31,151,102,43,180
127,31,159,100,44,200
127,31,167,97,44,218
127,31,175,94,44,230
127,31,183,90,43,236
127,31,191,86,43,237
127,31,199,82,43,239
127,31,207,79,43,241
127,31,215,77,43,244
127,31,223,76,44,248
127,31,231,75,44,250
127,31,239,73,44,253
127,31,247,72,44,254
127,31,255,71,44,255
127,39,0,107,35,7
127,39,7,108,35,12
127,39,15,109,35,20
127,39,23,110,36,28
127,39,31,111,37,36
127,39,39,111,37,44
127,39,47,112,38,51
127,39,55,112,39,59
127,39,63,112,40,67
127,39,71,112,40,74
127,39,79,111,41,82
127,39,87,111,42,90
127,39,95,110,43,97
127,39,103,110,43,106
127,39,111,109,44,114
127,39,119,108,45,123
127,39,127,107,46,134
127,39,135,106,47,143
127,39,143,105,48,157
127,39,151,104,48,174
127,39,159,102,49,195
127,39,167,99,49,216
127,39,175,96,49,230
127,39,183,92,48,237
127,39,191,88,48,238
127,39,199,83,47,239
127,39,207,80,47,241
127,39,215,79,47,243
127,39,223,78,48,247
127,39,231,76,48,250
127,39,239,75,49,252
127,39,247,73,49,254
127,39,255,72,49,255
127,47,0,107,42,7
127,47,7,108,40,11
127,47,15,109,40,18
127,47,23,110,41,26
127,47,31,111,42,34
127,47,39,111,43,42
127,47,47,112,43,50
127,47,55,112,44,57
127,47,63,112,45,65
127,47,71,112,46,73
127,47,79,112,46,80
127,47,87,112,47,88
127,47,95,111,48,96
127,47,103,111,48,103
127,47,111,110,49,112
127,47,119,109,50,121
127,47,127,109,51,131
127,47,135,108,52,139
127,47,143,107,53,152
127,47,151,105,54,168
127,47,159,104,54,188
127,47,167,102,54,210
127,47,175,99,54,228
127,47,183,94,53,237
127,47,191,90,52,238
127,47,199,85,52,239
127,47,207,82,51,240
127,47,215,81,52,242
127,47,223,80,53,247
127,47,231,78,53,250
127,47,239,76,53,252
127,47,247,75,53,254
127,47,255,73,53,255
127,55,0,108,48,7
127,55,7,108,46,9
127,55,15,108,46,15
127,55,23,110,47,24
127,55,31,111,48,32
127,55,39,111,48,40
127,55,47,112,49,48
127,55,55,113,50,56
127,55,63,113,51,63
127,55,71,113,51,71
127,55,79,113,52,79
127,55,87,112,53,86
127,55,95,112,53,94
127,55,103,112,54,101
127,55,111,111,54,109
127,55,119,110,55,118
127,55,127,110,56,127
127,55,135,109,57,136
127,55,143,108,58,147
127,55,151,107,59,162
127,55,159,106,60,180
127,55,167,104,60,202
127,55,175,101,59,222
127,55,183,97,59,236
127,55,191,93,57,239
127,55,199,88,57,240
127,55,207,85,56,241
127,55,215,83,57,243
127,55,223,82,57,247
127,55,231,81,57,249
127,55,239,79,57,252
127,55,247,77,57,254
127,55,255,75,57,255
127,63,0,109,55,7
127,63,7,107,52,8
127,63,15,108,52,13
127,63,23,109,53,21
127,63,31,110,54,30
127,63,39,112,55,38
127,63,47,112,56,46
127,63,55,113,57,54
127,63,63,113,57,61
127,63,71,114,58,69
127,63,79,114,59,77
127,63,87,113,59,84
127,63,95,113,60,92
127,63,103,113,60,99
127,63,111,112,61,107
127,63,119,112,62,115
127,63,127,111,62,124
127,63,135,110,63,134
127,63,143,110,64,145
127,63,151,109,65,157
127,63,159,108,65,173
127,63,167,106,66,193
127,63,175,104,66,214
127,63,183,100,65,231
127,63,191,96,63,239
127,63,199,92,62,242
127,63,207,89,62,243
127,63,215,87,62,244
127,63,223,86,63,247
127,63,231,84,63,249
127,63,239,82,62,252
127,63,247,79,62,254
127,63,255,76,62,255
127,71,0,110,62,5
127,71,7,107,59,6
127,71,15,108,58,10
127,71,23,109,59,19
127,71,31,110,60,27
127,71,39,112,61,36
127,71,47,113,62,45
127,71,55,114,63,53
127,71,63,113,64,60
127,71,71,113,65,67
127,71,79,114,66,75
127,71,87,113,66,82
127,71,95,113,67,90
127,71,103,113,67,97
127,71,111,113,68,104
127,71,119,113,68,112
127,71,127,112,69,121
127,71,135,112,69,131
127,71,143,111,70,141
127,71,151,110,71,152
127,71,159,109,72,166
127,71,167,109,72,184
127,71,175,106,72,204
127,71,183,103,71,223
127,71,191,99,70,236
127,71,199,96,69,243
127,71,207,93,68,245
127,71,215,90,68,246
127,71,223,89,68,247
127,71,231,87,68,249
127,71,239,85,68,251
127,71,247,82,67,253
127,71,255,77,66,255
127,79,0,111,68,4
127,79,7,108,65,5
127,79,15,108,65,8
127,79,23,109,66,16
127,79,31,111,67,25
127,79,39,112,68,34
127,79,47,113,69,43
127,79,55,113,71,51
127,79,63,114,71,58
127,79,71,114,72,67
127,79,79,114,73,74
127,79,87,114,74,82
127,79,95,114,74,89
127,79,103,114,74,95
127,79,111,113,75,102
127,79,119,113,75,109
127,79,127,113,76,118
127,79,135,113,76,127
127,79,143,112,77,136
127,79,151,112,77,147
127,79,159,111,78,160
127,79,167,110,79,175
127,79,175,109,79,195
127,79,183,106,78,214
127,79,191,103,77,230
127,79,199,99,75,241
127,79,207,96,74,245
127,79,215,94,74,246
127,79,223,92,74,247
127,79,231,90,73,249
127,79,239,88,73,251
127,79,247,85,72,253
127,79,255,79,71,255
127,87,0,112,75,4
127,87,7,108,72,4
127,87,15,108,71,7
127,87,23,109,73,14
127,87,31,111,74,23
127,87,39,112,75,32
127,87,47,114,76,41
127,87,55,114,77,50
127,87,63,114,78,57
127,87,71,115,79,65
127,87,79,115,80,73
127,87,87,115,81,80
127,87,95,115,82,87
127,87,103,115,81,94
127,87,111,114,81,101
127,87,119,114,82,107
127,87,127,113,82,115
127,87,135,114,83,123
127,87,143,113,83,132
127,87,151,113,84,142
127,87,159,112,84,154
127,87,167,112,85,167
127,87,175,111,85,185
127,87,183,109,85,205
127,87,191,106,84,223
127,87,199,103,82,236
127,87,207,100,81,244
127,87,215,98,80,246
127,87,223,96,80,248
127,87,231,93,79,249
127,87,239,91,79,251
127,87,247,88,78,253
127,87,255,81,76,254
127,95,0,112,82,3
127,95,7,108,78,4
127,95,15,108,77,6
127,95,23,110,79,13
127,95,31,111,80,21
127,95,39,112,81,30
127,95,47,114,82,40
127,95,55,114,84,48
127,95,63,115,85,56
127,95,71,116,86,64
127,95,79,116,86,71
127,95,87,116,88,78
127,95,95,116,88,85
127,95,103,115,89,92
127,95,111,115,89,99
127,95,119,115,88,106
127,95,127,114,89,113
127,95,135,114,89,120
127,95,143,114,90,129
127,95,151,114,90,138
127,95,159,114,90,149
127,95,167,113,91,160
127,95,175,112,91,176
127,95,183,111,91,195
127,95,191,109,90,214
127,95,199,106,89,231
127,95,207,103,88,242
127,95,215,101,87,246
127,95,223,99,86,248
127,95,231,96,85,249
127,95,239,94,85,251
127,95,247,91,84,253
127,95,255,83,81,254
127,103,0,113,88,3
127,103,7,109,84,4
127,103,15,108,83,5
127,103,23,110,85,11
127,103,31,111,86,19
127,103,39,113,87,29
127,103,47,115,89,39
127,103,55,116,90,47
127,103,63,116,91,54
127,103,71,116,92,62
127,103,79,117,93,70
127,103,87,117,93,77
127,103,95,117,95,84
127,103,103,116,95,90
127,103,111,116,95,97
127,103,119,116,96,103
127,103,127,115,95,111
127,103,135,115,95,119
127,103,143,115,96,126
127,103,151,115,96,134
127,103,159,115,97,145
127,103,167,114,97,154
127,103,175,114,97,168
127,103,183,113,97,186
127,103,191,111,97,205
127,103,199,109,96,225
127,103,207,106,94,239
127,103,215,104,93,247
127,103,223,102,92,249
127,103,231,99,92,250
127,103,239,97,91,251
127,103,247,93,89,252
127,103,255,85,86,254
127,111,0,114,95,3
127,111,7,109,90,4
127,111,15,108,89,5
127,111,23,110,91,10
127,111,31,111,92,18
127,111,39,113,93,27
127,111,47,115,95,37
127,111,55,117,96,46
127,111,63,117,97,53
127,111,71,117,98,61
127,111,79,118,99,69
127,111,87,118,99,76
127,111,95,118,101,83
127,111,103,118,101,89
127,111,111,117,102,95
127,111,119,117,102,102
127,111,127,117,102,109
127,111,135,116,103,116
127,111,143,116,102,124
127,111,151,116,103,133
127,111,159,115,103,141
127,111,167,115,103,149
127,111,175,115,103,161
127,111,183,114,103,177
127,111,191,113,103,196
127,111,199,111,102,217
127,111,207,109,101,234
127,111,215,107,100,245
127,111,223,105,99,249
127,111,231,102,98,250
127,111,239,100,97,251
127,111,247,96,96,252
127,111,255,88,93,254
127,119,0,115,101,3
127,119,7,109,96,4
127,119,15,108,95,5
127,119,23,110,97,9
127,119,31,112,98,17
127,119,39,114,99,26
127,119,47,116,101,36
127,119,55,118,102,45
127,119,63,119,103,52
127,119,71,119,104,59
127,119,79,119,105,68
127,119,87,119,106,75
127,119,95,119,106,82
127,119,103,119,108,88
127,119,111,119,108,94
127,119,119,117,108,101
127,119,127,118,109,108
127,119,135,118,109,115
127,119,143,117,110,122
127,119,151,117,109,130
127,119,159,117,109,139
127,119,167,116,109,146
127,119,175,116,110,157
127,119,183,116,110,171
127,119,191,115,109,188
127,119,199,114,109,208
127,119,207,112,108,227
127,119,215,110,106,241
127,119,223,108,105,247
127,119,231,105,104,250
127,119,239,103,104,251
127,119,247,99,102,252
127,119,255,90,99,253
127,127,0,115,107,4
127,127,7,109,102,5
127,127,15,108,101,6
127,127,23,110,103,8
127,127,31,112,104,15
127,127,39,114,105,24
127,127,47,116,107,35
127,127,55,118,109,44
127,127,63,120,110,51
127,127,71,120,111,58
127,127,79,121,112,66
127,127,87,121,113,74
127,127,95,121,113,81
127,127,103,120,114,88
127,127,111,120,115,93
127,127,119,119,115,100
127,127,127,118,115,106
127,127,135,118,116,113
127,127,143,119,116,120
127,127,151,119,117,128
127,127,159,119,116,137
127,127,167,118,116,146
127,127,175,118,116,155
127,127,183,117,116,167
127,127,191,117,116,181
127,127,199,116,115,199
127,127,207,114,115,218
127,127,215,113,113,235
127,127,223,111,112,244
127,127,231,108,111,249
127,127,239,106,110,251
127,127,247,102,109,252
127,127,255,93,106,253
127,135,0,116,114,4
127,135,7,109,108,5
127,135,15,108,107,6
127,135,23,110,109,8
127,135,31,112,110,14
127,135,39,114,112,23
127,135,47,117,114,34
127,135,55,119,116,43
127,135,63,121,117,50
127,135,71,122,118,58
127,135,79,122,119,65
127,135,87,122,120,72
127,135,95,123,121,80
127,135,103,122,121,87
127,135,111,122,121,93
127,135,119,122,123,99
127,135,127,120,123,105
127,135,135,120,123,112
127,135,143,120,123,119
127,135,151,120,124,126
127,135,159,120,124,135
127,135,167,120,123,144
127,135,175,120,123,154
127,135,183,119,123,164
127,135,191,118,123,177
127,135,199,118,122,192
127,135,207,117,122,211
127,135,215,115,120,229
127,135,223,113,119,241
127,135,231,111,118,249
127,135,239,109,117,251
127,135,247,105,116,252
127,135,255,96,113,253
127,143,0,116,120,4
127,143,7,110,115,5
127,143,15,108,114,6
127,143,23,110,115,8
127,143,31,112,117,13
127,143,39,115,119,22
127,143,47,117,121,32
127,143,55,120,124,42
127,143,63,122,125,49
127,143,71,123,126,57
127,143,79,125,127,64
127,143,87,124,128,71
127,143,95,124,129,79
127,143,103,124,129,86
127,143,111,124,129,93
127,143,119,123,130,99
127,143,127,123,130,105
127,143,135,122,131,111
127,143,143,122,131,118
127,143,151,122,131,125
127,143,159,121,131,133
127,143,167,122,130,142
127,143,175,122,130,152
127,143,183,121,130,163
127,143,191,121,130,173
127,143,199,120,130,187
127,143,207,120,129,205
127,143,215,118,128,223
127,143,223,116,127,238
127,143,231,114,125,247
127,143,239,112,124,251
127,143,247,108,123,252
127,143,255,99,120,253
127,151,0,116,125,5
127,151,7,109,121,6
127,151,15,108,120,7
127,151,23,110,122,8
127,151,31,112,124,12
127,151,39,114,126,21
127,151,47,118,129,31
127,151,55,121,131,40
127,151,63,123,133,48
127,151,71,124,134,56
127,151,79,126,135,63
127,151,87,127,136,70
127,151,95,126,137,78
127,151,103,126,137,85
127,151,111,126,137,92
127,151,119,125,138,98
127,151,127,125,138,104
127,151,135,125,138,111
127,151,143,124,139,117
127,151,151,123,139,124
127,151,159,123,139,132
127,151,167,123,139,141
127,151,175,124,138,150
127,151,183,123,138,160
127,151,191,122,138,172
127,151,199,122,137,183
127,151,207,121,137,200
127,151,215,121,136,218
127,151,223,119,134,234
127,151,231,116,133,245
127,151,239,114,132,251
127,151,247,111,131,252
127,151,255,102,128,253
127,159,0,116,131,6
127,159,7,109,126,6
127,159,15,107,126,7
127,159,23,109,128,8
127,159,31,111,130,12
127,159,39,114,132,19
127,159,47,117,135,29
127,159,55,120,138,39
127,159,63,123,140,47
127,159,71,125,142,54
127,159,79,126,143,62
127,159,87,127,144,69
127,159,95,128,144,77
127,159,103,128,145,84
127,159,111,127,145,90
127,159,119,127,145,97
127,159,127,127,145,103
127,159,135,126,146,110
127,159,143,126,146,116
127,159,151,126,146,123
127,159,159,125,146,130
127,159,167,125,146,139
127,159,175,125,146,147
127,159,183,125,146,157
127,159,191,124,146,168
127,159,199,123,145,181
127,159,207,123,145,194
127,159,215,122,144,212
127,159,223,121,143,229
127,159,231,119,141,242
127,159,239,117,140,249
127,159,247,113,139,252
127,159,255,105,136,253
127,167,0,116,137,6
127,167,7,108,132,7
127,167,15,106,132,8
127,167,23,108,134,9
127,167,31,110,136,11
127,167,39,113,139,18
127,167,47,116,142,27
127,167,55,120,145,37
127,167,63,122,147,45
127,167,71,124,149,53
127,167,79,126,150,60
127,167,87,128,151,68
127,167,95,128,152,75
127,167,103,129,152,82
127,167,111,129,153,89
127,167,119,128,153,95
127,167,127,128,153,101
127,167,135,128,153,108
127,167,143,128,154,114
127,167,151,128,154,121
127,167,159,128,154,128
127,167,167,127,155,137
127,167,175,127,155,145
127,167,183,126,155,155
127,167,191,126,154,165
127,167,199,125,154,177
127,167,207,124,153,191
127,167,215,124,152,206
127,167,223,122,151,223
127,167,231,121,150,238
127,167,239,119,149,248
127,167,247,116,148,252
127,167,255,108,145,253
127,175,0,115,142,7
127,175,7,108,137,8
127,175,15,106,137,9
127,175,23,107,139,10
127,175,31,109,141,12
127,175,39,112,144,17
127,175,47,115,147,25
127,175,55,118,150,34
127,175,63,121,152,43
127,175,71,123,154,51
127,175,79,126,156,59
127,175,87,127,157,66
127,175,95,128,158,73
127,175,103,129,159,81
127,175,111,130,160,88
127,175,119,130,160,94
127,175,127,129,161,100
127,175,135,129,161,106
127,175,143,129,162,113
127,175,151,129,162,119
127,175,159,129,163,126
127,175,167,129,163,134
127,175,175,129,163,143
127,175,183,129,164,152
127,175,191,128,163,162
127,175,199,127,163,172
127,175,207,126,162,186
127,175,215,125,162,202
127,175,223,124,161,217
127,175,231,122,159,233
127,175,239,121,158,245
127,175,247,118,157,252
127,175,255,112,154,253
127,183,0,115,147,8
127,183,7,107,143,9
127,183,15,105,142,10
127,183,23,106,144,11
127,183,31,108,146,12
127,183,39,110,148,16
127,183,47,113,151,23
127,183,55,116,154,32
127,183,63,119,156,41
127,183,71,122,159,49
127,183,79,124,161,56
127,183,87,126,162,64
127,183,95,127,164,71
127,183,103,129,165,79
127,183,111,130,166,86
127,183,119,131,167,92
127,183,127,131,168,98
127,183,135,130,169,105
127,183,143,130,169,111
127,183,151,131,170,117
127,183,159,131,171,124
127,183,167,131,171,132
127,183,175,131,172,140
127,183,183,130,172,148
127,183,191,129,172,158
127,183,199,128,172,168
127,183,207,127,172,180
127,183,215,126,171,195
127,183,223,126,171,209
127,183,231,124,169,227
127,183,239,122,169,241
127,183,247,120,167,250
127,183,255,115,163,252
127,191,0,114,153,9
127,191,7,106,148,10
127,191,15,104,147,11
127,191,23,105,149,12
127,191,31,106,150,13
127,191,39,108,152,16
127,191,47,111,155,22
127,191,55,114,158,30
127,191,63,117,160,39
127,191,71,120,162,47
127,191,79,122,164,54
127,191,87,124,166,62
127,191,95,126,168,69
127,191,103,128,170,76
127,191,111,129,171,83
127,191,119,130,172,90
127,191,127,131,173,97
127,191,135,131,175,103
127,191,143,132,176,109
127,191,151,131,176,115
127,191,159,132,177,121
127,191,167,132,178,129
127,191,175,132,179,137
127,191,183,131,180,145
127,191,191,130,180,154
127,191,199,129,181,163
127,191,207,129,181,175
127,191,215,128,180,189
127,191,223,126,180,205
127,191,231,125,180,218
127,191,239,124,179,236
127,191,247,122,178,247
127,191,255,118,173,249
127,199,0,113,159,10
127,199,7,106,154,11
127,199,15,103,153,12
127,199,23,104,154,13
127,199,31,105,155,14
127,199,39,107,157,16
127,199,47,110,159,21
127,199,55,112,162,28
127,199,63,115,164,36
127,199,71,118,166,44
127,199,79,120,168,52
127,199,87,122,171,59
127,199,95,124,172,66
127,199,103,126,174,74
127,199,111,128,176,81
127,199,119,129,177,88
127,199,127,130,179,94
127,199,135,131,180,101
127,199,143,132,181,107
127,199,151,133,182,113
127,199,159,132,183,119
127,199,167,132,184,126
127,199,175,133,186,133
127,199,183,132,187,142
127,199,191,131,187,150
127,199,199,130,188,159
127,199,207,129,189,169
127,199,215,129,189,182
127,199,223,128,189,197
127,199,231,127,190,210
127,199,239,126,190,228
127,199,247,124,189,241
127,199,255,120,183,246
127,207,0,111,166,11
127,207,7,105,160,12
127,207,15,103,158,13
127,207,23,104,159,14
127,207,31,104,160,15
127,207,39,106,161,16
127,207,47,108,163,20
127,207,55,111,165,26
127,207,63,113,167,34
127,207,71,115,169,42
127,207,79,118,172,50
127,207,87,120,174,57
127,207,95,122,175,64
127,207,103,124,178,71
127,207,111,126,180,78
127,207,119,127,181,85
127,207,127,129,182,92
127,207,135,130,184,98
127,207,143,131,185,104
127,207,151,132,187,110
127,207,159,133,188,117
127,207,167,133,189,123
127,207,175,133,191,130
127,207,183,133,192,137
127,207,191,132,193,145
127,207,199,132,195,153
127,207,207,130,196,163
127,207,215,129,197,175
127,207,223,128,198,189
127,207,231,128,199,202
127,207,239,127,201,219
127,207,247,125,200,234
127,207,255,123,194,244
127,215,0,110,172,12
127,215,7,105,167,13
127,215,15,102,165,14
127,215,23,103,165,15
127,215,31,104,165,16
127,215,39,105,166,17
127,215,47,107,168,19
127,215,55,109,169,25
127,215,63,111,170,32
127,215,71,113,172,40
127,215,79,116,175,47
127,215,87,118,176,54
127,215,95,120,178,61
127,215,103,122,180,68
127,215,111,124,182,75
127,215,119,126,183,82
127,215,127,127,184,89
127,215,135,129,186,95
127,215,143,130,188,102
127,215,151,131,190,108
127,215,159,132,191,114
127,215,167,133,193,120
127,215,175,133,195,127
127,215,183,133,197,134
127,215,191,132,198,141
127,215,199,132,201,149
127,215,207,131,203,158
127,215,215,130,205,167
127,215,223,129,207,180
127,215,231,129,209,195
127,215,239,128,211,211
127,215,247,127,211,228
127,215,255,125,204,242
127,223,0,109,180,13
127,223,7,104,174,14
127,223,15,102,172,15
127,223,23,102,172,16
127,223,31,103,172,17
127,223,39,104,172,18
127,223,47,106,173,19
127,223,55,108,174,24
127,223,63,110,175,30
127,223,71,112,177,38
127,223,79,114,179,45
127,223,87,117,180,52
127,223,95,118,181,58
127,223,103,120,183,65
127,223,111,122,185,72
127,223,119,124,186,79
127,223,127,126,187,86
127,223,135,127,189,92
127,223,143,129,192,99
127,223,151,130,193,105
127,223,159,131,195,111
127,223,167,132,197,118
127,223,175,133,200,124
127,223,183,133,202,131
127,223,191,133,203,138
127,223,199,132,206,146
127,223,207,131,209,155
127,223,215,131,212,164
127,223,223,130,214,176
127,223,231,129,217,189
127,223,239,128,221,204
127,223,247,128,221,222
127,223,255,128,215,240
127,231,0,107,188,13
127,231,7,103,182,14
127,231,15,102,180,15
127,231,23,102,179,16
127,231,31,103,179,17
127,231,39,104,179,18
127,231,47,105,180,19
127,231,55,107,180,23
127,231,63,109,181,30
127,231,71,111,183,36
127,231,79,114,184,44
127,231,87,116,185,50
127,231,95,117,186,57
127,231,103,119,188,63
127,231,111,121,189,70
127,231,119,123,191,77
127,231,127,125,192,83
127,231,135,126,194,90
127,231,143,128,196,97
127,231,151,129,198,103
127,231,159,130,200,109
127,231,167,132,202,115
127,231,175,132,205,122
127,231,183,133,207,128
127,231,191,133,209,135
127,231,199,133,212,143
127,231,207,131,215,151
127,231,215,131,218,160
127,231,223,130,221,171
127,231,231,129,226,184
127,231,239,128,231,198
127,231,247,128,232,216
127,231,255,130,225,237
127,239,0,105,196,13
127,239,7,103,192,13
127,239,15,102,189,14
127,239,23,102,188,15
127,239,31,103,187,16
127,239,39,104,187,17
127,239,47,105,186,19
127,239,55,107,186,23
127,239,63,109,186,29
127,239,71,110,187,35
127,239,79,113,188,42
127,239,87,114,189,48
127,239,95,116,190,55
127,239,103,118,191,61
127,239,111,120,192,68
127,239,119,122,193,74
127,239,127,123,195,81
127,239,135,125,197,88
127,239,143,127,199,94
127,239,151,128,201,100
127,239,159,129,204,106
127,239,167,131,206,113
127,239,175,132,209,119
127,239,183,132,212,126
127,239,191,132,214,133
127,239,199,132,217,140
127,239,207,132,221,148
127,239,215,132,225,157
127,239,223,130,229,167
127,239,231,129,235,179
127,239,239,129,240,194
127,239,247,129,241,212
127,239,255,132,236,236
127,247,0,103,206,12
127,247,7,102,203,12
127,247,15,102,201,13
127,247,23,103,200,15
127,247,31,104,200,17
127,247,39,105,199,18
127,247,47,106,198,21
127,247,55,107,197,25
127,247,63,109,197,29
127,247,71,111,197,35
127,247,79,113,197,42
127,247,87,115,198,48
127,247,95,116,198,54
127,247,103,118,199,60
127,247,111,120,200,66
127,247,119,121,201,73
127,247,127,123,203,79
127,247,135,125,205,86
127,247,143,126,207,92
127,247,151,127,209,98
127,247,159,129,211,105
127,247,167,130,214,111
127,247,175,131,216,118
127,247,183,131,219,124
127,247,191,132,222,131
127,247,199,132,225,139
127,247,207,132,229,147
127,247,215,132,234,156
127,247,223,132,238,167
127,247,231,131,243,178
127,247,239,130,247,193
127,247,247,131,249,212
127,247,255,133,247,234
127,255,0,102,216,10
127,255,7,103,217,11
127,255,15,104,218,13
127,255,23,105,219,16
127,255,31,107,219,19
127,255,39,108,219,22
127,255,47,110,220,26
127,255,55,111,220,30
127,255,63,113,220,35
127,255,71,115,220,40
127,255,79,116,220,45
127,255,87,118,220,51
127,255,95,119,220,56
127,255,103,121,220,62
127,255,111,122,221,68
127,255,119,124,222,74
127,255,127,125,223,79
127,255,135,126,224,85
127,255,143,127,225,92
127,255,151,128,226,98
127,255,159,129,228,104
127,255,167,130,230,110
127,255,175,130,232,117
127,255,183,131,234,124
127,255,191,132,237,132
127,255,199,133,239,141
127,255,207,133,242,150
127,255,215,134,245,160
127,255,223,134,248,172
127,255,231,135,250,185
127,255,239,135,253,199
127,255,247,136,255,215
127,255,255,136,255,233
135,0,0,114,7,6
135,0,7,115,7,13
135,0,15,115,8,21
135,0,23,116,9,29
135,0,31,116,10,37
135,0,39,116,10,46
135,0,47,115,11,55
135,0,55,115,11,63
135,0,63,114,12,72
135,0,71,113,12,81
135,0,79,111,13,90
135,0,87,110,13,100
135,0,95,108,14,109
135,0,103,107,14,118
135,0,111,105,14,127
135,0,119,103,15,136
135,0,127,101,15,145
135,0,135,99,15,155
135,0,143,97,16,164
135,0,151,94,16,174
135,0,159,92,17,183
135,0,167,90,17,192
135,0,175,88,18,202
135,0,183,87,18,210
135,0,191,85,19,219
135,0,199,83,20,226
135,0,207,81,20,233
135,0,215,80,21,240
135,0,223,78,21,245
135,0,231,77,22,249
135,0,239,76,22,252
135,0,247,74,22,254
135,0,255,73,22,255
135,7,0,113,11,7
135,7,7,115,13,14
135,7,15,116,15,23
135,7,23,117,16,31
135,7,31,117,17,39
135,7,39,117,18,47
135,7,47,117,19,55
135,7,55,117,20,63
135,7,63,116,21,72
135,7,71,116,21,80
135,7,79,115,22,88
135,7,87,114,23,96
135,7,95,113,24,105
135,7,103,111,25,113
135,7,111,110,25,122
135,7,119,108,26,132
135,7,127,107,27,142
135,7,135,105,27,154
135,7,143,103,27,167
135,7,151,101,28,181
135,7,159,98,28,197
135,7,167,96,28,210
135,7,175,93,28,220
135,7,183,90,27,227
135,7,191,87,27,231
135,7,199,84,27,234
135,7,207,81,27,239
135,7,215,79,28,243
135,7,223,78,28,247
135,7,231,76,28,250
135,7,239,75,28,253
135,7,247,74,28,254
135,7,255,74,28,255
135,15,0,113,17,7
135,15,7,115,19,15
135,15,15,117,21,24
135,15,23,118,22,32
135,15,31,118,23,40
135,15,39,118,24,47
135,15,47,118,24,55
135,15,55,117,25,63
135,15,63,117,26,71
135,15,71,117,27,79
135,15,79,116,28,86
135,15,87,115,29,94
135,15,95,115,30,102
135,15,103,114,31,110
135,15,111,113,32,119
135,15,119,111,33,129
135,15,127,110,34,140
135,15,135,108,34,151
135,15,143,107,34,166
135,15,151,105,35,183
135,15,159,102,35,201
135,15,167,99,34,217
135,15,175,96,34,229
135,15,183,92,34,234
135,15,191,88,34,236
135,15,199,85,33,238
135,15,207,82,33,240
135,15,215,79,33,244
135,15,223,78,34,248
135,15,231,77,34,250
135,15,239,75,34,253
135,15,247,75,34,254
135,15,255,75,33,255
135,23,0,113,22,8
135,23,7,115,24,15
135,23,15,117,25,23
135,23,23,117,26,32
135,23,31,118,27,39
135,23,39,118,28,46
135,23,47,118,28,54
135,23,55,118,29,62
135,23,63,117,30,70
135,23,71,117,31,77
135,23,79,116,32,85
135,23,87,116,33,93
135,23,95,115,34,101
135,23,103,114,34,109
135,23,111,113,35,117
135,23,119,112,36,127
135,23,127,111,37,138
135,23,135,110,38,148
135,23,143,108,38,162
135,23,151,106,39,179
135,23,159,104,39,199
135,23,167,101,39,217
135,23,175,98,38,229
135,23,183,94,38,235
135,23,191,90,38,236
135,23,199,86,37,238
135,23,207,82,37,240
135,23,215,80,38,243
135,23,223,79,38,248
135,23,231,78,39,250
135,23,239,76,39,253
135,23,247,76,39,254
135,23,255,75,39,255
135,31,0,113,28,8
135,31,7,115,29,14
135,31,15,116,30,22
135,31,23,117,31,30
135,31,31,118,32,38
135,31,39,118,32,45
135,31,47,118,33,53
135,31,55,118,34,61
135,31,63,118,35,68
135,31,71,118,36,76
135,31,79,117,37,84
135,31,87,117,37,91
135,31,95,116,39,99
135,31,103,115,39,107
135,31,111,115,40,116
135,31,119,114,41,126
135,31,127,113,42,136
135,31,135,111,42,146
135,31,143,110,43,159
135,31,151,108,43,177
135,31,159,106,44,197
135,31,167,104,44,215
135,31,175,100,44,228
135,31,183,96,43,236
135,31,191,92,43,237
135,31,199,87,42,239
135,31,207,84,42,241
135,31,215,82,42,244
135,31,223,80,43,248
135,31,231,79,43,250
135,31,239,78,43,252
135,31,247,77,43,254
135,31,255,76,43,255
135,39,0,113,35,8
135,39,7,114,34,13
135,39,15,116,35,21
135,39,23,117,36,29
135,39,31,118,37,37
135,39,39,118,37,44
135,39,47,118,38,52
135,39,55,119,39,59
135,39,63,119,40,67
135,39,71,118,41,75
135,39,79,118,41,82
135,39,87,118,42,90
135,39,95,117,43,98
135,39,103,116,43,106
135,39,111,116,44,114
135,39,119,115,45,123
135,39,127,114,46,133
135,39,135,113,47,142
135,39,143,112,47,155
135,39,151,110,48,172
135,39,159,108,49,192
135,39,167,106,49,213
135,39,175,103,49,229
135,39,183,98,48,237
135,39,191,94,47,238
135,39,199,89,46,239
135,39,207,85,46,241
135,39,215,83,46,243
135,39,223,82,47,247
135,39,231,80,47,250
135,39,239,79,48,252
135,39,247,78,48,254
135,39,255,77,48,255
135,47,0,113,41,8
135,47,7,114,40,12
135,47,15,115,40,19
135,47,23,117,41,28
135,47,31,117,42,35
135,47,39,118,43,43
135,47,47,119,44,51
135,47,55,119,45,58
135,47,63,119,45,66
135,47,71,119,46,73
135,47,79,119,46,81
135,47,87,118,47,88
135,47,95,118,48,96
135,47,103,117,48,104
135,47,111,117,49,112
135,47,119,116,50,121
135,47,127,115,51,130
135,47,135,114,51,139
135,47,143,113,52,151
135,47,151,112,53,166
135,47,159,110,54,185
135,47,167,108,54,207
135,47,175,105,54,226
135,47,183,101,53,236
135,47,191,96,52,239
135,47,199,91,51,240
135,47,207,87,50,241
135,47,215,85,50,242
135,47,223,84,51,247
135,47,231,82,52,250
135,47,239,81,52,252
135,47,247,79,52,253
135,47,255,78,52,255
135,55,0,114,47,8
135,55,7,114,46,10
135,55,15,115,46,17
135,55,23,116,47,26
135,55,31,117,48,33
135,55,39,118,49,41
135,55,47,119,49,49
135,55,55,119,50,56
135,55,63,120,51,64
135,55,71,120,52,72
135,55,79,119,52,79
135,55,87,119,53,87
135,55,95,119,53,94
135,55,103,118,54,102
135,55,111,118,54,109
135,55,119,117,55,118
135,55,127,116,56,127
135,55,135,115,57,136
135,55,143,115,58,147
135,55,151,114,59,161
135,55,159,112,59,178
135,55,167,111,60,200
135,55,175,108,59,220
135,55,183,104,58,235
135,55,191,99,57,239
135,55,199,94,56,241
135,55,207,90,55,242
135,55,215,88,55,243
135,55,223,87,56,247
135,55,231,85,56,249
135,55,239,83,56,252
135,55,247,81,56,253
135,55,255,80,56,254
135,63,0,115,54,8
135,63,7,114,52,9
135,63,15,114,52,14
135,63,23,116,53,23
135,63,31,117,54,31
135,63,39,118,55,39
135,63,47,119,56,47
135,63,55,120,57,55
135,63,63,120,58,62
135,63,71,120,58,70
135,63,79,120,59,77
135,63,87,120,59,85
135,63,95,120,60,92
135,63,103,119,60,100
135,63,111,119,61,107
135,63,119,118,62,115
135,63,127,117,62,124
135,63,135,117,63,134
135,63,143,116,64,144
135,63,151,115,65,156
135,63,159,114,65,172
135,63,167,113,66,191
135,63,175,110,66,212
135,63,183,107,65,229
135,63,191,102,63,238
135,63,199,97,62,242
135,63,207,94,61,243
135,63,215,91,61,244
135,63,223,90,61,247
135,63,231,88,61,249
135,63,239,86,61,251
135,63,247,84,61,253
135,63,255,81,61,254
135,71,0,116,60,7
135,71,7,114,58,8
135,71,15,114,58,12
135,71,23,116,59,21
135,71,31,117,60,29
135,71,39,118,61,38
135,71,47,120,63,46
135,71,55,120,64,53
135,71,63,121,64,61
135,71,71,121,65,68
135,71,79,120,66,76
135,71,87,120,66,83
135,71,95,121,67,90
135,71,103,120,67,98
135,71,111,120,68,105
135,71,119,119,68,113
135,71,127,119,69,121
135,71,135,118,69,131
135,71,143,117,70,141
135,71,151,117,71,152
135,71,159,116,71,166
135,71,167,115,72,183
135,71,175,113,72,203
135,71,183,110,71,222
135,71,191,106,70,235
135,71,199,101,68,242
135,71,207,98,67,245
135,71,215,95,67,246
135,71,223,93,67,247
135,71,231,92,67,249
135,71,239,89,67,251
135,71,247,87,66,253
135,71,255,82,65,254
135,79,0,117,67,6
135,79,7,114,65,7
135,79,15,114,65,10
135,79,23,116,66,18
135,79,31,117,67,27
135,79,39,119,68,36
135,79,47,120,69,44
135,79,55,121,71,52
135,79,63,121,71,59
135,79,71,121,72,66
135,79,79,121,73,74
135,79,87,121,74,81
135,79,95,121,74,89
135,79,103,120,74,96
135,79,111,120,75,103
135,79,119,120,75,110
135,79,127,120,75,118
135,79,135,119,76,127
135,79,143,118,76,137
135,79,151,118,77,147
135,79,159,117,78,160
135,79,167,117,78,175
135,79,175,115,78,194
135,79,183,113,78,213
135,79,191,109,76,229
135,79,199,105,75,240
135,79,207,102,73,245
135,79,215,99,73,247
135,79,223,97,73,248
135,79,231,95,73,249
135,79,239,93,72,251
135,79,247,90,72,253
135,79,255,84,70,254
135,87,0,118,74,5
135,87,7,114,71,6
135,87,15,114,71,9
135,87,23,116,72,16
135,87,31,117,73,25
135,87,39,119,75,34
135,87,47,120,76,43
135,87,55,121,77,51
135,87,63,121,78,57
135,87,71,121,79,65
135,87,79,122,80,73
135,87,87,122,81,81
135,87,95,121,81,88
135,87,103,121,81,95
135,87,111,120,81,102
135,87,119,120,82,108
135,87,127,119,82,115
135,87,135,120,82,124
135,87,143,119,83,133
135,87,151,119,83,143
135,87,159,118,84,154
135,87,167,118,85,167
135,87,175,117,85,184
135,87,183,115,84,204
135,87,191,112,83,222
135,87,199,109,82,236
135,87,207,105,80,244
135,87,215,103,79,247
135,87,223,101,79,248
135,87,231,98,78,249
135,87,239,96,78,251
135,87,247,93,77,253
135,87,255,86,75,254
135,95,0,118,80,4
135,95,7,115,77,5
135,95,15,115,77,8
135,95,23,116,79,15
135,95,31,117,79,23
135,95,39,119,81,32
135,95,47,121,82,41
135,95,55,122,84,49
135,95,63,122,85,56
135,95,71,122,85,64
135,95,79,122,86,72
135,95,87,122,87,79
135,95,95,122,87,86
135,95,103,122,89,93
135,95,111,121,88,100
135,95,119,121,88,107
135,95,127,120,88,114
135,95,135,120,89,121
135,95,143,120,89,129
135,95,151,120,90,139
135,95,159,120,90,149
135,95,167,119,91,161
135,95,175,118,91,176
135,95,183,117,91,195
135,95,191,115,90,213
135,95,199,112,89,230
135,95,207,109,87,241
135,95,215,106,86,246
135,95,223,104,85,248
135,95,231,101,85,250
135,95,239,99,84,251
135,95,247,96,83,253
135,95,255,88,80,254
135,103,0,119,87,4
135,103,7,115,84,5
135,103,15,115,83,7
135,103,23,117,85,13
135,103,31,118,86,21
135,103,39,119,87,31
135,103,47,121,88,40
135,103,55,123,90,48
135,103,63,122,91,55
135,103,71,123,92,63
135,103,79,123,92,71
135,103,87,123,93,78
135,103,95,123,95,85
135,103,103,122,95,91
135,103,111,122,95,98
135,103,119,122,95,104
135,103,127,121,95,112
135,103,135,121,95,119
135,103,143,121,96,126
135,103,151,120,96,135
135,103,159,121,96,145
135,103,167,120,97,154
135,103,175,120,97,168
135,103,183,119,97,185
135,103,191,117,96,204
135,103,199,115,95,224
135,103,207,112,94,238
135,103,215,109,93,247
135,103,223,107,92,249
135,103,231,105,91,250
135,103,239,102,90,251
135,103,247,99,89,252
135,103,255,91,86,253
135,111,0,120,94,4
135,111,7,116,90,5
135,111,15,115,89,6
135,111,23,117,90,12
135,111,31,118,91,20
135,111,39,120,93,29
135,111,47,122,94,39
135,111,55,123,96,47
135,111,63,123,97,54
135,111,71,124,98,61
135,111,79,124,98,69
135,111,87,124,99,77
135,111,95,124,101,84
135,111,103,124,101,90
135,111,111,123,101,96
135,111,119,123,102,103
135,111,127,122,102,110
135,111,135,122,102,117
135,111,143,122,102,125
135,111,151,121,102,133
135,111,159,121,102,141
135,111,167,122,103,150
135,111,175,121,103,162
135,111,183,120,103,177
135,111,191,119,103,195
135,111,199,117,102,216
135,111,207,115,101,233
135,111,215,113,99,245
135,111,223,110,98,249
135,111,231,108,97,250
135,111,239,106,97,251
135,111,247,102,95,252
135,111,255,93,92,253
135,119,0,121,100,4
135,119,7,116,96,5
135,119,15,115,95,6
135,119,23,117,96,11
135,119,31,118,97,19
135,119,39,120,99,28
135,119,47,122,100,38
135,119,55,124,102,46
135,119,63,125,103,53
135,119,71,125,104,60
135,119,79,125,105,69
135,119,87,125,105,76
135,119,95,125,106,83
135,119,103,125,107,89
135,119,111,124,108,95
135,119,119,124,108,101
135,119,127,123,108,108
135,119,135,123,108,115
135,119,143,123,109,123
135,119,151,122,108,131
135,119,159,122,109,139
135,119,167,122,109,147
135,119,175,121,109,157
135,119,183,122,109,171
135,119,191,121,109,187
135,119,199,120,108,207
135,119,207,118,107,226
135,119,215,116,106,241
135,119,223,113,105,248
135,119,231,111,104,250
135,119,239,109,103,251
135,119,247,105,102,252
135,119,255,96,99,253
135,127,0,122,106,4
135,127,7,116,102,5
135,127,15,115,101,6
135,127,23,117,102,10
135,127,31,118,103,17
135,127,39,120,105,26
135,127,47,123,107,36
135,127,55,125,108,45
135,127,63,126,109,52
135,127,71,127,111,59
135,127,79,127,111,67
135,127,87,127,112,75
135,127,95,127,113,82
135,127,103,126,113,89
135,127,111,126,114,94
135,127,119,125,114,100
135,127,127,124,115,107
135,127,135,123,115,114
135,127,143,124,115,121
135,127,151,124,116,128
135,127,159,124,115,137
135,127,167,123,115,146
135,127,175,123,116,155
135,127,183,123,116,167
135,127,191,123,116,181
135,127,199,122,115,198
135,127,207,120,114,218
135,127,215,118,113,235
135,127,223,116,112,245
135,127,231,114,111,250
135,127,239,112,110,251
135,127,247,108,109,252
135,127,255,99,106,253
135,135,0,122,113,4
135,135,7,116,108,5
135,135,15,115,107,6
135,135,23,117,108,9
135,135,31,119,110,16
135,135,39,121,112,25
135,135,47,123,113,35
135,135,55,126,115,44
135,135,63,127,116,51
135,135,71,128,118,58
135,135,79,128,118,66
135,135,87,128,119,73
135,135,95,128,120,81
135,135,103,128,120,88
135,135,111,127,120,94
135,135,119,127,121,99
135,135,127,125,122,106
135,135,135,125,122,112
135,135,143,124,122,119
135,135,151,125,122,127
135,135,159,125,123,135
135,135,167,125,122,144
135,135,175,125,122,154
135,135,183,125,123,164
135,135,191,124,122,177
135,135,199,124,122,192
135,135,207,123,121,211
135,135,215,121,120,229
135,135,223,119,119,242
135,135,231,117,118,250
135,135,239,115,117,251
135,135,247,111,116,252
135,135,255,102,113,253
135,143,0,123,119,5
135,143,7,116,114,6
135,143,15,115,113,7
135,143,23,117,115,9
135,143,31,119,116,15
135,143,39,121,118,23
135,143,47,124,121,34
135,143,55,127,123,43
135,143,63,128,124,50
135,143,71,130,125,58
135,143,79,131,126,65
135,143,87,130,127,72
135,143,95,130,127,80
135,143,103,130,128,87
135,143,111,129,128,93
135,143,119,129,128,99
135,143,127,128,129,105
135,143,135,127,129,111
135,143,143,126,130,118
135,143,151,126,130,125
135,143,159,126,130,133
135,143,167,127,130,142
135,143,175,127,130,152
135,143,183,126,130,163
135,143,191,126,130,173
135,143,199,125,129,187
135,143,207,125,129,205
135,143,215,124,128,224
135,143,223,122,126,239
135,143,231,120,125,248
135,143,239,118,124,252
135,143,247,114,123,253
135,143,255,105,120,254
135,151,0,123,125,5
135,151,7,116,120,6
135,151,15,114,119,7
135,151,23,117,121,8
135,151,31,119,123,14
135,151,39,121,125,22
135,151,47,124,128,32
135,151,55,127,130,42
135,151,63,129,132,49
135,151,71,131,133,57
135,151,79,132,134,64
135,151,87,133,135,72
135,151,95,132,135,79
135,151,103,132,136,86
135,151,111,131,136,93
135,151,119,130,136,99
135,151,127,130,136,105
135,151,135,129,137,111
135,151,143,128,138,117
135,151,151,128,138,124
135,151,159,128,138,132
135,151,167,128,138,141
135,151,175,129,137,150
135,151,183,129,137,160
135,151,191,128,137,172
135,151,199,128,137,183
135,151,207,127,136,200
135,151,215,126,135,219
135,151,223,125,134,235
135,151,231,122,133,246
135,151,239,121,132,252
135,151,247,117,131,253
135,151,255,108,128,254
135,159,0,123,131,6
135,159,7,116,126,7
135,159,15,114,125,8
135,159,23,116,127,9
135,159,31,118,129,13
135,159,39,121,132,20
135,159,47,124,135,30
135,159,55,127,138,40
135,159,63,129,140,48
135,159,71,131,141,55
135,159,79,133,142,63
135,159,87,134,143,70
135,159,95,134,143,78
135,159,103,133,144,85
135,159,111,133,144,91
135,159,119,132,144,98
135,159,127,132,144,104
135,159,135,131,144,110
135,159,143,131,145,117
135,159,151,130,146,123
135,159,159,130,146,130
135,159,167,130,147,139
135,159,175,130,147,148
135,159,183,131,145,158
135,159,191,130,145,169
135,159,199,129,145,181
135,159,207,129,144,195
135,159,215,128,144,213
135,159,223,127,142,230
135,159,231,125,141,243
135,159,239,123,140,251
135,159,247,120,139,252
135,159,255,111,136,254
135,167,0,123,136,7
135,167,7,115,132,7
135,167,15,113,131,8
135,167,23,115,134,9
135,167,31,117,136,12
135,167,39,120,139,19
135,167,47,123,142,28
135,167,55,127,144,38
135,167,63,129,146,46
135,167,71,131,148,54
135,167,79,133,150,62
135,167,87,134,150,69
135,167,95,135,151,77
135,167,103,135,151,84
135,167,111,134,152,90
135,167,119,134,152,96
135,167,127,134,152,103
135,167,135,133,152,109
135,167,143,133,153,116
135,167,151,133,153,122
135,167,159,133,153,129
135,167,167,132,154,137
135,167,175,132,155,145
135,167,183,132,154,155
135,167,191,132,154,166
135,167,199,131,153,177
135,167,207,130,153,192
135,167,215,130,152,207
135,167,223,128,151,224
135,167,231,127,150,239
135,167,239,126,149,249
135,167,247,122,147,253
135,167,255,115,145,254
135,175,0,122,142,7
135,175,7,115,137,8
135,175,15,112,137,9
135,175,23,114,139,10
135,175,31,116,142,12
135,175,39,119,144,18
135,175,47,122,147,27
135,175,55,125,150,36
135,175,63,128,152,45
135,175,71,130,154,52
135,175,79,132,156,60
135,175,87,134,157,68
135,175,95,135,158,75
135,175,103,136,159,82
135,175,111,136,159,89
135,175,119,136,160,95
135,175,127,135,160,101
135,175,135,135,161,108
135,175,143,135,161,115
135,175,151,135,161,120
135,175,159,135,162,128
135,175,167,135,162,135
135,175,175,134,163,143
135,175,183,134,163,152
135,175,191,133,163,163
135,175,199,133,162,173
135,175,207,132,162,187
135,175,215,131,161,204
135,175,223,130,161,218
135,175,231,129,159,234
135,175,239,128,158,247
135,175,247,125,157,253
135,175,255,118,154,254
135,183,0,122,147,9
135,183,7,114,143,9
135,183,15,112,142,10
135,183,23,113,145,11
135,183,31,115,146,13
135,183,39,117,149,17
135,183,47,120,152,25
135,183,55,124,155,34
135,183,63,126,157,43
135,183,71,129,159,50
135,183,79,131,161,58
135,183,87,133,163,66
135,183,95,134,164,73
135,183,103,135,165,81
135,183,111,136,166,88
135,183,119,137,167,94
135,183,127,137,168,100
135,183,135,136,168,106
135,183,143,136,169,112
135,183,151,136,170,119
135,183,159,137,170,126
135,183,167,137,171,133
135,183,175,136,171,141
135,183,183,136,172,149
135,183,191,135,172,159
135,183,199,134,172,169
135,183,207,133,171,182
135,183,215,132,171,198
135,183,223,131,170,214
135,183,231,131,169,229
135,183,239,129,168,243
135,183,247,127,167,251
135,183,255,121,163,253
135,191,0,121,153,10
135,191,7,113,148,10
135,191,15,111,148,11
135,191,23,112,150,12
135,191,31,113,151,14
135,191,39,116,153,17
135,191,47,118,156,23
135,191,55,122,159,32
135,191,63,124,161,40
135,191,71,127,163,48
135,191,79,129,165,56
135,191,87,131,167,63
135,191,95,133,169,71
135,191,103,134,170,78
135,191,111,136,172,85
135,191,119,136,173,92
135,191,127,137,174,98
135,191,135,137,175,105
135,191,143,137,176,111
135,191,151,137,176,117
135,191,159,137,177,123
135,191,167,138,178,131
135,191,175,138,179,138
135,191,183,137,180,146
135,191,191,136,180,155
135,191,199,136,180,165
135,191,207,135,180,177
135,191,215,134,180,191
135,191,223,133,180,207
135,191,231,132,179,221
135,191,239,131,179,238
135,191,247,128,177,249
135,191,255,124,173,251
135,199,0,120,159,11
135,199,7,113,154,12
135,199,15,110,153,13
135,199,23,111,155,14
135,199,31,112,156,15
135,199,39,114,158,16
135,199,47,117,160,22
135,199,55,120,163,30
135,199,63,122,165,38
135,199,71,125,167,46
135,199,79,127,170,54
135,199,87,129,172,61
135,199,95,131,174,68
135,199,103,133,176,76
135,199,111,134,177,83
135,199,119,136,178,90
135,199,127,137,180,96
135,199,135,138,181,103
135,199,143,138,182,109
135,199,151,139,183,115
135,199,159,138,184,121
135,199,167,138,185,128
135,199,175,139,186,136
135,199,183,138,187,144
135,199,191,137,188,152
135,199,199,136,188,160
135,199,207,136,189,171
135,199,215,135,190,184
135,199,223,134,189,199
135,199,231,133,190,215
135,199,239,132,190,230
135,199,247,130,188,243
135,199,255,126,183,247
135,207,0,119,166,12
135,207,7,112,160,13
135,207,15,110,159,14
135,207,23,110,160,15
135,207,31,111,161,16
135,207,39,113,163,17
135,207,47,115,165,21
135,207,55,118,167,28
135,207,63,120,169,36
135,207,71,123,171,44
135,207,79,125,173,51
135,207,87,127,175,59
135,207,95,129,177,66
135,207,103,131,179,73
135,207,111,133,181,80
135,207,119,134,182,87
135,207,127,135,183,94
135,207,135,137,185,101
135,207,143,138,187,107
135,207,151,139,188,113
135,207,159,139,189,119
135,207,167,139,190,126
135,207,175,139,192,132
135,207,183,139,193,139
135,207,191,138,194,148
135,207,199,137,195,156
135,207,207,136,197,166
135,207,215,136,198,177
135,207,223,135,198,191
135,207,231,134,199,207
135,207,239,133,201,222
135,207,247,132,199,237
135,207,255,129,193,245
135,215,0,117,172,13
135,215,7,111,167,13
135,215,15,109,165,14
135,215,23,110,166,15
135,215,31,110,166,16
135,215,39,112,167,17
135,215,47,114,169,20
135,215,55,116,170,26
135,215,63,118,172,34
135,215,71,121,174,41
135,215,79,123,176,49
135,215,87,125,178,56
135,215,95,127,180,63
135,215,103,129,182,70
135,215,111,131,184,77
135,215,119,132,185,84
135,215,127,134,186,91
135,215,135,135,188,98
135,215,143,137,190,104
135,215,151,138,192,110
135,215,159,139,193,116
135,215,167,139,195,123
135,215,175,140,196,130
135,215,183,139,198,136
135,215,191,139,199,144
135,215,199,138,202,151
135,215,207,137,204,161
135,215,215,136,206,172
135,215,223,135,207,184
135,215,231,135,209,200
135,215,239,134,211,214
135,215,247,133,210,230
135,215,255,131,204,243
135,223,0,115,180,13
135,223,7,111,174,14
135,223,15,109,172,15
135,223,23,109,173,16
135,223,31,110,173,17
135,223,39,111,173,18
135,223,47,113,174,20
135,223,55,115,175,25
135,223,63,117,176,32
135,223,71,119,178,40
135,223,79,121,180,47
135,223,87,124,182,54
135,223,95,125,183,61
135,223,103,127,185,68
135,223,111,129,187,75
135,223,119,131,188,82
135,223,127,133,189,88
135,223,135,134,191,95
135,223,143,136,193,102
135,223,151,137,195,108
135,223,159,138,197,114
135,223,167,139,199,121
135,223,175,139,201,127
135,223,183,140,203,134
135,223,191,139,205,141
135,223,199,139,207,149
135,223,207,138,210,157
135,223,215,137,213,167
135,223,223,136,215,178
135,223,231,136,218,192
135,223,239,135,221,207
135,223,247,134,221,224
135,223,255,134,215,241
135,231,0,114,188,13
135,231,7,110,182,14
135,231,15,108,180,15
135,231,23,108,180,16
135,231,31,109,180,17
135,231,39,110,180,18
135,231,47,112,181,20
135,231,55,114,181,25
135,231,63,116,182,31
135,231,71,118,184,38
135,231,79,120,186,45
135,231,87,123,187,52
135,231,95,124,188,59
135,231,103,126,189,66
135,231,111,128,191,73
135,231,119,130,192,79
135,231,127,131,193,86
135,231,135,133,196,93
135,231,143,135,198,100
135,231,151,136,200,106
135,231,159,137,202,112
135,231,167,138,204,119
135,231,175,139,207,125
135,231,183,140,209,131
135,231,191,140,211,138
135,231,199,139,213,146
135,231,207,138,216,154
135,231,215,138,219,163
135,231,223,137,222,174
135,231,231,136,227,187
135,231,239,135,231,201
135,231,247,135,231,219
135,231,255,136,225,239
135,239,0,112,196,13
135,239,7,109,192,14
135,239,15,108,189,15
135,239,23,108,188,16
135,239,31,109,188,17
135,239,39,110,187,18
135,239,47,111,187,20
135,239,55,113,187,24
135,239,63,115,188,30
135,239,71,117,189,37
135,239,79,119,190,44
135,239,87,121,190,50
135,239,95,123,191,57
135,239,103,125,192,64
135,239,111,127,193,70
135,239,119,129,195,77
135,239,127,130,196,84
135,239,135,132,199,91
135,239,143,134,201,97
135,239,151,135,203,103
135,239,159,136,205,110
135,239,167,138,208,116
135,239,175,138,211,123
135,239,183,139,213,129
135,239,191,139,216,136
135,239,199,139,219,143
135,239,207,139,222,151
135,239,215,137,226,160
135,239,223,137,230,170
135,239,231,136,235,182
135,239,239,135,240,197
135,239,247,136,241,215
135,239,255,137,236,237
135,247,0,110,206,12
135,247,7,108,203,13
135,247,15,108,201,14
135,247,23,109,200,15
135,247,31,110,200,17
135,247,39,111,199,19
135,247,47,112,198,21
135,247,55,114,198,25
135,247,63,116,198,31
135,247,71,118,198,37
135,247,79,120,198,43
135,247,87,121,199,50
135,247,95,123,199,56
135,247,103,125,200,63
135,247,111,127,201,69
135,247,119,128,202,76
135,247,127,130,204,82
135,247,135,132,206,89
135,247,143,133,208,95
135,247,151,135,210,102
135,247,159,136,212,108
135,247,167,137,215,114
135,247,175,138,218,121
135,247,183,139,220,127
135,247,191,139,223,134
135,247,199,139,226,142
135,247,207,139,230,150
135,247,215,139,234,159
135,247,223,138,239,170
135,247,231,137,244,182
135,247,239,137,247,196
135,247,247,138,249,214
135,247,255,139,246,236
135,255,0,107,216,10
135,255,7,108,217,11
135,255,15,110,218,13
135,255,23,111,218,16
135,255,31,113,219,19
135,255,39,114,219,22
135,255,47,116,220,26
135,255,55,118,220,31
135,255,63,119,220,36
135,255,71,121,220,41
135,255,79,123,220,46
135,255,87,125,220,52
135,255,95,126,220,58
135,255,103,128,221,64
135,255,111,129,222,70
135,255,119,131,223,76
135,255,127,132,224,82
135,255,135,133,225,88
135,255,143,134,226,95
135,255,151,135,227,101
135,255,159,136,229,107
135,255,167,137,231,114
135,255,175,138,233,121
135,255,183,139,235,128
135,255,191,140,238,136
135,255,199,140,240,144
135,255,207,141,243,154
135,255,215,141,246,164
135,255,223,141,248,175
135,255,231,142,251,188
135,255,239,142,253,202
135,255,247,141,255,217
135,255,255,141,255,235
143,0,0,120,7,7
143,0,7,121,8,13
143,0,15,122,9,21
143,0,23,123,10,29
143,0,31,123,11,38
143,0,39,123,11,46
143,0,47,123,12,55
143,0,55,122,12,63
143,0,63,122,13,72
143,0,71,121,13,81
143,0,79,119,14,90
143,0,87,118,14,99
143,0,95,116,14,108
143,0,103,114,15,117
143,0,111,112,15,127
143,0,119,110,15,136
143,0,127,108,16,145
143,0,135,106,16,154
143,0,143,104,16,164
143,0,151,102,16,174
143,0,159,100,17,184
143,0,167,98,17,193
143,0,175,96,18,202
143,0,183,94,19,211
143,0,191,92,19,219
143,0,199,90,20,227
143,0,207,88,21,234
143,0,215,87,21,240
143,0,223,85,22,246
143,0,231,83,22,250
143,0,239,82,22,253
143,0,247,81,23,254
143,0,255,79,23,255
143,7,0,119,11,7
143,7,7,122,14,15
143,7,15,123,16,24
143,7,23,124,17,32
143,7,31,125,18,40
143,7,39,125,19,48
143,7,47,124,20,56
143,7,55,124,20,64
143,7,63,124,21,72
143,7,71,123,22,80
143,7,79,122,23,88
143,7,87,121,23,96
143,7,95,120,24,104
143,7,103,119,25,113
143,7,111,117,26,122
143,7,119,116,26,131
143,7,127,114,27,141
143,7,135,112,27,152
143,7,143,110,28,165
143,7,151,108,28,179
143,7,159,106,28,195
143,7,167,103,28,209
143,7,175,100,28,219
143,7,183,97,28,227
143,7,191,93,28,231
143,7,199,90,27,235
143,7,207,87,27,239
143,7,215,85,27,243
143,7,223,83,28,247
143,7,231,82,28,250
143,7,239,81,28,253
143,7,247,80,28,254
143,7,255,80,28,255
143,15,0,119,17,8
143,15,7,122,19,16
143,15,15,124,21,25
143,15,23,125,23,33
143,15,31,125,24,40
143,15,39,125,24,48
143,15,47,125,25,55
143,15,55,125,26,63
143,15,63,124,27,71
143,15,71,124,28,79
143,15,79,123,28,86
143,15,87,123,29,94
143,15,95,122,30,102
143,15,103,121,31,110
143,15,111,120,32,119
143,15,119,118,33,128
143,15,127,117,34,139
143,15,135,116,34,150
143,15,143,114,35,163
143,15,151,112,35,180
143,15,159,109,35,198
143,15,167,106,35,215
143,15,175,103,34,228
143,15,183,99,34,234
143,15,191,95,33,236
143,15,199,91,33,238
143,15,207,87,33,240
143,15,215,85,33,244
143,15,223,83,33,248
143,15,231,82,33,251
143,15,239,80,33,252
143,15,247,80,33,254
143,15,255,80,33,255
143,23,0,119,22,8
143,23,7,122,24,16
143,23,15,124,26,25
143,23,23,125,27,32
143,23,31,125,28,40
143,23,39,125,28,47
143,23,47,125,29,55
143,23,55,125,30,62
143,23,63,125,30,70
143,23,71,124,31,78
143,23,79,124,32,85
143,23,87,123,33,93
143,23,95,122,34,101
143,23,103,121,34,109
143,23,111,120,35,117
143,23,119,119,36,127
143,23,127,118,37,137
143,23,135,117,38,147
143,23,143,115,38,160
143,23,151,113,39,177
143,23,159,111,39,196
143,23,167,108,39,215
143,23,175,105,38,228
143,23,183,101,38,235
143,23,191,96,38,236
143,23,199,92,37,238
143,23,207,88,37,240
143,23,215,85,37,243
143,23,223,84,37,248
143,23,231,82,38,250
143,23,239,81,38,252
143,23,247,80,38,253
143,23,255,81,38,254
143,31,0,119,28,8
143,31,7,121,29,15
143,31,15,123,30,23
143,31,23,124,31,31
143,31,31,125,32,39
143,31,39,125,33,46
143,31,47,125,34,53
143,31,55,125,35,61
143,31,63,125,36,69
143,31,71,125,36,77
143,31,79,124,37,84
143,31,87,124,38,91
143,31,95,123,39,99
143,31,103,123,39,107
143,31,111,122,40,116
143,31,119,121,41,125
143,31,127,120,42,135
143,31,135,118,42,145
143,31,143,117,43,158
143,31,151,115,43,174
143,31,159,113,44,193
143,31,167,111,44,213
143,31,175,107,44,227
143,31,183,103,43,235
143,31,191,98,43,237
143,31,199,93,42,239
143,31,207,89,41,241
143,31,215,86,41,244
143,31,223,85,42,248
143,31,231,83,42,250
143,31,239,82,42,252
143,31,247,81,43,253
143,31,255,82,43,254
143,39,0,119,34,9
143,39,7,121,34,15
143,39,15,123,35,22
143,39,23,124,36,30
143,39,31,125,37,38
143,39,39,125,38,45
143,39,47,126,39,53
143,39,55,126,40,60
143,39,63,126,41,68
143,39,71,125,41,75
143,39,79,125,42,83
143,39,87,125,42,90
143,39,95,124,43,98
143,39,103,123,44,106
143,39,111,123,44,114
143,39,119,122,45,123
143,39,127,121,46,133
143,39,135,120,47,142
143,39,143,118,47,154
143,39,151,117,48,170
143,39,159,115,49,189
143,39,167,113,49,210
143,39,175,110,49,226
143,39,183,105,48,236
143,39,191,100,47,238
143,39,199,95,46,240
143,39,207,90,45,241
143,39,215,87,45,243
143,39,223,86,46,247
143,39,231,85,46,250
143,39,239,83,47,252
143,39,247,83,47,253
143,39,255,82,47,254
143,47,0,119,40,9
143,47,7,121,40,13
143,47,15,122,40,21
143,47,23,124,41,29
143,47,31,124,42,36
143,47,39,125,43,44
143,47,47,126,44,51
143,47,55,126,45,59
143,47,63,126,46,66
143,47,71,126,46,74
143,47,79,126,47,81
143,47,87,125,47,89
143,47,95,125,48,96
143,47,103,124,48,104
143,47,111,124,49,112
143,47,119,123,50,121
143,47,127,122,51,130
143,47,135,121,51,139
143,47,143,120,52,150
143,47,151,119,53,165
143,47,159,117,54,183
143,47,167,115,54,205
143,47,175,112,54,223
143,47,183,108,53,236
143,47,191,102,52,239
143,47,199,97,50,240
143,47,207,92,49,241
143,47,215,89,49,242
143,47,223,88,50,247
143,47,231,87,50,249
143,47,239,85,51,252
143,47,247,84,51,253
143,47,255,83,51,254
143,55,0,120,46,9
143,55,7,121,45,12
143,55,15,122,46,19
143,55,23,123,47,27
143,55,31,124,48,35
143,55,39,125,49,42
143,55,47,126,50,50
143,55,55,127,51,57
143,55,63,127,52,64
143,55,71,127,52,72
143,55,79,127,53,80
143,55,87,126,53,87
143,55,95,126,54,94
143,55,103,125,54,102
143,55,111,125,55,110
143,55,119,124,55,118
143,55,127,123,56,127
143,55,135,122,57,136
143,55,143,121,58,146
143,55,151,120,59,160
143,55,159,119,59,176
143,55,167,117,60,197
143,55,175,115,59,218
143,55,183,111,58,233
143,55,191,105,57,239
143,55,199,100,55,241
143,55,207,95,54,242
143,55,215,92,54,243
143,55,223,91,55,247
143,55,231,89,55,249
143,55,239,88,55,251
143,55,247,86,55,253
143,55,255,84,56,254
143,63,0,121,53,9
143,63,7,120,51,10
143,63,15,121,52,16
143,63,23,123,53,25
143,63,31,124,54,33
143,63,39,125,55,40
143,63,47,126,56,48
143,63,55,127,57,56
143,63,63,127,58,63
143,63,71,128,59,70
143,63,79,128,59,78
143,63,87,127,60,85
143,63,95,127,60,93
143,63,103,126,61,100
143,63,111,126,61,108
143,63,119,125,62,116
143,63,127,124,62,124
143,63,135,123,63,134
143,63,143,123,64,144
143,63,151,122,65,156
143,63,159,120,65,170
143,63,167,119,66,189
143,63,175,117,66,209
143,63,183,113,65,228
143,63,191,109,63,238
143,63,199,103,61,241
143,63,207,99,60,243
143,63,215,96,60,244
143,63,223,94,60,247
143,63,231,93,60,249
143,63,239,91,60,251
143,63,247,89,60,253
143,63,255,86,60,254
143,71,0,122,59,9
143,71,7,120,58,10
143,71,15,121,58,14
143,71,23,123,59,23
143,71,31,124,60,31
143,71,39,125,61,39
143,71,47,127,63,47
143,71,55,128,64,54
143,71,63,128,65,61
143,71,71,128,66,69
143,71,79,128,66,76
143,71,87,128,67,84
143,71,95,128,67,91
143,71,103,127,68,98
143,71,111,127,68,106
143,71,119,126,68,113
143,71,127,125,69,122
143,71,135,124,69,131
143,71,143,124,70,141
143,71,151,123,71,152
143,71,159,122,71,165
143,71,167,121,72,181
143,71,175,119,72,201
143,71,183,116,71,220
143,71,191,112,70,234
143,71,199,107,68,242
143,71,207,103,66,245
143,71,215,100,66,246
143,71,223,98,66,247
143,71,231,96,66,249
143,71,239,94,66,251
143,71,247,91,65,252
143,71,255,87,64,253
143,79,0,123,66,8
143,79,7,121,64,8
143,79,15,121,64,12
143,79,23,123,66,20
143,79,31,124,67,29
143,79,39,126,68,37
143,79,47,127,69,45
143,79,55,128,71,53
143,79,63,128,72,60
143,79,71,129,73,67
143,79,79,128,73,75
143,79,87,128,74,82
143,79,95,127,74,89
143,79,103,127,74,96
143,79,111,127,75,103
143,79,119,127,75,111
143,79,127,126,75,119
143,79,135,125,76,128
143,79,143,125,76,137
143,79,151,124,77,147
143,79,159,123,77,159
143,79,167,123,78,174
143,79,175,121,78,192
143,79,183,119,78,212
143,79,191,115,76,228
143,79,199,111,74,239
143,79,207,107,73,245
143,79,215,104,72,247
143,79,223,102,72,248
143,79,231,100,72,249
143,79,239,97,71,251
143,79,247,94,71,252
143,79,255,89,69,253
143,87,0,124,72,7
143,87,7,121,70,7
143,87,15,121,71,11
143,87,23,123,72,18
143,87,31,124,73,27
143,87,39,126,75,35
143,87,47,127,76,44
143,87,55,128,77,52
143,87,63,129,78,58
143,87,71,128,79,66
143,87,79,129,80,73
143,87,87,128,81,80
143,87,95,128,81,88
143,87,103,128,81,95
143,87,111,127,82,101
143,87,119,126,82,108
143,87,127,127,82,116
143,87,135,126,82,124
143,87,143,126,83,133
143,87,151,125,83,143
143,87,159,125,84,154
143,87,167,124,84,167
143,87,175,123,85,184
143,87,183,121,84,203
143,87,191,119,83,220
143,87,199,115,81,235
143,87,207,111,80,244
143,87,215,108,78,247
143,87,223,105,78,248
143,87,231,103,78,249
143,87,239,101,77,251
143,87,247,97,76,252
143,87,255,91,74,253
143,95,0,125,79,6
143,95,7,121,77,7
143,95,15,121,77,9
143,95,23,123,78,17
143,95,31,124,79,25
143,95,39,126,81,33
143,95,47,128,82,42
143,95,55,129,84,50
143,95,63,129,85,57
143,95,71,129,86,64
143,95,79,129,86,73
143,95,87,129,87,80
143,95,95,129,87,87
143,95,103,128,88,94
143,95,111,128,88,101
143,95,119,127,88,107
143,95,127,127,88,114
143,95,135,126,89,122
143,95,143,127,89,130
143,95,151,126,89,139
143,95,159,126,90,150
143,95,167,125,90,161
143,95,175,124,91,176
143,95,183,123,90,194
143,95,191,121,90,212
143,95,199,118,88,229
143,95,207,115,87,240
143,95,215,111,85,246
143,95,223,109,84,248
143,95,231,106,84,250
143,95,239,104,83,251
143,95,247,101,82,252
143,95,255,93,79,253
143,103,0,126,86,5
143,103,7,122,83,6
143,103,15,122,83,8
143,103,23,124,84,15
143,103,31,125,85,23
143,103,39,126,87,32
143,103,47,128,88,41
143,103,55,129,90,49
143,103,63,130,91,56
143,103,71,130,92,63
143,103,79,130,92,71
143,103,87,130,93,79
143,103,95,129,94,86
143,103,103,129,95,92
143,103,111,128,95,99
143,103,119,128,94,106
143,103,127,127,95,113
143,103,135,127,95,120
143,103,143,127,95,127
143,103,151,126,96,136
143,103,159,127,96,146
143,103,167,126,96,155
143,103,175,126,97,168
143,103,183,125,97,185
143,103,191,123,96,203
143,103,199,121,95,222
143,103,207,118,94,237
143,103,215,115,92,246
143,103,223,112,91,249
143,103,231,110,90,250
143,103,239,108,90,251
143,103,247,104,88,252
143,103,255,96,85,253
143,111,0,126,92,5
143,111,7,122,89,6
143,111,15,122,89,8
143,111,23,124,90,14
143,111,31,125,91,22
143,111,39,127,93,31
143,111,47,129,94,40
143,111,55,130,96,48
143,111,63,131,97,55
143,111,71,130,97,62
143,111,79,131,98,70
143,111,87,131,99,77
143,111,95,130,99,84
143,111,103,130,101,91
143,111,111,129,101,97
143,111,119,129,101,103
143,111,127,128,102,110
143,111,135,128,101,118
143,111,143,127,101,125
143,111,151,127,102,133
143,111,159,127,102,142
143,111,167,127,102,150
143,111,175,127,103,162
143,111,183,126,103,177
143,111,191,125,102,194
143,111,199,123,102,214
143,111,207,121,100,232
143,111,215,118,99,244
143,111,223,115,98,249
143,111,231,113,97,250
143,111,239,111,96,251
143,111,247,107,95,252
143,111,255,99,91,253
143,119,0,127,99,5
143,119,7,122,95,6
143,119,15,122,94,7
143,119,23,124,96,12
143,119,31,125,97,20
143,119,39,127,98,29
143,119,47,129,100,39
143,119,55,131,102,47
143,119,63,132,103,54
143,119,71,131,104,61
143,119,79,132,104,68
143,119,87,132,105,77
143,119,95,132,106,83
143,119,103,131,107,90
143,119,111,130,107,96
143,119,119,130,107,102
143,119,127,129,108,109
143,119,135,129,108,116
143,119,143,128,108,123
143,119,151,128,108,131
143,119,159,128,108,140
143,119,167,127,108,147
143,119,175,127,109,158
143,119,183,127,109,171
143,119,191,127,109,187
143,119,199,125,108,206
143,119,207,124,107,225
143,119,215,121,106,240
143,119,223,119,104,248
143,119,231,116,103,250
143,119,239,114,103,251
143,119,247,110,102,252
143,119,255,102,98,253
143,127,0,128,106,5
143,127,7,123,101,6
143,127,15,122,100,7
143,127,23,124,102,11
143,127,31,125,103,19
143,127,39,127,105,28
143,127,47,130,106,37
143,127,55,132,108,46
143,127,63,133,109,53
143,127,71,134,110,60
143,127,79,133,111,68
143,127,87,133,112,76
143,127,95,133,112,83
143,127,103,132,112,89
143,127,111,132,114,95
143,127,119,131,114,101
143,127,127,130,114,107
143,127,135,130,114,114
143,127,143,129,114,121
143,127,151,129,115,129
143,127,159,129,114,137
143,127,167,129,115,146
143,127,175,129,115,155
143,127,183,128,115,167
143,127,191,128,115,181
143,127,199,127,115,198
143,127,207,126,114,217
143,127,215,124,113,235
143,127,223,122,111,246
143,127,231,119,110,250
143,127,239,118,110,251
143,127,247,114,108,252
143,127,255,105,106,253
143,135,0,129,112,5
143,135,7,123,107,6
143,135,15,121,106,7
143,135,23,124,108,10
143,135,31,126,109,17
143,135,39,128,111,26
143,135,47,130,113,36
143,135,55,132,115,45
143,135,63,134,116,52
143,135,71,135,117,59
143,135,79,135,118,67
143,135,87,135,118,74
143,135,95,134,119,82
143,135,103,134,119,89
143,135,111,133,119,95
143,135,119,132,120,100
143,135,127,132,121,106
143,135,135,130,121,113
143,135,143,129,121,119
143,135,151,130,121,127
143,135,159,130,122,135
143,135,167,130,121,144
143,135,175,130,122,154
143,135,183,130,122,163
143,135,191,129,122,176
143,135,199,130,122,192
143,135,207,129,121,211
143,135,215,127,120,229
143,135,223,125,119,243
143,135,231,123,117,250
143,135,239,121,117,252
143,135,247,117,115,253
143,135,255,108,113,254
143,143,0,129,119,5
143,143,7,123,113,6
143,143,15,121,112,7
143,143,23,124,114,10
143,143,31,126,116,16
143,143,39,128,118,25
143,143,47,131,120,35
143,143,55,133,122,44
143,143,63,135,123,51
143,143,71,136,124,58
143,143,79,137,125,66
143,143,87,136,126,73
143,143,95,136,126,80
143,143,103,136,127,88
143,143,111,135,127,94
143,143,119,134,127,100
143,143,127,133,128,105
143,143,135,131,128,112
143,143,143,131,128,118
143,143,151,131,129,125
143,143,159,132,129,134
143,143,167,132,129,142
143,143,175,132,129,152
143,143,183,132,129,163
143,143,191,131,129,173
143,143,199,131,129,187
143,143,207,131,128,205
143,143,215,130,127,224
143,143,223,128,126,239
143,143,231,126,125,249
143,143,239,124,124,252
143,143,247,120,123,253
143,143,255,111,120,254
143,151,0,130,125,6
143,151,7,123,119,7
143,151,15,121,119,8
143,151,23,123,121,9
143,151,31,126,122,15
143,151,39,128,125,23
143,151,47,131,127,33
143,151,55,134,130,43
143,151,63,136,131,50
143,151,71,137,132,58
143,151,79,138,133,65
143,151,87,139,134,72
143,151,95,138,134,80
143,151,103,138,135,86
143,151,111,137,135,94
143,151,119,136,135,99
143,151,127,135,135,105
143,151,135,134,136,111
143,151,143,133,136,117
143,151,151,133,136,124
143,151,159,133,137,132
143,151,167,133,137,141
143,151,175,134,137,150
143,151,183,134,136,160
143,151,191,133,136,172
143,151,199,133,136,183
143,151,207,132,136,200
143,151,215,132,135,219
143,151,223,131,134,236
143,151,231,129,132,247
143,151,239,127,131,252
143,151,247,123,130,254
143,151,255,114,128,255
143,159,0,130,130,6
143,159,7,123,125,7
143,159,15,121,125,8
143,159,23,123,127,9
143,159,31,125,129,14
143,159,39,128,131,22
143,159,47,131,134,31
143,159,55,134,137,41
143,159,63,136,139,49
143,159,71,138,140,56
143,159,79,139,141,64
143,159,87,140,142,71
143,159,95,140,142,79
143,159,103,139,143,86
143,159,111,139,143,92
143,159,119,138,143,99
143,159,127,137,143,105
143,159,135,136,143,111
143,159,143,136,144,117
143,159,151,135,145,123
143,159,159,135,145,131
143,159,167,135,145,139
143,159,175,135,146,148
143,159,183,136,144,158
143,159,191,135,144,169
143,159,199,135,144,181
143,159,207,135,144,196
143,159,215,134,143,214
143,159,223,133,142,231
143,159,231,131,141,244
143,159,239,130,140,251
143,159,247,126,138,253
143,159,255,118,136,254
143,167,0,130,136,7
143,167,7,122,131,8
143,167,15,120,131,9
143,167,23,122,133,10
143,167,31,125,135,13
143,167,39,127,138,20
143,167,47,131,141,30
143,167,55,134,144,39
143,167,63,136,146,48
143,167,71,138,148,55
143,167,79,140,149,63
143,167,87,141,150,70
143,167,95,141,150,78
143,167,103,141,150,85
143,167,111,140,151,91
143,167,119,140,151,97
143,167,127,139,151,104
143,167,135,138,151,110
143,167,143,138,152,116
143,167,151,138,152,123
143,167,159,137,154,129
143,167,167,137,154,137
143,167,175,137,155,146
143,167,183,137,155,155
143,167,191,137,153,166
143,167,199,137,153,178
143,167,207,136,152,193
143,167,215,136,152,208
143,167,223,134,151,225
143,167,231,134,149,240
143,167,239,132,148,250
143,167,247,129,147,254
143,167,255,121,145,255
143,175,0,130,142,8
143,175,7,122,137,9
143,175,15,120,137,10
143,175,23,122,139,11
143,175,31,124,141,13
143,175,39,126,144,19
143,175,47,129,147,28
143,175,55,133,150,37
143,175,63,135,152,46
143,175,71,137,154,54
143,175,79,139,155,61
143,175,87,141,157,69
143,175,95,141,157,76
143,175,103,142,158,84
143,175,111,142,159,91
143,175,119,141,159,97
143,175,127,141,159,103
143,175,135,141,160,110
143,175,143,140,160,116
143,175,151,140,160,122
143,175,159,140,161,129
143,175,167,140,161,136
143,175,175,139,163,143
143,175,183,139,164,153
143,175,191,139,162,163
143,175,199,139,162,174
143,175,207,138,161,188
143,175,215,137,161,205
143,175,223,137,160,219
143,175,231,135,159,236
143,175,239,135,158,248
143,175,247,131,156,254
143,175,255,124,154,255
143,183,0,129,147,9
143,183,7,121,143,10
143,183,15,119,142,11
143,183,23,120,145,12
143,183,31,122,147,13
143,183,39,125,149,18
143,183,47,128,152,26
143,183,55,131,155,35
143,183,63,134,157,44
143,183,71,136,159,52
143,183,79,138,161,60
143,183,87,140,163,67
143,183,95,141,164,75
143,183,103,142,165,82
143,183,111,143,166,89
143,183,119,143,166,96
143,183,127,143,167,102
143,183,135,142,168,108
143,183,143,142,168,114
143,183,151,142,169,121
143,183,159,142,169,127
143,183,167,142,170,134
143,183,175,142,170,142
143,183,183,141,171,150
143,183,191,140,171,160
143,183,199,140,171,170
143,183,207,139,171,184
143,183,215,139,171,199
143,183,223,137,170,215
143,183,231,137,169,230
143,183,239,136,168,245
143,183,247,134,167,252
143,183,255,127,163,254
143,191,0,128,153,10
143,191,7,120,148,11
143,191,15,118,148,12
143,191,23,119,150,13
143,191,31,121,151,14
143,191,39,123,154,18
143,191,47,126,156,25
143,191,55,129,159,33
143,191,63,132,161,42
143,191,71,134,164,50
143,191,79,137,166,57
143,191,87,138,167,65
143,191,95,140,169,72
143,191,103,141,170,80
143,191,111,142,172,87
143,191,119,143,173,94
143,191,127,143,174,100
143,191,135,144,175,106
143,191,143,143,175,112
143,191,151,143,176,118
143,191,159,143,177,126
143,191,167,143,178,132
143,191,175,143,178,140
143,191,183,143,179,147
143,191,191,142,179,156
143,191,199,142,180,166
143,191,207,141,180,179
143,191,215,140,180,193
143,191,223,139,180,209
143,191,231,138,179,225
143,191,239,138,179,240
143,191,247,135,177,250
143,191,255,130,173,252
143,199,0,127,159,11
143,199,7,120,154,12
143,199,15,117,153,13
143,199,23,118,155,14
143,199,31,120,157,15
143,199,39,121,159,17
143,199,47,124,161,23
143,199,55,127,164,31
143,199,63,130,166,40
143,199,71,132,168,48
143,199,79,135,171,55
143,199,87,137,173,63
143,199,95,139,174,70
143,199,103,140,176,78
143,199,111,141,178,85
143,199,119,142,179,92
143,199,127,143,180,98
143,199,135,144,181,105
143,199,143,145,182,111
143,199,151,144,183,117
143,199,159,144,184,123
143,199,167,144,185,130
143,199,175,144,186,137
143,199,183,144,187,145
143,199,191,143,187,153
143,199,199,143,188,162
143,199,207,142,189,173
143,199,215,141,189,186
143,199,223,140,189,201
143,199,231,139,189,218
143,199,239,139,190,232
143,199,247,137,188,245
143,199,255,132,183,248
143,207,0,126,166,12
143,207,7,119,161,13
143,207,15,117,159,14
143,207,23,117,161,15
143,207,31,119,162,16
143,207,39,120,163,17
143,207,47,122,165,22
143,207,55,125,168,29
143,207,63,127,170,37
143,207,71,130,172,45
143,207,79,132,174,53
143,207,87,135,176,61
143,207,95,136,178,68
143,207,103,138,180,75
143,207,111,140,182,83
143,207,119,141,183,90
143,207,127,142,184,96
143,207,135,143,186,103
143,207,143,144,188,109
143,207,151,145,189,115
143,207,159,145,190,121
143,207,167,145,191,128
143,207,175,145,192,135
143,207,183,145,193,142
143,207,191,144,194,150
143,207,199,143,196,158
143,207,207,143,197,168
143,207,215,142,198,179
143,207,223,141,198,194
143,207,231,141,199,210
143,207,239,139,200,226
143,207,247,138,199,239
143,207,255,135,193,246
143,215,0,124,172,13
143,215,7,118,167,14
143,215,15,116,166,15
143,215,23,117,166,16
143,215,31,117,167,17
143,215,39,119,168,18
143,215,47,121,170,21
143,215,55,123,171,28
143,215,63,125,173,35
143,215,71,128,175,43
143,215,79,130,178,51
143,215,87,132,180,58
143,215,95,134,181,65
143,215,103,136,183,72
143,215,111,138,185,80
143,215,119,140,187,87
143,215,127,141,188,94
143,215,135,142,190,100
143,215,143,144,192,107
143,215,151,145,193,113
143,215,159,145,194,119
143,215,167,146,196,126
143,215,175,145,198,132
143,215,183,145,199,139
143,215,191,145,200,146
143,215,199,144,202,154
143,215,207,143,204,163
143,215,215,143,206,174
143,215,223,142,207,187
143,215,231,141,209,203
143,215,239,140,211,219
143,215,247,139,210,232
143,215,255,137,204,244
143,223,0,122,180,13
143,223,7,117,175,14
143,223,15,115,173,15
143,223,23,116,173,16
143,223,31,116,173,17
143,223,39,118,174,18
143,223,47,120,175,21
143,223,55,122,176,27
143,223,63,124,178,34
143,223,71,126,180,41
143,223,79,129,182,49
143,223,87,131,183,56
143,223,95,133,184,63
143,223,103,135,186,70
143,223,111,137,188,77
143,223,119,138,190,84
143,223,127,140,191,91
143,223,135,141,193,98
143,223,143,143,195,104
143,223,151,144,197,111
143,223,159,145,198,117
143,223,167,146,201,123
143,223,175,146,203,130
143,223,183,145,205,136
143,223,191,145,206,144
143,223,199,145,208,152
143,223,207,145,211,160
143,223,215,143,213,171
143,223,223,142,215,182
143,223,231,142,218,197
143,223,239,141,221,212
143,223,247,140,220,228
143,223,255,139,214,242
143,231,0,120,188,14
143,231,7,116,183,15
143,231,15,115,180,16
143,231,23,115,180,17
143,231,31,116,180,18
143,231,39,117,181,19
143,231,47,119,181,21
143,231,55,121,182,26
143,231,63,123,184,33
143,231,71,125,185,40
143,231,79,128,187,47
143,231,87,130,188,54
143,231,95,132,189,61
143,231,103,133,191,68
143,231,111,135,192,75
143,231,119,137,194,82
143,231,127,139,195,89
143,231,135,140,197,96
143,231,143,142,200,102
143,231,151,143,202,109
143,231,159,144,203,115
143,231,167,145,206,122
143,231,175,146,208,128
143,231,183,146,210,134
143,231,191,146,212,141
143,231,199,145,214,149
143,231,207,145,217,157
143,231,215,144,220,166
143,231,223,144,222,177
143,231,231,142,227,189
143,231,239,141,231,204
143,231,247,141,231,221
143,231,255,141,225,240
143,239,0,118,196,13
143,239,7,115,192,14
143,239,15,114,189,15
143,239,23,114,188,16
143,239,31,115,188,17
143,239,39,116,188,18
143,239,47,118,188,21
143,239,55,120,188,25
143,239,63,122,189,31
143,239,71,124,190,38
143,239,79,126,191,45
143,239,87,128,192,52
143,239,95,130,192,59
143,239,103,132,193,66
143,239,111,134,195,73
143,239,119,136,196,80
143,239,127,137,198,87
143,239,135,139,200,94
143,239,143,141,202,100
143,239,151,142,205,107
143,239,159,143,207,113
143,239,167,145,209,119
143,239,175,145,212,126
143,239,183,146,214,132
143,239,191,146,217,139
143,239,199,146,219,146
143,239,207,146,223,154
143,239,215,144,226,163
143,239,223,143,230,174
143,239,231,143,236,185
143,239,239,142,240,200
143,239,247,142,240,218
143,239,255,143,235,238
143,247,0,116,206,13
143,247,7,114,203,14
143,247,15,114,201,15
143,247,23,115,200,16
143,247,31,116,200,17
143,247,39,117,200,19
143,247,47,119,199,22
143,247,55,120,199,26
143,247,63,122,198,32
143,247,71,124,199,38
143,247,79,126,199,45
143,247,87,129,200,52
143,247,95,130,200,58
143,247,103,132,201,65
143,247,111,134,202,71
143,247,119,136,204,78
143,247,127,137,205,85
143,247,135,139,207,92
143,247,143,140,209,98
143,247,151,142,211,105
143,247,159,143,214,111
143,247,167,144,216,118
143,247,175,145,219,124
143,247,183,146,221,131
143,247,191,146,224,138
143,247,199,146,227,145
143,247,207,146,231,153
143,247,215,146,235,162
143,247,223,144,239,173
143,247,231,144,244,185
143,247,239,144,247,200
143,247,247,144,248,217
143,247,255,145,246,237
143,255,0,113,216,11
143,255,7,114,217,12
143,255,15,116,218,14
143,255,23,117,218,16
143,255,31,119,219,19
143,255,39,120,219,22
143,255,47,122,220,26
143,255,55,124,220,31
143,255,63,126,220,36
143,255,71,128,220,42
143,255,79,130,220,47
143,255,87,132,221,53
143,255,95,133,221,59
143,255,103,135,222,66
143,255,111,137,222,72
143,255,119,138,223,78
143,255,127,139,224,84
143,255,135,141,226,91
143,255,143,142,227,97
143,255,151,143,228,104
143,255,159,144,230,110
143,255,167,145,232,117
143,255,175,146,234,124
143,255,183,147,236,131
143,255,191,148,238,139
143,255,199,148,241,148
143,255,207,148,243,157
143,255,215,149,246,167
143,255,223,149,249,178
143,255,231,148,251,191
143,255,239,147,253,204
143,255,247,147,255,219
143,255,255,146,255,236
151,0,0,126,7,7
151,0,7,128,9,14
151,0,15,129,10,22
151,0,23,130,11,30
151,0,31,131,12,38
151,0,39,131,12,46
151,0,47,131,13,55
151,0,55,130,13,63
151,0,63,129,14,72
151,0,71,128,14,81
151,0,79,127,14,90
151,0,87,126,15,99
151,0,95,124,15,108
151,0,103,122,15,117
151,0,111,120,15,126
151,0,119,118,16,136
151,0,127,115,16,145
151,0,135,113,16,154
151,0,143,111,16,164
151,0,151,109,17,174
151,0,159,107,17,184
151,0,167,105,18,193
151,0,175,103,18,203
151,0,183,101,19,212
151,0,191,99,19,220
151,0,199,97,20,228
151,0,207,95,21,235
151,0,215,93,21,241
151,0,223,92,22,246
151,0,231,90,22,250
151,0,239,88,22,253
151,0,247,87,23,254
151,0,255,85,23,255
151,7,0,126,12,8
151,7,7,128,14,16
151,7,15,130,16,24
151,7,23,131,18,33
151,7,31,132,19,40
151,7,39,132,20,48
151,7,47,132,20,56
151,7,55,132,21,64
151,7,63,131,22,72
151,7,71,131,23,80
151,7,79,130,23,88
151,7,87,129,24,96
151,7,95,127,24,104
151,7,103,126,25,113
151,7,111,125,26,122
151,7,119,123,26,131
151,7,127,121,27,141
151,7,135,119,28,151
151,7,143,117,28,164
151,7,151,115,28,178
151,7,159,113,28,193
151,7,167,110,28,207
151,7,175,107,28,219
151,7,183,104,28,227
151,7,191,100,28,231
151,7,199,97,27,235
151,7,207,94,27,239
151,7,215,91,27,243
151,7,223,89,27,247
151,7,231,88,28,251
151,7,239,86,28,253
151,7,247,86,28,254
151,7,255,86,28,255
151,15,0,125,17,8
151,15,7,128,20,17
151,15,15,131,22,26
151,15,23,132,24,34
151,15,31,132,25,41
151,15,39,132,25,48
151,15,47,132,26,56
151,15,55,132,27,64
151,15,63,132,27,71
151,15,71,131,28,79
151,15,79,131,29,87
151,15,87,130,29,94
151,15,95,129,30,102
151,15,103,128,31,110
151,15,111,127,32,119
151,15,119,126,33,128
151,15,127,124,34,138
151,15,135,123,35,148
151,15,143,121,35,161
151,15,151,119,35,177
151,15,159,117,35,195
151,15,167,114,35,213
151,15,175,110,35,227
151,15,183,106,34,234
151,15,191,102,34,236
151,15,199,97,33,238
151,15,207,93,32,241
151,15,215,90,32,244
151,15,223,88,33,248
151,15,231,87,33,251
151,15,239,86,33,252
151,15,247,85,33,253
151,15,255,86,33,254
151,23,0,125,22,9
151,23,7,128,25,17
151,23,15,130,27,26
151,23,23,132,28,33
151,23,31,132,28,40
151,23,39,132,29,48
151,23,47,132,30,55
151,23,55,132,30,63
151,23,63,132,31,71
151,23,71,132,32,78
151,23,79,131,32,86
151,23,87,131,33,93
151,23,95,130,34,101
151,23,103,129,35,109
151,23,111,128,36,117
151,23,119,127,36,126
151,23,127,126,37,136
151,23,135,124,38,146
151,23,143,122,39,158
151,23,151,121,39,174
151,23,159,118,39,193
151,23,167,116,39,212
151,23,175,112,39,227
151,23,183,108,38,234
151,23,191,103,38,236
151,23,199,98,37,238
151,23,207,94,36,240
151,23,215,91,36,243
151,23,223,89,37,248
151,23,231,87,37,250
151,23,239,86,37,252
151,23,247,85,37,253
151,23,255,86,37,254
151,31,0,125,28,9
151,31,7,128,29,16
151,31,15,130,31,24
151,31,23,131,32,32
151,31,31,132,33,40
151,31,39,132,34,47
151,31,47,133,34,54
151,31,55,133,35,62
151,31,63,133,36,69
151,31,71,132,37,77
151,31,79,132,37,84
151,31,87,132,38,92
151,31,95,131,39,99
151,31,103,130,40,108
151,31,111,129,40,116
151,31,119,128,41,125
151,31,127,127,42,135
151,31,135,126,42,144
151,31,143,124,43,157
151,31,151,122,44,172
151,31,159,120,44,191
151,31,167,118,44,210
151,31,175,114,44,225
151,31,183,110,43,235
151,31,191,105,43,237
151,31,199,100,42,239
151,31,207,95,41,241
151,31,215,91,40,244
151,31,223,90,41,248
151,31,231,88,41,250
151,31,239,87,41,252
151,31,247,86,42,253
151,31,255,87,42,254
151,39,0,125,33,9
151,39,7,127,34,16
151,39,15,129,35,23
151,39,23,131,36,31
151,39,31,132,38,39
151,39,39,132,38,46
151,39,47,133,39,53
151,39,55,133,40,60
151,39,63,133,41,68
151,39,71,133,42,76
151,39,79,133,42,83
151,39,87,132,43,90
151,39,95,132,44,98
151,39,103,131,44,106
151,39,111,130,45,114
151,39,119,129,45,123
151,39,127,128,46,133
151,39,135,127,47,142
151,39,143,126,47,153
151,39,151,124,48,168
151,39,159,122,49,186
151,39,167,120,49,207
151,39,175,117,49,224
151,39,183,112,48,235
151,39,191,107,47,238
151,39,199,101,46,240
151,39,207,96,45,241
151,39,215,92,44,243
151,39,223,91,45,247
151,39,231,89,45,250
151,39,239,88,45,251
151,39,247,87,46,252
151,39,255,87,46,253
151,47,0,125,39,9
151,47,7,127,39,15
151,47,15,129,40,22
151,47,23,131,41,30
151,47,31,132,43,37
151,47,39,132,43,45
151,47,47,133,44,52
151,47,55,134,45,59
151,47,63,134,46,67
151,47,71,134,47,74
151,47,79,133,47,82
151,47,87,133,48,89
151,47,95,133,49,97
151,47,103,132,49,104
151,47,111,131,49,112
151,47,119,130,50,121
151,47,127,129,51,130
151,47,135,128,51,139
151,47,143,127,52,149
151,47,151,126,53,163
151,47,159,124,54,180
151,47,167,122,54,202
151,47,175,119,54,221
151,47,183,115,53,234
151,47,191,109,52,239
151,47,199,103,50,240
151,47,207,98,49,241
151,47,215,94,49,243
151,47,223,93,49,247
151,47,231,91,49,249
151,47,239,90,50,251
151,47,247,89,50,252
151,47,255,88,50,253
151,55,0,126,45,10
151,55,7,127,45,13
151,55,15,129,46,20
151,55,23,130,47,28
151,55,31,131,48,36
151,55,39,132,49,43
151,55,47,133,50,50
151,55,55,134,51,58
151,55,63,134,52,65
151,55,71,134,53,73
151,55,79,134,53,80
151,55,87,134,54,87
151,55,95,133,54,95
151,55,103,133,54,102
151,55,111,132,55,110
151,55,119,131,55,118
151,55,127,130,56,127
151,55,135,129,57,136
151,55,143,128,58,146
151,55,151,127,58,159
151,55,159,126,59,174
151,55,167,124,60,195
151,55,175,122,59,215
151,55,183,118,59,231
151,55,191,112,57,238
151,55,199,106,55,241
151,55,207,101,54,242
151,55,215,97,54,243
151,55,223,96,54,247
151,55,231,94,54,249
151,55,239,92,54,251
151,55,247,91,54,252
151,55,255,90,55,253
151,63,0,127,52,10
151,63,7,127,51,12
151,63,15,128,51,18
151,63,23,130,53,26
151,63,31,131,54,34
151,63,39,132,55,41
151,63,47,134,56,49
151,63,55,134,58,56
151,63,63,135,58,63
151,63,71,135,59,71
151,63,79,135,60,79
151,63,87,135,60,86
151,63,95,134,61,93
151,63,103,134,61,101
151,63,111,133,61,108
151,63,119,132,62,116
151,63,127,131,62,125
151,63,135,130,63,134
151,63,143,130,64,144
151,63,151,128,65,155
151,63,159,127,65,169
151,63,167,126,66,186
151,63,175,124,66,207
151,63,183,120,65,225
151,63,191,115,63,237
151,63,199,110,61,241
151,63,207,105,60,243
151,63,215,101,59,244
151,63,223,99,59,247
151,63,231,97,59,249
151,63,239,95,59,251
151,63,247,93,59,252
151,63,255,91,59,253
151,71,0,128,58,10
151,71,7,127,57,11
151,71,15,128,57,16
151,71,23,130,59,24
151,71,31,131,60,32
151,71,39,133,61,40
151,71,47,134,63,48
151,71,55,135,64,55
151,71,63,135,65,62
151,71,71,136,66,69
151,71,79,136,67,77
151,71,87,136,67,84
151,71,95,135,67,92
151,71,103,135,68,99
151,71,111,134,68,106
151,71,119,133,68,114
151,71,127,132,69,122
151,71,135,131,69,131
151,71,143,131,70,141
151,71,151,130,71,151
151,71,159,129,71,164
151,71,167,128,72,179
151,71,175,126,72,199
151,71,183,123,71,218
151,71,191,119,70,233
151,71,199,114,68,241
151,71,207,109,66,245
151,71,215,105,65,246
151,71,223,103,65,247
151,71,231,101,65,249
151,71,239,99,65,251
151,71,247,96,64,252
151,71,255,93,63,253
151,79,0,129,64,9
151,79,7,127,63,10
151,79,15,128,64,14
151,79,23,130,65,22
151,79,31,131,67,30
151,79,39,133,68,38
151,79,47,134,70,46
151,79,55,135,71,54
151,79,63,136,72,60
151,79,71,136,73,68
151,79,79,136,74,75
151,79,87,136,74,83
151,79,95,136,74,90
151,79,103,135,75,97
151,79,111,134,75,104
151,79,119,134,75,111
151,79,127,133,76,119
151,79,135,132,76,128
151,79,143,132,76,137
151,79,151,131,77,147
151,79,159,130,77,159
151,79,167,129,78,173
151,79,175,128,78,190
151,79,183,126,78,210
151,79,191,122,76,226
151,79,199,117,74,239
151,79,207,113,73,245
151,79,215,109,71,247
151,79,223,107,71,248
151,79,231,104,71,249
151,79,239,102,70,250
151,79,247,99,70,252
151,79,255,94,68,253
151,87,0,130,71,8
151,87,7,128,70,9
151,87,15,128,70,13
151,87,23,130,72,20
151,87,31,131,73,28
151,87,39,133,74,37
151,87,47,134,76,45
151,87,55,136,77,52
151,87,63,136,79,59
151,87,71,137,80,66
151,87,79,137,80,74
151,87,87,136,81,81
151,87,95,135,81,88
151,87,103,135,81,95
151,87,111,134,82,102
151,87,119,134,82,109
151,87,127,134,82,117
151,87,135,133,82,125
151,87,143,132,83,134
151,87,151,132,83,143
151,87,159,131,84,154
151,87,167,130,84,166
151,87,175,129,84,182
151,87,183,128,84,201
151,87,191,125,83,219
151,87,199,121,81,234
151,87,207,117,79,243
151,87,215,113,78,247
151,87,223,111,77,248
151,87,231,108,77,249
151,87,239,106,76,250
151,87,247,102,75,252
151,87,255,97,73,253
151,95,0,131,78,7
151,95,7,128,76,8
151,95,15,128,76,11
151,95,23,130,78,19
151,95,31,132,79,26
151,95,39,133,81,35
151,95,47,135,82,43
151,95,55,136,84,51
151,95,63,137,85,58
151,95,71,137,86,65
151,95,79,136,86,72
151,95,87,136,87,80
151,95,95,136,87,87
151,95,103,135,88,95
151,95,111,135,88,100
151,95,119,134,88,107
151,95,127,133,88,114
151,95,135,134,89,122
151,95,143,133,89,130
151,95,151,133,89,139
151,95,159,132,90,150
151,95,167,131,90,161
151,95,175,131,90,175
151,95,183,130,90,193
151,95,191,128,90,210
151,95,199,124,88,228
151,95,207,121,86,240
151,95,215,117,85,246
151,95,223,114,84,248
151,95,231,112,83,249
151,95,239,109,82,251
151,95,247,106,81,252
151,95,255,99,78,253
151,103,0,132,84,7
151,103,7,129,82,7
151,103,15,129,82,10
151,103,23,131,84,17
151,103,31,132,85,25
151,103,39,134,87,34
151,103,47,135,88,42
151,103,55,137,90,50
151,103,63,137,91,57
151,103,71,138,92,64
151,103,79,137,92,71
151,103,87,137,93,79
151,103,95,136,94,86
151,103,103,136,94,93
151,103,111,135,94,100
151,103,119,134,94,106
151,103,127,134,95,113
151,103,135,133,95,120
151,103,143,133,95,128
151,103,151,133,95,136
151,103,159,133,96,146
151,103,167,132,96,155
151,103,175,132,96,168
151,103,183,131,96,184
151,103,191,130,96,202
151,103,199,127,95,221
151,103,207,124,93,236
151,103,215,121,92,245
151,103,223,118,90,248
151,103,231,115,90,250
151,103,239,113,89,251
151,103,247,109,87,252
151,103,255,101,84,253
151,111,0,133,91,6
151,111,7,129,88,7
151,111,15,129,88,9
151,111,23,131,90,16
151,111,31,132,91,24
151,111,39,134,92,32
151,111,47,136,94,41
151,111,55,137,96,49
151,111,63,138,97,56
151,111,71,138,98,63
151,111,79,138,98,70
151,111,87,137,99,78
151,111,95,137,99,85
151,111,103,137,100,92
151,111,111,136,101,98
151,111,119,135,101,105
151,111,127,134,101,111
151,111,135,134,101,119
151,111,143,134,101,126
151,111,151,133,101,133
151,111,159,133,102,142
151,111,167,133,102,151
151,111,175,133,102,162
151,111,183,132,102,177
151,111,191,131,102,194
151,111,199,130,101,213
151,111,207,127,100,230
151,111,215,124,99,243
151,111,223,121,97,248
151,111,231,119,96,250
151,111,239,116,95,251
151,111,247,113,94,252
151,111,255,104,91,253
151,119,0,134,98,6
151,119,7,129,94,7
151,119,15,129,94,8
151,119,23,131,96,14
151,119,31,132,97,22
151,119,39,134,98,31
151,119,47,136,100,40
151,119,55,138,101,48
151,119,63,139,103,55
151,119,71,139,103,62
151,119,79,139,104,69
151,119,87,138,105,77
151,119,95,138,105,84
151,119,103,137,106,91
151,119,111,136,107,97
151,119,119,136,107,103
151,119,127,135,107,109
151,119,135,135,108,116
151,119,143,134,107,124
151,119,151,134,107,132
151,119,159,134,108,139
151,119,167,133,108,148
151,119,175,134,108,158
151,119,183,133,108,171
151,119,191,133,108,186
151,119,199,132,108,205
151,119,207,130,107,224
151,119,215,127,105,239
151,119,223,125,104,247
151,119,231,122,103,250
151,119,239,120,102,251
151,119,247,116,101,252
151,119,255,108,98,253
151,127,0,134,105,6
151,127,7,129,101,7
151,127,15,129,100,8
151,127,23,131,101,13
151,127,31,132,103,20
151,127,39,134,104,29
151,127,47,137,106,38
151,127,55,139,108,47
151,127,63,140,109,54
151,127,71,140,110,61
151,127,79,140,111,68
151,127,87,140,111,76
151,127,95,139,112,83
151,127,103,139,112,90
151,127,111,138,113,96
151,127,119,137,113,102
151,127,127,136,114,108
151,127,135,136,114,115
151,127,143,135,114,121
151,127,151,135,114,129
151,127,159,135,114,138
151,127,167,134,114,147
151,127,175,134,115,156
151,127,183,134,115,167
151,127,191,134,115,180
151,127,199,133,114,197
151,127,207,132,114,216
151,127,215,130,112,234
151,127,223,128,111,245
151,127,231,125,110,250
151,127,239,123,109,251
151,127,247,120,108,252
151,127,255,111,105,253
151,135,0,135,111,6
151,135,7,130,107,7
151,135,15,129,106,8
151,135,23,131,107,12
151,135,31,133,109,19
151,135,39,135,111,28
151,135,47,137,113,37
151,135,55,139,114,46
151,135,63,140,115,53
151,135,71,141,116,60
151,135,79,142,117,67
151,135,87,141,118,75
151,135,95,141,118,83
151,135,103,140,119,89
151,135,111,138,119,95
151,135,119,138,120,101
151,135,127,137,120,107
151,135,135,137,120,113
151,135,143,136,120,120
151,135,151,136,121,127
151,135,159,136,121,136
151,135,167,136,121,144
151,135,175,136,121,154
151,135,183,135,121,163
151,135,191,135,121,176
151,135,199,135,121,191
151,135,207,134,121,210
151,135,215,133,120,229
151,135,223,131,118,242
151,135,231,129,117,250
151,135,239,127,116,252
151,135,247,123,115,253
151,135,255,114,113,254
151,143,0,136,118,6
151,143,7,130,113,7
151,143,15,129,112,8
151,143,23,131,114,11
151,143,31,133,115,17
151,143,39,135,117,26
151,143,47,138,120,36
151,143,55,140,121,45
151,143,63,142,123,52
151,143,71,143,124,59
151,143,79,143,125,67
151,143,87,143,125,74
151,143,95,142,126,81
151,143,103,142,126,89
151,143,111,141,126,95
151,143,119,139,126,101
151,143,127,139,127,106
151,143,135,138,127,112
151,143,143,136,127,119
151,143,151,136,127,126
151,143,159,137,128,134
151,143,167,137,128,142
151,143,175,137,128,151
151,143,183,137,128,162
151,143,191,137,128,173
151,143,199,136,128,187
151,143,207,137,128,205
151,143,215,136,127,224
151,143,223,134,126,239
151,143,231,132,124,249
151,143,239,130,123,252
151,143,247,126,122,253
151,143,255,117,120,254
151,151,0,137,124,6
151,151,7,130,119,7
151,151,15,128,118,8
151,151,23,131,120,10
151,151,31,133,122,16
151,151,39,135,124,25
151,151,47,138,127,34
151,151,55,141,129,44
151,151,63,142,130,51
151,151,71,144,132,58
151,151,79,145,132,66
151,151,87,145,133,73
151,151,95,144,133,80
151,151,103,144,133,87
151,151,111,143,133,94
151,151,119,141,134,100
151,151,127,140,133,106
151,151,135,140,134,112
151,151,143,138,135,118
151,151,151,138,135,124
151,151,159,138,135,132
151,151,167,139,136,141
151,151,175,139,136,149
151,151,183,139,135,160
151,151,191,138,135,172
151,151,199,138,135,183
151,151,207,138,135,200
151,151,215,138,134,219
151,151,223,137,133,236
151,151,231,135,132,247
151,151,239,133,131,252
151,151,247,129,130,254
151,151,255,121,128,255
151,159,0,137,130,7
151,159,7,130,125,8
151,159,15,128,124,9
151,159,23,130,126,10
151,159,31,132,128,15
151,159,39,135,131,23
151,159,47,138,133,33
151,159,55,141,136,42
151,159,63,143,138,50
151,159,71,144,139,57
151,159,79,146,140,65
151,159,87,146,141,72
151,159,95,146,141,80
151,159,103,145,141,87
151,159,111,145,141,93
151,159,119,144,141,100
151,159,127,142,142,106
151,159,135,142,142,112
151,159,143,141,143,117
151,159,151,140,143,124
151,159,159,140,143,131
151,159,167,140,144,139
151,159,175,140,144,147
151,159,183,141,144,157
151,159,191,141,143,169
151,159,199,140,143,181
151,159,207,140,143,195
151,159,215,139,143,214
151,159,223,139,142,231
151,159,231,137,140,244
151,159,239,136,139,252
151,159,247,132,138,254
151,159,255,124,136,255
151,167,0,137,136,7
151,167,7,130,131,8
151,167,15,128,130,9
151,167,23,130,133,10
151,167,31,132,135,14
151,167,39,134,137,22
151,167,47,138,140,31
151,167,55,141,143,41
151,167,63,143,145,49
151,167,71,145,147,56
151,167,79,146,148,64
151,167,87,147,148,71
151,167,95,147,149,79
151,167,103,148,149,86
151,167,111,146,150,92
151,167,119,146,150,98
151,167,127,145,150,105
151,167,135,144,150,111
151,167,143,143,150,117
151,167,151,143,152,123
151,167,159,142,152,130
151,167,167,142,153,137
151,167,175,142,153,146
151,167,183,142,153,155
151,167,191,143,153,166
151,167,199,142,151,178
151,167,207,142,151,193
151,167,215,142,151,208
151,167,223,141,150,225
151,167,231,140,149,241
151,167,239,139,148,251
151,167,247,135,147,254
151,167,255,127,144,255
151,175,0,137,141,8
151,175,7,129,137,9
151,175,15,127,136,10
151,175,23,129,139,11
151,175,31,131,141,14
151,175,39,133,144,21
151,175,47,137,147,29
151,175,55,140,149,39
151,175,63,142,151,47
151,175,71,144,153,55
151,175,79,146,155,63
151,175,87,147,156,70
151,175,95,148,156,78
151,175,103,149,157,85
151,175,111,149,158,92
151,175,119,147,158,98
151,175,127,147,158,104
151,175,135,147,159,111
151,175,143,146,159,117
151,175,151,145,159,123
151,175,159,145,160,129
151,175,167,144,162,136
151,175,175,144,162,144
151,175,183,144,162,153
151,175,191,144,162,163
151,175,199,144,160,174
151,175,207,144,160,188
151,175,215,143,160,205
151,175,223,143,159,220
151,175,231,141,158,236
151,175,239,141,157,249
151,175,247,138,156,254
151,175,255,130,153,255
151,183,0,136,147,9
151,183,7,128,142,10
151,183,15,126,142,11
151,183,23,128,144,12
151,183,31,130,146,14
151,183,39,132,149,20
151,183,47,135,152,28
151,183,55,138,155,37
151,183,63,141,157,45
151,183,71,143,159,53
151,183,79,145,161,61
151,183,87,147,162,69
151,183,95,148,163,76
151,183,103,149,164,83
151,183,111,149,165,90
151,183,119,150,166,97
151,183,127,148,166,103
151,183,135,148,167,109
151,183,143,148,167,116
151,183,151,148,168,122
151,183,159,147,168,128
151,183,167,147,169,135
151,183,175,147,169,142
151,183,183,146,171,150
151,183,191,146,171,160
151,183,199,145,170,171
151,183,207,146,170,184
151,183,215,145,170,200
151,183,223,144,169,216
151,183,231,143,168,231
151,183,239,142,167,246
151,183,247,141,166,253
151,183,255,133,163,255
151,191,0,135,153,10
151,191,7,128,148,11
151,191,15,125,148,12
151,191,23,127,150,13
151,191,31,128,151,14
151,191,39,130,154,19
151,191,47,133,156,26
151,191,55,137,159,35
151,191,63,139,161,43
151,191,71,142,164,51
151,191,79,144,166,59
151,191,87,146,167,66
151,191,95,147,169,74
151,191,103,148,170,82
151,191,111,149,171,89
151,191,119,150,173,95
151,191,127,150,173,102
151,191,135,150,174,108
151,191,143,149,175,114
151,191,151,149,176,120
151,191,159,149,176,127
151,191,167,149,177,134
151,191,175,149,177,141
151,191,183,148,178,148
151,191,191,147,179,157
151,191,199,147,179,167
151,191,207,147,179,180
151,191,215,146,179,194
151,191,223,146,179,210
151,191,231,144,179,227
151,191,239,144,178,241
151,191,247,142,176,251
151,191,255,136,172,253
151,199,0,134,159,11
151,199,7,127,154,12
151,199,15,125,153,13
151,199,23,126,155,14
151,199,31,127,157,15
151,199,39,129,159,18
151,199,47,132,161,25
151,199,55,135,164,33
151,199,63,137,166,41
151,199,71,140,169,49
151,199,79,142,171,57
151,199,87,144,173,65
151,199,95,146,174,72
151,199,103,147,176,80
151,199,111,149,178,87
151,199,119,149,179,94
151,199,127,150,180,100
151,199,135,151,181,107
151,199,143,151,182,113
151,199,151,150,183,119
151,199,159,150,184,125
151,199,167,150,185,132
151,199,175,150,186,139
151,199,183,150,186,146
151,199,191,149,187,154
151,199,199,149,188,163
151,199,207,148,188,174
151,199,215,147,189,188
151,199,223,147,189,203
151,199,231,146,189,220
151,199,239,145,189,236
151,199,247,144,187,246
151,199,255,138,182,249
151,207,0,133,166,12
151,207,7,126,161,13
151,207,15,124,159,14
151,207,23,125,161,15
151,207,31,126,162,16
151,207,39,127,164,18
151,207,47,130,166,23
151,207,55,132,168,31
151,207,63,135,170,39
151,207,71,137,172,47
151,207,79,140,175,55
151,207,87,142,177,62
151,207,95,144,178,70
151,207,103,146,181,77
151,207,111,147,183,85
151,207,119,148,184,92
151,207,127,149,185,98
151,207,135,150,187,105
151,207,143,151,188,111
151,207,151,152,189,117
151,207,159,151,190,123
151,207,167,151,191,130
151,207,175,151,192,136
151,207,183,151,193,144
151,207,191,150,194,152
151,207,199,150,195,160
151,207,207,149,197,169
151,207,215,148,198,181
151,207,223,148,198,196
151,207,231,147,199,212
151,207,239,146,200,228
151,207,247,144,198,241
151,207,255,141,192,247
151,215,0,131,172,13
151,215,7,125,167,14
151,215,15,123,166,15
151,215,23,124,166,16
151,215,31,125,167,17
151,215,39,126,169,18
151,215,47,128,170,22
151,215,55,130,172,29
151,215,63,133,174,37
151,215,71,135,176,45
151,215,79,138,178,52
151,215,87,140,180,60
151,215,95,142,182,67
151,215,103,144,184,75
151,215,111,145,186,82
151,215,119,147,188,89
151,215,127,148,189,96
151,215,135,149,191,103
151,215,143,151,193,109
151,215,151,151,194,115
151,215,159,152,195,121
151,215,167,151,197,128
151,215,175,152,198,134
151,215,183,152,200,141
151,215,191,152,201,149
151,215,199,150,202,157
151,215,207,150,204,166
151,215,215,149,206,176
151,215,223,148,207,189
151,215,231,148,209,205
151,215,239,147,210,221
151,215,247,145,209,236
151,215,255,143,203,245
151,223,0,129,180,14
151,223,7,124,175,15
151,223,15,122,173,16
151,223,23,123,173,17
151,223,31,123,173,18
151,223,39,125,174,19
151,223,47,127,176,22
151,223,55,129,177,28
151,223,63,131,178,35
151,223,71,134,180,43
151,223,79,136,182,51
151,223,87,138,184,58
151,223,95,140,185,65
151,223,103,142,187,72
151,223,111,144,189,80
151,223,119,146,191,87
151,223,127,147,192,94
151,223,135,148,194,100
151,223,143,150,196,107
151,223,151,151,198,113
151,223,159,152,200,119
151,223,167,152,202,126
151,223,175,153,204,132
151,223,183,152,205,139
151,223,191,152,207,146
151,223,199,152,209,154
151,223,207,150,211,163
151,223,215,150,213,173
151,223,223,149,215,185
151,223,231,149,218,200
151,223,239,148,220,215
151,223,247,146,219,231
151,223,255,145,213,243
151,231,0,127,188,14
151,231,7,123,183,15
151,231,15,121,180,16
151,231,23,122,180,17
151,231,31,123,180,18
151,231,39,124,181,19
151,231,47,126,182,22
151,231,55,128,183,27
151,231,63,130,184,34
151,231,71,133,186,41
151,231,79,135,188,49
151,231,87,137,189,56
151,231,95,139,190,63
151,231,103,141,192,70
151,231,111,143,193,77
151,231,119,145,195,85
151,231,127,146,196,91
151,231,135,148,199,98
151,231,143,149,201,105
151,231,151,150,203,111
151,231,159,151,205,118
151,231,167,152,207,124
151,231,175,153,209,131
151,231,183,153,211,137
151,231,191,152,213,144
151,231,199,152,215,152
151,231,207,152,217,160
151,231,215,151,220,169
151,231,223,149,223,181
151,231,231,149,227,194
151,231,239,148,230,209
151,231,247,147,230,226
151,231,255,147,224,241
151,239,0,125,196,14
151,239,7,122,192,14
151,239,15,121,189,16
151,239,23,121,188,17
151,239,31,122,188,18
151,239,39,123,188,19
151,239,47,125,188,21
151,239,55,127,189,26
151,239,63,129,190,33
151,239,71,131,191,40
151,239,79,134,192,47
151,239,87,136,193,54
151,239,95,138,193,61
151,239,103,140,195,68
151,239,111,142,196,75
151,239,119,143,198,82
151,239,127,145,199,89
151,239,135,147,202,96
151,239,143,148,204,103
151,239,151,150,206,109
151,239,159,151,208,116
151,239,167,152,211,122
151,239,175,153,213,129
151,239,183,153,215,135
151,239,191,153,217,142
151,239,199,153,220,149
151,239,207,152,223,157
151,239,215,151,227,166
151,239,223,150,231,177
151,239,231,150,236,189
151,239,239,148,239,202
151,239,247,148,240,220
151,239,255,149,235,240
151,247,0,122,206,13
151,247,7,121,203,14
151,247,15,121,201,15
151,247,23,121,201,16
151,247,31,122,200,17
151,247,39,124,200,19
151,247,47,125,199,22
151,247,55,127,199,27
151,247,63,129,199,33
151,247,71,131,200,39
151,247,79,134,200,46
151,247,87,136,201,53
151,247,95,138,201,60
151,247,103,140,202,67
151,247,111,142,204,74
151,247,119,143,205,81
151,247,127,145,207,88
151,247,135,147,209,95
151,247,143,148,211,101
151,247,151,149,213,108
151,247,159,151,215,114
151,247,167,152,217,121
151,247,175,153,220,127
151,247,183,153,222,134
151,247,191,153,225,141
151,247,199,153,228,148
151,247,207,153,231,157
151,247,215,153,235,166
151,247,223,152,239,176
151,247,231,151,244,188
151,247,239,151,247,203
151,247,247,151,248,219
151,247,255,151,245,238
151,255,0,119,217,11
151,255,7,120,217,12
151,255,15,122,218,14
151,255,23,123,218,16
151,255,31,125,219,19
151,255,39,127,219,22
151,255,47,129,220,27
151,255,55,131,220,31
151,255,63,133,220,37
151,255,71,135,221,42
151,255,79,137,221,48
151,255,87,139,221,54
151,255,95,141,222,61
151,255,103,143,222,67
151,255,111,144,223,74
151,255,119,146,224,80
151,255,127,147,225,87
151,255,135,149,226,93
151,255,143,150,228,100
151,255,151,151,229,107
151,255,159,152,231,113
151,255,167,153,233,120
151,255,175,154,235,127
151,255,183,155,237,135
151,255,191,155,239,143
151,255,199,156,241,151
151,255,207,156,244,160
151,255,215,156,246,170
151,255,223,156,249,181
151,255,231,154,251,194
151,255,239,154,253,207
151,255,247,153,255,222
151,255,255,152,255,238
159,0,0,133,8,7
159,0,7,135,9,14
159,0,15,136,10,22
159,0,23,137,11,30
159,0,31,138,12,38
159,0,39,138,13,47
159,0,47,138,14,55
159,0,55,138,14,64
159,0,63,137,14,72
159,0,71,136,15,81
159,0,79,135,15,90
159,0,87,133,15,99
159,0,95,132,15,108
159,0,103,130,15,117
159,0,111,127,16,126
159,0,119,125,16,135
159,0,127,123,16,145
159,0,135,121,16,155
159,0,143,118,16,164
159,0,151,116,17,174
159,0,159,114,17,184
159,0,167,112,17,194
159,0,175,110,18,203
159,0,183,108,19,212
159,0,191,106,19,221
159,0,199,104,20,228
159,0,207,102,20,235
159,0,215,100,21,242
159,0,223,98,21,247
159,0,231,96,22,251
159,0,239,95,22,253
159,0,247,93,22,254
159,0,255,91,22,255
159,7,0,132,12,8
159,7,7,135,15,16
159,7,15,137,17,25
159,7,23,138,19,33
159,7,31,139,20,41
159,7,39,139,21,48
159,7,47,139,21,56
159,7,55,139,22,64
159,7,63,139,23,72
159,7,71,138,23,80
159,7,79,137,24,88
159,7,87,136,24,96
159,7,95,135,25,105
159,7,103,134,25,113
159,7,111,132,26,122
159,7,119,131,26,131
159,7,127,129,27,141
159,7,135,127,28,151
159,7,143,125,28,163
159,7,151,123,28,176
159,7,159,120,28,191
159,7,167,118,28,206
159,7,175,114,28,218
159,7,183,111,28,227
159,7,191,107,28,232
159,7,199,104,27,236
159,7,207,100,27,240
159,7,215,98,27,244
159,7,223,95,27,248
159,7,231,94,27,251
159,7,239,92,27,253
159,7,247,91,27,254
159,7,255,91,27,255
159,15,0,131,17,9
159,15,7,135,20,18
159,15,15,137,23,27
159,15,23,139,25,35
159,15,31,139,25,42
159,15,39,140,26,49
159,15,47,140,27,56
159,15,55,140,28,64
159,15,63,140,28,72
159,15,71,139,29,80
159,15,79,139,29,87
159,15,87,138,30,95
159,15,95,137,31,103
159,15,103,136,31,110
159,15,111,135,32,119
159,15,119,134,33,128
159,15,127,132,34,138
159,15,135,130,35,147
159,15,143,129,35,160
159,15,151,126,35,175
159,15,159,124,36,193
159,15,167,121,35,211
159,15,175,118,35,225
159,15,183,114,35,234
159,15,191,109,34,237
159,15,199,104,33,239
159,15,207,100,32,241
159,15,215,96,32,244
159,15,223,94,32,248
159,15,231,92,32,251
159,15,239,91,32,252
159,15,247,91,32,253
159,15,255,91,32,254
159,23,0,131,22,9
159,23,7,135,25,18
159,23,15,137,27,27
159,23,23,138,29,34
159,23,31,139,29,41
159,23,39,139,30,48
159,23,47,140,31,55
159,23,55,140,31,63
159,23,63,140,32,71
159,23,71,139,33,79
159,23,79,139,33,86
159,23,87,138,34,94
159,23,95,138,35,101
159,23,103,137,35,109
159,23,111,136,36,117
159,23,119,135,37,126
159,23,127,133,38,136
159,23,135,132,38,145
159,23,143,130,39,157
159,23,151,128,39,172
159,23,159,126,40,190
159,23,167,123,40,210
159,23,175,120,39,225
159,23,183,115,39,235
159,23,191,111,38,237
159,23,199,105,37,239
159,23,207,100,36,241
159,23,215,97,36,244
159,23,223,94,36,248
159,23,231,92,36,250
159,23,239,91,36,252
159,23,247,91,36,253
159,23,255,92,37,254
159,31,0,131,27,10
159,31,7,134,30,18
159,31,15,137,31,26
159,31,23,138,32,33
159,31,31,139,34,40
159,31,39,140,34,47
159,31,47,140,35,54
159,31,55,140,36,62
159,31,63,140,37,70
159,31,71,140,38,77
159,31,79,140,38,85
159,31,87,139,39,92
159,31,95,139,40,100
159,31,103,138,40,108
159,31,111,137,41,116
159,31,119,136,42,125
159,31,127,135,43,134
159,31,135,133,43,144
159,31,143,132,43,156
159,31,151,130,44,171
159,31,159,128,45,188
159,31,167,125,45,207
159,31,175,122,44,223
159,31,183,117,44,234
159,31,191,112,43,237
159,31,199,107,42,240
159,31,207,102,41,242
159,31,215,97,40,244
159,31,223,95,40,248
159,31,231,93,40,250
159,31,239,92,41,251
159,31,247,91,41,252
159,31,255,92,41,253
159,39,0,131,33,10
159,39,7,134,34,17
159,39,15,136,36,25
159,39,23,138,37,32
159,39,31,139,38,39
159,39,39,140,39,46
159,39,47,140,40,53
159,39,55,141,41,61
159,39,63,141,42,69
159,39,71,141,42,76
159,39,79,141,43,84
159,39,87,140,44,91
159,39,95,140,44,98
159,39,103,139,45,106
159,39,111,138,45,114
159,39,119,137,46,123
159,39,127,136,47,132
159,39,135,135,47,142
159,39,143,133,48,153
159,39,151,131,48,167
159,39,159,129,49,184
159,39,167,127,49,204
159,39,175,124,49,222
159,39,183,120,49,234
159,39,191,114,48,238
159,39,199,108,46,240
159,39,207,102,45,241
159,39,215,98,44,243
159,39,223,96,44,247
159,39,231,94,44,250
159,39,239,92,45,251
159,39,247,92,45,252
159,39,255,93,45,253
159,47,0,132,39,10
159,47,7,134,39,16
159,47,15,136,40,23
159,47,23,137,41,31
159,47,31,139,43,38
159,47,39,140,44,45
159,47,47,140,45,52
159,47,55,141,46,60
159,47,63,141,47,67
159,47,71,141,48,75
159,47,79,141,48,82
159,47,87,141,49,89
159,47,95,141,49,97
159,47,103,140,50,104
159,47,111,139,50,112
159,47,119,138,51,121
159,47,127,137,51,130
159,47,135,136,52,139
159,47,143,134,52,149
159,47,151,133,53,162
159,47,159,131,54,179
159,47,167,129,54,199
159,47,175,127,54,218
159,47,183,122,54,233
159,47,191,117,52,238
159,47,199,110,51,240
159,47,207,104,49,242
159,47,215,100,48,243
159,47,223,98,49,247
159,47,231,96,49,249
159,47,239,94,49,251
159,47,247,93,49,252
159,47,255,94,50,253
159,55,0,132,45,10
159,55,7,134,45,15
159,55,15,135,45,22
159,55,23,137,47,29
159,55,31,138,48,36
159,55,39,139,49,44
159,55,47,141,51,51
159,55,55,141,52,58
159,55,63,142,53,66
159,55,71,142,53,73
159,55,79,142,54,81
159,55,87,142,54,88
159,55,95,141,55,95
159,55,103,141,55,103
159,55,111,140,55,110
159,55,119,139,56,118
159,55,127,138,56,128
159,55,135,137,57,136
159,55,143,136,58,146
159,55,151,134,58,158
159,55,159,133,59,173
159,55,167,131,60,192
159,55,175,129,60,212
159,55,183,125,59,229
159,55,191,120,58,237
159,55,199,113,56,241
159,55,207,107,54,242
159,55,215,102,53,243
159,55,223,100,53,247
159,55,231,98,53,249
159,55,239,96,53,250
159,55,247,95,53,251
159,55,255,95,54,252
159,63,0,133,51,11
159,63,7,134,50,13
159,63,15,135,51,20
159,63,23,137,52,27
159,63,31,138,54,35
159,63,39,139,55,42
159,63,47,141,57,49
159,63,55,142,58,57
159,63,63,142,59,64
159,63,71,143,60,72
159,63,79,143,60,79
159,63,87,142,61,86
159,63,95,142,61,94
159,63,103,141,61,101
159,63,111,141,62,109
159,63,119,140,62,116
159,63,127,139,63,125
159,63,135,138,63,134
159,63,143,137,64,144
159,63,151,136,65,155
159,63,159,134,65,168
159,63,167,133,66,184
159,63,175,131,66,204
159,63,183,128,65,223
159,63,191,123,64,235
159,63,199,117,62,241
159,63,207,111,60,243
159,63,215,106,59,244
159,63,223,104,59,247
159,63,231,102,59,249
159,63,239,100,59,250
159,63,247,98,58,251
159,63,255,96,58,252
159,71,0,134,57,11
159,71,7,134,56,12
159,71,15,135,57,18
159,71,23,137,59,26
159,71,31,138,60,33
159,71,39,140,61,41
159,71,47,141,63,48
159,71,55,142,64,56
159,71,63,143,65,63
159,71,71,143,66,70
159,71,79,143,67,78
159,71,87,143,67,85
159,71,95,143,68,92
159,71,103,142,68,99
159,71,111,141,68,107
159,71,119,141,69,114
159,71,127,140,69,122
159,71,135,139,70,132
159,71,143,138,70,141
159,71,151,137,71,151
159,71,159,136,71,163
159,71,167,134,72,177
159,71,175,133,72,196
159,71,183,130,71,215
159,71,191,126,70,231
159,71,199,121,68,241
159,71,207,115,66,245
159,71,215,110,65,246
159,71,223,108,64,247
159,71,231,105,64,249
159,71,239,103,64,250
159,71,247,101,64,251
159,71,255,98,63,252
159,79,0,135,63,11
159,79,7,134,62,12
159,79,15,135,63,16
159,79,23,137,65,24
159,79,31,138,66,31
159,79,39,140,68,39
159,79,47,141,69,47
159,79,55,142,71,54
159,79,63,143,72,61
159,79,71,144,73,69
159,79,79,144,74,76
159,79,87,144,74,83
159,79,95,143,75,90
159,79,103,143,75,98
159,79,111,142,75,105
159,79,119,141,75,112
159,79,127,140,76,120
159,79,135,140,76,129
159,79,143,139,77,138
159,79,151,138,77,147
159,79,159,137,77,159
159,79,167,136,78,171
159,79,175,135,78,188
159,79,183,133,78,207
159,79,191,129,76,224
159,79,199,124,75,237
159,79,207,119,73,245
159,79,215,115,71,247
159,79,223,112,71,248
159,79,231,109,70,249
159,79,239,107,70,250
159,79,247,104,69,251
159,79,255,100,67,252
159,87,0,136,70,10
159,87,7,135,69,11
159,87,15,135,69,14
159,87,23,137,71,22
159,87,31,138,73,29
159,87,39,140,74,37
159,87,47,142,76,45
159,87,55,143,77,53
159,87,63,144,79,60
159,87,71,144,80,67
159,87,79,144,81,75
159,87,87,144,81,82
159,87,95,144,81,89
159,87,103,143,82,96
159,87,111,142,82,103
159,87,119,142,82,110
159,87,127,141,82,117
159,87,135,140,83,126
159,87,143,139,83,134
159,87,151,139,83,143
159,87,159,138,84,154
159,87,167,137,84,166
159,87,175,136,84,181
159,87,183,135,84,199
159,87,191,132,83,217
159,87,199,128,81,232
159,87,207,123,79,242
159,87,215,119,78,247
159,87,223,116,77,248
159,87,231,113,76,249
159,87,239,111,76,250
159,87,247,108,75,251
159,87,255,102,72,252
159,95,0,137,76,9
159,95,7,135,75,10
159,95,15,135,76,13
159,95,23,137,77,20
159,95,31,139,79,28
159,95,39,140,80,36
159,95,47,142,82,44
159,95,55,143,84,52
159,95,63,144,85,59
159,95,71,145,86,66
159,95,79,145,87,73
159,95,87,143,87,81
159,95,95,143,88,88
159,95,103,143,88,94
159,95,111,142,88,101
159,95,119,141,88,108
159,95,127,141,88,115
159,95,135,141,89,123
159,95,143,140,89,131
159,95,151,139,89,140
159,95,159,139,90,150
159,95,167,138,90,161
159,95,175,137,90,175
159,95,183,136,90,192
159,95,191,134,90,209
159,95,199,131,88,226
159,95,207,127,86,239
159,95,215,123,84,246
159,95,223,120,83,248
159,95,231,117,82,249
159,95,239,115,82,250
159,95,247,111,81,251
159,95,255,105,78,252
159,103,0,139,83,8
159,103,7,136,81,9
159,103,15,136,82,12
159,103,23,138,83,19
159,103,31,139,85,26
159,103,39,141,86,35
159,103,47,142,88,43
159,103,55,144,90,51
159,103,63,145,91,58
159,103,71,145,92,65
159,103,79,145,93,72
159,103,87,144,93,79
159,103,95,144,94,86
159,103,103,143,94,94
159,103,111,142,94,101
159,103,119,142,94,107
159,103,127,141,95,113
159,103,135,140,95,121
159,103,143,140,95,128
159,103,151,140,95,137
159,103,159,140,96,146
159,103,167,139,96,156
159,103,175,138,96,169
159,103,183,137,96,184
159,103,191,136,96,201
159,103,199,134,95,219
159,103,207,131,93,234
159,103,215,127,91,245
159,103,223,124,90,248
159,103,231,121,89,249
159,103,239,119,88,250
159,103,247,115,87,251
159,103,255,107,84,252
159,111,0,139,90,7
159,111,7,136,88,8
159,111,15,136,88,11
159,111,23,138,89,17
159,111,31,139,91,25
159,111,39,141,92,33
159,111,47,143,94,42
159,111,55,145,96,50
159,111,63,145,97,57
159,111,71,146,98,64
159,111,79,145,98,71
159,111,87,145,99,78
159,111,95,144,99,86
159,111,103,144,100,93
159,111,111,143,100,99
159,111,119,142,100,106
159,111,127,141,100,112
159,111,135,141,101,119
159,111,143,140,101,126
159,111,151,140,101,134
159,111,159,140,102,143
159,111,167,139,102,152
159,111,175,139,102,163
159,111,183,138,102,177
159,111,191,138,102,193
159,111,199,136,101,212
159,111,207,134,100,229
159,111,215,131,98,242
159,111,223,128,97,248
159,111,231,125,96,249
159,111,239,122,95,250
159,111,247,118,94,251
159,111,255,111,90,252
159,119,0,140,97,7
159,119,7,136,94,8
159,119,15,136,94,10
159,119,23,138,95,16
159,119,31,140,96,23
159,119,39,141,98,32
159,119,47,143,100,41
159,119,55,145,101,49
159,119,63,146,102,56
159,119,71,147,103,63
159,119,79,146,104,70
159,119,87,145,105,77
159,119,95,145,105,85
159,119,103,144,106,92
159,119,111,144,106,98
159,119,119,143,107,104
159,119,127,142,107,111
159,119,135,141,107,118
159,119,143,141,107,125
159,119,151,140,107,132
159,119,159,140,108,140
159,119,167,139,108,149
159,119,175,140,108,159
159,119,183,140,108,171
159,119,191,139,108,186
159,119,199,138,108,204
159,119,207,136,107,222
159,119,215,134,105,238
159,119,223,131,104,247
159,119,231,128,103,249
159,119,239,126,102,250
159,119,247,122,101,251
159,119,255,114,98,252
159,127,0,141,104,7
159,127,7,137,100,8
159,127,15,136,99,9
159,127,23,138,101,15
159,127,31,140,102,22
159,127,39,142,104,30
159,127,47,144,106,39
159,127,55,146,108,48
159,127,63,147,109,55
159,127,71,147,110,62
159,127,79,148,111,69
159,127,87,147,111,76
159,127,95,146,112,84
159,127,103,145,112,91
159,127,111,145,112,97
159,127,119,143,113,102
159,127,127,142,113,109
159,127,135,142,114,115
159,127,143,141,114,122
159,127,151,141,113,130
159,127,159,141,114,138
159,127,167,141,114,146
159,127,175,140,114,156
159,127,183,141,114,167
159,127,191,140,114,180
159,127,199,140,114,196
159,127,207,139,113,215
159,127,215,137,112,233
159,127,223,134,111,244
159,127,231,132,110,249
159,127,239,130,109,251
159,127,247,126,108,252
159,127,255,117,105,253
159,135,0,142,110,7
159,135,7,137,106,7
159,135,15,136,105,9
159,135,23,138,107,13
159,135,31,140,109,20
159,135,39,142,110,29
159,135,47,144,112,38
159,135,55,146,114,47
159,135,63,148,115,54
159,135,71,148,116,61
159,135,79,149,117,68
159,135,87,148,118,75
159,135,95,147,118,83
159,135,103,147,118,90
159,135,111,146,118,96
159,135,119,144,120,101
159,135,127,143,120,108
159,135,135,143,120,114
159,135,143,142,120,121
159,135,151,142,120,128
159,135,159,142,121,136
159,135,167,142,120,145
159,135,175,142,121,154
159,135,183,141,121,164
159,135,191,141,121,176
159,135,199,141,121,191
159,135,207,141,120,209
159,135,215,139,119,228
159,135,223,137,118,241
159,135,231,135,117,250
159,135,239,133,116,251
159,135,247,129,115,252
159,135,255,121,112,253
159,143,0,143,117,7
159,143,7,137,112,7
159,143,15,136,111,8
159,143,23,138,113,12
159,143,31,140,115,19
159,143,39,142,117,27
159,143,47,145,119,37
159,143,55,147,121,46
159,143,63,148,122,53
159,143,71,150,123,60
159,143,79,150,124,67
159,143,87,150,125,75
159,143,95,149,125,82
159,143,103,148,125,89
159,143,111,147,125,96
159,143,119,145,125,101
159,143,127,145,126,107
159,143,135,144,126,113
159,143,143,143,127,120
159,143,151,143,127,127
159,143,159,143,127,134
159,143,167,143,128,143
159,143,175,143,127,152
159,143,183,143,128,162
159,143,191,143,128,173
159,143,199,142,128,186
159,143,207,143,127,204
159,143,215,142,127,223
159,143,223,140,125,238
159,143,231,138,124,249
159,143,239,136,123,252
159,143,247,133,122,253
159,143,255,124,120,254
159,151,0,144,123,7
159,151,7,137,118,8
159,151,15,136,117,9
159,151,23,138,119,11
159,151,31,140,121,17
159,151,39,142,123,26
159,151,47,145,126,35
159,151,55,148,128,45
159,151,63,149,130,52
159,151,71,151,131,59
159,151,79,151,132,67
159,151,87,152,132,74
159,151,95,150,133,81
159,151,103,150,133,88
159,151,111,149,133,95
159,151,119,148,133,101
159,151,127,146,133,107
159,151,135,146,134,112
159,151,143,145,134,119
159,151,151,144,134,125
159,151,159,144,134,132
159,151,167,144,135,141
159,151,175,144,135,149
159,151,183,144,135,160
159,151,191,144,135,172
159,151,199,144,135,182
159,151,207,144,135,200
159,151,215,144,134,218
159,151,223,143,133,235
159,151,231,141,132,247
159,151,239,140,131,252
159,151,247,136,129,254
159,151,255,127,127,255
159,159,0,144,129,8
159,159,7,137,124,8
159,159,15,136,123,9
159,159,23,138,125,11
159,159,31,139,127,16
159,159,39,142,130,24
159,159,47,145,133,34
159,159,55,148,135,43
159,159,63,150,137,51
159,159,71,151,138,58
159,159,79,152,139,66
159,159,87,153,140,73
159,159,95,153,140,81
159,159,103,152,140,87
159,159,111,151,141,94
159,159,119,150,140,100
159,159,127,148,140,106
159,159,135,147,141,112
159,159,143,147,142,118
159,159,151,146,142,124
159,159,159,145,142,131
159,159,167,145,143,139
159,159,175,145,143,147
159,159,183,146,143,157
159,159,191,146,142,169
159,159,199,146,142,181
159,159,207,146,142,195
159,159,215,145,142,214
159,159,223,145,141,231
159,159,231,144,140,244
159,159,239,142,139,252
159,159,247,139,138,254
159,159,255,130,135,255
159,167,0,144,135,8
159,167,7,137,130,9
159,167,15,135,130,10
159,167,23,137,132,11
159,167,31,139,134,15
159,167,39,142,136,23
159,167,47,145,139,32
159,167,55,148,142,42
159,167,63,150,144,49
159,167,71,152,145,57
159,167,79,153,147,65
159,167,87,154,147,72
159,167,95,154,148,80
159,167,103,154,148,87
159,167,111,153,148,93
159,167,119,152,149,99
159,167,127,151,149,106
159,167,135,150,149,112
159,167,143,149,149,118
159,167,151,149,150,123
159,167,159,147,151,130
159,167,167,147,151,138
159,167,175,147,151,145
159,167,183,147,152,154
159,167,191,148,151,165
159,167,199,148,150,177
159,167,207,147,150,193
159,167,215,147,150,208
159,167,223,147,149,225
159,167,231,146,148,241
159,167,239,145,147,251
159,167,247,142,146,255
159,167,255,134,144,255
159,175,0,144,141,9
159,175,7,137,136,9
159,175,15,134,135,10
159,175,23,136,138,11
159,175,31,138,140,15
159,175,39,141,143,22
159,175,47,144,146,31
159,175,55,147,148,40
159,175,63,149,150,48
159,175,71,151,152,56
159,175,79,153,154,63
159,175,87,154,155,71
159,175,95,155,155,79
159,175,103,155,156,86
159,175,111,155,157,93
159,175,119,154,157,99
159,175,127,153,157,105
159,175,135,153,157,112
159,175,143,151,158,117
159,175,151,151,158,123
159,175,159,151,160,130
159,175,167,149,160,136
159,175,175,149,160,144
159,175,183,149,161,152
159,175,191,149,161,163
159,175,199,150,160,173
159,175,207,149,159,188
159,175,215,149,159,205
159,175,223,149,159,220
159,175,231,148,157,237
159,175,239,148,157,249
159,175,247,145,155,254
159,175,255,137,153,255
159,183,0,144,147,9
159,183,7,136,142,10
159,183,15,134,141,11
159,183,23,135,144,12
159,183,31,137,145,15
159,183,39,139,148,21
159,183,47,143,151,29
159,183,55,146,154,38
159,183,63,148,156,46
159,183,71,151,158,54
159,183,79,152,160,62
159,183,87,154,161,70
159,183,95,155,162,77
159,183,103,156,164,85
159,183,111,156,164,91
159,183,119,156,165,98
159,183,127,155,166,104
159,183,135,155,166,110
159,183,143,154,166,117
159,183,151,153,167,123
159,183,159,153,167,129
159,183,167,153,168,136
159,183,175,152,169,142
159,183,183,151,170,151
159,183,191,151,170,160
159,183,199,151,170,170
159,183,207,151,169,185
159,183,215,151,169,200
159,183,223,150,168,217
159,183,231,150,167,232
159,183,239,149,167,247
159,183,247,146,165,254
159,183,255,140,162,255
159,191,0,143,153,10
159,191,7,135,148,11
159,191,15,133,147,12
159,191,23,134,149,13
159,191,31,136,151,15
159,191,39,138,153,20
159,191,47,141,156,27
159,191,55,144,159,36
159,191,63,147,161,44
159,191,71,149,163,52
159,191,79,151,165,60
159,191,87,153,167,68
159,191,95,154,169,75
159,191,103,155,170,83
159,191,111,156,171,90
159,191,119,157,172,97
159,191,127,157,173,103
159,191,135,156,174,109
159,191,143,156,174,115
159,191,151,155,175,122
159,191,159,155,175,128
159,191,167,155,176,135
159,191,175,154,176,142
159,191,183,153,177,149
159,191,191,153,179,157
159,191,199,153,180,167
159,191,207,152,178,180
159,191,215,153,178,195
159,191,223,152,178,212
159,191,231,151,178,228
159,191,239,151,177,242
159,191,247,149,176,252
159,191,255,142,172,254
159,199,0,142,159,11
159,199,7,134,154,12
159,199,15,132,153,13
159,199,23,133,155,14
159,199,31,134,156,15
159,199,39,136,158,19
159,199,47,139,161,26
159,199,55,142,164,34
159,199,63,145,166,42
159,199,71,147,168,50
159,199,79,150,170,58
159,199,87,152,172,66
159,199,95,153,174,73
159,199,103,155,176,81
159,199,111,156,178,88
159,199,119,157,179,95
159,199,127,157,180,102
159,199,135,158,181,108
159,199,143,157,182,114
159,199,151,157,183,120
159,199,159,157,183,127
159,199,167,156,184,133
159,199,175,156,185,140
159,199,183,156,185,147
159,199,191,155,186,155
159,199,199,154,187,164
159,199,207,154,188,175
159,199,215,154,188,189
159,199,223,153,188,205
159,199,231,152,188,221
159,199,239,152,188,237
159,199,247,150,186,247
159,199,255,145,181,249
159,207,0,140,165,12
159,207,7,134,160,13
159,207,15,131,159,14
159,207,23,132,160,15
159,207,31,133,162,16
159,207,39,135,163,18
159,207,47,137,166,24
159,207,55,140,168,32
159,207,63,143,170,40
159,207,71,145,172,48
159,207,79,147,175,56
159,207,87,150,176,64
159,207,95,151,178,71
159,207,103,153,181,79
159,207,111,155,183,86
159,207,119,156,184,93
159,207,127,157,185,100
159,207,135,158,187,106
159,207,143,158,188,113
159,207,151,158,189,119
159,207,159,157,190,125
159,207,167,158,191,131
159,207,175,158,192,139
159,207,183,157,193,145
159,207,191,156,194,153
159,207,199,156,195,161
159,207,207,155,196,170
159,207,215,155,197,183
159,207,223,154,198,198
159,207,231,154,198,214
159,207,239,153,199,230
159,207,247,151,197,242
159,207,255,147,192,247
159,215,0,139,172,13
159,215,7,133,167,14
159,215,15,130,165,15
159,215,23,131,166,16
159,215,31,132,167,17
159,215,39,133,168,18
159,215,47,135,170,23
159,215,55,138,172,30
159,215,63,140,174,38
159,215,71,143,176,46
159,215,79,145,178,54
159,215,87,147,180,61
159,215,95,149,182,69
159,215,103,151,184,76
159,215,111,153,186,84
159,215,119,154,188,91
159,215,127,156,189,98
159,215,135,157,191,104
159,215,143,158,193,111
159,215,151,158,195,117
159,215,159,159,195,123
159,215,167,158,197,130
159,215,175,158,198,136
159,215,183,158,200,144
159,215,191,157,201,150
159,215,199,157,202,158
159,215,207,156,204,167
159,215,215,155,206,178
159,215,223,155,207,192
159,215,231,155,208,208
159,215,239,154,209,224
159,215,247,152,208,238
159,215,255,149,202,246
159,223,0,137,180,14
159,223,7,132,175,15
159,223,15,129,173,16
159,223,23,130,173,17
159,223,31,130,173,18
159,223,39,132,174,19
159,223,47,134,176,23
159,223,55,136,177,29
159,223,63,139,178,36
159,223,71,141,180,44
159,223,79,144,182,52
159,223,87,146,184,59
159,223,95,148,185,66
159,223,103,150,187,74
159,223,111,152,190,82
159,223,119,153,191,89
159,223,127,154,192,96
159,223,135,156,195,102
159,223,143,157,197,109
159,223,151,158,199,115
159,223,159,159,200,122
159,223,167,159,202,128
159,223,175,159,204,134
159,223,183,159,206,141
159,223,191,159,207,148
159,223,199,158,209,157
159,223,207,157,211,166
159,223,215,156,213,176
159,223,223,156,215,188
159,223,231,156,218,202
159,223,239,155,220,218
159,223,247,153,218,233
159,223,255,152,212,244
159,231,0,134,188,14
159,231,7,130,183,15
159,231,15,128,180,16
159,231,23,129,180,17
159,231,31,130,180,18
159,231,39,131,181,19
159,231,47,133,182,22
159,231,55,135,183,28
159,231,63,138,185,35
159,231,71,140,186,43
159,231,79,143,188,50
159,231,87,145,189,58
159,231,95,147,190,65
159,231,103,149,192,72
159,231,111,151,194,80
159,231,119,152,196,87
159,231,127,154,197,94
159,231,135,155,200,101
159,231,143,157,202,107
159,231,151,158,204,114
159,231,159,159,206,120
159,231,167,160,208,127
159,231,175,160,210,133
159,231,183,160,212,140
159,231,191,159,213,147
159,231,199,159,215,154
159,231,207,158,217,162
159,231,215,157,220,173
159,231,223,156,223,184
159,231,231,156,227,197
159,231,239,155,230,212
159,231,247,154,229,228
159,231,255,154,223,242
159,239,0,132,197,14
159,239,7,129,192,14
159,239,15,127,189,15
159,239,23,128,189,16
159,239,31,129,188,17
159,239,39,130,188,18
159,239,47,132,189,22
159,239,55,134,189,27
159,239,63,136,190,34
159,239,71,139,191,41
159,239,79,141,192,48
159,239,87,143,193,56
159,239,95,146,194,63
159,239,103,148,195,70
159,239,111,149,197,78
159,239,119,151,199,85
159,239,127,153,201,92
159,239,135,154,203,99
159,239,143,156,205,106
159,239,151,157,208,112
159,239,159,158,209,118
159,239,167,159,212,125
159,239,175,160,214,132
159,239,183,160,216,138
159,239,191,160,218,145
159,239,199,159,220,152
159,239,207,159,224,160
159,239,215,158,227,169
159,239,223,158,230,180
159,239,231,156,236,193
159,239,239,155,239,208
159,239,247,155,239,225
159,239,255,155,234,241
159,247,0,129,206,13
159,247,7,128,203,14
159,247,15,127,201,15
159,247,23,128,201,16
159,247,31,129,200,17
159,247,39,131,200,19
159,247,47,132,200,23
159,247,55,134,200,28
159,247,63,137,200,34
159,247,71,139,200,40
159,247,79,141,201,48
159,247,87,144,202,55
159,247,95,146,202,62
159,247,103,148,203,69
159,247,111,150,205,76
159,247,119,151,206,83
159,247,127,153,208,90
159,247,135,154,210,97
159,247,143,156,212,104
159,247,151,157,214,110
159,247,159,158,216,117
159,247,167,159,218,124
159,247,175,160,221,130
159,247,183,161,223,137
159,247,191,161,225,144
159,247,199,161,228,151
159,247,207,161,232,159
159,247,215,159,235,169
159,247,223,159,239,179
159,247,231,158,244,191
159,247,239,158,247,206
159,247,247,157,247,221
159,247,255,157,244,240
159,255,0,126,217,11
159,255,7,127,217,12
159,255,15,128,218,13
159,255,23,130,219,16
159,255,31,132,219,19
159,255,39,134,220,22
159,255,47,136,220,27
159,255,55,138,220,32
159,255,63,140,221,37
159,255,71,142,221,43
159,255,79,145,221,49
159,255,87,147,222,55
159,255,95,149,222,62
159,255,103,151,223,69
159,255,111,152,224,75
159,255,119,154,225,82
159,255,127,155,226,89
159,255,135,157,227,96
159,255,143,158,229,103
159,255,151,159,230,109
159,255,159,161,232,116
159,255,167,161,233,123
159,255,175,162,235,130
159,255,183,163,238,138
159,255,191,163,240,146
159,255,199,164,242,154
159,255,207,164,244,163
159,255,215,164,247,173
159,255,223,163,249,184
159,255,231,162,251,196
159,255,239,161,253,209
159,255,247,160,254,224
159,255,255,159,255,239
167,0,0,140,8,8
167,0,7,142,10,15
167,0,15,143,11,23
167,0,23,145,12,31
167,0,31,146,13,39
167,0,39,146,14,47
167,0,47,146,14,56
167,0,55,146,15,64
167,0,63,145,15,72
167,0,71,144,15,81
167,0,79,143,15,90
167,0,87,141,15,99
167,0,95,139,16,108
167,0,103,137,16,117
167,0,111,135,16,126
167,0,119,133,16,135
167,0,127,131,16,145
167,0,135,128,16,155
167,0,143,126,16,165
167,0,151,124,17,175
167,0,159,122,17,185
167,0,167,119,17,194
167,0,175,117,18,204
167,0,183,115,18,213
167,0,191,113,19,221
167,0,199,111,19,229
167,0,207,109,20,236
167,0,215,107,20,242
167,0,223,105,21,247
167,0,231,103,21,251
167,0,239,101,21,253
167,0,247,99,21,254
167,0,255,98,21,255
167,7,0,139,12,9
167,7,7,142,15,17
167,7,15,144,18,26
167,7,23,145,19,34
167,7,31,146,20,41
167,7,39,147,21,49
167,7,47,147,22,57
167,7,55,147,23,65
167,7,63,146,23,73
167,7,71,146,24,81
167,7,79,145,24,89
167,7,87,144,24,97
167,7,95,143,25,105
167,7,103,142,25,113
167,7,111,140,26,122
167,7,119,138,26,131
167,7,127,137,27,140
167,7,135,135,27,150
167,7,143,133,28,162
167,7,151,130,28,175
167,7,159,128,28,189
167,7,167,125,28,204
167,7,175,122,28,217
167,7,183,119,28,226
167,7,191,115,28,232
167,7,199,111,27,236
167,7,207,107,27,240
167,7,215,104,27,244
167,7,223,102,26,248
167,7,231,100,26,251
167,7,239,98,26,252
167,7,247,97,26,253
167,7,255,97,26,254
167,15,0,138,17,9
167,15,7,141,21,19
167,15,15,144,24,28
167,15,23,146,25,35
167,15,31,146,26,42
167,15,39,147,27,49
167,15,47,147,28,57
167,15,55,147,28,64
167,15,63,147,29,72
167,15,71,147,30,80
167,15,79,146,30,88
167,15,87,146,30,95
167,15,95,145,31,103
167,15,103,144,31,111
167,15,111,143,32,119
167,15,119,141,33,128
167,15,127,140,34,138
167,15,135,138,34,147
167,15,143,136,35,158
167,15,151,134,35,173
167,15,159,132,36,190
167,15,167,129,36,208
167,15,175,126,35,223
167,15,183,121,35,233
167,15,191,117,34,237
167,15,199,112,33,239
167,15,207,107,32,241
167,15,215,103,32,244
167,15,223,100,31,248
167,15,231,98,31,251
167,15,239,97,31,252
167,15,247,96,31,253
167,15,255,97,31,254
167,23,0,138,22,10
167,23,7,141,25,19
167,23,15,144,28,28
167,23,23,145,29,35
167,23,31,146,30,42
167,23,39,147,31,48
167,23,47,147,31,56
167,23,55,147,32,63
167,23,63,147,33,71
167,23,71,147,33,79
167,23,79,147,34,87
167,23,87,146,34,94
167,23,95,146,35,102
167,23,103,145,35,110
167,23,111,144,36,118
167,23,119,142,37,126
167,23,127,141,38,136
167,23,135,139,38,145
167,23,143,138,39,156
167,23,151,136,39,170
167,23,159,133,40,187
167,23,167,131,40,207
167,23,175,128,39,223
167,23,183,123,39,234
167,23,191,118,38,237
167,23,199,113,37,239
167,23,207,107,36,241
167,23,215,103,36,244
167,23,223,100,36,248
167,23,231,98,35,250
167,23,239,96,35,251
167,23,247,96,36,252
167,23,255,98,36,253
167,31,0,138,27,10
167,31,7,141,30,19
167,31,15,143,32,27
167,31,23,145,33,34
167,31,31,146,34,41
167,31,39,147,35,48
167,31,47,147,36,55
167,31,55,148,37,62
167,31,63,148,38,70
167,31,71,148,38,78
167,31,79,148,39,85
167,31,87,147,39,93
167,31,95,147,40,100
167,31,103,146,40,108
167,31,111,145,41,116
167,31,119,144,42,125
167,31,127,143,42,134
167,31,135,141,43,143
167,31,143,139,43,155
167,31,151,137,44,169
167,31,159,135,44,185
167,31,167,133,45,204
167,31,175,130,44,221
167,31,183,125,44,233
167,31,191,120,43,237
167,31,199,114,42,240
167,31,207,108,41,242
167,31,215,104,40,244
167,31,223,100,40,247
167,31,231,98,40,250
167,31,239,97,40,251
167,31,247,96,40,252
167,31,255,98,40,253
167,39,0,138,33,11
167,39,7,141,34,18
167,39,15,143,36,26
167,39,23,145,37,33
167,39,31,146,38,40
167,39,39,147,39,47
167,39,47,148,40,54
167,39,55,148,41,61
167,39,63,148,42,69
167,39,71,149,43,77
167,39,79,148,43,84
167,39,87,148,44,91
167,39,95,148,45,99
167,39,103,147,45,107
167,39,111,146,45,114
167,39,119,145,46,123
167,39,127,144,47,132
167,39,135,142,47,141
167,39,143,141,48,152
167,39,151,139,48,165
167,39,159,137,49,181
167,39,167,135,49,201
167,39,175,132,49,219
167,39,183,128,49,232
167,39,191,122,48,238
167,39,199,115,46,240
167,39,207,109,45,242
167,39,215,104,44,243
167,39,223,101,44,247
167,39,231,99,43,249
167,39,239,97,44,250
167,39,247,97,44,251
167,39,255,99,45,252
167,47,0,138,38,11
167,47,7,141,39,17
167,47,15,143,40,25
167,47,23,144,42,32
167,47,31,146,43,39
167,47,39,147,44,46
167,47,47,148,45,53
167,47,55,148,46,60
167,47,63,149,47,68
167,47,71,149,48,75
167,47,79,149,49,83
167,47,87,149,49,90
167,47,95,148,50,97
167,47,103,148,50,105
167,47,111,147,50,113
167,47,119,146,51,121
167,47,127,145,51,130
167,47,135,143,52,139
167,47,143,142,52,149
167,47,151,140,53,161
167,47,159,139,54,177
167,47,167,137,54,196
167,47,175,134,54,215
167,47,183,130,54,230
167,47,191,124,53,237
167,47,199,117,51,241
167,47,207,111,49,242
167,47,215,105,48,243
167,47,223,103,48,247
167,47,231,100,48,249
167,47,239,98,48,250
167,47,247,98,48,251
167,47,255,99,49,252
167,55,0,139,44,11
167,55,7,141,44,16
167,55,15,142,45,23
167,55,23,144,47,31
167,55,31,145,48,38
167,55,39,147,49,45
167,55,47,148,51,52
167,55,55,149,52,59
167,55,63,149,53,66
167,55,71,150,54,74
167,55,79,150,54,81
167,55,87,150,55,89
167,55,95,149,55,96
167,55,103,149,55,103
167,55,111,148,56,111
167,55,119,147,56,119
167,55,127,146,57,128
167,55,135,144,57,136
167,55,143,143,58,146
167,55,151,142,58,157
167,55,159,140,59,171
167,55,167,139,59,189
167,55,175,136,60,209
167,55,183,133,59,226
167,55,191,127,58,236
167,55,199,120,56,241
167,55,207,114,54,243
167,55,215,108,53,244
167,55,223,105,53,246
167,55,231,103,52,249
167,55,239,101,52,250
167,55,247,100,53,251
167,55,255,101,53,252
167,63,0,140,50,12
167,63,7,141,50,15
167,63,15,142,51,21
167,63,23,144,52,29
167,63,31,145,54,36
167,63,39,147,55,43
167,63,47,148,57,50
167,63,55,149,58,57
167,63,63,150,59,65
167,63,71,150,60,72
167,63,79,150,61,80
167,63,87,150,61,87
167,63,95,150,62,94
167,63,103,149,62,102
167,63,111,149,62,109
167,63,119,148,62,117
167,63,127,147,63,125
167,63,135,145,63,134
167,63,143,144,64,144
167,63,151,143,65,154
167,63,159,142,65,167
167,63,167,140,66,182
167,63,175,138,66,201
167,63,183,135,65,220
167,63,191,130,64,233
167,63,199,124,62,241
167,63,207,118,60,243
167,63,215,112,59,244
167,63,223,109,58,247
167,63,231,107,58,249
167,63,239,105,58,250
167,63,247,103,58,251
167,63,255,102,57,252
167,71,0,141,56,12
167,71,7,141,56,14
167,71,15,142,57,20
167,71,23,144,58,27
167,71,31,145,60,35
167,71,39,147,61,42
167,71,47,148,63,49
167,71,55,149,64,56
167,71,63,150,66,63
167,71,71,151,67,71
167,71,79,151,67,78
167,71,87,151,68,86
167,71,95,151,68,93
167,71,103,150,68,100
167,71,111,149,69,107
167,71,119,148,69,114
167,71,127,147,69,123
167,71,135,146,70,132
167,71,143,145,70,141
167,71,151,144,71,151
167,71,159,143,71,163
167,71,167,142,72,176
167,71,175,140,72,194
167,71,183,138,71,213
167,71,191,133,70,229
167,71,199,128,68,240
167,71,207,122,66,245
167,71,215,116,65,246
167,71,223,113,64,247
167,71,231,110,64,248
167,71,239,108,63,250
167,71,247,106,63,251
167,71,255,104,62,252
167,79,0,142,62,12
167,79,7,141,62,13
167,79,15,142,63,18
167,79,23,144,64,26
167,79,31,146,66,33
167,79,39,147,68,40
167,79,47,149,69,48
167,79,55,150,71,55
167,79,63,151,72,62
167,79,71,151,73,69
167,79,79,151,74,77
167,79,87,151,75,84
167,79,95,151,75,91
167,79,103,151,75,98
167,79,111,150,75,105
167,79,119,149,76,112
167,79,127,148,76,120
167,79,135,147,76,129
167,79,143,146,77,138
167,79,151,145,77,147
167,79,159,144,78,158
167,79,167,143,78,170
167,79,175,142,78,187
167,79,183,140,78,205
167,79,191,137,77,222
167,79,199,132,75,236
167,79,207,126,73,244
167,79,215,121,71,246
167,79,223,117,70,247
167,79,231,115,69,248
167,79,239,112,69,249
167,79,247,110,68,250
167,79,255,106,67,251
167,87,0,143,69,12
167,87,7,142,68,12
167,87,15,142,69,16
167,87,23,144,71,24
167,87,31,146,72,31
167,87,39,147,74,39
167,87,47,149,76,46
167,87,55,150,77,54
167,87,63,151,79,61
167,87,71,152,80,68
167,87,79,152,81,75
167,87,87,152,81,83
167,87,95,151,82,90
167,87,103,151,82,97
167,87,111,150,82,103
167,87,119,149,82,110
167,87,127,149,83,118
167,87,135,148,83,126
167,87,143,147,83,135
167,87,151,146,83,144
167,87,159,145,84,154
167,87,167,144,84,165
167,87,175,143,84,180
167,87,183,142,84,197
167,87,191,139,83,215
167,87,199,135,82,231
167,87,207,131,79,242
167,87,215,126,78,246
167,87,223,122,76,247
167,87,231,119,76,248
167,87,239,117,75,249
167,87,247,113,74,250
167,87,255,108,72,251
167,95,0,144,75,11
167,95,7,142,74,11
167,95,15,143,75,15
167,95,23,145,77,22
167,95,31,146,78,29
167,95,39,148,80,37
167,95,47,149,82,45
167,95,55,151,84,53
167,95,63,152,85,60
167,95,71,152,86,67
167,95,79,152,87,74
167,95,87,152,87,81
167,95,95,152,88,88
167,95,103,151,88,95
167,95,111,150,88,102
167,95,119,150,88,108
167,95,127,149,89,116
167,95,135,148,89,124
167,95,143,147,89,132
167,95,151,147,89,141
167,95,159,146,90,151
167,95,167,145,90,161
167,95,175,144,90,175
167,95,183,143,90,190
167,95,191,141,90,207
167,95,199,138,88,224
167,95,207,134,86,238
167,95,215,130,84,246
167,95,223,126,83,248
167,95,231,123,82,249
167,95,239,121,81,250
167,95,247,117,80,251
167,95,255,111,77,252
167,103,0,145,82,10
167,103,7,143,81,11
167,103,15,143,81,14
167,103,23,145,83,21
167,103,31,147,84,28
167,103,39,148,86,36
167,103,47,150,88,44
167,103,55,151,90,52
167,103,63,152,91,59
167,103,71,153,92,66
167,103,79,153,93,73
167,103,87,153,93,80
167,103,95,151,94,87
167,103,103,150,94,94
167,103,111,150,94,100
167,103,119,149,95,107
167,103,127,148,95,114
167,103,135,148,95,121
167,103,143,148,95,129
167,103,151,147,96,137
167,103,159,147,96,147
167,103,167,146,96,156
167,103,175,145,96,169
167,103,183,144,96,183
167,103,191,143,96,200
167,103,199,141,95,218
167,103,207,138,93,233
167,103,215,134,91,244
167,103,223,130,90,248
167,103,231,127,89,249
167,103,239,125,88,250
167,103,247,121,86,251
167,103,255,114,83,252
167,111,0,146,88,9
167,111,7,144,87,10
167,111,15,144,87,13
167,111,23,146,89,19
167,111,31,147,90,27
167,111,39,149,92,35
167,111,47,151,94,43
167,111,55,152,96,51
167,111,63,153,97,58
167,111,71,153,98,65
167,111,79,153,99,72
167,111,87,152,99,79
167,111,95,152,100,86
167,111,103,151,100,93
167,111,111,150,100,100
167,111,119,149,100,106
167,111,127,149,101,113
167,111,135,148,101,119
167,111,143,147,101,127
167,111,151,147,101,135
167,111,159,147,102,144
167,111,167,146,102,152
167,111,175,146,102,163
167,111,183,145,102,177
167,111,191,144,102,192
167,111,199,143,101,211
167,111,207,141,100,228
167,111,215,138,98,241
167,111,223,134,97,248
167,111,231,131,95,249
167,111,239,129,95,250
167,111,247,125,93,251
167,111,255,117,90,252
167,119,0,147,95,9
167,119,7,144,93,9
167,119,15,144,93,12
167,119,23,146,95,18
167,119,31,147,96,25
167,119,39,149,98,33
167,119,47,151,100,42
167,119,55,153,101,50
167,119,63,153,103,57
167,119,71,154,104,64
167,119,79,154,104,71
167,119,87,153,105,78
167,119,95,152,105,85
167,119,103,152,106,93
167,119,111,151,106,99
167,119,119,150,106,105
167,119,127,149,106,112
167,119,135,148,107,119
167,119,143,148,107,126
167,119,151,147,107,132
167,119,159,147,108,141
167,119,167,147,108,149
167,119,175,147,108,159
167,119,183,146,108,171
167,119,191,146,108,186
167,119,199,145,108,203
167,119,207,143,107,221
167,119,215,141,105,237
167,119,223,138,104,247
167,119,231,135,102,249
167,119,239,132,102,250
167,119,247,129,100,251
167,119,255,120,97,252
167,127,0,148,102,8
167,127,7,144,99,9
167,127,15,144,99,11
167,127,23,146,101,16
167,127,31,147,102,24
167,127,39,149,104,32
167,127,47,151,106,40
167,127,55,153,107,49
167,127,63,154,109,56
167,127,71,155,110,63
167,127,79,155,110,70
167,127,87,154,111,77
167,127,95,153,112,84
167,127,103,153,112,92
167,127,111,152,112,98
167,127,119,151,112,104
167,127,127,150,113,110
167,127,135,149,114,117
167,127,143,148,114,124
167,127,151,148,113,131
167,127,159,148,114,139
167,127,167,147,114,147
167,127,175,147,114,157
167,127,183,147,114,167
167,127,191,147,114,180
167,127,199,146,114,196
167,127,207,145,113,214
167,127,215,143,112,232
167,127,223,141,111,244
167,127,231,138,109,249
167,127,239,136,108,251
167,127,247,132,107,252
167,127,255,124,105,253
167,135,0,149,109,8
167,135,7,145,106,9
167,135,15,144,105,10
167,135,23,146,107,15
167,135,31,148,108,22
167,135,39,150,110,30
167,135,47,152,112,39
167,135,55,154,114,48
167,135,63,155,115,54
167,135,71,156,116,62
167,135,79,156,117,69
167,135,87,156,117,76
167,135,95,154,118,83
167,135,103,153,118,91
167,135,111,152,118,97
167,135,119,151,118,103
167,135,127,150,120,109
167,135,135,149,120,115
167,135,143,148,120,121
167,135,151,148,120,129
167,135,159,149,120,137
167,135,167,148,120,145
167,135,175,148,120,155
167,135,183,148,121,164
167,135,191,148,121,176
167,135,199,148,121,190
167,135,207,147,120,209
167,135,215,146,119,227
167,135,223,144,118,241
167,135,231,141,116,250
167,135,239,140,115,251
167,135,247,136,114,252
167,135,255,127,112,253
167,143,0,150,116,8
167,143,7,145,112,8
167,143,15,144,111,9
167,143,23,146,113,14
167,143,31,148,115,21
167,143,39,150,117,29
167,143,47,153,119,38
167,143,55,155,121,47
167,143,63,156,122,53
167,143,71,157,123,61
167,143,79,157,124,68
167,143,87,157,124,76
167,143,95,156,125,82
167,143,103,155,125,90
167,143,111,154,125,96
167,143,119,153,125,102
167,143,127,151,126,108
167,143,135,150,126,114
167,143,143,150,126,120
167,143,151,149,127,127
167,143,159,149,127,135
167,143,167,149,127,143
167,143,175,149,127,152
167,143,183,149,127,163
167,143,191,149,127,173
167,143,199,148,127,186
167,143,207,149,127,204
167,143,215,148,126,223
167,143,223,146,125,238
167,143,231,144,124,249
167,143,239,143,123,252
167,143,247,139,121,253
167,143,255,131,120,254
167,151,0,151,122,8
167,151,7,145,118,9
167,151,15,144,117,10
167,151,23,146,119,13
167,151,31,148,121,19
167,151,39,150,123,28
167,151,47,153,125,37
167,151,55,155,127,46
167,151,63,156,129,52
167,151,71,158,130,60
167,151,79,158,131,67
167,151,87,158,132,75
167,151,95,158,132,82
167,151,103,157,132,89
167,151,111,156,132,96
167,151,119,155,132,102
167,151,127,153,132,108
167,151,135,152,133,113
167,151,143,151,133,119
167,151,151,151,134,126
167,151,159,151,134,133
167,151,167,150,134,141
167,151,175,150,134,150
167,151,183,150,134,160
167,151,191,150,134,172
167,151,199,150,134,182
167,151,207,150,134,199
167,151,215,150,134,218
167,151,223,149,133,235
167,151,231,147,131,247
167,151,239,146,130,252
167,151,247,143,129,254
167,151,255,134,127,255
167,159,0,152,129,8
167,159,7,145,124,9
167,159,15,144,123,10
167,159,23,146,125,12
167,159,31,147,127,18
167,159,39,150,129,26
167,159,47,153,132,35
167,159,55,155,134,44
167,159,63,157,136,51
167,159,71,158,137,59
167,159,79,159,138,67
167,159,87,160,139,74
167,159,95,160,139,81
167,159,103,158,140,88
167,159,111,158,140,94
167,159,119,157,140,101
167,159,127,156,140,107
167,159,135,154,140,113
167,159,143,153,141,119
167,159,151,153,141,125
167,159,159,151,141,131
167,159,167,151,141,139
167,159,175,152,142,147
167,159,183,152,142,157
167,159,191,152,141,168
167,159,199,152,142,180
167,159,207,152,142,195
167,159,215,151,141,213
167,159,223,152,141,231
167,159,231,150,139,244
167,159,239,149,138,252
167,159,247,146,137,254
167,159,255,137,135,255
167,167,0,152,135,9
167,167,7,145,130,9
167,167,15,143,129,10
167,167,23,145,131,12
167,167,31,147,133,17
167,167,39,149,136,24
167,167,47,152,139,33
167,167,55,155,141,43
167,167,63,157,143,50
167,167,71,159,144,58
167,167,79,160,146,66
167,167,87,161,146,73
167,167,95,161,147,81
167,167,103,161,147,88
167,167,111,159,148,94
167,167,119,159,148,101
167,167,127,158,148,107
167,167,135,156,148,113
167,167,143,155,148,118
167,167,151,155,149,124
167,167,159,153,149,130
167,167,167,153,149,138
167,167,175,153,149,145
167,167,183,152,150,154
167,167,191,154,150,165
167,167,199,153,149,177
167,167,207,153,149,192
167,167,215,153,149,208
167,167,223,153,149,225
167,167,231,152,148,241
167,167,239,152,147,251
167,167,247,149,145,255
167,167,255,140,143,255
167,175,0,152,140,9
167,175,7,145,136,10
167,175,15,143,135,11
167,175,23,144,137,12
167,175,31,146,139,16
167,175,39,149,142,23
167,175,47,152,145,32
167,175,55,155,147,41
167,175,63,157,149,49
167,175,71,159,151,57
167,175,79,160,153,64
167,175,87,161,154,72
167,175,95,162,155,80
167,175,103,162,155,87
167,175,111,162,156,93
167,175,119,161,156,100
167,175,127,160,156,106
167,175,135,159,156,112
167,175,143,157,157,118
167,175,151,157,157,124
167,175,159,157,158,130
167,175,167,155,158,137
167,175,175,155,158,144
167,175,183,154,159,152
167,175,191,154,159,162
167,175,199,155,159,173
167,175,207,155,158,188
167,175,215,155,158,205
167,175,223,155,158,222
167,175,231,154,157,237
167,175,239,154,156,249
167,175,247,151,154,254
167,175,255,143,152,255
167,183,0,151,146,10
167,183,7,144,141,11
167,183,15,142,141,12
167,183,23,143,143,13
167,183,31,145,145,16
167,183,39,147,148,22
167,183,47,150,150,30
167,183,55,153,153,39
167,183,63,156,155,47
167,183,71,158,157,55
167,183,79,160,159,63
167,183,87,161,161,71
167,183,95,162,162,78
167,183,103,163,163,86
167,183,111,163,164,93
167,183,119,163,164,99
167,183,127,162,165,105
167,183,135,161,165,111
167,183,143,161,165,118
167,183,151,159,166,123
167,183,159,159,166,129
167,183,167,159,167,136
167,183,175,157,168,143
167,183,183,157,168,151
167,183,191,156,168,160
167,183,199,156,169,170
167,183,207,157,169,184
167,183,215,157,168,200
167,183,223,156,167,217
167,183,231,156,166,234
167,183,239,156,166,246
167,183,247,153,164,254
167,183,255,147,161,255
167,191,0,150,152,11
167,191,7,143,147,11
167,191,15,141,147,12
167,191,23,142,149,13
167,191,31,144,150,15
167,191,39,146,153,21
167,191,47,149,156,29
167,191,55,152,158,37
167,191,63,154,161,46
167,191,71,157,163,53
167,191,79,159,165,61
167,191,87,160,166,69
167,191,95,162,168,77
167,191,103,163,169,84
167,191,111,164,171,91
167,191,119,164,172,98
167,191,127,164,172,104
167,191,135,163,173,110
167,191,143,162,174,116
167,191,151,162,174,123
167,191,159,161,174,129
167,191,167,160,175,136
167,191,175,160,175,142
167,191,183,159,177,149
167,191,191,159,178,158
167,191,199,158,178,167
167,191,207,158,179,180
167,191,215,159,177,195
167,191,223,158,177,211
167,191,231,157,177,228
167,191,239,158,176,242
167,191,247,155,175,252
167,191,255,149,171,254
167,199,0,149,158,11
167,199,7,142,154,12
167,199,15,140,153,13
167,199,23,141,155,14
167,199,31,142,156,16
167,199,39,144,158,20
167,199,47,147,161,27
167,199,55,150,164,35
167,199,63,153,166,44
167,199,71,155,168,52
167,199,79,157,170,59
167,199,87,159,172,67
167,199,95,161,174,75
167,199,103,162,176,82
167,199,111,164,178,90
167,199,119,164,179,97
167,199,127,165,180,103
167,199,135,165,181,109
167,199,143,164,182,115
167,199,151,164,183,121
167,199,159,163,183,128
167,199,167,162,183,135
167,199,175,162,184,141
167,199,183,162,184,148
167,199,191,161,187,155
167,199,199,160,187,164
167,199,207,160,188,175
167,199,215,159,189,188
167,199,223,159,187,205
167,199,231,159,187,221
167,199,239,158,187,237
167,199,247,157,186,248
167,199,255,151,181,250
167,207,0,148,165,12
167,207,7,141,160,13
167,207,15,139,159,14
167,207,23,140,160,15
167,207,31,141,162,16
167,207,39,143,164,19
167,207,47,145,166,25
167,207,55,148,168,33
167,207,63,150,170,41
167,207,71,153,173,49
167,207,79,155,175,57
167,207,87,157,177,65
167,207,95,159,179,73
167,207,103,161,181,80
167,207,111,163,183,88
167,207,119,164,185,95
167,207,127,164,186,101
167,207,135,165,188,108
167,207,143,166,189,114
167,207,151,165,190,120
167,207,159,164,190,126
167,207,167,164,191,134
167,207,175,163,192,140
167,207,183,163,193,147
167,207,191,162,193,154
167,207,199,162,194,162
167,207,207,161,196,171
167,207,215,161,197,184
167,207,223,161,197,198
167,207,231,160,197,215
167,207,239,160,198,231
167,207,247,158,196,243
167,207,255,154,191,248
167,215,0,146,172,13
167,215,7,140,167,14
167,215,15,138,165,15
167,215,23,139,166,16
167,215,31,140,167,17
167,215,39,141,169,19
167,215,47,143,170,24
167,215,55,146,172,31
167,215,63,148,174,39
167,215,71,151,176,47
167,215,79,153,179,55
167,215,87,155,181,63
167,215,95,157,182,70
167,215,103,159,185,78
167,215,111,161,187,86
167,215,119,162,189,93
167,215,127,163,190,100
167,215,135,165,192,106
167,215,143,165,194,113
167,215,151,166,196,119
167,215,159,166,196,125
167,215,167,165,198,132
167,215,175,165,199,138
167,215,183,165,200,146
167,215,191,164,201,152
167,215,199,163,202,160
167,215,207,162,204,169
167,215,215,162,205,179
167,215,223,162,206,193
167,215,231,161,207,209
167,215,239,161,208,226
167,215,247,159,207,239
167,215,255,156,201,246
167,223,0,144,179,14
167,223,7,139,175,15
167,223,15,137,173,16
167,223,23,137,173,17
167,223,31,138,173,18
167,223,39,140,175,19
167,223,47,142,176,24
167,223,55,144,178,30
167,223,63,147,179,38
167,223,71,149,181,45
167,223,79,152,183,53
167,223,87,154,185,61
167,223,95,156,186,68
167,223,103,158,189,76
167,223,111,160,191,83
167,223,119,161,193,91
167,223,127,162,194,98
167,223,135,164,196,105
167,223,143,165,199,111
167,223,151,166,200,117
167,223,159,166,201,124
167,223,167,167,203,130
167,223,175,166,205,137
167,223,183,166,206,143
167,223,191,165,207,151
167,223,199,164,209,159
167,223,207,164,211,167
167,223,215,163,213,177
167,223,223,163,215,190
167,223,231,162,217,205
167,223,239,162,218,220
167,223,247,161,217,235
167,223,255,158,211,245
167,231,0,142,188,14
167,231,7,138,183,15
167,231,15,136,180,16
167,231,23,136,180,17
167,231,31,137,181,18
167,231,39,139,181,19
167,231,47,141,183,23
167,231,55,143,184,29
167,231,63,145,185,36
167,231,71,148,187,44
167,231,79,150,189,52
167,231,87,153,190,59
167,231,95,155,192,66
167,231,103,157,194,74
167,231,111,159,196,82
167,231,119,160,197,89
167,231,127,162,199,96
167,231,135,163,202,103
167,231,143,165,204,110
167,231,151,166,206,116
167,231,159,166,207,122
167,231,167,167,209,129
167,231,175,167,211,136
167,231,183,166,213,142
167,231,191,166,214,149
167,231,199,166,216,156
167,231,207,165,218,165
167,231,215,164,220,175
167,231,223,163,223,186
167,231,231,163,226,199
167,231,239,162,229,215
167,231,247,161,228,230
167,231,255,160,222,243
167,239,0,139,196,13
167,239,7,136,192,14
167,239,15,135,189,15
167,239,23,135,189,16
167,239,31,136,189,17
167,239,39,138,189,18
167,239,47,139,189,22
167,239,55,142,190,28
167,239,63,144,191,35
167,239,71,147,192,42
167,239,79,149,193,50
167,239,87,152,194,57
167,239,95,154,195,65
167,239,103,156,197,72
167,239,111,158,199,80
167,239,119,159,201,87
167,239,127,161,203,94
167,239,135,163,205,101
167,239,143,164,207,108
167,239,151,165,209,115
167,239,159,166,211,121
167,239,167,167,213,128
167,239,175,168,215,134
167,239,183,168,217,140
167,239,191,167,219,147
167,239,199,166,221,154
167,239,207,166,224,162
167,239,215,165,227,171
167,239,223,164,231,183
167,239,231,163,235,196
167,239,239,163,238,211
167,239,247,162,237,227
167,239,255,162,233,242
167,247,0,136,206,13
167,247,7,135,203,13
167,247,15,134,201,14
167,247,23,135,201,15
167,247,31,136,201,17
167,247,39,138,200,19
167,247,47,140,200,23
167,247,55,142,200,28
167,247,63,144,201,35
167,247,71,147,201,42
167,247,79,149,202,49
167,247,87,152,203,56
167,247,95,154,203,63
167,247,103,156,205,71
167,247,111,158,206,78
167,247,119,160,208,85
167,247,127,161,210,93
167,247,135,163,212,100
167,247,143,164,214,106
167,247,151,166,216,113
167,247,159,167,218,120
167,247,167,167,220,126
167,247,175,168,222,133
167,247,183,168,224,140
167,247,191,168,226,147
167,247,199,168,229,154
167,247,207,167,232,162
167,247,215,167,235,171
167,247,223,166,239,182
167,247,231,166,243,194
167,247,239,164,246,210
167,247,247,164,246,226
167,247,255,163,243,241
167,255,0,133,217,11
167,255,7,134,217,11
167,255,15,135,218,13
167,255,23,137,219,15
167,255,31,139,219,18
167,255,39,141,220,22
167,255,47,143,220,26
167,255,55,145,221,32
167,255,63,148,221,37
167,255,71,150,221,43
167,255,79,152,222,50
167,255,87,155,223,56
167,255,95,157,223,63
167,255,103,159,224,70
167,255,111,161,225,77
167,255,119,162,226,84
167,255,127,164,227,91
167,255,135,165,228,98
167,255,143,167,230,105
167,255,151,168,231,112
167,255,159,169,233,119
167,255,167,170,234,126
167,255,175,171,236,133
167,255,183,171,238,141
167,255,191,171,240,149
167,255,199,172,242,157
167,255,207,172,245,166
167,255,215,171,247,176
167,255,223,170,249,187
167,255,231,169,251,199
167,255,239,168,252,211
167,255,247,167,254,225
167,255,255,165,254,241
175,0,0,146,9,9
175,0,7,149,10,16
175,0,15,151,12,24
175,0,23,152,13,32
175,0,31,153,14,40
175,0,39,154,14,48
175,0,47,154,15,56
175,0,55,153,15,65
175,0,63,153,15,73
175,0,71,152,16,81
175,0,79,151,16,90
175,0,87,149,16,99
175,0,95,147,16,108
175,0,103,145,16,117
175,0,111,143,16,126
175,0,119,141,16,135
175,0,127,138,16,145
175,0,135,136,16,155
175,0,143,134,16,165
175,0,151,131,16,175
175,0,159,129,16,185
175,0,167,127,17,195
175,0,175,125,17,204
175,0,183,122,18,213
175,0,191,120,18,221
175,0,199,118,18,229
175,0,207,116,19,236
175,0,215,114,19,242
175,0,223,112,20,247
175,0,231,110,20,251
175,0,239,108,20,253
175,0,247,106,20,254
175,0,255,104,20,255
175,7,0,145,13,9
175,7,7,148,16,18
175,7,15,151,18,27
175,7,23,152,20,35
175,7,31,153,21,42
175,7,39,154,22,50
175,7,47,154,23,57
175,7,55,154,23,65
175,7,63,154,24,73
175,7,71,153,24,81
175,7,79,153,25,89
175,7,87,152,25,97
175,7,95,150,25,105
175,7,103,149,25,113
175,7,111,148,25,122
175,7,119,146,26,131
175,7,127,144,26,140
175,7,135,142,27,150
175,7,143,140,27,161
175,7,151,138,28,174
175,7,159,136,28,188
175,7,167,133,28,202
175,7,175,130,28,215
175,7,183,126,28,226
175,7,191,122,28,232
175,7,199,118,27,236
175,7,207,114,27,240
175,7,215,111,26,244
175,7,223,108,26,248
175,7,231,106,26,251
175,7,239,105,25,252
175,7,247,104,25,253
175,7,255,104,25,254
175,15,0,145,17,10
175,15,7,148,21,19
175,15,15,151,24,28
175,15,23,152,26,36
175,15,31,153,27,43
175,15,39,154,28,50
175,15,47,154,28,57
175,15,55,154,29,65
175,15,63,154,30,73
175,15,71,154,30,81
175,15,79,154,31,88
175,15,87,153,31,96
175,15,95,152,31,104
175,15,103,151,31,111
175,15,111,150,32,119
175,15,119,149,32,128
175,15,127,147,33,137
175,15,135,146,34,146
175,15,143,144,34,157
175,15,151,142,35,171
175,15,159,139,35,187
175,15,167,137,35,205
175,15,175,133,35,221
175,15,183,129,35,232
175,15,191,124,34,236
175,15,199,119,33,239
175,15,207,114,32,242
175,15,215,110,31,244
175,15,223,107,31,248
175,15,231,104,31,250
175,15,239,102,30,251
175,15,247,102,30,252
175,15,255,104,30,254
175,23,0,144,22,11
175,23,7,148,26,20
175,23,15,150,28,29
175,23,23,152,30,36
175,23,31,153,31,42
175,23,39,154,31,49
175,23,47,154,32,56
175,23,55,155,33,64
175,23,63,155,34,72
175,23,71,155,34,80
175,23,79,154,34,87
175,23,87,154,35,95
175,23,95,153,35,102
175,23,103,152,35,110
175,23,111,151,36,118
175,23,119,150,36,127
175,23,127,149,37,136
175,23,135,147,38,144
175,23,143,146,39,155
175,23,151,144,39,168
175,23,159,141,40,184
175,23,167,139,40,203
175,23,175,136,40,220
175,23,183,131,39,232
175,23,191,126,39,236
175,23,199,120,38,239
175,23,207,115,36,241
175,23,215,110,36,244
175,23,223,106,35,248
175,23,231,104,35,250
175,23,239,102,35,251
175,23,247,102,35,252
175,23,255,104,35,253
175,31,0,144,27,11
175,31,7,147,30,20
175,31,15,150,32,28
175,31,23,151,33,35
175,31,31,153,35,42
175,31,39,154,36,48
175,31,47,154,37,55
175,31,55,155,37,63
175,31,63,155,38,71
175,31,71,155,39,79
175,31,79,155,39,86
175,31,87,155,40,93
175,31,95,154,40,101
175,31,103,153,40,109
175,31,111,153,41,117
175,31,119,151,41,125
175,31,127,150,42,134
175,31,135,149,43,143
175,31,143,147,43,154
175,31,151,145,44,167
175,31,159,143,44,182
175,31,167,141,45,201
175,31,175,137,44,218
175,31,183,133,44,231
175,31,191,128,44,237
175,31,199,122,42,240
175,31,207,116,41,242
175,31,215,110,40,244
175,31,223,106,39,247
175,31,231,103,39,249
175,31,239,102,39,250
175,31,247,102,39,251
175,31,255,104,39,252
175,39,0,144,32,12
175,39,7,147,34,19
175,39,15,150,36,27
175,39,23,151,37,34
175,39,31,153,39,41
175,39,39,154,40,48
175,39,47,155,41,55
175,39,55,155,42,62
175,39,63,156,43,70
175,39,71,156,44,77
175,39,79,156,44,85
175,39,87,156,45,92
175,39,95,155,45,100
175,39,103,155,45,107
175,39,111,154,46,115
175,39,119,153,46,123
175,39,127,152,47,132
175,39,135,150,47,141
175,39,143,149,48,151
175,39,151,147,48,164
175,39,159,145,49,179
175,39,167,143,49,198
175,39,175,140,49,216
175,39,183,136,49,230
175,39,191,130,48,237
175,39,199,123,47,240
175,39,207,116,45,242
175,39,215,111,44,243
175,39,223,107,43,247
175,39,231,104,43,249
175,39,239,102,43,250
175,39,247,102,43,251
175,39,255,105,44,252
175,47,0,145,38,12
175,47,7,147,39,19
175,47,15,150,40,26
175,47,23,151,42,33
175,47,31,153,43,40
175,47,39,154,45,47
175,47,47,155,46,54
175,47,55,156,47,61
175,47,63,156,48,68
175,47,71,157,49,76
175,47,79,157,49,83
175,47,87,157,50,91
175,47,95,156,50,98
175,47,103,156,50,105
175,47,111,155,51,113
175,47,119,154,51,121
175,47,127,153,52,130
175,47,135,151,52,139
175,47,143,150,53,148
175,47,151,148,53,160
175,47,159,146,54,175
175,47,167,145,54,193
175,47,175,142,54,212
175,47,183,138,54,227
175,47,191,132,53,236
175,47,199,125,52,241
175,47,207,118,50,242
175,47,215,112,48,244
175,47,223,108,48,246
175,47,231,105,47,248
175,47,239,103,47,250
175,47,247,103,47,251
175,47,255,105,48,252
175,55,0,146,43,12
175,55,7,147,44,18
175,55,15,149,45,25
175,55,23,151,47,32
175,55,31,153,48,39
175,55,39,154,50,45
175,55,47,155,51,52
175,55,55,156,52,60
175,55,63,157,53,67
175,55,71,158,54,75
175,55,79,158,55,82
175,55,87,158,55,89
175,55,95,157,56,96
175,55,103,157,56,104
175,55,111,156,56,111
175,55,119,155,56,119
175,55,127,154,57,128
175,55,135,152,57,136
175,55,143,151,58,146
175,55,151,150,58,157
175,55,159,148,59,170
175,55,167,146,59,187
175,55,175,144,60,206
175,55,183,141,59,223
175,55,191,135,58,234
175,55,199,128,57,241
175,55,207,121,55,243
175,55,215,115,53,244
175,55,223,110,53,246
175,55,231,107,52,248
175,55,239,106,52,249
175,55,247,105,52,250
175,55,255,107,52,251
175,63,0,147,49,13
175,63,7,147,49,17
175,63,15,149,50,23
175,63,23,151,52,31
175,63,31,152,54,37
175,63,39,154,55,44
175,63,47,155,57,51
175,63,55,157,58,58
175,63,63,157,60,66
175,63,71,158,61,73
175,63,79,158,61,81
175,63,87,158,62,88
175,63,95,158,62,95
175,63,103,157,62,102
175,63,111,157,62,109
175,63,119,156,63,117
175,63,127,155,63,125
175,63,135,153,63,134
175,63,143,152,64,144
175,63,151,151,65,154
175,63,159,149,65,166
175,63,167,148,66,180
175,63,175,146,66,198
175,63,183,143,65,217
175,63,191,138,64,231
175,63,199,132,63,240
175,63,207,125,61,243
175,63,215,118,59,245
175,63,223,114,58,246
175,63,231,112,58,248
175,63,239,109,57,249
175,63,247,108,57,250
175,63,255,108,57,251
175,71,0,148,55,13
175,71,7,148,55,16
175,71,15,149,56,22
175,71,23,151,58,29
175,71,31,153,60,36
175,71,39,154,61,43
175,71,47,156,63,50
175,71,55,157,65,57
175,71,63,158,66,64
175,71,71,159,67,72
175,71,79,159,68,79
175,71,87,159,68,86
175,71,95,159,69,93
175,71,103,158,69,101
175,71,111,157,69,108
175,71,119,157,69,115
175,71,127,156,70,123
175,71,135,154,70,132
175,71,143,153,70,141
175,71,151,152,71,151
175,71,159,151,71,162
175,71,167,149,72,175
175,71,175,148,72,192
175,71,183,145,72,210
175,71,191,141,71,226
175,71,199,136,69,238
175,71,207,129,67,244
175,71,215,123,65,246
175,71,223,118,64,247
175,71,231,116,63,248
175,71,239,113,63,249
175,71,247,112,62,250
175,71,255,110,61,251
175,79,0,149,61,13
175,79,7,148,61,15
175,79,15,149,62,20
175,79,23,151,64,27
175,79,31,153,66,34
175,79,39,155,67,42
175,79,47,156,69,49
175,79,55,157,71,56
175,79,63,158,72,63
175,79,71,159,74,70
175,79,79,159,74,78
175,79,87,159,75,85
175,79,95,159,75,92
175,79,103,159,76,99
175,79,111,158,76,106
175,79,119,157,76,113
175,79,127,156,76,121
175,79,135,155,77,129
175,79,143,154,77,138
175,79,151,153,77,147
175,79,159,152,78,158
175,79,167,151,78,170
175,79,175,149,78,185
175,79,183,148,78,203
175,79,191,144,77,220
175,79,199,140,75,234
175,79,207,134,73,243
175,79,215,128,71,246
175,79,223,123,70,247
175,79,231,120,69,248
175,79,239,118,69,249
175,79,247,115,68,250
175,79,255,112,66,251
175,87,0,150,67,13
175,87,7,149,67,14
175,87,15,150,68,18
175,87,23,152,70,26
175,87,31,153,72,33
175,87,39,155,74,40
175,87,47,157,76,48
175,87,55,158,77,55
175,87,63,159,79,62
175,87,71,160,80,69
175,87,79,160,81,76
175,87,87,160,81,84
175,87,95,160,82,90
175,87,103,159,82,97
175,87,111,158,82,104
175,87,119,158,83,111
175,87,127,157,83,118
175,87,135,156,83,127
175,87,143,155,83,135
175,87,151,154,84,144
175,87,159,153,84,155
175,87,167,152,84,165
175,87,175,151,85,179
175,87,183,149,84,196
175,87,191,147,83,213
175,87,199,143,82,229
175,87,207,138,80,241
175,87,215,132,78,246
175,87,223,128,76,247
175,87,231,125,75,248
175,87,239,122,75,249
175,87,247,119,74,250
175,87,255,115,71,251
175,95,0,151,74,12
175,95,7,150,73,13
175,95,15,150,74,17
175,95,23,152,76,24
175,95,31,154,78,31
175,95,39,155,80,39
175,95,47,157,82,46
175,95,55,159,83,54
175,95,63,159,85,61
175,95,71,160,86,68
175,95,79,160,87,75
175,95,87,160,88,82
175,95,95,160,88,89
175,95,103,159,88,96
175,95,111,159,89,103
175,95,119,158,89,109
175,95,127,157,89,117
175,95,135,156,89,124
175,95,143,155,89,132
175,95,151,155,90,141
175,95,159,154,90,151
175,95,167,153,90,161
175,95,175,152,90,174
175,95,183,151,90,189
175,95,191,149,90,205
175,95,199,146,89,223
175,95,207,142,87,237
175,95,215,137,84,245
175,95,223,132,83,247
175,95,231,129,82,248
175,95,239,126,81,249
175,95,247,123,80,250
175,95,255,118,77,251
175,103,0,152,80,12
175,103,7,150,80,13
175,103,15,151,81,16
175,103,23,153,83,23
175,103,31,154,84,30
175,103,39,156,86,38
175,103,47,158,88,45
175,103,55,159,90,53
175,103,63,160,91,60
175,103,71,161,92,67
175,103,79,161,93,74
175,103,87,161,94,81
175,103,95,160,94,88
175,103,103,160,94,95
175,103,111,159,95,101
175,103,119,158,95,108
175,103,127,157,95,115
175,103,135,157,95,122
175,103,143,156,96,130
175,103,151,155,96,138
175,103,159,154,96,148
175,103,167,153,96,157
175,103,175,152,96,169
175,103,183,152,96,183
175,103,191,150,96,198
175,103,199,149,95,216
175,103,207,145,93,232
175,103,215,141,91,244
175,103,223,137,90,247
175,103,231,133,88,249
175,103,239,131,87,250
175,103,247,127,86,251
175,103,255,121,83,252
175,111,0,153,87,11
175,111,7,151,86,12
175,111,15,151,87,15
175,111,23,153,89,21
175,111,31,155,90,29
175,111,39,157,92,36
175,111,47,159,94,44
175,111,55,160,96,52
175,111,63,161,97,59
175,111,71,161,98,66
175,111,79,161,99,73
175,111,87,161,99,80
175,111,95,161,100,87
175,111,103,159,100,94
175,111,111,158,101,100
175,111,119,157,101,106
175,111,127,156,101,113
175,111,135,156,101,120
175,111,143,155,101,128
175,111,151,156,102,135
175,111,159,155,102,144
175,111,167,154,102,153
175,111,175,153,102,164
175,111,183,152,102,177
175,111,191,152,102,192
175,111,199,151,101,209
175,111,207,148,100,227
175,111,215,145,98,241
175,111,223,141,96,248
175,111,231,138,95,249
175,111,239,135,94,250
175,111,247,131,93,251
175,111,255,124,90,252
175,119,0,154,94,10
175,119,7,152,92,11
175,119,15,152,93,13
175,119,23,154,95,20
175,119,31,155,96,27
175,119,39,157,98,35
175,119,47,159,100,43
175,119,55,161,101,51
175,119,63,161,103,58
175,119,71,162,104,65
175,119,79,162,104,72
175,119,87,162,105,79
175,119,95,160,106,86
175,119,103,159,106,92
175,119,111,159,106,100
175,119,119,158,106,106
175,119,127,157,107,113
175,119,135,156,107,119
175,119,143,155,107,126
175,119,151,155,107,133
175,119,159,154,108,141
175,119,167,155,108,150
175,119,175,154,108,160
175,119,183,153,108,172
175,119,191,153,108,186
175,119,199,152,108,202
175,119,207,150,107,221
175,119,215,148,105,237
175,119,223,144,103,247
175,119,231,141,102,249
175,119,239,139,101,251
175,119,247,135,100,252
175,119,255,127,97,253
175,127,0,155,101,10
175,127,7,152,99,10
175,127,15,152,99,12
175,127,23,154,101,18
175,127,31,155,102,25
175,127,39,157,104,33
175,127,47,159,106,42
175,127,55,161,107,50
175,127,63,162,109,56
175,127,71,163,110,64
175,127,79,163,111,71
175,127,87,163,111,78
175,127,95,161,112,85
175,127,103,160,112,91
175,127,111,159,112,99
175,127,119,158,112,105
175,127,127,157,113,111
175,127,135,157,113,118
175,127,143,156,113,125
175,127,151,156,113,132
175,127,159,155,114,139
175,127,167,155,114,148
175,127,175,154,114,157
175,127,183,154,114,168
175,127,191,154,114,180
175,127,199,153,114,195
175,127,207,152,113,214
175,127,215,150,112,232
175,127,223,147,110,244
175,127,231,145,109,249
175,127,239,143,108,251
175,127,247,139,107,252
175,127,255,131,105,253
175,135,0,156,108,9
175,135,7,153,105,10
175,135,15,152,105,11
175,135,23,154,107,17
175,135,31,156,108,24
175,135,39,158,110,32
175,135,47,160,112,40
175,135,55,162,114,49
175,135,63,163,115,55
175,135,71,163,116,63
175,135,79,164,117,70
175,135,87,163,117,77
175,135,95,162,118,84
175,135,103,161,118,92
175,135,111,160,118,98
175,135,119,159,118,104
175,135,127,158,119,110
175,135,135,157,120,117
175,135,143,157,120,123
175,135,151,156,120,130
175,135,159,156,120,138
175,135,167,155,120,146
175,135,175,155,120,154
175,135,183,154,121,164
175,135,191,155,121,176
175,135,199,155,121,190
175,135,207,154,120,208
175,135,215,152,119,227
175,135,223,150,118,241
175,135,231,148,116,250
175,135,239,146,115,251
175,135,247,142,114,253
175,135,255,134,112,254
175,143,0,158,115,9
175,143,7,153,111,10
175,143,15,152,111,11
175,143,23,154,113,16
175,143,31,156,114,23
175,143,39,158,116,31
175,143,47,160,118,39
175,143,55,162,120,48
175,143,63,163,121,54
175,143,71,164,122,62
175,143,79,165,123,69
175,143,87,164,124,76
175,143,95,163,124,83
175,143,103,162,125,90
175,143,111,161,125,97
175,143,119,160,125,103
175,143,127,159,125,109
175,143,135,157,126,115
175,143,143,157,126,121
175,143,151,156,127,128
175,143,159,156,127,136
175,143,167,155,126,144
175,143,175,156,127,152
175,143,183,156,127,163
175,143,191,155,127,173
175,143,199,155,127,186
175,143,207,156,127,204
175,143,215,155,126,222
175,143,223,153,125,238
175,143,231,151,123,249
175,143,239,150,122,252
175,143,247,146,121,253
175,143,255,138,119,254
175,151,0,159,122,9
175,151,7,153,117,9
175,151,15,152,117,10
175,151,23,154,119,14
175,151,31,156,121,21
175,151,39,158,123,29
175,151,47,161,125,38
175,151,55,163,127,46
175,151,63,164,128,53
175,151,71,165,129,61
175,151,79,166,130,68
175,151,87,166,131,76
175,151,95,165,131,83
175,151,103,164,132,89
175,151,111,163,132,97
175,151,119,162,132,103
175,151,127,161,132,109
175,151,135,159,133,114
175,151,143,158,133,120
175,151,151,157,133,127
175,151,159,157,134,134
175,151,167,157,134,142
175,151,175,156,134,150
175,151,183,156,133,160
175,151,191,157,134,172
175,151,199,156,134,182
175,151,207,156,134,199
175,151,215,157,133,218
175,151,223,155,132,235
175,151,231,154,131,247
175,151,239,153,130,252
175,151,247,149,128,254
175,151,255,141,127,255
175,159,0,159,128,9
175,159,7,153,123,10
175,159,15,152,123,11
175,159,23,154,125,13
175,159,31,156,126,19
175,159,39,158,129,27
175,159,47,161,131,36
175,159,55,163,134,45
175,159,63,165,135,52
175,159,71,166,136,60
175,159,79,167,138,67
175,159,87,167,138,75
175,159,95,167,139,82
175,159,103,166,139,89
175,159,111,165,139,95
175,159,119,164,139,102
175,159,127,163,139,108
175,159,135,161,139,114
175,159,143,160,141,119
175,159,151,159,141,125
175,159,159,159,141,132
175,159,167,158,141,140
175,159,175,158,141,148
175,159,183,158,141,157
175,159,191,158,141,168
175,159,199,158,141,180
175,159,207,158,141,195
175,159,215,158,141,213
175,159,223,158,140,230
175,159,231,157,139,244
175,159,239,156,138,252
175,159,247,152,136,254
175,159,255,144,135,255
175,167,0,159,134,9
175,167,7,153,129,10
175,167,15,152,129,11
175,167,23,154,131,13
175,167,31,155,133,18
175,167,39,158,135,26
175,167,47,160,138,35
175,167,55,163,140,44
175,167,63,165,142,51
175,167,71,166,143,59
175,167,79,167,145,66
175,167,87,168,146,74
175,167,95,168,146,81
175,167,103,168,147,88
175,167,111,167,147,95
175,167,119,166,147,101
175,167,127,165,147,108
175,167,135,163,147,113
175,167,143,162,148,119
175,167,151,161,148,125
175,167,159,160,148,131
175,167,167,159,148,138
175,167,175,159,148,145
175,167,183,159,148,154
175,167,191,160,149,165
175,167,199,159,148,177
175,167,207,159,148,192
175,167,215,159,148,208
175,167,223,159,148,225
175,167,231,159,147,241
175,167,239,158,146,251
175,167,247,155,145,255
175,167,255,147,143,255
175,175,0,159,139,10
175,175,7,153,135,10
175,175,15,151,135,11
175,175,23,153,137,13
175,175,31,155,139,17
175,175,39,157,141,24
175,175,47,160,144,33
175,175,55,162,146,42
175,175,63,164,148,50
175,175,71,166,150,57
175,175,79,168,152,65
175,175,87,169,153,73
175,175,95,169,154,80
175,175,103,170,154,88
175,175,111,169,155,94
175,175,119,168,155,100
175,175,127,167,155,107
175,175,135,166,156,113
175,175,143,164,156,119
175,175,151,164,157,124
175,175,159,163,157,130
175,175,167,161,157,137
175,175,175,161,157,144
175,175,183,160,157,152
175,175,191,160,158,162
175,175,199,161,158,173
175,175,207,161,157,188
175,175,215,161,157,205
175,175,223,161,157,222
175,175,231,160,156,236
175,175,239,161,155,249
175,175,247,158,154,254
175,175,255,150,152,255
175,183,0,159,145,10
175,183,7,152,141,11
175,183,15,150,140,12
175,183,23,152,142,13
175,183,31,153,144,17
175,183,39,156,147,23
175,183,47,158,150,31
175,183,55,161,152,40
175,183,63,163,154,48
175,183,71,166,156,56
175,183,79,167,158,64
175,183,87,169,160,72
175,183,95,170,161,79
175,183,103,171,162,87
175,183,111,171,163,93
175,183,119,171,163,100
175,183,127,169,164,106
175,183,135,168,164,113
175,183,143,168,164,119
175,183,151,166,165,124
175,183,159,165,164,130
175,183,167,165,165,136
175,183,175,163,166,143
175,183,183,162,166,151
175,183,191,162,167,160
175,183,199,162,167,170
175,183,207,163,167,183
175,183,215,163,166,200
175,183,223,162,166,216
175,183,231,163,165,233
175,183,239,162,165,246
175,183,247,160,163,254
175,183,255,154,161,255
175,191,0,158,151,11
175,191,7,151,147,12
175,191,15,149,146,13
175,191,23,151,148,14
175,191,31,152,150,16
175,191,39,154,152,22
175,191,47,157,155,30
175,191,55,160,158,38
175,191,63,162,160,46
175,191,71,164,162,54
175,191,79,166,164,62
175,191,87,168,166,70
175,191,95,170,167,78
175,191,103,171,169,85
175,191,111,171,170,92
175,191,119,171,171,99
175,191,127,171,172,105
175,191,135,170,172,111
175,191,143,170,173,118
175,191,151,169,173,124
175,191,159,167,173,130
175,191,167,166,174,136
175,191,175,166,175,142
175,191,183,165,175,149
175,191,191,164,176,158
175,191,199,164,177,167
175,191,207,164,177,179
175,191,215,165,178,194
175,191,223,164,176,211
175,191,231,164,176,227
175,191,239,164,175,243
175,191,247,162,173,252
175,191,255,155,170,254
175,199,0,157,158,11
175,199,7,150,153,12
175,199,15,148,152,13
175,199,23,149,154,14
175,199,31,151,156,16
175,199,39,153,158,21
175,199,47,155,161,28
175,199,55,158,163,36
175,199,63,160,165,45
175,199,71,163,168,53
175,199,79,165,170,60
175,199,87,167,172,68
175,199,95,169,174,76
175,199,103,170,176,84
175,199,111,171,178,91
175,199,119,172,179,98
175,199,127,172,180,104
175,199,135,172,181,110
175,199,143,171,182,116
175,199,151,171,182,122
175,199,159,170,182,129
175,199,167,168,182,136
175,199,175,168,183,142
175,199,183,168,184,149
175,199,191,166,186,156
175,199,199,166,186,165
175,199,207,166,187,175
175,199,215,165,188,188
175,199,223,166,186,204
175,199,231,165,186,221
175,199,239,165,186,238
175,199,247,163,184,248
175,199,255,158,180,250
175,207,0,156,164,12
175,207,7,149,160,13
175,207,15,147,159,14
175,207,23,148,160,15
175,207,31,149,162,16
175,207,39,151,163,20
175,207,47,153,166,26
175,207,55,156,168,34
175,207,63,158,170,42
175,207,71,161,172,50
175,207,79,163,175,58
175,207,87,166,177,66
175,207,95,167,179,74
175,207,103,169,181,82
175,207,111,171,183,89
175,207,119,172,185,96
175,207,127,172,186,103
175,207,135,173,188,109
175,207,143,173,189,116
175,207,151,172,190,122
175,207,159,172,190,128
175,207,167,171,191,135
175,207,175,170,191,141
175,207,183,169,192,148
175,207,191,169,193,155
175,207,199,168,195,163
175,207,207,167,196,172
175,207,215,167,197,184
175,207,223,167,198,198
175,207,231,167,196,215
175,207,239,167,197,232
175,207,247,165,195,244
175,207,255,161,190,248
175,215,0,154,171,13
175,215,7,148,167,14
175,215,15,146,165,15
175,215,23,147,166,16
175,215,31,148,167,17
175,215,39,149,169,19
175,215,47,151,171,25
175,215,55,154,173,32
175,215,63,156,174,40
175,215,71,159,177,48
175,215,79,161,179,56
175,215,87,164,181,64
175,215,95,166,183,72
175,215,103,168,186,80
175,215,111,169,188,87
175,215,119,171,190,95
175,215,127,172,191,101
175,215,135,173,193,108
175,215,143,173,195,114
175,215,151,174,196,121
175,215,159,173,196,127
175,215,167,172,198,133
175,215,175,172,199,141
175,215,183,171,200,147
175,215,191,170,201,154
175,215,199,169,202,161
175,215,207,169,203,170
175,215,215,168,205,180
175,215,223,167,206,194
175,215,231,168,206,210
175,215,239,168,207,227
175,215,247,166,206,240
175,215,255,162,200,247
175,223,0,152,179,13
175,223,7,147,174,14
175,223,15,145,173,15
175,223,23,145,173,16
175,223,31,146,174,17
175,223,39,148,175,19
175,223,47,150,176,24
175,223,55,152,178,31
175,223,63,155,179,39
175,223,71,157,182,47
175,223,79,160,184,55
175,223,87,162,186,62
175,223,95,164,187,70
175,223,103,166,190,77
175,223,111,168,192,85
175,223,119,170,194,93
175,223,127,171,195,100
175,223,135,172,198,106
175,223,143,173,200,113
175,223,151,174,201,119
175,223,159,174,202,126
175,223,167,174,204,132
175,223,175,173,205,138
175,223,183,173,206,145
175,223,191,172,207,153
175,223,199,171,209,161
175,223,207,170,211,169
175,223,215,170,213,179
175,223,223,169,214,191
175,223,231,169,216,207
175,223,239,169,217,222
175,223,247,168,216,236
175,223,255,165,210,246
175,231,0,149,187,13
175,231,7,145,183,14
175,231,15,144,180,15
175,231,23,144,180,16
175,231,31,145,181,17
175,231,39,147,182,19
175,231,47,149,183,23
175,231,55,151,184,30
175,231,63,154,186,37
175,231,71,156,188,45
175,231,79,159,190,53
175,231,87,161,191,61
175,231,95,163,192,68
175,231,103,165,195,76
175,231,111,167,197,83
175,231,119,169,199,91
175,231,127,170,200,98
175,231,135,172,203,105
175,231,143,173,205,112
175,231,151,174,207,118
175,231,159,174,208,124
175,231,167,175,210,131
175,231,175,175,212,138
175,231,183,174,213,144
175,231,191,173,214,151
175,231,199,173,216,159
175,231,207,171,218,167
175,231,215,171,220,177
175,231,223,170,222,188
175,231,231,170,225,202
175,231,239,170,227,217
175,231,247,169,226,232
175,231,255,167,221,244
175,239,0,147,196,13
175,239,7,144,192,14
175,239,15,143,189,15
175,239,23,143,189,16
175,239,31,144,189,17
175,239,39,146,189,18
175,239,47,147,190,23
175,239,55,150,191,29
175,239,63,152,192,36
175,239,71,155,193,43
175,239,79,157,194,51
175,239,87,160,195,59
175,239,95,162,196,66
175,239,103,164,198,74
175,239,111,166,200,82
175,239,119,168,202,89
175,239,127,170,204,96
175,239,135,171,206,104
175,239,143,173,209,110
175,239,151,174,211,117
175,239,159,174,212,123
175,239,167,175,214,130
175,239,175,175,216,136
175,239,183,175,218,143
175,239,191,174,219,149
175,239,199,174,221,157
175,239,207,173,224,165
175,239,215,173,227,175
175,239,223,171,230,186
175,239,231,171,234,198
175,239,239,171,236,213
175,239,247,170,236,229
175,239,255,168,232,243
175,247,0,144,206,12
175,247,7,142,203,13
175,247,15,142,202,14
175,247,23,143,201,15
175,247,31,144,201,16
175,247,39,146,201,19
175,247,47,148,201,23
175,247,55,150,201,29
175,247,63,152,201,35
175,247,71,155,202,42
175,247,79,157,203,50
175,247,87,160,204,57
175,247,95,162,205,65
175,247,103,164,206,72
175,247,111,166,208,80
175,247,119,168,209,87
175,247,127,170,211,95
175,247,135,171,213,102
175,247,143,173,215,109
175,247,151,174,217,116
175,247,159,175,219,122
175,247,167,176,221,129
175,247,175,176,223,135
175,247,183,177,225,142
175,247,191,176,227,149
175,247,199,176,229,157
175,247,207,175,232,165
175,247,215,174,235,174
175,247,223,174,238,185
175,247,231,172,242,198
175,247,239,172,244,212
175,247,247,171,244,228
175,247,255,170,242,242
175,255,0,140,217,10
175,255,7,141,218,11
175,255,15,143,218,13
175,255,23,144,219,15
175,255,31,146,219,18
175,255,39,148,220,22
175,255,47,151,220,26
175,255,55,153,221,32
175,255,63,156,221,37
175,255,71,158,222,43
175,255,79,161,223,50
175,255,87,163,223,57
175,255,95,165,224,64
175,255,103,167,225,71
175,255,111,169,226,78
175,255,119,171,227,86
175,255,127,172,228,93
175,255,135,174,229,100
175,255,143,175,230,107
175,255,151,176,232,114
175,255,159,177,233,121
175,255,167,178,235,129
175,255,175,179,237,136
175,255,183,180,239,143
175,255,191,180,241,152
175,255,199,180,243,160
175,255,207,180,245,169
175,255,215,178,247,179
175,255,223,177,248,189
175,255,231,177,250,201
175,255,239,175,252,214
175,255,247,173,253,228
175,255,255,171,253,242
183,0,0,154,9,10
183,0,7,156,11,17
183,0,15,158,12,25
183,0,23,160,13,33
183,0,31,161,14,41
183,0,39,161,15,49
183,0,47,162,15,57
183,0,55,161,16,65
183,0,63,161,16,74
183,0,71,160,16,82
183,0,79,158,16,91
183,0,87,157,16,99
183,0,95,155,16,108
183,0,103,153,16,117
183,0,111,151,16,126
183,0,119,149,16,136
183,0,127,147,16,145
183,0,135,144,16,155
183,0,143,142,16,165
183,0,151,139,16,175
183,0,159,137,16,185
183,0,167,135,16,195
183,0,175,132,17,204
183,0,183,130,17,213
183,0,191,128,17,222
183,0,199,126,18,229
183,0,207,123,18,236
183,0,215,121,18,242
183,0,223,119,19,247
183,0,231,117,19,251
183,0,239,115,19,253
183,0,247,113,19,254
183,0,255,111,19,255
183,7,0,152,13,10
183,7,7,155,16,19
183,7,15,157,19,28
183,7,23,159,21,35
183,7,31,160,22,43
183,7,39,161,23,50
183,7,47,161,23,58
183,7,55,161,24,66
183,7,63,161,25,74
183,7,71,161,25,82
183,7,79,160,25,90
183,7,87,159,25,98
183,7,95,158,25,106
183,7,103,157,25,114
183,7,111,155,25,122
183,7,119,153,26,131
183,7,127,152,26,140
183,7,135,150,27,150
183,7,143,148,27,161
183,7,151,146,27,173
183,7,159,143,28,186
183,7,167,141,28,201
183,7,175,138,28,214
183,7,183,134,28,224
183,7,191,130,27,231
183,7,199,126,27,236
183,7,207,122,26,240
183,7,215,118,26,244
183,7,223,115,25,248
183,7,231,113,25,251
183,7,239,111,25,252
183,7,247,110,24,253
183,7,255,111,24,254
183,15,0,152,18,11
183,15,7,155,21,20
183,15,15,157,24,29
183,15,23,159,26,37
183,15,31,160,27,43
183,15,39,160,28,50
183,15,47,161,29,58
183,15,55,161,30,65
183,15,63,162,31,73
183,15,71,162,31,81
183,15,79,161,31,89
183,15,87,161,31,96
183,15,95,160,32,104
183,15,103,159,32,112
183,15,111,158,32,120
183,15,119,156,32,128
183,15,127,155,33,138
183,15,135,153,34,146
183,15,143,152,34,157
183,15,151,150,35,170
183,15,159,147,35,185
183,15,167,145,35,202
183,15,175,141,35,218
183,15,183,137,35,230
183,15,191,132,35,235
183,15,199,127,34,239
183,15,207,122,33,242
183,15,215,117,32,244
183,15,223,114,31,248
183,15,231,111,30,250
183,15,239,109,30,251
183,15,247,109,29,252
183,15,255,110,29,253
183,23,0,151,22,12
183,23,7,154,26,21
183,23,15,157,29,29
183,23,23,158,30,37
183,23,31,159,31,43
183,23,39,160,32,50
183,23,47,161,33,57
183,23,55,162,34,64
183,23,63,162,35,72
183,23,71,162,35,80
183,23,79,162,35,88
183,23,87,161,35,95
183,23,95,161,36,103
183,23,103,160,36,111
183,23,111,159,36,118
183,23,119,158,36,127
183,23,127,156,37,136
183,23,135,155,38,144
183,23,143,153,38,154
183,23,151,151,39,167
183,23,159,149,39,182
183,23,167,147,40,200
183,23,175,144,40,217
183,23,183,139,40,230
183,23,191,134,39,235
183,23,199,128,38,239
183,23,207,123,37,241
183,23,215,117,36,244
183,23,223,113,35,247
183,23,231,110,35,249
183,23,239,108,34,250
183,23,247,108,34,251
183,23,255,110,34,252
183,31,0,151,27,12
183,31,7,154,30,21
183,31,15,156,32,29
183,31,23,158,34,36
183,31,31,159,35,43
183,31,39,160,36,49
183,31,47,161,37,56
183,31,55,162,38,64
183,31,63,162,39,71
183,31,71,163,40,79
183,31,79,163,40,87
183,31,87,162,40,94
183,31,95,162,41,102
183,31,103,161,41,109
183,31,111,160,41,117
183,31,119,159,42,125
183,31,127,158,42,134
183,31,135,156,43,143
183,31,143,155,43,153
183,31,151,153,44,165
183,31,159,151,44,180
183,31,167,149,45,197
183,31,175,145,45,214
183,31,183,141,44,228
183,31,191,136,44,235
183,31,199,130,43,240
183,31,207,124,42,242
183,31,215,118,40,244
183,31,223,113,40,247
183,31,231,110,39,249
183,31,239,108,38,250
183,31,247,108,38,251
183,31,255,111,39,252
183,39,0,151,32,12
183,39,7,154,35,20
183,39,15,156,36,28
183,39,23,158,38,35
183,39,31,159,39,42
183,39,39,160,41,48
183,39,47,162,42,55
183,39,55,162,43,63
183,39,63,163,44,70
183,39,71,164,44,78
183,39,79,164,45,85
183,39,87,163,45,93
183,39,95,163,46,100
183,39,103,162,46,108
183,39,111,161,46,115
183,39,119,160,47,123
183,39,127,159,47,132
183,39,135,158,48,141
183,39,143,156,48,151
183,39,151,155,49,163
183,39,159,153,49,177
183,39,167,151,49,194
183,39,175,148,49,212
183,39,183,144,49,227
183,39,191,138,49,235
183,39,199,132,48,240
183,39,207,125,46,242
183,39,215,118,45,244
183,39,223,113,44,247
183,39,231,109,43,248
183,39,239,107,42,250
183,39,247,108,43,251
183,39,255,111,43,252
183,47,0,152,37,13
183,47,7,154,39,20
183,47,15,156,41,27
183,47,23,158,42,34
183,47,31,159,44,41
183,47,39,161,45,48
183,47,47,162,46,54
183,47,55,163,48,62
183,47,63,164,49,69
183,47,71,164,49,77
183,47,79,165,50,84
183,47,87,165,50,91
183,47,95,164,51,99
183,47,103,164,51,106
183,47,111,163,51,113
183,47,119,162,52,121
183,47,127,161,52,130
183,47,135,159,52,139
183,47,143,158,53,148
183,47,151,156,53,159
183,47,159,154,54,173
183,47,167,153,54,190
183,47,175,150,54,208
183,47,183,146,54,224
183,47,191,141,54,234
183,47,199,134,52,240
183,47,207,127,51,242
183,47,215,119,49,244
183,47,223,114,48,246
183,47,231,110,47,248
183,47,239,108,47,249
183,47,247,108,47,250
183,47,255,112,47,251
183,55,0,153,43,13
183,55,7,154,44,19
183,55,15,156,45,26
183,55,23,158,47,33
183,55,31,159,48,40
183,55,39,161,50,46
183,55,47,162,51,53
183,55,55,163,53,60
183,55,63,164,54,68
183,55,71,165,55,75
183,55,79,165,56,83
183,55,87,165,56,90
183,55,95,165,56,97
183,55,103,165,57,104
183,55,111,164,57,112
183,55,119,163,57,119
183,55,127,162,57,128
183,55,135,161,58,137
183,55,143,159,58,146
183,55,151,158,59,156
183,55,159,156,59,169
183,55,167,154,59,185
183,55,175,152,60,203
183,55,183,149,60,220
183,55,191,144,59,232
183,55,199,137,58,240
183,55,207,129,56,243
183,55,215,122,54,244
183,55,223,117,53,246
183,55,231,113,52,248
183,55,239,111,51,249
183,55,247,111,51,250
183,55,255,113,52,251
183,63,0,154,48,13
183,63,7,154,49,18
183,63,15,156,50,25
183,63,23,158,52,32
183,63,31,159,54,39
183,63,39,161,56,45
183,63,47,163,57,52
183,63,55,164,59,59
183,63,63,165,60,66
183,63,71,166,61,74
183,63,79,166,62,81
183,63,87,166,62,89
183,63,95,166,63,96
183,63,103,166,63,103
183,63,111,165,63,110
183,63,119,164,63,117
183,63,127,163,63,126
183,63,135,162,64,135
183,63,143,160,64,144
183,63,151,159,65,154
183,63,159,157,65,165
183,63,167,156,66,178
183,63,175,154,66,196
183,63,183,151,66,214
183,63,191,147,65,229
183,63,199,141,64,239
183,63,207,133,62,243
183,63,215,126,60,245
183,63,223,120,58,246
183,63,231,117,57,248
183,63,239,115,57,249
183,63,247,114,57,250
183,63,255,115,56,251
183,71,0,155,54,14
183,71,7,155,54,17
183,71,15,156,56,23
183,71,23,158,58,30
183,71,31,160,59,37
183,71,39,161,61,44
183,71,47,163,63,51
183,71,55,164,65,58
183,71,63,165,66,65
183,71,71,166,67,73
183,71,79,167,68,80
183,71,87,167,69,87
183,71,95,167,69,94
183,71,103,166,69,101
183,71,111,166,69,108
183,71,119,165,70,115
183,71,127,164,70,123
183,71,135,163,70,132
183,71,143,162,71,141
183,71,151,160,71,151
183,71,159,159,71,162
183,71,167,157,72,173
183,71,175,156,72,189
183,71,183,153,72,207
183,71,191,149,71,224
183,71,199,144,70,236
183,71,207,137,67,244
183,71,215,130,65,246
183,71,223,125,64,247
183,71,231,121,63,248
183,71,239,119,63,249
183,71,247,117,62,250
183,71,255,117,61,251
183,79,0,156,60,14
183,79,7,155,60,16
183,79,15,156,62,22
183,79,23,158,63,29
183,79,31,160,65,36
183,79,39,162,67,43
183,79,47,163,69,50
183,79,55,165,71,57
183,79,63,166,72,64
183,79,71,167,74,71
183,79,79,167,75,78
183,79,87,168,75,86
183,79,95,167,76,93
183,79,103,167,76,100
183,79,111,166,76,107
183,79,119,166,76,114
183,79,127,165,77,121
183,79,135,164,77,130
183,79,143,163,77,138
183,79,151,162,78,148
183,79,159,160,78,158
183,79,167,159,78,169
183,79,175,157,78,183
183,79,183,155,78,201
183,79,191,152,77,217
183,79,199,148,76,232
183,79,207,142,74,242
183,79,215,135,72,245
183,79,223,130,70,247
183,79,231,126,69,248
183,79,239,123,68,249
183,79,247,121,67,250
183,79,255,120,66,251
183,87,0,157,66,14
183,87,7,156,66,15
183,87,15,157,68,20
183,87,23,159,70,27
183,87,31,161,71,34
183,87,39,162,73,41
183,87,47,164,75,49
183,87,55,166,77,56
183,87,63,167,79,63
183,87,71,167,80,70
183,87,79,168,81,77
183,87,87,168,82,84
183,87,95,168,82,91
183,87,103,167,82,98
183,87,111,167,83,105
183,87,119,166,83,112
183,87,127,165,83,119
183,87,135,164,83,127
183,87,143,163,84,136
183,87,151,162,84,144
183,87,159,161,84,155
183,87,167,160,84,165
183,87,175,159,85,178
183,87,183,157,85,194
183,87,191,155,84,210
183,87,199,151,82,227
183,87,207,146,80,239
183,87,215,140,78,245
183,87,223,135,76,247
183,87,231,131,75,248
183,87,239,128,74,249
183,87,247,125,73,250
183,87,255,122,71,251
183,95,0,158,73,14
183,95,7,157,72,15
183,95,15,158,74,19
183,95,23,160,76,26
183,95,31,161,77,33
183,95,39,163,79,40
183,95,47,165,81,48
183,95,55,166,83,55
183,95,63,167,85,61
183,95,71,168,86,69
183,95,79,168,87,76
183,95,87,168,88,83
183,95,95,168,88,90
183,95,103,168,89,97
183,95,111,167,89,103
183,95,119,166,89,110
183,95,127,166,89,117
183,95,135,165,89,125
183,95,143,164,90,133
183,95,151,163,90,142
183,95,159,162,90,151
183,95,167,161,90,161
183,95,175,160,91,174
183,95,183,158,91,188
183,95,191,157,90,204
183,95,199,154,89,221
183,95,207,149,87,235
183,95,215,144,85,245
183,95,223,139,83,247
183,95,231,136,81,248
183,95,239,133,81,249
183,95,247,129,79,250
183,95,255,125,77,251
183,103,0,160,79,13
183,103,7,158,79,14
183,103,15,159,80,18
183,103,23,160,82,25
183,103,31,162,84,32
183,103,39,164,85,39
183,103,47,166,87,47
183,103,55,167,89,54
183,103,63,168,91,60
183,103,71,169,92,67
183,103,79,169,93,75
183,103,87,169,94,82
183,103,95,169,94,89
183,103,103,168,95,96
183,103,111,167,95,102
183,103,119,167,95,109
183,103,127,166,95,116
183,103,135,165,96,123
183,103,143,164,96,131
183,103,151,164,96,139
183,103,159,163,96,148
183,103,167,162,96,158
183,103,175,160,96,169
183,103,183,159,97,182
183,103,191,158,96,197
183,103,199,156,95,215
183,103,207,153,94,231
183,103,215,148,92,243
183,103,223,144,90,247
183,103,231,140,88,248
183,103,239,137,87,249
183,103,247,134,86,250
183,103,255,128,83,251
183,111,0,161,86,13
183,111,7,159,85,14
183,111,15,159,86,17
183,111,23,161,88,23
183,111,31,163,90,30
183,111,39,164,92,38
183,111,47,166,93,45
183,111,55,168,95,53
183,111,63,169,97,59
183,111,71,169,98,66
183,111,79,169,99,74
183,111,87,169,99,81
183,111,95,169,100,88
183,111,103,168,101,94
183,111,111,168,101,101
183,111,119,166,101,107
183,111,127,165,101,114
183,111,135,165,101,121
183,111,143,165,102,128
183,111,151,164,102,136
183,111,159,163,102,145
183,111,167,162,102,154
183,111,175,161,102,165
183,111,183,160,102,177
183,111,191,159,102,191
183,111,199,158,102,208
183,111,207,156,100,226
183,111,215,152,98,240
183,111,223,148,96,247
183,111,231,144,95,249
183,111,239,142,94,250
183,111,247,138,92,251
183,111,255,131,90,252
183,119,0,162,93,12
183,119,7,159,92,13
183,119,15,160,92,15
183,119,23,162,94,22
183,119,31,163,96,29
183,119,39,165,97,36
183,119,47,167,99,44
183,119,55,169,101,52
183,119,63,169,102,59
183,119,71,170,104,66
183,119,79,170,105,73
183,119,87,170,105,80
183,119,95,170,106,87
183,119,103,168,106,93
183,119,111,167,107,100
183,119,119,166,107,106
183,119,127,165,107,113
183,119,135,164,107,119
183,119,143,164,108,126
183,119,151,163,108,134
183,119,159,164,108,142
183,119,167,163,108,151
183,119,175,162,108,161
183,119,183,161,108,172
183,119,191,160,108,185
183,119,199,160,108,202
183,119,207,158,107,220
183,119,215,155,105,236
183,119,223,151,103,246
183,119,231,148,102,249
183,119,239,146,101,250
183,119,247,142,99,251
183,119,255,135,97,252
183,127,0,163,100,11
183,127,7,160,98,12
183,127,15,160,98,14
183,127,23,162,100,20
183,127,31,163,102,27
183,127,39,165,103,35
183,127,47,167,105,43
183,127,55,169,107,51
183,127,63,170,108,57
183,127,71,171,110,65
183,127,79,171,111,72
183,127,87,171,111,79
183,127,95,170,112,86
183,127,103,169,112,92
183,127,111,168,112,99
183,127,119,167,113,106
183,127,127,166,113,112
183,127,135,165,113,119
183,127,143,164,113,126
183,127,151,164,114,132
183,127,159,163,114,140
183,127,167,163,114,149
183,127,175,163,114,158
183,127,183,162,114,168
183,127,191,161,114,181
183,127,199,161,114,195
183,127,207,159,113,213
183,127,215,157,112,231
183,127,223,155,110,244
183,127,231,152,109,249
183,127,239,149,108,251
183,127,247,146,106,252
183,127,255,138,105,253
183,135,0,164,107,10
183,135,7,161,104,11
183,135,15,160,105,13
183,135,23,162,106,19
183,135,31,164,108,26
183,135,39,166,110,33
183,135,47,168,112,42
183,135,55,170,113,49
183,135,63,171,115,56
183,135,71,171,116,63
183,135,79,172,117,71
183,135,87,171,117,78
183,135,95,171,118,85
183,135,103,169,118,91
183,135,111,168,118,99
183,135,119,167,119,105
183,135,127,166,119,111
183,135,135,165,119,118
183,135,143,165,119,124
183,135,151,164,120,131
183,135,159,164,120,139
183,135,167,163,120,147
183,135,175,163,120,155
183,135,183,162,121,165
183,135,191,162,121,177
183,135,199,162,121,190
183,135,207,161,120,208
183,135,215,160,119,227
183,135,223,157,117,241
183,135,231,155,116,250
183,135,239,153,115,251
183,135,247,149,113,252
183,135,255,142,112,253
183,143,0,165,114,10
183,143,7,161,111,11
183,143,15,161,111,12
183,143,23,163,112,17
183,143,31,164,114,24
183,143,39,166,116,32
183,143,47,168,118,40
183,143,55,170,120,48
183,143,63,171,121,55
183,143,71,172,122,62
183,143,79,173,123,70
183,143,87,172,124,77
183,143,95,172,124,84
183,143,103,170,125,91
183,143,111,169,125,98
183,143,119,168,125,104
183,143,127,167,125,110
183,143,135,166,126,116
183,143,143,166,127,123
183,143,151,164,127,129
183,143,159,165,127,137
183,143,167,164,126,145
183,143,175,163,127,153
183,143,183,163,127,162
183,143,191,162,127,173
183,143,199,163,127,186
183,143,207,163,127,203
183,143,215,162,126,222
183,143,223,160,125,238
183,143,231,158,123,249
183,143,239,156,122,252
183,143,247,153,120,253
183,143,255,145,119,254
183,151,0,166,120,10
183,151,7,162,117,11
183,151,15,161,117,12
183,151,23,163,118,16
183,151,31,164,120,23
183,151,39,166,122,30
183,151,47,169,124,39
183,151,55,171,126,47
183,151,63,172,128,54
183,151,71,173,129,61
183,151,79,174,130,69
183,151,87,174,131,76
183,151,95,173,131,83
183,151,103,172,132,90
183,151,111,171,132,96
183,151,119,170,132,103
183,151,127,169,132,109
183,151,135,167,133,115
183,151,143,166,133,121
183,151,151,165,133,128
183,151,159,165,134,135
183,151,167,164,134,142
183,151,175,163,134,151
183,151,183,164,133,160
183,151,191,164,133,172
183,151,199,163,134,182
183,151,207,163,134,199
183,151,215,164,133,218
183,151,223,162,132,235
183,151,231,161,130,247
183,151,239,159,129,253
183,151,247,156,128,254
183,151,255,148,126,255
183,159,0,167,127,10
183,159,7,162,123,11
183,159,15,161,122,12
183,159,23,162,124,15
183,159,31,164,126,21
183,159,39,166,128,29
183,159,47,169,131,37
183,159,55,171,133,46
183,159,63,172,134,53
183,159,71,174,136,60
183,159,79,174,137,68
183,159,87,175,138,76
183,159,95,175,138,83
183,159,103,174,139,89
183,159,111,173,139,96
183,159,119,172,139,103
183,159,127,171,139,109
183,159,135,169,139,115
183,159,143,168,140,120
183,159,151,167,140,126
183,159,159,166,140,133
183,159,167,165,140,140
183,159,175,165,141,148
183,159,183,164,141,157
183,159,191,164,140,168
183,159,199,165,140,181
183,159,207,165,141,195
183,159,215,164,140,213
183,159,223,165,139,230
183,159,231,163,138,244
183,159,239,162,137,252
183,159,247,159,135,254
183,159,255,151,134,255
183,167,0,167,133,10
183,167,7,162,129,11
183,167,15,160,128,12
183,167,23,162,130,14
183,167,31,164,132,20
183,167,39,166,134,27
183,167,47,168,137,36
183,167,55,171,139,44
183,167,63,172,141,52
183,167,71,174,142,59
183,167,79,175,144,67
183,167,87,176,145,75
183,167,95,176,146,82
183,167,103,176,146,89
183,167,111,174,146,95
183,167,119,173,146,101
183,167,127,173,147,108
183,167,135,172,147,114
183,167,143,170,147,120
183,167,151,169,148,125
183,167,159,168,148,132
183,167,167,167,147,139
183,167,175,166,147,146
183,167,183,166,147,155
183,167,191,166,148,165
183,167,199,165,147,177
183,167,207,166,148,192
183,167,215,166,148,208
183,167,223,165,147,225
183,167,231,166,146,241
183,167,239,165,145,251
183,167,247,162,144,255
183,167,255,155,142,255
183,175,0,167,139,10
183,175,7,161,135,11
183,175,15,160,134,12
183,175,23,161,136,14
183,175,31,163,138,19
183,175,39,165,140,26
183,175,47,168,143,34
183,175,55,170,145,43
183,175,63,172,147,50
183,175,71,174,149,58
183,175,79,176,151,66
183,175,87,177,152,74
183,175,95,177,153,81
183,175,103,177,154,88
183,175,111,177,154,95
183,175,119,176,155,101
183,175,127,175,155,108
183,175,135,174,155,114
183,175,143,172,155,119
183,175,151,171,156,125
183,175,159,170,156,131
183,175,167,168,156,137
183,175,175,167,156,144
183,175,183,167,156,152
183,175,191,167,156,162
183,175,199,167,157,173
183,175,207,167,156,188
183,175,215,167,156,204
183,175,223,167,156,221
183,175,231,167,155,236
183,175,239,168,154,249
183,175,247,165,153,254
183,175,255,158,151,255
183,183,0,167,144,11
183,183,7,161,140,12
183,183,15,159,140,13
183,183,23,160,142,14
183,183,31,162,144,18
183,183,39,164,146,24
183,183,47,167,149,32
183,183,55,169,151,41
183,183,63,171,153,49
183,183,71,173,155,57
183,183,79,175,157,64
183,183,87,177,159,72
183,183,95,178,160,80
183,183,103,178,161,87
183,183,111,179,162,94
183,183,119,178,163,101
183,183,127,177,163,107
183,183,135,176,163,114
183,183,143,175,163,119
183,183,151,173,163,125
183,183,159,172,164,130
183,183,167,171,164,137
183,183,175,170,165,143
183,183,183,169,165,151
183,183,191,168,165,160
183,183,199,168,166,170
183,183,207,169,166,183
183,183,215,169,165,200
183,183,223,169,165,216
183,183,231,169,164,233
183,183,239,169,163,246
183,183,247,167,162,254
183,183,255,161,160,255
183,191,0,166,151,11
183,191,7,160,147,12
183,191,15,158,146,13
183,191,23,159,148,14
183,191,31,160,149,17
183,191,39,162,152,23
183,191,47,165,154,31
183,191,55,168,157,39
183,191,63,170,159,47
183,191,71,172,161,55
183,191,79,174,163,63
183,191,87,176,165,71
183,191,95,178,167,78
183,191,103,179,168,86
183,191,111,179,169,93
183,191,119,179,170,100
183,191,127,179,171,106
183,191,135,178,172,112
183,191,143,177,172,119
183,191,151,176,172,124
183,191,159,174,172,130
183,191,167,173,172,137
183,191,175,172,173,143
183,191,183,171,174,150
183,191,191,170,174,158
183,191,199,170,175,167
183,191,207,170,176,179
183,191,215,171,176,194
183,191,223,171,175,211
183,191,231,170,174,228
183,191,239,171,174,243
183,191,247,169,172,252
183,191,255,163,169,254
183,199,0,165,157,12
183,199,7,159,153,12
183,199,15,157,152,13
183,199,23,158,154,15
183,199,31,159,155,17
183,199,39,161,158,21
183,199,47,163,160,29
183,199,55,166,163,37
183,199,63,169,165,45
183,199,71,171,167,53
183,199,79,173,169,61
183,199,87,175,171,69
183,199,95,177,173,77
183,199,103,179,175,85
183,199,111,180,177,92
183,199,119,180,178,99
183,199,127,180,179,105
183,199,135,180,180,111
183,199,143,179,181,117
183,199,151,178,181,124
183,199,159,177,181,130
183,199,167,176,181,137
183,199,175,174,182,143
183,199,183,174,183,149
183,199,191,172,184,157
183,199,199,172,185,165
183,199,207,172,186,176
183,199,215,172,186,189
183,199,223,172,186,204
183,199,231,172,185,222
183,199,239,172,184,238
183,199,247,170,183,248
183,199,255,165,179,250
183,207,0,164,164,12
183,207,7,158,159,13
183,207,15,156,158,14
183,207,23,156,160,15
183,207,31,158,161,16
183,207,39,159,163,21
183,207,47,162,165,27
183,207,55,164,167,35
183,207,63,167,170,43
183,207,71,169,172,51
183,207,79,172,174,59
183,207,87,174,176,67
183,207,95,176,178,75
183,207,103,178,181,83
183,207,111,179,183,90
183,207,119,180,185,98
183,207,127,180,186,104
183,207,135,181,187,111
183,207,143,181,188,117
183,207,151,180,189,123
183,207,159,179,189,129
183,207,167,179,190,136
183,207,175,177,190,142
183,207,183,176,191,149
183,207,191,175,193,156
183,207,199,174,194,163
183,207,207,174,195,173
183,207,215,173,196,184
183,207,223,173,196,199
183,207,231,174,197,215
183,207,239,174,195,233
183,207,247,172,194,245
183,207,255,168,189,249
183,215,0,162,171,13
183,215,7,157,166,14
183,215,15,154,165,15
183,215,23,155,166,16
183,215,31,156,167,17
183,215,39,158,169,20
183,215,47,160,170,26
183,215,55,162,172,33
183,215,63,165,174,41
183,215,71,167,176,49
183,215,79,170,179,57
183,215,87,172,181,65
183,215,95,174,183,73
183,215,103,176,186,81
183,215,111,178,188,89
183,215,119,179,190,96
183,215,127,180,191,103
183,215,135,181,193,109
183,215,143,181,195,116
183,215,151,182,196,122
183,215,159,180,196,128
183,215,167,180,197,135
183,215,175,180,198,142
183,215,183,178,199,148
183,215,191,177,200,155
183,215,199,176,201,162
183,215,207,175,204,171
183,215,215,175,205,182
183,215,223,175,206,194
183,215,231,175,207,210
183,215,239,175,206,228
183,215,247,173,204,241
183,215,255,169,199,247
183,223,0,160,179,13
183,223,7,155,174,14
183,223,15,153,172,15
183,223,23,154,173,16
183,223,31,155,173,17
183,223,39,156,175,20
183,223,47,158,176,25
183,223,55,161,178,32
183,223,63,163,179,40
183,223,71,166,182,48
183,223,79,168,184,56
183,223,87,171,186,64
183,223,95,173,187,71
183,223,103,175,190,79
183,223,111,177,192,87
183,223,119,178,194,94
183,223,127,179,196,101
183,223,135,181,198,108
183,223,143,181,200,114
183,223,151,182,201,121
183,223,159,182,202,127
183,223,167,181,204,134
183,223,175,181,205,140
183,223,183,180,206,147
183,223,191,179,207,154
183,223,199,178,209,162
183,223,207,177,210,170
183,223,215,177,211,180
183,223,223,176,213,193
183,223,231,176,215,208
183,223,239,177,215,224
183,223,247,175,214,238
183,223,255,172,209,246
183,231,0,158,187,13
183,231,7,154,182,14
183,231,15,152,180,15
183,231,23,152,180,16
183,231,31,153,181,17
183,231,39,155,182,19
183,231,47,157,183,24
183,231,55,159,185,31
183,231,63,162,186,38
183,231,71,165,188,46
183,231,79,167,190,54
183,231,87,170,192,62
183,231,95,172,193,69
183,231,103,174,195,77
183,231,111,176,197,85
183,231,119,178,199,93
183,231,127,179,201,100
183,231,135,180,204,107
183,231,143,182,206,113
183,231,151,182,207,120
183,231,159,183,208,126
183,231,167,183,210,133
183,231,175,183,212,139
183,231,183,182,213,146
183,231,191,181,214,152
183,231,199,180,215,161
183,231,207,179,217,169
183,231,215,178,219,178
183,231,223,178,221,190
183,231,231,178,224,204
183,231,239,177,225,219
183,231,247,176,224,234
183,231,255,174,220,245
183,239,0,155,196,13
183,239,7,152,192,13
183,239,15,151,189,14
183,239,23,151,189,15
183,239,31,152,189,16
183,239,39,154,190,19
183,239,47,156,190,23
183,239,55,158,191,29
183,239,63,161,192,37
183,239,71,163,193,44
183,239,79,166,195,52
183,239,87,168,196,60
183,239,95,171,197,68
183,239,103,173,199,76
183,239,111,175,201,83
183,239,119,177,203,91
183,239,127,178,205,98
183,239,135,180,207,105
183,239,143,181,209,112
183,239,151,182,211,119
183,239,159,183,213,125
183,239,167,183,215,132
183,239,175,184,216,138
183,239,183,183,218,145
183,239,191,182,219,151
183,239,199,181,221,159
183,239,207,181,224,167
183,239,215,179,227,177
183,239,223,179,229,187
183,239,231,179,232,200
183,239,239,178,234,216
183,239,247,177,234,231
183,239,255,175,230,244
183,247,0,152,206,12
183,247,7,150,203,12
183,247,15,150,202,13
183,247,23,151,201,14
183,247,31,152,201,16
183,247,39,154,201,19
183,247,47,156,201,24
183,247,55,158,201,29
183,247,63,161,202,36
183,247,71,163,203,43
183,247,79,166,204,51
183,247,87,168,205,59
183,247,95,171,206,66
183,247,103,173,207,74
183,247,111,175,209,82
183,247,119,177,210,89
183,247,127,179,212,97
183,247,135,180,214,104
183,247,143,182,216,111
183,247,151,183,218,118
183,247,159,184,219,124
183,247,167,184,221,131
183,247,175,185,223,138
183,247,183,185,225,144
183,247,191,185,227,151
183,247,199,183,229,159
183,247,207,183,232,167
183,247,215,182,235,176
183,247,223,182,238,188
183,247,231,180,241,200
183,247,239,180,243,214
183,247,247,179,243,230
183,247,255,177,241,244
183,255,0,148,217,10
183,255,7,149,218,10
183,255,15,151,218,12
183,255,23,152,219,14
183,255,31,154,219,17
183,255,39,156,220,21
183,255,47,159,221,26
183,255,55,161,221,31
183,255,63,164,222,37
183,255,71,166,222,44
183,255,79,169,223,51
183,255,87,172,224,58
183,255,95,174,225,65
183,255,103,176,226,72
183,255,111,178,227,80
183,255,119,180,228,87
183,255,127,181,229,94
183,255,135,183,230,102
183,255,143,184,231,109
183,255,151,185,232,116
183,255,159,186,234,124
183,255,167,187,236,131
183,255,175,188,237,138
183,255,183,188,239,146
183,255,191,188,241,154
183,255,199,188,243,163
183,255,207,188,245,172
183,255,215,186,246,181
183,255,223,185,248,192
183,255,231,184,250,203
183,255,239,182,251,217
183,255,247,180,252,230
183,255,255,178,252,243
191,0,0,161,10,10
191,0,7,164,11,18
191,0,15,166,13,26
191,0,23,168,14,34
191,0,31,169,15,42
191,0,39,169,16,50
191,0,47,169,16,58
191,0,55,169,16,66
191,0,63,169,17,74
191,0,71,168,17,83
191,0,79,166,16,91
191,0,87,165,16,100
191,0,95,163,16,109
191,0,103,161,16,117
191,0,111,159,16,127
191,0,119,157,16,136
191,0,127,155,16,146
191,0,135,153,16,155
191,0,143,150,16,165
191,0,151,148,16,175
191,0,159,145,16,185
191,0,167,143,16,195
191,0,175,141,16,204
191,0,183,138,17,214
191,0,191,136,17,222
191,0,199,134,17,229
191,0,207,131,18,236
191,0,215,129,18,242
191,0,223,127,18,247
191,0,231,125,18,251
191,0,239,123,18,253
191,0,247,121,18,254
191,0,255,119,17,255
191,7,0,160,13,11
191,7,7,162,17,20
191,7,15,164,19,28
191,7,23,166,21,36
191,7,31,167,22,44
191,7,39,168,23,51
191,7,47,168,24,58
191,7,55,169,25,66
191,7,63,169,25,74
191,7,71,168,26,82
191,7,79,167,26,90
191,7,87,166,26,98
191,7,95,165,26,106
191,7,103,164,26,114
191,7,111,162,26,123
191,7,119,161,26,132
191,7,127,159,26,141
191,7,135,158,26,150
191,7,143,156,27,160
191,7,151,154,27,172
191,7,159,151,27,185
191,7,167,149,27,199
191,7,175,146,28,212
191,7,183,142,28,223
191,7,191,139,27,231
191,7,199,134,27,236
191,7,207,130,26,240
191,7,215,127,26,244
191,7,223,123,25,248
191,7,231,121,25,251
191,7,239,119,24,252
191,7,247,118,23,253
191,7,255,118,23,254
191,15,0,159,18,12
191,15,7,161,22,21
191,15,15,163,25,30
191,15,23,165,27,37
191,15,31,166,28,44
191,15,39,167,29,51
191,15,47,168,30,58
191,15,55,168,31,66
191,15,63,169,32,74
191,15,71,169,32,82
191,15,79,168,32,89
191,15,87,168,32,97
191,15,95,167,32,105
191,15,103,166,32,112
191,15,111,165,32,120
191,15,119,163,32,129
191,15,127,162,33,138
191,15,135,161,33,146
191,15,143,159,34,156
191,15,151,157,34,169
191,15,159,155,35,183
191,15,167,153,35,200
191,15,175,150,35,215
191,15,183,146,35,227
191,15,191,141,35,234
191,15,199,136,34,238
191,15,207,130,33,242
191,15,215,126,32,244
191,15,223,122,31,248
191,15,231,118,30,250
191,15,239,116,30,251
191,15,247,116,29,252
191,15,255,118,28,253
191,23,0,158,23,12
191,23,7,161,26,22
191,23,15,163,29,30
191,23,23,165,31,37
191,23,31,166,32,44
191,23,39,167,33,50
191,23,47,168,34,57
191,23,55,169,35,65
191,23,63,169,36,73
191,23,71,169,36,81
191,23,79,169,36,89
191,23,87,169,36,96
191,23,95,168,37,104
191,23,103,167,37,111
191,23,111,166,37,119
191,23,119,165,37,127
191,23,127,164,38,136
191,23,135,162,38,144
191,23,143,161,38,154
191,23,151,159,39,166
191,23,159,157,40,180
191,23,167,155,40,197
191,23,175,152,40,214
191,23,183,148,40,227
191,23,191,143,40,234
191,23,199,137,39,238
191,23,207,131,38,241
191,23,215,126,37,244
191,23,223,121,36,247
191,23,231,118,35,249
191,23,239,115,34,250
191,23,247,115,34,251
191,23,255,118,33,252
191,31,0,158,27,13
191,31,7,161,31,22
191,31,15,163,33,30
191,31,23,164,35,36
191,31,31,166,36,43
191,31,39,167,37,50
191,31,47,168,38,57
191,31,55,169,39,64
191,31,63,169,40,72
191,31,71,170,41,80
191,31,79,170,41,87
191,31,87,170,41,95
191,31,95,169,42,102
191,31,103,168,42,110
191,31,111,167,42,117
191,31,119,166,42,125
191,31,127,165,43,134
191,31,135,164,43,143
191,31,143,162,44,153
191,31,151,161,44,164
191,31,159,159,45,178
191,31,167,157,45,194
191,31,175,154,45,211
191,31,183,150,45,225
191,31,191,145,45,234
191,31,199,139,44,239
191,31,207,133,43,242
191,31,215,126,41,244
191,31,223,121,40,247
191,31,231,117,39,249
191,31,239,115,39,250
191,31,247,115,38,251
191,31,255,118,38,252
191,39,0,158,32,13
191,39,7,161,35,21
191,39,15,163,37,29
191,39,23,164,39,36
191,39,31,166,40,43
191,39,39,167,41,49
191,39,47,168,43,56
191,39,55,169,44,63
191,39,63,170,45,71
191,39,71,171,45,79
191,39,79,171,46,86
191,39,87,171,46,93
191,39,95,170,47,101
191,39,103,169,47,108
191,39,111,169,47,116
191,39,119,168,47,124
191,39,127,167,48,132
191,39,135,165,48,141
191,39,143,164,49,151
191,39,151,162,49,162
191,39,159,160,50,175
191,39,167,159,50,191
191,39,175,156,50,208
191,39,183,152,50,224
191,39,191,147,50,233
191,39,199,141,49,239
191,39,207,134,47,242
191,39,215,127,46,244
191,39,223,121,45,247
191,39,231,116,43,248
191,39,239,114,43,249
191,39,247,114,43,250
191,39,255,119,43,251
191,47,0,159,37,14
191,47,7,161,39,21
191,47,15,163,41,29
191,47,23,164,43,35
191,47,31,166,44,42
191,47,39,167,46,48
191,47,47,169,47,55
191,47,55,170,48,62
191,47,63,171,50,70
191,47,71,171,50,77
191,47,79,172,51,85
191,47,87,172,51,92
191,47,95,171,52,99
191,47,103,171,52,107
191,47,111,170,52,114
191,47,119,169,52,122
191,47,127,168,53,130
191,47,135,167,53,139
191,47,143,166,53,148
191,47,151,164,54,159
191,47,159,162,54,172
191,47,167,160,55,187
191,47,175,158,55,204
191,47,183,154,55,221
191,47,191,149,54,232
191,47,199,143,53,239
191,47,207,136,52,242
191,47,215,128,50,244
191,47,223,122,49,246
191,47,231,117,48,248
191,47,239,114,47,249
191,47,247,115,47,250
191,47,255,120,48,251
191,55,0,160,42,14
191,55,7,161,44,20
191,55,15,163,45,27
191,55,23,165,47,34
191,55,31,166,49,41
191,55,39,167,50,47
191,55,47,169,52,54
191,55,55,170,53,61
191,55,63,171,55,69
191,55,71,172,56,76
191,55,79,173,56,83
191,55,87,173,57,91
191,55,95,173,57,98
191,55,103,172,58,105
191,55,111,171,58,112
191,55,119,170,58,120
191,55,127,169,58,128
191,55,135,168,58,137
191,55,143,167,59,146
191,55,151,166,59,156
191,55,159,164,59,168
191,55,167,162,60,182
191,55,175,160,60,199
191,55,183,157,60,217
191,55,191,152,60,230
191,55,199,146,59,238
191,55,207,139,57,242
191,55,215,131,55,244
191,55,223,124,54,246
191,55,231,119,52,248
191,55,239,117,52,249
191,55,247,117,52,250
191,55,255,121,52,251
191,63,0,161,48,14
191,63,7,161,49,20
191,63,15,163,50,26
191,63,23,165,52,33
191,63,31,166,54,40
191,63,39,168,56,46
191,63,47,169,58,53
191,63,55,171,59,60
191,63,63,172,61,67
191,63,71,173,62,75
191,63,79,174,62,82
191,63,87,174,63,89
191,63,95,174,63,96
191,63,103,173,64,103
191,63,111,172,64,111
191,63,119,172,64,118
191,63,127,171,64,126
191,63,135,170,64,135
191,63,143,168,65,144
191,63,151,167,65,153
191,63,159,165,65,165
191,63,167,163,66,177
191,63,175,161,66,193
191,63,183,159,66,211
191,63,191,155,65,226
191,63,199,150,64,237
191,63,207,142,63,242
191,63,215,134,61,245
191,63,223,128,59,246
191,63,231,123,58,248
191,63,239,121,57,249
191,63,247,120,57,250
191,63,255,123,57,251
191,71,0,162,54,15
191,71,7,162,54,19
191,71,15,163,55,25
191,71,23,165,57,32
191,71,31,167,59,39
191,71,39,168,61,45
191,71,47,170,63,52
191,71,55,171,65,59
191,71,63,173,66,66
191,71,71,174,68,73
191,71,79,174,69,81
191,71,87,175,69,88
191,71,95,174,70,95
191,71,103,174,70,102
191,71,111,174,70,109
191,71,119,173,70,116
191,71,127,172,70,124
191,71,135,171,70,132
191,71,143,170,71,141
191,71,151,168,71,150
191,71,159,167,72,161
191,71,167,165,72,172
191,71,175,163,72,187
191,71,183,161,72,205
191,71,191,158,72,221
191,71,199,153,70,234
191,71,207,146,69,242
191,71,215,139,66,245
191,71,223,132,65,246
191,71,231,128,64,247
191,71,239,125,63,248
191,71,247,124,62,249
191,71,255,125,62,250
191,79,0,163,59,15
191,79,7,163,60,18
191,79,15,164,61,23
191,79,23,165,63,30
191,79,31,167,65,37
191,79,39,169,67,44
191,79,47,171,69,51
191,79,55,172,71,58
191,79,63,173,73,65
191,79,71,174,74,72
191,79,79,175,75,79
191,79,87,175,76,86
191,79,95,175,76,93
191,79,103,175,76,100
191,79,111,174,76,107
191,79,119,174,77,114
191,79,127,173,77,122
191,79,135,172,77,130
191,79,143,171,77,138
191,79,151,170,78,147
191,79,159,168,78,158
191,79,167,167,78,168
191,79,175,165,79,182
191,79,183,163,78,198
191,79,191,160,78,215
191,79,199,156,77,230
191,79,207,150,75,241
191,79,215,143,72,245
191,79,223,137,71,246
191,79,231,133,69,247
191,79,239,130,69,248
191,79,247,128,68,249
191,79,255,128,66,250
191,87,0,165,65,15
191,87,7,163,65,17
191,87,15,164,67,22
191,87,23,166,69,29
191,87,31,168,71,36
191,87,39,169,73,43
191,87,47,171,75,50
191,87,55,173,77,57
191,87,63,174,79,64
191,87,71,175,80,71
191,87,79,176,81,78
191,87,87,176,82,85
191,87,95,176,82,92
191,87,103,176,83,99
191,87,111,175,83,106
191,87,119,174,83,112
191,87,127,174,83,120
191,87,135,173,84,128
191,87,143,172,84,136
191,87,151,171,84,145
191,87,159,170,84,155
191,87,167,168,85,164
191,87,175,167,85,177
191,87,183,165,85,192
191,87,191,163,84,208
191,87,199,159,83,225
191,87,207,154,81,238
191,87,215,148,79,245
191,87,223,142,77,246
191,87,231,138,75,247
191,87,239,135,74,248
191,87,247,132,73,249
191,87,255,130,72,250
191,95,0,166,71,15
191,95,7,164,72,16
191,95,15,165,73,21
191,95,23,167,75,28
191,95,31,168,77,34
191,95,39,170,79,41
191,95,47,172,81,49
191,95,55,174,83,56
191,95,63,175,85,62
191,95,71,176,86,70
191,95,79,176,87,77
191,95,87,177,88,84
191,95,95,176,88,91
191,95,103,176,89,98
191,95,111,176,89,104
191,95,119,175,89,111
191,95,127,174,89,118
191,95,135,174,90,126
191,95,143,173,90,134
191,95,151,172,90,142
191,95,159,171,90,152
191,95,167,169,91,162
191,95,175,168,91,173
191,95,183,166,91,187
191,95,191,164,90,202
191,95,199,162,89,219
191,95,207,158,88,234
191,95,215,152,85,244
191,95,223,147,83,247
191,95,231,142,82,248
191,95,239,139,81,249
191,95,247,136,79,250
191,95,255,133,77,251
191,103,0,167,78,15
191,103,7,165,78,16
191,103,15,166,79,20
191,103,23,168,81,26
191,103,31,169,83,33
191,103,39,171,85,40
191,103,47,173,87,48
191,103,55,175,89,55
191,103,63,176,90,61
191,103,71,176,92,68
191,103,79,177,93,76
191,103,87,177,94,83
191,103,95,177,94,90
191,103,103,177,95,96
191,103,111,176,95,103
191,103,119,175,95,109
191,103,127,175,96,116
191,103,135,174,96,124
191,103,143,173,96,131
191,103,151,173,96,140
191,103,159,172,97,149
191,103,167,170,97,158
191,103,175,169,97,169
191,103,183,168,97,182
191,103,191,166,96,196
191,103,199,164,96,213
191,103,207,161,94,229
191,103,215,156,92,242
191,103,223,151,90,247
191,103,231,147,88,248
191,103,239,144,87,249
191,103,247,141,86,250
191,103,255,136,83,251
191,111,0,168,85,14
191,111,7,166,84,15
191,111,15,167,85,18
191,111,23,169,87,25
191,111,31,170,89,31
191,111,39,172,91,39
191,111,47,174,93,46
191,111,55,176,95,54
191,111,63,177,96,60
191,111,71,177,98,67
191,111,79,178,99,74
191,111,87,178,99,82
191,111,95,178,100,89
191,111,103,177,101,95
191,111,111,176,101,102
191,111,119,176,101,108
191,111,127,175,101,115
191,111,135,174,102,122
191,111,143,174,102,129
191,111,151,173,102,137
191,111,159,172,102,146
191,111,167,171,103,155
191,111,175,170,103,165
191,111,183,168,103,177
191,111,191,167,102,191
191,111,199,166,102,207
191,111,207,164,101,224
191,111,215,160,99,239
191,111,223,155,97,247
191,111,231,152,95,249
191,111,239,149,94,250
191,111,247,145,92,251
191,111,255,139,90,252
191,119,0,169,92,13
191,119,7,167,91,14
191,119,15,167,92,17
191,119,23,169,94,23
191,119,31,171,95,30
191,119,39,173,97,37
191,119,47,175,99,45
191,119,55,176,101,53
191,119,63,177,102,59
191,119,71,178,103,66
191,119,79,178,104,73
191,119,87,178,105,81
191,119,95,178,106,88
191,119,103,178,107,94
191,119,111,177,107,101
191,119,119,176,107,107
191,119,127,174,107,113
191,119,135,173,108,120
191,119,143,174,108,127
191,119,151,173,108,135
191,119,159,172,108,143
191,119,167,171,108,152
191,119,175,170,109,162
191,119,183,169,109,173
191,119,191,168,108,186
191,119,199,167,108,201
191,119,207,166,107,219
191,119,215,163,106,235
191,119,223,159,103,245
191,119,231,156,102,249
191,119,239,153,101,250
191,119,247,149,99,251
191,119,255,143,98,252
191,127,0,170,99,13
191,127,7,168,97,13
191,127,15,168,98,16
191,127,23,170,100,22
191,127,31,171,101,28
191,127,39,173,103,36
191,127,47,175,105,44
191,127,55,177,107,51
191,127,63,178,108,58
191,127,71,179,109,65
191,127,79,179,110,73
191,127,87,179,111,80
191,127,95,179,112,87
191,127,103,178,112,93
191,127,111,176,113,100
191,127,119,175,113,106
191,127,127,174,113,112
191,127,135,174,113,119
191,127,143,173,114,126
191,127,151,173,114,133
191,127,159,172,114,141
191,127,167,172,114,150
191,127,175,171,115,159
191,127,183,170,115,169
191,127,191,169,114,181
191,127,199,168,114,195
191,127,207,167,114,213
191,127,215,165,112,230
191,127,223,162,110,243
191,127,231,159,109,249
191,127,239,156,107,251
191,127,247,153,106,252
191,127,255,146,105,253
191,135,0,171,106,12
191,135,7,169,104,13
191,135,15,169,104,15
191,135,23,170,106,21
191,135,31,172,107,27
191,135,39,174,109,34
191,135,47,176,111,42
191,135,55,178,113,50
191,135,63,179,114,57
191,135,71,179,116,64
191,135,79,180,117,72
191,135,87,180,117,79
191,135,95,179,118,86
191,135,103,179,119,92
191,135,111,177,119,99
191,135,119,176,119,105
191,135,127,175,119,112
191,135,135,174,120,119
191,135,143,173,120,125
191,135,151,173,120,132
191,135,159,172,120,140
191,135,167,172,121,147
191,135,175,171,121,156
191,135,183,171,121,166
191,135,191,170,121,177
191,135,199,170,121,190
191,135,207,169,120,208
191,135,215,167,119,226
191,135,223,165,117,241
191,135,231,162,116,249
191,135,239,160,114,251
191,135,247,157,113,252
191,135,255,150,112,253
191,143,0,173,113,11
191,143,7,169,110,12
191,143,15,169,110,14
191,143,23,171,112,19
191,143,31,172,114,26
191,143,39,174,115,33
191,143,47,176,117,41
191,143,55,178,119,49
191,143,63,179,121,56
191,143,71,180,122,63
191,143,79,181,123,71
191,143,87,181,124,78
191,143,95,180,124,85
191,143,103,180,125,91
191,143,111,178,125,98
191,143,119,177,125,105
191,143,127,176,126,111
191,143,135,175,126,117
191,143,143,174,126,124
191,143,151,174,126,130
191,143,159,173,127,138
191,143,167,173,127,146
191,143,175,172,127,154
191,143,183,171,127,162
191,143,191,170,127,174
191,143,199,171,127,186
191,143,207,170,127,203
191,143,215,169,126,222
191,143,223,167,125,238
191,143,231,165,123,248
191,143,239,164,121,252
191,143,247,160,120,253
191,143,255,153,119,254
191,151,0,174,119,11
191,151,7,170,116,12
191,151,15,170,116,13
191,151,23,171,118,18
191,151,31,173,120,24
191,151,39,174,122,31
191,151,47,177,124,40
191,151,55,179,126,48
191,151,63,180,127,55
191,151,71,181,128,62
191,151,79,182,130,70
191,151,87,182,130,77
191,151,95,182,131,84
191,151,103,181,132,91
191,151,111,179,132,97
191,151,119,178,132,104
191,151,127,177,132,110
191,151,135,176,132,117
191,151,143,175,133,123
191,151,151,174,134,129
191,151,159,173,134,136
191,151,167,173,134,144
191,151,175,173,133,152
191,151,183,172,133,161
191,151,191,171,133,171
191,151,199,171,134,182
191,151,207,172,134,199
191,151,215,171,133,218
191,151,223,170,132,234
191,151,231,168,130,247
191,151,239,167,129,253
191,151,247,164,127,254
191,151,255,156,126,255
191,159,0,174,125,11
191,159,7,170,122,12
191,159,15,169,122,13
191,159,23,171,124,17
191,159,31,172,126,22
191,159,39,174,128,30
191,159,47,177,130,38
191,159,55,179,132,47
191,159,63,180,134,54
191,159,71,182,135,61
191,159,79,182,136,69
191,159,87,183,137,76
191,159,95,183,138,83
191,159,103,183,139,90
191,159,111,181,139,96
191,159,119,180,139,103
191,159,127,179,139,110
191,159,135,178,139,116
191,159,143,176,140,121
191,159,151,175,140,127
191,159,159,174,140,134
191,159,167,173,141,141
191,159,175,173,141,149
191,159,183,172,141,158
191,159,191,173,140,169
191,159,199,172,140,181
191,159,207,172,140,195
191,159,215,172,140,213
191,159,223,172,139,230
191,159,231,171,138,244
191,159,239,170,136,252
191,159,247,167,135,254
191,159,255,159,134,255
191,167,0,175,132,11
191,167,7,170,128,12
191,167,15,169,128,13
191,167,23,171,130,16
191,167,31,172,132,21
191,167,39,174,134,28
191,167,47,176,136,37
191,167,55,179,138,45
191,167,63,180,140,52
191,167,71,182,142,60
191,167,79,183,143,68
191,167,87,184,144,75
191,167,95,184,145,83
191,167,103,184,146,90
191,167,111,183,146,96
191,167,119,182,146,102
191,167,127,181,146,109
191,167,135,180,146,115
191,167,143,178,147,121
191,167,151,177,148,126
191,167,159,176,147,133
191,167,167,175,147,140
191,167,175,174,147,147
191,167,183,173,148,155
191,167,191,173,148,165
191,167,199,172,147,177
191,167,207,173,148,192
191,167,215,173,148,208
191,167,223,173,147,225
191,167,231,173,146,241
191,167,239,172,144,251
191,167,247,170,143,255
191,167,255,162,142,255
191,175,0,175,138,11
191,175,7,170,134,12
191,175,15,169,134,13
191,175,23,170,136,15
191,175,31,172,137,20
191,175,39,173,140,27
191,175,47,176,142,35
191,175,55,178,144,44
191,175,63,180,146,51
191,175,71,182,148,59
191,175,79,183,150,66
191,175,87,185,151,74
191,175,95,185,152,82
191,175,103,185,153,89
191,175,111,185,154,95
191,175,119,184,154,102
191,175,127,183,154,108
191,175,135,182,154,115
191,175,143,181,154,120
191,175,151,179,155,126
191,175,159,178,155,132
191,175,167,176,155,138
191,175,175,175,155,145
191,175,183,174,155,153
191,175,191,174,155,163
191,175,199,174,156,173
191,175,207,174,155,188
191,175,215,175,156,204
191,175,223,175,155,219
191,175,231,174,154,237
191,175,239,175,153,250
191,175,247,172,152,255
191,175,255,165,151,255
191,183,0,174,143,11
191,183,7,169,140,12
191,183,15,168,140,13
191,183,23,169,141,15
191,183,31,170,143,19
191,183,39,172,145,26
191,183,47,175,148,34
191,183,55,177,150,42
191,183,63,179,152,50
191,183,71,181,154,57
191,183,79,183,156,65
191,183,87,185,158,73
191,183,95,186,159,81
191,183,103,187,161,88
191,183,111,187,161,95
191,183,119,186,162,101
191,183,127,185,162,107
191,183,135,184,163,114
191,183,143,183,163,120
191,183,151,181,163,126
191,183,159,180,164,131
191,183,167,178,163,138
191,183,175,177,164,144
191,183,183,176,164,151
191,183,191,175,164,160
191,183,199,175,165,170
191,183,207,176,165,184
191,183,215,175,164,200
191,183,223,175,164,217
191,183,231,176,163,234
191,183,239,176,162,247
191,183,247,175,161,254
191,183,255,168,159,255
191,191,0,174,150,12
191,191,7,169,146,13
191,191,15,167,146,14
191,191,23,168,147,15
191,191,31,169,149,18
191,191,39,171,151,24
191,191,47,173,153,32
191,191,55,176,156,40
191,191,63,178,158,48
191,191,71,180,160,56
191,191,79,183,162,64
191,191,87,184,164,71
191,191,95,186,166,79
191,191,103,187,167,87
191,191,111,187,169,94
191,191,119,187,170,100
191,191,127,187,170,107
191,191,135,186,171,113
191,191,143,185,171,119
191,191,151,184,171,125
191,191,159,182,171,131
191,191,167,181,172,137
191,191,175,179,172,143
191,191,183,178,173,150
191,191,191,177,173,158
191,191,199,176,174,168
191,191,207,177,175,180
191,191,215,178,175,195
191,191,223,177,173,212
191,191,231,177,173,229
191,191,239,178,172,244
191,191,247,177,171,252
191,191,255,170,168,254
191,199,0,173,156,12
191,199,7,168,152,13
191,199,15,166,152,14
191,199,23,167,153,15
191,199,31,168,155,17
191,199,39,169,157,23
191,199,47,172,159,30
191,199,55,174,162,38
191,199,63,177,164,46
191,199,71,179,166,54
191,199,79,181,168,62
191,199,87,184,170,70
191,199,95,185,172,78
191,199,103,187,174,86
191,199,111,188,176,93
191,199,119,188,177,100
191,199,127,188,178,106
191,199,135,188,179,112
191,199,143,187,180,118
191,199,151,186,180,125
191,199,159,185,180,131
191,199,167,183,180,137
191,199,175,182,181,143
191,199,183,181,182,150
191,199,191,179,183,157
191,199,199,178,183,165
191,199,207,178,184,176
191,199,215,179,185,190
191,199,223,179,185,205
191,199,231,179,183,222
191,199,239,179,183,238
191,199,247,178,181,248
191,199,255,173,178,250
191,207,0,172,163,12
191,207,7,166,159,13
191,207,15,164,158,14
191,207,23,165,159,15
191,207,31,166,160,17
191,207,39,168,162,22
191,207,47,170,164,28
191,207,55,172,167,36
191,207,63,175,169,44
191,207,71,177,171,52
191,207,79,180,173,60
191,207,87,182,176,68
191,207,95,184,178,76
191,207,103,186,180,84
191,207,111,187,182,91
191,207,119,188,184,98
191,207,127,189,185,105
191,207,135,189,186,111
191,207,143,189,187,118
191,207,151,188,188,124
191,207,159,187,188,131
191,207,167,186,189,137
191,207,175,184,189,143
191,207,183,183,190,149
191,207,191,182,191,156
191,207,199,181,193,164
191,207,207,180,194,174
191,207,215,180,194,186
191,207,223,180,195,200
191,207,231,181,195,216
191,207,239,181,194,233
191,207,247,179,192,245
191,207,255,175,188,249
191,215,0,170,170,13
191,215,7,165,166,14
191,215,15,163,165,15
191,215,23,164,165,16
191,215,31,165,166,17
191,215,39,166,168,21
191,215,47,168,170,27
191,215,55,171,172,35
191,215,63,173,173,42
191,215,71,175,176,50
191,215,79,178,178,58
191,215,87,180,180,66
191,215,95,182,182,74
191,215,103,185,185,82
191,215,111,186,187,90
191,215,119,188,189,97
191,215,127,188,190,104
191,215,135,189,192,110
191,215,143,190,194,117
191,215,151,190,195,123
191,215,159,188,195,129
191,215,167,188,196,136
191,215,175,187,197,143
191,215,183,185,198,149
191,215,191,184,199,156
191,215,199,183,201,163
191,215,207,182,203,172
191,215,215,182,203,183
191,215,223,182,204,196
191,215,231,182,205,211
191,215,239,183,206,228
191,215,247,181,203,242
191,215,255,177,198,248
191,223,0,168,178,13
191,223,7,164,174,14
191,223,15,162,172,15
191,223,23,162,173,16
191,223,31,163,173,17
191,223,39,165,174,20
191,223,47,167,176,26
191,223,55,169,177,33
191,223,63,171,179,41
191,223,71,174,181,48
191,223,79,177,183,57
191,223,87,179,185,65
191,223,95,181,187,72
191,223,103,183,190,80
191,223,111,185,192,88
191,223,119,187,194,96
191,223,127,188,195,102
191,223,135,189,197,109
191,223,143,190,199,116
191,223,151,190,201,122
191,223,159,190,201,128
191,223,167,189,203,135
191,223,175,189,204,141
191,223,183,188,205,148
191,223,191,186,206,155
191,223,199,185,208,163
191,223,207,185,209,172
191,223,215,184,211,181
191,223,223,184,213,194
191,223,231,183,214,208
191,223,239,183,215,224
191,223,247,183,213,239
191,223,255,179,208,247
191,231,0,166,187,13
191,231,7,162,182,14
191,231,15,161,180,15
191,231,23,161,180,16
191,231,31,162,181,17
191,231,39,164,182,20
191,231,47,166,183,25
191,231,55,168,184,32
191,231,63,170,186,39
191,231,71,173,188,47
191,231,79,176,190,55
191,231,87,178,191,63
191,231,95,180,193,71
191,231,103,183,195,79
191,231,111,185,198,86
191,231,119,186,199,94
191,231,127,188,201,101
191,231,135,189,203,108
191,231,143,190,205,115
191,231,151,191,207,121
191,231,159,191,208,128
191,231,167,191,210,134
191,231,175,190,211,141
191,231,183,189,212,147
191,231,191,189,213,155
191,231,199,187,215,162
191,231,207,186,216,170
191,231,215,186,218,180
191,231,223,185,220,191
191,231,231,184,222,205
191,231,239,184,225,220
191,231,247,184,222,235
191,231,255,181,218,246
191,239,0,163,196,12
191,239,7,160,192,13
191,239,15,159,189,14
191,239,23,160,189,15
191,239,31,161,189,16
191,239,39,162,189,19
191,239,47,164,190,24
191,239,55,167,191,30
191,239,63,169,192,38
191,239,71,172,193,45
191,239,79,174,195,53
191,239,87,177,196,61
191,239,95,179,198,69
191,239,103,182,200,77
191,239,111,184,202,85
191,239,119,186,204,93
191,239,127,187,205,100
191,239,135,189,208,107
191,239,143,190,210,114
191,239,151,191,211,121
191,239,159,191,213,127
191,239,167,192,215,134
191,239,175,192,216,140
191,239,183,191,218,146
191,239,191,190,219,153
191,239,199,189,221,160
191,239,207,188,223,169
191,239,215,187,226,178
191,239,223,187,228,189
191,239,231,187,230,202
191,239,239,186,232,217
191,239,247,185,232,233
191,239,255,183,229,245
191,247,0,160,206,11
191,247,7,159,203,12
191,247,15,159,202,13
191,247,23,159,201,14
191,247,31,161,201,16
191,247,39,162,201,19
191,247,47,164,201,24
191,247,55,167,202,30
191,247,63,169,202,37
191,247,71,172,203,44
191,247,79,174,204,52
191,247,87,177,205,60
191,247,95,180,206,67
191,247,103,182,208,75
191,247,111,184,210,83
191,247,119,186,211,91
191,247,127,188,213,98
191,247,135,189,215,106
191,247,143,191,217,113
191,247,151,192,218,120
191,247,159,192,220,126
191,247,167,193,222,133
191,247,175,193,224,140
191,247,183,193,226,146
191,247,191,193,227,153
191,247,199,191,229,161
191,247,207,191,232,169
191,247,215,190,234,179
191,247,223,189,237,190
191,247,231,188,239,202
191,247,239,188,241,216
191,247,247,187,241,231
191,247,255,184,240,245
191,255,0,157,217,9
191,255,7,158,218,10
191,255,15,159,218,11
191,255,23,161,219,14
191,255,31,163,219,17
191,255,39,165,220,21
191,255,47,167,221,26
191,255,55,170,221,31
191,255,63,172,222,38
191,255,71,175,223,44
191,255,79,178,224,51
191,255,87,180,224,58
191,255,95,183,225,66
191,255,103,185,226,73
191,255,111,187,228,81
191,255,119,189,229,88
191,255,127,190,230,96
191,255,135,192,231,104
191,255,143,193,232,111
191,255,151,194,233,118
191,255,159,195,235,126
191,255,167,195,236,133
191,255,175,196,238,141
191,255,183,196,240,148
191,255,191,196,241,157
191,255,199,196,243,165
191,255,207,194,245,174
191,255,215,194,246,184
191,255,223,193,248,194
191,255,231,191,249,206
191,255,239,189,250,219
191,255,247,188,251,232
191,255,255,186,251,245
199,0,0,169,10,11
199,0,7,171,12,19
199,0,15,174,14,27
199,0,23,175,15,35
199,0,31,177,16,43
199,0,39,177,17,51
199,0,47,177,17,59
199,0,55,177,17,67
199,0,63,177,17,75
199,0,71,176,17,84
199,0,79,174,17,92
199,0,87,173,17,100
199,0,95,171,16,109
199,0,103,169,16,118
199,0,111,167,16,127
199,0,119,166,16,136
199,0,127,163,16,146
199,0,135,161,16,156
199,0,143,159,16,166
199,0,151,157,16,176
199,0,159,154,16,186
199,0,167,152,16,195
199,0,175,150,16,205
199,0,183,147,16,214
199,0,191,145,17,222
199,0,199,143,17,230
199,0,207,140,17,236
199,0,215,138,17,242
199,0,223,136,17,247
199,0,231,134,17,251
199,0,239,132,17,252
199,0,247,130,17,253
199,0,255,128,17,254
199,7,0,167,14,12
199,7,7,170,17,20
199,7,15,171,20,29
199,7,23,173,22,37
199,7,31,174,23,44
199,7,39,175,24,52
199,7,47,176,25,59
199,7,55,176,25,67
199,7,63,176,26,75
199,7,71,176,26,83
199,7,79,175,26,91
199,7,87,174,26,99
199,7,95,173,26,107
199,7,103,171,26,115
199,7,111,170,26,123
199,7,119,168,26,132
199,7,127,167,26,141
199,7,135,165,26,150
199,7,143,163,26,160
199,7,151,161,26,171
199,7,159,159,27,183
199,7,167,157,27,197
199,7,175,154,27,210
199,7,183,151,27,221
199,7,191,147,27,229
199,7,199,143,27,235
199,7,207,139,26,240
199,7,215,136,26,244
199,7,223,132,25,248
199,7,231,130,24,250
199,7,239,128,24,252
199,7,247,127,23,253
199,7,255,127,22,254
199,15,0,166,18,13
199,15,7,168,22,22
199,15,15,170,25,30
199,15,23,172,27,38
199,15,31,173,29,45
199,15,39,174,30,52
199,15,47,175,31,59
199,15,55,175,32,66
199,15,63,176,32,74
199,15,71,176,33,82
199,15,79,176,33,90
199,15,87,175,33,98
199,15,95,174,33,105
199,15,103,173,33,113
199,15,111,172,32,121
199,15,119,170,33,129
199,15,127,169,33,138
199,15,135,168,33,146
199,15,143,166,33,156
199,15,151,165,34,167
199,15,159,163,34,181
199,15,167,161,35,196
199,15,175,158,35,211
199,15,183,154,35,224
199,15,191,150,35,233
199,15,199,145,34,238
199,15,207,140,34,242
199,15,215,135,33,245
199,15,223,131,32,248
199,15,231,127,31,250
199,15,239,125,30,251
199,15,247,124,29,252
199,15,255,127,28,253
199,23,0,166,23,13
199,23,7,168,27,22
199,23,15,169,30,31
199,23,23,171,31,38
199,23,31,172,33,44
199,23,39,174,34,51
199,23,47,175,35,58
199,23,55,175,36,66
199,23,63,176,37,74
199,23,71,176,37,81
199,23,79,176,37,89
199,23,87,176,37,97
199,23,95,175,37,104
199,23,103,174,37,112
199,23,111,173,37,120
199,23,119,172,37,128
199,23,127,171,38,136
199,23,135,169,38,145
199,23,143,168,38,154
199,23,151,167,39,165
199,23,159,165,39,178
199,23,167,163,40,194
199,23,175,160,40,210
199,23,183,156,40,224
199,23,191,152,40,232
199,23,199,146,39,238
199,23,207,141,39,242
199,23,215,135,38,244
199,23,223,131,37,247
199,23,231,126,35,249
199,23,239,123,35,250
199,23,247,123,34,251
199,23,255,127,33,252
199,31,0,166,28,14
199,31,7,167,31,22
199,31,15,169,33,30
199,31,23,171,35,37
199,31,31,172,37,44
199,31,39,174,38,51
199,31,47,175,39,58
199,31,55,176,40,65
199,31,63,176,41,73
199,31,71,177,42,80
199,31,79,177,42,88
199,31,87,177,42,95
199,31,95,176,43,103
199,31,103,175,43,110
199,31,111,174,43,118
199,31,119,173,43,126
199,31,127,172,43,134
199,31,135,171,43,143
199,31,143,170,44,153
199,31,151,168,44,163
199,31,159,167,45,176
199,31,167,165,45,190
199,31,175,162,45,207
199,31,183,158,45,222
199,31,191,153,45,232
199,31,199,148,45,238
199,31,207,142,44,242
199,31,215,136,42,244
199,31,223,130,41,247
199,31,231,125,40,248
199,31,239,123,39,249
199,31,247,123,39,250
199,31,255,127,38,251
199,39,0,166,32,14
199,39,7,167,35,22
199,39,15,169,37,30
199,39,23,171,39,37
199,39,31,172,41,44
199,39,39,174,42,50
199,39,47,175,44,57
199,39,55,176,45,64
199,39,63,177,46,72
199,39,71,178,46,79
199,39,79,178,47,87
199,39,87,178,47,94
199,39,95,177,48,101
199,39,103,177,48,109
199,39,111,176,48,116
199,39,119,175,48,124
199,39,127,174,48,132
199,39,135,173,49,141
199,39,143,172,49,150
199,39,151,170,49,161
199,39,159,168,50,173
199,39,167,167,50,188
199,39,175,164,50,204
199,39,183,161,50,220
199,39,191,156,50,231
199,39,199,151,50,238
199,39,207,144,48,242
199,39,215,137,47,245
199,39,223,130,46,247
199,39,231,125,44,248
199,39,239,122,43,249
199,39,247,122,43,250
199,39,255,128,43,251
199,47,0,166,37,15
199,47,7,167,39,22
199,47,15,169,41,30
199,47,23,171,43,36
199,47,31,173,45,43
199,47,39,174,47,49
199,47,47,175,48,56
199,47,55,177,49,63
199,47,63,178,50,71
199,47,71,179,51,78
199,47,79,179,52,86
199,47,87,179,52,93
199,47,95,179,53,100
199,47,103,178,53,107
199,47,111,177,53,115
199,47,119,176,53,122
199,47,127,176,53,130
199,47,135,175,54,139
199,47,143,173,54,148
199,47,151,172,54,158
199,47,159,170,55,170
199,47,167,169,55,184
199,47,175,166,55,201
199,47,183,163,55,217
199,47,191,158,55,229
199,47,199,153,54,238
199,47,207,146,53,243
199,47,215,138,52,245
199,47,223,131,50,246
199,47,231,125,49,248
199,47,239,122,48,249
199,47,247,123,47,250
199,47,255,129,48,251
199,55,0,167,42,15
199,55,7,168,44,22
199,55,15,169,46,29
199,55,23,171,48,36
199,55,31,173,49,42
199,55,39,174,51,48
199,55,47,176,53,55
199,55,55,177,54,62
199,55,63,178,55,70
199,55,71,179,56,77
199,55,79,180,57,84
199,55,87,180,58,91
199,55,95,180,58,98
199,55,103,179,58,106
199,55,111,179,59,113
199,55,119,178,59,120
199,55,127,177,59,128
199,55,135,176,59,137
199,55,143,175,59,146
199,55,151,174,60,155
199,55,159,172,60,167
199,55,167,170,60,180
199,55,175,168,60,196
199,55,183,165,61,213
199,55,191,161,60,227
199,55,199,156,60,237
199,55,207,149,58,243
199,55,215,140,56,245
199,55,223,133,55,246
199,55,231,127,53,247
199,55,239,124,52,248
199,55,247,124,52,249
199,55,255,130,53,250
199,63,0,168,48,15
199,63,7,168,49,21
199,63,15,170,50,28
199,63,23,171,52,34
199,63,31,173,54,41
199,63,39,175,56,48
199,63,47,176,58,54
199,63,55,178,60,61
199,63,63,179,61,68
199,63,71,180,62,76
199,63,79,181,63,83
199,63,87,181,64,90
199,63,95,181,64,97
199,63,103,181,64,104
199,63,111,180,65,111
199,63,119,179,65,118
199,63,127,178,65,126
199,63,135,178,65,135
199,63,143,177,65,144
199,63,151,175,66,153
199,63,159,173,66,164
199,63,167,172,66,175
199,63,175,170,66,190
199,63,183,167,67,207
199,63,191,163,66,223
199,63,199,159,66,235
199,63,207,152,64,242
199,63,215,144,62,245
199,63,223,137,60,246
199,63,231,131,59,248
199,63,239,127,58,249
199,63,247,127,57,250
199,63,255,132,57,251
199,71,0,169,53,16
199,71,7,169,54,20
199,71,15,170,55,27
199,71,23,172,58,33
199,71,31,174,60,40
199,71,39,175,62,47
199,71,47,177,64,53
199,71,55,179,65,60
199,71,63,180,67,67
199,71,71,181,68,74
199,71,79,182,69,82
199,71,87,182,70,89
199,71,95,182,70,95
199,71,103,182,71,103
199,71,111,181,71,109
199,71,119,181,71,117
199,71,127,180,71,124
199,71,135,179,71,133
199,71,143,178,71,141
199,71,151,177,72,150
199,71,159,175,72,161
199,71,167,174,72,171
199,71,175,172,73,185
199,71,183,169,73,201
199,71,191,166,72,218
199,71,199,162,71,232
199,71,207,156,70,242
199,71,215,148,68,245
199,71,223,141,66,246
199,71,231,136,64,247
199,71,239,132,63,248
199,71,247,131,63,249
199,71,255,134,62,250
199,79,0,171,59,16
199,79,7,170,59,19
199,79,15,171,61,25
199,79,23,173,63,32
199,79,31,174,65,39
199,79,39,176,67,45
199,79,47,178,69,52
199,79,55,179,71,59
199,79,63,181,73,66
199,79,71,182,74,73
199,79,79,183,75,80
199,79,87,183,76,87
199,79,95,183,76,94
199,79,103,183,77,101
199,79,111,183,77,108
199,79,119,182,77,115
199,79,127,181,77,122
199,79,135,181,77,130
199,79,143,180,78,139
199,79,151,179,78,148
199,79,159,177,78,158
199,79,167,175,79,167
199,79,175,174,79,180
199,79,183,172,79,196
199,79,191,169,78,212
199,79,199,165,78,228
199,79,207,160,76,240
199,79,215,153,74,245
199,79,223,146,72,246
199,79,231,141,70,247
199,79,239,137,69,248
199,79,247,135,68,249
199,79,255,136,67,250
199,87,0,172,64,16
199,87,7,171,65,19
199,87,15,172,66,24
199,87,23,173,69,31
199,87,31,175,71,37
199,87,39,177,73,44
199,87,47,179,75,51
199,87,55,180,77,58
199,87,63,182,79,65
199,87,71,183,80,72
199,87,79,184,81,79
199,87,87,184,82,86
199,87,95,184,83,93
199,87,103,184,83,100
199,87,111,184,83,106
199,87,119,183,83,113
199,87,127,182,84,120
199,87,135,182,84,128
199,87,143,181,84,136
199,87,151,180,85,145
199,87,159,178,85,155
199,87,167,177,85,164
199,87,175,175,85,176
199,87,183,173,85,190
199,87,191,171,85,206
199,87,199,168,84,223
199,87,207,163,82,236
199,87,215,157,80,245
199,87,223,151,78,247
199,87,231,146,76,248
199,87,239,142,75,249
199,87,247,139,74,250
199,87,255,139,73,251
199,95,0,173,71,16
199,95,7,172,71,18
199,95,15,173,72,23
199,95,23,174,74,29
199,95,31,176,76,36
199,95,39,178,79,43
199,95,47,180,81,50
199,95,55,181,83,57
199,95,63,182,84,63
199,95,71,184,86,70
199,95,79,184,87,78
199,95,87,185,88,85
199,95,95,185,89,92
199,95,103,185,89,98
199,95,111,184,89,105
199,95,119,184,90,112
199,95,127,183,90,119
199,95,135,182,90,126
199,95,143,182,90,134
199,95,151,181,91,143
199,95,159,180,91,152
199,95,167,178,91,162
199,95,175,177,91,173
199,95,183,175,91,186
199,95,191,173,91,200
199,95,199,170,90,217
199,95,207,166,89,232
199,95,215,161,86,243
199,95,223,155,84,247
199,95,231,150,82,248
199,95,239,147,81,249
199,95,247,144,80,250
199,95,255,142,78,251
199,103,0,175,77,16
199,103,7,173,77,17
199,103,15,174,78,22
199,103,23,175,81,28
199,103,31,177,82,35
199,103,39,179,85,42
199,103,47,181,87,49
199,103,55,182,89,56
199,103,63,184,90,62
199,103,71,185,92,69
199,103,79,185,93,77
199,103,87,186,94,84
199,103,95,186,95,90
199,103,103,185,95,97
199,103,111,185,96,104
199,103,119,184,96,110
199,103,127,184,96,117
199,103,135,183,96,125
199,103,143,183,97,132
199,103,151,182,97,140
199,103,159,181,97,149
199,103,167,179,97,159
199,103,175,178,97,169
199,103,183,176,97,181
199,103,191,175,97,195
199,103,199,173,97,212
199,103,207,170,95,228
199,103,215,165,93,241
199,103,223,160,91,247
199,103,231,155,89,249
199,103,239,151,87,250
199,103,247,148,86,251
199,103,255,145,84,252
199,111,0,176,83,16
199,111,7,174,83,17
199,111,15,175,85,20
199,111,23,177,87,27
199,111,31,178,88,33
199,111,39,180,90,40
199,111,47,182,93,48
199,111,55,184,95,55
199,111,63,185,96,61
199,111,71,185,97,68
199,111,79,186,99,75
199,111,87,186,100,82
199,111,95,186,100,89
199,111,103,186,101,96
199,111,111,186,102,103
199,111,119,185,102,109
199,111,127,184,102,116
199,111,135,184,102,123
199,111,143,183,103,130
199,111,151,183,103,138
199,111,159,181,103,147
199,111,167,180,103,156
199,111,175,179,103,165
199,111,183,178,103,177
199,111,191,176,103,190
199,111,199,175,103,206
199,111,207,172,102,223
199,111,215,168,100,238
199,111,223,164,97,247
199,111,231,160,95,249
199,111,239,156,94,250
199,111,247,152,92,251
199,111,255,148,91,252
199,119,0,177,90,15
199,119,7,175,90,16
199,119,15,176,91,19
199,119,23,177,93,25
199,119,31,179,95,32
199,119,39,181,96,39
199,119,47,183,98,46
199,119,55,184,100,54
199,119,63,185,102,60
199,119,71,186,103,67
199,119,79,187,104,74
199,119,87,187,105,81
199,119,95,187,106,88
199,119,103,187,107,95
199,119,111,186,107,102
199,119,119,185,108,108
199,119,127,184,108,114
199,119,135,184,108,121
199,119,143,183,108,128
199,119,151,183,109,136
199,119,159,182,109,144
199,119,167,181,109,153
199,119,175,180,109,162
199,119,183,178,109,173
199,119,191,177,109,186
199,119,199,176,109,201
199,119,207,174,108,218
199,119,215,171,106,234
199,119,223,167,104,245
199,119,231,164,102,250
199,119,239,160,101,251
199,119,247,157,99,252
199,119,255,152,98,253
199,127,0,178,97,14
199,127,7,176,97,15
199,127,15,176,97,18
199,127,23,178,99,24
199,127,31,179,101,30
199,127,39,181,102,37
199,127,47,183,104,45
199,127,55,185,106,52
199,127,63,186,108,59
199,127,71,187,109,66
199,127,79,188,110,73
199,127,87,188,111,80
199,127,95,187,112,87
199,127,103,187,113,94
199,127,111,186,113,101
199,127,119,185,114,107
199,127,127,184,114,113
199,127,135,183,114,120
199,127,143,182,114,127
199,127,151,182,115,134
199,127,159,182,115,142
199,127,167,181,115,150
199,127,175,180,115,159
199,127,183,179,115,169
199,127,191,178,115,181
199,127,199,177,115,195
199,127,207,176,114,212
199,127,215,173,113,230
199,127,223,170,111,243
199,127,231,167,109,250
199,127,239,164,107,251
199,127,247,161,106,252
199,127,255,155,105,253
199,135,0,179,105,14
199,135,7,177,103,14
199,135,15,177,104,17
199,135,23,179,105,22
199,135,31,180,107,29
199,135,39,182,109,36
199,135,47,184,111,44
199,135,55,186,113,51
199,135,63,187,114,58
199,135,71,188,115,65
199,135,79,188,117,72
199,135,87,189,117,80
199,135,95,188,118,86
199,135,103,188,119,93
199,135,111,187,119,100
199,135,119,185,120,106
199,135,127,184,120,112
199,135,135,183,120,119
199,135,143,183,120,125
199,135,151,182,121,132
199,135,159,182,121,140
199,135,167,181,121,148
199,135,175,181,121,157
199,135,183,180,121,166
199,135,191,179,121,178
199,135,199,178,121,191
199,135,207,177,121,208
199,135,215,176,120,226
199,135,223,173,118,241
199,135,231,171,116,250
199,135,239,168,114,252
199,135,247,164,113,253
199,135,255,158,113,254
199,143,0,180,111,13
199,143,7,178,110,14
199,143,15,178,110,16
199,143,23,180,112,21
199,143,31,181,113,27
199,143,39,183,115,35
199,143,47,185,117,42
199,143,55,187,119,50
199,143,63,188,120,57
199,143,71,189,122,64
199,143,79,189,123,71
199,143,87,189,124,79
199,143,95,189,125,86
199,143,103,189,125,92
199,143,111,187,126,99
199,143,119,186,126,105
199,143,127,185,126,112
199,143,135,184,126,118
199,143,143,184,127,125
199,143,151,183,127,132
199,143,159,182,127,139
199,143,167,182,127,147
199,143,175,181,128,154
199,143,183,180,128,163
199,143,191,180,128,175
199,143,199,180,128,187
199,143,207,179,127,204
199,143,215,178,127,222
199,143,223,176,125,238
199,143,231,174,123,249
199,143,239,172,121,253
199,143,247,168,120,254
199,143,255,162,120,255
199,151,0,181,118,12
199,151,7,179,116,13
199,151,15,178,116,15
199,151,23,180,118,20
199,151,31,181,119,26
199,151,39,183,121,33
199,151,47,185,123,41
199,151,55,187,125,49
199,151,63,188,127,56
199,151,71,189,128,63
199,151,79,190,129,70
199,151,87,190,130,78
199,151,95,190,131,85
199,151,103,190,132,92
199,151,111,188,132,98
199,151,119,187,132,104
199,151,127,186,132,111
199,151,135,185,133,118
199,151,143,184,133,124
199,151,151,184,133,130
199,151,159,183,133,137
199,151,167,183,134,145
199,151,175,182,134,152
199,151,183,181,134,161
199,151,191,180,134,171
199,151,199,180,134,183
199,151,207,180,134,200
199,151,215,179,133,218
199,151,223,178,132,235
199,151,231,176,130,247
199,151,239,175,129,253
199,151,247,171,127,255
199,151,255,165,127,255
199,159,0,182,124,12
199,159,7,179,122,13
199,159,15,179,122,14
199,159,23,180,124,18
199,159,31,181,125,24
199,159,39,183,127,31
199,159,47,185,129,39
199,159,55,187,131,47
199,159,63,188,133,54
199,159,71,190,134,62
199,159,79,191,136,69
199,159,87,191,137,77
199,159,95,191,138,84
199,159,103,191,138,91
199,159,111,190,139,97
199,159,119,188,139,103
199,159,127,187,139,110
199,159,135,187,139,117
199,159,143,186,140,123
199,159,151,185,141,129
199,159,159,183,141,135
199,159,167,182,141,142
199,159,175,182,141,150
199,159,183,182,140,159
199,159,191,181,140,169
199,159,199,180,140,179
199,159,207,180,141,195
199,159,215,180,140,213
199,159,223,180,139,230
199,159,231,179,138,244
199,159,239,177,136,253
199,159,247,174,135,255
199,159,255,168,134,255
199,167,0,182,131,12
199,167,7,179,128,13
199,167,15,178,128,14
199,167,23,180,130,17
199,167,31,181,131,23
199,167,39,183,133,30
199,167,47,185,135,38
199,167,55,187,138,46
199,167,63,189,139,53
199,167,71,190,141,61
199,167,79,191,142,68
199,167,87,192,144,76
199,167,95,192,145,83
199,167,103,192,145,90
199,167,111,192,146,97
199,167,119,190,146,103
199,167,127,189,146,110
199,167,135,188,146,116
199,167,143,187,147,122
199,167,151,185,148,127
199,167,159,184,148,134
199,167,167,183,148,140
199,167,175,183,148,148
199,167,183,182,148,156
199,167,191,181,148,166
199,167,199,181,147,178
199,167,207,181,148,192
199,167,215,181,148,208
199,167,223,180,147,225
199,167,231,181,146,241
199,167,239,180,144,252
199,167,247,177,143,255
199,167,255,171,142,255
199,175,0,183,136,12
199,175,7,179,134,13
199,175,15,178,134,14
199,175,23,179,136,17
199,175,31,181,137,22
199,175,39,182,139,29
199,175,47,185,141,37
199,175,55,187,144,45
199,175,63,188,145,52
199,175,71,190,147,59
199,175,79,192,149,67
199,175,87,193,151,75
199,175,95,193,152,82
199,175,103,194,153,89
199,175,111,194,153,96
199,175,119,193,154,102
199,175,127,191,154,108
199,175,135,190,154,115
199,175,143,189,154,121
199,175,151,187,154,127
199,175,159,186,155,133
199,175,167,185,155,139
199,175,175,184,155,146
199,175,183,183,155,154
199,175,191,182,155,163
199,175,199,181,156,173
199,175,207,181,155,188
199,175,215,182,155,204
199,175,223,182,155,219
199,175,231,182,154,236
199,175,239,183,152,250
199,175,247,180,151,255
199,175,255,174,150,255
199,183,0,182,142,12
199,183,7,178,140,13
199,183,15,177,140,14
199,183,23,179,141,16
199,183,31,180,143,21
199,183,39,181,145,27
199,183,47,184,147,35
199,183,55,186,150,43
199,183,63,188,152,51
199,183,71,190,154,58
199,183,79,192,155,66
199,183,87,193,157,74
199,183,95,194,159,81
199,183,103,195,160,89
199,183,111,195,161,96
199,183,119,195,161,102
199,183,127,193,162,108
199,183,135,192,162,114
199,183,143,191,162,121
199,183,151,190,162,127
199,183,159,188,163,132
199,183,167,187,163,138
199,183,175,185,163,145
199,183,183,183,163,152
199,183,191,183,163,161
199,183,199,183,164,170
199,183,207,183,164,184
199,183,215,183,164,200
199,183,223,184,163,216
199,183,231,184,163,232
199,183,239,184,161,247
199,183,247,183,160,254
199,183,255,176,159,255
199,191,0,182,149,12
199,191,7,178,146,13
199,191,15,176,146,14
199,191,23,177,147,15
199,191,31,178,148,19
199,191,39,180,150,26
199,191,47,182,153,33
199,191,55,184,155,41
199,191,63,187,157,49
199,191,71,189,159,57
199,191,79,191,161,64
199,191,87,193,163,72
199,191,95,194,165,80
199,191,103,195,167,88
199,191,111,196,168,95
199,191,119,196,169,101
199,191,127,195,169,107
199,191,135,194,170,113
199,191,143,193,170,120
199,191,151,192,170,126
199,191,159,190,171,132
199,191,167,189,172,138
199,191,175,187,171,144
199,191,183,185,172,151
199,191,191,184,172,159
199,191,199,183,173,168
199,191,207,184,173,180
199,191,215,185,174,195
199,191,223,184,172,211
199,191,231,185,172,228
199,191,239,186,171,244
199,191,247,184,170,252
199,191,255,179,168,254
199,199,0,181,155,13
199,199,7,177,152,14
199,199,15,175,152,15
199,199,23,176,153,16
199,199,31,177,154,19
199,199,39,178,156,24
199,199,47,181,159,31
199,199,55,183,161,40
199,199,63,185,163,47
199,199,71,188,165,55
199,199,79,190,168,63
199,199,87,192,170,71
199,199,95,194,172,79
199,199,103,195,174,86
199,199,111,196,176,94
199,199,119,197,177,101
199,199,127,197,177,107
199,199,135,196,178,113
199,199,143,195,179,119
199,199,151,194,179,126
199,199,159,193,179,132
199,199,167,191,179,138
199,199,175,190,180,144
199,199,183,188,181,150
199,199,191,186,182,157
199,199,199,185,182,166
199,199,207,185,183,177
199,199,215,186,184,190
199,199,223,186,183,205
199,199,231,186,182,223
199,199,239,187,181,239
199,199,247,185,180,248
199,199,255,181,177,251
199,207,0,180,162,13
199,207,7,176,159,14
199,207,15,174,158,15
199,207,23,174,159,16
199,207,31,175,160,18
199,207,39,177,162,23
199,207,47,179,164,30
199,207,55,181,166,38
199,207,63,184,168,46
199,207,71,186,171,53
199,207,79,189,173,61
199,207,87,191,175,69
199,207,95,193,177,77
199,207,103,195,180,85
199,207,111,196,182,93
199,207,119,197,183,100
199,207,127,197,184,106
199,207,135,197,186,112
199,207,143,197,187,119
199,207,151,196,187,125
199,207,159,195,187,132
199,207,167,194,188,138
199,207,175,192,188,144
199,207,183,190,190,150
199,207,191,189,190,157
199,207,199,188,191,164
199,207,207,187,192,174
199,207,215,187,193,186
199,207,223,187,193,201
199,207,231,188,194,217
199,207,239,188,192,234
199,207,247,187,191,246
199,207,255,183,187,249
199,215,0,179,169,13
199,215,7,174,166,14
199,215,15,173,165,15
199,215,23,173,165,16
199,215,31,174,166,18
199,215,39,175,168,22
199,215,47,177,170,28
199,215,55,180,172,36
199,215,63,182,173,44
199,215,71,184,176,51
199,215,79,187,178,60
199,215,87,189,180,67
199,215,95,191,182,75
199,215,103,194,185,83
199,215,111,195,187,91
199,215,119,197,189,98
199,215,127,197,190,105
199,215,135,198,192,112
199,215,143,198,194,118
199,215,151,198,194,124
199,215,159,196,195,130
199,215,167,196,196,138
199,215,175,195,197,144
199,215,183,193,197,150
199,215,191,192,197,156
199,215,199,191,199,164
199,215,207,190,201,173
199,215,215,189,202,184
199,215,223,189,203,197
199,215,231,189,204,213
199,215,239,190,204,229
199,215,247,188,201,243
199,215,255,184,197,248
199,223,0,177,177,13
199,223,7,173,174,14
199,223,15,171,172,15
199,223,23,172,173,16
199,223,31,172,173,17
199,223,39,174,174,21
199,223,47,176,176,27
199,223,55,178,178,34
199,223,63,180,179,42
199,223,71,183,181,50
199,223,79,186,184,58
199,223,87,188,186,66
199,223,95,190,187,73
199,223,103,192,190,81
199,223,111,194,193,89
199,223,119,196,194,97
199,223,127,197,196,104
199,223,135,198,198,110
199,223,143,198,199,117
199,223,151,199,201,123
199,223,159,198,201,130
199,223,167,197,203,136
199,223,175,197,204,143
199,223,183,196,204,149
199,223,191,194,205,156
199,223,199,193,207,164
199,223,207,192,209,173
199,223,215,191,210,183
199,223,223,191,212,195
199,223,231,191,213,210
199,223,239,191,214,226
199,223,247,191,212,239
199,223,255,187,207,248
199,231,0,175,186,13
199,231,7,171,182,14
199,231,15,170,180,15
199,231,23,170,180,16
199,231,31,171,181,17
199,231,39,173,182,20
199,231,47,175,183,26
199,231,55,177,184,33
199,231,63,179,186,40
199,231,71,182,188,48
199,231,79,185,190,56
199,231,87,187,192,64
199,231,95,189,194,72
199,231,103,192,196,80
199,231,111,194,198,88
199,231,119,195,200,95
199,231,127,197,202,103
199,231,135,198,204,110
199,231,143,199,206,116
199,231,151,199,207,123
199,231,159,199,208,129
199,231,167,200,210,136
199,231,175,198,211,142
199,231,183,197,212,148
199,231,191,196,212,156
199,231,199,194,214,164
199,231,207,194,215,172
199,231,215,193,217,181
199,231,223,192,220,193
199,231,231,192,222,206
199,231,239,192,223,222
199,231,247,191,222,236
199,231,255,189,217,247
199,239,0,172,196,12
199,239,7,170,192,13
199,239,15,169,190,14
199,239,23,169,189,15
199,239,31,170,189,16
199,239,39,172,190,19
199,239,47,174,190,25
199,239,55,176,191,31
199,239,63,178,192,39
199,239,71,181,194,46
199,239,79,183,196,55
199,239,87,186,197,63
199,239,95,188,199,70
199,239,103,191,201,78
199,239,111,193,203,86
199,239,119,195,205,94
199,239,127,196,206,101
199,239,135,198,208,109
199,239,143,199,210,115
199,239,151,200,212,122
199,239,159,200,213,129
199,239,167,200,215,135
199,239,175,200,216,142
199,239,183,199,218,148
199,239,191,198,219,155
199,239,199,197,220,163
199,239,207,195,223,171
199,239,215,195,225,180
199,239,223,195,227,191
199,239,231,195,229,204
199,239,239,193,232,219
199,239,247,192,232,234
199,239,255,190,228,246
199,247,0,169,206,11
199,247,7,168,203,12
199,247,15,168,202,13
199,247,23,169,201,14
199,247,31,170,201,16
199,247,39,172,201,19
199,247,47,174,202,24
199,247,55,176,202,31
199,247,63,178,203,38
199,247,71,181,204,45
199,247,79,184,205,53
199,247,87,186,206,61
199,247,95,189,208,69
199,247,103,191,209,77
199,247,111,193,211,85
199,247,119,195,213,92
199,247,127,197,214,100
199,247,135,198,216,107
199,247,143,199,218,114
199,247,151,200,219,121
199,247,159,201,221,128
199,247,167,201,222,135
199,247,175,202,224,142
199,247,183,201,226,148
199,247,191,200,227,155
199,247,199,199,229,163
199,247,207,199,231,171
199,247,215,198,233,181
199,247,223,197,236,192
199,247,231,196,238,204
199,247,239,196,239,218
199,247,247,194,240,233
199,247,255,192,239,246
199,255,0,166,218,9
199,255,7,167,218,10
199,255,15,168,218,11
199,255,23,170,219,13
199,255,31,171,219,17
199,255,39,174,220,21
199,255,47,176,221,26
199,255,55,179,222,32
199,255,63,181,222,38
199,255,71,184,223,44
199,255,79,187,224,52
199,255,87,189,225,59
199,255,95,192,226,67
199,255,103,194,227,74
199,255,111,196,228,82
199,255,119,198,230,90
199,255,127,199,231,97
199,255,135,200,232,105
199,255,143,202,233,113
199,255,151,203,234,120
199,255,159,203,235,128
199,255,167,204,237,135
199,255,175,204,238,143
199,255,183,204,240,151
199,255,191,204,241,159
199,255,199,204,243,167
199,255,207,202,245,176
199,255,215,202,246,186
199,255,223,201,248,197
199,255,231,199,249,208
199,255,239,197,250,221
199,255,247,195,250,234
199,255,255,193,250,246
207,0,0,177,11,12
207,0,7,179,13,20
207,0,15,182,14,28
207,0,23,184,16,36
207,0,31,185,17,44
207,0,39,185,17,52
207,0,47,186,18,60
207,0,55,185,18,68
207,0,63,185,18,76
207,0,71,184,18,85
207,0,79,183,17,93
207,0,87,181,17,101
207,0,95,179,17,110
207,0,103,178,17,119
207,0,111,176,16,128
207,0,119,174,16,137
207,0,127,172,16,146
207,0,135,170,16,156
207,0,143,168,16,166
207,0,151,166,16,176
207,0,159,163,16,186
207,0,167,161,16,195
207,0,175,159,16,205
207,0,183,156,16,214
207,0,191,154,16,222
207,0,199,152,17,230
207,0,207,150,17,236
207,0,215,147,17,242
207,0,223,145,17,247
207,0,231,143,17,251
207,0,239,141,17,252
207,0,247,139,16,253
207,0,255,138,16,254
207,7,0,175,15,13
207,7,7,177,18,21
207,7,15,179,20,30
207,7,23,180,22,38
207,7,31,182,24,45
207,7,39,183,25,53
207,7,47,183,25,60
207,7,55,183,26,68
207,7,63,183,26,76
207,7,71,183,27,84
207,7,79,182,27,92
207,7,87,181,26,100
207,7,95,180,26,108
207,7,103,179,26,116
207,7,111,177,26,124
207,7,119,176,26,133
207,7,127,174,26,142
207,7,135,173,26,151
207,7,143,171,26,160
207,7,151,169,26,171
207,7,159,167,26,182
207,7,167,165,26,195
207,7,175,163,27,208
207,7,183,160,27,219
207,7,191,156,27,228
207,7,199,153,27,234
207,7,207,149,26,240
207,7,215,145,26,244
207,7,223,142,25,248
207,7,231,139,24,250
207,7,239,137,23,251
207,7,247,136,23,252
207,7,255,137,21,253
207,15,0,174,19,14
207,15,7,175,23,22
207,15,15,177,26,31
207,15,23,178,28,38
207,15,31,180,29,45
207,15,39,181,30,52
207,15,47,182,31,60
207,15,55,182,32,67
207,15,63,183,33,75
207,15,71,183,33,83
207,15,79,183,33,91
207,15,87,182,33,98
207,15,95,181,33,106
207,15,103,180,33,114
207,15,111,179,33,122
207,15,119,177,33,130
207,15,127,176,33,138
207,15,135,175,33,147
207,15,143,174,33,156
207,15,151,172,34,167
207,15,159,170,34,179
207,15,167,168,34,193
207,15,175,166,35,208
207,15,183,163,35,221
207,15,191,158,35,230
207,15,199,154,35,237
207,15,207,149,34,241
207,15,215,144,33,245
207,15,223,140,32,248
207,15,231,137,31,249
207,15,239,134,30,250
207,15,247,134,29,251
207,15,255,136,28,252
207,23,0,174,23,14
207,23,7,175,27,23
207,23,15,176,30,31
207,23,23,178,32,38
207,23,31,179,33,45
207,23,39,180,35,52
207,23,47,181,36,59
207,23,55,182,37,66
207,23,63,183,38,74
207,23,71,183,38,82
207,23,79,183,38,90
207,23,87,183,38,97
207,23,95,182,38,105
207,23,103,181,38,112
207,23,111,180,38,120
207,23,119,179,38,128
207,23,127,178,38,137
207,23,135,177,38,145
207,23,143,175,38,154
207,23,151,174,39,164
207,23,159,172,39,176
207,23,167,170,40,190
207,23,175,168,40,206
207,23,183,165,40,220
207,23,191,160,40,230
207,23,199,156,40,237
207,23,207,150,39,241
207,23,215,145,38,244
207,23,223,140,37,247
207,23,231,136,36,249
207,23,239,133,35,250
207,23,247,132,34,251
207,23,255,136,33,252
207,31,0,173,28,15
207,31,7,174,31,23
207,31,15,176,34,31
207,31,23,177,36,38
207,31,31,179,38,45
207,31,39,180,39,51
207,31,47,181,40,58
207,31,55,182,41,66
207,31,63,183,42,73
207,31,71,184,43,81
207,31,79,184,43,89
207,31,87,183,43,96
207,31,95,183,44,103
207,31,103,182,43,111
207,31,111,181,43,118
207,31,119,180,43,126
207,31,127,179,44,134
207,31,135,178,44,143
207,31,143,177,44,152
207,31,151,176,45,162
207,31,159,174,45,174
207,31,167,172,45,187
207,31,175,170,45,203
207,31,183,166,46,218
207,31,191,162,46,229
207,31,199,158,45,237
207,31,207,152,45,241
207,31,215,146,43,244
207,31,223,140,42,247
207,31,231,135,41,248
207,31,239,132,40,249
207,31,247,132,39,250
207,31,255,137,39,251
207,39,0,173,33,15
207,39,7,174,35,23
207,39,15,176,38,31
207,39,23,177,40,38
207,39,31,179,42,44
207,39,39,180,43,51
207,39,47,181,44,58
207,39,55,183,46,65
207,39,63,184,47,73
207,39,71,184,47,80
207,39,79,185,48,88
207,39,87,185,48,95
207,39,95,184,49,102
207,39,103,183,49,109
207,39,111,183,49,117
207,39,119,182,49,124
207,39,127,181,49,132
207,39,135,180,49,141
207,39,143,179,49,150
207,39,151,178,50,160
207,39,159,176,50,171
207,39,167,174,50,185
207,39,175,172,51,200
207,39,183,169,51,215
207,39,191,164,51,228
207,39,199,160,50,237
207,39,207,154,49,242
207,39,215,147,48,245
207,39,223,140,47,246
207,39,231,134,45,248
207,39,239,131,44,249
207,39,247,131,44,250
207,39,255,137,44,251
207,47,0,174,37,16
207,47,7,174,40,23
207,47,15,176,42,31
207,47,23,178,44,37
207,47,31,179,46,44
207,47,39,180,47,50
207,47,47,182,49,57
207,47,55,183,50,64
207,47,63,184,51,72
207,47,71,185,52,79
207,47,79,186,53,86
207,47,87,186,53,93
207,47,95,185,54,101
207,47,103,185,54,108
207,47,111,184,54,115
207,47,119,183,54,122
207,47,127,182,54,130
207,47,135,182,54,139
207,47,143,181,55,147
207,47,151,179,55,157
207,47,159,178,55,168
207,47,167,176,55,181
207,47,175,174,56,197
207,47,183,171,56,213
207,47,191,167,56,226
207,47,199,162,55,236
207,47,207,156,54,242
207,47,215,148,53,245
207,47,223,141,51,246
207,47,231,135,50,247
207,47,239,131,49,248
207,47,247,131,48,249
207,47,255,138,49,250
207,55,0,175,42,16
207,55,7,175,44,23
207,55,15,176,46,30
207,55,23,178,48,37
207,55,31,179,50,43
207,55,39,181,52,50
207,55,47,182,53,56
207,55,55,184,55,63
207,55,63,185,56,70
207,55,71,186,57,78
207,55,79,187,58,85
207,55,87,187,59,92
207,55,95,186,59,99
207,55,103,186,59,106
207,55,111,186,60,113
207,55,119,185,60,121
207,55,127,184,60,128
207,55,135,183,60,137
207,55,143,182,60,145
207,55,151,181,60,155
207,55,159,179,60,165
207,55,167,178,61,177
207,55,175,176,61,192
207,55,183,173,61,208
207,55,191,169,61,223
207,55,199,165,61,235
207,55,207,158,59,242
207,55,215,150,58,245
207,55,223,143,56,246
207,55,231,136,54,247
207,55,239,132,53,248
207,55,247,133,53,249
207,55,255,140,54,250
207,63,0,176,47,16
207,63,7,175,49,22
207,63,15,176,51,29
207,63,23,178,53,36
207,63,31,180,55,42
207,63,39,181,57,49
207,63,47,183,59,55
207,63,55,184,60,62
207,63,63,185,62,69
207,63,71,187,63,76
207,63,79,188,64,84
207,63,87,188,65,91
207,63,95,188,65,97
207,63,103,187,65,105
207,63,111,187,65,112
207,63,119,186,65,119
207,63,127,185,66,126
207,63,135,185,66,135
207,63,143,184,66,143
207,63,151,183,66,152
207,63,159,181,66,163
207,63,167,179,67,173
207,63,175,178,67,187
207,63,183,175,67,203
207,63,191,171,67,219
207,63,199,167,66,232
207,63,207,161,65,241
207,63,215,153,63,245
207,63,223,146,61,246
207,63,231,140,60,247
207,63,239,135,59,248
207,63,247,135,58,249
207,63,255,141,59,250
207,71,0,177,53,17
207,71,7,176,54,22
207,71,15,177,56,28
207,71,23,179,58,35
207,71,31,181,60,41
207,71,39,182,62,48
207,71,47,184,64,54
207,71,55,185,66,61
207,71,63,186,67,68
207,71,71,188,69,75
207,71,79,189,70,82
207,71,87,189,70,89
207,71,95,189,71,96
207,71,103,189,71,103
207,71,111,189,71,110
207,71,119,188,71,117
207,71,127,187,72,124
207,71,135,187,72,132
207,71,143,186,72,141
207,71,151,185,72,150
207,71,159,183,73,160
207,71,167,181,73,169
207,71,175,180,73,183
207,71,183,177,73,198
207,71,191,174,73,214
207,71,199,171,72,229
207,71,207,165,71,240
207,71,215,157,69,245
207,71,223,150,67,246
207,71,231,144,65,247
207,71,239,140,64,248
207,71,247,139,63,249
207,71,255,144,64,250
207,79,0,178,58,17
207,79,7,177,59,21
207,79,15,178,61,27
207,79,23,180,63,34
207,79,31,181,65,40
207,79,39,183,67,47
207,79,47,185,69,53
207,79,55,186,71,60
207,79,63,188,73,67
207,79,71,189,74,74
207,79,79,190,76,81
207,79,87,190,76,88
207,79,95,190,77,95
207,79,103,190,77,102
207,79,111,190,78,108
207,79,119,190,78,115
207,79,127,189,78,122
207,79,135,188,78,130
207,79,143,188,78,139
207,79,151,187,79,147
207,79,159,185,79,157
207,79,167,183,79,166
207,79,175,182,79,178
207,79,183,180,79,193
207,79,191,176,79,208
207,79,199,174,78,225
207,79,207,168,77,238
207,79,215,162,75,245
207,79,223,155,73,246
207,79,231,149,71,247
207,79,239,145,70,248
207,79,247,143,69,249
207,79,255,146,69,250
207,87,0,180,64,17
207,87,7,178,64,20
207,87,15,179,66,26
207,87,23,181,68,33
207,87,31,182,71,39
207,87,39,184,73,46
207,87,47,186,75,52
207,87,55,187,77,59
207,87,63,189,79,66
207,87,71,190,80,73
207,87,79,191,81,80
207,87,87,191,82,87
207,87,95,191,83,93
207,87,103,192,83,100
207,87,111,191,84,107
207,87,119,191,84,114
207,87,127,190,84,121
207,87,135,190,84,128
207,87,143,189,85,136
207,87,151,188,85,145
207,87,159,187,85,154
207,87,167,185,85,163
207,87,175,184,85,175
207,87,183,182,85,188
207,87,191,179,85,203
207,87,199,176,84,220
207,87,207,172,83,234
207,87,215,166,81,244
207,87,223,159,78,247
207,87,231,154,77,248
207,87,239,149,75,249
207,87,247,147,74,250
207,87,255,149,74,251
207,95,0,181,70,17
207,95,7,180,70,20
207,95,15,180,72,25
207,95,23,182,74,31
207,95,31,183,76,38
207,95,39,185,78,44
207,95,47,187,81,51
207,95,55,188,83,58
207,95,63,190,84,64
207,95,71,191,86,71
207,95,79,192,87,78
207,95,87,192,88,85
207,95,95,192,89,92
207,95,103,192,89,99
207,95,111,192,90,106
207,95,119,192,90,112
207,95,127,191,90,119
207,95,135,191,90,127
207,95,143,190,91,134
207,95,151,189,91,143
207,95,159,188,91,152
207,95,167,187,91,161
207,95,175,185,91,172
207,95,183,183,91,184
207,95,191,181,91,198
207,95,199,178,91,215
207,95,207,175,89,230
207,95,215,169,87,242
207,95,223,163,85,247
207,95,231,159,83,248
207,95,239,154,81,249
207,95,247,152,80,250
207,95,255,152,80,251
207,103,0,182,76,17
207,103,7,181,76,19
207,103,15,181,78,24
207,103,23,183,80,30
207,103,31,185,82,36
207,103,39,186,84,43
207,103,47,188,86,50
207,103,55,190,88,57
207,103,63,191,90,63
207,103,71,192,92,70
207,103,79,193,93,77
207,103,87,193,94,84
207,103,95,193,95,91
207,103,103,194,95,98
207,103,111,194,96,104
207,103,119,193,96,111
207,103,127,192,96,118
207,103,135,192,97,125
207,103,143,192,97,133
207,103,151,191,97,141
207,103,159,189,97,149
207,103,167,188,97,158
207,103,175,187,98,169
207,103,183,185,98,180
207,103,191,183,97,194
207,103,199,181,97,210
207,103,207,178,96,226
207,103,215,173,94,240
207,103,223,168,91,247
207,103,231,163,89,249
207,103,239,159,87,250
207,103,247,156,86,251
207,103,255,155,86,252
207,111,0,184,82,17
207,111,7,182,83,18
207,111,15,183,84,22
207,111,23,184,86,29
207,111,31,186,88,35
207,111,39,188,90,42
207,111,47,189,92,49
207,111,55,191,94,56
207,111,63,192,96,62
207,111,71,193,97,69
207,111,79,194,98,76
207,111,87,194,100,83
207,111,95,194,100,90
207,111,103,195,101,97
207,111,111,194,102,103
207,111,119,194,102,110
207,111,127,193,102,116
207,111,135,193,103,124
207,111,143,192,103,131
207,111,151,192,103,139
207,111,159,191,103,147
207,111,167,189,103,156
207,111,175,188,104,165
207,111,183,186,104,177
207,111,191,184,103,189
207,111,199,183,103,205
207,111,207,181,102,222
207,111,215,177,100,237
207,111,223,172,98,246
207,111,231,168,96,250
207,111,239,164,94,251
207,111,247,160,92,252
207,111,255,158,92,253
207,119,0,185,89,17
207,119,7,183,89,17
207,119,15,184,90,21
207,119,23,185,92,27
207,119,31,187,94,34
207,119,39,189,96,40
207,119,47,190,98,48
207,119,55,192,100,55
207,119,63,193,101,61
207,119,71,194,103,68
207,119,79,195,104,75
207,119,87,195,105,82
207,119,95,195,106,89
207,119,103,195,107,96
207,119,111,195,108,102
207,119,119,194,108,109
207,119,127,194,108,115
207,119,135,193,108,122
207,119,143,193,109,129
207,119,151,192,109,137
207,119,159,191,109,145
207,119,167,190,109,153
207,119,175,189,110,162
207,119,183,187,110,173
207,119,191,186,109,185
207,119,199,185,109,200
207,119,207,183,108,217
207,119,215,180,107,234
207,119,223,176,104,245
207,119,231,172,103,250
207,119,239,168,101,251
207,119,247,165,99,252
207,119,255,161,99,253
207,127,0,186,96,16
207,127,7,184,96,17
207,127,15,184,97,20
207,127,23,186,98,26
207,127,31,187,100,32
207,127,39,189,102,39
207,127,47,191,104,46
207,127,55,193,106,53
207,127,63,194,107,60
207,127,71,195,109,67
207,127,79,196,110,74
207,127,87,196,111,81
207,127,95,196,112,88
207,127,103,196,113,95
207,127,111,195,113,101
207,127,119,195,114,107
207,127,127,194,114,114
207,127,135,193,114,121
207,127,143,193,115,127
207,127,151,192,115,135
207,127,159,191,115,142
207,127,167,191,115,151
207,127,175,190,115,160
207,127,183,188,115,170
207,127,191,187,115,182
207,127,199,186,115,195
207,127,207,184,115,212
207,127,215,182,113,230
207,127,223,178,111,243
207,127,231,175,109,250
207,127,239,172,107,251
207,127,247,168,106,252
207,127,255,164,106,253
207,135,0,187,103,15
207,135,7,185,102,16
207,135,15,185,103,19
207,135,23,187,105,24
207,135,31,188,106,31
207,135,39,190,108,37
207,135,47,192,110,45
207,135,55,194,112,52
207,135,63,195,113,59
207,135,71,196,115,66
207,135,79,197,116,73
207,135,87,197,117,80
207,135,95,197,118,87
207,135,103,197,119,94
207,135,111,196,120,100
207,135,119,195,120,107
207,135,127,194,120,113
207,135,135,193,121,119
207,135,143,192,121,126
207,135,151,192,121,133
207,135,159,191,121,140
207,135,167,192,122,149
207,135,175,191,122,157
207,135,183,189,122,167
207,135,191,188,122,178
207,135,199,187,122,191
207,135,207,186,121,208
207,135,215,184,120,226
207,135,223,181,118,240
207,135,231,179,116,250
207,135,239,176,114,252
207,135,247,172,113,253
207,135,255,168,113,254
207,143,0,188,110,14
207,143,7,186,109,15
207,143,15,186,109,18
207,143,23,188,111,23
207,143,31,189,113,29
207,143,39,191,114,36
207,143,47,193,116,43
207,143,55,195,118,51
207,143,63,196,120,58
207,143,71,197,121,65
207,143,79,198,123,72
207,143,87,198,124,79
207,143,95,198,124,86
207,143,103,198,125,93
207,143,111,197,126,100
207,143,119,196,126,106
207,143,127,194,126,112
207,143,135,194,127,118
207,143,143,193,127,125
207,143,151,193,127,131
207,143,159,192,128,139
207,143,167,191,128,146
207,143,175,191,128,155
207,143,183,190,128,164
207,143,191,189,128,175
207,143,199,188,128,187
207,143,207,187,128,204
207,143,215,186,127,222
207,143,223,184,125,237
207,143,231,182,123,249
207,143,239,179,121,253
207,143,247,176,120,254
207,143,255,171,120,255
207,151,0,189,117,14
207,151,7,187,115,15
207,151,15,187,116,16
207,151,23,188,117,21
207,151,31,190,119,28
207,151,39,191,121,34
207,151,47,193,123,42
207,151,55,195,124,49
207,151,63,196,126,56
207,151,71,198,127,64
207,151,79,198,129,71
207,151,87,199,130,78
207,151,95,199,131,85
207,151,103,199,132,92
207,151,111,198,132,99
207,151,119,196,133,105
207,151,127,195,133,111
207,151,135,195,133,118
207,151,143,194,133,125
207,151,151,193,134,131
207,151,159,192,134,138
207,151,167,192,134,145
207,151,175,191,134,153
207,151,183,190,134,161
207,151,191,189,134,172
207,151,199,189,134,184
207,151,207,189,134,200
207,151,215,188,134,218
207,151,223,186,132,234
207,151,231,185,131,247
207,151,239,183,128,253
207,151,247,179,127,255
207,151,255,174,127,255
207,159,0,190,123,13
207,159,7,187,121,14
207,159,15,187,122,16
207,159,23,189,123,20
207,159,31,190,125,26
207,159,39,191,126,33
207,159,47,193,128,41
207,159,55,195,130,48
207,159,63,196,132,55
207,159,71,198,134,62
207,159,79,199,135,70
207,159,87,200,136,77
207,159,95,200,137,84
207,159,103,200,138,91
207,159,111,199,139,98
207,159,119,197,139,104
207,159,127,196,139,110
207,159,135,196,140,117
207,159,143,195,140,124
207,159,151,194,140,130
207,159,159,193,140,136
207,159,167,193,140,143
207,159,175,192,140,151
207,159,183,191,140,159
207,159,191,190,140,170
207,159,199,189,141,180
207,159,207,188,141,195
207,159,215,189,140,213
207,159,223,188,139,230
207,159,231,187,138,244
207,159,239,185,136,253
207,159,247,182,134,255
207,159,255,176,134,255
207,167,0,190,129,13
207,167,7,188,127,14
207,167,15,187,128,15
207,167,23,189,129,19
207,167,31,190,131,25
207,167,39,191,133,32
207,167,47,193,135,39
207,167,55,195,137,47
207,167,63,197,138,54
207,167,71,198,140,61
207,167,79,200,142,69
207,167,87,200,143,76
207,167,95,201,144,84
207,167,103,201,145,91
207,167,111,201,146,97
207,167,119,200,146,104
207,167,127,198,146,109
207,167,135,197,146,117
207,167,143,196,147,123
207,167,151,195,147,129
207,167,159,193,148,135
207,167,167,193,148,141
207,167,175,192,148,149
207,167,183,191,148,157
207,167,191,191,147,167
207,167,199,190,147,178
207,167,207,189,148,193
207,167,215,189,147,208
207,167,223,189,147,224
207,167,231,189,145,240
207,167,239,188,144,252
207,167,247,185,142,255
207,167,255,179,142,255
207,175,0,191,135,13
207,175,7,188,133,14
207,175,15,187,134,15
207,175,23,188,135,18
207,175,31,189,137,24
207,175,39,191,139,30
207,175,47,193,141,38
207,175,55,195,143,46
207,175,63,197,145,53
207,175,71,198,146,60
207,175,79,200,148,68
207,175,87,201,150,75
207,175,95,202,151,83
207,175,103,202,152,90
207,175,111,202,153,97
207,175,119,201,153,103
207,175,127,199,153,109
207,175,135,199,154,116
207,175,143,198,154,122
207,175,151,197,154,128
207,175,159,195,155,134
207,175,167,194,155,140
207,175,175,193,155,147
207,175,183,192,155,155
207,175,191,191,155,164
207,175,199,190,156,174
207,175,207,190,155,188
207,175,215,190,155,204
207,175,223,190,154,219
207,175,231,190,153,236
207,175,239,190,152,249
207,175,247,188,151,254
207,175,255,182,150,255
207,183,0,191,141,13
207,183,7,187,139,14
207,183,15,187,139,15
207,183,23,188,141,18
207,183,31,189,142,23
207,183,39,190,144,29
207,183,47,192,146,36
207,183,55,194,149,44
207,183,63,196,151,51
207,183,71,198,153,59
207,183,79,200,155,66
207,183,87,201,156,74
207,183,95,202,158,82
207,183,103,203,159,89
207,183,111,203,160,96
207,183,119,203,161,102
207,183,127,201,161,108
207,183,135,200,161,115
207,183,143,199,162,122
207,183,151,198,162,127
207,183,159,196,162,133
207,183,167,195,163,139
207,183,175,194,163,146
207,183,183,193,163,153
207,183,191,192,163,161
207,183,199,191,163,171
207,183,207,191,164,184
207,183,215,190,163,200
207,183,223,191,163,216
207,183,231,192,162,231
207,183,239,192,161,246
207,183,247,190,159,254
207,183,255,185,159,255
207,191,0,190,148,13
207,191,7,187,145,14
207,191,15,186,145,15
207,191,23,187,147,17
207,191,31,187,148,21
207,191,39,189,150,27
207,191,47,191,152,35
207,191,55,193,154,43
207,191,63,195,156,50
207,191,71,197,158,57
207,191,79,199,161,65
207,191,87,201,162,73
207,191,95,202,164,80
207,191,103,203,166,88
207,191,111,204,167,95
207,191,119,204,168,102
207,191,127,203,169,108
207,191,135,202,169,114
207,191,143,201,169,121
207,191,151,200,170,127
207,191,159,199,170,133
207,191,167,197,171,139
207,191,175,196,171,145
207,191,183,194,171,152
207,191,191,192,172,160
207,191,199,192,172,169
207,191,207,192,172,181
207,191,215,192,172,195
207,191,223,192,171,211
207,191,231,193,171,228
207,191,239,194,170,243
207,191,247,192,169,252
207,191,255,187,167,254
207,199,0,190,154,13
207,199,7,186,152,14
207,199,15,185,152,15
207,199,23,185,153,16
207,199,31,186,154,20
207,199,39,187,156,26
207,199,47,189,158,33
207,199,55,192,160,41
207,199,63,194,162,48
207,199,71,196,165,56
207,199,79,198,167,64
207,199,87,201,169,71
207,199,95,202,171,79
207,199,103,204,173,87
207,199,111,205,175,94
207,199,119,205,176,101
207,199,127,205,177,107
207,199,135,204,177,114
207,199,143,203,178,120
207,199,151,202,178,127
207,199,159,201,178,133
207,199,167,199,178,139
207,199,175,198,180,145
207,199,183,196,180,151
207,199,191,194,181,158
207,199,199,193,181,167
207,199,207,192,182,177
207,199,215,193,182,190
207,199,223,194,182,206
207,199,231,194,182,223
207,199,239,194,180,239
207,199,247,193,179,249
207,199,255,189,177,251
207,207,0,189,161,13
207,207,7,185,158,14
207,207,15,183,158,15
207,207,23,184,159,16
207,207,31,185,160,19
207,207,39,186,162,24
207,207,47,188,164,31
207,207,55,190,166,39
207,207,63,192,168,47
207,207,71,195,170,54
207,207,79,197,173,62
207,207,87,200,175,70
207,207,95,201,177,78
207,207,103,203,179,86
207,207,111,205,181,93
207,207,119,205,183,100
207,207,127,205,184,107
207,207,135,206,185,113
207,207,143,205,186,119
207,207,151,204,186,125
207,207,159,203,186,132
207,207,167,202,187,139
207,207,175,200,187,145
207,207,183,198,189,150
207,207,191,197,189,157
207,207,199,195,190,165
207,207,207,194,191,175
207,207,215,194,192,187
207,207,223,194,192,201
207,207,231,196,192,218
207,207,239,196,192,234
207,207,247,194,189,246
207,207,255,191,186,250
207,215,0,187,169,13
207,215,7,184,165,14
207,215,15,182,164,15
207,215,23,183,165,16
207,215,31,183,166,19
207,215,39,185,168,23
207,215,47,186,170,30
207,215,55,189,171,37
207,215,63,191,173,45
207,215,71,193,176,53
207,215,79,196,178,61
207,215,87,198,180,68
207,215,95,200,182,76
207,215,103,202,185,84
207,215,111,204,187,92
207,215,119,205,189,99
207,215,127,206,190,106
207,215,135,206,192,112
207,215,143,206,193,119
207,215,151,206,194,125
207,215,159,204,194,131
207,215,167,204,195,138
207,215,175,203,196,144
207,215,183,201,196,150
207,215,191,199,197,157
207,215,199,198,198,165
207,215,207,197,200,174
207,215,215,196,201,185
207,215,223,196,202,198
207,215,231,197,202,214
207,215,239,198,202,230
207,215,247,196,199,244
207,215,255,192,196,249
207,223,0,186,177,13
207,223,7,182,173,14
207,223,15,181,172,15
207,223,23,181,173,16
207,223,31,182,173,18
207,223,39,183,175,22
207,223,47,185,176,29
207,223,55,187,178,36
207,223,63,189,179,43
207,223,71,192,181,51
207,223,79,195,184,59
207,223,87,197,186,67
207,223,95,199,188,74
207,223,103,201,190,82
207,223,111,203,193,90
207,223,119,205,195,98
207,223,127,205,196,105
207,223,135,206,198,111
207,223,143,207,199,118
207,223,151,207,200,124
207,223,159,206,201,131
207,223,167,205,202,137
207,223,175,204,203,144
207,223,183,203,204,150
207,223,191,201,204,157
207,223,199,200,205,165
207,223,207,199,208,174
207,223,215,198,209,184
207,223,223,198,211,196
207,223,231,199,211,211
207,223,239,199,212,227
207,223,247,198,211,240
207,223,255,195,206,248
207,231,0,184,186,13
207,231,7,181,182,13
207,231,15,180,180,14
207,231,23,180,180,15
207,231,31,181,181,17
207,231,39,182,182,21
207,231,47,184,183,27
207,231,55,186,185,34
207,231,63,189,186,41
207,231,71,191,188,49
207,231,79,194,190,57
207,231,87,196,192,65
207,231,95,198,194,73
207,231,103,201,196,81
207,231,111,203,199,89
207,231,119,204,200,97
207,231,127,205,202,104
207,231,135,206,204,111
207,231,143,207,206,117
207,231,151,208,207,124
207,231,159,208,208,130
207,231,167,208,209,137
207,231,175,206,210,143
207,231,183,205,211,150
207,231,191,204,212,157
207,231,199,202,213,165
207,231,207,201,214,173
207,231,215,201,217,182
207,231,223,200,219,194
207,231,231,200,220,207
207,231,239,200,221,222
207,231,247,199,221,237
207,231,255,196,218,247
207,239,0,182,195,12
207,239,7,179,192,13
207,239,15,178,190,14
207,239,23,179,189,15
207,239,31,180,190,16
207,239,39,181,190,20
207,239,47,183,191,26
207,239,55,185,192,32
207,239,63,187,193,40
207,239,71,190,194,48
207,239,79,193,196,56
207,239,87,195,198,64
207,239,95,198,200,72
207,239,103,200,202,80
207,239,111,202,204,88
207,239,119,204,205,95
207,239,127,205,207,103
207,239,135,207,209,110
207,239,143,208,211,117
207,239,151,208,212,123
207,239,159,209,213,130
207,239,167,209,215,137
207,239,175,208,216,143
207,239,183,207,217,149
207,239,191,206,218,156
207,239,199,205,220,164
207,239,207,203,222,172
207,239,215,203,224,182
207,239,223,203,226,192
207,239,231,202,229,205
207,239,239,201,231,220
207,239,247,200,230,235
207,239,255,197,229,247
207,247,0,179,206,10
207,247,7,178,203,11
207,247,15,177,202,12
207,247,23,178,202,13
207,247,31,179,202,16
207,247,39,181,202,20
207,247,47,183,202,25
207,247,55,185,203,32
207,247,63,188,203,39
207,247,71,190,205,46
207,247,79,193,206,54
207,247,87,195,207,62
207,247,95,198,209,70
207,247,103,200,210,78
207,247,111,202,212,86
207,247,119,204,214,94
207,247,127,206,215,101
207,247,135,207,217,109
207,247,143,208,218,116
207,247,151,209,220,123
207,247,159,210,221,130
207,247,167,210,223,136
207,247,175,210,225,143
207,247,183,210,226,150
207,247,191,208,227,157
207,247,199,207,229,165
207,247,207,207,231,174
207,247,215,205,233,183
207,247,223,205,235,193
207,247,231,204,237,206
207,247,239,204,238,220
207,247,247,201,241,234
207,247,255,199,240,247
207,255,0,176,218,8
207,255,7,176,218,9
207,255,15,177,218,11
207,255,23,179,219,13
207,255,31,181,220,16
207,255,39,183,220,21
207,255,47,185,221,26
207,255,55,188,222,32
207,255,63,190,223,38
207,255,71,193,224,45
207,255,79,196,225,52
207,255,87,198,226,60
207,255,95,201,227,68
207,255,103,203,228,75
207,255,111,205,229,83
207,255,119,207,230,91
207,255,127,208,232,99
207,255,135,209,233,107
207,255,143,210,233,114
207,255,151,211,235,122
207,255,159,212,236,129
207,255,167,212,237,137
207,255,175,213,239,145
207,255,183,213,240,153
207,255,191,212,242,161
207,255,199,211,243,170
207,255,207,210,245,179
207,255,215,210,246,189
207,255,223,208,247,199
207,255,231,207,248,210
207,255,239,205,249,222
207,255,247,203,250,235
207,255,255,201,250,247
215,0,0,185,12,13
215,0,7,188,14,21
215,0,15,190,15,29
215,0,23,192,17,38
215,0,31,193,18,46
215,0,39,194,18,54
215,0,47,194,19,62
215,0,55,193,19,70
215,0,63,193,19,78
215,0,71,192,18,86
215,0,79,191,18,94
215,0,87,189,18,102
215,0,95,188,17,111
215,0,103,186,17,119
215,0,111,185,17,128
215,0,119,183,17,137
215,0,127,181,17,147
215,0,135,180,17,157
215,0,143,177,16,166
215,0,151,175,16,176
215,0,159,173,16,186
215,0,167,171,16,195
215,0,175,169,16,205
215,0,183,166,16,214
215,0,191,164,16,222
215,0,199,162,17,229
215,0,207,160,17,236
215,0,215,158,17,242
215,0,223,156,17,247
215,0,231,154,16,251
215,0,239,152,16,252
215,0,247,150,16,253
215,0,255,148,15,254
215,7,0,184,15,14
215,7,7,185,18,22
215,7,15,186,21,31
215,7,23,188,23,39
215,7,31,189,24,46
215,7,39,190,25,54
215,7,47,191,26,61
215,7,55,191,27,69
215,7,63,191,27,77
215,7,71,191,27,85
215,7,79,190,27,92
215,7,87,189,27,100
215,7,95,188,27,108
215,7,103,186,26,116
215,7,111,185,26,125
215,7,119,184,26,133
215,7,127,182,26,142
215,7,135,181,26,151
215,7,143,179,26,160
215,7,151,178,26,171
215,7,159,176,26,181
215,7,167,174,26,193
215,7,175,171,27,205
215,7,183,169,27,217
215,7,191,166,27,226
215,7,199,162,27,233
215,7,207,159,26,239
215,7,215,155,26,244
215,7,223,152,25,248
215,7,231,150,24,250
215,7,239,148,24,251
215,7,247,147,22,252
215,7,255,148,21,253
215,15,0,182,20,15
215,15,7,183,23,23
215,15,15,184,26,32
215,15,23,185,28,39
215,15,31,187,30,46
215,15,39,188,31,53
215,15,47,189,32,60
215,15,55,190,33,68
215,15,63,190,34,76
215,15,71,190,34,84
215,15,79,190,34,91
215,15,87,189,34,99
215,15,95,188,34,107
215,15,103,187,34,114
215,15,111,186,33,122
215,15,119,185,33,130
215,15,127,183,33,139
215,15,135,182,33,147
215,15,143,181,33,156
215,15,151,180,34,166
215,15,159,178,34,177
215,15,167,176,34,191
215,15,175,174,35,205
215,15,183,171,35,217
215,15,191,167,35,228
215,15,199,163,35,235
215,15,207,159,34,240
215,15,215,155,34,244
215,15,223,151,33,247
215,15,231,147,32,249
215,15,239,145,30,250
215,15,247,144,29,251
215,15,255,147,28,252
215,23,0,182,24,15
215,23,7,182,28,24
215,23,15,183,31,32
215,23,23,184,33,39
215,23,31,186,34,46
215,23,39,187,36,53
215,23,47,188,37,60
215,23,55,189,38,67
215,23,63,190,39,75
215,23,71,190,39,83
215,23,79,190,39,90
215,23,87,190,39,98
215,23,95,189,39,105
215,23,103,188,39,113
215,23,111,187,39,121
215,23,119,186,39,129
215,23,127,185,39,137
215,23,135,184,39,145
215,23,143,182,39,154
215,23,151,181,39,163
215,23,159,180,40,175
215,23,167,178,40,188
215,23,175,176,40,202
215,23,183,173,41,216
215,23,191,169,41,227
215,23,199,165,41,235
215,23,207,160,40,240
215,23,215,155,39,244
215,23,223,151,38,247
215,23,231,146,37,248
215,23,239,143,36,250
215,23,247,143,35,251
215,23,255,147,34,252
215,31,0,181,29,16
215,31,7,182,32,24
215,31,15,183,35,32
215,31,23,184,37,39
215,31,31,185,39,46
215,31,39,187,40,52
215,31,47,188,41,59
215,31,55,189,42,67
215,31,63,190,43,74
215,31,71,190,44,82
215,31,79,191,44,89
215,31,87,190,45,97
215,31,95,189,45,104
215,31,103,189,45,111
215,31,111,188,44,119
215,31,119,187,44,127
215,31,127,186,45,135
215,31,135,185,45,143
215,31,143,184,45,152
215,31,151,183,45,161
215,31,159,181,46,172
215,31,167,180,46,184
215,31,175,178,46,199
215,31,183,175,46,213
215,31,191,171,46,225
215,31,199,167,46,234
215,31,207,162,45,240
215,31,215,156,45,244
215,31,223,150,43,246
215,31,231,145,42,248
215,31,239,142,41,249
215,31,247,142,40,250
215,31,255,147,40,251
215,39,0,181,33,16
215,39,7,181,36,24
215,39,15,183,39,32
215,39,23,184,41,39
215,39,31,185,43,45
215,39,39,187,44,52
215,39,47,188,46,59
215,39,55,189,47,66
215,39,63,190,48,73
215,39,71,191,49,81
215,39,79,191,49,88
215,39,87,191,50,95
215,39,95,190,50,103
215,39,103,190,50,110
215,39,111,189,50,117
215,39,119,188,50,125
215,39,127,187,50,132
215,39,135,187,50,141
215,39,143,186,50,149
215,39,151,184,51,159
215,39,159,183,51,170
215,39,167,182,51,182
215,39,175,180,51,196
215,39,183,177,52,211
215,39,191,173,51,224
215,39,199,169,51,234
215,39,207,163,51,241
215,39,215,157,50,244
215,39,223,151,48,246
215,39,231,145,47,248
215,39,239,141,46,249
215,39,247,141,45,250
215,39,255,148,45,251
215,47,0,182,38,17
215,47,7,182,40,24
215,47,15,183,43,32
215,47,23,184,45,38
215,47,31,186,47,45
215,47,39,187,48,51
215,47,47,188,50,58
215,47,55,189,51,65
215,47,63,190,53,72
215,47,71,192,53,80
215,47,79,192,54,87
215,47,87,192,55,94
215,47,95,192,55,101
215,47,103,191,55,108
215,47,111,191,55,115
215,47,119,190,55,123
215,47,127,189,55,130
215,47,135,188,55,138
215,47,143,187,56,147
215,47,151,186,56,156
215,47,159,185,56,167
215,47,167,183,56,179
215,47,175,182,56,193
215,47,183,179,57,208
215,47,191,175,57,222
215,47,199,171,56,233
215,47,207,165,56,241
215,47,215,158,54,245
215,47,223,152,53,246
215,47,231,145,51,247
215,47,239,141,50,248
215,47,247,141,50,249
215,47,255,149,50,250
215,55,0,183,42,17
215,55,7,182,44,24
215,55,15,183,47,31
215,55,23,185,49,38
215,55,31,186,51,44
215,55,39,187,53,51
215,55,47,189,54,57
215,55,55,190,56,64
215,55,63,191,57,71
215,55,71,192,58,79
215,55,79,193,59,86
215,55,87,193,60,93
215,55,95,193,60,100
215,55,103,192,61,107
215,55,111,192,61,114
215,55,119,191,61,121
215,55,127,190,61,128
215,55,135,190,61,136
215,55,143,189,61,145
215,55,151,188,61,154
215,55,159,186,61,164
215,55,167,185,62,175
215,55,175,183,62,189
215,55,183,181,62,204
215,55,191,177,62,219
215,55,199,173,62,231
215,55,207,168,61,240
215,55,215,160,59,245
215,55,223,153,58,246
215,55,231,147,56,247
215,55,239,142,55,248
215,55,247,142,54,249
215,55,255,151,55,250
215,63,0,184,47,17
215,63,7,183,49,23
215,63,15,184,51,30
215,63,23,185,53,37
215,63,31,186,55,44
215,63,39,188,57,50
215,63,47,189,59,56
215,63,55,190,61,63
215,63,63,192,63,70
215,63,71,193,64,77
215,63,79,194,65,84
215,63,87,194,66,91
215,63,95,194,66,98
215,63,103,194,66,105
215,63,111,193,67,112
215,63,119,193,67,119
215,63,127,192,67,126
215,63,135,191,67,134
215,63,143,191,67,143
215,63,151,189,67,151
215,63,159,188,67,161
215,63,167,186,67,172
215,63,175,185,68,185
215,63,183,182,68,200
215,63,191,179,67,214
215,63,199,176,67,229
215,63,207,170,66,239
215,63,215,163,65,245
215,63,223,156,63,246
215,63,231,150,61,247
215,63,239,145,60,248
215,63,247,145,59,249
215,63,255,152,60,250
215,71,0,185,53,18
215,71,7,184,54,23
215,71,15,184,56,30
215,71,23,186,58,36
215,71,31,187,60,43
215,71,39,189,62,49
215,71,47,190,65,56
215,71,55,192,66,62
215,71,63,193,68,69
215,71,71,194,69,76
215,71,79,195,70,83
215,71,87,196,71,90
215,71,95,195,72,97
215,71,103,196,72,103
215,71,111,195,72,110
215,71,119,195,72,117
215,71,127,194,72,124
215,71,135,193,73,132
215,71,143,193,73,140
215,71,151,192,73,149
215,71,159,190,73,159
215,71,167,189,73,168
215,71,175,187,74,181
215,71,183,185,74,195
215,71,191,182,73,210
215,71,199,179,73,225
215,71,207,174,72,237
215,71,215,167,70,245
215,71,223,160,68,246
215,71,231,154,67,247
215,71,239,149,65,248
215,71,247,148,64,249
215,71,255,154,65,250
215,79,0,186,58,18
215,79,7,185,59,23
215,79,15,185,61,29
215,79,23,187,63,35
215,79,31,188,65,42
215,79,39,190,68,48
215,79,47,191,70,55
215,79,55,193,72,61
215,79,63,194,73,68
215,79,71,195,75,75
215,79,79,196,76,82
215,79,87,197,77,89
215,79,95,197,77,95
215,79,103,197,78,102
215,79,111,197,78,109
215,79,119,196,78,115
215,79,127,196,78,123
215,79,135,195,79,130
215,79,143,195,79,138
215,79,151,194,79,147
215,79,159,192,79,156
215,79,167,191,80,165
215,79,175,189,80,177
215,79,183,187,80,190
215,79,191,184,79,205
215,79,199,182,79,222
215,79,207,177,78,235
215,79,215,171,76,244
215,79,223,164,74,246
215,79,231,158,72,247
215,79,239,153,70,248
215,79,247,152,70,249
215,79,255,157,71,250
215,87,0,188,63,18
215,87,7,186,64,22
215,87,15,187,66,28
215,87,23,188,68,34
215,87,31,189,71,41
215,87,39,191,73,47
215,87,47,193,75,53
215,87,55,194,77,60
215,87,63,195,79,67
215,87,71,196,80,74
215,87,79,198,82,80
215,87,87,198,82,87
215,87,95,198,83,94
215,87,103,198,84,101
215,87,111,198,84,107
215,87,119,198,84,114
215,87,127,197,84,121
215,87,135,197,85,128
215,87,143,196,85,136
215,87,151,196,85,144
215,87,159,194,85,154
215,87,167,193,86,163
215,87,175,191,86,174
215,87,183,189,86,186
215,87,191,186,85,201
215,87,199,184,85,217
215,87,207,180,84,232
215,87,215,175,82,243
215,87,223,168,79,246
215,87,231,163,78,248
215,87,239,158,76,249
215,87,247,156,75,250
215,87,255,159,76,251
215,95,0,189,69,18
215,95,7,187,70,21
215,95,15,188,72,27
215,95,23,189,74,33
215,95,31,190,76,39
215,95,39,192,78,46
215,95,47,194,80,52
215,95,55,195,82,59
215,95,63,196,84,65
215,95,71,197,86,72
215,95,79,198,87,79
215,95,87,199,88,86
215,95,95,199,89,93
215,95,103,199,89,99
215,95,111,199,90,106
215,95,119,199,90,112
215,95,127,198,90,119
215,95,135,198,91,127
215,95,143,198,91,134
215,95,151,197,91,142
215,95,159,195,91,151
215,95,167,194,92,161
215,95,175,193,92,171
215,95,183,191,92,183
215,95,191,188,91,196
215,95,199,186,91,212
215,95,207,183,90,228
215,95,215,178,88,240
215,95,223,172,85,246
215,95,231,167,83,248
215,95,239,163,82,249
215,95,247,160,81,250
215,95,255,162,82,251
215,103,0,190,75,18
215,103,7,189,76,21
215,103,15,189,77,26
215,103,23,190,80,32
215,103,31,192,82,38
215,103,39,193,84,45
215,103,47,195,86,51
215,103,55,197,88,58
215,103,63,198,90,64
215,103,71,199,91,71
215,103,79,200,93,78
215,103,87,200,94,85
215,103,95,201,95,92
215,103,103,201,95,98
215,103,111,201,96,105
215,103,119,201,96,111
215,103,127,200,96,118
215,103,135,200,97,125
215,103,143,199,97,133
215,103,151,199,97,141
215,103,159,197,97,149
215,103,167,196,98,158
215,103,175,195,98,168
215,103,183,193,98,180
215,103,191,190,98,192
215,103,199,189,97,208
215,103,207,186,96,225
215,103,215,182,94,238
215,103,223,176,92,246
215,103,231,172,90,249
215,103,239,167,88,250
215,103,247,164,86,251
215,103,255,165,87,252
215,111,0,192,81,18
215,111,7,190,82,20
215,111,15,190,83,24
215,111,23,192,85,30
215,111,31,193,87,37
215,111,39,195,90,43
215,111,47,197,92,50
215,111,55,198,94,57
215,111,63,199,95,63
215,111,71,200,97,70
215,111,79,201,98,77
215,111,87,202,99,84
215,111,95,202,100,91
215,111,103,202,101,97
215,111,111,202,102,104
215,111,119,202,102,110
215,111,127,201,102,117
215,111,135,201,103,124
215,111,143,201,103,131
215,111,151,200,103,139
215,111,159,199,103,147
215,111,167,198,104,156
215,111,175,196,104,165
215,111,183,195,104,176
215,111,191,192,104,189
215,111,199,191,104,204
215,111,207,189,103,221
215,111,215,185,101,236
215,111,223,180,98,245
215,111,231,176,96,249
215,111,239,172,94,251
215,111,247,169,93,252
215,111,255,168,94,253
215,119,0,193,88,17
215,119,7,191,88,19
215,119,15,192,90,23
215,119,23,193,92,29
215,119,31,194,93,35
215,119,39,196,95,42
215,119,47,198,97,49
215,119,55,199,99,56
215,119,63,200,101,62
215,119,71,201,103,69
215,119,79,202,104,76
215,119,87,203,105,83
215,119,95,203,106,90
215,119,103,203,107,96
215,119,111,203,108,103
215,119,119,203,108,109
215,119,127,202,108,116
215,119,135,202,109,123
215,119,143,201,109,130
215,119,151,201,109,137
215,119,159,200,109,145
215,119,167,199,110,153
215,119,175,198,110,163
215,119,183,196,110,173
215,119,191,194,110,185
215,119,199,193,110,199
215,119,207,191,109,216
215,119,215,188,107,232
215,119,223,184,105,244
215,119,231,180,103,250
215,119,239,176,101,251
215,119,247,173,99,252
215,119,255,171,101,253
215,127,0,194,95,17
215,127,7,192,95,18
215,127,15,192,96,22
215,127,23,194,98,28
215,127,31,195,99,34
215,127,39,197,101,40
215,127,47,198,103,47
215,127,55,200,105,54
215,127,63,201,107,61
215,127,71,202,108,68
215,127,79,203,110,75
215,127,87,204,111,82
215,127,95,204,112,88
215,127,103,204,113,95
215,127,111,204,114,102
215,127,119,203,114,108
215,127,127,202,114,114
215,127,135,202,115,121
215,127,143,202,115,128
215,127,151,201,115,135
215,127,159,200,115,143
215,127,167,199,116,151
215,127,175,198,116,160
215,127,183,197,116,170
215,127,191,195,115,181
215,127,199,194,115,194
215,127,207,192,115,211
215,127,215,190,113,229
215,127,223,186,111,242
215,127,231,184,109,250
215,127,239,180,107,251
215,127,247,177,106,252
215,127,255,174,108,253
215,135,0,195,102,17
215,135,7,193,102,17
215,135,15,194,102,21
215,135,23,195,104,26
215,135,31,196,106,32
215,135,39,198,107,39
215,135,47,199,109,46
215,135,55,201,111,53
215,135,63,202,113,60
215,135,71,203,114,67
215,135,79,204,116,74
215,135,87,205,117,81
215,135,95,205,118,88
215,135,103,205,119,94
215,135,111,205,120,101
215,135,119,204,120,107
215,135,127,203,120,113
215,135,135,203,121,120
215,135,143,202,121,127
215,135,151,202,121,133
215,135,159,201,122,141
215,135,167,200,122,149
215,135,175,199,122,157
215,135,183,198,122,167
215,135,191,196,122,178
215,135,199,195,122,191
215,135,207,194,122,207
215,135,215,192,120,225
215,135,223,189,118,239
215,135,231,187,117,249
215,135,239,184,114,252
215,135,247,180,113,253
215,135,255,177,114,254
215,143,0,196,109,16
215,143,7,194,108,17
215,143,15,194,109,19
215,143,23,196,110,25
215,143,31,197,112,31
215,143,39,199,114,37
215,143,47,200,116,44
215,143,55,202,117,52
215,143,63,203,119,58
215,143,71,204,121,66
215,143,79,205,122,73
215,143,87,206,123,80
215,143,95,206,124,87
215,143,103,206,125,94
215,143,111,206,126,100
215,143,119,205,126,106
215,143,127,204,127,112
215,143,135,203,127,119
215,143,143,202,127,125
215,143,151,202,128,132
215,143,159,201,128,139
215,143,167,200,128,147
215,143,175,200,128,155
215,143,183,199,128,164
215,143,191,198,128,175
215,143,199,197,128,187
215,143,207,196,128,204
215,143,215,194,127,221
215,143,223,192,125,237
215,143,231,190,124,248
215,143,239,187,121,253
215,143,247,184,120,254
215,143,255,180,121,255
215,151,0,197,116,15
215,151,7,195,115,16
215,151,15,195,115,18
215,151,23,196,116,23
215,151,31,197,118,29
215,151,39,199,120,36
215,151,47,201,122,43
215,151,55,203,124,50
215,151,63,204,125,57
215,151,71,205,127,64
215,151,79,206,128,72
215,151,87,207,130,79
215,151,95,207,131,86
215,151,103,207,132,93
215,151,111,206,132,99
215,151,119,206,133,106
215,151,127,204,133,112
215,151,135,204,133,118
215,151,143,203,134,124
215,151,151,202,134,131
215,151,159,201,134,139
215,151,167,201,134,145
215,151,175,200,134,153
215,151,183,199,135,162
215,151,191,198,134,172
215,151,199,198,135,184
215,151,207,197,134,200
215,151,215,196,134,217
215,151,223,194,132,233
215,151,231,193,131,246
215,151,239,190,128,253
215,151,247,187,127,255
215,151,255,183,128,255
215,159,0,198,122,15
215,159,7,196,121,16
215,159,15,196,121,17
215,159,23,197,122,22
215,159,31,198,124,28
215,159,39,199,126,34
215,159,47,201,128,41
215,159,55,203,129,49
215,159,63,204,131,56
215,159,71,205,133,63
215,159,79,207,134,70
215,159,87,207,136,78
215,159,95,207,137,85
215,159,103,208,138,92
215,159,111,207,139,98
215,159,119,207,139,105
215,159,127,205,139,111
215,159,135,204,140,117
215,159,143,204,140,124
215,159,151,203,140,130
215,159,159,202,140,137
215,159,167,201,140,144
215,159,175,200,141,152
215,159,183,199,141,160
215,159,191,198,141,169
215,159,199,197,141,180
215,159,207,198,141,195
215,159,215,197,140,213
215,159,223,196,139,229
215,159,231,195,138,243
215,159,239,193,136,252
215,159,247,190,134,255
215,159,255,186,135,255
215,167,0,198,128,14
215,167,7,196,127,15
215,167,15,196,127,17
215,167,23,197,129,21
215,167,31,198,130,27
215,167,39,199,132,33
215,167,47,201,134,40
215,167,55,203,136,48
215,167,63,204,137,54
215,167,71,206,139,62
215,167,79,207,141,69
215,167,87,208,142,77
215,167,95,208,143,84
215,167,103,209,144,91
215,167,111,209,145,98
215,167,119,208,146,104
215,167,127,206,146,110
215,167,135,205,146,116
215,167,143,205,147,123
215,167,151,204,147,129
215,167,159,203,147,136
215,167,167,202,147,143
215,167,175,201,147,150
215,167,183,200,147,158
215,167,191,199,147,167
215,167,199,198,147,179
215,167,207,198,148,191
215,167,215,197,147,208
215,167,223,197,146,224
215,167,231,197,145,240
215,167,239,196,143,251
215,167,247,193,142,255
215,167,255,188,143,255
215,175,0,199,134,14
215,175,7,196,133,15
215,175,15,196,133,16
215,175,23,197,134,20
215,175,31,198,136,25
215,175,39,199,138,32
215,175,47,201,140,39
215,175,55,203,142,46
215,175,63,204,143,53
215,175,71,206,145,61
215,175,79,208,147,68
215,175,87,209,149,76
215,175,95,209,150,83
215,175,103,210,151,90
215,175,111,210,152,97
215,175,119,209,153,103
215,175,127,207,153,109
215,175,135,207,153,116
215,175,143,206,154,123
215,175,151,205,154,129
215,175,159,204,154,135
215,175,167,202,155,141
215,175,175,201,155,148
215,175,183,200,155,156
215,175,191,199,155,165
215,175,199,199,155,175
215,175,207,199,155,189
215,175,215,198,155,204
215,175,223,198,154,219
215,175,231,198,153,236
215,175,239,198,151,249
215,175,247,196,150,254
215,175,255,191,151,255
215,183,0,199,140,14
215,183,7,196,139,15
215,183,15,196,139,16
215,183,23,196,140,19
215,183,31,197,142,24
215,183,39,199,143,30
215,183,47,200,146,38
215,183,55,202,148,45
215,183,63,204,149,52
215,183,71,206,152,59
215,183,79,208,153,67
215,183,87,209,155,75
215,183,95,210,157,82
215,183,103,211,158,89
215,183,111,211,159,96
215,183,119,211,160,103
215,183,127,210,160,109
215,183,135,208,161,115
215,183,143,207,161,122
215,183,151,206,161,128
215,183,159,205,161,134
215,183,167,204,162,140
215,183,175,202,162,147
215,183,183,201,162,154
215,183,191,200,163,162
215,183,199,199,163,172
215,183,207,199,163,184
215,183,215,199,162,200
215,183,223,199,162,216
215,183,231,199,161,231
215,183,239,199,160,246
215,183,247,198,159,253
215,183,255,194,159,255
215,191,0,199,146,14
215,191,7,196,145,15
215,191,15,195,145,16
215,191,23,196,146,18
215,191,31,196,147,23
215,191,39,197,149,29
215,191,47,199,151,36
215,191,55,201,153,44
215,191,63,203,155,51
215,191,71,205,157,58
215,191,79,207,159,65
215,191,87,209,161,73
215,191,95,210,163,81
215,191,103,211,165,88
215,191,111,211,166,96
215,191,119,211,167,102
215,191,127,211,168,108
215,191,135,209,168,114
215,191,143,209,169,120
215,191,151,208,169,127
215,191,159,207,169,133
215,191,167,205,169,140
215,191,175,204,170,146
215,191,183,202,170,153
215,191,191,201,170,160
215,191,199,200,171,170
215,191,207,200,171,181
215,191,215,199,172,195
215,191,223,199,170,211
215,191,231,201,170,228
215,191,239,201,169,242
215,191,247,199,168,252
215,191,255,196,167,253
215,199,0,198,153,14
215,199,7,195,151,15
215,199,15,194,151,16
215,199,23,195,152,18
215,199,31,195,154,22
215,199,39,196,155,27
215,199,47,198,157,34
215,199,55,200,159,42
215,199,63,202,161,49
215,199,71,204,164,57
215,199,79,207,166,64
215,199,87,208,168,72
215,199,95,210,170,80
215,199,103,211,172,87
215,199,111,212,174,95
215,199,119,213,175,102
215,199,127,212,175,108
215,199,135,212,176,114
215,199,143,211,177,120
215,199,151,210,177,127
215,199,159,209,177,133
215,199,167,207,178,139
215,199,175,206,179,145
215,199,183,204,179,152
215,199,191,203,179,159
215,199,199,201,180,167
215,199,207,200,181,178
215,199,215,201,181,191
215,199,223,201,181,206
215,199,231,201,179,223
215,199,239,203,179,239
215,199,247,201,178,249
215,199,255,197,176,251
215,207,0,197,160,14
215,207,7,194,158,15
215,207,15,193,157,16
215,207,23,193,159,17
215,207,31,194,160,21
215,207,39,195,161,26
215,207,47,197,163,33
215,207,55,199,165,40
215,207,63,201,167,48
215,207,71,203,169,55
215,207,79,206,172,63
215,207,87,208,174,71
215,207,95,209,176,78
215,207,103,211,178,86
215,207,111,213,180,94
215,207,119,213,182,101
215,207,127,213,183,107
215,207,135,213,184,114
215,207,143,213,185,120
215,207,151,211,185,126
215,207,159,210,185,133
215,207,167,210,186,139
215,207,175,208,186,145
215,207,183,206,188,151
215,207,191,205,188,158
215,207,199,203,189,166
215,207,207,202,190,176
215,207,215,202,191,188
215,207,223,202,191,201
215,207,231,204,191,218
215,207,239,204,190,234
215,207,247,202,188,247
215,207,255,200,186,250
215,215,0,196,168,14
215,215,7,193,165,15
215,215,15,192,164,16
215,215,23,192,165,17
215,215,31,193,166,20
215,215,39,194,167,25
215,215,47,196,169,31
215,215,55,198,171,39
215,215,63,200,173,46
215,215,71,202,175,54
215,215,79,205,177,61
215,215,87,207,180,69
215,215,95,209,182,77
215,215,103,211,184,85
215,215,111,212,186,93
215,215,119,213,188,100
215,215,127,213,189,106
215,215,135,214,191,113
215,215,143,214,192,119
215,215,151,214,193,125
215,215,159,212,193,132
215,215,167,211,194,139
215,215,175,211,195,145
215,215,183,208,195,151
215,215,191,207,196,158
215,215,199,206,197,166
215,215,207,204,199,175
215,215,215,204,200,187
215,215,223,204,200,198
215,215,231,204,201,214
215,215,239,205,201,230
215,215,247,204,199,243
215,215,255,201,195,249
215,223,0,195,176,13
215,223,7,192,173,14
215,223,15,191,172,15
215,223,23,191,172,16
215,223,31,192,173,19
215,223,39,193,174,24
215,223,47,195,176,30
215,223,55,197,177,37
215,223,63,199,179,44
215,223,71,201,181,52
215,223,79,204,183,60
215,223,87,206,185,68
215,223,95,208,187,75
215,223,103,210,190,83
215,223,111,212,192,91
215,223,119,213,194,99
215,223,127,213,195,105
215,223,135,214,197,112
215,223,143,215,199,119
215,223,151,215,200,125
215,223,159,214,200,131
215,223,167,213,201,138
215,223,175,212,202,145
215,223,183,211,203,151
215,223,191,209,203,158
215,223,199,208,205,166
215,223,207,206,207,175
215,223,215,206,208,185
215,223,223,206,210,197
215,223,231,206,210,211
215,223,239,206,210,227
215,223,247,206,209,240
215,223,255,203,206,249
215,231,0,194,185,13
215,231,7,191,182,14
215,231,15,190,180,15
215,231,23,190,180,16
215,231,31,190,181,18
215,231,39,192,182,22
215,231,47,193,183,28
215,231,55,196,184,35
215,231,63,198,186,43
215,231,71,200,188,50
215,231,79,203,190,58
215,231,87,205,192,66
215,231,95,207,194,74
215,231,103,209,196,82
215,231,111,211,198,90
215,231,119,213,200,97
215,231,127,214,202,105
215,231,135,215,203,112
215,231,143,215,205,118
215,231,151,216,206,125
215,231,159,216,207,131
215,231,167,215,208,138
215,231,175,214,209,144
215,231,183,213,210,151
215,231,191,212,211,158
215,231,199,210,212,166
215,231,207,209,214,174
215,231,215,208,216,183
215,231,223,208,218,194
215,231,231,208,219,208
215,231,239,208,220,223
215,231,247,207,219,237
215,231,255,205,218,248
215,239,0,192,195,12
215,239,7,189,192,13
215,239,15,188,190,14
215,239,23,189,189,15
215,239,31,190,190,17
215,239,39,191,190,21
215,239,47,193,191,27
215,239,55,195,192,34
215,239,63,197,193,41
215,239,71,199,195,49
215,239,79,202,196,57
215,239,87,204,198,65
215,239,95,206,200,73
215,239,103,209,202,81
215,239,111,211,204,89
215,239,119,212,206,96
215,239,127,214,207,104
215,239,135,215,209,111
215,239,143,216,211,118
215,239,151,216,212,124
215,239,159,217,213,131
215,239,167,217,215,138
215,239,175,216,216,144
215,239,183,215,217,150
215,239,191,214,218,158
215,239,199,213,219,166
215,239,207,211,221,174
215,239,215,211,223,183
215,239,223,211,226,193
215,239,231,210,228,206
215,239,239,209,229,220
215,239,247,208,229,235
215,239,255,205,228,248
215,247,0,189,206,10
215,247,7,188,204,11
215,247,15,188,202,12
215,247,23,188,202,13
215,247,31,189,202,16
215,247,39,191,202,21
215,247,47,193,202,26
215,247,55,195,203,33
215,247,63,197,204,40
215,247,71,200,205,47
215,247,79,202,207,55
215,247,87,205,208,63
215,247,95,207,209,71
215,247,103,209,211,79
215,247,111,211,213,87
215,247,119,213,214,95
215,247,127,214,216,102
215,247,135,216,217,110
215,247,143,217,219,117
215,247,151,217,220,124
215,247,159,218,221,131
215,247,167,218,223,138
215,247,175,218,225,144
215,247,183,218,226,151
215,247,191,216,227,158
215,247,199,215,229,166
215,247,207,215,230,175
215,247,215,213,233,184
215,247,223,213,235,195
215,247,231,212,236,206
215,247,239,211,239,220
215,247,247,209,240,235
215,247,255,207,240,248
215,255,0,187,218,8
215,255,7,187,218,9
215,255,15,188,218,11
215,255,23,189,219,13
215,255,31,190,220,16
215,255,39,192,220,21
215,255,47,195,221,26
215,255,55,197,222,32
215,255,63,200,223,39
215,255,71,202,224,45
215,255,79,205,225,53
215,255,87,208,226,61
215,255,95,210,227,68
215,255,103,212,229,76
215,255,111,214,230,84
215,255,119,216,231,92
215,255,127,217,232,100
215,255,135,218,233,108
215,255,143,219,234,116
215,255,151,220,235,123
215,255,159,220,236,131
215,255,167,221,238,139
215,255,175,221,239,147
215,255,183,221,241,155
215,255,191,220,242,163
215,255,199,219,243,172
215,255,207,218,245,180
215,255,215,218,246,191
215,255,223,216,247,201
215,255,231,214,248,212
215,255,239,213,249,224
215,255,247,211,249,236
215,255,255,208,250,248
223,0,0,194,12,14
223,0,7,197,15,22
223,0,15,199,16,31
223,0,23,200,18,39
223,0,31,201,19,47
223,0,39,202,19,55
223,0,47,202,20,63
223,0,55,202,20,71
223,0,63,201,19,79
223,0,71,200,19,87
223,0,79,199,19,95
223,0,87,198,18,103
223,0,95,196,18,112
223,0,103,195,18,120
223,0,111,194,18,129
223,0,119,192,17,138
223,0,127,191,17,148
223,0,135,189,17,157
223,0,143,187,17,167
223,0,151,185,17,177
223,0,159,183,17,186
223,0,167,181,17,195
223,0,175,179,17,205
223,0,183,177,17,214
223,0,191,175,17,222
223,0,199,173,17,229
223,0,207,171,17,236
223,0,215,169,17,242
223,0,223,168,17,247
223,0,231,166,17,251
223,0,239,164,16,252
223,0,247,162,16,253
223,0,255,161,15,254
223,7,0,192,16,15
223,7,7,193,19,23
223,7,15,195,22,32
223,7,23,196,24,40
223,7,31,197,25,47
223,7,39,198,26,55
223,7,47,199,27,62
223,7,55,199,27,70
223,7,63,199,28,78
223,7,71,198,28,86
223,7,79,198,28,93
223,7,87,197,28,101
223,7,95,196,27,109
223,7,103,194,27,117
223,7,111,193,27,125
223,7,119,192,27,134
223,7,127,191,27,143
223,7,135,189,26,152
223,7,143,188,26,161
223,7,151,186,26,171
223,7,159,185,26,181
223,7,167,183,27,192
223,7,175,181,27,204
223,7,183,179,27,215
223,7,191,176,27,224
223,7,199,173,27,232
223,7,207,170,27,238
223,7,215,167,27,243
223,7,223,164,26,247
223,7,231,162,25,250
223,7,239,160,24,251
223,7,247,159,23,252
223,7,255,160,22,253
223,15,0,191,21,16
223,15,7,191,24,24
223,15,15,192,27,32
223,15,23,193,29,40
223,15,31,194,31,47
223,15,39,196,32,54
223,15,47,197,33,62
223,15,55,197,34,69
223,15,63,197,35,77
223,15,71,198,35,85
223,15,79,197,35,92
223,15,87,197,35,100
223,15,95,196,35,107
223,15,103,195,35,115
223,15,111,193,35,123
223,15,119,192,34,131
223,15,127,191,34,139
223,15,135,190,34,148
223,15,143,189,34,157
223,15,151,188,34,167
223,15,159,186,35,177
223,15,167,185,35,189
223,15,175,183,35,202
223,15,183,180,35,214
223,15,191,177,36,225
223,15,199,174,35,233
223,15,207,170,35,239
223,15,215,166,35,244
223,15,223,162,34,247
223,15,231,159,33,249
223,15,239,157,32,250
223,15,247,157,30,251
223,15,255,160,29,252
223,23,0,190,25,16
223,23,7,190,28,24
223,23,15,190,31,33
223,23,23,192,34,40
223,23,31,193,35,47
223,23,39,195,37,54
223,23,47,196,38,61
223,23,55,197,39,68
223,23,63,197,40,76
223,23,71,197,40,84
223,23,79,197,41,91
223,23,87,197,41,99
223,23,95,196,41,106
223,23,103,195,41,114
223,23,111,194,40,121
223,23,119,193,40,129
223,23,127,192,40,137
223,23,135,191,40,145
223,23,143,190,40,154
223,23,151,189,40,164
223,23,159,187,41,174
223,23,167,186,41,186
223,23,175,184,42,199
223,23,183,182,42,213
223,23,191,178,42,224
223,23,199,175,42,233
223,23,207,171,41,239
223,23,215,166,41,243
223,23,223,162,40,247
223,23,231,158,39,248
223,23,239,155,38,250
223,23,247,155,36,251
223,23,255,160,35,252
223,31,0,190,29,17
223,31,7,189,33,25
223,31,15,190,35,33
223,31,23,191,38,40
223,31,31,193,40,47
223,31,39,194,41,54
223,31,47,195,43,61
223,31,55,196,44,68
223,31,63,197,45,75
223,31,71,197,46,83
223,31,79,197,46,90
223,31,87,197,46,97
223,31,95,196,46,105
223,31,103,196,46,112
223,31,111,195,46,119
223,31,119,194,46,127
223,31,127,193,46,135
223,31,135,192,46,143
223,31,143,191,46,152
223,31,151,190,47,161
223,31,159,188,47,171
223,31,167,187,47,183
223,31,175,185,47,196
223,31,183,183,48,210
223,31,191,180,48,222
223,31,199,176,47,232
223,31,207,172,47,238
223,31,215,167,46,243
223,31,223,162,45,246
223,31,231,157,44,248
223,31,239,154,43,249
223,31,247,154,42,250
223,31,255,160,41,251
223,39,0,189,34,17
223,39,7,189,37,25
223,39,15,190,40,33
223,39,23,191,42,40
223,39,31,192,44,47
223,39,39,194,46,53
223,39,47,195,47,60
223,39,55,196,48,67
223,39,63,197,50,74
223,39,71,198,50,82
223,39,79,198,51,89
223,39,87,198,51,96
223,39,95,197,52,103
223,39,103,197,52,110
223,39,111,196,52,118
223,39,119,195,52,125
223,39,127,194,52,133
223,39,135,193,52,141
223,39,143,193,52,149
223,39,151,192,52,158
223,39,159,190,52,169
223,39,167,189,53,180
223,39,175,187,53,193
223,39,183,185,53,207
223,39,191,182,53,220
223,39,199,178,53,231
223,39,207,174,52,239
223,39,215,168,51,243
223,39,223,162,50,246
223,39,231,157,49,248
223,39,239,153,48,249
223,39,247,153,47,250
223,39,255,161,47,251
223,47,0,190,38,18
223,47,7,189,41,25
223,47,15,190,44,33
223,47,23,192,46,40
223,47,31,193,48,46
223,47,39,194,50,53
223,47,47,195,51,59
223,47,55,196,53,66
223,47,63,197,54,73
223,47,71,198,55,81
223,47,79,199,56,88
223,47,87,199,56,95
223,47,95,198,57,102
223,47,103,198,57,109
223,47,111,197,57,116
223,47,119,196,57,123
223,47,127,195,57,131
223,47,135,195,57,138
223,47,143,194,57,147
223,47,151,193,57,156
223,47,159,192,58,166
223,47,167,191,58,177
223,47,175,189,58,190
223,47,183,187,58,204
223,47,191,183,58,218
223,47,199,180,58,230
223,47,207,175,57,238
223,47,215,169,56,244
223,47,223,163,55,246
223,47,231,157,54,247
223,47,239,153,52,248
223,47,247,153,52,249
223,47,255,162,53,250
223,55,0,191,43,18
223,55,7,190,45,25
223,55,15,191,48,32
223,55,23,192,50,39
223,55,31,193,52,46
223,55,39,194,54,52
223,55,47,195,56,59
223,55,55,196,57,65
223,55,63,197,59,72
223,55,71,199,60,80
223,55,79,199,61,87
223,55,87,200,61,93
223,55,95,199,62,100
223,55,103,199,62,107
223,55,111,198,62,114
223,55,119,198,62,121
223,55,127,197,62,128
223,55,135,196,62,136
223,55,143,195,63,144
223,55,151,194,63,153
223,55,159,193,63,163
223,55,167,192,63,174
223,55,175,191,63,187
223,55,183,188,63,201
223,55,191,185,63,214
223,55,199,182,63,228
223,55,207,177,62,237
223,55,215,171,61,244
223,55,223,164,60,246
223,55,231,159,58,247
223,55,239,154,57,248
223,55,247,154,57,249
223,55,255,163,58,250
223,63,0,192,48,18
223,63,7,191,50,25
223,63,15,191,52,32
223,63,23,192,54,38
223,63,31,193,56,45
223,63,39,194,59,51
223,63,47,196,61,58
223,63,55,197,62,64
223,63,63,198,64,71
223,63,71,199,65,78
223,63,79,200,66,85
223,63,87,200,67,92
223,63,95,200,67,99
223,63,103,200,68,105
223,63,111,200,68,112
223,63,119,199,68,119
223,63,127,198,68,126
223,63,135,197,68,134
223,63,143,197,68,142
223,63,151,196,68,151
223,63,159,194,68,160
223,63,167,193,69,170
223,63,175,192,69,183
223,63,183,190,69,196
223,63,191,187,69,210
223,63,199,184,69,225
223,63,207,179,68,236
223,63,215,173,66,243
223,63,223,166,65,246
223,63,231,161,63,247
223,63,239,156,62,248
223,63,247,156,61,249
223,63,255,165,63,250
223,71,0,193,53,19
223,71,7,192,54,24
223,71,15,192,56,31
223,71,23,193,59,38
223,71,31,194,61,44
223,71,39,195,63,50
223,71,47,197,65,57
223,71,55,198,67,63
223,71,63,199,69,70
223,71,71,200,70,77
223,71,79,201,72,84
223,71,87,202,72,91
223,71,95,201,73,97
223,71,103,202,73,104
223,71,111,201,74,111
223,71,119,201,74,117
223,71,127,200,74,124
223,71,135,200,74,132
223,71,143,199,74,140
223,71,151,198,74,149
223,71,159,197,74,158
223,71,167,196,75,168
223,71,175,194,75,179
223,71,183,192,75,192
223,71,191,189,75,206
223,71,199,187,75,222
223,71,207,183,74,234
223,71,215,177,72,243
223,71,223,170,70,246
223,71,231,165,69,247
223,71,239,160,67,248
223,71,247,159,67,249
223,71,255,167,68,250
223,79,0,194,58,19
223,79,7,193,59,24
223,79,15,193,61,30
223,79,23,194,64,37
223,79,31,195,66,43
223,79,39,197,68,50
223,79,47,198,70,56
223,79,55,199,72,62
223,79,63,200,74,69
223,79,71,201,76,76
223,79,79,202,77,83
223,79,87,203,78,89
223,79,95,203,78,96
223,79,103,203,79,103
223,79,111,203,79,109
223,79,119,203,79,116
223,79,127,202,80,123
223,79,135,202,80,130
223,79,143,201,80,138
223,79,151,200,80,146
223,79,159,199,80,155
223,79,167,198,81,165
223,79,175,196,81,176
223,79,183,194,81,189
223,79,191,192,81,202
223,79,199,190,80,218
223,79,207,186,79,232
223,79,215,180,78,242
223,79,223,174,76,246
223,79,231,169,74,247
223,79,239,164,72,248
223,79,247,163,71,249
223,79,255,169,73,250
223,87,0,195,63,19
223,87,7,194,64,23
223,87,15,194,66,29
223,87,23,195,69,36
223,87,31,196,71,42
223,87,39,198,73,48
223,87,47,199,76,55
223,87,55,200,78,61
223,87,63,201,79,68
223,87,71,203,81,75
223,87,79,204,82,81
223,87,87,204,83,88
223,87,95,204,84,94
223,87,103,205,84,101
223,87,111,205,85,108
223,87,119,204,85,114
223,87,127,203,85,121
223,87,135,203,86,129
223,87,143,203,86,136
223,87,151,202,86,144
223,87,159,201,86,153
223,87,167,200,87,162
223,87,175,198,87,173
223,87,183,196,87,185
223,87,191,194,86,198
223,87,199,192,86,214
223,87,207,189,85,229
223,87,215,184,83,241
223,87,223,178,81,246
223,87,231,173,79,248
223,87,239,168,77,249
223,87,247,166,77,250
223,87,255,172,79,251
223,95,0,197,69,19
223,95,7,195,70,23
223,95,15,195,72,28
223,95,23,196,74,34
223,95,31,197,76,41
223,95,39,199,78,47
223,95,47,200,81,54
223,95,55,201,83,60
223,95,63,202,84,67
223,95,71,204,86,73
223,95,79,205,87,80
223,95,87,205,88,87
223,95,95,205,89,93
223,95,103,206,90,100
223,95,111,206,90,106
223,95,119,205,91,113
223,95,127,204,91,119
223,95,135,204,91,127
223,95,143,204,92,134
223,95,151,203,92,142
223,95,159,202,92,151
223,95,167,201,92,160
223,95,175,200,92,170
223,95,183,198,93,182
223,95,191,195,92,195
223,95,199,194,92,210
223,95,207,191,91,226
223,95,215,186,89,239
223,95,223,181,87,245
223,95,231,176,85,248
223,95,239,172,83,249
223,95,247,170,82,250
223,95,255,174,84,251
223,103,0,198,74,19
223,103,7,197,75,22
223,103,15,197,77,27
223,103,23,198,79,33
223,103,31,199,81,40
223,103,39,200,84,46
223,103,47,202,86,53
223,103,55,203,88,59
223,103,63,204,90,65
223,103,71,205,91,72
223,103,79,206,93,79
223,103,87,207,94,86
223,103,95,207,95,92
223,103,103,207,96,99
223,103,111,207,96,105
223,103,119,207,97,112
223,103,127,206,97,118
223,103,135,206,97,125
223,103,143,206,98,133
223,103,151,205,98,140
223,103,159,204,98,149
223,103,167,203,98,158
223,103,175,202,99,168
223,103,183,200,99,179
223,103,191,198,98,191
223,103,199,196,98,206
223,103,207,194,97,222
223,103,215,190,95,236
223,103,223,185,93,245
223,103,231,181,91,248
223,103,239,176,88,250
223,103,247,174,88,251
223,103,255,177,90,252
223,111,0,200,81,19
223,111,7,198,81,21
223,111,15,198,83,26
223,111,23,199,85,32
223,111,31,200,87,38
223,111,39,202,89,45
223,111,47,203,91,51
223,111,55,204,93,58
223,111,63,205,95,64
223,111,71,207,97,71
223,111,79,208,98,78
223,111,87,208,100,85
223,111,95,208,101,91
223,111,103,209,101,98
223,111,111,209,102,104
223,111,119,208,103,111
223,111,127,208,103,117
223,111,135,208,103,124
223,111,143,207,104,131
223,111,151,207,104,139
223,111,159,206,104,147
223,111,167,205,104,156
223,111,175,204,104,165
223,111,183,202,105,176
223,111,191,200,104,188
223,111,199,199,104,202
223,111,207,197,104,219
223,111,215,193,102,234
223,111,223,189,99,244
223,111,231,185,97,249
223,111,239,181,95,250
223,111,247,178,94,251
223,111,255,180,96,252
223,119,0,201,87,18
223,119,7,199,88,21
223,119,15,199,89,25
223,119,23,200,91,31
223,119,31,201,93,37
223,119,39,203,95,43
223,119,47,204,97,50
223,119,55,206,99,57
223,119,63,206,101,63
223,119,71,208,102,70
223,119,79,209,104,77
223,119,87,209,105,83
223,119,95,209,106,90
223,119,103,210,107,97
223,119,111,210,108,103
223,119,119,210,108,109
223,119,127,209,109,116
223,119,135,209,109,123
223,119,143,209,109,130
223,119,151,208,110,137
223,119,159,207,110,145
223,119,167,206,110,153
223,119,175,205,110,163
223,119,183,203,110,173
223,119,191,201,110,184
223,119,199,200,110,198
223,119,207,199,110,215
223,119,215,196,108,231
223,119,223,192,106,243
223,119,231,189,104,249
223,119,239,185,101,250
223,119,247,182,100,251
223,119,255,183,103,252
223,127,0,202,94,18
223,127,7,200,94,20
223,127,15,200,95,24
223,127,23,201,97,29
223,127,31,202,99,35
223,127,39,203,101,42
223,127,47,205,103,48
223,127,55,206,105,55
223,127,63,207,106,62
223,127,71,209,108,69
223,127,79,210,109,75
223,127,87,210,111,82
223,127,95,210,112,89
223,127,103,211,113,96
223,127,111,211,114,102
223,127,119,210,114,108
223,127,127,210,114,115
223,127,135,209,115,121
223,127,143,209,115,128
223,127,151,208,115,135
223,127,159,207,115,143
223,127,167,207,116,151
223,127,175,206,116,160
223,127,183,204,116,170
223,127,191,202,116,181
223,127,199,201,116,194
223,127,207,200,115,210
223,127,215,198,114,227
223,127,223,194,112,241
223,127,231,192,110,249
223,127,239,188,107,251
223,127,247,185,107,252
223,127,255,186,109,253
223,135,0,203,101,17
223,135,7,201,101,19
223,135,15,201,102,22
223,135,23,202,103,28
223,135,31,203,105,34
223,135,39,204,107,40
223,135,47,206,109,47
223,135,55,207,111,54
223,135,63,208,112,61
223,135,71,210,114,67
223,135,79,211,115,74
223,135,87,211,117,81
223,135,95,211,118,88
223,135,103,212,119,95
223,135,111,212,120,101
223,135,119,211,120,108
223,135,127,211,121,114
223,135,135,210,121,120
223,135,143,210,121,127
223,135,151,209,122,134
223,135,159,208,122,141
223,135,167,208,122,149
223,135,175,207,122,158
223,135,183,206,122,167
223,135,191,204,122,178
223,135,199,203,122,191
223,135,207,202,122,207
223,135,215,200,121,224
223,135,223,197,119,238
223,135,231,195,117,248
223,135,239,192,114,252
223,135,247,189,113,253
223,135,255,188,116,254
223,143,0,204,108,17
223,143,7,202,107,18
223,143,15,202,108,21
223,143,23,203,109,26
223,143,31,204,111,32
223,143,39,205,113,38
223,143,47,207,115,45
223,143,55,208,117,52
223,143,63,209,118,59
223,143,71,211,120,66
223,143,79,212,122,73
223,143,87,212,123,80
223,143,95,212,124,87
223,143,103,213,125,94
223,143,111,213,126,101
223,143,119,212,126,107
223,143,127,212,127,113
223,143,135,211,127,119
223,143,143,211,128,126
223,143,151,210,128,132
223,143,159,209,128,140
223,143,167,209,128,147
223,143,175,208,129,155
223,143,183,207,129,165
223,143,191,205,128,175
223,143,199,205,129,187
223,143,207,204,129,203
223,143,215,202,128,220
223,143,223,200,126,236
223,143,231,198,124,247
223,143,239,195,121,252
223,143,247,192,120,254
223,143,255,191,123,255
223,151,0,205,115,16
223,151,7,203,114,17
223,151,15,203,114,20
223,151,23,204,116,25
223,151,31,204,117,30
223,151,39,206,119,37
223,151,47,208,121,44
223,151,55,209,123,51
223,151,63,210,124,58
223,151,71,212,126,65
223,151,79,213,128,72
223,151,87,213,129,79
223,151,95,213,130,86
223,151,103,214,131,93
223,151,111,214,132,100
223,151,119,213,133,106
223,151,127,213,133,112
223,151,135,212,133,118
223,151,143,211,134,125
223,151,151,210,134,131
223,151,159,209,134,138
223,151,167,209,134,145
223,151,175,208,135,153
223,151,183,208,135,162
223,151,191,206,135,172
223,151,199,205,135,184
223,151,207,205,135,199
223,151,215,204,134,217
223,151,223,202,133,232
223,151,231,201,131,245
223,151,239,198,128,253
223,151,247,195,127,255
223,151,255,193,129,255
223,159,0,206,121,16
223,159,7,204,120,17
223,159,15,203,120,19
223,159,23,204,121,24
223,159,31,205,123,29
223,159,39,206,125,35
223,159,47,208,127,42
223,159,55,209,128,49
223,159,63,210,130,56
223,159,71,212,132,64
223,159,79,213,134,71
223,159,87,214,135,78
223,159,95,214,136,85
223,159,103,214,137,92
223,159,111,214,138,99
223,159,119,214,139,105
223,159,127,213,139,111
223,159,135,212,140,117
223,159,143,211,140,124
223,159,151,210,140,130
223,159,159,209,140,137
223,159,167,209,141,145
223,159,175,208,141,151
223,159,183,207,141,160
223,159,191,206,141,170
223,159,199,205,141,180
223,159,207,205,141,195
223,159,215,205,141,212
223,159,223,203,139,228
223,159,231,202,138,242
223,159,239,201,135,252
223,159,247,198,134,255
223,159,255,196,136,255
223,167,0,206,127,16
223,167,7,204,126,17
223,167,15,204,126,18
223,167,23,204,128,23
223,167,31,205,129,28
223,167,39,206,131,34
223,167,47,208,133,41
223,167,55,210,135,48
223,167,63,211,136,55
223,167,71,213,138,62
223,167,79,214,140,70
223,167,87,215,141,77
223,167,95,215,143,84
223,167,103,216,144,91
223,167,111,216,145,98
223,167,119,215,145,104
223,167,127,214,146,110
223,167,135,213,146,117
223,167,143,212,147,123
223,167,151,211,147,130
223,167,159,210,147,136
223,167,167,210,147,143
223,167,175,209,147,150
223,167,183,208,147,158
223,167,191,207,147,168
223,167,199,206,148,177
223,167,207,206,148,191
223,167,215,205,148,208
223,167,223,205,147,224
223,167,231,205,145,239
223,167,239,203,143,251
223,167,247,201,142,255
223,167,255,198,144,255
223,175,0,207,133,16
223,175,7,205,132,17
223,175,15,204,132,18
223,175,23,205,133,22
223,175,31,205,135,27
223,175,39,207,137,33
223,175,47,208,139,40
223,175,55,210,141,47
223,175,63,211,142,54
223,175,71,213,144,61
223,175,79,214,146,69
223,175,87,216,148,76
223,175,95,216,149,83
223,175,103,217,150,91
223,175,111,217,151,97
223,175,119,216,152,104
223,175,127,216,153,110
223,175,135,214,153,116
223,175,143,213,153,122
223,175,151,213,154,129
223,175,159,211,154,135
223,175,167,211,154,142
223,175,175,210,154,149
223,175,183,209,154,156
223,175,191,208,154,165
223,175,199,207,155,176
223,175,207,207,155,189
223,175,215,206,155,203
223,175,223,205,154,219
223,175,231,206,153,236
223,175,239,206,151,249
223,175,247,204,150,254
223,175,255,201,151,255
223,183,0,207,139,16
223,183,7,205,138,17
223,183,15,204,138,18
223,183,23,204,139,21
223,183,31,205,141,26
223,183,39,206,143,32
223,183,47,208,145,39
223,183,55,209,147,46
223,183,63,211,148,53
223,183,71,213,150,60
223,183,79,215,152,68
223,183,87,216,154,75
223,183,95,217,156,82
223,183,103,217,157,90
223,183,111,218,158,97
223,183,119,217,159,103
223,183,127,217,160,109
223,183,135,215,160,116
223,183,143,215,160,122
223,183,151,214,161,128
223,183,159,213,161,135
223,183,167,212,161,141
223,183,175,210,162,147
223,183,183,209,162,155
223,183,191,208,162,163
223,183,199,207,163,172
223,183,207,207,162,186
223,183,215,207,162,200
223,183,223,207,162,216
223,183,231,207,161,231
223,183,239,207,160,246
223,183,247,206,159,253
223,183,255,203,159,255
223,191,0,207,145,15
223,191,7,205,144,16
223,191,15,204,144,17
223,191,23,204,145,20
223,191,31,204,147,25
223,191,39,206,148,30
223,191,47,207,150,37
223,191,55,209,152,45
223,191,63,210,154,51
223,191,71,212,156,59
223,191,79,214,158,66
223,191,87,216,160,74
223,191,95,217,162,81
223,191,103,218,164,89
223,191,111,218,165,96
223,191,119,218,166,102
223,191,127,218,167,109
223,191,135,217,167,115
223,191,143,216,168,121
223,191,151,215,168,128
223,191,159,214,168,134
223,191,167,213,168,140
223,191,175,211,170,146
223,191,183,210,170,153
223,191,191,208,170,161
223,191,199,208,170,170
223,191,207,207,171,182
223,191,215,207,171,195
223,191,223,208,170,211
223,191,231,208,169,228
223,191,239,208,168,242
223,191,247,207,167,251
223,191,255,205,168,253
223,199,0,207,152,15
223,199,7,204,151,16
223,199,15,203,151,17
223,199,23,203,152,19
223,199,31,204,153,24
223,199,39,205,155,29
223,199,47,206,156,36
223,199,55,208,158,43
223,199,63,210,160,50
223,199,71,212,163,57
223,199,79,214,165,65
223,199,87,216,167,73
223,199,95,217,169,80
223,199,103,218,171,88
223,199,111,219,172,95
223,199,119,219,173,102
223,199,127,219,174,108
223,199,135,219,175,114
223,199,143,217,176,120
223,199,151,216,176,126
223,199,159,215,176,134
223,199,167,215,177,140
223,199,175,213,178,146
223,199,183,211,178,153
223,199,191,210,178,160
223,199,199,209,179,169
223,199,207,209,179,179
223,199,215,208,180,192
223,199,223,209,180,206
223,199,231,209,178,224
223,199,239,210,178,239
223,199,247,209,177,249
223,199,255,206,177,251
223,207,0,207,159,15
223,207,7,204,157,16
223,207,15,202,157,17
223,207,23,202,158,19
223,207,31,203,159,23
223,207,39,204,161,28
223,207,47,205,162,34
223,207,55,207,164,42
223,207,63,209,166,49
223,207,71,211,168,56
223,207,79,213,171,64
223,207,87,215,173,71
223,207,95,217,175,79
223,207,103,218,177,87
223,207,111,219,179,94
223,207,119,220,180,101
223,207,127,220,181,107
223,207,135,220,183,114
223,207,143,220,184,120
223,207,151,218,184,126
223,207,159,217,184,133
223,207,167,217,185,140
223,207,175,215,185,146
223,207,183,213,187,152
223,207,191,212,187,159
223,207,199,211,188,167
223,207,207,210,189,177
223,207,215,209,190,189
223,207,223,211,189,202
223,207,231,211,190,219
223,207,239,211,189,234
223,207,247,210,187,247
223,207,255,208,186,250
223,215,0,206,167,15
223,215,7,203,165,16
223,215,15,202,164,17
223,215,23,202,165,18
223,215,31,202,165,22
223,215,39,203,167,27
223,215,47,204,168,33
223,215,55,206,170,40
223,215,63,208,172,47
223,215,71,210,174,55
223,215,79,213,177,62
223,215,87,215,179,70
223,215,95,216,181,78
223,215,103,218,183,85
223,215,111,219,185,93
223,215,119,220,187,100
223,215,127,220,188,107
223,215,135,221,190,113
223,215,143,221,191,120
223,215,151,221,192,126
223,215,159,219,192,132
223,215,167,218,193,140
223,215,175,218,194,146
223,215,183,215,194,152
223,215,191,214,195,159
223,215,199,213,196,167
223,215,207,212,198,176
223,215,215,212,199,187
223,215,223,212,199,199
223,215,231,212,200,215
223,215,239,213,199,230
223,215,247,212,198,243
223,215,255,209,195,250
223,223,0,205,175,14
223,223,7,202,173,15
223,223,15,201,172,16
223,223,23,201,172,17
223,223,31,201,173,20
223,223,39,202,174,25
223,223,47,204,175,32
223,223,55,205,177,38
223,223,63,207,178,46
223,223,71,210,180,53
223,223,79,212,183,61
223,223,87,214,185,69
223,223,95,216,187,76
223,223,103,218,189,84
223,223,111,219,191,92
223,223,119,220,193,99
223,223,127,221,194,106
223,223,135,221,196,113
223,223,143,222,198,119
223,223,151,222,199,125
223,223,159,221,199,132
223,223,167,220,200,139
223,223,175,219,201,146
223,223,183,218,202,152
223,223,191,216,202,159
223,223,199,215,204,167
223,223,207,215,206,176
223,223,215,214,208,186
223,223,223,214,209,198
223,223,231,214,209,211
223,223,239,214,209,226
223,223,247,214,208,240
223,223,255,211,207,249
223,231,0,204,184,13
223,231,7,201,182,14
223,231,15,200,180,15
223,231,23,200,180,16
223,231,31,200,181,19
223,231,39,201,181,24
223,231,47,203,183,30
223,231,55,205,184,37
223,231,63,207,185,44
223,231,71,209,187,52
223,231,79,211,189,59
223,231,87,213,191,67
223,231,95,215,193,75
223,231,103,217,195,83
223,231,111,219,197,91
223,231,119,220,199,98
223,231,127,221,201,105
223,231,135,222,202,112
223,231,143,223,204,119
223,231,151,223,205,125
223,231,159,223,206,132
223,231,167,222,207,139
223,231,175,221,208,145
223,231,183,220,209,152
223,231,191,219,210,159
223,231,199,217,211,167
223,231,207,217,213,175
223,231,215,216,215,184
223,231,223,216,217,194
223,231,231,216,218,207
223,231,239,216,219,222
223,231,247,215,218,237
223,231,255,213,217,248
223,239,0,202,194,12
223,239,7,200,192,13
223,239,15,199,190,14
223,239,23,199,190,15
223,239,31,199,190,18
223,239,39,201,190,23
223,239,47,202,191,28
223,239,55,204,192,35
223,239,63,206,193,42
223,239,71,208,194,50
223,239,79,211,196,58
223,239,87,213,198,66
223,239,95,215,200,74
223,239,103,217,202,82
223,239,111,219,204,89
223,239,119,220,205,97
223,239,127,222,207,104
223,239,135,223,209,112
223,239,143,223,210,118
223,239,151,224,211,125
223,239,159,224,212,132
223,239,167,224,214,138
223,239,175,223,215,145
223,239,183,222,216,151
223,239,191,221,217,159
223,239,199,220,218,167
223,239,207,219,220,175
223,239,215,219,224,184
223,239,223,218,226,194
223,239,231,218,227,206
223,239,239,217,228,219
223,239,247,216,229,235
223,239,255,214,228,248
223,247,0,200,206,11
223,247,7,199,204,12
223,247,15,198,202,13
223,247,23,199,202,14
223,247,31,199,202,17
223,247,39,201,202,22
223,247,47,202,203,27
223,247,55,204,203,34
223,247,63,207,204,41
223,247,71,209,206,48
223,247,79,211,207,56
223,247,87,214,208,64
223,247,95,216,210,72
223,247,103,218,212,80
223,247,111,220,213,88
223,247,119,221,215,96
223,247,127,223,216,103
223,247,135,224,218,111
223,247,143,225,219,118
223,247,151,225,220,125
223,247,159,226,221,132
223,247,167,226,223,139
223,247,175,226,224,146
223,247,183,225,226,152
223,247,191,224,227,160
223,247,199,223,228,168
223,247,207,223,230,177
223,247,215,221,232,186
223,247,223,221,234,196
223,247,231,220,238,208
223,247,239,219,239,221
223,247,247,217,239,235
223,247,255,215,240,248
223,255,0,198,218,9
223,255,7,198,218,10
223,255,15,198,218,11
223,255,23,199,219,13
223,255,31,201,220,17
223,255,39,202,220,21
223,255,47,205,221,27
223,255,55,207,222,33
223,255,63,209,223,39
223,255,71,212,224,46
223,255,79,214,226,54
223,255,87,217,227,62
223,255,95,219,228,69
223,255,103,221,229,77
223,255,111,223,231,85
223,255,119,225,232,93
223,255,127,226,233,101
223,255,135,227,234,109
223,255,143,227,235,117
223,255,151,228,236,125
223,255,159,228,237,133
223,255,167,228,238,140
223,255,175,228,239,148
223,255,183,228,241,156
223,255,191,228,242,165
223,255,199,227,244,173
223,255,207,226,245,182
223,255,215,225,246,193
223,255,223,223,247,203
223,255,231,222,248,214
223,255,239,221,249,225
223,255,247,218,249,237
223,255,255,217,250,249
231,0,0,203,14,15
231,0,7,206,16,23
231,0,15,208,18,32
231,0,23,209,19,41
231,0,31,210,20,49
231,0,39,211,21,57
231,0,47,211,21,65
231,0,55,210,21,73
231,0,63,210,21,81
231,0,71,209,20,88
231,0,79,208,20,96
231,0,87,207,19,104
231,0,95,205,19,113
231,0,103,204,19,121
231,0,111,203,18,130
231,0,119,202,18,139
231,0,127,201,18,148
231,0,135,199,18,158
231,0,143,198,18,167
231,0,151,196,18,177
231,0,159,194,18,186
231,0,167,193,18,196
231,0,175,191,18,205
231,0,183,189,18,214
231,0,191,187,18,222
231,0,199,186,18,229
231,0,207,184,18,236
231,0,215,182,18,242
231,0,223,181,18,247
231,0,231,179,17,251
231,0,239,178,17,252
231,0,247,176,16,253
231,0,255,175,15,254
231,7,0,201,17,16
231,7,7,202,20,24
231,7,15,203,23,33
231,7,23,204,25,41
231,7,31,205,26,49
231,7,39,206,27,56
231,7,47,207,28,64
231,7,55,207,28,71
231,7,63,207,29,79
231,7,71,207,29,87
231,7,79,206,29,95
231,7,87,205,28,102
231,7,95,204,28,110
231,7,103,203,28,118
231,7,111,202,28,126
231,7,119,201,28,135
231,7,127,200,28,143
231,7,135,199,27,152
231,7,143,197,27,161
231,7,151,196,27,171
231,7,159,194,27,181
231,7,167,193,27,191
231,7,175,191,28,203
231,7,183,189,28,213
231,7,191,187,28,223
231,7,199,185,28,231
231,7,207,182,28,238
231,7,215,179,27,243
231,7,223,177,27,247
231,7,231,175,26,250
231,7,239,174,25,251
231,7,247,173,24,252
231,7,255,174,23,253
231,15,0,200,22,17
231,15,7,200,25,25
231,15,15,200,28,33
231,15,23,201,30,41
231,15,31,202,32,48
231,15,39,203,33,56
231,15,47,204,34,63
231,15,55,205,35,70
231,15,63,205,36,78
231,15,71,205,36,86
231,15,79,205,36,93
231,15,87,204,36,101
231,15,95,203,36,108
231,15,103,202,36,116
231,15,111,201,36,124
231,15,119,200,36,132
231,15,127,199,36,140
231,15,135,198,35,148
231,15,143,197,35,157
231,15,151,196,35,166
231,15,159,195,36,176
231,15,167,193,36,188
231,15,175,192,36,200
231,15,183,190,36,212
231,15,191,187,37,223
231,15,199,185,36,231
231,15,207,181,36,238
231,15,215,178,36,243
231,15,223,175,35,247
231,15,231,172,34,249
231,15,239,170,33,250
231,15,247,171,32,251
231,15,255,174,30,252
231,23,0,199,26,17
231,23,7,198,29,25
231,23,15,199,32,34
231,23,23,200,35,41
231,23,31,201,37,48
231,23,39,202,38,55
231,23,47,203,39,62
231,23,55,204,40,70
231,23,63,204,41,77
231,23,71,205,42,85
231,23,79,205,42,92
231,23,87,204,42,99
231,23,95,203,42,107
231,23,103,202,42,114
231,23,111,202,42,122
231,23,119,201,42,129
231,23,127,200,42,137
231,23,135,199,42,145
231,23,143,198,42,154
231,23,151,197,42,163
231,23,159,195,42,173
231,23,167,194,43,184
231,23,175,193,43,197
231,23,183,191,43,210
231,23,191,188,43,221
231,23,199,185,43,231
231,23,207,182,43,238
231,23,215,178,42,243
231,23,223,175,42,246
231,23,231,171,41,249
231,23,239,169,39,250
231,23,247,169,38,251
231,23,255,174,37,252
231,31,0,198,31,18
231,31,7,197,34,26
231,31,15,198,37,34
231,31,23,199,39,41
231,31,31,200,41,48
231,31,39,201,43,55
231,31,47,202,44,62
231,31,55,203,45,69
231,31,63,204,46,76
231,31,71,204,47,84
231,31,79,205,48,91
231,31,87,204,48,98
231,31,95,204,48,105
231,31,103,203,48,113
231,31,111,202,48,120
231,31,119,201,48,127
231,31,127,200,48,135
231,31,135,199,48,143
231,31,143,198,48,152
231,31,151,197,48,160
231,31,159,196,48,170
231,31,167,195,49,181
231,31,175,194,49,193
231,31,183,192,49,207
231,31,191,189,49,219
231,31,199,187,49,229
231,31,207,183,49,237
231,31,215,179,48,242
231,31,223,174,47,246
231,31,231,170,46,248
231,31,239,168,45,249
231,31,247,168,44,250
231,31,255,174,44,251
231,39,0,198,35,18
231,39,7,197,38,26
231,39,15,198,41,34
231,39,23,199,43,41
231,39,31,200,45,48
231,39,39,201,47,54
231,39,47,202,49,61
231,39,55,203,50,68
231,39,63,204,51,76
231,39,71,205,52,83
231,39,79,205,53,90
231,39,87,205,53,97
231,39,95,204,53,104
231,39,103,204,54,111
231,39,111,203,54,118
231,39,119,202,54,126
231,39,127,201,54,133
231,39,135,201,53,141
231,39,143,200,54,149
231,39,151,199,54,158
231,39,159,198,54,168
231,39,167,197,54,178
231,39,175,196,55,190
231,39,183,194,55,204
231,39,191,191,55,217
231,39,199,188,55,229
231,39,207,185,54,237
231,39,215,180,54,243
231,39,223,175,53,245
231,39,231,170,51,248
231,39,239,166,50,249
231,39,247,167,50,250
231,39,255,175,50,251
231,47,0,198,39,19
231,47,7,197,42,26
231,47,15,198,45,34
231,47,23,199,47,41
231,47,31,200,49,47
231,47,39,201,51,54
231,47,47,202,53,61
231,47,55,203,54,67
231,47,63,204,56,75
231,47,71,205,57,82
231,47,79,205,58,89
231,47,87,206,58,96
231,47,95,205,59,103
231,47,103,205,59,110
231,47,111,204,59,117
231,47,119,203,59,124
231,47,127,202,59,131
231,47,135,202,59,138
231,47,143,201,59,146
231,47,151,200,59,155
231,47,159,199,59,165
231,47,167,198,60,175
231,47,175,197,60,187
231,47,183,195,60,201
231,47,191,193,60,215
231,47,199,190,60,227
231,47,207,186,59,237
231,47,215,181,59,243
231,47,223,176,58,245
231,47,231,170,56,248
231,47,239,166,55,249
231,47,247,167,55,250
231,47,255,176,56,251
231,55,0,199,44,19
231,55,7,198,46,26
231,55,15,198,49,33
231,55,23,199,51,40
231,55,31,200,53,47
231,55,39,201,55,53
231,55,47,202,57,60
231,55,55,203,59,67
231,55,63,204,60,74
231,55,71,205,62,81
231,55,79,206,63,88
231,55,87,206,63,94
231,55,95,206,64,101
231,55,103,206,64,108
231,55,111,205,64,115
231,55,119,205,64,122
231,55,127,204,64,129
231,55,135,203,64,136
231,55,143,202,65,144
231,55,151,202,65,153
231,55,159,200,65,162
231,55,167,200,65,172
231,55,175,198,65,184
231,55,183,197,65,198
231,55,191,194,65,212
231,55,199,192,65,225
231,55,207,188,65,236
231,55,215,183,64,243
231,55,223,177,62,245
231,55,231,170,61,248
231,55,239,166,59,249
231,55,247,167,59,250
231,55,255,177,61,251
231,63,0,200,48,19
231,63,7,199,50,26
231,63,15,199,53,33
231,63,23,200,55,40
231,63,31,200,58,46
231,63,39,201,60,53
231,63,47,202,62,59
231,63,55,203,64,66
231,63,63,204,65,73
231,63,71,206,67,79
231,63,79,207,68,86
231,63,87,207,69,93
231,63,95,207,69,99
231,63,103,207,70,106
231,63,111,206,70,113
231,63,119,206,70,120
231,63,127,205,70,127
231,63,135,204,70,134
231,63,143,204,70,142
231,63,151,203,70,151
231,63,159,202,70,160
231,63,167,201,71,169
231,63,175,200,71,180
231,63,183,198,71,194
231,63,191,196,71,208
231,63,199,194,71,223
231,63,207,190,70,234
231,63,215,185,69,242
231,63,223,179,67,245
231,63,231,172,65,248
231,63,239,167,64,249
231,63,247,169,64,250
231,63,255,179,67,251
231,71,0,201,53,20
231,71,7,200,55,26
231,71,15,199,57,32
231,71,23,200,60,39
231,71,31,201,62,46
231,71,39,202,64,52
231,71,47,203,67,58
231,71,55,204,69,65
231,71,63,205,70,71
231,71,71,207,72,78
231,71,79,207,73,85
231,71,87,208,74,92
231,71,95,208,74,98
231,71,103,208,75,105
231,71,111,208,75,111
231,71,119,207,75,118
231,71,127,206,75,125
231,71,135,206,76,132
231,71,143,206,76,140
231,71,151,205,76,148
231,71,159,204,76,157
231,71,167,203,77,166
231,71,175,202,77,177
231,71,183,200,77,190
231,71,191,198,77,204
231,71,199,196,77,220
231,71,207,193,76,233
231,71,215,188,75,242
231,71,223,182,73,246
231,71,231,175,70,248
231,71,239,170,69,249
231,71,247,171,69,250
231,71,255,181,72,251
231,79,0,202,58,20
231,79,7,201,60,25
231,79,15,201,62,32
231,79,23,201,64,38
231,79,31,202,67,45
231,79,39,203,69,51
231,79,47,204,71,57
231,79,55,206,73,64
231,79,63,206,75,70
231,79,71,208,77,77
231,79,79,209,78,84
231,79,87,209,79,90
231,79,95,209,80,97
231,79,103,209,80,103
231,79,111,209,81,110
231,79,119,209,81,116
231,79,127,208,81,123
231,79,135,208,81,131
231,79,143,208,81,138
231,79,151,207,82,146
231,79,159,206,82,155
231,79,167,205,82,164
231,79,175,204,83,174
231,79,183,202,83,186
231,79,191,200,82,200
231,79,199,198,82,216
231,79,207,195,82,230
231,79,215,191,80,241
231,79,223,185,78,246
231,79,231,178,75,248
231,79,239,174,73,249
231,79,247,174,74,250
231,79,255,183,77,251
231,87,0,204,63,20
231,87,7,202,64,25
231,87,15,202,67,31
231,87,23,202,69,37
231,87,31,203,72,44
231,87,39,205,74,50
231,87,47,206,76,56
231,87,55,207,78,63
231,87,63,208,80,69
231,87,71,209,82,76
231,87,79,210,83,82
231,87,87,210,84,89
231,87,95,210,85,95
231,87,103,211,85,102
231,87,111,211,86,108
231,87,119,210,86,115
231,87,127,210,86,122
231,87,135,210,87,129
231,87,143,209,87,136
231,87,151,209,87,144
231,87,159,207,88,153
231,87,167,207,88,161
231,87,175,206,88,171
231,87,183,204,88,183
231,87,191,202,88,197
231,87,199,200,88,213
231,87,207,198,87,228
231,87,215,193,85,239
231,87,223,188,83,245
231,87,231,182,80,248
231,87,239,177,78,249
231,87,247,177,78,250
231,87,255,185,82,251
231,95,0,205,68,20
231,95,7,203,70,24
231,95,15,203,72,30
231,95,23,204,74,36
231,95,31,204,77,43
231,95,39,206,79,49
231,95,47,207,81,55
231,95,55,208,83,61
231,95,63,209,85,68
231,95,71,210,87,75
231,95,79,211,88,81
231,95,87,211,89,88
231,95,95,211,90,94
231,95,103,212,91,101
231,95,111,212,91,107
231,95,119,212,92,113
231,95,127,211,92,120
231,95,135,211,92,127
231,95,143,211,93,135
231,95,151,210,93,142
231,95,159,209,93,151
231,95,167,208,94,159
231,95,175,207,94,169
231,95,183,205,94,180
231,95,191,203,94,193
231,95,199,202,94,209
231,95,207,200,93,224
231,95,215,196,91,237
231,95,223,191,89,244
231,95,231,185,85,248
231,95,239,180,83,250
231,95,247,180,84,251
231,95,255,187,88,252
231,103,0,206,74,20
231,103,7,205,75,24
231,103,15,204,77,29
231,103,23,205,79,35
231,103,31,206,82,41
231,103,39,207,84,48
231,103,47,208,86,54
231,103,55,209,88,60
231,103,63,210,90,67
231,103,71,211,92,73
231,103,79,212,93,80
231,103,87,213,95,87
231,103,95,213,96,93
231,103,103,213,96,100
231,103,111,213,97,106
231,103,119,213,97,112
231,103,127,213,98,119
231,103,135,213,98,126
231,103,143,212,99,133
231,103,151,212,99,141
231,103,159,211,99,149
231,103,167,210,99,157
231,103,175,209,100,167
231,103,183,207,100,178
231,103,191,205,100,190
231,103,199,204,100,205
231,103,207,202,99,221
231,103,215,199,97,235
231,103,223,194,95,244
231,103,231,189,91,249
231,103,239,184,89,250
231,103,247,184,89,251
231,103,255,190,93,252
231,111,0,208,80,20
231,111,7,206,81,23
231,111,15,205,83,28
231,111,23,206,85,34
231,111,31,207,87,40
231,111,39,208,89,46
231,111,47,210,91,53
231,111,55,211,94,59
231,111,63,212,95,65
231,111,71,213,97,72
231,111,79,214,99,79
231,111,87,214,100,85
231,111,95,214,101,92
231,111,103,215,102,99
231,111,111,215,103,105
231,111,119,215,103,111
231,111,127,214,103,118
231,111,135,214,104,125
231,111,143,214,104,132
231,111,151,213,105,139
231,111,159,212,105,147
231,111,167,212,105,155
231,111,175,211,105,164
231,111,183,209,106,175
231,111,191,207,106,187
231,111,199,207,106,202
231,111,207,205,105,218
231,111,215,202,103,232
231,111,223,197,101,243
231,111,231,192,97,249
231,111,239,188,95,251
231,111,247,188,95,252
231,111,255,192,99,253
231,119,0,209,87,19
231,119,7,207,87,22
231,119,15,207,89,27
231,119,23,207,91,32
231,119,31,208,93,38
231,119,39,209,95,45
231,119,47,211,97,51
231,119,55,212,99,58
231,119,63,213,101,64
231,119,71,214,102,71
231,119,79,215,104,78
231,119,87,215,105,84
231,119,95,216,106,91
231,119,103,216,108,97
231,119,111,216,108,104
231,119,119,216,109,110
231,119,127,215,109,116
231,119,135,215,110,123
231,119,143,215,110,130
231,119,151,215,110,138
231,119,159,214,110,145
231,119,167,213,111,153
231,119,175,212,111,162
231,119,183,211,111,172
231,119,191,209,111,184
231,119,199,208,111,198
231,119,207,207,111,214
231,119,215,204,109,229
231,119,223,200,107,241
231,119,231,196,103,249
231,119,239,192,101,251
231,119,247,191,101,252
231,119,255,195,106,253
231,127,0,210,93,19
231,127,7,208,94,21
231,127,15,208,95,25
231,127,23,208,97,31
231,127,31,209,98,37
231,127,39,210,100,43
231,127,47,211,102,50
231,127,55,213,104,56
231,127,63,214,106,63
231,127,71,215,108,70
231,127,79,216,110,76
231,127,87,216,111,83
231,127,95,216,112,90
231,127,103,217,113,96
231,127,111,217,114,103
231,127,119,217,115,109
231,127,127,216,115,115
231,127,135,216,115,122
231,127,143,216,116,129
231,127,151,215,116,136
231,127,159,215,116,143
231,127,167,214,117,151
231,127,175,213,117,160
231,127,183,212,117,170
231,127,191,210,117,181
231,127,199,209,117,194
231,127,207,208,117,210
231,127,215,206,116,226
231,127,223,203,113,239
231,127,231,199,110,248
231,127,239,195,107,252
231,127,247,194,107,253
231,127,255,197,112,254
231,135,0,211,100,18
231,135,7,209,100,20
231,135,15,209,101,24
231,135,23,209,103,29
231,135,31,210,104,35
231,135,39,211,106,42
231,135,47,213,108,48
231,135,55,214,110,55
231,135,63,215,112,62
231,135,71,216,114,68
231,135,79,217,115,75
231,135,87,218,117,82
231,135,95,218,118,89
231,135,103,218,119,96
231,135,111,218,120,102
231,135,119,218,121,108
231,135,127,218,121,114
231,135,135,218,122,121
231,135,143,217,122,128
231,135,151,217,122,135
231,135,159,216,122,142
231,135,167,215,123,149
231,135,175,215,123,158
231,135,183,213,123,167
231,135,191,212,123,179
231,135,199,211,124,191
231,135,207,210,123,206
231,135,215,208,122,223
231,135,223,205,120,237
231,135,231,202,117,248
231,135,239,199,114,253
231,135,247,198,114,254
231,135,255,200,118,255
231,143,0,212,107,18
231,143,7,210,107,19
231,143,15,210,107,23
231,143,23,210,109,28
231,143,31,211,110,34
231,143,39,212,112,40
231,143,47,213,114,47
231,143,55,215,116,53
231,143,63,216,118,60
231,143,71,217,120,67
231,143,79,218,121,74
231,143,87,219,123,81
231,143,95,219,124,88
231,143,103,219,125,95
231,143,111,219,126,101
231,143,119,219,127,107
231,143,127,219,127,114
231,143,135,219,128,120
231,143,143,218,128,127
231,143,151,218,128,133
231,143,159,217,129,140
231,143,167,216,129,148
231,143,175,216,129,156
231,143,183,214,129,165
231,143,191,213,129,176
231,143,199,212,130,188
231,143,207,211,130,203
231,143,215,210,129,219
231,143,223,208,127,234
231,143,231,205,123,246
231,143,239,202,121,253
231,143,247,201,120,255
231,143,255,202,125,255
231,151,0,213,113,17
231,151,7,211,113,18
231,151,15,210,113,21
231,151,23,211,115,26
231,151,31,211,116,32
231,151,39,213,118,38
231,151,47,214,120,45
231,151,55,215,122,52
231,151,63,216,124,59
231,151,71,218,125,66
231,151,79,219,127,73
231,151,87,220,129,80
231,151,95,220,130,87
231,151,103,220,131,94
231,151,111,220,132,100
231,151,119,220,133,107
231,151,127,220,133,113
231,151,135,219,134,119
231,151,143,219,134,126
231,151,151,218,135,132
231,151,159,218,135,139
231,151,167,217,135,146
231,151,175,216,135,154
231,151,183,215,135,162
231,151,191,214,135,173
231,151,199,213,136,184
231,151,207,212,136,199
231,151,215,211,135,215
231,151,223,209,133,231
231,151,231,207,130,245
231,151,239,205,127,253
231,151,247,203,127,255
231,151,255,204,131,255
231,159,0,214,120,17
231,159,7,212,119,18
231,159,15,211,119,21
231,159,23,211,121,25
231,159,31,212,122,31
231,159,39,213,124,37
231,159,47,214,126,43
231,159,55,216,128,50
231,159,63,217,129,57
231,159,71,218,131,64
231,159,79,220,133,72
231,159,87,220,135,79
231,159,95,220,136,86
231,159,103,221,137,93
231,159,111,221,138,99
231,159,119,221,139,106
231,159,127,220,139,112
231,159,135,220,140,118
231,159,143,220,140,124
231,159,151,218,141,131
231,159,159,217,141,137
231,159,167,216,141,144
231,159,175,216,141,152
231,159,183,215,141,160
231,159,191,213,142,170
231,159,199,214,142,181
231,159,207,213,142,195
231,159,215,212,141,211
231,159,223,211,140,227
231,159,231,209,137,242
231,159,239,207,135,252
231,159,247,206,134,255
231,159,255,206,138,255
231,167,0,215,126,17
231,167,7,213,125,18
231,167,15,212,125,20
231,167,23,212,127,24
231,167,31,212,128,30
231,167,39,214,130,36
231,167,47,215,132,42
231,167,55,216,134,49
231,167,63,217,135,56
231,167,71,219,137,63
231,167,79,220,139,71
231,167,87,221,141,78
231,167,95,221,142,85
231,167,103,222,143,92
231,167,111,222,144,99
231,167,119,222,145,105
231,167,127,221,146,111
231,167,135,221,146,117
231,167,143,219,147,124
231,167,151,219,147,130
231,167,159,218,147,136
231,167,167,217,147,144
231,167,175,216,148,151
231,167,183,215,148,159
231,167,191,214,148,168
231,167,199,214,148,177
231,167,207,213,148,191
231,167,215,213,148,206
231,167,223,212,147,223
231,167,231,211,145,239
231,167,239,210,142,251
231,167,247,209,142,255
231,167,255,209,145,255
231,175,0,215,132,17
231,175,7,213,131,18
231,175,15,212,131,19
231,175,23,212,133,23
231,175,31,213,134,29
231,175,39,214,136,35
231,175,47,215,138,41
231,175,55,217,140,48
231,175,63,218,142,55
231,175,71,220,144,62
231,175,79,221,145,69
231,175,87,222,147,77
231,175,95,222,148,84
231,175,103,223,150,91
231,175,111,223,151,98
231,175,119,223,152,104
231,175,127,222,152,110
231,175,135,222,153,117
231,175,143,220,153,123
231,175,151,220,154,129
231,175,159,219,154,136
231,175,167,218,154,143
231,175,175,217,154,149
231,175,183,216,154,157
231,175,191,215,154,166
231,175,199,214,155,176
231,175,207,214,155,187
231,175,215,213,155,202
231,175,223,212,154,218
231,175,231,213,152,235
231,175,239,212,151,248
231,175,247,211,150,254
231,175,255,211,152,255
231,183,0,216,138,17
231,183,7,214,137,18
231,183,15,212,137,19
231,183,23,212,138,23
231,183,31,213,140,28
231,183,39,214,142,34
231,183,47,215,144,40
231,183,55,217,146,47
231,183,63,218,147,54
231,183,71,220,149,61
231,183,79,221,151,68
231,183,87,222,153,76
231,183,95,223,155,83
231,183,103,224,156,90
231,183,111,224,157,97
231,183,119,224,158,104
231,183,127,223,159,110
231,183,135,223,160,116
231,183,143,221,160,122
231,183,151,221,160,128
231,183,159,220,161,135
231,183,167,219,161,142
231,183,175,218,161,148
231,183,183,217,161,155
231,183,191,216,162,164
231,183,199,215,161,173
231,183,207,214,162,185
231,183,215,214,162,199
231,183,223,214,161,213
231,183,231,213,160,230
231,183,239,214,159,245
231,183,247,214,159,253
231,183,255,213,160,254
231,191,0,216,144,17
231,191,7,214,143,18
231,191,15,212,144,19
231,191,23,212,145,22
231,191,31,213,146,27
231,191,39,214,148,32
231,191,47,215,149,39
231,191,55,216,151,46
231,191,63,218,153,52
231,191,71,219,155,59
231,191,79,221,157,67
231,191,87,223,159,74
231,191,95,223,161,82
231,191,103,224,163,89
231,191,111,225,164,96
231,191,119,225,165,103
231,191,127,224,166,109
231,191,135,224,167,115
231,191,143,223,167,122
231,191,151,222,168,128
231,191,159,221,168,135
231,191,167,220,168,141
231,191,175,219,168,147
231,191,183,217,169,154
231,191,191,215,169,162
231,191,199,215,170,170
231,191,207,214,170,182
231,191,215,215,169,196
231,191,223,214,169,211
231,191,231,215,168,228
231,191,239,215,168,241
231,191,247,215,168,250
231,191,255,215,169,252
231,199,0,216,151,17
231,199,7,214,150,17
231,199,15,212,150,18
231,199,23,212,151,21
231,199,31,212,152,26
231,199,39,213,154,31
231,199,47,215,156,37
231,199,55,216,158,44
231,199,63,218,160,51
231,199,71,219,162,58
231,199,79,221,164,66
231,199,87,223,166,73
231,199,95,224,168,81
231,199,103,225,170,88
231,199,111,226,171,95
231,199,119,226,173,102
231,199,127,226,173,108
231,199,135,226,174,115
231,199,143,225,175,121
231,199,151,223,176,127
231,199,159,222,176,134
231,199,167,222,176,141
231,199,175,221,176,147
231,199,183,218,177,153
231,199,191,217,177,161
231,199,199,216,178,169
231,199,207,216,178,179
231,199,215,215,178,192
231,199,223,215,179,206
231,199,231,216,177,223
231,199,239,217,177,239
231,199,247,217,177,248
231,199,255,216,177,251
231,207,0,216,158,16
231,207,7,213,157,17
231,207,15,212,157,18
231,207,23,212,158,21
231,207,31,212,159,25
231,207,39,213,160,30
231,207,47,214,162,36
231,207,55,216,164,43
231,207,63,217,166,50
231,207,71,219,168,57
231,207,79,221,170,65
231,207,87,223,172,72
231,207,95,224,174,79
231,207,103,226,176,87
231,207,111,226,178,95
231,207,119,227,180,101
231,207,127,227,181,108
231,207,135,227,182,114
231,207,143,227,183,121
231,207,151,225,183,127
231,207,159,224,184,133
231,207,167,223,184,140
231,207,175,222,185,147
231,207,183,220,186,153
231,207,191,219,186,160
231,207,199,218,187,168
231,207,207,217,187,177
231,207,215,217,188,189
231,207,223,217,188,203
231,207,231,218,189,218
231,207,239,218,187,234
231,207,247,219,187,245
231,207,255,218,186,251
231,215,0,216,166,16
231,215,7,213,164,17
231,215,15,211,164,18
231,215,23,211,164,20
231,215,31,212,165,24
231,215,39,212,167,29
231,215,47,214,168,35
231,215,55,215,170,42
231,215,63,217,172,49
231,215,71,219,174,56
231,215,79,221,176,63
231,215,87,223,178,71
231,215,95,224,180,78
231,215,103,226,183,86
231,215,111,227,185,93
231,215,119,227,186,101
231,215,127,228,187,107
231,215,135,228,189,114
231,215,143,228,190,120
231,215,151,227,191,127
231,215,159,226,191,133
231,215,167,225,192,140
231,215,175,224,193,146
231,215,183,222,193,153
231,215,191,221,194,160
231,215,199,220,195,167
231,215,207,220,196,176
231,215,215,219,197,187
231,215,223,219,198,199
231,215,231,220,199,214
231,215,239,220,198,229
231,215,247,220,198,242
231,215,255,218,196,250
231,223,0,215,174,15
231,223,7,212,172,16
231,223,15,211,172,17
231,223,23,211,172,19
231,223,31,211,173,22
231,223,39,212,174,27
231,223,47,213,175,33
231,223,55,215,177,40
231,223,63,216,178,47
231,223,71,218,181,54
231,223,79,220,183,62
231,223,87,222,185,70
231,223,95,224,186,77
231,223,103,225,189,85
231,223,111,227,191,92
231,223,119,228,193,100
231,223,127,228,194,106
231,223,135,228,196,113
231,223,143,229,197,120
231,223,151,228,198,126
231,223,159,228,198,132
231,223,167,227,199,139
231,223,175,226,200,146
231,223,183,225,201,153
231,223,191,223,201,159
231,223,199,222,203,167
231,223,207,222,204,176
231,223,215,221,206,186
231,223,223,221,208,196
231,223,231,222,209,210
231,223,239,222,209,224
231,223,247,222,208,239
231,223,255,220,207,249
231,231,0,214,184,14
231,231,7,212,181,15
231,231,15,210,180,16
231,231,23,210,180,18
231,231,31,210,181,21
231,231,39,211,181,26
231,231,47,212,182,32
231,231,55,214,183,38
231,231,63,216,185,46
231,231,71,218,187,53
231,231,79,220,189,61
231,231,87,222,191,68
231,231,95,223,192,76
231,231,103,225,195,84
231,231,111,227,197,91
231,231,119,228,198,99
231,231,127,228,200,106
231,231,135,229,201,113
231,231,143,230,203,119
231,231,151,230,204,126
231,231,159,229,205,132
231,231,167,228,206,139
231,231,175,228,207,145
231,231,183,227,208,153
231,231,191,226,209,159
231,231,199,224,210,167
231,231,207,224,213,175
231,231,215,223,215,184
231,231,223,223,216,194
231,231,231,224,218,208
231,231,239,224,218,220
231,231,247,223,218,236
231,231,255,222,217,249
231,239,0,213,194,13
231,239,7,211,192,14
231,239,15,210,190,15
231,239,23,209,190,16
231,239,31,210,190,20
231,239,39,211,190,24
231,239,47,212,191,30
231,239,55,214,192,37
231,239,63,215,193,44
231,239,71,217,194,51
231,239,79,220,196,59
231,239,87,222,198,67
231,239,95,223,199,75
231,239,103,225,201,83
231,239,111,227,203,90
231,239,119,228,205,98
231,239,127,229,206,105
231,239,135,230,208,112
231,239,143,231,209,119
231,239,151,231,210,126
231,239,159,231,211,132
231,239,167,231,213,139
231,239,175,230,214,145
231,239,183,229,216,152
231,239,191,228,217,160
231,239,199,228,218,167
231,239,207,226,220,175
231,239,215,227,224,185
231,239,223,226,226,194
231,239,231,226,227,205
231,239,239,225,228,219
231,239,247,224,228,234
231,239,255,222,228,249
231,247,0,212,205,12
231,247,7,210,204,12
231,247,15,209,203,13
231,247,23,209,202,15
231,247,31,210,202,18
231,247,39,211,202,23
231,247,47,213,203,29
231,247,55,214,204,35
231,247,63,216,204,42
231,247,71,218,206,50
231,247,79,221,207,57
231,247,87,223,209,65
231,247,95,225,210,73
231,247,103,227,212,81
231,247,111,228,214,89
231,247,119,230,215,97
231,247,127,231,216,104
231,247,135,232,218,111
231,247,143,232,219,119
231,247,151,233,220,126
231,247,159,233,221,133
231,247,167,233,223,140
231,247,175,233,224,147
231,247,183,232,226,154
231,247,191,231,227,161
231,247,199,231,229,170
231,247,207,230,231,178
231,247,215,229,233,187
231,247,223,229,236,198
231,247,231,227,238,208
231,247,239,227,239,221
231,247,247,226,239,235
231,247,255,224,240,249
231,255,0,210,218,9
231,255,7,209,218,10
231,255,15,210,218,11
231,255,23,210,219,14
231,255,31,211,220,17
231,255,39,213,220,22
231,255,47,215,221,27
231,255,55,217,222,33
231,255,63,219,223,40
231,255,71,221,225,47
231,255,79,224,226,55
231,255,87,226,227,63
231,255,95,228,228,70
231,255,103,230,230,78
231,255,111,232,231,86
231,255,119,233,232,94
231,255,127,234,233,102
231,255,135,235,234,110
231,255,143,235,235,118
231,255,151,236,236,126
231,255,159,236,237,134
231,255,167,236,238,142
231,255,175,236,240,150
231,255,183,236,241,158
231,255,191,236,243,166
231,255,199,234,244,175
231,255,207,234,245,185
231,255,215,233,247,195
231,255,223,231,248,205
231,255,231,230,249,215
231,255,239,229,249,226
231,255,247,226,250,239
231,255,255,225,250,250
239,0,0,213,15,16
239,0,7,215,17,25
239,0,15,217,19,34
239,0,23,218,20,42
239,0,31,219,21,51
239,0,39,220,22,59
239,0,47,220,22,67
239,0,55,219,22,74
239,0,63,218,22,82
239,0,71,218,22,90
239,0,79,217,21,98
239,0,87,215,21,106
239,0,95,214,20,114
239,0,103,213,20,122
239,0,111,213,20,131
239,0,119,212,20,140
239,0,127,211,20,149
239,0,135,210,20,158
239,0,143,209,19,168
239,0,151,207,19,177
239,0,159,206,19,186
239,0,167,205,19,196
239,0,175,203,19,205
239,0,183,202,19,214
239,0,191,200,19,222
239,0,199,199,19,229
239,0,207,198,19,236
239,0,215,196,19,242
239,0,223,195,19,247
239,0,231,194,19,251
239,0,239,193,18,252
239,0,247,192,17,253
239,0,255,191,16,254
239,7,0,211,19,17
239,7,7,212,21,25
239,7,15,213,24,34
239,7,23,214,26,42
239,7,31,215,27,50
239,7,39,215,28,58
239,7,47,216,29,66
239,7,55,216,30,73
239,7,63,215,30,81
239,7,71,215,30,88
239,7,79,214,30,96
239,7,87,213,30,104
239,7,95,213,29,111
239,7,103,212,29,119
239,7,111,211,29,127
239,7,119,210,29,136
239,7,127,209,29,144
239,7,135,208,29,153
239,7,143,207,28,162
239,7,151,206,28,172
239,7,159,205,28,181
239,7,167,204,29,191
239,7,175,202,29,202
239,7,183,201,29,212
239,7,191,199,29,222
239,7,199,197,29,230
239,7,207,195,29,237
239,7,215,193,29,242
239,7,223,191,28,247
239,7,231,190,27,250
239,7,239,189,27,251
239,7,247,189,25,252
239,7,255,190,24,253
239,15,0,209,23,18
239,15,7,209,26,26
239,15,15,209,29,34
239,15,23,210,31,42
239,15,31,211,33,50
239,15,39,212,35,57
239,15,47,213,36,65
239,15,55,213,36,72
239,15,63,213,37,79
239,15,71,213,38,87
239,15,79,213,38,94
239,15,87,212,38,102
239,15,95,211,38,109
239,15,103,211,37,117
239,15,111,210,37,125
239,15,119,209,37,133
239,15,127,208,37,141
239,15,135,207,37,149
239,15,143,206,37,158
239,15,151,205,37,167
239,15,159,204,37,176
239,15,167,203,37,187
239,15,175,202,38,199
239,15,183,201,38,210
239,15,191,199,38,221
239,15,199,197,38,229
239,15,207,194,38,237
239,15,215,192,37,242
239,15,223,189,37,246
239,15,231,187,36,249
239,15,239,186,35,251
239,15,247,187,34,252
239,15,255,190,32,253
239,23,0,208,27,18
239,23,7,207,31,26
239,23,15,208,34,35
239,23,23,208,36,42
239,23,31,209,38,50
239,23,39,210,40,57
239,23,47,211,41,64
239,23,55,211,42,71
239,23,63,212,43,79
239,23,71,212,44,86
239,23,79,212,44,93
239,23,87,212,44,101
239,23,95,211,44,108
239,23,103,210,44,115
239,23,111,210,44,123
239,23,119,209,44,130
239,23,127,208,44,138
239,23,135,207,44,146
239,23,143,206,44,154
239,23,151,205,44,163
239,23,159,204,44,173
239,23,167,204,44,183
239,23,175,202,45,195
239,23,183,201,45,208
239,23,191,199,45,219
239,23,199,197,45,228
239,23,207,194,45,236
239,23,215,191,44,242
239,23,223,189,44,245
239,23,231,186,43,248
239,23,239,184,42,250
239,23,247,185,41,251
239,23,255,190,40,252
239,31,0,207,32,19
239,31,7,206,35,26
239,31,15,206,38,35
239,31,23,207,40,42
239,31,31,208,43,49
239,31,39,209,44,56
239,31,47,210,46,63
239,31,55,211,47,70
239,31,63,211,48,78
239,31,71,212,49,85
239,31,79,212,49,92
239,31,87,212,50,99
239,31,95,211,50,106
239,31,103,210,50,114
239,31,111,210,50,121
239,31,119,209,50,128
239,31,127,208,50,136
239,31,135,208,50,144
239,31,143,207,50,152
239,31,151,206,50,161
239,31,159,205,50,170
239,31,167,204,51,180
239,31,175,203,51,192
239,31,183,202,51,205
239,31,191,200,51,217
239,31,199,198,51,227
239,31,207,195,51,235
239,31,215,192,50,241
239,31,223,188,50,245
239,31,231,185,49,248
239,31,239,183,48,249
239,31,247,185,48,251
239,31,255,190,47,252
239,39,0,207,36,19
239,39,7,206,39,27
239,39,15,206,42,35
239,39,23,207,45,42
239,39,31,208,47,49
239,39,39,208,49,56
239,39,47,209,50,63
239,39,55,210,52,70
239,39,63,211,53,77
239,39,71,212,54,84
239,39,79,212,55,91
239,39,87,212,55,98
239,39,95,211,56,105
239,39,103,211,56,112
239,39,111,210,56,119
239,39,119,210,56,126
239,39,127,209,56,133
239,39,135,208,56,141
239,39,143,207,56,149
239,39,151,207,56,158
239,39,159,206,56,167
239,39,167,205,56,177
239,39,175,204,57,189
239,39,183,203,57,202
239,39,191,201,57,215
239,39,199,199,57,226
239,39,207,196,57,235
239,39,215,192,56,241
239,39,223,188,55,245
239,39,231,184,54,248
239,39,239,182,54,249
239,39,247,184,53,250
239,39,255,191,54,251
239,47,0,207,40,20
239,47,7,206,43,27
239,47,15,206,46,35
239,47,23,207,49,42
239,47,31,207,51,49
239,47,39,208,53,55
239,47,47,209,55,62
239,47,55,210,56,69
239,47,63,210,58,76
239,47,71,211,59,83
239,47,79,212,60,90
239,47,87,212,60,97
239,47,95,212,61,103
239,47,103,211,61,110
239,47,111,211,61,117
239,47,119,210,61,124
239,47,127,209,61,131
239,47,135,209,61,139
239,47,143,208,61,146
239,47,151,207,61,155
239,47,159,206,62,164
239,47,167,206,62,174
239,47,175,205,62,186
239,47,183,204,62,199
239,47,191,202,62,212
239,47,199,200,62,225
239,47,207,197,62,234
239,47,215,193,61,241
239,47,223,189,61,245
239,47,231,184,59,248
239,47,239,181,58,249
239,47,247,183,58,250
239,47,255,192,60,251
239,55,0,207,45,20
239,55,7,206,47,27
239,55,15,206,50,34
239,55,23,207,53,42
239,55,31,208,55,48
239,55,39,208,57,55
239,55,47,209,59,61
239,55,55,210,61,68
239,55,63,210,62,75
239,55,71,211,63,82
239,55,79,212,64,88
239,55,87,212,65,95
239,55,95,212,66,102
239,55,103,212,66,109
239,55,111,211,66,115
239,55,119,211,66,122
239,55,127,210,66,129
239,55,135,209,67,136
239,55,143,209,67,144
239,55,151,208,67,152
239,55,159,207,67,161
239,55,167,207,67,171
239,55,175,206,67,182
239,55,183,204,68,195
239,55,191,203,68,209
239,55,199,201,68,223
239,55,207,198,67,233
239,55,215,194,66,241
239,55,223,190,65,245
239,55,231,184,64,248
239,55,239,181,63,249
239,55,247,183,63,250
239,55,255,193,65,251
239,63,0,208,49,20
239,63,7,207,51,27
239,63,15,207,54,34
239,63,23,207,57,41
239,63,31,208,59,48
239,63,39,209,61,54
239,63,47,209,63,60
239,63,55,210,65,67
239,63,63,211,67,74
239,63,71,212,68,80
239,63,79,212,69,87
239,63,87,213,70,94
239,63,95,212,71,100
239,63,103,212,71,107
239,63,111,212,72,113
239,63,119,212,72,120
239,63,127,211,72,127
239,63,135,210,72,134
239,63,143,210,72,142
239,63,151,209,72,150
239,63,159,208,72,159
239,63,167,207,73,168
239,63,175,207,73,179
239,63,183,205,73,191
239,63,191,204,73,205
239,63,199,202,73,220
239,63,207,199,73,232
239,63,215,195,72,240
239,63,223,191,70,244
239,63,231,185,68,248
239,63,239,182,67,249
239,63,247,184,68,250
239,63,255,194,71,251
239,71,0,209,54,20
239,71,7,208,56,27
239,71,15,208,58,34
239,71,23,208,61,41
239,71,31,209,64,47
239,71,39,209,66,53
239,71,47,210,68,60
239,71,55,210,70,66
239,71,63,211,72,73
239,71,71,212,73,79
239,71,79,213,74,86
239,71,87,213,75,92
239,71,95,213,76,99
239,71,103,213,76,105
239,71,111,213,77,112
239,71,119,213,77,118
239,71,127,212,77,125
239,71,135,212,77,132
239,71,143,211,77,140
239,71,151,211,78,148
239,71,159,210,78,156
239,71,167,209,78,165
239,71,175,208,79,175
239,71,183,207,79,188
239,71,191,205,79,202
239,71,199,204,79,217
239,71,207,201,78,230
239,71,215,198,77,240
239,71,223,193,75,245
239,71,231,187,73,248
239,71,239,184,72,250
239,71,247,186,73,251
239,71,255,196,76,252
239,79,0,211,58,21
239,79,7,209,60,26
239,79,15,209,63,33
239,79,23,209,65,40
239,79,31,210,68,46
239,79,39,210,70,53
239,79,47,211,73,59
239,79,55,211,74,65
239,79,63,212,76,71
239,79,71,213,78,78
239,79,79,214,79,84
239,79,87,214,80,91
239,79,95,214,81,97
239,79,103,214,81,104
239,79,111,214,82,110
239,79,119,214,82,117
239,79,127,213,82,123
239,79,135,213,82,130
239,79,143,213,83,138
239,79,151,212,83,146
239,79,159,211,83,154
239,79,167,211,84,162
239,79,175,210,84,173
239,79,183,208,84,185
239,79,191,207,84,198
239,79,199,206,84,214
239,79,207,203,83,228
239,79,215,200,82,238
239,79,223,195,80,244
239,79,231,189,78,248
239,79,239,186,77,250
239,79,247,188,78,251
239,79,255,198,82,252
239,87,0,212,63,21
239,87,7,210,65,26
239,87,15,210,67,32
239,87,23,210,70,39
239,87,31,211,73,45
239,87,39,211,75,52
239,87,47,212,77,58
239,87,55,213,79,64
239,87,63,213,81,70
239,87,71,214,83,77
239,87,79,215,84,83
239,87,87,215,85,90
239,87,95,215,86,96
239,87,103,215,86,102
239,87,111,215,87,109
239,87,119,215,87,115
239,87,127,215,87,122
239,87,135,214,88,129
239,87,143,214,88,136
239,87,151,214,88,144
239,87,159,213,89,152
239,87,167,212,89,160
239,87,175,211,89,170
239,87,183,210,90,182
239,87,191,208,90,195
239,87,199,207,90,211
239,87,207,205,89,225
239,87,215,202,87,237
239,87,223,198,85,244
239,87,231,192,83,249
239,87,239,189,81,250
239,87,247,191,82,251
239,87,255,200,87,252
239,95,0,213,68,21
239,95,7,212,70,26
239,95,15,211,72,32
239,95,23,211,75,38
239,95,31,212,77,44
239,95,39,212,80,50
239,95,47,213,82,57
239,95,55,214,84,63
239,95,63,214,86,69
239,95,71,215,87,75
239,95,79,216,89,82
239,95,87,216,90,88
239,95,95,216,91,95
239,95,103,216,92,101
239,95,111,217,92,107
239,95,119,216,92,114
239,95,127,216,93,120
239,95,135,216,93,127
239,95,143,215,94,134
239,95,151,215,94,142
239,95,159,214,94,150
239,95,167,213,94,158
239,95,175,213,95,168
239,95,183,211,95,179
239,95,191,210,95,192
239,95,199,209,95,207
239,95,207,207,94,223
239,95,215,204,93,235
239,95,223,200,91,244
239,95,231,195,87,249
239,95,239,192,86,251
239,95,247,194,87,252
239,95,255,202,92,253
239,103,0,215,74,21
239,103,7,213,75,25
239,103,15,212,78,31
239,103,23,212,80,37
239,103,31,213,82,43
239,103,39,214,85,49
239,103,47,214,87,55
239,103,55,215,89,62
239,103,63,216,91,68
239,103,71,216,92,74
239,103,79,217,94,81
239,103,87,217,95,87
239,103,95,218,96,93
239,103,103,218,97,100
239,103,111,218,98,106
239,103,119,218,98,112
239,103,127,217,98,119
239,103,135,217,99,126
239,103,143,217,99,133
239,103,151,217,99,140
239,103,159,216,100,148
239,103,167,215,100,156
239,103,175,214,100,166
239,103,183,213,101,177
239,103,191,212,101,189
239,103,199,211,101,204
239,103,207,209,100,220
239,103,215,207,99,233
239,103,223,203,96,243
239,103,231,198,93,249
239,103,239,195,91,251
239,103,247,197,92,252
239,103,255,204,98,253
239,111,0,216,80,20
239,111,7,214,81,24
239,111,15,213,83,30
239,111,23,214,85,36
239,111,31,214,87,42
239,111,39,215,90,48
239,111,47,216,92,54
239,111,55,216,94,60
239,111,63,217,95,66
239,111,71,218,97,73
239,111,79,218,99,79
239,111,87,219,100,86
239,111,95,219,101,92
239,111,103,219,102,99
239,111,111,219,103,105
239,111,119,219,103,111
239,111,127,219,104,118
239,111,135,219,104,124
239,111,143,219,104,131
239,111,151,218,105,139
239,111,159,217,105,147
239,111,167,217,106,154
239,111,175,216,106,164
239,111,183,215,106,174
239,111,191,213,106,186
239,111,199,213,106,201
239,111,207,211,106,217
239,111,215,209,104,231
239,111,223,205,102,242
239,111,231,201,99,249
239,111,239,198,97,251
239,111,247,200,98,253
239,111,255,206,103,254
239,119,0,217,86,20
239,119,7,215,87,24
239,119,15,214,89,29
239,119,23,215,91,34
239,119,31,215,93,40
239,119,39,216,95,46
239,119,47,217,97,53
239,119,55,217,99,59
239,119,63,218,100,65
239,119,71,219,102,72
239,119,79,220,104,78
239,119,87,220,105,85
239,119,95,220,106,91
239,119,103,221,108,98
239,119,111,221,108,104
239,119,119,221,109,110
239,119,127,220,109,117
239,119,135,220,110,123
239,119,143,220,110,130
239,119,151,219,110,137
239,119,159,219,111,145
239,119,167,218,111,153
239,119,175,217,111,161
239,119,183,216,112,172
239,119,191,215,112,183
239,119,199,214,112,198
239,119,207,213,112,213
239,119,215,211,110,228
239,119,223,208,108,241
239,119,231,204,105,249
239,119,239,202,103,252
239,119,247,203,104,253
239,119,255,208,109,254
239,127,0,218,93,20
239,127,7,216,93,23
239,127,15,215,95,27
239,127,23,215,96,33
239,127,31,216,98,39
239,127,39,217,100,45
239,127,47,217,102,51
239,127,55,218,104,57
239,127,63,219,106,64
239,127,71,220,108,70
239,127,79,221,109,77
239,127,87,221,111,83
239,127,95,221,112,90
239,127,103,222,113,97
239,127,111,222,114,103
239,127,119,222,115,109
239,127,127,221,115,115
239,127,135,221,115,122
239,127,143,221,116,129
239,127,151,220,116,136
239,127,159,220,116,143
239,127,167,219,117,151
239,127,175,218,117,159
239,127,183,217,117,169
239,127,191,216,117,181
239,127,199,215,118,194
239,127,207,214,117,210
239,127,215,213,116,225
239,127,223,210,114,239
239,127,231,206,111,248
239,127,239,204,109,252
239,127,247,205,110,253
239,127,255,210,115,254
239,135,0,219,99,19
239,135,7,217,100,22
239,135,15,216,101,26
239,135,23,216,102,31
239,135,31,217,104,37
239,135,39,218,106,43
239,135,47,218,108,49
239,135,55,219,110,56
239,135,63,220,111,62
239,135,71,221,113,69
239,135,79,222,115,76
239,135,87,223,116,82
239,135,95,223,118,89
239,135,103,223,119,96
239,135,111,223,120,102
239,135,119,223,120,108
239,135,127,223,121,115
239,135,135,223,121,121
239,135,143,222,122,128
239,135,151,222,122,134
239,135,159,221,122,142
239,135,167,220,123,149
239,135,175,220,123,157
239,135,183,219,123,167
239,135,191,217,123,178
239,135,199,217,124,191
239,135,207,216,124,206
239,135,215,215,123,222
239,135,223,212,121,237
239,135,231,209,117,247
239,135,239,207,115,253
239,135,247,208,116,254
239,135,255,212,121,255
239,143,0,220,106,18
239,143,7,218,106,20
239,143,15,217,107,24
239,143,23,217,108,30
239,143,31,218,110,35
239,143,39,218,112,41
239,143,47,219,113,48
239,143,55,220,115,54
239,143,63,221,117,61
239,143,71,222,119,68
239,143,79,223,121,75
239,143,87,224,122,81
239,143,95,224,123,88
239,143,103,224,125,95
239,143,111,224,126,101
239,143,119,224,126,108
239,143,127,224,127,114
239,143,135,224,127,120
239,143,143,223,128,127
239,143,151,223,128,133
239,143,159,222,128,140
239,143,167,222,129,147
239,143,175,221,129,155
239,143,183,220,129,165
239,143,191,219,129,175
239,143,199,218,130,188
239,143,207,217,130,203
239,143,215,216,129,219
239,143,223,214,127,234
239,143,231,212,124,246
239,143,239,210,122,253
239,143,247,211,122,255
239,143,255,214,127,255
239,151,0,221,112,18
239,151,7,219,112,20
239,151,15,218,113,23
239,151,23,218,114,28
239,151,31,218,116,34
239,151,39,219,117,40
239,151,47,220,119,46
239,151,55,221,121,53
239,151,63,222,123,59
239,151,71,223,125,66
239,151,79,224,126,73
239,151,87,225,128,80
239,151,95,225,129,87
239,151,103,225,130,94
239,151,111,225,132,100
239,151,119,225,132,107
239,151,127,225,133,113
239,151,135,225,133,119
239,151,143,224,134,125
239,151,151,224,134,132
239,151,159,223,134,139
239,151,167,222,135,146
239,151,175,222,135,153
239,151,183,221,135,162
239,151,191,219,135,173
239,151,199,219,136,184
239,151,207,218,136,199
239,151,215,217,135,215
239,151,223,216,134,231
239,151,231,214,131,245
239,151,239,213,128,253
239,151,247,213,129,255
239,151,255,216,133,255
239,159,0,222,118,18
239,159,7,220,118,19
239,159,15,219,119,22
239,159,23,219,120,27
239,159,31,219,121,32
239,159,39,220,123,38
239,159,47,221,125,45
239,159,55,222,127,51
239,159,63,223,128,58
239,159,71,224,130,65
239,159,79,225,132,72
239,159,87,226,134,79
239,159,95,226,135,86
239,159,103,226,136,93
239,159,111,226,137,100
239,159,119,226,138,106
239,159,127,226,139,112
239,159,135,225,139,118
239,159,143,225,140,124
239,159,151,224,140,131
239,159,159,223,140,137
239,159,167,223,141,144
239,159,175,222,141,151
239,159,183,221,141,160
239,159,191,220,141,170
239,159,199,220,142,181
239,159,207,219,142,195
239,159,215,218,141,211
239,159,223,217,140,227
239,159,231,216,137,242
239,159,239,215,135,252
239,159,247,215,136,255
239,159,255,218,140,255
239,167,0,223,124,18
239,167,7,221,124,19
239,167,15,220,125,22
239,167,23,219,126,26
239,167,31,220,127,31
239,167,39,220,129,37
239,167,47,221,131,43
239,167,55,222,133,50
239,167,63,223,134,57
239,167,71,225,136,64
239,167,79,226,138,71
239,167,87,227,140,78
239,167,95,227,141,85
239,167,103,227,143,92
239,167,111,227,144,99
239,167,119,227,144,105
239,167,127,227,145,111
239,167,135,226,146,118
239,167,143,226,146,124
239,167,151,224,147,130
239,167,159,223,147,136
239,167,167,223,147,143
239,167,175,222,147,150
239,167,183,221,148,158
239,167,191,220,148,167
239,167,199,219,148,178
239,167,207,220,148,191
239,167,215,220,148,207
239,167,223,219,147,223
239,167,231,218,145,239
239,167,239,217,143,250
239,167,247,218,143,254
239,167,255,220,147,255
239,175,0,224,130,18
239,175,7,222,130,19
239,175,15,220,131,21
239,175,23,220,132,25
239,175,31,220,133,30
239,175,39,221,135,36
239,175,47,222,137,42
239,175,55,223,138,49
239,175,63,224,140,56
239,175,71,225,142,63
239,175,79,227,144,70
239,175,87,227,146,77
239,175,95,228,147,84
239,175,103,228,149,91
239,175,111,228,150,98
239,175,119,228,151,104
239,175,127,228,151,111
239,175,135,227,152,117
239,175,143,227,153,123
239,175,151,225,153,129
239,175,159,224,153,135
239,175,167,223,153,143
239,175,175,223,154,149
239,175,183,222,154,157
239,175,191,221,154,166
239,175,199,220,155,175
239,175,207,220,155,187
239,175,215,220,155,202
239,175,223,220,154,218
239,175,231,219,152,234
239,175,239,219,151,247
239,175,247,220,151,253
239,175,255,221,154,254
239,183,0,224,136,18
239,183,7,222,136,19
239,183,15,221,136,21
239,183,23,220,138,25
239,183,31,221,139,30
239,183,39,221,141,35
239,183,47,222,142,41
239,183,55,223,144,48
239,183,63,224,146,54
239,183,71,226,148,61
239,183,79,227,150,69
239,183,87,228,152,76
239,183,95,229,153,83
239,183,103,229,155,90
239,183,111,230,156,97
239,183,119,229,157,104
239,183,127,229,158,110
239,183,135,228,159,116
239,183,143,228,159,122
239,183,151,226,160,128
239,183,159,225,160,134
239,183,167,224,160,142
239,183,175,224,160,148
239,183,183,223,161,156
239,183,191,222,161,164
239,183,199,221,161,173
239,183,207,221,161,186
239,183,215,220,162,198
239,183,223,220,161,214
239,183,231,220,160,230
239,183,239,221,160,244
239,183,247,222,160,251
239,183,255,223,162,253
239,191,0,225,143,18
239,191,7,223,142,19
239,191,15,221,143,20
239,191,23,221,144,24
239,191,31,221,145,29
239,191,39,221,147,34
239,191,47,222,149,40
239,191,55,223,150,47
239,191,63,225,152,53
239,191,71,226,154,60
239,191,79,228,156,67
239,191,87,229,158,75
239,191,95,229,160,82
239,191,103,230,161,89
239,191,111,230,163,96
239,191,119,230,164,103
239,191,127,230,165,109
239,191,135,230,166,116
239,191,143,229,166,122
239,191,151,227,167,128
239,191,159,226,167,135
239,191,167,226,167,141
239,191,175,225,167,148
239,191,183,224,168,155
239,191,191,223,169,162
239,191,199,222,169,171
239,191,207,221,168,183
239,191,215,221,169,196
239,191,223,221,169,211
239,191,231,221,168,225
239,191,239,222,168,240
239,191,247,224,168,250
239,191,255,225,170,252
239,199,0,225,150,18
239,199,7,223,149,19
239,199,15,221,149,20
239,199,23,221,150,23
239,199,31,221,152,28
239,199,39,221,153,33
239,199,47,222,155,39
239,199,55,224,157,46
239,199,63,225,159,52
239,199,71,226,161,59
239,199,79,228,163,66
239,199,87,229,165,74
239,199,95,230,167,81
239,199,103,231,168,89
239,199,111,232,170,96
239,199,119,232,171,102
239,199,127,231,172,109
239,199,135,231,173,115
239,199,143,231,174,121
239,199,151,229,174,127
239,199,159,228,175,134
239,199,167,227,175,141
239,199,175,226,175,147
239,199,183,225,176,154
239,199,191,224,177,161
239,199,199,223,177,170
239,199,207,222,177,180
239,199,215,222,178,192
239,199,223,222,177,207
239,199,231,223,177,222
239,199,239,224,177,237
239,199,247,225,177,246
239,199,255,226,178,252
239,207,0,226,157,18
239,207,7,223,156,19
239,207,15,221,156,20
239,207,23,221,157,23
239,207,31,221,158,27
239,207,39,221,160,32
239,207,47,222,161,38
239,207,55,224,163,44
239,207,63,225,165,51
239,207,71,227,167,58
239,207,79,228,169,65
239,207,87,230,171,73
239,207,95,231,173,80
239,207,103,232,175,88
239,207,111,233,177,95
239,207,119,233,178,102
239,207,127,233,179,108
239,207,135,233,181,115
239,207,143,232,182,121
239,207,151,232,182,127
239,207,159,230,183,133
239,207,167,229,183,141
239,207,175,228,183,147
239,207,183,226,184,153
239,207,191,226,185,161
239,207,199,225,185,169
239,207,207,224,186,178
239,207,215,224,187,189
239,207,223,224,187,202
239,207,231,225,188,217
239,207,239,225,187,233
239,207,247,227,187,244
239,207,255,227,187,251
239,215,0,226,165,17
239,215,7,223,163,18
239,215,15,221,163,19
239,215,23,221,164,22
239,215,31,221,165,26
239,215,39,221,166,31
239,215,47,222,168,37
239,215,55,224,170,43
239,215,63,225,171,50
239,215,71,227,173,57
239,215,79,229,175,64
239,215,87,230,177,72
239,215,95,231,179,79
239,215,103,233,182,87
239,215,111,234,183,94
239,215,119,234,185,101
239,215,127,234,186,107
239,215,135,234,188,114
239,215,143,234,189,120
239,215,151,233,190,127
239,215,159,232,190,133
239,215,167,231,191,140
239,215,175,230,191,147
239,215,183,229,192,153
239,215,191,228,193,160
239,215,199,227,194,168
239,215,207,226,195,177
239,215,215,226,196,187
239,215,223,227,197,199
239,215,231,227,198,213
239,215,239,228,198,227
239,215,247,228,197,241
239,215,255,229,196,250
239,223,0,226,173,17
239,223,7,223,172,18
239,223,15,221,171,19
239,223,23,221,172,21
239,223,31,221,173,24
239,223,39,221,174,29
239,223,47,222,175,35
239,223,55,224,176,42
239,223,63,225,178,49
239,223,71,227,180,56
239,223,79,229,182,63
239,223,87,230,184,70
239,223,95,232,186,78
239,223,103,233,188,85
239,223,111,234,190,93
239,223,119,235,192,100
239,223,127,235,193,107
239,223,135,235,195,113
239,223,143,235,196,120
239,223,151,235,197,126
239,223,159,235,198,133
239,223,167,233,198,139
239,223,175,232,199,147
239,223,183,231,200,153
239,223,191,229,200,160
239,223,199,229,202,168
239,223,207,229,203,177
239,223,215,229,205,186
239,223,223,228,207,197
239,223,231,229,208,209
239,223,239,230,208,223
239,223,247,230,208,238
239,223,255,229,207,250
239,231,0,225,183,16
239,231,7,223,181,17
239,231,15,221,180,18
239,231,23,221,180,19
239,231,31,221,181,23
239,231,39,221,181,28
239,231,47,222,182,34
239,231,55,223,183,40
239,231,63,225,185,47
239,231,71,226,186,54
239,231,79,228,188,62
239,231,87,230,190,69
239,231,95,232,192,77
239,231,103,233,194,84
239,231,111,234,196,92
239,231,119,235,198,99
239,231,127,236,199,106
239,231,135,236,201,113
239,231,143,237,202,120
239,231,151,237,203,126
239,231,159,236,204,133
239,231,167,236,205,139
239,231,175,235,206,146
239,231,183,234,207,153
239,231,191,233,208,160
239,231,199,231,209,168
239,231,207,232,212,176
239,231,215,232,214,185
239,231,223,231,216,195
239,231,231,231,217,206
239,231,239,231,218,220
239,231,247,231,218,236
239,231,255,231,217,249
239,239,0,225,194,14
239,239,7,222,192,15
239,239,15,221,191,16
239,239,23,221,190,18
239,239,31,221,190,21
239,239,39,221,191,26
239,239,47,222,191,32
239,239,55,223,192,38
239,239,63,225,193,45
239,239,71,227,195,53
239,239,79,229,196,60
239,239,87,231,198,68
239,239,95,232,200,76
239,239,103,234,202,83
239,239,111,235,203,91
239,239,119,236,205,98
239,239,127,237,207,106
239,239,135,238,208,113
239,239,143,238,209,119
239,239,151,238,210,126
239,239,159,238,211,133
239,239,167,238,213,140
239,239,175,237,214,146
239,239,183,236,216,153
239,239,191,235,217,161
239,239,199,235,218,169
239,239,207,234,220,177
239,239,215,234,224,186
239,239,223,233,226,195
239,239,231,233,227,206
239,239,239,233,227,222
239,239,247,233,228,235
239,239,255,231,228,250
239,247,0,224,205,13
239,247,7,222,204,14
239,247,15,221,203,15
239,247,23,221,203,16
239,247,31,221,203,20
239,247,39,222,203,24
239,247,47,223,204,30
239,247,55,225,204,37
239,247,63,226,205,43
239,247,71,228,207,51
239,247,79,230,208,58
239,247,87,232,210,66
239,247,95,234,211,74
239,247,103,236,213,82
239,247,111,237,215,90
239,247,119,238,216,97
239,247,127,239,217,105
239,247,135,240,219,112
239,247,143,240,220,119
239,247,151,240,221,126
239,247,159,240,222,134
239,247,167,240,223,141
239,247,175,240,225,148
239,247,183,239,227,155
239,247,191,238,228,163
239,247,199,238,230,172
239,247,207,237,231,180
239,247,215,237,233,189
239,247,223,237,237,200
239,247,231,235,238,210
239,247,239,235,239,222
239,247,247,234,239,237
239,247,255,232,240,251
239,255,0,223,218,10
239,255,7,222,218,11
239,255,15,221,218,12
239,255,23,222,219,15
239,255,31,223,220,18
239,255,39,224,220,23
239,255,47,225,221,28
239,255,55,227,222,34
239,255,63,229,224,41
239,255,71,231,225,48
239,255,79,233,226,56
239,255,87,236,228,64
239,255,95,237,229,72
239,255,103,239,230,80
239,255,111,241,232,88
239,255,119,242,233,95
239,255,127,242,234,103
239,255,135,243,235,111
239,255,143,243,236,119
239,255,151,243,237,127
239,255,159,243,238,135
239,255,167,243,239,143
239,255,175,243,240,151
239,255,183,243,242,159
239,255,191,242,243,168
239,255,199,242,244,177
239,255,207,241,246,187
239,255,215,240,247,196
239,255,223,239,248,206
239,255,231,238,249,217
239,255,239,236,249,228
239,255,247,235,250,240
239,255,255,234,250,252
247,0,0,223,16,17
247,0,7,225,18,26
247,0,15,227,20,35
247,0,23,228,22,44
247,0,31,229,23,52
247,0,39,229,24,61
247,0,47,229,24,69
247,0,55,228,24,76
247,0,63,227,24,84
247,0,71,227,23,92
247,0,79,226,23,99
247,0,87,225,22,107
247,0,95,224,22,115
247,0,103,223,21,123
247,0,111,222,21,132
247,0,119,222,21,141
247,0,127,222,21,150
247,0,135,221,21,159
247,0,143,220,21,168
247,0,151,219,21,177
247,0,159,218,21,187
247,0,167,217,21,196
247,0,175,216,21,205
247,0,183,215,21,214
247,0,191,214,21,222
247,0,199,213,21,229
247,0,207,213,21,236
247,0,215,212,21,242
247,0,223,211,21,247
247,0,231,210,20,251
247,0,239,210,20,253
247,0,247,209,19,254
247,0,255,209,18,255
247,7,0,221,20,18
247,7,7,222,23,26
247,7,15,223,25,35
247,7,23,224,27,44
247,7,31,224,29,52
247,7,39,225,30,60
247,7,47,225,31,68
247,7,55,225,31,75
247,7,63,225,31,83
247,7,71,224,31,90
247,7,79,224,31,98
247,7,87,223,31,105
247,7,95,222,30,113
247,7,103,221,30,121
247,7,111,221,30,129
247,7,119,220,30,138
247,7,127,220,30,146
247,7,135,219,30,155
247,7,143,219,30,164
247,7,151,218,30,173
247,7,159,217,30,182
247,7,167,216,30,192
247,7,175,215,30,202
247,7,183,214,31,212
247,7,191,213,31,221
247,7,199,212,31,229
247,7,207,211,31,236
247,7,215,209,31,242
247,7,223,208,30,246
247,7,231,207,30,250
247,7,239,207,29,252
247,7,247,207,28,253
247,7,255,208,26,254
247,15,0,218,25,18
247,15,7,219,28,27
247,15,15,220,31,36
247,15,23,221,33,44
247,15,31,221,35,52
247,15,39,222,36,59
247,15,47,222,37,67
247,15,55,222,38,74
247,15,63,223,39,82
247,15,71,222,39,89
247,15,79,222,39,96
247,15,87,221,39,104
247,15,95,221,39,111
247,15,103,220,39,119
247,15,111,220,39,127
247,15,119,219,39,135
247,15,127,219,39,143
247,15,135,218,39,151
247,15,143,218,39,160
247,15,151,217,39,169
247,15,159,216,39,178
247,15,167,215,39,188
247,15,175,215,39,199
247,15,183,214,40,209
247,15,191,213,40,219
247,15,199,211,40,227
247,15,207,210,40,235
247,15,215,208,40,241
247,15,223,206,39,245
247,15,231,205,38,249
247,15,239,205,38,251
247,15,247,205,37,252
247,15,255,208,35,253
247,23,0,217,29,19
247,23,7,217,32,27
247,23,15,218,35,36
247,23,23,219,38,44
247,23,31,219,40,51
247,23,39,220,42,59
247,23,47,221,43,66
247,23,55,221,44,73
247,23,63,221,45,81
247,23,71,221,46,88
247,23,79,221,46,95
247,23,87,221,46,102
247,23,95,220,46,110
247,23,103,220,46,117
247,23,111,219,46,125
247,23,119,219,46,132
247,23,127,218,46,140
247,23,135,218,46,148
247,23,143,217,46,157
247,23,151,217,46,165
247,23,159,216,46,175
247,23,167,215,47,185
247,23,175,215,47,195
247,23,183,214,47,206
247,23,191,213,48,217
247,23,199,211,48,226
247,23,207,209,48,234
247,23,215,208,47,240
247,23,223,206,47,244
247,23,231,204,46,248
247,23,239,204,46,250
247,23,247,205,45,251
247,23,255,208,44,252
247,31,0,216,33,20
247,31,7,216,37,27
247,31,15,217,40,36
247,31,23,217,42,44
247,31,31,218,45,51
247,31,39,219,47,58
247,31,47,219,48,66
247,31,55,220,50,73
247,31,63,220,51,80
247,31,71,221,51,87
247,31,79,221,52,94
247,31,87,220,52,101
247,31,95,220,53,108
247,31,103,220,53,116
247,31,111,219,53,123
247,31,119,219,53,130
247,31,127,218,53,138
247,31,135,218,53,146
247,31,143,217,53,154
247,31,151,217,53,163
247,31,159,216,53,172
247,31,167,216,54,181
247,31,175,215,54,192
247,31,183,214,54,204
247,31,191,213,55,215
247,31,199,212,55,225
247,31,207,210,54,233
247,31,215,208,54,239
247,31,223,206,54,244
247,31,231,204,53,247
247,31,239,203,53,250
247,31,247,204,52,251
247,31,255,208,51,252
247,39,0,216,38,20
247,39,7,216,41,28
247,39,15,216,44,36
247,39,23,217,47,44
247,39,31,217,49,51
247,39,39,218,51,58
247,39,47,219,53,65
247,39,55,219,55,72
247,39,63,220,56,79
247,39,71,220,57,86
247,39,79,220,58,93
247,39,87,220,58,100
247,39,95,220,58,107
247,39,103,220,59,114
247,39,111,219,59,121
247,39,119,219,59,128
247,39,127,218,59,135
247,39,135,218,59,143
247,39,143,217,59,151
247,39,151,217,59,160
247,39,159,216,60,169
247,39,167,216,60,178
247,39,175,215,60,189
247,39,183,214,61,201
247,39,191,213,61,213
247,39,199,212,61,223
247,39,207,210,61,232
247,39,215,208,60,239
247,39,223,206,60,243
247,39,231,203,59,247
247,39,239,202,59,249
247,39,247,204,58,251
247,39,255,209,58,252
247,47,0,216,42,20
247,47,7,216,45,28
247,47,15,216,48,36
247,47,23,216,51,43
247,47,31,217,54,51
247,47,39,218,56,58
247,47,47,218,58,64
247,47,55,219,59,71
247,47,63,219,61,78
247,47,71,220,62,85
247,47,79,220,63,92
247,47,87,220,63,98
247,47,95,220,64,105
247,47,103,220,64,112
247,47,111,219,64,119
247,47,119,219,64,126
247,47,127,218,64,133
247,47,135,218,65,140
247,47,143,218,65,148
247,47,151,217,65,157
247,47,159,216,65,166
247,47,167,216,66,175
247,47,175,216,66,186
247,47,183,215,66,198
247,47,191,214,66,210
247,47,199,213,67,221
247,47,207,211,66,231
247,47,215,208,66,238
247,47,223,206,65,243
247,47,231,203,65,247
247,47,239,202,64,249
247,47,247,204,64,250
247,47,255,209,65,251
247,55,0,216,46,21
247,55,7,216,49,28
247,55,15,216,52,36
247,55,23,217,55,43
247,55,31,217,58,50
247,55,39,218,60,57
247,55,47,218,62,64
247,55,55,218,64,70
247,55,63,219,65,77
247,55,71,219,66,84
247,55,79,220,67,90
247,55,87,220,68,97
247,55,95,220,69,104
247,55,103,220,69,110
247,55,111,220,70,117
247,55,119,219,70,124
247,55,127,219,70,131
247,55,135,218,70,138
247,55,143,218,70,146
247,55,151,217,70,154
247,55,159,217,71,163
247,55,167,216,71,172
247,55,175,216,71,183
247,55,183,215,72,195
247,55,191,214,72,207
247,55,199,213,72,219
247,55,207,212,72,230
247,55,215,209,71,237
247,55,223,206,71,242
247,55,231,203,70,246
247,55,239,202,69,249
247,55,247,204,69,251
247,55,255,211,71,252
247,63,0,217,50,21
247,63,7,216,53,28
247,63,15,217,56,36
247,63,23,217,59,43
247,63,31,218,62,50
247,63,39,218,64,56
247,63,47,218,66,63
247,63,55,218,68,69
247,63,63,219,70,76
247,63,71,219,71,82
247,63,79,220,72,89
247,63,87,220,73,95
247,63,95,220,74,102
247,63,103,220,74,108
247,63,111,220,75,115
247,63,119,220,75,122
247,63,127,219,75,128
247,63,135,219,75,136
247,63,143,218,75,143
247,63,151,218,76,151
247,63,159,217,76,160
247,63,167,217,76,169
247,63,175,216,77,180
247,63,183,216,77,192
247,63,191,215,77,204
247,63,199,214,77,217
247,63,207,212,77,228
247,63,215,210,77,237
247,63,223,207,76,242
247,63,231,203,75,246
247,63,239,202,74,249
247,63,247,204,75,251
247,63,255,212,77,252
247,71,0,218,55,21
247,71,7,217,57,28
247,71,15,217,60,35
247,71,23,218,63,42
247,71,31,218,66,49
247,71,39,218,69,56
247,71,47,219,71,62
247,71,55,219,73,68
247,71,63,219,74,75
247,71,71,220,76,81
247,71,79,220,77,88
247,71,87,220,78,94
247,71,95,220,79,100
247,71,103,221,79,107
247,71,111,220,80,113
247,71,119,220,80,120
247,71,127,220,80,127
247,71,135,220,80,134
247,71,143,219,81,141
247,71,151,219,81,149
247,71,159,218,81,158
247,71,167,218,82,167
247,71,175,217,82,177
247,71,183,217,83,189
247,71,191,216,83,201
247,71,199,215,83,214
247,71,207,214,83,226
247,71,215,211,82,236
247,71,223,208,81,242
247,71,231,205,79,246
247,71,239,204,79,250
247,71,247,206,80,251
247,71,255,213,82,252
247,79,0,219,59,22
247,79,7,218,62,28
247,79,15,218,65,35
247,79,23,218,68,42
247,79,31,219,70,48
247,79,39,219,73,55
247,79,47,219,75,61
247,79,55,220,77,67
247,79,63,220,79,73
247,79,71,220,80,80
247,79,79,221,82,86
247,79,87,221,83,93
247,79,95,221,83,99
247,79,103,221,84,105
247,79,111,221,85,112
247,79,119,221,85,118
247,79,127,221,85,125
247,79,135,221,85,132
247,79,143,220,86,139
247,79,151,220,86,147
247,79,159,219,87,156
247,79,167,219,87,164
247,79,175,219,88,174
247,79,183,218,88,186
247,79,191,217,88,198
247,79,199,216,88,212
247,79,207,215,88,224
247,79,215,213,87,235
247,79,223,210,86,242
247,79,231,207,84,247
247,79,239,206,84,250
247,79,247,208,85,251
247,79,255,215,87,252
247,87,0,220,64,22
247,87,7,219,66,28
247,87,15,219,69,34
247,87,23,219,72,41
247,87,31,220,75,48
247,87,39,220,77,54
247,87,47,220,79,60
247,87,55,220,81,66
247,87,63,221,83,72
247,87,71,221,85,79
247,87,79,222,86,85
247,87,87,222,87,91
247,87,95,222,88,97
247,87,103,222,89,104
247,87,111,222,89,110
247,87,119,222,90,116
247,87,127,222,90,123
247,87,135,222,90,130
247,87,143,221,91,137
247,87,151,221,91,145
247,87,159,221,92,153
247,87,167,220,92,162
247,87,175,220,93,172
247,87,183,219,93,183
247,87,191,218,93,195
247,87,199,218,93,209
247,87,207,217,93,222
247,87,215,215,92,233
247,87,223,212,91,241
247,87,231,209,89,247
247,87,239,208,88,250
247,87,247,210,89,251
247,87,255,217,93,252
247,95,0,222,69,22
247,95,7,221,71,27
247,95,15,220,74,34
247,95,23,220,77,40
247,95,31,221,79,46
247,95,39,221,82,53
247,95,47,221,84,59
247,95,55,221,86,65
247,95,63,222,88,71
247,95,71,222,89,77
247,95,79,222,91,84
247,95,87,223,92,90
247,95,95,223,93,96
247,95,103,223,94,102
247,95,111,223,94,109
247,95,119,223,95,115
247,95,127,223,95,122
247,95,135,223,96,128
247,95,143,222,96,136
247,95,151,222,96,143
247,95,159,222,97,152
247,95,167,221,97,160
247,95,175,221,98,170
247,95,183,220,98,181
247,95,191,219,99,193
247,95,199,219,99,206
247,95,207,218,98,220
247,95,215,216,97,232
247,95,223,214,96,241
247,95,231,211,94,246
247,95,239,210,93,250
247,95,247,212,94,252
247,95,255,218,98,253
247,103,0,223,74,21
247,103,7,222,76,27
247,103,15,221,79,33
247,103,23,221,81,39
247,103,31,222,84,45
247,103,39,222,86,52
247,103,47,222,88,58
247,103,55,222,90,64
247,103,63,223,92,70
247,103,71,223,94,76
247,103,79,224,95,82
247,103,87,224,97,89
247,103,95,224,98,95
247,103,103,224,99,101
247,103,111,224,99,107
247,103,119,224,100,114
247,103,127,224,100,120
247,103,135,224,101,127
247,103,143,224,101,134
247,103,151,224,102,142
247,103,159,223,102,150
247,103,167,223,103,158
247,103,175,222,103,168
247,103,183,222,104,178
247,103,191,221,104,190
247,103,199,221,104,204
247,103,207,220,104,218
247,103,215,218,103,230
247,103,223,216,101,240
247,103,231,213,99,246
247,103,239,212,98,250
247,103,247,214,99,252
247,103,255,220,103,253
247,111,0,224,80,21
247,111,7,223,82,26
247,111,15,222,84,32
247,111,23,222,86,38
247,111,31,223,89,44
247,111,39,223,91,50
247,111,47,223,93,56
247,111,55,223,95,62
247,111,63,224,97,68
247,111,71,224,99,75
247,111,79,225,100,81
247,111,87,225,102,87
247,111,95,225,103,94
247,111,103,225,104,100
247,111,111,225,105,106
247,111,119,225,105,112
247,111,127,225,105,119
247,111,135,225,106,126
247,111,143,225,106,133
247,111,151,225,107,140
247,111,159,224,107,148
247,111,167,224,108,156
247,111,175,224,108,166
247,111,183,223,109,176
247,111,191,222,109,188
247,111,199,222,109,201
247,111,207,221,109,215
247,111,215,220,108,228
247,111,223,218,106,239
247,111,231,215,104,246
247,111,239,215,103,251
247,111,247,216,104,252
247,111,255,222,108,253
247,119,0,225,86,21
247,119,7,224,87,25
247,119,15,223,89,31
247,119,23,223,92,37
247,119,31,223,94,43
247,119,39,224,96,49
247,119,47,224,98,55
247,119,55,224,100,61
247,119,63,225,102,67
247,119,71,225,103,73
247,119,79,226,105,80
247,119,87,226,106,86
247,119,95,226,108,92
247,119,103,226,109,99
247,119,111,227,110,105
247,119,119,227,110,111
247,119,127,226,111,118
247,119,135,226,111,124
247,119,143,226,112,131
247,119,151,226,112,139
247,119,159,225,113,146
247,119,167,225,113,155
247,119,175,225,114,164
247,119,183,224,114,174
247,119,191,223,114,185
247,119,199,223,115,198
247,119,207,223,115,213
247,119,215,222,114,226
247,119,223,220,112,238
247,119,231,218,110,246
247,119,239,217,109,251
247,119,247,219,110,252
247,119,255,224,114,253
247,127,0,226,92,20
247,127,7,225,93,24
247,127,15,224,95,29
247,127,23,224,97,35
247,127,31,224,99,41
247,127,39,224,101,47
247,127,47,225,103,53
247,127,55,225,105,59
247,127,63,225,107,65
247,127,71,226,108,72
247,127,79,227,110,78
247,127,87,227,112,85
247,127,95,227,113,91
247,127,103,228,114,98
247,127,111,228,115,104
247,127,119,228,116,110
247,127,127,227,116,116
247,127,135,227,117,123
247,127,143,227,117,130
247,127,151,227,118,137
247,127,159,226,118,145
247,127,167,226,119,153
247,127,175,226,119,162
247,127,183,225,120,172
247,127,191,224,120,183
247,127,199,224,120,195
247,127,207,224,120,210
247,127,215,223,119,224
247,127,223,221,118,237
247,127,231,219,116,245
247,127,239,219,115,251
247,127,247,220,116,252
247,127,255,225,119,254
247,135,0,227,99,20
247,135,7,226,100,23
247,135,15,225,101,28
247,135,23,224,103,34
247,135,31,225,105,39
247,135,39,225,106,45
247,135,47,225,108,51
247,135,55,226,110,58
247,135,63,226,112,64
247,135,71,227,114,70
247,135,79,228,115,77
247,135,87,228,117,83
247,135,95,228,118,90
247,135,103,229,120,97
247,135,111,229,121,103
247,135,119,229,121,109
247,135,127,229,122,115
247,135,135,229,123,122
247,135,143,228,123,129
247,135,151,228,124,136
247,135,159,228,124,143
247,135,167,227,125,151
247,135,175,227,125,160
247,135,183,226,126,169
247,135,191,226,126,180
247,135,199,226,126,193
247,135,207,225,126,207
247,135,215,225,126,221
247,135,223,223,124,235
247,135,231,222,122,244
247,135,239,221,121,251
247,135,247,222,122,253
247,135,255,226,125,254
247,143,0,228,105,19
247,143,7,226,106,22
247,143,15,225,107,27
247,143,23,225,108,32
247,143,31,225,110,38
247,143,39,225,112,43
247,143,47,226,114,50
247,143,55,227,115,56
247,143,63,227,117,62
247,143,71,228,119,69
247,143,79,229,121,76
247,143,87,229,122,82
247,143,95,230,124,89
247,143,103,230,125,95
247,143,111,230,126,102
247,143,119,230,127,108
247,143,127,230,128,115
247,143,135,230,129,121
247,143,143,230,129,127
247,143,151,229,130,134
247,143,159,229,130,142
247,143,167,228,131,149
247,143,175,228,131,158
247,143,183,227,131,167
247,143,191,227,132,178
247,143,199,227,132,190
247,143,207,226,132,204
247,143,215,226,132,219
247,143,223,225,130,233
247,143,231,223,128,243
247,143,239,223,127,250
247,143,247,224,128,253
247,143,255,228,131,254
247,151,0,229,111,19
247,151,7,227,112,22
247,151,15,226,113,26
247,151,23,226,114,31
247,151,31,226,116,36
247,151,39,226,117,42
247,151,47,227,119,48
247,151,55,227,121,54
247,151,63,228,123,61
247,151,71,229,124,67
247,151,79,230,126,74
247,151,87,230,128,81
247,151,95,231,129,88
247,151,103,231,131,94
247,151,111,231,132,101
247,151,119,231,133,107
247,151,127,231,134,114
247,151,135,231,134,120
247,151,143,231,135,126
247,151,151,230,136,133
247,151,159,230,136,140
247,151,167,229,137,148
247,151,175,229,137,156
247,151,183,228,137,165
247,151,191,228,138,175
247,151,199,228,138,187
247,151,207,227,138,201
247,151,215,227,138,215
247,151,223,226,137,230
247,151,231,225,135,242
247,151,239,225,133,250
247,151,247,226,134,253
247,151,255,229,137,254
247,159,0,230,117,19
247,159,7,228,118,21
247,159,15,227,118,25
247,159,23,227,120,30
247,159,31,226,121,35
247,159,39,227,123,40
247,159,47,227,124,47
247,159,55,228,126,53
247,159,63,229,128,59
247,159,71,230,130,66
247,159,79,230,132,73
247,159,87,231,133,80
247,159,95,231,135,87
247,159,103,232,136,93
247,159,111,232,137,100
247,159,119,232,138,106
247,159,127,232,139,113
247,159,135,232,140,119
247,159,143,231,141,125
247,159,151,231,141,132
247,159,159,230,142,139
247,159,167,230,142,146
247,159,175,229,143,154
247,159,183,229,143,163
247,159,191,228,144,172
247,159,199,228,144,184
247,159,207,228,144,197
247,159,215,228,144,212
247,159,223,227,143,227
247,159,231,227,141,240
247,159,239,227,140,249
247,159,247,228,140,253
247,159,255,230,143,254
247,167,0,231,123,19
247,167,7,229,123,21
247,167,15,228,124,24
247,167,23,227,125,29
247,167,31,227,127,34
247,167,39,227,128,39
247,167,47,228,130,45
247,167,55,229,132,52
247,167,63,229,134,58
247,167,71,230,136,65
247,167,79,231,137,72
247,167,87,232,139,79
247,167,95,232,141,86
247,167,103,233,142,92
247,167,111,233,143,99
247,167,119,233,144,106
247,167,127,233,145,112
247,167,135,233,146,118
247,167,143,232,147,124
247,167,151,232,148,131
247,167,159,231,148,138
247,167,167,231,149,145
247,167,175,230,149,152
247,167,183,230,150,161
247,167,191,229,150,170
247,167,199,229,150,181
247,167,207,229,151,194
247,167,215,229,151,208
247,167,223,229,150,223
247,167,231,228,148,236
247,167,239,228,147,246
247,167,247,230,148,252
247,167,255,232,150,254
247,175,0,232,129,19
247,175,7,230,129,21
247,175,15,229,130,24
247,175,23,228,131,28
247,175,31,228,132,33
247,175,39,228,134,38
247,175,47,229,136,44
247,175,55,229,138,51
247,175,63,230,139,57
247,175,71,231,141,64
247,175,79,232,143,71
247,175,87,233,145,78
247,175,95,234,146,85
247,175,103,234,148,92
247,175,111,234,149,98
247,175,119,234,150,105
247,175,127,234,151,111
247,175,135,234,152,117
247,175,143,233,153,124
247,175,151,233,154,130
247,175,159,231,154,137
247,175,167,231,155,144
247,175,175,230,155,151
247,175,183,230,156,159
247,175,191,229,156,168
247,175,199,229,157,178
247,175,207,229,157,191
247,175,215,230,157,204
247,175,223,230,157,219
247,175,231,230,156,233
247,175,239,230,155,244
247,175,247,231,155,251
247,175,255,233,157,254
247,183,0,233,135,19
247,183,7,231,135,21
247,183,15,230,136,23
247,183,23,229,137,27
247,183,31,229,138,32
247,183,39,229,140,37
247,183,47,229,141,43
247,183,55,230,143,49
247,183,63,231,145,56
247,183,71,232,147,63
247,183,79,233,149,70
247,183,87,234,151,77
247,183,95,235,152,84
247,183,103,235,154,91
247,183,111,235,155,98
247,183,119,235,157,104
247,183,127,235,158,110
247,183,135,235,159,117
247,183,143,234,159,123
247,183,151,234,160,129
247,183,159,232,161,136
247,183,167,232,161,143
247,183,175,231,162,151
247,183,183,231,162,159
247,183,191,230,163,167
247,183,199,230,163,177
247,183,207,230,164,188
247,183,215,230,164,201
247,183,223,230,164,215
247,183,231,231,163,229
247,183,239,232,163,241
247,183,247,233,163,249
247,183,255,234,164,253
247,191,0,234,141,19
247,191,7,232,141,21
247,191,15,230,142,23
247,191,23,229,143,27
247,191,31,229,144,31
247,191,39,229,146,36
247,191,47,230,148,42
247,191,55,231,149,48
247,191,63,232,151,55
247,191,71,233,153,61
247,191,79,234,155,68
247,191,87,235,157,76
247,191,95,236,159,83
247,191,103,236,160,90
247,191,111,237,162,97
247,191,119,237,163,103
247,191,127,236,164,110
247,191,135,236,165,116
247,191,143,236,166,122
247,191,151,235,167,129
247,191,159,233,167,135
247,191,167,233,168,143
247,191,175,233,169,150
247,191,183,232,169,158
247,191,191,232,170,166
247,191,199,231,170,175
247,191,207,231,171,186
247,191,215,231,171,198
247,191,223,231,171,213
247,191,231,232,171,225
247,191,239,232,171,237
247,191,247,235,171,247
247,191,255,236,172,253
247,199,0,235,148,19
247,199,7,233,148,20
247,199,15,231,149,22
247,199,23,230,150,26
247,199,31,230,151,30
247,199,39,230,152,35
247,199,47,230,154,41
247,199,55,231,156,47
247,199,63,232,158,54
247,199,71,233,160,60
247,199,79,235,162,67
247,199,87,236,163,75
247,199,95,237,165,82
247,199,103,238,167,89
247,199,111,238,169,96
247,199,119,238,170,102
247,199,127,238,171,109
247,199,135,238,173,115
247,199,143,237,174,122
247,199,151,237,174,128
247,199,159,235,175,135
247,199,167,235,176,142
247,199,175,234,176,149
247,199,183,234,177,157
247,199,191,233,177,165
247,199,199,233,179,174
247,199,207,232,179,184
247,199,215,232,179,195
247,199,223,232,179,209
247,199,231,233,179,223
247,199,239,234,179,234
247,199,247,235,179,245
247,199,255,237,180,252
247,207,0,236,156,19
247,207,7,233,155,20
247,207,15,231,156,22
247,207,23,231,156,25
247,207,31,230,158,29
247,207,39,230,159,34
247,207,47,231,161,40
247,207,55,232,162,46
247,207,63,233,164,53
247,207,71,234,166,59
247,207,79,236,168,66
247,207,87,237,170,74
247,207,95,238,172,81
247,207,103,239,174,88
247,207,111,239,176,95
247,207,119,240,177,102
247,207,127,240,178,108
247,207,135,239,180,115
247,207,143,239,181,121
247,207,151,239,182,128
247,207,159,237,183,135
247,207,167,237,183,141
247,207,175,236,184,149
247,207,183,236,185,156
247,207,191,234,185,163
247,207,199,233,187,172
247,207,207,233,187,181
247,207,215,233,188,192
247,207,223,233,188,205
247,207,231,234,188,218
247,207,239,236,188,232
247,207,247,237,188,243
247,207,255,237,189,251
247,215,0,236,163,19
247,215,7,234,163,20
247,215,15,232,163,21
247,215,23,231,164,24
247,215,31,231,165,28
247,215,39,231,166,33
247,215,47,231,167,39
247,215,55,232,169,45
247,215,63,233,171,52
247,215,71,235,173,58
247,215,79,236,175,65
247,215,87,238,177,73
247,215,95,239,179,80
247,215,103,240,181,87
247,215,111,240,182,94
247,215,119,241,184,101
247,215,127,241,186,108
247,215,135,241,187,114
247,215,143,241,188,121
247,215,151,241,189,128
247,215,159,239,190,134
247,215,167,239,191,141
247,215,175,238,192,149
247,215,183,238,193,156
247,215,191,236,193,163
247,215,199,235,195,171
247,215,207,235,196,180
247,215,215,235,197,190
247,215,223,235,197,202
247,215,231,236,198,215
247,215,239,237,199,228
247,215,247,237,198,240
247,215,255,239,198,251
247,223,0,237,172,18
247,223,7,234,172,19
247,223,15,232,171,20
247,223,23,231,172,23
247,223,31,231,173,27
247,223,39,231,174,32
247,223,47,232,175,37
247,223,55,233,177,44
247,223,63,234,178,50
247,223,71,235,180,57
247,223,79,237,182,64
247,223,87,238,184,71
247,223,95,240,186,79
247,223,103,241,188,86
247,223,111,242,190,93
247,223,119,242,191,100
247,223,127,242,193,107
247,223,135,243,194,114
247,223,143,243,196,121
247,223,151,242,197,127
247,223,159,242,198,134
247,223,167,241,199,141
247,223,175,240,200,149
247,223,183,240,201,156
247,223,191,239,202,163
247,223,199,237,203,171
247,223,207,237,204,180
247,223,215,237,206,189
247,223,223,237,207,200
247,223,231,238,208,212
247,223,239,239,208,225
247,223,247,239,209,238
247,223,255,239,207,250
247,231,0,237,182,17
247,231,7,234,181,18
247,231,15,233,181,19
247,231,23,232,181,22
247,231,31,231,182,25
247,231,39,232,182,30
247,231,47,232,183,36
247,231,55,233,184,42
247,231,63,234,186,49
247,231,71,236,187,56
247,231,79,237,189,63
247,231,87,239,191,70
247,231,95,240,193,78
247,231,103,242,195,85
247,231,111,243,197,92
247,231,119,243,199,100
247,231,127,244,200,107
247,231,135,244,202,113
247,231,143,244,203,120
247,231,151,244,204,127
247,231,159,244,205,134
247,231,167,244,206,141
247,231,175,242,208,148
247,231,183,242,209,156
247,231,191,241,210,164
247,231,199,240,211,171
247,231,207,240,214,179
247,231,215,240,215,189
247,231,223,239,217,198
247,231,231,239,218,209
247,231,239,240,218,223
247,231,247,241,218,237
247,231,255,240,218,250
247,239,0,237,193,16
247,239,7,235,192,17
247,239,15,233,191,18
247,239,23,232,191,20
247,239,31,232,192,24
247,239,39,232,192,28
247,239,47,233,193,34
247,239,55,234,194,40
247,239,63,235,195,47
247,239,71,237,197,54
247,239,79,238,198,61
247,239,87,240,200,69
247,239,95,241,202,76
247,239,103,243,204,84
247,239,111,244,205,92
247,239,119,245,207,99
247,239,127,245,209,106
247,239,135,245,210,113
247,239,143,246,211,120
247,239,151,246,212,127
247,239,159,246,213,134
247,239,167,246,215,141
247,239,175,245,216,149
247,239,183,244,218,156
247,239,191,244,219,165
247,239,199,243,221,173
247,239,207,242,222,180
247,239,215,242,225,190
247,239,223,242,227,199
247,239,231,242,228,209
247,239,239,241,228,223
247,239,247,241,228,237
247,239,255,240,229,251
247,247,0,237,205,14
247,247,7,235,204,15
247,247,15,233,204,16
247,247,23,233,204,18
247,247,31,233,204,22
247,247,39,233,205,26
247,247,47,234,205,32
247,247,55,235,206,38
247,247,63,237,207,45
247,247,71,238,209,52
247,247,79,240,210,59
247,247,87,242,212,67
247,247,95,243,214,75
247,247,103,245,215,83
247,247,111,246,217,90
247,247,119,247,218,98
247,247,127,247,220,105
247,247,135,248,221,113
247,247,143,248,222,120
247,247,151,248,223,128
247,247,159,248,224,135
247,247,167,248,226,142
247,247,175,248,227,150
247,247,183,246,229,158
247,247,191,246,230,166
247,247,199,246,232,175
247,247,207,246,233,184
247,247,215,245,235,192
247,247,223,245,238,202
247,247,231,243,238,213
247,247,239,243,239,225
247,247,247,242,239,241
247,247,255,241,240,252
247,255,0,236,218,12
247,255,7,235,218,13
247,255,15,234,218,14
247,255,23,234,219,16
247,255,31,234,220,20
247,255,39,235,220,24
247,255,47,236,221,30
247,255,55,238,223,36
247,255,63,239,224,42
247,255,71,241,225,49
247,255,79,243,227,57
247,255,87,245,228,65
247,255,95,247,230,73
247,255,103,248,231,81
247,255,111,249,232,89
247,255,119,250,234,96
247,255,127,250,235,104
247,255,135,250,235,112
247,255,143,251,236,120
247,255,151,251,237,128
247,255,159,251,238,136
247,255,167,251,240,144
247,255,175,250,241,153
247,255,183,250,243,161
247,255,191,249,244,169
247,255,199,249,245,178
247,255,207,249,247,189
247,255,215,247,248,198
247,255,223,247,249,208
247,255,231,246,250,218
247,255,239,244,250,230
247,255,247,243,250,242
247,255,255,243,251,254
255,0,0,233,17,18
255,0,7,235,20,27
255,0,15,237,22,37
255,0,23,238,24,46
255,0,31,238,25,54
255,0,39,238,25,62
255,0,47,238,26,70
255,0,55,237,26,78
255,0,63,237,25,86
255,0,71,236,25,93
255,0,79,235,25,101
255,0,87,234,24,109
255,0,95,233,24,117
255,0,103,233,23,125
255,0,111,233,23,133
255,0,119,233,23,142
255,0,127,233,24,151
255,0,135,233,24,160
255,0,143,232,24,169
255,0,151,232,24,178
255,0,159,232,24,187
255,0,167,231,24,196
255,0,175,231,24,205
255,0,183,230,24,214
255,0,191,230,24,222
255,0,199,230,24,229
255,0,207,229,24,236
255,0,215,229,24,242
255,0,223,229,24,247
255,0,231,229,23,251
255,0,239,228,23,253
255,0,247,228,22,254
255,0,255,229,21,255
255,7,0,231,22,19
255,7,7,233,25,27
255,7,15,234,27,37
255,7,23,235,29,46
255,7,31,236,31,54
255,7,39,236,32,62
255,7,47,236,32,70
255,7,55,236,33,78
255,7,63,235,33,85
255,7,71,235,33,93
255,7,79,234,32,100
255,7,87,233,32,108
255,7,95,233,32,115
255,7,103,232,32,123
255,7,111,232,32,132
255,7,119,232,32,140
255,7,127,232,32,149
255,7,135,232,32,157
255,7,143,232,32,166
255,7,151,232,32,175
255,7,159,231,32,184
255,7,167,231,33,193
255,7,175,231,33,203
255,7,183,230,33,212
255,7,191,230,33,220
255,7,199,229,33,227
255,7,207,229,33,234
255,7,215,229,33,241
255,7,223,228,33,246
255,7,231,228,32,250
255,7,239,228,32,252
255,7,247,228,31,253
255,7,255,228,30,254
255,15,0,229,26,19
255,15,7,230,30,28
255,15,15,232,33,37
255,15,23,233,35,46
255,15,31,234,37,54
255,15,39,234,38,62
255,15,47,234,39,70
255,15,55,234,40,77
255,15,63,234,40,85
255,15,71,234,41,92
255,15,79,233,41,99
255,15,87,232,41,107
255,15,95,232,41,114
255,15,103,232,40,122
255,15,111,232,41,130
255,15,119,232,41,138
255,15,127,232,41,146
255,15,135,232,41,155
255,15,143,232,41,164
255,15,151,231,41,173
255,15,159,231,41,182
255,15,167,231,42,191
255,15,175,231,42,200
255,15,183,230,42,209
255,15,191,230,43,217
255,15,199,229,43,225
255,15,207,229,43,232
255,15,215,229,43,239
255,15,223,228,43,244
255,15,231,228,42,248
255,15,239,228,42,251
255,15,247,228,41,252
255,15,255,228,39,253
255,23,0,227,31,20
255,23,7,229,34,28
255,23,15,230,38,37
255,23,23,231,40,46
255,23,31,232,43,54
255,23,39,233,44,62
255,23,47,233,46,70
255,23,55,233,47,77
255,23,63,233,47,84
255,23,71,233,48,91
255,23,79,232,48,99
255,23,87,232,48,106
255,23,95,232,48,113
255,23,103,231,48,121
255,23,111,231,49,128
255,23,119,232,49,136
255,23,127,232,49,144
255,23,135,232,49,153
255,23,143,232,49,161
255,23,151,232,49,170
255,23,159,231,50,179
255,23,167,231,50,188
255,23,175,231,51,197
255,23,183,231,51,207
255,23,191,230,51,215
255,23,199,230,51,223
255,23,207,229,52,231
255,23,215,229,52,237
255,23,223,229,51,243
255,23,231,228,51,247
255,23,239,228,50,250
255,23,247,228,50,252
255,23,255,228,48,253
255,31,0,226,35,20
255,31,7,227,39,29
255,31,15,229,42,37
255,31,23,230,45,46
255,31,31,231,48,54
255,31,39,232,50,62
255,31,47,232,52,69
255,31,55,232,53,76
255,31,63,232,54,84
255,31,71,232,55,91
255,31,79,232,55,98
255,31,87,232,55,105
255,31,95,232,56,112
255,31,103,231,56,119
255,31,111,231,56,127
255,31,119,232,56,134
255,31,127,232,56,142
255,31,135,232,57,150
255,31,143,232,57,159
255,31,151,232,57,168
255,31,159,232,58,177
255,31,167,231,58,186
255,31,175,231,58,195
255,31,183,231,59,204
255,31,191,231,59,213
255,31,199,230,60,221
255,31,207,230,60,229
255,31,215,230,60,236
255,31,223,229,60,241
255,31,231,229,59,246
255,31,239,228,59,249
255,31,247,228,58,252
255,31,255,228,57,253
255,39,0,225,39,21
255,39,7,227,43,29
255,39,15,228,47,38
255,39,23,230,50,46
255,39,31,231,53,54
255,39,39,231,55,61
255,39,47,232,57,69
255,39,55,232,59,76
255,39,63,232,60,83
255,39,71,232,61,90
255,39,79,232,62,97
255,39,87,232,62,104
255,39,95,232,62,111
255,39,103,232,63,118
255,39,111,232,63,125
255,39,119,232,63,132
255,39,127,232,63,140
255,39,135,232,64,148
255,39,143,232,64,157
255,39,151,232,64,165
255,39,159,232,65,174
255,39,167,232,65,183
255,39,175,232,66,193
255,39,183,232,66,202
255,39,191,231,67,211
255,39,199,231,67,219
255,39,207,231,67,227
255,39,215,230,67,234
255,39,223,230,67,240
255,39,231,229,67,245
255,39,239,229,66,249
255,39,247,229,65,251
255,39,255,229,64,253
255,47,0,225,43,21
255,47,7,227,47,29
255,47,15,228,51,38
255,47,23,229,55,46
255,47,31,230,58,53
255,47,39,231,60,61
255,47,47,232,62,68
255,47,55,232,64,75
255,47,63,232,65,82
255,47,71,232,67,89
255,47,79,232,67,96
255,47,87,232,68,102
255,47,95,232,69,109
255,47,103,232,69,116
255,47,111,232,69,123
255,47,119,232,69,131
255,47,127,232,70,138
255,47,135,232,70,146
255,47,143,232,70,154
255,47,151,232,71,163
255,47,159,232,71,172
255,47,167,232,72,181
255,47,175,232,72,190
255,47,183,232,73,200
255,47,191,232,73,209
255,47,199,232,74,217
255,47,207,232,74,226
255,47,215,231,74,233
255,47,223,231,74,239
255,47,231,230,73,244
255,47,239,230,73,248
255,47,247,230,72,251
255,47,255,230,71,253
255,55,0,225,47,22
255,55,7,227,51,29
255,55,15,228,55,38
255,55,23,229,59,45
255,55,31,230,62,53
255,55,39,231,65,60
255,55,47,232,67,67
255,55,55,232,69,74
255,55,63,232,70,81
255,55,71,232,72,88
255,55,79,232,73,94
255,55,87,232,74,101
255,55,95,232,74,108
255,55,103,232,75,115
255,55,111,232,75,122
255,55,119,233,75,129
255,55,127,233,76,136
255,55,135,233,76,144
255,55,143,233,76,152
255,55,151,233,77,161
255,55,159,233,77,170
255,55,167,233,78,179
255,55,175,233,79,188
255,55,183,233,79,198
255,55,191,233,80,207
255,55,199,233,80,216
255,55,207,233,80,224
255,55,215,233,80,232
255,55,223,232,80,238
255,55,231,231,80,243
255,55,239,231,79,248
255,55,247,231,78,251
255,55,255,231,78,253
255,63,0,226,52,22
255,63,7,227,55,29
255,63,15,228,60,37
255,63,23,230,63,45
255,63,31,231,66,53
255,63,39,231,69,60
255,63,47,232,72,67
255,63,55,232,74,73
255,63,63,232,75,80
255,63,71,233,77,87
255,63,79,233,78,93
255,63,87,233,79,100
255,63,95,233,80,106
255,63,103,233,80,113
255,63,111,233,81,120
255,63,119,233,81,127
255,63,127,233,81,134
255,63,135,233,82,142
255,63,143,234,82,150
255,63,151,234,83,159
255,63,159,234,83,167
255,63,167,234,84,176
255,63,175,234,85,186
255,63,183,234,85,196
255,63,191,234,86,205
255,63,199,234,86,214
255,63,207,234,86,223
255,63,215,234,86,230
255,63,223,233,86,237
255,63,231,233,86,243
255,63,239,232,85,247
255,63,247,232,84,251
255,63,255,232,84,253
255,71,0,227,56,22
255,71,7,228,60,29
255,71,15,229,64,37
255,71,23,230,67,45
255,71,31,231,71,52
255,71,39,232,73,59
255,71,47,232,76,66
255,71,55,232,78,72
255,71,63,233,80,79
255,71,71,233,82,86
255,71,79,233,83,92
255,71,87,233,84,98
255,71,95,233,85,105
255,71,103,233,85,112
255,71,111,233,86,118
255,71,119,234,86,125
255,71,127,234,87,132
255,71,135,234,87,140
255,71,143,234,88,148
255,71,151,234,88,156
255,71,159,235,89,165
255,71,167,235,90,174
255,71,175,235,90,184
255,71,183,235,91,194
255,71,191,235,91,203
255,71,199,235,92,212
255,71,207,235,92,221
255,71,215,235,92,229
255,71,223,234,92,236
255,71,231,234,92,242
255,71,239,233,91,247
255,71,247,233,90,251
255,71,255,234,89,253
255,79,0,228,60,22
255,79,7,229,64,29
255,79,15,230,68,37
255,79,23,231,71,44
255,79,31,231,75,51
255,79,39,232,78,58
255,79,47,233,80,65
255,79,55,233,82,71
255,79,63,233,84,78
255,79,71,233,86,84
255,79,79,234,87,91
255,79,87,234,89,97
255,79,95,234,90,104
255,79,103,234,90,110
255,79,111,234,91,117
255,79,119,234,91,123
255,79,127,235,92,131
255,79,135,235,92,138
255,79,143,235,93,146
255,79,151,235,93,154
255,79,159,235,94,163
255,79,167,236,95,172
255,79,175,236,96,182
255,79,183,236,96,192
255,79,191,236,97,201
255,79,199,236,97,211
255,79,207,236,98,220
255,79,215,236,98,228
255,79,223,236,97,235
255,79,231,235,97,241
255,79,239,235,96,246
255,79,247,235,96,250
255,79,255,235,95,253
255,87,0,229,65,22
255,87,7,230,68,29
255,87,15,231,72,37
255,87,23,231,76,44
255,87,31,232,79,51
255,87,39,233,82,57
255,87,47,233,84,64
255,87,55,233,86,70
255,87,63,234,88,77
255,87,71,234,90,83
255,87,79,234,92,89
255,87,87,234,93,96
255,87,95,235,94,102
255,87,103,235,95,109
255,87,111,235,96,115
255,87,119,235,96,122
255,87,127,235,97,129
255,87,135,235,97,136
255,87,143,236,98,144
255,87,151,236,99,152
255,87,159,236,99,161
255,87,167,237,100,170
255,87,175,237,101,180
255,87,183,237,102,190
255,87,191,237,102,199
255,87,199,238,102,209
255,87,207,238,103,218
255,87,215,238,103,227
255,87,223,237,102,234
255,87,231,237,102,241
255,87,239,236,101,246
255,87,247,236,101,250
255,87,255,236,100,253
255,95,0,230,69,22
255,95,7,231,73,29
255,95,15,231,76,36
255,95,23,232,80,43
255,95,31,233,83,50
255,95,39,233,86,56
255,95,47,234,88,63
255,95,55,234,91,69
255,95,63,234,93,75
255,95,71,235,94,82
255,95,79,235,96,88
255,95,87,235,97,94
255,95,95,235,99,100
255,95,103,235,100,107
255,95,111,236,100,113
255,95,119,236,101,120
255,95,127,236,102,127
255,95,135,236,102,134
255,95,143,236,103,142
255,95,151,237,104,150
255,95,159,237,104,159
255,95,167,237,105,168
255,95,175,238,106,178
255,95,183,238,107,188
255,95,191,238,107,197
255,95,199,239,108,207
255,95,207,239,108,217
255,95,215,239,108,226
255,95,223,239,108,233
255,95,231,238,107,240
255,95,239,238,106,246
255,95,247,237,106,250
255,95,255,237,105,254
255,103,0,231,74,22
255,103,7,232,78,28
255,103,15,232,81,35
255,103,23,233,84,42
255,103,31,233,87,49
255,103,39,234,90,55
255,103,47,234,92,61
255,103,55,234,95,68
255,103,63,235,97,74
255,103,71,235,99,80
255,103,79,235,100,86
255,103,87,236,102,93
255,103,95,236,103,99
255,103,103,236,104,105
255,103,111,236,105,112
255,103,119,237,106,118
255,103,127,237,106,125
255,103,135,237,107,133
255,103,143,237,108,140
255,103,151,237,109,148
255,103,159,238,109,157
255,103,167,238,110,166
255,103,175,239,111,176
255,103,183,239,112,186
255,103,191,240,112,196
255,103,199,240,113,205
255,103,207,240,113,215
255,103,215,240,113,224
255,103,223,240,113,232
255,103,231,239,112,239
255,103,239,239,111,245
255,103,247,239,111,250
255,103,255,239,110,254
255,111,0,232,80,22
255,111,7,233,83,28
255,111,15,233,86,35
255,111,23,233,89,41
255,111,31,234,92,47
255,111,39,234,94,54
255,111,47,234,97,60
255,111,55,235,99,66
255,111,63,235,101,72
255,111,71,235,103,79
255,111,79,236,105,85
255,111,87,236,106,91
255,111,95,236,108,97
255,111,103,237,109,104
255,111,111,237,110,110
255,111,119,237,111,117
255,111,127,238,111,124
255,111,135,238,112,131
255,111,143,238,113,138
255,111,151,238,114,147
255,111,159,239,114,155
255,111,167,239,115,165
255,111,175,240,116,174
255,111,183,240,117,184
255,111,191,240,118,194
255,111,199,241,118,204
255,111,207,241,118,214
255,111,215,241,118,223
255,111,223,241,118,232
255,111,231,241,117,239
255,111,239,240,117,245
255,111,247,240,116,250
255,111,255,240,115,254
255,119,0,234,86,22
255,119,7,233,88,27
255,119,15,234,91,34
255,119,23,234,94,40
255,119,31,234,96,46
255,119,39,234,99,52
255,119,47,235,101,58
255,119,55,235,103,65
255,119,63,235,105,71
255,119,71,236,107,77
255,119,79,236,109,83
255,119,87,237,111,89
255,119,95,237,112,96
255,119,103,237,113,102
255,119,111,238,114,109
255,119,119,238,115,115
255,119,127,238,116,122
255,119,135,239,117,129
255,119,143,239,118,137
255,119,151,239,119,145
255,119,159,239,120,154
255,119,167,240,120,163
255,119,175,240,121,172
255,119,183,241,122,182
255,119,191,241,123,192
255,119,199,242,123,202
255,119,207,242,123,212
255,119,215,242,124,222
255,119,223,242,123,231
255,119,231,242,122,238
255,119,239,241,122,245
255,119,247,241,121,250
255,119,255,241,120,254
255,127,0,234,92,21
255,127,7,234,94,27
255,127,15,234,97,33
255,127,23,234,99,39
255,127,31,234,101,45
255,127,39,234,103,51
255,127,47,235,106,57
255,127,55,235,108,63
255,127,63,235,110,69
255,127,71,236,112,75
255,127,79,236,113,81
255,127,87,237,115,88
255,127,95,237,117,94
255,127,103,238,118,100
255,127,111,238,119,107
255,127,119,239,120,114
255,127,127,239,121,121
255,127,135,239,122,128
255,127,143,239,123,135
255,127,151,240,124,143
255,127,159,240,125,152
255,127,167,240,126,161
255,127,175,241,127,171
255,127,183,241,128,180
255,127,191,242,128,190
255,127,199,242,129,200
255,127,207,243,129,210
255,127,215,243,129,220
255,127,223,243,129,229
255,127,231,242,128,237
255,127,239,242,127,244
255,127,247,242,126,249
255,127,255,241,125,254
255,135,0,235,98,21
255,135,7,235,100,26
255,135,15,234,102,31
255,135,23,234,104,37
255,135,31,234,106,43
255,135,39,234,108,49
255,135,47,235,110,55
255,135,55,235,112,61
255,135,63,236,114,67
255,135,71,236,116,73
255,135,79,237,118,80
255,135,87,237,120,86
255,135,95,238,121,92
255,135,103,238,123,99
255,135,111,239,124,106
255,135,119,239,126,112
255,135,127,240,127,119
255,135,135,240,128,126
255,135,143,240,129,133
255,135,151,240,130,141
255,135,159,241,131,150
255,135,167,241,132,159
255,135,175,242,133,169
255,135,183,242,133,178
255,135,191,243,134,188
255,135,199,243,135,198
255,135,207,243,135,208
255,135,215,244,135,219
255,135,223,244,134,228
255,135,231,243,134,236
255,135,239,243,133,243
255,135,247,242,131,249
255,135,255,242,130,254
255,143,0,236,105,20
255,143,7,236,106,25
255,143,15,235,108,30
255,143,23,235,110,36
255,143,31,235,112,42
255,143,39,235,113,47
255,143,47,235,115,53
255,143,55,235,117,59
255,143,63,236,119,65
255,143,71,236,121,72
255,143,79,237,123,78
255,143,87,238,125,84
255,143,95,238,126,91
255,143,103,239,128,98
255,143,111,240,129,104
255,143,119,240,131,111
255,143,127,241,132,118
255,143,135,241,133,125
255,143,143,241,134,132
255,143,151,241,135,140
255,143,159,242,137,148
255,143,167,242,138,157
255,143,175,242,139,167
255,143,183,243,139,176
255,143,191,243,140,186
255,143,199,244,141,196
255,143,207,244,141,206
255,143,215,244,141,216
255,143,223,244,140,226
255,143,231,244,139,235
255,143,239,244,138,242
255,143,247,243,137,249
255,143,255,243,136,254
255,151,0,237,111,20
255,151,7,236,112,24
255,151,15,236,113,29
255,151,23,235,115,35
255,151,31,235,117,40
255,151,39,235,119,46
255,151,47,235,120,52
255,151,55,235,122,58
255,151,63,236,124,64
255,151,71,237,126,70
255,151,79,237,128,76
255,151,87,238,129,83
255,151,95,239,131,90
255,151,103,239,133,96
255,151,111,240,134,103
255,151,119,241,136,110
255,151,127,241,137,116
255,151,135,242,139,123
255,151,143,242,140,130
255,151,151,242,141,138
255,151,159,242,142,147
255,151,167,243,143,155
255,151,175,243,145,165
255,151,183,244,145,174
255,151,191,244,146,184
255,151,199,245,147,194
255,151,207,245,147,204
255,151,215,245,147,214
255,151,223,245,146,224
255,151,231,245,145,233
255,151,239,244,144,241
255,151,247,244,143,248
255,151,255,244,141,254
255,159,0,238,116,20
255,159,7,237,117,24
255,159,15,236,119,29
255,159,23,236,120,34
255,159,31,235,122,39
255,159,39,235,123,45
255,159,47,236,125,50
255,159,55,236,127,56
255,159,63,236,129,62
255,159,71,237,131,69
255,159,79,238,132,75
255,159,87,239,134,82
255,159,95,239,136,88
255,159,103,240,138,95
255,159,111,241,139,102
255,159,119,242,141,108
255,159,127,242,142,115
255,159,135,242,144,122
255,159,143,243,145,129
255,159,151,243,147,137
255,159,159,243,148,145
255,159,167,244,149,154
255,159,175,244,150,163
255,159,183,245,151,172
255,159,191,245,152,182
255,159,199,245,153,192
255,159,207,246,153,202
255,159,215,246,153,212
255,159,223,246,152,222
255,159,231,246,152,231
255,159,239,245,150,240
255,159,247,245,149,248
255,159,255,245,147,254
255,167,0,240,122,20
255,167,7,238,123,24
255,167,15,237,124,28
255,167,23,236,126,33
255,167,31,236,127,38
255,167,39,236,129,43
255,167,47,236,130,49
255,167,55,236,132,55
255,167,63,237,134,61
255,167,71,238,136,67
255,167,79,238,138,74
255,167,87,239,139,80
255,167,95,240,141,87
255,167,103,241,143,94
255,167,111,242,145,101
255,167,119,242,146,107
255,167,127,243,148,114
255,167,135,243,149,121
255,167,143,243,151,128
255,167,151,244,152,135
255,167,159,244,154,144
255,167,167,244,155,152
255,167,175,245,156,161
255,167,183,245,157,170
255,167,191,246,158,180
255,167,199,246,159,190
255,167,207,246,159,200
255,167,215,247,159,210
255,167,223,247,159,220
255,167,231,246,158,230
255,167,239,246,157,239
255,167,247,246,155,247
255,167,255,245,154,254
255,175,0,241,128,20
255,175,7,239,129,23
255,175,15,238,130,28
255,175,23,237,131,32
255,175,31,237,132,37
255,175,39,237,134,42
255,175,47,237,135,48
255,175,55,237,137,54
255,175,63,238,139,60
255,175,71,238,141,66
255,175,79,239,143,73
255,175,87,240,145,79
255,175,95,241,146,86
255,175,103,242,148,93
255,175,111,243,150,99
255,175,119,243,152,106
255,175,127,244,153,113
255,175,135,244,155,120
255,175,143,244,157,127
255,175,151,245,158,134
255,175,159,245,160,142
255,175,167,245,161,151
255,175,175,246,162,159
255,175,183,244,163,168
255,175,191,245,163,177
255,175,199,247,165,188
255,175,207,247,165,198
255,175,215,247,166,208
255,175,223,247,165,218
255,175,231,247,164,228
255,175,239,247,163,237
255,175,247,247,162,246
255,175,255,246,160,253
255,183,0,242,134,21
255,183,7,241,134,23
255,183,15,239,135,27
255,183,23,238,136,31
255,183,31,238,138,36
255,183,39,237,139,41
255,183,47,238,141,47
255,183,55,238,143,53
255,183,63,238,144,59
255,183,71,239,146,65
255,183,79,240,148,71
255,183,87,241,150,78
255,183,95,242,152,85
255,183,103,243,154,92
255,183,111,244,156,98
255,183,119,244,157,105
255,183,127,245,159,112
255,183,135,245,161,119
255,183,143,245,163,126
255,183,151,246,164,133
255,183,159,246,166,141
255,183,167,244,166,148
255,183,175,245,168,157
255,183,183,245,169,166
255,183,191,245,170,175
255,183,199,246,170,185
255,183,207,246,171,195
255,183,215,246,171,205
255,183,223,248,172,216
255,183,231,248,171,226
255,183,239,248,170,236
255,183,247,247,169,245
255,183,255,247,167,253
255,191,0,244,140,21
255,191,7,242,141,23
255,191,15,240,141,27
255,191,23,239,143,31
255,191,31,238,144,35
255,191,39,238,145,40
255,191,47,238,147,46
255,191,55,239,148,51
255,191,63,239,150,57
255,191,71,240,152,64
255,191,79,241,154,70
255,191,87,242,156,77
255,191,95,243,158,84
255,191,103,244,160,91
255,191,111,245,162,97
255,191,119,245,164,104
255,191,127,246,165,111
255,191,135,246,167,118
255,191,143,246,169,125
255,191,151,246,171,132
255,191,159,245,171,139
255,191,167,245,173,147
255,191,175,246,174,156
255,191,183,246,175,166
255,191,191,246,176,175
255,191,199,246,177,184
255,191,207,247,178,194
255,191,215,247,178,203
255,191,223,247,178,214
255,191,231,247,177,224
255,191,239,249,178,234
255,191,247,248,176,244
255,191,255,248,175,252
255,199,0,245,147,21
255,199,7,243,147,23
255,199,15,241,148,26
255,199,23,240,149,30
255,199,31,239,150,34
255,199,39,239,152,39
255,199,47,239,153,44
255,199,55,240,155,50
255,199,63,240,157,56
255,199,71,241,159,62
255,199,79,242,160,69
255,199,87,243,162,76
255,199,95,244,164,83
255,199,103,245,166,90
255,199,111,246,168,96
255,199,119,247,170,103
255,199,127,247,172,110
255,199,135,247,174,117
255,199,143,247,176,124
255,199,151,248,177,131
255,199,159,247,179,139
255,199,167,247,180,146
255,199,175,247,181,156
255,199,183,247,182,164
255,199,191,247,183,173
255,199,199,247,184,183
255,199,207,248,185,192
255,199,215,248,185,202
255,199,223,248,185,213
255,199,231,248,185,224
255,199,239,247,184,233
255,199,247,247,183,243
255,199,255,249,183,252
255,207,0,246,154,21
255,207,7,244,155,23
255,207,15,242,155,26
255,207,23,241,156,29
255,207,31,240,157,33
255,207,39,240,159,38
255,207,47,240,160,43
255,207,55,241,162,49
255,207,63,242,164,55
255,207,71,242,165,61
255,207,79,243,167,68
255,207,87,244,169,75
255,207,95,245,171,82
255,207,103,246,173,89
255,207,111,247,175,95
255,207,119,248,177,102
255,207,127,248,179,109
255,207,135,248,181,116
255,207,143,249,183,123
255,207,151,249,184,130
255,207,159,249,186,138
255,207,167,248,187,145
255,207,175,248,189,155
255,207,183,248,190,163
255,207,191,248,191,172
255,207,199,248,192,181
255,207,207,246,192,190
255,207,215,246,193,200
255,207,223,248,193,211
255,207,231,248,193,222
255,207,239,248,192,233
255,207,247,249,192,242
255,207,255,249,191,252
255,215,0,247,162,21
255,215,7,245,163,22
255,215,15,243,163,25
255,215,23,242,164,28
255,215,31,241,165,32
255,215,39,241,166,37
255,215,47,241,168,42
255,215,55,242,169,48
255,215,63,243,171,54
255,215,71,244,173,60
255,215,79,245,175,67
255,215,87,246,177,74
255,215,95,247,179,81
255,215,103,248,181,88
255,215,111,249,183,95
255,215,119,249,185,101
255,215,127,249,187,108
255,215,135,250,188,115
255,215,143,250,190,122
255,215,151,250,192,130
255,215,159,250,193,138
255,215,167,250,195,145
255,215,175,250,196,154
255,215,183,249,197,162
255,215,191,249,198,171
255,215,199,248,200,179
255,215,207,248,201,189
255,215,215,248,202,199
255,215,223,248,202,209
255,215,231,248,202,220
255,215,239,248,202,230
255,215,247,249,201,242
255,215,255,249,200,251
255,223,0,248,171,20
255,223,7,246,172,21
255,223,15,244,172,24
255,223,23,243,173,27
255,223,31,242,174,30
255,223,39,242,175,35
255,223,47,243,176,40
255,223,55,243,178,46
255,223,63,244,180,52
255,223,71,245,181,58
255,223,79,246,183,65
255,223,87,247,185,72
255,223,95,248,187,79
255,223,103,249,189,87
255,223,111,250,191,94
255,223,119,251,193,101
255,223,127,251,195,108
255,223,135,251,196,115
255,223,143,251,198,122
255,223,151,251,200,129
255,223,159,252,201,137
255,223,167,251,203,145
255,223,175,251,204,152
255,223,183,251,206,162
255,223,191,250,206,171
255,223,199,249,207,179
255,223,207,249,209,188
255,223,215,249,210,198
255,223,223,249,211,208
255,223,231,249,211,218
255,223,239,249,211,229
255,223,247,249,211,241
255,223,255,249,209,251
255,231,0,249,182,19
255,231,7,247,182,20
255,231,15,245,182,22
255,231,23,244,183,25
255,231,31,243,183,29
255,231,39,243,185,33
255,231,47,244,186,38
255,231,55,244,187,44
255,231,63,245,189,50
255,231,71,246,191,57
255,231,79,248,193,64
255,231,87,249,194,71
255,231,95,250,196,78
255,231,103,251,198,86
255,231,111,252,200,93
255,231,119,252,202,100
255,231,127,252,203,107
255,231,135,253,205,114
255,231,143,253,206,121
255,231,151,253,208,129
255,231,159,253,210,137
255,231,167,253,211,145
255,231,175,252,212,152
255,231,183,252,214,162
255,231,191,252,215,170
255,231,199,252,216,179
255,231,207,250,218,188
255,231,215,250,219,197
255,231,223,250,220,207
255,231,231,250,221,217
255,231,239,251,221,229
255,231,247,250,221,241
255,231,255,250,221,252
255,239,0,250,193,18
255,239,7,248,192,19
255,239,15,246,193,20
255,239,23,245,193,23
255,239,31,245,194,27
255,239,39,244,195,31
255,239,47,245,196,36
255,239,55,246,198,42
255,239,63,247,199,49
255,239,71,248,201,55
255,239,79,249,203,62
255,239,87,250,204,70
255,239,95,252,206,77
255,239,103,253,208,84
255,239,111,253,210,92
255,239,119,254,211,99
255,239,127,254,213,106
255,239,135,254,214,114
255,239,143,254,216,121
255,239,151,254,217,129
255,239,159,254,219,137
255,239,167,254,220,145
255,239,175,254,222,153
255,239,183,253,222,160
255,239,191,254,224,170
255,239,199,253,226,179
255,239,207,252,226,187
255,239,215,252,229,197
255,239,223,252,230,207
255,239,231,251,230,216
255,239,239,250,230,228
255,239,247,250,230,240
255,239,255,251,231,253
255,247,0,250,205,16
255,247,7,248,205,17
255,247,15,247,205,18
255,247,23,246,205,21
255,247,31,246,206,24
255,247,39,246,207,29
255,247,47,246,208,34
255,247,55,247,210,40
255,247,63,248,211,46
255,247,71,250,212,53
255,247,79,251,214,61
255,247,87,252,216,68
255,247,95,254,217,76
255,247,103,254,219,83
255,247,111,255,221,91
255,247,119,255,222,98
255,247,127,255,223,106
255,247,135,255,225,113
255,247,143,255,226,121
255,247,151,255,227,129
255,247,159,255,228,137
255,247,167,255,230,145
255,247,175,255,231,153
255,247,183,254,233,162
255,247,191,254,234,170
255,247,199,254,236,180
255,247,207,254,237,189
255,247,215,253,238,198
255,247,223,253,241,208
255,247,231,253,241,218
255,247,239,252,241,230
255,247,247,251,241,242
255,247,255,250,242,253
255,255,0,251,218,14
255,255,7,249,218,15
255,255,15,247,219,16
255,255,23,247,219,18
255,255,31,247,220,22
255,255,39,247,221,26
255,255,47,248,222,31
255,255,55,249,223,38
255,255,63,250,224,44
255,255,71,251,226,51
255,255,79,253,227,59
255,255,87,254,229,66
255,255,95,255,230,74
255,255,103,255,232,82
255,255,111,255,233,90
255,255,119,255,234,97
255,255,127,255,235,105
255,255,135,255,236,113
255,255,143,255,237,121
255,255,151,255,238,129
255,255,159,255,239,137
255,255,167,255,241,146
255,255,175,255,242,154
255,255,183,255,244,163
255,255,191,254,245,171
255,255,199,254,247,181
255,255,207,254,248,191
255,255,215,254,250,200
255,255,223,253,251,210
255,255,231,253,252,221
255,255,239,252,252,232
255,255,247,252,252,244
255,255,255,255,255,255
