3D,ASK-2500HS,FF TRAMP3_B2,V100910,sRGB-hRGB-fPD-Lab,BK_Corrected
0,0,0,0,0,0
0,0,7,3,3,9
0,0,15,3,3,15
0,0,23,3,3,23
0,0,31,2,3,32
0,0,39,2,3,41
0,0,47,2,3,51
0,0,55,2,4,60
0,0,63,2,4,71
0,0,71,3,5,82
0,0,79,2,5,94
0,0,87,3,6,109
0,0,95,2,6,124
0,0,103,3,7,140
0,0,111,3,7,158
0,0,119,3,9,174
0,0,127,5,10,189
0,0,135,7,12,203
0,0,143,9,14,215
0,0,151,13,17,223
0,0,159,17,20,228
0,0,167,21,22,232
0,0,175,24,24,235
0,0,183,27,27,237
0,0,191,32,29,239
0,0,199,32,30,241
0,0,207,33,31,244
0,0,215,35,32,246
0,0,223,37,34,249
0,0,231,39,37,251
0,0,239,40,38,253
0,0,247,41,39,255
0,0,255,43,40,255
0,7,0,3,9,3
0,7,7,3,8,8
0,7,15,3,7,14
0,7,23,2,7,21
0,7,31,2,7,30
0,7,39,2,7,39
0,7,47,3,7,48
0,7,55,2,7,58
0,7,63,3,8,69
0,7,71,3,8,80
0,7,79,3,9,92
0,7,87,3,9,105
0,7,95,4,10,119
0,7,103,3,11,133
0,7,111,5,12,152
0,7,119,5,12,170
0,7,127,6,14,185
0,7,135,9,17,199
0,7,143,11,18,212
0,7,151,15,21,221
0,7,159,19,25,227
0,7,167,24,27,231
0,7,175,26,29,234
0,7,183,29,31,236
0,7,191,33,33,238
0,7,199,35,35,241
0,7,207,36,35,243
0,7,215,37,36,246
0,7,223,39,38,248
0,7,231,41,40,251
0,7,239,42,42,253
0,7,247,43,42,255
0,7,255,44,43,255
0,15,0,4,16,3
0,15,7,4,15,7
0,15,15,4,14,12
0,15,23,4,13,20
0,15,31,3,12,28
0,15,39,3,12,37
0,15,47,3,12,46
0,15,55,3,12,56
0,15,63,4,12,66
0,15,71,4,13,77
0,15,79,5,13,89
0,15,87,4,13,101
0,15,95,5,14,115
0,15,103,6,15,130
0,15,111,6,16,146
0,15,119,7,17,163
0,15,127,8,18,181
0,15,135,11,21,195
0,15,143,14,24,208
0,15,151,17,26,219
0,15,159,21,29,225
0,15,167,26,32,230
0,15,175,30,35,233
0,15,183,32,36,236
0,15,191,34,38,238
0,15,199,37,40,241
0,15,207,39,41,243
0,15,215,39,41,246
0,15,223,40,42,248
0,15,231,42,43,250
0,15,239,44,45,252
0,15,247,45,46,254
0,15,255,46,46,255
0,23,0,5,24,2
0,23,7,4,23,6
0,23,15,3,22,10
0,23,23,4,20,18
0,23,31,4,19,26
0,23,39,4,19,34
0,23,47,4,18,43
0,23,55,4,18,53
0,23,63,5,18,63
0,23,71,5,19,73
0,23,79,6,19,84
0,23,87,6,19,96
0,23,95,6,19,109
0,23,103,7,20,124
0,23,111,6,21,140
0,23,119,9,22,157
0,23,127,10,24,175
0,23,135,13,26,191
0,23,143,16,28,204
0,23,151,19,31,216
0,23,159,23,34,223
0,23,167,28,37,228
0,23,175,33,40,232
0,23,183,36,43,235
0,23,191,37,43,238
0,23,199,39,44,240
0,23,207,41,45,243
0,23,215,43,47,245
0,23,223,43,47,248
0,23,231,44,47,250
0,23,239,46,48,252
0,23,247,48,50,253
0,23,255,49,51,254
0,31,0,5,34,2
0,31,7,4,32,4
0,31,15,5,31,9
0,31,23,5,29,16
0,31,31,5,28,23
0,31,39,4,27,32
0,31,47,6,26,40
0,31,55,5,26,50
0,31,63,5,25,59
0,31,71,6,25,70
0,31,79,7,25,80
0,31,87,7,26,91
0,31,95,9,26,104
0,31,103,7,26,117
0,31,111,9,27,133
0,31,119,9,28,150
0,31,127,12,29,167
0,31,135,15,31,185
0,31,143,18,34,200
0,31,151,22,36,211
0,31,159,27,39,220
0,31,167,31,42,226
0,31,175,34,44,231
0,31,183,37,46,235
0,31,191,39,48,238
0,31,199,41,49,240
0,31,207,43,50,243
0,31,215,44,51,245
0,31,223,46,53,247
0,31,231,48,53,249
0,31,239,48,53,251
0,31,247,49,53,253
0,31,255,51,55,254
0,39,0,7,45,1
0,39,7,7,43,4
0,39,15,8,41,8
0,39,23,7,39,14
0,39,31,6,37,21
0,39,39,7,36,29
0,39,47,7,35,38
0,39,55,7,34,47
0,39,63,8,33,56
0,39,71,8,33,66
0,39,79,8,33,76
0,39,87,9,33,87
0,39,95,10,33,98
0,39,103,11,33,112
0,39,111,11,33,125
0,39,119,12,34,142
0,39,127,14,35,160
0,39,135,17,37,177
0,39,143,20,39,193
0,39,151,24,42,206
0,39,159,28,44,216
0,39,167,32,46,225
0,39,175,35,49,230
0,39,183,39,51,234
0,39,191,40,52,238
0,39,199,42,53,240
0,39,207,45,55,243
0,39,215,47,56,245
0,39,223,47,56,247
0,39,231,49,56,249
0,39,239,52,58,251
0,39,247,52,57,253
0,39,255,53,58,254
0,47,0,10,56,1
0,47,7,9,54,3
0,47,15,9,51,7
0,47,23,9,49,12
0,47,31,9,47,19
0,47,39,9,45,27
0,47,47,9,44,35
0,47,55,10,43,44
0,47,63,9,42,53
0,47,71,10,42,62
0,47,79,10,41,72
0,47,87,10,41,82
0,47,95,12,40,93
0,47,103,12,40,105
0,47,111,14,40,120
0,47,119,14,41,135
0,47,127,17,41,153
0,47,135,18,43,170
0,47,143,21,44,187
0,47,151,23,46,204
0,47,159,27,48,215
0,47,167,32,50,223
0,47,175,37,53,230
0,47,183,39,54,234
0,47,191,42,56,238
0,47,199,44,57,240
0,47,207,46,58,243
0,47,215,49,59,245
0,47,223,51,59,247
0,47,231,51,59,250
0,47,239,52,60,251
0,47,247,55,60,253
0,47,255,56,61,254
0,55,0,12,67,1
0,55,7,12,65,2
0,55,15,12,62,6
0,55,23,12,60,11
0,55,31,11,57,17
0,55,39,11,55,25
0,55,47,12,54,32
0,55,55,12,53,41
0,55,63,11,51,49
0,55,71,13,51,59
0,55,79,13,50,68
0,55,87,15,49,78
0,55,95,14,49,89
0,55,103,15,49,101
0,55,111,15,48,113
0,55,119,16,48,129
0,55,127,18,48,145
0,55,135,19,49,164
0,55,143,21,49,184
0,55,151,24,51,198
0,55,159,28,52,212
0,55,167,34,54,222
0,55,175,38,56,229
0,55,183,42,58,234
0,55,191,44,59,238
0,55,199,46,60,241
0,55,207,49,61,243
0,55,215,50,61,245
0,55,223,52,62,247
0,55,231,53,62,250
0,55,239,55,62,252
0,55,247,56,62,253
0,55,255,57,63,254
0,63,0,14,78,1
0,63,7,13,76,3
0,63,15,13,73,5
0,63,23,14,70,10
0,63,31,14,68,16
0,63,39,15,66,23
0,63,47,14,64,30
0,63,55,14,62,38
0,63,63,16,61,47
0,63,71,15,60,55
0,63,79,17,59,65
0,63,87,16,58,74
0,63,95,15,57,84
0,63,103,17,57,95
0,63,111,18,56,108
0,63,119,19,56,121
0,63,127,20,55,139
0,63,135,22,55,156
0,63,143,24,56,174
0,63,151,27,57,192
0,63,159,31,58,206
0,63,167,34,59,219
0,63,175,39,60,227
0,63,183,42,61,234
0,63,191,46,63,238
0,63,199,48,63,241
0,63,207,50,64,244
0,63,215,51,64,246
0,63,223,53,64,248
0,63,231,55,64,250
0,63,239,55,64,252
0,63,247,57,65,254
0,63,255,59,65,255
0,71,0,17,89,1
0,71,7,17,87,3
0,71,15,16,84,5
0,71,23,16,81,9
0,71,31,16,78,15
0,71,39,16,76,21
0,71,47,18,74,29
0,71,55,18,72,36
0,71,63,18,71,45
0,71,71,19,70,53
0,71,79,20,69,62
0,71,87,18,67,70
0,71,95,20,66,80
0,71,103,22,66,91
0,71,111,22,65,102
0,71,119,23,64,116
0,71,127,23,63,130
0,71,135,23,63,148
0,71,143,25,63,167
0,71,151,26,62,185
0,71,159,25,62,206
0,71,167,33,63,215
0,71,175,38,65,225
0,71,183,42,65,232
0,71,191,44,66,237
0,71,199,47,67,241
0,71,207,50,67,244
0,71,215,53,68,246
0,71,223,54,67,248
0,71,231,55,67,250
0,71,239,58,67,252
0,71,247,59,67,253
0,71,255,60,67,254
0,79,0,20,99,2
0,79,7,20,96,3
0,79,15,20,94,5
0,79,23,20,91,9
0,79,31,20,89,14
0,79,39,20,86,21
0,79,47,20,84,27
0,79,55,20,82,34
0,79,63,22,81,42
0,79,71,23,80,51
0,79,79,23,78,59
0,79,87,25,77,68
0,79,95,24,76,77
0,79,103,26,75,87
0,79,111,26,74,97
0,79,119,26,73,110
0,79,127,26,72,124
0,79,135,27,71,139
0,79,143,28,70,157
0,79,151,30,70,176
0,79,159,32,69,193
0,79,167,36,69,210
0,79,175,39,69,221
0,79,183,43,70,230
0,79,191,47,70,236
0,79,199,49,71,240
0,79,207,53,71,243
0,79,215,55,71,245
0,79,223,56,71,248
0,79,231,58,71,250
0,79,239,59,70,252
0,79,247,60,70,253
0,79,255,62,69,254
0,87,0,22,109,2
0,87,7,22,107,3
0,87,15,22,105,5
0,87,23,22,102,9
0,87,31,23,99,14
0,87,39,24,97,20
0,87,47,24,95,27
0,87,55,25,93,34
0,87,63,24,91,41
0,87,71,25,90,48
0,87,79,27,88,57
0,87,87,27,87,65
0,87,95,27,86,73
0,87,103,30,85,83
0,87,111,30,84,93
0,87,119,29,82,104
0,87,127,29,81,116
0,87,135,30,80,132
0,87,143,31,78,148
0,87,151,32,77,167
0,87,159,34,76,186
0,87,167,36,76,201
0,87,175,41,75,216
0,87,183,44,75,226
0,87,191,47,75,234
0,87,199,51,75,239
0,87,207,53,75,243
0,87,215,56,74,246
0,87,223,58,74,248
0,87,231,59,74,250
0,87,239,60,73,252
0,87,247,61,73,253
0,87,255,62,72,254
0,95,0,23,120,1
0,95,7,23,118,2
0,95,15,24,116,5
0,95,23,25,113,9
0,95,31,25,110,14
0,95,39,26,108,20
0,95,47,27,106,26
0,95,55,29,104,33
0,95,63,29,102,40
0,95,71,29,100,47
0,95,79,29,99,54
0,95,87,30,97,63
0,95,95,30,96,71
0,95,103,31,94,80
0,95,111,33,93,89
0,95,119,33,92,99
0,95,127,33,90,112
0,95,135,34,89,124
0,95,143,34,87,141
0,95,151,35,86,158
0,95,159,37,84,176
0,95,167,39,83,194
0,95,175,40,81,209
0,95,183,44,81,223
0,95,191,47,80,231
0,95,199,51,79,239
0,95,207,54,78,243
0,95,215,56,78,246
0,95,223,58,77,248
0,95,231,59,77,250
0,95,239,60,76,252
0,95,247,62,76,253
0,95,255,64,76,254
0,103,0,28,130,3
0,103,7,28,128,4
0,103,15,29,126,6
0,103,23,29,123,9
0,103,31,28,121,13
0,103,39,29,118,19
0,103,47,30,116,25
0,103,55,30,115,32
0,103,63,32,113,39
0,103,71,33,111,46
0,103,79,33,109,53
0,103,87,33,108,60
0,103,95,34,106,68
0,103,103,34,105,77
0,103,111,35,103,86
0,103,119,33,101,95
0,103,127,35,100,105
0,103,135,36,98,119
0,103,143,36,96,133
0,103,151,37,94,151
0,103,159,38,92,168
0,103,167,40,90,186
0,103,175,42,89,203
0,103,183,45,87,217
0,103,191,48,86,229
0,103,199,52,84,236
0,103,207,55,83,242
0,103,215,58,82,245
0,103,223,58,81,249
0,103,231,61,81,251
0,103,239,62,80,252
0,103,247,64,79,253
0,103,255,66,79,253
0,111,0,29,141,3
0,111,7,30,139,4
0,111,15,30,137,6
0,111,23,31,135,9
0,111,31,32,132,14
0,111,39,33,130,19
0,111,47,33,128,25
0,111,55,34,126,31
0,111,63,34,124,38
0,111,71,35,122,44
0,111,79,36,121,51
0,111,87,37,119,58
0,111,95,37,117,66
0,111,103,37,115,74
0,111,111,37,114,82
0,111,119,37,112,91
0,111,127,37,110,101
0,111,135,38,108,112
0,111,143,38,106,126
0,111,151,36,104,142
0,111,159,38,101,160
0,111,167,42,99,178
0,111,175,43,97,195
0,111,183,47,94,211
0,111,191,49,92,223
0,111,199,52,90,234
0,111,207,54,88,240
0,111,215,57,87,246
0,111,223,60,86,249
0,111,231,61,85,251
0,111,239,63,84,253
0,111,247,65,83,253
0,111,255,66,82,253
0,119,0,25,156,1
0,119,7,26,154,3
0,119,15,28,151,6
0,119,23,31,148,9
0,119,31,33,144,13
0,119,39,34,142,19
0,119,47,35,140,25
0,119,55,36,138,31
0,119,63,38,136,37
0,119,71,37,133,43
0,119,79,38,132,49
0,119,87,38,130,56
0,119,95,39,129,63
0,119,103,40,127,71
0,119,111,39,124,79
0,119,119,40,123,87
0,119,127,40,121,96
0,119,135,41,119,107
0,119,143,41,117,120
0,119,151,40,114,134
0,119,159,42,111,150
0,119,167,43,108,169
0,119,175,45,106,187
0,119,183,47,103,203
0,119,191,49,100,218
0,119,199,52,98,229
0,119,207,55,95,238
0,119,215,57,93,244
0,119,223,59,91,249
0,119,231,61,90,252
0,119,239,63,89,253
0,119,247,65,88,254
0,119,255,67,87,254
0,127,0,33,165,4
0,127,7,33,164,5
0,127,15,33,162,6
0,127,23,33,159,9
0,127,31,33,157,12
0,127,39,33,154,17
0,127,47,35,152,23
0,127,55,37,150,30
0,127,63,38,148,36
0,127,71,40,146,42
0,127,79,41,144,48
0,127,87,40,142,54
0,127,95,38,139,60
0,127,103,41,138,68
0,127,111,42,136,76
0,127,119,43,134,84
0,127,127,43,132,93
0,127,135,42,130,103
0,127,143,42,127,114
0,127,151,43,125,127
0,127,159,43,122,142
0,127,167,44,119,158
0,127,175,46,116,177
0,127,183,47,113,195
0,127,191,48,109,211
0,127,199,49,106,225
0,127,207,54,103,235
0,127,215,58,101,243
0,127,223,60,98,247
0,127,231,62,96,252
0,127,239,65,94,253
0,127,247,66,92,254
0,127,255,68,91,255
0,135,0,34,178,4
0,135,7,34,177,6
0,135,15,35,175,7
0,135,23,36,172,10
0,135,31,36,170,13
0,135,39,37,167,17
0,135,47,38,165,22
0,135,55,38,163,28
0,135,63,38,161,34
0,135,71,39,159,40
0,135,79,40,157,46
0,135,87,42,155,52
0,135,95,43,153,59
0,135,103,44,150,65
0,135,111,42,148,72
0,135,119,43,146,80
0,135,127,44,144,89
0,135,135,45,141,98
0,135,143,44,139,109
0,135,151,43,136,121
0,135,159,45,133,133
0,135,167,46,130,150
0,135,175,46,127,167
0,135,183,48,123,185
0,135,191,51,120,202
0,135,199,53,116,217
0,135,207,56,112,229
0,135,215,58,109,239
0,135,223,60,106,246
0,135,231,62,103,250
0,135,239,64,101,254
0,135,247,66,98,255
0,135,255,68,97,255
0,143,0,35,192,4
0,143,7,35,191,5
0,143,15,35,189,7
0,143,23,36,187,9
0,143,31,37,184,13
0,143,39,37,182,17
0,143,47,38,180,22
0,143,55,39,177,27
0,143,63,40,175,32
0,143,71,40,172,38
0,143,79,40,170,44
0,143,87,40,168,50
0,143,95,43,166,56
0,143,103,44,164,63
0,143,111,45,161,70
0,143,119,45,158,77
0,143,127,44,156,85
0,143,135,45,153,93
0,143,143,47,151,103
0,143,151,46,148,115
0,143,159,45,145,127
0,143,167,46,142,141
0,143,175,47,139,157
0,143,183,48,135,175
0,143,191,50,131,192
0,143,199,54,127,208
0,143,207,56,123,223
0,143,215,58,119,234
0,143,223,61,115,244
0,143,231,62,112,250
0,143,239,65,108,252
0,143,247,66,105,255
0,143,255,69,103,255
0,151,0,38,204,4
0,151,7,38,203,5
0,151,15,38,202,7
0,151,23,38,200,9
0,151,31,38,198,13
0,151,39,38,196,17
0,151,47,38,194,21
0,151,55,39,191,26
0,151,63,40,189,31
0,151,71,41,186,37
0,151,79,42,184,42
0,151,87,42,182,48
0,151,95,44,179,54
0,151,103,44,177,61
0,151,111,45,175,67
0,151,119,46,172,74
0,151,127,47,169,81
0,151,135,47,167,90
0,151,143,46,164,98
0,151,151,47,162,108
0,151,159,48,159,120
0,151,167,49,156,133
0,151,175,48,153,148
0,151,183,48,149,164
0,151,191,51,145,181
0,151,199,53,140,198
0,151,207,55,136,214
0,151,215,58,131,227
0,151,223,60,126,238
0,151,231,62,122,247
0,151,239,64,118,253
0,151,247,66,114,254
0,151,255,68,110,255
0,159,0,38,216,7
0,159,7,39,215,8
0,159,15,39,213,9
0,159,23,40,212,11
0,159,31,41,210,14
0,159,39,41,208,18
0,159,47,42,206,22
0,159,55,41,204,26
0,159,63,41,202,31
0,159,71,41,200,36
0,159,79,42,198,41
0,159,87,43,195,46
0,159,95,45,192,52
0,159,103,45,190,58
0,159,111,46,188,65
0,159,119,46,186,71
0,159,127,46,183,78
0,159,135,47,181,86
0,159,143,49,178,94
0,159,151,49,175,104
0,159,159,48,173,114
0,159,167,50,170,125
0,159,175,50,166,140
0,159,183,50,164,155
0,159,191,50,159,171
0,159,199,53,154,187
0,159,207,56,150,203
0,159,215,57,145,218
0,159,223,59,139,231
0,159,231,63,134,241
0,159,239,64,128,249
0,159,247,67,123,255
0,159,255,69,119,255
0,167,0,39,224,7
0,167,7,39,223,8
0,167,15,40,223,10
0,167,23,41,221,12
0,167,31,41,220,15
0,167,39,42,218,18
0,167,47,42,217,22
0,167,55,43,215,26
0,167,63,44,213,31
0,167,71,44,212,36
0,167,79,43,210,40
0,167,87,43,208,46
0,167,95,44,205,51
0,167,103,45,203,57
0,167,111,46,200,62
0,167,119,47,198,68
0,167,127,48,197,75
0,167,135,47,195,82
0,167,143,48,192,90
0,167,151,50,189,98
0,167,159,50,187,108
0,167,167,49,185,119
0,167,175,51,182,131
0,167,183,51,178,145
0,167,191,53,174,160
0,167,199,52,170,177
0,167,207,54,165,192
0,167,215,56,159,208
0,167,223,59,153,223
0,167,231,61,147,235
0,167,239,65,141,245
0,167,247,68,135,251
0,167,255,69,129,255
0,175,0,41,230,8
0,175,7,41,230,10
0,175,15,41,230,11
0,175,23,41,229,13
0,175,31,42,228,16
0,175,39,43,227,20
0,175,47,43,225,23
0,175,55,44,224,27
0,175,63,44,222,31
0,175,71,44,221,35
0,175,79,45,219,40
0,175,87,46,218,45
0,175,95,46,217,50
0,175,103,45,215,55
0,175,111,46,212,61
0,175,119,47,210,66
0,175,127,48,208,72
0,175,135,49,207,79
0,175,143,49,206,86
0,175,151,49,203,94
0,175,159,51,201,102
0,175,167,52,199,112
0,175,175,52,196,124
0,175,183,52,194,136
0,175,191,53,190,151
0,175,199,55,186,165
0,175,207,56,181,182
0,175,215,56,176,198
0,175,223,58,169,213
0,175,231,62,162,228
0,175,239,64,155,240
0,175,247,67,148,249
0,175,255,71,141,253
0,183,0,43,236,11
0,183,7,44,236,12
0,183,15,44,235,14
0,183,23,44,235,15
0,183,31,44,234,18
0,183,39,44,234,21
0,183,47,44,233,24
0,183,55,44,232,27
0,183,63,45,231,31
0,183,71,45,229,35
0,183,79,45,228,39
0,183,87,46,226,44
0,183,95,47,225,49
0,183,103,48,224,54
0,183,111,48,223,60
0,183,119,48,221,65
0,183,127,48,220,71
0,183,135,49,218,76
0,183,143,51,217,83
0,183,151,50,216,90
0,183,159,50,214,98
0,183,167,52,212,106
0,183,175,53,210,116
0,183,183,54,208,128
0,183,191,54,205,141
0,183,199,54,202,156
0,183,207,56,197,171
0,183,215,57,192,187
0,183,223,59,186,203
0,183,231,61,178,219
0,183,239,64,171,233
0,183,247,68,163,246
0,183,255,70,155,253
0,191,0,46,239,13
0,191,7,46,239,15
0,191,15,46,239,16
0,191,23,47,239,18
0,191,31,46,239,20
0,191,39,46,239,22
0,191,47,46,238,25
0,191,55,46,238,28
0,191,63,46,237,31
0,191,71,46,236,35
0,191,79,46,235,39
0,191,87,46,234,43
0,191,95,47,232,47
0,191,103,48,231,52
0,191,111,49,230,58
0,191,119,49,229,63
0,191,127,50,229,69
0,191,135,50,228,74
0,191,143,51,226,80
0,191,151,52,225,86
0,191,159,53,224,93
0,191,167,51,224,101
0,191,175,53,222,110
0,191,183,54,220,120
0,191,191,55,218,132
0,191,199,56,216,145
0,191,207,57,212,160
0,191,215,57,208,176
0,191,223,59,202,193
0,191,231,62,195,209
0,191,239,63,187,225
0,191,247,66,179,239
0,191,255,70,171,250
0,199,0,46,241,14
0,199,7,46,241,15
0,199,15,47,241,17
0,199,23,47,242,19
0,199,31,48,242,21
0,199,39,48,242,23
0,199,47,48,242,26
0,199,55,48,242,29
0,199,63,48,241,32
0,199,71,48,241,36
0,199,79,48,240,39
0,199,87,48,239,43
0,199,95,48,238,47
0,199,103,48,237,51
0,199,111,49,236,56
0,199,119,50,235,61
0,199,127,51,235,66
0,199,135,51,234,72
0,199,143,50,234,77
0,199,151,51,234,82
0,199,159,53,233,89
0,199,167,54,232,96
0,199,175,55,231,104
0,199,183,53,231,113
0,199,191,55,230,123
0,199,199,56,227,136
0,199,207,58,225,149
0,199,215,59,222,166
0,199,223,59,217,182
0,199,231,61,211,199
0,199,239,64,204,217
0,199,247,67,196,234
0,199,255,69,188,246
0,207,0,47,243,15
0,207,7,47,243,16
0,207,15,47,244,17
0,207,23,48,244,19
0,207,31,48,244,21
0,207,39,49,245,24
0,207,47,49,245,27
0,207,55,50,245,29
0,207,63,50,245,33
0,207,71,50,244,36
0,207,79,50,244,39
0,207,87,50,243,43
0,207,95,50,243,46
0,207,103,50,242,50
0,207,111,50,241,54
0,207,119,50,241,59
0,207,127,51,240,64
0,207,135,52,240,69
0,207,143,52,239,74
0,207,151,53,239,79
0,207,159,54,239,85
0,207,167,54,239,91
0,207,175,54,238,98
0,207,183,55,238,106
0,207,191,57,237,116
0,207,199,57,237,127
0,207,207,57,235,140
0,207,215,59,233,154
0,207,223,60,230,172
0,207,231,62,225,190
0,207,239,63,219,208
0,207,247,66,212,226
0,207,255,69,205,243
0,215,0,48,246,16
0,215,7,48,246,17
0,215,15,48,246,18
0,215,23,49,246,19
0,215,31,49,246,21
0,215,39,49,247,24
0,215,47,50,247,27
0,215,55,50,247,29
0,215,63,50,247,32
0,215,71,51,247,36
0,215,79,51,247,39
0,215,87,52,247,42
0,215,95,52,246,46
0,215,103,52,246,50
0,215,111,52,245,53
0,215,119,52,245,58
0,215,127,52,245,62
0,215,135,52,244,66
0,215,143,53,244,71
0,215,151,54,244,76
0,215,159,55,244,81
0,215,167,56,244,87
0,215,175,56,244,94
0,215,183,55,244,101
0,215,191,56,244,110
0,215,199,58,244,120
0,215,207,59,244,132
0,215,215,59,242,146
0,215,223,60,240,161
0,215,231,62,237,179
0,215,239,64,232,198
0,215,247,66,227,217
0,215,255,68,220,235
0,223,0,49,248,17
0,223,7,50,248,18
0,223,15,50,248,19
0,223,23,50,249,20
0,223,31,50,249,22
0,223,39,50,249,24
0,223,47,51,249,26
0,223,55,51,249,29
0,223,63,51,249,32
0,223,71,52,249,35
0,223,79,52,249,38
0,223,87,52,249,42
0,223,95,53,249,45
0,223,103,53,249,49
0,223,111,53,249,52
0,223,119,54,249,56
0,223,127,54,249,60
0,223,135,54,248,65
0,223,143,54,248,69
0,223,151,54,248,73
0,223,159,54,248,78
0,223,167,55,248,83
0,223,175,56,248,89
0,223,183,57,249,97
0,223,191,57,249,105
0,223,199,57,249,114
0,223,207,58,249,125
0,223,215,60,248,137
0,223,223,61,248,153
0,223,231,62,246,169
0,223,239,64,243,187
0,223,247,66,238,207
0,223,255,69,234,227
0,231,0,50,250,17
0,231,7,50,250,18
0,231,15,51,250,19
0,231,23,51,251,20
0,231,31,52,251,23
0,231,39,52,251,24
0,231,47,52,251,26
0,231,55,52,251,29
0,231,63,53,252,32
0,231,71,53,252,35
0,231,79,53,252,38
0,231,87,53,251,41
0,231,95,53,251,44
0,231,103,53,251,47
0,231,111,54,251,51
0,231,119,54,251,54
0,231,127,55,251,58
0,231,135,55,251,63
0,231,143,56,251,67
0,231,151,56,251,71
0,231,159,56,251,75
0,231,167,56,251,80
0,231,175,56,251,85
0,231,183,57,252,92
0,231,191,57,252,100
0,231,199,58,252,109
0,231,207,58,252,119
0,231,215,59,252,131
0,231,223,61,252,144
0,231,231,62,251,161
0,231,239,64,250,178
0,231,247,66,247,197
0,231,255,68,244,218
0,239,0,50,252,17
0,239,7,51,252,18
0,239,15,51,252,19
0,239,23,51,252,20
0,239,31,52,253,22
0,239,39,52,253,24
0,239,47,53,253,27
0,239,55,53,253,29
0,239,63,53,253,31
0,239,71,53,253,34
0,239,79,54,253,37
0,239,87,54,253,40
0,239,95,54,253,43
0,239,103,54,253,46
0,239,111,54,253,49
0,239,119,54,253,52
0,239,127,55,253,56
0,239,135,55,253,60
0,239,143,56,253,64
0,239,151,57,253,69
0,239,159,57,253,73
0,239,167,57,253,78
0,239,175,57,253,82
0,239,183,57,253,88
0,239,191,58,253,95
0,239,199,58,254,104
0,239,207,59,254,114
0,239,215,60,254,125
0,239,223,60,254,138
0,239,231,62,253,153
0,239,239,64,253,170
0,239,247,66,252,189
0,239,255,68,251,208
0,247,0,51,254,17
0,247,7,51,254,18
0,247,15,51,254,19
0,247,23,51,254,20
0,247,31,52,254,21
0,247,39,52,254,23
0,247,47,53,254,26
0,247,55,53,254,28
0,247,63,53,254,31
0,247,71,54,254,33
0,247,79,54,254,36
0,247,87,54,254,39
0,247,95,54,254,42
0,247,103,55,254,45
0,247,111,55,254,48
0,247,119,55,254,51
0,247,127,55,253,55
0,247,135,55,253,58
0,247,143,56,253,62
0,247,151,57,253,67
0,247,159,57,253,71
0,247,167,58,253,76
0,247,175,58,253,81
0,247,183,58,253,86
0,247,191,58,253,92
0,247,199,58,253,99
0,247,207,59,254,109
0,247,215,60,254,120
0,247,223,61,254,132
0,247,231,61,254,147
0,247,239,63,254,162
0,247,247,65,254,180
0,247,255,67,253,199
0,255,0,52,255,18
0,255,7,52,255,19
0,255,15,52,255,19
0,255,23,52,255,20
0,255,31,53,255,22
0,255,39,53,255,23
0,255,47,53,255,25
0,255,55,53,255,28
0,255,63,54,255,30
0,255,71,54,255,33
0,255,79,54,255,35
0,255,87,55,255,39
0,255,95,55,255,41
0,255,103,55,255,44
0,255,111,56,254,48
0,255,119,56,254,51
0,255,127,56,254,54
0,255,135,56,254,57
0,255,143,57,253,61
0,255,151,57,253,65
0,255,159,58,253,70
0,255,167,58,253,75
0,255,175,59,253,80
0,255,183,59,253,85
0,255,191,60,253,91
0,255,199,60,253,99
0,255,207,60,253,107
0,255,215,61,253,117
0,255,223,62,253,129
0,255,231,63,254,142
0,255,239,64,254,157
0,255,247,65,254,173
0,255,255,67,254,189
7,0,0,7,3,4
7,0,7,7,3,9
7,0,15,7,3,16
7,0,23,6,3,24
7,0,31,6,3,33
7,0,39,5,3,42
7,0,47,5,3,52
7,0,55,4,3,62
7,0,63,5,4,72
7,0,71,5,5,84
7,0,79,4,5,96
7,0,87,4,5,110
7,0,95,4,6,125
7,0,103,4,6,141
7,0,111,5,7,158
7,0,119,4,9,175
7,0,127,6,10,190
7,0,135,8,12,204
7,0,143,11,14,216
7,0,151,14,17,224
7,0,159,18,20,228
7,0,167,22,22,232
7,0,175,25,24,235
7,0,183,29,27,236
7,0,191,33,29,239
7,0,199,33,30,241
7,0,207,34,30,244
7,0,215,36,32,246
7,0,223,38,34,249
7,0,231,40,37,251
7,0,239,41,38,253
7,0,247,42,39,255
7,0,255,43,40,255
7,7,0,7,9,3
7,7,7,7,7,9
7,7,15,6,7,15
7,7,23,6,7,23
7,7,31,5,6,31
7,7,39,6,7,40
7,7,47,5,7,50
7,7,55,5,7,60
7,7,63,5,8,70
7,7,71,5,8,81
7,7,79,5,8,93
7,7,87,5,9,106
7,7,95,6,9,120
7,7,103,5,10,134
7,7,111,6,11,152
7,7,119,6,12,171
7,7,127,8,14,186
7,7,135,11,16,199
7,7,143,13,18,213
7,7,151,16,21,222
7,7,159,21,25,227
7,7,167,25,27,231
7,7,175,28,29,234
7,7,183,30,31,236
7,7,191,34,33,238
7,7,199,36,35,241
7,7,207,37,35,243
7,7,215,38,36,246
7,7,223,40,38,248
7,7,231,42,40,250
7,7,239,43,42,253
7,7,247,43,42,254
7,7,255,45,43,255
7,15,0,8,15,4
7,15,7,8,14,7
7,15,15,8,13,13
7,15,23,7,13,21
7,15,31,7,12,29
7,15,39,7,12,38
7,15,47,6,12,47
7,15,55,6,12,57
7,15,63,7,12,67
7,15,71,6,13,78
7,15,79,7,13,89
7,15,87,7,13,101
7,15,95,7,14,115
7,15,103,7,15,130
7,15,111,8,16,146
7,15,119,9,17,164
7,15,127,10,18,182
7,15,135,13,21,196
7,15,143,16,24,208
7,15,151,19,26,219
7,15,159,23,29,225
7,15,167,27,32,230
7,15,175,31,34,233
7,15,183,33,36,236
7,15,191,35,37,238
7,15,199,38,40,241
7,15,207,40,41,243
7,15,215,40,41,246
7,15,223,41,41,248
7,15,231,43,43,250
7,15,239,45,45,252
7,15,247,46,46,254
7,15,255,46,46,255
7,23,0,9,23,3
7,23,7,8,23,6
7,23,15,8,21,12
7,23,23,8,20,19
7,23,31,8,19,27
7,23,39,8,19,35
7,23,47,8,18,44
7,23,55,8,18,54
7,23,63,8,18,64
7,23,71,8,19,74
7,23,79,8,19,85
7,23,87,8,19,97
7,23,95,8,19,110
7,23,103,9,20,125
7,23,111,9,21,141
7,23,119,11,22,157
7,23,127,12,24,175
7,23,135,15,26,191
7,23,143,18,28,204
7,23,151,21,31,216
7,23,159,25,34,223
7,23,167,29,37,228
7,23,175,34,40,232
7,23,183,37,42,235
7,23,191,38,43,238
7,23,199,40,44,240
7,23,207,42,46,243
7,23,215,44,47,245
7,23,223,44,47,248
7,23,231,45,47,250
7,23,239,46,48,252
7,23,247,48,50,253
7,23,255,49,51,254
7,31,0,9,33,3
7,31,7,9,32,5
7,31,15,9,31,10
7,31,23,10,29,17
7,31,31,10,28,25
7,31,39,9,27,33
7,31,47,9,26,42
7,31,55,9,26,51
7,31,63,9,25,60
7,31,71,9,25,71
7,31,79,10,25,81
7,31,87,10,25,92
7,31,95,11,26,105
7,31,103,9,26,117
7,31,111,12,27,134
7,31,119,12,28,150
7,31,127,14,29,167
7,31,135,17,31,185
7,31,143,20,34,200
7,31,151,24,36,210
7,31,159,29,39,220
7,31,167,33,42,226
7,31,175,35,44,231
7,31,183,39,46,235
7,31,191,41,48,238
7,31,199,42,49,240
7,31,207,44,50,242
7,31,215,45,51,245
7,31,223,47,53,247
7,31,231,48,53,249
7,31,239,49,53,251
7,31,247,50,53,253
7,31,255,52,55,254
7,39,0,12,44,2
7,39,7,12,42,4
7,39,15,12,40,9
7,39,23,11,38,15
7,39,31,11,37,22
7,39,39,12,36,31
7,39,47,11,35,39
7,39,55,11,34,48
7,39,63,11,33,57
7,39,71,12,33,67
7,39,79,11,33,77
7,39,87,12,33,88
7,39,95,13,33,99
7,39,103,13,33,112
7,39,111,14,33,125
7,39,119,15,34,143
7,39,127,16,35,160
7,39,135,19,37,176
7,39,143,22,39,193
7,39,151,27,42,206
7,39,159,30,44,216
7,39,167,34,47,225
7,39,175,37,49,230
7,39,183,40,51,234
7,39,191,42,52,238
7,39,199,43,53,240
7,39,207,47,55,243
7,39,215,48,56,245
7,39,223,48,56,247
7,39,231,50,57,249
7,39,239,53,58,251
7,39,247,53,57,253
7,39,255,53,58,254
7,47,0,14,55,2
7,47,7,14,53,4
7,47,15,13,51,8
7,47,23,13,49,14
7,47,31,14,47,21
7,47,39,13,45,28
7,47,47,13,44,36
7,47,55,14,43,45
7,47,63,13,42,54
7,47,71,13,42,63
7,47,79,14,41,73
7,47,87,13,40,83
7,47,95,15,40,94
7,47,103,15,40,105
7,47,111,16,40,120
7,47,119,17,41,135
7,47,127,19,41,153
7,47,135,20,43,170
7,47,143,23,44,187
7,47,151,25,46,204
7,47,159,29,48,215
7,47,167,34,50,223
7,47,175,39,53,230
7,47,183,41,54,234
7,47,191,43,56,238
7,47,199,45,57,240
7,47,207,47,58,243
7,47,215,50,59,245
7,47,223,52,60,247
7,47,231,52,59,250
7,47,239,53,60,251
7,47,247,55,61,253
7,47,255,57,61,254
7,55,0,17,66,2
7,55,7,17,64,3
7,55,15,16,62,7
7,55,23,15,59,12
7,55,31,15,57,19
7,55,39,15,55,26
7,55,47,16,54,34
7,55,55,16,53,42
7,55,63,15,51,50
7,55,71,17,51,60
7,55,79,17,50,69
7,55,87,18,49,79
7,55,95,17,49,89
7,55,103,18,49,101
7,55,111,18,48,113
7,55,119,19,48,129
7,55,127,21,48,145
7,55,135,22,49,164
7,55,143,23,50,183
7,55,151,27,51,198
7,55,159,31,53,212
7,55,167,36,54,222
7,55,175,40,56,229
7,55,183,44,58,234
7,55,191,45,59,238
7,55,199,48,60,241
7,55,207,51,61,243
7,55,215,51,61,245
7,55,223,53,62,247
7,55,231,54,62,250
7,55,239,56,62,252
7,55,247,56,63,253
7,55,255,58,63,254
7,63,0,18,77,1
7,63,7,18,75,3
7,63,15,18,72,6
7,63,23,18,70,11
7,63,31,19,68,17
7,63,39,18,66,24
7,63,47,18,64,31
7,63,55,19,62,40
7,63,63,20,61,48
7,63,71,19,60,56
7,63,79,20,59,66
7,63,87,19,58,75
7,63,95,18,57,85
7,63,103,20,57,96
7,63,111,21,56,109
7,63,119,22,56,122
7,63,127,23,56,139
7,63,135,25,56,155
7,63,143,26,56,173
7,63,151,29,57,192
7,63,159,33,58,206
7,63,167,36,59,219
7,63,175,41,60,227
7,63,183,44,62,234
7,63,191,47,63,238
7,63,199,50,64,241
7,63,207,51,64,244
7,63,215,53,64,246
7,63,223,55,64,248
7,63,231,56,65,250
7,63,239,56,64,252
7,63,247,58,65,254
7,63,255,60,65,255
7,71,0,21,88,1
7,71,7,20,86,3
7,71,15,20,83,6
7,71,23,20,80,11
7,71,31,20,78,16
7,71,39,20,76,23
7,71,47,22,74,30
7,71,55,22,73,38
7,71,63,21,71,46
7,71,71,23,70,54
7,71,79,24,69,63
7,71,87,21,67,71
7,71,95,23,67,81
7,71,103,25,66,91
7,71,111,25,65,103
7,71,119,26,64,116
7,71,127,26,64,130
7,71,135,26,63,148
7,71,143,27,63,167
7,71,151,28,62,185
7,71,159,28,63,205
7,71,167,35,64,215
7,71,175,40,65,225
7,71,183,44,66,232
7,71,191,46,66,237
7,71,199,48,67,241
7,71,207,52,67,244
7,71,215,54,68,246
7,71,223,55,68,248
7,71,231,56,67,250
7,71,239,58,67,252
7,71,247,59,67,253
7,71,255,60,67,254
7,79,0,23,98,2
7,79,7,24,96,4
7,79,15,24,93,6
7,79,23,24,91,10
7,79,31,24,88,16
7,79,39,23,86,22
7,79,47,23,84,28
7,79,55,24,83,36
7,79,63,25,81,44
7,79,71,26,80,52
7,79,79,26,78,60
7,79,87,28,77,69
7,79,95,27,76,77
7,79,103,28,75,87
7,79,111,29,74,98
7,79,119,29,73,110
7,79,127,29,72,124
7,79,135,29,71,139
7,79,143,30,70,157
7,79,151,32,70,176
7,79,159,34,69,193
7,79,167,38,70,210
7,79,175,41,70,221
7,79,183,45,70,230
7,79,191,49,71,236
7,79,199,51,71,240
7,79,207,54,71,243
7,79,215,56,71,245
7,79,223,57,71,248
7,79,231,59,71,250
7,79,239,59,70,252
7,79,247,61,70,253
7,79,255,63,69,254
7,87,0,25,108,2
7,87,7,25,106,4
7,87,15,25,104,6
7,87,23,26,101,10
7,87,31,27,99,16
7,87,39,27,97,22
7,87,47,28,95,28
7,87,55,27,93,35
7,87,63,27,91,42
7,87,71,29,90,50
7,87,79,30,89,58
7,87,87,29,87,66
7,87,95,29,86,74
7,87,103,33,85,83
7,87,111,32,84,94
7,87,119,32,82,105
7,87,127,32,81,117
7,87,135,32,80,132
7,87,143,33,79,148
7,87,151,34,77,167
7,87,159,36,77,185
7,87,167,39,76,201
7,87,175,43,75,216
7,87,183,46,75,226
7,87,191,49,75,234
7,87,199,52,75,239
7,87,207,54,75,243
7,87,215,57,75,246
7,87,223,59,74,248
7,87,231,60,74,250
7,87,239,61,73,252
7,87,247,62,73,253
7,87,255,63,72,254
7,95,0,26,119,1
7,95,7,26,117,3
7,95,15,27,115,6
7,95,23,27,112,10
7,95,31,28,110,15
7,95,39,29,107,21
7,95,47,30,105,27
7,95,55,32,104,34
7,95,63,32,102,41
7,95,71,32,100,48
7,95,79,31,99,55
7,95,87,33,98,64
7,95,95,33,96,72
7,95,103,34,95,80
7,95,111,35,94,89
7,95,119,35,92,100
7,95,127,35,90,112
7,95,135,36,89,125
7,95,143,37,87,141
7,95,151,37,86,158
7,95,159,39,84,176
7,95,167,41,83,194
7,95,175,42,82,209
7,95,183,46,81,223
7,95,191,49,80,231
7,95,199,52,79,239
7,95,207,55,79,243
7,95,215,57,78,246
7,95,223,59,78,248
7,95,231,60,77,250
7,95,239,61,77,252
7,95,247,63,76,253
7,95,255,64,76,254
7,103,0,31,129,3
7,103,7,32,127,5
7,103,15,32,125,7
7,103,23,32,122,10
7,103,31,32,120,14
7,103,39,32,118,20
7,103,47,32,116,26
7,103,55,33,114,33
7,103,63,34,113,40
7,103,71,36,111,47
7,103,79,36,110,54
7,103,87,35,108,61
7,103,95,36,107,69
7,103,103,37,105,78
7,103,111,37,103,86
7,103,119,35,101,95
7,103,127,38,100,106
7,103,135,39,98,119
7,103,143,38,96,134
7,103,151,39,94,151
7,103,159,40,92,168
7,103,167,42,90,186
7,103,175,44,89,203
7,103,183,47,87,217
7,103,191,50,86,229
7,103,199,53,84,236
7,103,207,56,83,242
7,103,215,59,82,245
7,103,223,59,81,249
7,103,231,62,81,251
7,103,239,63,80,252
7,103,247,64,79,253
7,103,255,66,79,253
7,111,0,32,140,3
7,111,7,32,138,5
7,111,15,33,136,7
7,111,23,34,134,10
7,111,31,35,132,15
7,111,39,36,129,21
7,111,47,36,127,26
7,111,55,36,125,32
7,111,63,36,124,39
7,111,71,37,122,45
7,111,79,38,121,52
7,111,87,40,119,59
7,111,95,39,117,67
7,111,103,39,115,74
7,111,111,39,114,83
7,111,119,39,112,92
7,111,127,40,110,101
7,111,135,40,108,113
7,111,143,40,106,127
7,111,151,38,104,142
7,111,159,40,101,160
7,111,167,44,99,178
7,111,175,45,97,195
7,111,183,49,94,211
7,111,191,50,92,223
7,111,199,54,91,233
7,111,207,56,89,240
7,111,215,58,87,246
7,111,223,61,86,249
7,111,231,62,85,251
7,111,239,64,84,253
7,111,247,66,83,253
7,111,255,66,82,253
7,119,0,27,155,2
7,119,7,29,153,4
7,119,15,31,150,6
7,119,23,33,147,10
7,119,31,36,144,14
7,119,39,36,141,20
7,119,47,38,139,26
7,119,55,39,137,32
7,119,63,41,135,38
7,119,71,40,133,44
7,119,79,39,132,50
7,119,87,40,130,57
7,119,95,41,129,64
7,119,103,43,127,72
7,119,111,42,124,80
7,119,119,42,123,88
7,119,127,42,121,97
7,119,135,43,119,107
7,119,143,43,117,120
7,119,151,42,114,135
7,119,159,44,111,150
7,119,167,45,108,169
7,119,175,47,106,187
7,119,183,49,103,203
7,119,191,51,100,218
7,119,199,54,98,229
7,119,207,57,95,238
7,119,215,58,93,244
7,119,223,60,92,249
7,119,231,62,90,252
7,119,239,64,89,253
7,119,247,66,88,254
7,119,255,68,87,254
7,127,0,35,164,4
7,127,7,36,162,5
7,127,15,36,161,7
7,127,23,36,158,9
7,127,31,36,156,13
7,127,39,35,153,18
7,127,47,37,152,24
7,127,55,39,150,31
7,127,63,40,148,37
7,127,71,42,146,43
7,127,79,43,144,49
7,127,87,42,142,55
7,127,95,40,139,61
7,127,103,43,138,69
7,127,111,44,136,76
7,127,119,45,134,85
7,127,127,45,132,93
7,127,135,44,130,103
7,127,143,44,127,114
7,127,151,45,125,127
7,127,159,45,122,143
7,127,167,46,119,159
7,127,175,48,116,177
7,127,183,49,113,195
7,127,191,49,109,211
7,127,199,50,106,225
7,127,207,55,103,235
7,127,215,59,101,243
7,127,223,61,98,247
7,127,231,63,96,252
7,127,239,65,94,253
7,127,247,67,93,254
7,127,255,69,91,255
7,135,0,36,177,5
7,135,7,36,176,6
7,135,15,37,174,8
7,135,23,39,171,11
7,135,31,39,169,14
7,135,39,39,166,18
7,135,47,40,164,23
7,135,55,40,162,29
7,135,63,40,161,34
7,135,71,41,159,41
7,135,79,42,157,47
7,135,87,44,155,53
7,135,95,45,152,59
7,135,103,46,150,66
7,135,111,44,148,73
7,135,119,45,146,81
7,135,127,46,144,89
7,135,135,47,141,98
7,135,143,46,139,109
7,135,151,45,136,121
7,135,159,47,133,134
7,135,167,48,130,150
7,135,175,48,127,167
7,135,183,49,123,185
7,135,191,52,120,202
7,135,199,54,116,217
7,135,207,58,112,229
7,135,215,59,109,239
7,135,223,62,106,246
7,135,231,63,103,250
7,135,239,65,101,254
7,135,247,67,99,255
7,135,255,69,97,255
7,143,0,36,191,4
7,143,7,37,190,6
7,143,15,37,188,7
7,143,23,38,186,10
7,143,31,39,183,14
7,143,39,39,181,18
7,143,47,40,179,23
7,143,55,41,176,28
7,143,63,42,174,33
7,143,71,43,172,39
7,143,79,41,170,45
7,143,87,42,168,50
7,143,95,44,166,57
7,143,103,46,163,63
7,143,111,47,161,70
7,143,119,47,158,78
7,143,127,46,156,85
7,143,135,47,153,94
7,143,143,49,151,103
7,143,151,48,148,115
7,143,159,47,145,128
7,143,167,48,142,141
7,143,175,48,139,157
7,143,183,50,135,175
7,143,191,51,131,192
7,143,199,55,127,208
7,143,207,57,123,223
7,143,215,59,119,235
7,143,223,62,115,244
7,143,231,63,112,250
7,143,239,65,108,252
7,143,247,67,105,255
7,143,255,69,103,255
7,151,0,39,203,5
7,151,7,39,202,6
7,151,15,39,201,8
7,151,23,39,199,10
7,151,31,40,197,14
7,151,39,40,195,18
7,151,47,40,193,22
7,151,55,41,191,27
7,151,63,42,188,32
7,151,71,43,186,38
7,151,79,44,184,43
7,151,87,44,181,49
7,151,95,45,179,55
7,151,103,46,177,61
7,151,111,46,175,67
7,151,119,47,172,74
7,151,127,49,169,82
7,151,135,49,167,90
7,151,143,48,164,99
7,151,151,49,162,109
7,151,159,50,159,120
7,151,167,50,155,134
7,151,175,49,153,148
7,151,183,49,149,165
7,151,191,53,145,181
7,151,199,54,140,198
7,151,207,56,136,214
7,151,215,59,131,228
7,151,223,61,126,239
7,151,231,63,122,247
7,151,239,65,118,253
7,151,247,67,114,254
7,151,255,69,110,255
7,159,0,40,215,7
7,159,7,41,214,8
7,159,15,42,213,10
7,159,23,42,211,12
7,159,31,43,209,15
7,159,39,43,208,19
7,159,47,43,205,23
7,159,55,43,204,27
7,159,63,43,202,32
7,159,71,43,199,36
7,159,79,44,197,42
7,159,87,45,195,47
7,159,95,47,192,53
7,159,103,47,190,59
7,159,111,48,188,65
7,159,119,47,186,72
7,159,127,48,183,79
7,159,135,49,180,86
7,159,143,50,178,95
7,159,151,50,175,104
7,159,159,50,173,114
7,159,167,51,169,126
7,159,175,52,166,140
7,159,183,51,163,155
7,159,191,51,159,171
7,159,199,54,154,187
7,159,207,57,150,204
7,159,215,58,145,218
7,159,223,60,139,231
7,159,231,64,134,242
7,159,239,65,128,249
7,159,247,68,123,255
7,159,255,70,119,255
7,167,0,40,224,8
7,167,7,41,223,9
7,167,15,42,222,10
7,167,23,42,221,13
7,167,31,43,219,16
7,167,39,43,218,19
7,167,47,44,216,23
7,167,55,45,214,28
7,167,63,46,213,32
7,167,71,46,211,36
7,167,79,45,209,41
7,167,87,45,207,46
7,167,95,45,205,52
7,167,103,47,203,57
7,167,111,48,200,63
7,167,119,49,198,69
7,167,127,49,197,76
7,167,135,49,195,83
7,167,143,49,192,91
7,167,151,51,189,99
7,167,159,51,187,109
7,167,167,50,185,119
7,167,175,52,182,132
7,167,183,53,178,146
7,167,191,54,174,161
7,167,199,54,170,177
7,167,207,55,165,193
7,167,215,58,159,208
7,167,223,60,153,223
7,167,231,62,147,235
7,167,239,66,141,245
7,167,247,68,135,251
7,167,255,70,129,255
7,175,0,42,230,9
7,175,7,42,230,10
7,175,15,42,229,12
7,175,23,43,228,14
7,175,31,44,228,17
7,175,39,44,226,21
7,175,47,45,225,24
7,175,55,45,223,28
7,175,63,46,222,32
7,175,71,46,220,36
7,175,79,47,219,41
7,175,87,48,218,46
7,175,95,47,216,51
7,175,103,47,214,56
7,175,111,48,212,62
7,175,119,49,210,67
7,175,127,50,208,73
7,175,135,51,207,80
7,175,143,50,206,87
7,175,151,50,203,95
7,175,159,52,201,103
7,175,167,53,199,113
7,175,175,54,196,124
7,175,183,53,194,137
7,175,191,54,190,151
7,175,199,56,186,166
7,175,207,57,181,182
7,175,215,57,176,198
7,175,223,59,169,213
7,175,231,63,162,228
7,175,239,65,155,241
7,175,247,68,148,250
7,175,255,72,141,253
7,183,0,44,236,12
7,183,7,45,235,13
7,183,15,45,235,14
7,183,23,45,235,16
7,183,31,45,234,18
7,183,39,45,234,21
7,183,47,46,233,25
7,183,55,46,232,28
7,183,63,46,230,32
7,183,71,46,229,36
7,183,79,47,227,40
7,183,87,48,226,45
7,183,95,48,225,50
7,183,103,50,224,55
7,183,111,50,223,61
7,183,119,49,221,66
7,183,127,50,220,71
7,183,135,51,218,77
7,183,143,52,216,84
7,183,151,51,216,91
7,183,159,52,214,99
7,183,167,53,212,107
7,183,175,54,210,117
7,183,183,55,208,128
7,183,191,55,205,141
7,183,199,55,202,156
7,183,207,57,197,171
7,183,215,58,192,188
7,183,223,59,186,204
7,183,231,62,178,219
7,183,239,65,171,233
7,183,247,69,163,246
7,183,255,71,155,253
7,191,0,47,239,14
7,191,7,47,239,15
7,191,15,47,239,17
7,191,23,48,239,18
7,191,31,48,239,20
7,191,39,47,239,23
7,191,47,47,238,26
7,191,55,47,238,29
7,191,63,47,237,32
7,191,71,47,236,36
7,191,79,47,235,40
7,191,87,48,234,44
7,191,95,48,232,48
7,191,103,49,231,53
7,191,111,50,230,58
7,191,119,51,229,64
7,191,127,51,229,69
7,191,135,52,228,75
7,191,143,52,226,80
7,191,151,53,225,87
7,191,159,54,224,94
7,191,167,53,224,102
7,191,175,54,222,110
7,191,183,55,220,120
7,191,191,56,218,132
7,191,199,57,215,145
7,191,207,58,212,161
7,191,215,58,208,177
7,191,223,60,202,193
7,191,231,63,195,210
7,191,239,64,187,226
7,191,247,67,179,240
7,191,255,71,171,250
7,199,0,47,241,15
7,199,7,47,241,16
7,199,15,48,241,17
7,199,23,48,242,19
7,199,31,49,242,22
7,199,39,49,242,24
7,199,47,49,242,27
7,199,55,49,242,30
7,199,63,50,241,33
7,199,71,49,241,36
7,199,79,49,240,40
7,199,87,49,239,43
7,199,95,49,238,47
7,199,103,49,237,52
7,199,111,50,236,57
7,199,119,51,235,62
7,199,127,52,235,67
7,199,135,53,234,72
7,199,143,51,234,77
7,199,151,53,234,83
7,199,159,54,233,89
7,199,167,55,232,96
7,199,175,56,231,104
7,199,183,54,231,114
7,199,191,56,230,124
7,199,199,57,227,136
7,199,207,59,225,149
7,199,215,60,221,166
7,199,223,60,217,183
7,199,231,62,211,200
7,199,239,65,204,217
7,199,247,68,196,234
7,199,255,70,187,246
7,207,0,48,243,15
7,207,7,48,243,16
7,207,15,48,244,18
7,207,23,49,244,19
7,207,31,49,244,22
7,207,39,50,245,24
7,207,47,50,245,27
7,207,55,51,245,30
7,207,63,51,245,33
7,207,71,51,244,37
7,207,79,51,244,40
7,207,87,51,243,44
7,207,95,51,243,47
7,207,103,51,242,51
7,207,111,51,242,55
7,207,119,51,241,60
7,207,127,52,240,64
7,207,135,53,240,69
7,207,143,54,239,74
7,207,151,55,239,80
7,207,159,55,239,86
7,207,167,55,239,92
7,207,175,55,238,99
7,207,183,57,238,107
7,207,191,58,237,117
7,207,199,58,237,128
7,207,207,58,235,141
7,207,215,60,233,155
7,207,223,61,230,172
7,207,231,63,225,190
7,207,239,64,219,208
7,207,247,67,212,226
7,207,255,70,204,243
7,215,0,49,246,17
7,215,7,49,246,17
7,215,15,49,246,18
7,215,23,49,246,20
7,215,31,50,246,22
7,215,39,50,247,24
7,215,47,51,247,27
7,215,55,51,247,30
7,215,63,51,247,33
7,215,71,52,247,36
7,215,79,52,247,40
7,215,87,53,247,43
7,215,95,53,246,47
7,215,103,53,246,50
7,215,111,53,246,54
7,215,119,53,245,58
7,215,127,53,245,63
7,215,135,53,244,67
7,215,143,54,244,72
7,215,151,55,244,76
7,215,159,56,244,82
7,215,167,57,244,88
7,215,175,57,245,94
7,215,183,56,244,102
7,215,191,57,244,110
7,215,199,59,244,120
7,215,207,60,244,132
7,215,215,60,242,146
7,215,223,61,240,162
7,215,231,63,237,179
7,215,239,65,232,198
7,215,247,67,227,217
7,215,255,69,220,235
7,223,0,50,248,17
7,223,7,50,248,18
7,223,15,51,249,19
7,223,23,51,249,21
7,223,31,51,249,22
7,223,39,51,249,24
7,223,47,52,249,27
7,223,55,52,249,30
7,223,63,52,249,33
7,223,71,52,249,36
7,223,79,53,250,39
7,223,87,53,249,42
7,223,95,53,249,45
7,223,103,54,249,49
7,223,111,54,249,53
7,223,119,55,249,57
7,223,127,55,249,61
7,223,135,55,249,65
7,223,143,55,248,69
7,223,151,55,248,74
7,223,159,55,248,78
7,223,167,56,248,84
7,223,175,57,249,90
7,223,183,58,249,97
7,223,191,58,249,105
7,223,199,58,249,115
7,223,207,59,249,125
7,223,215,61,248,138
7,223,223,62,248,153
7,223,231,63,246,169
7,223,239,65,243,188
7,223,247,67,238,208
7,223,255,69,234,228
7,231,0,51,250,17
7,231,7,51,250,18
7,231,15,51,251,19
7,231,23,52,251,21
7,231,31,53,251,23
7,231,39,53,251,25
7,231,47,53,251,27
7,231,55,53,251,29
7,231,63,53,252,32
7,231,71,53,252,35
7,231,79,54,252,38
7,231,87,54,252,41
7,231,95,54,251,44
7,231,103,54,251,48
7,231,111,54,251,51
7,231,119,55,251,55
7,231,127,56,251,59
7,231,135,56,251,63
7,231,143,57,251,67
7,231,151,57,251,72
7,231,159,56,251,76
7,231,167,56,251,81
7,231,175,57,251,86
7,231,183,58,252,92
7,231,191,58,252,100
7,231,199,59,252,110
7,231,207,59,252,119
7,231,215,60,252,131
7,231,223,62,252,145
7,231,231,63,251,161
7,231,239,65,250,179
7,231,247,66,247,198
7,231,255,69,244,219
7,239,0,51,252,17
7,239,7,51,252,18
7,239,15,51,252,19
7,239,23,52,253,20
7,239,31,52,253,22
7,239,39,53,253,25
7,239,47,53,253,27
7,239,55,54,253,29
7,239,63,54,253,32
7,239,71,54,253,34
7,239,79,54,253,37
7,239,87,55,253,40
7,239,95,55,253,44
7,239,103,55,253,47
7,239,111,55,253,50
7,239,119,55,253,53
7,239,127,55,253,57
7,239,135,56,253,61
7,239,143,57,253,65
7,239,151,57,253,69
7,239,159,58,253,74
7,239,167,58,253,78
7,239,175,58,253,83
7,239,183,58,253,89
7,239,191,58,253,96
7,239,199,59,254,104
7,239,207,60,254,114
7,239,215,60,254,126
7,239,223,61,254,139
7,239,231,62,253,153
7,239,239,64,253,171
7,239,247,67,252,190
7,239,255,68,251,209
7,247,0,52,254,18
7,247,7,52,254,18
7,247,15,52,254,19
7,247,23,52,254,20
7,247,31,52,254,22
7,247,39,53,254,24
7,247,47,53,254,26
7,247,55,54,254,29
7,247,63,54,254,31
7,247,71,54,254,34
7,247,79,55,254,37
7,247,87,55,254,39
7,247,95,55,254,43
7,247,103,55,254,46
7,247,111,56,254,49
7,247,119,56,254,52
7,247,127,56,253,55
7,247,135,56,253,59
7,247,143,56,253,63
7,247,151,57,253,67
7,247,159,58,253,72
7,247,167,58,253,76
7,247,175,59,253,81
7,247,183,58,253,86
7,247,191,58,253,92
7,247,199,59,253,100
7,247,207,60,254,109
7,247,215,60,254,121
7,247,223,61,254,133
7,247,231,62,254,147
7,247,239,64,254,163
7,247,247,66,254,181
7,247,255,68,253,200
7,255,0,53,255,18
7,255,7,53,255,19
7,255,15,53,255,20
7,255,23,53,255,21
7,255,31,53,255,22
7,255,39,53,255,23
7,255,47,54,255,25
7,255,55,54,255,28
7,255,63,54,255,31
7,255,71,55,255,33
7,255,79,55,255,36
7,255,87,55,255,39
7,255,95,55,255,42
7,255,103,56,255,45
7,255,111,56,254,48
7,255,119,56,254,51
7,255,127,57,254,54
7,255,135,57,254,58
7,255,143,57,254,61
7,255,151,58,253,66
7,255,159,58,253,70
7,255,167,59,253,75
7,255,175,60,253,80
7,255,183,60,253,86
7,255,191,60,253,92
7,255,199,60,253,99
7,255,207,61,253,107
7,255,215,61,253,118
7,255,223,62,254,130
7,255,231,63,254,143
7,255,239,65,254,158
7,255,247,66,254,174
7,255,255,68,254,189
15,0,0,12,3,5
15,0,7,12,3,10
15,0,15,12,3,17
15,0,23,11,3,25
15,0,31,10,2,34
15,0,39,9,2,43
15,0,47,9,3,53
15,0,55,8,3,63
15,0,63,8,4,74
15,0,71,8,4,85
15,0,79,7,5,97
15,0,87,7,5,111
15,0,95,6,6,126
15,0,103,5,6,142
15,0,111,7,7,159
15,0,119,6,8,176
15,0,127,8,10,191
15,0,135,10,12,204
15,0,143,13,14,217
15,0,151,16,17,224
15,0,159,20,20,229
15,0,167,24,21,232
15,0,175,27,24,235
15,0,183,30,26,236
15,0,191,34,29,239
15,0,199,35,29,241
15,0,207,35,30,243
15,0,215,37,32,246
15,0,223,39,34,248
15,0,231,41,37,251
15,0,239,42,38,253
15,0,247,42,39,255
15,0,255,44,40,255
15,7,0,13,8,3
15,7,7,12,7,9
15,7,15,12,6,16
15,7,23,12,6,24
15,7,31,11,6,32
15,7,39,10,6,41
15,7,47,10,7,51
15,7,55,10,7,61
15,7,63,9,7,71
15,7,71,9,7,83
15,7,79,8,8,94
15,7,87,8,9,106
15,7,95,8,9,121
15,7,103,7,10,135
15,7,111,8,11,153
15,7,119,8,12,171
15,7,127,10,14,186
15,7,135,13,16,200
15,7,143,15,18,213
15,7,151,19,21,222
15,7,159,23,25,227
15,7,167,27,27,231
15,7,175,29,29,234
15,7,183,32,31,236
15,7,191,35,33,238
15,7,199,38,35,241
15,7,207,38,35,243
15,7,215,39,36,246
15,7,223,41,38,248
15,7,231,42,40,250
15,7,239,44,41,252
15,7,247,44,42,254
15,7,255,45,43,255
15,15,0,13,15,4
15,15,7,13,14,8
15,15,15,13,13,15
15,15,23,13,12,22
15,15,31,12,12,30
15,15,39,12,12,39
15,15,47,11,12,49
15,15,55,11,12,58
15,15,63,11,12,68
15,15,71,10,12,79
15,15,79,10,13,90
15,15,87,10,13,102
15,15,95,10,14,116
15,15,103,10,14,131
15,15,111,10,15,146
15,15,119,11,17,165
15,15,127,12,18,182
15,15,135,15,20,196
15,15,143,18,23,208
15,15,151,21,26,220
15,15,159,25,29,226
15,15,167,29,32,230
15,15,175,33,34,233
15,15,183,35,36,236
15,15,191,37,37,238
15,15,199,40,40,241
15,15,207,41,41,243
15,15,215,41,41,246
15,15,223,42,41,248
15,15,231,44,43,250
15,15,239,46,45,252
15,15,247,46,46,254
15,15,255,47,46,255
15,23,0,14,23,3
15,23,7,14,22,7
15,23,15,14,21,13
15,23,23,14,20,20
15,23,31,13,19,28
15,23,39,13,19,37
15,23,47,13,18,46
15,23,55,12,18,55
15,23,63,12,18,65
15,23,71,12,18,75
15,23,79,12,19,86
15,23,87,12,19,98
15,23,95,11,19,110
15,23,103,12,20,125
15,23,111,12,20,141
15,23,119,13,22,157
15,23,127,15,24,174
15,23,135,17,26,191
15,23,143,20,28,204
15,23,151,23,31,216
15,23,159,27,34,223
15,23,167,31,37,228
15,23,175,36,40,232
15,23,183,39,42,235
15,23,191,39,43,238
15,23,199,41,44,240
15,23,207,43,46,243
15,23,215,45,47,245
15,23,223,45,47,247
15,23,231,46,47,250
15,23,239,47,48,252
15,23,247,49,50,253
15,23,255,50,51,254
15,31,0,15,32,3
15,31,7,15,31,6
15,31,15,16,30,11
15,31,23,15,28,19
15,31,31,15,27,26
15,31,39,15,27,35
15,31,47,14,26,43
15,31,55,14,26,52
15,31,63,14,25,62
15,31,71,14,25,72
15,31,79,14,25,82
15,31,87,14,25,93
15,31,95,14,25,105
15,31,103,13,26,118
15,31,111,15,26,134
15,31,119,15,28,150
15,31,127,17,29,167
15,31,135,19,31,185
15,31,143,23,34,200
15,31,151,26,36,210
15,31,159,31,39,220
15,31,167,35,42,226
15,31,175,37,44,231
15,31,183,41,46,235
15,31,191,43,48,238
15,31,199,44,49,240
15,31,207,45,50,242
15,31,215,46,51,245
15,31,223,48,53,247
15,31,231,49,53,249
15,31,239,50,53,251
15,31,247,51,53,253
15,31,255,52,55,254
15,39,0,18,43,3
15,39,7,18,41,5
15,39,15,17,39,10
15,39,23,17,38,17
15,39,31,17,36,24
15,39,39,17,35,32
15,39,47,16,34,40
15,39,55,16,34,49
15,39,63,16,33,58
15,39,71,17,33,68
15,39,79,16,33,78
15,39,87,16,33,88
15,39,95,16,33,99
15,39,103,17,33,112
15,39,111,17,33,126
15,39,119,18,34,143
15,39,127,20,35,160
15,39,135,22,37,176
15,39,143,25,39,193
15,39,151,29,42,206
15,39,159,32,44,216
15,39,167,36,47,225
15,39,175,39,49,230
15,39,183,42,51,234
15,39,191,44,52,238
15,39,199,45,54,240
15,39,207,48,56,243
15,39,215,49,56,245
15,39,223,49,56,247
15,39,231,51,57,249
15,39,239,53,58,251
15,39,247,53,57,253
15,39,255,54,58,254
15,47,0,19,54,2
15,47,7,19,52,5
15,47,15,19,50,9
15,47,23,19,48,15
15,47,31,19,47,22
15,47,39,18,45,30
15,47,47,18,44,38
15,47,55,19,43,47
15,47,63,18,42,55
15,47,71,18,42,64
15,47,79,18,41,74
15,47,87,18,41,84
15,47,95,19,40,95
15,47,103,19,40,106
15,47,111,20,40,120
15,47,119,20,40,135
15,47,127,22,42,153
15,47,135,23,43,170
15,47,143,26,44,187
15,47,151,27,46,203
15,47,159,32,48,215
15,47,167,37,51,223
15,47,175,41,53,230
15,47,183,43,54,234
15,47,191,45,56,238
15,47,199,47,57,240
15,47,207,48,58,243
15,47,215,51,59,245
15,47,223,53,60,247
15,47,231,53,60,250
15,47,239,54,60,251
15,47,247,56,61,253
15,47,255,57,61,254
15,55,0,22,65,2
15,55,7,22,63,4
15,55,15,21,61,8
15,55,23,20,59,14
15,55,31,20,57,20
15,55,39,21,55,28
15,55,47,22,54,36
15,55,55,20,53,43
15,55,63,20,51,52
15,55,71,21,51,61
15,55,79,21,50,70
15,55,87,22,50,80
15,55,95,21,49,90
15,55,103,22,48,102
15,55,111,21,48,114
15,55,119,22,48,129
15,55,127,24,48,145
15,55,135,24,49,164
15,55,143,26,50,183
15,55,151,29,51,198
15,55,159,33,53,212
15,55,167,38,55,222
15,55,175,42,56,229
15,55,183,46,58,234
15,55,191,47,59,238
15,55,199,49,61,241
15,55,207,52,61,243
15,55,215,52,62,245
15,55,223,54,62,248
15,55,231,56,62,250
15,55,239,57,63,252
15,55,247,57,63,253
15,55,255,58,63,254
15,63,0,23,76,2
15,63,7,23,74,4
15,63,15,23,71,8
15,63,23,24,69,13
15,63,31,24,67,19
15,63,39,23,65,26
15,63,47,22,64,33
15,63,55,23,62,41
15,63,63,24,61,50
15,63,71,23,60,58
15,63,79,24,59,67
15,63,87,23,58,76
15,63,95,23,57,86
15,63,103,24,57,97
15,63,111,25,56,109
15,63,119,25,56,122
15,63,127,26,56,139
15,63,135,28,56,155
15,63,143,29,56,173
15,63,151,32,57,192
15,63,159,35,58,206
15,63,167,38,59,218
15,63,175,43,61,227
15,63,183,46,62,234
15,63,191,49,63,238
15,63,199,51,64,241
15,63,207,53,64,244
15,63,215,54,65,246
15,63,223,56,65,248
15,63,231,57,65,250
15,63,239,57,65,252
15,63,247,59,65,254
15,63,255,60,65,255
15,71,0,25,87,2
15,71,7,25,85,4
15,71,15,24,82,7
15,71,23,24,80,12
15,71,31,25,77,18
15,71,39,25,76,24
15,71,47,27,74,32
15,71,55,26,73,39
15,71,63,25,71,47
15,71,71,27,70,55
15,71,79,28,69,64
15,71,87,25,67,72
15,71,95,27,67,82
15,71,103,28,66,92
15,71,111,29,65,103
15,71,119,29,64,116
15,71,127,29,64,130
15,71,135,29,63,148
15,71,143,30,63,166
15,71,151,30,63,185
15,71,159,31,63,204
15,71,167,38,64,214
15,71,175,42,65,225
15,71,183,46,66,232
15,71,191,47,67,237
15,71,199,50,67,241
15,71,207,53,68,244
15,71,215,56,68,246
15,71,223,56,68,248
15,71,231,58,68,250
15,71,239,60,67,252
15,71,247,60,67,253
15,71,255,61,67,254
15,79,0,28,97,3
15,79,7,29,95,5
15,79,15,29,92,7
15,79,23,28,90,12
15,79,31,27,88,17
15,79,39,27,86,23
15,79,47,27,84,30
15,79,55,29,83,37
15,79,63,30,81,46
15,79,71,30,80,53
15,79,79,30,79,61
15,79,87,31,78,70
15,79,95,31,76,78
15,79,103,31,75,88
15,79,111,33,74,99
15,79,119,31,73,110
15,79,127,32,72,124
15,79,135,32,71,139
15,79,143,33,70,157
15,79,151,35,70,176
15,79,159,36,70,193
15,79,167,41,70,210
15,79,175,43,70,221
15,79,183,47,70,230
15,79,191,50,71,236
15,79,199,52,71,240
15,79,207,56,72,243
15,79,215,57,71,245
15,79,223,58,71,248
15,79,231,60,71,250
15,79,239,60,70,252
15,79,247,62,70,253
15,79,255,63,69,254
15,87,0,29,107,2
15,87,7,29,105,5
15,87,15,30,103,7
15,87,23,30,101,11
15,87,31,31,98,17
15,87,39,32,96,23
15,87,47,32,94,30
15,87,55,31,93,36
15,87,63,31,91,43
15,87,71,32,90,51
15,87,79,34,89,59
15,87,87,32,87,67
15,87,95,33,86,75
15,87,103,36,85,84
15,87,111,35,84,94
15,87,119,35,82,105
15,87,127,35,81,117
15,87,135,34,80,132
15,87,143,36,79,148
15,87,151,36,77,167
15,87,159,39,77,185
15,87,167,41,76,201
15,87,175,45,76,216
15,87,183,48,75,225
15,87,191,51,75,234
15,87,199,54,75,239
15,87,207,56,75,243
15,87,215,58,75,246
15,87,223,60,74,248
15,87,231,61,74,250
15,87,239,62,74,252
15,87,247,63,73,253
15,87,255,64,72,254
15,95,0,30,118,2
15,95,7,30,116,4
15,95,15,30,114,7
15,95,23,31,112,11
15,95,31,32,109,16
15,95,39,33,107,22
15,95,47,34,105,29
15,95,55,36,104,36
15,95,63,36,102,42
15,95,71,35,100,49
15,95,79,35,99,56
15,95,87,37,98,65
15,95,95,37,96,73
15,95,103,36,95,81
15,95,111,38,94,90
15,95,119,38,92,100
15,95,127,37,90,112
15,95,135,39,89,125
15,95,143,39,87,141
15,95,151,40,86,158
15,95,159,41,84,176
15,95,167,43,83,194
15,95,175,45,82,209
15,95,183,48,81,223
15,95,191,51,80,231
15,95,199,54,80,239
15,95,207,57,79,243
15,95,215,58,78,246
15,95,223,60,78,248
15,95,231,61,77,250
15,95,239,62,77,252
15,95,247,64,76,253
15,95,255,65,76,254
15,103,0,35,128,4
15,103,7,35,126,5
15,103,15,36,124,8
15,103,23,36,122,11
15,103,31,35,119,15
15,103,39,35,117,21
15,103,47,35,116,28
15,103,55,36,114,34
15,103,63,38,113,41
15,103,71,39,112,48
15,103,79,39,110,55
15,103,87,38,108,62
15,103,95,39,107,70
15,103,103,40,105,79
15,103,111,40,104,87
15,103,119,38,101,96
15,103,127,40,100,106
15,103,135,42,98,119
15,103,143,41,96,134
15,103,151,41,94,151
15,103,159,42,92,168
15,103,167,44,91,186
15,103,175,47,89,203
15,103,183,49,87,217
15,103,191,53,86,228
15,103,199,55,85,236
15,103,207,58,84,242
15,103,215,60,83,245
15,103,223,61,82,249
15,103,231,63,81,251
15,103,239,64,80,252
15,103,247,65,80,253
15,103,255,67,79,253
15,111,0,35,139,4
15,111,7,35,137,5
15,111,15,36,135,8
15,111,23,38,133,11
15,111,31,38,131,16
15,111,39,39,129,22
15,111,47,40,127,28
15,111,55,39,125,34
15,111,63,39,124,40
15,111,71,40,122,46
15,111,79,41,121,53
15,111,87,43,119,61
15,111,95,43,117,68
15,111,103,41,115,75
15,111,111,42,114,84
15,111,119,42,112,92
15,111,127,42,110,102
15,111,135,43,108,113
15,111,143,42,106,127
15,111,151,40,104,142
15,111,159,42,101,160
15,111,167,46,99,178
15,111,175,47,97,195
15,111,183,51,95,211
15,111,191,52,93,224
15,111,199,55,91,234
15,111,207,58,89,241
15,111,215,60,87,246
15,111,223,62,86,249
15,111,231,63,85,251
15,111,239,65,84,253
15,111,247,67,83,253
15,111,255,67,83,253
15,119,0,31,153,2
15,119,7,32,151,5
15,119,15,34,149,7
15,119,23,36,146,11
15,119,31,38,143,16
15,119,39,39,141,21
15,119,47,41,139,27
15,119,55,42,137,33
15,119,63,44,135,40
15,119,71,43,133,45
15,119,79,42,131,51
15,119,87,42,130,58
15,119,95,44,129,65
15,119,103,46,127,73
15,119,111,44,124,80
15,119,119,44,123,89
15,119,127,44,121,98
15,119,135,46,119,108
15,119,143,45,117,121
15,119,151,44,114,135
15,119,159,46,111,151
15,119,167,47,108,169
15,119,175,49,106,187
15,119,183,51,103,203
15,119,191,53,100,218
15,119,199,56,98,229
15,119,207,59,96,238
15,119,215,60,93,244
15,119,223,62,92,249
15,119,231,63,90,252
15,119,239,65,89,253
15,119,247,67,88,254
15,119,255,69,87,254
15,127,0,38,163,5
15,127,7,39,161,6
15,127,15,39,159,8
15,127,23,39,157,10
15,127,31,38,155,14
15,127,39,38,153,19
15,127,47,40,151,25
15,127,55,42,149,32
15,127,63,43,147,38
15,127,71,44,146,44
15,127,79,46,144,50
15,127,87,45,142,56
15,127,95,42,139,62
15,127,103,45,138,70
15,127,111,46,136,77
15,127,119,48,134,85
15,127,127,47,132,94
15,127,135,46,130,104
15,127,143,47,127,115
15,127,151,48,125,128
15,127,159,47,122,143
15,127,167,49,119,159
15,127,175,50,116,177
15,127,183,51,113,195
15,127,191,51,109,211
15,127,199,52,106,225
15,127,207,57,103,235
15,127,215,60,101,243
15,127,223,62,98,247
15,127,231,64,96,252
15,127,239,66,94,253
15,127,247,68,93,254
15,127,255,70,92,255
15,135,0,39,176,5
15,135,7,39,174,7
15,135,15,40,172,9
15,135,23,42,169,12
15,135,31,42,168,15
15,135,39,43,165,20
15,135,47,44,163,25
15,135,55,42,162,30
15,135,63,42,160,35
15,135,71,43,158,42
15,135,79,45,156,48
15,135,87,46,154,54
15,135,95,48,152,61
15,135,103,49,150,67
15,135,111,46,148,74
15,135,119,47,146,82
15,135,127,48,144,90
15,135,135,49,141,99
15,135,143,48,139,110
15,135,151,47,136,121
15,135,159,49,133,134
15,135,167,50,130,151
15,135,175,50,127,167
15,135,183,51,123,185
15,135,191,54,120,203
15,135,199,56,116,217
15,135,207,59,112,230
15,135,215,60,109,239
15,135,223,63,106,246
15,135,231,64,103,250
15,135,239,66,101,254
15,135,247,68,99,255
15,135,255,70,97,255
15,143,0,39,190,5
15,143,7,39,189,6
15,143,15,40,187,8
15,143,23,40,185,11
15,143,31,41,182,15
15,143,39,42,180,19
15,143,47,43,178,24
15,143,55,44,175,30
15,143,63,45,173,35
15,143,71,46,171,41
15,143,79,43,170,46
15,143,87,44,168,51
15,143,95,47,166,58
15,143,103,48,163,64
15,143,111,49,161,71
15,143,119,50,158,79
15,143,127,48,156,86
15,143,135,49,153,95
15,143,143,51,151,104
15,143,151,50,148,116
15,143,159,49,145,128
15,143,167,50,142,141
15,143,175,51,139,158
15,143,183,52,136,175
15,143,191,53,131,192
15,143,199,57,127,209
15,143,207,59,123,223
15,143,215,61,119,235
15,143,223,63,115,244
15,143,231,65,112,250
15,143,239,67,109,252
15,143,247,68,105,255
15,143,255,70,103,255
15,151,0,41,202,5
15,151,7,41,201,7
15,151,15,41,200,8
15,151,23,41,199,11
15,151,31,42,197,15
15,151,39,42,194,19
15,151,47,43,192,23
15,151,55,43,190,28
15,151,63,44,188,33
15,151,71,46,185,39
15,151,79,47,183,44
15,151,87,47,181,50
15,151,95,47,179,56
15,151,103,47,177,62
15,151,111,48,174,68
15,151,119,50,172,75
15,151,127,51,169,83
15,151,135,51,167,91
15,151,143,49,164,100
15,151,151,51,162,109
15,151,159,52,158,121
15,151,167,52,155,134
15,151,175,51,153,149
15,151,183,51,149,165
15,151,191,55,144,182
15,151,199,55,140,199
15,151,207,58,136,214
15,151,215,61,131,228
15,151,223,62,126,239
15,151,231,64,122,247
15,151,239,66,118,253
15,151,247,68,114,254
15,151,255,70,110,255
15,159,0,43,214,8
15,159,7,43,213,9
15,159,15,44,212,11
15,159,23,45,210,13
15,159,31,45,209,16
15,159,39,45,207,20
15,159,47,45,205,24
15,159,55,45,203,28
15,159,63,45,201,33
15,159,71,45,199,38
15,159,79,46,197,43
15,159,87,47,194,48
15,159,95,49,192,54
15,159,103,50,189,60
15,159,111,50,187,66
15,159,119,49,186,72
15,159,127,50,183,79
15,159,135,51,180,87
15,159,143,53,178,96
15,159,151,52,175,105
15,159,159,52,173,115
15,159,167,53,169,127
15,159,175,54,166,141
15,159,183,53,163,156
15,159,191,53,159,172
15,159,199,56,154,187
15,159,207,58,150,204
15,159,215,59,145,219
15,159,223,62,139,231
15,159,231,65,134,242
15,159,239,66,128,249
15,159,247,69,123,255
15,159,255,70,119,255
15,167,0,42,223,8
15,167,7,43,222,10
15,167,15,44,221,11
15,167,23,45,220,14
15,167,31,46,219,17
15,167,39,46,217,20
15,167,47,47,215,24
15,167,55,48,214,29
15,167,63,48,212,33
15,167,71,47,211,37
15,167,79,47,209,42
15,167,87,47,207,47
15,167,95,48,205,53
15,167,103,49,202,58
15,167,111,50,200,64
15,167,119,51,198,70
15,167,127,51,197,77
15,167,135,50,194,84
15,167,143,51,192,91
15,167,151,53,189,100
15,167,159,53,187,109
15,167,167,52,185,120
15,167,175,54,181,132
15,167,183,55,178,146
15,167,191,56,174,161
15,167,199,55,170,177
15,167,207,57,165,193
15,167,215,59,159,209
15,167,223,62,153,223
15,167,231,64,147,236
15,167,239,67,140,245
15,167,247,69,134,251
15,167,255,71,129,255
15,175,0,44,230,10
15,175,7,44,229,11
15,175,15,44,229,12
15,175,23,45,228,15
15,175,31,45,227,18
15,175,39,46,226,22
15,175,47,47,225,25
15,175,55,47,223,29
15,175,63,48,221,33
15,175,71,49,220,37
15,175,79,50,219,42
15,175,87,50,217,47
15,175,95,49,216,52
15,175,103,49,214,57
15,175,111,49,212,62
15,175,119,51,210,68
15,175,127,52,208,74
15,175,135,53,207,81
15,175,143,52,205,88
15,175,151,52,203,95
15,175,159,54,201,104
15,175,167,55,199,114
15,175,175,55,196,125
15,175,183,55,194,137
15,175,191,56,190,152
15,175,199,57,186,166
15,175,207,58,181,183
15,175,215,58,175,199
15,175,223,61,169,214
15,175,231,65,162,228
15,175,239,66,155,241
15,175,247,69,147,250
15,175,255,73,141,253
15,183,0,46,235,12
15,183,7,46,235,13
15,183,15,46,235,15
15,183,23,46,234,17
15,183,31,46,234,19
15,183,39,47,233,22
15,183,47,47,233,26
15,183,55,47,231,29
15,183,63,48,230,33
15,183,71,48,229,37
15,183,79,49,227,41
15,183,87,50,226,46
15,183,95,51,225,51
15,183,103,52,224,56
15,183,111,51,222,61
15,183,119,51,221,67
15,183,127,52,219,72
15,183,135,53,218,78
15,183,143,54,216,85
15,183,151,53,216,92
15,183,159,53,214,99
15,183,167,55,212,108
15,183,175,56,210,117
15,183,183,57,208,129
15,183,191,56,205,142
15,183,199,57,202,157
15,183,207,58,197,172
15,183,215,59,192,188
15,183,223,61,186,204
15,183,231,63,178,219
15,183,239,66,170,234
15,183,247,70,162,246
15,183,255,72,155,253
15,191,0,48,239,14
15,191,7,48,239,16
15,191,15,49,239,17
15,191,23,49,239,19
15,191,31,49,239,21
15,191,39,49,238,23
15,191,47,48,238,26
15,191,55,48,237,30
15,191,63,48,237,33
15,191,71,49,236,37
15,191,79,49,235,41
15,191,87,49,233,45
15,191,95,50,232,49
15,191,103,51,231,54
15,191,111,52,230,59
15,191,119,53,229,65
15,191,127,53,229,70
15,191,135,53,228,76
15,191,143,53,226,81
15,191,151,55,225,88
15,191,159,56,224,95
15,191,167,55,224,103
15,191,175,55,222,111
15,191,183,57,220,121
15,191,191,58,218,133
15,191,199,59,215,146
15,191,207,59,212,161
15,191,215,60,208,177
15,191,223,61,202,194
15,191,231,64,195,210
15,191,239,65,187,226
15,191,247,68,179,240
15,191,255,72,171,251
15,199,0,48,241,15
15,199,7,49,241,16
15,199,15,49,242,18
15,199,23,50,242,20
15,199,31,51,242,22
15,199,39,51,242,25
15,199,47,51,242,27
15,199,55,51,242,30
15,199,63,51,241,34
15,199,71,51,241,37
15,199,79,50,240,41
15,199,87,50,239,44
15,199,95,50,238,48
15,199,103,51,237,53
15,199,111,52,236,57
15,199,119,53,236,62
15,199,127,54,235,68
15,199,135,54,234,73
15,199,143,53,234,78
15,199,151,54,234,84
15,199,159,55,233,90
15,199,167,57,232,97
15,199,175,58,231,105
15,199,183,56,231,114
15,199,191,57,230,125
15,199,199,59,227,137
15,199,207,60,225,150
15,199,215,61,221,167
15,199,223,61,217,183
15,199,231,63,211,200
15,199,239,66,204,218
15,199,247,69,196,234
15,199,255,71,187,246
15,207,0,49,243,16
15,207,7,49,244,17
15,207,15,49,244,18
15,207,23,50,244,20
15,207,31,50,244,22
15,207,39,51,245,25
15,207,47,52,245,28
15,207,55,52,245,31
15,207,63,52,245,34
15,207,71,53,245,37
15,207,79,53,244,41
15,207,87,53,244,44
15,207,95,52,243,48
15,207,103,52,242,51
15,207,111,52,242,56
15,207,119,53,241,60
15,207,127,53,240,65
15,207,135,55,240,70
15,207,143,55,239,75
15,207,151,56,239,81
15,207,159,56,239,86
15,207,167,56,239,93
15,207,175,57,239,100
15,207,183,58,238,108
15,207,191,60,238,117
15,207,199,59,237,128
15,207,207,60,235,141
15,207,215,61,233,155
15,207,223,62,230,173
15,207,231,64,225,191
15,207,239,65,219,208
15,207,247,68,212,226
15,207,255,71,204,243
15,215,0,50,246,17
15,215,7,50,246,18
15,215,15,50,246,19
15,215,23,50,246,20
15,215,31,51,246,22
15,215,39,51,247,25
15,215,47,52,247,28
15,215,55,52,247,30
15,215,63,52,247,33
15,215,71,53,247,37
15,215,79,53,247,40
15,215,87,54,247,44
15,215,95,54,246,47
15,215,103,54,246,51
15,215,111,54,246,55
15,215,119,54,245,59
15,215,127,54,245,63
15,215,135,54,245,68
15,215,143,55,244,72
15,215,151,56,244,77
15,215,159,57,244,83
15,215,167,58,245,89
15,215,175,58,245,95
15,215,183,58,245,102
15,215,191,58,244,111
15,215,199,60,244,121
15,215,207,61,244,133
15,215,215,61,242,147
15,215,223,62,240,162
15,215,231,64,237,180
15,215,239,66,232,199
15,215,247,68,227,218
15,215,255,70,220,235
15,223,0,51,248,17
15,223,7,51,248,18
15,223,15,51,249,20
15,223,23,52,249,21
15,223,31,52,249,23
15,223,39,52,249,25
15,223,47,52,249,27
15,223,55,53,250,30
15,223,63,53,250,33
15,223,71,53,250,36
15,223,79,54,250,39
15,223,87,54,250,43
15,223,95,54,249,46
15,223,103,55,249,50
15,223,111,55,249,54
15,223,119,56,249,58
15,223,127,56,249,62
15,223,135,56,249,66
15,223,143,56,248,70
15,223,151,56,248,75
15,223,159,57,248,79
15,223,167,57,248,85
15,223,175,59,249,91
15,223,183,59,249,98
15,223,191,59,249,106
15,223,199,59,249,115
15,223,207,60,249,126
15,223,215,62,248,139
15,223,223,63,248,154
15,223,231,64,246,170
15,223,239,66,243,188
15,223,247,68,238,208
15,223,255,70,234,228
15,231,0,52,250,18
15,231,7,52,250,19
15,231,15,52,251,20
15,231,23,53,251,21
15,231,31,54,251,24
15,231,39,54,251,25
15,231,47,54,251,27
15,231,55,54,252,30
15,231,63,54,252,33
15,231,71,54,252,36
15,231,79,54,252,39
15,231,87,55,252,42
15,231,95,55,251,45
15,231,103,55,251,48
15,231,111,55,251,52
15,231,119,56,251,55
15,231,127,57,251,59
15,231,135,57,251,64
15,231,143,58,251,68
15,231,151,58,251,72
15,231,159,57,251,77
15,231,167,57,251,81
15,231,175,58,251,87
15,231,183,59,252,93
15,231,191,60,252,101
15,231,199,60,252,110
15,231,207,60,252,120
15,231,215,61,252,132
15,231,223,63,252,146
15,231,231,64,251,162
15,231,239,66,250,179
15,231,247,67,247,198
15,231,255,70,244,219
15,239,0,52,252,18
15,239,7,52,252,18
15,239,15,52,252,19
15,239,23,53,253,21
15,239,31,53,253,23
15,239,39,54,253,25
15,239,47,54,253,27
15,239,55,54,253,30
15,239,63,55,253,32
15,239,71,55,253,35
15,239,79,55,253,38
15,239,87,56,253,41
15,239,95,56,253,44
15,239,103,55,253,47
15,239,111,56,253,50
15,239,119,56,253,54
15,239,127,56,253,57
15,239,135,57,253,61
15,239,143,58,253,66
15,239,151,58,253,70
15,239,159,59,253,74
15,239,167,59,253,79
15,239,175,58,253,84
15,239,183,59,253,89
15,239,191,59,254,96
15,239,199,60,254,105
15,239,207,61,254,115
15,239,215,61,254,126
15,239,223,62,254,139
15,239,231,63,253,154
15,239,239,65,253,171
15,239,247,67,252,191
15,239,255,69,250,209
15,247,0,52,254,18
15,247,7,52,254,19
15,247,15,53,254,19
15,247,23,53,254,21
15,247,31,53,254,22
15,247,39,54,254,24
15,247,47,54,254,27
15,247,55,55,254,29
15,247,63,55,254,32
15,247,71,55,254,34
15,247,79,56,254,37
15,247,87,56,254,40
15,247,95,56,254,43
15,247,103,56,254,46
15,247,111,56,254,49
15,247,119,56,254,52
15,247,127,56,254,56
15,247,135,57,253,59
15,247,143,57,253,63
15,247,151,58,253,68
15,247,159,59,253,72
15,247,167,59,253,77
15,247,175,60,253,82
15,247,183,59,253,87
15,247,191,59,253,93
15,247,199,60,253,101
15,247,207,60,254,110
15,247,215,61,254,121
15,247,223,62,254,134
15,247,231,63,254,148
15,247,239,64,254,164
15,247,247,66,254,181
15,247,255,69,254,200
15,255,0,53,255,18
15,255,7,53,255,19
15,255,15,54,255,20
15,255,23,54,255,21
15,255,31,54,255,22
15,255,39,54,255,24
15,255,47,54,255,26
15,255,55,55,255,28
15,255,63,55,255,31
15,255,71,55,255,33
15,255,79,56,255,36
15,255,87,56,255,39
15,255,95,56,255,42
15,255,103,57,255,45
15,255,111,57,255,49
15,255,119,57,254,52
15,255,127,57,254,55
15,255,135,58,254,58
15,255,143,58,254,62
15,255,151,58,253,66
15,255,159,59,253,71
15,255,167,60,253,76
15,255,175,60,253,81
15,255,183,61,253,87
15,255,191,61,253,93
15,255,199,61,253,100
15,255,207,62,253,108
15,255,215,62,253,118
15,255,223,63,254,131
15,255,231,64,254,144
15,255,239,66,254,158
15,255,247,67,254,174
15,255,255,68,254,190
23,0,0,19,3,5
23,0,7,19,2,12
23,0,15,18,2,18
23,0,23,18,2,26
23,0,31,17,2,35
23,0,39,16,2,45
23,0,47,15,3,54
23,0,55,14,3,64
23,0,63,13,3,75
23,0,71,12,4,86
23,0,79,11,4,98
23,0,87,11,5,112
23,0,95,10,5,127
23,0,103,9,6,143
23,0,111,9,7,161
23,0,119,9,8,177
23,0,127,11,10,192
23,0,135,13,12,206
23,0,143,16,14,218
23,0,151,19,17,225
23,0,159,23,20,229
23,0,167,27,21,233
23,0,175,29,24,235
23,0,183,32,26,236
23,0,191,36,28,238
23,0,199,36,29,241
23,0,207,37,30,243
23,0,215,39,32,246
23,0,223,41,34,248
23,0,231,42,37,251
23,0,239,43,38,253
23,0,247,43,39,255
23,0,255,44,40,255
23,7,0,19,7,5
23,7,7,19,7,10
23,7,15,19,6,17
23,7,23,18,6,25
23,7,31,18,6,34
23,7,39,17,6,43
23,7,47,16,6,52
23,7,55,15,7,62
23,7,63,15,7,73
23,7,71,14,7,84
23,7,79,13,8,95
23,7,87,12,8,108
23,7,95,12,9,122
23,7,103,11,10,137
23,7,111,11,10,154
23,7,119,12,12,172
23,7,127,14,14,187
23,7,135,16,16,201
23,7,143,18,18,214
23,7,151,22,21,222
23,7,159,26,25,227
23,7,167,29,27,231
23,7,175,32,28,234
23,7,183,34,30,236
23,7,191,37,33,238
23,7,199,40,35,241
23,7,207,40,35,243
23,7,215,40,36,246
23,7,223,42,37,248
23,7,231,44,40,250
23,7,239,45,41,252
23,7,247,45,42,254
23,7,255,46,43,255
23,15,0,19,14,5
23,15,7,20,13,10
23,15,15,20,13,16
23,15,23,19,12,23
23,15,31,19,12,32
23,15,39,18,12,41
23,15,47,17,11,50
23,15,55,17,12,60
23,15,63,16,12,70
23,15,71,15,12,80
23,15,79,15,12,91
23,15,87,14,13,103
23,15,95,14,13,117
23,15,103,14,14,132
23,15,111,14,15,146
23,15,119,15,16,166
23,15,127,16,18,183
23,15,135,19,21,197
23,15,143,21,23,209
23,15,151,24,26,220
23,15,159,28,29,226
23,15,167,32,32,230
23,15,175,36,34,233
23,15,183,37,35,235
23,15,191,39,37,238
23,15,199,42,40,240
23,15,207,43,41,243
23,15,215,43,40,245
23,15,223,44,41,248
23,15,231,45,43,250
23,15,239,47,45,252
23,15,247,47,46,254
23,15,255,48,46,255
23,23,0,20,22,4
23,23,7,20,21,8
23,23,15,20,20,14
23,23,23,20,19,22
23,23,31,20,19,30
23,23,39,20,18,38
23,23,47,19,18,47
23,23,55,18,18,57
23,23,63,18,18,67
23,23,71,18,18,77
23,23,79,17,18,87
23,23,87,17,18,99
23,23,95,16,19,111
23,23,103,17,20,125
23,23,111,16,20,142
23,23,119,17,21,157
23,23,127,19,23,175
23,23,135,21,25,191
23,23,143,24,28,204
23,23,151,27,32,215
23,23,159,30,34,223
23,23,167,34,37,228
23,23,175,38,40,232
23,23,183,41,42,235
23,23,191,41,43,238
23,23,199,43,44,240
23,23,207,45,46,243
23,23,215,46,47,245
23,23,223,46,47,247
23,23,231,47,47,249
23,23,239,48,48,251
23,23,247,50,50,253
23,23,255,50,51,254
23,31,0,22,31,4
23,31,7,22,30,8
23,31,15,22,29,13
23,31,23,22,28,20
23,31,31,22,27,28
23,31,39,21,26,36
23,31,47,21,26,45
23,31,55,20,25,54
23,31,63,20,25,63
23,31,71,19,25,73
23,31,79,20,25,83
23,31,87,19,25,94
23,31,95,19,25,106
23,31,103,18,26,119
23,31,111,19,26,134
23,31,119,19,27,151
23,31,127,21,29,167
23,31,135,23,31,184
23,31,143,26,34,199
23,31,151,30,36,210
23,31,159,34,39,219
23,31,167,38,42,226
23,31,175,39,44,231
23,31,183,43,46,235
23,31,191,45,48,238
23,31,199,46,49,240
23,31,207,47,50,242
23,31,215,48,52,245
23,31,223,50,53,247
23,31,231,50,53,249
23,31,239,51,53,251
23,31,247,52,54,253
23,31,255,53,55,254
23,39,0,23,41,4
23,39,7,24,40,7
23,39,15,24,38,11
23,39,23,24,37,18
23,39,31,23,36,26
23,39,39,23,35,34
23,39,47,22,34,42
23,39,55,22,34,51
23,39,63,22,33,60
23,39,71,22,33,69
23,39,79,21,33,79
23,39,87,22,32,89
23,39,95,21,32,100
23,39,103,21,32,113
23,39,111,22,33,126
23,39,119,22,34,143
23,39,127,24,35,160
23,39,135,26,37,176
23,39,143,28,39,192
23,39,151,33,42,206
23,39,159,35,44,216
23,39,167,39,47,225
23,39,175,42,49,230
23,39,183,44,51,234
23,39,191,46,52,238
23,39,199,47,54,240
23,39,207,50,56,243
23,39,215,51,56,245
23,39,223,51,56,247
23,39,231,53,57,249
23,39,239,55,58,251
23,39,247,54,57,253
23,39,255,55,58,254
23,47,0,26,52,2
23,47,7,26,51,6
23,47,15,26,49,11
23,47,23,25,47,17
23,47,31,25,46,24
23,47,39,25,45,31
23,47,47,25,44,40
23,47,55,24,43,48
23,47,63,24,42,57
23,47,71,24,41,66
23,47,79,25,41,75
23,47,87,23,40,85
23,47,95,24,40,96
23,47,103,24,40,107
23,47,111,24,40,121
23,47,119,25,40,136
23,47,127,26,42,153
23,47,135,27,43,170
23,47,143,30,44,187
23,47,151,31,46,203
23,47,159,35,48,215
23,47,167,40,51,222
23,47,175,44,53,230
23,47,183,45,55,234
23,47,191,47,56,238
23,47,199,49,58,240
23,47,207,50,58,243
23,47,215,53,59,245
23,47,223,55,60,247
23,47,231,54,60,249
23,47,239,56,60,251
23,47,247,58,61,253
23,47,255,58,61,254
23,55,0,28,64,3
23,55,7,27,62,5
23,55,15,27,60,9
23,55,23,27,58,15
23,55,31,27,56,22
23,55,39,27,55,30
23,55,47,27,54,37
23,55,55,26,52,45
23,55,63,27,52,54
23,55,71,26,51,62
23,55,79,26,50,71
23,55,87,27,49,81
23,55,95,27,49,91
23,55,103,26,48,102
23,55,111,26,48,114
23,55,119,27,48,130
23,55,127,28,48,145
23,55,135,28,49,164
23,55,143,30,50,183
23,55,151,33,51,197
23,55,159,37,53,211
23,55,167,41,55,221
23,55,175,44,57,228
23,55,183,49,59,234
23,55,191,49,60,238
23,55,199,52,61,241
23,55,207,55,62,243
23,55,215,54,62,246
23,55,223,56,62,248
23,55,231,57,63,250
23,55,239,58,63,252
23,55,247,58,63,253
23,55,255,59,64,254
23,63,0,30,74,2
23,63,7,30,72,5
23,63,15,30,70,9
23,63,23,29,68,14
23,63,31,29,67,21
23,63,39,28,65,28
23,63,47,29,63,35
23,63,55,30,62,43
23,63,63,29,61,51
23,63,71,28,60,59
23,63,79,30,59,68
23,63,87,28,58,77
23,63,95,29,57,87
23,63,103,29,57,97
23,63,111,30,56,110
23,63,119,30,56,123
23,63,127,30,55,139
23,63,135,32,56,155
23,63,143,33,56,173
23,63,151,35,57,191
23,63,159,39,58,206
23,63,167,42,59,218
23,63,175,47,61,227
23,63,183,48,62,234
23,63,191,52,63,238
23,63,199,54,64,241
23,63,207,55,65,244
23,63,215,56,65,246
23,63,223,58,65,248
23,63,231,58,65,250
23,63,239,59,65,252
23,63,247,60,65,254
23,63,255,61,65,255
23,71,0,31,85,3
23,71,7,31,83,5
23,71,15,30,81,9
23,71,23,31,79,14
23,71,31,31,77,20
23,71,39,32,75,27
23,71,47,32,74,34
23,71,55,31,72,41
23,71,63,31,71,49
23,71,71,33,70,57
23,71,79,33,69,65
23,71,87,31,67,73
23,71,95,33,67,83
23,71,103,33,66,93
23,71,111,33,65,104
23,71,119,33,64,117
23,71,127,33,64,130
23,71,135,33,63,148
23,71,143,34,63,166
23,71,151,34,63,185
23,71,159,36,63,203
23,71,167,41,64,214
23,71,175,45,65,224
23,71,183,49,66,232
23,71,191,50,67,237
23,71,199,52,68,241
23,71,207,55,68,244
23,71,215,57,68,246
23,71,223,58,68,248
23,71,231,59,68,250
23,71,239,61,68,252
23,71,247,61,67,253
23,71,255,62,67,254
23,79,0,34,95,3
23,79,7,34,93,6
23,79,15,34,91,9
23,79,23,33,89,13
23,79,31,32,87,19
23,79,39,32,85,25
23,79,47,33,84,32
23,79,55,35,83,40
23,79,63,36,81,47
23,79,71,34,80,55
23,79,79,35,79,63
23,79,87,37,78,71
23,79,95,35,76,79
23,79,103,36,76,89
23,79,111,37,75,99
23,79,119,35,73,111
23,79,127,36,72,125
23,79,135,36,71,139
23,79,143,36,70,157
23,79,151,39,70,176
23,79,159,40,70,193
23,79,167,45,70,209
23,79,175,46,70,221
23,79,183,50,71,229
23,79,191,53,71,236
23,79,199,55,71,240
23,79,207,59,72,243
23,79,215,59,72,246
23,79,223,60,72,248
23,79,231,61,71,250
23,79,239,62,71,252
23,79,247,64,70,253
23,79,255,64,69,254
23,87,0,34,106,3
23,87,7,35,104,5
23,87,15,35,102,9
23,87,23,36,100,13
23,87,31,37,98,19
23,87,39,37,96,25
23,87,47,36,94,31
23,87,55,35,93,38
23,87,63,36,91,45
23,87,71,38,90,53
23,87,79,39,89,61
23,87,87,37,87,68
23,87,95,37,86,77
23,87,103,41,86,86
23,87,111,39,84,95
23,87,119,39,83,105
23,87,127,38,81,118
23,87,135,38,80,133
23,87,143,39,79,149
23,87,151,40,78,167
23,87,159,42,77,185
23,87,167,45,76,201
23,87,175,48,76,216
23,87,183,51,76,225
23,87,191,53,75,234
23,87,199,57,75,239
23,87,207,58,75,243
23,87,215,60,75,246
23,87,223,62,75,248
23,87,231,62,74,250
23,87,239,63,74,252
23,87,247,64,73,253
23,87,255,65,72,254
23,95,0,35,116,3
23,95,7,35,115,5
23,95,15,35,113,8
23,95,23,36,111,12
23,95,31,37,108,18
23,95,39,38,106,24
23,95,47,39,105,31
23,95,55,41,104,38
23,95,63,39,102,44
23,95,71,39,100,51
23,95,79,39,99,58
23,95,87,41,98,66
23,95,95,41,96,74
23,95,103,40,95,82
23,95,111,42,94,91
23,95,119,42,92,101
23,95,127,41,90,112
23,95,135,42,89,125
23,95,143,42,87,141
23,95,151,43,86,158
23,95,159,44,84,177
23,95,167,47,83,194
23,95,175,48,82,209
23,95,183,51,81,223
23,95,191,54,80,232
23,95,199,56,80,239
23,95,207,59,79,243
23,95,215,60,79,246
23,95,223,62,78,249
23,95,231,63,77,250
23,95,239,63,77,252
23,95,247,65,76,253
23,95,255,66,76,254
23,103,0,40,126,5
23,103,7,40,124,6
23,103,15,41,122,9
23,103,23,40,121,12
23,103,31,39,119,17
23,103,39,39,117,23
23,103,47,39,115,29
23,103,55,40,114,36
23,103,63,42,113,43
23,103,71,44,112,50
23,103,79,43,110,57
23,103,87,42,108,63
23,103,95,43,107,71
23,103,103,44,106,80
23,103,111,43,104,88
23,103,119,42,102,96
23,103,127,44,100,107
23,103,135,45,98,120
23,103,143,44,97,134
23,103,151,45,95,151
23,103,159,45,93,168
23,103,167,47,91,186
23,103,175,50,89,203
23,103,183,52,88,217
23,103,191,56,86,228
23,103,199,57,85,236
23,103,207,60,84,242
23,103,215,62,83,246
23,103,223,62,82,249
23,103,231,64,81,251
23,103,239,65,80,252
23,103,247,67,80,253
23,103,255,68,79,253
23,111,0,39,138,4
23,111,7,40,136,6
23,111,15,41,134,9
23,111,23,43,131,13
23,111,31,43,130,18
23,111,39,44,128,24
23,111,47,44,126,29
23,111,55,43,125,35
23,111,63,43,123,41
23,111,71,43,122,48
23,111,79,45,121,55
23,111,87,47,119,62
23,111,95,46,117,69
23,111,103,45,116,77
23,111,111,46,114,85
23,111,119,46,112,94
23,111,127,45,110,103
23,111,135,46,108,114
23,111,143,46,106,127
23,111,151,43,104,143
23,111,159,46,101,160
23,111,167,49,99,179
23,111,175,50,97,195
23,111,183,54,95,212
23,111,191,55,93,224
23,111,199,58,91,234
23,111,207,60,89,241
23,111,215,62,88,246
23,111,223,64,86,249
23,111,231,65,85,251
23,111,239,66,84,253
23,111,247,68,84,253
23,111,255,68,83,253
23,119,0,35,151,4
23,119,7,36,150,6
23,119,15,38,147,8
23,119,23,40,145,12
23,119,31,43,141,17
23,119,39,43,140,23
23,119,47,45,138,29
23,119,55,46,136,35
23,119,63,48,135,41
23,119,71,46,133,47
23,119,79,45,131,53
23,119,87,46,130,59
23,119,95,48,129,67
23,119,103,49,127,75
23,119,111,47,125,82
23,119,119,47,123,90
23,119,127,48,121,99
23,119,135,50,119,109
23,119,143,48,116,121
23,119,151,48,114,135
23,119,159,50,111,151
23,119,167,50,108,169
23,119,175,53,106,187
23,119,183,53,103,204
23,119,191,56,101,218
23,119,199,58,98,229
23,119,207,61,96,238
23,119,215,62,94,244
23,119,223,64,92,249
23,119,231,65,90,252
23,119,239,67,89,253
23,119,247,68,88,254
23,119,255,70,87,254
23,127,0,42,161,6
23,127,7,42,160,7
23,127,15,43,158,9
23,127,23,42,156,12
23,127,31,42,154,16
23,127,39,41,152,20
23,127,47,43,150,27
23,127,55,45,148,33
23,127,63,46,147,39
23,127,71,48,145,46
23,127,79,50,143,52
23,127,87,48,141,57
23,127,95,45,139,63
23,127,103,48,138,71
23,127,111,50,136,79
23,127,119,52,134,87
23,127,127,50,132,95
23,127,135,49,129,104
23,127,143,50,127,115
23,127,151,51,125,128
23,127,159,50,122,143
23,127,167,52,119,159
23,127,175,53,116,177
23,127,183,54,113,196
23,127,191,54,109,212
23,127,199,55,106,225
23,127,207,60,104,235
23,127,215,63,101,243
23,127,223,64,98,247
23,127,231,66,96,252
23,127,239,68,95,253
23,127,247,69,93,254
23,127,255,71,92,255
23,135,0,42,174,6
23,135,7,43,173,8
23,135,15,45,170,10
23,135,23,46,168,13
23,135,31,47,166,17
23,135,39,47,164,22
23,135,47,47,162,27
23,135,55,45,161,31
23,135,63,45,159,37
23,135,71,46,158,43
23,135,79,48,156,49
23,135,87,50,154,56
23,135,95,51,152,62
23,135,103,51,150,69
23,135,111,49,148,75
23,135,119,50,146,83
23,135,127,52,144,91
23,135,135,53,141,100
23,135,143,50,139,111
23,135,151,50,136,122
23,135,159,52,133,135
23,135,167,52,130,151
23,135,175,53,127,168
23,135,183,54,123,186
23,135,191,56,120,203
23,135,199,58,116,218
23,135,207,62,113,230
23,135,215,62,109,239
23,135,223,65,106,246
23,135,231,66,104,250
23,135,239,68,101,254
23,135,247,70,99,255
23,135,255,71,97,255
23,143,0,42,188,6
23,143,7,42,187,7
23,143,15,43,186,9
23,143,23,44,183,12
23,143,31,45,180,17
23,143,39,46,179,21
23,143,47,47,176,26
23,143,55,49,174,32
23,143,63,49,172,37
23,143,71,49,171,42
23,143,79,46,169,47
23,143,87,47,167,53
23,143,95,50,165,59
23,143,103,51,163,66
23,143,111,53,161,73
23,143,119,52,158,80
23,143,127,51,156,87
23,143,135,52,153,96
23,143,143,54,151,105
23,143,151,53,148,117
23,143,159,52,145,129
23,143,167,53,142,142
23,143,175,54,139,159
23,143,183,54,136,176
23,143,191,56,131,193
23,143,199,60,127,209
23,143,207,61,123,223
23,143,215,63,119,235
23,143,223,65,115,244
23,143,231,66,112,250
23,143,239,68,109,252
23,143,247,69,106,255
23,143,255,71,103,255
23,151,0,44,201,6
23,151,7,44,200,8
23,151,15,44,199,10
23,151,23,44,197,12
23,151,31,45,195,16
23,151,39,46,193,21
23,151,47,46,191,25
23,151,55,47,189,30
23,151,63,48,187,35
23,151,71,49,184,41
23,151,79,51,182,46
23,151,87,50,180,51
23,151,95,50,178,57
23,151,103,50,176,63
23,151,111,51,174,70
23,151,119,53,172,77
23,151,127,54,169,84
23,151,135,53,166,92
23,151,143,52,164,101
23,151,151,54,161,110
23,151,159,55,158,122
23,151,167,54,155,135
23,151,175,54,153,149
23,151,183,54,148,166
23,151,191,57,144,182
23,151,199,58,140,199
23,151,207,61,136,215
23,151,215,63,131,228
23,151,223,64,126,239
23,151,231,66,122,247
23,151,239,67,118,253
23,151,247,69,114,254
23,151,255,71,110,255
23,159,0,46,212,8
23,159,7,47,211,10
23,159,15,47,210,12
23,159,23,48,209,14
23,159,31,47,207,17
23,159,39,47,206,21
23,159,47,48,204,25
23,159,55,47,202,29
23,159,63,48,200,34
23,159,71,48,198,39
23,159,79,49,196,44
23,159,87,50,193,50
23,159,95,52,191,56
23,159,103,53,189,62
23,159,111,52,187,67
23,159,119,52,185,74
23,159,127,53,183,81
23,159,135,54,180,89
23,159,143,56,177,97
23,159,151,54,175,106
23,159,159,54,173,116
23,159,167,56,169,127
23,159,175,57,166,141
23,159,183,55,163,156
23,159,191,55,159,172
23,159,199,59,154,188
23,159,207,60,150,204
23,159,215,61,144,219
23,159,223,64,139,232
23,159,231,66,134,242
23,159,239,68,128,249
23,159,247,71,123,255
23,159,255,72,119,255
23,167,0,45,222,9
23,167,7,46,221,11
23,167,15,47,220,12
23,167,23,48,219,15
23,167,31,49,218,18
23,167,39,49,216,22
23,167,47,50,215,26
23,167,55,51,213,31
23,167,63,50,211,34
23,167,71,50,210,39
23,167,79,49,208,43
23,167,87,50,206,49
23,167,95,50,204,54
23,167,103,52,202,60
23,167,111,53,199,65
23,167,119,55,197,72
23,167,127,53,196,78
23,167,135,53,194,85
23,167,143,54,192,92
23,167,151,56,189,101
23,167,159,56,187,110
23,167,167,54,184,121
23,167,175,56,181,133
23,167,183,57,177,147
23,167,191,58,174,162
23,167,199,57,170,178
23,167,207,59,165,194
23,167,215,62,159,209
23,167,223,63,153,224
23,167,231,65,147,236
23,167,239,69,140,246
23,167,247,70,134,252
23,167,255,72,129,255
23,175,0,46,229,10
23,175,7,46,228,12
23,175,15,46,228,13
23,175,23,47,227,16
23,175,31,48,226,19
23,175,39,49,225,23
23,175,47,49,224,26
23,175,55,50,222,30
23,175,63,51,221,35
23,175,71,52,219,39
23,175,79,53,218,44
23,175,87,52,217,48
23,175,95,51,216,53
23,175,103,51,214,58
23,175,111,52,212,64
23,175,119,53,210,69
23,175,127,55,208,76
23,175,135,56,206,82
23,175,143,54,205,89
23,175,151,54,203,96
23,175,159,56,201,105
23,175,167,57,198,115
23,175,175,58,196,126
23,175,183,57,194,138
23,175,191,58,190,152
23,175,199,60,186,167
23,175,207,60,181,183
23,175,215,60,175,199
23,175,223,63,169,214
23,175,231,67,162,229
23,175,239,68,154,241
23,175,247,71,147,250
23,175,255,74,141,253
23,183,0,48,235,13
23,183,7,48,235,14
23,183,15,48,234,16
23,183,23,48,234,17
23,183,31,48,234,20
23,183,39,49,233,23
23,183,47,50,232,27
23,183,55,50,231,30
23,183,63,50,230,34
23,183,71,51,229,38
23,183,79,52,227,43
23,183,87,53,225,47
23,183,95,54,224,52
23,183,103,54,224,57
23,183,111,53,222,62
23,183,119,53,221,68
23,183,127,54,219,73
23,183,135,55,218,79
23,183,143,57,216,86
23,183,151,56,215,93
23,183,159,55,214,100
23,183,167,57,212,109
23,183,175,58,210,118
23,183,183,59,207,130
23,183,191,58,205,143
23,183,199,59,202,157
23,183,207,60,197,172
23,183,215,62,192,189
23,183,223,62,186,205
23,183,231,65,178,220
23,183,239,68,170,234
23,183,247,71,162,246
23,183,255,73,155,253
23,191,0,50,239,15
23,191,7,50,239,16
23,191,15,51,239,18
23,191,23,51,239,20
23,191,31,51,239,22
23,191,39,50,238,24
23,191,47,50,238,27
23,191,55,50,237,31
23,191,63,50,236,34
23,191,71,51,236,38
23,191,79,51,235,42
23,191,87,52,233,46
23,191,95,52,232,51
23,191,103,54,231,56
23,191,111,55,230,61
23,191,119,55,229,66
23,191,127,55,228,71
23,191,135,55,227,77
23,191,143,56,226,82
23,191,151,57,225,89
23,191,159,59,224,96
23,191,167,57,223,104
23,191,175,57,222,112
23,191,183,59,220,122
23,191,191,60,218,134
23,191,199,61,215,146
23,191,207,60,212,162
23,191,215,61,207,178
23,191,223,63,201,194
23,191,231,66,195,211
23,191,239,67,187,226
23,191,247,70,179,240
23,191,255,74,170,251
23,199,0,50,241,16
23,199,7,51,241,17
23,199,15,51,242,18
23,199,23,52,242,21
23,199,31,53,242,23
23,199,39,53,242,26
23,199,47,53,242,28
23,199,55,53,242,32
23,199,63,53,241,35
23,199,71,52,241,38
23,199,79,52,240,42
23,199,87,52,239,45
23,199,95,52,238,49
23,199,103,53,238,54
23,199,111,54,237,59
23,199,119,55,236,64
23,199,127,56,235,69
23,199,135,57,235,74
23,199,143,55,234,79
23,199,151,56,234,85
23,199,159,57,233,91
23,199,167,59,232,98
23,199,175,60,231,106
23,199,183,57,231,115
23,199,191,59,229,125
23,199,199,61,227,138
23,199,207,62,225,151
23,199,215,63,221,167
23,199,223,63,217,184
23,199,231,65,210,201
23,199,239,68,204,218
23,199,247,70,196,235
23,199,255,72,187,247
23,207,0,50,243,17
23,207,7,51,244,18
23,207,15,51,244,19
23,207,23,51,244,21
23,207,31,52,244,23
23,207,39,53,245,26
23,207,47,53,245,29
23,207,55,54,245,32
23,207,63,54,245,35
23,207,71,55,245,39
23,207,79,55,244,42
23,207,87,55,244,45
23,207,95,54,243,49
23,207,103,54,242,52
23,207,111,54,242,57
23,207,119,54,241,61
23,207,127,55,241,66
23,207,135,57,240,71
23,207,143,57,240,76
23,207,151,58,240,82
23,207,159,58,239,87
23,207,167,58,239,94
23,207,175,59,239,101
23,207,183,60,238,109
23,207,191,62,238,118
23,207,199,61,237,129
23,207,207,61,235,142
23,207,215,63,233,156
23,207,223,64,230,173
23,207,231,65,225,191
23,207,239,67,219,209
23,207,247,69,212,227
23,207,255,72,204,244
23,215,0,51,246,18
23,215,7,51,246,18
23,215,15,51,246,19
23,215,23,52,246,21
23,215,31,52,247,23
23,215,39,53,247,25
23,215,47,53,247,28
23,215,55,54,247,31
23,215,63,54,247,34
23,215,71,55,248,38
23,215,79,55,247,41
23,215,87,56,247,45
23,215,95,56,247,49
23,215,103,56,246,52
23,215,111,55,246,56
23,215,119,55,245,60
23,215,127,56,245,64
23,215,135,56,245,69
23,215,143,57,244,73
23,215,151,58,244,78
23,215,159,59,244,84
23,215,167,60,245,90
23,215,175,59,245,96
23,215,183,59,245,103
23,215,191,60,244,112
23,215,199,62,244,122
23,215,207,63,244,134
23,215,215,63,242,148
23,215,223,64,240,163
23,215,231,66,237,181
23,215,239,68,232,199
23,215,247,69,226,218
23,215,255,71,220,236
23,223,0,52,248,18
23,223,7,52,248,19
23,223,15,53,249,20
23,223,23,53,249,22
23,223,31,53,249,23
23,223,39,53,249,25
23,223,47,54,249,28
23,223,55,54,250,31
23,223,63,55,250,34
23,223,71,55,250,37
23,223,79,55,250,40
23,223,87,56,250,44
23,223,95,56,250,47
23,223,103,57,249,51
23,223,111,57,249,54
23,223,119,58,249,59
23,223,127,58,249,63
23,223,135,57,249,67
23,223,143,57,248,71
23,223,151,58,248,76
23,223,159,58,248,80
23,223,167,59,249,86
23,223,175,60,249,92
23,223,183,61,249,99
23,223,191,60,249,107
23,223,199,61,249,116
23,223,207,62,249,127
23,223,215,64,248,140
23,223,223,64,248,155
23,223,231,65,246,171
23,223,239,67,243,189
23,223,247,69,238,209
23,223,255,72,233,229
23,231,0,53,250,18
23,231,7,53,251,19
23,231,15,54,251,20
23,231,23,54,251,22
23,231,31,55,251,24
23,231,39,55,251,26
23,231,47,55,251,28
23,231,55,55,252,31
23,231,63,56,252,34
23,231,71,56,252,36
23,231,79,56,252,39
23,231,87,56,252,43
23,231,95,56,252,46
23,231,103,56,252,49
23,231,111,57,252,53
23,231,119,57,252,56
23,231,127,58,252,60
23,231,135,59,252,65
23,231,143,59,252,69
23,231,151,59,251,73
23,231,159,59,251,77
23,231,167,59,251,82
23,231,175,60,252,88
23,231,183,61,252,94
23,231,191,61,252,102
23,231,199,61,252,111
23,231,207,61,252,121
23,231,215,62,252,133
23,231,223,64,252,147
23,231,231,66,251,163
23,231,239,67,250,180
23,231,247,69,247,199
23,231,255,71,244,220
23,239,0,53,252,18
23,239,7,53,253,19
23,239,15,53,253,20
23,239,23,54,253,21
23,239,31,54,253,23
23,239,39,55,253,26
23,239,47,56,253,28
23,239,55,56,253,30
23,239,63,56,253,33
23,239,71,56,254,36
23,239,79,57,254,39
23,239,87,57,254,42
23,239,95,57,253,45
23,239,103,57,253,48
23,239,111,57,253,51
23,239,119,57,253,54
23,239,127,58,253,58
23,239,135,58,253,62
23,239,143,59,253,66
23,239,151,60,253,71
23,239,159,60,253,75
23,239,167,60,253,80
23,239,175,60,253,84
23,239,183,60,253,90
23,239,191,61,254,97
23,239,199,62,254,106
23,239,207,62,254,116
23,239,215,63,254,127
23,239,223,63,254,140
23,239,231,65,253,155
23,239,239,67,253,172
23,239,247,69,252,192
23,239,255,70,250,210
23,247,0,53,254,18
23,247,7,53,254,19
23,247,15,54,254,20
23,247,23,54,254,21
23,247,31,54,254,23
23,247,39,55,254,25
23,247,47,55,254,27
23,247,55,56,254,30
23,247,63,56,254,32
23,247,71,56,254,35
23,247,79,57,254,38
23,247,87,57,254,41
23,247,95,57,254,44
23,247,103,58,254,47
23,247,111,58,254,50
23,247,119,57,254,53
23,247,127,58,254,56
23,247,135,58,254,60
23,247,143,58,253,64
23,247,151,59,253,68
23,247,159,60,253,73
23,247,167,61,253,78
23,247,175,61,253,83
23,247,183,60,253,88
23,247,191,61,253,94
23,247,199,61,254,102
23,247,207,62,254,111
23,247,215,63,254,122
23,247,223,64,254,135
23,247,231,64,254,149
23,247,239,66,254,165
23,247,247,68,254,182
23,247,255,70,254,201
23,255,0,54,255,19
23,255,7,54,255,20
23,255,15,54,255,20
23,255,23,55,255,21
23,255,31,55,255,23
23,255,39,55,255,24
23,255,47,55,255,26
23,255,55,56,255,29
23,255,63,56,255,32
23,255,71,56,255,34
23,255,79,57,255,37
23,255,87,57,255,40
23,255,95,57,255,43
23,255,103,58,255,46
23,255,111,58,255,49
23,255,119,58,254,52
23,255,127,58,254,56
23,255,135,59,254,59
23,255,143,59,254,63
23,255,151,59,253,67
23,255,159,60,253,72
23,255,167,61,253,77
23,255,175,61,253,82
23,255,183,62,253,87
23,255,191,62,253,93
23,255,199,62,253,100
23,255,207,63,253,109
23,255,215,63,253,119
23,255,223,64,254,131
23,255,231,65,254,144
23,255,239,67,254,159
23,255,247,68,254,175
23,255,255,69,254,191
31,0,0,25,2,6
31,0,7,25,2,12
31,0,15,25,2,19
31,0,23,25,2,27
31,0,31,24,2,37
31,0,39,23,3,46
31,0,47,23,3,56
31,0,55,21,3,66
31,0,63,20,3,77
31,0,71,19,3,87
31,0,79,17,4,100
31,0,87,16,4,114
31,0,95,15,5,129
31,0,103,14,5,145
31,0,111,13,6,162
31,0,119,14,8,179
31,0,127,15,9,194
31,0,135,17,11,207
31,0,143,20,14,218
31,0,151,23,17,225
31,0,159,26,20,229
31,0,167,30,21,232
31,0,175,33,24,234
31,0,183,35,26,236
31,0,191,38,28,238
31,0,199,39,29,240
31,0,207,39,30,243
31,0,215,40,32,246
31,0,223,43,34,248
31,0,231,44,36,250
31,0,239,44,37,252
31,0,247,44,39,254
31,0,255,45,40,255
31,7,0,26,7,6
31,7,7,26,7,11
31,7,15,26,6,18
31,7,23,25,6,26
31,7,31,25,6,35
31,7,39,24,6,44
31,7,47,23,6,54
31,7,55,22,6,64
31,7,63,22,7,74
31,7,71,20,7,85
31,7,79,19,7,96
31,7,87,18,8,109
31,7,95,18,8,123
31,7,103,16,9,139
31,7,111,16,10,156
31,7,119,17,11,174
31,7,127,18,14,189
31,7,135,20,15,203
31,7,143,22,18,214
31,7,151,26,21,223
31,7,159,30,25,227
31,7,167,32,26,231
31,7,175,35,28,234
31,7,183,37,30,236
31,7,191,40,33,238
31,7,199,42,34,240
31,7,207,42,35,243
31,7,215,42,36,245
31,7,223,44,38,248
31,7,231,46,40,250
31,7,239,46,41,252
31,7,247,46,42,254
31,7,255,47,43,255
31,15,0,26,13,5
31,15,7,26,12,10
31,15,15,26,12,17
31,15,23,26,12,25
31,15,31,26,11,33
31,15,39,25,11,42
31,15,47,25,11,51
31,15,55,24,11,61
31,15,63,23,12,71
31,15,71,22,12,82
31,15,79,21,12,93
31,15,87,20,12,105
31,15,95,20,13,118
31,15,103,19,13,133
31,15,111,19,15,149
31,15,119,19,16,167
31,15,127,21,17,184
31,15,135,24,21,197
31,15,143,25,23,209
31,15,151,27,26,220
31,15,159,31,29,225
31,15,167,36,32,229
31,15,175,38,34,233
31,15,183,40,35,235
31,15,191,41,37,238
31,15,199,45,40,240
31,15,207,45,40,243
31,15,215,45,40,245
31,15,223,45,41,247
31,15,231,47,43,249
31,15,239,48,45,251
31,15,247,48,46,253
31,15,255,49,46,255
31,23,0,27,21,5
31,23,7,27,20,10
31,23,15,27,19,16
31,23,23,27,19,23
31,23,31,27,18,31
31,23,39,26,18,40
31,23,47,26,18,49
31,23,55,25,18,58
31,23,63,25,18,68
31,23,71,24,18,78
31,23,79,23,18,89
31,23,87,23,18,100
31,23,95,22,18,112
31,23,103,23,19,126
31,23,111,21,19,142
31,23,119,23,21,158
31,23,127,24,23,176
31,23,135,25,25,192
31,23,143,28,28,204
31,23,151,31,31,215
31,23,159,34,34,223
31,23,167,38,37,228
31,23,175,41,40,232
31,23,183,44,41,235
31,23,191,44,43,238
31,23,199,46,44,240
31,23,207,48,46,242
31,23,215,48,47,245
31,23,223,48,47,247
31,23,231,49,47,249
31,23,239,50,49,251
31,23,247,51,51,253
31,23,255,51,51,254
31,31,0,28,30,4
31,31,7,28,29,9
31,31,15,28,28,15
31,31,23,28,27,22
31,31,31,28,26,29
31,31,39,28,26,38
31,31,47,27,25,46
31,31,55,27,25,55
31,31,63,26,25,65
31,31,71,26,25,74
31,31,79,26,24,84
31,31,87,25,24,95
31,31,95,25,25,107
31,31,103,24,25,120
31,31,111,25,26,134
31,31,119,25,27,151
31,31,127,27,29,167
31,31,135,28,31,184
31,31,143,31,34,199
31,31,151,34,37,210
31,31,159,38,39,219
31,31,167,41,42,226
31,31,175,42,44,231
31,31,183,46,47,235
31,31,191,49,49,238
31,31,199,48,50,240
31,31,207,49,51,242
31,31,215,51,52,245
31,31,223,52,53,247
31,31,231,52,53,249
31,31,239,52,53,251
31,31,247,53,54,253
31,31,255,54,55,254
31,39,0,30,40,4
31,39,7,30,38,8
31,39,15,30,37,13
31,39,23,30,36,20
31,39,31,30,35,28
31,39,39,29,34,36
31,39,47,29,34,44
31,39,55,29,33,53
31,39,63,29,33,61
31,39,71,28,32,71
31,39,79,28,32,80
31,39,87,28,32,90
31,39,95,27,32,101
31,39,103,27,32,113
31,39,111,27,33,127
31,39,119,28,33,143
31,39,127,29,35,160
31,39,135,31,37,176
31,39,143,33,39,192
31,39,151,38,42,206
31,39,159,39,44,216
31,39,167,43,47,224
31,39,175,46,49,230
31,39,183,47,51,234
31,39,191,49,53,238
31,39,199,51,54,240
31,39,207,52,56,243
31,39,215,53,56,245
31,39,223,53,56,247
31,39,231,55,57,249
31,39,239,56,58,251
31,39,247,56,57,252
31,39,255,56,58,254
31,47,0,32,50,3
31,47,7,32,49,7
31,47,15,32,48,12
31,47,23,32,46,18
31,47,31,32,45,26
31,47,39,31,44,33
31,47,47,31,43,41
31,47,55,31,42,50
31,47,63,31,42,59
31,47,71,31,41,67
31,47,79,30,40,76
31,47,87,30,40,86
31,47,95,30,40,97
31,47,103,30,40,108
31,47,111,30,40,121
31,47,119,30,40,136
31,47,127,31,41,153
31,47,135,32,43,170
31,47,143,35,44,186
31,47,151,35,46,203
31,47,159,40,49,214
31,47,167,44,51,222
31,47,175,47,53,230
31,47,183,49,55,235
31,47,191,51,57,238
31,47,199,53,58,241
31,47,207,53,59,243
31,47,215,56,60,245
31,47,223,57,60,247
31,47,231,56,60,249
31,47,239,57,60,251
31,47,247,59,61,253
31,47,255,59,61,254
31,55,0,34,62,4
31,55,7,34,60,7
31,55,15,34,58,11
31,55,23,34,57,17
31,55,31,33,55,24
31,55,39,33,54,31
31,55,47,33,53,39
31,55,55,33,52,47
31,55,63,33,51,56
31,55,71,32,50,64
31,55,79,33,50,73
31,55,87,33,49,82
31,55,95,32,48,92
31,55,103,32,48,103
31,55,111,32,48,115
31,55,119,32,48,130
31,55,127,33,48,146
31,55,135,34,49,163
31,55,143,35,50,182
31,55,151,38,51,197
31,55,159,42,53,210
31,55,167,45,55,221
31,55,175,48,57,228
31,55,183,52,59,234
31,55,191,53,60,238
31,55,199,55,61,241
31,55,207,58,62,243
31,55,215,57,62,246
31,55,223,58,63,248
31,55,231,60,63,250
31,55,239,60,63,252
31,55,247,60,63,253
31,55,255,61,64,254
31,63,0,36,73,3
31,63,7,36,71,6
31,63,15,35,69,11
31,63,23,35,67,16
31,63,31,35,66,23
31,63,39,35,64,30
31,63,47,36,63,37
31,63,55,35,62,45
31,63,63,35,61,53
31,63,71,36,60,61
31,63,79,35,59,70
31,63,87,35,58,78
31,63,95,36,58,88
31,63,103,35,57,99
31,63,111,35,56,110
31,63,119,36,56,123
31,63,127,35,55,139
31,63,135,37,56,155
31,63,143,37,56,173
31,63,151,40,57,191
31,63,159,43,58,205
31,63,167,46,60,218
31,63,175,51,61,227
31,63,183,52,62,234
31,63,191,55,64,238
31,63,199,56,65,241
31,63,207,57,65,244
31,63,215,59,66,246
31,63,223,60,65,248
31,63,231,60,65,250
31,63,239,61,65,252
31,63,247,62,66,254
31,63,255,62,66,255
31,71,0,38,83,4
31,71,7,38,81,6
31,71,15,38,80,10
31,71,23,38,78,16
31,71,31,38,76,22
31,71,39,37,74,28
31,71,47,37,73,36
31,71,55,37,72,43
31,71,63,38,71,51
31,71,71,38,70,59
31,71,79,38,69,67
31,71,87,38,68,75
31,71,95,38,67,84
31,71,103,38,66,94
31,71,111,38,65,105
31,71,119,38,64,117
31,71,127,38,64,131
31,71,135,38,63,148
31,71,143,39,63,166
31,71,151,39,63,184
31,71,159,41,64,202
31,71,167,46,65,213
31,71,175,49,66,224
31,71,183,52,67,232
31,71,191,53,67,237
31,71,199,56,68,241
31,71,207,58,68,244
31,71,215,60,69,247
31,71,223,60,69,249
31,71,231,61,68,250
31,71,239,62,68,252
31,71,247,63,68,253
31,71,255,64,67,254
31,79,0,39,94,4
31,79,7,39,92,7
31,79,15,39,90,10
31,79,23,39,88,15
31,79,31,39,86,21
31,79,39,39,85,27
31,79,47,40,83,35
31,79,55,41,82,42
31,79,63,40,81,49
31,79,71,40,80,56
31,79,79,41,79,65
31,79,87,42,78,73
31,79,95,40,77,81
31,79,103,41,76,90
31,79,111,41,74,100
31,79,119,41,73,112
31,79,127,41,72,125
31,79,135,42,71,139
31,79,143,41,71,157
31,79,151,43,70,175
31,79,159,44,70,193
31,79,167,48,70,209
31,79,175,50,70,220
31,79,183,54,71,229
31,79,191,56,71,236
31,79,199,58,72,240
31,79,207,61,72,243
31,79,215,61,72,246
31,79,223,62,72,248
31,79,231,63,71,250
31,79,239,63,71,252
31,79,247,65,70,253
31,79,255,66,69,254
31,87,0,41,104,4
31,87,7,42,102,7
31,87,15,42,100,10
31,87,23,42,98,15
31,87,31,42,97,20
31,87,39,41,95,27
31,87,47,41,94,33
31,87,55,41,92,40
31,87,63,43,91,47
31,87,71,44,90,55
31,87,79,43,89,62
31,87,87,42,88,70
31,87,95,44,87,78
31,87,103,45,85,87
31,87,111,43,84,96
31,87,119,44,83,106
31,87,127,43,81,118
31,87,135,43,80,133
31,87,143,44,79,149
31,87,151,44,78,167
31,87,159,47,77,185
31,87,167,48,76,201
31,87,175,53,76,215
31,87,183,54,76,226
31,87,191,57,76,234
31,87,199,61,76,239
31,87,207,61,75,243
31,87,215,63,75,246
31,87,223,64,75,248
31,87,231,64,75,250
31,87,239,65,74,252
31,87,247,65,73,253
31,87,255,66,72,254
31,95,0,41,114,5
31,95,7,41,113,7
31,95,15,42,111,10
31,95,23,42,109,14
31,95,31,43,107,20
31,95,39,44,106,26
31,95,47,45,104,33
31,95,55,45,103,40
31,95,63,44,102,46
31,95,71,44,100,53
31,95,79,45,99,60
31,95,87,47,98,68
31,95,95,45,96,76
31,95,103,45,95,84
31,95,111,47,94,93
31,95,119,46,92,102
31,95,127,45,90,113
31,95,135,47,89,126
31,95,143,46,87,142
31,95,151,48,86,159
31,95,159,48,85,177
31,95,167,51,83,194
31,95,175,52,82,209
31,95,183,55,82,223
31,95,191,57,81,232
31,95,199,59,80,239
31,95,207,62,80,243
31,95,215,63,79,246
31,95,223,64,78,249
31,95,231,65,78,251
31,95,239,65,77,252
31,95,247,66,77,253
31,95,255,67,76,254
31,103,0,44,125,5
31,103,7,44,123,8
31,103,15,45,121,10
31,103,23,44,119,14
31,103,31,44,118,19
31,103,39,44,116,25
31,103,47,45,115,31
31,103,55,46,114,38
31,103,63,48,113,45
31,103,71,48,111,52
31,103,79,47,110,58
31,103,87,46,108,65
31,103,95,48,107,73
31,103,103,50,106,82
31,103,111,48,104,89
31,103,119,47,102,98
31,103,127,49,100,108
31,103,135,49,98,120
31,103,143,48,97,134
31,103,151,49,95,151
31,103,159,49,93,169
31,103,167,51,91,186
31,103,175,54,89,203
31,103,183,55,88,217
31,103,191,60,87,228
31,103,199,61,85,236
31,103,207,63,84,242
31,103,215,64,83,246
31,103,223,65,82,249
31,103,231,66,82,251
31,103,239,67,81,252
31,103,247,68,80,253
31,103,255,69,80,253
31,111,0,45,136,5
31,111,7,46,134,8
31,111,15,47,132,11
31,111,23,49,130,15
31,111,31,49,128,20
31,111,39,48,127,25
31,111,47,48,125,31
31,111,55,47,124,37
31,111,63,47,123,43
31,111,71,48,122,50
31,111,79,50,121,57
31,111,87,51,119,64
31,111,95,50,117,71
31,111,103,49,116,78
31,111,111,51,114,86
31,111,119,51,112,95
31,111,127,50,110,103
31,111,135,51,108,114
31,111,143,51,106,128
31,111,151,48,104,143
31,111,159,50,102,161
31,111,167,52,99,179
31,111,175,53,97,196
31,111,183,57,95,212
31,111,191,58,93,224
31,111,199,61,91,234
31,111,207,64,89,241
31,111,215,65,88,246
31,111,223,67,87,249
31,111,231,67,86,251
31,111,239,68,85,253
31,111,247,69,84,253
31,111,255,70,83,253
31,119,0,42,149,5
31,119,7,42,147,7
31,119,15,44,145,10
31,119,23,46,143,14
31,119,31,48,140,19
31,119,39,49,138,25
31,119,47,50,137,31
31,119,55,52,135,37
31,119,63,52,134,43
31,119,71,50,132,48
31,119,79,49,131,54
31,119,87,50,130,61
31,119,95,52,129,69
31,119,103,54,127,76
31,119,111,51,125,83
31,119,119,51,123,91
31,119,127,53,121,100
31,119,135,54,119,110
31,119,143,52,116,122
31,119,151,52,114,136
31,119,159,54,111,151
31,119,167,53,109,170
31,119,175,57,106,188
31,119,183,56,103,204
31,119,191,60,101,219
31,119,199,61,98,230
31,119,207,64,96,238
31,119,215,65,94,244
31,119,223,66,92,249
31,119,231,68,91,252
31,119,239,69,89,253
31,119,247,70,88,254
31,119,255,71,87,254
31,127,0,46,159,7
31,127,7,46,158,8
31,127,15,47,156,11
31,127,23,47,154,14
31,127,31,46,152,18
31,127,39,46,150,23
31,127,47,48,149,29
31,127,55,50,147,35
31,127,63,51,146,41
31,127,71,53,145,48
31,127,79,54,143,54
31,127,87,52,141,59
31,127,95,50,139,65
31,127,103,52,138,73
31,127,111,55,136,80
31,127,119,56,134,88
31,127,127,53,132,96
31,127,135,53,129,106
31,127,143,55,127,116
31,127,151,54,125,129
31,127,159,53,122,144
31,127,167,56,119,160
31,127,175,56,116,178
31,127,183,57,113,196
31,127,191,57,110,212
31,127,199,59,107,225
31,127,207,63,104,235
31,127,215,65,101,242
31,127,223,67,99,247
31,127,231,68,97,252
31,127,239,70,95,253
31,127,247,71,93,254
31,127,255,72,92,255
31,135,0,48,172,7
31,135,7,49,170,9
31,135,15,50,168,12
31,135,23,52,165,15
31,135,31,51,164,19
31,135,39,51,162,23
31,135,47,51,161,29
31,135,55,49,160,33
31,135,63,49,158,39
31,135,71,51,157,45
31,135,79,53,155,51
31,135,87,54,154,58
31,135,95,56,151,64
31,135,103,55,149,70
31,135,111,53,148,77
31,135,119,54,146,84
31,135,127,56,143,93
31,135,135,56,141,101
31,135,143,54,139,112
31,135,151,55,136,123
31,135,159,57,133,136
31,135,167,55,130,152
31,135,175,56,127,169
31,135,183,58,123,186
31,135,191,59,120,204
31,135,199,61,116,218
31,135,207,65,113,230
31,135,215,65,109,239
31,135,223,68,107,246
31,135,231,68,104,250
31,135,239,70,101,254
31,135,247,72,99,255
31,135,255,73,97,255
31,143,0,46,186,7
31,143,7,47,185,9
31,143,15,47,183,11
31,143,23,49,181,14
31,143,31,50,178,19
31,143,39,51,176,23
31,143,47,53,175,28
31,143,55,54,173,34
31,143,63,53,171,39
31,143,71,52,170,44
31,143,79,50,168,49
31,143,87,51,167,55
31,143,95,54,165,61
31,143,103,56,163,68
31,143,111,57,160,75
31,143,119,56,158,81
31,143,127,54,156,89
31,143,135,56,153,97
31,143,143,58,151,106
31,143,151,56,148,117
31,143,159,55,145,129
31,143,167,57,142,143
31,143,175,58,139,159
31,143,183,57,136,176
31,143,191,59,131,194
31,143,199,63,127,210
31,143,207,63,123,224
31,143,215,66,119,235
31,143,223,67,115,244
31,143,231,69,112,250
31,143,239,70,109,252
31,143,247,71,106,255
31,143,255,73,103,255
31,151,0,47,199,8
31,151,7,48,198,9
31,151,15,48,197,11
31,151,23,48,195,14
31,151,31,49,193,18
31,151,39,50,191,23
31,151,47,50,189,27
31,151,55,51,187,32
31,151,63,53,185,38
31,151,71,54,183,43
31,151,79,55,181,48
31,151,87,54,179,53
31,151,95,53,178,59
31,151,103,54,176,65
31,151,111,55,174,72
31,151,119,57,171,78
31,151,127,59,169,86
31,151,135,56,166,93
31,151,143,56,164,102
31,151,151,58,161,111
31,151,159,59,158,123
31,151,167,57,155,136
31,151,175,57,152,150
31,151,183,58,148,167
31,151,191,60,145,183
31,151,199,60,140,200
31,151,207,64,136,215
31,151,215,65,131,228
31,151,223,66,126,239
31,151,231,68,122,247
31,151,239,69,118,253
31,151,247,71,114,254
31,151,255,73,110,255
31,159,0,49,211,9
31,159,7,49,210,11
31,159,15,50,209,13
31,159,23,50,207,15
31,159,31,50,206,19
31,159,39,50,204,22
31,159,47,51,202,27
31,159,55,51,201,31
31,159,63,51,199,36
31,159,71,52,197,41
31,159,79,53,195,47
31,159,87,55,192,52
31,159,95,57,190,58
31,159,103,56,188,63
31,159,111,55,187,69
31,159,119,55,185,75
31,159,127,56,183,82
31,159,135,58,180,90
31,159,143,59,177,98
31,159,151,57,175,107
31,159,159,58,173,117
31,159,167,59,169,129
31,159,175,60,166,142
31,159,183,58,163,157
31,159,191,59,159,173
31,159,199,62,154,189
31,159,207,62,150,205
31,159,215,64,144,220
31,159,223,67,139,232
31,159,231,68,134,242
31,159,239,70,128,249
31,159,247,73,123,255
31,159,255,73,119,255
31,167,0,49,220,10
31,167,7,50,220,12
31,167,15,51,219,14
31,167,23,52,218,17
31,167,31,53,216,21
31,167,39,54,215,24
31,167,47,54,213,28
31,167,55,54,212,32
31,167,63,53,210,36
31,167,71,53,209,40
31,167,79,53,207,45
31,167,87,53,205,50
31,167,95,54,203,56
31,167,103,56,201,62
31,167,111,57,199,67
31,167,119,58,197,73
31,167,127,56,196,79
31,167,135,56,194,86
31,167,143,58,191,94
31,167,151,60,189,102
31,167,159,59,187,112
31,167,167,57,184,122
31,167,175,59,181,134
31,167,183,60,177,148
31,167,191,61,174,163
31,167,199,60,170,179
31,167,207,62,165,195
31,167,215,65,159,210
31,167,223,66,153,224
31,167,231,68,146,236
31,167,239,71,140,246
31,167,247,72,134,252
31,167,255,74,129,255
31,175,0,49,228,12
31,175,7,49,228,13
31,175,15,50,227,15
31,175,23,50,226,17
31,175,31,51,226,21
31,175,39,53,225,25
31,175,47,53,223,28
31,175,55,54,222,32
31,175,63,56,220,37
31,175,71,56,219,41
31,175,79,56,217,45
31,175,87,55,216,50
31,175,95,54,215,55
31,175,103,54,213,60
31,175,111,56,211,65
31,175,119,57,209,71
31,175,127,59,207,77
31,175,135,59,206,84
31,175,143,57,205,90
31,175,151,58,203,98
31,175,159,60,201,106
31,175,167,61,198,116
31,175,175,60,196,127
31,175,183,60,194,139
31,175,191,61,190,153
31,175,199,63,186,168
31,175,207,62,181,184
31,175,215,63,175,200
31,175,223,66,168,215
31,175,231,69,161,229
31,175,239,70,154,241
31,175,247,73,147,250
31,175,255,75,141,254
31,183,0,50,234,14
31,183,7,50,234,15
31,183,15,50,234,17
31,183,23,51,234,19
31,183,31,51,233,21
31,183,39,52,233,25
31,183,47,53,232,29
31,183,55,53,231,32
31,183,63,54,230,36
31,183,71,54,228,40
31,183,79,55,227,45
31,183,87,57,225,49
31,183,95,58,224,54
31,183,103,57,223,59
31,183,111,56,222,64
31,183,119,56,221,69
31,183,127,57,219,75
31,183,135,59,217,81
31,183,143,61,216,87
31,183,151,59,215,94
31,183,159,58,214,102
31,183,167,60,212,110
31,183,175,61,210,120
31,183,183,63,207,131
31,183,191,61,205,144
31,183,199,61,201,158
31,183,207,63,197,173
31,183,215,64,192,190
31,183,223,65,185,206
31,183,231,67,178,221
31,183,239,71,170,235
31,183,247,73,162,247
31,183,255,75,155,253
31,191,0,52,238,16
31,191,7,52,238,17
31,191,15,53,239,19
31,191,23,53,239,21
31,191,31,53,238,23
31,191,39,53,238,25
31,191,47,53,237,28
31,191,55,53,237,32
31,191,63,53,236,36
31,191,71,54,235,40
31,191,79,54,234,44
31,191,87,55,233,48
31,191,95,56,232,52
31,191,103,57,231,57
31,191,111,59,230,63
31,191,119,58,229,67
31,191,127,57,228,72
31,191,135,58,227,78
31,191,143,59,226,84
31,191,151,60,225,90
31,191,159,62,224,97
31,191,167,59,223,105
31,191,175,60,222,113
31,191,183,61,220,123
31,191,191,63,218,135
31,191,199,63,215,148
31,191,207,63,212,163
31,191,215,64,207,179
31,191,223,66,201,195
31,191,231,68,195,211
31,191,239,69,187,227
31,191,247,72,178,241
31,191,255,76,170,251
31,199,0,53,241,17
31,199,7,53,242,18
31,199,15,53,242,20
31,199,23,54,242,22
31,199,31,55,243,25
31,199,39,55,243,27
31,199,47,56,242,30
31,199,55,55,242,33
31,199,63,55,241,36
31,199,71,55,241,39
31,199,79,55,240,43
31,199,87,55,239,47
31,199,95,55,238,51
31,199,103,56,238,55
31,199,111,57,237,60
31,199,119,58,236,65
31,199,127,60,235,71
31,199,135,59,235,76
31,199,143,57,234,81
31,199,151,59,234,86
31,199,159,60,233,93
31,199,167,62,232,100
31,199,175,63,231,108
31,199,183,60,231,116
31,199,191,62,229,127
31,199,199,63,227,139
31,199,207,65,224,152
31,199,215,65,221,168
31,199,223,65,216,185
31,199,231,67,210,202
31,199,239,70,203,219
31,199,247,72,195,235
31,199,255,74,187,247
31,207,0,52,244,17
31,207,7,53,244,18
31,207,15,53,244,20
31,207,23,53,244,22
31,207,31,54,245,24
31,207,39,55,245,27
31,207,47,56,245,30
31,207,55,56,245,33
31,207,63,57,245,36
31,207,71,57,245,40
31,207,79,57,245,43
31,207,87,57,244,47
31,207,95,56,243,50
31,207,103,56,242,54
31,207,111,56,242,58
31,207,119,57,241,63
31,207,127,58,241,68
31,207,135,59,240,73
31,207,143,60,240,78
31,207,151,61,240,83
31,207,159,60,240,89
31,207,167,60,239,95
31,207,175,61,239,102
31,207,183,63,238,110
31,207,191,64,238,120
31,207,199,63,237,130
31,207,207,63,235,143
31,207,215,65,233,157
31,207,223,66,230,175
31,207,231,67,225,192
31,207,239,69,219,210
31,207,247,71,212,228
31,207,255,74,204,245
31,215,0,53,246,18
31,215,7,53,246,19
31,215,15,53,246,20
31,215,23,54,246,22
31,215,31,54,247,24
31,215,39,55,247,26
31,215,47,55,247,29
31,215,55,56,248,33
31,215,63,56,248,36
31,215,71,57,248,39
31,215,79,57,248,43
31,215,87,58,247,46
31,215,95,59,247,50
31,215,103,58,247,53
31,215,111,58,246,57
31,215,119,57,246,61
31,215,127,58,245,65
31,215,135,58,245,70
31,215,143,59,245,75
31,215,151,60,245,80
31,215,159,62,245,85
31,215,167,62,245,91
31,215,175,61,245,97
31,215,183,62,245,105
31,215,191,63,245,113
31,215,199,64,244,123
31,215,207,65,244,135
31,215,215,65,242,149
31,215,223,66,240,164
31,215,231,68,237,182
31,215,239,70,232,201
31,215,247,71,226,219
31,215,255,73,220,236
31,223,0,54,248,18
31,223,7,54,249,20
31,223,15,54,249,21
31,223,23,55,249,22
31,223,31,55,249,24
31,223,39,55,249,26
31,223,47,56,250,29
31,223,55,56,250,32
31,223,63,56,250,35
31,223,71,57,250,38
31,223,79,57,250,42
31,223,87,58,250,45
31,223,95,58,250,48
31,223,103,59,250,52
31,223,111,59,250,56
31,223,119,60,250,60
31,223,127,60,249,64
31,223,135,59,249,68
31,223,143,59,249,72
31,223,151,60,249,77
31,223,159,60,249,82
31,223,167,62,249,87
31,223,175,63,249,93
31,223,183,63,249,100
31,223,191,62,249,108
31,223,199,63,249,118
31,223,207,64,249,128
31,223,215,66,248,141
31,223,223,66,247,156
31,223,231,67,245,172
31,223,239,69,243,190
31,223,247,71,238,210
31,223,255,73,233,230
31,231,0,54,251,19
31,231,7,55,251,20
31,231,15,55,251,21
31,231,23,56,251,23
31,231,31,57,251,25
31,231,39,57,251,27
31,231,47,57,252,29
31,231,55,57,252,32
31,231,63,57,252,34
31,231,71,57,252,37
31,231,79,57,252,40
31,231,87,58,252,44
31,231,95,58,252,47
31,231,103,58,252,50
31,231,111,59,252,54
31,231,119,59,252,58
31,231,127,60,252,62
31,231,135,61,252,66
31,231,143,61,252,70
31,231,151,61,252,74
31,231,159,61,251,79
31,231,167,61,252,84
31,231,175,62,252,89
31,231,183,63,252,96
31,231,191,64,253,104
31,231,199,63,253,112
31,231,207,63,252,122
31,231,215,64,252,134
31,231,223,66,252,148
31,231,231,68,251,164
31,231,239,69,250,181
31,231,247,70,247,200
31,231,255,72,244,221
31,239,0,54,253,19
31,239,7,55,253,20
31,239,15,55,253,21
31,239,23,55,253,22
31,239,31,56,253,24
31,239,39,57,253,27
31,239,47,57,253,29
31,239,55,58,253,31
31,239,63,58,253,34
31,239,71,58,254,37
31,239,79,59,254,40
31,239,87,58,254,43
31,239,95,58,254,46
31,239,103,58,253,49
31,239,111,58,253,52
31,239,119,59,253,56
31,239,127,59,253,59
31,239,135,60,253,63
31,239,143,61,253,68
31,239,151,62,253,72
31,239,159,62,253,76
31,239,167,62,253,81
31,239,175,62,253,86
31,239,183,62,254,92
31,239,191,63,254,99
31,239,199,64,254,107
31,239,207,65,254,118
31,239,215,64,254,128
31,239,223,65,254,141
31,239,231,66,254,156
31,239,239,68,253,174
31,239,247,70,252,193
31,239,255,72,250,211
31,247,0,55,254,19
31,247,7,55,254,20
31,247,15,55,254,21
31,247,23,55,254,22
31,247,31,56,254,23
31,247,39,56,254,26
31,247,47,57,254,28
31,247,55,57,254,31
31,247,63,58,254,33
31,247,71,58,254,36
31,247,79,59,255,39
31,247,87,59,254,42
31,247,95,59,254,45
31,247,103,59,254,48
31,247,111,59,254,51
31,247,119,59,254,54
31,247,127,59,254,57
31,247,135,60,254,61
31,247,143,60,254,65
31,247,151,61,254,70
31,247,159,62,253,74
31,247,167,62,253,79
31,247,175,63,253,84
31,247,183,62,253,89
31,247,191,62,253,95
31,247,199,63,254,103
31,247,207,64,254,113
31,247,215,65,254,124
31,247,223,65,254,136
31,247,231,66,254,150
31,247,239,67,254,166
31,247,247,69,254,183
31,247,255,71,254,202
31,255,0,55,255,19
31,255,7,55,255,20
31,255,15,56,255,21
31,255,23,56,255,22
31,255,31,56,255,23
31,255,39,56,255,25
31,255,47,57,255,27
31,255,55,57,255,30
31,255,63,58,255,32
31,255,71,58,255,35
31,255,79,58,255,38
31,255,87,59,255,41
31,255,95,59,255,44
31,255,103,59,255,47
31,255,111,60,255,50
31,255,119,60,254,53
31,255,127,60,254,57
31,255,135,60,254,60
31,255,143,60,254,64
31,255,151,61,254,68
31,255,159,62,253,73
31,255,167,62,253,78
31,255,175,63,253,83
31,255,183,63,253,89
31,255,191,64,253,94
31,255,199,64,253,102
31,255,207,64,253,110
31,255,215,65,253,120
31,255,223,66,254,133
31,255,231,67,254,146
31,255,239,68,254,160
31,255,247,69,254,176
31,255,255,71,254,192
39,0,0,32,2,8
39,0,7,33,2,14
39,0,15,33,2,20
39,0,23,33,2,29
39,0,31,32,2,38
39,0,39,31,2,47
39,0,47,30,3,57
39,0,55,29,3,67
39,0,63,28,3,78
39,0,71,26,3,89
39,0,79,25,3,101
39,0,87,23,4,115
39,0,95,22,4,130
39,0,103,20,5,147
39,0,111,19,5,165
39,0,119,20,8,181
39,0,127,21,9,196
39,0,135,22,11,209
39,0,143,25,14,219
39,0,151,28,17,225
39,0,159,31,19,229
39,0,167,33,21,232
39,0,175,36,23,234
39,0,183,39,26,236
39,0,191,40,28,238
39,0,199,42,29,240
39,0,207,42,30,243
39,0,215,43,32,245
39,0,223,45,34,247
39,0,231,45,36,250
39,0,239,45,37,252
39,0,247,46,38,254
39,0,255,47,40,255
39,7,0,33,6,6
39,7,7,33,6,12
39,7,15,33,6,20
39,7,23,33,6,28
39,7,31,32,6,36
39,7,39,32,6,46
39,7,47,31,6,55
39,7,55,30,6,65
39,7,63,29,6,75
39,7,71,28,7,86
39,7,79,26,7,97
39,7,87,25,7,110
39,7,95,24,8,125
39,7,103,23,8,141
39,7,111,22,9,158
39,7,119,23,11,176
39,7,127,24,13,191
39,7,135,25,15,204
39,7,143,27,18,215
39,7,151,30,21,223
39,7,159,34,25,227
39,7,167,36,26,231
39,7,175,39,28,233
39,7,183,40,30,235
39,7,191,43,33,238
39,7,199,45,34,240
39,7,207,44,34,243
39,7,215,44,36,245
39,7,223,46,38,247
39,7,231,48,40,249
39,7,239,47,41,252
39,7,247,47,42,254
39,7,255,48,43,255
39,15,0,33,12,7
39,15,7,33,11,11
39,15,15,33,11,18
39,15,23,33,11,26
39,15,31,33,11,35
39,15,39,32,11,43
39,15,47,32,11,53
39,15,55,31,11,62
39,15,63,30,11,72
39,15,71,29,11,82
39,15,79,28,11,94
39,15,87,27,11,106
39,15,95,26,12,120
39,15,103,26,13,134
39,15,111,25,14,151
39,15,119,25,15,169
39,15,127,26,17,185
39,15,135,29,20,197
39,15,143,30,23,210
39,15,151,32,26,220
39,15,159,36,29,225
39,15,167,39,32,229
39,15,175,42,33,233
39,15,183,43,35,235
39,15,191,44,37,238
39,15,199,48,40,240
39,15,207,48,40,242
39,15,215,47,40,245
39,15,223,48,41,247
39,15,231,49,43,249
39,15,239,50,45,251
39,15,247,50,45,253
39,15,255,50,46,255
39,23,0,34,19,6
39,23,7,34,19,11
39,23,15,34,18,17
39,23,23,34,18,25
39,23,31,34,18,33
39,23,39,33,17,41
39,23,47,33,17,50
39,23,55,32,17,60
39,23,63,32,17,69
39,23,71,31,17,79
39,23,79,30,17,90
39,23,87,29,17,101
39,23,95,29,18,114
39,23,103,29,18,128
39,23,111,28,19,143
39,23,119,29,21,159
39,23,127,29,22,177
39,23,135,31,25,192
39,23,143,34,29,203
39,23,151,36,31,214
39,23,159,39,34,222
39,23,167,42,37,227
39,23,175,45,40,232
39,23,183,47,41,235
39,23,191,47,43,238
39,23,199,48,44,240
39,23,207,51,46,242
39,23,215,51,47,245
39,23,223,50,47,247
39,23,231,51,47,249
39,23,239,52,49,251
39,23,247,53,51,253
39,23,255,53,50,254
39,31,0,35,28,6
39,31,7,35,27,10
39,31,15,35,27,16
39,31,23,35,26,23
39,31,31,35,25,31
39,31,39,35,25,39
39,31,47,34,25,48
39,31,55,34,24,57
39,31,63,33,24,66
39,31,71,33,24,76
39,31,79,32,24,86
39,31,87,32,24,96
39,31,95,31,24,108
39,31,103,31,24,121
39,31,111,32,25,135
39,31,119,31,26,152
39,31,127,33,28,167
39,31,135,34,31,184
39,31,143,36,34,198
39,31,151,39,37,209
39,31,159,43,40,218
39,31,167,45,42,226
39,31,175,46,44,231
39,31,183,49,47,235
39,31,191,52,49,238
39,31,199,51,50,240
39,31,207,52,51,242
39,31,215,53,52,245
39,31,223,54,53,247
39,31,231,54,52,249
39,31,239,54,53,251
39,31,247,55,54,252
39,31,255,56,55,254
39,39,0,36,38,5
39,39,7,36,37,9
39,39,15,36,36,15
39,39,23,36,35,22
39,39,31,36,34,29
39,39,39,36,34,37
39,39,47,36,33,46
39,39,55,35,33,54
39,39,63,35,32,63
39,39,71,34,32,72
39,39,79,34,31,81
39,39,87,34,31,91
39,39,95,33,31,103
39,39,103,34,31,114
39,39,111,33,32,129
39,39,119,34,33,144
39,39,127,35,35,160
39,39,135,36,37,176
39,39,143,38,39,192
39,39,151,42,42,205
39,39,159,43,44,216
39,39,167,47,47,224
39,39,175,50,50,230
39,39,183,50,51,235
39,39,191,52,53,238
39,39,199,54,55,241
39,39,207,55,56,243
39,39,215,56,56,245
39,39,223,56,57,247
39,39,231,57,58,249
39,39,239,58,58,251
39,39,247,57,58,252
39,39,255,58,58,253
39,47,0,38,49,5
39,47,7,38,47,8
39,47,15,38,46,13
39,47,23,38,45,20
39,47,31,38,44,27
39,47,39,38,43,35
39,47,47,37,42,43
39,47,55,37,42,52
39,47,63,37,41,60
39,47,71,37,40,69
39,47,79,36,40,78
39,47,87,36,39,87
39,47,95,36,39,97
39,47,103,36,39,109
39,47,111,36,39,122
39,47,119,36,40,137
39,47,127,36,41,153
39,47,135,38,42,170
39,47,143,40,45,186
39,47,151,41,46,202
39,47,159,46,49,214
39,47,167,48,51,222
39,47,175,51,53,230
39,47,183,53,55,235
39,47,191,54,57,238
39,47,199,56,58,241
39,47,207,56,59,243
39,47,215,59,60,245
39,47,223,59,60,247
39,47,231,59,60,249
39,47,239,59,61,251
39,47,247,61,62,253
39,47,255,60,62,254
39,55,0,40,60,4
39,55,7,40,58,8
39,55,15,39,57,13
39,55,23,39,56,19
39,55,31,39,54,26
39,55,39,40,53,33
39,55,47,39,52,41
39,55,55,39,51,49
39,55,63,39,51,57
39,55,71,39,50,66
39,55,79,39,49,74
39,55,87,39,48,83
39,55,95,38,48,93
39,55,103,38,47,104
39,55,111,38,47,116
39,55,119,38,47,130
39,55,127,38,48,146
39,55,135,40,49,163
39,55,143,41,50,181
39,55,151,43,52,196
39,55,159,46,54,210
39,55,167,50,56,221
39,55,175,52,57,228
39,55,183,55,59,234
39,55,191,56,60,238
39,55,199,58,62,241
39,55,207,61,63,244
39,55,215,59,63,246
39,55,223,60,63,248
39,55,231,63,64,250
39,55,239,61,63,252
39,55,247,61,64,253
39,55,255,62,64,254
39,63,0,42,70,4
39,63,7,42,69,7
39,63,15,41,67,12
39,63,23,42,66,18
39,63,31,41,64,24
39,63,39,41,63,31
39,63,47,41,62,39
39,63,55,41,61,47
39,63,63,42,60,55
39,63,71,41,59,63
39,63,79,41,59,71
39,63,87,41,58,80
39,63,95,41,57,89
39,63,103,41,56,100
39,63,111,41,56,111
39,63,119,40,55,124
39,63,127,41,55,139
39,63,135,42,56,155
39,63,143,42,56,173
39,63,151,46,57,190
39,63,159,47,59,205
39,63,167,51,60,217
39,63,175,55,62,227
39,63,183,55,63,234
39,63,191,59,64,238
39,63,199,59,65,241
39,63,207,60,66,244
39,63,215,62,66,246
39,63,223,62,66,248
39,63,231,62,66,250
39,63,239,63,66,252
39,63,247,64,66,254
39,63,255,64,66,254
39,71,0,44,81,5
39,71,7,43,79,7
39,71,15,43,78,12
39,71,23,43,76,17
39,71,31,43,75,23
39,71,39,43,73,30
39,71,47,43,72,38
39,71,55,44,71,45
39,71,63,44,70,53
39,71,71,44,69,60
39,71,79,44,69,69
39,71,87,44,68,77
39,71,95,43,67,86
39,71,103,44,66,95
39,71,111,43,65,106
39,71,119,43,64,118
39,71,127,43,63,132
39,71,135,43,63,148
39,71,143,45,63,165
39,71,151,44,63,184
39,71,159,47,64,200
39,71,167,51,65,213
39,71,175,53,66,224
39,71,183,57,67,232
39,71,191,57,68,237
39,71,199,60,69,241
39,71,207,62,69,244
39,71,215,62,69,247
39,71,223,63,69,249
39,71,231,64,69,251
39,71,239,64,68,252
39,71,247,65,68,253
39,71,255,65,68,254
39,79,0,45,91,5
39,79,7,45,90,8
39,79,15,45,88,12
39,79,23,45,87,17
39,79,31,46,85,23
39,79,39,46,84,29
39,79,47,45,83,36
39,79,55,46,82,44
39,79,63,46,81,51
39,79,71,47,80,59
39,79,79,47,79,66
39,79,87,46,78,74
39,79,95,46,76,83
39,79,103,46,75,91
39,79,111,46,74,101
39,79,119,46,73,112
39,79,127,46,72,126
39,79,135,46,71,140
39,79,143,46,71,157
39,79,151,48,70,175
39,79,159,49,70,192
39,79,167,52,70,208
39,79,175,54,71,220
39,79,183,58,71,229
39,79,191,60,72,236
39,79,199,62,72,240
39,79,207,64,73,243
39,79,215,64,72,246
39,79,223,65,72,249
39,79,231,65,72,251
39,79,239,66,71,252
39,79,247,67,71,253
39,79,255,67,70,254
39,87,0,46,101,5
39,87,7,46,100,8
39,87,15,47,99,12
39,87,23,47,97,17
39,87,31,47,95,22
39,87,39,47,94,29
39,87,47,47,93,35
39,87,55,48,92,43
39,87,63,49,91,50
39,87,71,49,90,57
39,87,79,48,89,64
39,87,87,49,88,72
39,87,95,49,87,80
39,87,103,49,85,88
39,87,111,49,84,97
39,87,119,49,83,107
39,87,127,48,81,119
39,87,135,48,80,133
39,87,143,49,79,149
39,87,151,49,78,167
39,87,159,52,77,184
39,87,167,53,77,201
39,87,175,57,77,215
39,87,183,58,76,226
39,87,191,61,76,234
39,87,199,64,76,239
39,87,207,64,76,244
39,87,215,67,76,247
39,87,223,66,75,249
39,87,231,66,75,251
39,87,239,68,75,252
39,87,247,67,74,253
39,87,255,68,72,254
39,95,0,48,112,6
39,95,7,49,110,8
39,95,15,49,109,12
39,95,23,50,107,17
39,95,31,50,106,22
39,95,39,50,105,28
39,95,47,50,103,35
39,95,55,50,102,41
39,95,63,49,101,48
39,95,71,50,100,55
39,95,79,52,99,63
39,95,87,51,98,70
39,95,95,50,96,77
39,95,103,51,95,86
39,95,111,52,94,94
39,95,119,50,92,103
39,95,127,51,91,114
39,95,135,51,89,126
39,95,143,51,87,142
39,95,151,52,86,159
39,95,159,52,85,177
39,95,167,55,84,194
39,95,175,56,83,209
39,95,183,59,82,223
39,95,191,62,81,232
39,95,199,63,80,239
39,95,207,65,80,243
39,95,215,65,79,246
39,95,223,67,79,249
39,95,231,67,78,251
39,95,239,67,77,252
39,95,247,68,77,253
39,95,255,69,77,254
39,103,0,49,122,7
39,103,7,49,121,9
39,103,15,50,119,12
39,103,23,50,118,16
39,103,31,50,116,22
39,103,39,50,115,28
39,103,47,51,114,34
39,103,55,53,113,41
39,103,63,53,112,47
39,103,71,52,111,54
39,103,79,52,109,60
39,103,87,52,108,68
39,103,95,54,107,76
39,103,103,54,106,83
39,103,111,53,104,91
39,103,119,53,102,99
39,103,127,54,100,109
39,103,135,53,98,121
39,103,143,54,97,135
39,103,151,53,95,151
39,103,159,54,93,169
39,103,167,55,91,187
39,103,175,59,90,203
39,103,183,59,88,217
39,103,191,64,87,228
39,103,199,64,86,236
39,103,207,67,85,242
39,103,215,67,84,246
39,103,223,68,83,249
39,103,231,69,82,251
39,103,239,69,81,252
39,103,247,70,81,253
39,103,255,70,80,253
39,111,0,50,133,6
39,111,7,51,132,9
39,111,15,51,130,12
39,111,23,52,128,17
39,111,31,52,127,22
39,111,39,52,126,27
39,111,47,52,124,33
39,111,55,52,123,39
39,111,63,53,122,46
39,111,71,55,122,53
39,111,79,56,120,59
39,111,87,55,119,66
39,111,95,54,117,73
39,111,103,55,116,80
39,111,111,57,114,89
39,111,119,55,112,96
39,111,127,55,110,105
39,111,135,56,108,115
39,111,143,55,106,128
39,111,151,53,104,144
39,111,159,56,102,161
39,111,167,56,100,179
39,111,175,58,97,196
39,111,183,61,95,212
39,111,191,62,93,224
39,111,199,65,92,234
39,111,207,67,90,241
39,111,215,68,88,246
39,111,223,70,87,249
39,111,231,69,86,251
39,111,239,71,85,253
39,111,247,71,84,253
39,111,255,71,83,253
39,119,0,49,145,7
39,119,7,50,144,9
39,119,15,51,142,12
39,119,23,53,140,17
39,119,31,54,138,22
39,119,39,56,136,28
39,119,47,56,135,33
39,119,55,55,134,39
39,119,63,55,133,45
39,119,71,54,132,50
39,119,79,55,131,57
39,119,87,56,130,64
39,119,95,58,128,71
39,119,103,57,127,78
39,119,111,56,124,85
39,119,119,57,123,93
39,119,127,59,121,102
39,119,135,58,119,110
39,119,143,57,116,123
39,119,151,58,114,136
39,119,159,58,111,152
39,119,167,58,109,170
39,119,175,61,106,188
39,119,183,60,104,204
39,119,191,64,101,219
39,119,199,65,99,230
39,119,207,68,96,238
39,119,215,68,94,245
39,119,223,69,93,249
39,119,231,70,91,252
39,119,239,71,90,253
39,119,247,72,89,254
39,119,255,73,88,254
39,127,0,51,157,8
39,127,7,51,155,10
39,127,15,52,153,13
39,127,23,52,152,16
39,127,31,52,150,20
39,127,39,52,149,26
39,127,47,54,147,32
39,127,55,56,146,38
39,127,63,57,145,44
39,127,71,58,144,50
39,127,79,58,142,55
39,127,87,56,141,61
39,127,95,55,139,68
39,127,103,58,138,75
39,127,111,60,136,83
39,127,119,59,134,89
39,127,127,58,131,98
39,127,135,58,129,107
39,127,143,60,127,117
39,127,151,58,124,130
39,127,159,58,122,145
39,127,167,62,119,161
39,127,175,60,116,179
39,127,183,62,113,197
39,127,191,61,110,213
39,127,199,63,107,226
39,127,207,67,104,235
39,127,215,69,102,242
39,127,223,70,99,248
39,127,231,71,97,252
39,127,239,72,95,254
39,127,247,73,94,254
39,127,255,74,92,254
39,135,0,52,169,8
39,135,7,53,168,10
39,135,15,54,166,13
39,135,23,55,164,17
39,135,31,55,162,21
39,135,39,55,161,25
39,135,47,55,159,31
39,135,55,54,158,36
39,135,63,54,157,41
39,135,71,56,156,48
39,135,79,58,154,54
39,135,87,60,153,60
39,135,95,59,151,66
39,135,103,59,149,72
39,135,111,58,147,79
39,135,119,59,145,86
39,135,127,62,143,94
39,135,135,60,141,103
39,135,143,59,138,113
39,135,151,60,136,124
39,135,159,61,133,137
39,135,167,59,130,152
39,135,175,61,127,169
39,135,183,62,123,187
39,135,191,63,120,204
39,135,199,65,116,218
39,135,207,67,113,231
39,135,215,68,110,240
39,135,223,71,107,246
39,135,231,71,104,250
39,135,239,72,101,254
39,135,247,74,99,255
39,135,255,74,98,255
39,143,0,52,184,8
39,143,7,52,182,10
39,143,15,53,181,13
39,143,23,54,179,17
39,143,31,56,176,21
39,143,39,58,174,26
39,143,47,58,173,31
39,143,55,58,171,36
39,143,63,57,170,41
39,143,71,57,169,46
39,143,79,55,167,51
39,143,87,56,166,57
39,143,95,59,164,64
39,143,103,61,162,70
39,143,111,61,160,76
39,143,119,60,157,83
39,143,127,59,155,90
39,143,135,61,153,99
39,143,143,63,151,108
39,143,151,60,148,119
39,143,159,60,145,130
39,143,167,62,142,144
39,143,175,61,139,160
39,143,183,61,136,177
39,143,191,63,131,194
39,143,199,66,127,211
39,143,207,66,123,224
39,143,215,70,119,235
39,143,223,70,116,244
39,143,231,72,112,250
39,143,239,73,109,252
39,143,247,74,106,254
39,143,255,75,104,255
39,151,0,51,197,9
39,151,7,52,196,11
39,151,15,52,194,13
39,151,23,53,193,16
39,151,31,53,191,20
39,151,39,55,189,25
39,151,47,55,187,30
39,151,55,57,185,35
39,151,63,59,183,41
39,151,71,60,182,46
39,151,79,59,180,50
39,151,87,58,178,55
39,151,95,58,177,61
39,151,103,58,175,67
39,151,111,60,173,74
39,151,119,62,171,81
39,151,127,62,168,88
39,151,135,60,166,95
39,151,143,60,164,103
39,151,151,63,161,113
39,151,159,63,158,124
39,151,167,61,155,137
39,151,175,61,152,152
39,151,183,63,148,168
39,151,191,63,145,184
39,151,199,64,140,201
39,151,207,68,135,216
39,151,215,68,131,229
39,151,223,70,126,239
39,151,231,71,122,247
39,151,239,72,118,253
39,151,247,74,114,254
39,151,255,75,110,255
39,159,0,52,209,11
39,159,7,53,208,12
39,159,15,53,207,14
39,159,23,54,205,17
39,159,31,54,204,20
39,159,39,54,202,24
39,159,47,55,201,29
39,159,55,55,199,34
39,159,63,56,197,39
39,159,71,57,195,44
39,159,79,59,193,49
39,159,87,60,191,55
39,159,95,61,189,60
39,159,103,60,188,65
39,159,111,59,186,71
39,159,119,60,184,77
39,159,127,61,182,85
39,159,135,63,179,92
39,159,143,63,177,100
39,159,151,61,175,108
39,159,159,62,172,118
39,159,167,64,169,130
39,159,175,63,166,144
39,159,183,62,163,158
39,159,191,63,159,174
39,159,199,67,154,190
39,159,207,66,149,206
39,159,215,68,144,221
39,159,223,70,139,233
39,159,231,71,134,242
39,159,239,72,128,250
39,159,247,75,123,255
39,159,255,75,119,255
39,167,0,54,219,12
39,167,7,54,218,14
39,167,15,55,217,16
39,167,23,56,216,19
39,167,31,57,215,23
39,167,39,57,213,26
39,167,47,57,212,30
39,167,55,57,210,34
39,167,63,57,209,38
39,167,71,57,208,43
39,167,79,57,206,47
39,167,87,58,204,53
39,167,95,59,202,58
39,167,103,61,200,64
39,167,111,62,198,69
39,167,119,61,197,75
39,167,127,60,195,81
39,167,135,61,194,88
39,167,143,62,191,96
39,167,151,65,189,104
39,167,159,63,186,113
39,167,167,61,184,123
39,167,175,63,181,136
39,167,183,65,177,150
39,167,191,64,174,164
39,167,199,64,169,180
39,167,207,66,165,196
39,167,215,68,159,211
39,167,223,69,153,225
39,167,231,71,146,237
39,167,239,74,140,246
39,167,247,74,134,252
39,167,255,76,129,255
39,175,0,52,227,13
39,175,7,53,227,15
39,175,15,53,226,16
39,175,23,54,225,19
39,175,31,55,225,23
39,175,39,57,224,27
39,175,47,58,222,31
39,175,55,59,221,35
39,175,63,60,219,40
39,175,71,60,218,43
39,175,79,59,217,47
39,175,87,58,216,52
39,175,95,58,214,57
39,175,103,59,212,62
39,175,111,60,211,67
39,175,119,62,209,73
39,175,127,63,207,79
39,175,135,62,206,85
39,175,143,61,205,92
39,175,151,62,203,100
39,175,159,64,200,108
39,175,167,65,198,118
39,175,175,64,196,128
39,175,183,63,193,141
39,175,191,64,190,155
39,175,199,67,185,169
39,175,207,65,181,186
39,175,215,66,175,201
39,175,223,69,168,216
39,175,231,71,161,230
39,175,239,72,154,242
39,175,247,75,147,251
39,175,255,77,140,254
39,183,0,53,233,15
39,183,7,54,234,17
39,183,15,54,233,18
39,183,23,54,233,20
39,183,31,55,232,23
39,183,39,55,232,27
39,183,47,56,231,31
39,183,55,57,230,34
39,183,63,58,229,38
39,183,71,59,228,43
39,183,79,60,226,47
39,183,87,62,224,52
39,183,95,61,224,56
39,183,103,60,223,60
39,183,111,60,222,66
39,183,119,60,220,71
39,183,127,61,219,77
39,183,135,63,217,83
39,183,143,65,216,90
39,183,151,62,215,96
39,183,159,62,214,103
39,183,167,63,212,112
39,183,175,65,209,121
39,183,183,66,207,132
39,183,191,64,205,145
39,183,199,65,201,160
39,183,207,67,197,174
39,183,215,67,192,191
39,183,223,68,185,207
39,183,231,70,177,221
39,183,239,74,169,235
39,183,247,75,162,247
39,183,255,77,154,254
39,191,0,55,238,17
39,191,7,55,238,18
39,191,15,55,238,20
39,191,23,56,238,22
39,191,31,56,238,24
39,191,39,56,238,27
39,191,47,56,237,30
39,191,55,56,237,34
39,191,63,57,236,37
39,191,71,57,235,42
39,191,79,58,234,46
39,191,87,59,233,50
39,191,95,60,232,55
39,191,103,62,231,60
39,191,111,62,229,65
39,191,119,61,229,69
39,191,127,61,228,74
39,191,135,61,227,80
39,191,143,62,226,86
39,191,151,64,225,92
39,191,159,66,224,99
39,191,167,63,223,107
39,191,175,63,222,115
39,191,183,65,220,125
39,191,191,66,218,136
39,191,199,66,215,149
39,191,207,66,211,164
39,191,215,67,207,180
39,191,223,69,201,196
39,191,231,70,194,212
39,191,239,72,186,228
39,191,247,74,178,241
39,191,255,78,170,251
39,199,0,55,242,18
39,199,7,56,242,19
39,199,15,56,242,21
39,199,23,57,242,23
39,199,31,58,243,26
39,199,39,58,243,29
39,199,47,58,242,31
39,199,55,58,242,34
39,199,63,58,241,38
39,199,71,58,241,41
39,199,79,58,240,45
39,199,87,58,239,49
39,199,95,58,239,53
39,199,103,59,238,57
39,199,111,60,237,62
39,199,119,62,236,67
39,199,127,64,235,73
39,199,135,62,235,77
39,199,143,60,234,82
39,199,151,62,234,88
39,199,159,64,233,95
39,199,167,66,232,102
39,199,175,67,231,109
39,199,183,63,231,118
39,199,191,65,229,128
39,199,199,66,227,140
39,199,207,68,224,153
39,199,215,67,221,170
39,199,223,68,216,186
39,199,231,70,210,203
39,199,239,73,203,220
39,199,247,74,195,236
39,199,255,76,186,248
39,207,0,55,244,19
39,207,7,55,244,20
39,207,15,56,244,21
39,207,23,56,244,23
39,207,31,57,245,25
39,207,39,58,245,28
39,207,47,59,246,32
39,207,55,59,246,35
39,207,63,60,246,38
39,207,71,60,245,42
39,207,79,60,245,45
39,207,87,59,244,48
39,207,95,59,243,52
39,207,103,59,243,56
39,207,111,59,242,60
39,207,119,60,242,65
39,207,127,61,241,70
39,207,135,63,241,75
39,207,143,64,240,80
39,207,151,63,240,85
39,207,159,63,240,90
39,207,167,64,239,97
39,207,175,65,239,104
39,207,183,66,239,112
39,207,191,67,238,121
39,207,199,66,237,132
39,207,207,66,235,145
39,207,215,68,233,159
39,207,223,69,229,176
39,207,231,69,225,193
39,207,239,71,218,211
39,207,247,74,211,229
39,207,255,77,204,245
39,215,0,55,246,19
39,215,7,55,246,20
39,215,15,56,246,21
39,215,23,56,247,23
39,215,31,56,247,25
39,215,39,57,247,28
39,215,47,58,248,31
39,215,55,59,248,34
39,215,63,59,248,37
39,215,71,60,248,41
39,215,79,60,248,44
39,215,87,61,248,48
39,215,95,62,247,52
39,215,103,61,247,55
39,215,111,60,246,58
39,215,119,60,246,63
39,215,127,61,246,67
39,215,135,61,245,72
39,215,143,62,245,77
39,215,151,64,245,82
39,215,159,65,245,87
39,215,167,64,245,93
39,215,175,64,245,99
39,215,183,64,245,106
39,215,191,66,245,115
39,215,199,67,245,125
39,215,207,67,244,136
39,215,215,67,242,150
39,215,223,69,240,165
39,215,231,70,237,183
39,215,239,72,232,202
39,215,247,73,226,220
39,215,255,75,219,237
39,223,0,56,249,19
39,223,7,56,249,20
39,223,15,56,249,22
39,223,23,57,249,23
39,223,31,57,249,25
39,223,39,57,249,27
39,223,47,58,250,30
39,223,55,58,250,33
39,223,63,59,250,36
39,223,71,59,250,40
39,223,79,60,250,43
39,223,87,60,250,46
39,223,95,61,250,50
39,223,103,61,250,54
39,223,111,62,250,58
39,223,119,63,250,62
39,223,127,62,249,65
39,223,135,62,249,69
39,223,143,62,249,74
39,223,151,63,249,78
39,223,159,63,249,83
39,223,167,65,249,89
39,223,175,66,250,95
39,223,183,65,250,102
39,223,191,65,250,110
39,223,199,65,250,119
39,223,207,67,249,130
39,223,215,69,249,143
39,223,223,68,247,157
39,223,231,69,245,173
39,223,239,71,242,192
39,223,247,74,238,212
39,223,255,75,233,231
39,231,0,57,251,20
39,231,7,57,251,21
39,231,15,57,251,22
39,231,23,58,251,24
39,231,31,59,251,26
39,231,39,59,252,28
39,231,47,59,252,30
39,231,55,59,252,33
39,231,63,59,252,36
39,231,71,59,252,39
39,231,79,60,252,42
39,231,87,60,252,45
39,231,95,60,252,48
39,231,103,61,252,52
39,231,111,61,252,56
39,231,119,62,252,59
39,231,127,63,252,63
39,231,135,63,252,67
39,231,143,63,252,72
39,231,151,63,252,76
39,231,159,63,252,80
39,231,167,63,252,85
39,231,175,64,252,91
39,231,183,66,253,97
39,231,191,66,253,105
39,231,199,65,253,114
39,231,207,66,253,124
39,231,215,67,252,136
39,231,223,69,252,150
39,231,231,70,251,166
39,231,239,71,249,183
39,231,247,72,247,202
39,231,255,75,244,223
39,239,0,56,253,20
39,239,7,57,253,21
39,239,15,57,253,22
39,239,23,57,253,23
39,239,31,58,253,25
39,239,39,59,253,28
39,239,47,60,253,31
39,239,55,60,253,33
39,239,63,60,254,35
39,239,71,61,254,38
39,239,79,61,254,41
39,239,87,60,254,44
39,239,95,60,254,47
39,239,103,60,253,50
39,239,111,61,253,54
39,239,119,61,253,57
39,239,127,61,253,61
39,239,135,62,253,65
39,239,143,63,254,69
39,239,151,64,254,74
39,239,159,64,254,78
39,239,167,64,253,82
39,239,175,64,253,87
39,239,183,64,254,93
39,239,191,65,254,100
39,239,199,66,254,109
39,239,207,67,254,119
39,239,215,66,254,130
39,239,223,67,254,143
39,239,231,69,254,158
39,239,239,71,253,176
39,239,247,72,252,194
39,239,255,73,250,213
39,247,0,56,254,20
39,247,7,57,254,20
39,247,15,57,254,21
39,247,23,57,254,23
39,247,31,57,254,24
39,247,39,58,254,27
39,247,47,59,254,29
39,247,55,59,254,32
39,247,63,60,254,34
39,247,71,60,254,37
39,247,79,61,255,40
39,247,87,61,255,43
39,247,95,61,255,46
39,247,103,61,255,50
39,247,111,61,254,52
39,247,119,61,254,55
39,247,127,61,254,59
39,247,135,62,254,62
39,247,143,62,254,66
39,247,151,63,254,71
39,247,159,64,254,76
39,247,167,64,253,80
39,247,175,64,253,85
39,247,183,64,253,90
39,247,191,64,254,97
39,247,199,65,254,105
39,247,207,66,254,114
39,247,215,67,254,126
39,247,223,67,254,138
39,247,231,68,254,151
39,247,239,69,254,167
39,247,247,71,254,185
39,247,255,73,254,204
39,255,0,57,255,20
39,255,7,57,255,21
39,255,15,57,255,22
39,255,23,57,255,23
39,255,31,58,255,24
39,255,39,58,255,26
39,255,47,58,255,28
39,255,55,59,255,31
39,255,63,59,255,34
39,255,71,60,255,36
39,255,79,60,255,39
39,255,87,61,255,42
39,255,95,61,255,45
39,255,103,61,255,48
39,255,111,62,255,52
39,255,119,62,254,55
39,255,127,62,254,58
39,255,135,62,254,61
39,255,143,62,254,65
39,255,151,63,254,69
39,255,159,64,254,74
39,255,167,64,253,79
39,255,175,65,253,84
39,255,183,65,253,90
39,255,191,65,253,96
39,255,199,66,253,103
39,255,207,66,253,112
39,255,215,67,254,122
39,255,223,68,254,134
39,255,231,69,254,147
39,255,239,70,254,162
39,255,247,71,254,178
39,255,255,72,255,193
47,0,0,40,2,7
47,0,7,40,2,14
47,0,15,40,2,22
47,0,23,40,2,30
47,0,31,40,2,39
47,0,39,39,2,49
47,0,47,38,3,58
47,0,55,37,3,68
47,0,63,35,3,79
47,0,71,34,3,90
47,0,79,32,3,102
47,0,87,30,4,116
47,0,95,29,4,131
47,0,103,27,4,148
47,0,111,26,5,167
47,0,119,26,7,184
47,0,127,27,9,198
47,0,135,28,11,210
47,0,143,30,14,219
47,0,151,33,17,225
47,0,159,35,19,229
47,0,167,38,21,232
47,0,175,40,23,233
47,0,183,42,26,235
47,0,191,43,28,238
47,0,199,45,28,240
47,0,207,45,30,242
47,0,215,45,32,245
47,0,223,47,35,247
47,0,231,47,36,249
47,0,239,47,37,252
47,0,247,47,38,254
47,0,255,48,40,255
47,7,0,40,5,8
47,7,7,40,5,13
47,7,15,40,5,21
47,7,23,40,5,29
47,7,31,40,5,38
47,7,39,39,5,47
47,7,47,39,6,56
47,7,55,38,6,66
47,7,63,36,6,76
47,7,71,35,6,87
47,7,79,34,6,98
47,7,87,33,6,111
47,7,95,31,7,126
47,7,103,30,8,143
47,7,111,29,8,161
47,7,119,29,10,179
47,7,127,30,13,192
47,7,135,31,15,205
47,7,143,32,18,216
47,7,151,36,22,223
47,7,159,38,24,227
47,7,167,40,26,231
47,7,175,43,28,233
47,7,183,44,30,235
47,7,191,46,34,238
47,7,199,47,34,240
47,7,207,47,34,242
47,7,215,47,36,245
47,7,223,48,38,247
47,7,231,50,40,249
47,7,239,49,41,251
47,7,247,49,41,253
47,7,255,49,43,255
47,15,0,40,11,7
47,15,7,40,11,13
47,15,15,40,10,19
47,15,23,40,10,27
47,15,31,40,10,36
47,15,39,40,10,45
47,15,47,39,10,54
47,15,55,38,10,64
47,15,63,37,11,73
47,15,71,36,10,84
47,15,79,35,11,95
47,15,87,34,11,107
47,15,95,33,11,121
47,15,103,33,12,136
47,15,111,32,12,154
47,15,119,32,14,171
47,15,127,33,17,186
47,15,135,34,20,199
47,15,143,35,23,211
47,15,151,37,26,219
47,15,159,41,30,225
47,15,167,43,32,229
47,15,175,45,33,233
47,15,183,47,35,235
47,15,191,48,38,238
47,15,199,50,40,240
47,15,207,50,40,242
47,15,215,50,40,245
47,15,223,50,41,247
47,15,231,51,43,249
47,15,239,52,45,251
47,15,247,51,45,253
47,15,255,51,46,254
47,23,0,41,18,7
47,23,7,41,18,12
47,23,15,41,17,18
47,23,23,41,17,26
47,23,31,41,17,34
47,23,39,40,17,43
47,23,47,40,17,52
47,23,55,39,16,61
47,23,63,38,16,70
47,23,71,38,16,80
47,23,79,37,16,90
47,23,87,36,16,102
47,23,95,36,16,115
47,23,103,35,17,130
47,23,111,35,18,145
47,23,119,35,20,162
47,23,127,36,22,178
47,23,135,37,25,192
47,23,143,40,29,203
47,23,151,41,31,214
47,23,159,44,34,222
47,23,167,46,37,227
47,23,175,49,40,232
47,23,183,50,41,235
47,23,191,51,43,238
47,23,199,52,45,240
47,23,207,54,47,242
47,23,215,53,47,244
47,23,223,53,46,247
47,23,231,53,47,249
47,23,239,54,49,251
47,23,247,55,50,252
47,23,255,54,50,254
47,31,0,42,27,7
47,31,7,41,26,11
47,31,15,41,25,17
47,31,23,41,25,24
47,31,31,41,24,32
47,31,39,41,24,41
47,31,47,41,24,49
47,31,55,40,24,58
47,31,63,40,23,67
47,31,71,39,23,77
47,31,79,39,23,87
47,31,87,38,23,97
47,31,95,38,23,109
47,31,103,37,24,123
47,31,111,37,24,138
47,31,119,37,26,153
47,31,127,39,28,168
47,31,135,40,31,184
47,31,143,41,34,198
47,31,151,44,37,209
47,31,159,47,40,218
47,31,167,49,42,226
47,31,175,50,45,231
47,31,183,53,47,235
47,31,191,55,49,238
47,31,199,54,50,240
47,31,207,55,51,242
47,31,215,57,53,244
47,31,223,56,53,247
47,31,231,56,53,249
47,31,239,56,53,251
47,31,247,57,54,252
47,31,255,58,56,253
47,39,0,43,36,5
47,39,7,43,35,10
47,39,15,43,34,16
47,39,23,43,34,23
47,39,31,42,33,30
47,39,39,42,33,39
47,39,47,42,32,47
47,39,55,42,32,56
47,39,63,41,31,64
47,39,71,41,31,73
47,39,79,40,30,83
47,39,87,40,30,93
47,39,95,40,30,104
47,39,103,39,30,116
47,39,111,39,31,130
47,39,119,40,32,145
47,39,127,40,34,161
47,39,135,42,36,176
47,39,143,44,39,191
47,39,151,46,42,205
47,39,159,48,45,216
47,39,167,51,47,224
47,39,175,54,50,231
47,39,183,54,51,235
47,39,191,56,53,238
47,39,199,58,56,241
47,39,207,58,56,243
47,39,215,58,56,245
47,39,223,59,57,247
47,39,231,60,58,249
47,39,239,59,58,251
47,39,247,59,58,252
47,39,255,60,59,253
47,47,0,44,47,6
47,47,7,44,45,10
47,47,15,44,45,15
47,47,23,44,44,22
47,47,31,44,43,29
47,47,39,44,42,37
47,47,47,44,41,45
47,47,55,43,41,53
47,47,63,43,40,61
47,47,71,43,39,70
47,47,79,42,39,79
47,47,87,42,39,88
47,47,95,42,38,99
47,47,103,41,38,110
47,47,111,42,39,123
47,47,119,42,39,138
47,47,127,43,40,153
47,47,135,44,42,170
47,47,143,46,44,186
47,47,151,47,47,201
47,47,159,51,49,213
47,47,167,52,51,223
47,47,175,55,54,230
47,47,183,57,56,235
47,47,191,58,57,238
47,47,199,59,59,241
47,47,207,60,60,243
47,47,215,62,61,245
47,47,223,62,61,247
47,47,231,61,61,249
47,47,239,62,61,251
47,47,247,63,62,252
47,47,255,62,62,253
47,55,0,45,57,5
47,55,7,45,56,9
47,55,15,45,55,14
47,55,23,45,54,20
47,55,31,45,53,27
47,55,39,45,52,35
47,55,47,45,51,43
47,55,55,45,50,51
47,55,63,45,50,59
47,55,71,45,49,67
47,55,79,44,48,75
47,55,87,44,48,84
47,55,95,44,47,94
47,55,103,44,47,105
47,55,111,43,47,117
47,55,119,44,47,131
47,55,127,44,48,147
47,55,135,45,48,163
47,55,143,46,50,181
47,55,151,49,52,196
47,55,159,51,54,210
47,55,167,54,56,222
47,55,175,57,58,229
47,55,183,59,60,234
47,55,191,60,61,239
47,55,199,62,62,242
47,55,207,64,63,244
47,55,215,62,63,246
47,55,223,63,64,248
47,55,231,65,64,250
47,55,239,63,64,252
47,55,247,63,64,253
47,55,255,64,65,254
47,63,0,47,68,5
47,63,7,47,67,8
47,63,15,47,65,13
47,63,23,47,64,19
47,63,31,47,63,26
47,63,39,47,62,33
47,63,47,47,61,41
47,63,55,47,60,49
47,63,63,47,60,56
47,63,71,47,59,64
47,63,79,47,58,73
47,63,87,46,57,81
47,63,95,46,56,91
47,63,103,46,56,101
47,63,111,46,55,112
47,63,119,46,55,125
47,63,127,46,55,140
47,63,135,47,55,156
47,63,143,48,56,173
47,63,151,50,57,190
47,63,159,52,59,205
47,63,167,56,60,217
47,63,175,59,62,227
47,63,183,59,63,234
47,63,191,63,65,238
47,63,199,63,66,242
47,63,207,64,66,244
47,63,215,66,67,247
47,63,223,65,66,249
47,63,231,65,66,250
47,63,239,66,67,252
47,63,247,66,66,253
47,63,255,66,66,254
47,71,0,49,78,5
47,71,7,49,77,9
47,71,15,48,76,13
47,71,23,49,74,19
47,71,31,49,73,25
47,71,39,49,72,32
47,71,47,49,71,39
47,71,55,49,70,47
47,71,63,49,70,54
47,71,71,49,69,62
47,71,79,49,68,70
47,71,87,49,67,78
47,71,95,49,66,87
47,71,103,49,65,96
47,71,111,48,64,107
47,71,119,48,63,119
47,71,127,48,63,133
47,71,135,48,63,148
47,71,143,50,63,165
47,71,151,50,63,183
47,71,159,53,64,199
47,71,167,56,65,213
47,71,175,58,66,224
47,71,183,62,68,233
47,71,191,61,68,238
47,71,199,64,69,241
47,71,207,66,70,244
47,71,215,65,70,247
47,71,223,66,70,249
47,71,231,67,69,251
47,71,239,67,69,252
47,71,247,67,68,253
47,71,255,67,68,254
47,79,0,51,89,6
47,79,7,50,87,9
47,79,15,50,86,13
47,79,23,50,85,18
47,79,31,50,83,24
47,79,39,50,82,31
47,79,47,51,81,38
47,79,55,51,81,45
47,79,63,51,80,53
47,79,71,51,79,60
47,79,79,51,78,68
47,79,87,51,77,76
47,79,95,51,76,84
47,79,103,51,75,93
47,79,111,51,74,102
47,79,119,51,73,114
47,79,127,51,72,126
47,79,135,51,71,141
47,79,143,51,70,158
47,79,151,53,70,175
47,79,159,54,70,192
47,79,167,57,71,208
47,79,175,59,71,221
47,79,183,62,72,230
47,79,191,64,72,237
47,79,199,66,73,240
47,79,207,67,73,244
47,79,215,67,73,246
47,79,223,68,73,249
47,79,231,68,72,251
47,79,239,68,71,252
47,79,247,69,71,253
47,79,255,69,70,254
47,87,0,52,99,6
47,87,7,52,98,9
47,87,15,52,96,13
47,87,23,52,95,18
47,87,31,52,94,24
47,87,39,53,93,31
47,87,47,53,92,37
47,87,55,53,91,44
47,87,63,53,90,51
47,87,71,53,89,59
47,87,79,54,88,66
47,87,87,54,87,74
47,87,95,54,86,81
47,87,103,54,85,90
47,87,111,54,84,98
47,87,119,54,82,108
47,87,127,54,81,120
47,87,135,53,80,134
47,87,143,54,79,150
47,87,151,54,78,167
47,87,159,56,77,185
47,87,167,58,77,201
47,87,175,61,77,215
47,87,183,63,77,227
47,87,191,65,77,234
47,87,199,67,77,240
47,87,207,67,76,244
47,87,215,70,76,247
47,87,223,69,76,249
47,87,231,69,75,251
47,87,239,70,75,252
47,87,247,69,74,253
47,87,255,70,72,254
47,95,0,54,109,7
47,95,7,54,108,10
47,95,15,54,106,13
47,95,23,54,105,18
47,95,31,54,104,24
47,95,39,54,103,30
47,95,47,54,102,37
47,95,55,55,101,43
47,95,63,55,101,50
47,95,71,56,100,57
47,95,79,56,99,64
47,95,87,56,97,71
47,95,95,56,96,79
47,95,103,56,95,87
47,95,111,56,93,95
47,95,119,56,92,104
47,95,127,57,90,115
47,95,135,56,89,127
47,95,143,56,87,143
47,95,151,57,86,160
47,95,159,57,85,177
47,95,167,60,84,194
47,95,175,61,83,209
47,95,183,64,82,223
47,95,191,66,82,232
47,95,199,67,81,239
47,95,207,70,81,244
47,95,215,69,80,247
47,95,223,70,79,249
47,95,231,70,79,251
47,95,239,70,78,252
47,95,247,71,78,253
47,95,255,71,77,254
47,103,0,54,120,8
47,103,7,55,118,11
47,103,15,55,117,14
47,103,23,56,116,19
47,103,31,56,115,24
47,103,39,57,114,30
47,103,47,57,113,36
47,103,55,57,112,43
47,103,63,57,111,49
47,103,71,57,110,56
47,103,79,58,109,62
47,103,87,59,108,70
47,103,95,58,107,77
47,103,103,58,105,85
47,103,111,58,104,92
47,103,119,59,102,101
47,103,127,58,100,110
47,103,135,58,98,121
47,103,143,59,97,135
47,103,151,58,95,152
47,103,159,60,93,169
47,103,167,60,91,187
47,103,175,63,90,204
47,103,183,64,89,218
47,103,191,67,87,229
47,103,199,68,86,237
47,103,207,70,85,242
47,103,215,70,84,247
47,103,223,71,83,249
47,103,231,71,82,251
47,103,239,71,82,252
47,103,247,72,81,253
47,103,255,72,80,253
47,111,0,55,131,8
47,111,7,55,129,11
47,111,15,56,128,14
47,111,23,57,126,19
47,111,31,57,125,24
47,111,39,57,124,30
47,111,47,58,123,36
47,111,55,58,122,42
47,111,63,59,122,49
47,111,71,60,121,55
47,111,79,60,120,61
47,111,87,60,118,68
47,111,95,60,117,75
47,111,103,61,116,83
47,111,111,61,114,90
47,111,119,60,112,97
47,111,127,61,110,106
47,111,135,61,108,117
47,111,143,60,106,129
47,111,151,60,104,144
47,111,159,60,102,161
47,111,167,61,100,180
47,111,175,63,98,197
47,111,183,66,96,212
47,111,191,67,94,224
47,111,199,70,92,234
47,111,207,70,90,242
47,111,215,72,89,246
47,111,223,72,88,249
47,111,231,72,87,251
47,111,239,74,86,253
47,111,247,73,85,253
47,111,255,73,84,253
47,119,0,58,141,9
47,119,7,58,140,11
47,119,15,58,139,14
47,119,23,59,138,19
47,119,31,59,136,24
47,119,39,59,135,29
47,119,47,60,134,35
47,119,55,60,133,41
47,119,63,60,132,47
47,119,71,60,131,53
47,119,79,61,130,60
47,119,87,62,129,66
47,119,95,62,128,73
47,119,103,62,126,80
47,119,111,62,124,87
47,119,119,63,122,95
47,119,127,63,120,103
47,119,135,63,118,111
47,119,143,62,116,124
47,119,151,63,114,137
47,119,159,62,111,153
47,119,167,63,109,171
47,119,175,65,106,189
47,119,183,65,104,205
47,119,191,69,101,219
47,119,199,69,99,230
47,119,207,71,97,239
47,119,215,72,95,245
47,119,223,72,93,249
47,119,231,74,92,252
47,119,239,73,90,253
47,119,247,74,89,254
47,119,255,75,88,254
47,127,0,56,154,9
47,127,7,57,152,12
47,127,15,58,151,15
47,127,23,58,149,19
47,127,31,58,148,23
47,127,39,59,146,29
47,127,47,61,146,35
47,127,55,62,145,41
47,127,63,62,144,46
47,127,71,62,143,52
47,127,79,62,141,57
47,127,87,61,140,64
47,127,95,62,138,70
47,127,103,64,137,78
47,127,111,64,135,84
47,127,119,64,133,91
47,127,127,63,131,99
47,127,135,65,129,109
47,127,143,64,127,118
47,127,151,63,124,131
47,127,159,64,122,146
47,127,167,65,119,162
47,127,175,64,116,180
47,127,183,67,113,198
47,127,191,66,110,213
47,127,199,69,107,226
47,127,207,71,104,235
47,127,215,73,102,243
47,127,223,73,99,248
47,127,231,74,97,252
47,127,239,75,96,254
47,127,247,76,94,254
47,127,255,76,93,254
47,135,0,56,167,9
47,135,7,57,165,12
47,135,15,58,164,15
47,135,23,59,161,19
47,135,31,59,160,23
47,135,39,60,159,28
47,135,47,60,158,34
47,135,55,60,157,39
47,135,63,61,156,45
47,135,71,63,155,51
47,135,79,64,153,56
47,135,87,64,152,62
47,135,95,63,150,68
47,135,103,63,148,75
47,135,111,64,147,81
47,135,119,66,145,89
47,135,127,66,143,96
47,135,135,64,140,104
47,135,143,64,138,114
47,135,151,66,136,125
47,135,159,65,133,138
47,135,167,64,130,153
47,135,175,66,127,171
47,135,183,66,124,188
47,135,191,67,120,205
47,135,199,70,116,219
47,135,207,71,113,231
47,135,215,72,110,240
47,135,223,74,107,246
47,135,231,74,104,251
47,135,239,75,102,254
47,135,247,76,100,255
47,135,255,77,98,255
47,143,0,58,181,10
47,143,7,58,179,12
47,143,15,59,178,15
47,143,23,60,176,19
47,143,31,61,174,23
47,143,39,61,172,28
47,143,47,62,171,33
47,143,55,62,170,38
47,143,63,62,169,43
47,143,71,62,167,48
47,143,79,61,166,54
47,143,87,62,165,60
47,143,95,65,163,67
47,143,103,65,161,72
47,143,111,65,159,79
47,143,119,64,157,85
47,143,127,65,155,93
47,143,135,67,153,101
47,143,143,67,150,110
47,143,151,65,148,120
47,143,159,65,145,132
47,143,167,67,142,145
47,143,175,65,139,161
47,143,183,66,136,179
47,143,191,68,131,196
47,143,199,70,127,212
47,143,207,70,123,225
47,143,215,74,119,236
47,143,223,73,116,244
47,143,231,75,112,249
47,143,239,75,109,252
47,143,247,76,106,254
47,143,255,78,104,255
47,151,0,56,194,11
47,151,7,57,193,13
47,151,15,57,192,15
47,151,23,58,190,19
47,151,31,59,189,23
47,151,39,61,187,28
47,151,47,62,185,33
47,151,55,63,183,38
47,151,63,64,182,43
47,151,71,63,180,48
47,151,79,63,179,53
47,151,87,63,177,58
47,151,95,63,176,64
47,151,103,64,174,70
47,151,111,66,172,77
47,151,119,67,170,83
47,151,127,66,168,90
47,151,135,65,166,97
47,151,143,66,164,105
47,151,151,68,161,115
47,151,159,67,158,126
47,151,167,66,155,138
47,151,175,66,152,153
47,151,183,67,148,169
47,151,191,67,145,185
47,151,199,69,140,202
47,151,207,72,135,217
47,151,215,71,131,229
47,151,223,73,126,239
47,151,231,74,122,247
47,151,239,75,118,253
47,151,247,77,114,254
47,151,255,78,111,255
47,159,0,56,206,12
47,159,7,57,205,14
47,159,15,57,204,16
47,159,23,58,203,19
47,159,31,59,202,23
47,159,39,59,200,27
47,159,47,60,199,32
47,159,55,61,197,36
47,159,63,62,195,42
47,159,71,63,194,47
47,159,79,65,192,52
47,159,87,65,190,57
47,159,95,65,188,62
47,159,103,64,187,67
47,159,111,64,185,73
47,159,119,65,184,80
47,159,127,67,181,87
47,159,135,68,179,94
47,159,143,67,177,102
47,159,151,66,175,110
47,159,159,67,172,120
47,159,167,69,169,132
47,159,175,67,166,145
47,159,183,66,163,160
47,159,191,68,159,176
47,159,199,70,154,191
47,159,207,69,149,207
47,159,215,72,144,222
47,159,223,73,139,233
47,159,231,74,133,242
47,159,239,76,128,250
47,159,247,77,123,255
47,159,255,78,119,255
47,167,0,57,217,13
47,167,7,58,216,15
47,167,15,59,215,17
47,167,23,60,214,20
47,167,31,61,213,24
47,167,39,61,212,28
47,167,47,61,210,32
47,167,55,62,209,37
47,167,63,61,208,41
47,167,71,62,206,45
47,167,79,62,205,50
47,167,87,63,203,55
47,167,95,65,201,61
47,167,103,67,199,66
47,167,111,66,197,72
47,167,119,65,196,77
47,167,127,65,195,84
47,167,135,66,193,91
47,167,143,68,191,99
47,167,151,69,188,106
47,167,159,67,186,115
47,167,167,66,184,125
47,167,175,68,181,137
47,167,183,69,177,151
47,167,191,68,173,166
47,167,199,68,169,182
47,167,207,71,164,197
47,167,215,71,159,212
47,167,223,72,152,226
47,167,231,74,146,237
47,167,239,76,140,247
47,167,247,77,134,252
47,167,255,79,128,255
47,175,0,57,226,15
47,175,7,57,225,16
47,175,15,58,225,18
47,175,23,59,224,21
47,175,31,61,223,25
47,175,39,62,222,30
47,175,47,63,221,33
47,175,55,63,220,37
47,175,63,64,218,42
47,175,71,63,217,45
47,175,79,63,216,49
47,175,87,63,215,54
47,175,95,63,213,59
47,175,103,64,212,64
47,175,111,65,210,70
47,175,119,67,208,76
47,175,127,67,207,82
47,175,135,66,206,88
47,175,143,65,205,94
47,175,151,67,203,102
47,175,159,69,200,110
47,175,167,69,198,119
47,175,175,68,196,130
47,175,183,68,193,142
47,175,191,69,189,156
47,175,199,70,185,170
47,175,207,69,180,187
47,175,215,70,175,203
47,175,223,73,168,217
47,175,231,74,161,231
47,175,239,75,153,242
47,175,247,79,146,251
47,175,255,79,140,254
47,183,0,57,233,16
47,183,7,57,233,18
47,183,15,58,233,20
47,183,23,58,232,22
47,183,31,59,232,25
47,183,39,60,231,29
47,183,47,61,231,33
47,183,55,62,230,37
47,183,63,63,228,41
47,183,71,64,227,46
47,183,79,65,226,50
47,183,87,65,224,54
47,183,95,64,223,58
47,183,103,64,222,63
47,183,111,64,221,68
47,183,119,65,220,73
47,183,127,66,218,79
47,183,135,68,217,85
47,183,143,68,216,91
47,183,151,66,215,98
47,183,159,66,213,105
47,183,167,68,212,114
47,183,175,70,209,123
47,183,183,69,207,134
47,183,191,68,205,147
47,183,199,69,201,161
47,183,207,71,197,176
47,183,215,70,191,192
47,183,223,71,185,208
47,183,231,74,177,223
47,183,239,77,169,236
47,183,247,77,161,247
47,183,255,80,154,254
47,191,0,58,237,18
47,191,7,58,237,19
47,191,15,59,237,21
47,191,23,59,238,24
47,191,31,59,237,26
47,191,39,59,237,29
47,191,47,60,237,32
47,191,55,60,236,36
47,191,63,61,236,40
47,191,71,62,235,44
47,191,79,62,234,48
47,191,87,63,233,53
47,191,95,65,232,58
47,191,103,66,230,62
47,191,111,66,229,67
47,191,119,65,229,71
47,191,127,65,228,76
47,191,135,65,227,82
47,191,143,67,226,88
47,191,151,69,225,95
47,191,159,69,223,101
47,191,167,67,223,109
47,191,175,67,222,117
47,191,183,69,220,127
47,191,191,70,217,138
47,191,199,70,215,151
47,191,207,69,211,166
47,191,215,71,207,181
47,191,223,73,201,198
47,191,231,73,194,213
47,191,239,75,186,229
47,191,247,78,177,242
47,191,255,80,169,251
47,199,0,59,241,19
47,199,7,59,242,21
47,199,15,59,242,22
47,199,23,60,242,24
47,199,31,61,242,27
47,199,39,61,242,30
47,199,47,61,242,33
47,199,55,61,242,36
47,199,63,62,241,40
47,199,71,61,241,43
47,199,79,62,240,47
47,199,87,62,239,51
47,199,95,63,239,55
47,199,103,64,238,60
47,199,111,65,237,65
47,199,119,67,236,70
47,199,127,67,235,75
47,199,135,66,235,79
47,199,143,64,234,84
47,199,151,66,234,90
47,199,159,68,233,97
47,199,167,70,232,104
47,199,175,70,231,111
47,199,183,67,231,120
47,199,191,68,229,130
47,199,199,70,227,142
47,199,207,72,224,155
47,199,215,70,221,171
47,199,223,71,216,188
47,199,231,73,210,204
47,199,239,76,203,221
47,199,247,77,194,237
47,199,255,79,185,249
47,207,0,58,244,20
47,207,7,58,244,21
47,207,15,59,244,22
47,207,23,59,245,24
47,207,31,60,245,27
47,207,39,61,246,30
47,207,47,62,246,34
47,207,55,63,246,37
47,207,63,63,246,40
47,207,71,63,245,43
47,207,79,63,245,47
47,207,87,63,244,50
47,207,95,62,243,54
47,207,103,62,243,58
47,207,111,63,242,62
47,207,119,64,242,67
47,207,127,65,241,72
47,207,135,67,241,77
47,207,143,67,240,82
47,207,151,67,240,87
47,207,159,67,240,92
47,207,167,67,240,99
47,207,175,69,239,106
47,207,183,71,239,114
47,207,191,70,238,123
47,207,199,69,237,134
47,207,207,70,235,146
47,207,215,72,233,160
47,207,223,72,229,178
47,207,231,72,224,195
47,207,239,74,218,213
47,207,247,77,211,230
47,207,255,79,203,246
47,215,0,58,246,20
47,215,7,58,246,21
47,215,15,58,247,22
47,215,23,59,247,24
47,215,31,59,247,26
47,215,39,60,247,29
47,215,47,61,248,32
47,215,55,62,248,36
47,215,63,62,248,39
47,215,71,63,248,43
47,215,79,64,248,46
47,215,87,64,248,50
47,215,95,64,248,54
47,215,103,64,247,57
47,215,111,63,246,60
47,215,119,63,246,64
47,215,127,64,246,69
47,215,135,65,246,74
47,215,143,66,246,79
47,215,151,68,246,84
47,215,159,68,245,89
47,215,167,68,245,95
47,215,175,67,245,101
47,215,183,68,245,108
47,215,191,69,245,117
47,215,199,71,245,127
47,215,207,70,244,138
47,215,215,70,242,152
47,215,223,72,240,167
47,215,231,74,237,185
47,215,239,75,232,203
47,215,247,76,226,222
47,215,255,78,219,238
47,223,0,58,249,20
47,223,7,58,249,21
47,223,15,59,249,23
47,223,23,59,249,25
47,223,31,60,249,26
47,223,39,60,250,29
47,223,47,61,250,32
47,223,55,61,250,35
47,223,63,62,250,38
47,223,71,62,250,41
47,223,79,63,251,45
47,223,87,63,251,48
47,223,95,64,251,52
47,223,103,65,251,56
47,223,111,65,250,60
47,223,119,65,250,63
47,223,127,65,250,67
47,223,135,65,249,71
47,223,143,65,249,76
47,223,151,66,249,80
47,223,159,67,249,85
47,223,167,68,250,91
47,223,175,69,250,97
47,223,183,68,250,104
47,223,191,68,250,112
47,223,199,69,250,121
47,223,207,70,249,132
47,223,215,71,249,145
47,223,223,71,247,159
47,223,231,72,245,175
47,223,239,74,242,194
47,223,247,76,238,214
47,223,255,78,233,232
47,231,0,59,251,21
47,231,7,59,251,22
47,231,15,59,251,23
47,231,23,60,251,25
47,231,31,61,252,27
47,231,39,61,252,29
47,231,47,61,252,32
47,231,55,62,252,34
47,231,63,62,252,37
47,231,71,62,252,40
47,231,79,62,252,43
47,231,87,63,252,47
47,231,95,63,252,50
47,231,103,63,252,54
47,231,111,64,252,57
47,231,119,65,253,61
47,231,127,66,253,65
47,231,135,66,252,69
47,231,143,66,252,73
47,231,151,66,252,77
47,231,159,66,252,82
47,231,167,66,252,87
47,231,175,67,253,93
47,231,183,69,253,100
47,231,191,69,253,107
47,231,199,68,253,116
47,231,207,69,253,126
47,231,215,70,252,138
47,231,223,72,252,152
47,231,231,72,251,168
47,231,239,73,249,184
47,231,247,75,247,204
47,231,255,77,244,225
47,239,0,59,253,21
47,239,7,59,253,22
47,239,15,59,253,23
47,239,23,60,253,24
47,239,31,60,253,27
47,239,39,61,253,29
47,239,47,62,253,32
47,239,55,63,254,34
47,239,63,63,254,37
47,239,71,63,254,40
47,239,79,63,254,43
47,239,87,63,254,46
47,239,95,63,254,49
47,239,103,63,254,52
47,239,111,63,254,55
47,239,119,64,254,59
47,239,127,64,254,63
47,239,135,65,254,67
47,239,143,66,254,71
47,239,151,67,254,75
47,239,159,66,254,79
47,239,167,66,254,84
47,239,175,66,254,89
47,239,183,67,254,95
47,239,191,68,254,103
47,239,199,69,255,111
47,239,207,69,254,121
47,239,215,69,254,132
47,239,223,70,254,145
47,239,231,71,254,160
47,239,239,73,253,178
47,239,247,75,252,196
47,239,255,76,250,214
47,247,0,58,254,21
47,247,7,59,254,21
47,247,15,59,254,22
47,247,23,59,254,24
47,247,31,60,254,25
47,247,39,60,254,28
47,247,47,61,254,31
47,247,55,62,254,34
47,247,63,62,254,36
47,247,71,63,255,39
47,247,79,63,255,42
47,247,87,64,255,45
47,247,95,64,255,48
47,247,103,64,255,51
47,247,111,63,254,54
47,247,119,63,254,57
47,247,127,64,254,60
47,247,135,64,254,64
47,247,143,65,254,68
47,247,151,66,254,73
47,247,159,66,254,77
47,247,167,67,254,82
47,247,175,67,253,87
47,247,183,67,254,92
47,247,191,67,254,99
47,247,199,68,254,107
47,247,207,69,254,116
47,247,215,70,255,128
47,247,223,70,254,139
47,247,231,70,254,153
47,247,239,72,254,169
47,247,247,74,254,187
47,247,255,76,254,206
47,255,0,58,255,20
47,255,7,59,255,21
47,255,15,59,255,22
47,255,23,59,255,24
47,255,31,59,255,25
47,255,39,60,255,27
47,255,47,60,255,29
47,255,55,61,255,32
47,255,63,62,255,35
47,255,71,62,255,37
47,255,79,62,255,40
47,255,87,63,255,44
47,255,95,63,255,47
47,255,103,63,255,50
47,255,111,64,255,53
47,255,119,64,254,56
47,255,127,64,254,59
47,255,135,64,254,63
47,255,143,65,254,66
47,255,151,65,254,71
47,255,159,66,254,76
47,255,167,67,254,81
47,255,175,67,253,86
47,255,183,68,253,92
47,255,191,68,253,98
47,255,199,68,253,105
47,255,207,69,253,113
47,255,215,69,254,124
47,255,223,70,254,136
47,255,231,71,254,149
47,255,239,72,254,164
47,255,247,73,254,179
47,255,255,75,255,195
55,0,0,47,2,10
55,0,7,48,2,15
55,0,15,48,2,22
55,0,23,48,2,31
55,0,31,48,2,40
55,0,39,47,2,49
55,0,47,46,2,59
55,0,55,45,3,69
55,0,63,43,3,79
55,0,71,42,3,91
55,0,79,40,3,104
55,0,87,38,3,117
55,0,95,37,3,133
55,0,103,35,4,150
55,0,111,34,5,169
55,0,119,33,6,187
55,0,127,33,9,200
55,0,135,34,11,212
55,0,143,36,14,221
55,0,151,38,17,226
55,0,159,40,19,229
55,0,167,42,22,232
55,0,175,44,24,233
55,0,183,46,27,235
55,0,191,47,28,238
55,0,199,48,28,240
55,0,207,48,30,242
55,0,215,48,32,245
55,0,223,50,35,247
55,0,231,50,36,249
55,0,239,49,37,252
55,0,247,49,38,253
55,0,255,50,40,255
55,7,0,47,5,9
55,7,7,47,4,15
55,7,15,47,5,21
55,7,23,47,5,30
55,7,31,47,5,39
55,7,39,47,5,48
55,7,47,46,5,57
55,7,55,45,6,67
55,7,63,44,6,77
55,7,71,43,6,88
55,7,79,41,6,99
55,7,87,40,6,113
55,7,95,38,6,128
55,7,103,37,6,145
55,7,111,36,8,163
55,7,119,36,10,180
55,7,127,36,12,195
55,7,135,37,15,208
55,7,143,38,18,217
55,7,151,41,22,223
55,7,159,43,24,227
55,7,167,45,26,231
55,7,175,46,28,233
55,7,183,48,31,235
55,7,191,49,33,238
55,7,199,50,34,240
55,7,207,50,34,242
55,7,215,50,36,244
55,7,223,51,38,247
55,7,231,52,40,249
55,7,239,51,40,251
55,7,247,51,41,253
55,7,255,51,42,255
55,15,0,47,10,8
55,15,7,47,10,14
55,15,15,47,9,21
55,15,23,47,9,29
55,15,31,47,9,37
55,15,39,47,9,46
55,15,47,46,10,55
55,15,55,46,10,65
55,15,63,45,10,74
55,15,71,44,10,85
55,15,79,43,10,95
55,15,87,42,10,108
55,15,95,41,10,122
55,15,103,39,11,138
55,15,111,39,12,156
55,15,119,39,14,172
55,15,127,39,16,188
55,15,135,40,19,201
55,15,143,41,23,212
55,15,151,43,26,219
55,15,159,46,30,224
55,15,167,47,32,229
55,15,175,49,33,233
55,15,183,50,36,235
55,15,191,52,38,238
55,15,199,53,40,240
55,15,207,53,40,242
55,15,215,53,40,244
55,15,223,53,42,247
55,15,231,54,44,249
55,15,239,54,45,251
55,15,247,53,45,253
55,15,255,53,46,254
55,23,0,47,17,8
55,23,7,47,16,13
55,23,15,48,16,19
55,23,23,48,16,27
55,23,31,47,16,35
55,23,39,47,16,44
55,23,47,47,16,53
55,23,55,46,16,62
55,23,63,45,15,71
55,23,71,45,15,81
55,23,79,44,15,92
55,23,87,43,15,103
55,23,95,42,16,116
55,23,103,42,16,131
55,23,111,41,17,147
55,23,119,41,19,164
55,23,127,42,22,179
55,23,135,43,25,192
55,23,143,44,28,204
55,23,151,46,31,214
55,23,159,48,34,222
55,23,167,51,38,227
55,23,175,52,40,232
55,23,183,53,41,235
55,23,191,54,43,238
55,23,199,55,45,240
55,23,207,57,47,242
55,23,215,56,46,244
55,23,223,55,46,247
55,23,231,56,48,249
55,23,239,56,50,250
55,23,247,56,50,252
55,23,255,56,50,254
55,31,0,48,25,7
55,31,7,48,24,12
55,31,15,48,24,19
55,31,23,48,23,26
55,31,31,48,23,33
55,31,39,48,23,42
55,31,47,47,23,50
55,31,55,47,23,59
55,31,63,47,22,68
55,31,71,46,22,78
55,31,79,45,22,88
55,31,87,45,22,98
55,31,95,44,22,110
55,31,103,44,22,124
55,31,111,43,24,139
55,31,119,44,25,155
55,31,127,44,28,170
55,31,135,45,30,185
55,31,143,47,33,198
55,31,151,49,37,209
55,31,159,51,40,219
55,31,167,53,42,226
55,31,175,55,45,231
55,31,183,57,48,235
55,31,191,58,49,238
55,31,199,58,50,240
55,31,207,58,52,242
55,31,215,60,53,244
55,31,223,59,53,247
55,31,231,58,53,249
55,31,239,59,53,251
55,31,247,59,54,252
55,31,255,59,56,253
55,39,0,49,34,7
55,39,7,49,33,11
55,39,15,49,33,17
55,39,23,49,32,24
55,39,31,49,31,32
55,39,39,49,31,40
55,39,47,48,31,48
55,39,55,48,30,57
55,39,63,48,30,66
55,39,71,47,30,74
55,39,79,47,29,83
55,39,87,46,29,94
55,39,95,46,29,105
55,39,103,45,30,117
55,39,111,45,30,131
55,39,119,46,32,147
55,39,127,46,33,162
55,39,135,48,36,177
55,39,143,49,39,192
55,39,151,51,42,205
55,39,159,53,45,216
55,39,167,56,48,224
55,39,175,58,50,231
55,39,183,58,52,235
55,39,191,60,54,238
55,39,199,62,56,241
55,39,207,61,56,243
55,39,215,61,57,245
55,39,223,62,58,247
55,39,231,62,58,249
55,39,239,62,58,251
55,39,247,61,58,252
55,39,255,61,59,253
55,47,0,50,45,7
55,47,7,50,44,11
55,47,15,50,43,16
55,47,23,50,42,23
55,47,31,50,41,30
55,47,39,50,41,38
55,47,47,49,40,46
55,47,55,49,40,54
55,47,63,49,39,63
55,47,71,49,38,71
55,47,79,48,38,80
55,47,87,48,38,89
55,47,95,47,37,100
55,47,103,47,38,111
55,47,111,47,38,124
55,47,119,47,39,139
55,47,127,48,40,154
55,47,135,49,42,171
55,47,143,51,44,187
55,47,151,52,47,201
55,47,159,55,49,214
55,47,167,57,52,223
55,47,175,59,54,230
55,47,183,62,57,236
55,47,191,61,58,239
55,47,199,63,59,241
55,47,207,64,61,244
55,47,215,64,61,246
55,47,223,64,61,247
55,47,231,64,61,249
55,47,239,64,62,251
55,47,247,65,62,252
55,47,255,64,62,253
55,55,0,51,55,6
55,55,7,51,54,10
55,55,15,51,53,16
55,55,23,51,52,22
55,55,31,51,51,29
55,55,39,51,50,36
55,55,47,51,50,44
55,55,55,51,49,52
55,55,63,50,49,60
55,55,71,50,48,68
55,55,79,50,47,77
55,55,87,50,47,86
55,55,95,49,46,95
55,55,103,49,46,106
55,55,111,49,46,119
55,55,119,49,46,132
55,55,127,50,47,148
55,55,135,51,48,164
55,55,143,52,50,181
55,55,151,54,52,197
55,55,159,56,54,210
55,55,167,59,56,222
55,55,175,61,58,229
55,55,183,63,60,235
55,55,191,64,62,239
55,55,199,65,63,242
55,55,207,66,64,244
55,55,215,66,64,246
55,55,223,67,64,248
55,55,231,67,65,250
55,55,239,66,64,252
55,55,247,66,65,253
55,55,255,66,65,254
55,63,0,52,65,6
55,63,7,52,64,10
55,63,15,52,63,15
55,63,23,52,62,21
55,63,31,52,61,27
55,63,39,52,60,35
55,63,47,52,60,42
55,63,55,52,59,50
55,63,63,52,58,58
55,63,71,52,58,66
55,63,79,52,57,74
55,63,87,52,56,82
55,63,95,51,56,92
55,63,103,51,55,102
55,63,111,51,54,113
55,63,119,51,54,126
55,63,127,52,54,140
55,63,135,52,55,157
55,63,143,53,56,173
55,63,151,55,57,191
55,63,159,57,59,206
55,63,167,60,60,218
55,63,175,62,62,228
55,63,183,64,64,234
55,63,191,66,65,239
55,63,199,67,66,242
55,63,207,67,67,245
55,63,215,69,67,247
55,63,223,67,67,249
55,63,231,67,67,250
55,63,239,68,67,252
55,63,247,68,67,253
55,63,255,68,67,254
55,71,0,54,76,6
55,71,7,54,75,10
55,71,15,54,73,14
55,71,23,54,72,20
55,71,31,54,71,26
55,71,39,54,70,33
55,71,47,54,70,41
55,71,55,54,69,48
55,71,63,54,68,56
55,71,71,54,68,64
55,71,79,54,67,72
55,71,87,54,66,80
55,71,95,54,65,88
55,71,103,54,64,98
55,71,111,53,63,108
55,71,119,53,63,120
55,71,127,53,62,134
55,71,135,54,62,149
55,71,143,55,63,166
55,71,151,56,63,183
55,71,159,58,64,200
55,71,167,60,65,215
55,71,175,63,67,225
55,71,183,67,68,234
55,71,191,66,69,238
55,71,199,68,70,242
55,71,207,69,70,245
55,71,215,69,70,247
55,71,223,70,70,249
55,71,231,69,69,251
55,71,239,69,69,252
55,71,247,69,69,253
55,71,255,70,69,254
55,79,0,55,86,6
55,79,7,55,85,10
55,79,15,55,84,14
55,79,23,55,82,20
55,79,31,56,81,26
55,79,39,56,81,33
55,79,47,56,80,40
55,79,55,56,79,47
55,79,63,56,79,54
55,79,71,56,78,62
55,79,79,56,77,69
55,79,87,56,76,77
55,79,95,56,75,85
55,79,103,56,74,94
55,79,111,56,73,103
55,79,119,56,72,115
55,79,127,56,71,127
55,79,135,56,70,142
55,79,143,56,70,158
55,79,151,58,70,176
55,79,159,59,70,193
55,79,167,61,71,209
55,79,175,64,72,222
55,79,183,66,72,230
55,79,191,69,73,237
55,79,199,69,73,241
55,79,207,70,73,244
55,79,215,70,73,247
55,79,223,71,73,249
55,79,231,71,72,251
55,79,239,71,72,252
55,79,247,71,71,253
55,79,255,71,70,254
55,87,0,57,96,7
55,87,7,57,95,10
55,87,15,57,94,14
55,87,23,57,93,20
55,87,31,57,92,26
55,87,39,58,91,32
55,87,47,58,90,39
55,87,55,58,89,46
55,87,63,58,89,53
55,87,71,59,88,60
55,87,79,59,87,68
55,87,87,59,86,75
55,87,95,59,85,83
55,87,103,58,84,91
55,87,111,58,83,100
55,87,119,59,82,109
55,87,127,58,80,121
55,87,135,58,79,135
55,87,143,58,78,151
55,87,151,59,78,168
55,87,159,61,77,185
55,87,167,63,77,202
55,87,175,65,77,216
55,87,183,67,77,228
55,87,191,70,77,235
55,87,199,71,77,241
55,87,207,71,77,245
55,87,215,73,77,247
55,87,223,72,76,249
55,87,231,72,76,251
55,87,239,72,75,253
55,87,247,72,74,253
55,87,255,72,73,254
55,95,0,59,106,9
55,95,7,59,105,12
55,95,15,59,104,15
55,95,23,59,103,20
55,95,31,59,102,26
55,95,39,59,101,32
55,95,47,60,101,39
55,95,55,60,100,45
55,95,63,60,99,52
55,95,71,60,98,59
55,95,79,61,97,66
55,95,87,61,96,73
55,95,95,61,95,81
55,95,103,61,94,88
55,95,111,61,93,97
55,95,119,61,91,106
55,95,127,61,90,115
55,95,135,61,88,129
55,95,143,61,87,143
55,95,151,61,86,160
55,95,159,62,85,178
55,95,167,64,84,194
55,95,175,65,83,210
55,95,183,69,83,223
55,95,191,70,82,233
55,95,199,71,81,240
55,95,207,73,81,244
55,95,215,72,80,247
55,95,223,73,80,250
55,95,231,73,79,251
55,95,239,72,78,252
55,95,247,73,78,253
55,95,255,73,77,254
55,103,0,60,117,9
55,103,7,60,116,12
55,103,15,60,114,16
55,103,23,60,113,21
55,103,31,61,112,26
55,103,39,61,112,32
55,103,47,61,111,38
55,103,55,62,110,44
55,103,63,62,110,51
55,103,71,62,109,58
55,103,79,63,108,64
55,103,87,63,107,71
55,103,95,63,106,79
55,103,103,63,104,86
55,103,111,64,103,94
55,103,119,63,101,102
55,103,127,63,100,111
55,103,135,64,98,122
55,103,143,63,96,136
55,103,151,63,95,152
55,103,159,64,93,170
55,103,167,65,92,188
55,103,175,67,90,204
55,103,183,69,89,219
55,103,191,71,88,229
55,103,199,73,87,238
55,103,207,73,85,243
55,103,215,74,85,247
55,103,223,74,84,250
55,103,231,74,83,252
55,103,239,74,82,253
55,103,247,74,81,253
55,103,255,74,81,253
55,111,0,60,127,10
55,111,7,61,127,13
55,111,15,61,125,16
55,111,23,62,124,21
55,111,31,62,123,26
55,111,39,63,122,32
55,111,47,63,122,38
55,111,55,63,121,44
55,111,63,64,120,50
55,111,71,64,119,56
55,111,79,64,118,63
55,111,87,65,117,70
55,111,95,65,116,77
55,111,103,65,115,84
55,111,111,65,113,91
55,111,119,66,111,99
55,111,127,66,110,108
55,111,135,65,108,118
55,111,143,65,106,129
55,111,151,66,104,145
55,111,159,65,102,162
55,111,167,66,100,180
55,111,175,67,98,197
55,111,183,70,96,213
55,111,191,71,94,225
55,111,199,74,92,235
55,111,207,74,91,242
55,111,215,76,89,246
55,111,223,75,88,250
55,111,231,75,87,252
55,111,239,76,86,253
55,111,247,75,85,253
55,111,255,76,84,253
55,119,0,61,139,11
55,119,7,62,137,13
55,119,15,62,136,16
55,119,23,63,135,20
55,119,31,63,134,26
55,119,39,64,133,32
55,119,47,64,132,37
55,119,55,64,132,43
55,119,63,65,131,49
55,119,71,66,130,56
55,119,79,66,129,62
55,119,87,66,128,68
55,119,95,66,126,75
55,119,103,67,125,82
55,119,111,68,124,89
55,119,119,68,122,96
55,119,127,67,120,104
55,119,135,67,118,113
55,119,143,68,116,125
55,119,151,67,114,138
55,119,159,67,111,154
55,119,167,68,109,172
55,119,175,69,107,190
55,119,183,70,104,206
55,119,191,72,102,220
55,119,199,73,99,231
55,119,207,75,97,239
55,119,215,75,95,245
55,119,223,76,93,249
55,119,231,77,92,252
55,119,239,76,91,253
55,119,247,77,90,254
55,119,255,77,88,254
55,127,0,62,151,11
55,127,7,62,149,14
55,127,15,63,148,18
55,127,23,64,146,21
55,127,31,64,145,26
55,127,39,65,144,32
55,127,47,65,144,37
55,127,55,66,143,43
55,127,63,66,142,48
55,127,71,66,141,54
55,127,79,67,140,60
55,127,87,67,139,66
55,127,95,68,138,73
55,127,103,68,136,79
55,127,111,68,134,86
55,127,119,69,132,93
55,127,127,69,131,101
55,127,135,69,129,110
55,127,143,69,126,119
55,127,151,68,124,133
55,127,159,69,122,147
55,127,167,69,119,163
55,127,175,69,116,181
55,127,183,72,113,199
55,127,191,71,110,214
55,127,199,74,107,227
55,127,207,75,105,236
55,127,215,77,102,243
55,127,223,77,100,248
55,127,231,77,98,252
55,127,239,78,96,254
55,127,247,78,94,254
55,127,255,78,93,254
55,135,0,61,164,11
55,135,7,62,162,14
55,135,15,62,161,17
55,135,23,64,159,21
55,135,31,64,157,26
55,135,39,65,157,31
55,135,47,66,156,37
55,135,55,66,155,42
55,135,63,67,154,48
55,135,71,68,153,53
55,135,79,68,152,58
55,135,87,68,151,64
55,135,95,68,149,70
55,135,103,69,148,77
55,135,111,70,146,84
55,135,119,70,144,91
55,135,127,70,142,98
55,135,135,69,140,106
55,135,143,70,138,116
55,135,151,70,135,126
55,135,159,69,133,139
55,135,167,69,130,155
55,135,175,71,127,172
55,135,183,70,124,189
55,135,191,72,120,206
55,135,199,73,117,220
55,135,207,75,113,232
55,135,215,76,110,240
55,135,223,77,107,246
55,135,231,77,105,251
55,135,239,78,102,254
55,135,247,79,100,255
55,135,255,79,98,255
55,143,0,62,177,12
55,143,7,62,176,14
55,143,15,63,175,17
55,143,23,64,174,20
55,143,31,65,172,25
55,143,39,65,170,30
55,143,47,66,169,35
55,143,55,67,168,41
55,143,63,67,167,46
55,143,71,67,166,51
55,143,79,68,165,57
55,143,87,69,164,63
55,143,95,69,162,69
55,143,103,69,160,75
55,143,111,70,158,81
55,143,119,70,156,88
55,143,127,71,155,95
55,143,135,72,152,103
55,143,143,71,150,111
55,143,151,70,147,122
55,143,159,71,145,133
55,143,167,71,142,147
55,143,175,70,139,163
55,143,183,71,136,180
55,143,191,73,131,197
55,143,199,74,127,213
55,143,207,75,123,226
55,143,215,77,119,236
55,143,223,77,116,244
55,143,231,78,113,249
55,143,239,78,109,253
55,143,247,79,106,254
55,143,255,81,104,255
55,151,0,62,190,13
55,151,7,63,189,16
55,151,15,64,188,18
55,151,23,64,187,21
55,151,31,65,186,26
55,151,39,66,184,31
55,151,47,67,183,35
55,151,55,67,181,40
55,151,63,68,180,45
55,151,71,68,179,50
55,151,79,68,178,55
55,151,87,68,176,61
55,151,95,69,175,67
55,151,103,70,173,73
55,151,111,71,171,79
55,151,119,71,169,85
55,151,127,71,167,92
55,151,135,71,165,99
55,151,143,72,163,108
55,151,151,72,161,117
55,151,159,71,158,128
55,151,167,71,155,140
55,151,175,72,152,155
55,151,183,71,148,170
55,151,191,72,145,187
55,151,199,73,140,203
55,151,207,76,135,218
55,151,215,75,131,230
55,151,223,78,126,240
55,151,231,77,122,247
55,151,239,79,118,252
55,151,247,79,114,254
55,151,255,80,111,255
55,159,0,61,203,13
55,159,7,61,202,16
55,159,15,62,201,18
55,159,23,63,200,22
55,159,31,64,199,25
55,159,39,64,198,30
55,159,47,66,196,35
55,159,55,67,195,40
55,159,63,68,193,45
55,159,71,69,192,50
55,159,79,69,190,54
55,159,87,69,189,59
55,159,95,69,187,65
55,159,103,69,186,70
55,159,111,70,185,76
55,159,119,71,183,83
55,159,127,72,181,90
55,159,135,72,178,96
55,159,143,72,176,104
55,159,151,71,174,112
55,159,159,73,172,122
55,159,167,73,169,134
55,159,175,72,166,147
55,159,183,71,163,162
55,159,191,73,158,178
55,159,199,74,154,193
55,159,207,74,149,209
55,159,215,76,144,223
55,159,223,77,138,234
55,159,231,78,133,243
55,159,239,79,128,250
55,159,247,80,123,254
55,159,255,81,119,255
55,167,0,61,214,14
55,167,7,62,214,16
55,167,15,62,213,19
55,167,23,63,212,22
55,167,31,65,211,26
55,167,39,65,210,30
55,167,47,65,209,34
55,167,55,66,207,39
55,167,63,66,206,43
55,167,71,67,205,48
55,167,79,68,203,53
55,167,87,69,202,59
55,167,95,70,200,64
55,167,103,70,198,69
55,167,111,70,197,74
55,167,119,70,196,80
55,167,127,70,194,86
55,167,135,72,193,94
55,167,143,73,190,101
55,167,151,73,188,108
55,167,159,72,186,117
55,167,167,71,184,127
55,167,175,74,180,140
55,167,183,73,177,153
55,167,191,72,173,167
55,167,199,73,169,183
55,167,207,75,164,199
55,167,215,75,158,214
55,167,223,76,152,227
55,167,231,79,145,238
55,167,239,79,139,247
55,167,247,80,134,252
55,167,255,82,128,255
55,175,0,62,224,17
55,175,7,62,224,18
55,175,15,63,223,20
55,175,23,64,223,23
55,175,31,65,222,27
55,175,39,66,221,31
55,175,47,67,220,35
55,175,55,67,218,39
55,175,63,68,217,44
55,175,71,67,216,48
55,175,79,68,215,52
55,175,87,68,214,57
55,175,95,68,213,62
55,175,103,69,211,67
55,175,111,71,209,73
55,175,119,71,208,78
55,175,127,71,206,84
55,175,135,71,205,90
55,175,143,71,204,97
55,175,151,72,202,105
55,175,159,74,200,113
55,175,167,73,198,121
55,175,175,73,196,132
55,175,183,73,193,145
55,175,191,74,189,158
55,175,199,74,185,172
55,175,207,73,180,189
55,175,215,75,174,204
55,175,223,77,167,219
55,175,231,77,160,232
55,175,239,79,153,243
55,175,247,82,146,252
55,175,255,82,140,254
55,183,0,61,232,18
55,183,7,62,232,20
55,183,15,62,232,22
55,183,23,63,231,24
55,183,31,64,231,27
55,183,39,65,231,31
55,183,47,66,230,36
55,183,55,67,229,40
55,183,63,68,228,44
55,183,71,69,226,48
55,183,79,69,225,52
55,183,87,69,224,56
55,183,95,68,223,60
55,183,103,69,222,65
55,183,111,69,221,70
55,183,119,70,219,76
55,183,127,72,218,82
55,183,135,72,216,88
55,183,143,72,215,94
55,183,151,71,215,100
55,183,159,71,213,108
55,183,167,73,211,116
55,183,175,74,209,126
55,183,183,73,207,136
55,183,191,72,205,149
55,183,199,73,201,163
55,183,207,75,197,178
55,183,215,74,191,194
55,183,223,75,184,209
55,183,231,78,176,224
55,183,239,80,168,237
55,183,247,80,161,247
55,183,255,83,153,254
55,191,0,61,237,19
55,191,7,62,237,21
55,191,15,62,237,23
55,191,23,63,237,25
55,191,31,63,237,28
55,191,39,64,237,31
55,191,47,64,236,34
55,191,55,65,236,39
55,191,63,66,235,42
55,191,71,67,235,47
55,191,79,68,234,51
55,191,87,69,233,56
55,191,95,70,231,60
55,191,103,70,230,64
55,191,111,70,229,69
55,191,119,69,228,74
55,191,127,69,228,79
55,191,135,70,227,85
55,191,143,72,226,91
55,191,151,73,224,97
55,191,159,73,223,103
55,191,167,72,223,111
55,191,175,72,222,119
55,191,183,74,220,129
55,191,191,74,217,140
55,191,199,74,215,153
55,191,207,74,211,168
55,191,215,75,206,183
55,191,223,76,200,199
55,191,231,77,193,215
55,191,239,78,185,230
55,191,247,81,177,243
55,191,255,83,169,251
55,199,0,62,241,20
55,199,7,62,241,22
55,199,15,62,241,23
55,199,23,63,241,26
55,199,31,64,242,29
55,199,39,65,242,32
55,199,47,65,242,35
55,199,55,65,241,38
55,199,63,66,241,42
55,199,71,66,240,45
55,199,79,66,240,49
55,199,87,66,239,53
55,199,95,67,239,58
55,199,103,69,238,63
55,199,111,70,237,68
55,199,119,70,236,72
55,199,127,70,235,77
55,199,135,70,235,82
55,199,143,69,234,87
55,199,151,71,234,93
55,199,159,73,233,100
55,199,167,74,232,106
55,199,175,73,231,114
55,199,183,72,230,122
55,199,191,73,229,132
55,199,199,75,227,144
55,199,207,75,224,157
55,199,215,74,220,173
55,199,223,75,216,189
55,199,231,77,209,206
55,199,239,79,202,222
55,199,247,80,194,238
55,199,255,82,185,250
55,207,0,62,244,21
55,207,7,62,244,22
55,207,15,63,244,24
55,207,23,63,245,26
55,207,31,64,245,29
55,207,39,65,246,32
55,207,47,66,246,35
55,207,55,66,246,38
55,207,63,66,246,42
55,207,71,67,245,45
55,207,79,66,245,49
55,207,87,67,244,52
55,207,95,66,244,56
55,207,103,67,243,60
55,207,111,67,243,65
55,207,119,69,242,70
55,207,127,70,242,75
55,207,135,71,241,79
55,207,143,71,241,84
55,207,151,71,240,89
55,207,159,71,240,95
55,207,167,72,240,101
55,207,175,73,240,109
55,207,183,74,239,116
55,207,191,74,238,125
55,207,199,73,237,136
55,207,207,74,235,148
55,207,215,76,233,162
55,207,223,75,229,179
55,207,231,76,224,196
55,207,239,78,218,214
55,207,247,81,211,232
55,207,255,82,203,246
55,215,0,61,246,21
55,215,7,61,246,23
55,215,15,62,247,24
55,215,23,62,247,26
55,215,31,63,247,28
55,215,39,64,248,31
55,215,47,65,248,34
55,215,55,66,249,38
55,215,63,66,249,41
55,215,71,67,249,45
55,215,79,67,249,49
55,215,87,67,248,52
55,215,95,68,248,55
55,215,103,67,247,59
55,215,111,67,247,63
55,215,119,67,247,67
55,215,127,68,246,71
55,215,135,69,246,76
55,215,143,71,246,81
55,215,151,72,246,86
55,215,159,72,246,91
55,215,167,71,245,97
55,215,175,71,246,103
55,215,183,72,246,111
55,215,191,74,246,120
55,215,199,74,245,129
55,215,207,73,244,140
55,215,215,74,242,154
55,215,223,75,240,169
55,215,231,77,236,187
55,215,239,78,232,205
55,215,247,79,226,223
55,215,255,81,219,240
55,223,0,61,249,21
55,223,7,61,249,23
55,223,15,62,249,24
55,223,23,62,250,26
55,223,31,63,250,28
55,223,39,63,250,30
55,223,47,64,250,33
55,223,55,65,250,37
55,223,63,65,251,40
55,223,71,66,251,43
55,223,79,66,251,47
55,223,87,67,251,51
55,223,95,67,251,54
55,223,103,68,251,58
55,223,111,68,251,61
55,223,119,68,250,65
55,223,127,68,250,69
55,223,135,68,250,73
55,223,143,69,250,78
55,223,151,70,250,83
55,223,159,71,250,88
55,223,167,72,250,94
55,223,175,72,250,99
55,223,183,71,250,106
55,223,191,71,250,114
55,223,199,73,250,124
55,223,207,74,250,135
55,223,215,75,249,147
55,223,223,74,247,161
55,223,231,75,245,177
55,223,239,78,242,196
55,223,247,79,238,215
55,223,255,80,233,233
55,231,0,61,251,22
55,231,7,62,251,23
55,231,15,62,251,24
55,231,23,63,252,26
55,231,31,63,252,28
55,231,39,64,252,31
55,231,47,64,252,33
55,231,55,64,252,36
55,231,63,65,253,39
55,231,71,65,253,42
55,231,79,65,253,45
55,231,87,66,253,49
55,231,95,66,253,52
55,231,103,67,253,56
55,231,111,67,253,60
55,231,119,68,253,63
55,231,127,69,253,67
55,231,135,69,253,71
55,231,143,69,252,75
55,231,151,69,252,80
55,231,159,69,252,84
55,231,167,70,253,90
55,231,175,71,253,95
55,231,183,72,253,102
55,231,191,72,253,109
55,231,199,72,253,118
55,231,207,72,253,128
55,231,215,73,253,140
55,231,223,75,252,154
55,231,231,75,251,170
55,231,239,76,249,186
55,231,247,78,247,206
55,231,255,80,244,227
55,239,0,61,253,22
55,239,7,62,253,23
55,239,15,62,253,24
55,239,23,63,253,26
55,239,31,63,253,28
55,239,39,64,253,31
55,239,47,65,254,34
55,239,55,65,254,36
55,239,63,65,254,38
55,239,71,66,254,41
55,239,79,66,254,44
55,239,87,66,254,47
55,239,95,66,254,51
55,239,103,66,254,54
55,239,111,66,254,57
55,239,119,67,254,61
55,239,127,67,254,65
55,239,135,68,254,69
55,239,143,69,254,73
55,239,151,69,254,77
55,239,159,69,254,81
55,239,167,69,254,86
55,239,175,70,254,91
55,239,183,70,254,98
55,239,191,72,255,105
55,239,199,73,255,114
55,239,207,72,254,123
55,239,215,72,254,134
55,239,223,73,254,147
55,239,231,75,254,162
55,239,239,76,253,180
55,239,247,77,252,197
55,239,255,79,250,216
55,247,0,61,254,22
55,247,7,61,254,23
55,247,15,61,254,24
55,247,23,62,254,25
55,247,31,62,254,27
55,247,39,63,254,29
55,247,47,64,254,32
55,247,55,65,255,35
55,247,63,65,255,38
55,247,71,66,255,41
55,247,79,66,255,44
55,247,87,66,255,47
55,247,95,66,255,50
55,247,103,66,255,53
55,247,111,66,254,56
55,247,119,66,254,59
55,247,127,66,254,62
55,247,135,67,254,66
55,247,143,68,254,70
55,247,151,69,254,75
55,247,159,70,254,79
55,247,167,70,254,84
55,247,175,70,254,89
55,247,183,69,254,94
55,247,191,70,254,101
55,247,199,71,254,109
55,247,207,72,255,119
55,247,215,73,255,130
55,247,223,72,254,141
55,247,231,73,254,156
55,247,239,75,254,172
55,247,247,77,254,189
55,247,255,78,254,207
55,255,0,61,255,21
55,255,7,61,255,22
55,255,15,61,255,23
55,255,23,61,255,25
55,255,31,62,255,26
55,255,39,62,255,28
55,255,47,63,255,30
55,255,55,63,255,33
55,255,63,64,255,36
55,255,71,64,255,39
55,255,79,65,255,42
55,255,87,66,255,46
55,255,95,66,255,49
55,255,103,66,255,52
55,255,111,67,255,55
55,255,119,66,255,58
55,255,127,66,254,61
55,255,135,67,254,65
55,255,143,67,254,68
55,255,151,68,254,73
55,255,159,69,254,78
55,255,167,69,254,83
55,255,175,70,254,88
55,255,183,70,253,94
55,255,191,70,253,100
55,255,199,71,253,107
55,255,207,71,254,115
55,255,215,72,254,126
55,255,223,73,254,138
55,255,231,74,254,151
55,255,239,74,254,166
55,255,247,76,254,181
55,255,255,77,255,197
63,0,0,55,1,11
63,0,7,55,1,16
63,0,15,55,1,23
63,0,23,55,1,32
63,0,31,55,1,41
63,0,39,54,2,50
63,0,47,54,2,60
63,0,55,53,2,69
63,0,63,51,3,80
63,0,71,50,3,91
63,0,79,48,3,103
63,0,87,46,3,117
63,0,95,44,3,133
63,0,103,43,4,152
63,0,111,41,5,170
63,0,119,40,6,188
63,0,127,40,8,204
63,0,135,40,11,215
63,0,143,41,15,222
63,0,151,43,17,226
63,0,159,46,20,229
63,0,167,47,22,232
63,0,175,49,25,234
63,0,183,50,27,235
63,0,191,50,28,238
63,0,199,51,28,240
63,0,207,51,30,242
63,0,215,52,32,244
63,0,223,52,35,247
63,0,231,52,36,249
63,0,239,52,37,251
63,0,247,51,38,253
63,0,255,52,40,255
63,7,0,54,4,10
63,7,7,55,4,16
63,7,15,55,4,23
63,7,23,55,4,31
63,7,31,55,4,40
63,7,39,54,4,49
63,7,47,54,5,58
63,7,55,53,5,68
63,7,63,51,5,78
63,7,71,50,6,88
63,7,79,49,6,99
63,7,87,47,6,113
63,7,95,46,5,128
63,7,103,45,6,145
63,7,111,44,7,164
63,7,119,43,9,181
63,7,127,42,12,199
63,7,135,43,15,210
63,7,143,44,19,218
63,7,151,46,22,223
63,7,159,48,24,227
63,7,167,49,27,231
63,7,175,50,29,233
63,7,183,52,32,235
63,7,191,53,33,238
63,7,199,53,33,240
63,7,207,53,34,242
63,7,215,53,36,244
63,7,223,54,38,246
63,7,231,54,40,249
63,7,239,54,40,251
63,7,247,53,41,253
63,7,255,53,42,254
63,15,0,54,9,9
63,15,7,54,9,15
63,15,15,54,8,21
63,15,23,55,8,30
63,15,31,54,8,38
63,15,39,54,9,47
63,15,47,54,9,56
63,15,55,53,9,66
63,15,63,52,9,75
63,15,71,51,9,85
63,15,79,50,9,96
63,15,87,49,9,109
63,15,95,48,9,123
63,15,103,46,10,139
63,15,111,46,11,157
63,15,119,45,13,174
63,15,127,45,16,190
63,15,135,45,19,203
63,15,143,46,23,213
63,15,151,48,27,219
63,15,159,50,30,225
63,15,167,51,32,230
63,15,175,53,34,233
63,15,183,54,36,235
63,15,191,55,39,238
63,15,199,56,39,240
63,15,207,56,40,242
63,15,215,56,40,244
63,15,223,55,42,246
63,15,231,56,44,248
63,15,239,56,45,251
63,15,247,55,45,253
63,15,255,55,45,254
63,23,0,54,15,9
63,23,7,54,15,14
63,23,15,54,15,21
63,23,23,55,14,28
63,23,31,54,14,36
63,23,39,54,14,45
63,23,47,54,14,54
63,23,55,53,15,63
63,23,63,52,15,72
63,23,71,52,14,82
63,23,79,51,14,92
63,23,87,50,14,104
63,23,95,49,15,117
63,23,103,48,15,132
63,23,111,48,16,149
63,23,119,47,18,166
63,23,127,48,21,180
63,23,135,48,24,194
63,23,143,50,28,206
63,23,151,51,32,215
63,23,159,52,35,222
63,23,167,55,38,228
63,23,175,56,40,232
63,23,183,57,41,235
63,23,191,58,44,238
63,23,199,59,46,240
63,23,207,59,46,242
63,23,215,59,46,244
63,23,223,58,47,247
63,23,231,58,48,249
63,23,239,59,50,250
63,23,247,58,50,252
63,23,255,58,50,254
63,31,0,54,23,8
63,31,7,55,23,13
63,31,15,55,22,20
63,31,23,55,22,27
63,31,31,55,22,35
63,31,39,54,22,43
63,31,47,54,21,52
63,31,55,54,21,61
63,31,63,53,21,69
63,31,71,52,21,79
63,31,79,52,21,88
63,31,87,51,21,99
63,31,95,50,21,111
63,31,103,50,22,125
63,31,111,50,23,140
63,31,119,50,24,157
63,31,127,50,27,172
63,31,135,51,30,186
63,31,143,52,33,199
63,31,151,54,37,210
63,31,159,55,40,219
63,31,167,57,43,226
63,31,175,59,46,232
63,31,183,60,48,235
63,31,191,61,49,238
63,31,199,61,51,241
63,31,207,61,52,243
63,31,215,63,53,245
63,31,223,62,53,247
63,31,231,61,53,249
63,31,239,61,53,250
63,31,247,61,55,252
63,31,255,61,55,253
63,39,0,55,32,8
63,39,7,55,31,13
63,39,15,55,31,19
63,39,23,55,30,26
63,39,31,55,30,33
63,39,39,55,29,41
63,39,47,55,29,49
63,39,55,54,29,58
63,39,63,54,29,67
63,39,71,54,29,75
63,39,79,53,29,85
63,39,87,52,28,95
63,39,95,52,28,106
63,39,103,52,29,119
63,39,111,52,29,133
63,39,119,52,31,148
63,39,127,52,33,164
63,39,135,53,36,179
63,39,143,54,39,193
63,39,151,56,42,206
63,39,159,57,45,217
63,39,167,59,47,225
63,39,175,61,50,231
63,39,183,62,52,236
63,39,191,63,54,239
63,39,199,65,56,241
63,39,207,64,56,243
63,39,215,64,57,245
63,39,223,65,58,247
63,39,231,64,58,249
63,39,239,64,58,251
63,39,247,64,58,252
63,39,255,63,59,253
63,47,0,56,42,7
63,47,7,56,42,12
63,47,15,56,41,18
63,47,23,56,40,24
63,47,31,56,39,31
63,47,39,56,39,39
63,47,47,56,38,47
63,47,55,55,38,56
63,47,63,55,38,64
63,47,71,55,37,72
63,47,79,54,37,81
63,47,87,54,37,90
63,47,95,54,37,101
63,47,103,53,37,112
63,47,111,53,37,126
63,47,119,53,38,140
63,47,127,54,39,156
63,47,135,55,41,172
63,47,143,56,44,188
63,47,151,57,47,202
63,47,159,59,49,214
63,47,167,61,52,224
63,47,175,63,54,231
63,47,183,65,57,236
63,47,191,65,58,239
63,47,199,66,60,242
63,47,207,68,61,244
63,47,215,67,61,246
63,47,223,67,62,248
63,47,231,67,62,249
63,47,239,67,62,251
63,47,247,66,62,252
63,47,255,66,62,253
63,55,0,57,53,7
63,55,7,57,52,11
63,55,15,57,51,17
63,55,23,57,50,23
63,55,31,57,49,30
63,55,39,57,49,37
63,55,47,57,48,45
63,55,55,57,48,53
63,55,63,56,47,61
63,55,71,56,47,69
63,55,79,56,46,78
63,55,87,56,46,86
63,55,95,55,45,96
63,55,103,55,45,107
63,55,111,55,45,120
63,55,119,55,45,134
63,55,127,55,46,149
63,55,135,56,48,165
63,55,143,57,49,181
63,55,151,59,52,197
63,55,159,60,54,211
63,55,167,63,56,222
63,55,175,64,58,230
63,55,183,66,60,236
63,55,191,68,62,240
63,55,199,68,63,242
63,55,207,69,64,244
63,55,215,69,65,246
63,55,223,70,65,248
63,55,231,69,65,250
63,55,239,68,65,252
63,55,247,68,65,253
63,55,255,68,66,254
63,63,0,58,63,7
63,63,7,58,62,11
63,63,15,58,61,16
63,63,23,58,60,22
63,63,31,58,59,29
63,63,39,58,59,36
63,63,47,58,58,44
63,63,55,58,58,51
63,63,63,58,57,59
63,63,71,58,56,67
63,63,79,58,56,75
63,63,87,57,55,83
63,63,95,57,55,93
63,63,103,57,54,103
63,63,111,57,54,115
63,63,119,57,53,128
63,63,127,57,54,142
63,63,135,57,54,158
63,63,143,58,55,175
63,63,151,60,57,191
63,63,159,62,59,207
63,63,167,64,60,219
63,63,175,66,62,229
63,63,183,68,64,235
63,63,191,69,65,239
63,63,199,70,67,243
63,63,207,71,67,245
63,63,215,71,68,247
63,63,223,70,67,249
63,63,231,70,67,251
63,63,239,71,68,252
63,63,247,70,67,253
63,63,255,70,67,254
63,71,0,59,73,7
63,71,7,59,72,11
63,71,15,59,71,16
63,71,23,59,70,21
63,71,31,59,69,28
63,71,39,59,69,35
63,71,47,59,68,42
63,71,55,60,67,50
63,71,63,60,67,57
63,71,71,60,66,65
63,71,79,59,66,73
63,71,87,59,65,81
63,71,95,59,64,89
63,71,103,59,63,99
63,71,111,59,63,109
63,71,119,59,62,121
63,71,127,59,62,135
63,71,135,59,62,150
63,71,143,59,62,167
63,71,151,61,63,184
63,71,159,63,64,200
63,71,167,65,65,216
63,71,175,67,67,226
63,71,183,70,68,234
63,71,191,70,69,239
63,71,199,72,70,242
63,71,207,72,71,245
63,71,215,72,70,247
63,71,223,73,70,250
63,71,231,72,70,251
63,71,239,72,70,252
63,71,247,72,70,253
63,71,255,72,69,254
63,79,0,60,83,7
63,79,7,60,82,11
63,79,15,61,81,16
63,79,23,61,80,21
63,79,31,61,79,27
63,79,39,61,79,34
63,79,47,61,78,41
63,79,55,61,78,48
63,79,63,61,77,56
63,79,71,61,76,63
63,79,79,62,76,71
63,79,87,61,75,78
63,79,95,61,74,86
63,79,103,61,73,95
63,79,111,61,72,104
63,79,119,61,71,116
63,79,127,61,70,128
63,79,135,61,70,143
63,79,143,61,69,159
63,79,151,62,70,176
63,79,159,64,70,194
63,79,167,66,71,209
63,79,175,68,72,223
63,79,183,70,72,232
63,79,191,73,73,238
63,79,199,73,73,242
63,79,207,74,74,245
63,79,215,74,74,247
63,79,223,74,73,249
63,79,231,74,73,251
63,79,239,73,72,253
63,79,247,73,71,253
63,79,255,73,71,254
63,87,0,62,93,8
63,87,7,62,92,12
63,87,15,62,91,16
63,87,23,62,90,21
63,87,31,63,89,27
63,87,39,63,89,34
63,87,47,63,88,41
63,87,55,63,88,48
63,87,63,63,87,54
63,87,71,63,87,62
63,87,79,64,86,69
63,87,87,64,85,76
63,87,95,63,84,84
63,87,103,63,83,92
63,87,111,64,82,101
63,87,119,63,81,111
63,87,127,63,80,122
63,87,135,63,78,135
63,87,143,63,78,151
63,87,151,64,77,168
63,87,159,65,77,186
63,87,167,67,77,203
63,87,175,69,77,217
63,87,183,71,77,230
63,87,191,73,77,236
63,87,199,75,78,242
63,87,207,75,77,245
63,87,215,75,77,247
63,87,223,75,76,249
63,87,231,75,76,251
63,87,239,75,75,253
63,87,247,74,74,254
63,87,255,74,73,254
63,95,0,64,103,10
63,95,7,64,102,13
63,95,15,64,101,17
63,95,23,64,100,21
63,95,31,64,100,27
63,95,39,64,99,34
63,95,47,65,99,40
63,95,55,65,98,47
63,95,63,65,97,53
63,95,71,65,97,60
63,95,79,66,96,67
63,95,87,66,95,74
63,95,95,66,94,82
63,95,103,66,93,90
63,95,111,66,92,98
63,95,119,66,90,106
63,95,127,66,89,117
63,95,135,66,88,130
63,95,143,65,87,144
63,95,151,66,86,161
63,95,159,67,85,178
63,95,167,68,84,195
63,95,175,70,83,212
63,95,183,72,83,224
63,95,191,74,82,234
63,95,199,75,82,240
63,95,207,77,81,245
63,95,215,76,81,248
63,95,223,77,80,250
63,95,231,76,79,251
63,95,239,75,79,252
63,95,247,76,79,253
63,95,255,75,77,254
63,103,0,65,114,10
63,103,7,65,113,13
63,103,15,65,112,17
63,103,23,65,111,22
63,103,31,66,110,28
63,103,39,66,109,34
63,103,47,66,109,40
63,103,55,67,108,46
63,103,63,67,108,53
63,103,71,67,107,59
63,103,79,67,106,66
63,103,87,68,105,73
63,103,95,68,104,80
63,103,103,68,103,88
63,103,111,68,102,95
63,103,119,68,100,103
63,103,127,68,99,113
63,103,135,68,97,123
63,103,143,68,96,137
63,103,151,68,94,153
63,103,159,68,93,171
63,103,167,69,92,188
63,103,175,71,91,205
63,103,183,73,89,220
63,103,191,75,88,230
63,103,199,76,87,239
63,103,207,77,86,244
63,103,215,78,85,248
63,103,223,77,84,250
63,103,231,77,83,252
63,103,239,77,83,253
63,103,247,77,82,253
63,103,255,77,81,254
63,111,0,66,124,11
63,111,7,66,123,14
63,111,15,66,123,18
63,111,23,67,121,22
63,111,31,67,120,28
63,111,39,67,120,34
63,111,47,68,119,40
63,111,55,68,119,46
63,111,63,68,118,52
63,111,71,69,118,58
63,111,79,69,117,65
63,111,87,70,116,72
63,111,95,70,115,78
63,111,103,70,113,86
63,111,111,71,112,93
63,111,119,71,110,100
63,111,127,70,109,109
63,111,135,70,107,119
63,111,143,70,106,130
63,111,151,70,104,146
63,111,159,70,102,163
63,111,167,71,100,181
63,111,175,72,98,198
63,111,183,74,96,214
63,111,191,76,95,226
63,111,199,77,93,236
63,111,207,78,91,243
63,111,215,79,90,247
63,111,223,79,89,250
63,111,231,79,88,252
63,111,239,78,87,253
63,111,247,78,86,254
63,111,255,78,85,253
63,119,0,66,135,12
63,119,7,66,134,15
63,119,15,67,133,18
63,119,23,67,132,22
63,119,31,68,131,28
63,119,39,69,131,34
63,119,47,69,130,40
63,119,55,70,130,45
63,119,63,70,129,51
63,119,71,70,128,57
63,119,79,71,127,64
63,119,87,71,126,70
63,119,95,71,125,77
63,119,103,72,124,84
63,119,111,72,122,91
63,119,119,72,121,98
63,119,127,72,119,106
63,119,135,73,117,115
63,119,143,72,115,126
63,119,151,72,113,139
63,119,159,72,111,155
63,119,167,72,109,172
63,119,175,73,107,191
63,119,183,75,104,207
63,119,191,76,102,221
63,119,199,77,100,232
63,119,207,79,97,240
63,119,215,79,96,246
63,119,223,80,94,250
63,119,231,80,93,252
63,119,239,79,91,253
63,119,247,80,90,254
63,119,255,80,89,254
63,127,0,66,147,12
63,127,7,67,146,15
63,127,15,68,145,19
63,127,23,68,144,23
63,127,31,69,143,28
63,127,39,69,142,33
63,127,47,70,141,39
63,127,55,70,141,45
63,127,63,71,140,50
63,127,71,71,139,56
63,127,79,72,139,63
63,127,87,72,137,69
63,127,95,73,136,75
63,127,103,73,135,81
63,127,111,73,133,88
63,127,119,74,132,95
63,127,127,74,130,103
63,127,135,74,128,111
63,127,143,74,126,121
63,127,151,74,124,134
63,127,159,73,121,148
63,127,167,73,119,164
63,127,175,74,116,182
63,127,183,75,114,200
63,127,191,76,111,215
63,127,199,78,108,227
63,127,207,79,105,237
63,127,215,80,102,243
63,127,223,80,100,249
63,127,231,80,98,252
63,127,239,81,96,254
63,127,247,81,95,254
63,127,255,81,93,254
63,135,0,66,160,13
63,135,7,67,159,16
63,135,15,68,158,19
63,135,23,69,156,24
63,135,31,70,155,29
63,135,39,70,154,33
63,135,47,71,153,39
63,135,55,71,153,44
63,135,63,72,152,50
63,135,71,72,151,55
63,135,79,72,150,61
63,135,87,73,149,67
63,135,95,74,148,73
63,135,103,74,146,80
63,135,111,74,145,86
63,135,119,75,143,92
63,135,127,75,141,100
63,135,135,75,139,108
63,135,143,75,137,118
63,135,151,75,135,128
63,135,159,74,132,141
63,135,167,75,130,156
63,135,175,75,127,173
63,135,183,75,124,190
63,135,191,77,120,208
63,135,199,78,117,221
63,135,207,79,113,233
63,135,215,80,110,241
63,135,223,81,108,247
63,135,231,81,105,251
63,135,239,82,103,254
63,135,247,82,100,255
63,135,255,82,99,255
63,143,0,66,174,13
63,143,7,67,173,16
63,143,15,67,172,18
63,143,23,68,170,22
63,143,31,69,169,28
63,143,39,70,167,33
63,143,47,71,167,38
63,143,55,72,166,44
63,143,63,72,165,49
63,143,71,73,164,54
63,143,79,73,163,60
63,143,87,73,162,65
63,143,95,74,160,71
63,143,103,74,159,77
63,143,111,75,157,84
63,143,119,76,155,91
63,143,127,76,154,97
63,143,135,76,152,105
63,143,143,76,149,113
63,143,151,76,147,124
63,143,159,76,145,135
63,143,167,75,142,148
63,143,175,75,139,164
63,143,183,77,135,182
63,143,191,77,132,198
63,143,199,78,128,214
63,143,207,79,123,227
63,143,215,80,120,237
63,143,223,81,116,244
63,143,231,82,113,250
63,143,239,82,110,253
63,143,247,82,107,254
63,143,255,83,105,255
63,151,0,66,187,15
63,151,7,67,186,17
63,151,15,68,185,20
63,151,23,68,184,23
63,151,31,69,183,27
63,151,39,70,181,33
63,151,47,71,180,38
63,151,55,72,179,42
63,151,63,72,178,48
63,151,71,73,177,53
63,151,79,73,176,58
63,151,87,74,175,64
63,151,95,75,173,70
63,151,103,75,172,76
63,151,111,75,170,81
63,151,119,76,168,88
63,151,127,76,166,94
63,151,135,77,165,102
63,151,143,77,163,110
63,151,151,77,160,119
63,151,159,76,157,130
63,151,167,76,155,142
63,151,175,77,152,156
63,151,183,76,148,172
63,151,191,77,144,189
63,151,199,78,140,205
63,151,207,79,135,220
63,151,215,80,131,231
63,151,223,81,126,240
63,151,231,81,122,247
63,151,239,82,118,252
63,151,247,83,114,254
63,151,255,83,111,255
63,159,0,66,200,15
63,159,7,66,199,17
63,159,15,67,198,20
63,159,23,69,197,24
63,159,31,69,196,28
63,159,39,70,195,33
63,159,47,71,194,38
63,159,55,72,193,43
63,159,63,72,191,47
63,159,71,73,190,52
63,159,79,73,189,57
63,159,87,74,187,62
63,159,95,74,186,67
63,159,103,75,185,73
63,159,111,76,184,80
63,159,119,76,182,86
63,159,127,77,180,92
63,159,135,77,178,99
63,159,143,77,176,106
63,159,151,77,174,115
63,159,159,78,171,124
63,159,167,77,168,136
63,159,175,77,166,148
63,159,183,77,162,164
63,159,191,77,158,179
63,159,199,78,154,195
63,159,207,79,149,210
63,159,215,81,143,224
63,159,223,80,138,235
63,159,231,82,133,244
63,159,239,82,128,250
63,159,247,83,123,254
63,159,255,84,119,255
63,167,0,65,211,16
63,167,7,66,211,18
63,167,15,67,210,20
63,167,23,68,210,24
63,167,31,69,209,28
63,167,39,70,208,32
63,167,47,70,207,37
63,167,55,71,206,42
63,167,63,72,204,47
63,167,71,73,203,52
63,167,79,74,202,57
63,167,87,74,200,61
63,167,95,75,199,66
63,167,103,75,197,71
63,167,111,75,196,77
63,167,119,76,195,83
63,167,127,76,194,90
63,167,135,78,192,97
63,167,143,78,190,103
63,167,151,78,188,111
63,167,159,77,186,119
63,167,167,78,184,129
63,167,175,78,180,142
63,167,183,77,177,155
63,167,191,77,173,170
63,167,199,78,169,185
63,167,207,79,164,201
63,167,215,79,158,215
63,167,223,81,151,229
63,167,231,82,145,239
63,167,239,83,139,248
63,167,247,84,133,252
63,167,255,84,128,255
63,175,0,66,222,18
63,175,7,66,222,20
63,175,15,67,221,22
63,175,23,67,221,25
63,175,31,69,220,28
63,175,39,70,219,33
63,175,47,71,218,37
63,175,55,71,217,41
63,175,63,72,216,46
63,175,71,72,215,50
63,175,79,73,214,55
63,175,87,73,213,60
63,175,95,74,212,65
63,175,103,75,210,70
63,175,111,76,209,75
63,175,119,76,207,81
63,175,127,76,206,87
63,175,135,76,205,93
63,175,143,77,204,100
63,175,151,78,202,108
63,175,159,78,200,115
63,175,167,78,198,124
63,175,175,78,196,134
63,175,183,78,193,147
63,175,191,78,189,160
63,175,199,78,185,175
63,175,207,78,180,191
63,175,215,80,174,206
63,175,223,80,167,220
63,175,231,81,159,233
63,175,239,83,152,244
63,175,247,85,145,252
63,175,255,85,140,254
63,183,0,66,231,20
63,183,7,67,231,22
63,183,15,67,231,24
63,183,23,68,231,26
63,183,31,69,230,30
63,183,39,70,229,33
63,183,47,71,229,38
63,183,55,71,228,42
63,183,63,72,227,46
63,183,71,73,225,50
63,183,79,73,224,54
63,183,87,73,223,59
63,183,95,73,222,63
63,183,103,74,221,68
63,183,111,74,220,73
63,183,119,76,219,79
63,183,127,76,217,85
63,183,135,77,216,90
63,183,143,77,215,96
63,183,151,76,214,103
63,183,159,77,213,111
63,183,167,79,211,119
63,183,175,78,209,128
63,183,183,78,207,138
63,183,191,77,204,151
63,183,199,79,201,165
63,183,207,79,196,180
63,183,215,79,190,196
63,183,223,80,184,211
63,183,231,82,176,226
63,183,239,83,168,238
63,183,247,84,160,248
63,183,255,86,152,255
63,191,0,65,236,21
63,191,7,66,236,22
63,191,15,66,236,24
63,191,23,67,236,27
63,191,31,68,236,30
63,191,39,68,236,33
63,191,47,69,236,37
63,191,55,70,236,41
63,191,63,71,235,46
63,191,71,72,235,50
63,191,79,73,234,54
63,191,87,73,232,58
63,191,95,74,231,62
63,191,103,74,230,67
63,191,111,74,229,71
63,191,119,74,228,76
63,191,127,75,228,82
63,191,135,76,227,88
63,191,143,77,225,94
63,191,151,78,224,99
63,191,159,77,223,106
63,191,167,77,222,114
63,191,175,78,221,122
63,191,183,79,219,132
63,191,191,78,217,142
63,191,199,78,214,155
63,191,207,78,211,170
63,191,215,80,206,185
63,191,223,80,200,201
63,191,231,81,193,216
63,191,239,83,184,231
63,191,247,85,176,244
63,191,255,86,168,251
63,199,0,65,240,22
63,199,7,65,240,23
63,199,15,66,241,25
63,199,23,67,241,27
63,199,31,68,241,30
63,199,39,69,241,34
63,199,47,69,241,37
63,199,55,70,241,40
63,199,63,70,241,44
63,199,71,70,240,48
63,199,79,71,240,52
63,199,87,72,239,57
63,199,95,73,239,61
63,199,103,74,238,66
63,199,111,74,237,70
63,199,119,74,236,74
63,199,127,75,235,79
63,199,135,75,235,84
63,199,143,75,234,90
63,199,151,76,234,96
63,199,159,78,233,102
63,199,167,78,232,109
63,199,175,78,231,116
63,199,183,77,230,125
63,199,191,78,229,135
63,199,199,79,227,146
63,199,207,79,224,159
63,199,215,79,220,175
63,199,223,80,215,191
63,199,231,82,209,208
63,199,239,82,202,224
63,199,247,84,193,239
63,199,255,86,184,251
63,207,0,65,244,23
63,207,7,65,244,24
63,207,15,66,244,25
63,207,23,67,245,27
63,207,31,67,245,30
63,207,39,68,245,33
63,207,47,69,246,37
63,207,55,70,246,40
63,207,63,70,245,44
63,207,71,71,245,48
63,207,79,71,245,51
63,207,87,71,244,55
63,207,95,71,244,59
63,207,103,71,243,63
63,207,111,72,243,68
63,207,119,74,243,73
63,207,127,74,242,77
63,207,135,75,241,82
63,207,143,75,241,87
63,207,151,75,240,92
63,207,159,75,240,98
63,207,167,77,240,104
63,207,175,78,240,111
63,207,183,78,239,119
63,207,191,78,238,128
63,207,199,77,237,138
63,207,207,78,235,151
63,207,215,80,233,165
63,207,223,79,229,182
63,207,231,80,224,198
63,207,239,82,218,216
63,207,247,84,211,233
63,207,255,85,202,247
63,215,0,65,246,23
63,215,7,65,247,24
63,215,15,66,247,26
63,215,23,66,247,27
63,215,31,67,248,30
63,215,39,68,248,33
63,215,47,69,249,37
63,215,55,70,249,41
63,215,63,70,249,43
63,215,71,71,249,47
63,215,79,71,249,50
63,215,87,71,248,54
63,215,95,71,248,58
63,215,103,71,247,61
63,215,111,71,247,65
63,215,119,72,247,69
63,215,127,72,247,74
63,215,135,74,247,79
63,215,143,75,247,84
63,215,151,75,246,89
63,215,159,75,246,94
63,215,167,75,246,100
63,215,175,76,246,106
63,215,183,77,246,114
63,215,191,78,246,122
63,215,199,78,245,131
63,215,207,77,244,143
63,215,215,78,242,157
63,215,223,80,240,172
63,215,231,81,236,189
63,215,239,81,232,207
63,215,247,83,226,225
63,215,255,85,219,241
63,223,0,64,249,23
63,223,7,64,249,24
63,223,15,65,249,25
63,223,23,66,250,28
63,223,31,66,250,30
63,223,39,67,250,32
63,223,47,67,250,35
63,223,55,68,251,39
63,223,63,69,251,42
63,223,71,70,251,46
63,223,79,70,251,49
63,223,87,71,251,53
63,223,95,71,251,57
63,223,103,72,251,60
63,223,111,72,251,64
63,223,119,72,250,67
63,223,127,72,250,71
63,223,135,72,250,76
63,223,143,73,250,80
63,223,151,74,250,86
63,223,159,75,251,91
63,223,167,75,250,96
63,223,175,75,250,102
63,223,183,75,250,109
63,223,191,76,250,117
63,223,199,77,250,126
63,223,207,78,250,137
63,223,215,78,249,149
63,223,223,78,247,164
63,223,231,79,245,179
63,223,239,82,242,199
63,223,247,83,238,217
63,223,255,84,233,235
63,231,0,64,251,23
63,231,7,64,251,24
63,231,15,65,252,25
63,231,23,65,252,27
63,231,31,66,252,30
63,231,39,67,252,32
63,231,47,67,252,35
63,231,55,68,253,37
63,231,63,68,253,41
63,231,71,69,253,44
63,231,79,69,253,47
63,231,87,70,253,51
63,231,95,70,253,55
63,231,103,71,253,58
63,231,111,71,253,62
63,231,119,72,253,66
63,231,127,72,253,69
63,231,135,72,253,73
63,231,143,72,253,78
63,231,151,73,253,82
63,231,159,73,253,87
63,231,167,74,253,92
63,231,175,75,253,98
63,231,183,76,253,104
63,231,191,75,253,112
63,231,199,75,253,121
63,231,207,76,253,131
63,231,215,77,253,143
63,231,223,79,252,157
63,231,231,79,251,172
63,231,239,80,249,189
63,231,247,82,247,209
63,231,255,84,244,229
63,239,0,64,253,23
63,239,7,64,253,24
63,239,15,65,253,25
63,239,23,65,253,27
63,239,31,66,254,29
63,239,39,67,254,32
63,239,47,68,254,35
63,239,55,68,254,37
63,239,63,68,254,40
63,239,71,69,254,43
63,239,79,69,254,46
63,239,87,69,254,49
63,239,95,69,254,53
63,239,103,70,254,56
63,239,111,70,254,60
63,239,119,70,254,63
63,239,127,71,254,67
63,239,135,72,255,71
63,239,143,72,254,75
63,239,151,73,254,79
63,239,159,73,254,84
63,239,167,73,254,89
63,239,175,73,254,94
63,239,183,74,254,101
63,239,191,76,255,108
63,239,199,76,255,116
63,239,207,75,255,126
63,239,215,76,254,137
63,239,223,77,254,150
63,239,231,78,254,165
63,239,239,79,253,182
63,239,247,81,252,200
63,239,255,82,250,218
63,247,0,64,254,23
63,247,7,64,254,24
63,247,15,64,254,25
63,247,23,65,254,26
63,247,31,65,254,28
63,247,39,66,255,31
63,247,47,67,255,34
63,247,55,68,255,37
63,247,63,68,255,40
63,247,71,69,255,42
63,247,79,69,255,45
63,247,87,69,255,48
63,247,95,69,255,51
63,247,103,69,255,55
63,247,111,69,255,58
63,247,119,69,254,61
63,247,127,70,254,65
63,247,135,70,254,68
63,247,143,71,254,72
63,247,151,72,254,77
63,247,159,73,254,82
63,247,167,73,254,86
63,247,175,73,254,91
63,247,183,73,254,97
63,247,191,73,254,104
63,247,199,75,254,112
63,247,207,76,255,122
63,247,215,76,255,132
63,247,223,76,255,144
63,247,231,76,254,158
63,247,239,78,254,174
63,247,247,80,255,192
63,247,255,81,254,209
63,255,0,63,255,22
63,255,7,63,255,23
63,255,15,64,255,24
63,255,23,64,255,26
63,255,31,64,255,27
63,255,39,65,255,29
63,255,47,65,255,32
63,255,55,66,255,35
63,255,63,67,255,38
63,255,71,67,255,41
63,255,79,68,255,44
63,255,87,69,255,47
63,255,95,69,255,51
63,255,103,69,255,54
63,255,111,69,255,57
63,255,119,69,255,60
63,255,127,70,254,63
63,255,135,70,254,67
63,255,143,70,254,71
63,255,151,71,254,75
63,255,159,72,254,80
63,255,167,73,254,85
63,255,175,73,254,90
63,255,183,73,254,96
63,255,191,73,254,102
63,255,199,74,254,109
63,255,207,75,254,118
63,255,215,75,254,128
63,255,223,76,254,140
63,255,231,77,254,153
63,255,239,77,254,168
63,255,247,79,255,184
63,255,255,80,255,199
71,0,0,63,1,12
71,0,7,63,1,18
71,0,15,63,1,24
71,0,23,63,1,33
71,0,31,63,2,42
71,0,39,62,2,51
71,0,47,61,2,60
71,0,55,60,3,70
71,0,63,59,3,80
71,0,71,58,3,91
71,0,79,56,3,103
71,0,87,54,3,117
71,0,95,52,3,134
71,0,103,50,4,153
71,0,111,49,4,171
71,0,119,48,6,189
71,0,127,47,8,207
71,0,135,47,12,215
71,0,143,48,15,222
71,0,151,49,18,226
71,0,159,51,20,230
71,0,167,52,23,232
71,0,175,53,26,234
71,0,183,53,27,236
71,0,191,54,28,238
71,0,199,54,29,240
71,0,207,55,31,242
71,0,215,55,33,244
71,0,223,55,35,246
71,0,231,54,36,249
71,0,239,54,37,251
71,0,247,54,38,253
71,0,255,54,40,254
71,7,0,62,3,11
71,7,7,62,3,17
71,7,15,62,3,23
71,7,23,62,3,32
71,7,31,62,4,41
71,7,39,62,4,49
71,7,47,61,4,59
71,7,55,60,5,68
71,7,63,59,5,78
71,7,71,58,5,88
71,7,79,57,5,100
71,7,87,55,5,113
71,7,95,54,5,128
71,7,103,52,6,146
71,7,111,51,7,165
71,7,119,50,9,183
71,7,127,49,11,200
71,7,135,49,15,211
71,7,143,50,19,218
71,7,151,51,22,223
71,7,159,52,24,228
71,7,167,53,27,231
71,7,175,54,30,233
71,7,183,56,32,236
71,7,191,56,33,238
71,7,199,56,33,240
71,7,207,57,35,242
71,7,215,57,36,244
71,7,223,57,39,246
71,7,231,56,40,249
71,7,239,56,40,251
71,7,247,55,41,253
71,7,255,55,42,254
71,15,0,61,8,10
71,15,7,62,7,16
71,15,15,62,7,23
71,15,23,62,7,31
71,15,31,62,7,39
71,15,39,62,8,48
71,15,47,61,8,57
71,15,55,60,8,66
71,15,63,59,8,76
71,15,71,58,9,86
71,15,79,57,9,97
71,15,87,56,9,109
71,15,95,55,9,123
71,15,103,54,9,140
71,15,111,53,10,158
71,15,119,52,12,176
71,15,127,51,15,192
71,15,135,51,19,205
71,15,143,52,23,214
71,15,151,53,27,220
71,15,159,54,29,226
71,15,167,56,31,230
71,15,175,56,34,233
71,15,183,58,37,236
71,15,191,59,39,238
71,15,199,59,39,240
71,15,207,59,40,242
71,15,215,59,41,244
71,15,223,58,42,246
71,15,231,59,45,248
71,15,239,58,44,251
71,15,247,57,44,253
71,15,255,57,45,254
71,23,0,61,14,9
71,23,7,61,14,15
71,23,15,61,13,22
71,23,23,61,13,29
71,23,31,61,13,37
71,23,39,61,13,46
71,23,47,61,13,55
71,23,55,60,13,64
71,23,63,60,13,73
71,23,71,59,14,83
71,23,79,58,14,93
71,23,87,57,14,104
71,23,95,56,14,118
71,23,103,55,14,133
71,23,111,54,16,150
71,23,119,54,17,167
71,23,127,54,20,182
71,23,135,54,24,197
71,23,143,55,27,208
71,23,151,56,31,216
71,23,159,57,35,223
71,23,167,58,37,228
71,23,175,59,39,233
71,23,183,60,42,236
71,23,191,61,44,238
71,23,199,62,47,240
71,23,207,62,46,242
71,23,215,62,46,244
71,23,223,61,47,246
71,23,231,61,48,248
71,23,239,61,50,250
71,23,247,60,49,252
71,23,255,60,50,254
71,31,0,61,21,10
71,31,7,61,21,15
71,31,15,61,21,21
71,31,23,62,20,28
71,31,31,62,20,36
71,31,39,61,20,44
71,31,47,61,20,53
71,31,55,61,20,61
71,31,63,60,20,70
71,31,71,59,20,79
71,31,79,59,20,89
71,31,87,58,20,100
71,31,95,57,20,112
71,31,103,57,21,126
71,31,111,56,22,142
71,31,119,56,23,158
71,31,127,56,26,174
71,31,135,56,29,188
71,31,143,57,33,201
71,31,151,58,36,211
71,31,159,59,40,220
71,31,167,61,43,227
71,31,175,62,46,232
71,31,183,63,48,236
71,31,191,64,49,238
71,31,199,65,51,241
71,31,207,65,53,243
71,31,215,65,53,245
71,31,223,64,53,247
71,31,231,63,53,249
71,31,239,63,54,250
71,31,247,64,55,252
71,31,255,63,55,253
71,39,0,62,30,9
71,39,7,62,30,14
71,39,15,62,29,20
71,39,23,62,29,27
71,39,31,62,28,34
71,39,39,62,28,42
71,39,47,61,28,50
71,39,55,61,28,59
71,39,63,61,28,68
71,39,71,60,28,76
71,39,79,60,27,85
71,39,87,59,27,95
71,39,95,59,28,107
71,39,103,58,28,120
71,39,111,58,29,134
71,39,119,58,30,150
71,39,127,58,32,165
71,39,135,59,35,180
71,39,143,59,38,195
71,39,151,60,41,207
71,39,159,62,45,218
71,39,167,63,47,226
71,39,175,65,50,232
71,39,183,66,53,236
71,39,191,67,55,239
71,39,199,67,56,241
71,39,207,67,57,243
71,39,215,67,58,245
71,39,223,68,59,247
71,39,231,67,58,249
71,39,239,66,58,251
71,39,247,66,58,252
71,39,255,66,59,253
71,47,0,62,40,8
71,47,7,62,39,13
71,47,15,62,39,19
71,47,23,62,38,26
71,47,31,62,38,33
71,47,39,62,37,40
71,47,47,62,37,48
71,47,55,62,37,57
71,47,63,62,36,65
71,47,71,61,36,73
71,47,79,61,36,82
71,47,87,60,36,91
71,47,95,60,36,102
71,47,103,60,36,113
71,47,111,59,36,127
71,47,119,59,37,142
71,47,127,60,39,158
71,47,135,60,41,173
71,47,143,61,43,189
71,47,151,62,46,203
71,47,159,64,49,215
71,47,167,65,52,225
71,47,175,67,54,232
71,47,183,68,56,236
71,47,191,69,58,240
71,47,199,70,60,242
71,47,207,70,61,244
71,47,215,70,62,246
71,47,223,70,62,248
71,47,231,70,63,250
71,47,239,69,63,251
71,47,247,68,62,252
71,47,255,68,62,254
71,55,0,63,51,8
71,55,7,63,50,13
71,55,15,63,49,18
71,55,23,63,48,25
71,55,31,63,47,31
71,55,39,63,47,39
71,55,47,63,46,46
71,55,55,63,46,54
71,55,63,63,46,62
71,55,71,62,46,70
71,55,79,62,45,79
71,55,87,62,45,87
71,55,95,62,44,97
71,55,103,61,44,108
71,55,111,61,44,121
71,55,119,61,45,135
71,55,127,61,45,150
71,55,135,62,47,166
71,55,143,62,49,183
71,55,151,63,51,198
71,55,159,65,54,212
71,55,167,67,56,223
71,55,175,68,58,232
71,55,183,70,60,236
71,55,191,71,62,240
71,55,199,72,63,243
71,55,207,72,64,245
71,55,215,72,65,247
71,55,223,72,65,248
71,55,231,72,65,250
71,55,239,71,65,252
71,55,247,71,66,253
71,55,255,70,66,254
71,63,0,64,61,8
71,63,7,64,60,13
71,63,15,64,59,18
71,63,23,64,58,24
71,63,31,64,57,30
71,63,39,64,57,37
71,63,47,64,56,45
71,63,55,64,56,52
71,63,63,64,56,60
71,63,71,64,55,68
71,63,79,64,55,76
71,63,87,63,54,84
71,63,95,63,54,94
71,63,103,63,53,104
71,63,111,63,53,116
71,63,119,62,52,128
71,63,127,62,53,143
71,63,135,63,54,159
71,63,143,63,55,176
71,63,151,65,57,192
71,63,159,66,58,208
71,63,167,68,60,220
71,63,175,70,62,229
71,63,183,72,64,236
71,63,191,73,66,240
71,63,199,74,67,243
71,63,207,74,68,245
71,63,215,74,68,247
71,63,223,73,68,249
71,63,231,73,68,251
71,63,239,73,68,252
71,63,247,72,68,253
71,63,255,72,68,254
71,71,0,64,71,8
71,71,7,65,70,12
71,71,15,65,69,17
71,71,23,65,68,23
71,71,31,65,67,30
71,71,39,65,67,36
71,71,47,65,66,44
71,71,55,65,66,51
71,71,63,65,65,58
71,71,71,65,65,66
71,71,79,65,64,74
71,71,87,65,64,81
71,71,95,65,63,90
71,71,103,65,62,100
71,71,111,65,61,110
71,71,119,64,61,122
71,71,127,64,61,136
71,71,135,64,61,151
71,71,143,65,62,168
71,71,151,66,63,185
71,71,159,67,64,202
71,71,167,69,65,217
71,71,175,71,67,227
71,71,183,73,68,235
71,71,191,74,70,240
71,71,199,75,70,243
71,71,207,76,71,245
71,71,215,75,71,248
71,71,223,76,71,250
71,71,231,75,70,251
71,71,239,74,70,252
71,71,247,75,70,253
71,71,255,74,69,254
71,79,0,66,81,9
71,79,7,66,80,12
71,79,15,66,79,17
71,79,23,66,78,23
71,79,31,67,77,29
71,79,39,67,77,36
71,79,47,67,76,43
71,79,55,67,76,50
71,79,63,67,75,57
71,79,71,67,75,64
71,79,79,67,74,72
71,79,87,67,74,79
71,79,95,67,73,87
71,79,103,67,72,96
71,79,111,66,71,106
71,79,119,66,70,116
71,79,127,66,69,129
71,79,135,66,69,144
71,79,143,66,69,160
71,79,151,67,69,177
71,79,159,68,70,195
71,79,167,70,71,210
71,79,175,72,72,225
71,79,183,74,73,233
71,79,191,76,73,239
71,79,199,76,74,243
71,79,207,77,74,245
71,79,215,77,74,248
71,79,223,76,74,250
71,79,231,76,73,251
71,79,239,76,72,253
71,79,247,76,72,253
71,79,255,76,71,254
71,87,0,67,90,10
71,87,7,67,89,13
71,87,15,67,89,17
71,87,23,68,88,22
71,87,31,68,87,29
71,87,39,68,87,35
71,87,47,68,86,42
71,87,55,69,86,49
71,87,63,69,85,56
71,87,71,69,85,63
71,87,79,69,84,70
71,87,87,69,84,77
71,87,95,69,83,85
71,87,103,69,82,93
71,87,111,69,81,101
71,87,119,69,80,112
71,87,127,68,79,123
71,87,135,68,78,136
71,87,143,68,77,152
71,87,151,69,77,169
71,87,159,70,77,187
71,87,167,71,77,204
71,87,175,73,77,218
71,87,183,75,78,231
71,87,191,77,78,238
71,87,199,78,78,243
71,87,207,78,78,246
71,87,215,78,77,248
71,87,223,78,77,250
71,87,231,78,76,251
71,87,239,77,76,253
71,87,247,77,75,254
71,87,255,77,73,254
71,95,0,69,100,10
71,95,7,69,99,14
71,95,15,69,98,18
71,95,23,69,98,23
71,95,31,69,97,29
71,95,39,70,97,35
71,95,47,70,96,42
71,95,55,70,96,48
71,95,63,70,96,55
71,95,71,71,95,62
71,95,79,71,94,69
71,95,87,71,94,76
71,95,95,71,93,83
71,95,103,71,92,91
71,95,111,71,91,99
71,95,119,71,89,107
71,95,127,71,88,118
71,95,135,71,87,130
71,95,143,70,86,144
71,95,151,71,85,162
71,95,159,71,85,179
71,95,167,73,84,196
71,95,175,74,84,213
71,95,183,76,83,225
71,95,191,78,83,236
71,95,199,79,82,241
71,95,207,80,82,245
71,95,215,79,81,248
71,95,223,79,81,250
71,95,231,78,80,252
71,95,239,78,79,253
71,95,247,79,79,254
71,95,255,78,78,254
71,103,0,69,110,11
71,103,7,70,110,14
71,103,15,70,109,18
71,103,23,70,108,24
71,103,31,71,107,29
71,103,39,71,107,35
71,103,47,71,107,41
71,103,55,72,106,48
71,103,63,72,106,54
71,103,71,72,105,61
71,103,79,73,105,68
71,103,87,73,104,74
71,103,95,73,103,81
71,103,103,73,102,89
71,103,111,73,101,96
71,103,119,73,99,104
71,103,127,73,98,113
71,103,135,73,97,124
71,103,143,73,95,138
71,103,151,73,94,153
71,103,159,73,93,171
71,103,167,74,92,189
71,103,175,76,90,206
71,103,183,77,89,221
71,103,191,79,88,231
71,103,199,80,87,240
71,103,207,80,86,244
71,103,215,81,86,248
71,103,223,80,85,250
71,103,231,80,84,252
71,103,239,80,83,253
71,103,247,79,82,253
71,103,255,79,81,254
71,111,0,70,121,12
71,111,7,70,120,15
71,111,15,71,119,19
71,111,23,71,119,24
71,111,31,72,118,30
71,111,39,72,117,35
71,111,47,73,117,41
71,111,55,73,117,47
71,111,63,74,116,54
71,111,71,74,116,60
71,111,79,74,115,66
71,111,87,75,114,73
71,111,95,75,113,80
71,111,103,76,112,87
71,111,111,76,111,94
71,111,119,76,109,101
71,111,127,75,108,110
71,111,135,75,106,120
71,111,143,75,105,131
71,111,151,75,103,147
71,111,159,75,102,163
71,111,167,75,100,181
71,111,175,77,98,199
71,111,183,78,96,214
71,111,191,80,95,227
71,111,199,81,93,236
71,111,207,82,92,243
71,111,215,82,90,247
71,111,223,82,89,250
71,111,231,81,88,252
71,111,239,81,87,253
71,111,247,81,86,254
71,111,255,80,85,253
71,119,0,71,132,14
71,119,7,72,131,17
71,119,15,72,130,20
71,119,23,72,129,24
71,119,31,73,129,30
71,119,39,74,128,36
71,119,47,74,128,41
71,119,55,74,127,47
71,119,63,75,127,53
71,119,71,75,126,59
71,119,79,76,125,65
71,119,87,76,124,72
71,119,95,77,123,78
71,119,103,77,122,85
71,119,111,77,121,92
71,119,119,77,119,99
71,119,127,78,118,107
71,119,135,77,116,116
71,119,143,77,115,127
71,119,151,77,113,139
71,119,159,76,111,156
71,119,167,77,109,173
71,119,175,78,107,192
71,119,183,79,105,208
71,119,191,80,102,222
71,119,199,81,100,233
71,119,207,82,98,240
71,119,215,83,96,246
71,119,223,83,94,250
71,119,231,83,93,252
71,119,239,82,92,253
71,119,247,83,91,254
71,119,255,82,89,254
71,127,0,71,144,14
71,127,7,72,143,17
71,127,15,72,142,21
71,127,23,73,141,25
71,127,31,74,140,30
71,127,39,74,140,35
71,127,47,75,139,41
71,127,55,76,139,47
71,127,63,76,138,53
71,127,71,76,137,58
71,127,79,77,136,64
71,127,87,77,135,70
71,127,95,78,134,77
71,127,103,78,133,83
71,127,111,79,132,90
71,127,119,79,130,97
71,127,127,79,129,104
71,127,135,79,127,113
71,127,143,79,125,123
71,127,151,78,123,135
71,127,159,78,121,148
71,127,167,78,119,165
71,127,175,79,116,183
71,127,183,80,114,200
71,127,191,81,111,216
71,127,199,82,108,228
71,127,207,83,105,238
71,127,215,84,103,244
71,127,223,84,101,249
71,127,231,84,99,252
71,127,239,84,97,254
71,127,247,83,95,254
71,127,255,84,94,254
71,135,0,71,157,15
71,135,7,72,156,17
71,135,15,72,155,21
71,135,23,73,153,25
71,135,31,74,152,30
71,135,39,75,152,35
71,135,47,75,151,41
71,135,55,76,150,46
71,135,63,77,150,52
71,135,71,77,149,57
71,135,79,78,148,63
71,135,87,78,147,69
71,135,95,79,146,75
71,135,103,79,145,82
71,135,111,79,143,88
71,135,119,80,142,95
71,135,127,80,140,102
71,135,135,80,138,110
71,135,143,80,136,119
71,135,151,80,134,129
71,135,159,80,132,143
71,135,167,79,129,157
71,135,175,79,127,174
71,135,183,80,124,192
71,135,191,81,121,208
71,135,199,82,117,222
71,135,207,84,114,234
71,135,215,84,111,242
71,135,223,84,108,247
71,135,231,85,105,251
71,135,239,85,103,254
71,135,247,85,101,255
71,135,255,85,99,254
71,143,0,71,169,15
71,143,7,72,169,17
71,143,15,72,168,20
71,143,23,73,167,24
71,143,31,74,166,30
71,143,39,75,165,36
71,143,47,76,164,41
71,143,55,77,163,46
71,143,63,77,163,51
71,143,71,78,162,56
71,143,79,78,161,62
71,143,87,79,160,68
71,143,95,79,158,74
71,143,103,80,157,80
71,143,111,80,156,87
71,143,119,81,154,93
71,143,127,81,152,99
71,143,135,81,150,107
71,143,143,81,148,116
71,143,151,81,146,125
71,143,159,81,144,136
71,143,167,80,141,150
71,143,175,81,139,166
71,143,183,81,135,183
71,143,191,81,132,199
71,143,199,83,128,216
71,143,207,83,124,228
71,143,215,84,120,238
71,143,223,85,116,245
71,143,231,85,113,250
71,143,239,85,110,253
71,143,247,86,107,254
71,143,255,86,105,255
71,151,0,71,183,16
71,151,7,71,182,19
71,151,15,72,181,22
71,151,23,73,180,25
71,151,31,74,180,29
71,151,39,75,179,35
71,151,47,76,178,40
71,151,55,77,177,45
71,151,63,77,176,50
71,151,71,78,175,56
71,151,79,79,174,61
71,151,87,79,173,66
71,151,95,79,172,72
71,151,103,80,170,78
71,151,111,80,169,84
71,151,119,81,167,90
71,151,127,82,166,97
71,151,135,82,164,104
71,151,143,82,162,112
71,151,151,82,159,121
71,151,159,81,157,132
71,151,167,82,154,144
71,151,175,81,151,158
71,151,183,81,148,174
71,151,191,82,144,191
71,151,199,82,140,206
71,151,207,83,135,221
71,151,215,85,131,233
71,151,223,85,126,241
71,151,231,85,122,248
71,151,239,86,118,252
71,151,247,86,115,254
71,151,255,86,111,255
71,159,0,70,196,17
71,159,7,71,195,19
71,159,15,72,195,22
71,159,23,73,194,26
71,159,31,74,193,30
71,159,39,75,192,35
71,159,47,76,191,40
71,159,55,77,190,45
71,159,63,77,189,49
71,159,71,78,188,55
71,159,79,78,187,59
71,159,87,79,186,65
71,159,95,80,185,71
71,159,103,80,184,77
71,159,111,81,182,82
71,159,119,81,180,88
71,159,127,82,179,94
71,159,135,82,177,101
71,159,143,83,176,109
71,159,151,83,173,117
71,159,159,82,171,126
71,159,167,82,168,138
71,159,175,82,165,151
71,159,183,82,162,166
71,159,191,82,158,181
71,159,199,82,154,197
71,159,207,84,149,212
71,159,215,84,143,225
71,159,223,84,138,236
71,159,231,86,133,244
71,159,239,86,128,250
71,159,247,86,123,254
71,159,255,87,119,255
71,167,0,70,208,17
71,167,7,71,208,20
71,167,15,71,207,22
71,167,23,72,207,26
71,167,31,74,206,31
71,167,39,75,205,35
71,167,47,76,204,40
71,167,55,77,204,45
71,167,63,77,202,49
71,167,71,78,201,54
71,167,79,79,200,59
71,167,87,79,199,64
71,167,95,80,198,69
71,167,103,80,196,74
71,167,111,81,195,80
71,167,119,82,194,86
71,167,127,82,193,92
71,167,135,82,191,99
71,167,143,82,189,106
71,167,151,83,187,113
71,167,159,83,186,122
71,167,167,83,183,132
71,167,175,83,180,144
71,167,183,82,177,157
71,167,191,82,173,172
71,167,199,83,169,187
71,167,207,83,164,203
71,167,215,84,157,217
71,167,223,86,151,230
71,167,231,85,145,240
71,167,239,86,139,249
71,167,247,87,133,253
71,167,255,87,128,255
71,175,0,70,219,19
71,175,7,70,219,21
71,175,15,71,219,23
71,175,23,72,218,26
71,175,31,73,218,30
71,175,39,74,217,35
71,175,47,75,216,39
71,175,55,76,215,44
71,175,63,77,215,49
71,175,71,78,214,53
71,175,79,78,213,58
71,175,87,79,212,63
71,175,95,79,210,68
71,175,103,80,209,73
71,175,111,80,208,78
71,175,119,81,207,83
71,175,127,81,206,90
71,175,135,82,205,96
71,175,143,83,204,103
71,175,151,83,201,110
71,175,159,83,199,117
71,175,167,83,198,126
71,175,175,83,196,137
71,175,183,83,192,149
71,175,191,83,189,162
71,175,199,83,185,177
71,175,207,83,179,193
71,175,215,84,173,208
71,175,223,84,166,222
71,175,231,86,159,235
71,175,239,87,152,245
71,175,247,88,145,253
71,175,255,88,139,254
71,183,0,70,229,21
71,183,7,71,229,23
71,183,15,72,229,25
71,183,23,72,228,28
71,183,31,73,228,31
71,183,39,74,227,35
71,183,47,75,227,40
71,183,55,76,226,44
71,183,63,76,225,48
71,183,71,77,224,53
71,183,79,78,223,57
71,183,87,78,222,61
71,183,95,79,222,66
71,183,103,79,221,71
71,183,111,80,220,77
71,183,119,81,218,82
71,183,127,81,217,87
71,183,135,82,216,93
71,183,143,82,215,99
71,183,151,82,214,106
71,183,159,84,213,114
71,183,167,83,211,121
71,183,175,83,209,130
71,183,183,83,207,141
71,183,191,83,204,154
71,183,199,84,200,168
71,183,207,83,196,182
71,183,215,83,190,198
71,183,223,85,183,213
71,183,231,86,175,227
71,183,239,87,167,239
71,183,247,88,159,248
71,183,255,89,152,255
71,191,0,70,235,22
71,191,7,70,235,24
71,191,15,71,235,26
71,191,23,72,235,29
71,191,31,73,235,32
71,191,39,74,235,36
71,191,47,75,235,40
71,191,55,76,235,44
71,191,63,76,234,48
71,191,71,77,233,52
71,191,79,77,233,56
71,191,87,78,231,60
71,191,95,78,230,65
71,191,103,79,230,69
71,191,111,79,229,74
71,191,119,80,228,79
71,191,127,81,227,85
71,191,135,81,226,91
71,191,143,82,225,96
71,191,151,82,224,102
71,191,159,82,223,109
71,191,167,82,222,117
71,191,175,84,221,125
71,191,183,83,219,134
71,191,191,83,217,145
71,191,199,83,214,158
71,191,207,84,210,173
71,191,215,84,205,188
71,191,223,84,199,203
71,191,231,85,192,218
71,191,239,87,183,233
71,191,247,88,175,245
71,191,255,89,167,252
71,199,0,69,240,23
71,199,7,69,240,24
71,199,15,70,240,26
71,199,23,71,240,29
71,199,31,72,241,32
71,199,39,73,241,36
71,199,47,74,241,39
71,199,55,74,241,43
71,199,63,75,241,47
71,199,71,76,240,51
71,199,79,77,240,55
71,199,87,77,239,60
71,199,95,78,239,64
71,199,103,78,238,68
71,199,111,78,237,72
71,199,119,79,236,77
71,199,127,79,235,82
71,199,135,80,235,87
71,199,143,80,234,93
71,199,151,82,234,99
71,199,159,82,233,105
71,199,167,82,232,112
71,199,175,82,231,119
71,199,183,82,230,128
71,199,191,84,229,138
71,199,199,83,227,149
71,199,207,83,224,162
71,199,215,83,220,178
71,199,223,85,215,194
71,199,231,86,208,210
71,199,239,86,201,225
71,199,247,88,192,241
71,199,255,90,183,253
71,207,0,69,243,24
71,207,7,69,244,25
71,207,15,69,244,26
71,207,23,70,244,28
71,207,31,71,244,31
71,207,39,72,245,35
71,207,47,73,245,39
71,207,55,74,245,42
71,207,63,74,245,46
71,207,71,75,245,50
71,207,79,75,245,54
71,207,87,76,244,58
71,207,95,76,244,62
71,207,103,77,244,66
71,207,111,78,243,71
71,207,119,78,243,75
71,207,127,79,242,80
71,207,135,79,242,84
71,207,143,79,241,89
71,207,151,80,241,95
71,207,159,81,241,101
71,207,167,82,240,108
71,207,175,82,240,114
71,207,183,82,239,122
71,207,191,82,238,131
71,207,199,82,237,141
71,207,207,84,236,153
71,207,215,84,232,167
71,207,223,84,228,184
71,207,231,85,224,201
71,207,239,87,217,219
71,207,247,88,210,235
71,207,255,89,202,247
71,215,0,69,247,24
71,215,7,69,247,26
71,215,15,70,247,27
71,215,23,70,247,29
71,215,31,71,248,32
71,215,39,72,248,35
71,215,47,73,249,38
71,215,55,74,249,42
71,215,63,74,249,45
71,215,71,74,249,49
71,215,79,75,249,53
71,215,87,75,248,56
71,215,95,75,248,60
71,215,103,76,248,64
71,215,111,76,247,68
71,215,119,77,247,72
71,215,127,78,247,77
71,215,135,78,247,82
71,215,143,79,247,86
71,215,151,79,246,91
71,215,159,80,246,97
71,215,167,80,246,103
71,215,175,81,246,109
71,215,183,82,247,117
71,215,191,82,246,125
71,215,199,82,245,134
71,215,207,82,244,146
71,215,215,83,242,159
71,215,223,84,240,174
71,215,231,85,236,192
71,215,239,86,231,209
71,215,247,87,225,227
71,215,255,89,219,243
71,223,0,68,249,24
71,223,7,68,249,25
71,223,15,69,250,27
71,223,23,70,250,29
71,223,31,70,250,32
71,223,39,71,250,34
71,223,47,72,251,37
71,223,55,73,251,41
71,223,63,74,251,45
71,223,71,74,252,48
71,223,79,75,252,52
71,223,87,75,251,55
71,223,95,75,251,59
71,223,103,75,251,62
71,223,111,75,251,66
71,223,119,76,251,70
71,223,127,76,251,74
71,223,135,77,250,79
71,223,143,77,251,83
71,223,151,79,251,89
71,223,159,79,251,93
71,223,167,79,250,99
71,223,175,80,250,105
71,223,183,80,250,112
71,223,191,80,251,120
71,223,199,82,251,130
71,223,207,82,250,140
71,223,215,82,249,152
71,223,223,82,247,166
71,223,231,84,245,182
71,223,239,86,242,201
71,223,247,86,238,219
71,223,255,88,232,237
71,231,0,67,251,24
71,231,7,67,252,25
71,231,15,68,252,26
71,231,23,69,252,28
71,231,31,70,252,31
71,231,39,71,253,34
71,231,47,71,253,37
71,231,55,71,253,39
71,231,63,72,253,43
71,231,71,73,253,46
71,231,79,73,253,50
71,231,87,74,253,54
71,231,95,74,253,57
71,231,103,75,253,61
71,231,111,75,253,65
71,231,119,75,253,68
71,231,127,76,253,72
71,231,135,76,253,76
71,231,143,76,253,80
71,231,151,77,253,85
71,231,159,78,253,90
71,231,167,79,253,95
71,231,175,79,253,101
71,231,183,79,253,107
71,231,191,79,253,115
71,231,199,80,253,124
71,231,207,80,253,134
71,231,215,82,253,146
71,231,223,82,252,159
71,231,231,83,251,174
71,231,239,84,249,191
71,231,247,86,247,211
71,231,255,88,243,231
71,239,0,67,253,24
71,239,7,67,253,25
71,239,15,68,253,26
71,239,23,68,254,28
71,239,31,69,254,30
71,239,39,70,254,33
71,239,47,71,254,37
71,239,55,71,254,39
71,239,63,72,254,42
71,239,71,72,254,45
71,239,79,73,254,48
71,239,87,73,254,52
71,239,95,73,254,55
71,239,103,74,254,59
71,239,111,74,254,62
71,239,119,75,255,66
71,239,127,75,255,70
71,239,135,76,255,74
71,239,143,76,254,77
71,239,151,76,254,82
71,239,159,76,254,86
71,239,167,77,254,91
71,239,175,77,254,97
71,239,183,79,255,104
71,239,191,79,255,111
71,239,199,79,255,119
71,239,207,79,255,128
71,239,215,80,254,140
71,239,223,81,254,153
71,239,231,82,254,168
71,239,239,83,253,184
71,239,247,84,252,202
71,239,255,86,250,221
71,247,0,67,255,24
71,247,7,67,255,25
71,247,15,68,255,26
71,247,23,68,255,28
71,247,31,69,255,30
71,247,39,69,255,32
71,247,47,70,255,35
71,247,55,71,255,39
71,247,63,71,255,41
71,247,71,72,255,44
71,247,79,72,255,47
71,247,87,72,255,50
71,247,95,72,255,53
71,247,103,73,255,57
71,247,111,73,255,60
71,247,119,73,255,63
71,247,127,74,255,67
71,247,135,74,255,71
71,247,143,75,255,75
71,247,151,76,255,80
71,247,159,76,254,84
71,247,167,76,254,88
71,247,175,77,254,94
71,247,183,77,254,99
71,247,191,77,254,107
71,247,199,79,255,115
71,247,207,79,255,124
71,247,215,79,255,135
71,247,223,79,255,147
71,247,231,80,255,161
71,247,239,82,255,177
71,247,247,83,255,194
71,247,255,85,254,211
71,255,0,66,255,23
71,255,7,66,255,24
71,255,15,67,255,26
71,255,23,67,255,27
71,255,31,67,255,29
71,255,39,68,255,31
71,255,47,68,255,33
71,255,55,69,255,36
71,255,63,70,255,40
71,255,71,71,255,43
71,255,79,71,255,46
71,255,87,72,255,49
71,255,95,72,255,52
71,255,103,72,255,56
71,255,111,73,255,59
71,255,119,73,255,62
71,255,127,73,255,65
71,255,135,73,254,69
71,255,143,74,254,73
71,255,151,75,254,78
71,255,159,75,254,83
71,255,167,76,254,88
71,255,175,76,254,93
71,255,183,77,254,98
71,255,191,77,254,105
71,255,199,77,254,112
71,255,207,78,254,121
71,255,215,79,254,131
71,255,223,80,254,143
71,255,231,80,254,156
71,255,239,81,254,171
71,255,247,82,255,187
71,255,255,83,255,202
79,0,0,70,2,12
79,0,7,71,2,18
79,0,15,71,2,25
79,0,23,71,2,34
79,0,31,71,2,42
79,0,39,70,2,51
79,0,47,69,2,60
79,0,55,68,2,70
79,0,63,67,2,80
79,0,71,66,2,91
79,0,79,64,3,103
79,0,87,62,3,117
79,0,95,60,3,134
79,0,103,58,3,153
79,0,111,57,4,172
79,0,119,55,5,190
79,0,127,54,8,205
79,0,135,54,11,216
79,0,143,54,14,222
79,0,151,55,18,227
79,0,159,56,20,230
79,0,167,56,23,233
79,0,175,56,25,234
79,0,183,57,27,237
79,0,191,57,28,238
79,0,199,57,29,240
79,0,207,58,31,242
79,0,215,58,34,244
79,0,223,57,35,247
79,0,231,57,36,249
79,0,239,57,37,251
79,0,247,56,38,253
79,0,255,56,40,254
79,7,0,69,3,11
79,7,7,70,3,17
79,7,15,70,3,25
79,7,23,70,3,33
79,7,31,70,4,41
79,7,39,70,4,50
79,7,47,69,4,59
79,7,55,68,4,69
79,7,63,67,4,79
79,7,71,66,5,89
79,7,79,64,4,100
79,7,87,63,5,112
79,7,95,61,5,129
79,7,103,60,5,147
79,7,111,58,7,166
79,7,119,57,8,185
79,7,127,56,11,200
79,7,135,56,14,213
79,7,143,56,18,219
79,7,151,56,22,224
79,7,159,57,24,229
79,7,167,58,27,231
79,7,175,59,30,234
79,7,183,59,32,236
79,7,191,59,33,238
79,7,199,60,34,240
79,7,207,60,35,242
79,7,215,60,37,244
79,7,223,60,39,246
79,7,231,59,39,249
79,7,239,58,40,251
79,7,247,58,41,253
79,7,255,58,43,254
79,15,0,69,6,11
79,15,7,69,6,16
79,15,15,69,6,24
79,15,23,69,6,32
79,15,31,69,7,40
79,15,39,69,7,49
79,15,47,68,7,58
79,15,55,68,7,67
79,15,63,67,8,76
79,15,71,66,8,86
79,15,79,65,8,96
79,15,87,63,8,109
79,15,95,62,8,123
79,15,103,61,9,140
79,15,111,60,10,159
79,15,119,59,12,178
79,15,127,58,15,194
79,15,135,58,18,207
79,15,143,58,23,215
79,15,151,58,26,221
79,15,159,59,29,226
79,15,167,60,31,230
79,15,175,60,34,233
79,15,183,62,38,236
79,15,191,62,39,238
79,15,199,62,39,240
79,15,207,62,39,242
79,15,215,62,41,244
79,15,223,62,43,246
79,15,231,61,44,248
79,15,239,60,44,251
79,15,247,60,44,253
79,15,255,59,45,254
79,23,0,68,12,11
79,23,7,69,12,16
79,23,15,69,12,23
79,23,23,69,12,30
79,23,31,69,12,38
79,23,39,69,12,47
79,23,47,68,12,56
79,23,55,67,12,65
79,23,63,67,13,74
79,23,71,66,13,83
79,23,79,65,13,93
79,23,87,64,13,105
79,23,95,63,13,118
79,23,103,62,14,134
79,23,111,61,15,151
79,23,119,61,17,169
79,23,127,60,20,185
79,23,135,60,23,199
79,23,143,60,27,210
79,23,151,61,31,217
79,23,159,61,35,224
79,23,167,62,37,229
79,23,175,63,40,233
79,23,183,64,42,236
79,23,191,65,45,238
79,23,199,65,46,241
79,23,207,64,46,243
79,23,215,64,46,245
79,23,223,64,47,246
79,23,231,64,49,248
79,23,239,63,49,250
79,23,247,62,49,252
79,23,255,62,49,254
79,31,0,68,20,10
79,31,7,68,19,16
79,31,15,68,19,22
79,31,23,69,19,29
79,31,31,68,19,37
79,31,39,68,19,45
79,31,47,68,19,53
79,31,55,68,19,62
79,31,63,67,19,71
79,31,71,67,19,80
79,31,79,66,19,90
79,31,87,65,19,100
79,31,95,64,19,113
79,31,103,64,20,127
79,31,111,63,21,143
79,31,119,63,23,160
79,31,127,62,25,176
79,31,135,62,29,189
79,31,143,62,32,203
79,31,151,63,36,213
79,31,159,64,40,222
79,31,167,65,43,228
79,31,175,66,45,233
79,31,183,67,48,236
79,31,191,67,49,239
79,31,199,68,51,241
79,31,207,68,53,243
79,31,215,67,52,245
79,31,223,67,53,247
79,31,231,66,53,249
79,31,239,66,54,250
79,31,247,66,55,252
79,31,255,65,54,253
79,39,0,68,28,9
79,39,7,68,28,15
79,39,15,69,27,21
79,39,23,69,27,28
79,39,31,69,27,35
79,39,39,69,26,43
79,39,47,68,26,51
79,39,55,68,26,60
79,39,63,68,26,68
79,39,71,67,27,77
79,39,79,67,27,86
79,39,87,66,26,96
79,39,95,65,27,108
79,39,103,65,27,120
79,39,111,65,28,135
79,39,119,64,29,151
79,39,127,64,31,167
79,39,135,64,34,182
79,39,143,65,38,196
79,39,151,65,41,208
79,39,159,66,44,219
79,39,167,67,47,227
79,39,175,68,50,232
79,39,183,69,53,236
79,39,191,70,54,239
79,39,199,70,56,241
79,39,207,70,57,244
79,39,215,70,58,245
79,39,223,70,59,247
79,39,231,69,58,249
79,39,239,69,58,251
79,39,247,68,58,252
79,39,255,68,59,253
79,47,0,69,38,10
79,47,7,69,37,14
79,47,15,69,37,20
79,47,23,69,36,27
79,47,31,69,36,34
79,47,39,69,35,41
79,47,47,69,35,49
79,47,55,68,35,57
79,47,63,68,35,66
79,47,71,68,35,74
79,47,79,68,35,83
79,47,87,67,35,92
79,47,95,67,35,102
79,47,103,66,35,115
79,47,111,66,35,128
79,47,119,66,36,144
79,47,127,66,38,159
79,47,135,66,40,175
79,47,143,66,43,190
79,47,151,67,46,204
79,47,159,68,49,216
79,47,167,69,52,226
79,47,175,70,54,233
79,47,183,71,57,237
79,47,191,72,59,240
79,47,199,73,60,242
79,47,207,73,61,244
79,47,215,73,62,246
79,47,223,72,62,248
79,47,231,72,63,250
79,47,239,71,62,251
79,47,247,70,62,252
79,47,255,70,63,254
79,55,0,70,48,9
79,55,7,70,47,14
79,55,15,70,47,19
79,55,23,70,46,26
79,55,31,70,45,33
79,55,39,70,45,40
79,55,47,69,45,47
79,55,55,69,45,55
79,55,63,69,44,63
79,55,71,69,44,71
79,55,79,69,44,79
79,55,87,68,44,88
79,55,95,68,44,98
79,55,103,68,43,109
79,55,111,67,43,122
79,55,119,67,44,136
79,55,127,67,45,151
79,55,135,67,46,168
79,55,143,68,48,184
79,55,151,69,51,199
79,55,159,70,53,213
79,55,167,71,56,223
79,55,175,72,58,232
79,55,183,73,60,237
79,55,191,74,62,240
79,55,199,75,64,243
79,55,207,75,65,245
79,55,215,75,66,247
79,55,223,74,65,249
79,55,231,74,65,250
79,55,239,74,66,252
79,55,247,73,66,253
79,55,255,72,66,254
79,63,0,70,58,9
79,63,7,70,57,14
79,63,15,70,56,19
79,63,23,70,56,25
79,63,31,70,55,32
79,63,39,70,55,39
79,63,47,70,54,46
79,63,55,70,54,53
79,63,63,70,54,61
79,63,71,70,54,69
79,63,79,70,53,77
79,63,87,70,53,85
79,63,95,70,52,94
79,63,103,69,52,105
79,63,111,69,52,117
79,63,119,69,52,130
79,63,127,68,52,144
79,63,135,69,53,160
79,63,143,69,54,177
79,63,151,70,56,193
79,63,159,71,58,208
79,63,167,72,60,222
79,63,175,74,62,230
79,63,183,75,64,238
79,63,191,76,66,241
79,63,199,77,67,243
79,63,207,77,68,245
79,63,215,77,68,248
79,63,223,76,68,249
79,63,231,76,68,251
79,63,239,76,68,252
79,63,247,75,68,253
79,63,255,75,68,254
79,71,0,71,68,9
79,71,7,71,67,13
79,71,15,71,66,18
79,71,23,71,66,24
79,71,31,71,65,31
79,71,39,71,65,38
79,71,47,71,64,45
79,71,55,71,64,52
79,71,63,71,64,59
79,71,71,71,63,67
79,71,79,71,63,75
79,71,87,71,62,83
79,71,95,71,62,91
79,71,103,71,61,101
79,71,111,71,60,111
79,71,119,70,60,124
79,71,127,70,60,137
79,71,135,70,60,152
79,71,143,70,61,169
79,71,151,71,62,186
79,71,159,72,64,203
79,71,167,74,65,217
79,71,175,75,67,229
79,71,183,77,68,236
79,71,191,78,70,241
79,71,199,78,71,243
79,71,207,79,71,246
79,71,215,78,71,248
79,71,223,78,71,250
79,71,231,77,71,251
79,71,239,77,70,252
79,71,247,77,70,253
79,71,255,76,70,254
79,79,0,71,78,10
79,79,7,72,77,14
79,79,15,72,76,18
79,79,23,72,76,24
79,79,31,72,75,30
79,79,39,73,74,37
79,79,47,73,74,44
79,79,55,73,74,51
79,79,63,73,74,58
79,79,71,73,73,65
79,79,79,73,73,73
79,79,87,73,72,80
79,79,95,73,71,88
79,79,103,72,71,97
79,79,111,72,70,107
79,79,119,72,69,117
79,79,127,72,69,130
79,79,135,72,68,145
79,79,143,72,68,161
79,79,151,72,69,178
79,79,159,73,70,196
79,79,167,75,71,212
79,79,175,77,72,225
79,79,183,78,73,234
79,79,191,79,73,240
79,79,199,80,74,244
79,79,207,80,74,246
79,79,215,80,74,248
79,79,223,79,74,250
79,79,231,79,73,251
79,79,239,78,73,253
79,79,247,78,72,253
79,79,255,78,71,254
79,87,0,72,87,11
79,87,7,73,87,14
79,87,15,73,86,19
79,87,23,73,85,24
79,87,31,74,85,30
79,87,39,74,84,37
79,87,47,74,84,43
79,87,55,74,84,50
79,87,63,74,84,57
79,87,71,74,83,64
79,87,79,75,83,71
79,87,87,75,82,79
79,87,95,75,81,86
79,87,103,75,81,94
79,87,111,74,80,102
79,87,119,74,79,113
79,87,127,74,78,124
79,87,135,74,77,137
79,87,143,73,76,153
79,87,151,74,76,170
79,87,159,75,76,188
79,87,167,76,77,205
79,87,175,78,77,219
79,87,183,79,77,232
79,87,191,80,78,239
79,87,199,81,78,243
79,87,207,81,78,246
79,87,215,81,78,248
79,87,223,81,77,250
79,87,231,80,76,252
79,87,239,80,76,253
79,87,247,79,75,254
79,87,255,79,74,254
79,95,0,74,97,11
79,95,7,74,96,15
79,95,15,74,96,19
79,95,23,75,95,24
79,95,31,75,95,30
79,95,39,75,94,37
79,95,47,75,94,43
79,95,55,76,94,49
79,95,63,76,94,56
79,95,71,76,93,63
79,95,79,76,93,70
79,95,87,76,92,77
79,95,95,76,91,84
79,95,103,77,90,92
79,95,111,77,89,100
79,95,119,77,88,108
79,95,127,76,87,119
79,95,135,76,86,131
79,95,143,76,85,145
79,95,151,76,85,162
79,95,159,76,84,179
79,95,167,77,84,197
79,95,175,79,83,214
79,95,183,80,83,226
79,95,191,82,83,236
79,95,199,82,82,242
79,95,207,83,82,246
79,95,215,83,82,248
79,95,223,82,81,250
79,95,231,81,80,252
79,95,239,81,80,253
79,95,247,81,79,254
79,95,255,80,78,254
79,103,0,74,107,11
79,103,7,75,107,15
79,103,15,75,106,19
79,103,23,76,105,25
79,103,31,76,105,31
79,103,39,77,105,37
79,103,47,77,104,43
79,103,55,77,104,49
79,103,63,77,104,55
79,103,71,78,103,62
79,103,79,78,103,69
79,103,87,78,102,76
79,103,95,78,101,83
79,103,103,79,100,90
79,103,111,79,99,97
79,103,119,78,98,105
79,103,127,78,97,114
79,103,135,78,96,125
79,103,143,78,94,139
79,103,151,78,93,154
79,103,159,78,92,172
79,103,167,79,91,190
79,103,175,80,90,207
79,103,183,81,90,222
79,103,191,83,88,232
79,103,199,84,88,241
79,103,207,84,87,245
79,103,215,84,86,248
79,103,223,83,85,250
79,103,231,83,84,252
79,103,239,82,83,253
79,103,247,82,82,253
79,103,255,81,82,254
79,111,0,75,117,13
79,111,7,76,116,17
79,111,15,76,116,20
79,111,23,77,116,25
79,111,31,77,115,31
79,111,39,78,115,37
79,111,47,78,114,43
79,111,55,78,114,49
79,111,63,79,114,55
79,111,71,79,113,61
79,111,79,80,113,68
79,111,87,80,112,75
79,111,95,80,111,81
79,111,103,80,110,88
79,111,111,81,109,95
79,111,119,81,108,103
79,111,127,80,107,111
79,111,135,80,105,121
79,111,143,80,104,132
79,111,151,80,102,147
79,111,159,80,101,163
79,111,167,80,99,182
79,111,175,81,98,200
79,111,183,82,96,215
79,111,191,84,95,228
79,111,199,85,93,237
79,111,207,85,92,244
79,111,215,85,91,247
79,111,223,85,90,250
79,111,231,84,89,252
79,111,239,84,88,253
79,111,247,83,87,254
79,111,255,83,85,253
79,119,0,76,128,15
79,119,7,77,128,18
79,119,15,77,127,22
79,119,23,77,126,26
79,119,31,78,126,31
79,119,39,79,125,37
79,119,47,79,125,43
79,119,55,80,125,49
79,119,63,80,124,55
79,119,71,81,124,61
79,119,79,81,123,67
79,119,87,81,122,73
79,119,95,82,121,80
79,119,103,82,120,87
79,119,111,83,119,94
79,119,119,83,118,100
79,119,127,82,117,108
79,119,135,82,115,117
79,119,143,82,114,128
79,119,151,81,112,140
79,119,159,81,110,157
79,119,167,82,109,173
79,119,175,82,106,192
79,119,183,83,105,209
79,119,191,84,102,223
79,119,199,85,100,234
79,119,207,86,98,241
79,119,215,86,97,247
79,119,223,86,95,250
79,119,231,86,94,252
79,119,239,86,92,253
79,119,247,85,91,254
79,119,255,85,90,254
79,127,0,77,140,16
79,127,7,77,139,19
79,127,15,78,139,22
79,127,23,78,137,27
79,127,31,79,137,32
79,127,39,79,137,37
79,127,47,80,136,43
79,127,55,80,136,48
79,127,63,81,135,54
79,127,71,81,135,60
79,127,79,82,134,66
79,127,87,82,133,72
79,127,95,83,132,79
79,127,103,83,131,85
79,127,111,84,130,92
79,127,119,84,129,98
79,127,127,84,127,106
79,127,135,84,126,114
79,127,143,84,124,124
79,127,151,83,122,136
79,127,159,83,120,149
79,127,167,83,118,166
79,127,175,83,116,183
79,127,183,84,114,201
79,127,191,85,111,217
79,127,199,86,108,229
79,127,207,87,106,238
79,127,215,87,103,245
79,127,223,87,101,249
79,127,231,87,99,252
79,127,239,87,97,254
79,127,247,86,96,254
79,127,255,86,94,254
79,135,0,77,153,16
79,135,7,77,152,19
79,135,15,78,151,22
79,135,23,78,150,27
79,135,31,79,149,32
79,135,39,80,149,37
79,135,47,81,148,43
79,135,55,81,148,48
79,135,63,82,147,54
79,135,71,82,147,59
79,135,79,83,146,65
79,135,87,83,145,71
79,135,95,84,144,77
79,135,103,84,143,84
79,135,111,85,141,90
79,135,119,85,140,97
79,135,127,85,138,104
79,135,135,85,137,111
79,135,143,85,135,120
79,135,151,85,133,131
79,135,159,84,131,144
79,135,167,84,129,157
79,135,175,84,126,175
79,135,183,85,124,193
79,135,191,86,120,209
79,135,199,87,117,223
79,135,207,87,114,234
79,135,215,88,111,243
79,135,223,88,108,248
79,135,231,88,106,252
79,135,239,88,103,254
79,135,247,88,101,255
79,135,255,87,99,254
79,143,0,76,165,17
79,143,7,77,164,19
79,143,15,77,164,22
79,143,23,78,163,26
79,143,31,79,162,31
79,143,39,80,162,38
79,143,47,81,161,42
79,143,55,82,161,48
79,143,63,82,160,53
79,143,71,83,159,58
79,143,79,83,158,64
79,143,87,84,157,70
79,143,95,85,156,76
79,143,103,85,155,82
79,143,111,85,154,88
79,143,119,86,152,95
79,143,127,86,151,101
79,143,135,87,149,109
79,143,143,86,147,117
79,143,151,86,145,127
79,143,159,86,143,138
79,143,167,86,140,152
79,143,175,85,138,167
79,143,183,85,135,184
79,143,191,86,131,201
79,143,199,87,128,217
79,143,207,87,124,229
79,143,215,88,120,239
79,143,223,88,117,246
79,143,231,89,113,250
79,143,239,89,110,253
79,143,247,89,108,254
79,143,255,89,105,255
79,151,0,75,179,17
79,151,7,76,178,20
79,151,15,77,177,24
79,151,23,78,176,27
79,151,31,79,176,32
79,151,39,80,175,37
79,151,47,81,175,43
79,151,55,82,174,47
79,151,63,83,173,53
79,151,71,83,172,58
79,151,79,84,172,63
79,151,87,84,170,69
79,151,95,85,169,75
79,151,103,85,168,80
79,151,111,86,167,87
79,151,119,87,166,93
79,151,127,87,164,99
79,151,135,87,162,106
79,151,143,87,160,114
79,151,151,87,158,123
79,151,159,87,156,134
79,151,167,86,153,145
79,151,175,86,150,160
79,151,183,86,148,176
79,151,191,87,144,192
79,151,199,87,140,208
79,151,207,88,135,223
79,151,215,88,131,234
79,151,223,89,126,242
79,151,231,89,122,248
79,151,239,89,118,252
79,151,247,89,115,254
79,151,255,90,112,255
79,159,0,75,192,18
79,159,7,76,192,20
79,159,15,77,191,23
79,159,23,78,190,28
79,159,31,79,189,32
79,159,39,80,189,37
79,159,47,81,188,42
79,159,55,82,188,47
79,159,63,82,187,52
79,159,71,83,186,57
79,159,79,84,185,62
79,159,87,85,184,68
79,159,95,85,183,73
79,159,103,85,182,79
79,159,111,86,180,85
79,159,119,86,179,91
79,159,127,87,177,97
79,159,135,88,176,104
79,159,143,88,174,111
79,159,151,88,172,119
79,159,159,87,170,129
79,159,167,87,167,140
79,159,175,87,165,153
79,159,183,87,161,167
79,159,191,87,158,183
79,159,199,88,153,199
79,159,207,88,148,214
79,159,215,88,143,227
79,159,223,89,138,237
79,159,231,89,133,245
79,159,239,89,128,251
79,159,247,90,123,254
79,159,255,90,120,255
79,167,0,75,205,19
79,167,7,76,204,21
79,167,15,76,204,24
79,167,23,77,203,27
79,167,31,78,203,32
79,167,39,80,202,37
79,167,47,80,202,42
79,167,55,81,201,47
79,167,63,82,200,51
79,167,71,83,199,56
79,167,79,84,198,61
79,167,87,84,197,66
79,167,95,85,196,72
79,167,103,86,195,77
79,167,111,86,194,83
79,167,119,87,193,89
79,167,127,87,191,95
79,167,135,87,190,101
79,167,143,88,188,108
79,167,151,88,187,116
79,167,159,88,185,124
79,167,167,88,182,134
79,167,175,87,179,146
79,167,183,88,176,159
79,167,191,88,173,175
79,167,199,87,168,189
79,167,207,88,163,205
79,167,215,89,157,219
79,167,223,89,150,232
79,167,231,89,144,241
79,167,239,90,138,249
79,167,247,90,133,253
79,167,255,91,128,255
79,175,0,75,216,21
79,175,7,75,216,23
79,175,15,76,216,25
79,175,23,76,215,28
79,175,31,78,215,32
79,175,39,79,215,37
79,175,47,80,214,42
79,175,55,81,214,46
79,175,63,82,213,51
79,175,71,83,212,56
79,175,79,84,211,60
79,175,87,84,210,65
79,175,95,85,209,70
79,175,103,85,208,75
79,175,111,86,207,81
79,175,119,86,206,87
79,175,127,87,205,93
79,175,135,88,204,99
79,175,143,88,202,105
79,175,151,88,201,112
79,175,159,88,199,120
79,175,167,89,197,129
79,175,175,89,195,140
79,175,183,88,191,152
79,175,191,88,188,165
79,175,199,88,184,180
79,175,207,89,179,196
79,175,215,89,173,210
79,175,223,89,166,224
79,175,231,90,158,236
79,175,239,91,151,246
79,175,247,91,145,253
79,175,255,92,139,255
79,183,0,74,226,22
79,183,7,75,226,24
79,183,15,76,226,26
79,183,23,76,226,29
79,183,31,77,226,33
79,183,39,78,225,37
79,183,47,80,225,42
79,183,55,81,224,46
79,183,63,81,224,50
79,183,71,82,223,55
79,183,79,83,222,60
79,183,87,84,222,64
79,183,95,84,221,69
79,183,103,85,220,74
79,183,111,85,218,79
79,183,119,86,217,84
79,183,127,86,216,90
79,183,135,87,216,96
79,183,143,88,215,102
79,183,151,88,214,109
79,183,159,88,212,116
79,183,167,88,210,124
79,183,175,88,208,133
79,183,183,89,207,144
79,183,191,89,204,157
79,183,199,88,200,170
79,183,207,88,195,185
79,183,215,89,189,201
79,183,223,90,182,216
79,183,231,90,174,229
79,183,239,91,166,241
79,183,247,92,158,249
79,183,255,93,152,254
79,191,0,74,233,24
79,191,7,75,234,25
79,191,15,75,234,27
79,191,23,76,234,30
79,191,31,77,234,34
79,191,39,78,234,37
79,191,47,79,234,41
79,191,55,80,233,46
79,191,63,81,233,50
79,191,71,81,232,54
79,191,79,82,231,59
79,191,87,83,231,63
79,191,95,83,230,68
79,191,103,84,229,72
79,191,111,85,229,77
79,191,119,85,228,83
79,191,127,86,227,88
79,191,135,86,226,93
79,191,143,87,225,99
79,191,151,87,224,105
79,191,159,88,223,112
79,191,167,89,222,120
79,191,175,88,220,128
79,191,183,88,218,137
79,191,191,88,217,148
79,191,199,88,214,161
79,191,207,89,210,175
79,191,215,89,205,190
79,191,223,89,198,206
79,191,231,90,191,221
79,191,239,91,183,235
79,191,247,92,174,247
79,191,255,93,166,252
79,199,0,73,239,24
79,199,7,74,239,26
79,199,15,74,239,28
79,199,23,75,240,30
79,199,31,76,240,34
79,199,39,78,240,38
79,199,47,79,240,41
79,199,55,79,240,45
79,199,63,81,240,50
79,199,71,81,240,54
79,199,79,81,239,58
79,199,87,82,239,62
79,199,95,82,238,66
79,199,103,83,237,71
79,199,111,83,237,75
79,199,119,84,236,80
79,199,127,85,235,85
79,199,135,85,235,91
79,199,143,86,234,96
79,199,151,86,233,102
79,199,159,87,232,108
79,199,167,87,232,115
79,199,175,88,231,123
79,199,183,88,230,131
79,199,191,88,228,141
79,199,199,88,226,152
79,199,207,88,223,165
79,199,215,89,219,181
79,199,223,90,214,196
79,199,231,90,208,212
79,199,239,91,200,227
79,199,247,92,191,242
79,199,255,94,182,253
79,207,0,72,243,25
79,207,7,73,243,26
79,207,15,73,243,28
79,207,23,74,244,30
79,207,31,75,244,33
79,207,39,76,244,37
79,207,47,78,245,41
79,207,55,78,245,44
79,207,63,79,245,48
79,207,71,80,245,53
79,207,79,80,245,56
79,207,87,81,244,61
79,207,95,82,244,65
79,207,103,82,244,69
79,207,111,82,243,73
79,207,119,83,243,78
79,207,127,83,242,82
79,207,135,84,242,87
79,207,143,84,241,92
79,207,151,85,241,98
79,207,159,86,241,104
79,207,167,86,240,111
79,207,175,87,239,117
79,207,183,87,239,125
79,207,191,87,238,134
79,207,199,88,237,144
79,207,207,88,235,156
79,207,215,88,232,171
79,207,223,89,228,187
79,207,231,90,224,203
79,207,239,91,217,221
79,207,247,92,209,236
79,207,255,93,201,248
79,215,0,72,246,25
79,215,7,73,247,27
79,215,15,73,247,29
79,215,23,74,247,30
79,215,31,74,247,33
79,215,39,75,248,36
79,215,47,76,248,40
79,215,55,78,249,44
79,215,63,78,249,47
79,215,71,79,249,51
79,215,79,79,249,55
79,215,87,80,248,59
79,215,95,80,248,63
79,215,103,80,248,67
79,215,111,81,248,71
79,215,119,82,248,76
79,215,127,82,248,80
79,215,135,83,247,84
79,215,143,83,247,89
79,215,151,84,247,94
79,215,159,84,247,100
79,215,167,85,246,106
79,215,175,86,247,113
79,215,183,86,246,120
79,215,191,86,246,128
79,215,199,87,245,137
79,215,207,87,244,149
79,215,215,88,242,163
79,215,223,89,239,177
79,215,231,89,236,194
79,215,239,90,231,212
79,215,247,92,225,230
79,215,255,93,218,245
79,223,0,71,249,25
79,223,7,72,250,27
79,223,15,73,250,29
79,223,23,74,250,31
79,223,31,75,251,34
79,223,39,75,251,36
79,223,47,76,251,39
79,223,55,77,251,43
79,223,63,78,252,47
79,223,71,78,251,50
79,223,79,78,251,54
79,223,87,79,251,57
79,223,95,79,251,61
79,223,103,80,251,65
79,223,111,80,251,69
79,223,119,80,251,73
79,223,127,81,251,77
79,223,135,82,251,82
79,223,143,82,251,86
79,223,151,83,251,91
79,223,159,83,251,96
79,223,167,84,251,102
79,223,175,84,251,108
79,223,183,85,251,115
79,223,191,86,251,123
79,223,199,86,251,132
79,223,207,86,250,143
79,223,215,87,249,155
79,223,223,87,247,170
79,223,231,89,245,185
79,223,239,89,242,203
79,223,247,91,238,221
79,223,255,92,232,238
79,231,0,71,252,25
79,231,7,71,252,26
79,231,15,72,252,28
79,231,23,72,252,30
79,231,31,73,253,33
79,231,39,75,253,36
79,231,47,75,253,39
79,231,55,76,253,42
79,231,63,76,253,45
79,231,71,77,254,49
79,231,79,78,254,53
79,231,87,78,254,56
79,231,95,79,253,60
79,231,103,79,253,63
79,231,111,79,253,67
79,231,119,79,253,70
79,231,127,80,253,74
79,231,135,80,253,78
79,231,143,81,253,83
79,231,151,81,253,88
79,231,159,82,253,93
79,231,167,83,253,98
79,231,175,83,253,104
79,231,183,84,253,110
79,231,191,84,253,118
79,231,199,84,254,127
79,231,207,85,254,137
79,231,215,86,253,149
79,231,223,86,252,162
79,231,231,87,251,177
79,231,239,88,249,194
79,231,247,90,247,215
79,231,255,91,243,233
79,239,0,70,254,25
79,239,7,70,254,26
79,239,15,71,254,27
79,239,23,71,254,29
79,239,31,72,254,31
79,239,39,73,254,34
79,239,47,74,254,38
79,239,55,75,254,41
79,239,63,75,254,44
79,239,71,76,255,47
79,239,79,77,255,51
79,239,87,77,255,54
79,239,95,77,255,58
79,239,103,78,255,62
79,239,111,79,255,65
79,239,119,79,255,69
79,239,127,79,255,72
79,239,135,79,255,76
79,239,143,80,254,80
79,239,151,80,254,85
79,239,159,81,254,89
79,239,167,81,254,94
79,239,175,82,255,100
79,239,183,83,255,107
79,239,191,83,255,114
79,239,199,83,255,122
79,239,207,84,255,131
79,239,215,84,255,143
79,239,223,85,255,156
79,239,231,86,254,170
79,239,239,87,253,187
79,239,247,88,252,204
79,239,255,90,250,224
79,247,0,70,255,25
79,247,7,70,255,26
79,247,15,71,255,27
79,247,23,71,255,29
79,247,31,72,255,31
79,247,39,72,255,33
79,247,47,73,255,37
79,247,55,74,255,40
79,247,63,75,255,43
79,247,71,75,255,46
79,247,79,76,255,49
79,247,87,76,255,53
79,247,95,76,255,56
79,247,103,77,255,59
79,247,111,77,255,63
79,247,119,77,255,66
79,247,127,78,255,70
79,247,135,79,255,74
79,247,143,79,255,78
79,247,151,79,255,82
79,247,159,80,255,86
79,247,167,80,254,91
79,247,175,81,254,96
79,247,183,81,254,103
79,247,191,82,255,110
79,247,199,83,255,118
79,247,207,83,255,127
79,247,215,83,255,138
79,247,223,84,255,150
79,247,231,84,255,164
79,247,239,86,255,181
79,247,247,87,255,197
79,247,255,88,254,213
79,255,0,69,255,24
79,255,7,69,255,25
79,255,15,70,255,27
79,255,23,70,255,29
79,255,31,71,255,30
79,255,39,71,255,33
79,255,47,72,255,35
79,255,55,73,255,38
79,255,63,74,255,42
79,255,71,74,255,45
79,255,79,75,255,48
79,255,87,75,255,51
79,255,95,76,255,55
79,255,103,76,255,58
79,255,111,76,255,61
79,255,119,76,255,64
79,255,127,77,255,68
79,255,135,77,255,72
79,255,143,78,255,76
79,255,151,79,255,80
79,255,159,79,255,85
79,255,167,80,254,90
79,255,175,80,254,96
79,255,183,80,254,101
79,255,191,81,254,108
79,255,199,81,254,115
79,255,207,82,254,124
79,255,215,83,254,134
79,255,223,83,254,145
79,255,231,84,254,158
79,255,239,84,255,173
79,255,247,86,255,190
79,255,255,87,255,204
87,0,0,78,1,14
87,0,7,79,1,20
87,0,15,79,1,26
87,0,23,79,1,34
87,0,31,78,1,43
87,0,39,78,1,52
87,0,47,77,1,61
87,0,55,76,2,70
87,0,63,75,2,80
87,0,71,73,2,91
87,0,79,72,3,102
87,0,87,70,3,117
87,0,95,68,3,133
87,0,103,66,3,152
87,0,111,65,4,171
87,0,119,63,5,191
87,0,127,62,8,205
87,0,135,61,11,216
87,0,143,61,14,223
87,0,151,61,18,227
87,0,159,61,21,231
87,0,167,61,24,233
87,0,175,61,25,235
87,0,183,61,27,237
87,0,191,61,28,239
87,0,199,61,30,241
87,0,207,61,32,242
87,0,215,61,34,244
87,0,223,60,35,247
87,0,231,60,35,249
87,0,239,59,37,251
87,0,247,59,38,253
87,0,255,59,40,254
87,7,0,77,3,13
87,7,7,78,3,19
87,7,15,78,3,25
87,7,23,78,3,34
87,7,31,78,3,42
87,7,39,77,3,51
87,7,47,77,3,60
87,7,55,76,3,69
87,7,63,74,3,79
87,7,71,73,4,89
87,7,79,72,4,100
87,7,87,70,5,113
87,7,95,69,5,128
87,7,103,67,6,146
87,7,111,66,6,165
87,7,119,65,8,186
87,7,127,64,11,201
87,7,135,63,14,212
87,7,143,62,18,220
87,7,151,62,21,225
87,7,159,62,24,229
87,7,167,63,28,232
87,7,175,63,31,235
87,7,183,63,32,237
87,7,191,63,33,239
87,7,199,63,34,241
87,7,207,63,35,243
87,7,215,63,38,244
87,7,223,62,39,247
87,7,231,62,39,249
87,7,239,61,40,251
87,7,247,60,41,253
87,7,255,60,43,254
87,15,0,76,6,12
87,15,7,77,6,18
87,15,15,77,6,25
87,15,23,77,6,33
87,15,31,77,6,41
87,15,39,77,6,49
87,15,47,76,6,58
87,15,55,75,6,68
87,15,63,74,7,77
87,15,71,73,7,86
87,15,79,72,7,97
87,15,87,71,8,109
87,15,95,70,8,123
87,15,103,68,9,141
87,15,111,67,9,159
87,15,119,66,12,178
87,15,127,65,14,195
87,15,135,65,18,207
87,15,143,64,22,216
87,15,151,64,25,222
87,15,159,64,29,228
87,15,167,65,32,231
87,15,175,65,35,234
87,15,183,65,38,236
87,15,191,65,38,239
87,15,199,65,39,241
87,15,207,65,40,243
87,15,215,65,42,245
87,15,223,65,44,246
87,15,231,64,43,249
87,15,239,63,44,251
87,15,247,62,44,253
87,15,255,62,45,254
87,23,0,75,11,11
87,23,7,76,11,17
87,23,15,76,11,24
87,23,23,76,11,31
87,23,31,76,11,39
87,23,39,76,11,48
87,23,47,75,11,56
87,23,55,75,11,65
87,23,63,74,12,74
87,23,71,73,12,84
87,23,79,73,12,94
87,23,87,72,12,105
87,23,95,70,13,118
87,23,103,69,13,134
87,23,111,69,14,152
87,23,119,68,16,170
87,23,127,67,19,187
87,23,135,67,23,200
87,23,143,66,27,211
87,23,151,66,31,219
87,23,159,66,34,225
87,23,167,67,37,230
87,23,175,67,40,234
87,23,183,68,43,236
87,23,191,68,45,239
87,23,199,68,45,241
87,23,207,67,45,243
87,23,215,67,46,245
87,23,223,67,48,247
87,23,231,67,49,249
87,23,239,66,49,251
87,23,247,65,49,252
87,23,255,64,49,254
87,31,0,75,18,11
87,31,7,75,18,16
87,31,15,76,18,23
87,31,23,76,17,30
87,31,31,76,17,38
87,31,39,76,17,46
87,31,47,75,17,54
87,31,55,75,18,63
87,31,63,74,18,72
87,31,71,74,18,81
87,31,79,73,18,90
87,31,87,72,18,101
87,31,95,71,19,114
87,31,103,71,19,127
87,31,111,70,20,144
87,31,119,69,22,161
87,31,127,69,25,177
87,31,135,69,28,192
87,31,143,68,32,204
87,31,151,68,36,214
87,31,159,69,40,222
87,31,167,69,43,229
87,31,175,70,45,233
87,31,183,70,47,237
87,31,191,71,50,239
87,31,199,71,52,241
87,31,207,71,52,243
87,31,215,70,52,245
87,31,223,70,53,247
87,31,231,69,53,249
87,31,239,69,54,250
87,31,247,68,54,252
87,31,255,67,54,254
87,39,0,75,26,11
87,39,7,75,26,16
87,39,15,76,26,22
87,39,23,76,25,29
87,39,31,76,25,36
87,39,39,75,25,44
87,39,47,75,25,52
87,39,55,75,25,61
87,39,63,75,25,69
87,39,71,74,25,78
87,39,79,74,26,87
87,39,87,73,26,97
87,39,95,73,26,108
87,39,103,72,26,121
87,39,111,71,27,136
87,39,119,71,28,153
87,39,127,71,31,168
87,39,135,70,34,184
87,39,143,71,37,197
87,39,151,71,41,210
87,39,159,71,44,220
87,39,167,71,47,228
87,39,175,72,50,233
87,39,183,73,53,237
87,39,191,73,55,240
87,39,199,73,56,242
87,39,207,73,58,244
87,39,215,73,59,246
87,39,223,73,58,248
87,39,231,72,58,249
87,39,239,71,58,251
87,39,247,70,59,252
87,39,255,70,60,253
87,47,0,75,36,11
87,47,7,76,35,16
87,47,15,76,35,21
87,47,23,76,34,28
87,47,31,76,34,35
87,47,39,76,34,42
87,47,47,75,34,50
87,47,55,75,34,58
87,47,63,75,34,66
87,47,71,75,34,75
87,47,79,74,34,84
87,47,87,74,34,93
87,47,95,74,34,103
87,47,103,73,34,116
87,47,111,73,35,129
87,47,119,72,36,145
87,47,127,72,37,160
87,47,135,72,39,176
87,47,143,72,42,191
87,47,151,72,45,205
87,47,159,73,49,217
87,47,167,74,51,226
87,47,175,74,54,234
87,47,183,75,56,237
87,47,191,76,59,240
87,47,199,76,60,243
87,47,207,76,61,244
87,47,215,76,62,246
87,47,223,75,62,248
87,47,231,75,63,250
87,47,239,74,62,251
87,47,247,73,62,253
87,47,255,72,63,254
87,55,0,76,46,10
87,55,7,76,45,15
87,55,15,76,45,21
87,55,23,76,44,27
87,55,31,76,44,34
87,55,39,76,43,41
87,55,47,76,43,48
87,55,55,76,43,56
87,55,63,76,43,64
87,55,71,76,43,72
87,55,79,75,43,80
87,55,87,75,43,89
87,55,95,75,43,99
87,55,103,75,43,110
87,55,111,74,43,123
87,55,119,74,43,138
87,55,127,73,44,153
87,55,135,73,46,169
87,55,143,74,48,185
87,55,151,74,50,200
87,55,159,75,53,214
87,55,167,75,56,225
87,55,175,76,58,233
87,55,183,77,60,238
87,55,191,78,62,241
87,55,199,78,64,243
87,55,207,78,65,245
87,55,215,78,65,247
87,55,223,77,65,249
87,55,231,76,66,250
87,55,239,76,66,252
87,55,247,75,66,253
87,55,255,75,66,254
87,63,0,77,56,10
87,63,7,77,55,15
87,63,15,77,54,20
87,63,23,77,54,26
87,63,31,77,53,33
87,63,39,77,53,40
87,63,47,77,53,47
87,63,55,77,53,54
87,63,63,77,52,62
87,63,71,76,52,70
87,63,79,76,52,78
87,63,87,76,52,86
87,63,95,76,51,95
87,63,103,76,51,106
87,63,111,75,51,118
87,63,119,75,51,131
87,63,127,75,51,146
87,63,135,75,52,161
87,63,143,75,54,178
87,63,151,75,56,195
87,63,159,76,58,209
87,63,167,77,60,223
87,63,175,78,62,231
87,63,183,79,64,238
87,63,191,80,66,241
87,63,199,80,67,244
87,63,207,80,68,246
87,63,215,80,68,248
87,63,223,79,68,249
87,63,231,78,68,251
87,63,239,78,68,252
87,63,247,78,68,253
87,63,255,77,68,254
87,71,0,77,66,10
87,71,7,77,65,15
87,71,15,77,64,20
87,71,23,78,63,26
87,71,31,78,63,32
87,71,39,78,63,39
87,71,47,78,62,46
87,71,55,78,62,53
87,71,63,78,62,60
87,71,71,78,62,68
87,71,79,77,61,76
87,71,87,77,61,84
87,71,95,77,61,92
87,71,103,77,60,101
87,71,111,77,59,112
87,71,119,76,59,125
87,71,127,76,59,138
87,71,135,76,59,154
87,71,143,76,60,170
87,71,151,77,62,187
87,71,159,77,63,204
87,71,167,78,65,218
87,71,175,80,66,230
87,71,183,81,68,237
87,71,191,81,70,241
87,71,199,82,71,244
87,71,207,82,71,246
87,71,215,81,71,248
87,71,223,81,71,250
87,71,231,80,71,251
87,71,239,80,71,252
87,71,247,79,70,253
87,71,255,79,70,254
87,79,0,78,75,11
87,79,7,78,74,15
87,79,15,78,74,20
87,79,23,78,73,25
87,79,31,79,73,32
87,79,39,79,72,38
87,79,47,79,72,45
87,79,55,79,72,52
87,79,63,79,72,59
87,79,71,79,72,66
87,79,79,79,71,74
87,79,87,79,71,81
87,79,95,79,70,90
87,79,103,78,69,98
87,79,111,78,69,107
87,79,119,78,68,118
87,79,127,78,67,131
87,79,135,77,67,145
87,79,143,77,68,162
87,79,151,78,68,179
87,79,159,79,69,197
87,79,167,80,70,213
87,79,175,81,71,226
87,79,183,82,72,236
87,79,191,83,73,241
87,79,199,83,74,244
87,79,207,83,75,246
87,79,215,83,74,248
87,79,223,82,74,250
87,79,231,82,74,251
87,79,239,81,73,253
87,79,247,81,72,253
87,79,255,80,71,254
87,87,0,78,85,11
87,87,7,78,84,16
87,87,15,79,83,20
87,87,23,79,83,25
87,87,31,80,83,32
87,87,39,80,82,38
87,87,47,80,82,44
87,87,55,80,82,51
87,87,63,80,82,58
87,87,71,80,81,65
87,87,79,80,81,72
87,87,87,80,81,80
87,87,95,80,80,87
87,87,103,80,79,95
87,87,111,80,78,103
87,87,119,80,77,113
87,87,127,80,76,125
87,87,135,79,76,138
87,87,143,79,76,154
87,87,151,79,76,171
87,87,159,80,76,188
87,87,167,81,76,206
87,87,175,82,77,221
87,87,183,83,77,232
87,87,191,84,78,240
87,87,199,85,78,243
87,87,207,85,78,246
87,87,215,84,78,248
87,87,223,84,77,250
87,87,231,83,77,252
87,87,239,83,76,253
87,87,247,82,76,254
87,87,255,81,74,254
87,95,0,79,94,12
87,95,7,79,94,16
87,95,15,80,93,20
87,95,23,80,93,26
87,95,31,81,92,32
87,95,39,81,92,38
87,95,47,81,92,44
87,95,55,81,92,51
87,95,63,81,92,57
87,95,71,82,91,64
87,95,79,82,91,71
87,95,87,82,90,78
87,95,95,82,90,85
87,95,103,82,89,93
87,95,111,82,88,100
87,95,119,82,87,109
87,95,127,82,86,120
87,95,135,81,85,132
87,95,143,81,84,146
87,95,151,81,84,163
87,95,159,82,84,180
87,95,167,82,83,198
87,95,175,83,83,215
87,95,183,85,83,227
87,95,191,85,83,237
87,95,199,86,83,243
87,95,207,86,82,246
87,95,215,86,82,248
87,95,223,85,81,250
87,95,231,84,80,252
87,95,239,84,80,253
87,95,247,83,79,254
87,95,255,83,78,254
87,103,0,80,104,13
87,103,7,80,104,16
87,103,15,81,103,21
87,103,23,81,103,26
87,103,31,82,102,32
87,103,39,82,102,38
87,103,47,82,102,44
87,103,55,83,102,50
87,103,63,83,101,57
87,103,71,83,101,63
87,103,79,83,101,70
87,103,87,84,100,77
87,103,95,84,99,84
87,103,103,84,99,91
87,103,111,84,98,98
87,103,119,84,97,106
87,103,127,84,96,115
87,103,135,83,95,126
87,103,143,83,94,139
87,103,151,83,93,154
87,103,159,83,92,172
87,103,167,84,91,190
87,103,175,85,90,207
87,103,183,86,89,223
87,103,191,86,89,233
87,103,199,87,88,241
87,103,207,87,87,246
87,103,215,87,86,248
87,103,223,87,86,250
87,103,231,86,85,252
87,103,239,85,84,253
87,103,247,84,83,253
87,103,255,84,81,254
87,111,0,81,114,15
87,111,7,81,113,18
87,111,15,82,113,22
87,111,23,82,113,27
87,111,31,83,112,33
87,111,39,83,112,38
87,111,47,84,112,44
87,111,55,84,112,50
87,111,63,84,111,56
87,111,71,85,111,63
87,111,79,85,110,69
87,111,87,85,110,76
87,111,95,85,109,82
87,111,103,86,108,89
87,111,111,86,107,96
87,111,119,86,106,104
87,111,127,86,105,112
87,111,135,86,104,121
87,111,143,85,103,133
87,111,151,85,101,148
87,111,159,85,100,164
87,111,167,85,99,182
87,111,175,86,98,201
87,111,183,87,96,216
87,111,191,88,95,229
87,111,199,88,94,237
87,111,207,89,92,244
87,111,215,88,91,248
87,111,223,88,90,250
87,111,231,87,89,252
87,111,239,87,88,253
87,111,247,86,87,254
87,111,255,85,86,254
87,119,0,82,125,16
87,119,7,82,124,19
87,119,15,82,123,23
87,119,23,83,123,28
87,119,31,84,123,33
87,119,39,84,122,39
87,119,47,85,122,44
87,119,55,85,122,50
87,119,63,85,122,56
87,119,71,86,121,62
87,119,79,86,121,68
87,119,87,87,120,75
87,119,95,87,119,82
87,119,103,87,118,88
87,119,111,88,117,95
87,119,119,88,116,101
87,119,127,88,115,109
87,119,135,87,114,118
87,119,143,87,112,128
87,119,151,87,111,141
87,119,159,87,109,157
87,119,167,87,108,174
87,119,175,87,106,192
87,119,183,88,104,210
87,119,191,89,102,223
87,119,199,89,101,235
87,119,207,90,99,241
87,119,215,90,97,247
87,119,223,89,95,250
87,119,231,89,94,252
87,119,239,88,93,253
87,119,247,88,91,254
87,119,255,88,90,254
87,127,0,82,136,17
87,127,7,83,136,20
87,127,15,83,135,23
87,127,23,83,134,28
87,127,31,84,134,33
87,127,39,85,134,39
87,127,47,85,133,45
87,127,55,86,133,50
87,127,63,86,133,56
87,127,71,87,132,62
87,127,79,87,132,68
87,127,87,88,131,74
87,127,95,88,130,80
87,127,103,88,129,87
87,127,111,89,128,93
87,127,119,89,127,100
87,127,127,89,125,107
87,127,135,89,124,115
87,127,143,89,122,125
87,127,151,88,121,137
87,127,159,88,119,150
87,127,167,88,117,166
87,127,175,88,116,184
87,127,183,89,113,201
87,127,191,90,111,217
87,127,199,90,108,229
87,127,207,91,106,239
87,127,215,91,103,245
87,127,223,91,101,250
87,127,231,90,99,252
87,127,239,90,98,254
87,127,247,89,96,254
87,127,255,89,94,254
87,135,0,82,148,18
87,135,7,83,148,20
87,135,15,83,147,24
87,135,23,84,147,28
87,135,31,84,146,34
87,135,39,85,145,39
87,135,47,86,145,44
87,135,55,86,145,50
87,135,63,87,144,55
87,135,71,87,144,61
87,135,79,88,143,67
87,135,87,88,142,73
87,135,95,89,141,79
87,135,103,90,140,86
87,135,111,90,139,92
87,135,119,90,138,98
87,135,127,90,136,105
87,135,135,90,135,113
87,135,143,91,133,121
87,135,151,90,131,132
87,135,159,89,130,144
87,135,167,89,128,158
87,135,175,89,126,176
87,135,183,90,123,193
87,135,191,90,120,210
87,135,199,91,117,224
87,135,207,91,114,235
87,135,215,92,111,244
87,135,223,92,108,248
87,135,231,91,106,252
87,135,239,91,104,253
87,135,247,91,102,255
87,135,255,90,100,254
87,143,0,81,161,18
87,143,7,82,160,21
87,143,15,82,160,24
87,143,23,83,159,28
87,143,31,84,159,33
87,143,39,85,158,39
87,143,47,86,158,44
87,143,55,87,157,50
87,143,63,88,157,55
87,143,71,88,156,61
87,143,79,89,156,66
87,143,87,89,155,72
87,143,95,90,154,78
87,143,103,90,153,84
87,143,111,91,151,90
87,143,119,91,150,97
87,143,127,92,149,103
87,143,135,91,147,111
87,143,143,91,145,119
87,143,151,91,143,128
87,143,159,91,141,139
87,143,167,90,139,153
87,143,175,90,137,167
87,143,183,90,134,185
87,143,191,91,131,202
87,143,199,91,127,217
87,143,207,92,124,230
87,143,215,92,120,239
87,143,223,92,117,246
87,143,231,92,114,250
87,143,239,92,111,253
87,143,247,92,108,254
87,143,255,92,106,255
87,151,0,81,174,18
87,151,7,81,174,22
87,151,15,82,173,25
87,151,23,83,172,29
87,151,31,84,172,34
87,151,39,85,172,39
87,151,47,86,171,44
87,151,55,87,171,49
87,151,63,88,170,54
87,151,71,88,169,60
87,151,79,89,169,65
87,151,87,90,168,71
87,151,95,90,167,77
87,151,103,91,166,83
87,151,111,91,165,89
87,151,119,91,163,95
87,151,127,92,162,101
87,151,135,92,160,108
87,151,143,93,159,116
87,151,151,92,156,125
87,151,159,92,154,135
87,151,167,91,152,146
87,151,175,91,150,161
87,151,183,91,147,177
87,151,191,91,143,193
87,151,199,92,139,209
87,151,207,92,135,224
87,151,215,92,131,235
87,151,223,93,126,243
87,151,231,93,122,249
87,151,239,93,119,252
87,151,247,93,115,255
87,151,255,93,112,255
87,159,0,80,188,19
87,159,7,81,187,22
87,159,15,81,187,25
87,159,23,83,186,29
87,159,31,84,186,34
87,159,39,85,185,39
87,159,47,86,185,44
87,159,55,87,185,49
87,159,63,88,184,54
87,159,71,89,183,59
87,159,79,89,182,64
87,159,87,90,181,70
87,159,95,90,180,75
87,159,103,91,179,81
87,159,111,91,178,87
87,159,119,92,177,93
87,159,127,93,176,100
87,159,135,93,174,106
87,159,143,93,172,113
87,159,151,93,170,121
87,159,159,93,168,131
87,159,167,92,166,142
87,159,175,92,164,154
87,159,183,92,160,169
87,159,191,92,157,185
87,159,199,92,153,201
87,159,207,92,148,215
87,159,215,93,143,229
87,159,223,93,137,239
87,159,231,93,132,246
87,159,239,93,128,251
87,159,247,93,123,254
87,159,255,93,120,255
87,167,0,79,201,20
87,167,7,80,200,22
87,167,15,81,200,25
87,167,23,82,200,29
87,167,31,83,199,34
87,167,39,85,199,39
87,167,47,85,198,44
87,167,55,87,198,48
87,167,63,87,197,54
87,167,71,88,196,58
87,167,79,89,196,64
87,167,87,90,195,69
87,167,95,91,194,75
87,167,103,91,193,80
87,167,111,92,192,85
87,167,119,92,191,91
87,167,127,92,189,97
87,167,135,93,188,104
87,167,143,94,187,111
87,167,151,93,185,118
87,167,159,93,183,126
87,167,167,93,180,136
87,167,175,93,178,148
87,167,183,93,176,162
87,167,191,92,172,176
87,167,199,92,167,192
87,167,207,93,162,208
87,167,215,93,156,221
87,167,223,93,150,233
87,167,231,94,144,242
87,167,239,94,138,250
87,167,247,94,133,253
87,167,255,94,128,255
87,175,0,80,213,22
87,175,7,80,213,24
87,175,15,81,213,26
87,175,23,82,212,30
87,175,31,83,212,34
87,175,39,84,212,39
87,175,47,85,211,44
87,175,55,86,211,48
87,175,63,87,210,53
87,175,71,88,210,58
87,175,79,89,209,63
87,175,87,89,208,68
87,175,95,90,207,73
87,175,103,91,206,78
87,175,111,92,206,84
87,175,119,92,205,90
87,175,127,93,204,95
87,175,135,93,202,101
87,175,143,93,201,108
87,175,151,93,199,115
87,175,159,94,198,123
87,175,167,94,196,132
87,175,175,93,193,142
87,175,183,93,190,154
87,175,191,93,187,168
87,175,199,93,183,183
87,175,207,93,178,198
87,175,215,93,172,213
87,175,223,94,165,226
87,175,231,94,157,238
87,175,239,94,151,246
87,175,247,95,144,253
87,175,255,95,139,255
87,183,0,79,223,23
87,183,7,79,223,25
87,183,15,80,223,28
87,183,23,81,223,31
87,183,31,82,223,34
87,183,39,83,223,38
87,183,47,84,223,43
87,183,55,86,222,48
87,183,63,87,222,53
87,183,71,88,222,58
87,183,79,88,221,62
87,183,87,89,220,67
87,183,95,90,219,72
87,183,103,90,218,77
87,183,111,91,217,82
87,183,119,91,216,87
87,183,127,92,216,93
87,183,135,93,215,99
87,183,143,93,214,105
87,183,151,93,213,112
87,183,159,93,211,119
87,183,167,93,209,127
87,183,175,94,208,136
87,183,183,94,206,147
87,183,191,93,202,159
87,183,199,93,199,173
87,183,207,94,194,188
87,183,215,94,188,204
87,183,223,94,181,218
87,183,231,94,173,230
87,183,239,95,165,242
87,183,247,96,158,250
87,183,255,96,151,254
87,191,0,78,231,24
87,191,7,79,231,26
87,191,15,80,231,28
87,191,23,81,231,32
87,191,31,82,232,36
87,191,39,83,232,39
87,191,47,84,232,43
87,191,55,85,232,48
87,191,63,86,231,52
87,191,71,86,231,56
87,191,79,87,230,61
87,191,87,88,230,66
87,191,95,89,229,71
87,191,103,90,229,75
87,191,111,90,228,80
87,191,119,90,227,85
87,191,127,91,226,90
87,191,135,91,225,96
87,191,143,92,224,102
87,191,151,93,224,108
87,191,159,93,223,116
87,191,167,93,221,123
87,191,175,93,219,131
87,191,183,93,218,140
87,191,191,94,216,151
87,191,199,94,213,164
87,191,207,94,209,178
87,191,215,94,204,193
87,191,223,94,197,209
87,191,231,95,190,223
87,191,239,95,182,236
87,191,247,96,173,248
87,191,255,97,166,253
87,199,0,78,238,25
87,199,7,78,238,27
87,199,15,79,239,29
87,199,23,80,239,32
87,199,31,81,239,35
87,199,39,83,239,40
87,199,47,83,239,43
87,199,55,84,239,47
87,199,63,85,239,52
87,199,71,86,239,56
87,199,79,86,238,60
87,199,87,87,238,64
87,199,95,87,237,69
87,199,103,88,237,73
87,199,111,89,236,78
87,199,119,90,236,83
87,199,127,90,235,88
87,199,135,91,234,93
87,199,143,91,233,99
87,199,151,91,233,105
87,199,159,92,232,111
87,199,167,93,231,118
87,199,175,93,231,126
87,199,183,93,229,134
87,199,191,93,228,144
87,199,199,93,226,155
87,199,207,94,223,169
87,199,215,94,219,184
87,199,223,94,214,199
87,199,231,95,207,215
87,199,239,96,200,229
87,199,247,97,190,243
87,199,255,97,182,254
87,207,0,77,243,26
87,207,7,77,243,27
87,207,15,78,243,29
87,207,23,78,243,31
87,207,31,79,244,34
87,207,39,81,244,38
87,207,47,82,245,43
87,207,55,83,245,47
87,207,63,84,245,51
87,207,71,85,245,55
87,207,79,85,244,59
87,207,87,86,244,63
87,207,95,86,244,67
87,207,103,87,243,71
87,207,111,87,243,76
87,207,119,88,243,80
87,207,127,88,242,85
87,207,135,89,242,90
87,207,143,90,242,96
87,207,151,90,241,101
87,207,159,91,240,107
87,207,167,91,240,114
87,207,175,92,239,121
87,207,183,92,239,129
87,207,191,93,238,138
87,207,199,93,237,148
87,207,207,93,235,159
87,207,215,93,232,174
87,207,223,94,228,190
87,207,231,95,223,206
87,207,239,95,216,223
87,207,247,96,209,238
87,207,255,98,200,249
87,215,0,76,246,26
87,215,7,76,246,28
87,215,15,77,247,30
87,215,23,78,247,32
87,215,31,79,247,34
87,215,39,79,248,38
87,215,47,81,248,42
87,215,55,82,249,46
87,215,63,83,249,50
87,215,71,83,248,53
87,215,79,84,248,58
87,215,87,85,248,61
87,215,95,85,248,66
87,215,103,86,248,70
87,215,111,86,248,74
87,215,119,86,248,78
87,215,127,87,248,83
87,215,135,88,247,87
87,215,143,88,247,92
87,215,151,89,247,97
87,215,159,89,247,103
87,215,167,90,247,110
87,215,175,91,246,116
87,215,183,91,246,123
87,215,191,91,246,132
87,215,199,92,245,141
87,215,207,92,244,153
87,215,215,93,242,166
87,215,223,93,239,180
87,215,231,94,235,197
87,215,239,95,231,214
87,215,247,96,225,232
87,215,255,97,218,246
87,223,0,75,249,26
87,223,7,76,250,28
87,223,15,76,250,30
87,223,23,77,250,32
87,223,31,78,250,35
87,223,39,79,251,38
87,223,47,80,251,41
87,223,55,81,251,45
87,223,63,82,251,49
87,223,71,82,251,52
87,223,79,83,251,56
87,223,87,83,251,60
87,223,95,84,251,64
87,223,103,84,251,68
87,223,111,85,251,72
87,223,119,85,251,76
87,223,127,86,251,80
87,223,135,86,251,85
87,223,143,87,251,89
87,223,151,87,251,94
87,223,159,88,251,99
87,223,167,89,251,105
87,223,175,89,251,111
87,223,183,90,251,119
87,223,191,90,251,127
87,223,199,91,251,136
87,223,207,91,250,146
87,223,215,91,249,159
87,223,223,92,247,173
87,223,231,93,245,188
87,223,239,94,241,206
87,223,247,95,238,224
87,223,255,97,232,240
87,231,0,74,252,26
87,231,7,75,252,27
87,231,15,75,252,29
87,231,23,76,252,31
87,231,31,77,253,34
87,231,39,79,253,38
87,231,47,79,253,41
87,231,55,80,253,44
87,231,63,81,254,48
87,231,71,82,254,52
87,231,79,82,254,55
87,231,87,82,254,58
87,231,95,83,253,62
87,231,103,83,253,66
87,231,111,83,253,69
87,231,119,84,253,73
87,231,127,84,253,77
87,231,135,85,253,82
87,231,143,86,253,86
87,231,151,86,253,91
87,231,159,87,253,96
87,231,167,87,253,101
87,231,175,88,253,107
87,231,183,88,253,114
87,231,191,89,254,121
87,231,199,90,254,131
87,231,207,90,254,141
87,231,215,90,253,152
87,231,223,91,252,165
87,231,231,92,251,180
87,231,239,93,249,197
87,231,247,94,246,217
87,231,255,96,243,234
87,239,0,74,254,26
87,239,7,74,254,27
87,239,15,74,254,29
87,239,23,75,254,30
87,239,31,76,254,33
87,239,39,77,254,36
87,239,47,78,255,40
87,239,55,79,255,43
87,239,63,79,255,46
87,239,71,80,255,49
87,239,79,81,255,53
87,239,87,82,255,57
87,239,95,82,255,61
87,239,103,82,255,64
87,239,111,83,255,68
87,239,119,83,255,71
87,239,127,83,255,75
87,239,135,84,255,79
87,239,143,84,255,83
87,239,151,85,255,88
87,239,159,85,254,92
87,239,167,86,255,98
87,239,175,87,255,104
87,239,183,87,255,110
87,239,191,87,255,117
87,239,199,88,255,125
87,239,207,88,255,135
87,239,215,89,255,146
87,239,223,90,254,159
87,239,231,90,254,173
87,239,239,91,253,190
87,239,247,93,252,207
87,239,255,94,250,227
87,247,0,73,255,27
87,247,7,73,255,27
87,247,15,74,255,29
87,247,23,74,255,30
87,247,31,75,255,32
87,247,39,76,255,35
87,247,47,77,255,38
87,247,55,78,255,42
87,247,63,78,255,45
87,247,71,79,255,48
87,247,79,80,255,51
87,247,87,80,255,55
87,247,95,80,255,58
87,247,103,81,255,62
87,247,111,81,255,66
87,247,119,82,255,69
87,247,127,82,255,73
87,247,135,83,255,76
87,247,143,83,255,80
87,247,151,83,255,85
87,247,159,84,255,89
87,247,167,84,254,94
87,247,175,85,254,100
87,247,183,86,255,106
87,247,191,86,255,114
87,247,199,87,255,121
87,247,207,87,255,130
87,247,215,87,255,141
87,247,223,88,255,153
87,247,231,89,255,168
87,247,239,90,255,183
87,247,247,91,254,199
87,247,255,93,254,215
87,255,0,72,255,25
87,255,7,72,255,26
87,255,15,73,255,28
87,255,23,74,255,30
87,255,31,74,255,32
87,255,39,75,255,34
87,255,47,75,255,37
87,255,55,76,255,40
87,255,63,77,255,43
87,255,71,78,255,46
87,255,79,78,255,50
87,255,87,79,255,53
87,255,95,79,255,57
87,255,103,80,255,60
87,255,111,80,255,64
87,255,119,81,255,67
87,255,127,81,255,71
87,255,135,82,255,75
87,255,143,82,255,79
87,255,151,83,255,83
87,255,159,83,255,88
87,255,167,84,254,93
87,255,175,84,254,99
87,255,183,85,254,104
87,255,191,85,254,111
87,255,199,86,254,118
87,255,207,87,254,127
87,255,215,87,254,137
87,255,223,87,254,148
87,255,231,88,255,161
87,255,239,89,255,176
87,255,247,90,255,193
87,255,255,91,255,207
95,0,0,86,0,14
95,0,7,86,0,21
95,0,15,86,0,27
95,0,23,86,0,35
95,0,31,86,0,44
95,0,39,85,1,52
95,0,47,85,1,61
95,0,55,83,2,70
95,0,63,82,2,79
95,0,71,81,2,90
95,0,79,79,3,102
95,0,87,78,3,115
95,0,95,77,3,130
95,0,103,75,3,148
95,0,111,73,4,169
95,0,119,71,6,189
95,0,127,69,8,204
95,0,135,68,11,215
95,0,143,67,14,224
95,0,151,67,18,228
95,0,159,67,22,232
95,0,167,66,24,234
95,0,175,66,26,236
95,0,183,65,27,238
95,0,191,65,29,239
95,0,199,65,30,241
95,0,207,65,33,243
95,0,215,64,34,245
95,0,223,63,34,247
95,0,231,63,35,249
95,0,239,62,37,251
95,0,247,62,39,253
95,0,255,61,41,254
95,7,0,85,2,14
95,7,7,85,2,20
95,7,15,85,2,27
95,7,23,85,2,35
95,7,31,85,2,43
95,7,39,85,2,51
95,7,47,84,3,60
95,7,55,83,3,69
95,7,63,82,4,78
95,7,71,81,4,88
95,7,79,80,4,100
95,7,87,78,5,112
95,7,95,77,5,126
95,7,103,75,6,144
95,7,111,74,6,164
95,7,119,72,9,183
95,7,127,71,11,200
95,7,135,70,14,211
95,7,143,69,18,221
95,7,151,68,21,226
95,7,159,68,25,230
95,7,167,68,29,233
95,7,175,68,30,235
95,7,183,67,32,237
95,7,191,67,33,239
95,7,199,67,34,241
95,7,207,66,36,243
95,7,215,66,38,245
95,7,223,65,38,247
95,7,231,64,39,249
95,7,239,64,40,251
95,7,247,63,41,253
95,7,255,63,43,254
95,15,0,84,5,13
95,15,7,84,5,19
95,15,15,84,5,26
95,15,23,84,5,34
95,15,31,84,5,42
95,15,39,84,5,50
95,15,47,83,5,59
95,15,55,83,6,68
95,15,63,82,6,77
95,15,71,81,7,87
95,15,79,80,7,97
95,15,87,79,7,108
95,15,95,77,8,123
95,15,103,76,9,140
95,15,111,75,10,159
95,15,119,74,12,178
95,15,127,73,14,194
95,15,135,71,18,207
95,15,143,70,22,217
95,15,151,70,25,224
95,15,159,70,29,229
95,15,167,70,33,232
95,15,175,70,36,235
95,15,183,69,37,237
95,15,191,69,38,239
95,15,199,69,39,241
95,15,207,68,40,243
95,15,215,68,42,245
95,15,223,68,43,247
95,15,231,67,43,249
95,15,239,66,43,251
95,15,247,65,44,253
95,15,255,64,46,254
95,23,0,83,10,13
95,23,7,83,10,18
95,23,15,83,10,25
95,23,23,84,10,33
95,23,31,83,10,40
95,23,39,83,10,49
95,23,47,83,10,57
95,23,55,82,10,66
95,23,63,82,11,75
95,23,71,81,11,84
95,23,79,80,11,94
95,23,87,79,12,105
95,23,95,78,12,119
95,23,103,77,13,134
95,23,111,76,14,152
95,23,119,75,16,171
95,23,127,74,19,187
95,23,135,73,23,201
95,23,143,73,27,211
95,23,151,72,30,220
95,23,159,72,34,227
95,23,167,72,37,231
95,23,175,72,40,234
95,23,183,72,43,237
95,23,191,72,44,239
95,23,199,71,45,241
95,23,207,71,45,243
95,23,215,70,46,245
95,23,223,70,48,247
95,23,231,69,49,249
95,23,239,68,48,251
95,23,247,67,48,253
95,23,255,66,49,254
95,31,0,82,17,12
95,31,7,83,17,18
95,31,15,83,16,24
95,31,23,83,16,31
95,31,31,83,16,39
95,31,39,82,16,47
95,31,47,82,17,55
95,31,55,82,17,64
95,31,63,81,17,72
95,31,71,81,17,81
95,31,79,80,18,91
95,31,87,80,18,102
95,31,95,79,18,114
95,31,103,78,19,128
95,31,111,77,20,144
95,31,119,77,22,162
95,31,127,76,24,178
95,31,135,75,27,193
95,31,143,75,32,205
95,31,151,74,36,215
95,31,159,74,39,223
95,31,167,74,42,230
95,31,175,74,45,234
95,31,183,74,48,237
95,31,191,75,50,239
95,31,199,74,52,242
95,31,207,74,52,244
95,31,215,73,52,245
95,31,223,73,53,247
95,31,231,72,54,249
95,31,239,71,54,251
95,31,247,70,54,252
95,31,255,69,54,254
95,39,0,82,25,12
95,39,7,82,24,18
95,39,15,82,24,23
95,39,23,83,24,31
95,39,31,82,24,38
95,39,39,82,24,45
95,39,47,82,24,53
95,39,55,82,24,61
95,39,63,81,24,70
95,39,71,81,25,79
95,39,79,81,25,88
95,39,87,80,25,98
95,39,95,80,25,109
95,39,103,79,26,122
95,39,111,79,27,137
95,39,119,78,28,153
95,39,127,77,30,169
95,39,135,77,33,185
95,39,143,77,36,199
95,39,151,76,40,211
95,39,159,76,44,221
95,39,167,76,47,228
95,39,175,76,50,234
95,39,183,77,52,237
95,39,191,77,55,240
95,39,199,77,56,242
95,39,207,77,58,244
95,39,215,76,58,246
95,39,223,75,58,248
95,39,231,74,58,249
95,39,239,74,58,251
95,39,247,73,59,252
95,39,255,72,59,254
95,47,0,82,34,12
95,47,7,82,34,17
95,47,15,83,33,23
95,47,23,83,33,29
95,47,31,82,33,36
95,47,39,82,33,44
95,47,47,82,33,51
95,47,55,82,33,59
95,47,63,82,33,67
95,47,71,82,33,76
95,47,79,81,33,84
95,47,87,81,33,94
95,47,95,81,33,104
95,47,103,80,34,116
95,47,111,80,34,130
95,47,119,79,35,146
95,47,127,79,37,162
95,47,135,78,39,177
95,47,143,78,42,193
95,47,151,78,45,206
95,47,159,78,48,218
95,47,167,78,51,227
95,47,175,79,54,234
95,47,183,79,57,238
95,47,191,79,59,241
95,47,199,79,61,243
95,47,207,79,61,245
95,47,215,78,62,246
95,47,223,78,63,248
95,47,231,77,62,250
95,47,239,76,62,251
95,47,247,75,62,253
95,47,255,75,63,254
95,55,0,82,44,11
95,55,7,82,44,17
95,55,15,83,43,23
95,55,23,83,42,29
95,55,31,83,42,35
95,55,39,83,42,42
95,55,47,82,42,49
95,55,55,82,42,57
95,55,63,82,42,65
95,55,71,82,42,73
95,55,79,82,42,81
95,55,87,82,42,90
95,55,95,81,42,100
95,55,103,81,42,111
95,55,111,81,42,124
95,55,119,80,42,138
95,55,127,80,44,154
95,55,135,80,45,169
95,55,143,80,47,186
95,55,151,80,50,201
95,55,159,80,53,214
95,55,167,80,55,226
95,55,175,81,58,233
95,55,183,81,60,239
95,55,191,81,62,241
95,55,199,81,64,244
95,55,207,81,65,245
95,55,215,80,65,247
95,55,223,80,66,249
95,55,231,79,66,250
95,55,239,79,66,252
95,55,247,78,66,253
95,55,255,77,66,254
95,63,0,83,54,12
95,63,7,83,53,16
95,63,15,83,52,22
95,63,23,83,52,28
95,63,31,83,51,34
95,63,39,83,51,41
95,63,47,83,51,48
95,63,55,83,51,56
95,63,63,83,51,63
95,63,71,83,51,71
95,63,79,83,51,79
95,63,87,82,51,87
95,63,95,82,50,97
95,63,103,82,50,107
95,63,111,82,50,118
95,63,119,81,50,132
95,63,127,81,51,146
95,63,135,81,52,162
95,63,143,81,53,179
95,63,151,81,55,195
95,63,159,81,57,210
95,63,167,82,60,223
95,63,175,82,62,232
95,63,183,83,64,238
95,63,191,83,66,242
95,63,199,83,67,244
95,63,207,83,68,246
95,63,215,83,68,248
95,63,223,82,68,249
95,63,231,81,68,251
95,63,239,80,68,252
95,63,247,80,69,253
95,63,255,79,69,254
95,71,0,83,63,12
95,71,7,84,62,16
95,71,15,84,62,21
95,71,23,84,61,27
95,71,31,84,61,34
95,71,39,84,61,40
95,71,47,84,61,47
95,71,55,84,61,54
95,71,63,84,61,61
95,71,71,84,60,69
95,71,79,84,60,77
95,71,87,83,60,85
95,71,95,83,59,93
95,71,103,83,59,102
95,71,111,83,59,113
95,71,119,83,58,125
95,71,127,82,58,139
95,71,135,82,59,155
95,71,143,82,60,171
95,71,151,82,61,188
95,71,159,83,63,205
95,71,167,84,64,219
95,71,175,84,66,231
95,71,183,85,68,238
95,71,191,85,70,242
95,71,199,85,71,244
95,71,207,85,71,246
95,71,215,84,71,248
95,71,223,84,71,250
95,71,231,83,71,251
95,71,239,82,71,252
95,71,247,82,70,253
95,71,255,81,70,254
95,79,0,84,73,12
95,79,7,84,72,17
95,79,15,84,71,21
95,79,23,85,71,27
95,79,31,85,71,33
95,79,39,85,70,40
95,79,47,85,70,46
95,79,55,85,70,53
95,79,63,85,70,60
95,79,71,85,70,67
95,79,79,85,70,75
95,79,87,85,69,82
95,79,95,85,69,90
95,79,103,84,68,99
95,79,111,84,67,108
95,79,119,84,67,120
95,79,127,84,67,132
95,79,135,83,66,146
95,79,143,83,67,163
95,79,151,84,68,180
95,79,159,84,69,197
95,79,167,85,70,214
95,79,175,86,71,226
95,79,183,86,72,237
95,79,191,87,73,242
95,79,199,87,74,245
95,79,207,86,75,246
95,79,215,86,74,248
95,79,223,85,74,250
95,79,231,84,74,251
95,79,239,84,73,253
95,79,247,83,73,253
95,79,255,83,72,254
95,87,0,84,82,13
95,87,7,84,82,17
95,87,15,85,81,22
95,87,23,85,81,27
95,87,31,86,80,33
95,87,39,86,80,39
95,87,47,86,80,46
95,87,55,86,80,52
95,87,63,86,80,59
95,87,71,86,80,66
95,87,79,86,79,73
95,87,87,86,79,80
95,87,95,86,78,88
95,87,103,86,78,96
95,87,111,86,77,104
95,87,119,86,76,114
95,87,127,85,75,126
95,87,135,85,75,139
95,87,143,85,75,154
95,87,151,85,75,171
95,87,159,86,76,189
95,87,167,86,76,207
95,87,175,87,77,222
95,87,183,88,77,233
95,87,191,88,78,241
95,87,199,88,78,244
95,87,207,88,78,247
95,87,215,87,78,249
95,87,223,87,77,250
95,87,231,86,77,252
95,87,239,85,76,253
95,87,247,85,76,254
95,87,255,84,75,254
95,95,0,85,92,13
95,95,7,85,91,17
95,95,15,86,91,21
95,95,23,86,90,27
95,95,31,87,90,33
95,95,39,87,90,39
95,95,47,87,90,45
95,95,55,87,90,52
95,95,63,87,89,58
95,95,71,87,89,65
95,95,79,87,89,72
95,95,87,88,89,79
95,95,95,88,88,86
95,95,103,88,87,93
95,95,111,88,86,101
95,95,119,87,86,110
95,95,127,87,85,120
95,95,135,87,84,132
95,95,143,87,83,147
95,95,151,87,83,163
95,95,159,87,83,181
95,95,167,88,83,198
95,95,175,88,83,215
95,95,183,89,83,229
95,95,191,89,83,237
95,95,199,90,83,243
95,95,207,89,82,246
95,95,215,89,82,248
95,95,223,88,81,250
95,95,231,87,81,252
95,95,239,87,80,253
95,95,247,86,79,253
95,95,255,85,78,254
95,103,0,86,101,15
95,103,7,86,101,18
95,103,15,86,101,22
95,103,23,87,100,27
95,103,31,88,100,34
95,103,39,88,100,39
95,103,47,88,99,45
95,103,55,88,99,51
95,103,63,88,99,58
95,103,71,89,99,64
95,103,79,89,99,71
95,103,87,89,98,77
95,103,95,89,97,85
95,103,103,89,97,92
95,103,111,89,96,99
95,103,119,89,95,106
95,103,127,89,94,116
95,103,135,89,93,127
95,103,143,88,92,139
95,103,151,88,92,155
95,103,159,89,91,173
95,103,167,89,90,191
95,103,175,90,90,208
95,103,183,90,89,223
95,103,191,91,89,234
95,103,199,91,88,241
95,103,207,91,87,246
95,103,215,90,86,249
95,103,223,90,86,250
95,103,231,89,85,252
95,103,239,88,84,253
95,103,247,87,83,253
95,103,255,86,81,254
95,111,0,86,111,16
95,111,7,87,110,19
95,111,15,87,110,23
95,111,23,88,110,28
95,111,31,88,110,34
95,111,39,89,109,40
95,111,47,89,109,45
95,111,55,89,109,51
95,111,63,90,109,57
95,111,71,90,109,64
95,111,79,90,108,70
95,111,87,91,108,77
95,111,95,91,107,83
95,111,103,91,106,90
95,111,111,91,106,97
95,111,119,91,105,105
95,111,127,91,103,113
95,111,135,91,102,122
95,111,143,90,101,134
95,111,151,90,100,148
95,111,159,90,99,165
95,111,167,90,98,183
95,111,175,91,97,201
95,111,183,91,96,216
95,111,191,92,95,229
95,111,199,92,94,238
95,111,207,92,93,245
95,111,215,92,91,248
95,111,223,91,90,251
95,111,231,90,89,252
95,111,239,90,88,253
95,111,247,89,88,254
95,111,255,88,86,254
95,119,0,87,121,17
95,119,7,87,121,20
95,119,15,88,120,24
95,119,23,88,120,29
95,119,31,89,120,34
95,119,39,90,120,40
95,119,47,90,119,46
95,119,55,90,119,51
95,119,63,91,119,57
95,119,71,91,119,63
95,119,79,91,118,70
95,119,87,92,118,76
95,119,95,92,117,83
95,119,103,92,116,89
95,119,111,93,115,96
95,119,119,93,114,103
95,119,127,93,113,110
95,119,135,92,112,119
95,119,143,92,111,129
95,119,151,92,109,142
95,119,159,92,108,158
95,119,167,92,107,175
95,119,175,92,105,193
95,119,183,93,104,210
95,119,191,93,102,223
95,119,199,93,101,235
95,119,207,93,99,242
95,119,215,93,97,247
95,119,223,93,96,250
95,119,231,92,94,252
95,119,239,91,93,253
95,119,247,91,92,254
95,119,255,90,91,254
95,127,0,88,132,18
95,127,7,88,132,21
95,127,15,88,132,25
95,127,23,89,131,30
95,127,31,90,130,35
95,127,39,90,130,40
95,127,47,91,130,46
95,127,55,91,130,51
95,127,63,92,130,57
95,127,71,92,129,63
95,127,79,92,129,69
95,127,87,93,128,75
95,127,95,93,127,82
95,127,103,94,127,88
95,127,111,94,126,94
95,127,119,94,125,101
95,127,127,94,123,108
95,127,135,94,122,116
95,127,143,94,121,126
95,127,151,93,119,137
95,127,159,93,118,151
95,127,167,93,116,167
95,127,175,93,115,185
95,127,183,94,113,202
95,127,191,94,111,218
95,127,199,94,108,229
95,127,207,95,106,240
95,127,215,94,104,246
95,127,223,94,102,250
95,127,231,93,100,252
95,127,239,93,98,254
95,127,247,92,96,254
95,127,255,91,95,254
95,135,0,87,144,19
95,135,7,88,144,21
95,135,15,88,144,25
95,135,23,89,143,29
95,135,31,90,142,35
95,135,39,90,142,41
95,135,47,91,142,46
95,135,55,92,142,51
95,135,63,92,141,57
95,135,71,93,141,63
95,135,79,93,140,69
95,135,87,94,139,75
95,135,95,94,139,81
95,135,103,95,138,87
95,135,111,95,137,93
95,135,119,95,135,99
95,135,127,96,134,106
95,135,135,95,133,114
95,135,143,95,131,122
95,135,151,95,130,133
95,135,159,95,128,145
95,135,167,94,127,159
95,135,175,94,125,176
95,135,183,95,123,194
95,135,191,95,120,210
95,135,199,95,117,226
95,135,207,95,114,236
95,135,215,96,111,245
95,135,223,95,109,249
95,135,231,95,106,252
95,135,239,94,104,253
95,135,247,94,102,254
95,135,255,93,100,254
95,143,0,87,157,19
95,143,7,87,156,22
95,143,15,88,156,26
95,143,23,89,155,30
95,143,31,90,155,35
95,143,39,91,154,41
95,143,47,91,154,46
95,143,55,92,154,51
95,143,63,93,154,57
95,143,71,93,153,62
95,143,79,94,152,68
95,143,87,94,152,74
95,143,95,95,151,80
95,143,103,96,150,86
95,143,111,96,149,92
95,143,119,96,148,98
95,143,127,96,146,105
95,143,135,96,145,112
95,143,143,96,143,120
95,143,151,96,141,129
95,143,159,96,139,140
95,143,167,95,138,153
95,143,175,95,136,168
95,143,183,95,133,186
95,143,191,95,131,203
95,143,199,96,127,218
95,143,207,96,123,232
95,143,215,96,120,240
95,143,223,96,117,247
95,143,231,96,114,251
95,143,239,95,111,253
95,143,247,95,108,254
95,143,255,95,106,255
95,151,0,86,170,20
95,151,7,87,170,23
95,151,15,87,169,26
95,151,23,89,168,31
95,151,31,89,168,35
95,151,39,90,168,40
95,151,47,91,168,46
95,151,55,92,167,51
95,151,63,93,167,56
95,151,71,94,166,62
95,151,79,95,165,68
95,151,87,95,165,73
95,151,95,96,164,79
95,151,103,96,163,85
95,151,111,96,162,91
95,151,119,97,160,97
95,151,127,97,159,103
95,151,135,98,158,110
95,151,143,97,156,117
95,151,151,97,154,126
95,151,159,97,152,136
95,151,167,97,150,148
95,151,175,96,148,162
95,151,183,96,146,178
95,151,191,96,142,195
95,151,199,97,139,211
95,151,207,97,134,225
95,151,215,97,130,236
95,151,223,97,126,243
95,151,231,97,122,249
95,151,239,96,119,253
95,151,247,96,116,255
95,151,255,96,112,255
95,159,0,85,183,20
95,159,7,86,183,23
95,159,15,87,183,26
95,159,23,88,182,31
95,159,31,89,181,36
95,159,39,90,181,41
95,159,47,91,181,46
95,159,55,92,181,51
95,159,63,93,180,56
95,159,71,94,180,61
95,159,79,94,179,66
95,159,87,95,178,72
95,159,95,96,177,78
95,159,103,97,177,84
95,159,111,97,175,90
95,159,119,97,174,95
95,159,127,98,173,101
95,159,135,98,171,108
95,159,143,98,170,115
95,159,151,98,168,123
95,159,159,98,166,132
95,159,167,97,164,143
95,159,175,97,162,156
95,159,183,97,159,171
95,159,191,97,156,186
95,159,199,97,152,202
95,159,207,97,147,217
95,159,215,98,142,230
95,159,223,97,137,240
95,159,231,97,132,247
95,159,239,97,128,252
95,159,247,97,124,254
95,159,255,97,120,255
95,167,0,84,196,21
95,167,7,85,196,23
95,167,15,86,196,26
95,167,23,87,196,30
95,167,31,88,195,35
95,167,39,90,195,41
95,167,47,91,195,46
95,167,55,92,194,51
95,167,63,93,194,56
95,167,71,94,193,61
95,167,79,95,193,66
95,167,87,95,192,71
95,167,95,96,191,77
95,167,103,97,190,82
95,167,111,97,189,88
95,167,119,98,188,94
95,167,127,98,187,100
95,167,135,98,186,106
95,167,143,98,185,113
95,167,151,98,183,120
95,167,159,98,181,128
95,167,167,98,179,139
95,167,175,98,176,150
95,167,183,98,174,163
95,167,191,97,170,178
95,167,199,98,167,194
95,167,207,98,161,210
95,167,215,98,156,223
95,167,223,98,149,235
95,167,231,98,143,244
95,167,239,98,138,250
95,167,247,98,133,254
95,167,255,98,128,255
95,175,0,84,209,23
95,175,7,85,209,25
95,175,15,85,209,28
95,175,23,86,208,31
95,175,31,87,208,35
95,175,39,89,208,40
95,175,47,90,208,46
95,175,55,91,208,50
95,175,63,92,207,55
95,175,71,93,207,60
95,175,79,94,206,65
95,175,87,95,206,70
95,175,95,96,205,76
95,175,103,97,204,81
95,175,111,97,203,86
95,175,119,97,202,92
95,175,127,98,201,98
95,175,135,98,200,104
95,175,143,99,199,110
95,175,151,99,198,118
95,175,159,99,196,125
95,175,167,99,194,134
95,175,175,98,192,144
95,175,183,98,189,157
95,175,191,99,186,170
95,175,199,98,182,185
95,175,207,98,177,200
95,175,215,99,171,215
95,175,223,99,164,228
95,175,231,99,157,239
95,175,239,99,150,247
95,175,247,99,144,253
95,175,255,99,139,255
95,183,0,84,220,24
95,183,7,84,220,26
95,183,15,85,220,29
95,183,23,86,220,33
95,183,31,87,220,36
95,183,39,88,220,40
95,183,47,90,220,45
95,183,55,91,220,50
95,183,63,92,219,55
95,183,71,93,219,60
95,183,79,94,218,64
95,183,87,94,218,69
95,183,95,95,217,74
95,183,103,96,216,79
95,183,111,96,216,85
95,183,119,97,215,90
95,183,127,98,214,96
95,183,135,98,213,102
95,183,143,98,212,108
95,183,151,98,211,114
95,183,159,99,210,122
95,183,167,99,208,130
95,183,175,99,207,139
95,183,183,99,204,150
95,183,191,98,201,162
95,183,199,99,198,176
95,183,207,99,193,192
95,183,215,99,187,206
95,183,223,99,180,220
95,183,231,99,172,232
95,183,239,100,165,243
95,183,247,99,157,250
95,183,255,100,150,254
95,191,0,83,229,25
95,191,7,83,229,27
95,191,15,84,229,29
95,191,23,85,229,33
95,191,31,87,229,37
95,191,39,88,230,41
95,191,47,89,230,45
95,191,55,90,230,50
95,191,63,91,230,54
95,191,71,92,229,59
95,191,79,93,229,64
95,191,87,94,228,68
95,191,95,94,228,73
95,191,103,95,227,78
95,191,111,95,226,83
95,191,119,96,225,88
95,191,127,96,225,93
95,191,135,97,224,99
95,191,143,98,224,105
95,191,151,98,223,111
95,191,159,98,221,118
95,191,167,98,219,126
95,191,175,99,218,134
95,191,183,99,217,143
95,191,191,99,215,154
95,191,199,99,212,167
95,191,207,99,208,181
95,191,215,99,203,197
95,191,223,100,197,212
95,191,231,100,189,225
95,191,239,100,181,238
95,191,247,101,172,249
95,191,255,101,165,253
95,199,0,82,236,26
95,199,7,83,236,28
95,199,15,83,236,30
95,199,23,84,237,33
95,199,31,85,237,36
95,199,39,87,237,41
95,199,47,88,238,45
95,199,55,89,238,49
95,199,63,90,238,54
95,199,71,91,237,58
95,199,79,91,237,62
95,199,87,92,237,67
95,199,95,93,236,71
95,199,103,94,236,76
95,199,111,94,236,81
95,199,119,95,235,86
95,199,127,95,234,91
95,199,135,96,233,96
95,199,143,96,233,102
95,199,151,97,232,108
95,199,159,98,232,114
95,199,167,98,231,122
95,199,175,98,229,129
95,199,183,98,228,137
95,199,191,98,227,147
95,199,199,99,226,158
95,199,207,99,223,172
95,199,215,99,218,187
95,199,223,99,213,202
95,199,231,100,206,217
95,199,239,101,199,232
95,199,247,101,190,244
95,199,255,102,181,253
95,207,0,81,242,27
95,207,7,82,242,28
95,207,15,82,242,30
95,207,23,83,243,33
95,207,31,84,243,36
95,207,39,85,243,40
95,207,47,87,244,45
95,207,55,88,244,49
95,207,63,89,244,53
95,207,71,90,244,57
95,207,79,90,244,61
95,207,87,91,243,65
95,207,95,91,243,70
95,207,103,92,243,74
95,207,111,93,243,79
95,207,119,93,243,83
95,207,127,94,242,88
95,207,135,95,242,94
95,207,143,95,241,99
95,207,151,95,240,104
95,207,159,96,240,110
95,207,167,97,239,117
95,207,175,97,239,124
95,207,183,98,239,133
95,207,191,98,238,141
95,207,199,98,236,151
95,207,207,98,235,163
95,207,215,99,231,177
95,207,223,100,227,193
95,207,231,100,222,209
95,207,239,100,215,225
95,207,247,101,208,240
95,207,255,103,200,250
95,215,0,80,246,27
95,215,7,81,246,29
95,215,15,81,246,31
95,215,23,82,247,33
95,215,31,83,247,36
95,215,39,84,247,39
95,215,47,85,248,43
95,215,55,87,248,48
95,215,63,87,248,52
95,215,71,88,248,56
95,215,79,89,248,60
95,215,87,90,248,64
95,215,95,90,248,68
95,215,103,91,248,72
95,215,111,91,248,77
95,215,119,91,248,81
95,215,127,92,248,85
95,215,135,93,248,90
95,215,143,93,247,95
95,215,151,94,247,101
95,215,159,95,247,107
95,215,167,95,246,113
95,215,175,96,246,119
95,215,183,96,246,127
95,215,191,97,246,135
95,215,199,97,245,145
95,215,207,98,244,156
95,215,215,98,242,169
95,215,223,98,239,184
95,215,231,99,235,200
95,215,239,100,231,217
95,215,247,101,224,234
95,215,255,102,217,248
95,223,0,79,249,27
95,223,7,80,249,29
95,223,15,80,250,31
95,223,23,81,250,33
95,223,31,83,250,37
95,223,39,83,251,39
95,223,47,84,251,43
95,223,55,85,251,46
95,223,63,86,251,51
95,223,71,87,251,54
95,223,79,87,251,58
95,223,87,88,251,62
95,223,95,89,251,66
95,223,103,89,251,70
95,223,111,90,251,75
95,223,119,90,251,79
95,223,127,91,251,83
95,223,135,91,251,87
95,223,143,92,251,92
95,223,151,92,251,97
95,223,159,93,251,102
95,223,167,94,251,108
95,223,175,95,251,115
95,223,183,95,251,122
95,223,191,95,251,130
95,223,199,96,251,139
95,223,207,96,250,150
95,223,215,97,249,162
95,223,223,97,247,176
95,223,231,98,244,191
95,223,239,99,241,209
95,223,247,100,237,227
95,223,255,102,232,242
95,231,0,78,252,27
95,231,7,79,252,29
95,231,15,79,252,30
95,231,23,80,252,33
95,231,31,81,253,36
95,231,39,83,253,39
95,231,47,83,253,42
95,231,55,84,253,46
95,231,63,85,253,49
95,231,71,86,254,53
95,231,79,86,254,57
95,231,87,87,253,61
95,231,95,87,253,65
95,231,103,88,253,68
95,231,111,88,253,72
95,231,119,89,253,76
95,231,127,89,253,80
95,231,135,90,253,85
95,231,143,91,253,89
95,231,151,91,253,94
95,231,159,91,253,99
95,231,167,92,253,104
95,231,175,93,253,110
95,231,183,93,254,117
95,231,191,94,254,125
95,231,199,95,254,134
95,231,207,95,254,144
95,231,215,95,253,155
95,231,223,96,252,168
95,231,231,97,251,184
95,231,239,98,249,200
95,231,247,99,246,219
95,231,255,100,243,237
95,239,0,77,254,27
95,239,7,78,254,28
95,239,15,78,254,30
95,239,23,79,254,32
95,239,31,80,254,34
95,239,39,81,255,38
95,239,47,82,255,42
95,239,55,83,255,45
95,239,63,84,255,48
95,239,71,85,255,52
95,239,79,86,255,56
95,239,87,86,255,59
95,239,95,86,255,63
95,239,103,87,255,67
95,239,111,87,255,70
95,239,119,87,254,74
95,239,127,88,255,78
95,239,135,88,255,82
95,239,143,89,255,86
95,239,151,90,255,91
95,239,159,90,255,96
95,239,167,91,255,101
95,239,175,91,255,107
95,239,183,92,255,113
95,239,191,92,255,120
95,239,199,93,255,129
95,239,207,93,255,138
95,239,215,94,255,150
95,239,223,94,254,162
95,239,231,95,254,176
95,239,239,96,253,192
95,239,247,98,252,210
95,239,255,99,250,229
95,247,0,77,255,27
95,247,7,77,255,29
95,247,15,77,255,30
95,247,23,78,255,31
95,247,31,78,255,34
95,247,39,79,255,36
95,247,47,80,255,40
95,247,55,82,255,43
95,247,63,82,255,47
95,247,71,83,255,50
95,247,79,84,255,54
95,247,87,85,255,58
95,247,95,85,255,61
95,247,103,86,255,65
95,247,111,86,255,69
95,247,119,86,255,72
95,247,127,87,255,76
95,247,135,87,255,79
95,247,143,87,255,83
95,247,151,88,255,88
95,247,159,89,255,93
95,247,167,89,255,98
95,247,175,90,255,103
95,247,183,91,255,110
95,247,191,91,255,117
95,247,199,91,255,125
95,247,207,92,255,134
95,247,215,92,255,144
95,247,223,93,255,157
95,247,231,94,255,171
95,247,239,94,255,186
95,247,247,96,254,202
95,247,255,97,254,218
95,255,0,75,255,26
95,255,7,76,255,27
95,255,15,76,255,29
95,255,23,77,255,31
95,255,31,77,255,33
95,255,39,78,255,35
95,255,47,79,255,38
95,255,55,80,255,41
95,255,63,81,255,45
95,255,71,81,255,48
95,255,79,82,255,52
95,255,87,83,255,56
95,255,95,84,255,59
95,255,103,84,255,63
95,255,111,85,255,67
95,255,119,85,255,70
95,255,127,86,255,74
95,255,135,86,255,78
95,255,143,87,255,82
95,255,151,87,255,86
95,255,159,88,255,91
95,255,167,88,255,97
95,255,175,89,254,102
95,255,183,89,254,108
95,255,191,90,254,114
95,255,199,91,254,122
95,255,207,91,254,130
95,255,215,91,254,140
95,255,223,92,255,151
95,255,231,92,255,165
95,255,239,93,255,180
95,255,247,94,255,196
95,255,255,95,255,209
103,0,0,93,1,15
103,0,7,93,1,21
103,0,15,94,1,28
103,0,23,93,1,36
103,0,31,93,2,44
103,0,39,93,2,53
103,0,47,92,2,62
103,0,55,91,2,70
103,0,63,90,2,79
103,0,71,88,2,89
103,0,79,87,2,101
103,0,87,86,2,113
103,0,95,84,3,130
103,0,103,83,4,148
103,0,111,81,5,169
103,0,119,79,6,187
103,0,127,77,8,203
103,0,135,76,11,215
103,0,143,75,15,224
103,0,151,74,19,230
103,0,159,73,22,233
103,0,167,72,24,235
103,0,175,71,26,237
103,0,183,70,27,238
103,0,191,70,29,240
103,0,199,69,31,242
103,0,207,68,33,243
103,0,215,68,34,245
103,0,223,67,34,247
103,0,231,66,35,250
103,0,239,65,37,252
103,0,247,65,39,253
103,0,255,64,40,254
103,7,0,92,2,15
103,7,7,92,2,20
103,7,15,93,2,27
103,7,23,93,2,35
103,7,31,92,3,44
103,7,39,92,3,52
103,7,47,91,3,61
103,7,55,90,4,69
103,7,63,89,4,78
103,7,71,88,4,88
103,7,79,87,4,99
103,7,87,86,4,112
103,7,95,85,5,126
103,7,103,83,6,143
103,7,111,82,7,164
103,7,119,80,8,183
103,7,127,78,11,199
103,7,135,77,14,212
103,7,143,76,18,222
103,7,151,75,22,228
103,7,159,75,26,232
103,7,167,74,28,234
103,7,175,73,30,236
103,7,183,72,32,238
103,7,191,71,33,240
103,7,199,71,35,242
103,7,207,70,37,243
103,7,215,69,38,245
103,7,223,69,38,247
103,7,231,68,39,249
103,7,239,67,40,251
103,7,247,66,41,253
103,7,255,66,43,254
103,15,0,91,4,14
103,15,7,91,4,20
103,15,15,91,4,26
103,15,23,92,4,34
103,15,31,91,5,43
103,15,39,91,5,51
103,15,47,91,5,59
103,15,55,90,6,68
103,15,63,89,6,77
103,15,71,88,7,87
103,15,79,87,7,97
103,15,87,86,7,109
103,15,95,85,8,123
103,15,103,84,8,139
103,15,111,82,9,158
103,15,119,81,11,178
103,15,127,80,14,194
103,15,135,78,17,208
103,15,143,77,21,218
103,15,151,77,26,226
103,15,159,76,30,230
103,15,167,75,33,233
103,15,175,75,35,236
103,15,183,74,36,238
103,15,191,73,38,240
103,15,199,72,39,242
103,15,207,72,41,243
103,15,215,72,43,245
103,15,223,71,43,247
103,15,231,70,43,249
103,15,239,69,43,251
103,15,247,68,44,253
103,15,255,67,46,254
103,23,0,90,9,14
103,23,7,90,9,19
103,23,15,91,9,26
103,23,23,91,9,34
103,23,31,91,9,41
103,23,39,90,9,49
103,23,47,90,10,58
103,23,55,89,10,66
103,23,63,89,11,75
103,23,71,88,11,85
103,23,79,87,11,95
103,23,87,86,11,106
103,23,95,85,12,119
103,23,103,84,13,134
103,23,111,83,14,152
103,23,119,82,16,170
103,23,127,81,19,186
103,23,135,80,22,202
103,23,143,79,26,213
103,23,151,78,30,222
103,23,159,78,34,228
103,23,167,77,37,232
103,23,175,77,41,235
103,23,183,76,43,237
103,23,191,75,44,240
103,23,199,75,44,242
103,23,207,74,46,244
103,23,215,74,47,245
103,23,223,73,49,247
103,23,231,72,48,249
103,23,239,71,48,251
103,23,247,70,48,253
103,23,255,69,49,254
103,31,0,89,16,13
103,31,7,90,15,19
103,31,15,90,15,25
103,31,23,90,15,33
103,31,31,90,15,40
103,31,39,89,15,48
103,31,47,89,16,56
103,31,55,89,16,64
103,31,63,88,16,73
103,31,71,88,17,82
103,31,79,87,17,92
103,31,87,87,18,102
103,31,95,86,18,114
103,31,103,85,19,128
103,31,111,85,20,144
103,31,119,84,21,162
103,31,127,83,24,179
103,31,135,82,27,193
103,31,143,81,31,206
103,31,151,80,35,216
103,31,159,80,39,225
103,31,167,79,42,230
103,31,175,79,45,235
103,31,183,79,48,237
103,31,191,78,51,240
103,31,199,78,51,242
103,31,207,77,52,244
103,31,215,76,53,246
103,31,223,76,53,248
103,31,231,75,54,249
103,31,239,74,53,251
103,31,247,73,53,253
103,31,255,72,54,254
103,39,0,89,23,13
103,39,7,89,23,19
103,39,15,89,23,25
103,39,23,89,23,32
103,39,31,89,23,39
103,39,39,89,23,46
103,39,47,89,23,54
103,39,55,88,23,62
103,39,63,88,24,70
103,39,71,88,24,79
103,39,79,88,24,88
103,39,87,87,25,98
103,39,95,87,25,109
103,39,103,86,26,122
103,39,111,86,26,137
103,39,119,85,28,154
103,39,127,84,30,170
103,39,135,83,33,186
103,39,143,83,36,200
103,39,151,82,40,211
103,39,159,82,44,221
103,39,167,81,47,229
103,39,175,81,50,235
103,39,183,81,52,238
103,39,191,81,55,240
103,39,199,80,57,242
103,39,207,80,58,244
103,39,215,79,58,246
103,39,223,78,58,248
103,39,231,77,58,250
103,39,239,77,59,251
103,39,247,76,59,252
103,39,255,75,58,254
103,47,0,89,32,13
103,47,7,89,32,18
103,47,15,89,32,24
103,47,23,89,31,31
103,47,31,89,31,38
103,47,39,89,31,45
103,47,47,89,31,52
103,47,55,88,32,60
103,47,63,88,32,68
103,47,71,88,32,76
103,47,79,88,33,85
103,47,87,88,33,95
103,47,95,87,33,105
103,47,103,87,33,117
103,47,111,87,34,131
103,47,119,86,34,146
103,47,127,86,36,162
103,47,135,85,39,178
103,47,143,85,42,193
103,47,151,84,45,207
103,47,159,84,48,218
103,47,167,83,51,228
103,47,175,83,54,234
103,47,183,83,57,239
103,47,191,83,59,241
103,47,199,83,60,243
103,47,207,82,61,245
103,47,215,81,62,247
103,47,223,81,63,248
103,47,231,80,62,250
103,47,239,79,62,251
103,47,247,78,62,253
103,47,255,77,63,254
103,55,0,89,42,13
103,55,7,89,42,18
103,55,15,89,41,24
103,55,23,89,41,30
103,55,31,89,41,37
103,55,39,89,40,43
103,55,47,89,41,51
103,55,55,89,41,58
103,55,63,88,41,66
103,55,71,88,41,74
103,55,79,88,41,82
103,55,87,88,41,91
103,55,95,88,41,101
103,55,103,88,41,112
103,55,111,88,41,125
103,55,119,87,42,139
103,55,127,87,43,155
103,55,135,86,45,170
103,55,143,86,47,187
103,55,151,86,50,202
103,55,159,85,52,215
103,55,167,85,55,227
103,55,175,85,58,234
103,55,183,85,60,239
103,55,191,85,62,242
103,55,199,85,64,244
103,55,207,84,65,246
103,55,215,83,65,247
103,55,223,83,66,249
103,55,231,82,66,250
103,55,239,81,66,252
103,55,247,80,66,253
103,55,255,79,66,254
103,63,0,89,51,13
103,63,7,89,51,18
103,63,15,90,51,23
103,63,23,90,50,29
103,63,31,90,50,36
103,63,39,89,50,42
103,63,47,89,50,49
103,63,55,89,50,56
103,63,63,89,50,64
103,63,71,89,50,72
103,63,79,89,50,80
103,63,87,89,50,88
103,63,95,89,50,97
103,63,103,89,49,107
103,63,111,88,49,119
103,63,119,88,49,133
103,63,127,88,50,147
103,63,135,87,51,163
103,63,143,87,53,179
103,63,151,87,55,196
103,63,159,87,57,211
103,63,167,87,59,223
103,63,175,87,62,234
103,63,183,87,64,238
103,63,191,87,66,242
103,63,199,87,67,244
103,63,207,86,68,246
103,63,215,86,68,248
103,63,223,85,69,249
103,63,231,84,69,251
103,63,239,83,69,252
103,63,247,82,69,253
103,63,255,82,69,254
103,71,0,90,61,13
103,71,7,90,60,18
103,71,15,90,60,23
103,71,23,90,59,29
103,71,31,90,59,35
103,71,39,90,59,42
103,71,47,90,59,48
103,71,55,90,59,55
103,71,63,90,59,62
103,71,71,90,59,70
103,71,79,90,59,77
103,71,87,90,59,85
103,71,95,89,58,94
103,71,103,89,58,103
103,71,111,89,58,114
103,71,119,89,57,126
103,71,127,89,58,140
103,71,135,88,58,155
103,71,143,88,59,172
103,71,151,88,61,189
103,71,159,88,62,206
103,71,167,89,64,220
103,71,175,89,66,231
103,71,183,89,68,238
103,71,191,89,69,242
103,71,199,89,71,245
103,71,207,88,71,246
103,71,215,87,71,248
103,71,223,87,71,250
103,71,231,86,71,251
103,71,239,85,71,252
103,71,247,84,71,253
103,71,255,83,71,254
103,79,0,90,70,14
103,79,7,90,70,18
103,79,15,91,69,23
103,79,23,91,69,28
103,79,31,91,69,35
103,79,39,91,68,41
103,79,47,91,68,48
103,79,55,91,68,54
103,79,63,91,68,61
103,79,71,91,68,68
103,79,79,90,68,76
103,79,87,91,68,83
103,79,95,90,67,91
103,79,103,90,67,99
103,79,111,90,66,109
103,79,119,90,66,120
103,79,127,90,66,133
103,79,135,89,66,148
103,79,143,89,66,163
103,79,151,89,67,181
103,79,159,90,68,198
103,79,167,90,69,215
103,79,175,90,71,228
103,79,183,91,72,237
103,79,191,90,73,242
103,79,199,90,74,245
103,79,207,90,75,247
103,79,215,89,74,248
103,79,223,88,74,250
103,79,231,87,74,251
103,79,239,86,73,253
103,79,247,86,73,253
103,79,255,85,72,254
103,87,0,91,80,14
103,87,7,91,79,18
103,87,15,91,79,23
103,87,23,92,78,29
103,87,31,92,78,34
103,87,39,92,78,41
103,87,47,92,78,47
103,87,55,92,78,53
103,87,63,92,78,60
103,87,71,92,78,67
103,87,79,92,78,74
103,87,87,92,77,81
103,87,95,92,77,89
103,87,103,92,76,97
103,87,111,92,76,105
103,87,119,92,75,115
103,87,127,91,74,127
103,87,135,91,74,140
103,87,143,91,74,155
103,87,151,91,74,172
103,87,159,91,75,190
103,87,167,91,75,207
103,87,175,92,76,224
103,87,183,92,77,233
103,87,191,92,78,241
103,87,199,92,78,244
103,87,207,91,78,247
103,87,215,91,78,248
103,87,223,90,77,250
103,87,231,89,77,252
103,87,239,88,77,253
103,87,247,87,76,254
103,87,255,86,75,254
103,95,0,91,89,14
103,95,7,91,89,18
103,95,15,92,88,23
103,95,23,92,88,28
103,95,31,93,88,34
103,95,39,93,88,40
103,95,47,93,88,47
103,95,55,93,88,53
103,95,63,93,88,59
103,95,71,93,87,66
103,95,79,93,87,73
103,95,87,93,87,80
103,95,95,93,86,87
103,95,103,93,86,94
103,95,111,93,85,102
103,95,119,93,84,111
103,95,127,93,83,121
103,95,135,92,83,133
103,95,143,92,82,148
103,95,151,92,82,164
103,95,159,92,82,181
103,95,167,93,82,199
103,95,175,93,82,216
103,95,183,93,83,230
103,95,191,93,83,238
103,95,199,93,83,244
103,95,207,93,82,247
103,95,215,92,82,249
103,95,223,91,81,250
103,95,231,90,81,252
103,95,239,89,80,253
103,95,247,89,79,253
103,95,255,88,77,254
103,103,0,91,98,16
103,103,7,92,98,20
103,103,15,92,98,23
103,103,23,93,98,29
103,103,31,93,97,35
103,103,39,93,97,41
103,103,47,94,97,46
103,103,55,94,97,52
103,103,63,94,97,59
103,103,71,94,97,65
103,103,79,94,96,72
103,103,87,94,96,78
103,103,95,95,96,85
103,103,103,95,95,92
103,103,111,95,94,99
103,103,119,95,94,107
103,103,127,94,93,117
103,103,135,94,92,128
103,103,143,94,91,140
103,103,151,94,90,156
103,103,159,94,90,173
103,103,167,94,89,191
103,103,175,94,89,209
103,103,183,95,89,223
103,103,191,95,88,235
103,103,199,95,88,242
103,103,207,94,87,247
103,103,215,94,87,249
103,103,223,93,86,250
103,103,231,92,85,252
103,103,239,91,84,253
103,103,247,90,83,253
103,103,255,89,81,254
103,111,0,92,108,16
103,111,7,92,108,20
103,111,15,93,107,25
103,111,23,93,107,30
103,111,31,94,107,35
103,111,39,94,107,41
103,111,47,95,107,47
103,111,55,95,107,53
103,111,63,95,107,58
103,111,71,95,106,65
103,111,79,95,106,71
103,111,87,96,106,78
103,111,95,96,105,84
103,111,103,96,104,91
103,111,111,96,104,98
103,111,119,96,103,105
103,111,127,96,102,113
103,111,135,96,101,123
103,111,143,95,100,135
103,111,151,95,99,148
103,111,159,95,98,165
103,111,167,95,97,183
103,111,175,96,97,201
103,111,183,96,96,217
103,111,191,96,95,230
103,111,199,96,94,239
103,111,207,96,93,245
103,111,215,95,92,249
103,111,223,94,90,251
103,111,231,94,90,252
103,111,239,93,89,253
103,111,247,92,88,254
103,111,255,91,87,254
103,119,0,92,118,17
103,119,7,93,118,21
103,119,15,93,117,25
103,119,23,94,117,31
103,119,31,95,117,36
103,119,39,95,117,41
103,119,47,96,117,47
103,119,55,96,117,53
103,119,63,96,117,58
103,119,71,96,116,64
103,119,79,97,116,71
103,119,87,97,115,77
103,119,95,97,115,84
103,119,103,98,114,90
103,119,111,98,113,97
103,119,119,98,112,103
103,119,127,98,111,111
103,119,135,97,110,120
103,119,143,97,109,130
103,119,151,97,108,143
103,119,159,97,107,158
103,119,167,97,106,175
103,119,175,97,105,193
103,119,183,97,103,210
103,119,191,97,102,224
103,119,199,97,100,235
103,119,207,97,99,243
103,119,215,97,97,248
103,119,223,96,96,251
103,119,231,95,94,252
103,119,239,94,93,253
103,119,247,94,92,254
103,119,255,93,91,254
103,127,0,93,129,18
103,127,7,93,129,21
103,127,15,94,128,25
103,127,23,94,128,30
103,127,31,95,127,37
103,127,39,95,127,42
103,127,47,96,127,47
103,127,55,96,127,53
103,127,63,97,127,58
103,127,71,97,127,64
103,127,79,98,126,70
103,127,87,98,125,76
103,127,95,98,125,83
103,127,103,99,124,89
103,127,111,99,123,95
103,127,119,99,122,102
103,127,127,99,121,109
103,127,135,99,120,117
103,127,143,98,119,127
103,127,151,98,117,137
103,127,159,98,116,151
103,127,167,98,115,167
103,127,175,98,114,185
103,127,183,98,112,202
103,127,191,98,110,218
103,127,199,98,108,230
103,127,207,98,106,240
103,127,215,98,104,246
103,127,223,97,102,250
103,127,231,97,100,252
103,127,239,96,98,254
103,127,247,95,97,254
103,127,255,94,95,254
103,135,0,93,140,20
103,135,7,93,140,23
103,135,15,94,139,26
103,135,23,94,139,31
103,135,31,95,139,36
103,135,39,96,138,42
103,135,47,96,138,47
103,135,55,97,138,53
103,135,63,98,138,58
103,135,71,98,138,64
103,135,79,98,137,70
103,135,87,99,136,76
103,135,95,99,136,82
103,135,103,100,135,88
103,135,111,100,134,95
103,135,119,100,133,101
103,135,127,100,132,107
103,135,135,100,130,115
103,135,143,100,129,124
103,135,151,100,128,134
103,135,159,99,126,146
103,135,167,99,125,160
103,135,175,99,123,177
103,135,183,99,121,194
103,135,191,99,119,211
103,135,199,100,116,226
103,135,207,100,114,236
103,135,215,99,111,245
103,135,223,99,109,249
103,135,231,98,107,252
103,135,239,98,104,253
103,135,247,97,103,254
103,135,255,96,101,254
103,143,0,92,153,20
103,143,7,93,152,24
103,143,15,93,151,27
103,143,23,94,151,31
103,143,31,95,151,36
103,143,39,96,151,42
103,143,47,97,150,48
103,143,55,97,150,53
103,143,63,98,150,58
103,143,71,99,149,64
103,143,79,99,149,70
103,143,87,100,148,76
103,143,95,100,148,82
103,143,103,101,147,88
103,143,111,101,146,93
103,143,119,101,145,100
103,143,127,102,143,106
103,143,135,102,142,113
103,143,143,101,140,121
103,143,151,101,139,130
103,143,159,100,137,141
103,143,167,100,136,154
103,143,175,100,134,169
103,143,183,100,132,186
103,143,191,100,129,204
103,143,199,100,126,219
103,143,207,101,123,233
103,143,215,100,120,241
103,143,223,100,117,247
103,143,231,99,114,251
103,143,239,99,111,253
103,143,247,99,109,254
103,143,255,98,106,255
103,151,0,92,166,21
103,151,7,92,165,24
103,151,15,93,165,28
103,151,23,94,164,33
103,151,31,95,164,37
103,151,39,96,164,42
103,151,47,97,163,48
103,151,55,98,163,53
103,151,63,98,163,58
103,151,71,99,163,63
103,151,79,100,162,69
103,151,87,100,161,75
103,151,95,101,160,81
103,151,103,101,159,87
103,151,111,102,159,93
103,151,119,102,157,99
103,151,127,102,156,105
103,151,135,102,154,111
103,151,143,102,153,119
103,151,151,102,151,127
103,151,159,102,149,137
103,151,167,101,148,149
103,151,175,101,146,163
103,151,183,101,144,179
103,151,191,101,141,195
103,151,199,101,138,212
103,151,207,101,134,226
103,151,215,101,130,238
103,151,223,101,126,244
103,151,231,101,122,250
103,151,239,100,119,253
103,151,247,100,116,255
103,151,255,99,112,255
103,159,0,91,179,21
103,159,7,91,179,24
103,159,15,92,178,27
103,159,23,93,178,32
103,159,31,94,177,37
103,159,39,95,177,42
103,159,47,96,177,47
103,159,55,98,177,53
103,159,63,98,176,58
103,159,71,99,176,63
103,159,79,100,175,69
103,159,87,101,175,74
103,159,95,101,174,80
103,159,103,102,173,86
103,159,111,102,172,91
103,159,119,102,171,97
103,159,127,103,170,103
103,159,135,103,168,110
103,159,143,103,167,117
103,159,151,103,165,124
103,159,159,102,163,134
103,159,167,102,161,144
103,159,175,102,159,158
103,159,183,102,157,172
103,159,191,102,154,187
103,159,199,102,150,204
103,159,207,102,147,219
103,159,215,102,141,231
103,159,223,102,137,241
103,159,231,101,132,247
103,159,239,101,128,252
103,159,247,101,124,254
103,159,255,101,120,255
103,167,0,89,191,21
103,167,7,90,191,24
103,167,15,91,191,26
103,167,23,92,191,31
103,167,31,93,191,36
103,167,39,95,191,43
103,167,47,96,190,47
103,167,55,97,190,52
103,167,63,98,190,57
103,167,71,99,190,62
103,167,79,100,189,68
103,167,87,101,189,73
103,167,95,101,188,79
103,167,103,102,187,84
103,167,111,103,187,90
103,167,119,103,185,96
103,167,127,103,184,102
103,167,135,103,183,108
103,167,143,103,181,115
103,167,151,103,180,122
103,167,159,104,178,130
103,167,167,103,176,140
103,167,175,103,174,152
103,167,183,103,171,165
103,167,191,103,168,180
103,167,199,103,165,196
103,167,207,102,160,211
103,167,215,103,155,225
103,167,223,103,149,236
103,167,231,102,143,245
103,167,239,102,138,250
103,167,247,102,133,254
103,167,255,101,129,255
103,175,0,89,204,24
103,175,7,90,204,26
103,175,15,91,204,29
103,175,23,91,204,32
103,175,31,93,204,36
103,175,39,94,204,42
103,175,47,96,204,48
103,175,55,97,204,52
103,175,63,98,204,57
103,175,71,99,204,62
103,175,79,100,203,67
103,175,87,101,203,73
103,175,95,101,202,78
103,175,103,102,201,83
103,175,111,102,200,89
103,175,119,103,200,94
103,175,127,103,199,100
103,175,135,104,198,106
103,175,143,104,197,113
103,175,151,104,195,119
103,175,159,104,193,127
103,175,167,104,191,136
103,175,175,104,189,147
103,175,183,104,187,159
103,175,191,103,184,172
103,175,199,103,180,187
103,175,207,104,176,203
103,175,215,104,170,217
103,175,223,103,163,230
103,175,231,103,156,240
103,175,239,103,149,248
103,175,247,103,144,253
103,175,255,102,139,255
103,183,0,88,216,25
103,183,7,89,216,27
103,183,15,90,216,30
103,183,23,91,216,34
103,183,31,92,216,37
103,183,39,93,216,42
103,183,47,95,216,47
103,183,55,96,217,52
103,183,63,97,216,56
103,183,71,98,216,61
103,183,79,99,216,66
103,183,87,100,215,71
103,183,95,101,215,77
103,183,103,102,214,82
103,183,111,102,214,87
103,183,119,103,213,93
103,183,127,103,212,98
103,183,135,103,211,104
103,183,143,103,210,110
103,183,151,104,209,117
103,183,159,105,208,125
103,183,167,104,206,132
103,183,175,104,204,141
103,183,183,104,202,152
103,183,191,104,199,165
103,183,199,104,196,179
103,183,207,104,191,194
103,183,215,104,186,208
103,183,223,104,179,222
103,183,231,104,171,234
103,183,239,104,164,244
103,183,247,104,157,251
103,183,255,104,149,254
103,191,0,87,226,26
103,191,7,88,226,28
103,191,15,89,226,30
103,191,23,90,227,34
103,191,31,92,227,38
103,191,39,93,227,43
103,191,47,94,227,47
103,191,55,95,227,51
103,191,63,96,227,56
103,191,71,97,227,61
103,191,79,98,226,66
103,191,87,99,226,70
103,191,95,100,225,75
103,191,103,100,225,80
103,191,111,101,224,85
103,191,119,102,224,91
103,191,127,102,223,96
103,191,135,103,223,102
103,191,143,103,221,108
103,191,151,103,220,114
103,191,159,104,219,121
103,191,167,104,218,129
103,191,175,104,217,137
103,191,183,104,215,147
103,191,191,104,213,157
103,191,199,104,210,170
103,191,207,104,207,184
103,191,215,105,202,200
103,191,223,105,195,214
103,191,231,104,188,227
103,191,239,105,180,239
103,191,247,105,171,249
103,191,255,105,164,253
103,199,0,86,234,27
103,199,7,87,234,29
103,199,15,88,234,31
103,199,23,89,235,34
103,199,31,90,235,37
103,199,39,91,236,42
103,199,47,93,236,47
103,199,55,94,236,51
103,199,63,95,236,56
103,199,71,96,236,60
103,199,79,97,236,65
103,199,87,98,236,70
103,199,95,99,235,74
103,199,103,99,235,79
103,199,111,100,234,84
103,199,119,100,233,88
103,199,127,101,233,94
103,199,135,101,232,99
103,199,143,102,232,105
103,199,151,103,231,111
103,199,159,103,230,118
103,199,167,103,229,125
103,199,175,103,228,132
103,199,183,104,227,141
103,199,191,104,226,151
103,199,199,105,225,162
103,199,207,104,221,175
103,199,215,104,217,190
103,199,223,105,212,205
103,199,231,105,205,220
103,199,239,105,197,234
103,199,247,105,189,245
103,199,255,106,180,253
103,207,0,85,241,28
103,207,7,86,241,29
103,207,15,87,241,31
103,207,23,87,241,34
103,207,31,88,242,37
103,207,39,90,242,41
103,207,47,91,242,46
103,207,55,93,243,51
103,207,63,93,243,55
103,207,71,94,243,59
103,207,79,95,243,64
103,207,87,96,243,68
103,207,95,97,243,72
103,207,103,97,243,77
103,207,111,98,243,82
103,207,119,99,242,87
103,207,127,99,242,91
103,207,135,100,241,96
103,207,143,100,240,102
103,207,151,101,240,107
103,207,159,101,239,114
103,207,167,102,239,121
103,207,175,103,239,128
103,207,183,103,238,136
103,207,191,103,237,144
103,207,199,103,236,155
103,207,207,104,235,167
103,207,215,105,231,181
103,207,223,105,227,196
103,207,231,105,221,211
103,207,239,105,215,227
103,207,247,106,207,243
103,207,255,107,198,250
103,215,0,84,246,28
103,215,7,85,246,30
103,215,15,86,246,32
103,215,23,87,246,35
103,215,31,88,247,38
103,215,39,89,247,41
103,215,47,90,248,45
103,215,55,91,248,50
103,215,63,92,248,54
103,215,71,93,248,58
103,215,79,94,248,62
103,215,87,95,248,66
103,215,95,95,248,71
103,215,103,96,248,75
103,215,111,96,248,79
103,215,119,97,248,84
103,215,127,97,248,89
103,215,135,98,248,94
103,215,143,99,248,99
103,215,151,99,247,104
103,215,159,100,246,110
103,215,167,100,246,116
103,215,175,101,246,123
103,215,183,102,246,131
103,215,191,102,246,139
103,215,199,103,245,148
103,215,207,103,243,160
103,215,215,103,242,172
103,215,223,104,238,187
103,215,231,105,235,204
103,215,239,105,230,220
103,215,247,106,223,236
103,215,255,107,216,250
103,223,0,83,249,28
103,223,7,84,249,30
103,223,15,84,249,32
103,223,23,85,250,34
103,223,31,87,250,38
103,223,39,88,250,41
103,223,47,89,251,44
103,223,55,90,251,48
103,223,63,91,251,53
103,223,71,92,251,57
103,223,79,92,251,61
103,223,87,93,251,65
103,223,95,94,251,69
103,223,103,94,251,73
103,223,111,95,251,77
103,223,119,95,251,81
103,223,127,96,251,86
103,223,135,96,251,90
103,223,143,97,251,95
103,223,151,98,251,100
103,223,159,98,251,106
103,223,167,99,251,112
103,223,175,100,251,118
103,223,183,100,251,125
103,223,191,101,251,134
103,223,199,101,251,143
103,223,207,102,250,153
103,223,215,102,248,166
103,223,223,103,247,179
103,223,231,103,244,194
103,223,239,104,241,212
103,223,247,106,237,230
103,223,255,106,231,243
103,231,0,82,252,28
103,231,7,82,252,29
103,231,15,83,252,31
103,231,23,84,252,33
103,231,31,85,253,37
103,231,39,86,253,41
103,231,47,87,253,44
103,231,55,88,253,47
103,231,63,89,253,51
103,231,71,90,254,55
103,231,79,91,254,59
103,231,87,91,253,63
103,231,95,92,253,67
103,231,103,93,253,71
103,231,111,93,253,75
103,231,119,94,253,79
103,231,127,94,253,83
103,231,135,95,253,88
103,231,143,95,253,92
103,231,151,96,253,97
103,231,159,97,253,102
103,231,167,97,253,108
103,231,175,98,253,114
103,231,183,99,254,121
103,231,191,99,254,129
103,231,199,100,254,138
103,231,207,100,253,147
103,231,215,101,253,159
103,231,223,101,252,172
103,231,231,102,251,187
103,231,239,103,249,203
103,231,247,104,246,221
103,231,255,105,243,239
103,239,0,82,254,29
103,239,7,82,254,30
103,239,15,82,254,31
103,239,23,83,254,33
103,239,31,84,255,36
103,239,39,85,255,39
103,239,47,86,255,43
103,239,55,87,255,47
103,239,63,88,255,50
103,239,71,89,255,54
103,239,79,90,255,58
103,239,87,90,255,61
103,239,95,91,255,65
103,239,103,91,255,69
103,239,111,92,254,73
103,239,119,92,254,77
103,239,127,93,254,81
103,239,135,93,254,85
103,239,143,94,255,89
103,239,151,95,255,94
103,239,159,95,255,99
103,239,167,96,255,104
103,239,175,96,255,110
103,239,183,97,255,117
103,239,191,97,255,124
103,239,199,98,255,133
103,239,207,99,255,142
103,239,215,99,255,153
103,239,223,100,254,165
103,239,231,100,254,179
103,239,239,101,253,195
103,239,247,103,252,213
103,239,255,103,250,231
103,247,0,80,255,28
103,247,7,81,255,30
103,247,15,81,255,31
103,247,23,82,255,33
103,247,31,82,255,35
103,247,39,83,255,38
103,247,47,84,255,41
103,247,55,86,255,45
103,247,63,87,255,49
103,247,71,87,255,52
103,247,79,88,255,56
103,247,87,89,255,60
103,247,95,90,255,64
103,247,103,90,255,67
103,247,111,90,255,71
103,247,119,91,255,75
103,247,127,91,255,78
103,247,135,92,255,82
103,247,143,92,255,87
103,247,151,93,255,91
103,247,159,94,255,96
103,247,167,94,255,101
103,247,175,95,255,107
103,247,183,95,255,113
103,247,191,96,255,120
103,247,199,96,255,128
103,247,207,97,255,137
103,247,215,97,255,148
103,247,223,98,255,160
103,247,231,99,255,174
103,247,239,99,255,189
103,247,247,100,255,205
103,247,255,102,254,221
103,255,0,79,255,27
103,255,7,79,255,28
103,255,15,80,255,30
103,255,23,80,255,32
103,255,31,81,255,35
103,255,39,82,255,37
103,255,47,82,255,40
103,255,55,83,255,43
103,255,63,84,255,47
103,255,71,85,255,50
103,255,79,86,255,54
103,255,87,87,255,58
103,255,95,88,255,62
103,255,103,89,255,66
103,255,111,90,255,70
103,255,119,90,255,73
103,255,127,90,255,77
103,255,135,91,255,81
103,255,143,91,255,85
103,255,151,92,255,89
103,255,159,92,255,94
103,255,167,93,255,100
103,255,175,94,255,106
103,255,183,94,254,112
103,255,191,95,254,118
103,255,199,95,254,125
103,255,207,96,254,133
103,255,215,96,254,143
103,255,223,96,255,155
103,255,231,97,255,168
103,255,239,98,255,183
103,255,247,99,255,198
103,255,255,100,255,212
111,0,0,100,1,16
111,0,7,101,1,22
111,0,15,101,1,28
111,0,23,101,1,37
111,0,31,100,1,45
111,0,39,100,1,53
111,0,47,99,1,62
111,0,55,98,1,71
111,0,63,97,1,80
111,0,71,96,2,90
111,0,79,94,2,102
111,0,87,93,3,115
111,0,95,92,4,131
111,0,103,90,4,149
111,0,111,88,5,168
111,0,119,87,6,187
111,0,127,85,8,204
111,0,135,83,11,218
111,0,143,82,15,226
111,0,151,81,19,232
111,0,159,79,21,234
111,0,167,78,24,236
111,0,175,77,26,237
111,0,183,75,28,239
111,0,191,74,31,240
111,0,199,73,32,242
111,0,207,72,33,244
111,0,215,71,34,246
111,0,223,70,35,248
111,0,231,69,35,250
111,0,239,69,37,252
111,0,247,68,39,253
111,0,255,67,40,255
111,7,0,99,3,15
111,7,7,100,3,21
111,7,15,100,3,28
111,7,23,100,3,36
111,7,31,100,3,44
111,7,39,99,3,53
111,7,47,98,3,61
111,7,55,98,3,70
111,7,63,97,3,79
111,7,71,95,3,89
111,7,79,94,3,100
111,7,87,93,4,112
111,7,95,92,5,126
111,7,103,91,6,144
111,7,111,89,7,163
111,7,119,88,9,183
111,7,127,86,11,200
111,7,135,84,14,215
111,7,143,83,18,224
111,7,151,82,23,230
111,7,159,80,25,233
111,7,167,79,28,235
111,7,175,78,30,237
111,7,183,77,32,239
111,7,191,76,34,240
111,7,199,75,36,242
111,7,207,74,37,244
111,7,215,73,38,246
111,7,223,72,38,248
111,7,231,71,38,250
111,7,239,70,40,252
111,7,247,69,42,253
111,7,255,69,43,254
111,15,0,98,5,15
111,15,7,99,5,21
111,15,15,99,5,28
111,15,23,99,5,36
111,15,31,99,5,43
111,15,39,98,5,52
111,15,47,98,5,60
111,15,55,97,5,69
111,15,63,96,6,78
111,15,71,95,6,88
111,15,79,94,6,98
111,15,87,93,7,109
111,15,95,92,7,122
111,15,103,91,9,139
111,15,111,90,10,157
111,15,119,88,12,177
111,15,127,87,14,195
111,15,135,86,17,210
111,15,143,84,21,220
111,15,151,83,26,227
111,15,159,82,30,231
111,15,167,81,32,234
111,15,175,80,35,236
111,15,183,79,36,238
111,15,191,77,38,240
111,15,199,77,40,242
111,15,207,76,42,244
111,15,215,75,43,246
111,15,223,74,42,248
111,15,231,73,42,250
111,15,239,72,43,252
111,15,247,71,44,253
111,15,255,70,46,254
111,23,0,97,8,14
111,23,7,97,8,20
111,23,15,98,8,27
111,23,23,98,8,35
111,23,31,97,9,42
111,23,39,97,9,50
111,23,47,97,9,58
111,23,55,96,10,67
111,23,63,96,10,76
111,23,71,95,10,85
111,23,79,94,11,95
111,23,87,93,11,106
111,23,95,93,12,119
111,23,103,92,13,134
111,23,111,91,14,150
111,23,119,90,16,169
111,23,127,88,18,188
111,23,135,87,22,203
111,23,143,86,26,215
111,23,151,85,30,222
111,23,159,84,34,228
111,23,167,83,38,232
111,23,175,82,41,235
111,23,183,81,42,238
111,23,191,80,43,240
111,23,199,79,45,242
111,23,207,78,47,244
111,23,215,77,48,246
111,23,223,76,48,248
111,23,231,75,47,250
111,23,239,74,47,252
111,23,247,73,48,253
111,23,255,72,49,254
111,31,0,96,14,14
111,31,7,97,14,20
111,31,15,97,14,27
111,31,23,97,14,34
111,31,31,97,14,41
111,31,39,96,15,49
111,31,47,96,15,57
111,31,55,95,16,65
111,31,63,95,16,73
111,31,71,95,17,82
111,31,79,94,17,92
111,31,87,94,17,102
111,31,95,93,18,114
111,31,103,92,19,128
111,31,111,92,20,144
111,31,119,91,21,162
111,31,127,90,24,179
111,31,135,89,27,193
111,31,143,88,31,208
111,31,151,86,35,217
111,31,159,86,39,225
111,31,167,85,42,231
111,31,175,84,46,235
111,31,183,83,48,238
111,31,191,82,50,240
111,31,199,81,51,242
111,31,207,81,52,244
111,31,215,80,53,246
111,31,223,79,53,248
111,31,231,78,54,250
111,31,239,77,53,251
111,31,247,75,53,253
111,31,255,74,53,254
111,39,0,96,22,14
111,39,7,96,22,19
111,39,15,96,22,26
111,39,23,96,22,33
111,39,31,96,22,40
111,39,39,96,22,47
111,39,47,95,22,55
111,39,55,95,23,63
111,39,63,95,23,71
111,39,71,95,24,80
111,39,79,94,24,89
111,39,87,94,24,99
111,39,95,93,25,110
111,39,103,93,25,122
111,39,111,92,26,138
111,39,119,92,27,154
111,39,127,91,29,170
111,39,135,90,32,186
111,39,143,89,36,200
111,39,151,88,40,212
111,39,159,87,44,222
111,39,167,86,47,230
111,39,175,86,50,235
111,39,183,85,53,239
111,39,191,85,55,241
111,39,199,84,57,243
111,39,207,83,57,245
111,39,215,82,57,246
111,39,223,81,58,248
111,39,231,80,58,250
111,39,239,80,59,251
111,39,247,78,58,253
111,39,255,77,58,254
111,47,0,95,31,14
111,47,7,96,30,19
111,47,15,96,30,25
111,47,23,96,30,32
111,47,31,96,30,39
111,47,39,95,30,46
111,47,47,95,31,53
111,47,55,95,31,61
111,47,63,95,32,69
111,47,71,95,32,77
111,47,79,94,32,86
111,47,87,94,32,95
111,47,95,94,32,105
111,47,103,94,33,118
111,47,111,93,33,131
111,47,119,93,34,146
111,47,127,92,36,162
111,47,135,92,38,178
111,47,143,91,41,193
111,47,151,90,45,208
111,47,159,89,48,219
111,47,167,88,51,229
111,47,175,88,54,235
111,47,183,87,56,239
111,47,191,87,59,241
111,47,199,86,60,243
111,47,207,85,62,245
111,47,215,85,62,247
111,47,223,84,62,249
111,47,231,82,62,250
111,47,239,82,62,251
111,47,247,81,62,253
111,47,255,80,63,254
111,55,0,95,40,14
111,55,7,96,40,19
111,55,15,96,40,25
111,55,23,96,39,32
111,55,31,96,39,38
111,55,39,95,39,45
111,55,47,95,40,52
111,55,55,95,40,59
111,55,63,95,40,67
111,55,71,95,40,75
111,55,79,95,40,83
111,55,87,95,40,92
111,55,95,94,41,102
111,55,103,94,41,113
111,55,111,94,41,125
111,55,119,94,41,140
111,55,127,93,42,155
111,55,135,93,44,171
111,55,143,92,47,187
111,55,151,92,49,202
111,55,159,91,52,216
111,55,167,90,55,226
111,55,175,90,58,235
111,55,183,89,60,239
111,55,191,89,62,242
111,55,199,88,64,244
111,55,207,88,65,246
111,55,215,87,66,247
111,55,223,86,66,249
111,55,231,85,66,250
111,55,239,84,66,252
111,55,247,83,66,253
111,55,255,82,66,254
111,63,0,96,49,15
111,63,7,96,49,20
111,63,15,96,49,25
111,63,23,96,49,31
111,63,31,96,48,37
111,63,39,96,48,44
111,63,47,95,49,50
111,63,55,95,49,57
111,63,63,95,49,65
111,63,71,95,49,72
111,63,79,95,49,80
111,63,87,95,49,89
111,63,95,95,49,98
111,63,103,95,49,108
111,63,111,95,49,120
111,63,119,94,49,133
111,63,127,94,49,148
111,63,135,93,51,163
111,63,143,93,52,180
111,63,151,93,54,196
111,63,159,92,57,212
111,63,167,92,59,224
111,63,175,92,62,234
111,63,183,91,64,239
111,63,191,91,66,242
111,63,199,90,67,245
111,63,207,90,68,246
111,63,215,89,69,248
111,63,223,88,69,249
111,63,231,87,69,251
111,63,239,86,69,252
111,63,247,85,69,253
111,63,255,84,69,254
111,71,0,96,59,15
111,71,7,96,58,20
111,71,15,96,58,25
111,71,23,96,58,30
111,71,31,96,58,37
111,71,39,96,58,43
111,71,47,96,58,49
111,71,55,96,58,56
111,71,63,96,58,63
111,71,71,96,58,71
111,71,79,96,58,78
111,71,87,96,57,86
111,71,95,95,57,95
111,71,103,95,57,104
111,71,111,95,57,114
111,71,119,95,57,127
111,71,127,95,57,141
111,71,135,94,57,155
111,71,143,94,59,172
111,71,151,94,60,190
111,71,159,94,62,206
111,71,167,94,64,221
111,71,175,93,66,231
111,71,183,93,68,240
111,71,191,93,69,243
111,71,199,92,71,245
111,71,207,91,71,246
111,71,215,90,71,248
111,71,223,90,71,250
111,71,231,88,71,251
111,71,239,87,71,252
111,71,247,86,71,253
111,71,255,86,71,254
111,79,0,96,68,15
111,79,7,97,68,19
111,79,15,97,67,24
111,79,23,97,67,30
111,79,31,97,67,36
111,79,39,97,67,42
111,79,47,97,67,49
111,79,55,97,67,55
111,79,63,97,67,62
111,79,71,96,67,69
111,79,79,96,67,76
111,79,87,96,67,84
111,79,95,96,66,92
111,79,103,96,66,100
111,79,111,96,65,110
111,79,119,96,65,121
111,79,127,96,65,134
111,79,135,95,65,148
111,79,143,95,65,164
111,79,151,95,66,181
111,79,159,95,68,199
111,79,167,95,69,215
111,79,175,95,70,229
111,79,183,95,72,237
111,79,191,94,73,243
111,79,199,94,74,245
111,79,207,93,75,246
111,79,215,92,74,248
111,79,223,91,74,250
111,79,231,90,74,251
111,79,239,89,74,253
111,79,247,88,73,253
111,79,255,87,73,254
111,87,0,97,77,15
111,87,7,97,77,19
111,87,15,97,77,24
111,87,23,98,76,30
111,87,31,98,76,36
111,87,39,98,76,42
111,87,47,98,76,48
111,87,55,98,76,54
111,87,63,98,76,61
111,87,71,97,76,68
111,87,79,97,76,75
111,87,87,97,76,82
111,87,95,97,75,89
111,87,103,97,75,97
111,87,111,97,74,106
111,87,119,97,74,116
111,87,127,97,73,127
111,87,135,97,73,140
111,87,143,96,73,156
111,87,151,96,73,173
111,87,159,96,74,190
111,87,167,96,75,208
111,87,175,96,76,224
111,87,183,96,77,234
111,87,191,96,77,241
111,87,199,95,78,245
111,87,207,95,78,247
111,87,215,94,78,248
111,87,223,93,77,250
111,87,231,92,77,252
111,87,239,91,77,253
111,87,247,90,76,253
111,87,255,89,75,254
111,95,0,97,86,16
111,95,7,98,86,20
111,95,15,98,86,24
111,95,23,98,86,30
111,95,31,98,86,36
111,95,39,99,86,42
111,95,47,99,86,48
111,95,55,99,86,54
111,95,63,98,86,60
111,95,71,98,86,67
111,95,79,98,85,73
111,95,87,99,85,80
111,95,95,99,85,87
111,95,103,99,84,95
111,95,111,99,83,103
111,95,119,98,83,112
111,95,127,98,82,122
111,95,135,98,82,135
111,95,143,98,81,149
111,95,151,98,81,165
111,95,159,98,81,182
111,95,167,98,82,200
111,95,175,98,82,216
111,95,183,98,82,230
111,95,191,97,82,238
111,95,199,97,83,244
111,95,207,96,82,247
111,95,215,95,82,249
111,95,223,94,81,250
111,95,231,93,81,252
111,95,239,92,80,253
111,95,247,91,79,253
111,95,255,90,77,254
111,103,0,97,96,17
111,103,7,98,95,21
111,103,15,99,95,25
111,103,23,99,95,30
111,103,31,99,95,36
111,103,39,99,95,42
111,103,47,99,95,48
111,103,55,99,95,54
111,103,63,100,95,60
111,103,71,100,95,66
111,103,79,100,95,72
111,103,87,100,94,79
111,103,95,100,94,86
111,103,103,100,93,93
111,103,111,100,93,100
111,103,119,100,92,108
111,103,127,100,91,118
111,103,135,99,90,128
111,103,143,99,90,141
111,103,151,99,89,157
111,103,159,99,89,173
111,103,167,99,89,192
111,103,175,99,89,210
111,103,183,99,88,223
111,103,191,99,88,236
111,103,199,98,88,242
111,103,207,98,87,247
111,103,215,97,86,249
111,103,223,96,86,251
111,103,231,95,85,252
111,103,239,94,84,253
111,103,247,93,83,254
111,103,255,92,81,254
111,111,0,97,105,17
111,111,7,98,105,21
111,111,15,99,105,26
111,111,23,99,105,31
111,111,31,100,105,36
111,111,39,100,104,42
111,111,47,100,104,48
111,111,55,100,104,54
111,111,63,101,104,59
111,111,71,101,104,66
111,111,79,101,104,72
111,111,87,101,103,78
111,111,95,101,103,85
111,111,103,102,102,92
111,111,111,102,102,99
111,111,119,102,101,106
111,111,127,101,100,114
111,111,135,101,99,124
111,111,143,101,98,135
111,111,151,100,98,149
111,111,159,100,97,166
111,111,167,100,96,183
111,111,175,101,96,201
111,111,183,101,95,218
111,111,191,100,94,230
111,111,199,100,94,240
111,111,207,99,92,245
111,111,215,99,92,249
111,111,223,98,91,251
111,111,231,97,89,252
111,111,239,96,89,253
111,111,247,95,88,254
111,111,255,94,87,254
111,119,0,97,115,18
111,119,7,98,115,21
111,119,15,99,115,26
111,119,23,100,114,32
111,119,31,100,114,37
111,119,39,101,114,42
111,119,47,101,114,48
111,119,55,101,114,54
111,119,63,102,114,59
111,119,71,102,114,65
111,119,79,102,113,72
111,119,87,102,113,78
111,119,95,102,112,84
111,119,103,103,112,91
111,119,111,103,111,97
111,119,119,103,110,104
111,119,127,103,109,112
111,119,135,103,108,120
111,119,143,102,107,130
111,119,151,102,106,143
111,119,159,102,105,158
111,119,167,102,104,175
111,119,175,102,104,193
111,119,183,102,103,210
111,119,191,102,101,224
111,119,199,101,100,235
111,119,207,101,99,243
111,119,215,100,97,248
111,119,223,99,96,251
111,119,231,98,94,252
111,119,239,98,93,253
111,119,247,96,92,254
111,119,255,95,91,254
111,127,0,98,125,18
111,127,7,99,125,22
111,127,15,99,125,25
111,127,23,100,125,31
111,127,31,101,124,38
111,127,39,101,124,43
111,127,47,102,124,48
111,127,55,102,124,54
111,127,63,102,124,59
111,127,71,103,124,65
111,127,79,103,123,71
111,127,87,103,123,77
111,127,95,104,122,84
111,127,103,104,122,90
111,127,111,104,121,96
111,127,119,104,120,103
111,127,127,104,119,110
111,127,135,104,118,118
111,127,143,104,116,127
111,127,151,103,115,138
111,127,159,103,114,152
111,127,167,103,113,167
111,127,175,103,112,185
111,127,183,103,111,202
111,127,191,103,109,218
111,127,199,103,107,230
111,127,207,102,106,240
111,127,215,102,104,247
111,127,223,101,102,250
111,127,231,100,100,253
111,127,239,99,99,254
111,127,247,98,97,254
111,127,255,97,95,254
111,135,0,98,136,21
111,135,7,99,136,24
111,135,15,99,136,27
111,135,23,100,135,32
111,135,31,100,135,37
111,135,39,101,135,44
111,135,47,102,135,49
111,135,55,102,135,54
111,135,63,103,135,59
111,135,71,103,134,65
111,135,79,104,134,71
111,135,87,104,133,77
111,135,95,105,133,83
111,135,103,105,132,89
111,135,111,105,131,95
111,135,119,105,130,102
111,135,127,105,129,108
111,135,135,105,128,116
111,135,143,105,126,124
111,135,151,104,125,134
111,135,159,104,124,146
111,135,167,104,123,161
111,135,175,104,122,177
111,135,183,104,120,194
111,135,191,104,118,211
111,135,199,104,116,226
111,135,207,103,113,237
111,135,215,103,111,245
111,135,223,102,109,249
111,135,231,102,106,252
111,135,239,101,105,254
111,135,247,100,103,254
111,135,255,99,101,254
111,143,0,98,148,21
111,143,7,98,148,25
111,143,15,99,147,29
111,143,23,100,147,33
111,143,31,100,147,38
111,143,39,101,146,43
111,143,47,102,146,49
111,143,55,103,146,54
111,143,63,103,146,60
111,143,71,104,146,65
111,143,79,105,145,71
111,143,87,105,145,77
111,143,95,105,144,83
111,143,103,106,143,89
111,143,111,106,142,95
111,143,119,106,141,101
111,143,127,106,140,107
111,143,135,106,139,114
111,143,143,106,137,122
111,143,151,106,136,131
111,143,159,105,135,142
111,143,167,105,133,154
111,143,175,105,132,170
111,143,183,105,130,187
111,143,191,105,128,204
111,143,199,105,125,219
111,143,207,105,122,233
111,143,215,104,119,241
111,143,223,104,116,248
111,143,231,103,114,251
111,143,239,102,111,253
111,143,247,102,109,254
111,143,255,101,106,254
111,151,0,98,161,22
111,151,7,98,161,25
111,151,15,99,160,28
111,151,23,99,160,33
111,151,31,100,159,39
111,151,39,101,159,43
111,151,47,102,159,49
111,151,55,103,159,54
111,151,63,104,159,59
111,151,71,104,158,65
111,151,79,105,158,70
111,151,87,106,157,76
111,151,95,106,157,82
111,151,103,107,156,88
111,151,111,107,155,94
111,151,119,107,154,100
111,151,127,107,152,106
111,151,135,107,151,113
111,151,143,107,149,120
111,151,151,107,148,128
111,151,159,106,147,138
111,151,167,106,145,150
111,151,175,106,143,164
111,151,183,106,142,180
111,151,191,106,139,196
111,151,199,106,136,213
111,151,207,106,133,226
111,151,215,106,129,239
111,151,223,105,125,245
111,151,231,104,122,250
111,151,239,104,119,253
111,151,247,103,116,254
111,151,255,103,113,255
111,159,0,97,174,22
111,159,7,97,174,25
111,159,15,98,173,28
111,159,23,99,173,33
111,159,31,100,173,38
111,159,39,101,172,44
111,159,47,102,172,49
111,159,55,103,172,54
111,159,63,104,172,59
111,159,71,105,172,65
111,159,79,105,171,70
111,159,87,106,171,76
111,159,95,107,170,81
111,159,103,107,169,87
111,159,111,107,168,93
111,159,119,108,167,99
111,159,127,108,166,105
111,159,135,108,165,111
111,159,143,108,163,118
111,159,151,108,161,126
111,159,159,107,160,135
111,159,167,107,158,145
111,159,175,107,156,159
111,159,183,106,154,173
111,159,191,107,152,189
111,159,199,107,149,205
111,159,207,107,145,220
111,159,215,106,140,232
111,159,223,106,136,242
111,159,231,105,131,248
111,159,239,105,128,252
111,159,247,104,123,254
111,159,255,104,119,255
111,167,0,95,186,22
111,167,7,96,186,25
111,167,15,96,186,28
111,167,23,97,186,32
111,167,31,99,186,37
111,167,39,100,186,43
111,167,47,101,186,49
111,167,55,102,186,54
111,167,63,104,186,59
111,167,71,104,186,64
111,167,79,105,185,70
111,167,87,106,185,75
111,167,95,107,184,81
111,167,103,108,183,86
111,167,111,108,183,92
111,167,119,108,181,98
111,167,127,108,180,104
111,167,135,108,179,110
111,167,143,109,178,117
111,167,151,109,176,124
111,167,159,108,174,132
111,167,167,108,173,142
111,167,175,108,171,153
111,167,183,108,169,167
111,167,191,108,166,182
111,167,199,107,163,197
111,167,207,107,158,213
111,167,215,108,154,227
111,167,223,107,148,237
111,167,231,107,142,246
111,167,239,106,137,251
111,167,247,106,133,254
111,167,255,105,129,255
111,175,0,94,199,25
111,175,7,95,199,27
111,175,15,96,199,31
111,175,23,97,200,34
111,175,31,98,200,38
111,175,39,99,200,43
111,175,47,101,200,49
111,175,55,102,200,54
111,175,63,103,200,59
111,175,71,104,200,64
111,175,79,105,199,69
111,175,87,106,199,74
111,175,95,107,198,80
111,175,103,107,198,85
111,175,111,108,197,91
111,175,119,109,196,97
111,175,127,109,195,102
111,175,135,109,194,108
111,175,143,109,193,115
111,175,151,109,191,121
111,175,159,109,189,129
111,175,167,109,188,138
111,175,175,109,186,149
111,175,183,108,184,160
111,175,191,108,181,174
111,175,199,109,178,190
111,175,207,109,174,205
111,175,215,108,168,219
111,175,223,108,162,231
111,175,231,108,155,241
111,175,239,107,149,249
111,175,247,107,143,253
111,175,255,106,138,255
111,183,0,93,212,26
111,183,7,94,212,28
111,183,15,95,212,31
111,183,23,96,212,35
111,183,31,97,212,39
111,183,39,98,213,43
111,183,47,100,213,48
111,183,55,101,213,54
111,183,63,102,213,58
111,183,71,104,213,63
111,183,79,105,213,69
111,183,87,106,212,74
111,183,95,106,212,79
111,183,103,107,211,84
111,183,111,108,210,89
111,183,119,108,209,95
111,183,127,108,208,100
111,183,135,109,208,107
111,183,143,109,207,113
111,183,151,109,206,119
111,183,159,109,204,127
111,183,167,109,202,134
111,183,175,109,201,144
111,183,183,109,199,155
111,183,191,109,197,168
111,183,199,109,194,181
111,183,207,109,189,196
111,183,215,109,184,211
111,183,223,109,178,224
111,183,231,109,170,236
111,183,239,108,163,245
111,183,247,108,156,252
111,183,255,107,149,254
111,191,0,92,222,26
111,191,7,93,223,29
111,191,15,94,223,31
111,191,23,95,223,35
111,191,31,96,224,39
111,191,39,98,224,44
111,191,47,99,224,48
111,191,55,100,224,53
111,191,63,101,224,58
111,191,71,102,224,63
111,191,79,103,224,68
111,191,87,104,223,73
111,191,95,105,223,78
111,191,103,106,223,83
111,191,111,107,222,88
111,191,119,107,221,93
111,191,127,108,220,99
111,191,135,108,219,104
111,191,143,108,218,110
111,191,151,109,217,116
111,191,159,109,216,124
111,191,167,110,216,132
111,191,175,109,214,140
111,191,183,109,213,149
111,191,191,109,211,160
111,191,199,110,208,173
111,191,207,110,206,188
111,191,215,110,200,202
111,191,223,110,194,216
111,191,231,110,187,229
111,191,239,110,179,241
111,191,247,109,170,250
111,191,255,109,163,254
111,199,0,91,232,27
111,199,7,92,232,29
111,199,15,92,232,31
111,199,23,93,232,34
111,199,31,95,233,38
111,199,39,96,234,44
111,199,47,98,234,49
111,199,55,99,234,53
111,199,63,100,234,57
111,199,71,101,234,62
111,199,79,102,234,67
111,199,87,103,233,72
111,199,95,104,233,76
111,199,103,105,233,81
111,199,111,105,232,86
111,199,119,106,231,91
111,199,127,106,231,96
111,199,135,107,231,102
111,199,143,108,230,108
111,199,151,108,229,114
111,199,159,108,228,120
111,199,167,109,227,128
111,199,175,109,226,136
111,199,183,109,226,144
111,199,191,110,225,154
111,199,199,110,223,165
111,199,207,110,220,178
111,199,215,110,216,193
111,199,223,111,210,208
111,199,231,110,204,222
111,199,239,110,196,235
111,199,247,110,187,246
111,199,255,111,179,253
111,207,0,90,239,28
111,207,7,91,239,30
111,207,15,91,239,32
111,207,23,92,239,35
111,207,31,93,240,38
111,207,39,94,240,42
111,207,47,96,241,47
111,207,55,98,242,52
111,207,63,98,242,57
111,207,71,100,242,61
111,207,79,101,242,66
111,207,87,101,242,70
111,207,95,103,242,75
111,207,103,103,242,80
111,207,111,104,241,84
111,207,119,104,241,89
111,207,127,105,240,94
111,207,135,105,240,99
111,207,143,106,239,105
111,207,151,107,239,111
111,207,159,107,239,117
111,207,167,108,238,124
111,207,175,108,237,131
111,207,183,108,236,139
111,207,191,109,236,148
111,207,199,109,235,158
111,207,207,110,234,170
111,207,215,110,230,184
111,207,223,110,225,199
111,207,231,110,220,214
111,207,239,111,214,230
111,207,247,111,206,244
111,207,255,111,197,251
111,215,0,89,244,29
111,215,7,89,245,31
111,215,15,90,245,33
111,215,23,92,245,36
111,215,31,92,246,39
111,215,39,93,246,43
111,215,47,95,246,47
111,215,55,96,247,51
111,215,63,97,247,56
111,215,71,98,247,60
111,215,79,99,247,64
111,215,87,100,247,69
111,215,95,100,248,73
111,215,103,101,248,78
111,215,111,102,248,82
111,215,119,103,248,87
111,215,127,103,248,92
111,215,135,104,247,97
111,215,143,104,247,102
111,215,151,105,246,107
111,215,159,105,246,113
111,215,167,106,245,120
111,215,175,107,245,127
111,215,183,108,245,135
111,215,191,108,244,143
111,215,199,108,244,152
111,215,207,108,243,163
111,215,215,109,241,176
111,215,223,110,238,191
111,215,231,110,234,206
111,215,239,110,229,222
111,215,247,111,222,238
111,215,255,113,215,252
111,223,0,87,249,29
111,223,7,88,249,30
111,223,15,89,249,32
111,223,23,90,249,35
111,223,31,91,250,39
111,223,39,92,250,43
111,223,47,93,251,46
111,223,55,94,251,50
111,223,63,96,251,55
111,223,71,97,251,59
111,223,79,97,251,63
111,223,87,98,251,67
111,223,95,99,251,71
111,223,103,99,251,76
111,223,111,100,251,80
111,223,119,100,251,84
111,223,127,101,251,89
111,223,135,102,251,94
111,223,143,103,251,99
111,223,151,103,251,104
111,223,159,104,251,109
111,223,167,104,251,115
111,223,175,105,250,122
111,223,183,106,250,129
111,223,191,106,250,138
111,223,199,107,250,147
111,223,207,107,249,157
111,223,215,108,248,169
111,223,223,108,246,183
111,223,231,109,244,198
111,223,239,110,241,215
111,223,247,111,236,232
111,223,255,111,230,245
111,231,0,86,251,29
111,231,7,87,252,30
111,231,15,87,252,32
111,231,23,88,252,34
111,231,31,89,252,38
111,231,39,91,253,42
111,231,47,92,253,46
111,231,55,93,253,49
111,231,63,94,253,53
111,231,71,95,254,57
111,231,79,96,254,61
111,231,87,96,253,65
111,231,95,97,253,70
111,231,103,98,253,74
111,231,111,98,253,78
111,231,119,99,253,82
111,231,127,99,253,86
111,231,135,100,253,91
111,231,143,101,253,96
111,231,151,101,254,101
111,231,159,102,253,106
111,231,167,103,253,112
111,231,175,104,253,118
111,231,183,104,253,125
111,231,191,105,254,132
111,231,199,105,254,141
111,231,207,106,253,151
111,231,215,106,253,162
111,231,223,107,252,176
111,231,231,107,250,190
111,231,239,108,248,206
111,231,247,109,246,224
111,231,255,111,243,243
111,239,0,85,254,30
111,239,7,86,254,31
111,239,15,86,254,32
111,239,23,87,254,34
111,239,31,88,254,37
111,239,39,89,254,40
111,239,47,90,255,44
111,239,55,92,255,48
111,239,63,92,255,52
111,239,71,93,255,56
111,239,79,94,255,60
111,239,87,95,255,64
111,239,95,95,255,68
111,239,103,96,255,72
111,239,111,97,254,76
111,239,119,97,254,80
111,239,127,98,254,84
111,239,135,99,254,88
111,239,143,99,255,93
111,239,151,100,255,97
111,239,159,100,255,102
111,239,167,101,255,108
111,239,175,101,255,114
111,239,183,102,255,120
111,239,191,103,255,128
111,239,199,103,255,136
111,239,207,104,255,146
111,239,215,104,255,156
111,239,223,105,254,169
111,239,231,106,254,183
111,239,239,107,253,198
111,239,247,108,252,216
111,239,255,109,250,233
111,247,0,84,255,29
111,247,7,85,255,31
111,247,15,85,255,33
111,247,23,86,255,34
111,247,31,87,255,37
111,247,39,88,255,39
111,247,47,89,255,43
111,247,55,90,255,47
111,247,63,91,255,51
111,247,71,92,255,54
111,247,79,93,255,58
111,247,87,94,255,62
111,247,95,94,255,66
111,247,103,95,255,70
111,247,111,95,255,74
111,247,119,96,255,77
111,247,127,96,255,82
111,247,135,97,255,86
111,247,143,98,255,90
111,247,151,98,255,95
111,247,159,99,255,100
111,247,167,99,255,105
111,247,175,100,255,111
111,247,183,100,255,117
111,247,191,101,255,124
111,247,199,102,255,132
111,247,207,102,255,141
111,247,215,103,255,151
111,247,223,103,255,163
111,247,231,104,255,177
111,247,239,105,255,192
111,247,247,106,255,208
111,247,255,108,254,223
111,255,0,82,255,28
111,255,7,83,255,29
111,255,15,83,255,31
111,255,23,84,255,33
111,255,31,85,255,36
111,255,39,86,255,38
111,255,47,87,255,41
111,255,55,88,255,45
111,255,63,89,255,48
111,255,71,90,255,52
111,255,79,91,255,56
111,255,87,92,255,60
111,255,95,93,255,65
111,255,103,94,255,68
111,255,111,94,255,72
111,255,119,95,255,76
111,255,127,95,255,80
111,255,135,96,255,84
111,255,143,96,255,88
111,255,151,97,255,93
111,255,159,98,255,98
111,255,167,98,255,104
111,255,175,99,255,110
111,255,183,99,255,115
111,255,191,100,255,122
111,255,199,100,254,129
111,255,207,101,254,137
111,255,215,101,255,147
111,255,223,102,255,159
111,255,231,102,255,172
111,255,239,103,255,186
111,255,247,104,255,201
111,255,255,105,255,215
119,0,0,107,0,16
119,0,7,108,0,22
119,0,15,108,0,30
119,0,23,108,0,38
119,0,31,108,0,46
119,0,39,107,0,54
119,0,47,106,0,62
119,0,55,105,1,71
119,0,63,104,2,81
119,0,71,103,2,91
119,0,79,102,3,102
119,0,87,100,3,115
119,0,95,99,4,131
119,0,103,97,4,148
119,0,111,96,6,167
119,0,119,95,7,187
119,0,127,93,8,206
119,0,135,91,12,218
119,0,143,89,15,227
119,0,151,87,19,231
119,0,159,85,22,234
119,0,167,84,24,236
119,0,175,82,27,238
119,0,183,81,30,239
119,0,191,79,32,241
119,0,199,78,33,243
119,0,207,77,34,245
119,0,215,75,34,246
119,0,223,74,35,248
119,0,231,73,36,250
119,0,239,72,37,252
119,0,247,72,39,254
119,0,255,70,40,254
119,7,0,107,2,15
119,7,7,107,2,22
119,7,15,107,1,30
119,7,23,107,1,37
119,7,31,107,1,45
119,7,39,106,1,53
119,7,47,105,1,62
119,7,55,104,2,70
119,7,63,104,3,79
119,7,71,103,4,89
119,7,79,102,4,100
119,7,87,100,5,112
119,7,95,99,6,127
119,7,103,98,6,144
119,7,111,97,8,162
119,7,119,95,9,182
119,7,127,94,11,201
119,7,135,92,15,214
119,7,143,90,19,224
119,7,151,88,22,229
119,7,159,87,25,233
119,7,167,85,28,235
119,7,175,84,30,237
119,7,183,82,33,239
119,7,191,81,35,241
119,7,199,80,37,242
119,7,207,78,38,244
119,7,215,77,38,246
119,7,223,76,38,248
119,7,231,75,39,250
119,7,239,74,40,252
119,7,247,73,42,253
119,7,255,72,42,254
119,15,0,106,4,15
119,15,7,106,4,22
119,15,15,106,4,29
119,15,23,106,4,37
119,15,31,106,4,44
119,15,39,105,4,52
119,15,47,105,5,61
119,15,55,104,5,69
119,15,63,103,5,78
119,15,71,102,6,87
119,15,79,101,6,97
119,15,87,100,7,109
119,15,95,99,8,123
119,15,103,98,9,139
119,15,111,97,10,158
119,15,119,96,12,177
119,15,127,95,14,195
119,15,135,93,18,209
119,15,143,91,22,221
119,15,151,90,26,226
119,15,159,88,30,231
119,15,167,87,32,234
119,15,175,85,34,237
119,15,183,84,37,239
119,15,191,82,39,241
119,15,199,81,42,242
119,15,207,80,42,244
119,15,215,79,42,246
119,15,223,77,42,248
119,15,231,76,42,250
119,15,239,75,43,252
119,15,247,74,45,253
119,15,255,73,46,254
119,23,0,105,8,15
119,23,7,105,8,21
119,23,15,105,8,29
119,23,23,105,8,36
119,23,31,105,8,43
119,23,39,104,9,51
119,23,47,104,9,59
119,23,55,103,9,67
119,23,63,102,10,76
119,23,71,102,10,85
119,23,79,101,11,95
119,23,87,100,11,106
119,23,95,99,12,118
119,23,103,99,13,132
119,23,111,98,14,151
119,23,119,97,16,169
119,23,127,95,18,188
119,23,135,94,22,203
119,23,143,93,26,215
119,23,151,91,31,222
119,23,159,90,35,228
119,23,167,88,37,233
119,23,175,87,40,236
119,23,183,85,42,238
119,23,191,84,44,240
119,23,199,83,46,242
119,23,207,82,48,244
119,23,215,81,48,246
119,23,223,80,47,248
119,23,231,78,47,250
119,23,239,77,47,252
119,23,247,76,48,253
119,23,255,75,50,254
119,31,0,103,13,16
119,31,7,103,13,21
119,31,15,103,14,28
119,31,23,103,14,35
119,31,31,103,14,42
119,31,39,103,14,50
119,31,47,103,15,57
119,31,55,102,15,65
119,31,63,102,16,74
119,31,71,101,16,83
119,31,79,101,16,92
119,31,87,100,17,103
119,31,95,100,18,114
119,31,103,99,19,128
119,31,111,98,20,144
119,31,119,98,21,161
119,31,127,97,24,178
119,31,135,96,27,195
119,31,143,94,31,208
119,31,151,93,35,218
119,31,159,91,39,226
119,31,167,90,43,231
119,31,175,89,46,235
119,31,183,88,48,238
119,31,191,87,49,241
119,31,199,85,51,243
119,31,207,84,52,244
119,31,215,83,53,246
119,31,223,82,54,248
119,31,231,81,53,250
119,31,239,80,52,252
119,31,247,78,53,253
119,31,255,77,54,254
119,39,0,102,20,16
119,39,7,103,21,21
119,39,15,103,21,27
119,39,23,103,21,34
119,39,31,103,21,41
119,39,39,102,22,48
119,39,47,102,22,56
119,39,55,102,22,63
119,39,63,101,23,72
119,39,71,101,23,80
119,39,79,101,24,89
119,39,87,101,24,99
119,39,95,100,24,110
119,39,103,100,25,123
119,39,111,99,26,138
119,39,119,99,27,154
119,39,127,98,29,170
119,39,135,97,32,186
119,39,143,96,36,200
119,39,151,94,40,213
119,39,159,93,43,222
119,39,167,92,47,231
119,39,175,91,50,235
119,39,183,90,53,239
119,39,191,89,55,241
119,39,199,88,56,243
119,39,207,87,57,245
119,39,215,86,58,247
119,39,223,84,58,248
119,39,231,83,59,250
119,39,239,82,58,251
119,39,247,81,58,253
119,39,255,80,58,254
119,47,0,102,29,16
119,47,7,102,29,21
119,47,15,102,29,27
119,47,23,102,29,33
119,47,31,102,30,40
119,47,39,102,30,47
119,47,47,102,30,54
119,47,55,101,31,61
119,47,63,101,31,69
119,47,71,101,31,78
119,47,79,101,31,86
119,47,87,101,32,95
119,47,95,100,32,106
119,47,103,100,33,118
119,47,111,100,33,131
119,47,119,99,34,147
119,47,127,99,35,162
119,47,135,98,38,178
119,47,143,97,41,193
119,47,151,96,45,207
119,47,159,95,48,219
119,47,167,94,51,229
119,47,175,93,54,235
119,47,183,92,56,239
119,47,191,91,59,242
119,47,199,90,61,244
119,47,207,89,62,245
119,47,215,88,62,247
119,47,223,86,62,249
119,47,231,85,62,250
119,47,239,84,63,252
119,47,247,84,63,253
119,47,255,82,63,254
119,55,0,102,38,16
119,55,7,102,38,21
119,55,15,102,38,26
119,55,23,102,38,33
119,55,31,102,38,39
119,55,39,102,39,46
119,55,47,102,39,53
119,55,55,101,39,60
119,55,63,101,39,67
119,55,71,101,40,75
119,55,79,101,40,83
119,55,87,101,40,92
119,55,95,101,40,102
119,55,103,101,40,113
119,55,111,100,40,126
119,55,119,100,41,140
119,55,127,100,42,155
119,55,135,99,44,171
119,55,143,98,46,187
119,55,151,97,49,202
119,55,159,96,52,216
119,55,167,95,55,226
119,55,175,94,58,235
119,55,183,94,60,240
119,55,191,93,62,242
119,55,199,92,64,244
119,55,207,91,65,246
119,55,215,90,66,247
119,55,223,89,66,249
119,55,231,88,66,251
119,55,239,86,66,252
119,55,247,85,66,253
119,55,255,84,66,254
119,63,0,102,48,16
119,63,7,102,48,21
119,63,15,102,47,26
119,63,23,102,47,32
119,63,31,102,47,39
119,63,39,102,47,45
119,63,47,102,48,52
119,63,55,102,48,58
119,63,63,101,48,66
119,63,71,101,48,73
119,63,79,101,48,81
119,63,87,101,48,89
119,63,95,101,48,99
119,63,103,101,48,109
119,63,111,101,48,120
119,63,119,101,48,133
119,63,127,100,49,148
119,63,135,100,50,163
119,63,143,99,52,180
119,63,151,99,54,197
119,63,159,98,57,212
119,63,167,97,59,224
119,63,175,96,61,233
119,63,183,95,64,240
119,63,191,95,65,243
119,63,199,94,67,245
119,63,207,93,68,246
119,63,215,92,69,248
119,63,223,90,69,249
119,63,231,89,69,251
119,63,239,88,69,252
119,63,247,87,69,253
119,63,255,86,69,254
119,71,0,102,57,16
119,71,7,102,57,21
119,71,15,103,56,26
119,71,23,103,56,32
119,71,31,103,56,38
119,71,39,102,56,44
119,71,47,102,56,51
119,71,55,102,57,57
119,71,63,102,57,64
119,71,71,102,57,71
119,71,79,102,57,79
119,71,87,102,57,87
119,71,95,102,56,95
119,71,103,101,56,104
119,71,111,101,56,115
119,71,119,101,56,128
119,71,127,101,56,141
119,71,135,100,57,156
119,71,143,100,58,172
119,71,151,100,60,190
119,71,159,99,62,206
119,71,167,99,64,221
119,71,175,98,65,232
119,71,183,97,67,240
119,71,191,97,69,243
119,71,199,96,70,245
119,71,207,95,71,246
119,71,215,94,71,248
119,71,223,92,71,250
119,71,231,91,71,251
119,71,239,90,71,252
119,71,247,89,71,253
119,71,255,88,71,254
119,79,0,102,66,15
119,79,7,103,66,20
119,79,15,103,66,25
119,79,23,103,65,32
119,79,31,103,65,37
119,79,39,103,65,44
119,79,47,103,65,50
119,79,55,103,66,56
119,79,63,102,66,63
119,79,71,102,66,70
119,79,79,102,66,77
119,79,87,102,65,85
119,79,95,102,65,92
119,79,103,102,65,101
119,79,111,102,64,111
119,79,119,102,64,121
119,79,127,102,64,134
119,79,135,101,64,149
119,79,143,101,65,164
119,79,151,101,66,182
119,79,159,101,67,199
119,79,167,100,69,215
119,79,175,100,70,230
119,79,183,99,71,237
119,79,191,98,73,243
119,79,199,97,74,245
119,79,207,97,75,246
119,79,215,95,74,248
119,79,223,94,74,250
119,79,231,93,74,251
119,79,239,92,74,252
119,79,247,91,74,253
119,79,255,89,73,254
119,87,0,103,75,17
119,87,7,103,75,21
119,87,15,103,75,25
119,87,23,104,75,31
119,87,31,104,75,37
119,87,39,104,75,43
119,87,47,104,75,49
119,87,55,103,75,55
119,87,63,103,75,62
119,87,71,103,75,69
119,87,79,103,75,75
119,87,87,103,74,83
119,87,95,103,74,90
119,87,103,103,74,98
119,87,111,103,73,106
119,87,119,103,73,117
119,87,127,103,72,128
119,87,135,102,72,141
119,87,143,102,72,157
119,87,151,102,73,173
119,87,159,102,74,191
119,87,167,102,74,208
119,87,175,101,75,224
119,87,183,101,76,236
119,87,191,100,77,241
119,87,199,99,78,245
119,87,207,98,78,247
119,87,215,97,78,248
119,87,223,96,77,250
119,87,231,94,77,252
119,87,239,93,76,253
119,87,247,92,76,253
119,87,255,91,75,254
119,95,0,104,84,17
119,95,7,104,84,21
119,95,15,104,84,26
119,95,23,104,84,31
119,95,31,104,84,37
119,95,39,104,84,43
119,95,47,104,84,49
119,95,55,104,84,55
119,95,63,104,84,61
119,95,71,104,84,68
119,95,79,104,84,74
119,95,87,104,83,81
119,95,95,104,83,88
119,95,103,104,83,96
119,95,111,104,82,103
119,95,119,104,81,112
119,95,127,104,81,123
119,95,135,103,81,135
119,95,143,103,80,149
119,95,151,103,80,165
119,95,159,103,81,182
119,95,167,103,81,200
119,95,175,103,81,216
119,95,183,102,82,230
119,95,191,101,82,239
119,95,199,101,82,244
119,95,207,100,82,247
119,95,215,99,82,249
119,95,223,97,81,250
119,95,231,96,81,252
119,95,239,95,80,253
119,95,247,94,79,253
119,95,255,92,77,254
119,103,0,104,93,18
119,103,7,104,93,22
119,103,15,105,93,27
119,103,23,105,93,32
119,103,31,105,93,37
119,103,39,105,93,43
119,103,47,105,93,49
119,103,55,105,93,55
119,103,63,105,93,61
119,103,71,105,93,67
119,103,79,105,93,73
119,103,87,105,92,80
119,103,95,105,92,87
119,103,103,105,92,94
119,103,111,105,91,101
119,103,119,105,90,109
119,103,127,105,90,118
119,103,135,105,89,129
119,103,143,104,89,142
119,103,151,104,88,157
119,103,159,104,88,174
119,103,167,104,88,192
119,103,175,104,88,210
119,103,183,104,88,224
119,103,191,103,88,236
119,103,199,102,87,242
119,103,207,101,87,247
119,103,215,100,86,249
119,103,223,99,86,251
119,103,231,98,85,252
119,103,239,97,84,253
119,103,247,96,84,254
119,103,255,94,82,254
119,111,0,103,102,18
119,111,7,104,102,22
119,111,15,104,102,27
119,111,23,105,102,33
119,111,31,106,102,38
119,111,39,106,102,43
119,111,47,106,102,49
119,111,55,106,102,55
119,111,63,106,102,60
119,111,71,106,102,67
119,111,79,106,102,73
119,111,87,106,101,79
119,111,95,106,101,86
119,111,103,107,101,92
119,111,111,107,100,99
119,111,119,107,99,106
119,111,127,106,98,115
119,111,135,106,98,125
119,111,143,106,97,136
119,111,151,105,96,150
119,111,159,105,96,166
119,111,167,106,95,184
119,111,175,105,95,201
119,111,183,105,94,218
119,111,191,105,94,230
119,111,199,104,93,240
119,111,207,103,92,245
119,111,215,102,92,249
119,111,223,101,90,251
119,111,231,99,89,252
119,111,239,99,89,253
119,111,247,98,88,254
119,111,255,97,87,254
119,119,0,103,112,19
119,119,7,104,112,22
119,119,15,104,112,26
119,119,23,105,112,32
119,119,31,106,111,39
119,119,39,106,111,44
119,119,47,107,111,49
119,119,55,107,111,55
119,119,63,107,111,60
119,119,71,107,111,66
119,119,79,107,111,72
119,119,87,108,110,79
119,119,95,108,110,85
119,119,103,108,110,92
119,119,111,108,109,98
119,119,119,108,108,105
119,119,127,108,107,112
119,119,135,107,106,121
119,119,143,107,105,131
119,119,151,107,105,144
119,119,159,107,104,159
119,119,167,107,103,176
119,119,175,107,103,193
119,119,183,106,102,210
119,119,191,106,101,224
119,119,199,106,100,235
119,119,207,105,98,244
119,119,215,104,97,248
119,119,223,103,96,251
119,119,231,102,95,252
119,119,239,100,93,253
119,119,247,99,92,254
119,119,255,98,91,254
119,127,0,104,122,20
119,127,7,104,122,23
119,127,15,105,122,27
119,127,23,105,122,32
119,127,31,106,121,38
119,127,39,107,121,44
119,127,47,107,121,49
119,127,55,107,121,55
119,127,63,108,121,60
119,127,71,108,121,66
119,127,79,108,120,72
119,127,87,108,120,78
119,127,95,109,120,85
119,127,103,109,119,91
119,127,111,109,118,97
119,127,119,109,117,103
119,127,127,109,116,110
119,127,135,109,115,118
119,127,143,108,114,127
119,127,151,108,113,139
119,127,159,108,113,152
119,127,167,108,112,167
119,127,175,108,111,185
119,127,183,108,110,202
119,127,191,107,108,218
119,127,199,107,107,231
119,127,207,106,105,240
119,127,215,105,103,247
119,127,223,104,102,250
119,127,231,103,100,253
119,127,239,102,99,254
119,127,247,102,98,254
119,127,255,100,96,254
119,135,0,104,132,21
119,135,7,104,132,25
119,135,15,105,132,29
119,135,23,105,132,33
119,135,31,106,132,38
119,135,39,107,131,45
119,135,47,107,131,50
119,135,55,108,131,55
119,135,63,108,131,61
119,135,71,109,131,66
119,135,79,109,131,72
119,135,87,109,130,78
119,135,95,110,130,84
119,135,103,110,129,90
119,135,111,110,128,96
119,135,119,110,127,102
119,135,127,110,126,109
119,135,135,110,125,116
119,135,143,110,124,125
119,135,151,109,123,135
119,135,159,109,122,147
119,135,167,109,121,161
119,135,175,109,120,177
119,135,183,108,119,195
119,135,191,108,117,211
119,135,199,108,115,226
119,135,207,108,113,237
119,135,215,107,111,245
119,135,223,106,108,249
119,135,231,105,106,252
119,135,239,104,105,254
119,135,247,103,103,254
119,135,255,103,102,254
119,143,0,104,144,22
119,143,7,104,144,25
119,143,15,105,143,30
119,143,23,105,143,35
119,143,31,106,143,39
119,143,39,107,143,44
119,143,47,108,143,50
119,143,55,108,143,55
119,143,63,109,143,61
119,143,71,109,142,66
119,143,79,110,142,72
119,143,87,110,141,78
119,143,95,111,140,84
119,143,103,111,140,90
119,143,111,111,139,96
119,143,119,111,138,102
119,143,127,111,137,108
119,143,135,111,135,115
119,143,143,111,134,122
119,143,151,110,133,132
119,143,159,110,132,143
119,143,167,110,131,155
119,143,175,110,130,171
119,143,183,109,128,187
119,143,191,109,126,204
119,143,199,109,124,220
119,143,207,109,121,233
119,143,215,108,118,242
119,143,223,107,116,248
119,143,231,107,114,251
119,143,239,106,111,253
119,143,247,105,109,254
119,143,255,104,106,254
119,151,0,103,156,23
119,151,7,104,156,26
119,151,15,104,156,29
119,151,23,105,155,34
119,151,31,106,155,40
119,151,39,107,155,45
119,151,47,108,155,50
119,151,55,108,155,55
119,151,63,109,154,61
119,151,71,110,154,66
119,151,79,110,154,72
119,151,87,111,153,78
119,151,95,111,153,83
119,151,103,112,152,89
119,151,111,112,151,95
119,151,119,112,150,101
119,151,127,112,148,107
119,151,135,112,147,114
119,151,143,112,146,121
119,151,151,112,145,129
119,151,159,111,143,139
119,151,167,111,142,151
119,151,175,111,141,164
119,151,183,110,139,180
119,151,191,110,137,197
119,151,199,110,135,213
119,151,207,110,131,227
119,151,215,110,128,239
119,151,223,109,125,245
119,151,231,108,122,250
119,151,239,107,118,253
119,151,247,106,116,254
119,151,255,106,113,255
119,159,0,102,169,23
119,159,7,103,169,26
119,159,15,103,168,29
119,159,23,104,168,34
119,159,31,105,168,39
119,159,39,106,168,45
119,159,47,107,168,50
119,159,55,108,168,55
119,159,63,109,168,60
119,159,71,110,167,66
119,159,79,111,167,71
119,159,87,111,166,77
119,159,95,112,166,83
119,159,103,112,165,89
119,159,111,113,164,94
119,159,119,113,163,100
119,159,127,113,162,106
119,159,135,113,160,112
119,159,143,113,159,119
119,159,151,113,157,127
119,159,159,112,156,136
119,159,167,112,155,146
119,159,175,112,153,159
119,159,183,112,151,174
119,159,191,111,150,190
119,159,199,111,147,205
119,159,207,111,143,221
119,159,215,111,139,233
119,159,223,110,135,243
119,159,231,109,131,248
119,159,239,109,127,253
119,159,247,108,123,254
119,159,255,107,119,255
119,167,0,101,181,24
119,167,7,102,181,27
119,167,15,102,181,29
119,167,23,103,181,33
119,167,31,104,181,38
119,167,39,106,181,44
119,167,47,107,181,50
119,167,55,108,181,55
119,167,63,109,181,60
119,167,71,110,181,66
119,167,79,111,181,71
119,167,87,111,180,77
119,167,95,112,180,82
119,167,103,113,179,88
119,167,111,113,178,94
119,167,119,113,177,99
119,167,127,114,176,105
119,167,135,114,175,111
119,167,143,113,174,118
119,167,151,113,172,125
119,167,159,113,170,133
119,167,167,113,169,143
119,167,175,113,167,154
119,167,183,112,165,168
119,167,191,112,163,183
119,167,199,112,160,198
119,167,207,112,156,214
119,167,215,112,152,228
119,167,223,111,146,238
119,167,231,111,141,247
119,167,239,110,137,251
119,167,247,110,133,254
119,167,255,108,129,255
119,175,0,100,194,26
119,175,7,101,194,29
119,175,15,102,194,32
119,175,23,103,194,36
119,175,31,103,195,39
119,175,39,105,195,44
119,175,47,106,195,50
119,175,55,107,195,55
119,175,63,108,195,60
119,175,71,110,195,65
119,175,79,110,195,71
119,175,87,111,194,76
119,175,95,112,194,82
119,175,103,113,193,87
119,175,111,113,193,93
119,175,119,114,192,98
119,175,127,114,191,104
119,175,135,114,190,110
119,175,143,114,188,116
119,175,151,114,187,123
119,175,159,114,185,131
119,175,167,114,184,139
119,175,175,114,182,150
119,175,183,114,181,162
119,175,191,114,178,176
119,175,199,114,175,191
119,175,207,113,172,206
119,175,215,113,166,220
119,175,223,113,161,233
119,175,231,112,154,242
119,175,239,111,148,250
119,175,247,111,142,253
119,175,255,110,138,255
119,183,0,98,207,26
119,183,7,99,207,29
119,183,15,100,207,32
119,183,23,101,208,36
119,183,31,103,208,41
119,183,39,104,208,45
119,183,47,105,209,50
119,183,55,107,209,55
119,183,63,108,209,60
119,183,71,109,209,65
119,183,79,110,208,70
119,183,87,111,208,75
119,183,95,112,207,81
119,183,103,112,207,86
119,183,111,113,206,92
119,183,119,113,205,97
119,183,127,114,205,103
119,183,135,114,204,109
119,183,143,114,203,115
119,183,151,114,201,121
119,183,159,114,200,129
119,183,167,114,199,137
119,183,175,115,197,146
119,183,183,114,196,157
119,183,191,114,194,169
119,183,199,114,191,183
119,183,207,115,187,198
119,183,215,115,182,213
119,183,223,114,176,226
119,183,231,113,169,237
119,183,239,113,162,246
119,183,247,112,155,252
119,183,255,111,148,254
119,191,0,97,218,27
119,191,7,98,219,29
119,191,15,99,219,32
119,191,23,100,219,35
119,191,31,101,220,40
119,191,39,103,220,45
119,191,47,104,220,50
119,191,55,105,221,54
119,191,63,107,221,60
119,191,71,108,221,64
119,191,79,109,221,70
119,191,87,110,220,75
119,191,95,111,220,80
119,191,103,112,219,85
119,191,111,112,218,90
119,191,119,113,218,95
119,191,127,113,217,101
119,191,135,113,216,106
119,191,143,114,215,113
119,191,151,114,214,119
119,191,159,114,213,126
119,191,167,115,212,134
119,191,175,115,211,142
119,191,183,115,210,152
119,191,191,115,208,163
119,191,199,115,206,176
119,191,207,115,203,190
119,191,215,115,198,205
119,191,223,115,192,219
119,191,231,115,185,231
119,191,239,114,177,242
119,191,247,114,169,250
119,191,255,113,162,254
119,199,0,96,228,28
119,199,7,96,229,30
119,199,15,97,229,32
119,199,23,98,229,35
119,199,31,100,230,39
119,199,39,101,230,44
119,199,47,103,231,50
119,199,55,104,231,54
119,199,63,105,231,59
119,199,71,107,231,64
119,199,79,107,231,69
119,199,87,109,231,74
119,199,95,109,231,79
119,199,103,110,230,84
119,199,111,111,230,89
119,199,119,112,230,94
119,199,127,112,229,99
119,199,135,113,228,105
119,199,143,113,227,110
119,199,151,114,226,116
119,199,159,114,225,123
119,199,167,114,224,131
119,199,175,115,224,139
119,199,183,115,223,147
119,199,191,115,222,157
119,199,199,115,220,168
119,199,207,115,218,182
119,199,215,116,215,197
119,199,223,116,209,211
119,199,231,115,202,224
119,199,239,115,194,237
119,199,247,115,186,247
119,199,255,115,178,253
119,207,0,94,236,29
119,207,7,95,237,31
119,207,15,96,237,33
119,207,23,97,238,36
119,207,31,98,238,39
119,207,39,99,239,44
119,207,47,101,240,49
119,207,55,103,240,54
119,207,63,104,241,58
119,207,71,105,241,63
119,207,79,106,241,68
119,207,87,107,240,72
119,207,95,108,240,77
119,207,103,108,240,82
119,207,111,109,239,87
119,207,119,110,239,92
119,207,127,111,238,97
119,207,135,111,238,102
119,207,143,112,238,108
119,207,151,113,238,114
119,207,159,113,237,120
119,207,167,113,236,127
119,207,175,114,235,134
119,207,183,114,235,142
119,207,191,115,234,152
119,207,199,115,234,162
119,207,207,115,232,174
119,207,215,115,228,188
119,207,223,116,224,202
119,207,231,116,219,218
119,207,239,116,212,232
119,207,247,116,204,244
119,207,255,116,195,251
119,215,0,93,243,29
119,215,7,94,243,31
119,215,15,95,243,34
119,215,23,96,244,37
119,215,31,97,244,40
119,215,39,98,245,44
119,215,47,99,245,48
119,215,55,101,246,53
119,215,63,102,246,58
119,215,71,103,247,62
119,215,79,104,247,66
119,215,87,105,247,71
119,215,95,106,247,76
119,215,103,107,248,81
119,215,111,107,247,85
119,215,119,108,247,90
119,215,127,109,246,94
119,215,135,109,246,100
119,215,143,110,246,105
119,215,151,111,245,110
119,215,159,111,245,117
119,215,167,112,245,124
119,215,175,113,244,130
119,215,183,113,244,138
119,215,191,113,243,146
119,215,199,114,243,156
119,215,207,114,242,167
119,215,215,115,241,180
119,215,223,115,237,194
119,215,231,116,233,209
119,215,239,116,228,225
119,215,247,117,222,240
119,215,255,117,214,252
119,223,0,92,248,29
119,223,7,92,248,31
119,223,15,93,248,33
119,223,23,94,248,36
119,223,31,96,249,40
119,223,39,97,249,44
119,223,47,98,250,48
119,223,55,99,250,52
119,223,63,100,250,56
119,223,71,101,250,61
119,223,79,102,251,65
119,223,87,103,251,69
119,223,95,104,251,74
119,223,103,105,251,78
119,223,111,105,251,83
119,223,119,106,251,87
119,223,127,107,251,92
119,223,135,108,251,97
119,223,143,108,251,102
119,223,151,109,251,107
119,223,159,109,250,113
119,223,167,110,250,119
119,223,175,111,250,126
119,223,183,111,250,133
119,223,191,112,250,142
119,223,199,113,249,151
119,223,207,113,249,161
119,223,215,113,248,173
119,223,223,114,246,186
119,223,231,115,243,202
119,223,239,115,240,218
119,223,247,116,235,234
119,223,255,117,229,246
119,231,0,90,251,30
119,231,7,91,251,31
119,231,15,91,251,33
119,231,23,92,252,35
119,231,31,94,252,39
119,231,39,95,252,43
119,231,47,97,253,48
119,231,55,98,253,51
119,231,63,99,253,55
119,231,71,100,253,60
119,231,79,101,253,64
119,231,87,101,253,68
119,231,95,102,253,72
119,231,103,103,253,76
119,231,111,104,253,80
119,231,119,104,253,85
119,231,127,105,253,89
119,231,135,106,253,94
119,231,143,106,253,99
119,231,151,107,254,104
119,231,159,108,254,110
119,231,167,108,253,115
119,231,175,109,253,122
119,231,183,110,253,129
119,231,191,110,254,136
119,231,199,111,254,145
119,231,207,112,253,155
119,231,215,112,253,166
119,231,223,112,251,179
119,231,231,113,250,193
119,231,239,114,248,210
119,231,247,115,245,227
119,231,255,116,242,244
119,239,0,89,253,30
119,239,7,90,254,32
119,239,15,90,254,33
119,239,23,91,254,35
119,239,31,92,254,38
119,239,39,93,254,41
119,239,47,94,254,46
119,239,55,96,255,50
119,239,63,97,255,54
119,239,71,98,255,58
119,239,79,99,255,62
119,239,87,100,255,66
119,239,95,100,255,70
119,239,103,101,254,75
119,239,111,102,254,79
119,239,119,103,254,83
119,239,127,103,254,87
119,239,135,104,254,91
119,239,143,104,255,96
119,239,151,105,255,101
119,239,159,106,255,106
119,239,167,107,255,112
119,239,175,107,255,118
119,239,183,108,255,125
119,239,191,108,255,132
119,239,199,109,255,140
119,239,207,109,255,150
119,239,215,110,255,160
119,239,223,111,254,172
119,239,231,111,254,186
119,239,239,112,253,201
119,239,247,113,252,219
119,239,255,114,250,236
119,247,0,88,255,30
119,247,7,89,255,31
119,247,15,89,255,34
119,247,23,90,255,36
119,247,31,91,255,38
119,247,39,92,255,41
119,247,47,93,255,44
119,247,55,94,255,48
119,247,63,95,255,53
119,247,71,96,255,56
119,247,79,97,255,60
119,247,87,98,255,64
119,247,95,99,255,68
119,247,103,99,255,72
119,247,111,100,255,77
119,247,119,101,255,81
119,247,127,102,255,85
119,247,135,102,255,89
119,247,143,103,255,94
119,247,151,104,255,98
119,247,159,104,255,103
119,247,167,105,255,109
119,247,175,105,255,115
119,247,183,106,255,121
119,247,191,107,255,128
119,247,199,107,255,136
119,247,207,108,255,145
119,247,215,108,255,155
119,247,223,109,255,167
119,247,231,110,255,180
119,247,239,110,255,195
119,247,247,112,255,211
119,247,255,113,254,226
119,255,0,86,255,29
119,255,7,87,255,31
119,255,15,87,255,32
119,255,23,88,255,35
119,255,31,89,255,38
119,255,39,90,255,40
119,255,47,91,255,43
119,255,55,92,255,47
119,255,63,93,255,50
119,255,71,94,255,54
119,255,79,95,255,58
119,255,87,96,255,63
119,255,95,98,255,67
119,255,103,98,255,71
119,255,111,99,255,75
119,255,119,100,255,79
119,255,127,100,255,83
119,255,135,101,255,87
119,255,143,102,255,92
119,255,151,102,255,96
119,255,159,103,255,102
119,255,167,104,255,108
119,255,175,104,255,113
119,255,183,105,255,119
119,255,191,105,255,125
119,255,199,106,255,133
119,255,207,106,255,141
119,255,215,107,255,151
119,255,223,107,255,162
119,255,231,108,255,175
119,255,239,109,255,189
119,255,247,110,255,204
119,255,255,111,255,218
127,0,0,115,1,17
127,0,7,115,1,23
127,0,15,115,1,30
127,0,23,115,1,38
127,0,31,115,2,47
127,0,39,114,2,55
127,0,47,113,2,63
127,0,55,112,3,71
127,0,63,111,3,80
127,0,71,110,3,90
127,0,79,109,3,102
127,0,87,107,3,115
127,0,95,106,3,130
127,0,103,105,3,147
127,0,111,104,5,166
127,0,119,102,7,184
127,0,127,100,9,202
127,0,135,98,12,215
127,0,143,96,15,225
127,0,151,94,19,230
127,0,159,92,22,234
127,0,167,90,25,237
127,0,175,88,28,238
127,0,183,87,31,239
127,0,191,85,32,241
127,0,199,83,33,243
127,0,207,81,34,245
127,0,215,80,34,247
127,0,223,78,35,249
127,0,231,77,37,251
127,0,239,76,38,252
127,0,247,75,38,254
127,0,255,74,39,254
127,7,0,114,2,17
127,7,7,114,2,23
127,7,15,114,2,30
127,7,23,114,2,38
127,7,31,114,3,46
127,7,39,113,3,54
127,7,47,112,3,62
127,7,55,111,4,70
127,7,63,111,4,79
127,7,71,110,5,89
127,7,79,108,5,100
127,7,87,107,5,113
127,7,95,106,5,127
127,7,103,105,5,143
127,7,111,104,7,162
127,7,119,103,9,180
127,7,127,101,12,198
127,7,135,99,15,212
127,7,143,97,18,222
127,7,151,95,22,228
127,7,159,93,25,233
127,7,167,91,28,236
127,7,175,89,31,237
127,7,183,88,34,239
127,7,191,86,36,241
127,7,199,84,37,243
127,7,207,83,37,245
127,7,215,81,38,247
127,7,223,80,38,249
127,7,231,79,39,251
127,7,239,77,41,252
127,7,247,76,42,253
127,7,255,75,42,254
127,15,0,112,3,17
127,15,7,113,3,23
127,15,15,113,3,30
127,15,23,113,4,38
127,15,31,112,4,45
127,15,39,112,5,53
127,15,47,111,5,61
127,15,55,111,6,69
127,15,63,110,6,78
127,15,71,109,7,87
127,15,79,108,7,98
127,15,87,107,8,110
127,15,95,106,8,123
127,15,103,105,9,139
127,15,111,104,10,157
127,15,119,103,12,176
127,15,127,102,14,193
127,15,135,100,18,209
127,15,143,98,22,218
127,15,151,96,26,226
127,15,159,94,29,231
127,15,167,92,32,235
127,15,175,91,35,237
127,15,183,89,38,238
127,15,191,88,40,240
127,15,199,86,42,243
127,15,207,84,42,245
127,15,215,83,42,247
127,15,223,81,42,249
127,15,231,80,43,251
127,15,239,79,44,252
127,15,247,78,46,253
127,15,255,76,46,254
127,23,0,111,7,17
127,23,7,112,7,23
127,23,15,112,7,29
127,23,23,112,7,37
127,23,31,111,8,44
127,23,39,111,8,52
127,23,47,110,9,60
127,23,55,110,9,68
127,23,63,109,10,76
127,23,71,108,10,85
127,23,79,108,11,95
127,23,87,107,11,106
127,23,95,107,12,119
127,23,103,106,13,134
127,23,111,105,14,151
127,23,119,104,15,170
127,23,127,103,18,187
127,23,135,101,21,203
127,23,143,99,26,214
127,23,151,98,31,223
127,23,159,96,34,228
127,23,167,94,37,233
127,23,175,92,39,236
127,23,183,91,42,238
127,23,191,89,44,241
127,23,199,88,47,243
127,23,207,86,48,245
127,23,215,85,47,247
127,23,223,83,47,249
127,23,231,82,47,250
127,23,239,81,48,252
127,23,247,79,49,253
127,23,255,79,51,254
127,31,0,110,12,17
127,31,7,111,13,23
127,31,15,111,13,29
127,31,23,111,13,36
127,31,31,110,14,43
127,31,39,110,14,51
127,31,47,110,15,58
127,31,55,109,15,66
127,31,63,109,16,74
127,31,71,108,16,83
127,31,79,108,16,92
127,31,87,107,17,102
127,31,95,107,18,114
127,31,103,106,19,128
127,31,111,105,19,144
127,31,119,105,21,162
127,31,127,103,23,179
127,31,135,102,26,195
127,31,143,101,31,207
127,31,151,99,35,218
127,31,159,97,40,225
127,31,167,96,43,232
127,31,175,94,45,236
127,31,183,92,47,239
127,31,191,91,49,241
127,31,199,89,51,243
127,31,207,88,53,245
127,31,215,87,54,246
127,31,223,85,53,248
127,31,231,84,53,250
127,31,239,83,53,252
127,31,247,82,53,253
127,31,255,80,54,254
127,39,0,109,19,17
127,39,7,110,20,23
127,39,15,110,20,28
127,39,23,110,20,35
127,39,31,109,21,42
127,39,39,109,21,49
127,39,47,109,22,57
127,39,55,108,22,64
127,39,63,108,23,72
127,39,71,108,23,80
127,39,79,108,23,89
127,39,87,107,24,99
127,39,95,107,24,110
127,39,103,106,25,123
127,39,111,106,26,137
127,39,119,105,27,153
127,39,127,104,29,170
127,39,135,103,32,186
127,39,143,102,35,200
127,39,151,101,40,212
127,39,159,99,44,222
127,39,167,97,47,230
127,39,175,96,50,236
127,39,183,94,53,239
127,39,191,93,55,241
127,39,199,92,56,243
127,39,207,90,57,245
127,39,215,89,58,247
127,39,223,88,59,248
127,39,231,86,59,250
127,39,239,85,58,252
127,39,247,84,58,253
127,39,255,83,58,254
127,47,0,109,28,17
127,47,7,109,28,23
127,47,15,109,28,28
127,47,23,109,28,34
127,47,31,109,29,41
127,47,39,109,29,48
127,47,47,108,30,55
127,47,55,108,30,62
127,47,63,108,31,70
127,47,71,108,31,78
127,47,79,107,31,86
127,47,87,107,31,96
127,47,95,107,32,106
127,47,103,107,32,118
127,47,111,106,33,132
127,47,119,106,33,147
127,47,127,105,35,162
127,47,135,104,38,178
127,47,143,103,41,193
127,47,151,102,44,207
127,47,159,101,48,220
127,47,167,99,51,228
127,47,175,97,54,236
127,47,183,96,57,239
127,47,191,95,59,242
127,47,199,94,61,244
127,47,207,92,61,245
127,47,215,91,62,247
127,47,223,90,63,249
127,47,231,88,63,250
127,47,239,87,63,252
127,47,247,86,63,253
127,47,255,85,62,254
127,55,0,108,37,17
127,55,7,108,37,22
127,55,15,109,37,28
127,55,23,109,37,34
127,55,31,109,38,41
127,55,39,108,38,47
127,55,47,108,38,54
127,55,55,108,39,61
127,55,63,108,39,68
127,55,71,108,39,76
127,55,79,108,39,84
127,55,87,107,39,92
127,55,95,107,39,102
127,55,103,107,40,114
127,55,111,107,40,126
127,55,119,107,41,140
127,55,127,106,42,155
127,55,135,105,43,171
127,55,143,104,46,187
127,55,151,103,49,202
127,55,159,102,52,216
127,55,167,101,55,227
127,55,175,99,58,235
127,55,183,98,60,240
127,55,191,97,62,242
127,55,199,96,64,244
127,55,207,94,65,246
127,55,215,93,66,247
127,55,223,92,66,249
127,55,231,90,66,251
127,55,239,89,66,252
127,55,247,88,66,253
127,55,255,87,67,254
127,63,0,108,46,17
127,63,7,108,46,22
127,63,15,109,46,28
127,63,23,109,46,34
127,63,31,109,46,40
127,63,39,108,46,46
127,63,47,108,47,53
127,63,55,108,47,59
127,63,63,108,47,66
127,63,71,108,47,74
127,63,79,108,47,81
127,63,87,108,47,90
127,63,95,107,47,99
127,63,103,107,47,109
127,63,111,107,47,121
127,63,119,107,48,134
127,63,127,106,48,148
127,63,135,106,50,163
127,63,143,105,52,180
127,63,151,105,54,196
127,63,159,103,56,211
127,63,167,102,59,225
127,63,175,101,61,233
127,63,183,100,64,240
127,63,191,99,66,243
127,63,199,98,67,245
127,63,207,96,68,246
127,63,215,95,69,248
127,63,223,93,69,249
127,63,231,92,69,251
127,63,239,91,69,252
127,63,247,90,69,253
127,63,255,89,69,254
127,71,0,108,55,17
127,71,7,109,55,22
127,71,15,109,55,27
127,71,23,109,55,34
127,71,31,109,55,39
127,71,39,109,55,46
127,71,47,108,55,52
127,71,55,108,56,58
127,71,63,108,56,65
127,71,71,108,56,72
127,71,79,108,56,80
127,71,87,108,56,87
127,71,95,108,55,96
127,71,103,108,55,105
127,71,111,107,55,116
127,71,119,107,55,128
127,71,127,107,55,141
127,71,135,107,56,156
127,71,143,106,57,172
127,71,151,106,59,189
127,71,159,105,61,206
127,71,167,104,63,221
127,71,175,103,65,233
127,71,183,102,67,239
127,71,191,100,69,243
127,71,199,99,70,245
127,71,207,98,71,246
127,71,215,97,71,248
127,71,223,95,72,250
127,71,231,94,71,251
127,71,239,93,71,252
127,71,247,91,71,253
127,71,255,90,71,254
127,79,0,109,64,17
127,79,7,109,64,22
127,79,15,109,64,26
127,79,23,109,64,33
127,79,31,109,64,39
127,79,39,109,64,45
127,79,47,109,64,51
127,79,55,109,64,57
127,79,63,109,65,64
127,79,71,108,64,71
127,79,79,108,64,78
127,79,87,108,64,85
127,79,95,108,64,93
127,79,103,108,64,102
127,79,111,108,63,111
127,79,119,108,63,122
127,79,127,107,63,135
127,79,135,107,63,148
127,79,143,107,64,165
127,79,151,107,65,181
127,79,159,106,67,199
127,79,167,105,68,215
127,79,175,104,70,229
127,79,183,103,71,238
127,79,191,102,73,243
127,79,199,101,74,245
127,79,207,100,74,246
127,79,215,98,75,248
127,79,223,97,74,250
127,79,231,95,74,251
127,79,239,94,74,252
127,79,247,93,74,253
127,79,255,92,73,254
127,87,0,109,73,18
127,87,7,110,73,22
127,87,15,110,73,27
127,87,23,110,73,32
127,87,31,110,73,39
127,87,39,110,73,45
127,87,47,110,73,51
127,87,55,109,73,56
127,87,63,109,73,63
127,87,71,109,73,69
127,87,79,109,73,76
127,87,87,109,73,83
127,87,95,109,73,91
127,87,103,109,72,99
127,87,111,109,72,107
127,87,119,108,72,117
127,87,127,108,71,128
127,87,135,108,71,142
127,87,143,108,72,157
127,87,151,108,72,173
127,87,159,107,73,191
127,87,167,107,74,209
127,87,175,106,75,223
127,87,183,105,76,236
127,87,191,104,77,241
127,87,199,103,78,245
127,87,207,102,78,247
127,87,215,100,78,248
127,87,223,99,78,250
127,87,231,97,77,251
127,87,239,96,76,253
127,87,247,94,76,253
127,87,255,93,75,254
127,95,0,110,82,18
127,95,7,110,82,23
127,95,15,110,82,28
127,95,23,110,82,33
127,95,31,111,82,38
127,95,39,111,82,44
127,95,47,110,82,50
127,95,55,110,82,56
127,95,63,110,82,62
127,95,71,110,82,68
127,95,79,110,82,75
127,95,87,110,82,82
127,95,95,110,82,89
127,95,103,110,81,96
127,95,111,109,81,104
127,95,119,109,80,113
127,95,127,109,80,123
127,95,135,109,80,135
127,95,143,109,79,149
127,95,151,109,80,165
127,95,159,108,80,182
127,95,167,108,80,200
127,95,175,108,81,217
127,95,183,107,81,230
127,95,191,106,82,240
127,95,199,105,82,244
127,95,207,103,82,247
127,95,215,102,82,249
127,95,223,100,81,250
127,95,231,99,81,252
127,95,239,97,80,253
127,95,247,96,79,253
127,95,255,95,77,254
127,103,0,110,91,19
127,103,7,110,91,23
127,103,15,111,91,28
127,103,23,111,91,33
127,103,31,111,91,39
127,103,39,111,91,45
127,103,47,111,91,50
127,103,55,111,91,56
127,103,63,111,91,62
127,103,71,111,91,68
127,103,79,111,91,74
127,103,87,111,91,80
127,103,95,111,90,87
127,103,103,111,90,94
127,103,111,111,90,102
127,103,119,111,89,110
127,103,127,110,88,119
127,103,135,110,88,130
127,103,143,110,88,142
127,103,151,110,87,157
127,103,159,110,87,174
127,103,167,109,87,192
127,103,175,109,87,209
127,103,183,108,87,224
127,103,191,107,87,235
127,103,199,106,87,243
127,103,207,105,87,247
127,103,215,104,86,249
127,103,223,102,86,251
127,103,231,100,85,252
127,103,239,99,84,253
127,103,247,99,84,254
127,103,255,97,82,254
127,111,0,110,100,20
127,111,7,110,100,23
127,111,15,111,100,28
127,111,23,111,100,34
127,111,31,112,100,39
127,111,39,112,100,45
127,111,47,112,100,50
127,111,55,112,100,56
127,111,63,112,100,61
127,111,71,112,100,67
127,111,79,112,100,73
127,111,87,112,100,80
127,111,95,112,99,86
127,111,103,112,99,93
127,111,111,112,98,100
127,111,119,112,98,107
127,111,127,111,97,116
127,111,135,111,96,125
127,111,143,111,96,136
127,111,151,111,95,151
127,111,159,111,95,166
127,111,167,111,94,184
127,111,175,110,94,201
127,111,183,110,94,218
127,111,191,109,93,230
127,111,199,108,93,240
127,111,207,107,92,246
127,111,215,105,91,249
127,111,223,104,90,251
127,111,231,102,89,252
127,111,239,101,89,253
127,111,247,100,88,253
127,111,255,99,87,254
127,119,0,110,109,20
127,119,7,110,109,23
127,119,15,111,109,27
127,119,23,111,109,33
127,119,31,112,109,40
127,119,39,112,109,45
127,119,47,112,109,50
127,119,55,113,109,56
127,119,63,113,109,61
127,119,71,113,109,67
127,119,79,113,109,73
127,119,87,113,108,79
127,119,95,113,108,86
127,119,103,113,108,92
127,119,111,113,107,99
127,119,119,113,106,105
127,119,127,113,105,113
127,119,135,112,105,122
127,119,143,112,104,132
127,119,151,112,103,144
127,119,159,112,103,159
127,119,167,112,102,176
127,119,175,112,102,194
127,119,183,111,101,210
127,119,191,111,100,224
127,119,199,110,99,235
127,119,207,109,98,244
127,119,215,107,97,248
127,119,223,106,96,251
127,119,231,105,94,253
127,119,239,103,93,253
127,119,247,102,92,254
127,119,255,100,91,254
127,127,0,110,119,22
127,127,7,111,119,25
127,127,15,111,119,29
127,127,23,111,119,33
127,127,31,112,119,39
127,127,39,112,118,46
127,127,47,113,119,51
127,127,55,113,119,56
127,127,63,113,119,61
127,127,71,113,118,67
127,127,79,114,118,73
127,127,87,114,118,79
127,127,95,114,117,85
127,127,103,114,117,91
127,127,111,114,116,98
127,127,119,114,115,104
127,127,127,114,114,111
127,127,135,114,113,119
127,127,143,113,112,128
127,127,151,113,112,140
127,127,159,113,111,153
127,127,167,113,110,168
127,127,175,113,110,186
127,127,183,112,109,203
127,127,191,112,107,218
127,127,199,111,106,231
127,127,207,110,105,240
127,127,215,109,103,248
127,127,223,108,102,250
127,127,231,106,100,253
127,127,239,105,99,254
127,127,247,105,98,254
127,127,255,103,96,254
127,135,0,110,129,22
127,135,7,110,129,26
127,135,15,111,129,31
127,135,23,111,129,35
127,135,31,112,129,40
127,135,39,113,129,45
127,135,47,113,129,51
127,135,55,113,129,56
127,135,63,114,128,62
127,135,71,114,128,67
127,135,79,115,128,73
127,135,87,115,127,79
127,135,95,115,127,85
127,135,103,115,126,91
127,135,111,115,126,97
127,135,119,115,125,103
127,135,127,115,123,110
127,135,135,115,122,117
127,135,143,114,121,125
127,135,151,114,120,135
127,135,159,114,120,147
127,135,167,114,119,162
127,135,175,113,118,178
127,135,183,113,117,195
127,135,191,113,116,211
127,135,199,112,114,226
127,135,207,112,112,237
127,135,215,111,110,244
127,135,223,110,108,250
127,135,231,108,106,252
127,135,239,107,104,254
127,135,247,106,103,254
127,135,255,105,102,254
127,143,0,109,140,23
127,143,7,110,140,26
127,143,15,110,139,30
127,143,23,111,139,36
127,143,31,112,139,41
127,143,39,113,139,46
127,143,47,113,139,51
127,143,55,114,139,56
127,143,63,114,139,62
127,143,71,115,139,67
127,143,79,115,138,73
127,143,87,116,138,79
127,143,95,116,137,85
127,143,103,116,137,91
127,143,111,116,136,97
127,143,119,116,135,102
127,143,127,116,134,109
127,143,135,116,132,116
127,143,143,116,131,123
127,143,151,115,130,132
127,143,159,115,129,143
127,143,167,115,128,156
127,143,175,114,128,171
127,143,183,114,127,188
127,143,191,114,125,204
127,143,199,114,123,220
127,143,207,113,120,233
127,143,215,112,118,242
127,143,223,111,116,248
127,143,231,110,113,252
127,143,239,109,111,253
127,143,247,108,109,254
127,143,255,107,106,254
127,151,0,109,151,24
127,151,7,109,151,27
127,151,15,110,151,30
127,151,23,111,151,35
127,151,31,112,151,41
127,151,39,112,151,46
127,151,47,113,151,51
127,151,55,114,151,57
127,151,63,115,151,62
127,151,71,115,150,67
127,151,79,116,150,73
127,151,87,116,149,79
127,151,95,117,149,85
127,151,103,117,148,91
127,151,111,117,147,96
127,151,119,117,146,102
127,151,127,117,145,108
127,151,135,117,144,114
127,151,143,117,142,122
127,151,151,116,141,130
127,151,159,116,140,140
127,151,167,116,139,152
127,151,175,116,138,165
127,151,183,115,137,181
127,151,191,115,135,197
127,151,199,115,133,213
127,151,207,114,130,228
127,151,215,114,127,239
127,151,223,113,124,246
127,151,231,112,121,250
127,151,239,111,118,253
127,151,247,110,115,254
127,151,255,109,112,255
127,159,0,108,164,24
127,159,7,109,163,27
127,159,15,109,163,30
127,159,23,110,163,34
127,159,31,111,163,40
127,159,39,112,163,47
127,159,47,113,163,51
127,159,55,114,163,56
127,159,63,115,163,62
127,159,71,115,163,67
127,159,79,116,163,73
127,159,87,117,162,78
127,159,95,117,162,84
127,159,103,117,161,90
127,159,111,118,160,96
127,159,119,118,159,101
127,159,127,118,157,107
127,159,135,118,156,114
127,159,143,118,155,120
127,159,151,117,154,128
127,159,159,117,153,136
127,159,167,117,151,147
127,159,175,117,150,160
127,159,183,116,149,174
127,159,191,116,147,190
127,159,199,116,144,206
127,159,207,116,141,222
127,159,215,115,138,234
127,159,223,114,134,243
127,159,231,113,130,249
127,159,239,112,127,252
127,159,247,111,123,254
127,159,255,111,119,255
127,167,0,107,176,26
127,167,7,108,176,28
127,167,15,108,176,31
127,167,23,109,176,35
127,167,31,110,176,40
127,167,39,111,176,45
127,167,47,113,176,52
127,167,55,113,176,56
127,167,63,114,176,61
127,167,71,115,176,67
127,167,79,116,176,72
127,167,87,117,175,78
127,167,95,117,175,84
127,167,103,118,174,89
127,167,111,118,173,95
127,167,119,118,172,101
127,167,127,118,171,106
127,167,135,118,170,113
127,167,143,118,169,119
127,167,151,118,168,126
127,167,159,118,166,134
127,167,167,118,165,144
127,167,175,118,164,155
127,167,183,117,162,169
127,167,191,118,160,184
127,167,199,117,158,199
127,167,207,117,154,214
127,167,215,117,150,228
127,167,223,116,145,238
127,167,231,115,140,247
127,167,239,114,136,251
127,167,247,113,133,254
127,167,255,112,129,255
127,175,0,106,189,27
127,175,7,106,189,30
127,175,15,107,189,33
127,175,23,108,189,37
127,175,31,109,189,41
127,175,39,110,190,46
127,175,47,112,190,51
127,175,55,113,190,57
127,175,63,114,190,61
127,175,71,115,190,67
127,175,79,116,190,72
127,175,87,117,190,78
127,175,95,117,189,83
127,175,103,118,188,89
127,175,111,118,188,94
127,175,119,119,187,100
127,175,127,119,186,106
127,175,135,119,185,112
127,175,143,119,184,118
127,175,151,119,182,125
127,175,159,119,181,132
127,175,167,119,180,141
127,175,175,119,178,151
127,175,183,119,177,163
127,175,191,119,175,177
127,175,199,118,172,192
127,175,207,118,169,208
127,175,215,118,164,221
127,175,223,117,159,234
127,175,231,116,153,243
127,175,239,116,147,251
127,175,247,114,142,253
127,175,255,113,137,255
127,183,0,104,202,27
127,183,7,105,202,30
127,183,15,106,202,32
127,183,23,107,203,37
127,183,31,108,203,42
127,183,39,109,203,46
127,183,47,111,204,51
127,183,55,112,204,56
127,183,63,113,204,61
127,183,71,114,204,66
127,183,79,115,204,72
127,183,87,116,203,77
127,183,95,117,203,83
127,183,103,118,203,88
127,183,111,119,202,94
127,183,119,119,201,99
127,183,127,119,200,104
127,183,135,119,199,110
127,183,143,119,198,117
127,183,151,120,197,123
127,183,159,120,196,131
127,183,167,120,194,139
127,183,175,120,193,148
127,183,183,120,192,158
127,183,191,120,190,171
127,183,199,120,188,185
127,183,207,120,184,200
127,183,215,119,180,215
127,183,223,119,174,227
127,183,231,118,167,239
127,183,239,117,160,246
127,183,247,116,154,253
127,183,255,115,147,254
127,191,0,102,214,28
127,191,7,103,214,30
127,191,15,104,215,32
127,191,23,105,215,36
127,191,31,106,216,41
127,191,39,108,216,46
127,191,47,110,217,51
127,191,55,111,217,56
127,191,63,112,217,61
127,191,71,113,217,66
127,191,79,114,216,71
127,191,87,116,216,76
127,191,95,116,216,82
127,191,103,117,215,87
127,191,111,118,214,92
127,191,119,118,214,98
127,191,127,119,213,103
127,191,135,119,212,109
127,191,143,119,211,115
127,191,151,120,210,121
127,191,159,120,209,128
127,191,167,120,208,136
127,191,175,120,207,145
127,191,183,120,206,154
127,191,191,120,205,165
127,191,199,120,203,178
127,191,207,121,200,192
127,191,215,121,195,207
127,191,223,120,190,221
127,191,231,119,183,232
127,191,239,119,176,243
127,191,247,118,168,250
127,191,255,117,161,255
127,199,0,101,225,29
127,199,7,102,225,31
127,199,15,102,225,33
127,199,23,103,226,36
127,199,31,105,226,40
127,199,39,106,227,45
127,199,47,108,228,51
127,199,55,109,228,55
127,199,63,111,228,60
127,199,71,112,229,66
127,199,79,113,228,70
127,199,87,114,228,76
127,199,95,115,228,81
127,199,103,116,227,86
127,199,111,117,227,91
127,199,119,117,226,96
127,199,127,118,225,101
127,199,135,118,225,107
127,199,143,119,224,113
127,199,151,119,223,119
127,199,159,120,223,126
127,199,167,120,221,134
127,199,175,120,221,141
127,199,183,120,220,150
127,199,191,121,219,160
127,199,199,121,218,172
127,199,207,121,215,185
127,199,215,121,212,199
127,199,223,121,206,213
127,199,231,121,200,227
127,199,239,121,192,239
127,199,247,120,184,248
127,199,255,119,176,253
127,207,0,99,234,29
127,207,7,100,234,31
127,207,15,101,235,34
127,207,23,102,235,37
127,207,31,103,235,40
127,207,39,104,236,45
127,207,47,106,237,50
127,207,55,108,238,55
127,207,63,109,238,60
127,207,71,110,238,65
127,207,79,112,238,70
127,207,87,112,238,74
127,207,95,113,238,79
127,207,103,114,238,84
127,207,111,115,237,89
127,207,119,116,237,95
127,207,127,117,237,100
127,207,135,117,236,105
127,207,143,118,236,111
127,207,151,118,235,117
127,207,159,119,234,123
127,207,167,119,234,130
127,207,175,120,233,138
127,207,183,120,233,146
127,207,191,120,232,155
127,207,199,121,232,164
127,207,207,121,230,177
127,207,215,121,227,191
127,207,223,122,223,206
127,207,231,122,217,220
127,207,239,121,210,233
127,207,247,121,202,245
127,207,255,121,194,252
127,215,0,98,241,29
127,215,7,98,241,32
127,215,15,99,241,34
127,215,23,101,242,38
127,215,31,102,243,42
127,215,39,103,243,45
127,215,47,104,244,49
127,215,55,106,245,54
127,215,63,107,245,59
127,215,71,108,246,64
127,215,79,110,246,69
127,215,87,111,246,73
127,215,95,111,246,78
127,215,103,112,246,83
127,215,111,113,245,87
127,215,119,114,245,92
127,215,127,115,245,97
127,215,135,115,245,103
127,215,143,116,245,108
127,215,151,117,244,114
127,215,159,117,244,120
127,215,167,118,243,127
127,215,175,118,243,134
127,215,183,119,242,141
127,215,191,119,242,150
127,215,199,120,242,160
127,215,207,120,241,171
127,215,215,121,239,183
127,215,223,121,236,198
127,215,231,122,232,212
127,215,239,122,227,228
127,215,247,122,220,241
127,215,255,122,212,252
127,223,0,96,246,30
127,223,7,97,246,31
127,223,15,97,246,34
127,223,23,99,247,37
127,223,31,100,247,41
127,223,39,102,248,46
127,223,47,103,248,49
127,223,55,104,249,53
127,223,63,105,249,58
127,223,71,107,250,63
127,223,79,107,250,67
127,223,87,109,250,72
127,223,95,109,250,76
127,223,103,110,251,81
127,223,111,111,251,86
127,223,119,112,251,90
127,223,127,113,250,95
127,223,135,113,250,100
127,223,143,114,250,105
127,223,151,115,250,111
127,223,159,115,250,117
127,223,167,116,250,123
127,223,175,117,250,130
127,223,183,117,249,137
127,223,191,118,249,145
127,223,199,118,248,154
127,223,207,119,248,165
127,223,215,120,247,177
127,223,223,120,246,190
127,223,231,121,242,205
127,223,239,121,238,220
127,223,247,121,234,237
127,223,255,122,228,248
127,231,0,95,250,30
127,231,7,95,251,32
127,231,15,96,251,33
127,231,23,97,251,36
127,231,31,98,251,40
127,231,39,99,252,44
127,231,47,101,252,49
127,231,55,102,252,53
127,231,63,103,252,57
127,231,71,105,253,61
127,231,79,106,253,66
127,231,87,107,253,70
127,231,95,107,253,74
127,231,103,108,253,79
127,231,111,109,253,83
127,231,119,110,253,88
127,231,127,111,253,93
127,231,135,111,253,98
127,231,143,112,253,103
127,231,151,113,253,108
127,231,159,114,253,113
127,231,167,114,253,119
127,231,175,115,253,125
127,231,183,116,253,133
127,231,191,116,253,141
127,231,199,117,253,150
127,231,207,117,253,159
127,231,215,118,252,170
127,231,223,119,251,183
127,231,231,119,250,197
127,231,239,120,248,213
127,231,247,121,244,229
127,231,255,121,240,245
127,239,0,94,253,31
127,239,7,94,253,32
127,239,15,94,253,34
127,239,23,95,253,36
127,239,31,96,254,39
127,239,39,97,254,42
127,239,47,99,254,47
127,239,55,101,254,52
127,239,63,102,255,56
127,239,71,103,255,60
127,239,79,104,255,64
127,239,87,105,255,68
127,239,95,106,254,73
127,239,103,107,254,77
127,239,111,107,254,81
127,239,119,108,254,86
127,239,127,109,254,90
127,239,135,109,254,95
127,239,143,110,255,100
127,239,151,111,255,105
127,239,159,112,255,110
127,239,167,112,255,116
127,239,175,113,255,122
127,239,183,114,255,128
127,239,191,114,255,136
127,239,199,115,255,144
127,239,207,116,255,154
127,239,215,116,255,165
127,239,223,117,254,176
127,239,231,117,254,190
127,239,239,118,253,205
127,239,247,119,251,222
127,239,255,120,250,238
127,247,0,92,254,30
127,247,7,92,254,32
127,247,15,93,255,34
127,247,23,94,255,37
127,247,31,95,255,39
127,247,39,96,255,42
127,247,47,97,255,45
127,247,55,98,255,50
127,247,63,100,255,54
127,247,71,101,255,58
127,247,79,102,255,62
127,247,87,103,255,67
127,247,95,104,255,71
127,247,103,105,255,75
127,247,111,106,255,80
127,247,119,106,255,84
127,247,127,107,255,88
127,247,135,108,255,92
127,247,143,109,255,97
127,247,151,109,255,102
127,247,159,110,255,107
127,247,167,111,255,113
127,247,175,111,255,119
127,247,183,112,255,125
127,247,191,113,255,132
127,247,199,113,255,140
127,247,207,114,255,149
127,247,215,114,255,159
127,247,223,115,255,171
127,247,231,116,255,184
127,247,239,116,255,199
127,247,247,117,255,214
127,247,255,119,254,229
127,255,0,90,255,30
127,255,7,91,255,31
127,255,15,92,255,33
127,255,23,92,255,36
127,255,31,93,255,39
127,255,39,94,255,42
127,255,47,95,255,45
127,255,55,96,255,48
127,255,63,97,255,52
127,255,71,99,255,56
127,255,79,100,255,60
127,255,87,101,255,65
127,255,95,102,255,69
127,255,103,103,255,73
127,255,111,104,255,78
127,255,119,105,255,82
127,255,127,106,255,87
127,255,135,107,255,91
127,255,143,107,255,96
127,255,151,108,255,100
127,255,159,109,255,106
127,255,167,109,255,111
127,255,175,110,255,117
127,255,183,110,255,123
127,255,191,111,255,129
127,255,199,111,255,137
127,255,207,112,255,145
127,255,215,113,255,155
127,255,223,113,255,166
127,255,231,114,255,179
127,255,239,115,255,192
127,255,247,116,255,207
127,255,255,117,255,221
135,0,0,122,1,19
135,0,7,122,2,25
135,0,15,122,2,31
135,0,23,122,2,39
135,0,31,121,2,47
135,0,39,121,2,55
135,0,47,120,3,63
135,0,55,119,3,71
135,0,63,118,3,80
135,0,71,117,3,90
135,0,79,116,3,101
135,0,87,115,3,113
135,0,95,114,3,128
135,0,103,112,4,146
135,0,111,111,6,164
135,0,119,110,7,183
135,0,127,108,9,200
135,0,135,106,11,214
135,0,143,104,15,223
135,0,151,101,18,230
135,0,159,99,22,234
135,0,167,96,26,236
135,0,175,94,29,237
135,0,183,92,31,239
135,0,191,90,32,241
135,0,199,88,33,243
135,0,207,86,34,245
135,0,215,85,35,247
135,0,223,83,36,249
135,0,231,82,38,251
135,0,239,80,38,252
135,0,247,79,38,254
135,0,255,77,39,254
135,7,0,121,2,19
135,7,7,121,2,25
135,7,15,121,3,31
135,7,23,121,3,39
135,7,31,121,3,47
135,7,39,120,4,54
135,7,47,119,4,62
135,7,55,119,4,70
135,7,63,118,4,79
135,7,71,117,4,89
135,7,79,116,4,99
135,7,87,115,5,111
135,7,95,114,5,125
135,7,103,112,6,142
135,7,111,111,7,160
135,7,119,110,9,179
135,7,127,108,11,196
135,7,135,107,14,211
135,7,143,104,18,220
135,7,151,102,21,228
135,7,159,100,25,232
135,7,167,97,28,235
135,7,175,95,32,237
135,7,183,93,35,239
135,7,191,91,36,241
135,7,199,89,37,243
135,7,207,87,38,245
135,7,215,86,38,247
135,7,223,84,39,249
135,7,231,83,41,251
135,7,239,81,41,252
135,7,247,80,42,254
135,7,255,79,42,254
135,15,0,120,4,18
135,15,7,120,4,24
135,15,15,120,4,31
135,15,23,120,5,38
135,15,31,120,5,46
135,15,39,119,6,54
135,15,47,119,6,61
135,15,55,118,6,69
135,15,63,117,6,78
135,15,71,116,7,88
135,15,79,116,7,97
135,15,87,115,7,109
135,15,95,114,8,123
135,15,103,113,8,138
135,15,111,112,9,155
135,15,119,110,11,174
135,15,127,109,14,191
135,15,135,107,17,206
135,15,143,105,21,217
135,15,151,103,25,225
135,15,159,101,28,231
135,15,167,99,32,234
135,15,175,96,35,237
135,15,183,94,39,239
135,15,191,92,41,241
135,15,199,90,41,243
135,15,207,89,42,245
135,15,215,87,42,247
135,15,223,85,43,249
135,15,231,84,44,251
135,15,239,83,45,252
135,15,247,81,45,253
135,15,255,80,45,254
135,23,0,118,6,18
135,23,7,119,6,24
135,23,15,119,7,31
135,23,23,119,8,38
135,23,31,118,8,45
135,23,39,118,9,53
135,23,47,118,10,60
135,23,55,117,10,68
135,23,63,116,10,76
135,23,71,116,10,86
135,23,79,115,10,95
135,23,87,114,11,106
135,23,95,114,12,119
135,23,103,113,13,133
135,23,111,112,14,150
135,23,119,111,15,168
135,23,127,110,18,185
135,23,135,108,22,200
135,23,143,106,26,212
135,23,151,104,30,221
135,23,159,102,33,228
135,23,167,100,36,233
135,23,175,98,40,236
135,23,183,96,43,239
135,23,191,94,46,241
135,23,199,92,47,243
135,23,207,90,47,245
135,23,215,89,47,247
135,23,223,87,47,249
135,23,231,85,48,250
135,23,239,84,49,252
135,23,247,83,50,253
135,23,255,82,50,254
135,31,0,117,11,18
135,31,7,118,12,24
135,31,15,118,12,30
135,31,23,118,13,37
135,31,31,118,13,44
135,31,39,117,14,52
135,31,47,116,15,59
135,31,55,116,15,67
135,31,63,115,16,74
135,31,71,115,16,83
135,31,79,115,16,92
135,31,87,114,17,103
135,31,95,114,17,115
135,31,103,113,18,128
135,31,111,113,19,144
135,31,119,112,21,161
135,31,127,111,23,178
135,31,135,109,26,193
135,31,143,108,31,206
135,31,151,106,35,216
135,31,159,103,39,225
135,31,167,101,42,232
135,31,175,99,45,236
135,31,183,97,47,239
135,31,191,96,50,241
135,31,199,94,52,243
135,31,207,92,54,245
135,31,215,91,53,247
135,31,223,89,53,249
135,31,231,87,53,250
135,31,239,86,53,252
135,31,247,85,54,253
135,31,255,84,55,254
135,39,0,116,18,18
135,39,7,117,19,24
135,39,15,117,19,30
135,39,23,117,20,36
135,39,31,117,20,43
135,39,39,116,21,50
135,39,47,116,22,58
135,39,55,115,22,65
135,39,63,115,22,73
135,39,71,115,23,81
135,39,79,114,23,89
135,39,87,114,23,99
135,39,95,114,24,110
135,39,103,113,25,122
135,39,111,113,26,137
135,39,119,112,27,153
135,39,127,111,29,170
135,39,135,110,32,185
135,39,143,109,35,200
135,39,151,107,39,212
135,39,159,105,44,222
135,39,167,103,47,230
135,39,175,101,50,236
135,39,183,99,53,239
135,39,191,97,55,241
135,39,199,96,56,243
135,39,207,94,58,245
135,39,215,93,59,247
135,39,223,91,59,249
135,39,231,90,58,250
135,39,239,88,58,252
135,39,247,87,58,253
135,39,255,86,59,254
135,47,0,115,27,18
135,47,7,116,27,23
135,47,15,116,28,30
135,47,23,116,28,36
135,47,31,116,29,42
135,47,39,115,29,49
135,47,47,115,30,56
135,47,55,115,30,63
135,47,63,115,30,71
135,47,71,114,31,78
135,47,79,114,31,87
135,47,87,114,31,96
135,47,95,114,31,107
135,47,103,114,32,118
135,47,111,113,32,132
135,47,119,113,33,146
135,47,127,112,35,162
135,47,135,111,37,177
135,47,143,110,40,193
135,47,151,108,44,207
135,47,159,106,48,219
135,47,167,105,51,228
135,47,175,103,54,235
135,47,183,101,57,240
135,47,191,99,59,242
135,47,199,98,61,244
135,47,207,96,62,245
135,47,215,94,63,247
135,47,223,93,63,249
135,47,231,92,63,250
135,47,239,90,63,252
135,47,247,89,63,253
135,47,255,88,63,254
135,55,0,115,35,18
135,55,7,115,36,23
135,55,15,116,36,29
135,55,23,116,36,35
135,55,31,116,37,42
135,55,39,115,37,48
135,55,47,115,38,55
135,55,55,115,38,62
135,55,63,114,39,69
135,55,71,114,39,76
135,55,79,114,39,84
135,55,87,114,39,93
135,55,95,114,39,103
135,55,103,114,39,114
135,55,111,114,39,126
135,55,119,113,40,140
135,55,127,113,41,155
135,55,135,112,43,170
135,55,143,111,46,186
135,55,151,110,49,202
135,55,159,108,52,215
135,55,167,106,55,227
135,55,175,104,57,234
135,55,183,102,60,240
135,55,191,101,62,243
135,55,199,100,64,245
135,55,207,98,65,246
135,55,215,96,66,247
135,55,223,95,66,249
135,55,231,93,66,251
135,55,239,92,66,252
135,55,247,91,67,253
135,55,255,90,66,254
135,63,0,115,45,18
135,63,7,115,45,23
135,63,15,115,45,28
135,63,23,116,45,35
135,63,31,115,45,41
135,63,39,115,46,47
135,63,47,115,46,54
135,63,55,115,47,60
135,63,63,114,47,67
135,63,71,114,47,74
135,63,79,114,47,82
135,63,87,114,47,90
135,63,95,114,47,99
135,63,103,114,47,110
135,63,111,114,47,121
135,63,119,113,47,134
135,63,127,113,48,148
135,63,135,112,49,163
135,63,143,112,51,179
135,63,151,111,54,196
135,63,159,109,56,211
135,63,167,108,59,224
135,63,175,106,61,233
135,63,183,104,63,239
135,63,191,103,65,243
135,63,199,101,67,245
135,63,207,100,68,246
135,63,215,98,69,248
135,63,223,96,69,249
135,63,231,95,69,251
135,63,239,94,69,252
135,63,247,92,69,253
135,63,255,91,69,254
135,71,0,115,54,18
135,71,7,115,54,23
135,71,15,115,54,28
135,71,23,116,54,34
135,71,31,116,54,41
135,71,39,115,54,47
135,71,47,115,55,53
135,71,55,115,55,59
135,71,63,115,55,66
135,71,71,114,55,73
135,71,79,114,55,80
135,71,87,114,55,88
135,71,95,114,55,96
135,71,103,114,55,106
135,71,111,114,55,116
135,71,119,114,55,128
135,71,127,113,55,141
135,71,135,113,56,156
135,71,143,112,57,172
135,71,151,112,59,189
135,71,159,111,61,206
135,71,167,109,63,220
135,71,175,108,65,233
135,71,183,106,67,239
135,71,191,105,69,243
135,71,199,103,70,245
135,71,207,102,71,246
135,71,215,100,72,248
135,71,223,98,72,250
135,71,231,96,72,251
135,71,239,95,72,252
135,71,247,94,72,253
135,71,255,93,71,254
135,79,0,115,63,19
135,79,7,116,63,24
135,79,15,116,63,28
135,79,23,116,63,34
135,79,31,116,63,40
135,79,39,116,63,46
135,79,47,115,63,52
135,79,55,115,63,58
135,79,63,115,64,65
135,79,71,115,64,72
135,79,79,114,63,78
135,79,87,114,63,86
135,79,95,114,63,94
135,79,103,114,63,102
135,79,111,114,63,112
135,79,119,114,63,123
135,79,127,114,63,135
135,79,135,113,63,149
135,79,143,113,64,164
135,79,151,113,65,181
135,79,159,112,66,199
135,79,167,111,68,216
135,79,175,109,69,229
135,79,183,108,71,239
135,79,191,106,72,242
135,79,199,105,74,245
135,79,207,103,74,247
135,79,215,102,75,248
135,79,223,100,74,250
135,79,231,98,74,251
135,79,239,97,74,252
135,79,247,95,74,253
135,79,255,94,73,254
135,87,0,116,72,19
135,87,7,116,72,24
135,87,15,116,72,29
135,87,23,116,72,34
135,87,31,116,72,40
135,87,39,116,72,46
135,87,47,116,72,52
135,87,55,116,72,58
135,87,63,115,72,64
135,87,71,115,72,70
135,87,79,115,72,77
135,87,87,115,72,84
135,87,95,115,72,91
135,87,103,114,71,99
135,87,111,114,71,108
135,87,119,114,71,117
135,87,127,114,71,129
135,87,135,114,71,142
135,87,143,114,71,156
135,87,151,113,72,173
135,87,159,113,73,190
135,87,167,112,74,208
135,87,175,111,75,223
135,87,183,109,76,235
135,87,191,108,77,242
135,87,199,107,77,245
135,87,207,105,78,247
135,87,215,103,78,248
135,87,223,101,78,250
135,87,231,100,77,251
135,87,239,98,76,253
135,87,247,97,76,253
135,87,255,96,75,254
135,95,0,116,80,19
135,95,7,116,80,24
135,95,15,117,80,29
135,95,23,117,80,34
135,95,31,117,80,40
135,95,39,117,81,46
135,95,47,117,81,51
135,95,55,116,81,57
135,95,63,116,81,63
135,95,71,116,81,69
135,95,79,116,81,76
135,95,87,115,81,82
135,95,95,115,80,89
135,95,103,115,80,97
135,95,111,115,80,105
135,95,119,115,79,114
135,95,127,115,79,124
135,95,135,115,79,135
135,95,143,115,79,150
135,95,151,114,79,165
135,95,159,114,79,182
135,95,167,113,80,200
135,95,175,113,80,217
135,95,183,111,81,230
135,95,191,110,81,240
135,95,199,108,82,244
135,95,207,107,82,247
135,95,215,105,82,249
135,95,223,103,81,250
135,95,231,102,81,252
135,95,239,100,80,253
135,95,247,99,80,254
135,95,255,98,78,254
135,103,0,116,89,20
135,103,7,117,89,24
135,103,15,117,89,29
135,103,23,117,89,35
135,103,31,117,89,40
135,103,39,117,89,46
135,103,47,117,90,51
135,103,55,117,90,57
135,103,63,117,90,62
135,103,71,117,90,68
135,103,79,116,90,75
135,103,87,116,89,81
135,103,95,116,89,88
135,103,103,116,89,95
135,103,111,116,88,102
135,103,119,116,88,110
135,103,127,116,87,119
135,103,135,116,87,130
135,103,143,116,87,143
135,103,151,115,86,158
135,103,159,115,86,174
135,103,167,115,87,192
135,103,175,114,87,209
135,103,183,113,87,225
135,103,191,112,87,235
135,103,199,110,87,244
135,103,207,109,87,247
135,103,215,107,86,249
135,103,223,105,86,251
135,103,231,103,85,252
135,103,239,102,84,253
135,103,247,101,84,254
135,103,255,100,83,254
135,111,0,117,98,21
135,111,7,117,98,24
135,111,15,117,98,29
135,111,23,117,98,34
135,111,31,118,98,41
135,111,39,118,98,46
135,111,47,118,98,51
135,111,55,118,98,57
135,111,63,118,98,62
135,111,71,117,98,68
135,111,79,117,98,74
135,111,87,117,98,80
135,111,95,117,98,87
135,111,103,117,97,94
135,111,111,117,97,100
135,111,119,117,96,108
135,111,127,117,96,116
135,111,135,117,95,125
135,111,143,116,95,137
135,111,151,116,94,151
135,111,159,116,94,166
135,111,167,116,94,184
135,111,175,116,93,201
135,111,183,115,93,217
135,111,191,113,93,230
135,111,199,112,93,240
135,111,207,111,92,246
135,111,215,109,91,249
135,111,223,107,90,251
135,111,231,105,89,252
135,111,239,104,88,253
135,111,247,103,87,253
135,111,255,102,86,253
135,119,0,116,107,21
135,119,7,117,107,25
135,119,15,117,107,29
135,119,23,117,107,34
135,119,31,118,107,40
135,119,39,118,107,46
135,119,47,118,107,51
135,119,55,118,107,57
135,119,63,118,107,62
135,119,71,118,107,68
135,119,79,118,107,74
135,119,87,118,106,80
135,119,95,118,106,86
135,119,103,118,106,93
135,119,111,118,105,99
135,119,119,118,104,106
135,119,127,118,104,114
135,119,135,118,103,122
135,119,143,117,102,132
135,119,151,117,102,144
135,119,159,117,101,160
135,119,167,117,101,176
135,119,175,117,101,194
135,119,183,116,100,210
135,119,191,115,100,224
135,119,199,114,99,235
135,119,207,112,98,244
135,119,215,111,97,249
135,119,223,109,96,251
135,119,231,108,94,253
135,119,239,106,93,253
135,119,247,105,92,254
135,119,255,103,90,253
135,127,0,116,116,22
135,127,7,117,116,27
135,127,15,117,116,31
135,127,23,118,116,35
135,127,31,118,116,40
135,127,39,118,116,47
135,127,47,119,116,52
135,127,55,119,116,57
135,127,63,119,116,62
135,127,71,119,116,68
135,127,79,119,116,74
135,127,87,119,115,80
135,127,95,119,115,86
135,127,103,119,114,92
135,127,111,119,114,98
135,127,119,119,113,105
135,127,127,119,112,112
135,127,135,119,111,119
135,127,143,118,110,129
135,127,151,118,110,140
135,127,159,118,109,153
135,127,167,118,109,169
135,127,175,118,108,186
135,127,183,117,108,203
135,127,191,116,107,218
135,127,199,115,106,231
135,127,207,114,104,240
135,127,215,113,103,247
135,127,223,111,101,251
135,127,231,110,100,253
135,127,239,108,99,254
135,127,247,107,98,254
135,127,255,106,97,254
135,135,0,116,126,22
135,135,7,116,126,26
135,135,15,117,126,31
135,135,23,118,126,37
135,135,31,118,126,41
135,135,39,119,126,46
135,135,47,119,126,52
135,135,55,119,126,57
135,135,63,120,126,63
135,135,71,120,126,68
135,135,79,120,125,74
135,135,87,120,125,80
135,135,95,120,124,86
135,135,103,120,124,92
135,135,111,120,123,98
135,135,119,120,122,104
135,135,127,120,121,110
135,135,135,120,120,117
135,135,143,119,119,126
135,135,151,119,118,136
135,135,159,119,118,148
135,135,167,119,117,162
135,135,175,119,117,179
135,135,183,118,116,195
135,135,191,118,115,212
135,135,199,117,113,226
135,135,207,116,111,238
135,135,215,115,110,245
135,135,223,113,108,250
135,135,231,112,106,252
135,135,239,110,104,254
135,135,247,109,103,254
135,135,255,108,101,254
135,143,0,115,136,23
135,143,7,116,136,26
135,143,15,116,136,31
135,143,23,117,136,36
135,143,31,118,136,42
135,143,39,118,136,47
135,143,47,119,136,52
135,143,55,120,136,57
135,143,63,120,136,63
135,143,71,120,136,68
135,143,79,121,135,74
135,143,87,121,135,80
135,143,95,121,134,86
135,143,103,121,134,91
135,143,111,121,133,97
135,143,119,121,132,103
135,143,127,121,131,109
135,143,135,121,129,116
135,143,143,121,128,124
135,143,151,120,128,133
135,143,159,120,127,143
135,143,167,120,126,157
135,143,175,119,126,172
135,143,183,119,125,188
135,143,191,119,123,205
135,143,199,118,121,221
135,143,207,117,119,233
135,143,215,116,117,243
135,143,223,115,115,248
135,143,231,114,113,252
135,143,239,112,111,253
135,143,247,111,109,255
135,143,255,110,106,254
135,151,0,115,147,24
135,151,7,115,147,27
135,151,15,116,147,31
135,151,23,117,147,36
135,151,31,118,147,42
135,151,39,118,147,48
135,151,47,119,147,52
135,151,55,120,147,58
135,151,63,120,147,63
135,151,71,121,147,68
135,151,79,121,146,74
135,151,87,122,146,80
135,151,95,122,145,85
135,151,103,122,145,91
135,151,111,122,144,97
135,151,119,122,142,103
135,151,127,122,141,109
135,151,135,122,140,115
135,151,143,122,139,122
135,151,151,121,138,130
135,151,159,121,137,140
135,151,167,121,136,152
135,151,175,121,136,166
135,151,183,120,134,181
135,151,191,120,133,197
135,151,199,120,131,214
135,151,207,119,128,228
135,151,215,118,126,238
135,151,223,117,123,246
135,151,231,115,120,250
135,151,239,114,118,253
135,151,247,113,115,254
135,151,255,112,112,255
135,159,0,114,159,26
135,159,7,115,159,28
135,159,15,115,159,31
135,159,23,116,159,35
135,159,31,117,159,41
135,159,39,118,159,47
135,159,47,119,159,53
135,159,55,119,159,57
135,159,63,120,159,63
135,159,71,121,159,68
135,159,79,122,158,74
135,159,87,122,158,79
135,159,95,123,157,85
135,159,103,123,156,91
135,159,111,123,155,97
135,159,119,123,154,102
135,159,127,123,153,108
135,159,135,123,152,114
135,159,143,123,151,121
135,159,151,122,150,129
135,159,159,122,149,137
135,159,167,122,148,148
135,159,175,122,147,161
135,159,183,122,146,175
135,159,191,121,144,191
135,159,199,121,142,206
135,159,207,120,139,222
135,159,215,119,136,234
135,159,223,118,133,243
135,159,231,117,129,249
135,159,239,116,126,252
135,159,247,115,123,254
135,159,255,114,119,255
135,167,0,113,171,27
135,167,7,114,171,30
135,167,15,114,171,33
135,167,23,115,171,36
135,167,31,116,171,41
135,167,39,117,171,46
135,167,47,118,171,53
135,167,55,119,171,58
135,167,63,120,171,63
135,167,71,121,171,68
135,167,79,122,171,74
135,167,87,122,171,79
135,167,95,123,170,85
135,167,103,123,169,91
135,167,111,123,169,96
135,167,119,124,168,102
135,167,127,124,167,108
135,167,135,124,165,114
135,167,143,123,164,120
135,167,151,123,163,127
135,167,159,123,162,135
135,167,167,123,161,144
135,167,175,123,160,156
135,167,183,123,158,170
135,167,191,122,157,184
135,167,199,122,155,200
135,167,207,122,151,215
135,167,215,121,148,228
135,167,223,120,144,239
135,167,231,119,139,247
135,167,239,118,135,252
135,167,247,117,132,254
135,167,255,116,128,255
135,175,0,112,184,28
135,175,7,113,184,30
135,175,15,113,184,33
135,175,23,114,184,38
135,175,31,115,184,42
135,175,39,116,184,47
135,175,47,117,185,52
135,175,55,119,185,58
135,175,63,120,185,63
135,175,71,121,185,68
135,175,79,121,185,73
135,175,87,122,184,79
135,175,95,123,184,84
135,175,103,123,183,90
135,175,111,124,182,96
135,175,119,124,181,101
135,175,127,124,181,107
135,175,135,124,180,113
135,175,143,124,179,119
135,175,151,124,178,126
135,175,159,124,176,134
135,175,167,124,175,142
135,175,175,124,174,152
135,175,183,124,173,164
135,175,191,124,171,178
135,175,199,124,169,193
135,175,207,123,166,208
135,175,215,123,161,222
135,175,223,122,156,234
135,175,231,121,151,243
135,175,239,120,146,250
135,175,247,118,141,253
135,175,255,117,136,255
135,183,0,110,197,28
135,183,7,111,197,30
135,183,15,112,197,33
135,183,23,113,197,37
135,183,31,114,198,42
135,183,39,115,198,47
135,183,47,116,198,52
135,183,55,118,199,57
135,183,63,119,199,63
135,183,71,120,199,68
135,183,79,121,199,73
135,183,87,122,198,78
135,183,95,123,198,84
135,183,103,123,197,89
135,183,111,124,197,95
135,183,119,124,196,100
135,183,127,125,195,106
135,183,135,125,194,112
135,183,143,125,193,119
135,183,151,125,192,125
135,183,159,125,191,132
135,183,167,125,190,140
135,183,175,125,189,149
135,183,183,125,188,160
135,183,191,125,186,172
135,183,199,125,184,187
135,183,207,125,181,201
135,183,215,124,177,216
135,183,223,124,171,228
135,183,231,123,165,239
135,183,239,122,159,247
135,183,247,121,153,253
135,183,255,119,147,254
135,191,0,108,209,28
135,191,7,109,209,30
135,191,15,110,210,33
135,191,23,111,210,37
135,191,31,112,211,41
135,191,39,114,211,47
135,191,47,115,212,52
135,191,55,116,212,57
135,191,63,118,212,62
135,191,71,119,212,67
135,191,79,120,212,72
135,191,87,121,212,78
135,191,95,122,211,83
135,191,103,123,211,89
135,191,111,124,210,94
135,191,119,124,209,100
135,191,127,124,209,105
135,191,135,125,208,111
135,191,143,125,207,117
135,191,151,125,206,123
135,191,159,125,205,130
135,191,167,126,204,138
135,191,175,126,203,147
135,191,183,126,202,156
135,191,191,126,201,167
135,191,199,126,199,180
135,191,207,126,197,195
135,191,215,126,192,209
135,191,223,125,187,222
135,191,231,124,181,233
135,191,239,124,174,244
135,191,247,123,167,250
135,191,255,122,160,255
135,199,0,106,220,29
135,199,7,107,221,31
135,199,15,108,221,34
135,199,23,109,222,37
135,199,31,110,222,41
135,199,39,112,223,46
135,199,47,114,224,52
135,199,55,115,225,57
135,199,63,116,225,62
135,199,71,118,225,67
135,199,79,119,225,72
135,199,87,120,224,77
135,199,95,121,224,82
135,199,103,122,223,88
135,199,111,123,223,93
135,199,119,123,222,98
135,199,127,124,222,104
135,199,135,124,221,110
135,199,143,125,221,116
135,199,151,125,220,122
135,199,159,125,219,128
135,199,167,126,218,136
135,199,175,126,217,144
135,199,183,126,217,152
135,199,191,127,216,163
135,199,199,127,215,174
135,199,207,127,212,187
135,199,215,127,209,201
135,199,223,127,204,215
135,199,231,126,198,229
135,199,239,125,190,240
135,199,247,124,182,249
135,199,255,123,174,253
135,207,0,104,230,29
135,207,7,105,230,32
135,207,15,106,231,34
135,207,23,107,231,38
135,207,31,108,232,41
135,207,39,110,233,46
135,207,47,111,233,51
135,207,55,113,234,56
135,207,63,115,235,61
135,207,71,116,235,66
135,207,79,117,236,71
135,207,87,118,236,76
135,207,95,119,236,82
135,207,103,120,236,87
135,207,111,121,235,92
135,207,119,122,234,97
135,207,127,123,234,102
135,207,135,123,233,108
135,207,143,124,233,113
135,207,151,124,232,119
135,207,159,125,232,126
135,207,167,125,231,134
135,207,175,126,230,141
135,207,183,126,230,149
135,207,191,126,229,157
135,207,199,127,229,168
135,207,207,127,228,181
135,207,215,127,225,194
135,207,223,127,220,208
135,207,231,127,215,222
135,207,239,127,208,235
135,207,247,127,200,246
135,207,255,125,192,253
135,215,0,103,238,30
135,215,7,103,238,32
135,215,15,104,239,34
135,215,23,106,239,38
135,215,31,107,240,43
135,215,39,108,241,46
135,215,47,110,241,51
135,215,55,111,242,55
135,215,63,113,243,61
135,215,71,114,243,65
135,215,79,115,243,70
135,215,87,116,244,75
135,215,95,117,244,80
135,215,103,118,244,85
135,215,111,119,244,90
135,215,119,120,244,95
135,215,127,121,243,100
135,215,135,122,243,106
135,215,143,122,243,111
135,215,151,123,242,117
135,215,159,123,242,123
135,215,167,124,241,130
135,215,175,124,241,137
135,215,183,125,241,145
135,215,191,126,240,154
135,215,199,126,240,163
135,215,207,126,239,174
135,215,215,127,237,187
135,215,223,127,235,201
135,215,231,128,231,215
135,215,239,127,225,230
135,215,247,127,218,242
135,215,255,127,210,251
135,223,0,101,244,30
135,223,7,101,244,32
135,223,15,102,245,34
135,223,23,103,245,37
135,223,31,105,246,41
135,223,39,107,247,46
135,223,47,108,247,50
135,223,55,109,248,55
135,223,63,110,248,59
135,223,71,112,249,64
135,223,79,113,249,69
135,223,87,114,249,74
135,223,95,115,249,79
135,223,103,116,249,83
135,223,111,117,249,88
135,223,119,118,249,93
135,223,127,119,249,98
135,223,135,119,249,103
135,223,143,120,249,108
135,223,151,121,249,114
135,223,159,122,249,120
135,223,167,122,249,127
135,223,175,123,248,133
135,223,183,123,248,141
135,223,191,124,247,149
135,223,199,125,247,158
135,223,207,125,247,169
135,223,215,126,246,181
135,223,223,126,244,193
135,223,231,127,241,208
135,223,239,127,237,223
135,223,247,128,232,239
135,223,255,128,226,250
135,231,0,99,249,31
135,231,7,100,249,32
135,231,15,100,249,34
135,231,23,101,249,37
135,231,31,102,250,40
135,231,39,104,250,44
135,231,47,106,251,50
135,231,55,107,251,54
135,231,63,108,252,58
135,231,71,110,252,63
135,231,79,111,252,67
135,231,87,112,252,72
135,231,95,113,252,77
135,231,103,114,253,81
135,231,111,115,253,86
135,231,119,116,253,91
135,231,127,116,253,96
135,231,135,117,253,101
135,231,143,118,253,106
135,231,151,119,253,111
135,231,159,120,253,117
135,231,167,120,253,123
135,231,175,121,253,130
135,231,183,122,253,137
135,231,191,123,253,145
135,231,199,123,252,153
135,231,207,124,252,163
135,231,215,124,251,174
135,231,223,125,251,187
135,231,231,126,250,201
135,231,239,126,247,216
135,231,247,127,243,232
135,231,255,127,239,246
135,239,0,98,253,32
135,239,7,99,253,33
135,239,15,99,253,35
135,239,23,100,253,37
135,239,31,101,253,40
135,239,39,102,253,44
135,239,47,104,254,48
135,239,55,105,254,53
135,239,63,106,254,57
135,239,71,108,254,61
135,239,79,109,254,66
135,239,87,110,254,70
135,239,95,111,254,75
135,239,103,112,254,79
135,239,111,113,254,84
135,239,119,114,254,88
135,239,127,114,254,93
135,239,135,115,254,98
135,239,143,116,255,103
135,239,151,117,255,109
135,239,159,118,254,114
135,239,167,118,254,120
135,239,175,119,254,126
135,239,183,120,255,133
135,239,191,121,255,140
135,239,199,121,255,149
135,239,207,122,255,158
135,239,215,123,254,168
135,239,223,123,254,180
135,239,231,124,253,194
135,239,239,125,253,209
135,239,247,126,251,225
135,239,255,126,249,240
135,247,0,96,254,30
135,247,7,96,254,32
135,247,15,97,254,34
135,247,23,98,255,38
135,247,31,99,255,40
135,247,39,100,255,43
135,247,47,101,255,47
135,247,55,103,255,51
135,247,63,104,255,56
135,247,71,106,255,60
135,247,79,107,255,64
135,247,87,108,255,69
135,247,95,109,255,73
135,247,103,110,255,78
135,247,111,111,255,83
135,247,119,112,255,87
135,247,127,113,255,91
135,247,135,114,255,96
135,247,143,114,255,101
135,247,151,115,255,106
135,247,159,116,255,111
135,247,167,117,255,117
135,247,175,117,255,123
135,247,183,118,255,129
135,247,191,119,255,136
135,247,199,119,255,144
135,247,207,120,255,153
135,247,215,121,255,164
135,247,223,121,255,175
135,247,231,122,255,188
135,247,239,123,255,202
135,247,247,124,255,218
135,247,255,125,254,232
135,255,0,95,254,31
135,255,7,95,255,32
135,255,15,96,255,34
135,255,23,96,255,36
135,255,31,97,255,40
135,255,39,99,255,43
135,255,47,100,255,46
135,255,55,101,255,50
135,255,63,102,255,54
135,255,71,104,255,58
135,255,79,105,255,62
135,255,87,106,255,67
135,255,95,107,255,72
135,255,103,108,255,76
135,255,111,110,255,81
135,255,119,111,255,86
135,255,127,112,255,90
135,255,135,113,255,95
135,255,143,113,255,99
135,255,151,114,255,104
135,255,159,115,255,109
135,255,167,115,255,115
135,255,175,116,255,121
135,255,183,116,255,127
135,255,191,117,255,134
135,255,199,118,255,141
135,255,207,118,255,149
135,255,215,119,255,159
135,255,223,120,255,170
135,255,231,120,255,183
135,255,239,121,255,196
135,255,247,122,255,210
135,255,255,123,255,224
143,0,0,129,1,19
143,0,7,129,1,25
143,0,15,129,1,33
143,0,23,129,1,40
143,0,31,129,2,48
143,0,39,128,2,56
143,0,47,127,1,63
143,0,55,127,1,71
143,0,63,126,1,80
143,0,71,125,1,90
143,0,79,124,2,101
143,0,87,123,3,114
143,0,95,121,4,129
143,0,103,120,5,145
143,0,111,119,6,163
143,0,119,117,8,181
143,0,127,116,9,198
143,0,135,114,12,211
143,0,143,111,15,222
143,0,151,108,19,229
143,0,159,106,23,233
143,0,167,103,26,236
143,0,175,100,29,238
143,0,183,98,31,240
143,0,191,95,33,242
143,0,199,93,34,244
143,0,207,91,35,246
143,0,215,89,37,248
143,0,223,87,38,249
143,0,231,86,38,251
143,0,239,84,39,253
143,0,247,83,39,254
143,0,255,81,39,255
143,7,0,128,2,19
143,7,7,128,2,25
143,7,15,129,3,33
143,7,23,129,3,40
143,7,31,128,3,47
143,7,39,128,3,55
143,7,47,127,3,63
143,7,55,126,3,71
143,7,63,125,3,79
143,7,71,124,2,89
143,7,79,123,3,99
143,7,87,122,4,111
143,7,95,121,5,125
143,7,103,120,7,141
143,7,111,119,8,159
143,7,119,118,9,177
143,7,127,116,11,194
143,7,135,114,14,208
143,7,143,112,18,219
143,7,151,109,22,227
143,7,159,106,26,232
143,7,167,104,30,235
143,7,175,101,33,237
143,7,183,99,35,239
143,7,191,96,37,241
143,7,199,94,38,243
143,7,207,92,38,246
143,7,215,90,39,247
143,7,223,88,41,249
143,7,231,87,42,251
143,7,239,85,42,252
143,7,247,84,42,254
143,7,255,82,42,254
143,15,0,127,4,19
143,15,7,128,4,25
143,15,15,128,4,32
143,15,23,128,5,39
143,15,31,127,5,47
143,15,39,127,5,55
143,15,47,126,5,62
143,15,55,125,5,70
143,15,63,125,5,78
143,15,71,124,5,88
143,15,79,123,6,97
143,15,87,122,7,109
143,15,95,121,8,122
143,15,103,120,9,136
143,15,111,119,10,155
143,15,119,118,12,173
143,15,127,117,14,190
143,15,135,115,17,204
143,15,143,113,21,216
143,15,151,110,25,224
143,15,159,107,29,231
143,15,167,105,33,234
143,15,175,102,37,237
143,15,183,100,39,239
143,15,191,97,41,241
143,15,199,95,41,243
143,15,207,93,42,245
143,15,215,91,43,247
143,15,223,90,44,249
143,15,231,88,46,251
143,15,239,87,46,252
143,15,247,85,45,253
143,15,255,83,45,254
143,23,0,126,6,19
143,23,7,126,7,25
143,23,15,127,7,32
143,23,23,126,8,39
143,23,31,126,8,46
143,23,39,126,9,54
143,23,47,125,9,61
143,23,55,125,10,69
143,23,63,124,10,77
143,23,71,123,10,86
143,23,79,123,10,95
143,23,87,122,11,106
143,23,95,121,12,118
143,23,103,120,13,132
143,23,111,119,14,149
143,23,119,118,15,166
143,23,127,117,18,184
143,23,135,115,21,199
143,23,143,113,25,212
143,23,151,111,29,221
143,23,159,108,33,229
143,23,167,106,37,233
143,23,175,103,41,236
143,23,183,101,45,238
143,23,191,99,46,241
143,23,199,97,46,243
143,23,207,95,47,245
143,23,215,93,47,247
143,23,223,91,48,249
143,23,231,89,49,251
143,23,239,88,50,252
143,23,247,86,50,253
143,23,255,85,49,254
143,31,0,124,11,19
143,31,7,125,11,25
143,31,15,125,12,32
143,31,23,125,13,38
143,31,31,125,14,45
143,31,39,124,14,52
143,31,47,124,15,60
143,31,55,123,15,67
143,31,63,123,16,75
143,31,71,123,16,83
143,31,79,122,16,93
143,31,87,122,16,103
143,31,95,121,17,115
143,31,103,121,18,128
143,31,111,120,19,143
143,31,119,119,20,160
143,31,127,118,23,176
143,31,135,116,26,191
143,31,143,114,30,206
143,31,151,112,34,217
143,31,159,110,38,226
143,31,167,107,42,232
143,31,175,105,46,236
143,31,183,103,48,239
143,31,191,100,51,241
143,31,199,98,53,243
143,31,207,96,53,245
143,31,215,94,53,247
143,31,223,93,53,249
143,31,231,91,53,250
143,31,239,90,54,252
143,31,247,88,55,253
143,31,255,87,55,254
143,39,0,123,17,19
143,39,7,124,18,25
143,39,15,124,19,31
143,39,23,124,19,38
143,39,31,124,20,44
143,39,39,124,21,51
143,39,47,123,22,58
143,39,55,123,22,66
143,39,63,122,23,73
143,39,71,122,23,81
143,39,79,121,23,90
143,39,87,121,23,99
143,39,95,121,24,111
143,39,103,121,24,123
143,39,111,120,25,137
143,39,119,119,26,153
143,39,127,118,28,169
143,39,135,117,31,184
143,39,143,115,35,199
143,39,151,114,40,211
143,39,159,111,44,221
143,39,167,109,47,230
143,39,175,106,50,235
143,39,183,104,52,239
143,39,191,102,55,241
143,39,199,100,57,243
143,39,207,98,59,245
143,39,215,96,59,247
143,39,223,94,59,249
143,39,231,93,58,250
143,39,239,91,58,252
143,39,247,90,59,253
143,39,255,89,59,254
143,47,0,122,25,19
143,47,7,123,26,24
143,47,15,123,27,30
143,47,23,123,27,37
143,47,31,123,28,44
143,47,39,123,29,50
143,47,47,122,29,57
143,47,55,122,30,64
143,47,63,122,30,71
143,47,71,122,30,79
143,47,79,121,30,87
143,47,87,121,31,96
143,47,95,121,31,107
143,47,103,121,31,118
143,47,111,120,32,131
143,47,119,120,33,146
143,47,127,119,34,162
143,47,135,118,37,177
143,47,143,117,40,192
143,47,151,115,44,206
143,47,159,113,47,218
143,47,167,110,51,229
143,47,175,108,54,235
143,47,183,106,57,240
143,47,191,104,59,242
143,47,199,102,61,244
143,47,207,100,62,246
143,47,215,98,63,247
143,47,223,96,64,249
143,47,231,95,63,250
143,47,239,93,63,252
143,47,247,92,63,253
143,47,255,91,63,254
143,55,0,122,34,19
143,55,7,122,35,24
143,55,15,122,35,30
143,55,23,123,36,37
143,55,31,123,36,43
143,55,39,122,37,49
143,55,47,122,38,56
143,55,55,122,38,62
143,55,63,121,38,69
143,55,71,121,38,77
143,55,79,121,38,85
143,55,87,121,38,93
143,55,95,121,38,103
143,55,103,121,39,114
143,55,111,120,39,127
143,55,119,120,40,140
143,55,127,119,41,154
143,55,135,118,43,170
143,55,143,117,45,185
143,55,151,116,48,201
143,55,159,114,52,214
143,55,167,112,55,226
143,55,175,110,57,234
143,55,183,107,60,240
143,55,191,105,62,243
143,55,199,103,64,244
143,55,207,102,65,246
143,55,215,100,66,247
143,55,223,98,67,249
143,55,231,96,67,251
143,55,239,95,67,252
143,55,247,94,67,253
143,55,255,92,66,254
143,63,0,122,43,19
143,63,7,122,43,24
143,63,15,122,44,29
143,63,23,122,44,36
143,63,31,122,45,42
143,63,39,122,45,49
143,63,47,122,46,55
143,63,55,122,46,61
143,63,63,121,46,68
143,63,71,121,46,75
143,63,79,121,46,82
143,63,87,121,46,91
143,63,95,121,46,100
143,63,103,120,47,110
143,63,111,120,46,122
143,63,119,120,47,134
143,63,127,120,47,148
143,63,135,119,49,163
143,63,143,118,51,179
143,63,151,117,53,195
143,63,159,115,56,210
143,63,167,113,59,223
143,63,175,111,61,234
143,63,183,109,63,239
143,63,191,107,66,243
143,63,199,105,67,245
143,63,207,103,69,246
143,63,215,101,69,248
143,63,223,100,69,249
143,63,231,98,69,251
143,63,239,96,69,252
143,63,247,95,69,253
143,63,255,94,69,254
143,71,0,122,52,19
143,71,7,122,52,25
143,71,15,122,53,29
143,71,23,122,53,35
143,71,31,122,53,42
143,71,39,122,53,48
143,71,47,122,54,54
143,71,55,122,54,60
143,71,63,121,54,67
143,71,71,121,55,74
143,71,79,121,54,81
143,71,87,121,54,88
143,71,95,121,54,97
143,71,103,121,54,106
143,71,111,120,54,117
143,71,119,120,54,129
143,71,127,120,54,142
143,71,135,119,55,155
143,71,143,119,57,172
143,71,151,118,59,188
143,71,159,117,61,205
143,71,167,115,63,220
143,71,175,113,65,232
143,71,183,111,67,240
143,71,191,109,69,243
143,71,199,107,70,245
143,71,207,105,71,246
143,71,215,103,72,248
143,71,223,101,72,249
143,71,231,99,72,251
143,71,239,98,72,252
143,71,247,97,72,253
143,71,255,96,71,254
143,79,0,122,61,19
143,79,7,122,61,25
143,79,15,123,61,30
143,79,23,123,61,35
143,79,31,123,62,42
143,79,39,122,62,47
143,79,47,122,62,53
143,79,55,122,63,59
143,79,63,122,63,66
143,79,71,121,63,72
143,79,79,121,63,79
143,79,87,121,63,86
143,79,95,121,62,94
143,79,103,120,62,103
143,79,111,120,62,112
143,79,119,120,62,123
143,79,127,120,62,135
143,79,135,120,62,149
143,79,143,119,63,164
143,79,151,119,65,181
143,79,159,118,66,198
143,79,167,116,68,215
143,79,175,115,69,228
143,79,183,113,71,238
143,79,191,111,72,242
143,79,199,109,74,245
143,79,207,107,74,247
143,79,215,105,75,248
143,79,223,103,75,250
143,79,231,101,74,251
143,79,239,99,74,253
143,79,247,98,74,253
143,79,255,97,74,254
143,87,0,122,70,20
143,87,7,122,70,25
143,87,15,123,70,30
143,87,23,123,70,35
143,87,31,123,70,41
143,87,39,123,71,47
143,87,47,123,71,53
143,87,55,122,71,58
143,87,63,122,71,65
143,87,71,122,71,71
143,87,79,121,71,78
143,87,87,121,71,85
143,87,95,121,71,92
143,87,103,121,71,100
143,87,111,121,70,108
143,87,119,120,70,118
143,87,127,120,70,130
143,87,135,120,70,142
143,87,143,120,70,157
143,87,151,120,71,173
143,87,159,119,72,190
143,87,167,118,73,208
143,87,175,116,74,224
143,87,183,114,75,234
143,87,191,112,76,242
143,87,199,111,77,245
143,87,207,109,78,247
143,87,215,107,78,248
143,87,223,105,78,250
143,87,231,103,77,251
143,87,239,101,77,253
143,87,247,100,76,253
143,87,255,98,76,254
143,95,0,122,79,20
143,95,7,123,79,24
143,95,15,123,79,29
143,95,23,123,79,36
143,95,31,123,79,41
143,95,39,123,79,47
143,95,47,123,80,52
143,95,55,123,80,58
143,95,63,122,80,64
143,95,71,122,80,70
143,95,79,122,80,76
143,95,87,122,80,83
143,95,95,122,79,90
143,95,103,121,79,97
143,95,111,121,79,105
143,95,119,121,78,114
143,95,127,121,78,124
143,95,135,121,78,136
143,95,143,121,78,150
143,95,151,120,78,165
143,95,159,120,79,182
143,95,167,119,79,199
143,95,175,118,80,216
143,95,183,116,81,230
143,95,191,114,81,239
143,95,199,112,82,245
143,95,207,110,82,247
143,95,215,108,82,249
143,95,223,106,81,250
143,95,231,104,81,252
143,95,239,103,80,253
143,95,247,102,80,254
143,95,255,100,79,254
143,103,0,123,87,21
143,103,7,123,87,25
143,103,15,123,87,29
143,103,23,123,88,35
143,103,31,124,88,41
143,103,39,124,88,47
143,103,47,124,88,52
143,103,55,123,88,58
143,103,63,123,88,63
143,103,71,123,88,69
143,103,79,122,88,75
143,103,87,122,88,82
143,103,95,122,88,88
143,103,103,122,88,96
143,103,111,122,87,103
143,103,119,122,87,111
143,103,127,122,86,120
143,103,135,121,86,131
143,103,143,121,86,143
143,103,151,121,86,158
143,103,159,121,86,174
143,103,167,120,86,192
143,103,175,119,86,209
143,103,183,118,87,225
143,103,191,116,87,235
143,103,199,114,87,243
143,103,207,112,87,247
143,103,215,110,86,249
143,103,223,108,86,251
143,103,231,106,85,252
143,103,239,105,84,253
143,103,247,104,84,253
143,103,255,103,83,254
143,111,0,123,96,22
143,111,7,123,96,26
143,111,15,123,96,30
143,111,23,124,96,35
143,111,31,124,96,42
143,111,39,124,96,47
143,111,47,124,97,52
143,111,55,124,97,58
143,111,63,124,97,63
143,111,71,123,97,69
143,111,79,123,97,75
143,111,87,123,96,81
143,111,95,123,96,88
143,111,103,123,96,94
143,111,111,123,95,101
143,111,119,123,95,108
143,111,127,122,94,116
143,111,135,122,94,126
143,111,143,122,94,138
143,111,151,122,93,151
143,111,159,122,93,167
143,111,167,121,93,184
143,111,175,121,93,202
143,111,183,120,93,217
143,111,191,118,93,231
143,111,199,116,92,239
143,111,207,114,92,247
143,111,215,112,91,249
143,111,223,110,90,251
143,111,231,109,89,252
143,111,239,107,88,253
143,111,247,105,87,253
143,111,255,104,85,253
143,119,0,123,105,23
143,119,7,123,105,27
143,119,15,124,105,31
143,119,23,124,105,35
143,119,31,124,105,41
143,119,39,124,105,48
143,119,47,124,105,53
143,119,55,124,105,58
143,119,63,124,105,63
143,119,71,124,105,69
143,119,79,124,105,75
143,119,87,124,105,81
143,119,95,124,104,87
143,119,103,124,104,93
143,119,111,124,104,100
143,119,119,123,103,107
143,119,127,123,102,114
143,119,135,123,102,123
143,119,143,123,101,132
143,119,151,123,101,145
143,119,159,123,100,160
143,119,167,123,100,176
143,119,175,122,100,193
143,119,183,121,100,210
143,119,191,120,99,224
143,119,199,118,98,236
143,119,207,116,97,243
143,119,215,114,97,249
143,119,223,113,95,251
143,119,231,111,94,253
143,119,239,109,93,253
143,119,247,108,92,254
143,119,255,106,90,253
143,127,0,123,114,23
143,127,7,123,114,27
143,127,15,124,114,32
143,127,23,124,114,37
143,127,31,124,114,42
143,127,39,125,114,47
143,127,47,125,114,53
143,127,55,125,114,58
143,127,63,125,114,63
143,127,71,125,114,69
143,127,79,125,114,75
143,127,87,125,113,81
143,127,95,125,113,86
143,127,103,125,112,93
143,127,111,125,112,99
143,127,119,125,111,105
143,127,127,124,110,112
143,127,135,124,110,120
143,127,143,124,109,129
143,127,151,123,108,140
143,127,159,123,108,153
143,127,167,123,108,169
143,127,175,123,107,186
143,127,183,122,107,203
143,127,191,121,106,218
143,127,199,120,105,231
143,127,207,118,104,240
143,127,215,117,102,247
143,127,223,115,101,251
143,127,231,113,100,253
143,127,239,111,98,254
143,127,247,110,98,254
143,127,255,110,97,254
143,135,0,122,123,23
143,135,7,122,123,27
143,135,15,123,123,31
143,135,23,124,123,38
143,135,31,124,123,43
143,135,39,125,123,47
143,135,47,125,123,53
143,135,55,125,123,58
143,135,63,126,123,63
143,135,71,126,123,69
143,135,79,126,123,75
143,135,87,126,122,80
143,135,95,126,122,86
143,135,103,126,121,92
143,135,111,126,120,98
143,135,119,126,120,104
143,135,127,125,119,111
143,135,135,125,118,118
143,135,143,125,117,126
143,135,151,124,117,137
143,135,159,124,116,149
143,135,167,124,116,162
143,135,175,124,115,179
143,135,183,123,115,196
143,135,191,123,113,212
143,135,199,122,112,226
143,135,207,120,110,238
143,135,215,119,109,245
143,135,223,117,107,250
143,135,231,115,106,252
143,135,239,113,104,254
143,135,247,112,102,254
143,135,255,111,101,253
143,143,0,121,132,24
143,143,7,122,132,27
143,143,15,123,132,31
143,143,23,123,132,36
143,143,31,124,133,44
143,143,39,125,133,48
143,143,47,125,133,53
143,143,55,126,133,58
143,143,63,126,133,64
143,143,71,126,133,69
143,143,79,127,132,75
143,143,87,127,132,81
143,143,95,127,131,86
143,143,103,127,131,92
143,143,111,127,130,98
143,143,119,127,129,104
143,143,127,126,128,110
143,143,135,126,127,117
143,143,143,126,126,124
143,143,151,125,125,133
143,143,159,125,125,144
143,143,167,125,124,157
143,143,175,125,124,172
143,143,183,125,123,189
143,143,191,124,122,205
143,143,199,123,120,221
143,143,207,122,118,233
143,143,215,120,116,243
143,143,223,119,114,248
143,143,231,117,112,252
143,143,239,116,110,254
143,143,247,114,108,254
143,143,255,112,106,254
143,151,0,121,143,26
143,151,7,122,143,28
143,151,15,122,143,32
143,151,23,123,143,36
143,151,31,124,143,42
143,151,39,125,143,49
143,151,47,125,143,53
143,151,55,126,144,58
143,151,63,126,144,64
143,151,71,127,143,69
143,151,79,127,143,75
143,151,87,127,142,80
143,151,95,128,142,86
143,151,103,128,141,92
143,151,111,128,140,98
143,151,119,127,139,103
143,151,127,127,138,109
143,151,135,127,137,116
143,151,143,127,136,123
143,151,151,127,135,131
143,151,159,126,134,141
143,151,167,126,134,152
143,151,175,126,133,167
143,151,183,126,132,182
143,151,191,125,131,198
143,151,199,125,129,214
143,151,207,124,127,229
143,151,215,122,125,238
143,151,223,121,122,247
143,151,231,119,120,250
143,151,239,118,117,254
143,151,247,116,114,254
143,151,255,114,112,255
143,159,0,120,154,27
143,159,7,121,154,30
143,159,15,122,154,33
143,159,23,122,154,37
143,159,31,123,154,42
143,159,39,124,155,48
143,159,47,125,155,54
143,159,55,126,155,59
143,159,63,126,155,64
143,159,71,127,154,69
143,159,79,128,154,75
143,159,87,128,154,80
143,159,95,128,153,86
143,159,103,128,153,92
143,159,111,128,152,97
143,159,119,128,151,103
143,159,127,128,150,109
143,159,135,128,148,115
143,159,143,128,148,122
143,159,151,128,147,129
143,159,159,127,146,138
143,159,167,127,145,149
143,159,175,127,144,161
143,159,183,127,143,175
143,159,191,127,142,191
143,159,199,126,140,207
143,159,207,125,137,222
143,159,215,124,135,235
143,159,223,123,131,243
143,159,231,121,128,249
143,159,239,120,125,252
143,159,247,119,123,255
143,159,255,117,119,255
143,167,0,119,166,28
143,167,7,120,166,31
143,167,15,121,166,34
143,167,23,121,166,38
143,167,31,122,166,43
143,167,39,123,166,48
143,167,47,124,167,53
143,167,55,125,167,59
143,167,63,126,167,64
143,167,71,127,167,69
143,167,79,127,166,75
143,167,87,128,166,80
143,167,95,128,165,86
143,167,103,129,164,92
143,167,111,129,163,97
143,167,119,129,163,103
143,167,127,129,162,109
143,167,135,129,161,115
143,167,143,129,160,121
143,167,151,129,159,128
143,167,159,129,158,136
143,167,167,128,157,145
143,167,175,128,156,157
143,167,183,128,155,170
143,167,191,128,154,185
143,167,199,127,152,200
143,167,207,127,149,216
143,167,215,126,146,229
143,167,223,125,142,239
143,167,231,123,138,247
143,167,239,122,134,252
143,167,247,121,131,254
143,167,255,119,128,255
143,175,0,118,178,28
143,175,7,119,178,31
143,175,15,119,179,34
143,175,23,120,179,38
143,175,31,121,179,44
143,175,39,122,179,48
143,175,47,123,179,53
143,175,55,124,180,59
143,175,63,125,180,64
143,175,71,126,180,69
143,175,79,127,179,74
143,175,87,128,179,80
143,175,95,129,179,86
143,175,103,129,178,91
143,175,111,129,178,97
143,175,119,129,177,102
143,175,127,130,176,108
143,175,135,130,175,114
143,175,143,130,174,121
143,175,151,130,173,127
143,175,159,130,172,135
143,175,167,129,171,143
143,175,175,129,170,153
143,175,183,129,169,166
143,175,191,129,167,179
143,175,199,129,166,194
143,175,207,128,162,209
143,175,215,128,159,223
143,175,223,127,154,235
143,175,231,125,149,244
143,175,239,124,144,250
143,175,247,122,140,254
143,175,255,121,135,255
143,183,0,117,191,29
143,183,7,117,191,31
143,183,15,118,192,34
143,183,23,119,192,38
143,183,31,120,192,43
143,183,39,121,193,49
143,183,47,122,193,53
143,183,55,123,193,58
143,183,63,125,194,64
143,183,71,126,194,69
143,183,79,127,193,74
143,183,87,128,193,80
143,183,95,128,193,85
143,183,103,129,192,91
143,183,111,130,191,96
143,183,119,130,190,102
143,183,127,130,190,108
143,183,135,130,189,113
143,183,143,130,188,120
143,183,151,130,187,126
143,183,159,130,186,133
143,183,167,131,185,141
143,183,175,131,184,150
143,183,183,131,183,161
143,183,191,131,182,173
143,183,199,130,180,188
143,183,207,130,177,203
143,183,215,129,174,217
143,183,223,129,169,229
143,183,231,127,163,240
143,183,239,126,157,247
143,183,247,125,152,253
143,183,255,123,146,255
143,191,0,115,204,29
143,191,7,115,204,31
143,191,15,116,204,34
143,191,23,117,205,37
143,191,31,118,205,42
143,191,39,119,206,48
143,191,47,121,206,53
143,191,55,122,207,58
143,191,63,123,207,63
143,191,71,125,207,69
143,191,79,126,207,74
143,191,87,127,207,79
143,191,95,128,206,85
143,191,103,129,206,90
143,191,111,129,205,96
143,191,119,130,204,101
143,191,127,130,204,107
143,191,135,130,203,113
143,191,143,131,202,119
143,191,151,131,202,125
143,191,159,131,201,132
143,191,167,131,200,140
143,191,175,131,199,148
143,191,183,132,198,158
143,191,191,132,197,169
143,191,199,132,196,181
143,191,207,132,193,196
143,191,215,131,189,210
143,191,223,131,184,223
143,191,231,130,178,234
143,191,239,128,172,244
143,191,247,127,165,250
143,191,255,126,158,254
143,199,0,112,215,30
143,199,7,113,216,32
143,199,15,114,216,35
143,199,23,115,217,38
143,199,31,116,217,42
143,199,39,117,218,47
143,199,47,119,219,52
143,199,55,121,220,58
143,199,63,122,220,63
143,199,71,123,220,68
143,199,79,125,220,73
143,199,87,126,220,79
143,199,95,127,220,84
143,199,103,128,219,89
143,199,111,129,219,95
143,199,119,129,218,100
143,199,127,130,218,106
143,199,135,130,217,111
143,199,143,131,216,117
143,199,151,131,215,124
143,199,159,131,215,131
143,199,167,131,214,138
143,199,175,132,213,146
143,199,183,132,213,155
143,199,191,132,212,164
143,199,199,132,211,176
143,199,207,133,209,189
143,199,215,133,206,204
143,199,223,132,201,217
143,199,231,131,195,230
143,199,239,130,188,240
143,199,247,130,180,250
143,199,255,128,172,253
143,207,0,110,226,30
143,207,7,111,226,32
143,207,15,112,227,35
143,207,23,113,228,39
143,207,31,114,228,43
143,207,39,115,229,47
143,207,47,117,230,52
143,207,55,119,231,57
143,207,63,120,232,62
143,207,71,122,232,67
143,207,79,123,232,73
143,207,87,124,232,78
143,207,95,125,232,83
143,207,103,126,232,88
143,207,111,127,231,94
143,207,119,128,231,99
143,207,127,129,230,104
143,207,135,129,230,110
143,207,143,130,230,116
143,207,151,131,229,122
143,207,159,131,229,129
143,207,167,131,228,136
143,207,175,131,227,143
143,207,183,132,227,151
143,207,191,132,226,160
143,207,199,133,226,171
143,207,207,133,225,183
143,207,215,133,222,196
143,207,223,133,217,210
143,207,231,133,212,224
143,207,239,133,206,237
143,207,247,131,198,246
143,207,255,130,190,253
143,215,0,108,234,30
143,215,7,109,235,32
143,215,15,109,235,35
143,215,23,111,236,38
143,215,31,112,237,43
143,215,39,114,237,47
143,215,47,115,238,52
143,215,55,117,239,56
143,215,63,118,240,62
143,215,71,120,241,67
143,215,79,121,241,72
143,215,87,122,241,77
143,215,95,123,242,82
143,215,103,124,242,87
143,215,111,125,242,92
143,215,119,126,241,98
143,215,127,127,241,103
143,215,135,128,240,108
143,215,143,128,240,114
143,215,151,129,240,120
143,215,159,130,239,126
143,215,167,130,239,133
143,215,175,131,239,141
143,215,183,131,238,148
143,215,191,132,238,156
143,215,199,132,238,166
143,215,207,133,237,177
143,215,215,133,236,190
143,215,223,134,233,204
143,215,231,134,228,218
143,215,239,133,222,232
143,215,247,133,215,244
143,215,255,132,207,251
143,223,0,106,242,30
143,223,7,106,242,32
143,223,15,107,242,34
143,223,23,108,243,37
143,223,31,110,243,42
143,223,39,112,244,47
143,223,47,113,245,52
143,223,55,114,246,56
143,223,63,116,246,61
143,223,71,118,247,66
143,223,79,119,247,70
143,223,87,120,247,75
143,223,95,121,248,80
143,223,103,122,248,85
143,223,111,123,248,90
143,223,119,124,248,96
143,223,127,125,248,101
143,223,135,126,248,106
143,223,143,127,248,112
143,223,151,127,248,117
143,223,159,128,247,123
143,223,167,129,247,130
143,223,175,129,246,137
143,223,183,130,246,144
143,223,191,131,246,153
143,223,199,131,246,162
143,223,207,132,246,172
143,223,215,132,244,184
143,223,223,133,242,197
143,223,231,133,240,211
143,223,239,134,236,226
143,223,247,133,230,240
143,223,255,133,224,251
143,231,0,104,247,31
143,231,7,104,247,32
143,231,15,105,247,34
143,231,23,106,248,37
143,231,31,107,248,41
143,231,39,109,249,45
143,231,47,111,250,50
143,231,55,112,250,55
143,231,63,114,251,60
143,231,71,115,251,64
143,231,79,116,252,69
143,231,87,117,252,74
143,231,95,119,252,79
143,231,103,120,252,84
143,231,111,121,252,89
143,231,119,122,252,94
143,231,127,123,252,98
143,231,135,124,252,104
143,231,143,125,252,109
143,231,151,125,252,115
143,231,159,126,252,121
143,231,167,127,252,127
143,231,175,128,252,134
143,231,183,128,252,141
143,231,191,129,251,148
143,231,199,130,251,157
143,231,207,130,251,167
143,231,215,131,251,179
143,231,223,132,250,191
143,231,231,132,248,204
143,231,239,133,245,219
143,231,247,133,242,234
143,231,255,134,238,248
143,239,0,102,251,32
143,239,7,103,251,34
143,239,15,104,251,36
143,239,23,104,251,38
143,239,31,105,252,41
143,239,39,107,252,44
143,239,47,108,252,49
143,239,55,110,253,54
143,239,63,112,253,58
143,239,71,113,253,63
143,239,79,114,254,68
143,239,87,115,254,72
143,239,95,116,254,77
143,239,103,118,254,82
143,239,111,119,254,87
143,239,119,120,254,92
143,239,127,121,254,97
143,239,135,121,254,101
143,239,143,122,254,107
143,239,151,123,254,112
143,239,159,124,254,118
143,239,167,125,254,124
143,239,175,126,254,130
143,239,183,126,255,137
143,239,191,127,255,145
143,239,199,128,254,153
143,239,207,129,254,162
143,239,215,129,254,173
143,239,223,130,254,185
143,239,231,131,253,198
143,239,239,132,253,212
143,239,247,132,251,228
143,239,255,132,248,241
143,247,0,100,253,31
143,247,7,101,253,33
143,247,15,102,254,35
143,247,23,103,254,38
143,247,31,104,254,41
143,247,39,105,254,44
143,247,47,106,254,48
143,247,55,108,255,52
143,247,63,109,255,57
143,247,71,111,255,62
143,247,79,112,255,66
143,247,87,113,255,71
143,247,95,115,255,76
143,247,103,116,255,80
143,247,111,117,255,85
143,247,119,118,255,90
143,247,127,119,255,94
143,247,135,120,255,99
143,247,143,121,255,104
143,247,151,122,255,110
143,247,159,122,255,115
143,247,167,123,255,121
143,247,175,124,255,127
143,247,183,125,255,133
143,247,191,125,255,141
143,247,199,126,255,149
143,247,207,127,255,158
143,247,215,128,255,168
143,247,223,128,255,179
143,247,231,129,255,191
143,247,239,130,255,206
143,247,247,130,255,221
143,247,255,131,254,236
143,255,0,99,254,31
143,255,7,99,254,33
143,255,15,100,254,34
143,255,23,101,255,37
143,255,31,102,255,40
143,255,39,103,255,44
143,255,47,104,255,48
143,255,55,105,255,51
143,255,63,107,255,55
143,255,71,108,255,60
143,255,79,110,255,64
143,255,87,111,255,69
143,255,95,113,255,74
143,255,103,114,255,79
143,255,111,115,255,84
143,255,119,117,255,89
143,255,127,118,255,93
143,255,135,119,255,98
143,255,143,119,255,102
143,255,151,120,255,108
143,255,159,121,255,113
143,255,167,122,255,119
143,255,175,122,255,125
143,255,183,123,255,131
143,255,191,123,255,138
143,255,199,124,255,145
143,255,207,125,255,154
143,255,215,125,255,163
143,255,223,126,255,174
143,255,231,127,255,187
143,255,239,128,255,200
143,255,247,129,255,214
143,255,255,129,255,228
151,0,0,136,0,20
151,0,7,136,1,26
151,0,15,137,1,34
151,0,23,137,1,41
151,0,31,136,1,49
151,0,39,136,2,56
151,0,47,135,2,64
151,0,55,134,3,72
151,0,63,133,3,80
151,0,71,132,3,90
151,0,79,132,4,101
151,0,87,131,4,114
151,0,95,130,5,128
151,0,103,129,5,145
151,0,111,127,6,163
151,0,119,126,6,180
151,0,127,124,8,196
151,0,135,122,12,210
151,0,143,119,16,221
151,0,151,116,20,229
151,0,159,113,24,233
151,0,167,110,27,236
151,0,175,107,30,238
151,0,183,104,32,240
151,0,191,101,34,242
151,0,199,98,35,244
151,0,207,96,36,246
151,0,215,94,38,247
151,0,223,92,39,249
151,0,231,90,39,251
151,0,239,88,39,253
151,0,247,87,39,254
151,0,255,85,40,255
151,7,0,135,1,20
151,7,7,135,2,26
151,7,15,136,2,33
151,7,23,136,2,41
151,7,31,136,2,48
151,7,39,135,3,56
151,7,47,134,3,63
151,7,55,134,4,71
151,7,63,133,4,79
151,7,71,132,4,89
151,7,79,131,5,100
151,7,87,130,6,111
151,7,95,130,6,126
151,7,103,128,7,142
151,7,111,127,7,159
151,7,119,126,8,177
151,7,127,124,10,193
151,7,135,122,14,208
151,7,143,119,18,219
151,7,151,117,23,227
151,7,159,114,27,232
151,7,167,111,31,235
151,7,175,107,34,237
151,7,183,104,35,239
151,7,191,102,37,242
151,7,199,99,38,243
151,7,207,97,39,245
151,7,215,95,41,247
151,7,223,93,42,249
151,7,231,91,42,251
151,7,239,89,42,253
151,7,247,88,42,254
151,7,255,86,42,255
151,15,0,134,3,20
151,15,7,135,3,26
151,15,15,135,4,33
151,15,23,135,4,40
151,15,31,135,5,48
151,15,39,134,5,55
151,15,47,134,6,62
151,15,55,133,6,70
151,15,63,132,6,78
151,15,71,131,6,87
151,15,79,131,7,97
151,15,87,130,8,109
151,15,95,129,9,122
151,15,103,128,9,138
151,15,111,127,10,155
151,15,119,126,11,173
151,15,127,124,13,189
151,15,135,123,17,204
151,15,143,120,21,216
151,15,151,117,26,225
151,15,159,114,31,231
151,15,167,111,35,234
151,15,175,108,37,237
151,15,183,105,39,239
151,15,191,103,40,241
151,15,199,100,41,243
151,15,207,98,42,245
151,15,215,96,44,247
151,15,223,94,46,249
151,15,231,92,46,251
151,15,239,90,45,252
151,15,247,89,45,254
151,15,255,87,45,255
151,23,0,133,6,20
151,23,7,133,6,26
151,23,15,134,7,33
151,23,23,134,8,40
151,23,31,134,8,47
151,23,39,133,9,54
151,23,47,133,9,62
151,23,55,132,10,69
151,23,63,131,10,77
151,23,71,131,10,85
151,23,79,130,10,95
151,23,87,129,11,105
151,23,95,129,12,118
151,23,103,128,13,133
151,23,111,127,14,149
151,23,119,126,15,167
151,23,127,125,17,183
151,23,135,123,20,199
151,23,143,121,25,212
151,23,151,118,29,222
151,23,159,115,34,228
151,23,167,112,39,233
151,23,175,109,42,236
151,23,183,106,44,239
151,23,191,104,45,241
151,23,199,101,46,243
151,23,207,99,47,245
151,23,215,97,48,247
151,23,223,95,49,249
151,23,231,93,50,251
151,23,239,92,50,252
151,23,247,90,50,253
151,23,255,89,50,254
151,31,0,132,10,20
151,31,7,132,11,26
151,31,15,132,11,32
151,31,23,133,12,39
151,31,31,132,13,46
151,31,39,132,14,53
151,31,47,132,15,61
151,31,55,131,15,68
151,31,63,131,15,75
151,31,71,130,15,83
151,31,79,130,16,92
151,31,87,129,16,103
151,31,95,129,17,114
151,31,103,128,18,128
151,31,111,128,19,142
151,31,119,127,20,159
151,31,127,125,22,176
151,31,135,124,25,192
151,31,143,122,29,206
151,31,151,119,34,218
151,31,159,117,38,225
151,31,167,114,42,232
151,31,175,111,46,236
151,31,183,108,49,239
151,31,191,105,51,241
151,31,199,103,52,243
151,31,207,101,52,245
151,31,215,98,53,247
151,31,223,97,54,249
151,31,231,95,54,250
151,31,239,93,55,252
151,31,247,92,56,253
151,31,255,90,55,254
151,39,0,130,16,20
151,39,7,131,17,25
151,39,15,131,18,31
151,39,23,131,19,39
151,39,31,131,20,45
151,39,39,131,21,52
151,39,47,131,22,59
151,39,55,130,22,66
151,39,63,130,22,74
151,39,71,130,22,81
151,39,79,129,22,90
151,39,87,129,23,100
151,39,95,129,23,111
151,39,103,128,24,123
151,39,111,128,25,137
151,39,119,127,26,153
151,39,127,126,28,168
151,39,135,124,31,183
151,39,143,123,35,198
151,39,151,120,39,211
151,39,159,118,43,222
151,39,167,115,46,230
151,39,175,112,50,235
151,39,183,109,53,239
151,39,191,107,56,242
151,39,199,104,58,243
151,39,207,102,58,245
151,39,215,100,58,247
151,39,223,98,59,249
151,39,231,96,59,250
151,39,239,95,59,252
151,39,247,94,60,253
151,39,255,92,60,254
151,47,0,129,24,20
151,47,7,130,25,25
151,47,15,130,26,31
151,47,23,131,27,38
151,47,31,131,28,45
151,47,39,130,28,51
151,47,47,130,29,58
151,47,55,130,30,65
151,47,63,129,30,72
151,47,71,129,30,79
151,47,79,129,31,87
151,47,87,128,31,96
151,47,95,128,31,107
151,47,103,128,31,119
151,47,111,128,31,132
151,47,119,127,32,146
151,47,127,126,34,161
151,47,135,125,36,176
151,47,143,124,40,191
151,47,151,122,44,205
151,47,159,119,48,217
151,47,167,116,51,228
151,47,175,114,54,235
151,47,183,111,56,239
151,47,191,108,59,242
151,47,199,106,61,244
151,47,207,104,63,245
151,47,215,102,64,247
151,47,223,100,64,249
151,47,231,98,63,251
151,47,239,97,63,252
151,47,247,95,63,253
151,47,255,94,63,254
151,55,0,129,33,20
151,55,7,130,34,26
151,55,15,130,34,31
151,55,23,130,35,37
151,55,31,130,36,44
151,55,39,130,36,50
151,55,47,129,37,57
151,55,55,129,38,63
151,55,63,129,38,70
151,55,71,129,38,77
151,55,79,128,38,85
151,55,87,128,38,94
151,55,95,128,38,103
151,55,103,128,39,114
151,55,111,128,39,126
151,55,119,127,39,140
151,55,127,127,40,154
151,55,135,126,42,169
151,55,143,124,45,185
151,55,151,123,48,200
151,55,159,121,51,214
151,55,167,118,54,225
151,55,175,115,57,235
151,55,183,112,60,239
151,55,191,110,62,243
151,55,199,108,64,244
151,55,207,105,66,246
151,55,215,103,67,247
151,55,223,101,67,249
151,55,231,100,67,251
151,55,239,98,67,252
151,55,247,97,67,253
151,55,255,96,67,254
151,63,0,128,42,20
151,63,7,129,42,26
151,63,15,129,43,31
151,63,23,129,43,37
151,63,31,130,44,44
151,63,39,129,45,50
151,63,47,129,45,56
151,63,55,129,46,62
151,63,63,128,46,69
151,63,71,128,46,76
151,63,79,128,46,83
151,63,87,128,46,91
151,63,95,128,46,100
151,63,103,128,46,110
151,63,111,128,46,122
151,63,119,127,46,135
151,63,127,127,47,148
151,63,135,126,48,162
151,63,143,125,51,178
151,63,151,124,53,194
151,63,159,122,56,209
151,63,167,119,58,223
151,63,175,117,61,233
151,63,183,114,63,240
151,63,191,112,66,243
151,63,199,109,67,245
151,63,207,107,69,246
151,63,215,105,70,248
151,63,223,103,70,249
151,63,231,101,70,251
151,63,239,100,70,252
151,63,247,98,70,253
151,63,255,97,69,254
151,71,0,128,51,20
151,71,7,129,51,26
151,71,15,129,51,31
151,71,23,129,52,37
151,71,31,129,52,43
151,71,39,129,53,49
151,71,47,129,53,55
151,71,55,129,54,61
151,71,63,128,54,68
151,71,71,128,54,74
151,71,79,128,54,81
151,71,87,128,54,89
151,71,95,128,54,97
151,71,103,127,54,107
151,71,111,127,54,117
151,71,119,127,54,129
151,71,127,127,54,141
151,71,135,126,55,156
151,71,143,126,56,171
151,71,151,125,58,188
151,71,159,123,60,204
151,71,167,121,63,220
151,71,175,119,65,231
151,71,183,116,67,240
151,71,191,113,69,243
151,71,199,111,71,245
151,71,207,109,71,246
151,71,215,107,72,248
151,71,223,105,72,249
151,71,231,103,72,251
151,71,239,101,72,252
151,71,247,100,72,253
151,71,255,99,72,254
151,79,0,128,60,20
151,79,7,129,60,25
151,79,15,129,60,31
151,79,23,129,60,37
151,79,31,129,61,42
151,79,39,129,61,49
151,79,47,129,62,54
151,79,55,129,62,60
151,79,63,128,62,66
151,79,71,128,62,73
151,79,79,128,62,80
151,79,87,128,62,87
151,79,95,128,62,95
151,79,103,127,62,103
151,79,111,127,61,113
151,79,119,127,61,123
151,79,127,127,61,136
151,79,135,127,62,149
151,79,143,126,63,163
151,79,151,125,64,180
151,79,159,124,66,197
151,79,167,122,67,214
151,79,175,120,69,228
151,79,183,118,71,237
151,79,191,115,72,243
151,79,199,113,74,245
151,79,207,111,75,247
151,79,215,108,75,248
151,79,223,106,75,250
151,79,231,104,75,251
151,79,239,102,74,253
151,79,247,101,74,253
151,79,255,100,74,254
151,87,0,128,69,21
151,87,7,129,69,25
151,87,15,129,69,31
151,87,23,130,69,37
151,87,31,130,69,42
151,87,39,130,70,48
151,87,47,129,70,54
151,87,55,129,70,60
151,87,63,129,70,66
151,87,71,128,71,72
151,87,79,128,70,78
151,87,87,128,70,85
151,87,95,128,70,92
151,87,103,127,70,100
151,87,111,127,70,109
151,87,119,127,69,119
151,87,127,127,69,130
151,87,135,127,69,142
151,87,143,127,70,157
151,87,151,126,71,172
151,87,159,125,72,190
151,87,167,124,73,207
151,87,175,122,74,223
151,87,183,120,75,234
151,87,191,117,76,242
151,87,199,115,77,245
151,87,207,112,78,247
151,87,215,110,78,248
151,87,223,108,78,250
151,87,231,106,78,252
151,87,239,104,77,253
151,87,247,103,77,254
151,87,255,101,76,254
151,95,0,129,77,20
151,95,7,129,77,25
151,95,15,129,77,30
151,95,23,130,78,36
151,95,31,130,78,42
151,95,39,130,78,48
151,95,47,130,78,54
151,95,55,129,79,59
151,95,63,129,79,65
151,95,71,129,79,71
151,95,79,128,79,77
151,95,87,128,79,84
151,95,95,128,79,91
151,95,103,128,78,98
151,95,111,128,78,106
151,95,119,127,78,115
151,95,127,127,77,125
151,95,135,127,77,137
151,95,143,127,77,150
151,95,151,127,78,165
151,95,159,126,78,182
151,95,167,125,79,199
151,95,175,123,80,216
151,95,183,121,81,231
151,95,191,119,81,239
151,95,199,117,82,245
151,95,207,114,82,247
151,95,215,112,82,249
151,95,223,110,82,250
151,95,231,108,81,252
151,95,239,106,81,253
151,95,247,105,81,254
151,95,255,104,80,254
151,103,0,129,86,21
151,103,7,129,86,25
151,103,15,130,86,30
151,103,23,130,86,36
151,103,31,130,86,43
151,103,39,130,87,48
151,103,47,130,87,53
151,103,55,130,87,59
151,103,63,129,87,64
151,103,71,129,87,70
151,103,79,129,87,76
151,103,87,129,87,83
151,103,95,128,87,89
151,103,103,128,87,96
151,103,111,128,86,104
151,103,119,128,86,111
151,103,127,128,85,120
151,103,135,127,85,130
151,103,143,127,85,143
151,103,151,127,85,158
151,103,159,127,85,174
151,103,167,126,86,191
151,103,175,125,86,208
151,103,183,123,86,224
151,103,191,121,86,235
151,103,199,119,87,243
151,103,207,116,87,248
151,103,215,114,86,249
151,103,223,112,86,251
151,103,231,110,85,252
151,103,239,108,84,253
151,103,247,107,83,253
151,103,255,105,82,253
151,111,0,129,94,23
151,111,7,130,94,27
151,111,15,130,94,31
151,111,23,130,95,36
151,111,31,130,95,42
151,111,39,131,95,48
151,111,47,130,95,53
151,111,55,130,95,59
151,111,63,130,96,64
151,111,71,130,96,70
151,111,79,130,95,76
151,111,87,129,95,82
151,111,95,129,95,88
151,111,103,129,95,95
151,111,111,129,94,102
151,111,119,129,94,109
151,111,127,128,93,117
151,111,135,128,93,127
151,111,143,128,93,138
151,111,151,128,92,151
151,111,159,128,92,167
151,111,167,127,92,183
151,111,175,127,92,201
151,111,183,125,92,217
151,111,191,123,92,230
151,111,199,121,92,240
151,111,207,118,92,246
151,111,215,116,91,250
151,111,223,114,90,251
151,111,231,112,90,252
151,111,239,110,88,253
151,111,247,108,87,254
151,111,255,107,85,253
151,119,0,129,103,23
151,119,7,130,103,28
151,119,15,130,103,33
151,119,23,130,103,37
151,119,31,131,103,42
151,119,39,131,103,49
151,119,47,131,104,54
151,119,55,131,104,59
151,119,63,131,104,64
151,119,71,131,104,70
151,119,79,130,104,76
151,119,87,130,103,82
151,119,95,130,103,88
151,119,103,130,103,94
151,119,111,130,102,100
151,119,119,129,102,107
151,119,127,129,101,115
151,119,135,129,101,123
151,119,143,128,100,133
151,119,151,128,100,146
151,119,159,128,100,160
151,119,167,128,99,176
151,119,175,128,99,193
151,119,183,127,99,210
151,119,191,125,98,224
151,119,199,123,98,236
151,119,207,121,97,243
151,119,215,118,97,249
151,119,223,116,95,251
151,119,231,114,94,253
151,119,239,112,93,253
151,119,247,111,92,254
151,119,255,109,90,253
151,127,0,129,112,23
151,127,7,130,112,28
151,127,15,130,112,32
151,127,23,131,112,39
151,127,31,131,112,43
151,127,39,131,112,48
151,127,47,131,112,54
151,127,55,131,112,59
151,127,63,131,112,64
151,127,71,131,112,70
151,127,79,131,112,76
151,127,87,131,112,81
151,127,95,131,111,87
151,127,103,131,111,93
151,127,111,131,110,99
151,127,119,130,110,106
151,127,127,130,109,113
151,127,135,130,108,121
151,127,143,129,108,130
151,127,151,129,107,140
151,127,159,129,107,154
151,127,167,129,107,169
151,127,175,129,107,186
151,127,183,128,106,203
151,127,191,127,105,218
151,127,199,125,104,230
151,127,207,123,103,241
151,127,215,121,102,247
151,127,223,118,101,251
151,127,231,116,100,253
151,127,239,114,98,254
151,127,247,113,97,254
151,127,255,112,96,254
151,135,0,129,120,24
151,135,7,129,120,28
151,135,15,130,121,32
151,135,23,130,121,38
151,135,31,131,121,44
151,135,39,131,121,49
151,135,47,131,121,54
151,135,55,132,121,59
151,135,63,132,121,64
151,135,71,132,121,70
151,135,79,132,121,76
151,135,87,132,120,81
151,135,95,132,120,87
151,135,103,132,119,93
151,135,111,131,119,99
151,135,119,131,118,105
151,135,127,131,117,112
151,135,135,131,116,119
151,135,143,130,116,127
151,135,151,130,115,137
151,135,159,130,115,149
151,135,167,130,115,163
151,135,175,130,114,179
151,135,183,129,114,196
151,135,191,128,113,212
151,135,199,127,111,226
151,135,207,125,110,237
151,135,215,123,109,245
151,135,223,121,107,250
151,135,231,119,105,252
151,135,239,117,104,254
151,135,247,115,102,254
151,135,255,113,100,253
151,143,0,128,130,24
151,143,7,129,130,27
151,143,15,129,130,31
151,143,23,130,130,37
151,143,31,131,130,44
151,143,39,131,130,49
151,143,47,132,130,54
151,143,55,132,130,59
151,143,63,132,130,65
151,143,71,133,130,70
151,143,79,133,130,76
151,143,87,133,129,81
151,143,95,133,129,87
151,143,103,133,128,93
151,143,111,132,127,99
151,143,119,132,126,104
151,143,127,132,126,111
151,143,135,132,125,118
151,143,143,131,124,125
151,143,151,131,123,134
151,143,159,131,123,145
151,143,167,131,123,158
151,143,175,131,122,172
151,143,183,130,122,189
151,143,191,129,120,205
151,143,199,128,119,221
151,143,207,127,117,233
151,143,215,125,115,243
151,143,223,123,114,248
151,143,231,121,112,252
151,143,239,119,110,254
151,143,247,117,108,254
151,143,255,115,106,254
151,151,0,128,139,27
151,151,7,128,140,30
151,151,15,129,140,33
151,151,23,129,140,37
151,151,31,130,140,43
151,151,39,131,140,49
151,151,47,132,140,55
151,151,55,132,140,59
151,151,63,133,140,65
151,151,71,133,140,70
151,151,79,133,140,76
151,151,87,133,140,81
151,151,95,134,139,87
151,151,103,133,138,93
151,151,111,133,137,98
151,151,119,133,136,104
151,151,127,133,135,110
151,151,135,133,134,117
151,151,143,132,133,124
151,151,151,132,132,131
151,151,159,132,132,141
151,151,167,132,132,153
151,151,175,132,131,167
151,151,183,131,131,182
151,151,191,131,129,198
151,151,199,130,128,214
151,151,207,128,126,228
151,151,215,127,124,239
151,151,223,125,121,246
151,151,231,123,119,250
151,151,239,121,117,254
151,151,247,119,114,255
151,151,255,117,112,255
151,159,0,127,150,28
151,159,7,128,150,31
151,159,15,128,150,35
151,159,23,129,150,38
151,159,31,129,151,43
151,159,39,130,151,49
151,159,47,131,151,55
151,159,55,132,151,60
151,159,63,132,151,65
151,159,71,133,151,70
151,159,79,133,151,76
151,159,87,134,150,81
151,159,95,134,150,87
151,159,103,134,149,93
151,159,111,134,148,98
151,159,119,134,147,104
151,159,127,134,146,110
151,159,135,134,145,116
151,159,143,133,144,123
151,159,151,133,143,130
151,159,159,133,142,139
151,159,167,133,142,149
151,159,175,133,141,162
151,159,183,133,141,176
151,159,191,132,139,191
151,159,199,131,138,207
151,159,207,130,136,222
151,159,215,129,133,235
151,159,223,127,130,243
151,159,231,125,127,250
151,159,239,124,125,252
151,159,247,122,122,255
151,159,255,120,119,255
151,167,0,126,161,29
151,167,7,126,161,32
151,167,15,127,161,35
151,167,23,128,161,40
151,167,31,129,162,44
151,167,39,130,162,49
151,167,47,130,162,54
151,167,55,131,162,60
151,167,63,132,162,65
151,167,71,133,162,70
151,167,79,134,162,76
151,167,87,134,162,81
151,167,95,134,161,87
151,167,103,135,161,93
151,167,111,135,160,98
151,167,119,135,159,104
151,167,127,135,158,109
151,167,135,134,157,116
151,167,143,134,156,122
151,167,151,134,155,129
151,167,159,134,155,137
151,167,167,134,154,146
151,167,175,134,153,158
151,167,183,134,152,171
151,167,191,134,151,185
151,167,199,133,149,201
151,167,207,132,147,216
151,167,215,131,144,229
151,167,223,129,140,240
151,167,231,128,136,247
151,167,239,126,133,252
151,167,247,124,130,254
151,167,255,123,127,255
151,175,0,125,173,29
151,175,7,125,173,31
151,175,15,126,173,35
151,175,23,127,173,39
151,175,31,128,174,45
151,175,39,129,174,49
151,175,47,129,174,54
151,175,55,131,175,59
151,175,63,132,175,65
151,175,71,132,175,70
151,175,79,133,175,76
151,175,87,134,175,81
151,175,95,135,174,87
151,175,103,135,174,92
151,175,111,135,173,98
151,175,119,135,172,103
151,175,127,135,171,109
151,175,135,135,170,115
151,175,143,135,170,122
151,175,151,135,169,128
151,175,159,135,168,136
151,175,167,135,167,144
151,175,175,135,166,154
151,175,183,135,165,166
151,175,191,135,164,180
151,175,199,135,162,194
151,175,207,134,159,210
151,175,215,133,156,224
151,175,223,131,152,235
151,175,231,130,148,244
151,175,239,128,143,250
151,175,247,126,139,254
151,175,255,125,134,255
151,183,0,123,185,29
151,183,7,123,186,31
151,183,15,124,186,34
151,183,23,125,186,38
151,183,31,126,187,43
151,183,39,127,187,50
151,183,47,128,187,54
151,183,55,129,188,59
151,183,63,131,188,64
151,183,71,132,188,70
151,183,79,133,188,75
151,183,87,134,188,81
151,183,95,134,187,86
151,183,103,135,187,92
151,183,111,135,186,97
151,183,119,136,186,103
151,183,127,136,185,109
151,183,135,136,184,115
151,183,143,136,183,121
151,183,151,136,182,128
151,183,159,136,181,135
151,183,167,136,181,142
151,183,175,136,180,151
151,183,183,136,179,162
151,183,191,136,178,175
151,183,199,136,176,189
151,183,207,136,174,203
151,183,215,135,170,217
151,183,223,134,166,230
151,183,231,132,160,240
151,183,239,131,155,247
151,183,247,129,150,252
151,183,255,127,145,255
151,191,0,121,198,30
151,191,7,122,198,32
151,191,15,122,199,35
151,191,23,123,199,38
151,191,31,124,199,43
151,191,39,126,200,48
151,191,47,127,201,54
151,191,55,128,201,59
151,191,63,129,201,64
151,191,71,131,202,70
151,191,79,132,202,75
151,191,87,133,201,80
151,191,95,134,201,86
151,191,103,135,201,91
151,191,111,135,200,97
151,191,119,136,199,102
151,191,127,136,199,108
151,191,135,136,198,114
151,191,143,137,198,120
151,191,151,137,197,127
151,191,159,137,196,134
151,191,167,137,195,141
151,191,175,137,194,150
151,191,183,137,194,159
151,191,191,138,193,170
151,191,199,137,192,183
151,191,207,137,189,197
151,191,215,137,186,212
151,191,223,136,181,224
151,191,231,134,175,235
151,191,239,133,169,245
151,191,247,131,163,251
151,191,255,130,157,254
151,199,0,119,210,30
151,199,7,119,210,33
151,199,15,120,211,36
151,199,23,121,211,39
151,199,31,122,212,43
151,199,39,124,212,48
151,199,47,125,213,53
151,199,55,127,214,59
151,199,63,128,215,64
151,199,71,130,215,69
151,199,79,131,215,75
151,199,87,132,215,80
151,199,95,133,215,86
151,199,103,134,215,91
151,199,111,135,214,96
151,199,119,135,213,102
151,199,127,136,213,107
151,199,135,136,212,113
151,199,143,137,212,119
151,199,151,137,211,126
151,199,159,137,210,133
151,199,167,137,210,140
151,199,175,138,209,148
151,199,183,138,209,156
151,199,191,138,208,166
151,199,199,139,207,178
151,199,207,139,206,191
151,199,215,138,202,205
151,199,223,138,197,218
151,199,231,137,192,231
151,199,239,136,185,241
151,199,247,134,177,250
151,199,255,132,170,253
151,207,0,116,221,30
151,207,7,117,221,32
151,207,15,118,222,35
151,207,23,119,223,39
151,207,31,120,223,44
151,207,39,122,224,48
151,207,47,123,225,53
151,207,55,125,226,58
151,207,63,126,227,64
151,207,71,128,227,68
151,207,79,129,227,74
151,207,87,130,228,79
151,207,95,132,228,85
151,207,103,133,227,90
151,207,111,134,227,95
151,207,119,135,227,101
151,207,127,135,227,107
151,207,135,136,226,112
151,207,143,136,226,118
151,207,151,137,225,124
151,207,159,137,224,131
151,207,167,137,224,138
151,207,175,138,223,146
151,207,183,138,223,154
151,207,191,139,223,163
151,207,199,139,222,173
151,207,207,139,221,185
151,207,215,139,218,199
151,207,223,139,214,213
151,207,231,139,209,226
151,207,239,138,203,238
151,207,247,136,195,247
151,207,255,135,187,254
151,215,0,113,230,30
151,215,7,114,231,32
151,215,15,115,231,35
151,215,23,116,232,38
151,215,31,118,233,43
151,215,39,120,234,48
151,215,47,121,235,53
151,215,55,122,236,57
151,215,63,124,237,63
151,215,71,126,238,68
151,215,79,127,238,73
151,215,87,128,238,78
151,215,95,130,238,84
151,215,103,131,238,89
151,215,111,132,238,94
151,215,119,133,238,99
151,215,127,134,238,105
151,215,135,134,237,111
151,215,143,135,237,116
151,215,151,136,237,123
151,215,159,136,237,129
151,215,167,137,236,136
151,215,175,137,236,143
151,215,183,137,235,150
151,215,191,138,235,159
151,215,199,139,235,169
151,215,207,140,235,180
151,215,215,140,233,193
151,215,223,140,229,206
151,215,231,140,225,220
151,215,239,139,219,234
151,215,247,139,213,246
151,215,255,137,205,252
151,223,0,111,238,31
151,223,7,112,238,32
151,223,15,113,239,35
151,223,23,114,239,38
151,223,31,115,240,42
151,223,39,117,241,47
151,223,47,119,242,53
151,223,55,120,243,57
151,223,63,122,244,62
151,223,71,123,245,67
151,223,79,125,245,72
151,223,87,126,246,77
151,223,95,127,246,82
151,223,103,129,246,87
151,223,111,130,247,93
151,223,119,131,247,98
151,223,127,132,246,103
151,223,135,132,246,109
151,223,143,133,246,114
151,223,151,134,245,120
151,223,159,135,245,127
151,223,167,135,245,133
151,223,175,136,245,140
151,223,183,137,244,148
151,223,191,137,244,156
151,223,199,138,244,165
151,223,207,138,243,175
151,223,215,139,242,187
151,223,223,140,241,201
151,223,231,140,238,214
151,223,239,140,234,228
151,223,247,139,228,241
151,223,255,139,221,252
151,231,0,109,245,31
151,231,7,109,245,33
151,231,15,110,245,35
151,231,23,111,245,37
151,231,31,112,246,41
151,231,39,114,247,46
151,231,47,116,248,51
151,231,55,118,249,57
151,231,63,119,249,61
151,231,71,121,249,66
151,231,79,122,250,71
151,231,87,123,250,76
151,231,95,125,251,81
151,231,103,126,251,86
151,231,111,127,251,91
151,231,119,128,251,96
151,231,127,129,251,101
151,231,135,130,252,107
151,231,143,131,252,113
151,231,151,132,251,118
151,231,159,133,251,124
151,231,167,134,251,130
151,231,175,134,250,137
151,231,183,135,250,144
151,231,191,136,250,152
151,231,199,137,250,161
151,231,207,137,250,171
151,231,215,138,250,182
151,231,223,139,249,194
151,231,231,139,247,207
151,231,239,139,244,222
151,231,247,140,241,238
151,231,255,139,236,248
151,239,0,107,248,32
151,239,7,108,249,34
151,239,15,109,249,36
151,239,23,109,250,39
151,239,31,110,250,42
151,239,39,112,250,45
151,239,47,113,251,50
151,239,55,115,252,55
151,239,63,117,252,60
151,239,71,118,253,64
151,239,79,120,253,69
151,239,87,121,253,75
151,239,95,122,253,79
151,239,103,124,254,84
151,239,111,125,254,89
151,239,119,126,254,94
151,239,127,127,254,99
151,239,135,128,254,104
151,239,143,129,254,110
151,239,151,130,254,115
151,239,159,131,254,121
151,239,167,132,254,128
151,239,175,133,254,134
151,239,183,133,254,141
151,239,191,134,254,148
151,239,199,135,254,156
151,239,207,135,253,166
151,239,215,136,253,177
151,239,223,137,253,189
151,239,231,138,253,202
151,239,239,138,252,216
151,239,247,138,250,230
151,239,255,139,247,244
151,247,0,105,251,31
151,247,7,105,252,33
151,247,15,106,252,35
151,247,23,107,253,38
151,247,31,109,253,42
151,247,39,110,253,45
151,247,47,111,253,49
151,247,55,113,254,53
151,247,63,114,254,58
151,247,71,116,254,63
151,247,79,117,254,68
151,247,87,119,255,73
151,247,95,120,255,78
151,247,103,122,255,83
151,247,111,123,255,88
151,247,119,124,255,93
151,247,127,125,255,98
151,247,135,126,255,103
151,247,143,127,255,108
151,247,151,128,255,113
151,247,159,129,255,119
151,247,167,130,255,125
151,247,175,131,255,131
151,247,183,132,255,138
151,247,191,132,255,145
151,247,199,133,255,153
151,247,207,134,255,162
151,247,215,134,255,172
151,247,223,135,255,183
151,247,231,136,255,196
151,247,239,137,255,210
151,247,247,138,255,224
151,247,255,138,254,238
151,255,0,103,254,32
151,255,7,104,254,33
151,255,15,104,254,35
151,255,23,105,254,38
151,255,31,106,255,41
151,255,39,108,255,45
151,255,47,109,255,49
151,255,55,110,255,53
151,255,63,112,255,57
151,255,71,114,255,61
151,255,79,115,255,66
151,255,87,117,255,71
151,255,95,118,255,76
151,255,103,120,255,81
151,255,111,121,255,86
151,255,119,123,255,91
151,255,127,124,255,96
151,255,135,125,255,101
151,255,143,126,255,106
151,255,151,127,255,111
151,255,159,128,255,117
151,255,167,128,255,123
151,255,175,129,255,129
151,255,183,130,255,135
151,255,191,130,255,142
151,255,199,131,255,149
151,255,207,132,255,158
151,255,215,132,255,167
151,255,223,133,255,178
151,255,231,134,255,190
151,255,239,135,255,204
151,255,247,136,255,217
151,255,255,136,255,231
159,0,0,143,1,21
159,0,7,143,1,27
159,0,15,143,2,34
159,0,23,144,2,42
159,0,31,143,3,49
159,0,39,143,3,57
159,0,47,142,4,65
159,0,55,142,4,72
159,0,63,141,4,81
159,0,71,140,4,90
159,0,79,140,4,101
159,0,87,139,4,114
159,0,95,138,5,128
159,0,103,137,5,145
159,0,111,136,5,162
159,0,119,134,6,180
159,0,127,132,8,197
159,0,135,130,12,212
159,0,143,127,16,221
159,0,151,124,20,229
159,0,159,120,24,233
159,0,167,117,28,236
159,0,175,113,30,238
159,0,183,110,33,240
159,0,191,107,34,242
159,0,199,104,35,243
159,0,207,102,37,245
159,0,215,99,39,247
159,0,223,97,39,250
159,0,231,95,39,251
159,0,239,93,39,253
159,0,247,91,40,254
159,0,255,90,41,255
159,7,0,142,1,21
159,7,7,142,2,27
159,7,15,143,2,34
159,7,23,143,3,42
159,7,31,143,4,49
159,7,39,142,4,56
159,7,47,142,5,64
159,7,55,141,5,72
159,7,63,141,6,80
159,7,71,140,6,89
159,7,79,139,6,100
159,7,87,139,6,112
159,7,95,138,6,126
159,7,103,137,6,141
159,7,111,136,7,159
159,7,119,134,8,177
159,7,127,133,10,194
159,7,135,130,14,209
159,7,143,128,18,220
159,7,151,124,23,228
159,7,159,121,27,232
159,7,167,117,30,235
159,7,175,114,33,238
159,7,183,110,36,240
159,7,191,107,37,242
159,7,199,105,38,243
159,7,207,102,40,245
159,7,215,100,42,247
159,7,223,97,42,249
159,7,231,95,42,251
159,7,239,94,42,253
159,7,247,92,43,254
159,7,255,90,43,255
159,15,0,141,2,21
159,15,7,141,2,28
159,15,15,142,3,34
159,15,23,142,4,41
159,15,31,142,5,48
159,15,39,142,6,56
159,15,47,141,7,63
159,15,55,140,7,71
159,15,63,140,7,79
159,15,71,139,8,87
159,15,79,139,8,98
159,15,87,138,8,109
159,15,95,138,8,123
159,15,103,137,9,138
159,15,111,136,9,155
159,15,119,135,10,173
159,15,127,133,13,190
159,15,135,131,16,205
159,15,143,128,21,217
159,15,151,125,26,226
159,15,159,122,30,230
159,15,167,118,34,234
159,15,175,114,36,237
159,15,183,111,39,239
159,15,191,108,40,241
159,15,199,105,41,243
159,15,207,103,43,245
159,15,215,100,46,247
159,15,223,98,46,249
159,15,231,96,46,251
159,15,239,94,46,253
159,15,247,93,46,254
159,15,255,91,46,255
159,23,0,140,5,21
159,23,7,140,5,27
159,23,15,141,6,33
159,23,23,141,7,41
159,23,31,141,8,48
159,23,39,141,9,55
159,23,47,140,10,62
159,23,55,140,10,69
159,23,63,139,10,77
159,23,71,139,11,85
159,23,79,138,11,95
159,23,87,138,11,106
159,23,95,137,12,119
159,23,103,137,12,133
159,23,111,136,13,150
159,23,119,135,14,167
159,23,127,133,16,184
159,23,135,131,20,200
159,23,143,129,24,212
159,23,151,126,30,222
159,23,159,123,35,228
159,23,167,119,38,233
159,23,175,116,41,236
159,23,183,112,43,239
159,23,191,109,45,241
159,23,199,106,46,243
159,23,207,104,47,245
159,23,215,101,49,247
159,23,223,99,51,249
159,23,231,98,51,251
159,23,239,96,51,253
159,23,247,94,50,254
159,23,255,93,50,254
159,31,0,139,10,21
159,31,7,139,10,27
159,31,15,140,11,33
159,31,23,140,12,40
159,31,31,140,13,47
159,31,39,140,14,54
159,31,47,139,15,61
159,31,55,139,15,68
159,31,63,138,16,75
159,31,71,138,16,83
159,31,79,138,16,92
159,31,87,137,16,102
159,31,95,137,17,114
159,31,103,136,17,128
159,31,111,136,18,143
159,31,119,135,19,160
159,31,127,134,21,177
159,31,135,132,25,192
159,31,143,129,29,206
159,31,151,127,34,217
159,31,159,124,38,225
159,31,167,120,43,231
159,31,175,117,47,236
159,31,183,113,49,239
159,31,191,110,50,241
159,31,199,108,51,243
159,31,207,105,52,245
159,31,215,103,54,247
159,31,223,101,55,249
159,31,231,99,57,250
159,31,239,97,56,252
159,31,247,96,55,254
159,31,255,94,54,254
159,39,0,137,16,21
159,39,7,138,17,27
159,39,15,139,17,33
159,39,23,139,18,39
159,39,31,139,20,46
159,39,39,139,21,53
159,39,47,138,21,60
159,39,55,138,22,67
159,39,63,138,22,74
159,39,71,137,22,82
159,39,79,137,22,90
159,39,87,137,23,100
159,39,95,137,23,111
159,39,103,136,24,123
159,39,111,136,25,137
159,39,119,135,26,151
159,39,127,134,27,168
159,39,135,132,30,183
159,39,143,130,34,198
159,39,151,128,38,211
159,39,159,125,43,221
159,39,167,122,47,229
159,39,175,118,50,235
159,39,183,115,53,239
159,39,191,112,56,242
159,39,199,109,57,243
159,39,207,106,58,245
159,39,215,104,59,247
159,39,223,102,60,249
159,39,231,100,60,250
159,39,239,99,60,252
159,39,247,97,61,253
159,39,255,96,60,254
159,47,0,136,23,21
159,47,7,137,24,27
159,47,15,138,25,32
159,47,23,138,26,39
159,47,31,138,27,46
159,47,39,138,28,52
159,47,47,138,29,59
159,47,55,137,30,65
159,47,63,137,30,72
159,47,71,137,30,80
159,47,79,137,30,88
159,47,87,137,30,97
159,47,95,136,30,107
159,47,103,136,31,119
159,47,111,136,31,132
159,47,119,135,32,146
159,47,127,134,34,160
159,47,135,133,36,175
159,47,143,131,40,190
159,47,151,129,43,204
159,47,159,126,47,217
159,47,167,123,50,227
159,47,175,119,54,235
159,47,183,116,57,239
159,47,191,113,59,242
159,47,199,110,62,244
159,47,207,108,64,245
159,47,215,106,64,247
159,47,223,104,64,249
159,47,231,102,64,251
159,47,239,100,64,252
159,47,247,99,64,253
159,47,255,98,64,254
159,55,0,136,32,21
159,55,7,136,32,26
159,55,15,137,33,32
159,55,23,137,34,38
159,55,31,137,35,45
159,55,39,137,36,51
159,55,47,137,37,58
159,55,55,137,37,64
159,55,63,136,38,71
159,55,71,136,38,78
159,55,79,136,38,85
159,55,87,136,38,94
159,55,95,136,38,103
159,55,103,136,38,114
159,55,111,136,38,127
159,55,119,135,39,140
159,55,127,134,40,154
159,55,135,133,42,168
159,55,143,132,45,184
159,55,151,130,48,199
159,55,159,127,51,213
159,55,167,124,54,225
159,55,175,121,57,234
159,55,183,118,60,240
159,55,191,115,63,242
159,55,199,112,65,244
159,55,207,110,66,246
159,55,215,107,67,247
159,55,223,105,68,249
159,55,231,103,68,251
159,55,239,102,67,252
159,55,247,100,67,253
159,55,255,99,67,254
159,63,0,135,40,21
159,63,7,136,41,26
159,63,15,137,42,32
159,63,23,137,42,38
159,63,31,137,43,44
159,63,39,137,44,51
159,63,47,137,45,57
159,63,55,136,45,63
159,63,63,136,46,70
159,63,71,136,46,76
159,63,79,136,46,84
159,63,87,136,46,92
159,63,95,136,46,101
159,63,103,135,46,111
159,63,111,135,46,122
159,63,119,135,46,135
159,63,127,134,47,147
159,63,135,133,48,162
159,63,143,132,50,177
159,63,151,131,53,193
159,63,159,129,55,208
159,63,167,126,58,223
159,63,175,123,61,232
159,63,183,119,63,240
159,63,191,117,66,243
159,63,199,114,68,245
159,63,207,111,69,246
159,63,215,109,70,248
159,63,223,107,70,249
159,63,231,105,70,251
159,63,239,103,70,252
159,63,247,102,70,253
159,63,255,101,70,254
159,71,0,135,49,21
159,71,7,135,50,26
159,71,15,136,50,32
159,71,23,136,51,38
159,71,31,137,51,44
159,71,39,137,52,50
159,71,47,136,53,56
159,71,55,136,53,62
159,71,63,136,54,68
159,71,71,136,54,75
159,71,79,135,54,82
159,71,87,135,54,90
159,71,95,135,53,98
159,71,103,135,53,107
159,71,111,135,53,117
159,71,119,135,53,129
159,71,127,134,54,142
159,71,135,134,54,156
159,71,143,133,56,170
159,71,151,131,58,187
159,71,159,130,60,203
159,71,167,127,62,219
159,71,175,124,65,230
159,71,183,121,67,238
159,71,191,118,69,243
159,71,199,116,71,245
159,71,207,113,72,246
159,71,215,111,72,248
159,71,223,108,73,249
159,71,231,106,73,251
159,71,239,105,72,252
159,71,247,103,72,253
159,71,255,102,72,254
159,79,0,135,58,21
159,79,7,135,58,26
159,79,15,136,59,31
159,79,23,136,59,38
159,79,31,136,60,44
159,79,39,136,60,50
159,79,47,136,61,55
159,79,55,136,61,61
159,79,63,136,62,67
159,79,71,135,62,74
159,79,79,135,62,81
159,79,87,135,62,88
159,79,95,135,61,95
159,79,103,135,61,104
159,79,111,134,61,113
159,79,119,134,61,124
159,79,127,134,61,136
159,79,135,134,61,148
159,79,143,133,62,164
159,79,151,132,64,180
159,79,159,131,65,197
159,79,167,129,67,213
159,79,175,126,69,228
159,79,183,123,71,237
159,79,191,120,72,243
159,79,199,117,74,245
159,79,207,115,75,247
159,79,215,112,75,248
159,79,223,110,75,250
159,79,231,108,75,251
159,79,239,106,75,253
159,79,247,105,75,253
159,79,255,104,74,254
159,87,0,135,67,21
159,87,7,136,67,26
159,87,15,136,67,31
159,87,23,136,68,38
159,87,31,137,68,44
159,87,39,136,69,49
159,87,47,136,69,55
159,87,55,136,70,60
159,87,63,136,70,66
159,87,71,135,70,73
159,87,79,135,70,79
159,87,87,135,70,86
159,87,95,135,70,93
159,87,103,135,69,101
159,87,111,134,69,109
159,87,119,134,69,119
159,87,127,134,69,130
159,87,135,134,69,143
159,87,143,133,69,156
159,87,151,133,70,172
159,87,159,132,71,189
159,87,167,130,73,206
159,87,175,128,74,222
159,87,183,125,75,234
159,87,191,122,76,241
159,87,199,119,77,246
159,87,207,117,78,247
159,87,215,114,79,248
159,87,223,112,78,250
159,87,231,109,78,252
159,87,239,108,78,253
159,87,247,106,78,254
159,87,255,105,77,254
159,95,0,135,76,21
159,95,7,136,76,25
159,95,15,136,76,30
159,95,23,136,76,37
159,95,31,137,77,44
159,95,39,137,77,49
159,95,47,136,78,55
159,95,55,136,78,60
159,95,63,136,78,66
159,95,71,136,78,72
159,95,79,135,78,78
159,95,87,135,78,85
159,95,95,135,78,91
159,95,103,135,78,99
159,95,111,134,77,107
159,95,119,134,77,115
159,95,127,134,77,125
159,95,135,134,77,137
159,95,143,134,77,150
159,95,151,133,77,165
159,95,159,133,78,181
159,95,167,131,79,199
159,95,175,129,80,215
159,95,183,127,80,230
159,95,191,124,81,239
159,95,199,121,82,245
159,95,207,119,82,248
159,95,215,116,82,249
159,95,223,113,82,250
159,95,231,111,81,252
159,95,239,109,81,253
159,95,247,108,81,253
159,95,255,107,80,254
159,103,0,136,84,23
159,103,7,136,85,27
159,103,15,136,85,31
159,103,23,137,85,37
159,103,31,137,85,43
159,103,39,137,86,49
159,103,47,137,86,54
159,103,55,137,86,60
159,103,63,136,86,65
159,103,71,136,86,71
159,103,79,136,86,77
159,103,87,135,86,83
159,103,95,135,86,90
159,103,103,135,86,97
159,103,111,135,86,104
159,103,119,134,85,112
159,103,127,134,85,121
159,103,135,134,84,132
159,103,143,134,84,144
159,103,151,134,84,158
159,103,159,133,85,174
159,103,167,133,85,191
159,103,175,131,86,208
159,103,183,129,86,223
159,103,191,126,86,236
159,103,199,123,87,243
159,103,207,121,87,248
159,103,215,118,86,250
159,103,223,115,86,251
159,103,231,113,85,252
159,103,239,111,84,253
159,103,247,110,83,253
159,103,255,108,82,253
159,111,0,136,93,23
159,111,7,136,93,28
159,111,15,137,93,33
159,111,23,137,93,38
159,111,31,137,94,43
159,111,39,137,94,50
159,111,47,137,94,55
159,111,55,137,94,60
159,111,63,137,95,65
159,111,71,136,95,71
159,111,79,136,95,77
159,111,87,136,94,83
159,111,95,136,94,89
159,111,103,135,94,95
159,111,111,135,93,102
159,111,119,135,93,110
159,111,127,135,93,118
159,111,135,134,92,127
159,111,143,134,92,138
159,111,151,134,92,151
159,111,159,134,92,167
159,111,167,134,92,183
159,111,175,133,92,200
159,111,183,131,92,217
159,111,191,128,92,230
159,111,199,126,92,240
159,111,207,123,92,246
159,111,215,120,91,250
159,111,223,118,90,251
159,111,231,115,90,252
159,111,239,113,89,253
159,111,247,111,87,254
159,111,255,110,86,253
159,119,0,136,101,24
159,119,7,136,101,28
159,119,15,137,101,33
159,119,23,137,102,39
159,119,31,137,102,44
159,119,39,137,102,49
159,119,47,138,102,55
159,119,55,137,102,60
159,119,63,137,103,65
159,119,71,137,103,71
159,119,79,137,102,76
159,119,87,137,102,82
159,119,95,136,102,88
159,119,103,136,102,95
159,119,111,136,101,101
159,119,119,135,101,108
159,119,127,135,100,116
159,119,135,135,100,124
159,119,143,135,99,134
159,119,151,135,99,146
159,119,159,135,99,160
159,119,167,134,99,176
159,119,175,134,99,193
159,119,183,132,99,209
159,119,191,130,98,224
159,119,199,128,98,236
159,119,207,125,97,244
159,119,215,122,96,249
159,119,223,120,95,251
159,119,231,118,94,253
159,119,239,116,93,253
159,119,247,114,92,254
159,119,255,112,90,253
159,127,0,136,110,24
159,127,7,136,110,28
159,127,15,137,110,33
159,127,23,137,110,39
159,127,31,138,110,45
159,127,39,138,110,49
159,127,47,138,111,55
159,127,55,138,111,60
159,127,63,138,111,65
159,127,71,138,111,71
159,127,79,138,111,76
159,127,87,137,110,82
159,127,95,137,110,88
159,127,103,137,110,94
159,127,111,137,109,100
159,127,119,136,108,106
159,127,127,136,108,114
159,127,135,136,107,122
159,127,143,135,107,131
159,127,151,135,106,142
159,127,159,135,106,155
159,127,167,135,106,169
159,127,175,135,106,186
159,127,183,134,105,202
159,127,191,132,105,218
159,127,199,130,104,230
159,127,207,127,103,241
159,127,215,125,102,247
159,127,223,122,101,251
159,127,231,120,99,253
159,127,239,118,98,254
159,127,247,116,97,254
159,127,255,115,95,253
159,135,0,136,118,25
159,135,7,136,119,28
159,135,15,137,119,32
159,135,23,137,119,38
159,135,31,138,119,45
159,135,39,138,119,50
159,135,47,138,119,55
159,135,55,138,119,60
159,135,63,138,119,65
159,135,71,138,119,71
159,135,79,138,119,76
159,135,87,138,119,82
159,135,95,138,118,88
159,135,103,138,118,94
159,135,111,138,117,100
159,135,119,137,116,106
159,135,127,137,116,112
159,135,135,136,115,120
159,135,143,136,115,128
159,135,151,136,114,138
159,135,159,136,114,149
159,135,167,136,114,163
159,135,175,135,113,179
159,135,183,135,113,196
159,135,191,134,112,211
159,135,199,132,111,226
159,135,207,130,109,237
159,135,215,127,108,246
159,135,223,125,107,249
159,135,231,122,105,253
159,135,239,121,104,254
159,135,247,119,102,255
159,135,255,117,100,253
159,143,0,135,127,25
159,143,7,136,128,28
159,143,15,136,128,32
159,143,23,137,128,37
159,143,31,137,128,44
159,143,39,138,128,51
159,143,47,138,128,55
159,143,55,139,128,60
159,143,63,139,128,66
159,143,71,139,128,71
159,143,79,139,128,77
159,143,87,139,127,82
159,143,95,139,127,88
159,143,103,139,126,94
159,143,111,138,126,99
159,143,119,138,125,105
159,143,127,138,124,111
159,143,135,137,123,118
159,143,143,137,123,126
159,143,151,137,122,135
159,143,159,137,122,146
159,143,167,137,121,158
159,143,175,137,121,173
159,143,183,136,120,189
159,143,191,135,120,205
159,143,199,134,118,220
159,143,207,132,116,233
159,143,215,129,115,242
159,143,223,127,113,248
159,143,231,125,111,252
159,143,239,123,110,254
159,143,247,121,108,254
159,143,255,118,106,254
159,151,0,135,137,28
159,151,7,135,137,31
159,151,15,136,137,35
159,151,23,136,137,39
159,151,31,137,137,44
159,151,39,138,137,50
159,151,47,138,138,56
159,151,55,139,138,60
159,151,63,139,138,66
159,151,71,139,138,71
159,151,79,140,137,77
159,151,87,140,137,82
159,151,95,140,136,88
159,151,103,140,135,93
159,151,111,139,135,99
159,151,119,139,134,105
159,151,127,139,133,111
159,151,135,138,132,118
159,151,143,138,131,125
159,151,151,138,131,132
159,151,159,138,130,142
159,151,167,138,130,154
159,151,175,138,130,167
159,151,183,137,129,182
159,151,191,136,128,198
159,151,199,135,126,214
159,151,207,134,125,228
159,151,215,132,123,239
159,151,223,129,121,246
159,151,231,127,118,250
159,151,239,125,116,253
159,151,247,123,114,255
159,151,255,121,112,255
159,159,0,134,146,29
159,159,7,134,147,32
159,159,15,135,147,36
159,159,23,136,147,40
159,159,31,136,147,45
159,159,39,137,147,50
159,159,47,138,148,56
159,159,55,139,148,61
159,159,63,139,148,66
159,159,71,140,148,71
159,159,79,140,148,77
159,159,87,140,147,82
159,159,95,140,147,88
159,159,103,140,146,93
159,159,111,140,145,99
159,159,119,140,144,105
159,159,127,140,143,111
159,159,135,139,142,117
159,159,143,139,141,123
159,159,151,139,141,131
159,159,159,139,140,139
159,159,167,139,139,150
159,159,175,139,139,163
159,159,183,139,138,177
159,159,191,138,138,191
159,159,199,137,136,207
159,159,207,136,134,222
159,159,215,134,132,234
159,159,223,132,129,243
159,159,231,130,126,249
159,159,239,128,124,252
159,159,247,126,122,254
159,159,255,124,119,255
159,167,0,133,157,29
159,167,7,133,157,32
159,167,15,134,157,36
159,167,23,135,157,41
159,167,31,135,158,46
159,167,39,136,158,50
159,167,47,137,158,55
159,167,55,138,159,61
159,167,63,139,159,66
159,167,71,139,159,71
159,167,79,140,159,77
159,167,87,140,158,82
159,167,95,141,158,88
159,167,103,141,157,93
159,167,111,141,156,99
159,167,119,141,155,104
159,167,127,140,155,110
159,167,135,140,154,116
159,167,143,140,153,123
159,167,151,140,152,130
159,167,159,140,151,138
159,167,167,140,151,147
159,167,175,140,150,158
159,167,183,140,149,171
159,167,191,139,148,186
159,167,199,139,147,201
159,167,207,137,145,216
159,167,215,136,142,229
159,167,223,134,139,239
159,167,231,132,135,246
159,167,239,130,132,252
159,167,247,128,129,254
159,167,255,126,126,255
159,175,0,131,168,29
159,175,7,132,168,32
159,175,15,132,168,35
159,175,23,133,169,40
159,175,31,134,169,45
159,175,39,135,170,51
159,175,47,136,170,55
159,175,55,137,170,60
159,175,63,138,171,66
159,175,71,139,171,71
159,175,79,140,171,77
159,175,87,140,170,82
159,175,95,141,170,88
159,175,103,141,169,93
159,175,111,141,169,99
159,175,119,141,168,104
159,175,127,141,167,110
159,175,135,141,166,116
159,175,143,141,165,122
159,175,151,141,164,129
159,175,159,141,164,136
159,175,167,141,163,145
159,175,175,141,163,155
159,175,183,141,162,167
159,175,191,141,161,180
159,175,199,140,159,195
159,175,207,139,157,210
159,175,215,138,154,224
159,175,223,136,150,235
159,175,231,135,146,244
159,175,239,133,142,250
159,175,247,131,138,254
159,175,255,129,133,255
159,183,0,129,179,29
159,183,7,130,180,31
159,183,15,131,180,34
159,183,23,131,180,38
159,183,31,132,181,43
159,183,39,134,182,50
159,183,47,135,182,55
159,183,55,136,183,60
159,183,63,137,183,65
159,183,71,138,183,71
159,183,79,139,183,76
159,183,87,140,183,82
159,183,95,141,183,87
159,183,103,141,182,93
159,183,111,141,182,98
159,183,119,142,181,104
159,183,127,142,180,110
159,183,135,142,179,116
159,183,143,142,179,122
159,183,151,142,178,129
159,183,159,142,177,136
159,183,167,142,177,144
159,183,175,143,176,153
159,183,183,143,175,163
159,183,191,142,174,176
159,183,199,142,173,189
159,183,207,142,170,204
159,183,215,140,167,218
159,183,223,139,163,230
159,183,231,137,158,240
159,183,239,135,153,248
159,183,247,134,149,252
159,183,255,132,144,255
159,191,0,128,192,31
159,191,7,128,192,33
159,191,15,129,192,35
159,191,23,130,193,39
159,191,31,131,193,43
159,191,39,132,194,48
159,191,47,133,195,55
159,191,55,135,195,60
159,191,63,136,196,65
159,191,71,137,196,70
159,191,79,138,196,76
159,191,87,139,196,81
159,191,95,140,196,87
159,191,103,141,195,93
159,191,111,141,195,98
159,191,119,142,194,104
159,191,127,142,194,109
159,191,135,142,193,115
159,191,143,143,193,121
159,191,151,143,192,128
159,191,159,143,191,135
159,191,167,143,190,143
159,191,175,143,190,151
159,191,183,143,190,160
159,191,191,144,189,171
159,191,199,143,187,184
159,191,207,143,185,198
159,191,215,142,182,212
159,191,223,141,178,225
159,191,231,140,172,236
159,191,239,138,166,245
159,191,247,136,160,251
159,191,255,134,155,254
159,199,0,125,203,31
159,199,7,126,204,34
159,199,15,127,205,37
159,199,23,128,205,41
159,199,31,129,206,44
159,199,39,130,207,49
159,199,47,132,207,54
159,199,55,133,208,60
159,199,63,134,209,65
159,199,71,136,209,70
159,199,79,137,210,76
159,199,87,138,210,81
159,199,95,139,210,87
159,199,103,140,209,92
159,199,111,141,209,98
159,199,119,142,208,103
159,199,127,142,208,109
159,199,135,143,207,115
159,199,143,143,207,121
159,199,151,143,206,127
159,199,159,143,206,134
159,199,167,144,205,141
159,199,175,144,205,149
159,199,183,144,204,158
159,199,191,145,204,168
159,199,199,145,203,179
159,199,207,145,202,192
159,199,215,144,198,206
159,199,223,144,193,219
159,199,231,142,188,231
159,199,239,141,182,242
159,199,247,139,175,249
159,199,255,136,168,253
159,207,0,123,215,31
159,207,7,123,215,33
159,207,15,124,216,36
159,207,23,125,217,40
159,207,31,127,218,45
159,207,39,128,219,49
159,207,47,129,219,54
159,207,55,131,220,59
159,207,63,133,221,65
159,207,71,134,222,70
159,207,79,136,222,75
159,207,87,137,223,81
159,207,95,138,223,86
159,207,103,139,223,92
159,207,111,140,223,97
159,207,119,141,222,103
159,207,127,141,222,108
159,207,135,142,221,114
159,207,143,143,221,120
159,207,151,143,220,126
159,207,159,143,220,133
159,207,167,144,220,140
159,207,175,144,219,148
159,207,183,144,219,156
159,207,191,145,219,165
159,207,199,145,218,175
159,207,207,146,217,187
159,207,215,146,215,200
159,207,223,145,211,214
159,207,231,144,206,227
159,207,239,143,199,239
159,207,247,142,192,247
159,207,255,139,185,253
159,215,0,120,225,31
159,215,7,120,226,33
159,215,15,121,226,35
159,215,23,122,227,39
159,215,31,124,228,44
159,215,39,126,229,50
159,215,47,127,230,54
159,215,55,129,231,58
159,215,63,130,232,64
159,215,71,132,233,69
159,215,79,133,233,74
159,215,87,135,234,80
159,215,95,136,234,85
159,215,103,137,234,90
159,215,111,139,234,96
159,215,119,139,234,102
159,215,127,141,234,107
159,215,135,141,234,113
159,215,143,142,234,119
159,215,151,142,233,125
159,215,159,143,233,131
159,215,167,143,232,138
159,215,175,144,232,145
159,215,183,144,232,153
159,215,191,145,232,162
159,215,199,145,232,171
159,215,207,146,231,182
159,215,215,146,229,195
159,215,223,146,226,208
159,215,231,146,222,222
159,215,239,145,216,235
159,215,247,144,209,246
159,215,255,142,202,252
159,223,0,117,234,31
159,223,7,118,234,33
159,223,15,118,235,35
159,223,23,120,235,38
159,223,31,121,236,42
159,223,39,123,237,48
159,223,47,125,239,54
159,223,55,126,240,58
159,223,63,128,241,63
159,223,71,129,242,68
159,223,79,131,243,73
159,223,87,132,243,79
159,223,95,134,243,84
159,223,103,135,243,89
159,223,111,136,243,95
159,223,119,137,243,100
159,223,127,138,243,106
159,223,135,139,243,111
159,223,143,140,243,117
159,223,151,141,243,123
159,223,159,142,243,130
159,223,167,142,242,136
159,223,175,143,242,143
159,223,183,143,241,150
159,223,191,144,241,158
159,223,199,144,241,168
159,223,207,145,241,178
159,223,215,146,240,190
159,223,223,146,238,203
159,223,231,146,235,216
159,223,239,146,231,230
159,223,247,145,225,243
159,223,255,144,219,253
159,231,0,115,241,32
159,231,7,115,241,34
159,231,15,116,242,36
159,231,23,117,242,38
159,231,31,118,243,42
159,231,39,120,244,46
159,231,47,122,245,52
159,231,55,124,246,58
159,231,63,125,247,62
159,231,71,127,247,67
159,231,79,128,248,72
159,231,87,130,249,77
159,231,95,131,249,82
159,231,103,133,250,88
159,231,111,134,250,93
159,231,119,135,250,99
159,231,127,136,250,104
159,231,135,137,250,110
159,231,143,138,250,115
159,231,151,139,249,121
159,231,159,140,249,127
159,231,167,141,249,134
159,231,175,141,249,140
159,231,183,142,249,148
159,231,191,143,249,156
159,231,199,143,248,164
159,231,207,144,248,174
159,231,215,145,248,185
159,231,223,146,247,197
159,231,231,146,246,211
159,231,239,146,243,225
159,231,247,146,239,239
159,231,255,145,234,249
159,239,0,112,246,32
159,239,7,113,247,34
159,239,15,114,247,36
159,239,23,115,248,40
159,239,31,116,248,43
159,239,39,117,249,46
159,239,47,119,250,51
159,239,55,121,250,56
159,239,63,123,251,61
159,239,71,124,251,66
159,239,79,126,252,71
159,239,87,127,252,76
159,239,95,129,253,81
159,239,103,130,253,86
159,239,111,132,253,92
159,239,119,133,253,97
159,239,127,134,254,102
159,239,135,135,254,108
159,239,143,136,254,113
159,239,151,137,254,119
159,239,159,138,254,125
159,239,167,139,253,131
159,239,175,140,253,138
159,239,183,140,253,145
159,239,191,141,253,152
159,239,199,142,253,160
159,239,207,143,253,170
159,239,215,144,253,181
159,239,223,144,253,192
159,239,231,145,252,205
159,239,239,145,251,219
159,239,247,145,249,233
159,239,255,145,247,247
159,247,0,110,250,31
159,247,7,111,250,33
159,247,15,111,250,35
159,247,23,112,251,39
159,247,31,114,252,43
159,247,39,115,252,47
159,247,47,116,253,50
159,247,55,118,253,54
159,247,63,120,254,59
159,247,71,122,254,64
159,247,79,123,254,69
159,247,87,125,254,74
159,247,95,127,255,80
159,247,103,128,255,85
159,247,111,129,255,90
159,247,119,131,255,95
159,247,127,132,255,100
159,247,135,133,255,106
159,247,143,134,255,111
159,247,151,135,255,117
159,247,159,136,255,123
159,247,167,137,255,129
159,247,175,138,255,135
159,247,183,139,255,142
159,247,191,139,255,149
159,247,199,140,255,157
159,247,207,141,255,165
159,247,215,142,255,176
159,247,223,143,255,187
159,247,231,144,255,200
159,247,239,144,255,213
159,247,247,144,254,227
159,247,255,144,253,240
159,255,0,108,253,32
159,255,7,109,253,34
159,255,15,109,253,35
159,255,23,110,253,38
159,255,31,111,254,41
159,255,39,113,254,46
159,255,47,114,254,50
159,255,55,116,254,54
159,255,63,117,255,58
159,255,71,119,255,62
159,255,79,121,255,67
159,255,87,122,255,73
159,255,95,124,255,78
159,255,103,126,255,84
159,255,111,127,255,89
159,255,119,129,255,94
159,255,127,130,255,99
159,255,135,131,255,104
159,255,143,133,255,110
159,255,151,134,255,115
159,255,159,135,255,121
159,255,167,135,255,127
159,255,175,136,255,133
159,255,183,137,255,139
159,255,191,137,255,146
159,255,199,138,255,154
159,255,207,139,255,162
159,255,215,140,255,171
159,255,223,140,255,182
159,255,231,141,255,194
159,255,239,142,255,207
159,255,247,143,255,221
159,255,255,144,255,234
167,0,0,149,2,22
167,0,7,150,2,29
167,0,15,150,2,35
167,0,23,151,3,42
167,0,31,151,3,49
167,0,39,151,4,57
167,0,47,150,4,65
167,0,55,150,4,73
167,0,63,149,4,81
167,0,71,149,3,90
167,0,79,148,3,101
167,0,87,148,3,113
167,0,95,147,3,127
167,0,103,146,3,143
167,0,111,145,3,161
167,0,119,143,6,179
167,0,127,141,8,196
167,0,135,139,12,209
167,0,143,135,16,220
167,0,151,132,20,227
167,0,159,128,24,232
167,0,167,124,27,235
167,0,175,120,31,238
167,0,183,116,34,240
167,0,191,113,36,241
167,0,199,109,38,243
167,0,207,106,38,245
167,0,215,104,39,247
167,0,223,101,40,250
167,0,231,99,40,252
167,0,239,97,41,253
167,0,247,96,41,254
167,0,255,94,43,255
167,7,0,148,3,22
167,7,7,149,3,29
167,7,15,150,3,35
167,7,23,150,4,42
167,7,31,150,5,49
167,7,39,150,5,57
167,7,47,150,5,64
167,7,55,149,5,72
167,7,63,149,5,80
167,7,71,148,5,89
167,7,79,148,5,99
167,7,87,147,4,111
167,7,95,147,4,125
167,7,103,146,4,141
167,7,111,145,5,158
167,7,119,143,7,176
167,7,127,141,10,192
167,7,135,139,14,206
167,7,143,136,18,218
167,7,151,132,22,225
167,7,159,128,26,231
167,7,167,124,30,235
167,7,175,120,33,238
167,7,183,117,36,240
167,7,191,113,39,241
167,7,199,110,41,243
167,7,207,107,42,245
167,7,215,105,43,247
167,7,223,102,43,249
167,7,231,100,43,251
167,7,239,98,43,253
167,7,247,97,44,254
167,7,255,95,45,255
167,15,0,147,4,22
167,15,7,148,4,28
167,15,15,149,5,34
167,15,23,149,5,41
167,15,31,149,6,49
167,15,39,149,7,56
167,15,47,149,7,64
167,15,55,149,7,71
167,15,63,148,7,79
167,15,71,148,7,88
167,15,79,147,7,98
167,15,87,147,7,109
167,15,95,146,6,122
167,15,103,146,7,138
167,15,111,145,8,154
167,15,119,143,10,171
167,15,127,142,12,188
167,15,135,139,16,203
167,15,143,136,21,215
167,15,151,133,25,223
167,15,159,129,29,229
167,15,167,125,33,234
167,15,175,121,36,237
167,15,183,117,39,239
167,15,191,114,42,241
167,15,199,111,44,243
167,15,207,108,46,245
167,15,215,105,47,247
167,15,223,103,47,249
167,15,231,101,47,251
167,15,239,99,46,253
167,15,247,97,46,254
167,15,255,96,47,255
167,23,0,146,6,22
167,23,7,147,6,28
167,23,15,148,7,34
167,23,23,148,8,41
167,23,31,149,9,48
167,23,39,148,10,55
167,23,47,148,10,63
167,23,55,148,11,70
167,23,63,147,11,77
167,23,71,147,10,86
167,23,79,147,10,95
167,23,87,146,10,106
167,23,95,146,10,119
167,23,103,145,11,134
167,23,111,145,12,149
167,23,119,144,13,166
167,23,127,142,16,183
167,23,135,140,20,197
167,23,143,137,25,210
167,23,151,133,29,219
167,23,159,130,34,227
167,23,167,126,37,232
167,23,175,122,40,237
167,23,183,118,43,239
167,23,191,114,46,241
167,23,199,111,48,243
167,23,207,109,50,245
167,23,215,106,52,247
167,23,223,104,52,249
167,23,231,102,51,251
167,23,239,100,50,253
167,23,247,98,50,254
167,23,255,97,51,255
167,31,0,145,9,22
167,31,7,146,10,28
167,31,15,147,11,34
167,31,23,147,12,41
167,31,31,147,13,48
167,31,39,147,14,55
167,31,47,147,15,62
167,31,55,147,16,68
167,31,63,146,16,76
167,31,71,146,16,84
167,31,79,146,16,93
167,31,87,146,16,103
167,31,95,146,16,115
167,31,103,145,17,129
167,31,111,144,17,143
167,31,119,144,19,159
167,31,127,142,21,176
167,31,135,140,24,191
167,31,143,137,29,204
167,31,151,134,34,214
167,31,159,131,39,223
167,31,167,127,42,230
167,31,175,123,45,236
167,31,183,119,48,239
167,31,191,115,50,242
167,31,199,112,52,243
167,31,207,110,54,245
167,31,215,107,56,247
167,31,223,105,57,249
167,31,231,103,57,251
167,31,239,101,56,252
167,31,247,100,55,254
167,31,255,99,55,255
167,39,0,144,15,22
167,39,7,145,16,28
167,39,15,146,17,34
167,39,23,146,18,40
167,39,31,147,19,47
167,39,39,146,20,54
167,39,47,146,21,61
167,39,55,146,22,67
167,39,63,146,22,74
167,39,71,145,22,82
167,39,79,145,23,90
167,39,87,145,23,99
167,39,95,145,23,110
167,39,103,145,23,123
167,39,111,144,24,137
167,39,119,143,25,152
167,39,127,142,27,168
167,39,135,141,29,183
167,39,143,138,33,197
167,39,151,135,38,210
167,39,159,132,42,220
167,39,167,128,47,229
167,39,175,124,51,235
167,39,183,120,53,239
167,39,191,117,55,242
167,39,199,114,57,244
167,39,207,111,59,245
167,39,215,108,60,247
167,39,223,106,61,249
167,39,231,104,61,250
167,39,239,103,62,252
167,39,247,101,60,253
167,39,255,100,60,254
167,47,0,143,22,21
167,47,7,144,23,27
167,47,15,145,24,34
167,47,23,145,25,39
167,47,31,146,27,46
167,47,39,146,28,53
167,47,47,145,29,60
167,47,55,145,29,66
167,47,63,145,29,73
167,47,71,145,30,80
167,47,79,145,30,88
167,47,87,145,30,97
167,47,95,145,30,107
167,47,103,144,30,118
167,47,111,144,31,132
167,47,119,143,32,145
167,47,127,142,33,160
167,47,135,141,35,175
167,47,143,139,39,190
167,47,151,136,42,204
167,47,159,133,46,216
167,47,167,129,50,227
167,47,175,126,54,234
167,47,183,122,57,240
167,47,191,118,60,242
167,47,199,115,62,244
167,47,207,112,63,245
167,47,215,110,64,247
167,47,223,108,64,249
167,47,231,106,65,251
167,47,239,104,65,252
167,47,247,103,65,253
167,47,255,102,65,254
167,55,0,142,31,22
167,55,7,143,32,27
167,55,15,144,33,33
167,55,23,144,34,39
167,55,31,145,35,46
167,55,39,145,36,52
167,55,47,145,37,58
167,55,55,144,37,65
167,55,63,144,38,71
167,55,71,144,38,78
167,55,79,144,38,86
167,55,87,144,38,94
167,55,95,144,38,104
167,55,103,144,38,115
167,55,111,144,38,127
167,55,119,143,38,140
167,55,127,142,40,153
167,55,135,141,42,168
167,55,143,139,44,183
167,55,151,137,48,198
167,55,159,134,51,212
167,55,167,131,54,225
167,55,175,127,57,233
167,55,183,123,60,240
167,55,191,120,63,242
167,55,199,117,65,244
167,55,207,114,67,246
167,55,215,111,68,247
167,55,223,109,68,249
167,55,231,107,68,251
167,55,239,106,68,252
167,55,247,104,68,253
167,55,255,103,67,254
167,63,0,142,39,22
167,63,7,143,40,27
167,63,15,143,41,33
167,63,23,144,42,39
167,63,31,144,42,45
167,63,39,144,43,52
167,63,47,144,44,58
167,63,55,144,45,64
167,63,63,144,45,70
167,63,71,144,46,77
167,63,79,144,46,84
167,63,87,143,46,92
167,63,95,143,46,101
167,63,103,143,46,111
167,63,111,143,46,122
167,63,119,143,46,135
167,63,127,142,46,148
167,63,135,141,48,162
167,63,143,140,50,177
167,63,151,138,52,192
167,63,159,136,55,208
167,63,167,132,58,221
167,63,175,129,61,232
167,63,183,125,63,239
167,63,191,122,66,243
167,63,199,118,68,245
167,63,207,115,69,246
167,63,215,113,70,248
167,63,223,111,71,249
167,63,231,109,71,251
167,63,239,107,71,252
167,63,247,106,70,253
167,63,255,105,70,254
167,71,0,142,48,21
167,71,7,142,48,26
167,71,15,143,49,32
167,71,23,144,50,39
167,71,31,144,51,45
167,71,39,144,51,51
167,71,47,144,52,57
167,71,55,144,53,63
167,71,63,143,53,69
167,71,71,143,53,76
167,71,79,143,53,83
167,71,87,143,53,90
167,71,95,143,53,98
167,71,103,143,53,108
167,71,111,143,53,118
167,71,119,142,53,130
167,71,127,142,53,142
167,71,135,141,54,155
167,71,143,140,56,170
167,71,151,139,58,186
167,71,159,137,60,203
167,71,167,134,62,217
167,71,175,131,65,231
167,71,183,127,67,238
167,71,191,123,69,243
167,71,199,120,71,245
167,71,207,117,72,246
167,71,215,115,73,248
167,71,223,112,73,249
167,71,231,110,73,251
167,71,239,108,73,252
167,71,247,107,73,253
167,71,255,106,73,254
167,79,0,142,57,22
167,79,7,142,57,26
167,79,15,143,58,32
167,79,23,143,58,38
167,79,31,144,59,45
167,79,39,144,59,50
167,79,47,143,60,56
167,79,55,143,61,62
167,79,63,143,61,68
167,79,71,143,61,75
167,79,79,143,62,81
167,79,87,142,61,88
167,79,95,142,61,96
167,79,103,142,61,104
167,79,111,142,61,114
167,79,119,142,61,124
167,79,127,142,61,136
167,79,135,141,61,149
167,79,143,141,62,164
167,79,151,140,63,179
167,79,159,138,65,196
167,79,167,136,67,213
167,79,175,132,69,227
167,79,183,129,71,237
167,79,191,125,72,242
167,79,199,122,74,245
167,79,207,119,75,247
167,79,215,116,76,248
167,79,223,114,76,250
167,79,231,112,76,251
167,79,239,110,76,252
167,79,247,109,76,254
167,79,255,108,75,254
167,87,0,142,66,23
167,87,7,142,66,27
167,87,15,143,66,32
167,87,23,143,67,38
167,87,31,144,67,45
167,87,39,143,68,50
167,87,47,143,68,56
167,87,55,143,69,61
167,87,63,143,69,67
167,87,71,143,69,74
167,87,79,143,70,80
167,87,87,142,69,87
167,87,95,142,69,94
167,87,103,142,69,102
167,87,111,142,69,110
167,87,119,142,69,120
167,87,127,141,69,131
167,87,135,141,69,143
167,87,143,141,69,156
167,87,151,140,70,172
167,87,159,139,71,189
167,87,167,137,72,206
167,87,175,134,74,221
167,87,183,131,75,235
167,87,191,128,76,241
167,87,199,124,78,246
167,87,207,121,78,247
167,87,215,118,79,248
167,87,223,116,79,250
167,87,231,113,78,252
167,87,239,111,78,253
167,87,247,110,78,254
167,87,255,109,78,254
167,95,0,142,74,23
167,95,7,143,75,28
167,95,15,143,75,32
167,95,23,143,75,37
167,95,31,144,76,44
167,95,39,144,76,50
167,95,47,143,77,55
167,95,55,143,77,61
167,95,63,143,77,67
167,95,71,143,78,73
167,95,79,142,78,79
167,95,87,142,78,85
167,95,95,142,78,92
167,95,103,142,77,99
167,95,111,142,77,107
167,95,119,141,77,116
167,95,127,141,76,126
167,95,135,141,76,137
167,95,143,141,76,150
167,95,151,140,77,165
167,95,159,139,78,181
167,95,167,138,79,198
167,95,175,136,79,215
167,95,183,133,80,228
167,95,191,129,81,239
167,95,199,126,82,244
167,95,207,123,82,248
167,95,215,120,83,249
167,95,223,117,82,250
167,95,231,115,82,252
167,95,239,113,81,253
167,95,247,111,81,253
167,95,255,110,80,254
167,103,0,142,83,23
167,103,7,143,83,28
167,103,15,143,84,34
167,103,23,143,84,38
167,103,31,144,84,44
167,103,39,144,85,51
167,103,47,144,85,55
167,103,55,143,86,61
167,103,63,143,86,66
167,103,71,143,86,72
167,103,79,143,86,78
167,103,87,142,86,84
167,103,95,142,86,91
167,103,103,142,85,98
167,103,111,142,85,105
167,103,119,141,84,113
167,103,127,141,84,122
167,103,135,141,84,132
167,103,143,140,84,144
167,103,151,140,84,158
167,103,159,140,84,174
167,103,167,139,85,190
167,103,175,138,85,208
167,103,183,135,86,223
167,103,191,132,86,235
167,103,199,128,87,243
167,103,207,125,87,248
167,103,215,122,87,250
167,103,223,119,86,251
167,103,231,117,86,252
167,103,239,115,85,253
167,103,247,113,84,254
167,103,255,112,83,253
167,111,0,143,91,24
167,111,7,143,92,28
167,111,15,143,92,34
167,111,23,144,92,39
167,111,31,144,92,44
167,111,39,144,93,50
167,111,47,144,93,56
167,111,55,144,93,61
167,111,63,144,94,66
167,111,71,143,94,72
167,111,79,143,94,78
167,111,87,143,94,84
167,111,95,142,93,90
167,111,103,142,93,96
167,111,111,142,93,103
167,111,119,141,92,110
167,111,127,141,92,119
167,111,135,141,92,128
167,111,143,141,91,139
167,111,151,141,91,152
167,111,159,141,91,166
167,111,167,140,92,183
167,111,175,139,92,200
167,111,183,137,92,216
167,111,191,134,92,229
167,111,199,131,92,241
167,111,207,127,92,246
167,111,215,124,91,250
167,111,223,122,91,252
167,111,231,119,90,252
167,111,239,117,89,253
167,111,247,115,88,253
167,111,255,113,86,253
167,119,0,143,100,24
167,119,7,143,100,28
167,119,15,144,100,33
167,119,23,144,100,40
167,119,31,144,101,45
167,119,39,144,101,50
167,119,47,144,101,56
167,119,55,144,101,61
167,119,63,144,102,66
167,119,71,144,102,72
167,119,79,144,102,77
167,119,87,143,101,83
167,119,95,143,101,89
167,119,103,143,101,95
167,119,111,142,100,102
167,119,119,142,100,109
167,119,127,142,99,116
167,119,135,141,99,125
167,119,143,141,99,134
167,119,151,141,98,146
167,119,159,141,98,160
167,119,167,141,98,176
167,119,175,140,98,193
167,119,183,138,98,209
167,119,191,136,98,224
167,119,199,133,97,235
167,119,207,130,97,244
167,119,215,127,96,248
167,119,223,124,96,251
167,119,231,121,94,253
167,119,239,119,93,254
167,119,247,117,92,254
167,119,255,116,90,253
167,127,0,143,108,25
167,127,7,143,108,29
167,127,15,144,108,33
167,127,23,144,109,39
167,127,31,144,109,46
167,127,39,144,109,51
167,127,47,145,109,56
167,127,55,145,110,61
167,127,63,145,110,66
167,127,71,144,110,72
167,127,79,144,110,77
167,127,87,144,109,83
167,127,95,144,109,89
167,127,103,143,109,95
167,127,111,143,108,101
167,127,119,143,108,107
167,127,127,142,107,115
167,127,135,142,107,123
167,127,143,142,106,131
167,127,151,141,106,142
167,127,159,141,106,155
167,127,167,141,105,169
167,127,175,141,105,186
167,127,183,140,105,203
167,127,191,138,104,218
167,127,199,135,104,231
167,127,207,132,103,241
167,127,215,129,102,247
167,127,223,126,101,251
167,127,231,124,100,253
167,127,239,122,98,254
167,127,247,120,97,254
167,127,255,118,95,253
167,135,0,143,117,26
167,135,7,143,117,29
167,135,15,143,117,33
167,135,23,144,117,38
167,135,31,144,117,45
167,135,39,145,118,51
167,135,47,145,118,56
167,135,55,145,118,61
167,135,63,145,118,66
167,135,71,145,118,72
167,135,79,145,118,77
167,135,87,145,117,83
167,135,95,144,117,89
167,135,103,144,116,94
167,135,111,144,116,100
167,135,119,143,115,106
167,135,127,143,115,113
167,135,135,143,114,121
167,135,143,142,114,129
167,135,151,142,113,138
167,135,159,142,113,150
167,135,167,142,113,164
167,135,175,142,113,179
167,135,183,141,112,196
167,135,191,139,111,211
167,135,199,137,110,226
167,135,207,135,109,237
167,135,215,132,108,245
167,135,223,129,107,250
167,135,231,126,105,253
167,135,239,124,104,254
167,135,247,122,102,254
167,135,255,120,101,254
167,143,0,143,125,27
167,143,7,143,126,30
167,143,15,143,126,34
167,143,23,144,126,38
167,143,31,144,126,44
167,143,39,145,126,51
167,143,47,145,126,56
167,143,55,145,127,61
167,143,63,145,127,67
167,143,71,146,127,72
167,143,79,146,126,77
167,143,87,145,126,83
167,143,95,145,125,89
167,143,103,145,125,94
167,143,111,145,124,100
167,143,119,144,123,106
167,143,127,144,123,112
167,143,135,143,122,119
167,143,143,143,121,127
167,143,151,143,121,135
167,143,159,143,121,146
167,143,167,143,120,158
167,143,175,143,120,173
167,143,183,142,120,189
167,143,191,141,119,205
167,143,199,139,117,220
167,143,207,137,116,234
167,143,215,134,114,242
167,143,223,131,113,248
167,143,231,129,111,251
167,143,239,127,109,254
167,143,247,124,108,254
167,143,255,122,106,254
167,151,0,142,134,29
167,151,7,142,134,33
167,151,15,143,134,37
167,151,23,143,135,41
167,151,31,144,135,45
167,151,39,144,135,51
167,151,47,145,135,57
167,151,55,145,135,61
167,151,63,146,136,67
167,151,71,146,135,72
167,151,79,146,135,77
167,151,87,146,135,83
167,151,95,146,134,89
167,151,103,146,134,94
167,151,111,146,133,100
167,151,119,145,132,106
167,151,127,145,131,112
167,151,135,144,130,118
167,151,143,144,130,125
167,151,151,144,129,133
167,151,159,144,129,143
167,151,167,144,129,154
167,151,175,144,128,167
167,151,183,143,128,182
167,151,191,142,127,198
167,151,199,141,125,214
167,151,207,139,124,228
167,151,215,137,122,239
167,151,223,134,120,245
167,151,231,132,118,250
167,151,239,129,116,253
167,151,247,127,114,255
167,151,255,125,112,255
167,159,0,141,143,30
167,159,7,141,143,33
167,159,15,142,144,37
167,159,23,143,144,42
167,159,31,143,144,46
167,159,39,144,145,51
167,159,47,144,145,56
167,159,55,145,145,62
167,159,63,146,145,67
167,159,71,146,145,72
167,159,79,146,145,77
167,159,87,147,145,83
167,159,95,147,144,89
167,159,103,147,143,94
167,159,111,146,142,100
167,159,119,146,142,105
167,159,127,146,141,111
167,159,135,145,140,118
167,159,143,145,139,124
167,159,151,145,139,132
167,159,159,145,138,140
167,159,167,145,138,150
167,159,175,145,137,163
167,159,183,145,137,177
167,159,191,144,136,192
167,159,199,143,134,207
167,159,207,141,133,222
167,159,215,139,130,234
167,159,223,136,128,243
167,159,231,134,126,249
167,159,239,132,123,252
167,159,247,130,121,254
167,159,255,128,119,255
167,167,0,139,153,30
167,167,7,140,153,33
167,167,15,141,153,36
167,167,23,141,154,41
167,167,31,142,154,47
167,167,39,143,155,51
167,167,47,144,155,56
167,167,55,145,155,61
167,167,63,145,155,67
167,167,71,146,155,72
167,167,79,147,156,78
167,167,87,147,155,83
167,167,95,147,155,89
167,167,103,147,154,94
167,167,111,147,153,100
167,167,119,147,152,105
167,167,127,147,152,111
167,167,135,146,151,117
167,167,143,146,150,124
167,167,151,146,149,130
167,167,159,146,148,138
167,167,167,146,148,147
167,167,175,146,148,158
167,167,183,146,147,172
167,167,191,146,146,186
167,167,199,145,145,201
167,167,207,143,143,216
167,167,215,141,140,229
167,167,223,139,137,239
167,167,231,137,134,246
167,167,239,134,131,252
167,167,247,132,128,254
167,167,255,130,125,255
167,175,0,138,163,30
167,175,7,139,163,33
167,175,15,139,163,36
167,175,23,140,164,40
167,175,31,141,165,46
167,175,39,142,165,52
167,175,47,143,166,57
167,175,55,144,166,61
167,175,63,145,167,67
167,175,71,145,167,72
167,175,79,146,167,77
167,175,87,147,167,83
167,175,95,147,166,89
167,175,103,147,166,94
167,175,111,147,165,100
167,175,119,147,164,105
167,175,127,147,163,111
167,175,135,147,163,117
167,175,143,147,162,123
167,175,151,147,161,130
167,175,159,147,160,137
167,175,167,148,160,146
167,175,175,148,159,155
167,175,183,148,159,167
167,175,191,147,158,180
167,175,199,146,156,196
167,175,207,145,154,210
167,175,215,144,151,224
167,175,223,142,148,235
167,175,231,139,144,244
167,175,239,137,140,250
167,175,247,135,137,254
167,175,255,132,133,255
167,183,0,136,174,30
167,183,7,137,174,32
167,183,15,137,175,35
167,183,23,138,175,39
167,183,31,139,176,44
167,183,39,140,177,50
167,183,47,142,177,57
167,183,55,143,178,61
167,183,63,144,178,66
167,183,71,145,179,72
167,183,79,146,179,77
167,183,87,147,179,83
167,183,95,147,178,88
167,183,103,148,178,94
167,183,111,148,177,99
167,183,119,148,177,105
167,183,127,148,176,111
167,183,135,148,176,117
167,183,143,148,175,123
167,183,151,148,174,130
167,183,159,148,173,137
167,183,167,149,173,144
167,183,175,149,172,153
167,183,183,149,172,164
167,183,191,149,171,176
167,183,199,148,169,190
167,183,207,147,167,205
167,183,215,146,164,218
167,183,223,144,160,230
167,183,231,142,156,240
167,183,239,140,151,248
167,183,247,138,147,252
167,183,255,136,143,255
167,191,0,135,185,31
167,191,7,135,186,34
167,191,15,136,186,36
167,191,23,136,187,40
167,191,31,137,187,44
167,191,39,139,188,49
167,191,47,140,189,55
167,191,55,141,190,61
167,191,63,142,190,66
167,191,71,144,191,71
167,191,79,145,191,77
167,191,87,146,191,82
167,191,95,147,191,88
167,191,103,147,191,94
167,191,111,148,190,99
167,191,119,148,190,105
167,191,127,148,189,110
167,191,135,149,188,116
167,191,143,149,188,123
167,191,151,149,187,129
167,191,159,149,187,136
167,191,167,149,186,144
167,191,175,150,186,152
167,191,183,150,185,161
167,191,191,150,185,172
167,191,199,150,184,185
167,191,207,149,182,199
167,191,215,148,179,213
167,191,223,147,174,225
167,191,231,145,169,236
167,191,239,143,164,245
167,191,247,141,158,251
167,191,255,138,153,254
167,199,0,132,197,31
167,199,7,133,198,34
167,199,15,134,198,37
167,199,23,135,199,42
167,199,31,136,200,46
167,199,39,137,201,50
167,199,47,138,202,55
167,199,55,140,202,60
167,199,63,141,203,66
167,199,71,142,204,71
167,199,79,144,204,77
167,199,87,145,204,82
167,199,95,146,204,88
167,199,103,147,204,93
167,199,111,148,204,99
167,199,119,148,203,105
167,199,127,148,203,110
167,199,135,149,202,116
167,199,143,149,202,122
167,199,151,149,201,129
167,199,159,150,201,136
167,199,167,150,200,143
167,199,175,150,200,151
167,199,183,151,200,159
167,199,191,151,200,169
167,199,199,151,199,180
167,199,207,151,197,194
167,199,215,150,194,207
167,199,223,149,190,220
167,199,231,148,185,232
167,199,239,146,179,242
167,199,247,144,172,249
167,199,255,141,166,254
167,207,0,130,209,32
167,207,7,131,209,34
167,207,15,131,210,37
167,207,23,132,211,41
167,207,31,134,212,46
167,207,39,135,213,51
167,207,47,136,214,55
167,207,55,138,215,60
167,207,63,139,216,65
167,207,71,141,216,71
167,207,79,142,217,76
167,207,87,143,218,82
167,207,95,145,218,87
167,207,103,146,218,93
167,207,111,147,217,98
167,207,119,147,217,104
167,207,127,148,217,110
167,207,135,149,216,116
167,207,143,149,216,122
167,207,151,150,216,128
167,207,159,150,216,135
167,207,167,150,215,142
167,207,175,150,215,149
167,207,183,151,215,157
167,207,191,151,214,166
167,207,199,152,214,176
167,207,207,152,213,188
167,207,215,152,211,202
167,207,223,151,207,215
167,207,231,151,202,228
167,207,239,149,196,239
167,207,247,147,189,248
167,207,255,144,181,253
167,215,0,127,220,32
167,215,7,127,220,34
167,215,15,128,221,36
167,215,23,129,221,40
167,215,31,131,222,44
167,215,39,132,224,50
167,215,47,134,225,55
167,215,55,135,226,59
167,215,63,137,227,65
167,215,71,139,228,70
167,215,79,140,229,75
167,215,87,142,230,81
167,215,95,143,230,87
167,215,103,144,230,92
167,215,111,145,230,98
167,215,119,146,230,103
167,215,127,147,230,109
167,215,135,148,230,115
167,215,143,148,229,121
167,215,151,149,229,127
167,215,159,149,229,133
167,215,167,150,229,141
167,215,175,150,229,148
167,215,183,151,228,155
167,215,191,151,228,164
167,215,199,152,228,173
167,215,207,152,227,184
167,215,215,153,226,197
167,215,223,153,223,210
167,215,231,152,218,223
167,215,239,151,213,236
167,215,247,149,206,247
167,215,255,148,198,253
167,223,0,124,229,32
167,223,7,124,230,34
167,223,15,125,230,36
167,223,23,126,231,39
167,223,31,127,232,43
167,223,39,129,233,48
167,223,47,131,234,54
167,223,55,133,236,59
167,223,63,134,237,64
167,223,71,136,238,69
167,223,79,138,239,75
167,223,87,139,239,80
167,223,95,141,240,85
167,223,103,142,240,91
167,223,111,143,240,96
167,223,119,145,240,102
167,223,127,146,240,108
167,223,135,147,241,114
167,223,143,147,240,120
167,223,151,148,240,126
167,223,159,148,239,132
167,223,167,149,239,139
167,223,175,149,239,145
167,223,183,150,239,153
167,223,191,151,238,161
167,223,199,151,239,170
167,223,207,152,238,181
167,223,215,152,237,192
167,223,223,153,235,205
167,223,231,153,232,218
167,223,239,152,228,232
167,223,247,151,222,243
167,223,255,150,216,252
167,231,0,121,237,33
167,231,7,122,237,35
167,231,15,122,238,37
167,231,23,123,239,39
167,231,31,124,239,43
167,231,39,126,240,47
167,231,47,128,242,52
167,231,55,130,243,58
167,231,63,132,244,63
167,231,71,133,245,68
167,231,79,135,247,74
167,231,87,137,247,79
167,231,95,138,247,84
167,231,103,140,248,90
167,231,111,141,248,95
167,231,119,142,248,101
167,231,127,143,248,106
167,231,135,145,248,112
167,231,143,146,248,118
167,231,151,146,248,124
167,231,159,147,247,130
167,231,167,148,248,137
167,231,175,149,247,144
167,231,183,149,247,150
167,231,191,150,247,158
167,231,199,150,246,167
167,231,207,151,247,177
167,231,215,152,247,188
167,231,223,153,246,200
167,231,231,153,244,213
167,231,239,153,241,226
167,231,247,152,236,240
167,231,255,151,231,249
167,239,0,118,243,32
167,239,7,119,243,34
167,239,15,120,244,37
167,239,23,121,245,41
167,239,31,122,245,44
167,239,39,123,246,47
167,239,47,125,247,52
167,239,55,127,248,57
167,239,63,129,249,62
167,239,71,130,250,67
167,239,79,132,251,72
167,239,87,134,251,78
167,239,95,135,252,83
167,239,103,137,252,88
167,239,111,139,253,94
167,239,119,140,253,99
167,239,127,141,253,105
167,239,135,143,253,111
167,239,143,144,253,116
167,239,151,145,253,122
167,239,159,145,252,128
167,239,167,146,252,135
167,239,175,147,252,141
167,239,183,148,253,148
167,239,191,149,253,156
167,239,199,149,252,164
167,239,207,150,252,173
167,239,215,151,252,183
167,239,223,151,252,195
167,239,231,152,251,208
167,239,239,152,250,222
167,239,247,152,248,236
167,239,255,152,245,248
167,247,0,115,248,31
167,247,7,116,248,33
167,247,15,117,249,35
167,247,23,118,249,39
167,247,31,119,250,43
167,247,39,121,251,48
167,247,47,122,252,51
167,247,55,124,252,56
167,247,63,126,253,60
167,247,71,128,254,66
167,247,79,129,254,71
167,247,87,131,254,76
167,247,95,133,254,82
167,247,103,135,254,87
167,247,111,136,254,92
167,247,119,138,255,98
167,247,127,139,255,103
167,247,135,141,255,109
167,247,143,142,255,114
167,247,151,143,255,120
167,247,159,144,255,127
167,247,167,145,255,133
167,247,175,145,255,139
167,247,183,146,255,145
167,247,191,147,255,152
167,247,199,147,255,160
167,247,207,148,255,169
167,247,215,150,255,180
167,247,223,150,255,191
167,247,231,151,254,203
167,247,239,151,254,216
167,247,247,151,254,230
167,247,255,151,253,242
167,255,0,114,251,32
167,255,7,114,251,34
167,255,15,115,252,36
167,255,23,116,252,38
167,255,31,117,253,42
167,255,39,118,253,46
167,255,47,120,254,51
167,255,55,121,254,55
167,255,63,123,254,59
167,255,71,125,255,64
167,255,79,127,255,69
167,255,87,128,255,74
167,255,95,130,255,80
167,255,103,132,255,86
167,255,111,134,255,91
167,255,119,136,255,97
167,255,127,137,255,102
167,255,135,138,255,107
167,255,143,140,255,113
167,255,151,141,255,118
167,255,159,142,255,124
167,255,167,143,255,130
167,255,175,144,255,137
167,255,183,144,255,143
167,255,191,145,255,150
167,255,199,145,255,157
167,255,207,146,255,166
167,255,215,147,255,175
167,255,223,148,255,186
167,255,231,149,255,198
167,255,239,150,255,212
167,255,247,150,255,224
167,255,255,151,255,237
175,0,0,155,2,23
175,0,7,156,2,29
175,0,15,157,2,36
175,0,23,157,2,42
175,0,31,158,2,49
175,0,39,158,2,57
175,0,47,158,2,65
175,0,55,158,2,73
175,0,63,157,2,81
175,0,71,157,1,89
175,0,79,157,1,100
175,0,87,156,2,112
175,0,95,156,3,126
175,0,103,155,4,142
175,0,111,154,6,158
175,0,119,152,7,176
175,0,127,150,9,192
175,0,135,147,11,206
175,0,143,144,15,217
175,0,151,140,19,224
175,0,159,136,23,231
175,0,167,131,28,235
175,0,175,126,32,238
175,0,183,122,36,239
175,0,191,118,38,241
175,0,199,115,39,243
175,0,207,112,40,245
175,0,215,109,41,247
175,0,223,107,41,250
175,0,231,104,41,252
175,0,239,102,42,253
175,0,247,101,43,255
175,0,255,100,44,255
175,7,0,155,2,23
175,7,7,156,3,29
175,7,15,157,3,36
175,7,23,157,3,42
175,7,31,157,4,49
175,7,39,157,4,57
175,7,47,157,4,64
175,7,55,157,4,72
175,7,63,157,4,80
175,7,71,157,4,88
175,7,79,156,3,98
175,7,87,156,3,110
175,7,95,155,4,124
175,7,103,155,5,139
175,7,111,154,7,155
175,7,119,152,9,173
175,7,127,150,11,189
175,7,135,148,13,203
175,7,143,144,17,214
175,7,151,140,21,223
175,7,159,136,26,229
175,7,167,131,30,234
175,7,175,127,34,237
175,7,183,123,38,239
175,7,191,119,41,241
175,7,199,115,43,243
175,7,207,112,44,245
175,7,215,110,44,247
175,7,223,107,44,249
175,7,231,105,44,251
175,7,239,103,44,253
175,7,247,101,45,254
175,7,255,100,47,255
175,15,0,154,4,23
175,15,7,155,4,29
175,15,15,156,5,35
175,15,23,156,5,42
175,15,31,157,6,49
175,15,39,157,6,56
175,15,47,157,6,64
175,15,55,157,7,71
175,15,63,156,6,79
175,15,71,156,6,87
175,15,79,156,6,97
175,15,87,156,6,109
175,15,95,155,6,121
175,15,103,154,7,136
175,15,111,154,8,151
175,15,119,152,11,169
175,15,127,150,13,185
175,15,135,148,16,200
175,15,143,145,20,211
175,15,151,141,24,221
175,15,159,136,28,228
175,15,167,132,33,233
175,15,175,127,37,237
175,15,183,123,40,239
175,15,191,119,44,241
175,15,199,116,47,243
175,15,207,113,47,245
175,15,215,110,47,247
175,15,223,108,47,249
175,15,231,106,47,251
175,15,239,104,47,253
175,15,247,102,48,254
175,15,255,101,49,255
175,23,0,153,6,22
175,23,7,154,7,28
175,23,15,155,7,35
175,23,23,156,8,41
175,23,31,156,9,49
175,23,39,156,9,56
175,23,47,156,10,63
175,23,55,156,10,70
175,23,63,156,10,78
175,23,71,155,10,86
175,23,79,155,10,95
175,23,87,155,10,106
175,23,95,155,10,119
175,23,103,154,11,132
175,23,111,153,12,147
175,23,119,152,14,164
175,23,127,150,16,180
175,23,135,148,19,195
175,23,143,145,24,207
175,23,151,141,28,218
175,23,159,137,32,226
175,23,167,133,36,232
175,23,175,128,40,236
175,23,183,124,44,239
175,23,191,120,47,241
175,23,199,117,50,243
175,23,207,114,52,245
175,23,215,111,52,247
175,23,223,109,51,249
175,23,231,107,51,251
175,23,239,105,51,253
175,23,247,103,51,254
175,23,255,102,52,255
175,31,0,152,9,22
175,31,7,153,10,28
175,31,15,154,11,35
175,31,23,155,12,41
175,31,31,155,13,48
175,31,39,155,14,55
175,31,47,155,15,62
175,31,55,155,15,69
175,31,63,155,15,76
175,31,71,155,15,84
175,31,79,155,15,93
175,31,87,154,15,103
175,31,95,154,16,115
175,31,103,154,16,128
175,31,111,153,17,143
175,31,119,152,18,158
175,31,127,151,21,174
175,31,135,149,24,189
175,31,143,145,29,202
175,31,151,142,33,214
175,31,159,138,37,223
175,31,167,134,41,230
175,31,175,129,45,235
175,31,183,125,48,239
175,31,191,121,51,241
175,31,199,118,54,243
175,31,207,115,56,245
175,31,215,112,58,247
175,31,223,110,57,249
175,31,231,108,56,251
175,31,239,106,56,252
175,31,247,105,55,254
175,31,255,103,55,255
175,39,0,151,14,22
175,39,7,152,15,28
175,39,15,153,17,34
175,39,23,153,18,41
175,39,31,154,19,47
175,39,39,154,20,54
175,39,47,154,21,61
175,39,55,154,22,68
175,39,63,154,22,75
175,39,71,154,22,82
175,39,79,154,22,91
175,39,87,154,22,100
175,39,95,154,22,111
175,39,103,153,23,123
175,39,111,153,23,137
175,39,119,152,24,152
175,39,127,151,26,167
175,39,135,149,29,182
175,39,143,146,33,196
175,39,151,143,38,208
175,39,159,139,43,219
175,39,167,135,46,228
175,39,175,131,50,234
175,39,183,126,53,239
175,39,191,122,55,242
175,39,199,119,58,244
175,39,207,116,59,245
175,39,215,113,61,247
175,39,223,111,62,249
175,39,231,109,63,250
175,39,239,107,61,252
175,39,247,106,60,253
175,39,255,105,59,255
175,47,0,150,21,22
175,47,7,151,22,28
175,47,15,152,23,34
175,47,23,153,25,41
175,47,31,153,26,47
175,47,39,153,27,54
175,47,47,153,28,60
175,47,55,153,29,66
175,47,63,153,30,73
175,47,71,153,30,80
175,47,79,153,30,88
175,47,87,153,30,97
175,47,95,153,30,107
175,47,103,153,30,119
175,47,111,153,30,132
175,47,119,152,31,146
175,47,127,151,33,160
175,47,135,149,35,175
175,47,143,147,38,189
175,47,151,144,42,203
175,47,159,140,46,215
175,47,167,136,50,226
175,47,175,132,54,233
175,47,183,127,57,239
175,47,191,124,59,242
175,47,199,120,62,244
175,47,207,117,63,245
175,47,215,114,65,247
175,47,223,112,65,249
175,47,231,110,66,250
175,47,239,109,66,252
175,47,247,108,65,253
175,47,255,107,64,254
175,55,0,149,29,22
175,55,7,150,30,27
175,55,15,151,31,33
175,55,23,152,33,40
175,55,31,152,34,46
175,55,39,152,35,53
175,55,47,152,36,59
175,55,55,152,37,65
175,55,63,152,37,72
175,55,71,152,37,79
175,55,79,152,37,86
175,55,87,152,37,95
175,55,95,152,38,104
175,55,103,152,38,115
175,55,111,152,38,127
175,55,119,152,38,140
175,55,127,151,40,153
175,55,135,149,41,167
175,55,143,147,44,182
175,55,151,145,47,197
175,55,159,141,50,211
175,55,167,137,54,223
175,55,175,133,57,233
175,55,183,129,60,239
175,55,191,125,63,243
175,55,199,121,65,244
175,55,207,118,67,246
175,55,215,116,68,247
175,55,223,113,68,249
175,55,231,112,68,251
175,55,239,110,68,252
175,55,247,109,68,253
175,55,255,108,68,254
175,63,0,149,38,22
175,63,7,149,39,27
175,63,15,150,40,33
175,63,23,151,41,40
175,63,31,151,42,46
175,63,39,151,43,52
175,63,47,151,44,58
175,63,55,151,45,64
175,63,63,151,45,71
175,63,71,151,45,78
175,63,79,152,45,85
175,63,87,152,45,93
175,63,95,152,45,101
175,63,103,152,45,112
175,63,111,152,45,123
175,63,119,151,45,135
175,63,127,150,46,148
175,63,135,149,47,161
175,63,143,148,50,177
175,63,151,146,52,192
175,63,159,143,55,207
175,63,167,139,58,220
175,63,175,135,61,232
175,63,183,131,63,238
175,63,191,127,66,243
175,63,199,123,68,245
175,63,207,120,70,246
175,63,215,117,71,248
175,63,223,115,71,249
175,63,231,113,71,251
175,63,239,111,71,252
175,63,247,110,71,253
175,63,255,109,71,254
175,71,0,149,46,22
175,71,7,149,47,27
175,71,15,150,48,32
175,71,23,150,49,39
175,71,31,151,50,46
175,71,39,151,51,52
175,71,47,151,51,58
175,71,55,151,52,64
175,71,63,151,53,70
175,71,71,151,53,76
175,71,79,151,53,83
175,71,87,151,53,91
175,71,95,151,53,99
175,71,103,151,53,108
175,71,111,151,53,118
175,71,119,151,53,130
175,71,127,150,53,142
175,71,135,149,54,156
175,71,143,148,55,170
175,71,151,147,57,186
175,71,159,144,60,202
175,71,167,141,62,217
175,71,175,137,65,229
175,71,183,133,67,238
175,71,191,129,69,242
175,71,199,125,71,245
175,71,207,122,72,246
175,71,215,119,73,248
175,71,223,116,74,249
175,71,231,114,74,251
175,71,239,113,74,252
175,71,247,112,74,253
175,71,255,111,73,254
175,79,0,149,55,23
175,79,7,149,56,28
175,79,15,150,56,32
175,79,23,150,57,39
175,79,31,151,58,46
175,79,39,151,59,51
175,79,47,151,60,57
175,79,55,151,60,63
175,79,63,151,61,69
175,79,71,150,61,75
175,79,79,150,61,82
175,79,87,150,61,89
175,79,95,150,61,97
175,79,103,150,61,105
175,79,111,150,61,114
175,79,119,150,60,125
175,79,127,150,61,137
175,79,135,149,61,150
175,79,143,148,62,163
175,79,151,147,63,179
175,79,159,145,65,195
175,79,167,142,67,212
175,79,175,139,69,225
175,79,183,135,71,237
175,79,191,131,73,242
175,79,199,127,74,246
175,79,207,124,75,247
175,79,215,121,76,248
175,79,223,118,76,250
175,79,231,116,76,251
175,79,239,114,76,253
175,79,247,113,76,254
175,79,255,112,76,254
175,87,0,149,64,23
175,87,7,149,64,29
175,87,15,150,65,33
175,87,23,150,66,38
175,87,31,150,66,45
175,87,39,151,67,51
175,87,47,150,68,57
175,87,55,150,68,62
175,87,63,150,69,68
175,87,71,150,69,74
175,87,79,150,69,81
175,87,87,150,69,88
175,87,95,150,69,95
175,87,103,149,69,102
175,87,111,149,69,111
175,87,119,149,68,120
175,87,127,149,68,131
175,87,135,149,68,143
175,87,143,148,69,157
175,87,151,147,70,172
175,87,159,146,71,188
175,87,167,144,72,205
175,87,175,141,74,221
175,87,183,137,75,233
175,87,191,133,76,241
175,87,199,129,78,245
175,87,207,126,79,247
175,87,215,123,79,249
175,87,223,120,79,250
175,87,231,117,79,252
175,87,239,115,79,253
175,87,247,114,78,253
175,87,255,113,78,254
175,95,0,149,73,23
175,95,7,149,73,29
175,95,15,150,74,34
175,95,23,150,74,39
175,95,31,150,75,45
175,95,39,151,75,51
175,95,47,150,76,56
175,95,55,150,77,62
175,95,63,150,77,68
175,95,71,150,77,74
175,95,79,150,77,80
175,95,87,150,77,86
175,95,95,149,77,93
175,95,103,149,77,100
175,95,111,149,77,108
175,95,119,149,76,117
175,95,127,148,76,127
175,95,135,148,76,138
175,95,143,148,76,151
175,95,151,147,76,165
175,95,159,147,77,181
175,95,167,145,78,197
175,95,175,142,79,215
175,95,183,139,80,228
175,95,191,135,81,239
175,95,199,131,82,244
175,95,207,128,83,248
175,95,215,125,83,249
175,95,223,122,83,251
175,95,231,119,82,252
175,95,239,117,82,253
175,95,247,115,81,254
175,95,255,114,80,254
175,103,0,149,81,23
175,103,7,149,82,28
175,103,15,150,82,34
175,103,23,150,83,40
175,103,31,150,83,45
175,103,39,151,84,51
175,103,47,151,84,56
175,103,55,150,85,62
175,103,63,150,85,67
175,103,71,150,85,73
175,103,79,150,85,79
175,103,87,150,85,85
175,103,95,149,85,92
175,103,103,149,85,98
175,103,111,149,85,106
175,103,119,148,84,114
175,103,127,148,84,123
175,103,135,148,84,133
175,103,143,148,83,144
175,103,151,147,84,158
175,103,159,147,84,174
175,103,167,146,85,190
175,103,175,144,85,207
175,103,183,141,86,223
175,103,191,137,86,234
175,103,199,133,87,243
175,103,207,130,87,247
175,103,215,126,87,250
175,103,223,123,87,251
175,103,231,121,86,252
175,103,239,119,85,253
175,103,247,117,85,254
175,103,255,115,83,253
175,111,0,149,90,24
175,111,7,150,90,29
175,111,15,150,91,34
175,111,23,151,91,41
175,111,31,151,92,46
175,111,39,151,92,51
175,111,47,151,92,57
175,111,55,151,93,62
175,111,63,150,93,67
175,111,71,150,93,73
175,111,79,150,93,78
175,111,87,150,93,84
175,111,95,149,93,91
175,111,103,149,93,97
175,111,111,149,92,104
175,111,119,149,92,111
175,111,127,148,91,120
175,111,135,148,91,129
175,111,143,147,91,139
175,111,151,147,91,152
175,111,159,147,91,166
175,111,167,147,91,183
175,111,175,146,92,200
175,111,183,143,92,216
175,111,191,140,92,229
175,111,199,136,92,240
175,111,207,132,92,246
175,111,215,129,91,250
175,111,223,126,91,251
175,111,231,123,90,252
175,111,239,121,89,253
175,111,247,119,88,253
175,111,255,117,87,253
175,119,0,150,98,25
175,119,7,150,99,29
175,119,15,150,99,34
175,119,23,151,99,40
175,119,31,151,100,46
175,119,39,151,100,51
175,119,47,151,100,57
175,119,55,151,101,62
175,119,63,151,101,67
175,119,71,151,101,73
175,119,79,150,101,78
175,119,87,150,101,84
175,119,95,150,101,90
175,119,103,149,100,96
175,119,111,149,100,102
175,119,119,149,99,109
175,119,127,148,99,117
175,119,135,148,98,125
175,119,143,148,98,135
175,119,151,148,98,147
175,119,159,148,98,161
175,119,167,148,98,176
175,119,175,147,98,193
175,119,183,145,98,209
175,119,191,142,98,224
175,119,199,138,97,235
175,119,207,135,97,244
175,119,215,131,96,249
175,119,223,128,96,251
175,119,231,125,95,253
175,119,239,123,94,254
175,119,247,121,92,254
175,119,255,119,91,253
175,127,0,150,107,27
175,127,7,150,107,30
175,127,15,150,107,34
175,127,23,151,107,39
175,127,31,151,108,46
175,127,39,151,108,52
175,127,47,151,108,57
175,127,55,151,109,62
175,127,63,151,109,67
175,127,71,151,109,73
175,127,79,151,109,78
175,127,87,151,109,84
175,127,95,150,108,89
175,127,103,150,108,95
175,127,111,150,107,102
175,127,119,149,107,108
175,127,127,149,106,115
175,127,135,148,106,123
175,127,143,148,105,132
175,127,151,148,105,143
175,127,159,148,105,155
175,127,167,148,105,170
175,127,175,147,105,186
175,127,183,146,105,202
175,127,191,144,104,217
175,127,199,141,103,231
175,127,207,137,103,240
175,127,215,134,102,247
175,127,223,131,101,250
175,127,231,128,100,253
175,127,239,126,99,254
175,127,247,124,97,254
175,127,255,122,96,253
175,135,0,150,115,28
175,135,7,150,115,31
175,135,15,150,115,34
175,135,23,151,116,39
175,135,31,151,116,45
175,135,39,151,116,53
175,135,47,151,117,57
175,135,55,152,117,62
175,135,63,152,117,67
175,135,71,152,117,73
175,135,79,152,117,78
175,135,87,151,116,84
175,135,95,151,116,89
175,135,103,151,116,95
175,135,111,150,115,101
175,135,119,150,114,107
175,135,127,149,114,114
175,135,135,149,113,121
175,135,143,149,113,130
175,135,151,148,112,139
175,135,159,148,112,151
175,135,167,148,112,164
175,135,175,148,112,179
175,135,183,147,112,195
175,135,191,145,111,211
175,135,199,143,110,226
175,135,207,140,109,237
175,135,215,136,108,245
175,135,223,133,106,250
175,135,231,131,105,252
175,135,239,128,104,254
175,135,247,126,102,254
175,135,255,124,101,254
175,143,0,150,123,29
175,143,7,150,124,32
175,143,15,150,124,36
175,143,23,151,124,40
175,143,31,151,124,45
175,143,39,151,125,52
175,143,47,152,125,57
175,143,55,152,125,62
175,143,63,152,125,67
175,143,71,152,125,73
175,143,79,152,125,78
175,143,87,152,125,84
175,143,95,152,124,89
175,143,103,151,123,95
175,143,111,151,123,101
175,143,119,151,122,107
175,143,127,150,122,113
175,143,135,150,121,120
175,143,143,149,120,128
175,143,151,149,120,136
175,143,159,149,120,146
175,143,167,149,120,159
175,143,175,149,119,173
175,143,183,148,119,189
175,143,191,147,118,205
175,143,199,145,117,220
175,143,207,142,115,233
175,143,215,139,114,242
175,143,223,136,113,248
175,143,231,133,111,251
175,143,239,131,109,254
175,143,247,128,108,254
175,143,255,125,106,254
175,151,0,149,132,30
175,151,7,149,132,33
175,151,15,150,132,37
175,151,23,150,133,42
175,151,31,151,133,46
175,151,39,151,133,51
175,151,47,152,134,57
175,151,55,152,134,62
175,151,63,152,134,67
175,151,71,153,134,73
175,151,79,153,134,78
175,151,87,153,133,84
175,151,95,152,133,89
175,151,103,152,132,95
175,151,111,152,131,100
175,151,119,151,131,106
175,151,127,151,130,112
175,151,135,151,129,119
175,151,143,150,129,126
175,151,151,150,128,134
175,151,159,150,128,143
175,151,167,150,127,155
175,151,175,150,127,168
175,151,183,150,127,183
175,151,191,149,126,198
175,151,199,147,124,214
175,151,207,144,123,227
175,151,215,142,121,239
175,151,223,139,119,245
175,151,231,136,118,251
175,151,239,134,116,253
175,151,247,132,114,255
175,151,255,129,112,255
175,159,0,148,140,30
175,159,7,148,140,33
175,159,15,149,141,37
175,159,23,150,141,42
175,159,31,150,142,48
175,159,39,151,142,52
175,159,47,151,142,57
175,159,55,152,143,63
175,159,63,152,143,67
175,159,71,153,143,73
175,159,79,153,143,78
175,159,87,153,143,84
175,159,95,153,142,89
175,159,103,153,141,95
175,159,111,153,141,100
175,159,119,152,140,106
175,159,127,152,139,112
175,159,135,152,138,118
175,159,143,151,138,125
175,159,151,151,137,132
175,159,159,151,137,141
175,159,167,151,136,151
175,159,175,151,136,163
175,159,183,151,136,177
175,159,191,150,135,192
175,159,199,149,133,207
175,159,207,147,132,222
175,159,215,144,130,233
175,159,223,141,127,243
175,159,231,139,125,248
175,159,239,136,123,253
175,159,247,134,120,254
175,159,255,131,118,255
175,167,0,146,149,30
175,167,7,147,149,33
175,167,15,147,150,36
175,167,23,148,150,41
175,167,31,149,151,47
175,167,39,150,152,53
175,167,47,151,152,57
175,167,55,151,152,62
175,167,63,152,153,68
175,167,71,153,153,73
175,167,79,153,153,78
175,167,87,153,153,84
175,167,95,154,152,89
175,167,103,153,151,95
175,167,111,153,150,100
175,167,119,153,150,106
175,167,127,153,149,112
175,167,135,152,148,118
175,167,143,152,147,124
175,167,151,152,147,131
175,167,159,152,146,139
175,167,167,153,146,148
175,167,175,153,146,159
175,167,183,152,145,172
175,167,191,152,144,186
175,167,199,151,143,201
175,167,207,149,141,216
175,167,215,146,139,229
175,167,223,144,136,239
175,167,231,141,133,247
175,167,239,139,130,251
175,167,247,136,127,254
175,167,255,133,124,255
175,175,0,145,159,31
175,175,7,146,159,33
175,175,15,146,159,36
175,175,23,147,160,40
175,175,31,148,161,46
175,175,39,149,161,52
175,175,47,150,162,58
175,175,55,151,163,62
175,175,63,151,163,67
175,175,71,152,163,73
175,175,79,153,163,78
175,175,87,153,163,84
175,175,95,154,163,89
175,175,103,154,163,95
175,175,111,154,162,100
175,175,119,154,161,106
175,175,127,154,160,112
175,175,135,153,160,118
175,175,143,153,159,124
175,175,151,154,158,131
175,175,159,154,158,138
175,175,167,154,157,146
175,175,175,154,156,156
175,175,183,154,156,167
175,175,191,153,155,181
175,175,199,152,154,196
175,175,207,151,152,211
175,175,215,149,149,224
175,175,223,147,146,235
175,175,231,144,142,244
175,175,239,142,139,250
175,175,247,139,136,253
175,175,255,136,132,255
175,183,0,144,169,31
175,183,7,144,169,34
175,183,15,145,170,37
175,183,23,145,170,40
175,183,31,146,171,45
175,183,39,147,172,51
175,183,47,149,173,58
175,183,55,150,173,62
175,183,63,151,174,67
175,183,71,152,175,73
175,183,79,152,175,78
175,183,87,153,175,84
175,183,95,154,175,89
175,183,103,154,174,95
175,183,111,154,174,100
175,183,119,154,173,106
175,183,127,154,172,112
175,183,135,154,172,118
175,183,143,154,171,124
175,183,151,154,171,130
175,183,159,155,170,137
175,183,167,155,169,145
175,183,175,155,169,154
175,183,183,155,168,164
175,183,191,155,168,176
175,183,199,154,166,190
175,183,207,153,164,205
175,183,215,152,162,219
175,183,223,149,158,230
175,183,231,147,154,240
175,183,239,144,149,248
175,183,247,142,145,252
175,183,255,140,141,255
175,191,0,142,180,32
175,191,7,142,181,35
175,191,15,143,181,38
175,191,23,144,182,42
175,191,31,145,182,46
175,191,39,146,183,50
175,191,47,147,184,56
175,191,55,148,185,62
175,191,63,149,185,67
175,191,71,150,186,72
175,191,79,151,186,78
175,191,87,152,187,83
175,191,95,153,187,89
175,191,103,154,186,95
175,191,111,154,186,100
175,191,119,154,186,106
175,191,127,155,185,111
175,191,135,155,185,117
175,191,143,155,184,123
175,191,151,155,183,130
175,191,159,155,183,137
175,191,167,156,182,145
175,191,175,156,182,153
175,191,183,156,182,162
175,191,191,156,181,173
175,191,199,156,180,186
175,191,207,155,178,199
175,191,215,154,175,213
175,191,223,152,171,226
175,191,231,150,167,236
175,191,239,148,161,245
175,191,247,145,156,252
175,191,255,142,151,254
175,199,0,140,191,32
175,199,7,140,191,35
175,199,15,141,192,38
175,199,23,142,193,42
175,199,31,143,194,47
175,199,39,144,195,51
175,199,47,145,196,56
175,199,55,147,197,61
175,199,63,148,197,67
175,199,71,149,198,72
175,199,79,150,199,77
175,199,87,151,199,83
175,199,95,152,199,89
175,199,103,153,199,94
175,199,111,154,199,100
175,199,119,155,199,106
175,199,127,155,198,111
175,199,135,155,198,117
175,199,143,156,197,123
175,199,151,156,197,130
175,199,159,156,197,137
175,199,167,156,196,144
175,199,175,157,196,152
175,199,183,157,196,160
175,199,191,157,195,170
175,199,199,157,195,181
175,199,207,157,194,194
175,199,215,156,191,208
175,199,223,155,186,221
175,199,231,153,181,232
175,199,239,151,176,243
175,199,247,148,170,249
175,199,255,146,164,254
175,207,0,137,203,32
175,207,7,138,203,35
175,207,15,138,204,37
175,207,23,139,205,41
175,207,31,140,206,46
175,207,39,142,207,52
175,207,47,143,208,56
175,207,55,144,209,61
175,207,63,146,210,66
175,207,71,147,211,72
175,207,79,149,211,77
175,207,87,150,212,83
175,207,95,151,212,88
175,207,103,153,212,94
175,207,111,154,212,100
175,207,119,154,212,105
175,207,127,155,212,111
175,207,135,155,212,117
175,207,143,156,212,123
175,207,151,156,211,129
175,207,159,156,211,136
175,207,167,157,211,143
175,207,175,157,211,151
175,207,183,157,211,159
175,207,191,158,211,167
175,207,199,158,210,177
175,207,207,158,209,189
175,207,215,158,207,203
175,207,223,157,203,216
175,207,231,156,199,229
175,207,239,154,192,240
175,207,247,152,185,249
175,207,255,149,178,253
175,215,0,134,214,33
175,215,7,135,214,35
175,215,15,136,215,37
175,215,23,137,216,41
175,215,31,138,217,45
175,215,39,139,218,51
175,215,47,141,219,56
175,215,55,142,221,61
175,215,63,144,222,66
175,215,71,145,223,71
175,215,79,147,224,76
175,215,87,148,225,82
175,215,95,150,225,88
175,215,103,151,225,93
175,215,111,152,226,99
175,215,119,153,226,105
175,215,127,154,225,110
175,215,135,155,225,116
175,215,143,155,225,122
175,215,151,156,225,129
175,215,159,156,224,135
175,215,167,156,224,142
175,215,175,157,224,149
175,215,183,157,224,157
175,215,191,158,224,165
175,215,199,158,224,175
175,215,207,159,223,186
175,215,215,159,222,198
175,215,223,159,219,211
175,215,231,158,214,224
175,215,239,157,209,237
175,215,247,155,202,247
175,215,255,152,195,254
175,223,0,131,224,34
175,223,7,132,224,35
175,223,15,132,225,37
175,223,23,133,226,40
175,223,31,135,227,44
175,223,39,136,228,49
175,223,47,138,229,55
175,223,55,140,231,60
175,223,63,141,232,65
175,223,71,143,233,70
175,223,79,145,234,76
175,223,87,146,235,81
175,223,95,148,236,87
175,223,103,149,236,93
175,223,111,150,237,98
175,223,119,152,237,104
175,223,127,153,237,110
175,223,135,154,237,115
175,223,143,154,236,121
175,223,151,155,236,128
175,223,159,155,236,134
175,223,167,156,236,141
175,223,175,156,236,148
175,223,183,157,236,155
175,223,191,157,235,163
175,223,199,158,235,172
175,223,207,159,235,183
175,223,215,159,234,194
175,223,223,160,233,207
175,223,231,159,230,220
175,223,239,158,225,233
175,223,247,157,219,244
175,223,255,155,213,252
175,231,0,128,232,33
175,231,7,128,233,36
175,231,15,129,234,38
175,231,23,130,234,41
175,231,31,131,235,44
175,231,39,133,236,48
175,231,47,134,238,53
175,231,55,136,239,59
175,231,63,138,241,64
175,231,71,140,241,69
175,231,79,142,243,75
175,231,87,144,243,80
175,231,95,145,244,86
175,231,103,147,245,91
175,231,111,148,245,97
175,231,119,150,245,103
175,231,127,151,245,109
175,231,135,152,245,114
175,231,143,153,246,121
175,231,151,154,245,127
175,231,159,155,245,133
175,231,167,155,245,139
175,231,175,156,245,146
175,231,183,156,245,153
175,231,191,157,245,161
175,231,199,157,245,169
175,231,207,158,245,179
175,231,215,159,244,190
175,231,223,159,243,202
175,231,231,160,241,215
175,231,239,159,238,228
175,231,247,159,234,242
175,231,255,157,229,250
175,239,0,124,239,32
175,239,7,125,240,34
175,239,15,126,240,37
175,239,23,127,241,41
175,239,31,129,242,45
175,239,39,130,243,49
175,239,47,131,244,53
175,239,55,133,246,58
175,239,63,135,247,63
175,239,71,137,248,68
175,239,79,139,249,73
175,239,87,141,250,79
175,239,95,143,251,85
175,239,103,144,251,90
175,239,111,146,251,96
175,239,119,147,251,101
175,239,127,149,251,107
175,239,135,150,251,113
175,239,143,151,251,119
175,239,151,152,251,125
175,239,159,153,251,131
175,239,167,154,251,138
175,239,175,155,252,144
175,239,183,155,251,151
175,239,191,156,251,158
175,239,199,156,251,166
175,239,207,157,251,176
175,239,215,158,251,186
175,239,223,159,251,198
175,239,231,160,251,210
175,239,239,159,249,224
175,239,247,159,246,237
175,239,255,158,243,250
175,247,0,122,245,32
175,247,7,122,245,34
175,247,15,123,246,36
175,247,23,124,246,39
175,247,31,125,247,44
175,247,39,127,249,49
175,247,47,129,249,53
175,247,55,130,250,57
175,247,63,132,251,62
175,247,71,134,252,67
175,247,79,136,253,72
175,247,87,138,253,77
175,247,95,140,254,83
175,247,103,141,254,89
175,247,111,143,254,94
175,247,119,145,255,100
175,247,127,146,255,106
175,247,135,148,255,112
175,247,143,149,255,118
175,247,151,150,255,123
175,247,159,151,254,129
175,247,167,152,254,136
175,247,175,153,254,142
175,247,183,154,254,149
175,247,191,154,254,156
175,247,199,155,255,164
175,247,207,156,254,173
175,247,215,157,254,183
175,247,223,158,254,194
175,247,231,158,254,206
175,247,239,158,254,219
175,247,247,159,253,233
175,247,255,159,252,244
175,255,0,119,250,33
175,255,7,120,250,34
175,255,15,120,251,36
175,255,23,121,251,39
175,255,31,122,252,42
175,255,39,124,253,47
175,255,47,126,254,52
175,255,55,127,254,56
175,255,63,129,254,60
175,255,71,131,254,65
175,255,79,133,255,70
175,255,87,135,255,76
175,255,95,137,255,82
175,255,103,139,255,88
175,255,111,141,255,93
175,255,119,143,255,99
175,255,127,144,255,105
175,255,135,146,255,110
175,255,143,147,255,116
175,255,151,148,255,122
175,255,159,150,255,128
175,255,167,150,255,134
175,255,175,151,255,141
175,255,183,152,255,147
175,255,191,152,255,154
175,255,199,153,255,161
175,255,207,154,255,169
175,255,215,155,255,179
175,255,223,156,255,190
175,255,231,157,255,202
175,255,239,157,255,214
175,255,247,158,255,227
175,255,255,158,255,240
183,0,0,162,1,24
183,0,7,162,1,29
183,0,15,163,1,36
183,0,23,164,2,43
183,0,31,165,2,50
183,0,39,165,3,57
183,0,47,165,3,65
183,0,55,166,4,72
183,0,63,166,4,81
183,0,71,166,4,90
183,0,79,165,4,100
183,0,87,165,5,112
183,0,95,165,5,126
183,0,103,164,6,141
183,0,111,163,6,157
183,0,119,162,7,174
183,0,127,159,8,189
183,0,135,156,10,204
183,0,143,152,14,215
183,0,151,148,18,224
183,0,159,143,23,230
183,0,167,138,28,234
183,0,175,133,33,237
183,0,183,129,36,239
183,0,191,124,38,241
183,0,199,120,40,243
183,0,207,117,41,245
183,0,215,114,42,247
183,0,223,112,42,249
183,0,231,110,43,251
183,0,239,108,44,253
183,0,247,107,45,254
183,0,255,106,44,255
183,7,0,161,1,24
183,7,7,162,2,29
183,7,15,163,2,35
183,7,23,164,2,43
183,7,31,164,3,49
183,7,39,165,3,57
183,7,47,165,4,64
183,7,55,165,4,72
183,7,63,165,5,80
183,7,71,165,5,88
183,7,79,165,5,99
183,7,87,165,6,110
183,7,95,164,6,124
183,7,103,164,7,138
183,7,111,163,8,154
183,7,119,162,9,171
183,7,127,159,10,187
183,7,135,156,12,201
183,7,143,153,16,213
183,7,151,148,20,223
183,7,159,144,25,229
183,7,167,139,30,233
183,7,175,134,35,236
183,7,183,129,39,238
183,7,191,125,41,241
183,7,199,121,43,243
183,7,207,118,43,245
183,7,215,115,44,247
183,7,223,112,45,249
183,7,231,110,45,251
183,7,239,108,46,253
183,7,247,107,47,254
183,7,255,106,47,255
183,15,0,160,3,24
183,15,7,161,3,29
183,15,15,162,4,35
183,15,23,163,4,42
183,15,31,164,5,49
183,15,39,164,5,56
183,15,47,164,6,64
183,15,55,164,6,71
183,15,63,164,6,79
183,15,71,164,6,87
183,15,79,164,7,97
183,15,87,164,7,108
183,15,95,164,8,121
183,15,103,164,9,135
183,15,111,163,10,151
183,15,119,161,11,167
183,15,127,160,13,183
183,15,135,157,15,198
183,15,143,153,19,210
183,15,151,149,23,220
183,15,159,144,28,227
183,15,167,139,33,232
183,15,175,134,38,236
183,15,183,129,42,238
183,15,191,125,44,241
183,15,199,121,46,243
183,15,207,118,47,245
183,15,215,115,47,247
183,15,223,113,48,249
183,15,231,111,48,251
183,15,239,109,49,253
183,15,247,108,49,254
183,15,255,107,50,255
183,23,0,160,5,23
183,23,7,161,5,29
183,23,15,162,6,35
183,23,23,163,7,42
183,23,31,163,8,49
183,23,39,164,9,56
183,23,47,164,9,63
183,23,55,164,10,70
183,23,63,164,10,78
183,23,71,164,10,86
183,23,79,164,10,95
183,23,87,164,10,106
183,23,95,163,11,118
183,23,103,163,12,131
183,23,111,162,13,147
183,23,119,161,14,163
183,23,127,160,16,179
183,23,135,157,19,194
183,23,143,153,22,207
183,23,151,149,27,217
183,23,159,145,31,225
183,23,167,140,36,231
183,23,175,135,41,235
183,23,183,130,45,238
183,23,191,126,49,241
183,23,199,122,51,243
183,23,207,119,51,245
183,23,215,116,52,247
183,23,223,114,52,249
183,23,231,112,52,251
183,23,239,110,52,253
183,23,247,109,52,254
183,23,255,108,53,255
183,31,0,158,8,23
183,31,7,159,9,28
183,31,15,161,10,35
183,31,23,162,11,42
183,31,31,162,12,48
183,31,39,163,13,56
183,31,47,163,14,62
183,31,55,163,15,69
183,31,63,163,15,76
183,31,71,163,15,84
183,31,79,163,15,93
183,31,87,163,15,103
183,31,95,163,16,115
183,31,103,163,16,128
183,31,111,162,17,142
183,31,119,161,19,156
183,31,127,159,21,172
183,31,135,157,24,187
183,31,143,154,27,201
183,31,151,150,31,212
183,31,159,146,36,222
183,31,167,141,40,229
183,31,175,136,44,235
183,31,183,131,48,239
183,31,191,127,52,241
183,31,199,123,55,243
183,31,207,120,57,245
183,31,215,117,57,247
183,31,223,115,57,249
183,31,231,113,56,251
183,31,239,111,56,253
183,31,247,110,56,254
183,31,255,109,56,255
183,39,0,158,14,23
183,39,7,158,15,28
183,39,15,159,16,34
183,39,23,161,17,42
183,39,31,161,18,48
183,39,39,162,20,55
183,39,47,162,21,61
183,39,55,162,21,68
183,39,63,162,22,75
183,39,71,162,22,83
183,39,79,162,22,91
183,39,87,162,22,101
183,39,95,162,22,112
183,39,103,162,22,124
183,39,111,162,23,137
183,39,119,161,24,151
183,39,127,159,26,166
183,39,135,157,29,180
183,39,143,155,33,194
183,39,151,151,37,207
183,39,159,146,41,218
183,39,167,142,45,227
183,39,175,137,49,234
183,39,183,132,52,238
183,39,191,128,55,241
183,39,199,124,58,243
183,39,207,121,61,245
183,39,215,118,62,247
183,39,223,116,62,249
183,39,231,114,61,250
183,39,239,113,61,252
183,39,247,111,60,254
183,39,255,110,60,255
183,47,0,157,20,23
183,47,7,157,22,28
183,47,15,158,23,34
183,47,23,160,24,41
183,47,31,160,26,47
183,47,39,161,27,54
183,47,47,161,28,60
183,47,55,161,29,67
183,47,63,161,29,74
183,47,71,161,30,81
183,47,79,161,30,89
183,47,87,162,30,98
183,47,95,162,30,108
183,47,103,162,30,119
183,47,111,161,30,132
183,47,119,161,31,146
183,47,127,159,32,160
183,47,135,157,35,174
183,47,143,155,38,188
183,47,151,151,42,202
183,47,159,148,46,214
183,47,167,143,50,224
183,47,175,138,53,233
183,47,183,133,56,238
183,47,191,129,59,242
183,47,199,125,62,244
183,47,207,122,64,245
183,47,215,119,65,247
183,47,223,117,66,249
183,47,231,115,66,250
183,47,239,114,66,252
183,47,247,113,65,254
183,47,255,112,64,254
183,55,0,156,28,23
183,55,7,157,29,28
183,55,15,158,30,33
183,55,23,159,32,40
183,55,31,159,33,47
183,55,39,160,34,53
183,55,47,160,36,60
183,55,55,160,36,66
183,55,63,160,37,72
183,55,71,160,38,79
183,55,79,160,38,87
183,55,87,161,38,95
183,55,95,161,38,104
183,55,103,161,38,115
183,55,111,161,38,127
183,55,119,160,38,140
183,55,127,159,39,154
183,55,135,158,41,168
183,55,143,155,43,183
183,55,151,152,47,197
183,55,159,149,50,210
183,55,167,144,54,222
183,55,175,140,57,232
183,55,183,135,60,238
183,55,191,130,63,243
183,55,199,127,65,244
183,55,207,123,67,246
183,55,215,121,68,247
183,55,223,118,69,249
183,55,231,116,69,251
183,55,239,115,69,252
183,55,247,114,69,253
183,55,255,113,68,254
183,63,0,156,36,23
183,63,7,157,37,28
183,63,15,157,38,33
183,63,23,158,40,40
183,63,31,159,41,47
183,63,39,159,42,53
183,63,47,159,43,59
183,63,55,159,44,65
183,63,63,159,45,71
183,63,71,160,45,78
183,63,79,160,45,85
183,63,87,160,45,93
183,63,95,160,45,102
183,63,103,160,45,112
183,63,111,160,45,123
183,63,119,160,45,135
183,63,127,159,46,148
183,63,135,157,47,161
183,63,143,156,49,176
183,63,151,153,52,191
183,63,159,150,55,206
183,63,167,146,58,219
183,63,175,141,61,230
183,63,183,137,63,238
183,63,191,132,66,242
183,63,199,128,68,245
183,63,207,125,70,246
183,63,215,122,71,247
183,63,223,120,72,249
183,63,231,118,72,251
183,63,239,116,72,252
183,63,247,115,71,253
183,63,255,114,71,254
183,71,0,155,45,23
183,71,7,156,46,29
183,71,15,157,47,34
183,71,23,157,48,40
183,71,31,158,49,47
183,71,39,158,50,52
183,71,47,158,51,59
183,71,55,158,52,64
183,71,63,159,53,70
183,71,71,159,53,77
183,71,79,159,53,84
183,71,87,159,53,91
183,71,95,159,53,100
183,71,103,159,53,109
183,71,111,159,53,119
183,71,119,159,52,130
183,71,127,158,53,143
183,71,135,157,54,156
183,71,143,156,55,170
183,71,151,154,57,185
183,71,159,151,60,201
183,71,167,148,62,216
183,71,175,143,64,228
183,71,183,139,67,238
183,71,191,134,69,242
183,71,199,130,71,246
183,71,207,127,73,247
183,71,215,124,74,248
183,71,223,121,74,250
183,71,231,119,74,251
183,71,239,118,74,252
183,71,247,117,74,253
183,71,255,116,74,254
183,79,0,155,53,23
183,79,7,156,54,29
183,79,15,157,55,34
183,79,23,157,56,40
183,79,31,158,57,46
183,79,39,158,58,52
183,79,47,158,59,58
183,79,55,158,60,64
183,79,63,158,60,70
183,79,71,158,61,76
183,79,79,158,61,83
183,79,87,158,61,90
183,79,95,158,61,97
183,79,103,158,61,106
183,79,111,158,61,115
183,79,119,158,60,125
183,79,127,158,60,137
183,79,135,157,61,149
183,79,143,156,61,164
183,79,151,154,63,179
183,79,159,152,65,194
183,79,167,149,67,211
183,79,175,145,69,225
183,79,183,141,71,235
183,79,191,136,73,242
183,79,199,132,74,245
183,79,207,129,75,247
183,79,215,126,76,248
183,79,223,123,77,250
183,79,231,120,77,251
183,79,239,119,77,253
183,79,247,117,77,254
183,79,255,117,76,254
183,87,0,155,62,23
183,87,7,156,63,29
183,87,15,157,64,35
183,87,23,157,64,40
183,87,31,157,65,46
183,87,39,158,66,52
183,87,47,158,67,58
183,87,55,158,68,63
183,87,63,158,68,69
183,87,71,158,69,75
183,87,79,158,69,81
183,87,87,158,69,88
183,87,95,158,69,95
183,87,103,157,69,103
183,87,111,157,68,112
183,87,119,157,68,121
183,87,127,157,68,132
183,87,135,156,68,144
183,87,143,156,69,157
183,87,151,155,69,172
183,87,159,153,71,188
183,87,167,151,72,204
183,87,175,147,74,220
183,87,183,143,75,232
183,87,191,138,77,241
183,87,199,134,78,245
183,87,207,130,79,248
183,87,215,127,79,249
183,87,223,124,80,250
183,87,231,122,80,252
183,87,239,120,79,253
183,87,247,119,79,254
183,87,255,118,79,254
183,95,0,155,71,23
183,95,7,156,71,28
183,95,15,157,72,34
183,95,23,157,73,40
183,95,31,157,74,46
183,95,39,158,74,52
183,95,47,158,75,57
183,95,55,157,76,63
183,95,63,157,76,68
183,95,71,157,77,74
183,95,79,157,77,80
183,95,87,157,77,87
183,95,95,157,77,94
183,95,103,157,77,101
183,95,111,157,77,109
183,95,119,156,76,117
183,95,127,156,76,127
183,95,135,156,76,139
183,95,143,155,76,151
183,95,151,155,76,165
183,95,159,154,77,181
183,95,167,152,78,197
183,95,175,149,79,213
183,95,183,145,80,228
183,95,191,141,81,238
183,95,199,137,82,244
183,95,207,133,83,247
183,95,215,129,83,249
183,95,223,126,83,251
183,95,231,124,83,252
183,95,239,122,82,253
183,95,247,120,82,254
183,95,255,119,81,254
183,103,0,156,80,24
183,103,7,156,80,29
183,103,15,157,81,34
183,103,23,157,82,41
183,103,31,157,82,46
183,103,39,157,83,52
183,103,47,157,84,57
183,103,55,157,84,63
183,103,63,157,85,68
183,103,71,157,85,74
183,103,79,157,85,80
183,103,87,157,85,86
183,103,95,157,85,92
183,103,103,156,85,99
183,103,111,156,84,106
183,103,119,156,84,114
183,103,127,156,84,124
183,103,135,155,83,133
183,103,143,155,83,145
183,103,151,155,83,159
183,103,159,154,84,173
183,103,167,153,84,190
183,103,175,151,85,206
183,103,183,147,86,222
183,103,191,143,86,234
183,103,199,139,87,243
183,103,207,135,87,247
183,103,215,131,87,250
183,103,223,128,87,251
183,103,231,126,87,252
183,103,239,123,86,253
183,103,247,121,85,253
183,103,255,119,84,253
183,111,0,156,89,25
183,111,7,156,89,29
183,111,15,157,89,34
183,111,23,157,90,40
183,111,31,158,90,47
183,111,39,158,91,52
183,111,47,158,92,58
183,111,55,158,92,63
183,111,63,157,92,68
183,111,71,157,93,73
183,111,79,157,93,79
183,111,87,157,93,85
183,111,95,157,93,91
183,111,103,156,92,98
183,111,111,156,92,105
183,111,119,156,92,112
183,111,127,155,91,120
183,111,135,155,91,129
183,111,143,155,91,140
183,111,151,155,90,152
183,111,159,154,91,167
183,111,167,154,91,182
183,111,175,152,91,199
183,111,183,149,92,215
183,111,191,145,92,229
183,111,199,141,92,239
183,111,207,137,92,247
183,111,215,134,92,249
183,111,223,130,91,252
183,111,231,128,91,252
183,111,239,125,90,253
183,111,247,123,89,253
183,111,255,121,88,253
183,119,0,157,97,25
183,119,7,157,97,29
183,119,15,157,98,33
183,119,23,157,98,39
183,119,31,158,99,47
183,119,39,158,99,52
183,119,47,158,100,57
183,119,55,158,100,63
183,119,63,158,100,68
183,119,71,158,100,73
183,119,79,157,100,79
183,119,87,157,100,85
183,119,95,157,100,91
183,119,103,157,100,97
183,119,111,156,99,103
183,119,119,156,99,110
183,119,127,155,98,118
183,119,135,155,98,126
183,119,143,155,98,136
183,119,151,154,98,148
183,119,159,154,98,161
183,119,167,154,98,176
183,119,175,153,98,192
183,119,183,151,98,209
183,119,191,148,98,223
183,119,199,144,97,235
183,119,207,140,97,244
183,119,215,136,96,249
183,119,223,133,96,251
183,119,231,130,95,253
183,119,239,128,94,254
183,119,247,126,93,254
183,119,255,123,92,253
183,127,0,157,105,28
183,127,7,157,106,31
183,127,15,157,106,35
183,127,23,157,106,40
183,127,31,158,107,46
183,127,39,158,107,53
183,127,47,158,107,58
183,127,55,158,108,63
183,127,63,158,108,68
183,127,71,158,108,73
183,127,79,158,108,79
183,127,87,158,108,85
183,127,95,157,108,90
183,127,103,157,107,96
183,127,111,157,107,102
183,127,119,156,106,109
183,127,127,156,106,116
183,127,135,155,105,124
183,127,143,155,105,133
183,127,151,155,105,143
183,127,159,155,104,156
183,127,167,154,104,170
183,127,175,154,105,185
183,127,183,152,104,202
183,127,191,150,104,217
183,127,199,146,103,231
183,127,207,143,103,240
183,127,215,139,102,247
183,127,223,135,101,251
183,127,231,132,100,253
183,127,239,130,99,254
183,127,247,128,98,254
183,127,255,126,96,253
183,135,0,157,113,29
183,135,7,157,114,32
183,135,15,157,114,36
183,135,23,158,114,40
183,135,31,158,115,46
183,135,39,158,115,53
183,135,47,158,115,58
183,135,55,158,116,63
183,135,63,159,116,68
183,135,71,158,116,73
183,135,79,158,116,79
183,135,87,158,116,84
183,135,95,158,115,90
183,135,103,157,115,96
183,135,111,157,114,102
183,135,119,157,114,108
183,135,127,156,113,115
183,135,135,156,113,122
183,135,143,155,112,130
183,135,151,155,112,140
183,135,159,155,112,151
183,135,167,155,112,163
183,135,175,155,112,179
183,135,183,153,111,195
183,135,191,152,111,211
183,135,199,149,110,225
183,135,207,145,109,238
183,135,215,141,108,244
183,135,223,138,106,250
183,135,231,135,105,252
183,135,239,132,104,254
183,135,247,130,102,254
183,135,255,127,101,254
183,143,0,157,121,30
183,143,7,157,122,33
183,143,15,157,122,38
183,143,23,158,122,42
183,143,31,158,123,47
183,143,39,158,123,52
183,143,47,159,124,59
183,143,55,159,124,63
183,143,63,159,124,68
183,143,71,159,124,73
183,143,79,159,124,79
183,143,87,159,124,84
183,143,95,159,123,90
183,143,103,158,122,96
183,143,111,158,122,101
183,143,119,157,121,107
183,143,127,157,121,114
183,143,135,156,120,121
183,143,143,156,120,128
183,143,151,156,119,137
183,143,159,156,119,147
183,143,167,156,119,159
183,143,175,155,119,173
183,143,183,155,119,189
183,143,191,153,118,204
183,143,199,151,117,220
183,143,207,148,115,232
183,143,215,144,114,242
183,143,223,141,112,248
183,143,231,138,111,251
183,143,239,135,109,253
183,143,247,133,108,254
183,143,255,130,106,254
183,151,0,156,130,30
183,151,7,156,130,34
183,151,15,157,130,38
183,151,23,157,131,43
183,151,31,158,131,48
183,151,39,158,131,52
183,151,47,158,132,58
183,151,55,159,132,63
183,151,63,159,132,68
183,151,71,159,132,74
183,151,79,159,132,79
183,151,87,159,132,85
183,151,95,159,131,90
183,151,103,159,131,96
183,151,111,159,130,101
183,151,119,158,129,107
183,151,127,157,129,113
183,151,135,157,128,120
183,151,143,157,128,127
183,151,151,157,127,135
183,151,159,156,127,144
183,151,167,156,127,155
183,151,175,156,127,168
183,151,183,156,126,183
183,151,191,155,125,198
183,151,199,153,124,214
183,151,207,150,123,227
183,151,215,147,121,238
183,151,223,144,119,245
183,151,231,140,117,250
183,151,239,138,115,253
183,151,247,136,114,254
183,151,255,133,112,255
183,159,0,155,138,31
183,159,7,156,138,34
183,159,15,156,139,37
183,159,23,156,139,42
183,159,31,157,140,49
183,159,39,158,140,53
183,159,47,158,140,58
183,159,55,159,141,63
183,159,63,159,141,68
183,159,71,159,141,74
183,159,79,160,141,79
183,159,87,160,141,85
183,159,95,160,140,90
183,159,103,159,140,96
183,159,111,159,139,101
183,159,119,159,138,107
183,159,127,158,138,113
183,159,135,158,137,119
183,159,143,158,136,126
183,159,151,158,136,133
183,159,159,158,135,142
183,159,167,158,135,152
183,159,175,158,135,164
183,159,183,158,135,177
183,159,191,156,134,192
183,159,199,155,133,207
183,159,207,152,131,222
183,159,215,149,129,233
183,159,223,146,127,242
183,159,231,143,124,248
183,159,239,140,122,253
183,159,247,138,120,254
183,159,255,135,117,255
183,167,0,154,146,31
183,167,7,154,146,34
183,167,15,155,146,37
183,167,23,155,147,41
183,167,31,156,148,47
183,167,39,157,149,54
183,167,47,158,149,58
183,167,55,158,150,63
183,167,63,159,150,68
183,167,71,159,150,74
183,167,79,160,151,79
183,167,87,160,150,85
183,167,95,160,150,90
183,167,103,160,149,96
183,167,111,160,148,101
183,167,119,160,148,107
183,167,127,159,147,112
183,167,135,159,147,119
183,167,143,159,146,125
183,167,151,159,145,132
183,167,159,159,145,140
183,167,167,159,145,149
183,167,175,159,144,160
183,167,183,159,144,172
183,167,191,158,143,186
183,167,199,157,142,201
183,167,207,155,140,216
183,167,215,152,138,229
183,167,223,149,135,239
183,167,231,146,132,247
183,167,239,143,129,251
183,167,247,140,127,254
183,167,255,137,124,255
183,175,0,153,155,32
183,175,7,153,155,35
183,175,15,153,156,37
183,175,23,154,156,41
183,175,31,155,157,46
183,175,39,156,158,52
183,175,47,157,159,59
183,175,55,157,159,63
183,175,63,158,160,68
183,175,71,159,160,74
183,175,79,159,161,79
183,175,87,160,161,85
183,175,95,160,160,90
183,175,103,161,160,96
183,175,111,160,159,101
183,175,119,160,158,107
183,175,127,160,158,112
183,175,135,160,157,119
183,175,143,160,156,125
183,175,151,160,156,131
183,175,159,160,155,139
183,175,167,160,155,147
183,175,175,160,155,157
183,175,183,160,154,168
183,175,191,160,154,181
183,175,199,159,152,196
183,175,207,157,151,211
183,175,215,155,148,224
183,175,223,152,145,235
183,175,231,149,141,243
183,175,239,146,138,250
183,175,247,143,134,253
183,175,255,140,131,255
183,183,0,151,165,33
183,183,7,152,165,36
183,183,15,152,166,39
183,183,23,153,166,42
183,183,31,153,167,46
183,183,39,154,168,52
183,183,47,156,169,58
183,183,55,157,170,63
183,183,63,157,170,68
183,183,71,158,171,73
183,183,79,159,171,79
183,183,87,160,171,84
183,183,95,160,171,90
183,183,103,161,171,96
183,183,111,161,171,101
183,183,119,161,170,107
183,183,127,161,169,112
183,183,135,161,169,118
183,183,143,161,168,125
183,183,151,161,167,131
183,183,159,161,167,138
183,183,167,161,166,146
183,183,175,162,166,155
183,183,183,162,166,164
183,183,191,162,165,176
183,183,199,161,164,191
183,183,207,159,162,205
183,183,215,158,160,219
183,183,223,155,156,230
183,183,231,152,152,240
183,183,239,149,147,247
183,183,247,146,143,252
183,183,255,144,139,254
183,191,0,149,174,33
183,191,7,150,175,36
183,191,15,150,176,39
183,191,23,151,177,44
183,191,31,152,177,48
183,191,39,153,178,52
183,191,47,154,179,57
183,191,55,155,180,63
183,191,63,156,181,68
183,191,71,157,182,73
183,191,79,158,182,79
183,191,87,159,183,84
183,191,95,160,183,90
183,191,103,160,183,95
183,191,111,161,182,101
183,191,119,161,182,107
183,191,127,161,181,112
183,191,135,162,181,118
183,191,143,162,180,125
183,191,151,162,180,131
183,191,159,162,180,138
183,191,167,162,179,146
183,191,175,163,179,154
183,191,183,163,178,163
183,191,191,163,178,173
183,191,199,162,177,186
183,191,207,162,175,200
183,191,215,160,173,213
183,191,223,158,169,226
183,191,231,155,164,236
183,191,239,153,159,245
183,191,247,150,154,251
183,191,255,147,149,254
183,199,0,147,185,33
183,199,7,147,186,35
183,199,15,148,187,38
183,199,23,149,188,43
183,199,31,150,189,48
183,199,39,151,190,53
183,199,47,152,191,57
183,199,55,154,192,62
183,199,63,155,193,68
183,199,71,156,193,73
183,199,79,157,194,78
183,199,87,158,195,84
183,199,95,159,195,90
183,199,103,160,195,95
183,199,111,161,195,101
183,199,119,161,194,107
183,199,127,162,194,112
183,199,135,162,194,118
183,199,143,162,193,124
183,199,151,162,193,131
183,199,159,163,193,138
183,199,167,163,192,145
183,199,175,163,192,153
183,199,183,163,192,161
183,199,191,164,192,171
183,199,199,164,191,182
183,199,207,163,190,195
183,199,215,162,187,208
183,199,223,161,183,221
183,199,231,159,178,233
183,199,239,156,173,243
183,199,247,153,167,249
183,199,255,150,161,254
183,207,0,145,197,33
183,207,7,145,197,35
183,207,15,146,198,38
183,207,23,147,199,42
183,207,31,148,200,47
183,207,39,149,201,53
183,207,47,150,202,57
183,207,55,152,203,62
183,207,63,153,204,67
183,207,71,155,205,73
183,207,79,156,206,78
183,207,87,157,207,84
183,207,95,158,208,89
183,207,103,159,208,95
183,207,111,160,208,101
183,207,119,161,208,106
183,207,127,162,208,112
183,207,135,162,207,118
183,207,143,162,207,124
183,207,151,163,207,131
183,207,159,163,207,137
183,207,167,163,207,145
183,207,175,163,207,152
183,207,183,164,207,160
183,207,191,164,207,168
183,207,199,165,206,179
183,207,207,165,206,190
183,207,215,164,203,204
183,207,223,163,200,217
183,207,231,162,195,229
183,207,239,160,189,240
183,207,247,157,182,249
183,207,255,154,176,253
183,215,0,142,208,34
183,215,7,142,209,36
183,215,15,143,209,38
183,215,23,144,210,42
183,215,31,145,211,46
183,215,39,146,212,51
183,215,47,148,214,57
183,215,55,149,215,62
183,215,63,151,216,67
183,215,71,153,218,72
183,215,79,154,219,77
183,215,87,155,219,83
183,215,95,157,220,89
183,215,103,158,220,94
183,215,111,159,221,100
183,215,119,160,221,106
183,215,127,161,221,112
183,215,135,162,221,118
183,215,143,162,221,124
183,215,151,163,220,130
183,215,159,163,220,137
183,215,167,163,220,144
183,215,175,164,220,151
183,215,183,164,220,158
183,215,191,164,220,167
183,215,199,165,220,176
183,215,207,165,220,187
183,215,215,166,218,199
183,215,223,165,215,213
183,215,231,164,211,225
183,215,239,163,206,237
183,215,247,160,199,247
183,215,255,158,192,254
183,223,0,139,218,35
183,223,7,140,219,37
183,223,15,140,219,39
183,223,23,141,220,42
183,223,31,142,221,46
183,223,39,144,222,50
183,223,47,145,224,55
183,223,55,147,226,62
183,223,63,148,227,66
183,223,71,150,228,71
183,223,79,152,230,77
183,223,87,153,231,82
183,223,95,155,231,88
183,223,103,156,232,94
183,223,111,158,232,99
183,223,119,159,232,105
183,223,127,160,232,111
183,223,135,161,232,117
183,223,143,161,232,123
183,223,151,162,232,130
183,223,159,163,232,136
183,223,167,163,232,143
183,223,175,163,232,150
183,223,183,164,232,157
183,223,191,164,232,165
183,223,199,165,232,174
183,223,207,166,232,184
183,223,215,166,231,196
183,223,223,166,230,208
183,223,231,166,226,221
183,223,239,165,221,234
183,223,247,163,215,245
183,223,255,161,209,251
183,231,0,135,227,34
183,231,7,136,228,36
183,231,15,137,229,39
183,231,23,138,230,43
183,231,31,139,230,46
183,231,39,140,232,50
183,231,47,142,233,54
183,231,55,144,235,60
183,231,63,146,236,66
183,231,71,147,237,70
183,231,79,149,238,76
183,231,87,151,240,82
183,231,95,153,241,87
183,231,103,154,241,93
183,231,111,156,242,99
183,231,119,157,242,105
183,231,127,158,242,111
183,231,135,159,242,116
183,231,143,161,242,123
183,231,151,161,242,129
183,231,159,162,242,135
183,231,167,162,242,141
183,231,175,163,242,148
183,231,183,163,242,155
183,231,191,164,242,163
183,231,199,164,242,171
183,231,207,165,242,181
183,231,215,166,242,192
183,231,223,167,241,204
183,231,231,167,239,217
183,231,239,166,236,230
183,231,247,165,231,242
183,231,255,163,226,251
183,239,0,131,235,32
183,239,7,132,236,34
183,239,15,133,236,37
183,239,23,134,237,41
183,239,31,136,239,46
183,239,39,137,240,50
183,239,47,139,241,54
183,239,55,140,242,59
183,239,63,142,244,64
183,239,71,144,245,69
183,239,79,146,246,75
183,239,87,148,247,80
183,239,95,150,248,86
183,239,103,152,248,92
183,239,111,153,249,98
183,239,119,155,249,103
183,239,127,156,249,109
183,239,135,158,250,115
183,239,143,159,250,122
183,239,151,160,250,128
183,239,159,161,250,134
183,239,167,161,250,140
183,239,175,162,250,147
183,239,183,162,249,154
183,239,191,163,249,161
183,239,199,163,249,169
183,239,207,164,250,178
183,239,215,165,250,189
183,239,223,166,250,200
183,239,231,166,249,212
183,239,239,166,247,226
183,239,247,166,244,239
183,239,255,165,241,250
183,247,0,128,241,32
183,247,7,129,242,34
183,247,15,130,242,37
183,247,23,131,243,40
183,247,31,132,244,44
183,247,39,134,246,49
183,247,47,135,247,54
183,247,55,137,248,58
183,247,63,139,249,63
183,247,71,141,250,68
183,247,79,143,252,73
183,247,87,145,252,79
183,247,95,147,253,85
183,247,103,149,254,91
183,247,111,151,254,97
183,247,119,153,254,103
183,247,127,154,254,108
183,247,135,156,254,114
183,247,143,157,254,120
183,247,151,158,254,126
183,247,159,159,254,133
183,247,167,160,254,139
183,247,175,161,254,145
183,247,183,162,254,152
183,247,191,162,254,159
183,247,199,163,254,167
183,247,207,163,253,176
183,247,215,164,254,185
183,247,223,165,254,196
183,247,231,166,254,208
183,247,239,166,253,222
183,247,247,166,252,235
183,247,255,166,251,246
183,255,0,126,248,34
183,255,7,127,248,35
183,255,15,127,248,37
183,255,23,128,249,40
183,255,31,129,250,43
183,255,39,131,250,47
183,255,47,132,252,52
183,255,55,134,252,57
183,255,63,136,253,61
183,255,71,138,253,66
183,255,79,140,254,71
183,255,87,142,254,77
183,255,95,144,255,83
183,255,103,146,255,90
183,255,111,148,255,96
183,255,119,150,255,101
183,255,127,152,255,107
183,255,135,154,255,113
183,255,143,155,255,119
183,255,151,156,255,125
183,255,159,158,255,131
183,255,167,158,255,137
183,255,175,159,255,144
183,255,183,160,255,150
183,255,191,161,255,157
183,255,199,161,255,165
183,255,207,163,255,173
183,255,215,163,255,183
183,255,223,164,255,193
183,255,231,165,255,204
183,255,239,165,255,217
183,255,247,166,255,230
183,255,255,166,255,243
191,0,0,168,1,24
191,0,7,169,1,30
191,0,15,170,2,36
191,0,23,171,2,43
191,0,31,172,3,50
191,0,39,173,4,57
191,0,47,173,5,64
191,0,55,173,5,72
191,0,63,174,5,81
191,0,71,174,6,90
191,0,79,174,6,100
191,0,87,174,6,112
191,0,95,174,6,125
191,0,103,173,6,140
191,0,111,173,6,156
191,0,119,171,6,172
191,0,127,169,8,188
191,0,135,165,10,203
191,0,143,161,13,216
191,0,151,156,18,224
191,0,159,151,23,230
191,0,167,146,28,233
191,0,175,140,32,236
191,0,183,135,35,239
191,0,191,131,38,241
191,0,199,127,40,243
191,0,207,123,42,245
191,0,215,120,43,247
191,0,223,118,44,249
191,0,231,116,45,251
191,0,239,114,45,253
191,0,247,113,44,254
191,0,255,113,44,255
191,7,0,167,1,24
191,7,7,168,2,30
191,7,15,169,2,36
191,7,23,171,3,43
191,7,31,172,4,50
191,7,39,172,5,57
191,7,47,173,6,64
191,7,55,173,6,72
191,7,63,173,7,80
191,7,71,174,7,89
191,7,79,174,7,99
191,7,87,174,7,110
191,7,95,174,7,123
191,7,103,173,7,138
191,7,111,172,7,153
191,7,119,171,8,169
191,7,127,169,9,186
191,7,135,165,12,201
191,7,143,162,15,214
191,7,151,157,20,222
191,7,159,151,25,229
191,7,167,146,30,233
191,7,175,141,34,236
191,7,183,136,38,239
191,7,191,131,40,241
191,7,199,127,43,243
191,7,207,124,44,245
191,7,215,121,45,247
191,7,223,118,46,249
191,7,231,117,47,251
191,7,239,115,48,253
191,7,247,114,47,254
191,7,255,113,46,255
191,15,0,167,2,24
191,15,7,168,3,30
191,15,15,169,3,35
191,15,23,170,4,43
191,15,31,171,5,49
191,15,39,172,6,56
191,15,47,172,7,64
191,15,55,173,8,71
191,15,63,173,8,79
191,15,71,173,8,88
191,15,79,173,9,97
191,15,87,174,9,109
191,15,95,173,9,121
191,15,103,173,9,135
191,15,111,172,9,150
191,15,119,171,10,166
191,15,127,169,12,183
191,15,135,166,14,197
191,15,143,162,18,211
191,15,151,157,23,220
191,15,159,152,28,227
191,15,167,146,33,232
191,15,175,141,37,235
191,15,183,136,41,238
191,15,191,132,44,241
191,15,199,128,46,243
191,15,207,124,47,245
191,15,215,121,48,247
191,15,223,119,49,249
191,15,231,117,50,251
191,15,239,116,51,253
191,15,247,114,51,254
191,15,255,114,50,255
191,23,0,166,4,24
191,23,7,167,5,30
191,23,15,168,5,35
191,23,23,169,6,42
191,23,31,170,7,49
191,23,39,171,9,56
191,23,47,171,10,63
191,23,55,172,10,70
191,23,63,172,11,78
191,23,71,172,11,86
191,23,79,173,11,95
191,23,87,173,11,106
191,23,95,173,12,118
191,23,103,172,12,132
191,23,111,172,12,147
191,23,119,170,13,162
191,23,127,168,15,178
191,23,135,166,17,193
191,23,143,162,21,207
191,23,151,157,26,217
191,23,159,152,31,225
191,23,167,147,36,230
191,23,175,142,41,234
191,23,183,137,45,238
191,23,191,132,48,241
191,23,199,128,50,243
191,23,207,125,51,245
191,23,215,122,52,247
191,23,223,120,52,249
191,23,231,118,53,251
191,23,239,116,54,253
191,23,247,115,54,254
191,23,255,114,55,255
191,31,0,165,8,24
191,31,7,166,9,30
191,31,15,167,10,35
191,31,23,169,11,42
191,31,31,170,12,49
191,31,39,170,13,55
191,31,47,171,14,62
191,31,55,171,15,69
191,31,63,171,15,76
191,31,71,171,16,84
191,31,79,172,16,93
191,31,87,172,16,103
191,31,95,172,16,115
191,31,103,172,17,128
191,31,111,171,17,142
191,31,119,170,18,157
191,31,127,168,20,172
191,31,135,166,22,187
191,31,143,162,26,201
191,31,151,158,30,212
191,31,159,153,35,222
191,31,167,148,40,228
191,31,175,143,45,234
191,31,183,138,49,238
191,31,191,133,53,241
191,31,199,129,55,243
191,31,207,126,56,245
191,31,215,123,56,247
191,31,223,121,57,249
191,31,231,119,57,251
191,31,239,117,57,252
191,31,247,116,58,254
191,31,255,115,58,254
191,39,0,164,13,24
191,39,7,166,14,30
191,39,15,167,15,35
191,39,23,168,16,41
191,39,31,169,18,48
191,39,39,169,19,55
191,39,47,170,20,61
191,39,55,170,21,68
191,39,63,170,21,75
191,39,71,171,22,83
191,39,79,171,22,91
191,39,87,171,22,101
191,39,95,171,22,111
191,39,103,171,23,123
191,39,111,171,23,136
191,39,119,170,24,151
191,39,127,168,26,165
191,39,135,166,28,180
191,39,143,163,32,195
191,39,151,159,36,207
191,39,159,154,40,218
191,39,167,149,44,226
191,39,175,144,49,233
191,39,183,139,53,237
191,39,191,134,56,241
191,39,199,130,59,243
191,39,207,126,61,245
191,39,215,124,61,247
191,39,223,122,61,249
191,39,231,120,61,251
191,39,239,118,61,252
191,39,247,117,61,254
191,39,255,117,61,254
191,47,0,163,19,23
191,47,7,165,21,30
191,47,15,166,22,35
191,47,23,167,23,41
191,47,31,168,25,48
191,47,39,168,26,54
191,47,47,169,27,61
191,47,55,169,28,67
191,47,63,169,29,74
191,47,71,170,29,81
191,47,79,170,29,89
191,47,87,170,29,98
191,47,95,171,29,108
191,47,103,170,29,120
191,47,111,170,30,132
191,47,119,169,31,146
191,47,127,168,32,159
191,47,135,166,35,173
191,47,143,163,38,187
191,47,151,160,41,201
191,47,159,155,45,213
191,47,167,150,49,223
191,47,175,145,53,232
191,47,183,140,56,237
191,47,191,135,59,242
191,47,199,131,62,244
191,47,207,128,64,245
191,47,215,125,66,247
191,47,223,123,67,249
191,47,231,121,66,251
191,47,239,120,65,252
191,47,247,119,65,254
191,47,255,118,65,254
191,55,0,163,27,23
191,55,7,164,29,29
191,55,15,165,30,34
191,55,23,166,31,40
191,55,31,167,33,48
191,55,39,167,34,54
191,55,47,168,35,60
191,55,55,168,36,66
191,55,63,168,37,73
191,55,71,169,37,80
191,55,79,169,37,87
191,55,87,169,37,96
191,55,95,170,37,105
191,55,103,170,37,116
191,55,111,170,37,128
191,55,119,169,37,140
191,55,127,168,39,154
191,55,135,166,40,168
191,55,143,164,43,182
191,55,151,160,46,196
191,55,159,156,50,209
191,55,167,151,54,221
191,55,175,146,57,230
191,55,183,141,60,238
191,55,191,137,63,242
191,55,199,133,65,245
191,55,207,129,67,246
191,55,215,126,69,247
191,55,223,124,69,249
191,55,231,122,70,251
191,55,239,121,70,252
191,55,247,120,69,253
191,55,255,119,68,254
191,63,0,162,35,23
191,63,7,164,36,29
191,63,15,165,37,35
191,63,23,165,39,40
191,63,31,166,40,47
191,63,39,166,41,53
191,63,47,167,43,59
191,63,55,167,43,65
191,63,63,167,44,72
191,63,71,168,45,78
191,63,79,168,45,86
191,63,87,168,45,93
191,63,95,168,45,102
191,63,103,169,45,112
191,63,111,169,45,123
191,63,119,168,45,135
191,63,127,167,46,148
191,63,135,166,47,162
191,63,143,164,49,176
191,63,151,161,51,191
191,63,159,157,54,205
191,63,167,153,57,218
191,63,175,148,61,228
191,63,183,143,64,237
191,63,191,138,66,242
191,63,199,134,68,245
191,63,207,131,70,246
191,63,215,128,71,248
191,63,223,125,72,249
191,63,231,123,72,251
191,63,239,122,72,252
191,63,247,121,72,253
191,63,255,120,72,254
191,71,0,162,43,23
191,71,7,163,44,29
191,71,15,164,46,35
191,71,23,165,47,40
191,71,31,165,48,47
191,71,39,166,49,53
191,71,47,166,50,59
191,71,55,166,51,65
191,71,63,167,52,71
191,71,71,167,52,78
191,71,79,167,53,84
191,71,87,167,53,92
191,71,95,168,53,100
191,71,103,168,53,109
191,71,111,168,53,119
191,71,119,167,52,131
191,71,127,167,53,143
191,71,135,166,53,156
191,71,143,164,55,170
191,71,151,162,57,185
191,71,159,159,59,200
191,71,167,155,62,214
191,71,175,150,64,227
191,71,183,145,67,236
191,71,191,140,69,242
191,71,199,136,71,245
191,71,207,132,73,247
191,71,215,129,74,248
191,71,223,126,75,250
191,71,231,124,75,251
191,71,239,123,75,253
191,71,247,122,74,253
191,71,255,121,74,254
191,79,0,162,52,24
191,79,7,163,53,29
191,79,15,164,54,35
191,79,23,164,55,41
191,79,31,165,56,47
191,79,39,165,57,53
191,79,47,165,58,59
191,79,55,165,59,64
191,79,63,166,60,70
191,79,71,166,61,77
191,79,79,166,61,83
191,79,87,166,61,90
191,79,95,166,61,98
191,79,103,166,61,106
191,79,111,166,60,116
191,79,119,166,60,126
191,79,127,166,60,138
191,79,135,165,60,150
191,79,143,164,61,164
191,79,151,162,63,178
191,79,159,160,65,194
191,79,167,156,67,209
191,79,175,152,69,224
191,79,183,147,71,234
191,79,191,142,73,242
191,79,199,138,74,245
191,79,207,134,76,247
191,79,215,131,77,249
191,79,223,128,77,250
191,79,231,126,77,251
191,79,239,124,77,253
191,79,247,123,77,254
191,79,255,122,76,254
191,87,0,162,60,24
191,87,7,163,61,29
191,87,15,164,62,35
191,87,23,164,63,41
191,87,31,165,64,47
191,87,39,165,65,53
191,87,47,165,66,58
191,87,55,165,67,64
191,87,63,165,68,70
191,87,71,165,68,76
191,87,79,165,69,82
191,87,87,166,69,89
191,87,95,166,69,96
191,87,103,166,69,104
191,87,111,165,68,112
191,87,119,165,68,122
191,87,127,165,68,133
191,87,135,164,68,144
191,87,143,164,68,157
191,87,151,163,69,172
191,87,159,161,70,187
191,87,167,158,72,203
191,87,175,154,74,218
191,87,183,149,75,231
191,87,191,144,77,240
191,87,199,140,78,245
191,87,207,136,79,247
191,87,215,133,80,249
191,87,223,130,80,250
191,87,231,127,80,252
191,87,239,126,80,253
191,87,247,124,80,254
191,87,255,123,79,254
191,95,0,162,69,24
191,95,7,163,70,29
191,95,15,163,71,34
191,95,23,164,72,41
191,95,31,164,73,47
191,95,39,165,74,52
191,95,47,165,74,58
191,95,55,165,75,63
191,95,63,165,76,69
191,95,71,165,76,75
191,95,79,165,77,81
191,95,87,165,77,87
191,95,95,165,77,94
191,95,103,165,77,102
191,95,111,165,76,110
191,95,119,165,76,118
191,95,127,164,76,128
191,95,135,164,75,139
191,95,143,163,76,152
191,95,151,163,76,165
191,95,159,161,77,180
191,95,167,159,78,196
191,95,175,156,79,212
191,95,183,151,80,227
191,95,191,147,81,237
191,95,199,142,82,245
191,95,207,138,83,247
191,95,215,134,84,249
191,95,223,131,84,251
191,95,231,129,84,252
191,95,239,127,83,253
191,95,247,125,83,254
191,95,255,124,82,254
191,103,0,163,78,25
191,103,7,163,79,29
191,103,15,164,79,34
191,103,23,164,80,41
191,103,31,164,81,47
191,103,39,165,82,52
191,103,47,165,83,58
191,103,55,165,83,63
191,103,63,165,84,69
191,103,71,165,84,74
191,103,79,165,85,80
191,103,87,165,85,87
191,103,95,164,85,93
191,103,103,164,84,100
191,103,111,164,84,107
191,103,119,164,84,115
191,103,127,163,83,124
191,103,135,163,83,134
191,103,143,163,83,146
191,103,151,162,83,159
191,103,159,162,84,173
191,103,167,160,84,189
191,103,175,158,85,205
191,103,183,154,86,221
191,103,191,149,86,234
191,103,199,145,87,242
191,103,207,140,87,248
191,103,215,137,87,250
191,103,223,134,88,251
191,103,231,131,87,252
191,103,239,128,87,253
191,103,247,126,86,253
191,103,255,124,85,253
191,111,0,163,87,26
191,111,7,163,88,29
191,111,15,164,88,34
191,111,23,164,89,40
191,111,31,165,89,48
191,111,39,165,90,53
191,111,47,165,91,58
191,111,55,165,91,63
191,111,63,165,92,69
191,111,71,165,92,74
191,111,79,164,92,80
191,111,87,164,92,86
191,111,95,164,92,92
191,111,103,164,92,99
191,111,111,164,92,106
191,111,119,163,91,113
191,111,127,163,91,121
191,111,135,163,90,130
191,111,143,162,90,141
191,111,151,162,90,153
191,111,159,162,90,167
191,111,167,161,91,182
191,111,175,159,91,199
191,111,183,156,92,214
191,111,191,152,92,229
191,111,199,147,92,239
191,111,207,143,92,246
191,111,215,139,92,250
191,111,223,135,92,252
191,111,231,133,91,253
191,111,239,130,90,253
191,111,247,128,90,253
191,111,255,126,89,253
191,119,0,164,96,26
191,119,7,164,96,30
191,119,15,164,96,34
191,119,23,164,97,40
191,119,31,165,98,47
191,119,39,165,98,53
191,119,47,165,99,58
191,119,55,165,99,64
191,119,63,165,99,69
191,119,71,165,100,74
191,119,79,165,100,80
191,119,87,165,100,86
191,119,95,164,100,91
191,119,103,164,99,98
191,119,111,164,99,104
191,119,119,163,99,111
191,119,127,163,98,119
191,119,135,162,98,127
191,119,143,162,97,137
191,119,151,162,97,148
191,119,159,162,97,161
191,119,167,161,97,176
191,119,175,160,98,191
191,119,183,158,98,208
191,119,191,154,98,222
191,119,199,150,97,236
191,119,207,145,97,243
191,119,215,141,97,249
191,119,223,138,96,251
191,119,231,135,96,253
191,119,239,133,95,254
191,119,247,130,94,254
191,119,255,128,93,253
191,127,0,164,104,29
191,127,7,164,104,33
191,127,15,164,105,36
191,127,23,164,105,41
191,127,31,165,105,47
191,127,39,165,106,54
191,127,47,165,107,59
191,127,55,165,107,64
191,127,63,165,107,69
191,127,71,165,107,74
191,127,79,165,107,80
191,127,87,165,107,85
191,127,95,164,107,91
191,127,103,164,107,97
191,127,111,164,106,103
191,127,119,164,106,110
191,127,127,163,105,117
191,127,135,163,105,125
191,127,143,162,104,134
191,127,151,162,104,144
191,127,159,162,104,156
191,127,167,161,104,169
191,127,175,161,104,185
191,127,183,159,104,201
191,127,191,156,104,217
191,127,199,152,103,230
191,127,207,148,103,240
191,127,215,144,102,247
191,127,223,140,101,251
191,127,231,137,100,253
191,127,239,135,99,254
191,127,247,132,98,254
191,127,255,130,97,254
191,135,0,164,112,29
191,135,7,164,112,33
191,135,15,164,113,38
191,135,23,165,113,42
191,135,31,165,113,47
191,135,39,165,114,53
191,135,47,165,114,59
191,135,55,165,115,64
191,135,63,165,115,69
191,135,71,165,115,74
191,135,79,165,115,80
191,135,87,165,115,85
191,135,95,165,115,91
191,135,103,165,114,97
191,135,111,164,114,103
191,135,119,164,113,109
191,135,127,163,113,116
191,135,135,163,112,123
191,135,143,162,112,131
191,135,151,162,111,140
191,135,159,162,111,151
191,135,167,162,111,164
191,135,175,161,111,179
191,135,183,160,111,195
191,135,191,158,110,211
191,135,199,155,109,225
191,135,207,151,108,237
191,135,215,147,107,244
191,135,223,143,106,250
191,135,231,140,105,252
191,135,239,137,104,254
191,135,247,134,103,254
191,135,255,132,101,254
191,143,0,164,120,30
191,143,7,164,120,34
191,143,15,164,120,38
191,143,23,165,121,44
191,143,31,165,121,48
191,143,39,165,122,53
191,143,47,166,122,59
191,143,55,166,123,64
191,143,63,166,123,69
191,143,71,166,123,74
191,143,79,166,123,80
191,143,87,166,123,85
191,143,95,165,122,91
191,143,103,165,122,96
191,143,111,165,121,102
191,143,119,164,121,108
191,143,127,164,120,115
191,143,135,163,120,122
191,143,143,163,119,129
191,143,151,163,119,138
191,143,159,162,118,148
191,143,167,162,118,159
191,143,175,162,118,173
191,143,183,161,118,189
191,143,191,160,117,204
191,143,199,157,116,220
191,143,207,153,115,232
191,143,215,150,114,243
191,143,223,146,112,247
191,143,231,142,111,252
191,143,239,140,109,253
191,143,247,138,108,255
191,143,255,135,106,254
191,151,0,163,128,31
191,151,7,164,128,34
191,151,15,164,128,38
191,151,23,164,129,43
191,151,31,165,129,49
191,151,39,165,130,54
191,151,47,166,130,59
191,151,55,166,131,64
191,151,63,166,131,69
191,151,71,166,131,74
191,151,79,166,131,80
191,151,87,166,131,85
191,151,95,166,130,91
191,151,103,166,130,96
191,151,111,165,129,102
191,151,119,165,128,108
191,151,127,165,128,114
191,151,135,164,127,121
191,151,143,164,127,128
191,151,151,163,126,136
191,151,159,163,126,145
191,151,167,163,126,156
191,151,175,163,126,168
191,151,183,163,126,183
191,151,191,161,125,198
191,151,199,159,124,213
191,151,207,156,122,227
191,151,215,152,121,237
191,151,223,149,119,245
191,151,231,145,117,250
191,151,239,142,115,253
191,151,247,140,113,254
191,151,255,137,112,255
191,159,0,163,136,31
191,159,7,163,136,34
191,159,15,163,136,37
191,159,23,164,137,42
191,159,31,164,137,48
191,159,39,165,138,54
191,159,47,165,138,59
191,159,55,166,139,64
191,159,63,166,139,69
191,159,71,166,140,74
191,159,79,167,140,80
191,159,87,167,139,85
191,159,95,167,139,91
191,159,103,166,138,96
191,159,111,166,138,102
191,159,119,166,137,108
191,159,127,165,137,114
191,159,135,165,136,120
191,159,143,165,135,127
191,159,151,164,135,134
191,159,159,164,135,143
191,159,167,164,134,152
191,159,175,164,134,164
191,159,183,164,134,178
191,159,191,163,133,192
191,159,199,161,132,207
191,159,207,158,131,221
191,159,215,155,129,233
191,159,223,152,126,242
191,159,231,148,124,248
191,159,239,145,122,252
191,159,247,142,119,254
191,159,255,139,117,255
191,167,0,161,144,32
191,167,7,162,144,35
191,167,15,162,144,38
191,167,23,163,145,42
191,167,31,163,146,47
191,167,39,164,146,54
191,167,47,165,147,59
191,167,55,165,148,64
191,167,63,166,148,69
191,167,71,166,148,74
191,167,79,167,149,80
191,167,87,167,149,85
191,167,95,167,148,91
191,167,103,167,148,96
191,167,111,167,147,102
191,167,119,166,147,107
191,167,127,166,146,113
191,167,135,166,145,120
191,167,143,166,145,126
191,167,151,166,144,133
191,167,159,166,144,141
191,167,167,166,144,150
191,167,175,166,143,160
191,167,183,166,143,173
191,167,191,165,143,186
191,167,199,163,141,202
191,167,207,161,140,216
191,167,215,158,138,229
191,167,223,155,135,238
191,167,231,151,132,246
191,167,239,148,129,251
191,167,247,145,126,254
191,167,255,141,123,255
191,175,0,160,152,34
191,175,7,161,152,36
191,175,15,161,153,39
191,175,23,162,153,43
191,175,31,162,154,47
191,175,39,163,155,53
191,175,47,164,156,59
191,175,55,165,156,64
191,175,63,165,157,69
191,175,71,166,158,74
191,175,79,166,158,80
191,175,87,167,158,85
191,175,95,167,158,91
191,175,103,167,158,96
191,175,111,167,157,102
191,175,119,167,156,107
191,175,127,167,156,113
191,175,135,167,155,119
191,175,143,167,155,126
191,175,151,167,154,132
191,175,159,167,154,140
191,175,167,167,154,148
191,175,175,167,153,157
191,175,183,167,153,169
191,175,191,167,152,182
191,175,199,166,151,196
191,175,207,164,150,211
191,175,215,161,147,224
191,175,223,158,144,235
191,175,231,154,140,243
191,175,239,151,137,250
191,175,247,148,133,253
191,175,255,144,130,255
191,183,0,159,160,34
191,183,7,159,161,37
191,183,15,160,162,40
191,183,23,160,163,44
191,183,31,161,163,48
191,183,39,162,164,53
191,183,47,163,165,58
191,183,55,164,166,64
191,183,63,164,167,69
191,183,71,165,168,74
191,183,79,166,168,80
191,183,87,167,168,85
191,183,95,167,168,91
191,183,103,168,168,96
191,183,111,168,168,102
191,183,119,168,167,108
191,183,127,168,167,113
191,183,135,168,166,119
191,183,143,168,166,126
191,183,151,168,165,132
191,183,159,168,165,139
191,183,167,168,164,147
191,183,175,168,164,155
191,183,183,169,164,165
191,183,191,168,163,177
191,183,199,167,162,191
191,183,207,166,161,205
191,183,215,164,158,219
191,183,223,161,155,230
191,183,231,157,151,240
191,183,239,154,146,247
191,183,247,151,142,252
191,183,255,148,138,254
191,191,0,157,170,33
191,191,7,157,170,36
191,191,15,158,171,40
191,191,23,159,172,44
191,191,31,160,173,49
191,191,39,160,174,53
191,191,47,161,175,58
191,191,55,162,176,64
191,191,63,164,177,69
191,191,71,164,178,74
191,191,79,165,179,80
191,191,87,166,179,85
191,191,95,167,179,91
191,191,103,168,179,96
191,191,111,168,179,102
191,191,119,168,179,108
191,191,127,168,179,113
191,191,135,168,178,119
191,191,143,169,178,126
191,191,151,169,177,132
191,191,159,169,177,139
191,191,167,169,176,147
191,191,175,169,176,154
191,191,183,170,176,163
191,191,191,170,175,173
191,191,199,169,174,186
191,191,207,168,173,200
191,191,215,166,170,214
191,191,223,164,167,226
191,191,231,161,162,236
191,191,239,158,157,245
191,191,247,155,153,251
191,191,255,151,148,254
191,199,0,155,180,34
191,199,7,155,180,36
191,199,15,156,181,39
191,199,23,157,182,43
191,199,31,158,183,49
191,199,39,159,185,54
191,199,47,160,185,59
191,199,55,161,187,63
191,199,63,162,188,69
191,199,71,163,189,74
191,199,79,164,190,79
191,199,87,166,191,85
191,199,95,166,191,90
191,199,103,167,191,96
191,199,111,168,191,102
191,199,119,168,191,108
191,199,127,169,191,113
191,199,135,169,190,119
191,199,143,169,190,126
191,199,151,169,190,132
191,199,159,169,190,139
191,199,167,170,189,146
191,199,175,170,189,154
191,199,183,170,189,162
191,199,191,171,189,171
191,199,199,171,188,182
191,199,207,170,187,195
191,199,215,169,184,209
191,199,223,167,180,221
191,199,231,165,176,233
191,199,239,161,170,243
191,199,247,158,165,249
191,199,255,155,159,254
191,207,0,152,191,34
191,207,7,153,192,36
191,207,15,154,192,39
191,207,23,154,193,43
191,207,31,155,194,47
191,207,39,157,196,53
191,207,47,158,197,59
191,207,55,159,198,63
191,207,63,161,200,68
191,207,71,162,201,74
191,207,79,163,202,79
191,207,87,165,203,85
191,207,95,166,203,90
191,207,103,167,204,96
191,207,111,168,204,102
191,207,119,168,204,108
191,207,127,169,204,113
191,207,135,169,204,119
191,207,143,170,204,126
191,207,151,170,203,132
191,207,159,170,203,139
191,207,167,170,203,146
191,207,175,170,203,153
191,207,183,171,203,161
191,207,191,171,203,169
191,207,199,171,203,179
191,207,207,171,202,191
191,207,215,171,199,204
191,207,223,170,196,217
191,207,231,168,191,229
191,207,239,165,186,240
191,207,247,162,179,249
191,207,255,159,173,253
191,215,0,150,202,36
191,215,7,150,203,37
191,215,15,151,203,40
191,215,23,152,204,43
191,215,31,153,205,47
191,215,39,154,207,52
191,215,47,156,208,58
191,215,55,157,209,63
191,215,63,159,211,68
191,215,71,160,212,73
191,215,79,162,214,79
191,215,87,163,215,84
191,215,95,164,216,90
191,215,103,166,216,96
191,215,111,167,217,101
191,215,119,168,217,107
191,215,127,169,217,113
191,215,135,169,217,119
191,215,143,170,216,125
191,215,151,170,216,132
191,215,159,170,216,138
191,215,167,171,216,145
191,215,175,171,216,152
191,215,183,171,216,160
191,215,191,171,216,168
191,215,199,172,216,177
191,215,207,172,216,188
191,215,215,172,215,200
191,215,223,172,212,213
191,215,231,171,208,226
191,215,239,169,203,238
191,215,247,166,196,247
191,215,255,163,189,254
191,223,0,147,213,36
191,223,7,148,213,38
191,223,15,148,214,41
191,223,23,149,215,44
191,223,31,150,216,47
191,223,39,151,217,51
191,223,47,153,219,56
191,223,55,155,220,62
191,223,63,156,222,68
191,223,71,158,223,73
191,223,79,159,225,78
191,223,87,161,226,84
191,223,95,162,227,89
191,223,103,164,228,95
191,223,111,165,228,101
191,223,119,167,228,107
191,223,127,168,228,113
191,223,135,169,229,119
191,223,143,169,229,125
191,223,151,170,228,131
191,223,159,170,228,138
191,223,167,170,228,145
191,223,175,171,228,151
191,223,183,171,228,159
191,223,191,171,228,166
191,223,199,172,228,175
191,223,207,173,229,186
191,223,215,173,228,197
191,223,223,173,227,209
191,223,231,173,223,222
191,223,239,171,218,234
191,223,247,169,212,246
191,223,255,166,206,252
191,231,0,143,222,35
191,231,7,144,223,37
191,231,15,145,223,40
191,231,23,146,225,44
191,231,31,147,226,48
191,231,39,148,227,51
191,231,47,150,228,56
191,231,55,152,230,61
191,231,63,153,232,67
191,231,71,155,233,72
191,231,79,157,234,77
191,231,87,159,236,83
191,231,95,160,237,88
191,231,103,162,238,94
191,231,111,164,238,100
191,231,119,165,239,106
191,231,127,166,239,112
191,231,135,167,239,118
191,231,143,168,239,124
191,231,151,169,239,131
191,231,159,170,239,137
191,231,167,170,239,144
191,231,175,170,239,150
191,231,183,171,239,157
191,231,191,171,239,165
191,231,199,172,239,173
191,231,207,173,239,183
191,231,215,173,239,194
191,231,223,174,239,206
191,231,231,174,237,218
191,231,239,173,233,231
191,231,247,172,229,243
191,231,255,170,224,252
191,239,0,140,231,33
191,239,7,140,231,35
191,239,15,141,232,38
191,239,23,142,233,42
191,239,31,144,234,47
191,239,39,145,236,52
191,239,47,146,237,56
191,239,55,148,238,60
191,239,63,150,240,65
191,239,71,152,241,71
191,239,79,154,243,76
191,239,87,156,244,82
191,239,95,158,245,88
191,239,103,159,246,93
191,239,111,161,247,99
191,239,119,163,247,106
191,239,127,164,247,111
191,239,135,166,248,118
191,239,143,167,248,124
191,239,151,168,248,130
191,239,159,169,248,136
191,239,167,169,247,143
191,239,175,170,248,149
191,239,183,170,248,156
191,239,191,171,248,163
191,239,199,171,248,171
191,239,207,172,248,181
191,239,215,173,248,191
191,239,223,174,248,202
191,239,231,174,248,214
191,239,239,174,246,227
191,239,247,173,242,241
191,239,255,172,239,250
191,247,0,136,238,33
191,247,7,136,239,35
191,247,15,137,239,37
191,247,23,138,240,40
191,247,31,139,241,45
191,247,39,141,243,50
191,247,47,143,244,55
191,247,55,144,245,59
191,247,63,146,247,64
191,247,71,148,248,69
191,247,79,151,249,75
191,247,87,153,250,80
191,247,95,155,251,87
191,247,103,157,252,93
191,247,111,159,252,98
191,247,119,161,252,105
191,247,127,162,253,111
191,247,135,164,253,117
191,247,143,166,253,123
191,247,151,167,253,129
191,247,159,168,253,136
191,247,167,168,253,142
191,247,175,169,253,148
191,247,183,170,253,155
191,247,191,170,253,162
191,247,199,170,253,170
191,247,207,171,253,178
191,247,215,172,253,188
191,247,223,173,253,199
191,247,231,173,253,211
191,247,239,173,253,224
191,247,247,173,252,237
191,247,255,173,250,248
191,255,0,133,245,35
191,255,7,134,245,36
191,255,15,135,246,38
191,255,23,135,246,41
191,255,31,136,247,44
191,255,39,138,248,48
191,255,47,140,250,53
191,255,55,141,251,58
191,255,63,143,252,63
191,255,71,145,253,67
191,255,79,147,254,72
191,255,87,149,254,78
191,255,95,152,255,85
191,255,103,154,255,91
191,255,111,156,255,98
191,255,119,158,255,104
191,255,127,160,255,110
191,255,135,162,255,116
191,255,143,164,255,122
191,255,151,165,255,128
191,255,159,166,255,134
191,255,167,167,255,141
191,255,175,168,255,147
191,255,183,169,255,154
191,255,191,169,255,161
191,255,199,170,255,168
191,255,207,171,255,177
191,255,215,172,255,186
191,255,223,172,255,196
191,255,231,173,255,208
191,255,239,174,255,220
191,255,247,174,255,233
191,255,255,173,254,245
199,0,0,174,2,24
199,0,7,176,3,31
199,0,15,177,3,36
199,0,23,178,4,43
199,0,31,179,4,50
199,0,39,180,5,57
199,0,47,181,5,64
199,0,55,182,5,72
199,0,63,182,5,80
199,0,71,183,5,89
199,0,79,183,5,100
199,0,87,183,5,111
199,0,95,183,4,124
199,0,103,183,4,139
199,0,111,182,3,154
199,0,119,180,4,170
199,0,127,178,6,186
199,0,135,175,10,201
199,0,143,170,14,213
199,0,151,165,19,222
199,0,159,159,23,228
199,0,167,154,27,232
199,0,175,148,31,236
199,0,183,143,35,239
199,0,191,138,38,241
199,0,199,134,40,243
199,0,207,130,43,244
199,0,215,127,44,246
199,0,223,125,46,249
199,0,231,123,46,251
199,0,239,122,45,253
199,0,247,121,44,254
199,0,255,120,44,255
199,7,0,173,3,24
199,7,7,175,3,31
199,7,15,176,4,36
199,7,23,178,5,42
199,7,31,179,5,50
199,7,39,180,6,56
199,7,47,180,6,64
199,7,55,181,7,71
199,7,63,182,7,80
199,7,71,182,7,89
199,7,79,183,6,99
199,7,87,183,6,110
199,7,95,183,6,123
199,7,103,182,6,137
199,7,111,182,6,152
199,7,119,180,6,168
199,7,127,178,9,184
199,7,135,175,11,199
199,7,143,170,16,211
199,7,151,165,21,220
199,7,159,160,25,227
199,7,167,154,30,232
199,7,175,148,34,235
199,7,183,143,37,238
199,7,191,138,40,241
199,7,199,134,42,243
199,7,207,131,45,244
199,7,215,128,46,246
199,7,223,125,48,249
199,7,231,124,49,251
199,7,239,122,48,253
199,7,247,122,47,254
199,7,255,121,46,255
199,15,0,173,4,24
199,15,7,175,4,31
199,15,15,176,5,36
199,15,23,177,6,42
199,15,31,178,7,50
199,15,39,179,7,56
199,15,47,180,8,63
199,15,55,181,8,71
199,15,63,181,9,79
199,15,71,182,9,88
199,15,79,182,8,97
199,15,87,183,8,109
199,15,95,183,8,121
199,15,103,182,8,135
199,15,111,181,8,150
199,15,119,180,9,165
199,15,127,178,11,181
199,15,135,175,14,196
199,15,143,170,18,209
199,15,151,165,23,219
199,15,159,160,28,225
199,15,167,154,32,230
199,15,175,149,37,235
199,15,183,144,40,238
199,15,191,139,43,241
199,15,199,135,45,243
199,15,207,131,47,244
199,15,215,128,49,246
199,15,223,126,50,249
199,15,231,124,52,251
199,15,239,123,52,253
199,15,247,122,50,254
199,15,255,121,49,255
199,23,0,172,5,24
199,23,7,174,6,30
199,23,15,175,7,36
199,23,23,176,8,42
199,23,31,178,9,49
199,23,39,178,10,56
199,23,47,179,10,63
199,23,55,180,11,70
199,23,63,181,11,78
199,23,71,181,12,86
199,23,79,182,12,96
199,23,87,182,12,106
199,23,95,182,12,118
199,23,103,182,12,132
199,23,111,181,12,146
199,23,119,180,13,161
199,23,127,177,15,177
199,23,135,175,18,192
199,23,143,170,22,205
199,23,151,166,27,216
199,23,159,160,32,223
199,23,167,155,37,229
199,23,175,149,41,234
199,23,183,144,44,238
199,23,191,139,46,241
199,23,199,135,48,243
199,23,207,132,51,245
199,23,215,129,52,246
199,23,223,127,53,249
199,23,231,125,55,251
199,23,239,123,56,252
199,23,247,122,55,254
199,23,255,122,53,255
199,31,0,171,7,24
199,31,7,173,8,30
199,31,15,174,9,36
199,31,23,176,11,42
199,31,31,177,12,49
199,31,39,178,13,55
199,31,47,178,14,62
199,31,55,179,15,69
199,31,63,180,16,77
199,31,71,180,16,85
199,31,79,181,16,94
199,31,87,181,16,104
199,31,95,181,16,115
199,31,103,181,16,128
199,31,111,180,17,142
199,31,119,179,18,157
199,31,127,177,19,171
199,31,135,175,22,186
199,31,143,171,26,200
199,31,151,166,31,212
199,31,159,161,36,220
199,31,167,156,41,227
199,31,175,150,46,233
199,31,183,145,49,237
199,31,191,140,51,241
199,31,199,136,53,243
199,31,207,133,55,245
199,31,215,130,56,247
199,31,223,127,57,249
199,31,231,126,58,250
199,31,239,124,59,252
199,31,247,123,59,254
199,31,255,122,59,254
199,39,0,171,12,24
199,39,7,172,13,30
199,39,15,174,15,36
199,39,23,175,16,41
199,39,31,176,17,49
199,39,39,177,19,55
199,39,47,178,20,61
199,39,55,178,21,68
199,39,63,179,22,75
199,39,71,179,22,83
199,39,79,180,22,91
199,39,87,180,22,101
199,39,95,180,22,112
199,39,103,180,23,124
199,39,111,180,23,137
199,39,119,179,24,151
199,39,127,177,25,166
199,39,135,175,28,180
199,39,143,171,31,194
199,39,151,167,35,207
199,39,159,162,40,217
199,39,167,157,44,225
199,39,175,151,49,232
199,39,183,146,53,237
199,39,191,141,57,241
199,39,199,137,58,244
199,39,207,133,60,245
199,39,215,130,61,247
199,39,223,128,61,249
199,39,231,127,62,251
199,39,239,125,62,252
199,39,247,124,62,254
199,39,255,123,63,254
199,47,0,170,19,24
199,47,7,172,20,29
199,47,15,173,21,36
199,47,23,174,22,41
199,47,31,175,24,48
199,47,39,176,25,54
199,47,47,177,27,61
199,47,55,177,28,67
199,47,63,178,28,74
199,47,71,178,29,81
199,47,79,179,29,89
199,47,87,179,29,98
199,47,95,180,29,108
199,47,103,180,30,120
199,47,111,179,30,132
199,47,119,178,31,145
199,47,127,177,32,159
199,47,135,175,34,174
199,47,143,172,37,188
199,47,151,168,40,201
199,47,159,163,44,213
199,47,167,158,48,223
199,47,175,152,52,231
199,47,183,147,56,237
199,47,191,142,60,241
199,47,199,137,63,244
199,47,207,134,65,246
199,47,215,131,66,247
199,47,223,129,66,249
199,47,231,127,66,251
199,47,239,126,66,252
199,47,247,125,66,253
199,47,255,125,66,254
199,55,0,170,26,24
199,55,7,171,27,29
199,55,15,172,29,36
199,55,23,173,30,41
199,55,31,174,31,48
199,55,39,175,33,54
199,55,47,176,34,60
199,55,55,176,35,66
199,55,63,177,36,73
199,55,71,177,36,80
199,55,79,178,37,88
199,55,87,178,37,96
199,55,95,179,37,106
199,55,103,179,37,116
199,55,111,178,37,128
199,55,119,178,37,140
199,55,127,177,39,154
199,55,135,175,40,167
199,55,143,172,43,182
199,55,151,168,46,196
199,55,159,164,49,209
199,55,167,159,53,220
199,55,175,154,56,229
199,55,183,148,60,237
199,55,191,143,63,241
199,55,199,139,65,244
199,55,207,135,67,246
199,55,215,132,69,248
199,55,223,130,70,249
199,55,231,128,70,251
199,55,239,127,70,252
199,55,247,126,69,253
199,55,255,126,69,254
199,63,0,169,34,24
199,63,7,170,35,29
199,63,15,172,37,35
199,63,23,173,38,41
199,63,31,173,39,47
199,63,39,174,41,54
199,63,47,174,42,60
199,63,55,175,43,66
199,63,63,175,44,72
199,63,71,176,45,79
199,63,79,177,45,86
199,63,87,177,45,94
199,63,95,177,45,103
199,63,103,178,45,113
199,63,111,177,45,124
199,63,119,177,45,136
199,63,127,176,45,148
199,63,135,175,46,162
199,63,143,172,48,176
199,63,151,169,51,191
199,63,159,165,54,204
199,63,167,160,57,216
199,63,175,155,61,227
199,63,183,150,63,235
199,63,191,145,66,241
199,63,199,141,68,244
199,63,207,137,70,247
199,63,215,134,71,248
199,63,223,131,72,249
199,63,231,129,73,251
199,63,239,128,73,252
199,63,247,127,72,253
199,63,255,127,71,254
199,71,0,169,41,24
199,71,7,170,43,29
199,71,15,171,44,35
199,71,23,172,46,41
199,71,31,173,47,47
199,71,39,173,48,54
199,71,47,174,49,59
199,71,55,174,51,65
199,71,63,175,51,71
199,71,71,175,52,78
199,71,79,175,53,85
199,71,87,176,53,92
199,71,95,176,53,100
199,71,103,176,53,110
199,71,111,176,53,120
199,71,119,176,52,131
199,71,127,175,52,143
199,71,135,174,53,156
199,71,143,173,55,170
199,71,151,170,56,185
199,71,159,167,59,199
199,71,167,162,62,213
199,71,175,157,64,225
199,71,183,152,67,234
199,71,191,146,69,241
199,71,199,142,71,244
199,71,207,138,73,247
199,71,215,135,74,248
199,71,223,133,75,250
199,71,231,131,75,251
199,71,239,129,75,253
199,71,247,128,75,253
199,71,255,127,74,254
199,79,0,169,50,24
199,79,7,170,51,29
199,79,15,171,52,35
199,79,23,172,54,42
199,79,31,172,55,47
199,79,39,173,56,53
199,79,47,173,57,59
199,79,55,173,58,65
199,79,63,174,59,71
199,79,71,174,60,77
199,79,79,174,60,84
199,79,87,175,60,91
199,79,95,175,60,99
199,79,103,175,60,107
199,79,111,175,60,116
199,79,119,175,60,127
199,79,127,174,60,138
199,79,135,174,60,150
199,79,143,173,61,164
199,79,151,171,63,178
199,79,159,168,64,193
199,79,167,164,66,208
199,79,175,159,69,222
199,79,183,154,71,233
199,79,191,149,73,240
199,79,199,144,74,244
199,79,207,140,76,247
199,79,215,137,77,249
199,79,223,134,78,250
199,79,231,132,78,252
199,79,239,130,78,253
199,79,247,129,77,254
199,79,255,128,77,254
199,87,0,169,58,24
199,87,7,170,59,29
199,87,15,171,60,34
199,87,23,172,62,41
199,87,31,172,63,47
199,87,39,172,64,53
199,87,47,173,65,59
199,87,55,173,66,64
199,87,63,173,67,70
199,87,71,173,68,76
199,87,79,173,68,83
199,87,87,174,69,89
199,87,95,174,69,97
199,87,103,174,69,104
199,87,111,174,68,113
199,87,119,174,68,122
199,87,127,173,68,133
199,87,135,173,68,145
199,87,143,172,68,158
199,87,151,171,69,172
199,87,159,169,70,187
199,87,167,165,72,202
199,87,175,161,74,217
199,87,183,156,75,230
199,87,191,151,77,238
199,87,199,146,78,245
199,87,207,142,79,247
199,87,215,138,80,249
199,87,223,136,81,251
199,87,231,133,81,252
199,87,239,131,81,253
199,87,247,130,81,254
199,87,255,129,80,254
199,95,0,170,67,25
199,95,7,170,68,29
199,95,15,171,69,34
199,95,23,171,70,41
199,95,31,172,71,48
199,95,39,172,72,53
199,95,47,172,74,59
199,95,55,172,74,64
199,95,63,172,75,70
199,95,71,173,76,76
199,95,79,173,76,82
199,95,87,173,76,88
199,95,95,173,76,95
199,95,103,173,76,102
199,95,111,173,76,110
199,95,119,173,76,119
199,95,127,172,76,129
199,95,135,172,75,140
199,95,143,171,76,152
199,95,151,171,76,165
199,95,159,169,77,180
199,95,167,167,78,195
199,95,175,163,79,211
199,95,183,158,80,225
199,95,191,153,81,236
199,95,199,148,82,243
199,95,207,144,83,248
199,95,215,140,84,249
199,95,223,137,84,251
199,95,231,135,84,252
199,95,239,133,84,253
199,95,247,131,83,253
199,95,255,130,83,254
199,103,0,170,76,26
199,103,7,170,77,30
199,103,15,171,78,34
199,103,23,171,79,40
199,103,31,172,80,48
199,103,39,172,81,53
199,103,47,172,82,59
199,103,55,172,82,64
199,103,63,172,83,69
199,103,71,172,84,75
199,103,79,172,84,81
199,103,87,172,84,87
199,103,95,172,84,94
199,103,103,172,84,101
199,103,111,172,84,108
199,103,119,172,83,116
199,103,127,172,83,125
199,103,135,171,83,135
199,103,143,171,83,146
199,103,151,170,83,159
199,103,159,169,83,173
199,103,167,168,84,188
199,103,175,165,85,205
199,103,183,161,86,219
199,103,191,156,86,233
199,103,199,151,87,241
199,103,207,146,87,248
199,103,215,143,88,250
199,103,223,139,88,251
199,103,231,136,88,252
199,103,239,134,87,253
199,103,247,132,87,253
199,103,255,131,86,253
199,111,0,171,85,27
199,111,7,171,86,31
199,111,15,171,86,35
199,111,23,171,87,40
199,111,31,172,88,47
199,111,39,172,89,54
199,111,47,172,90,59
199,111,55,172,90,64
199,111,63,172,91,69
199,111,71,172,92,75
199,111,79,172,92,81
199,111,87,172,92,87
199,111,95,172,92,93
199,111,103,172,92,99
199,111,111,172,92,106
199,111,119,172,91,114
199,111,127,171,91,122
199,111,135,171,90,131
199,111,143,170,90,141
199,111,151,170,90,154
199,111,159,170,90,167
199,111,167,169,91,182
199,111,175,166,91,198
199,111,183,163,92,214
199,111,191,158,92,228
199,111,199,153,92,239
199,111,207,149,92,246
199,111,215,145,92,250
199,111,223,141,92,251
199,111,231,139,92,253
199,111,239,136,91,253
199,111,247,134,91,254
199,111,255,132,90,253
199,119,0,171,94,28
199,119,7,171,95,32
199,119,15,171,95,36
199,119,23,172,96,41
199,119,31,172,96,47
199,119,39,172,97,54
199,119,47,172,98,59
199,119,55,172,98,64
199,119,63,172,99,69
199,119,71,172,99,75
199,119,79,172,99,80
199,119,87,172,99,86
199,119,95,172,99,92
199,119,103,172,99,98
199,119,111,172,99,105
199,119,119,171,98,112
199,119,127,171,98,120
199,119,135,170,98,128
199,119,143,170,97,138
199,119,151,170,97,148
199,119,159,169,97,161
199,119,167,169,97,176
199,119,175,168,97,191
199,119,183,165,98,207
199,119,191,161,98,222
199,119,199,156,97,235
199,119,207,152,97,243
199,119,215,147,97,249
199,119,223,143,96,251
199,119,231,140,96,253
199,119,239,138,95,254
199,119,247,136,95,254
199,119,255,134,94,253
199,127,0,171,103,29
199,127,7,171,103,33
199,127,15,172,103,38
199,127,23,172,104,42
199,127,31,172,104,47
199,127,39,172,105,54
199,127,47,172,106,60
199,127,55,173,106,64
199,127,63,173,106,70
199,127,71,173,107,75
199,127,79,173,107,80
199,127,87,173,107,86
199,127,95,172,107,92
199,127,103,172,106,98
199,127,111,172,106,104
199,127,119,171,106,111
199,127,127,171,105,118
199,127,135,170,105,126
199,127,143,170,104,134
199,127,151,170,104,144
199,127,159,169,104,156
199,127,167,169,104,169
199,127,175,168,104,185
199,127,183,166,104,201
199,127,191,163,104,216
199,127,199,159,103,229
199,127,207,154,103,241
199,127,215,150,102,246
199,127,223,146,101,251
199,127,231,143,100,253
199,127,239,140,100,254
199,127,247,137,98,254
199,127,255,134,97,254
199,135,0,171,110,30
199,135,7,171,111,33
199,135,15,171,111,38
199,135,23,172,112,44
199,135,31,172,112,48
199,135,39,172,113,53
199,135,47,173,113,60
199,135,55,173,114,65
199,135,63,173,114,70
199,135,71,173,114,75
199,135,79,173,114,80
199,135,87,173,114,86
199,135,95,172,114,91
199,135,103,172,114,97
199,135,111,172,113,103
199,135,119,171,113,110
199,135,127,171,112,117
199,135,135,171,112,124
199,135,143,170,111,132
199,135,151,170,111,141
199,135,159,169,111,152
199,135,167,169,111,165
199,135,175,168,111,179
199,135,183,167,111,195
199,135,191,165,110,210
199,135,199,162,109,225
199,135,207,157,108,236
199,135,215,153,107,245
199,135,223,149,107,249
199,135,231,145,105,252
199,135,239,142,104,254
199,135,247,140,103,254
199,135,255,137,102,254
199,143,0,171,118,30
199,143,7,171,119,34
199,143,15,171,119,38
199,143,23,172,120,43
199,143,31,172,120,49
199,143,39,172,121,54
199,143,47,173,121,59
199,143,55,173,122,65
199,143,63,173,122,70
199,143,71,173,122,75
199,143,79,173,122,80
199,143,87,173,122,86
199,143,95,173,122,91
199,143,103,173,121,97
199,143,111,172,121,103
199,143,119,172,120,109
199,143,127,171,120,116
199,143,135,171,119,123
199,143,143,170,119,130
199,143,151,170,118,139
199,143,159,170,118,148
199,143,167,170,118,159
199,143,175,169,118,173
199,143,183,168,118,189
199,143,191,167,117,204
199,143,199,164,116,219
199,143,207,160,115,232
199,143,215,156,114,241
199,143,223,152,112,247
199,143,231,148,111,251
199,143,239,145,109,253
199,143,247,143,108,255
199,143,255,140,107,254
199,151,0,171,126,31
199,151,7,171,126,34
199,151,15,171,127,38
199,151,23,171,127,43
199,151,31,172,128,49
199,151,39,172,128,55
199,151,47,173,129,59
199,151,55,173,129,65
199,151,63,173,130,70
199,151,71,174,130,75
199,151,79,174,130,80
199,151,87,174,130,86
199,151,95,173,129,91
199,151,103,173,129,97
199,151,111,173,129,103
199,151,119,172,128,109
199,151,127,172,127,115
199,151,135,171,127,122
199,151,143,171,126,129
199,151,151,171,126,137
199,151,159,171,126,146
199,151,167,170,126,156
199,151,175,170,126,168
199,151,183,170,125,182
199,151,191,168,125,198
199,151,199,166,124,213
199,151,207,163,122,227
199,151,215,159,121,237
199,151,223,154,119,245
199,151,231,151,117,250
199,151,239,147,115,253
199,151,247,145,113,254
199,151,255,142,112,255
199,159,0,170,134,31
199,159,7,170,134,34
199,159,15,171,134,37
199,159,23,171,135,42
199,159,31,172,135,48
199,159,39,172,136,55
199,159,47,173,137,60
199,159,55,173,137,65
199,159,63,174,138,70
199,159,71,174,138,75
199,159,79,174,138,81
199,159,87,174,138,86
199,159,95,174,138,92
199,159,103,174,137,97
199,159,111,173,137,103
199,159,119,173,136,108
199,159,127,173,136,114
199,159,135,172,135,121
199,159,143,172,135,128
199,159,151,172,134,135
199,159,159,171,134,143
199,159,167,171,134,153
199,159,175,171,134,164
199,159,183,171,134,178
199,159,191,170,133,192
199,159,199,168,132,207
199,159,207,165,130,221
199,159,215,161,128,234
199,159,223,158,126,242
199,159,231,154,124,248
199,159,239,150,122,252
199,159,247,147,119,254
199,159,255,143,117,255
199,167,0,169,142,33
199,167,7,170,142,35
199,167,15,170,142,38
199,167,23,170,143,42
199,167,31,171,143,47
199,167,39,171,144,54
199,167,47,172,145,60
199,167,55,173,146,65
199,167,63,173,146,70
199,167,71,174,147,75
199,167,79,174,147,81
199,167,87,174,147,86
199,167,95,174,147,92
199,167,103,174,146,97
199,167,111,174,146,103
199,167,119,174,145,108
199,167,127,174,145,114
199,167,135,173,144,121
199,167,143,173,144,127
199,167,151,173,143,134
199,167,159,173,143,142
199,167,167,173,143,151
199,167,175,173,143,161
199,167,183,173,143,173
199,167,191,172,142,187
199,167,199,170,141,202
199,167,207,168,140,216
199,167,215,164,137,228
199,167,223,161,134,239
199,167,231,157,131,246
199,167,239,153,128,251
199,167,247,149,126,254
199,167,255,146,123,255
199,175,0,168,149,34
199,175,7,168,150,37
199,175,15,169,151,41
199,175,23,169,151,44
199,175,31,170,152,48
199,175,39,171,152,54
199,175,47,171,153,60
199,175,55,172,154,65
199,175,63,173,155,70
199,175,71,173,156,75
199,175,79,174,156,80
199,175,87,174,156,86
199,175,95,174,156,92
199,175,103,175,156,97
199,175,111,175,156,103
199,175,119,174,155,108
199,175,127,174,155,114
199,175,135,174,154,120
199,175,143,174,154,127
199,175,151,174,153,134
199,175,159,174,153,141
199,175,167,174,152,149
199,175,175,174,152,158
199,175,183,174,152,169
199,175,191,174,152,182
199,175,199,173,151,196
199,175,207,171,149,211
199,175,215,168,147,224
199,175,223,164,143,235
199,175,231,160,140,243
199,175,239,156,136,250
199,175,247,152,133,253
199,175,255,149,129,255
199,183,0,167,157,34
199,183,7,167,158,37
199,183,15,167,158,41
199,183,23,168,159,46
199,183,31,169,160,50
199,183,39,170,161,54
199,183,47,170,162,59
199,183,55,171,163,65
199,183,63,172,164,70
199,183,71,173,165,75
199,183,79,174,165,81
199,183,87,174,166,86
199,183,95,175,166,92
199,183,103,175,166,97
199,183,111,175,166,103
199,183,119,175,165,109
199,183,127,175,165,114
199,183,135,175,164,120
199,183,143,175,164,127
199,183,151,175,164,133
199,183,159,175,163,140
199,183,167,175,163,148
199,183,175,176,163,156
199,183,183,176,162,166
199,183,191,176,162,178
199,183,199,175,161,191
199,183,207,173,160,205
199,183,215,170,157,219
199,183,223,167,154,230
199,183,231,163,150,240
199,183,239,160,146,247
199,183,247,156,141,253
199,183,255,152,137,254
199,191,0,165,165,34
199,191,7,165,166,37
199,191,15,166,167,40
199,191,23,167,168,45
199,191,31,168,169,51
199,191,39,168,170,55
199,191,47,169,171,59
199,191,55,170,173,64
199,191,63,171,174,70
199,191,71,172,175,75
199,191,79,173,176,80
199,191,87,174,176,86
199,191,95,174,177,92
199,191,103,175,177,97
199,191,111,175,177,103
199,191,119,176,176,109
199,191,127,176,176,114
199,191,135,176,176,121
199,191,143,176,175,127
199,191,151,176,175,133
199,191,159,176,174,140
199,191,167,176,174,148
199,191,175,177,174,155
199,191,183,177,174,164
199,191,191,177,173,174
199,191,199,176,172,187
199,191,207,175,171,201
199,191,215,173,169,214
199,191,223,171,165,226
199,191,231,167,161,236
199,191,239,163,156,245
199,191,247,160,151,250
199,191,255,156,146,254
199,199,0,163,175,35
199,199,7,163,176,37
199,199,15,164,176,40
199,199,23,165,177,44
199,199,31,166,179,49
199,199,39,167,180,56
199,199,47,168,182,60
199,199,55,169,183,65
199,199,63,170,184,70
199,199,71,171,185,75
199,199,79,172,186,80
199,199,87,173,187,86
199,199,95,174,187,91
199,199,103,175,188,97
199,199,111,176,188,103
199,199,119,176,188,109
199,199,127,176,188,115
199,199,135,177,188,121
199,199,143,177,188,127
199,199,151,177,187,133
199,199,159,177,187,140
199,199,167,177,186,147
199,199,175,178,186,155
199,199,183,178,186,163
199,199,191,178,186,172
199,199,199,178,185,182
199,199,207,177,184,195
199,199,215,176,182,209
199,199,223,174,178,222
199,199,231,171,174,233
199,199,239,167,168,243
199,199,247,164,163,250
199,199,255,160,157,253
199,207,0,161,186,36
199,207,7,161,186,38
199,207,15,162,187,40
199,207,23,163,188,44
199,207,31,164,189,48
199,207,39,165,190,54
199,207,47,166,192,60
199,207,55,167,193,65
199,207,63,169,195,69
199,207,71,170,196,75
199,207,79,171,197,80
199,207,87,172,199,86
199,207,95,174,200,91
199,207,103,174,200,97
199,207,111,175,201,103
199,207,119,176,201,109
199,207,127,177,201,115
199,207,135,177,201,121
199,207,143,177,200,127
199,207,151,177,200,133
199,207,159,178,200,140
199,207,167,178,200,147
199,207,175,178,200,154
199,207,183,178,200,162
199,207,191,179,200,170
199,207,199,179,199,180
199,207,207,179,199,192
199,207,215,178,197,205
199,207,223,177,193,218
199,207,231,174,189,230
199,207,239,172,183,240
199,207,247,168,177,249
199,207,255,164,170,253
199,215,0,159,197,37
199,215,7,159,198,39
199,215,15,159,198,41
199,215,23,160,199,44
199,215,31,161,200,48
199,215,39,162,202,53
199,215,47,164,203,59
199,215,55,165,205,65
199,215,63,167,206,69
199,215,71,168,208,74
199,215,79,170,209,80
199,215,87,171,210,85
199,215,95,172,211,91
199,215,103,174,212,97
199,215,111,175,213,103
199,215,119,176,213,109
199,215,127,177,213,115
199,215,135,177,213,121
199,215,143,177,213,127
199,215,151,178,213,133
199,215,159,178,213,140
199,215,167,178,213,147
199,215,175,178,213,154
199,215,183,179,213,161
199,215,191,179,213,169
199,215,199,179,213,178
199,215,207,180,213,189
199,215,215,180,212,201
199,215,223,179,209,214
199,215,231,178,205,226
199,215,239,175,200,238
199,215,247,172,193,247
199,215,255,169,187,253
199,223,0,155,207,36
199,223,7,156,208,39
199,223,15,157,209,42
199,223,23,158,210,45
199,223,31,159,211,49
199,223,39,160,212,53
199,223,47,161,213,58
199,223,55,163,215,63
199,223,63,164,217,69
199,223,71,166,218,74
199,223,79,168,220,79
199,223,87,169,221,85
199,223,95,171,223,90
199,223,103,172,224,96
199,223,111,173,224,102
199,223,119,175,225,108
199,223,127,176,225,114
199,223,135,177,225,120
199,223,143,177,225,127
199,223,151,178,225,133
199,223,159,178,225,140
199,223,167,178,225,146
199,223,175,179,225,153
199,223,183,179,225,160
199,223,191,179,225,168
199,223,199,180,225,177
199,223,207,181,225,187
199,223,215,181,225,199
199,223,223,181,224,211
199,223,231,180,221,223
199,223,239,178,216,235
199,223,247,176,209,246
199,223,255,173,203,252
199,231,0,152,217,35
199,231,7,153,218,38
199,231,15,153,219,41
199,231,23,154,220,45
199,231,31,156,221,50
199,231,39,157,222,53
199,231,47,158,224,57
199,231,55,160,225,62
199,231,63,161,227,68
199,231,71,163,229,73
199,231,79,165,230,78
199,231,87,167,232,84
199,231,95,168,233,90
199,231,103,170,234,96
199,231,111,172,235,102
199,231,119,173,235,108
199,231,127,175,236,114
199,231,135,176,236,120
199,231,143,177,236,126
199,231,151,177,236,133
199,231,159,178,236,139
199,231,167,178,236,146
199,231,175,178,236,152
199,231,183,179,236,159
199,231,191,179,236,167
199,231,199,180,236,175
199,231,207,181,237,185
199,231,215,182,237,196
199,231,223,182,237,208
199,231,231,182,235,220
199,231,239,180,231,233
199,231,247,179,226,244
199,231,255,177,222,253
199,239,0,148,226,34
199,239,7,149,227,36
199,239,15,150,227,39
199,239,23,151,228,43
199,239,31,152,230,47
199,239,39,153,231,53
199,239,47,155,233,57
199,239,55,156,234,62
199,239,63,158,236,67
199,239,71,160,238,72
199,239,79,162,239,77
199,239,87,164,241,83
199,239,95,166,242,89
199,239,103,168,243,95
199,239,111,170,244,101
199,239,119,171,245,107
199,239,127,173,245,113
199,239,135,175,245,120
199,239,143,176,245,126
199,239,151,177,245,132
199,239,159,177,246,139
199,239,167,178,246,146
199,239,175,178,246,152
199,239,183,178,246,158
199,239,191,179,246,166
199,239,199,179,246,174
199,239,207,180,246,183
199,239,215,181,247,193
199,239,223,182,247,205
199,239,231,182,246,216
199,239,239,182,244,229
199,239,247,180,240,242
199,239,255,179,236,250
199,247,0,145,235,35
199,247,7,145,235,37
199,247,15,146,236,39
199,247,23,147,236,42
199,247,31,148,238,46
199,247,39,149,239,51
199,247,47,151,241,57
199,247,55,153,242,61
199,247,63,155,243,66
199,247,71,157,245,71
199,247,79,159,247,76
199,247,87,161,248,82
199,247,95,163,249,88
199,247,103,165,250,95
199,247,111,167,250,101
199,247,119,169,251,107
199,247,127,171,252,113
199,247,135,173,252,119
199,247,143,174,252,126
199,247,151,176,252,132
199,247,159,177,252,138
199,247,167,177,252,145
199,247,175,178,252,151
199,247,183,178,252,158
199,247,191,178,252,165
199,247,199,179,252,173
199,247,207,180,252,181
199,247,215,181,253,191
199,247,223,181,253,202
199,247,231,182,253,213
199,247,239,182,253,226
199,247,247,181,251,239
199,247,255,181,249,250
199,255,0,141,243,36
199,255,7,142,243,37
199,255,15,142,243,39
199,255,23,143,244,42
199,255,31,144,245,45
199,255,39,146,246,49
199,255,47,147,247,54
199,255,55,149,249,60
199,255,63,151,250,64
199,255,71,153,251,69
199,255,79,155,252,74
199,255,87,157,253,80
199,255,95,160,253,86
199,255,103,162,254,93
199,255,111,165,254,100
199,255,119,167,254,106
199,255,127,169,255,112
199,255,135,171,255,119
199,255,143,173,255,125
199,255,151,174,255,131
199,255,159,176,255,138
199,255,167,177,255,144
199,255,175,177,255,151
199,255,183,178,255,157
199,255,191,178,254,164
199,255,199,179,254,172
199,255,207,179,254,180
199,255,215,180,255,189
199,255,223,181,255,199
199,255,231,182,255,211
199,255,239,182,255,223
199,255,247,182,255,235
199,255,255,182,254,246
207,0,0,180,2,25
207,0,7,182,2,30
207,0,15,184,3,37
207,0,23,185,3,43
207,0,31,186,4,50
207,0,39,188,4,56
207,0,47,189,4,63
207,0,55,190,4,71
207,0,63,191,4,80
207,0,71,191,4,89
207,0,79,192,4,99
207,0,87,192,4,110
207,0,95,192,4,123
207,0,103,192,4,137
207,0,111,191,5,152
207,0,119,189,7,168
207,0,127,186,9,183
207,0,135,183,12,198
207,0,143,179,15,210
207,0,151,174,17,220
207,0,159,168,22,227
207,0,167,162,26,232
207,0,175,157,31,236
207,0,183,151,34,239
207,0,191,146,37,241
207,0,199,142,41,243
207,0,207,138,44,244
207,0,215,135,46,246
207,0,223,133,45,249
207,0,231,132,45,251
207,0,239,131,44,253
207,0,247,130,44,254
207,0,255,129,44,255
207,7,0,180,3,24
207,7,7,181,3,30
207,7,15,183,4,37
207,7,23,185,4,43
207,7,31,186,5,49
207,7,39,187,5,56
207,7,47,188,6,63
207,7,55,189,6,71
207,7,63,190,6,79
207,7,71,191,6,88
207,7,79,192,6,98
207,7,87,192,5,109
207,7,95,192,5,122
207,7,103,192,6,135
207,7,111,190,6,150
207,7,119,189,8,166
207,7,127,186,10,181
207,7,135,183,13,196
207,7,143,179,17,208
207,7,151,174,20,219
207,7,159,168,24,226
207,7,167,163,28,232
207,7,175,157,33,236
207,7,183,152,36,239
207,7,191,147,39,241
207,7,199,142,42,243
207,7,207,139,46,244
207,7,215,136,49,246
207,7,223,134,49,248
207,7,231,132,48,251
207,7,239,131,47,253
207,7,247,130,47,254
207,7,255,130,47,255
207,15,0,179,4,24
207,15,7,181,4,30
207,15,15,183,5,37
207,15,23,184,6,43
207,15,31,186,6,49
207,15,39,187,7,56
207,15,47,188,7,63
207,15,55,189,8,70
207,15,63,190,8,78
207,15,71,191,8,87
207,15,79,191,8,97
207,15,87,192,8,108
207,15,95,192,8,120
207,15,103,191,8,133
207,15,111,190,9,148
207,15,119,189,10,163
207,15,127,186,12,179
207,15,135,183,15,193
207,15,143,179,19,206
207,15,151,174,22,217
207,15,159,169,27,224
207,15,167,163,31,231
207,15,175,157,35,235
207,15,183,152,39,238
207,15,191,147,42,241
207,15,199,143,45,243
207,15,207,139,48,244
207,15,215,136,51,246
207,15,223,134,52,248
207,15,231,132,52,251
207,15,239,132,50,252
207,15,247,131,50,254
207,15,255,130,49,255
207,23,0,179,6,24
207,23,7,181,6,30
207,23,15,182,7,37
207,23,23,184,8,42
207,23,31,185,9,49
207,23,39,186,10,56
207,23,47,187,10,62
207,23,55,188,11,70
207,23,63,189,11,78
207,23,71,190,11,86
207,23,79,191,11,95
207,23,87,191,11,106
207,23,95,191,11,118
207,23,103,191,11,131
207,23,111,190,12,145
207,23,119,189,13,160
207,23,127,186,15,175
207,23,135,183,19,190
207,23,143,179,22,203
207,23,151,175,26,214
207,23,159,169,30,222
207,23,167,163,35,229
207,23,175,158,39,234
207,23,183,152,42,238
207,23,191,148,45,241
207,23,199,143,48,243
207,23,207,140,51,245
207,23,215,137,53,246
207,23,223,135,55,248
207,23,231,133,57,250
207,23,239,132,55,252
207,23,247,131,54,254
207,23,255,130,53,255
207,31,0,178,8,24
207,31,7,180,9,30
207,31,15,182,10,36
207,31,23,183,11,42
207,31,31,184,12,49
207,31,39,186,13,55
207,31,47,187,14,62
207,31,55,188,15,69
207,31,63,188,15,76
207,31,71,189,16,85
207,31,79,190,16,94
207,31,87,190,15,104
207,31,95,191,16,115
207,31,103,190,16,128
207,31,111,190,16,141
207,31,119,188,18,156
207,31,127,186,20,171
207,31,135,183,23,185
207,31,143,180,26,199
207,31,151,175,31,210
207,31,159,170,35,220
207,31,167,164,39,227
207,31,175,158,43,233
207,31,183,153,47,238
207,31,191,148,50,241
207,31,199,144,52,243
207,31,207,141,54,245
207,31,215,137,57,246
207,31,223,135,58,248
207,31,231,133,60,250
207,31,239,132,61,252
207,31,247,131,59,254
207,31,255,131,58,254
207,39,0,178,12,24
207,39,7,179,13,30
207,39,15,181,15,36
207,39,23,182,16,42
207,39,31,184,17,48
207,39,39,185,19,55
207,39,47,186,20,61
207,39,55,187,21,68
207,39,63,187,21,75
207,39,71,188,22,83
207,39,79,189,22,92
207,39,87,189,22,101
207,39,95,190,22,112
207,39,103,190,22,124
207,39,111,189,22,137
207,39,119,188,23,151
207,39,127,186,25,166
207,39,135,184,27,180
207,39,143,180,31,194
207,39,151,176,35,206
207,39,159,171,40,217
207,39,167,165,45,225
207,39,175,159,49,231
207,39,183,153,52,237
207,39,191,149,55,241
207,39,199,145,57,243
207,39,207,141,59,245
207,39,215,138,61,247
207,39,223,136,62,249
207,39,231,134,63,250
207,39,239,133,64,252
207,39,247,132,64,253
207,39,255,131,63,254
207,47,0,177,18,24
207,47,7,178,19,29
207,47,15,180,21,36
207,47,23,182,22,42
207,47,31,183,24,48
207,47,39,184,25,55
207,47,47,185,27,61
207,47,55,185,28,67
207,47,63,186,29,74
207,47,71,187,29,81
207,47,79,188,29,89
207,47,87,188,29,99
207,47,95,189,29,109
207,47,103,189,29,120
207,47,111,188,29,132
207,47,119,187,30,146
207,47,127,186,31,160
207,47,135,184,33,174
207,47,143,181,36,188
207,47,151,177,40,201
207,47,159,172,44,213
207,47,167,166,48,222
207,47,175,160,53,230
207,47,183,154,57,236
207,47,191,149,60,240
207,47,199,145,62,243
207,47,207,142,63,246
207,47,215,139,65,247
207,47,223,137,66,249
207,47,231,135,67,251
207,47,239,134,67,252
207,47,247,133,67,253
207,47,255,133,67,254
207,55,0,177,25,24
207,55,7,178,26,29
207,55,15,180,27,35
207,55,23,181,29,42
207,55,31,182,31,48
207,55,39,183,32,54
207,55,47,184,33,60
207,55,55,185,35,66
207,55,63,185,36,73
207,55,71,186,36,80
207,55,79,187,37,88
207,55,87,187,37,96
207,55,95,188,37,106
207,55,103,188,37,116
207,55,111,187,37,128
207,55,119,187,38,140
207,55,127,186,38,153
207,55,135,184,40,168
207,55,143,181,42,182
207,55,151,177,45,196
207,55,159,173,49,209
207,55,167,167,52,219
207,55,175,162,56,229
207,55,183,156,60,235
207,55,191,151,63,240
207,55,199,146,65,243
207,55,207,142,68,246
207,55,215,140,69,248
207,55,223,137,70,249
207,55,231,136,70,251
207,55,239,135,70,252
207,55,247,134,70,253
207,55,255,134,69,254
207,63,0,177,32,24
207,63,7,178,33,29
207,63,15,179,35,35
207,63,23,180,37,42
207,63,31,181,38,48
207,63,39,182,40,54
207,63,47,183,41,60
207,63,55,183,42,66
207,63,63,184,43,72
207,63,71,185,44,79
207,63,79,185,44,86
207,63,87,186,44,94
207,63,95,186,44,103
207,63,103,187,44,113
207,63,111,186,45,124
207,63,119,186,45,136
207,63,127,185,45,148
207,63,135,183,47,162
207,63,143,181,48,176
207,63,151,178,51,190
207,63,159,174,54,204
207,63,167,169,57,216
207,63,175,163,60,227
207,63,183,157,63,234
207,63,191,152,66,240
207,63,199,148,68,244
207,63,207,144,70,246
207,63,215,141,72,248
207,63,223,138,73,250
207,63,231,136,73,251
207,63,239,135,73,252
207,63,247,135,72,253
207,63,255,135,72,254
207,71,0,177,40,25
207,71,7,177,41,29
207,71,15,178,43,35
207,71,23,180,45,42
207,71,31,180,46,48
207,71,39,181,48,54
207,71,47,182,49,60
207,71,55,182,50,66
207,71,63,183,51,72
207,71,71,183,52,78
207,71,79,184,52,85
207,71,87,185,53,93
207,71,95,185,52,101
207,71,103,185,52,110
207,71,111,185,52,120
207,71,119,185,52,131
207,71,127,184,52,143
207,71,135,183,53,156
207,71,143,182,54,170
207,71,151,179,56,185
207,71,159,175,59,199
207,71,167,171,61,212
207,71,175,165,64,224
207,71,183,159,67,233
207,71,191,154,69,240
207,71,199,149,71,244
207,71,207,146,73,246
207,71,215,142,74,248
207,71,223,140,75,250
207,71,231,138,76,251
207,71,239,136,75,253
207,71,247,135,75,254
207,71,255,135,74,254
207,79,0,177,48,25
207,79,7,177,49,29
207,79,15,178,51,34
207,79,23,179,52,41
207,79,31,180,54,48
207,79,39,181,55,54
207,79,47,181,57,60
207,79,55,181,58,65
207,79,63,182,59,71
207,79,71,182,59,77
207,79,79,183,60,84
207,79,87,183,60,91
207,79,95,184,60,99
207,79,103,184,60,107
207,79,111,184,60,117
207,79,119,184,60,127
207,79,127,183,60,138
207,79,135,182,60,150
207,79,143,181,61,164
207,79,151,179,62,179
207,79,159,176,64,193
207,79,167,172,66,207
207,79,175,167,68,220
207,79,183,161,71,231
207,79,191,156,73,238
207,79,199,151,75,244
207,79,207,147,76,247
207,79,215,143,77,249
207,79,223,141,78,250
207,79,231,139,78,252
207,79,239,138,78,253
207,79,247,137,78,254
207,79,255,136,77,254
207,87,0,177,57,25
207,87,7,177,58,29
207,87,15,178,59,34
207,87,23,179,60,41
207,87,31,180,62,48
207,87,39,180,63,54
207,87,47,180,65,60
207,87,55,181,66,65
207,87,63,181,67,71
207,87,71,181,67,77
207,87,79,182,68,83
207,87,87,182,68,90
207,87,95,183,68,97
207,87,103,183,68,105
207,87,111,183,68,114
207,87,119,183,68,123
207,87,127,182,68,134
207,87,135,182,68,145
207,87,143,181,68,158
207,87,151,180,69,172
207,87,159,177,70,186
207,87,167,173,72,201
207,87,175,169,73,216
207,87,183,164,75,228
207,87,191,158,77,237
207,87,199,153,78,243
207,87,207,149,79,247
207,87,215,145,80,249
207,87,223,142,81,251
207,87,231,140,81,252
207,87,239,138,81,253
207,87,247,137,81,254
207,87,255,137,80,254
207,95,0,177,66,26
207,95,7,178,67,30
207,95,15,178,67,35
207,95,23,179,69,41
207,95,31,180,70,48
207,95,39,180,71,54
207,95,47,180,73,59
207,95,55,180,74,65
207,95,63,181,75,70
207,95,71,181,75,76
207,95,79,181,76,82
207,95,87,181,76,89
207,95,95,182,76,95
207,95,103,182,76,103
207,95,111,182,76,111
207,95,119,182,76,120
207,95,127,181,75,129
207,95,135,181,75,140
207,95,143,180,75,152
207,95,151,179,76,166
207,95,159,178,77,180
207,95,167,175,78,195
207,95,175,171,79,210
207,95,183,166,80,224
207,95,191,161,81,236
207,95,199,156,82,242
207,95,207,151,83,248
207,95,215,147,84,249
207,95,223,144,85,251
207,95,231,142,84,252
207,95,239,139,84,253
207,95,247,138,84,254
207,95,255,137,84,254
207,103,0,178,75,27
207,103,7,178,76,32
207,103,15,178,76,35
207,103,23,179,77,41
207,103,31,179,78,48
207,103,39,180,80,54
207,103,47,180,81,59
207,103,55,180,82,65
207,103,63,180,82,70
207,103,71,180,83,76
207,103,79,181,84,82
207,103,87,181,84,88
207,103,95,181,84,94
207,103,103,181,84,101
207,103,111,181,84,109
207,103,119,181,83,117
207,103,127,180,83,126
207,103,135,180,83,136
207,103,143,179,83,147
207,103,151,179,83,160
207,103,159,178,83,173
207,103,167,176,84,188
207,103,175,173,85,204
207,103,183,169,86,219
207,103,191,163,86,231
207,103,199,158,87,241
207,103,207,153,87,247
207,103,215,149,88,250
207,103,223,146,88,251
207,103,231,143,88,252
207,103,239,141,88,253
207,103,247,139,88,254
207,103,255,138,87,253
207,111,0,178,84,28
207,111,7,178,84,32
207,111,15,179,85,36
207,111,23,179,86,41
207,111,31,179,87,47
207,111,39,180,88,54
207,111,47,180,89,59
207,111,55,180,90,65
207,111,63,180,90,70
207,111,71,180,91,75
207,111,79,181,91,81
207,111,87,181,92,87
207,111,95,181,92,93
207,111,103,181,92,100
207,111,111,180,91,107
207,111,119,180,91,115
207,111,127,180,91,123
207,111,135,179,90,132
207,111,143,179,90,142
207,111,151,179,90,154
207,111,159,178,90,167
207,111,167,177,91,182
207,111,175,175,91,197
207,111,183,171,92,213
207,111,191,166,92,227
207,111,199,161,92,239
207,111,207,156,92,245
207,111,215,151,92,250
207,111,223,148,92,252
207,111,231,145,92,253
207,111,239,142,92,253
207,111,247,140,92,254
207,111,255,139,91,253
207,119,0,178,92,29
207,119,7,178,93,33
207,119,15,179,94,38
207,119,23,179,94,42
207,119,31,179,95,48
207,119,39,180,96,54
207,119,47,180,97,60
207,119,55,180,97,65
207,119,63,180,98,70
207,119,71,180,98,75
207,119,79,181,99,81
207,119,87,181,99,87
207,119,95,181,99,93
207,119,103,180,99,99
207,119,111,180,99,106
207,119,119,180,98,113
207,119,127,180,98,120
207,119,135,179,98,129
207,119,143,178,97,138
207,119,151,178,97,149
207,119,159,178,97,162
207,119,167,177,97,175
207,119,175,176,97,191
207,119,183,173,98,207
207,119,191,169,98,222
207,119,199,163,97,234
207,119,207,158,97,244
207,119,215,154,97,248
207,119,223,150,97,252
207,119,231,147,96,253
207,119,239,144,96,254
207,119,247,142,95,254
207,119,255,139,95,253
207,127,0,178,101,29
207,127,7,179,101,33
207,127,15,179,102,38
207,127,23,180,102,43
207,127,31,180,103,48
207,127,39,180,104,54
207,127,47,180,105,60
207,127,55,180,105,65
207,127,63,181,106,70
207,127,71,181,106,75
207,127,79,181,106,81
207,127,87,181,106,86
207,127,95,181,106,92
207,127,103,180,106,98
207,127,111,180,106,105
207,127,119,180,105,111
207,127,127,179,105,119
207,127,135,179,104,127
207,127,143,178,104,135
207,127,151,178,104,145
207,127,159,178,104,157
207,127,167,177,104,170
207,127,175,176,104,185
207,127,183,174,104,201
207,127,191,171,104,216
207,127,199,166,103,229
207,127,207,161,103,240
207,127,215,157,102,247
207,127,223,152,101,251
207,127,231,149,101,253
207,127,239,146,100,254
207,127,247,143,99,254
207,127,255,141,98,253
207,135,0,178,109,30
207,135,7,179,110,34
207,135,15,179,110,38
207,135,23,179,111,43
207,135,31,180,111,49
207,135,39,180,112,54
207,135,47,180,112,60
207,135,55,180,113,65
207,135,63,181,113,70
207,135,71,181,113,75
207,135,79,181,114,81
207,135,87,181,114,86
207,135,95,181,113,92
207,135,103,181,113,98
207,135,111,180,113,104
207,135,119,180,113,110
207,135,127,179,112,117
207,135,135,179,112,125
207,135,143,178,111,133
207,135,151,178,111,142
207,135,159,178,111,152
207,135,167,177,111,165
207,135,175,177,111,179
207,135,183,175,111,195
207,135,191,173,110,210
207,135,199,169,109,225
207,135,207,164,108,236
207,135,215,159,108,245
207,135,223,155,107,249
207,135,231,151,106,253
207,135,239,149,105,254
207,135,247,146,104,255
207,135,255,143,103,254
207,143,0,178,117,31
207,143,7,179,117,34
207,143,15,179,118,38
207,143,23,179,118,43
207,143,31,180,119,50
207,143,39,180,119,55
207,143,47,180,120,60
207,143,55,181,120,66
207,143,63,181,121,71
207,143,71,181,121,76
207,143,79,181,121,81
207,143,87,181,121,86
207,143,95,181,121,92
207,143,103,181,121,98
207,143,111,180,120,104
207,143,119,180,120,110
207,143,127,179,119,117
207,143,135,179,119,124
207,143,143,179,118,131
207,143,151,178,118,140
207,143,159,178,118,149
207,143,167,178,118,160
207,143,175,177,118,174
207,143,183,176,118,188
207,143,191,174,117,204
207,143,199,171,116,219
207,143,207,167,115,232
207,143,215,162,114,241
207,143,223,158,112,247
207,143,231,154,111,251
207,143,239,150,110,254
207,143,247,148,108,254
207,143,255,146,107,254
207,151,0,178,124,32
207,151,7,178,125,34
207,151,15,179,125,38
207,151,23,179,126,43
207,151,31,180,126,49
207,151,39,180,127,56
207,151,47,180,127,60
207,151,55,181,128,65
207,151,63,181,129,71
207,151,71,181,129,76
207,151,79,181,129,81
207,151,87,181,129,86
207,151,95,181,129,92
207,151,103,181,128,98
207,151,111,181,128,104
207,151,119,181,128,110
207,151,127,180,127,116
207,151,135,180,126,123
207,151,143,179,126,130
207,151,151,179,126,137
207,151,159,178,125,146
207,151,167,178,125,156
207,151,175,178,125,169
207,151,183,177,125,183
207,151,191,176,124,198
207,151,199,174,124,213
207,151,207,170,122,227
207,151,215,165,120,237
207,151,223,161,119,245
207,151,231,157,117,249
207,151,239,153,115,253
207,151,247,150,113,254
207,151,255,147,112,254
207,159,0,178,132,32
207,159,7,178,132,34
207,159,15,178,133,38
207,159,23,179,133,42
207,159,31,179,134,48
207,159,39,180,134,55
207,159,47,180,135,61
207,159,55,181,136,66
207,159,63,181,136,71
207,159,71,181,137,76
207,159,79,182,137,81
207,159,87,182,137,87
207,159,95,182,137,92
207,159,103,182,137,98
207,159,111,181,136,103
207,159,119,181,136,109
207,159,127,181,135,115
207,159,135,180,135,122
207,159,143,180,134,129
207,159,151,180,134,136
207,159,159,179,134,144
207,159,167,179,133,154
207,159,175,179,133,165
207,159,183,179,133,178
207,159,191,178,133,192
207,159,199,175,132,207
207,159,207,172,130,221
207,159,215,168,128,233
207,159,223,164,126,241
207,159,231,160,124,248
207,159,239,156,121,252
207,159,247,152,119,254
207,159,255,149,117,254
207,167,0,177,139,34
207,167,7,177,140,37
207,167,15,178,140,40
207,167,23,178,141,43
207,167,31,179,141,48
207,167,39,179,142,54
207,167,47,180,143,61
207,167,55,181,144,66
207,167,63,181,144,71
207,167,71,182,145,76
207,167,79,182,145,81
207,167,87,182,145,87
207,167,95,182,145,92
207,167,103,182,145,98
207,167,111,182,145,104
207,167,119,182,145,109
207,167,127,181,144,115
207,167,135,181,144,122
207,167,143,181,143,128
207,167,151,181,143,135
207,167,159,180,142,143
207,167,167,180,142,151
207,167,175,180,142,162
207,167,183,180,142,173
207,167,191,180,142,187
207,167,199,178,141,201
207,167,207,175,139,216
207,167,215,171,137,228
207,167,223,167,134,239
207,167,231,163,131,245
207,167,239,159,128,251
207,167,247,155,125,253
207,167,255,151,123,255
207,175,0,176,147,35
207,175,7,176,148,38
207,175,15,177,148,41
207,175,23,177,149,46
207,175,31,178,150,50
207,175,39,179,150,54
207,175,47,179,151,60
207,175,55,180,152,66
207,175,63,181,153,71
207,175,71,181,154,76
207,175,79,182,154,81
207,175,87,182,154,87
207,175,95,182,154,92
207,175,103,183,154,98
207,175,111,183,154,104
207,175,119,183,154,109
207,175,127,182,153,115
207,175,135,182,153,121
207,175,143,182,152,128
207,175,151,182,152,135
207,175,159,182,152,142
207,175,167,182,151,150
207,175,175,182,151,159
207,175,183,182,151,170
207,175,191,182,151,182
207,175,199,180,150,196
207,175,207,178,149,211
207,175,215,175,147,224
207,175,223,171,143,234
207,175,231,166,140,243
207,175,239,162,136,249
207,175,247,158,133,253
207,175,255,154,129,254
207,183,0,175,154,35
207,183,7,175,155,38
207,183,15,176,156,41
207,183,23,176,157,46
207,183,31,177,158,51
207,183,39,178,159,55
207,183,47,178,160,60
207,183,55,179,161,65
207,183,63,180,162,71
207,183,71,181,162,76
207,183,79,181,163,81
207,183,87,182,164,87
207,183,95,182,164,92
207,183,103,183,164,98
207,183,111,183,164,104
207,183,119,183,164,109
207,183,127,183,163,115
207,183,135,183,163,121
207,183,143,183,163,128
207,183,151,183,162,134
207,183,159,183,162,142
207,183,167,183,162,149
207,183,175,183,161,157
207,183,183,183,161,167
207,183,191,183,161,178
207,183,199,182,160,191
207,183,207,181,159,206
207,183,215,178,156,219
207,183,223,174,153,230
207,183,231,170,149,240
207,183,239,165,145,247
207,183,247,162,141,252
207,183,255,157,137,254
207,191,0,173,162,35
207,191,7,174,163,38
207,191,15,174,163,41
207,191,23,175,165,45
207,191,31,176,166,51
207,191,39,177,167,56
207,191,47,177,168,61
207,191,55,178,170,65
207,191,63,179,171,71
207,191,71,180,172,76
207,191,79,181,173,81
207,191,87,182,174,87
207,191,95,182,174,92
207,191,103,183,175,98
207,191,111,183,175,104
207,191,119,184,175,110
207,191,127,184,174,116
207,191,135,184,174,122
207,191,143,184,173,128
207,191,151,184,173,134
207,191,159,184,173,141
207,191,167,184,172,149
207,191,175,184,172,157
207,191,183,185,172,165
207,191,191,185,172,175
207,191,199,184,171,187
207,191,207,183,170,201
207,191,215,181,168,214
207,191,223,177,164,226
207,191,231,174,160,236
207,191,239,169,155,245
207,191,247,165,150,250
207,191,255,161,145,254
207,199,0,172,171,36
207,199,7,172,171,38
207,199,15,173,172,41
207,199,23,173,173,44
207,199,31,174,175,50
207,199,39,175,176,56
207,199,47,176,178,61
207,199,55,177,179,66
207,199,63,178,181,71
207,199,71,179,182,76
207,199,79,180,183,81
207,199,87,181,184,87
207,199,95,182,185,92
207,199,103,183,186,98
207,199,111,184,186,104
207,199,119,184,186,110
207,199,127,185,186,116
207,199,135,185,185,122
207,199,143,185,185,128
207,199,151,185,185,135
207,199,159,185,185,141
207,199,167,185,184,149
207,199,175,185,184,156
207,199,183,186,184,164
207,199,191,186,184,173
207,199,199,185,183,183
207,199,207,185,182,196
207,199,215,183,180,209
207,199,223,181,176,222
207,199,231,178,172,233
207,199,239,174,167,243
207,199,247,169,161,250
207,199,255,165,156,253
207,207,0,170,181,37
207,207,7,170,182,39
207,207,15,171,183,41
207,207,23,171,183,44
207,207,31,172,185,49
207,207,39,173,186,54
207,207,47,175,188,61
207,207,55,176,190,66
207,207,63,177,191,71
207,207,71,178,193,76
207,207,79,179,194,81
207,207,87,181,195,87
207,207,95,182,197,92
207,207,103,183,197,98
207,207,111,184,198,104
207,207,119,184,198,110
207,207,127,185,198,116
207,207,135,185,198,122
207,207,143,185,198,128
207,207,151,186,198,135
207,207,159,186,197,141
207,207,167,186,197,148
207,207,175,186,197,156
207,207,183,186,197,163
207,207,191,187,197,171
207,207,199,187,197,181
207,207,207,187,196,192
207,207,215,186,195,205
207,207,223,184,191,218
207,207,231,182,187,230
207,207,239,178,182,241
207,207,247,174,175,249
207,207,255,170,169,254
207,215,0,167,192,38
207,215,7,168,193,41
207,215,15,169,193,43
207,215,23,169,194,46
207,215,31,170,195,50
207,215,39,171,197,54
207,215,47,173,198,60
207,215,55,174,200,66
207,215,63,175,202,71
207,215,71,177,203,76
207,215,79,178,205,81
207,215,87,179,207,86
207,215,95,181,208,92
207,215,103,182,209,98
207,215,111,183,210,104
207,215,119,184,210,110
207,215,127,185,211,116
207,215,135,185,211,122
207,215,143,186,211,128
207,215,151,186,210,135
207,215,159,186,210,141
207,215,167,186,210,148
207,215,175,186,211,155
207,215,183,187,210,163
207,215,191,187,210,170
207,215,199,188,210,179
207,215,207,188,210,190
207,215,215,189,209,202
207,215,223,188,207,215
207,215,231,185,203,227
207,215,239,182,197,238
207,215,247,179,191,248
207,215,255,175,185,252
207,223,0,164,202,37
207,223,7,165,203,39
207,223,15,166,204,43
207,223,23,167,205,47
207,223,31,168,206,51
207,223,39,169,208,55
207,223,47,170,209,59
207,223,55,171,211,64
207,223,63,173,213,70
207,223,71,175,214,75
207,223,79,176,216,80
207,223,87,178,218,86
207,223,95,179,219,92
207,223,103,181,220,98
207,223,111,182,221,104
207,223,119,183,222,110
207,223,127,185,222,116
207,223,135,185,222,122
207,223,143,186,222,128
207,223,151,186,222,135
207,223,159,187,222,141
207,223,167,187,222,148
207,223,175,187,223,155
207,223,183,187,223,162
207,223,191,187,222,170
207,223,199,188,222,178
207,223,207,189,223,188
207,223,215,190,223,200
207,223,223,190,222,212
207,223,231,188,219,224
207,223,239,186,214,236
207,223,247,183,208,246
207,223,255,180,201,252
207,231,0,161,212,36
207,231,7,162,213,38
207,231,15,162,214,41
207,231,23,163,215,45
207,231,31,164,216,51
207,231,39,166,218,55
207,231,47,167,219,59
207,231,55,168,221,64
207,231,63,170,223,69
207,231,71,172,224,74
207,231,79,174,226,80
207,231,87,175,228,85
207,231,95,177,229,91
207,231,103,179,230,97
207,231,111,181,232,103
207,231,119,182,232,109
207,231,127,183,233,115
207,231,135,185,233,122
207,231,143,186,233,128
207,231,151,186,233,135
207,231,159,187,233,141
207,231,167,187,233,148
207,231,175,187,234,155
207,231,183,187,234,162
207,231,191,188,234,169
207,231,199,188,234,177
207,231,207,189,235,187
207,231,215,190,235,198
207,231,223,191,235,209
207,231,231,190,233,221
207,231,239,188,229,233
207,231,247,186,224,244
207,231,255,184,219,252
207,239,0,158,222,36
207,239,7,158,223,38
207,239,15,159,223,40
207,239,23,160,224,44
207,239,31,161,226,48
207,239,39,162,227,54
207,239,47,164,229,59
207,239,55,165,230,64
207,239,63,167,232,68
207,239,71,169,234,73
207,239,79,171,236,79
207,239,87,173,237,85
207,239,95,175,239,91
207,239,103,177,240,97
207,239,111,179,241,103
207,239,119,180,242,109
207,239,127,182,242,115
207,239,135,184,243,122
207,239,143,185,243,128
207,239,151,186,243,134
207,239,159,186,243,141
207,239,167,187,244,148
207,239,175,187,244,154
207,239,183,187,244,161
207,239,191,188,244,168
207,239,199,188,244,176
207,239,207,189,245,186
207,239,215,190,245,196
207,239,223,191,246,207
207,239,231,191,245,218
207,239,239,190,242,231
207,239,247,189,238,243
207,239,255,187,234,251
207,247,0,154,231,36
207,247,7,155,232,38
207,247,15,155,232,40
207,247,23,156,233,43
207,247,31,157,234,47
207,247,39,159,236,52
207,247,47,160,237,58
207,247,55,162,239,63
207,247,63,164,241,67
207,247,71,165,242,72
207,247,79,168,244,78
207,247,87,170,245,84
207,247,95,172,247,90
207,247,103,174,248,96
207,247,111,176,249,102
207,247,119,178,249,109
207,247,127,180,250,115
207,247,135,182,250,121
207,247,143,184,250,128
207,247,151,185,250,134
207,247,159,186,251,141
207,247,167,187,251,147
207,247,175,187,251,154
207,247,183,187,251,161
207,247,191,187,251,168
207,247,199,188,251,175
207,247,207,188,252,184
207,247,215,190,252,194
207,247,223,190,253,204
207,247,231,191,253,216
207,247,239,191,252,228
207,247,247,190,249,240
207,247,255,189,247,250
207,255,0,151,240,38
207,255,7,151,240,39
207,255,15,152,241,41
207,255,23,153,241,43
207,255,31,154,242,46
207,255,39,155,243,50
207,255,47,156,245,55
207,255,55,158,247,61
207,255,63,160,248,66
207,255,71,162,249,70
207,255,79,164,250,75
207,255,87,167,252,81
207,255,95,169,252,88
207,255,103,171,253,95
207,255,111,174,253,102
207,255,119,176,254,108
207,255,127,178,254,115
207,255,135,181,254,121
207,255,143,182,254,128
207,255,151,184,254,134
207,255,159,185,254,140
207,255,167,186,254,147
207,255,175,187,254,154
207,255,183,187,254,161
207,255,191,188,254,168
207,255,199,188,254,175
207,255,207,189,254,184
207,255,215,190,254,192
207,255,223,190,255,202
207,255,231,191,255,213
207,255,239,191,255,225
207,255,247,191,255,238
207,255,255,190,255,248
215,0,0,187,1,25
215,0,7,188,1,30
215,0,15,190,1,36
215,0,23,192,1,43
215,0,31,194,2,49
215,0,39,195,2,56
215,0,47,197,2,63
215,0,55,198,3,70
215,0,63,199,3,79
215,0,71,200,4,88
215,0,79,201,4,98
215,0,87,201,5,109
215,0,95,201,5,122
215,0,103,201,6,136
215,0,111,199,7,151
215,0,119,198,9,166
215,0,127,195,10,182
215,0,135,192,12,196
215,0,143,188,14,209
215,0,151,183,17,219
215,0,159,177,21,227
215,0,167,172,26,233
215,0,175,166,30,237
215,0,183,161,35,239
215,0,191,156,38,241
215,0,199,151,41,243
215,0,207,148,43,245
215,0,215,146,44,246
215,0,223,144,44,249
215,0,231,142,45,251
215,0,239,141,45,253
215,0,247,140,46,254
215,0,255,139,46,255
215,7,0,187,2,25
215,7,7,188,2,30
215,7,15,190,2,36
215,7,23,192,2,43
215,7,31,194,3,49
215,7,39,195,3,56
215,7,47,196,4,63
215,7,55,198,4,70
215,7,63,199,4,78
215,7,71,199,4,87
215,7,79,200,5,97
215,7,87,201,5,108
215,7,95,201,6,121
215,7,103,200,7,134
215,7,111,199,8,149
215,7,119,198,10,164
215,7,127,195,12,180
215,7,135,192,13,194
215,7,143,188,16,207
215,7,151,183,19,218
215,7,159,178,23,226
215,7,167,172,28,232
215,7,175,166,32,236
215,7,183,161,37,239
215,7,191,156,40,241
215,7,199,152,43,243
215,7,207,148,46,244
215,7,215,146,47,246
215,7,223,144,47,249
215,7,231,142,47,251
215,7,239,141,48,253
215,7,247,140,48,254
215,7,255,140,48,255
215,15,0,186,3,25
215,15,7,188,3,30
215,15,15,190,3,36
215,15,23,192,4,43
215,15,31,193,4,49
215,15,39,195,5,56
215,15,47,196,5,62
215,15,55,197,6,70
215,15,63,198,6,78
215,15,71,199,6,86
215,15,79,200,6,96
215,15,87,201,7,107
215,15,95,201,8,119
215,15,103,200,9,132
215,15,111,199,10,147
215,15,119,198,12,162
215,15,127,195,13,177
215,15,135,192,15,192
215,15,143,188,18,205
215,15,151,183,22,216
215,15,159,178,26,225
215,15,167,172,30,231
215,15,175,167,35,235
215,15,183,161,39,239
215,15,191,157,42,241
215,15,199,152,46,243
215,15,207,149,49,244
215,15,215,146,51,246
215,15,223,144,51,248
215,15,231,143,51,251
215,15,239,141,51,253
215,15,247,141,51,254
215,15,255,140,50,255
215,23,0,186,4,25
215,23,7,187,5,30
215,23,15,189,5,36
215,23,23,191,6,43
215,23,31,193,7,49
215,23,39,194,8,56
215,23,47,195,8,62
215,23,55,197,9,69
215,23,63,198,10,77
215,23,71,199,10,85
215,23,79,200,10,95
215,23,87,200,10,105
215,23,95,200,11,117
215,23,103,200,11,129
215,23,111,199,12,143
215,23,119,198,14,158
215,23,127,196,16,174
215,23,135,193,18,188
215,23,143,189,22,202
215,23,151,184,25,213
215,23,159,179,29,223
215,23,167,173,34,229
215,23,175,167,38,235
215,23,183,162,42,238
215,23,191,157,45,241
215,23,199,153,49,243
215,23,207,149,52,245
215,23,215,146,55,246
215,23,223,144,56,248
215,23,231,143,55,251
215,23,239,141,55,252
215,23,247,141,54,254
215,23,255,141,53,255
215,31,0,186,8,25
215,31,7,187,8,30
215,31,15,189,9,36
215,31,23,191,10,43
215,31,31,192,11,49
215,31,39,194,12,55
215,31,47,195,13,62
215,31,55,196,14,68
215,31,63,197,15,76
215,31,71,198,15,84
215,31,79,199,15,93
215,31,87,199,15,103
215,31,95,200,16,115
215,31,103,200,16,127
215,31,111,199,17,140
215,31,119,198,18,154
215,31,127,196,20,169
215,31,135,193,23,184
215,31,143,189,26,198
215,31,151,185,30,210
215,31,159,179,34,220
215,31,167,173,38,227
215,31,175,168,42,233
215,31,183,162,46,237
215,31,191,158,49,241
215,31,199,154,52,243
215,31,207,150,55,245
215,31,215,147,58,246
215,31,223,144,61,248
215,31,231,143,61,250
215,31,239,142,60,252
215,31,247,142,58,253
215,31,255,141,57,255
215,39,0,185,12,25
215,39,7,187,13,30
215,39,15,188,14,35
215,39,23,190,15,43
215,39,31,192,17,48
215,39,39,193,18,55
215,39,47,194,19,61
215,39,55,195,20,68
215,39,63,196,21,75
215,39,71,197,21,83
215,39,79,198,21,91
215,39,87,199,22,101
215,39,95,199,22,112
215,39,103,199,22,124
215,39,111,198,23,136
215,39,119,197,24,150
215,39,127,196,25,164
215,39,135,193,28,179
215,39,143,190,31,192
215,39,151,185,35,205
215,39,159,180,39,216
215,39,167,174,43,225
215,39,175,168,47,232
215,39,183,163,50,236
215,39,191,158,54,240
215,39,199,154,56,243
215,39,207,151,59,245
215,39,215,148,62,247
215,39,223,145,64,249
215,39,231,143,65,250
215,39,239,142,65,252
215,39,247,142,64,253
215,39,255,142,62,254
215,47,0,185,17,25
215,47,7,186,18,30
215,47,15,187,20,35
215,47,23,189,22,42
215,47,31,191,23,48
215,47,39,192,25,55
215,47,47,193,26,61
215,47,55,194,27,67
215,47,63,195,28,74
215,47,71,196,28,81
215,47,79,197,29,90
215,47,87,197,29,99
215,47,95,198,29,109
215,47,103,198,29,120
215,47,111,198,29,132
215,47,119,197,30,145
215,47,127,195,31,159
215,47,135,193,33,174
215,47,143,190,36,188
215,47,151,186,40,201
215,47,159,181,44,213
215,47,167,175,48,222
215,47,175,169,52,230
215,47,183,164,55,235
215,47,191,159,58,240
215,47,199,155,61,243
215,47,207,151,64,246
215,47,215,148,65,247
215,47,223,146,67,249
215,47,231,144,67,250
215,47,239,143,68,252
215,47,247,142,68,253
215,47,255,142,67,254
215,55,0,184,24,25
215,55,7,185,25,29
215,55,15,187,27,35
215,55,23,189,29,42
215,55,31,190,30,48
215,55,39,191,32,54
215,55,47,192,34,60
215,55,55,193,35,66
215,55,63,194,36,73
215,55,71,195,37,80
215,55,79,195,37,88
215,55,87,196,37,96
215,55,95,197,37,106
215,55,103,197,37,116
215,55,111,197,37,128
215,55,119,196,37,141
215,55,127,195,38,154
215,55,135,193,40,168
215,55,143,191,42,182
215,55,151,187,44,196
215,55,159,182,48,209
215,55,167,177,52,219
215,55,175,170,56,228
215,55,183,164,60,234
215,55,191,159,63,239
215,55,199,155,65,243
215,55,207,152,67,246
215,55,215,149,69,248
215,55,223,147,70,249
215,55,231,145,70,251
215,55,239,144,70,252
215,55,247,143,70,253
215,55,255,143,70,254
215,63,0,184,31,25
215,63,7,185,32,30
215,63,15,186,34,35
215,63,23,188,36,41
215,63,31,189,38,48
215,63,39,190,39,54
215,63,47,191,41,60
215,63,55,192,42,66
215,63,63,193,43,72
215,63,71,193,44,79
215,63,79,194,44,87
215,63,87,195,44,94
215,63,95,195,45,103
215,63,103,195,45,113
215,63,111,195,45,124
215,63,119,195,45,135
215,63,127,194,45,148
215,63,135,193,46,161
215,63,143,191,48,176
215,63,151,187,50,191
215,63,159,183,53,204
215,63,167,178,56,216
215,63,175,172,60,226
215,63,183,166,63,234
215,63,191,161,66,239
215,63,199,156,68,243
215,63,207,152,70,246
215,63,215,149,72,248
215,63,223,147,73,249
215,63,231,145,73,251
215,63,239,144,73,252
215,63,247,144,73,253
215,63,255,144,72,254
215,71,0,185,39,26
215,71,7,185,40,30
215,71,15,186,41,35
215,71,23,187,43,41
215,71,31,189,45,48
215,71,39,189,47,54
215,71,47,190,48,60
215,71,55,191,49,66
215,71,63,191,51,72
215,71,71,192,51,78
215,71,79,193,52,85
215,71,87,193,52,93
215,71,95,194,52,101
215,71,103,194,52,110
215,71,111,194,52,120
215,71,119,194,52,131
215,71,127,193,52,143
215,71,135,192,53,156
215,71,143,190,54,170
215,71,151,188,56,185
215,71,159,184,58,199
215,71,167,179,61,212
215,71,175,174,64,223
215,71,183,168,66,232
215,71,191,163,69,238
215,71,199,158,71,243
215,71,207,154,73,246
215,71,215,151,75,248
215,71,223,148,75,250
215,71,231,146,76,251
215,71,239,145,76,252
215,71,247,144,75,253
215,71,255,145,75,254
215,79,0,185,47,26
215,79,7,185,48,30
215,79,15,186,49,35
215,79,23,187,51,41
215,79,31,188,53,49
215,79,39,189,55,54
215,79,47,189,56,60
215,79,55,190,57,66
215,79,63,190,58,71
215,79,71,191,59,78
215,79,79,191,60,84
215,79,87,192,60,91
215,79,95,192,60,99
215,79,103,193,60,108
215,79,111,193,60,117
215,79,119,193,60,127
215,79,127,192,60,138
215,79,135,192,60,150
215,79,143,190,61,164
215,79,151,189,62,178
215,79,159,185,64,193
215,79,167,181,66,207
215,79,175,176,68,220
215,79,183,170,70,230
215,79,191,164,73,238
215,79,199,159,74,243
215,79,207,155,76,246
215,79,215,152,77,248
215,79,223,150,78,250
215,79,231,148,79,252
215,79,239,146,79,253
215,79,247,145,78,253
215,79,255,144,77,254
215,87,0,185,55,27
215,87,7,185,57,31
215,87,15,186,58,35
215,87,23,187,59,41
215,87,31,188,61,48
215,87,39,188,62,54
215,87,47,189,64,60
215,87,55,189,65,65
215,87,63,190,66,71
215,87,71,190,67,77
215,87,79,191,68,83
215,87,87,191,68,90
215,87,95,191,68,97
215,87,103,192,68,105
215,87,111,192,68,114
215,87,119,192,68,123
215,87,127,191,68,134
215,87,135,191,68,145
215,87,143,190,68,158
215,87,151,189,69,172
215,87,159,186,70,187
215,87,167,183,71,201
215,87,175,178,73,215
215,87,183,172,75,227
215,87,191,167,77,237
215,87,199,161,78,242
215,87,207,157,80,247
215,87,215,153,80,249
215,87,223,150,81,251
215,87,231,148,81,252
215,87,239,147,82,253
215,87,247,146,81,254
215,87,255,145,80,254
215,95,0,185,64,27
215,95,7,186,65,32
215,95,15,186,66,36
215,95,23,187,68,41
215,95,31,187,69,48
215,95,39,188,71,55
215,95,47,188,72,60
215,95,55,188,73,65
215,95,63,189,74,71
215,95,71,189,75,76
215,95,79,190,75,82
215,95,87,190,76,89
215,95,95,190,76,96
215,95,103,191,76,103
215,95,111,191,76,111
215,95,119,191,76,120
215,95,127,190,75,130
215,95,135,190,75,140
215,95,143,189,75,152
215,95,151,188,76,166
215,95,159,187,76,180
215,95,167,184,77,194
215,95,175,180,79,209
215,95,183,175,80,223
215,95,191,169,81,234
215,95,199,164,82,242
215,95,207,159,83,246
215,95,215,155,84,249
215,95,223,152,85,251
215,95,231,149,85,252
215,95,239,147,85,253
215,95,247,147,85,254
215,95,255,146,84,253
215,103,0,185,73,28
215,103,7,186,74,32
215,103,15,187,75,37
215,103,23,187,76,42
215,103,31,187,77,48
215,103,39,188,79,55
215,103,47,188,80,60
215,103,55,188,81,65
215,103,63,189,82,70
215,103,71,189,82,76
215,103,79,189,83,82
215,103,87,190,84,88
215,103,95,190,84,95
215,103,103,190,84,102
215,103,111,190,84,109
215,103,119,190,84,117
215,103,127,189,83,126
215,103,135,189,83,136
215,103,143,189,83,147
215,103,151,188,83,160
215,103,159,187,83,174
215,103,167,185,84,188
215,103,175,182,85,203
215,103,183,177,86,218
215,103,191,172,86,230
215,103,199,166,87,241
215,103,207,161,87,246
215,103,215,157,88,250
215,103,223,154,88,251
215,103,231,151,89,253
215,103,239,149,89,253
215,103,247,148,89,254
215,103,255,146,88,253
215,111,0,186,82,28
215,111,7,186,83,32
215,111,15,187,83,37
215,111,23,187,84,42
215,111,31,187,85,48
215,111,39,188,87,54
215,111,47,188,88,60
215,111,55,188,89,65
215,111,63,189,90,70
215,111,71,189,90,76
215,111,79,189,91,82
215,111,87,189,91,88
215,111,95,190,91,94
215,111,103,190,91,100
215,111,111,189,91,108
215,111,119,189,91,115
215,111,127,189,91,123
215,111,135,188,90,132
215,111,143,188,90,143
215,111,151,188,90,154
215,111,159,187,90,168
215,111,167,186,90,182
215,111,175,184,91,197
215,111,183,180,91,213
215,111,191,175,92,226
215,111,199,169,92,237
215,111,207,164,92,245
215,111,215,159,92,249
215,111,223,155,93,252
215,111,231,152,92,253
215,111,239,150,92,253
215,111,247,148,92,254
215,111,255,147,92,253
215,119,0,186,90,29
215,119,7,186,91,33
215,119,15,187,92,37
215,119,23,187,93,43
215,119,31,188,94,48
215,119,39,188,95,54
215,119,47,188,96,61
215,119,55,189,96,65
215,119,63,189,97,70
215,119,71,189,98,76
215,119,79,189,98,81
215,119,87,189,98,87
215,119,95,189,99,93
215,119,103,189,99,100
215,119,111,189,99,106
215,119,119,189,98,113
215,119,127,189,98,121
215,119,135,188,98,130
215,119,143,188,97,139
215,119,151,187,97,150
215,119,159,187,97,162
215,119,167,186,97,176
215,119,175,184,97,191
215,119,183,182,98,207
215,119,191,177,98,221
215,119,199,172,97,233
215,119,207,166,97,243
215,119,215,162,97,248
215,119,223,157,97,251
215,119,231,154,97,253
215,119,239,152,96,254
215,119,247,149,96,254
215,119,255,146,95,253
215,127,0,186,99,30
215,127,7,186,100,33
215,127,15,187,100,37
215,127,23,187,101,43
215,127,31,188,102,49
215,127,39,188,103,54
215,127,47,188,103,60
215,127,55,189,104,66
215,127,63,189,105,71
215,127,71,189,105,76
215,127,79,189,105,81
215,127,87,189,106,87
215,127,95,189,106,93
215,127,103,189,106,99
215,127,111,189,106,105
215,127,119,189,105,112
215,127,127,188,105,119
215,127,135,188,105,127
215,127,143,187,104,136
215,127,151,187,104,146
215,127,159,186,104,157
215,127,167,186,104,170
215,127,175,185,104,185
215,127,183,183,104,201
215,127,191,180,104,216
215,127,199,175,103,229
215,127,207,169,103,239
215,127,215,164,102,247
215,127,223,159,102,250
215,127,231,156,101,253
215,127,239,154,100,254
215,127,247,151,100,254
215,127,255,148,99,254
215,135,0,186,107,30
215,135,7,187,108,33
215,135,15,187,108,37
215,135,23,187,109,43
215,135,31,188,110,50
215,135,39,188,110,55
215,135,47,189,111,60
215,135,55,189,112,66
215,135,63,189,112,71
215,135,71,189,113,76
215,135,79,189,113,81
215,135,87,190,113,87
215,135,95,189,113,93
215,135,103,189,113,99
215,135,111,189,113,105
215,135,119,189,112,111
215,135,127,188,112,118
215,135,135,188,112,126
215,135,143,187,111,134
215,135,151,187,111,143
215,135,159,187,111,153
215,135,167,186,110,165
215,135,175,185,111,179
215,135,183,184,110,195
215,135,191,182,110,210
215,135,199,177,109,224
215,135,207,173,109,236
215,135,215,167,108,244
215,135,223,162,107,249
215,135,231,158,106,252
215,135,239,155,105,254
215,135,247,153,104,254
215,135,255,150,103,254
215,143,0,186,116,31
215,143,7,187,116,34
215,143,15,187,116,38
215,143,23,187,117,43
215,143,31,188,117,49
215,143,39,188,118,56
215,143,47,188,119,61
215,143,55,189,119,66
215,143,63,189,120,71
215,143,71,189,120,76
215,143,79,190,120,81
215,143,87,190,120,87
215,143,95,190,120,93
215,143,103,189,120,98
215,143,111,189,120,104
215,143,119,189,120,111
215,143,127,189,119,117
215,143,135,188,119,124
215,143,143,188,118,132
215,143,151,187,118,140
215,143,159,187,118,150
215,143,167,186,118,161
215,143,175,186,118,174
215,143,183,185,117,189
215,143,191,183,117,204
215,143,199,180,116,219
215,143,207,175,115,232
215,143,215,170,114,241
215,143,223,165,112,247
215,143,231,161,111,251
215,143,239,157,110,254
215,143,247,154,109,254
215,143,255,152,107,254
215,151,0,186,123,33
215,151,7,187,123,35
215,151,15,187,124,38
215,151,23,187,124,43
215,151,31,188,125,49
215,151,39,188,126,56
215,151,47,189,126,61
215,151,55,189,127,66
215,151,63,189,127,71
215,151,71,190,128,76
215,151,79,190,128,82
215,151,87,190,128,87
215,151,95,190,128,93
215,151,103,190,128,98
215,151,111,190,127,104
215,151,119,189,127,110
215,151,127,189,127,117
215,151,135,188,126,124
215,151,143,188,126,131
215,151,151,187,125,138
215,151,159,187,125,147
215,151,167,187,125,157
215,151,175,187,125,169
215,151,183,186,125,183
215,151,191,185,124,198
215,151,199,182,124,213
215,151,207,178,122,226
215,151,215,173,121,238
215,151,223,168,119,244
215,151,231,164,117,250
215,151,239,160,115,252
215,151,247,156,113,254
215,151,255,152,112,254
215,159,0,186,130,33
215,159,7,186,131,36
215,159,15,187,131,39
215,159,23,187,132,43
215,159,31,187,132,48
215,159,39,188,133,55
215,159,47,189,134,62
215,159,55,189,134,66
215,159,63,189,135,71
215,159,71,190,135,77
215,159,79,190,136,82
215,159,87,190,136,87
215,159,95,190,136,93
215,159,103,190,136,99
215,159,111,190,136,104
215,159,119,190,135,110
215,159,127,189,135,116
215,159,135,189,134,123
215,159,143,189,134,130
215,159,151,188,134,137
215,159,159,188,133,145
215,159,167,187,133,155
215,159,175,187,133,165
215,159,183,187,133,178
215,159,191,186,133,193
215,159,199,184,132,207
215,159,207,181,130,221
215,159,215,176,128,233
215,159,223,171,126,241
215,159,231,166,124,248
215,159,239,162,121,251
215,159,247,158,119,254
215,159,255,155,117,254
215,167,0,185,137,34
215,167,7,185,138,37
215,167,15,186,138,41
215,167,23,186,139,45
215,167,31,187,140,50
215,167,39,187,140,55
215,167,47,188,141,61
215,167,55,189,142,67
215,167,63,189,143,71
215,167,71,190,143,77
215,167,79,190,144,82
215,167,87,190,144,87
215,167,95,190,144,93
215,167,103,190,144,99
215,167,111,190,144,104
215,167,119,190,144,110
215,167,127,190,143,116
215,167,135,190,143,123
215,167,143,189,143,129
215,167,151,189,142,136
215,167,159,189,142,144
215,167,167,189,142,152
215,167,175,189,142,162
215,167,183,189,142,174
215,167,191,188,141,187
215,167,199,187,141,201
215,167,207,183,139,216
215,167,215,179,137,228
215,167,223,175,134,238
215,167,231,170,131,245
215,167,239,165,128,251
215,167,247,161,125,253
215,167,255,156,122,255
215,175,0,184,145,35
215,175,7,185,145,38
215,175,15,185,146,41
215,175,23,186,147,46
215,175,31,187,147,51
215,175,39,187,148,55
215,175,47,188,149,61
215,175,55,189,150,67
215,175,63,189,151,72
215,175,71,190,152,77
215,175,79,190,152,82
215,175,87,190,153,87
215,175,95,191,153,93
215,175,103,191,153,99
215,175,111,191,153,104
215,175,119,191,153,110
215,175,127,191,153,116
215,175,135,191,152,122
215,175,143,190,152,129
215,175,151,190,151,136
215,175,159,190,151,143
215,175,167,190,151,151
215,175,175,190,151,160
215,175,183,190,151,171
215,175,191,190,151,183
215,175,199,188,150,196
215,175,207,186,148,210
215,175,215,183,146,224
215,175,223,178,143,234
215,175,231,173,139,243
215,175,239,168,136,249
215,175,247,164,132,253
215,175,255,160,129,254
215,183,0,183,152,35
215,183,7,184,153,38
215,183,15,184,153,41
215,183,23,185,154,46
215,183,31,186,155,52
215,183,39,186,156,57
215,183,47,187,157,61
215,183,55,188,159,66
215,183,63,189,160,72
215,183,71,189,160,77
215,183,79,190,161,82
215,183,87,190,162,88
215,183,95,191,162,93
215,183,103,191,163,99
215,183,111,191,163,105
215,183,119,192,163,110
215,183,127,192,162,116
215,183,135,192,162,122
215,183,143,192,161,129
215,183,151,191,161,136
215,183,159,191,161,143
215,183,167,191,161,150
215,183,175,191,161,158
215,183,183,191,161,168
215,183,191,191,160,179
215,183,199,191,160,191
215,183,207,189,158,206
215,183,215,185,156,219
215,183,223,182,153,231
215,183,231,177,149,240
215,183,239,172,144,247
215,183,247,168,140,251
215,183,255,163,136,254
215,191,0,182,160,36
215,191,7,183,160,39
215,191,15,183,161,42
215,191,23,184,162,46
215,191,31,184,163,51
215,191,39,185,165,57
215,191,47,186,166,62
215,191,55,187,167,66
215,191,63,188,169,72
215,191,71,189,170,77
215,191,79,189,171,82
215,191,87,190,172,88
215,191,95,191,172,93
215,191,103,191,173,99
215,191,111,192,173,105
215,191,119,192,173,111
215,191,127,192,173,116
215,191,135,192,173,123
215,191,143,192,172,129
215,191,151,192,172,135
215,191,159,192,171,143
215,191,167,192,171,150
215,191,175,193,171,158
215,191,183,193,171,166
215,191,191,193,171,176
215,191,199,192,170,187
215,191,207,191,169,201
215,191,215,189,167,214
215,191,223,185,163,226
215,191,231,181,159,237
215,191,239,176,155,245
215,191,247,171,150,251
215,191,255,166,144,254
215,199,0,181,168,37
215,199,7,181,169,39
215,199,15,182,169,42
215,199,23,182,170,45
215,199,31,183,172,50
215,199,39,184,173,56
215,199,47,185,175,63
215,199,55,186,177,67
215,199,63,187,178,72
215,199,71,188,180,77
215,199,79,189,181,82
215,199,87,190,182,88
215,199,95,191,183,93
215,199,103,192,183,99
215,199,111,193,184,105
215,199,119,193,184,111
215,199,127,193,184,117
215,199,135,193,184,123
215,199,143,193,184,129
215,199,151,193,183,136
215,199,159,193,183,143
215,199,167,193,183,150
215,199,175,193,183,157
215,199,183,194,182,165
215,199,191,194,182,174
215,199,199,194,182,184
215,199,207,193,181,197
215,199,215,192,179,210
215,199,223,189,176,223
215,199,231,185,171,234
215,199,239,181,166,243
215,199,247,176,161,250
215,199,255,171,155,253
215,207,0,179,177,38
215,207,7,180,178,40
215,207,15,180,179,43
215,207,23,181,180,46
215,207,31,181,181,50
215,207,39,183,182,55
215,207,47,184,184,61
215,207,55,185,186,67
215,207,63,186,188,72
215,207,71,187,190,77
215,207,79,188,192,82
215,207,87,189,193,88
215,207,95,191,194,93
215,207,103,192,195,99
215,207,111,192,196,105
215,207,119,193,196,111
215,207,127,194,196,117
215,207,135,194,196,123
215,207,143,194,196,129
215,207,151,194,196,136
215,207,159,194,195,143
215,207,167,194,195,150
215,207,175,194,195,157
215,207,183,195,195,164
215,207,191,195,195,172
215,207,199,195,195,182
215,207,207,195,195,193
215,207,215,195,193,206
215,207,223,193,190,219
215,207,231,190,186,231
215,207,239,185,180,241
215,207,247,181,174,249
215,207,255,176,168,254
215,215,0,177,188,39
215,215,7,177,188,42
215,215,15,178,189,45
215,215,23,179,190,48
215,215,31,180,192,52
215,215,39,180,193,56
215,215,47,182,195,61
215,215,55,183,197,67
215,215,63,184,199,72
215,215,71,186,200,77
215,215,79,187,202,82
215,215,87,188,204,87
215,215,95,190,205,93
215,215,103,191,207,99
215,215,111,192,207,105
215,215,119,193,208,111
215,215,127,194,208,117
215,215,135,194,208,123
215,215,143,195,208,130
215,215,151,195,208,136
215,215,159,195,208,143
215,215,167,195,208,150
215,215,175,195,208,157
215,215,183,195,208,164
215,215,191,196,208,172
215,215,199,196,208,181
215,215,207,197,208,191
215,215,215,198,208,203
215,215,223,196,206,216
215,215,231,193,201,228
215,215,239,190,196,239
215,215,247,185,189,248
215,215,255,181,183,252
215,223,0,174,198,38
215,223,7,175,199,40
215,223,15,175,199,43
215,223,23,176,201,48
215,223,31,177,202,53
215,223,39,178,203,57
215,223,47,180,205,61
215,223,55,181,207,66
215,223,63,182,209,71
215,223,71,184,211,76
215,223,79,185,212,82
215,223,87,187,214,87
215,223,95,189,216,93
215,223,103,190,217,99
215,223,111,191,218,105
215,223,119,193,219,111
215,223,127,194,220,117
215,223,135,194,220,123
215,223,143,195,220,130
215,223,151,195,220,136
215,223,159,196,220,143
215,223,167,196,220,150
215,223,175,196,220,156
215,223,183,196,220,164
215,223,191,196,220,171
215,223,199,197,220,180
215,223,207,198,221,190
215,223,215,199,221,201
215,223,223,199,220,213
215,223,231,197,217,225
215,223,239,194,212,237
215,223,247,190,206,246
215,223,255,187,200,253
215,231,0,171,208,37
215,231,7,171,209,40
215,231,15,172,210,42
215,231,23,173,211,46
215,231,31,174,212,51
215,231,39,176,214,58
215,231,47,177,215,61
215,231,55,178,217,66
215,231,63,180,219,70
215,231,71,182,221,76
215,231,79,183,223,81
215,231,87,185,225,87
215,231,95,187,226,93
215,231,103,188,228,98
215,231,111,190,229,105
215,231,119,192,230,111
215,231,127,193,230,117
215,231,135,194,231,123
215,231,143,195,231,130
215,231,151,196,231,136
215,231,159,196,231,143
215,231,167,196,231,150
215,231,175,196,232,156
215,231,183,196,232,163
215,231,191,197,232,171
215,231,199,197,232,180
215,231,207,198,233,189
215,231,215,199,234,200
215,231,223,200,234,211
215,231,231,199,232,223
215,231,239,197,227,235
215,231,247,194,221,246
215,231,255,191,217,252
215,239,0,168,218,38
215,239,7,168,219,40
215,239,15,169,219,42
215,239,23,169,220,45
215,239,31,171,222,50
215,239,39,172,223,55
215,239,47,174,225,62
215,239,55,175,227,66
215,239,63,177,229,70
215,239,71,178,231,75
215,239,79,180,232,80
215,239,87,182,234,86
215,239,95,184,236,92
215,239,103,186,237,98
215,239,111,188,238,104
215,239,119,190,240,111
215,239,127,192,240,117
215,239,135,193,241,123
215,239,143,194,241,130
215,239,151,195,241,136
215,239,159,196,241,143
215,239,167,196,242,150
215,239,175,197,242,157
215,239,183,197,242,163
215,239,191,197,242,171
215,239,199,198,243,179
215,239,207,198,243,188
215,239,215,200,244,198
215,239,223,200,244,209
215,239,231,200,244,220
215,239,239,199,241,232
215,239,247,197,237,244
215,239,255,195,232,253
215,247,0,164,228,39
215,247,7,165,228,40
215,247,15,165,229,42
215,247,23,166,230,45
215,247,31,167,231,49
215,247,39,168,233,53
215,247,47,170,234,59
215,247,55,172,236,65
215,247,63,173,238,69
215,247,71,175,239,74
215,247,79,177,241,79
215,247,87,180,243,85
215,247,95,182,244,91
215,247,103,184,245,98
215,247,111,186,246,104
215,247,119,188,247,110
215,247,127,190,248,117
215,247,135,192,249,123
215,247,143,194,249,130
215,247,151,195,249,137
215,247,159,196,250,143
215,247,167,196,250,150
215,247,175,197,250,156
215,247,183,197,250,163
215,247,191,197,250,170
215,247,199,198,251,178
215,247,207,198,251,187
215,247,215,199,252,197
215,247,223,200,252,207
215,247,231,200,252,218
215,247,239,200,251,230
215,247,247,198,247,242
215,247,255,197,245,251
215,255,0,161,237,40
215,255,7,161,238,41
215,255,15,162,238,43
215,255,23,163,239,45
215,255,31,164,240,48
215,255,39,165,241,52
215,255,47,166,243,56
215,255,55,168,244,62
215,255,63,170,246,67
215,255,71,172,247,72
215,255,79,174,249,77
215,255,87,176,250,82
215,255,95,179,251,89
215,255,103,181,252,96
215,255,111,184,253,104
215,255,119,186,253,110
215,255,127,188,253,117
215,255,135,191,253,123
215,255,143,192,254,130
215,255,151,194,254,136
215,255,159,195,254,143
215,255,167,196,254,150
215,255,175,197,254,157
215,255,183,197,254,164
215,255,191,198,254,171
215,255,199,198,254,178
215,255,207,199,254,187
215,255,215,199,255,195
215,255,223,200,255,205
215,255,231,201,255,216
215,255,239,201,255,228
215,255,247,200,254,240
215,255,255,199,252,250
223,0,0,194,1,26
223,0,7,195,2,31
223,0,15,197,2,36
223,0,23,199,3,43
223,0,31,201,3,50
223,0,39,203,4,56
223,0,47,204,5,63
223,0,55,206,5,70
223,0,63,207,6,78
223,0,71,208,7,87
223,0,79,209,7,97
223,0,87,209,7,109
223,0,95,210,7,121
223,0,103,209,8,135
223,0,111,208,8,149
223,0,119,206,9,165
223,0,127,205,9,180
223,0,135,201,10,195
223,0,143,197,13,207
223,0,151,193,16,219
223,0,159,187,21,227
223,0,167,182,26,233
223,0,175,177,31,237
223,0,183,172,35,239
223,0,191,167,39,242
223,0,199,163,41,243
223,0,207,160,43,245
223,0,215,157,44,247
223,0,223,155,46,249
223,0,231,154,46,251
223,0,239,153,46,253
223,0,247,152,47,254
223,0,255,152,47,255
223,7,0,194,2,26
223,7,7,195,2,31
223,7,15,197,3,36
223,7,23,199,3,43
223,7,31,201,4,49
223,7,39,203,5,56
223,7,47,204,6,62
223,7,55,206,6,69
223,7,63,207,7,78
223,7,71,208,8,87
223,7,79,209,8,96
223,7,87,209,8,108
223,7,95,209,9,120
223,7,103,209,9,133
223,7,111,208,9,148
223,7,119,206,10,163
223,7,127,205,10,178
223,7,135,202,12,193
223,7,143,198,14,206
223,7,151,193,18,217
223,7,159,188,23,226
223,7,167,182,28,232
223,7,175,177,33,236
223,7,183,172,38,239
223,7,191,167,41,241
223,7,199,163,43,243
223,7,207,160,45,245
223,7,215,157,47,247
223,7,223,155,48,249
223,7,231,154,48,251
223,7,239,153,48,253
223,7,247,153,49,254
223,7,255,152,49,255
223,15,0,194,2,26
223,15,7,195,3,31
223,15,15,197,3,36
223,15,23,199,4,43
223,15,31,201,5,49
223,15,39,203,6,56
223,15,47,204,7,62
223,15,55,205,8,69
223,15,63,207,9,77
223,15,71,208,9,86
223,15,79,208,10,95
223,15,87,209,10,106
223,15,95,209,10,118
223,15,103,209,11,131
223,15,111,208,11,146
223,15,119,206,12,161
223,15,127,205,12,176
223,15,135,202,14,190
223,15,143,198,17,204
223,15,151,193,20,215
223,15,159,188,25,225
223,15,167,183,30,231
223,15,175,177,35,236
223,15,183,172,40,239
223,15,191,168,44,241
223,15,199,164,47,243
223,15,207,160,49,245
223,15,215,157,50,247
223,15,223,155,51,249
223,15,231,154,51,251
223,15,239,154,51,253
223,15,247,153,51,254
223,15,255,152,51,255
223,23,0,194,4,26
223,23,7,195,5,31
223,23,15,197,5,36
223,23,23,199,6,43
223,23,31,201,7,49
223,23,39,203,8,55
223,23,47,204,9,62
223,23,55,205,10,69
223,23,63,206,11,76
223,23,71,207,12,85
223,23,79,208,12,94
223,23,87,209,12,104
223,23,95,209,13,116
223,23,103,209,13,129
223,23,111,208,14,143
223,23,119,206,15,157
223,23,127,205,16,172
223,23,135,202,17,187
223,23,143,198,20,201
223,23,151,194,24,213
223,23,159,189,28,222
223,23,167,183,33,230
223,23,175,178,38,235
223,23,183,173,42,238
223,23,191,168,47,241
223,23,199,164,51,243
223,23,207,160,53,245
223,23,215,158,54,247
223,23,223,156,55,248
223,23,231,155,54,250
223,23,239,154,54,252
223,23,247,153,54,254
223,23,255,153,54,254
223,31,0,193,7,26
223,31,7,195,8,31
223,31,15,196,9,36
223,31,23,199,10,42
223,31,31,200,11,49
223,31,39,202,13,55
223,31,47,204,14,62
223,31,55,205,14,68
223,31,63,206,15,75
223,31,71,207,16,84
223,31,79,208,16,92
223,31,87,208,16,102
223,31,95,209,17,113
223,31,103,209,17,126
223,31,111,208,18,139
223,31,119,207,19,153
223,31,127,205,20,168
223,31,135,202,22,183
223,31,143,199,24,197
223,31,151,195,28,210
223,31,159,189,32,220
223,31,167,184,37,228
223,31,175,178,42,233
223,31,183,173,46,237
223,31,191,168,50,240
223,31,199,164,54,243
223,31,207,161,58,245
223,31,215,158,60,247
223,31,223,156,60,248
223,31,231,155,59,250
223,31,239,154,58,252
223,31,247,154,58,253
223,31,255,153,58,254
223,39,0,193,11,26
223,39,7,194,12,30
223,39,15,196,13,35
223,39,23,198,15,42
223,39,31,200,16,49
223,39,39,201,18,55
223,39,47,203,19,61
223,39,55,204,20,68
223,39,63,205,21,75
223,39,71,206,21,82
223,39,79,207,22,91
223,39,87,208,22,100
223,39,95,208,22,111
223,39,103,208,23,123
223,39,111,208,23,135
223,39,119,207,24,149
223,39,127,205,26,163
223,39,135,203,28,178
223,39,143,200,30,192
223,39,151,195,33,206
223,39,159,190,37,216
223,39,167,185,41,225
223,39,175,179,46,232
223,39,183,173,50,236
223,39,191,169,54,240
223,39,199,165,57,243
223,39,207,161,60,245
223,39,215,159,63,247
223,39,223,156,65,248
223,39,231,155,65,250
223,39,239,154,64,252
223,39,247,154,63,253
223,39,255,154,62,254
223,47,0,193,16,26
223,47,7,194,17,30
223,47,15,195,19,35
223,47,23,197,21,42
223,47,31,199,23,49
223,47,39,201,24,55
223,47,47,202,26,61
223,47,55,203,26,67
223,47,63,204,27,74
223,47,71,205,28,81
223,47,79,206,28,90
223,47,87,207,29,98
223,47,95,207,29,109
223,47,103,207,29,120
223,47,111,207,29,131
223,47,119,206,30,144
223,47,127,205,32,158
223,47,135,203,34,172
223,47,143,200,36,187
223,47,151,196,39,201
223,47,159,191,43,213
223,47,167,186,47,223
223,47,175,179,51,230
223,47,183,174,55,235
223,47,191,170,58,240
223,47,199,166,61,243
223,47,207,162,63,245
223,47,215,159,66,247
223,47,223,157,67,249
223,47,231,155,68,250
223,47,239,154,69,252
223,47,247,153,68,253
223,47,255,154,66,254
223,55,0,192,23,26
223,55,7,194,24,30
223,55,15,195,26,35
223,55,23,197,28,41
223,55,31,199,30,49
223,55,39,200,31,54
223,55,47,201,33,60
223,55,55,202,34,66
223,55,63,203,35,73
223,55,71,204,36,80
223,55,79,205,36,88
223,55,87,205,36,96
223,55,95,206,36,106
223,55,103,206,36,116
223,55,111,206,36,128
223,55,119,205,37,140
223,55,127,204,38,153
223,55,135,203,39,167
223,55,143,200,42,182
223,55,151,197,44,196
223,55,159,192,48,209
223,55,167,187,52,219
223,55,175,181,55,228
223,55,183,175,59,234
223,55,191,170,62,239
223,55,199,166,64,243
223,55,207,163,67,245
223,55,215,160,69,247
223,55,223,158,70,249
223,55,231,156,71,251
223,55,239,155,71,252
223,55,247,154,71,253
223,55,255,154,71,254
223,63,0,192,30,26
223,63,7,194,31,31
223,63,15,195,33,35
223,63,23,196,35,41
223,63,31,198,37,49
223,63,39,199,39,54
223,63,47,200,40,60
223,63,55,200,42,66
223,63,63,201,43,72
223,63,71,202,44,79
223,63,79,203,44,86
223,63,87,204,44,94
223,63,95,204,44,103
223,63,103,205,44,113
223,63,111,204,44,124
223,63,119,204,44,136
223,63,127,203,45,148
223,63,135,202,46,161
223,63,143,200,47,176
223,63,151,197,50,191
223,63,159,194,52,204
223,63,167,188,56,216
223,63,175,182,59,226
223,63,183,176,63,233
223,63,191,171,66,238
223,63,199,166,68,242
223,63,207,163,70,245
223,63,215,160,72,248
223,63,223,158,73,249
223,63,231,157,74,251
223,63,239,156,74,252
223,63,247,155,74,253
223,63,255,155,73,254
223,71,0,193,37,27
223,71,7,194,39,31
223,71,15,194,40,35
223,71,23,196,42,41
223,71,31,197,44,48
223,71,39,198,46,54
223,71,47,199,48,60
223,71,55,199,49,66
223,71,63,200,50,72
223,71,71,201,51,78
223,71,79,202,52,85
223,71,87,202,52,93
223,71,95,203,52,101
223,71,103,203,52,110
223,71,111,203,52,120
223,71,119,203,52,131
223,71,127,202,53,143
223,71,135,201,53,156
223,71,143,200,54,170
223,71,151,198,55,185
223,71,159,194,57,199
223,71,167,190,60,212
223,71,175,184,63,224
223,71,183,178,66,232
223,71,191,173,69,238
223,71,199,168,71,242
223,71,207,164,73,245
223,71,215,161,75,248
223,71,223,158,76,250
223,71,231,157,76,251
223,71,239,156,76,252
223,71,247,156,76,253
223,71,255,155,76,254
223,79,0,193,46,27
223,79,7,194,47,31
223,79,15,194,48,36
223,79,23,195,50,41
223,79,31,196,52,48
223,79,39,197,54,54
223,79,47,198,55,60
223,79,55,199,57,66
223,79,63,199,58,71
223,79,71,200,59,77
223,79,79,200,59,84
223,79,87,201,60,91
223,79,95,202,60,99
223,79,103,202,60,108
223,79,111,202,60,117
223,79,119,202,60,127
223,79,127,201,60,138
223,79,135,201,60,150
223,79,143,200,61,164
223,79,151,198,62,179
223,79,159,195,63,193
223,79,167,191,65,208
223,79,175,186,68,220
223,79,183,180,70,230
223,79,191,175,72,237
223,79,199,170,74,242
223,79,207,165,76,246
223,79,215,162,77,248
223,79,223,159,79,250
223,79,231,157,79,252
223,79,239,156,79,253
223,79,247,155,79,253
223,79,255,155,78,254
223,87,0,193,54,27
223,87,7,194,55,32
223,87,15,195,57,36
223,87,23,195,58,41
223,87,31,196,60,48
223,87,39,197,62,55
223,87,47,197,63,60
223,87,55,198,65,65
223,87,63,198,66,71
223,87,71,199,67,77
223,87,79,199,67,83
223,87,87,200,68,90
223,87,95,200,68,98
223,87,103,200,68,105
223,87,111,201,68,114
223,87,119,201,68,124
223,87,127,200,68,134
223,87,135,200,68,145
223,87,143,199,68,158
223,87,151,198,68,172
223,87,159,196,69,187
223,87,167,193,71,202
223,87,175,188,73,216
223,87,183,182,74,227
223,87,191,176,76,235
223,87,199,171,78,241
223,87,207,166,80,246
223,87,215,163,81,248
223,87,223,160,81,250
223,87,231,159,82,252
223,87,239,157,82,253
223,87,247,156,82,253
223,87,255,156,81,254
223,95,0,193,63,28
223,95,7,194,64,32
223,95,15,195,65,37
223,95,23,195,66,42
223,95,31,196,68,48
223,95,39,197,70,54
223,95,47,197,71,60
223,95,55,197,72,65
223,95,63,198,73,71
223,95,71,198,74,76
223,95,79,199,75,83
223,95,87,199,75,89
223,95,95,199,76,96
223,95,103,200,76,104
223,95,111,200,76,112
223,95,119,200,76,120
223,95,127,199,75,130
223,95,135,199,75,140
223,95,143,199,75,152
223,95,151,198,75,166
223,95,159,197,76,180
223,95,167,194,77,195
223,95,175,190,78,210
223,95,183,185,80,223
223,95,191,179,81,233
223,95,199,173,82,241
223,95,207,169,83,245
223,95,215,164,84,249
223,95,223,161,85,251
223,95,231,159,85,252
223,95,239,158,86,253
223,95,247,157,86,254
223,95,255,156,85,254
223,103,0,193,71,28
223,103,7,194,72,32
223,103,15,195,73,37
223,103,23,195,75,42
223,103,31,196,76,48
223,103,39,196,78,54
223,103,47,197,79,60
223,103,55,197,80,65
223,103,63,197,81,71
223,103,71,198,82,76
223,103,79,198,83,82
223,103,87,199,83,88
223,103,95,199,83,95
223,103,103,199,84,102
223,103,111,199,83,110
223,103,119,199,83,118
223,103,127,199,83,127
223,103,135,198,83,136
223,103,143,198,83,147
223,103,151,198,83,160
223,103,159,197,83,174
223,103,167,195,83,189
223,103,175,192,84,204
223,103,183,187,85,218
223,103,191,182,86,230
223,103,199,176,87,239
223,103,207,171,87,245
223,103,215,166,88,249
223,103,223,163,89,251
223,103,231,160,89,253
223,103,239,158,89,253
223,103,247,157,89,254
223,103,255,156,89,253
223,111,0,194,80,28
223,111,7,194,81,32
223,111,15,195,82,37
223,111,23,196,83,43
223,111,31,196,84,48
223,111,39,196,85,54
223,111,47,197,87,61
223,111,55,197,88,65
223,111,63,197,89,71
223,111,71,198,89,76
223,111,79,198,90,82
223,111,87,198,91,88
223,111,95,199,91,94
223,111,103,199,91,101
223,111,111,199,91,108
223,111,119,199,91,116
223,111,127,198,91,124
223,111,135,198,90,133
223,111,143,197,90,143
223,111,151,197,90,155
223,111,159,197,90,168
223,111,167,196,90,182
223,111,175,193,91,198
223,111,183,190,91,213
223,111,191,184,92,226
223,111,199,178,92,236
223,111,207,172,92,245
223,111,215,168,92,249
223,111,223,164,93,252
223,111,231,162,93,253
223,111,239,160,93,254
223,111,247,158,93,254
223,111,255,156,93,253
223,119,0,194,89,29
223,119,7,195,89,33
223,119,15,195,90,37
223,119,23,196,91,43
223,119,31,196,92,49
223,119,39,197,93,54
223,119,47,197,94,60
223,119,55,197,95,66
223,119,63,197,96,71
223,119,71,198,97,76
223,119,79,198,97,81
223,119,87,198,98,87
223,119,95,198,98,93
223,119,103,199,98,100
223,119,111,198,98,107
223,119,119,198,98,114
223,119,127,198,98,122
223,119,135,197,98,130
223,119,143,197,97,139
223,119,151,197,97,150
223,119,159,196,97,162
223,119,167,196,97,176
223,119,175,194,97,191
223,119,183,192,97,207
223,119,191,187,97,221
223,119,199,182,97,233
223,119,207,176,97,242
223,119,215,170,97,248
223,119,223,166,97,251
223,119,231,163,97,253
223,119,239,160,97,254
223,119,247,158,96,254
223,119,255,156,96,253
223,127,0,194,97,30
223,127,7,195,98,33
223,127,15,195,98,37
223,127,23,196,99,43
223,127,31,196,100,50
223,127,39,197,101,55
223,127,47,197,102,60
223,127,55,198,103,66
223,127,63,198,104,71
223,127,71,198,104,76
223,127,79,198,105,81
223,127,87,198,105,87
223,127,95,198,105,93
223,127,103,199,106,99
223,127,111,198,105,106
223,127,119,198,105,113
223,127,127,198,105,120
223,127,135,197,105,128
223,127,143,197,104,137
223,127,151,197,104,146
223,127,159,196,104,158
223,127,167,196,104,170
223,127,175,195,104,186
223,127,183,193,104,201
223,127,191,189,104,216
223,127,199,184,103,229
223,127,207,179,103,239
223,127,215,173,102,246
223,127,223,168,102,250
223,127,231,165,101,253
223,127,239,162,101,254
223,127,247,160,101,254
223,127,255,157,100,254
223,135,0,195,106,30
223,135,7,195,106,33
223,135,15,195,107,37
223,135,23,196,107,42
223,135,31,196,108,49
223,135,39,197,109,56
223,135,47,197,110,61
223,135,55,198,111,66
223,135,63,198,111,71
223,135,71,198,112,76
223,135,79,198,112,81
223,135,87,198,112,87
223,135,95,199,113,93
223,135,103,198,113,99
223,135,111,198,112,105
223,135,119,198,112,112
223,135,127,198,112,119
223,135,135,197,112,127
223,135,143,197,111,135
223,135,151,196,111,144
223,135,159,196,111,154
223,135,167,195,111,165
223,135,175,195,111,180
223,135,183,194,110,195
223,135,191,191,110,210
223,135,199,187,109,224
223,135,207,182,109,236
223,135,215,176,108,243
223,135,223,170,107,249
223,135,231,166,106,252
223,135,239,163,105,254
223,135,247,161,105,254
223,135,255,159,104,254
223,143,0,195,114,32
223,143,7,195,114,35
223,143,15,195,115,38
223,143,23,196,115,43
223,143,31,196,116,49
223,143,39,197,117,56
223,143,47,197,117,61
223,143,55,198,118,66
223,143,63,198,119,72
223,143,71,198,119,76
223,143,79,199,119,82
223,143,87,199,120,87
223,143,95,199,120,93
223,143,103,199,120,99
223,143,111,199,120,105
223,143,119,198,119,111
223,143,127,198,119,118
223,143,135,197,119,125
223,143,143,197,118,133
223,143,151,196,118,141
223,143,159,196,118,151
223,143,167,196,117,161
223,143,175,195,117,174
223,143,183,194,117,189
223,143,191,192,117,204
223,143,199,190,116,219
223,143,207,184,115,231
223,143,215,179,114,241
223,143,223,173,112,247
223,143,231,169,111,251
223,143,239,165,110,253
223,143,247,161,109,254
223,143,255,158,107,254
223,151,0,195,122,33
223,151,7,195,122,37
223,151,15,195,122,40
223,151,23,196,123,44
223,151,31,196,124,49
223,151,39,197,124,55
223,151,47,197,125,62
223,151,55,198,126,66
223,151,63,198,126,72
223,151,71,198,127,77
223,151,79,198,127,82
223,151,87,199,127,87
223,151,95,199,127,93
223,151,103,199,127,99
223,151,111,199,127,105
223,151,119,199,127,111
223,151,127,198,127,118
223,151,135,198,126,124
223,151,143,197,126,132
223,151,151,197,125,139
223,151,159,196,125,148
223,151,167,196,125,158
223,151,175,196,125,170
223,151,183,195,125,183
223,151,191,194,124,198
223,151,199,191,124,213
223,151,207,187,122,227
223,151,215,182,121,237
223,151,223,176,119,244
223,151,231,171,117,250
223,151,239,167,115,252
223,151,247,163,114,254
223,151,255,159,112,254
223,159,0,194,129,34
223,159,7,195,129,37
223,159,15,195,130,41
223,159,23,196,130,45
223,159,31,196,131,49
223,159,39,197,132,55
223,159,47,197,133,61
223,159,55,198,133,67
223,159,63,198,134,72
223,159,71,199,134,77
223,159,79,199,135,82
223,159,87,199,135,88
223,159,95,199,135,93
223,159,103,199,135,99
223,159,111,199,135,105
223,159,119,199,135,111
223,159,127,198,134,117
223,159,135,198,134,124
223,159,143,198,134,131
223,159,151,197,133,138
223,159,159,197,133,146
223,159,167,196,133,155
223,159,175,196,133,166
223,159,183,196,133,179
223,159,191,195,132,193
223,159,199,193,132,207
223,159,207,190,130,221
223,159,215,185,128,233
223,159,223,179,126,242
223,159,231,174,124,247
223,159,239,169,121,252
223,159,247,165,119,253
223,159,255,161,117,254
223,167,0,194,136,35
223,167,7,194,136,38
223,167,15,195,137,41
223,167,23,195,138,47
223,167,31,196,138,51
223,167,39,196,139,56
223,167,47,197,140,61
223,167,55,198,141,67
223,167,63,198,142,72
223,167,71,198,142,77
223,167,79,199,143,82
223,167,87,199,143,88
223,167,95,199,143,93
223,167,103,199,143,99
223,167,111,199,143,105
223,167,119,199,143,111
223,167,127,199,143,117
223,167,135,199,143,123
223,167,143,198,142,130
223,167,151,198,142,137
223,167,159,198,141,145
223,167,167,197,141,153
223,167,175,197,141,163
223,167,183,197,141,174
223,167,191,197,141,187
223,167,199,195,141,202
223,167,207,192,139,216
223,167,215,188,137,229
223,167,223,183,134,238
223,167,231,177,131,246
223,167,239,172,128,250
223,167,247,168,125,253
223,167,255,163,122,254
223,175,0,193,143,35
223,175,7,194,143,38
223,175,15,194,144,41
223,175,23,195,145,46
223,175,31,195,146,52
223,175,39,196,147,57
223,175,47,196,147,61
223,175,55,197,149,67
223,175,63,198,149,72
223,175,71,198,150,77
223,175,79,199,151,83
223,175,87,199,151,88
223,175,95,200,152,94
223,175,103,200,152,99
223,175,111,200,152,105
223,175,119,200,152,111
223,175,127,200,152,117
223,175,135,199,151,123
223,175,143,199,151,130
223,175,151,199,151,137
223,175,159,198,150,144
223,175,167,198,150,152
223,175,175,198,150,161
223,175,183,198,150,171
223,175,191,198,150,183
223,175,199,197,150,197
223,175,207,195,148,211
223,175,215,191,146,224
223,175,223,186,143,235
223,175,231,181,139,243
223,175,239,176,136,249
223,175,247,171,132,253
223,175,255,166,129,254
223,183,0,192,150,36
223,183,7,193,151,39
223,183,15,193,151,42
223,183,23,194,152,46
223,183,31,195,153,52
223,183,39,196,155,58
223,183,47,196,156,62
223,183,55,197,157,67
223,183,63,198,158,72
223,183,71,198,159,77
223,183,79,199,160,83
223,183,87,199,160,88
223,183,95,200,161,94
223,183,103,200,161,100
223,183,111,200,161,105
223,183,119,201,161,111
223,183,127,201,161,117
223,183,135,201,161,123
223,183,143,200,161,130
223,183,151,200,160,136
223,183,159,200,160,144
223,183,167,200,160,151
223,183,175,199,160,159
223,183,183,199,160,169
223,183,191,199,160,180
223,183,199,199,159,192
223,183,207,197,158,206
223,183,215,194,156,219
223,183,223,190,152,231
223,183,231,184,148,240
223,183,239,179,144,248
223,183,247,174,140,251
223,183,255,169,135,254
223,191,0,191,158,38
223,191,7,192,159,40
223,191,15,192,159,43
223,191,23,193,160,46
223,191,31,194,161,51
223,191,39,195,163,57
223,191,47,195,164,63
223,191,55,196,165,68
223,191,63,197,167,72
223,191,71,198,168,78
223,191,79,199,169,83
223,191,87,199,170,88
223,191,95,200,171,94
223,191,103,200,171,100
223,191,111,201,171,105
223,191,119,201,172,111
223,191,127,202,172,117
223,191,135,202,171,124
223,191,143,202,171,130
223,191,151,201,171,137
223,191,159,201,170,144
223,191,167,201,170,151
223,191,175,201,170,159
223,191,183,201,170,167
223,191,191,201,170,177
223,191,199,201,170,188
223,191,207,200,169,201
223,191,215,197,166,215
223,191,223,193,163,227
223,191,231,189,159,238
223,191,239,183,154,245
223,191,247,178,149,251
223,191,255,173,144,254
223,199,0,190,166,39
223,199,7,191,166,41
223,199,15,191,167,43
223,199,23,192,168,47
223,199,31,192,169,51
223,199,39,193,171,57
223,199,47,195,173,63
223,199,55,195,174,68
223,199,63,196,176,73
223,199,71,197,177,78
223,199,79,198,179,83
223,199,87,199,180,88
223,199,95,200,181,94
223,199,103,201,182,100
223,199,111,201,182,106
223,199,119,202,182,112
223,199,127,202,183,118
223,199,135,202,182,124
223,199,143,202,182,130
223,199,151,202,182,137
223,199,159,202,182,144
223,199,167,202,181,151
223,199,175,202,181,158
223,199,183,202,181,166
223,199,191,202,181,175
223,199,199,202,181,185
223,199,207,202,181,197
223,199,215,200,179,211
223,199,223,197,175,224
223,199,231,193,171,235
223,199,239,188,166,244
223,199,247,183,160,250
223,199,255,177,154,254
223,207,0,189,175,40
223,207,7,189,175,42
223,207,15,190,176,45
223,207,23,190,177,48
223,207,31,191,178,52
223,207,39,192,180,56
223,207,47,193,182,62
223,207,55,195,184,68
223,207,63,196,186,73
223,207,71,197,187,78
223,207,79,198,189,83
223,207,87,199,191,88
223,207,95,200,192,94
223,207,103,201,193,100
223,207,111,202,194,106
223,207,119,203,194,112
223,207,127,203,194,118
223,207,135,203,195,124
223,207,143,203,194,131
223,207,151,204,194,137
223,207,159,203,194,144
223,207,167,203,194,151
223,207,175,203,194,158
223,207,183,203,194,165
223,207,191,203,194,174
223,207,199,204,194,183
223,207,207,204,194,194
223,207,215,203,192,207
223,207,223,201,189,220
223,207,231,198,185,232
223,207,239,193,179,242
223,207,247,188,173,249
223,207,255,183,167,253
223,215,0,187,184,39
223,215,7,187,185,42
223,215,15,188,186,46
223,215,23,189,187,51
223,215,31,190,188,54
223,215,39,191,190,58
223,215,47,192,191,62
223,215,55,193,193,68
223,215,63,194,196,73
223,215,71,195,198,78
223,215,79,197,200,83
223,215,87,198,202,88
223,215,95,199,203,94
223,215,103,201,204,100
223,215,111,202,205,106
223,215,119,203,206,112
223,215,127,203,206,118
223,215,135,204,206,124
223,215,143,204,206,131
223,215,151,204,206,137
223,215,159,204,206,144
223,215,167,204,206,151
223,215,175,204,206,158
223,215,183,204,206,165
223,215,191,205,206,173
223,215,199,205,207,182
223,215,207,206,207,193
223,215,215,206,207,205
223,215,223,205,205,217
223,215,231,202,200,229
223,215,239,198,195,240
223,215,247,193,188,248
223,215,255,188,182,253
223,223,0,184,194,39
223,223,7,185,195,41
223,223,15,186,196,44
223,223,23,186,197,49
223,223,31,188,199,55
223,223,39,189,200,59
223,223,47,190,202,63
223,223,55,191,204,67
223,223,63,192,206,72
223,223,71,194,208,78
223,223,79,195,210,83
223,223,87,197,212,88
223,223,95,198,214,94
223,223,103,200,215,100
223,223,111,201,216,106
223,223,119,202,217,112
223,223,127,203,217,118
223,223,135,204,218,125
223,223,143,204,218,131
223,223,151,205,218,137
223,223,159,205,218,144
223,223,167,205,218,151
223,223,175,205,218,158
223,223,183,205,218,165
223,223,191,206,218,173
223,223,199,206,219,182
223,223,207,207,219,192
223,223,215,208,220,203
223,223,223,208,219,215
223,223,231,206,216,226
223,223,239,202,210,238
223,223,247,198,204,247
223,223,255,195,199,253
223,231,0,182,205,39
223,231,7,182,205,41
223,231,15,183,206,44
223,231,23,184,207,48
223,231,31,185,209,52
223,231,39,186,210,59
223,231,47,187,212,64
223,231,55,189,214,68
223,231,63,190,216,72
223,231,71,192,218,77
223,231,79,193,220,82
223,231,87,195,222,88
223,231,95,197,224,94
223,231,103,199,225,100
223,231,111,200,226,106
223,231,119,202,227,112
223,231,127,203,228,118
223,231,135,204,229,125
223,231,143,205,229,131
223,231,151,205,229,138
223,231,159,206,229,145
223,231,167,206,229,152
223,231,175,206,229,158
223,231,183,206,230,165
223,231,191,206,230,173
223,231,199,207,231,181
223,231,207,208,232,191
223,231,215,209,232,202
223,231,223,210,232,213
223,231,231,209,230,224
223,231,239,206,226,236
223,231,247,202,220,246
223,231,255,199,215,252
223,239,0,178,215,40
223,239,7,179,215,42
223,239,15,179,216,44
223,239,23,180,217,47
223,239,31,181,218,51
223,239,39,183,220,56
223,239,47,184,222,63
223,239,55,186,224,68
223,239,63,187,226,72
223,239,71,189,228,77
223,239,79,191,230,82
223,239,87,193,232,87
223,239,95,195,233,93
223,239,103,197,235,100
223,239,111,199,236,106
223,239,119,200,237,112
223,239,127,202,238,119
223,239,135,203,238,125
223,239,143,205,239,132
223,239,151,206,239,138
223,239,159,206,239,145
223,239,167,206,240,152
223,239,175,207,240,159
223,239,183,207,240,166
223,239,191,207,241,173
223,239,199,208,241,181
223,239,207,209,242,191
223,239,215,210,243,201
223,239,223,210,243,211
223,239,231,210,242,222
223,239,239,208,239,234
223,239,247,206,235,245
223,239,255,203,231,255
223,247,0,175,225,41
223,247,7,176,225,43
223,247,15,176,226,45
223,247,23,177,227,47
223,247,31,178,228,51
223,247,39,179,230,55
223,247,47,181,231,60
223,247,55,183,234,66
223,247,63,184,235,71
223,247,71,186,237,76
223,247,79,188,239,81
223,247,87,190,240,87
223,247,95,192,242,93
223,247,103,194,243,99
223,247,111,197,245,106
223,247,119,199,245,112
223,247,127,201,246,119
223,247,135,202,247,125
223,247,143,204,247,132
223,247,151,205,248,139
223,247,159,206,248,145
223,247,167,207,248,152
223,247,175,207,249,159
223,247,183,207,249,166
223,247,191,208,249,173
223,247,199,208,250,181
223,247,207,209,250,190
223,247,215,210,250,199
223,247,223,210,251,209
223,247,231,210,251,220
223,247,239,209,249,232
223,247,247,207,245,244
223,247,255,205,243,251
223,255,0,172,234,41
223,255,7,172,235,43
223,255,15,173,236,45
223,255,23,174,237,47
223,255,31,175,238,50
223,255,39,176,239,54
223,255,47,177,240,58
223,255,55,179,242,63
223,255,63,181,244,69
223,255,71,183,246,73
223,255,79,185,247,78
223,255,87,187,248,84
223,255,95,189,250,90
223,255,103,192,251,98
223,255,111,195,252,105
223,255,119,197,252,112
223,255,127,199,253,119
223,255,135,201,253,126
223,255,143,203,253,132
223,255,151,204,254,139
223,255,159,205,254,145
223,255,167,206,254,152
223,255,175,207,254,159
223,255,183,207,254,166
223,255,191,208,254,174
223,255,199,208,255,181
223,255,207,209,255,190
223,255,215,210,255,198
223,255,223,210,255,208
223,255,231,211,255,218
223,255,239,211,254,229
223,255,247,210,253,242
223,255,255,208,251,252
231,0,0,201,2,27
231,0,7,203,3,32
231,0,15,204,4,37
231,0,23,207,4,43
231,0,31,209,5,50
231,0,39,211,6,56
231,0,47,212,7,62
231,0,55,214,7,69
231,0,63,215,7,77
231,0,71,216,8,86
231,0,79,217,8,96
231,0,87,218,7,107
231,0,95,218,7,120
231,0,103,218,7,133
231,0,111,217,7,147
231,0,119,216,8,163
231,0,127,213,8,178
231,0,135,211,10,193
231,0,143,208,12,206
231,0,151,203,17,217
231,0,159,198,22,226
231,0,167,193,27,233
231,0,175,188,31,237
231,0,183,183,35,240
231,0,191,179,38,242
231,0,199,176,40,244
231,0,207,173,43,246
231,0,215,171,44,247
231,0,223,169,46,249
231,0,231,168,47,250
231,0,239,167,48,252
231,0,247,167,48,254
231,0,255,166,50,254
231,7,0,201,3,27
231,7,7,203,3,32
231,7,15,204,4,37
231,7,23,206,5,43
231,7,31,209,6,50
231,7,39,211,7,56
231,7,47,212,8,62
231,7,55,213,8,69
231,7,63,215,8,76
231,7,71,216,9,86
231,7,79,217,9,96
231,7,87,218,9,106
231,7,95,218,9,119
231,7,103,218,9,132
231,7,111,217,9,146
231,7,119,216,9,161
231,7,127,213,10,176
231,7,135,211,12,191
231,7,143,208,14,205
231,7,151,204,18,216
231,7,159,199,23,225
231,7,167,193,29,232
231,7,175,188,33,236
231,7,183,183,37,239
231,7,191,179,40,242
231,7,199,176,43,244
231,7,207,173,45,246
231,7,215,171,46,247
231,7,223,169,48,249
231,7,231,168,49,250
231,7,239,167,49,252
231,7,247,167,50,254
231,7,255,166,51,254
231,15,0,201,3,27
231,15,7,203,4,32
231,15,15,204,5,37
231,15,23,206,6,43
231,15,31,209,7,50
231,15,39,210,8,56
231,15,47,212,9,62
231,15,55,213,10,69
231,15,63,215,10,76
231,15,71,216,10,85
231,15,79,217,11,95
231,15,87,217,11,105
231,15,95,218,11,117
231,15,103,218,11,130
231,15,111,217,11,144
231,15,119,216,12,159
231,15,127,214,13,174
231,15,135,211,14,189
231,15,143,208,16,203
231,15,151,204,21,214
231,15,159,199,26,224
231,15,167,194,31,231
231,15,175,188,36,235
231,15,183,184,40,238
231,15,191,180,43,241
231,15,199,176,45,243
231,15,207,174,47,245
231,15,215,171,49,247
231,15,223,170,50,249
231,15,231,168,51,250
231,15,239,168,52,252
231,15,247,167,52,254
231,15,255,166,53,254
231,23,0,201,4,27
231,23,7,203,5,32
231,23,15,204,6,36
231,23,23,206,8,42
231,23,31,209,9,50
231,23,39,210,10,55
231,23,47,212,11,62
231,23,55,213,12,68
231,23,63,215,13,75
231,23,71,216,13,84
231,23,79,216,13,94
231,23,87,217,13,104
231,23,95,217,14,115
231,23,103,217,14,128
231,23,111,217,14,142
231,23,119,216,15,156
231,23,127,214,16,171
231,23,135,212,17,186
231,23,143,209,20,200
231,23,151,204,24,212
231,23,159,199,28,222
231,23,167,194,34,230
231,23,175,189,39,234
231,23,183,184,44,238
231,23,191,180,47,241
231,23,199,177,49,243
231,23,207,174,51,245
231,23,215,172,53,247
231,23,223,170,54,249
231,23,231,168,55,250
231,23,239,168,55,252
231,23,247,167,55,254
231,23,255,167,55,254
231,31,0,201,6,27
231,31,7,203,7,32
231,31,15,204,9,36
231,31,23,206,10,42
231,31,31,209,12,49
231,31,39,210,13,55
231,31,47,212,15,61
231,31,55,213,15,68
231,31,63,214,16,75
231,31,71,215,17,83
231,31,79,216,17,92
231,31,87,217,17,102
231,31,95,217,17,113
231,31,103,217,18,125
231,31,111,217,18,138
231,31,119,215,19,152
231,31,127,214,20,167
231,31,135,212,21,182
231,31,143,209,24,196
231,31,151,205,28,209
231,31,159,200,32,219
231,31,167,195,37,227
231,31,175,190,42,233
231,31,183,185,47,237
231,31,191,181,51,240
231,31,199,177,54,243
231,31,207,174,56,245
231,31,215,172,57,247
231,31,223,170,58,249
231,31,231,168,59,250
231,31,239,168,59,252
231,31,247,168,59,253
231,31,255,167,58,254
231,39,0,201,10,27
231,39,7,203,12,32
231,39,15,204,13,36
231,39,23,206,15,42
231,39,31,208,17,49
231,39,39,210,18,55
231,39,47,212,19,61
231,39,55,213,20,67
231,39,63,214,21,74
231,39,71,215,22,82
231,39,79,216,23,90
231,39,87,216,23,100
231,39,95,217,23,110
231,39,103,217,23,122
231,39,111,216,23,135
231,39,119,215,24,148
231,39,127,214,25,162
231,39,135,212,27,177
231,39,143,209,29,192
231,39,151,205,33,205
231,39,159,201,36,216
231,39,167,196,41,225
231,39,175,191,46,232
231,39,183,186,50,237
231,39,191,181,54,240
231,39,199,177,58,243
231,39,207,174,61,245
231,39,215,172,63,247
231,39,223,170,63,249
231,39,231,168,64,250
231,39,239,168,63,252
231,39,247,168,63,253
231,39,255,168,62,254
231,47,0,201,16,27
231,47,7,203,17,32
231,47,15,204,18,36
231,47,23,206,20,42
231,47,31,208,22,49
231,47,39,209,24,55
231,47,47,211,25,61
231,47,55,212,27,67
231,47,63,213,28,73
231,47,71,214,28,81
231,47,79,215,29,89
231,47,87,216,29,98
231,47,95,216,29,108
231,47,103,216,30,118
231,47,111,216,30,130
231,47,119,215,31,143
231,47,127,214,32,157
231,47,135,212,33,172
231,47,143,210,35,187
231,47,151,206,38,201
231,47,159,202,41,213
231,47,167,197,45,223
231,47,175,192,50,230
231,47,183,186,54,236
231,47,191,182,57,240
231,47,199,178,61,243
231,47,207,175,64,245
231,47,215,172,67,247
231,47,223,170,68,249
231,47,231,168,69,250
231,47,239,168,68,252
231,47,247,168,67,253
231,47,255,168,66,254
231,55,0,201,22,27
231,55,7,202,23,32
231,55,15,204,25,36
231,55,23,205,27,42
231,55,31,207,29,48
231,55,39,209,31,55
231,55,47,210,32,60
231,55,55,211,34,66
231,55,63,212,35,73
231,55,71,213,35,80
231,55,79,214,36,88
231,55,87,214,36,96
231,55,95,215,36,105
231,55,103,215,36,116
231,55,111,215,37,127
231,55,119,214,37,139
231,55,127,213,38,152
231,55,135,212,40,166
231,55,143,210,41,181
231,55,151,207,44,196
231,55,159,203,47,209
231,55,167,198,50,220
231,55,175,193,54,229
231,55,183,187,58,234
231,55,191,182,61,239
231,55,199,178,64,243
231,55,207,175,67,245
231,55,215,173,69,247
231,55,223,171,71,249
231,55,231,169,72,250
231,55,239,168,72,252
231,55,247,167,72,253
231,55,255,168,71,254
231,63,0,201,29,27
231,63,7,202,30,32
231,63,15,203,32,36
231,63,23,205,34,42
231,63,31,206,36,48
231,63,39,208,38,55
231,63,47,209,40,60
231,63,55,210,41,66
231,63,63,210,42,72
231,63,71,211,43,79
231,63,79,212,44,86
231,63,87,213,44,94
231,63,95,213,44,103
231,63,103,214,44,113
231,63,111,214,44,124
231,63,119,213,44,135
231,63,127,213,45,148
231,63,135,212,46,161
231,63,143,210,47,176
231,63,151,208,49,191
231,63,159,204,52,204
231,63,167,199,55,216
231,63,175,193,59,226
231,63,183,188,62,233
231,63,191,183,65,238
231,63,199,179,68,242
231,63,207,176,70,245
231,63,215,173,72,247
231,63,223,171,73,249
231,63,231,170,74,251
231,63,239,168,75,252
231,63,247,168,75,253
231,63,255,167,75,253
231,71,0,201,36,27
231,71,7,202,38,31
231,71,15,203,40,37
231,71,23,204,41,42
231,71,31,205,43,48
231,71,39,207,46,55
231,71,47,208,47,60
231,71,55,208,49,66
231,71,63,209,50,72
231,71,71,210,51,78
231,71,79,211,52,85
231,71,87,211,52,93
231,71,95,212,52,101
231,71,103,212,52,110
231,71,111,212,52,120
231,71,119,212,52,131
231,71,127,212,52,143
231,71,135,211,53,155
231,71,143,210,54,170
231,71,151,208,55,185
231,71,159,205,57,199
231,71,167,201,59,213
231,71,175,195,62,224
231,71,183,190,65,232
231,71,191,184,68,238
231,71,199,179,71,242
231,71,207,176,73,245
231,71,215,173,75,247
231,71,223,171,76,250
231,71,231,170,77,251
231,71,239,169,77,252
231,71,247,168,77,253
231,71,255,168,77,253
231,79,0,201,44,27
231,79,7,202,46,31
231,79,15,203,47,37
231,79,23,204,49,42
231,79,31,205,51,48
231,79,39,206,53,55
231,79,47,207,55,60
231,79,55,208,56,65
231,79,63,208,57,71
231,79,71,209,59,77
231,79,79,209,59,84
231,79,87,210,60,91
231,79,95,211,60,99
231,79,103,211,60,108
231,79,111,211,60,117
231,79,119,211,60,127
231,79,127,211,60,138
231,79,135,210,60,150
231,79,143,209,61,163
231,79,151,208,61,179
231,79,159,206,63,194
231,79,167,202,64,208
231,79,175,197,67,220
231,79,183,192,69,230
231,79,191,186,72,237
231,79,199,181,74,242
231,79,207,177,76,245
231,79,215,173,78,248
231,79,223,171,79,250
231,79,231,169,79,252
231,79,239,169,80,253
231,79,247,168,80,253
231,79,255,168,79,253
231,87,0,201,53,27
231,87,7,202,54,32
231,87,15,203,55,37
231,87,23,204,57,42
231,87,31,205,59,48
231,87,39,206,61,54
231,87,47,206,63,60
231,87,55,207,64,65
231,87,63,207,65,71
231,87,71,208,66,77
231,87,79,208,67,83
231,87,87,209,67,90
231,87,95,209,68,98
231,87,103,210,68,106
231,87,111,210,68,114
231,87,119,210,67,124
231,87,127,210,67,134
231,87,135,209,67,145
231,87,143,209,68,158
231,87,151,208,68,172
231,87,159,206,69,187
231,87,167,203,70,203
231,87,175,199,72,216
231,87,183,193,74,228
231,87,191,188,76,235
231,87,199,183,78,241
231,87,207,178,79,245
231,87,215,175,81,248
231,87,223,172,82,250
231,87,231,170,83,252
231,87,239,169,83,253
231,87,247,168,83,254
231,87,255,168,82,254
231,95,0,202,61,28
231,95,7,202,62,32
231,95,15,203,63,36
231,95,23,204,65,43
231,95,31,205,67,48
231,95,39,205,69,54
231,95,47,206,70,60
231,95,55,206,72,65
231,95,63,207,73,71
231,95,71,207,74,76
231,95,79,208,75,82
231,95,87,208,75,89
231,95,95,208,76,96
231,95,103,209,76,104
231,95,111,209,76,112
231,95,119,209,75,121
231,95,127,209,75,130
231,95,135,208,75,141
231,95,143,208,75,152
231,95,151,208,75,166
231,95,159,207,76,181
231,95,167,204,76,196
231,95,175,201,78,211
231,95,183,196,79,223
231,95,191,190,81,233
231,95,199,184,82,240
231,95,207,179,83,245
231,95,215,175,84,248
231,95,223,173,85,250
231,95,231,171,86,252
231,95,239,169,86,253
231,95,247,168,86,253
231,95,255,168,86,253
231,103,0,202,70,28
231,103,7,203,71,32
231,103,15,203,72,36
231,103,23,204,73,43
231,103,31,205,75,48
231,103,39,205,76,54
231,103,47,206,78,60
231,103,55,206,79,65
231,103,63,207,80,71
231,103,71,207,81,76
231,103,79,207,82,82
231,103,87,208,83,88
231,103,95,208,83,95
231,103,103,208,83,102
231,103,111,208,83,110
231,103,119,208,83,118
231,103,127,208,83,127
231,103,135,208,83,136
231,103,143,207,83,147
231,103,151,207,83,160
231,103,159,207,83,174
231,103,167,206,83,189
231,103,175,203,84,205
231,103,183,198,85,219
231,103,191,193,86,230
231,103,199,187,87,239
231,103,207,181,88,245
231,103,215,177,88,248
231,103,223,173,89,251
231,103,231,171,90,252
231,103,239,169,90,254
231,103,247,168,90,253
231,103,255,167,90,253
231,111,0,202,78,29
231,111,7,203,79,32
231,111,15,203,80,36
231,111,23,204,81,42
231,111,31,205,83,49
231,111,39,205,84,54
231,111,47,206,86,60
231,111,55,206,87,66
231,111,63,207,88,71
231,111,71,207,89,76
231,111,79,207,90,82
231,111,87,208,90,88
231,111,95,208,91,94
231,111,103,208,91,101
231,111,111,208,91,108
231,111,119,208,91,116
231,111,127,208,90,124
231,111,135,207,90,133
231,111,143,207,90,143
231,111,151,207,90,155
231,111,159,207,90,168
231,111,167,206,90,183
231,111,175,204,90,198
231,111,183,201,91,213
231,111,191,195,91,226
231,111,199,189,92,236
231,111,207,183,92,244
231,111,215,179,93,248
231,111,223,175,93,251
231,111,231,172,93,253
231,111,239,170,93,254
231,111,247,168,94,254
231,111,255,167,94,253
231,119,0,203,87,29
231,119,7,203,88,33
231,119,15,204,88,37
231,119,23,204,89,42
231,119,31,205,91,49
231,119,39,206,92,55
231,119,47,206,93,60
231,119,55,207,95,66
231,119,63,207,95,71
231,119,71,207,96,76
231,119,79,207,97,81
231,119,87,208,97,87
231,119,95,208,98,93
231,119,103,208,98,100
231,119,111,208,98,107
231,119,119,208,98,114
231,119,127,207,98,122
231,119,135,207,98,131
231,119,143,207,97,140
231,119,151,206,97,150
231,119,159,206,97,163
231,119,167,206,97,177
231,119,175,205,97,192
231,119,183,202,97,208
231,119,191,198,97,221
231,119,199,192,97,233
231,119,207,186,97,241
231,119,215,180,97,248
231,119,223,176,97,251
231,119,231,173,97,253
231,119,239,171,97,254
231,119,247,170,97,254
231,119,255,168,97,253
231,127,0,203,96,30
231,127,7,204,96,33
231,127,15,204,97,37
231,127,23,205,98,42
231,127,31,205,99,49
231,127,39,206,100,55
231,127,47,206,101,60
231,127,55,207,102,66
231,127,63,207,103,71
231,127,71,207,104,76
231,127,79,207,104,82
231,127,87,208,105,87
231,127,95,208,105,93
231,127,103,208,105,99
231,127,111,208,105,106
231,127,119,208,105,113
231,127,127,207,105,121
231,127,135,207,105,129
231,127,143,207,104,137
231,127,151,206,104,147
231,127,159,206,104,158
231,127,167,206,104,171
231,127,175,205,104,186
231,127,183,203,104,201
231,127,191,200,103,216
231,127,199,195,103,229
231,127,207,189,103,239
231,127,215,183,102,246
231,127,223,178,102,250
231,127,231,174,101,252
231,127,239,171,101,254
231,127,247,170,101,254
231,127,255,168,101,254
231,135,0,203,104,31
231,135,7,204,105,34
231,135,15,204,105,38
231,135,23,205,106,42
231,135,31,205,107,48
231,135,39,206,108,56
231,135,47,206,109,61
231,135,55,207,110,66
231,135,63,207,110,72
231,135,71,207,111,76
231,135,79,208,111,82
231,135,87,208,112,87
231,135,95,208,112,93
231,135,103,208,112,99
231,135,111,208,112,105
231,135,119,208,112,112
231,135,127,207,112,119
231,135,135,207,112,127
231,135,143,207,111,135
231,135,151,206,111,144
231,135,159,206,111,154
231,135,167,205,110,166
231,135,175,205,110,180
231,135,183,204,110,196
231,135,191,201,110,211
231,135,199,198,109,225
231,135,207,192,109,236
231,135,215,186,108,244
231,135,223,180,107,249
231,135,231,176,106,252
231,135,239,172,105,254
231,135,247,170,105,254
231,135,255,167,104,254
231,143,0,204,112,33
231,143,7,204,113,36
231,143,15,204,113,39
231,143,23,205,114,43
231,143,31,205,115,49
231,143,39,206,115,55
231,143,47,207,116,62
231,143,55,207,117,66
231,143,63,207,118,72
231,143,71,208,118,77
231,143,79,208,119,82
231,143,87,208,119,87
231,143,95,208,119,93
231,143,103,208,119,99
231,143,111,208,119,105
231,143,119,208,119,112
231,143,127,208,119,119
231,143,135,207,119,126
231,143,143,207,118,134
231,143,151,206,118,142
231,143,159,206,118,151
231,143,167,205,118,162
231,143,175,205,118,174
231,143,183,204,117,189
231,143,191,203,117,205
231,143,199,200,116,220
231,143,207,195,115,232
231,143,215,189,114,242
231,143,223,183,113,247
231,143,231,177,111,251
231,143,239,173,110,253
231,143,247,170,109,254
231,143,255,166,108,254
231,151,0,203,120,33
231,151,7,204,120,37
231,151,15,204,121,41
231,151,23,205,121,45
231,151,31,205,122,49
231,151,39,206,123,55
231,151,47,207,124,62
231,151,55,207,125,67
231,151,63,207,125,72
231,151,71,208,126,77
231,151,79,208,126,82
231,151,87,208,126,88
231,151,95,208,127,93
231,151,103,208,127,99
231,151,111,208,127,105
231,151,119,208,127,111
231,151,127,208,126,118
231,151,135,207,126,125
231,151,143,207,126,132
231,151,151,206,125,140
231,151,159,206,125,149
231,151,167,205,125,159
231,151,175,205,125,170
231,151,183,205,125,184
231,151,191,204,124,199
231,151,199,201,124,214
231,151,207,198,123,228
231,151,215,191,121,237
231,151,223,186,119,245
231,151,231,180,117,250
231,151,239,175,115,253
231,151,247,171,114,254
231,151,255,167,112,254
231,159,0,203,127,34
231,159,7,204,128,37
231,159,15,204,128,41
231,159,23,205,129,46
231,159,31,205,130,50
231,159,39,206,130,55
231,159,47,206,131,61
231,159,55,207,132,67
231,159,63,207,133,72
231,159,71,208,133,77
231,159,79,208,134,83
231,159,87,208,134,88
231,159,95,208,134,94
231,159,103,208,134,99
231,159,111,208,134,105
231,159,119,208,134,111
231,159,127,208,134,118
231,159,135,208,134,125
231,159,143,207,134,132
231,159,151,207,133,139
231,159,159,206,133,147
231,159,167,206,133,156
231,159,175,205,133,167
231,159,183,205,133,179
231,159,191,205,133,193
231,159,199,203,132,208
231,159,207,200,130,222
231,159,215,195,129,234
231,159,223,189,126,242
231,159,231,183,124,248
231,159,239,177,121,252
231,159,247,173,119,253
231,159,255,168,117,255
231,167,0,203,134,35
231,167,7,203,135,38
231,167,15,204,135,41
231,167,23,204,136,46
231,167,31,205,137,52
231,167,39,206,138,56
231,167,47,206,139,61
231,167,55,207,140,67
231,167,63,207,140,73
231,167,71,208,141,78
231,167,79,208,142,83
231,167,87,208,142,88
231,167,95,209,142,94
231,167,103,209,142,99
231,167,111,209,142,105
231,167,119,209,142,111
231,167,127,208,142,118
231,167,135,208,142,124
231,167,143,208,142,131
231,167,151,207,141,138
231,167,159,206,141,146
231,167,167,206,141,154
231,167,175,206,141,164
231,167,183,206,141,175
231,167,191,206,141,188
231,167,199,205,140,202
231,167,207,202,139,216
231,167,215,197,137,229
231,167,223,192,134,239
231,167,231,186,131,247
231,167,239,181,128,250
231,167,247,176,125,253
231,167,255,171,122,254
231,175,0,202,141,36
231,175,7,203,142,38
231,175,15,203,142,42
231,175,23,204,143,46
231,175,31,205,144,52
231,175,39,205,145,58
231,175,47,206,146,62
231,175,55,207,147,67
231,175,63,207,148,73
231,175,71,208,149,78
231,175,79,208,150,83
231,175,87,208,150,89
231,175,95,209,150,94
231,175,103,209,151,100
231,175,111,209,151,106
231,175,119,209,151,112
231,175,127,209,151,118
231,175,135,209,151,124
231,175,143,208,151,131
231,175,151,208,150,138
231,175,159,207,150,145
231,175,167,207,150,153
231,175,175,207,150,161
231,175,183,207,150,172
231,175,191,207,150,183
231,175,199,207,150,197
231,175,207,204,148,212
231,175,215,200,146,224
231,175,223,195,143,236
231,175,231,189,139,244
231,175,239,183,135,250
231,175,247,178,132,253
231,175,255,174,129,254
231,183,0,202,149,37
231,183,7,202,149,40
231,183,15,203,150,42
231,183,23,203,150,46
231,183,31,204,151,52
231,183,39,205,153,58
231,183,47,206,154,63
231,183,55,206,155,68
231,183,63,207,156,73
231,183,71,208,157,78
231,183,79,208,158,83
231,183,87,209,159,89
231,183,95,209,159,94
231,183,103,209,160,100
231,183,111,210,160,106
231,183,119,210,160,112
231,183,127,210,160,118
231,183,135,210,160,124
231,183,143,209,160,131
231,183,151,209,159,137
231,183,159,209,159,145
231,183,167,208,159,152
231,183,175,208,159,160
231,183,183,208,159,169
231,183,191,208,159,180
231,183,199,208,159,193
231,183,207,207,158,206
231,183,215,204,156,220
231,183,223,198,152,232
231,183,231,193,148,241
231,183,239,187,144,248
231,183,247,181,139,252
231,183,255,176,135,254
231,191,0,201,156,39
231,191,7,202,157,41
231,191,15,202,157,44
231,191,23,203,158,47
231,191,31,203,159,52
231,191,39,204,161,58
231,191,47,205,162,64
231,191,55,206,163,68
231,191,63,207,165,73
231,191,71,208,166,78
231,191,79,208,167,83
231,191,87,209,168,89
231,191,95,210,169,94
231,191,103,210,170,100
231,191,111,211,170,106
231,191,119,211,170,112
231,191,127,211,170,118
231,191,135,211,170,124
231,191,143,211,170,131
231,191,151,210,170,138
231,191,159,210,169,145
231,191,167,210,169,152
231,191,175,209,169,160
231,191,183,209,169,168
231,191,191,209,169,177
231,191,199,209,169,189
231,191,207,208,168,202
231,191,215,206,166,216
231,191,223,203,163,228
231,191,231,197,159,238
231,191,239,191,154,246
231,191,247,185,149,251
231,191,255,179,143,254
231,199,0,200,164,41
231,199,7,201,165,43
231,199,15,201,166,46
231,199,23,202,167,49
231,199,31,202,168,53
231,199,39,203,169,58
231,199,47,204,171,63
231,199,55,205,172,69
231,199,63,206,174,74
231,199,71,207,175,78
231,199,79,208,177,84
231,199,87,209,178,89
231,199,95,210,179,95
231,199,103,210,180,100
231,199,111,211,181,106
231,199,119,211,181,112
231,199,127,212,181,118
231,199,135,212,181,125
231,199,143,212,181,131
231,199,151,212,181,138
231,199,159,211,180,145
231,199,167,211,180,152
231,199,175,211,180,159
231,199,183,211,180,167
231,199,191,211,180,176
231,199,199,211,180,186
231,199,207,211,180,198
231,199,215,209,178,212
231,199,223,206,175,225
231,199,231,201,170,236
231,199,239,196,165,245
231,199,247,190,160,250
231,199,255,184,154,254
231,207,0,199,172,41
231,207,7,200,173,43
231,207,15,200,174,47
231,207,23,201,175,51
231,207,31,202,176,54
231,207,39,203,178,58
231,207,47,204,180,63
231,207,55,205,182,69
231,207,63,206,184,74
231,207,71,207,185,79
231,207,79,208,187,84
231,207,87,209,189,89
231,207,95,210,190,95
231,207,103,211,191,101
231,207,111,212,192,107
231,207,119,212,193,113
231,207,127,213,193,119
231,207,135,213,193,125
231,207,143,213,193,132
231,207,151,213,193,138
231,207,159,213,192,145
231,207,167,212,192,152
231,207,175,212,192,159
231,207,183,212,192,166
231,207,191,212,192,175
231,207,199,213,193,184
231,207,207,213,193,195
231,207,215,212,192,208
231,207,223,210,189,221
231,207,231,206,184,233
231,207,239,201,179,243
231,207,247,195,172,250
231,207,255,190,166,253
231,215,0,197,182,40
231,215,7,198,182,43
231,215,15,199,183,46
231,215,23,199,184,51
231,215,31,201,186,56
231,215,39,201,188,60
231,215,47,202,189,64
231,215,55,203,191,69
231,215,63,205,194,74
231,215,71,206,195,79
231,215,79,207,197,84
231,215,87,208,199,89
231,215,95,210,201,95
231,215,103,211,202,101
231,215,111,212,203,107
231,215,119,213,204,113
231,215,127,213,205,119
231,215,135,214,205,125
231,215,143,214,205,132
231,215,151,214,205,139
231,215,159,214,205,145
231,215,167,214,205,152
231,215,175,214,205,159
231,215,183,214,205,167
231,215,191,214,205,174
231,215,199,214,205,183
231,215,207,215,206,194
231,215,215,215,206,206
231,215,223,214,204,218
231,215,231,211,199,230
231,215,239,207,194,241
231,215,247,201,187,248
231,215,255,196,181,253
231,223,0,195,191,41
231,223,7,196,192,43
231,223,15,197,193,46
231,223,23,197,194,50
231,223,31,198,196,55
231,223,39,200,197,62
231,223,47,201,199,65
231,223,55,202,201,69
231,223,63,203,203,74
231,223,71,205,205,79
231,223,79,206,207,84
231,223,87,207,210,89
231,223,95,209,212,95
231,223,103,210,213,101
231,223,111,211,214,107
231,223,119,212,215,113
231,223,127,213,216,119
231,223,135,214,216,126
231,223,143,214,216,132
231,223,151,215,216,139
231,223,159,215,216,146
231,223,167,215,216,152
231,223,175,215,216,159
231,223,183,215,217,167
231,223,191,215,217,174
231,223,199,216,217,183
231,223,207,217,218,193
231,223,215,218,219,204
231,223,223,217,218,216
231,223,231,215,215,228
231,223,239,211,209,239
231,223,247,206,203,248
231,223,255,203,198,253
231,231,0,193,202,41
231,231,7,194,202,43
231,231,15,194,203,46
231,231,23,195,204,49
231,231,31,196,206,54
231,231,39,197,207,60
231,231,47,199,210,66
231,231,55,200,211,70
231,231,63,201,213,74
231,231,71,203,216,79
231,231,79,204,218,84
231,231,87,206,220,89
231,231,95,207,222,95
231,231,103,209,223,101
231,231,111,211,224,107
231,231,119,212,226,113
231,231,127,213,226,120
231,231,135,214,227,126
231,231,143,215,227,133
231,231,151,215,227,139
231,231,159,215,227,146
231,231,167,216,227,153
231,231,175,216,228,160
231,231,183,216,228,167
231,231,191,216,228,175
231,231,199,217,229,183
231,231,207,218,230,193
231,231,215,219,231,203
231,231,223,220,231,214
231,231,231,218,229,226
231,231,239,215,224,237
231,231,247,211,219,247
231,231,255,208,214,252
231,239,0,190,212,42
231,239,7,191,213,44
231,239,15,191,213,46
231,239,23,192,214,49
231,239,31,193,216,53
231,239,39,194,217,58
231,239,47,196,219,64
231,239,55,198,222,70
231,239,63,199,223,74
231,239,71,201,225,79
231,239,79,202,227,84
231,239,87,204,229,89
231,239,95,206,231,95
231,239,103,208,233,101
231,239,111,210,234,107
231,239,119,211,235,114
231,239,127,213,236,120
231,239,135,214,236,127
231,239,143,215,237,133
231,239,151,216,237,140
231,239,159,216,238,147
231,239,167,217,238,153
231,239,175,217,238,160
231,239,183,217,238,168
231,239,191,217,239,175
231,239,199,218,240,184
231,239,207,219,241,193
231,239,215,220,242,203
231,239,223,221,242,213
231,239,231,220,241,224
231,239,239,218,238,235
231,239,247,214,233,246
231,239,255,212,229,254
231,247,0,187,222,44
231,247,7,187,223,46
231,247,15,188,223,48
231,247,23,189,224,50
231,247,31,190,225,53
231,247,39,191,227,58
231,247,47,192,229,62
231,247,55,194,231,68
231,247,63,196,233,74
231,247,71,198,235,78
231,247,79,199,237,83
231,247,87,201,239,88
231,247,95,203,240,94
231,247,103,206,242,101
231,247,111,208,243,107
231,247,119,210,244,114
231,247,127,212,245,120
231,247,135,213,245,127
231,247,143,215,246,134
231,247,151,216,246,141
231,247,159,217,247,147
231,247,167,217,247,154
231,247,175,218,247,161
231,247,183,218,248,168
231,247,191,218,248,176
231,247,199,219,248,184
231,247,207,220,249,193
231,247,215,221,250,202
231,247,223,221,250,212
231,247,231,220,250,222
231,247,239,219,248,233
231,247,247,217,244,245
231,247,255,214,240,252
231,255,0,184,232,43
231,255,7,184,233,45
231,255,15,185,233,47
231,255,23,186,234,50
231,255,31,187,235,53
231,255,39,188,237,56
231,255,47,189,238,61
231,255,55,191,240,65
231,255,63,193,242,71
231,255,71,195,244,76
231,255,79,196,245,80
231,255,87,199,247,85
231,255,95,201,249,91
231,255,103,203,250,99
231,255,111,206,252,107
231,255,119,208,252,114
231,255,127,210,252,121
231,255,135,212,252,127
231,255,143,214,252,134
231,255,151,215,253,141
231,255,159,216,253,147
231,255,167,217,254,154
231,255,175,218,255,161
231,255,183,218,255,169
231,255,191,219,255,176
231,255,199,219,255,184
231,255,207,220,254,192
231,255,215,221,254,201
231,255,223,221,254,211
231,255,231,222,254,221
231,255,239,221,254,232
231,255,247,220,253,243
231,255,255,218,251,252
239,0,0,209,3,27
239,0,7,211,3,32
239,0,15,212,4,37
239,0,23,214,4,43
239,0,31,217,5,50
239,0,39,219,6,56
239,0,47,220,6,62
239,0,55,222,7,68
239,0,63,223,7,76
239,0,71,224,7,85
239,0,79,225,7,95
239,0,87,226,7,106
239,0,95,226,6,118
239,0,103,226,6,131
239,0,111,226,6,145
239,0,119,225,7,160
239,0,127,223,9,175
239,0,135,221,11,190
239,0,143,217,14,204
239,0,151,213,18,216
239,0,159,209,22,226
239,0,167,205,26,233
239,0,175,201,29,238
239,0,183,197,33,241
239,0,191,194,36,243
239,0,199,191,40,245
239,0,207,188,42,246
239,0,215,186,45,248
239,0,223,185,47,249
239,0,231,183,49,250
239,0,239,183,50,252
239,0,247,183,50,253
239,0,255,183,49,254
239,7,0,209,3,27
239,7,7,211,4,32
239,7,15,212,4,37
239,7,23,214,5,43
239,7,31,217,6,50
239,7,39,219,7,56
239,7,47,220,8,62
239,7,55,222,8,68
239,7,63,223,8,75
239,7,71,224,8,84
239,7,79,225,8,94
239,7,87,226,8,105
239,7,95,226,8,117
239,7,103,226,8,130
239,7,111,226,8,144
239,7,119,225,9,158
239,7,127,223,10,174
239,7,135,221,12,189
239,7,143,218,16,203
239,7,151,214,20,215
239,7,159,210,24,225
239,7,167,205,28,232
239,7,175,201,31,237
239,7,183,197,35,240
239,7,191,194,39,243
239,7,199,191,42,244
239,7,207,188,45,246
239,7,215,186,47,248
239,7,223,185,49,249
239,7,231,184,51,250
239,7,239,183,52,252
239,7,247,183,52,253
239,7,255,183,51,254
239,15,0,209,4,27
239,15,7,211,5,32
239,15,15,212,6,37
239,15,23,214,6,43
239,15,31,217,8,49
239,15,39,219,9,56
239,15,47,220,9,62
239,15,55,222,10,68
239,15,63,223,10,75
239,15,71,224,10,84
239,15,79,225,10,94
239,15,87,226,10,104
239,15,95,226,10,115
239,15,103,226,10,128
239,15,111,226,10,142
239,15,119,225,11,157
239,15,127,223,12,172
239,15,135,221,14,187
239,15,143,218,17,201
239,15,151,215,22,213
239,15,159,211,26,223
239,15,167,206,30,231
239,15,175,201,34,236
239,15,183,197,38,240
239,15,191,194,41,242
239,15,199,191,44,244
239,15,207,189,47,246
239,15,215,187,50,247
239,15,223,185,51,249
239,15,231,184,53,250
239,15,239,184,54,252
239,15,247,183,54,253
239,15,255,183,54,254
239,23,0,209,5,27
239,23,7,211,6,32
239,23,15,213,7,37
239,23,23,214,8,43
239,23,31,217,10,49
239,23,39,219,11,56
239,23,47,220,12,61
239,23,55,222,12,68
239,23,63,223,12,75
239,23,71,224,13,83
239,23,79,225,13,93
239,23,87,225,13,103
239,23,95,226,13,114
239,23,103,226,13,126
239,23,111,225,13,140
239,23,119,224,14,154
239,23,127,223,15,169
239,23,135,221,17,184
239,23,143,219,20,198
239,23,151,215,24,211
239,23,159,211,29,221
239,23,167,206,33,229
239,23,175,202,38,235
239,23,183,198,41,239
239,23,191,194,45,242
239,23,199,191,48,244
239,23,207,189,50,246
239,23,215,187,53,247
239,23,223,185,54,249
239,23,231,184,56,250
239,23,239,184,56,252
239,23,247,184,57,253
239,23,255,183,57,254
239,31,0,209,7,27
239,31,7,211,8,32
239,31,15,213,10,37
239,31,23,214,11,43
239,31,31,217,13,49
239,31,39,219,14,55
239,31,47,220,15,61
239,31,55,222,16,67
239,31,63,223,16,74
239,31,71,224,17,82
239,31,79,225,17,91
239,31,87,225,17,101
239,31,95,225,17,112
239,31,103,226,17,124
239,31,111,225,17,137
239,31,119,224,18,151
239,31,127,223,19,165
239,31,135,221,22,180
239,31,143,219,24,195
239,31,151,216,28,208
239,31,159,212,32,219
239,31,167,207,37,227
239,31,175,203,42,234
239,31,183,198,46,238
239,31,191,194,49,241
239,31,199,191,52,244
239,31,207,189,55,246
239,31,215,187,57,247
239,31,223,185,58,249
239,31,231,185,59,250
239,31,239,184,59,251
239,31,247,184,60,253
239,31,255,184,60,254
239,39,0,209,10,27
239,39,7,211,12,32
239,39,15,213,13,37
239,39,23,214,15,42
239,39,31,217,17,49
239,39,39,219,19,55
239,39,47,220,20,61
239,39,55,221,21,67
239,39,63,222,21,73
239,39,71,223,22,81
239,39,79,224,22,90
239,39,87,225,22,99
239,39,95,225,22,110
239,39,103,225,22,121
239,39,111,225,23,134
239,39,119,224,23,147
239,39,127,223,25,161
239,39,135,222,27,176
239,39,143,220,29,191
239,39,151,217,32,204
239,39,159,213,36,216
239,39,167,208,41,225
239,39,175,203,46,233
239,39,183,199,50,237
239,39,191,194,55,240
239,39,199,191,58,243
239,39,207,189,59,245
239,39,215,187,61,247
239,39,223,185,62,249
239,39,231,185,63,250
239,39,239,184,63,251
239,39,247,184,63,253
239,39,255,184,63,254
239,47,0,209,15,27
239,47,7,211,16,32
239,47,15,213,18,37
239,47,23,214,20,42
239,47,31,216,22,48
239,47,39,218,25,55
239,47,47,220,26,60
239,47,55,221,28,66
239,47,63,222,28,73
239,47,71,223,29,80
239,47,79,224,29,88
239,47,87,224,29,97
239,47,95,225,29,107
239,47,103,225,29,118
239,47,111,225,29,130
239,47,119,224,30,143
239,47,127,223,31,157
239,47,135,222,32,171
239,47,143,220,34,186
239,47,151,217,37,200
239,47,159,213,41,212
239,47,167,209,45,223
239,47,175,204,49,231
239,47,183,199,54,236
239,47,191,195,58,240
239,47,199,192,61,243
239,47,207,189,64,245
239,47,215,187,66,247
239,47,223,185,67,249
239,47,231,184,67,250
239,47,239,184,68,251
239,47,247,184,67,252
239,47,255,184,67,253
239,55,0,209,21,27
239,55,7,211,22,32
239,55,15,213,24,37
239,55,23,214,26,42
239,55,31,216,28,48
239,55,39,218,31,55
239,55,47,219,32,60
239,55,55,220,34,66
239,55,63,221,35,72
239,55,71,222,36,79
239,55,79,223,36,87
239,55,87,223,37,95
239,55,95,224,37,105
239,55,103,224,37,115
239,55,111,224,37,126
239,55,119,224,37,138
239,55,127,223,38,151
239,55,135,222,39,166
239,55,143,220,41,181
239,55,151,218,43,196
239,55,159,214,46,209
239,55,167,210,49,220
239,55,175,205,53,229
239,55,183,200,57,235
239,55,191,196,61,240
239,55,199,193,64,243
239,55,207,190,67,245
239,55,215,187,69,247
239,55,223,185,71,249
239,55,231,184,72,250
239,55,239,183,72,252
239,55,247,183,72,252
239,55,255,184,71,253
239,63,0,209,28,27
239,63,7,211,29,32
239,63,15,212,31,37
239,63,23,214,33,42
239,63,31,215,35,48
239,63,39,217,38,54
239,63,47,218,39,60
239,63,55,219,41,66
239,63,63,220,42,72
239,63,71,221,43,78
239,63,79,221,44,86
239,63,87,222,44,94
239,63,95,223,44,103
239,63,103,223,44,112
239,63,111,223,44,123
239,63,119,223,44,134
239,63,127,222,45,147
239,63,135,221,46,160
239,63,143,220,47,175
239,63,151,218,49,190
239,63,159,215,51,205
239,63,167,211,54,217
239,63,175,206,57,226
239,63,183,201,61,234
239,63,191,197,64,239
239,63,199,193,67,242
239,63,207,190,70,245
239,63,215,187,72,247
239,63,223,185,74,249
239,63,231,184,75,251
239,63,239,183,76,252
239,63,247,182,76,252
239,63,255,183,75,253
239,71,0,209,35,27
239,71,7,211,37,32
239,71,15,212,38,37
239,71,23,213,41,42
239,71,31,215,43,48
239,71,39,216,45,54
239,71,47,217,47,60
239,71,55,218,48,65
239,71,63,218,50,71
239,71,71,219,51,78
239,71,79,220,51,85
239,71,87,221,52,92
239,71,95,221,52,101
239,71,103,221,52,110
239,71,111,222,52,120
239,71,119,222,52,131
239,71,127,221,52,142
239,71,135,221,52,155
239,71,143,220,53,170
239,71,151,219,54,185
239,71,159,216,56,200
239,71,167,212,59,213
239,71,175,207,62,224
239,71,183,202,65,233
239,71,191,197,68,238
239,71,199,193,71,242
239,71,207,190,73,245
239,71,215,187,75,247
239,71,223,186,76,250
239,71,231,184,77,251
239,71,239,184,78,252
239,71,247,183,78,253
239,71,255,183,78,253
239,79,0,210,43,27
239,79,7,211,44,31
239,79,15,212,46,36
239,79,23,213,48,43
239,79,31,214,50,48
239,79,39,215,52,54
239,79,47,216,54,60
239,79,55,217,56,65
239,79,63,217,57,71
239,79,71,218,58,77
239,79,79,218,59,84
239,79,87,219,60,91
239,79,95,220,60,99
239,79,103,220,60,107
239,79,111,220,60,117
239,79,119,220,60,127
239,79,127,220,59,138
239,79,135,220,60,150
239,79,143,220,60,164
239,79,151,219,61,179
239,79,159,217,62,194
239,79,167,213,64,209
239,79,175,209,66,221
239,79,183,204,69,231
239,79,191,198,71,237
239,79,199,194,74,242
239,79,207,190,76,245
239,79,215,187,78,248
239,79,223,185,79,250
239,79,231,184,80,252
239,79,239,183,81,252
239,79,247,183,81,253
239,79,255,183,80,253
239,87,0,210,51,28
239,87,7,211,52,32
239,87,15,212,54,36
239,87,23,213,56,42
239,87,31,214,58,48
239,87,39,215,60,54
239,87,47,216,62,60
239,87,55,216,63,65
239,87,63,217,65,71
239,87,71,217,66,76
239,87,79,218,67,83
239,87,87,218,67,90
239,87,95,219,67,97
239,87,103,219,68,105
239,87,111,219,68,114
239,87,119,219,67,123
239,87,127,219,67,134
239,87,135,219,67,145
239,87,143,219,68,158
239,87,151,218,68,172
239,87,159,217,69,188
239,87,167,214,70,203
239,87,175,211,71,217
239,87,183,206,73,228
239,87,191,201,75,236
239,87,199,195,77,241
239,87,207,191,79,245
239,87,215,188,81,248
239,87,223,185,82,250
239,87,231,183,83,252
239,87,239,182,83,253
239,87,247,182,84,253
239,87,255,182,83,253
239,95,0,210,60,28
239,95,7,211,61,32
239,95,15,212,62,36
239,95,23,213,64,42
239,95,31,214,66,48
239,95,39,215,68,54
239,95,47,215,70,60
239,95,55,216,71,65
239,95,63,216,72,70
239,95,71,217,73,76
239,95,79,217,74,82
239,95,87,217,75,89
239,95,95,218,75,96
239,95,103,218,75,104
239,95,111,218,75,112
239,95,119,218,75,121
239,95,127,218,75,130
239,95,135,218,75,141
239,95,143,218,75,153
239,95,151,218,75,166
239,95,159,217,75,181
239,95,167,216,76,197
239,95,175,212,77,212
239,95,183,207,79,224
239,95,191,202,80,234
239,95,199,197,82,240
239,95,207,192,83,245
239,95,215,189,84,248
239,95,223,186,86,250
239,95,231,184,86,252
239,95,239,182,87,253
239,95,247,181,87,253
239,95,255,180,86,253
239,103,0,211,68,28
239,103,7,211,69,32
239,103,15,212,70,36
239,103,23,213,72,42
239,103,31,214,74,49
239,103,39,215,75,54
239,103,47,215,77,60
239,103,55,216,79,65
239,103,63,216,80,70
239,103,71,216,81,76
239,103,79,217,82,82
239,103,87,217,82,88
239,103,95,217,83,95
239,103,103,218,83,102
239,103,111,218,83,110
239,103,119,218,83,118
239,103,127,218,83,127
239,103,135,217,83,137
239,103,143,217,82,148
239,103,151,217,82,160
239,103,159,217,82,174
239,103,167,216,83,190
239,103,175,214,83,205
239,103,183,210,84,220
239,103,191,204,85,230
239,103,199,199,86,239
239,103,207,193,87,245
239,103,215,189,88,248
239,103,223,186,89,251
239,103,231,184,90,252
239,103,239,182,90,253
239,103,247,181,90,254
239,103,255,180,90,253
239,111,0,211,77,29
239,111,7,212,78,32
239,111,15,212,78,36
239,111,23,213,80,42
239,111,31,214,82,49
239,111,39,215,83,54
239,111,47,215,85,60
239,111,55,216,86,66
239,111,63,216,87,71
239,111,71,216,88,76
239,111,79,217,89,81
239,111,87,217,90,87
239,111,95,217,90,94
239,111,103,217,91,101
239,111,111,217,91,108
239,111,119,217,91,116
239,111,127,217,90,124
239,111,135,217,90,133
239,111,143,217,90,143
239,111,151,217,90,155
239,111,159,217,90,168
239,111,167,217,90,183
239,111,175,215,90,199
239,111,183,212,90,214
239,111,191,207,91,226
239,111,199,201,91,237
239,111,207,196,92,244
239,111,215,190,93,249
239,111,223,187,93,251
239,111,231,184,94,253
239,111,239,182,94,254
239,111,247,181,94,254
239,111,255,179,94,253
239,119,0,212,85,30
239,119,7,212,86,33
239,119,15,213,87,37
239,119,23,213,88,42
239,119,31,214,89,48
239,119,39,215,91,55
239,119,47,215,92,60
239,119,55,216,94,66
239,119,63,216,95,71
239,119,71,217,96,76
239,119,79,217,96,81
239,119,87,217,97,87
239,119,95,217,98,93
239,119,103,217,98,100
239,119,111,217,98,107
239,119,119,217,98,114
239,119,127,217,98,122
239,119,135,217,98,131
239,119,143,216,97,140
239,119,151,216,97,151
239,119,159,216,97,163
239,119,167,216,96,177
239,119,175,215,97,193
239,119,183,213,97,208
239,119,191,209,97,222
239,119,199,203,97,233
239,119,207,198,97,242
239,119,215,192,97,247
239,119,223,188,97,251
239,119,231,185,98,253
239,119,239,183,98,254
239,119,247,182,98,254
239,119,255,180,98,254
239,127,0,212,94,31
239,127,7,213,95,34
239,127,15,213,95,38
239,127,23,214,96,42
239,127,31,214,97,48
239,127,39,215,99,55
239,127,47,216,100,61
239,127,55,216,101,66
239,127,63,217,102,71
239,127,71,217,103,76
239,127,79,217,104,81
239,127,87,217,104,87
239,127,95,217,105,93
239,127,103,217,105,99
239,127,111,217,105,106
239,127,119,217,105,113
239,127,127,217,105,121
239,127,135,217,105,129
239,127,143,216,104,138
239,127,151,216,104,147
239,127,159,216,104,158
239,127,167,216,104,171
239,127,175,215,103,186
239,127,183,214,103,202
239,127,191,211,103,217
239,127,199,207,103,230
239,127,207,201,103,239
239,127,215,195,102,246
239,127,223,189,102,250
239,127,231,185,102,252
239,127,239,182,102,254
239,127,247,180,101,254
239,127,255,179,101,254
239,135,0,213,102,32
239,135,7,213,103,36
239,135,15,214,104,39
239,135,23,214,104,43
239,135,31,215,105,48
239,135,39,215,106,55
239,135,47,216,108,61
239,135,55,216,108,66
239,135,63,217,109,71
239,135,71,217,110,77
239,135,79,217,111,82
239,135,87,218,111,87
239,135,95,218,112,93
239,135,103,218,112,99
239,135,111,218,112,105
239,135,119,217,112,112
239,135,127,217,112,120
239,135,135,217,112,127
239,135,143,216,111,136
239,135,151,216,111,145
239,135,159,216,111,155
239,135,167,215,110,166
239,135,175,215,110,180
239,135,183,214,110,196
239,135,191,212,110,211
239,135,199,209,109,226
239,135,207,203,109,236
239,135,215,197,108,245
239,135,223,192,107,249
239,135,231,187,106,252
239,135,239,183,106,254
239,135,247,180,105,254
239,135,255,176,105,254
239,143,0,213,111,33
239,143,7,213,111,36
239,143,15,214,112,41
239,143,23,214,112,44
239,143,31,215,113,49
239,143,39,215,114,55
239,143,47,216,115,61
239,143,55,217,116,67
239,143,63,217,117,72
239,143,71,217,118,77
239,143,79,218,118,82
239,143,87,218,119,87
239,143,95,218,119,93
239,143,103,218,119,99
239,143,111,218,119,105
239,143,119,218,119,112
239,143,127,217,119,119
239,143,135,217,119,126
239,143,143,216,119,134
239,143,151,216,118,142
239,143,159,215,118,152
239,143,167,215,118,162
239,143,175,215,118,175
239,143,183,215,117,190
239,143,191,214,117,206
239,143,199,210,116,221
239,143,207,206,115,233
239,143,215,200,114,242
239,143,223,193,113,248
239,143,231,188,111,252
239,143,239,184,110,253
239,143,247,180,109,254
239,143,255,176,108,254
239,151,0,213,118,34
239,151,7,213,119,37
239,151,15,214,119,41
239,151,23,214,120,46
239,151,31,215,121,50
239,151,39,215,122,55
239,151,47,216,123,61
239,151,55,217,124,67
239,151,63,217,124,72
239,151,71,217,125,77
239,151,79,218,125,82
239,151,87,218,126,88
239,151,95,218,126,93
239,151,103,218,126,99
239,151,111,218,127,105
239,151,119,218,127,112
239,151,127,217,126,118
239,151,135,217,126,126
239,151,143,216,126,133
239,151,151,216,126,141
239,151,159,215,125,149
239,151,167,215,125,159
239,151,175,215,125,171
239,151,183,215,125,184
239,151,191,214,125,199
239,151,199,212,124,214
239,151,207,208,123,228
239,151,215,203,121,239
239,151,223,196,119,246
239,151,231,190,117,250
239,151,239,185,115,253
239,151,247,180,114,254
239,151,255,175,112,254
239,159,0,212,126,34
239,159,7,213,126,37
239,159,15,213,127,41
239,159,23,214,128,46
239,159,31,215,128,52
239,159,39,215,129,56
239,159,47,216,130,61
239,159,55,217,131,67
239,159,63,217,132,72
239,159,71,218,132,78
239,159,79,218,133,83
239,159,87,218,133,88
239,159,95,218,134,94
239,159,103,218,134,99
239,159,111,218,134,105
239,159,119,218,134,112
239,159,127,218,134,118
239,159,135,217,134,125
239,159,143,217,134,132
239,159,151,216,133,140
239,159,159,215,133,148
239,159,167,215,133,157
239,159,175,215,133,167
239,159,183,215,133,180
239,159,191,215,133,194
239,159,199,213,132,209
239,159,207,210,131,223
239,159,215,205,129,236
239,159,223,198,126,243
239,159,231,192,124,249
239,159,239,187,122,252
239,159,247,182,119,254
239,159,255,177,117,255
239,167,0,212,133,35
239,167,7,213,134,38
239,167,15,213,134,41
239,167,23,214,135,46
239,167,31,215,136,52
239,167,39,215,137,57
239,167,47,216,137,62
239,167,55,217,138,67
239,167,63,217,139,73
239,167,71,217,140,78
239,167,79,218,141,83
239,167,87,218,141,89
239,167,95,218,141,94
239,167,103,218,142,100
239,167,111,218,142,106
239,167,119,218,142,112
239,167,127,218,142,118
239,167,135,218,142,125
239,167,143,217,142,132
239,167,151,217,141,139
239,167,159,216,141,146
239,167,167,215,141,155
239,167,175,215,141,165
239,167,183,215,141,176
239,167,191,215,141,188
239,167,199,215,141,203
239,167,207,213,139,218
239,167,215,208,137,230
239,167,223,202,134,240
239,167,231,195,131,247
239,167,239,190,128,251
239,167,247,185,126,254
239,167,255,179,123,254
239,175,0,212,140,37
239,175,7,212,141,39
239,175,15,213,141,42
239,175,23,213,142,46
239,175,31,214,143,52
239,175,39,215,144,58
239,175,47,216,145,63
239,175,55,216,146,68
239,175,63,217,147,73
239,175,71,218,148,78
239,175,79,218,149,83
239,175,87,218,149,89
239,175,95,219,150,94
239,175,103,219,150,100
239,175,111,219,150,106
239,175,119,219,150,112
239,175,127,219,150,118
239,175,135,218,150,125
239,175,143,218,150,131
239,175,151,217,150,138
239,175,159,217,150,146
239,175,167,216,149,154
239,175,175,216,149,162
239,175,183,216,150,172
239,175,191,216,150,184
239,175,199,216,149,197
239,175,207,214,148,212
239,175,215,211,146,226
239,175,223,205,143,237
239,175,231,198,139,245
239,175,239,192,135,251
239,175,247,187,132,253
239,175,255,182,129,254
239,183,0,212,147,39
239,183,7,212,148,41
239,183,15,212,148,43
239,183,23,213,149,47
239,183,31,214,150,52
239,183,39,215,151,58
239,183,47,216,152,64
239,183,55,216,153,69
239,183,63,217,155,73
239,183,71,218,156,79
239,183,79,218,157,84
239,183,87,219,158,89
239,183,95,219,158,95
239,183,103,219,159,100
239,183,111,219,159,106
239,183,119,219,159,112
239,183,127,219,159,118
239,183,135,219,159,125
239,183,143,219,159,131
239,183,151,218,159,138
239,183,159,218,159,145
239,183,167,217,159,153
239,183,175,217,159,161
239,183,183,217,159,170
239,183,191,217,159,181
239,183,199,217,159,193
239,183,207,217,158,208
239,183,215,213,156,222
239,183,223,208,152,233
239,183,231,202,148,243
239,183,239,196,144,249
239,183,247,189,139,253
239,183,255,183,135,254
239,191,0,212,155,41
239,191,7,212,155,43
239,191,15,212,156,45
239,191,23,213,157,49
239,191,31,214,158,53
239,191,39,214,159,58
239,191,47,215,161,64
239,191,55,216,162,69
239,191,63,217,163,74
239,191,71,218,165,79
239,191,79,218,166,84
239,191,87,219,167,89
239,191,95,219,168,95
239,191,103,220,168,101
239,191,111,220,169,106
239,191,119,220,169,112
239,191,127,221,169,119
239,191,135,220,169,125
239,191,143,220,169,131
239,191,151,220,169,138
239,191,159,219,169,145
239,191,167,219,168,153
239,191,175,218,168,160
239,191,183,218,168,169
239,191,191,218,169,178
239,191,199,218,169,190
239,191,207,218,168,203
239,191,215,216,166,217
239,191,223,212,163,230
239,191,231,206,159,240
239,191,239,200,154,247
239,191,247,194,149,252
239,191,255,187,144,254
239,199,0,211,163,41
239,199,7,211,164,44
239,199,15,212,164,48
239,199,23,212,165,51
239,199,31,213,166,54
239,199,39,214,168,59
239,199,47,215,169,64
239,199,55,216,171,70
239,199,63,217,172,75
239,199,71,218,174,79
239,199,79,219,175,84
239,199,87,219,177,90
239,199,95,220,178,95
239,199,103,221,179,101
239,199,111,221,179,107
239,199,119,221,180,113
239,199,127,222,180,119
239,199,135,222,180,125
239,199,143,221,180,132
239,199,151,221,180,139
239,199,159,221,180,146
239,199,167,220,179,153
239,199,175,220,179,160
239,199,183,220,179,168
239,199,191,220,179,176
239,199,199,220,180,187
239,199,207,220,179,199
239,199,215,219,178,213
239,199,223,215,175,226
239,199,231,211,171,238
239,199,239,204,165,246
239,199,247,198,159,251
239,199,255,192,154,254
239,207,0,210,172,41
239,207,7,210,172,44
239,207,15,211,173,48
239,207,23,212,174,52
239,207,31,213,175,57
239,207,39,213,177,60
239,207,47,214,178,65
239,207,55,215,180,70
239,207,63,216,182,75
239,207,71,217,184,80
239,207,79,218,185,85
239,207,87,219,187,90
239,207,95,220,188,96
239,207,103,221,190,101
239,207,111,221,191,107
239,207,119,222,191,113
239,207,127,222,192,119
239,207,135,223,192,126
239,207,143,223,192,132
239,207,151,223,192,139
239,207,159,222,191,146
239,207,167,222,191,153
239,207,175,222,191,160
239,207,183,221,191,167
239,207,191,221,191,176
239,207,199,222,192,185
239,207,207,222,192,197
239,207,215,222,191,210
239,207,223,220,188,223
239,207,231,215,184,235
239,207,239,209,178,244
239,207,247,203,172,251
239,207,255,197,166,254
239,215,0,209,180,41
239,215,7,210,180,44
239,215,15,210,181,47
239,215,23,211,183,52
239,215,31,212,184,57
239,215,39,213,186,62
239,215,47,214,188,66
239,215,55,215,190,70
239,215,63,216,192,75
239,215,71,217,194,80
239,215,79,218,196,85
239,215,87,219,198,90
239,215,95,220,199,96
239,215,103,221,201,102
239,215,111,222,202,108
239,215,119,223,203,114
239,215,127,224,203,120
239,215,135,224,203,126
239,215,143,224,203,133
239,215,151,224,203,139
239,215,159,224,203,146
239,215,167,223,203,153
239,215,175,223,203,160
239,215,183,223,203,168
239,215,191,223,204,175
239,215,199,224,204,184
239,215,207,224,204,195
239,215,215,225,204,207
239,215,223,223,203,219
239,215,231,220,199,232
239,215,239,215,193,242
239,215,247,209,187,249
239,215,255,204,181,254
239,223,0,207,189,42
239,223,7,208,190,45
239,223,15,208,191,47
239,223,23,209,192,51
239,223,31,210,194,56
239,223,39,212,196,62
239,223,47,213,197,67
239,223,55,214,199,71
239,223,63,215,201,75
239,223,71,216,204,80
239,223,79,217,206,85
239,223,87,219,208,91
239,223,95,220,210,96
239,223,103,221,211,102
239,223,111,222,212,108
239,223,119,223,213,114
239,223,127,224,214,120
239,223,135,225,214,127
239,223,143,225,215,133
239,223,151,225,215,140
239,223,159,225,215,147
239,223,167,225,215,154
239,223,175,225,215,161
239,223,183,225,215,168
239,223,191,225,215,176
239,223,199,225,216,184
239,223,207,227,217,195
239,223,215,227,217,206
239,223,223,227,216,217
239,223,231,224,213,229
239,223,239,220,208,240
239,223,247,214,201,249
239,223,255,211,197,253
239,231,0,205,199,44
239,231,7,206,200,46
239,231,15,206,201,48
239,231,23,207,202,51
239,231,31,208,203,56
239,231,39,209,205,61
239,231,47,211,207,67
239,231,55,212,209,72
239,231,63,213,211,76
239,231,71,215,214,80
239,231,79,216,216,85
239,231,87,218,218,91
239,231,95,219,220,96
239,231,103,220,221,102
239,231,111,221,223,108
239,231,119,223,224,114
239,231,127,224,224,121
239,231,135,225,225,127
239,231,143,226,225,134
239,231,151,226,225,141
239,231,159,226,225,147
239,231,167,226,226,154
239,231,175,226,226,161
239,231,183,226,226,168
239,231,191,227,227,176
239,231,199,227,227,185
239,231,207,228,228,194
239,231,215,229,229,205
239,231,223,229,229,216
239,231,231,228,227,227
239,231,239,224,222,238
239,231,247,220,218,247
239,231,255,217,213,253
239,239,0,203,210,46
239,239,7,204,210,47
239,239,15,204,211,49
239,239,23,205,212,52
239,239,31,206,213,56
239,239,39,207,215,60
239,239,47,209,217,66
239,239,55,210,220,72
239,239,63,212,222,76
239,239,71,213,223,81
239,239,79,215,226,85
239,239,87,216,228,91
239,239,95,218,229,96
239,239,103,220,231,102
239,239,111,221,232,109
239,239,119,223,233,115
239,239,127,224,234,121
239,239,135,225,235,128
239,239,143,226,235,135
239,239,151,227,235,141
239,239,159,227,236,148
239,239,167,227,236,155
239,239,175,227,237,162
239,239,183,228,237,169
239,239,191,228,237,177
239,239,199,229,238,185
239,239,207,230,239,195
239,239,215,231,240,204
239,239,223,231,240,215
239,239,231,230,240,225
239,239,239,228,237,236
239,239,247,223,231,247
239,239,255,221,228,253
239,247,0,200,220,46
239,247,7,201,221,49
239,247,15,201,221,51
239,247,23,202,222,53
239,247,31,203,224,56
239,247,39,204,225,60
239,247,47,206,227,65
239,247,55,207,229,70
239,247,63,209,231,76
239,247,71,211,233,80
239,247,79,212,235,85
239,247,87,214,237,90
239,247,95,216,238,96
239,247,103,218,240,102
239,247,111,220,241,109
239,247,119,222,242,115
239,247,127,223,243,122
239,247,135,225,244,129
239,247,143,226,244,135
239,247,151,228,244,142
239,247,159,228,245,149
239,247,167,229,245,156
239,247,175,229,246,163
239,247,183,229,246,170
239,247,191,230,247,178
239,247,199,230,247,186
239,247,207,231,248,195
239,247,215,232,249,204
239,247,223,232,249,214
239,247,231,232,249,224
239,247,239,230,247,235
239,247,247,227,243,246
239,247,255,223,238,254
239,255,0,196,230,45
239,255,7,197,230,47
239,255,15,197,231,49
239,255,23,198,232,53
239,255,31,199,234,57
239,255,39,201,235,60
239,255,47,202,237,64
239,255,55,204,238,68
239,255,63,206,240,73
239,255,71,207,243,78
239,255,79,209,244,83
239,255,87,211,246,88
239,255,95,213,247,93
239,255,103,216,249,101
239,255,111,218,250,108
239,255,119,220,251,116
239,255,127,222,251,122
239,255,135,224,251,129
239,255,143,226,251,136
239,255,151,227,251,143
239,255,159,228,252,150
239,255,167,229,253,156
239,255,175,229,253,163
239,255,183,230,253,171
239,255,191,230,253,179
239,255,199,231,253,187
239,255,207,232,253,195
239,255,215,233,254,204
239,255,223,233,254,213
239,255,231,233,254,223
239,255,239,233,254,233
239,255,247,231,253,244
239,255,255,229,251,252
247,0,0,217,2,28
247,0,7,219,2,33
247,0,15,221,2,38
247,0,23,223,3,43
247,0,31,225,3,49
247,0,39,227,4,56
247,0,47,229,4,62
247,0,55,230,5,68
247,0,63,231,4,75
247,0,71,232,4,83
247,0,79,233,5,93
247,0,87,234,5,104
247,0,95,234,5,115
247,0,103,234,6,128
247,0,111,234,7,142
247,0,119,233,9,157
247,0,127,231,11,172
247,0,135,229,13,188
247,0,143,227,15,202
247,0,151,225,18,215
247,0,159,221,21,225
247,0,167,218,25,233
247,0,175,214,29,239
247,0,183,211,33,242
247,0,191,209,37,244
247,0,199,206,41,245
247,0,207,205,44,247
247,0,215,203,46,248
247,0,223,202,49,249
247,0,231,202,51,250
247,0,239,202,51,251
247,0,247,203,50,253
247,0,255,203,49,254
247,7,0,217,2,28
247,7,7,219,3,32
247,7,15,221,3,38
247,7,23,223,4,43
247,7,31,225,4,49
247,7,39,227,5,56
247,7,47,229,6,62
247,7,55,230,6,68
247,7,63,231,6,75
247,7,71,232,6,83
247,7,79,233,6,93
247,7,87,234,7,103
247,7,95,234,7,114
247,7,103,235,7,127
247,7,111,234,8,141
247,7,119,233,10,156
247,7,127,232,12,171
247,7,135,230,14,186
247,7,143,228,16,200
247,7,151,225,19,213
247,7,159,222,23,224
247,7,167,218,27,232
247,7,175,214,31,238
247,7,183,211,35,241
247,7,191,209,39,244
247,7,199,207,42,245
247,7,207,205,45,247
247,7,215,203,48,248
247,7,223,202,50,249
247,7,231,202,53,250
247,7,239,202,53,251
247,7,247,203,52,253
247,7,255,203,51,254
247,15,0,217,3,28
247,15,7,219,4,32
247,15,15,221,4,38
247,15,23,223,5,43
247,15,31,225,6,49
247,15,39,227,7,56
247,15,47,229,8,62
247,15,55,230,8,67
247,15,63,231,9,74
247,15,71,232,9,82
247,15,79,233,9,92
247,15,87,234,9,102
247,15,95,234,9,113
247,15,103,235,9,126
247,15,111,234,10,139
247,15,119,234,11,154
247,15,127,232,13,169
247,15,135,230,16,184
247,15,143,228,18,199
247,15,151,226,21,212
247,15,159,222,25,222
247,15,167,218,29,231
247,15,175,215,33,237
247,15,183,211,37,241
247,15,191,209,41,243
247,15,199,207,44,245
247,15,207,205,47,246
247,15,215,204,50,248
247,15,223,203,52,249
247,15,231,202,54,250
247,15,239,202,56,251
247,15,247,202,55,252
247,15,255,203,54,254
247,23,0,217,5,28
247,23,7,219,6,32
247,23,15,221,6,38
247,23,23,223,7,43
247,23,31,225,9,49
247,23,39,227,10,56
247,23,47,229,11,61
247,23,55,230,12,67
247,23,63,231,12,74
247,23,71,232,12,82
247,23,79,233,12,91
247,23,87,234,13,101
247,23,95,234,13,112
247,23,103,234,13,124
247,23,111,234,13,137
247,23,119,234,14,151
247,23,127,233,16,166
247,23,135,231,19,181
247,23,143,229,21,196
247,23,151,226,24,209
247,23,159,223,28,220
247,23,167,219,32,229
247,23,175,215,36,236
247,23,183,212,40,240
247,23,191,209,44,243
247,23,199,207,47,245
247,23,207,205,50,246
247,23,215,204,53,248
247,23,223,203,55,249
247,23,231,202,57,250
247,23,239,202,59,251
247,23,247,202,59,252
247,23,255,202,58,253
247,31,0,217,7,28
247,31,7,219,8,32
247,31,15,221,9,37
247,31,23,223,11,43
247,31,31,225,12,49
247,31,39,227,14,56
247,31,47,229,15,61
247,31,55,230,16,67
247,31,63,231,16,74
247,31,71,232,17,81
247,31,79,233,17,90
247,31,87,233,17,100
247,31,95,234,17,110
247,31,103,234,17,122
247,31,111,234,18,135
247,31,119,234,18,149
247,31,127,233,20,163
247,31,135,231,22,178
247,31,143,230,25,192
247,31,151,227,28,206
247,31,159,224,32,218
247,31,167,220,36,227
247,31,175,216,40,234
247,31,183,212,44,239
247,31,191,210,48,242
247,31,199,207,51,245
247,31,207,206,54,246
247,31,215,204,56,248
247,31,223,203,58,249
247,31,231,202,60,250
247,31,239,203,62,251
247,31,247,202,62,252
247,31,255,202,62,253
247,39,0,218,11,28
247,39,7,219,12,32
247,39,15,221,13,37
247,39,23,223,15,43
247,39,31,225,17,49
247,39,39,227,19,55
247,39,47,228,20,61
247,39,55,230,21,67
247,39,63,231,22,73
247,39,71,232,22,80
247,39,79,232,23,89
247,39,87,233,23,98
247,39,95,234,23,108
247,39,103,234,23,120
247,39,111,234,23,132
247,39,119,234,24,145
247,39,127,233,25,159
247,39,135,231,27,174
247,39,143,230,29,189
247,39,151,228,33,203
247,39,159,225,36,215
247,39,167,221,41,225
247,39,175,217,45,232
247,39,183,213,49,238
247,39,191,210,52,242
247,39,199,207,55,244
247,39,207,206,58,246
247,39,215,204,60,248
247,39,223,203,62,249
247,39,231,202,63,250
247,39,239,202,65,251
247,39,247,202,65,252
247,39,255,202,65,253
247,47,0,218,15,28
247,47,7,219,16,32
247,47,15,221,18,37
247,47,23,223,20,43
247,47,31,225,22,48
247,47,39,227,24,55
247,47,47,228,26,61
247,47,55,229,27,66
247,47,63,230,28,72
247,47,71,231,29,79
247,47,79,232,29,87
247,47,87,233,29,97
247,47,95,233,29,106
247,47,103,233,29,117
247,47,111,233,29,129
247,47,119,233,30,141
247,47,127,233,31,155
247,47,135,232,32,169
247,47,143,230,34,184
247,47,151,228,37,199
247,47,159,225,40,212
247,47,167,222,44,223
247,47,175,218,49,231
247,47,183,214,53,237
247,47,191,210,57,241
247,47,199,208,60,244
247,47,207,205,62,246
247,47,215,204,64,248
247,47,223,202,66,249
247,47,231,202,67,250
247,47,239,202,68,251
247,47,247,202,68,252
247,47,255,202,68,252
247,55,0,218,20,28
247,55,7,220,22,32
247,55,15,221,24,37
247,55,23,223,26,43
247,55,31,225,28,48
247,55,39,227,31,54
247,55,47,228,33,60
247,55,55,229,35,66
247,55,63,230,36,72
247,55,71,231,36,78
247,55,79,231,37,86
247,55,87,232,37,95
247,55,95,232,37,104
247,55,103,233,37,114
247,55,111,233,37,125
247,55,119,233,37,137
247,55,127,232,37,150
247,55,135,231,38,165
247,55,143,230,40,179
247,55,151,229,42,194
247,55,159,226,45,208
247,55,167,222,48,220
247,55,175,218,52,229
247,55,183,215,57,236
247,55,191,211,60,240
247,55,199,208,64,243
247,55,207,205,67,246
247,55,215,203,69,248
247,55,223,202,70,249
247,55,231,201,71,250
247,55,239,201,72,251
247,55,247,202,72,252
247,55,255,202,72,252
247,63,0,218,27,28
247,63,7,220,28,32
247,63,15,221,30,37
247,63,23,223,33,43
247,63,31,224,35,48
247,63,39,226,37,54
247,63,47,227,40,60
247,63,55,228,41,65
247,63,63,229,43,71
247,63,71,230,43,78
247,63,79,230,44,85
247,63,87,231,44,93
247,63,95,232,44,102
247,63,103,232,45,111
247,63,111,232,44,122
247,63,119,232,44,133
247,63,127,232,45,146
247,63,135,231,45,160
247,63,143,230,46,174
247,63,151,229,48,190
247,63,159,227,50,204
247,63,167,223,53,217
247,63,175,219,56,227
247,63,183,215,60,235
247,63,191,211,64,239
247,63,199,208,67,243
247,63,207,205,70,246
247,63,215,203,72,248
247,63,223,201,74,249
247,63,231,201,75,251
247,63,239,200,76,251
247,63,247,201,76,252
247,63,255,201,75,252
247,71,0,219,34,28
247,71,7,220,35,32
247,71,15,221,37,36
247,71,23,223,39,42
247,71,31,224,42,48
247,71,39,225,44,54
247,71,47,227,46,60
247,71,55,227,48,65
247,71,63,228,50,71
247,71,71,229,50,77
247,71,79,229,51,84
247,71,87,230,51,92
247,71,95,230,52,100
247,71,103,231,52,109
247,71,111,231,52,119
247,71,119,231,52,130
247,71,127,231,52,142
247,71,135,231,52,155
247,71,143,230,53,169
247,71,151,229,54,184
247,71,159,227,56,200
247,71,167,224,58,213
247,71,175,220,60,225
247,71,183,216,64,233
247,71,191,212,67,239
247,71,199,208,70,243
247,71,207,205,73,246
247,71,215,203,75,248
247,71,223,201,77,250
247,71,231,201,78,251
247,71,239,200,79,252
247,71,247,199,79,252
247,71,255,199,79,253
247,79,0,219,42,28
247,79,7,220,43,32
247,79,15,221,45,36
247,79,23,222,47,42
247,79,31,224,49,48
247,79,39,225,51,54
247,79,47,226,54,60
247,79,55,226,55,65
247,79,63,227,57,70
247,79,71,227,58,76
247,79,79,228,59,83
247,79,87,228,59,90
247,79,95,229,59,98
247,79,103,229,59,107
247,79,111,230,59,116
247,79,119,230,59,126
247,79,127,230,59,138
247,79,135,230,59,150
247,79,143,230,60,163
247,79,151,229,60,178
247,79,159,228,61,194
247,79,167,225,63,208
247,79,175,221,65,221
247,79,183,217,68,231
247,79,191,212,71,238
247,79,199,208,73,242
247,79,207,205,76,246
247,79,215,203,78,248
247,79,223,201,79,250
247,79,231,200,81,251
247,79,239,199,81,252
247,79,247,198,82,253
247,79,255,197,82,253
247,87,0,219,50,28
247,87,7,220,51,32
247,87,15,221,53,36
247,87,23,222,55,42
247,87,31,224,57,48
247,87,39,224,59,54
247,87,47,225,61,59
247,87,55,226,63,65
247,87,63,226,64,70
247,87,71,227,66,76
247,87,79,227,66,82
247,87,87,227,67,89
247,87,95,228,68,97
247,87,103,228,68,105
247,87,111,228,68,114
247,87,119,229,67,123
247,87,127,229,67,134
247,87,135,229,67,145
247,87,143,229,67,158
247,87,151,229,67,172
247,87,159,228,68,187
247,87,167,226,69,202
247,87,175,222,71,217
247,87,183,219,72,228
247,87,191,214,75,236
247,87,199,209,77,242
247,87,207,205,79,246
247,87,215,202,81,248
247,87,223,200,83,250
247,87,231,199,83,252
247,87,239,197,84,253
247,87,247,196,84,253
247,87,255,196,84,253
247,95,0,220,58,29
247,95,7,220,59,32
247,95,15,221,60,36
247,95,23,222,62,41
247,95,31,224,65,48
247,95,39,224,66,54
247,95,47,225,68,59
247,95,55,226,70,65
247,95,63,226,72,70
247,95,71,226,73,75
247,95,79,227,74,81
247,95,87,227,74,88
247,95,95,227,75,95
247,95,103,228,75,103
247,95,111,228,75,111
247,95,119,228,75,120
247,95,127,228,75,130
247,95,135,228,75,141
247,95,143,228,75,153
247,95,151,228,75,166
247,95,159,228,75,181
247,95,167,226,76,197
247,95,175,224,77,211
247,95,183,220,78,225
247,95,191,215,79,234
247,95,199,210,81,241
247,95,207,206,83,246
247,95,215,203,84,249
247,95,223,200,86,251
247,95,231,198,87,252
247,95,239,197,87,253
247,95,247,195,87,253
247,95,255,194,87,253
247,103,0,220,67,29
247,103,7,221,68,32
247,103,15,221,69,36
247,103,23,222,70,41
247,103,31,223,72,48
247,103,39,224,74,54
247,103,47,225,76,59
247,103,55,225,78,65
247,103,63,226,79,70
247,103,71,226,80,75
247,103,79,226,81,81
247,103,87,227,82,87
247,103,95,227,83,94
247,103,103,227,83,102
247,103,111,227,83,109
247,103,119,227,83,118
247,103,127,227,83,127
247,103,135,227,82,137
247,103,143,228,82,148
247,103,151,228,82,161
247,103,159,228,82,175
247,103,167,227,82,190
247,103,175,226,83,206
247,103,183,222,84,220
247,103,191,217,85,231
247,103,199,212,86,240
247,103,207,207,87,245
247,103,215,203,88,250
247,103,223,200,89,251
247,103,231,198,90,253
247,103,239,196,91,253
247,103,247,195,91,254
247,103,255,193,90,253
247,111,0,221,75,30
247,111,7,221,76,33
247,111,15,222,77,37
247,111,23,222,78,42
247,111,31,223,80,48
247,111,39,224,82,55
247,111,47,225,84,60
247,111,55,225,85,65
247,111,63,226,87,71
247,111,71,226,88,76
247,111,79,226,89,81
247,111,87,226,89,87
247,111,95,226,90,93
247,111,103,226,91,100
247,111,111,226,91,108
247,111,119,226,91,115
247,111,127,226,91,124
247,111,135,226,90,134
247,111,143,227,90,144
247,111,151,227,90,155
247,111,159,227,89,169
247,111,167,227,89,183
247,111,175,226,90,200
247,111,183,223,90,214
247,111,191,219,91,227
247,111,199,214,91,237
247,111,207,209,92,245
247,111,215,204,93,249
247,111,223,200,93,251
247,111,231,197,94,253
247,111,239,195,94,254
247,111,247,194,94,254
247,111,255,192,94,254
247,119,0,221,84,31
247,119,7,222,85,35
247,119,15,222,86,38
247,119,23,223,87,42
247,119,31,224,88,48
247,119,39,224,90,55
247,119,47,225,91,60
247,119,55,226,93,65
247,119,63,226,94,71
247,119,71,226,95,76
247,119,79,227,96,81
247,119,87,227,97,87
247,119,95,227,97,93
247,119,103,227,98,99
247,119,111,226,98,106
247,119,119,226,98,114
247,119,127,226,98,122
247,119,135,226,98,131
247,119,143,226,97,140
247,119,151,226,97,151
247,119,159,227,97,163
247,119,167,227,97,177
247,119,175,226,97,193
247,119,183,225,97,209
247,119,191,221,97,223
247,119,199,216,97,234
247,119,207,211,97,243
247,119,215,206,97,248
247,119,223,201,97,251
247,119,231,198,98,253
247,119,239,195,98,254
247,119,247,194,98,254
247,119,255,192,98,254
247,127,0,221,93,32
247,127,7,222,93,35
247,127,15,223,94,39
247,127,23,223,95,43
247,127,31,224,96,48
247,127,39,225,97,54
247,127,47,225,99,61
247,127,55,226,100,66
247,127,63,226,101,71
247,127,71,226,102,76
247,127,79,227,103,81
247,127,87,227,104,87
247,127,95,227,104,92
247,127,103,227,105,99
247,127,111,227,105,105
247,127,119,227,105,113
247,127,127,226,105,121
247,127,135,226,105,129
247,127,143,226,105,138
247,127,151,226,104,148
247,127,159,226,104,159
247,127,167,226,103,172
247,127,175,226,103,187
247,127,183,225,103,203
247,127,191,223,103,218
247,127,199,219,103,231
247,127,207,212,103,240
247,127,215,207,102,247
247,127,223,202,102,251
247,127,231,198,102,253
247,127,239,195,102,254
247,127,247,192,102,254
247,127,255,189,102,254
247,135,0,222,101,33
247,135,7,222,101,36
247,135,15,223,102,40
247,135,23,223,103,44
247,135,31,224,104,49
247,135,39,225,105,54
247,135,47,226,106,61
247,135,55,226,108,66
247,135,63,226,109,71
247,135,71,227,110,77
247,135,79,227,110,82
247,135,87,227,111,87
247,135,95,227,111,93
247,135,103,227,112,98
247,135,111,227,112,105
247,135,119,227,112,112
247,135,127,226,112,119
247,135,135,226,112,127
247,135,143,226,112,136
247,135,151,226,111,145
247,135,159,226,111,155
247,135,167,226,111,167
247,135,175,226,111,181
247,135,183,225,110,197
247,135,191,224,110,212
247,135,199,220,109,226
247,135,207,215,109,237
247,135,215,209,108,245
247,135,223,204,107,250
247,135,231,198,106,253
247,135,239,195,106,254
247,135,247,191,106,254
247,135,255,187,105,254
247,143,0,222,109,33
247,143,7,222,110,36
247,143,15,223,110,40
247,143,23,224,111,45
247,143,31,224,112,50
247,143,39,225,113,55
247,143,47,226,114,61
247,143,55,226,115,67
247,143,63,227,116,72
247,143,71,227,117,77
247,143,79,228,117,82
247,143,87,228,118,87
247,143,95,228,119,93
247,143,103,228,119,99
247,143,111,228,119,105
247,143,119,227,119,112
247,143,127,227,119,119
247,143,135,226,119,126
247,143,143,226,119,134
247,143,151,226,119,143
247,143,159,226,118,153
247,143,167,225,118,163
247,143,175,226,118,176
247,143,183,226,117,191
247,143,191,224,117,207
247,143,199,222,116,221
247,143,207,218,115,235
247,143,215,211,114,243
247,143,223,205,113,249
247,143,231,200,112,252
247,143,239,194,111,254
247,143,247,190,109,254
247,143,255,186,109,254
247,151,0,222,117,34
247,151,7,222,117,37
247,151,15,223,118,40
247,151,23,224,119,45
247,151,31,224,119,51
247,151,39,225,120,56
247,151,47,226,121,61
247,151,55,227,122,67
247,151,63,227,123,72
247,151,71,227,124,78
247,151,79,228,125,83
247,151,87,228,125,88
247,151,95,228,126,93
247,151,103,228,126,99
247,151,111,228,126,105
247,151,119,228,127,111
247,151,127,227,127,118
247,151,135,227,126,126
247,151,143,226,126,133
247,151,151,226,126,141
247,151,159,225,126,150
247,151,167,225,125,160
247,151,175,225,125,171
247,151,183,225,125,185
247,151,191,225,125,200
247,151,199,222,124,215
247,151,207,219,123,229
247,151,215,214,121,241
247,151,223,208,119,248
247,151,231,201,117,252
247,151,239,196,116,254
247,151,247,190,114,254
247,151,255,185,112,255
247,159,0,222,125,35
247,159,7,223,125,37
247,159,15,223,125,41
247,159,23,224,126,45
247,159,31,225,127,51
247,159,39,225,128,57
247,159,47,226,129,62
247,159,55,227,130,67
247,159,63,227,131,73
247,159,71,228,132,78
247,159,79,228,132,83
247,159,87,228,133,88
247,159,95,228,133,94
247,159,103,228,134,99
247,159,111,228,134,105
247,159,119,228,134,112
247,159,127,228,134,118
247,159,135,227,134,125
247,159,143,227,134,133
247,159,151,226,134,140
247,159,159,226,133,149
247,159,167,225,133,157
247,159,175,225,133,168
247,159,183,225,133,181
247,159,191,225,133,194
247,159,199,223,132,209
247,159,207,221,131,224
247,159,215,216,129,236
247,159,223,210,127,245
247,159,231,203,124,251
247,159,239,197,122,253
247,159,247,192,120,254
247,159,255,186,117,255
247,167,0,222,132,36
247,167,7,222,132,39
247,167,15,223,133,42
247,167,23,223,134,46
247,167,31,224,134,52
247,167,39,225,136,58
247,167,47,226,136,63
247,167,55,227,137,68
247,167,63,227,138,73
247,167,71,228,139,78
247,167,79,228,140,83
247,167,87,228,141,89
247,167,95,229,141,94
247,167,103,229,141,100
247,167,111,228,142,105
247,167,119,228,142,112
247,167,127,228,142,118
247,167,135,228,142,125
247,167,143,227,142,132
247,167,151,226,142,139
247,167,159,225,141,147
247,167,167,225,141,156
247,167,175,225,141,165
247,167,183,225,141,177
247,167,191,225,141,189
247,167,199,224,140,203
247,167,207,222,139,219
247,167,215,218,137,232
247,167,223,213,135,243
247,167,231,206,131,249
247,167,239,199,128,253
247,167,247,194,126,254
247,167,255,188,123,255
247,175,0,222,139,38
247,175,7,222,140,40
247,175,15,222,140,43
247,175,23,223,141,47
247,175,31,224,142,52
247,175,39,225,143,58
247,175,47,226,144,64
247,175,55,226,145,68
247,175,63,227,146,73
247,175,71,228,147,79
247,175,79,228,148,84
247,175,87,229,149,89
247,175,95,229,149,94
247,175,103,229,149,100
247,175,111,229,150,106
247,175,119,229,150,112
247,175,127,229,150,118
247,175,135,228,150,125
247,175,143,228,150,132
247,175,151,227,150,139
247,175,159,226,150,146
247,175,167,226,150,154
247,175,175,225,150,163
247,175,183,226,150,173
247,175,191,226,150,185
247,175,199,225,149,198
247,175,207,224,148,213
247,175,215,221,146,227
247,175,223,215,143,238
247,175,231,209,140,246
247,175,239,202,136,251
247,175,247,196,132,254
247,175,255,190,129,255
247,183,0,222,146,40
247,183,7,222,147,42
247,183,15,222,147,44
247,183,23,223,148,48
247,183,31,224,149,52
247,183,39,225,150,58
247,183,47,226,151,64
247,183,55,227,153,69
247,183,63,227,154,74
247,183,71,228,155,79
247,183,79,228,156,84
247,183,87,229,157,89
247,183,95,229,158,95
247,183,103,229,158,101
247,183,111,229,159,106
247,183,119,229,159,112
247,183,127,229,159,118
247,183,135,229,159,125
247,183,143,229,159,132
247,183,151,228,159,139
247,183,159,228,159,146
247,183,167,227,159,153
247,183,175,226,158,162
247,183,183,226,158,171
247,183,191,226,159,182
247,183,199,226,158,194
247,183,207,226,158,209
247,183,215,223,156,223
247,183,223,219,153,235
247,183,231,212,149,244
247,183,239,205,144,250
247,183,247,199,140,254
247,183,255,192,135,255
247,191,0,221,154,41
247,191,7,222,154,44
247,191,15,222,155,47
247,191,23,223,156,50
247,191,31,224,157,54
247,191,39,225,158,59
247,191,47,226,159,64
247,191,55,227,161,70
247,191,63,227,162,75
247,191,71,228,163,79
247,191,79,229,165,85
247,191,87,229,166,90
247,191,95,230,167,95
247,191,103,230,167,101
247,191,111,230,168,107
247,191,119,230,168,113
247,191,127,230,169,119
247,191,135,230,169,125
247,191,143,230,169,132
247,191,151,229,169,139
247,191,159,229,168,146
247,191,167,228,168,153
247,191,175,228,168,161
247,191,183,228,168,170
247,191,191,228,168,179
247,191,199,228,168,191
247,191,207,228,168,205
247,191,215,226,166,219
247,191,223,222,163,231
247,191,231,216,159,241
247,191,239,210,154,250
247,191,247,203,149,253
247,191,255,196,144,255
247,199,0,221,162,41
247,199,7,222,163,44
247,199,15,222,163,47
247,199,23,223,164,52
247,199,31,224,165,56
247,199,39,225,166,60
247,199,47,226,168,65
247,199,55,227,170,70
247,199,63,228,171,75
247,199,71,229,173,80
247,199,79,229,174,85
247,199,87,230,175,90
247,199,95,230,177,96
247,199,103,231,178,101
247,199,111,231,178,107
247,199,119,231,179,113
247,199,127,232,179,119
247,199,135,231,179,126
247,199,143,231,179,132
247,199,151,231,179,139
247,199,159,231,179,146
247,199,167,230,179,153
247,199,175,229,179,161
247,199,183,229,179,168
247,199,191,229,179,177
247,199,199,229,179,188
247,199,207,229,179,200
247,199,215,228,177,215
247,199,223,225,175,228
247,199,231,221,171,239
247,199,239,213,165,247
247,199,247,207,159,252
247,199,255,200,154,254
247,207,0,221,171,42
247,207,7,222,171,45
247,207,15,222,172,48
247,207,23,223,173,53
247,207,31,224,174,58
247,207,39,225,176,62
247,207,47,226,177,66
247,207,55,227,179,71
247,207,63,228,181,76
247,207,71,229,182,81
247,207,79,230,184,86
247,207,87,230,186,91
247,207,95,231,187,96
247,207,103,232,188,102
247,207,111,232,189,108
247,207,119,233,190,114
247,207,127,233,191,120
247,207,135,233,191,126
247,207,143,233,191,133
247,207,151,233,191,140
247,207,159,232,191,147
247,207,167,232,190,154
247,207,175,231,190,161
247,207,183,231,191,168
247,207,191,231,191,177
247,207,199,231,191,186
247,207,207,232,191,198
247,207,215,231,190,211
247,207,223,229,188,224
247,207,231,225,184,236
247,207,239,219,179,245
247,207,247,211,172,251
247,207,255,205,166,254
247,215,0,221,180,43
247,215,7,222,180,46
247,215,15,222,181,49
247,215,23,223,182,53
247,215,31,224,184,58
247,215,39,225,185,65
247,215,47,226,187,68
247,215,55,227,189,72
247,215,63,228,191,76
247,215,71,229,193,81
247,215,79,230,194,86
247,215,87,231,196,91
247,215,95,232,198,97
247,215,103,232,199,103
247,215,111,233,201,108
247,215,119,234,201,114
247,215,127,234,202,121
247,215,135,234,202,127
247,215,143,234,202,133
247,215,151,234,202,140
247,215,159,234,202,147
247,215,167,234,202,154
247,215,175,233,202,161
247,215,183,233,202,169
247,215,191,233,203,177
247,215,199,234,203,186
247,215,207,234,203,196
247,215,215,234,203,208
247,215,223,232,201,221
247,215,231,229,198,233
247,215,239,224,192,243
247,215,247,218,186,251
247,215,255,213,181,254
247,223,0,220,188,45
247,223,7,221,189,47
247,223,15,221,190,49
247,223,23,222,191,53
247,223,31,223,192,58
247,223,39,224,194,63
247,223,47,226,196,70
247,223,55,227,198,73
247,223,63,228,200,77
247,223,71,229,202,82
247,223,79,230,204,87
247,223,87,231,206,92
247,223,95,232,208,98
247,223,103,233,210,104
247,223,111,234,211,109
247,223,119,235,212,115
247,223,127,235,213,121
247,223,135,236,213,128
247,223,143,236,213,134
247,223,151,236,213,141
247,223,159,236,214,148
247,223,167,236,214,155
247,223,175,236,214,162
247,223,183,235,214,169
247,223,191,235,214,177
247,223,199,236,215,186
247,223,207,237,215,196
247,223,215,237,215,207
247,223,223,236,215,219
247,223,231,234,212,230
247,223,239,229,207,241
247,223,247,223,201,250
247,223,255,219,197,253
247,231,0,218,198,47
247,231,7,219,198,49
247,231,15,219,199,51
247,231,23,220,200,54
247,231,31,221,202,58
247,231,39,222,204,63
247,231,47,224,206,69
247,231,55,225,208,74
247,231,63,226,210,78
247,231,71,227,212,82
247,231,79,229,214,87
247,231,87,230,216,92
247,231,95,231,218,98
247,231,103,233,220,104
247,231,111,234,221,110
247,231,119,235,222,116
247,231,127,236,223,122
247,231,135,236,223,128
247,231,143,237,224,135
247,231,151,237,224,142
247,231,159,237,224,148
247,231,167,237,224,155
247,231,175,238,224,162
247,231,183,238,225,170
247,231,191,238,225,177
247,231,199,238,226,186
247,231,207,239,227,196
247,231,215,240,227,206
247,231,223,239,227,217
247,231,231,237,225,228
247,231,239,234,221,239
247,231,247,230,216,248
247,231,255,226,213,254
247,239,0,216,208,49
247,239,7,217,209,51
247,239,15,217,210,53
247,239,23,218,211,55
247,239,31,219,212,59
247,239,39,220,214,63
247,239,47,222,216,68
247,239,55,224,218,74
247,239,63,225,220,79
247,239,71,227,222,83
247,239,79,228,224,87
247,239,87,229,226,92
247,239,95,231,228,98
247,239,103,232,230,104
247,239,111,233,231,110
247,239,119,235,232,116
247,239,127,236,233,123
247,239,135,237,233,129
247,239,143,238,234,136
247,239,151,239,234,143
247,239,159,239,235,149
247,239,167,239,235,156
247,239,175,239,235,163
247,239,183,239,235,171
247,239,191,239,236,178
247,239,199,240,236,187
247,239,207,241,237,196
247,239,215,242,238,206
247,239,223,242,238,216
247,239,231,241,238,227
247,239,239,238,235,238
247,239,247,234,229,247
247,239,255,231,226,253
247,247,0,214,218,48
247,247,7,214,219,51
247,247,15,215,220,54
247,247,23,216,221,57
247,247,31,217,222,60
247,247,39,218,224,63
247,247,47,219,226,68
247,247,55,221,228,72
247,247,63,223,230,78
247,247,71,224,232,82
247,247,79,226,234,87
247,247,87,227,235,92
247,247,95,229,237,97
247,247,103,231,239,104
247,247,111,232,240,110
247,247,119,234,241,117
247,247,127,235,242,123
247,247,135,237,243,130
247,247,143,238,243,137
247,247,151,240,243,144
247,247,159,240,243,151
247,247,167,240,244,157
247,247,175,240,244,164
247,247,183,241,245,172
247,247,191,241,245,179
247,247,199,242,246,187
247,247,207,243,247,196
247,247,215,244,248,206
247,247,223,244,248,215
247,247,231,243,247,226
247,247,239,242,246,236
247,247,247,239,243,247
247,247,255,234,237,254
247,255,0,210,228,48
247,255,7,211,229,50
247,255,15,212,230,52
247,255,23,213,231,56
247,255,31,214,233,61
247,255,39,215,234,64
247,255,47,216,236,67
247,255,55,218,237,71
247,255,63,220,239,76
247,255,71,222,241,81
247,255,79,223,243,85
247,255,87,225,244,90
247,255,95,227,246,96
247,255,103,229,247,103
247,255,111,231,248,110
247,255,119,233,248,118
247,255,127,235,249,124
247,255,135,236,250,131
247,255,143,238,250,138
247,255,151,239,251,145
247,255,159,240,251,152
247,255,167,240,251,158
247,255,175,241,252,166
247,255,183,242,252,173
247,255,191,243,252,181
247,255,199,243,253,189
247,255,207,243,253,197
247,255,215,243,253,206
247,255,223,244,253,215
247,255,231,245,254,225
247,255,239,245,254,235
247,255,247,243,253,246
247,255,255,241,252,253
255,0,0,225,2,29
255,0,7,227,2,33
255,0,15,228,3,38
255,0,23,231,4,44
255,0,31,233,5,50
255,0,39,235,6,56
255,0,47,237,7,62
255,0,55,238,8,68
255,0,63,239,8,74
255,0,71,240,9,82
255,0,79,240,9,91
255,0,87,241,9,102
255,0,95,241,10,113
255,0,103,241,10,126
255,0,111,241,10,140
255,0,119,241,11,154
255,0,127,240,12,169
255,0,135,238,13,184
255,0,143,237,14,199
255,0,151,235,16,212
255,0,159,233,20,224
255,0,167,231,24,233
255,0,175,228,29,239
255,0,183,226,33,243
255,0,191,225,37,245
255,0,199,224,41,246
255,0,207,223,45,247
255,0,215,222,48,248
255,0,223,221,49,249
255,0,231,222,50,250
255,0,239,223,51,251
255,0,247,223,50,252
255,0,255,223,50,253
255,7,0,225,2,29
255,7,7,227,3,33
255,7,15,229,3,38
255,7,23,231,4,44
255,7,31,233,6,50
255,7,39,235,7,56
255,7,47,237,8,62
255,7,55,238,9,67
255,7,63,239,9,74
255,7,71,240,10,81
255,7,79,241,10,91
255,7,87,241,11,101
255,7,95,242,11,113
255,7,103,242,11,125
255,7,111,242,12,138
255,7,119,241,12,153
255,7,127,240,13,167
255,7,135,238,14,183
255,7,143,237,15,197
255,7,151,235,18,211
255,7,159,233,21,223
255,7,167,231,25,232
255,7,175,228,30,239
255,7,183,226,35,243
255,7,191,225,39,245
255,7,199,224,43,246
255,7,207,223,46,247
255,7,215,222,50,248
255,7,223,221,52,249
255,7,231,222,53,250
255,7,239,222,53,251
255,7,247,222,52,252
255,7,255,223,52,253
255,15,0,225,3,29
255,15,7,227,4,33
255,15,15,229,5,38
255,15,23,231,6,44
255,15,31,233,7,50
255,15,39,235,8,56
255,15,47,237,9,62
255,15,55,239,10,67
255,15,63,240,11,74
255,15,71,240,11,81
255,15,79,241,12,90
255,15,87,242,12,101
255,15,95,242,12,111
255,15,103,242,13,123
255,15,111,242,13,137
255,15,119,241,14,151
255,15,127,241,15,165
255,15,135,239,16,181
255,15,143,237,18,196
255,15,151,236,20,209
255,15,159,234,23,221
255,15,167,231,28,231
255,15,175,229,32,238
255,15,183,227,37,243
255,15,191,225,41,245
255,15,199,224,45,246
255,15,207,223,48,247
255,15,215,222,51,248
255,15,223,221,54,249
255,15,231,221,55,250
255,15,239,222,55,251
255,15,247,222,55,252
255,15,255,222,54,253
255,23,0,226,5,29
255,23,7,227,6,33
255,23,15,229,7,37
255,23,23,231,8,44
255,23,31,233,10,49
255,23,39,235,11,55
255,23,47,237,12,62
255,23,55,239,13,67
255,23,63,240,14,73
255,23,71,240,14,81
255,23,79,241,14,89
255,23,87,242,14,100
255,23,95,242,15,110
255,23,103,242,15,122
255,23,111,242,16,135
255,23,119,242,16,149
255,23,127,241,17,163
255,23,135,240,19,178
255,23,143,238,21,193
255,23,151,236,23,207
255,23,159,234,26,220
255,23,167,232,30,230
255,23,175,229,35,237
255,23,183,227,39,242
255,23,191,225,43,244
255,23,199,224,47,246
255,23,207,223,51,247
255,23,215,222,54,248
255,23,223,221,57,249
255,23,231,221,59,250
255,23,239,222,59,251
255,23,247,222,58,252
255,23,255,222,57,253
255,31,0,226,7,29
255,31,7,227,8,33
255,31,15,229,9,37
255,31,23,231,11,44
255,31,31,233,13,49
255,31,39,235,15,55
255,31,47,237,16,61
255,31,55,238,17,67
255,31,63,240,18,73
255,31,71,240,18,80
255,31,79,241,18,89
255,31,87,242,19,98
255,31,95,242,19,109
255,31,103,243,19,120
255,31,111,243,19,132
255,31,119,243,20,146
255,31,127,242,21,160
255,31,135,240,23,175
255,31,143,239,25,190
255,31,151,237,27,204
255,31,159,235,30,217
255,31,167,232,34,228
255,31,175,230,38,235
255,31,183,227,43,241
255,31,191,226,47,244
255,31,199,224,51,246
255,31,207,223,54,247
255,31,215,222,57,248
255,31,223,221,59,249
255,31,231,221,61,250
255,31,239,222,63,251
255,31,247,222,63,251
255,31,255,222,61,252
255,39,0,226,10,29
255,39,7,227,11,33
255,39,15,229,13,37
255,39,23,231,15,43
255,39,31,233,17,49
255,39,39,235,19,55
255,39,47,237,21,61
255,39,55,238,22,67
255,39,63,239,23,72
255,39,71,240,23,79
255,39,79,241,24,87
255,39,87,241,24,97
255,39,95,242,24,107
255,39,103,242,24,118
255,39,111,242,24,130
255,39,119,243,25,143
255,39,127,242,26,157
255,39,135,241,27,171
255,39,143,240,30,186
255,39,151,238,32,201
255,39,159,236,35,214
255,39,167,233,39,225
255,39,175,230,43,233
255,39,183,228,47,240
255,39,191,226,51,243
255,39,199,224,54,245
255,39,207,223,57,247
255,39,215,222,60,248
255,39,223,221,62,249
255,39,231,221,64,250
255,39,239,222,66,251
255,39,247,222,67,251
255,39,255,222,66,252
255,47,0,226,14,29
255,47,7,228,16,33
255,47,15,229,17,37
255,47,23,231,20,43
255,47,31,233,22,49
255,47,39,235,24,55
255,47,47,237,27,61
255,47,55,238,28,66
255,47,63,239,29,72
255,47,71,240,29,79
255,47,79,240,30,86
255,47,87,241,30,96
255,47,95,241,30,105
255,47,103,242,30,115
255,47,111,242,30,127
255,47,119,242,30,140
255,47,127,242,31,153
255,47,135,241,32,167
255,47,143,240,34,182
255,47,151,239,37,197
255,47,159,237,40,211
255,47,167,234,44,222
255,47,175,231,47,231
255,47,183,228,52,238
255,47,191,226,55,242
255,47,199,224,59,245
255,47,207,222,61,247
255,47,215,222,64,248
255,47,223,221,66,249
255,47,231,221,68,250
255,47,239,221,69,251
255,47,247,222,70,251
255,47,255,222,70,252
255,55,0,227,20,29
255,55,7,228,21,32
255,55,15,229,23,37
255,55,23,232,25,43
255,55,31,234,28,49
255,55,39,235,30,54
255,55,47,237,33,61
255,55,55,238,34,66
255,55,63,239,35,71
255,55,71,239,36,78
255,55,79,240,37,85
255,55,87,240,37,94
255,55,95,241,37,103
255,55,103,241,37,113
255,55,111,241,37,124
255,55,119,242,37,136
255,55,127,242,37,149
255,55,135,241,38,163
255,55,143,240,40,178
255,55,151,239,42,193
255,55,159,237,44,207
255,55,167,234,48,219
255,55,175,232,52,230
255,55,183,229,56,236
255,55,191,226,60,242
255,55,199,224,63,245
255,55,207,222,66,247
255,55,215,221,68,248
255,55,223,220,70,249
255,55,231,221,71,250
255,55,239,221,72,251
255,55,247,221,73,251
255,55,255,221,73,252
255,63,0,227,26,29
255,63,7,228,28,32
255,63,15,230,29,37
255,63,23,232,32,42
255,63,31,234,34,49
255,63,39,235,37,54
255,63,47,237,39,60
255,63,55,238,41,66
255,63,63,238,43,71
255,63,71,239,43,77
255,63,79,239,44,84
255,63,87,240,44,92
255,63,95,240,44,101
255,63,103,240,44,111
255,63,111,241,44,121
255,63,119,241,44,132
255,63,127,241,44,145
255,63,135,241,45,158
255,63,143,240,46,173
255,63,151,239,47,188
255,63,159,238,49,203
255,63,167,235,52,216
255,63,175,232,55,227
255,63,183,229,59,235
255,63,191,226,63,242
255,63,199,224,67,245
255,63,207,221,70,247
255,63,215,220,72,249
255,63,223,219,74,250
255,63,231,219,75,251
255,63,239,219,76,251
255,63,247,219,76,252
255,63,255,218,76,252
255,71,0,228,33,29
255,71,7,229,34,33
255,71,15,230,36,37
255,71,23,232,38,42
255,71,31,234,41,49
255,71,39,235,43,54
255,71,47,236,46,60
255,71,55,237,48,65
255,71,63,238,49,71
255,71,71,238,50,76
255,71,79,238,51,83
255,71,87,239,52,91
255,71,95,239,52,99
255,71,103,240,52,108
255,71,111,240,52,118
255,71,119,241,52,129
255,71,127,241,52,141
255,71,135,241,52,154
255,71,143,240,52,168
255,71,151,239,53,183
255,71,159,238,55,198
255,71,167,236,57,212
255,71,175,233,60,224
255,71,183,230,63,234
255,71,191,227,66,241
255,71,199,224,70,245
255,71,207,221,73,248
255,71,215,219,75,249
255,71,223,217,77,250
255,71,231,216,79,251
255,71,239,216,79,252
255,71,247,215,80,252
255,71,255,215,80,252
255,79,0,228,40,29
255,79,7,229,42,33
255,79,15,230,43,36
255,79,23,231,45,42
255,79,31,233,48,48
255,79,39,234,50,54
255,79,47,235,53,60
255,79,55,236,55,65
255,79,63,237,56,70
255,79,71,237,58,76
255,79,79,237,58,82
255,79,87,238,59,89
255,79,95,238,59,98
255,79,103,239,59,107
255,79,111,239,59,116
255,79,119,239,59,126
255,79,127,240,59,137
255,79,135,240,59,150
255,79,143,240,59,163
255,79,151,239,60,177
255,79,159,239,61,193
255,79,167,236,62,207
255,79,175,234,64,220
255,79,183,231,67,232
255,79,191,227,70,239
255,79,199,223,73,244
255,79,207,221,76,247
255,79,215,218,78,249
255,79,223,217,80,251
255,79,231,215,81,251
255,79,239,214,82,252
255,79,247,213,83,252
255,79,255,212,83,252
255,87,0,229,49,30
255,87,7,230,50,33
255,87,15,230,51,36
255,87,23,232,53,41
255,87,31,233,56,48
255,87,39,234,58,54
255,87,47,235,60,59
255,87,55,236,63,65
255,87,63,236,64,70
255,87,71,237,65,75
255,87,79,237,66,81
255,87,87,237,67,88
255,87,95,237,67,96
255,87,103,238,67,105
255,87,111,238,67,113
255,87,119,238,67,123
255,87,127,239,66,134
255,87,135,239,66,145
255,87,143,239,66,158
255,87,151,239,67,172
255,87,159,238,67,187
255,87,167,237,68,202
255,87,175,234,70,216
255,87,183,231,72,229
255,87,191,227,74,237
255,87,199,223,76,244
255,87,207,220,79,247
255,87,215,217,81,250
255,87,223,216,83,251
255,87,231,214,84,252
255,87,239,213,85,253
255,87,247,211,85,253
255,87,255,210,85,253
255,95,0,229,57,30
255,95,7,230,58,33
255,95,15,231,59,37
255,95,23,232,61,41
255,95,31,233,63,48
255,95,39,235,66,54
255,95,47,235,68,59
255,95,55,236,70,65
255,95,63,236,71,70
255,95,71,237,73,75
255,95,79,237,73,80
255,95,87,237,74,86
255,95,95,237,75,94
255,95,103,237,75,103
255,95,111,237,75,111
255,95,119,237,75,120
255,95,127,237,75,130
255,95,135,238,74,141
255,95,143,238,74,153
255,95,151,238,74,166
255,95,159,238,74,181
255,95,167,237,75,196
255,95,175,236,76,211
255,95,183,232,77,224
255,95,191,228,79,234
255,95,199,224,81,243
255,95,207,220,82,248
255,95,215,217,84,251
255,95,223,215,86,252
255,95,231,213,87,253
255,95,239,211,88,253
255,95,247,209,88,254
255,95,255,208,88,253
255,103,0,229,66,30
255,103,7,230,67,34
255,103,15,231,68,37
255,103,23,232,69,42
255,103,31,233,71,47
255,103,39,234,73,54
255,103,47,234,75,59
255,103,55,235,77,65
255,103,63,236,79,70
255,103,71,236,80,75
255,103,79,236,81,80
255,103,87,236,82,86
255,103,95,236,82,93
255,103,103,236,83,101
255,103,111,236,83,109
255,103,119,236,83,117
255,103,127,237,83,127
255,103,135,237,82,137
255,103,143,238,82,149
255,103,151,238,82,161
255,103,159,238,82,175
255,103,167,238,82,189
255,103,175,236,83,205
255,103,183,233,83,220
255,103,191,230,84,232
255,103,199,225,85,240
255,103,207,221,87,247
255,103,215,217,88,251
255,103,223,214,89,253
255,103,231,212,90,253
255,103,239,210,91,254
255,103,247,207,91,254
255,103,255,206,91,254
255,111,0,230,74,31
255,111,7,230,75,34
255,111,15,231,76,38
255,111,23,232,78,42
255,111,31,232,79,47
255,111,39,234,81,54
255,111,47,234,83,60
255,111,55,235,85,65
255,111,63,235,86,71
255,111,71,235,88,76
255,111,79,236,89,81
255,111,87,236,89,86
255,111,95,236,90,92
255,111,103,236,90,99
255,111,111,235,91,107
255,111,119,236,91,115
255,111,127,236,90,124
255,111,135,236,90,134
255,111,143,237,90,144
255,111,151,237,89,156
255,111,159,237,89,169
255,111,167,237,89,184
255,111,175,237,89,199
255,111,183,235,90,214
255,111,191,231,90,227
255,111,199,227,91,237
255,111,207,222,92,246
255,111,215,218,92,250
255,111,223,214,93,253
255,111,231,211,94,254
255,111,239,209,94,254
255,111,247,207,94,254
255,111,255,205,94,254
255,119,0,230,83,32
255,119,7,230,84,35
255,119,15,231,85,39
255,119,23,232,86,43
255,119,31,233,87,48
255,119,39,233,89,54
255,119,47,234,90,60
255,119,55,235,92,66
255,119,63,235,93,71
255,119,71,235,95,76
255,119,79,236,96,81
255,119,87,236,96,86
255,119,95,236,97,92
255,119,103,236,98,99
255,119,111,235,98,106
255,119,119,235,98,114
255,119,127,235,98,122
255,119,135,236,98,131
255,119,143,236,98,141
255,119,151,237,97,152
255,119,159,237,97,164
255,119,167,237,96,178
255,119,175,237,96,193
255,119,183,236,96,209
255,119,191,233,96,223
255,119,199,229,97,235
255,119,207,224,97,243
255,119,215,219,97,250
255,119,223,215,98,252
255,119,231,211,98,254
255,119,239,208,98,254
255,119,247,205,98,254
255,119,255,203,98,254
255,127,0,230,92,32
255,127,7,231,92,35
255,127,15,231,93,39
255,127,23,232,94,44
255,127,31,233,95,48
255,127,39,234,96,54
255,127,47,235,98,61
255,127,55,235,99,66
255,127,63,235,101,71
255,127,71,236,102,77
255,127,79,236,103,81
255,127,87,236,103,86
255,127,95,236,104,92
255,127,103,236,105,98
255,127,111,236,105,105
255,127,119,236,105,113
255,127,127,236,105,120
255,127,135,236,105,129
255,127,143,236,105,138
255,127,151,236,104,148
255,127,159,236,104,160
255,127,167,236,104,173
255,127,175,237,103,187
255,127,183,236,103,203
255,127,191,234,103,218
255,127,199,230,103,230
255,127,207,225,103,241
255,127,215,220,102,249
255,127,223,215,102,252
255,127,231,211,102,254
255,127,239,207,102,254
255,127,247,204,102,255
255,127,255,201,102,254
255,135,0,231,100,33
255,135,7,231,100,36
255,135,15,232,101,40
255,135,23,232,102,45
255,135,31,233,103,49
255,135,39,234,104,55
255,135,47,235,105,61
255,135,55,235,107,67
255,135,63,236,108,72
255,135,71,236,109,77
255,135,79,236,110,82
255,135,87,236,110,87
255,135,95,236,111,92
255,135,103,236,112,98
255,135,111,236,112,105
255,135,119,236,112,112
255,135,127,236,112,119
255,135,135,236,112,127
255,135,143,236,112,136
255,135,151,236,112,145
255,135,159,236,111,156
255,135,167,236,111,168
255,135,175,236,111,181
255,135,183,236,110,197
255,135,191,234,110,212
255,135,199,231,109,225
255,135,207,227,109,238
255,135,215,221,108,246
255,135,223,216,107,252
255,135,231,211,107,254
255,135,239,207,106,254
255,135,247,203,106,255
255,135,255,199,105,254
255,143,0,231,108,34
255,143,7,232,108,36
255,143,15,232,109,40
255,143,23,233,110,45
255,143,31,234,110,50
255,143,39,234,112,55
255,143,47,235,113,61
255,143,55,236,114,67
255,143,63,236,115,72
255,143,71,237,116,78
255,143,79,237,117,83
255,143,87,237,118,87
255,143,95,237,118,93
255,143,103,237,119,98
255,143,111,237,119,105
255,143,119,236,119,111
255,143,127,236,119,119
255,143,135,236,119,126
255,143,143,236,119,134
255,143,151,236,119,143
255,143,159,236,119,153
255,143,167,236,118,164
255,143,175,236,118,176
255,143,183,235,118,191
255,143,191,234,117,206
255,143,199,232,116,220
255,143,207,228,115,234
255,143,215,223,114,244
255,143,223,217,113,251
255,143,231,212,112,253
255,143,239,206,111,254
255,143,247,201,110,255
255,143,255,196,109,255
255,151,0,231,116,34
255,151,7,232,116,37
255,151,15,232,116,40
255,151,23,233,117,45
255,151,31,234,118,51
255,151,39,235,119,56
255,151,47,236,120,61
255,151,55,236,121,67
255,151,63,237,123,73
255,151,71,237,123,78
255,151,79,238,124,84
255,151,87,238,125,88
255,151,95,238,126,93
255,151,103,238,126,99
255,151,111,238,126,105
255,151,119,237,126,111
255,151,127,237,127,119
255,151,135,236,126,126
255,151,143,236,126,133
255,151,151,236,126,142
255,151,159,236,126,151
255,151,167,235,126,161
255,151,175,235,126,172
255,151,183,235,125,186
255,151,191,235,125,200
255,151,199,232,124,214
255,151,207,229,123,228
255,151,215,226,121,243
255,151,223,219,119,249
255,151,231,213,118,253
255,151,239,207,116,254
255,151,247,201,114,255
255,151,255,196,113,255
255,159,0,232,123,35
255,159,7,232,124,38
255,159,15,233,124,41
255,159,23,234,125,45
255,159,31,234,126,51
255,159,39,236,127,57
255,159,47,236,128,62
255,159,55,237,129,68
255,159,63,238,130,74
255,159,71,238,131,79
255,159,79,238,132,83
255,159,87,239,132,88
255,159,95,239,133,94
255,159,103,238,133,99
255,159,111,238,134,105
255,159,119,238,134,111
255,159,127,237,134,118
255,159,135,237,134,126
255,159,143,236,134,133
255,159,151,236,134,141
255,159,159,236,134,149
255,159,167,235,134,158
255,159,175,235,133,169
255,159,183,235,133,181
255,159,191,234,133,195
255,159,199,233,132,209
255,159,207,231,131,224
255,159,215,226,129,236
255,159,223,221,127,246
255,159,231,214,125,251
255,159,239,208,122,254
255,159,247,201,120,255
255,159,255,196,118,255
255,167,0,232,131,37
255,167,7,232,131,40
255,167,15,232,132,42
255,167,23,233,132,46
255,167,31,234,133,51
255,167,39,235,134,57
255,167,47,236,135,63
255,167,55,237,136,68
255,167,63,237,138,74
255,167,71,238,139,79
255,167,79,238,139,84
255,167,87,239,140,89
255,167,95,239,141,94
255,167,103,239,141,100
255,167,111,238,142,105
255,167,119,238,142,111
255,167,127,238,142,118
255,167,135,237,142,125
255,167,143,237,142,132
255,167,151,236,142,140
255,167,159,236,142,148
255,167,167,235,142,157
255,167,175,235,141,167
255,167,183,235,141,178
255,167,191,235,141,190
255,167,199,234,140,203
255,167,207,232,139,219
255,167,215,229,138,233
255,167,223,223,135,243
255,167,231,216,132,249
255,167,239,209,129,254
255,167,247,203,126,255
255,167,255,197,123,255
255,175,0,231,138,40
255,175,7,232,139,42
255,175,15,232,139,44
255,175,23,233,140,48
255,175,31,233,141,52
255,175,39,234,142,58
255,175,47,235,143,64
255,175,55,236,144,69
255,175,63,237,145,74
255,175,71,238,146,79
255,175,79,239,147,84
255,175,87,239,148,89
255,175,95,239,149,95
255,175,103,239,149,100
255,175,111,239,150,106
255,175,119,239,150,112
255,175,127,238,150,118
255,175,135,238,150,125
255,175,143,237,150,132
255,175,151,237,150,139
255,175,159,236,150,147
255,175,167,236,150,155
255,175,175,236,150,164
255,175,183,236,150,175
255,175,191,235,150,186
255,175,199,234,149,199
255,175,207,234,148,213
255,175,215,230,146,227
255,175,223,225,143,238
255,175,231,219,140,248
255,175,239,212,137,252
255,175,247,206,133,255
255,175,255,199,129,255
255,183,0,231,146,40
255,183,7,232,146,43
255,183,15,232,147,46
255,183,23,233,147,49
255,183,31,233,148,53
255,183,39,234,149,58
255,183,47,235,151,64
255,183,55,236,152,70
255,183,63,237,153,74
255,183,71,238,154,80
255,183,79,238,155,85
255,183,87,239,156,90
255,183,95,239,157,96
255,183,103,239,158,101
255,183,111,239,158,106
255,183,119,239,159,112
255,183,127,239,159,118
255,183,135,238,159,125
255,183,143,238,159,132
255,183,151,238,159,139
255,183,159,237,159,146
255,183,167,237,158,154
255,183,175,236,158,163
255,183,183,237,159,172
255,183,191,236,159,183
255,183,199,236,158,195
255,183,207,235,157,209
255,183,215,233,156,224
255,183,223,229,153,236
255,183,231,222,149,245
255,183,239,215,145,251
255,183,247,208,141,254
255,183,255,202,136,255
255,191,0,231,153,41
255,191,7,232,154,44
255,191,15,232,154,47
255,191,23,233,155,51
255,191,31,234,156,55
255,191,39,235,157,59
255,191,47,236,158,64
255,191,55,237,160,70
255,191,63,238,161,75
255,191,71,239,163,80
255,191,79,239,164,85
255,191,87,240,165,91
255,191,95,240,166,96
255,191,103,240,167,102
255,191,111,240,168,107
255,191,119,240,168,113
255,191,127,240,168,119
255,191,135,240,169,125
255,191,143,239,168,132
255,191,151,239,168,139
255,191,159,238,168,146
255,191,167,238,168,154
255,191,175,238,168,162
255,191,183,237,168,171
255,191,191,237,169,181
255,191,199,237,168,192
255,191,207,237,167,205
255,191,215,235,166,219
255,191,223,231,163,231
255,191,231,226,159,241
255,191,239,219,155,250
255,191,247,212,150,254
255,191,255,205,145,255
255,199,0,232,161,42
255,199,7,232,162,45
255,199,15,233,163,48
255,199,23,233,163,52
255,199,31,234,165,57
255,199,39,235,166,61
255,199,47,236,167,65
255,199,55,237,169,70
255,199,63,238,170,76
255,199,71,239,172,81
255,199,79,240,173,86
255,199,87,240,175,91
255,199,95,241,176,97
255,199,103,241,177,102
255,199,111,241,178,108
255,199,119,241,178,114
255,199,127,241,179,119
255,199,135,241,179,125
255,199,143,241,179,132
255,199,151,241,179,139
255,199,159,240,179,146
255,199,167,239,179,154
255,199,175,239,179,161
255,199,183,239,179,170
255,199,191,239,179,179
255,199,199,239,179,189
255,199,207,239,179,201
255,199,215,238,177,215
255,199,223,235,175,228
255,199,231,230,171,239
255,199,239,224,166,248
255,199,247,217,160,253
255,199,255,210,155,255
255,207,0,232,170,44
255,207,7,233,171,46
255,207,15,233,171,49
255,207,23,234,172,53
255,207,31,235,174,58
255,207,39,236,175,63
255,207,47,237,177,67
255,207,55,238,178,71
255,207,63,239,180,76
255,207,71,240,182,82
255,207,79,241,183,87
255,207,87,242,185,92
255,207,95,242,187,98
255,207,103,243,188,103
255,207,111,243,189,109
255,207,119,243,190,115
255,207,127,243,190,121
255,207,135,243,190,127
255,207,143,243,190,133
255,207,151,243,190,140
255,207,159,243,190,147
255,207,167,242,190,154
255,207,175,241,190,161
255,207,183,241,191,169
255,207,191,241,191,178
255,207,199,241,191,187
255,207,207,241,190,199
255,207,215,240,190,212
255,207,223,238,187,224
255,207,231,234,183,236
255,207,239,229,179,246
255,207,247,221,173,252
255,207,255,214,167,255
255,215,0,233,179,46
255,215,7,233,180,48
255,215,15,234,181,50
255,215,23,234,182,54
255,215,31,235,183,58
255,215,39,237,185,64
255,215,47,238,186,69
255,215,55,238,188,73
255,215,63,239,190,77
255,215,71,240,192,82
255,215,79,241,194,87
255,215,87,242,195,93
255,215,95,243,197,98
255,215,103,243,199,104
255,215,111,244,200,110
255,215,119,244,201,116
255,215,127,244,201,121
255,215,135,244,201,128
255,215,143,244,202,134
255,215,151,244,202,140
255,215,159,244,202,148
255,215,167,244,202,155
255,215,175,243,202,162
255,215,183,243,202,170
255,215,191,243,203,178
255,215,199,243,203,187
255,215,207,243,202,197
255,215,215,243,202,209
255,215,223,241,200,221
255,215,231,238,197,233
255,215,239,233,192,244
255,215,247,227,186,252
255,215,255,222,182,254
255,223,0,233,188,48
255,223,7,234,189,50
255,223,15,234,190,52
255,223,23,235,191,55
255,223,31,236,192,59
255,223,39,237,194,64
255,223,47,238,196,71
255,223,55,239,198,75
255,223,63,240,199,79
255,223,71,241,201,83
255,223,79,242,204,88
255,223,87,243,205,93
255,223,95,244,207,99
255,223,103,245,209,105
255,223,111,245,210,111
255,223,119,246,211,116
255,223,127,246,212,122
255,223,135,246,212,128
255,223,143,246,212,135
255,223,151,246,213,141
255,223,159,246,213,148
255,223,167,246,213,155
255,223,175,246,213,163
255,223,183,246,213,170
255,223,191,246,214,179
255,223,199,246,215,188
255,223,207,246,215,197
255,223,215,246,214,208
255,223,223,245,213,219
255,223,231,242,211,231
255,223,239,238,206,242
255,223,247,233,201,250
255,223,255,228,196,254
255,231,0,232,197,51
255,231,7,233,198,52
255,231,15,233,199,54
255,231,23,234,200,57
255,231,31,235,201,60
255,231,39,236,203,65
255,231,47,237,205,70
255,231,55,239,207,76
255,231,63,240,209,80
255,231,71,241,211,84
255,231,79,241,213,88
255,231,87,242,215,93
255,231,95,243,217,99
255,231,103,244,219,106
255,231,111,245,220,111
255,231,119,246,221,117
255,231,127,247,222,123
255,231,135,247,223,129
255,231,143,248,223,136
255,231,151,248,223,142
255,231,159,247,223,149
255,231,167,247,223,156
255,231,175,248,224,164
255,231,183,248,224,171
255,231,191,248,225,179
255,231,199,248,226,188
255,231,207,248,226,197
255,231,215,249,226,207
255,231,223,248,225,218
255,231,231,246,224,229
255,231,239,243,220,240
255,231,247,239,215,250
255,231,255,235,212,254
255,239,0,230,207,52
255,239,7,231,208,54
255,239,15,232,209,57
255,239,23,232,210,59
255,239,31,233,211,62
255,239,39,234,213,66
255,239,47,235,215,70
255,239,55,237,217,75
255,239,63,239,219,81
255,239,71,240,221,85
255,239,79,241,223,89
255,239,87,242,225,93
255,239,95,243,227,99
255,239,103,244,228,105
255,239,111,245,230,112
255,239,119,246,231,118
255,239,127,247,232,124
255,239,135,248,232,131
255,239,143,249,233,137
255,239,151,249,233,144
255,239,159,249,233,150
255,239,167,249,233,157
255,239,175,249,234,164
255,239,183,249,234,172
255,239,191,249,235,180
255,239,199,249,235,188
255,239,207,249,237,198
255,239,215,250,237,207
255,239,223,250,237,217
255,239,231,249,236,227
255,239,239,247,234,238
255,239,247,244,229,248
255,239,255,240,225,254
255,247,0,228,217,51
255,247,7,228,218,53
255,247,15,229,219,56
255,247,23,230,220,60
255,247,31,231,222,63
255,247,39,232,223,66
255,247,47,233,225,70
255,247,55,235,227,75
255,247,63,236,229,79
255,247,71,238,231,84
255,247,79,239,233,88
255,247,87,241,234,93
255,247,95,242,236,97
255,247,103,244,238,104
255,247,111,245,239,112
255,247,119,246,240,119
255,247,127,247,241,125
255,247,135,247,242,132
255,247,143,248,242,138
255,247,151,249,242,145
255,247,159,249,242,151
255,247,167,250,243,158
255,247,175,251,243,166
255,247,183,252,244,173
255,247,191,252,244,181
255,247,199,252,245,189
255,247,207,252,246,198
255,247,215,253,247,207
255,247,223,253,247,217
255,247,231,252,247,227
255,247,239,250,246,237
255,247,247,248,243,247
255,247,255,245,238,254
255,255,0,225,227,50
255,255,7,226,228,52
255,255,15,226,229,55
255,255,23,227,230,58
255,255,31,229,232,62
255,255,39,230,233,67
255,255,47,231,235,70
255,255,55,232,237,74
255,255,63,234,238,78
255,255,71,235,240,82
255,255,79,237,242,87
255,255,87,238,244,91
255,255,95,239,245,96
255,255,103,241,246,102
255,255,111,242,247,110
255,255,119,244,248,119
255,255,127,245,249,126
255,255,135,246,250,133
255,255,143,247,250,139
255,255,151,249,251,146
255,255,159,250,251,153
255,255,167,251,251,160
255,255,175,251,251,168
255,255,183,250,251,175
255,255,191,251,252,183
255,255,199,250,252,191
255,255,207,251,253,199
255,255,215,252,253,208
255,255,223,253,254,217
255,255,231,253,254,226
255,255,239,253,254,236
255,255,247,253,255,247
255,255,255,255,255,255
