3D,ASK-2500HQ,FF TRAMP3_B2L_S4,V110308,sRGB-hRGB-fPD-Lab,I2_42+V110222
0,0,0,0,0,0
0,0,7,2,3,15
0,0,15,2,3,28
0,0,23,2,4,43
0,0,31,2,5,55
0,0,39,2,6,66
0,0,47,3,7,80
0,0,55,3,7,94
0,0,63,3,8,112
0,0,71,3,8,125
0,0,79,3,9,143
0,0,87,4,10,161
0,0,95,3,11,175
0,0,103,5,12,189
0,0,111,6,13,199
0,0,119,8,15,209
0,0,127,10,16,217
0,0,135,13,18,221
0,0,143,15,20,226
0,0,151,18,22,228
0,0,159,21,23,230
0,0,167,23,24,232
0,0,175,26,26,234
0,0,183,28,28,235
0,0,191,32,30,237
0,0,199,33,31,239
0,0,207,34,31,242
0,0,215,35,32,244
0,0,223,38,34,247
0,0,231,39,37,249
0,0,239,41,39,252
0,0,247,42,40,254
0,0,255,44,42,255
0,7,0,2,12,5
0,7,7,2,11,15
0,7,15,2,10,26
0,7,23,2,10,39
0,7,31,3,11,51
0,7,39,2,12,62
0,7,47,3,13,76
0,7,55,4,13,89
0,7,63,3,14,104
0,7,71,5,15,118
0,7,79,5,16,133
0,7,87,5,17,149
0,7,95,6,18,167
0,7,103,6,18,183
0,7,111,9,20,193
0,7,119,11,22,203
0,7,127,13,24,211
0,7,135,15,24,218
0,7,143,18,27,222
0,7,151,21,29,225
0,7,159,24,31,228
0,7,167,27,33,231
0,7,175,29,34,233
0,7,183,31,35,234
0,7,191,33,36,236
0,7,199,37,38,239
0,7,207,38,40,241
0,7,215,38,39,244
0,7,223,39,40,246
0,7,231,41,42,249
0,7,239,44,45,251
0,7,247,45,46,254
0,7,255,46,47,254
0,15,0,3,21,6
0,15,7,3,20,13
0,15,15,3,18,24
0,15,23,3,18,36
0,15,31,3,18,47
0,15,39,4,19,58
0,15,47,5,19,71
0,15,55,5,20,83
0,15,63,6,21,98
0,15,71,6,22,110
0,15,79,7,23,126
0,15,87,6,23,143
0,15,95,8,24,158
0,15,103,10,26,172
0,15,111,11,27,185
0,15,119,14,29,198
0,15,127,16,31,206
0,15,135,18,32,212
0,15,143,21,34,219
0,15,151,23,36,223
0,15,159,26,38,226
0,15,167,30,40,229
0,15,175,34,42,231
0,15,183,35,43,233
0,15,191,36,44,236
0,15,199,38,45,238
0,15,207,40,46,241
0,15,215,42,48,243
0,15,223,42,48,246
0,15,231,44,48,248
0,15,239,45,49,251
0,15,247,47,52,253
0,15,255,49,52,254
0,23,0,4,34,5
0,23,7,4,32,11
0,23,15,4,30,21
0,23,23,4,28,32
0,23,31,5,28,43
0,23,39,6,28,53
0,23,47,6,29,66
0,23,55,7,29,77
0,23,63,8,30,91
0,23,71,9,31,102
0,23,79,9,31,116
0,23,87,10,32,131
0,23,95,11,32,147
0,23,103,11,34,161
0,23,111,14,35,174
0,23,119,16,36,188
0,23,127,19,38,200
0,23,135,21,40,205
0,23,143,24,41,212
0,23,151,27,43,218
0,23,159,31,45,223
0,23,167,34,47,226
0,23,175,35,49,230
0,23,183,38,50,233
0,23,191,40,51,236
0,23,199,42,53,238
0,23,207,43,53,240
0,23,215,44,54,243
0,23,223,46,55,245
0,23,231,48,57,247
0,23,239,49,56,250
0,23,247,50,57,252
0,23,255,52,59,254
0,31,0,7,47,5
0,31,7,7,44,10
0,31,15,7,41,19
0,31,23,6,39,29
0,31,31,8,38,40
0,31,39,8,38,49
0,31,47,9,38,61
0,31,55,10,39,73
0,31,63,11,39,85
0,31,71,11,39,95
0,31,79,13,40,108
0,31,87,13,40,122
0,31,95,15,41,135
0,31,103,16,41,151
0,31,111,17,42,163
0,31,119,20,43,177
0,31,127,22,45,189
0,31,135,24,46,198
0,31,143,27,47,207
0,31,151,29,49,213
0,31,159,32,51,219
0,31,167,35,52,226
0,31,175,37,54,229
0,31,183,39,55,232
0,31,191,42,57,236
0,31,199,43,58,238
0,31,207,44,59,241
0,31,215,47,60,243
0,31,223,49,61,245
0,31,231,49,61,248
0,31,239,52,62,250
0,31,247,54,62,252
0,31,255,54,63,254
0,39,0,11,60,4
0,39,7,10,57,9
0,39,15,9,54,18
0,39,23,10,51,27
0,39,31,11,50,37
0,39,39,11,49,46
0,39,47,12,49,57
0,39,55,13,49,68
0,39,63,14,49,80
0,39,71,15,49,89
0,39,79,15,49,101
0,39,87,15,49,113
0,39,95,17,49,127
0,39,103,18,49,140
0,39,111,19,49,154
0,39,119,21,50,170
0,39,127,22,51,183
0,39,135,24,51,193
0,39,143,25,52,204
0,39,151,26,54,214
0,39,159,31,55,219
0,39,167,35,57,224
0,39,175,39,58,229
0,39,183,42,60,232
0,39,191,43,61,236
0,39,199,45,62,239
0,39,207,48,63,241
0,39,215,49,63,243
0,39,223,51,64,246
0,39,231,53,65,248
0,39,239,54,65,251
0,39,247,56,65,252
0,39,255,58,67,254
0,47,0,13,72,4
0,47,7,12,68,9
0,47,15,13,65,17
0,47,23,13,62,26
0,47,31,13,60,35
0,47,39,14,59,43
0,47,47,14,58,53
0,47,55,17,58,64
0,47,63,17,58,75
0,47,71,17,58,84
0,47,79,18,58,95
0,47,87,20,58,108
0,47,95,20,57,119
0,47,103,21,57,133
0,47,111,22,57,145
0,47,119,24,57,160
0,47,127,25,57,173
0,47,135,26,57,184
0,47,143,29,58,196
0,47,151,31,59,205
0,47,159,34,60,214
0,47,167,38,61,222
0,47,175,41,62,227
0,47,183,43,63,233
0,47,191,46,65,237
0,47,199,48,66,240
0,47,207,50,66,243
0,47,215,51,67,244
0,47,223,53,67,247
0,47,231,55,67,249
0,47,239,56,68,251
0,47,247,58,68,253
0,47,255,59,68,254
0,55,0,16,84,4
0,55,7,15,80,9
0,55,15,15,76,16
0,55,23,15,73,25
0,55,31,17,71,33
0,55,39,18,70,41
0,55,47,19,69,52
0,55,55,21,68,61
0,55,63,20,67,71
0,55,71,21,67,80
0,55,79,23,67,90
0,55,87,23,67,101
0,55,95,25,66,112
0,55,103,24,66,124
0,55,111,24,65,136
0,55,119,25,65,151
0,55,127,26,64,164
0,55,135,27,64,175
0,55,143,27,64,190
0,55,151,28,65,202
0,55,159,32,65,210
0,55,167,37,66,218
0,55,175,40,67,226
0,55,183,43,68,231
0,55,191,45,68,236
0,55,199,47,69,240
0,55,207,50,70,243
0,55,215,53,71,245
0,55,223,55,71,247
0,55,231,56,71,249
0,55,239,58,70,251
0,55,247,59,70,253
0,55,255,61,70,255
0,63,0,19,93,5
0,63,7,20,90,10
0,63,15,19,87,16
0,63,23,19,84,25
0,63,31,20,81,33
0,63,39,21,80,40
0,63,47,22,79,49
0,63,55,24,78,59
0,63,63,25,77,69
0,63,71,24,76,76
0,63,79,26,76,86
0,63,87,28,75,96
0,63,95,28,75,107
0,63,103,28,74,118
0,63,111,28,73,128
0,63,119,29,72,141
0,63,127,29,72,155
0,63,135,29,72,166
0,63,143,31,71,180
0,63,151,32,71,191
0,63,159,34,71,204
0,63,167,37,71,214
0,63,175,40,72,222
0,63,183,43,72,229
0,63,191,47,73,234
0,63,199,49,73,239
0,63,207,51,74,242
0,63,215,54,74,244
0,63,223,56,74,247
0,63,231,58,74,249
0,63,239,59,74,251
0,63,247,61,73,253
0,63,255,63,72,254
0,71,0,22,104,5
0,71,7,22,102,10
0,71,15,23,98,17
0,71,23,24,95,25
0,71,31,24,93,33
0,71,39,25,91,39
0,71,47,26,90,48
0,71,55,27,89,56
0,71,63,28,87,66
0,71,71,28,86,73
0,71,79,31,86,82
0,71,87,31,85,91
0,71,95,31,84,100
0,71,103,31,83,111
0,71,111,31,82,120
0,71,119,31,81,133
0,71,127,32,81,145
0,71,135,33,80,156
0,71,143,34,79,169
0,71,151,35,79,181
0,71,159,36,78,193
0,71,167,39,78,205
0,71,175,42,78,216
0,71,183,44,78,223
0,71,191,47,78,231
0,71,199,51,78,237
0,71,207,54,78,240
0,71,215,55,78,244
0,71,223,58,78,246
0,71,231,60,78,249
0,71,239,61,77,251
0,71,247,63,77,253
0,71,255,64,76,254
0,79,0,23,114,6
0,79,7,23,111,10
0,79,15,24,108,17
0,79,23,26,105,25
0,79,31,27,102,32
0,79,39,29,101,39
0,79,47,29,99,47
0,79,55,29,97,55
0,79,63,31,96,64
0,79,71,31,95,71
0,79,79,31,94,79
0,79,87,34,93,87
0,79,95,34,92,96
0,79,103,34,91,106
0,79,111,34,90,115
0,79,119,35,89,126
0,79,127,35,88,138
0,79,135,35,87,148
0,79,143,37,86,161
0,79,151,38,85,172
0,79,159,38,84,186
0,79,167,40,84,199
0,79,175,42,83,210
0,79,183,45,82,221
0,79,191,47,82,229
0,79,199,50,82,236
0,79,207,53,81,241
0,79,215,56,81,244
0,79,223,58,81,247
0,79,231,60,80,249
0,79,239,61,80,251
0,79,247,63,80,253
0,79,255,65,79,254
0,87,0,27,123,7
0,87,7,28,120,12
0,87,15,28,118,17
0,87,23,28,114,25
0,87,31,30,113,32
0,87,39,31,111,38
0,87,47,33,110,46
0,87,55,34,108,53
0,87,63,33,106,62
0,87,71,34,105,68
0,87,79,35,104,76
0,87,87,36,103,85
0,87,95,35,101,92
0,87,103,36,100,101
0,87,111,37,99,108
0,87,119,37,98,121
0,87,127,37,96,131
0,87,135,38,95,141
0,87,143,38,94,153
0,87,151,39,93,164
0,87,159,40,92,177
0,87,167,42,91,190
0,87,175,44,90,202
0,87,183,46,89,213
0,87,191,48,88,225
0,87,199,51,87,232
0,87,207,53,86,239
0,87,215,57,85,243
0,87,223,59,84,247
0,87,231,61,84,250
0,87,239,63,83,251
0,87,247,64,83,252
0,87,255,66,82,253
0,95,0,29,133,8
0,95,7,29,130,12
0,95,15,31,127,18
0,95,23,31,124,25
0,95,31,33,122,32
0,95,39,33,120,38
0,95,47,34,119,46
0,95,55,36,117,52
0,95,63,37,115,61
0,95,71,37,114,66
0,95,79,37,113,74
0,95,87,38,111,82
0,95,95,37,110,89
0,95,103,35,108,96
0,95,111,37,107,105
0,95,119,40,106,114
0,95,127,39,104,125
0,95,135,38,103,134
0,95,143,39,101,146
0,95,151,40,100,157
0,95,159,42,99,170
0,95,167,43,97,183
0,95,175,45,96,196
0,95,183,47,94,208
0,95,191,49,93,220
0,95,199,51,92,230
0,95,207,54,90,237
0,95,215,56,89,243
0,95,223,60,88,247
0,95,231,62,87,250
0,95,239,64,87,252
0,95,247,66,86,253
0,95,255,67,85,253
0,103,0,28,144,8
0,103,7,29,141,12
0,103,15,31,137,18
0,103,23,33,134,25
0,103,31,35,132,32
0,103,39,36,130,38
0,103,47,37,128,45
0,103,55,37,126,51
0,103,63,38,125,59
0,103,71,39,123,65
0,103,79,40,122,72
0,103,87,39,120,79
0,103,95,40,118,86
0,103,103,40,117,93
0,103,111,41,116,100
0,103,119,42,114,110
0,103,127,42,113,118
0,103,135,40,111,128
0,103,143,40,109,139
0,103,151,41,108,149
0,103,159,42,106,162
0,103,167,45,104,175
0,103,175,47,103,188
0,103,183,48,101,200
0,103,191,50,99,214
0,103,199,53,97,225
0,103,207,55,96,234
0,103,215,57,94,240
0,103,223,59,93,247
0,103,231,61,91,250
0,103,239,64,90,252
0,103,247,66,89,253
0,103,255,68,88,254
0,111,0,27,156,9
0,111,7,28,153,12
0,111,15,31,149,17
0,111,23,34,144,24
0,111,31,35,142,31
0,111,39,37,140,37
0,111,47,39,138,44
0,111,55,40,136,50
0,111,63,39,134,57
0,111,71,39,133,62
0,111,79,41,131,69
0,111,87,42,129,77
0,111,95,42,128,83
0,111,103,42,126,90
0,111,111,42,125,97
0,111,119,43,123,105
0,111,127,43,121,114
0,111,135,44,120,122
0,111,143,43,118,132
0,111,151,43,116,142
0,111,159,45,114,153
0,111,167,47,112,167
0,111,175,47,111,180
0,111,183,48,109,193
0,111,191,49,106,207
0,111,199,50,104,220
0,111,207,54,102,230
0,111,215,57,100,239
0,111,223,60,98,245
0,111,231,61,96,250
0,111,239,64,94,253
0,111,247,66,93,254
0,111,255,69,92,254
0,119,0,34,163,10
0,119,7,35,160,14
0,119,15,35,157,18
0,119,23,34,153,24
0,119,31,35,151,30
0,119,39,37,149,37
0,119,47,39,147,44
0,119,55,41,145,49
0,119,63,42,143,56
0,119,71,40,141,61
0,119,79,41,139,67
0,119,87,42,138,74
0,119,95,44,136,81
0,119,103,44,134,88
0,119,111,45,133,94
0,119,119,44,131,102
0,119,127,44,129,109
0,119,135,44,128,117
0,119,143,45,126,126
0,119,151,46,124,136
0,119,159,45,122,147
0,119,167,47,120,159
0,119,175,48,118,172
0,119,183,49,116,186
0,119,191,50,113,201
0,119,199,50,110,215
0,119,207,52,108,226
0,119,215,56,106,235
0,119,223,60,103,244
0,119,231,62,101,249
0,119,239,65,99,253
0,119,247,67,97,254
0,119,255,70,95,254
0,127,0,34,175,10
0,127,7,35,172,14
0,127,15,37,168,19
0,127,23,37,165,24
0,127,31,38,162,30
0,127,39,38,160,35
0,127,47,39,157,42
0,127,55,41,156,48
0,127,63,42,154,55
0,127,71,43,152,59
0,127,79,45,150,65
0,127,87,44,148,71
0,127,95,43,146,77
0,127,103,44,144,84
0,127,111,45,143,90
0,127,119,46,141,98
0,127,127,46,139,106
0,127,135,45,138,112
0,127,143,45,136,121
0,127,151,46,134,128
0,127,159,47,132,139
0,127,167,48,130,151
0,127,175,48,127,164
0,127,183,49,125,177
0,127,191,51,122,192
0,127,199,53,119,207
0,127,207,55,116,219
0,127,215,58,113,230
0,127,223,60,110,241
0,127,231,63,107,247
0,127,239,64,104,252
0,127,247,67,102,254
0,127,255,70,100,255
0,135,0,35,186,10
0,135,7,35,184,14
0,135,15,36,180,18
0,135,23,37,176,24
0,135,31,38,173,30
0,135,39,39,170,35
0,135,47,40,167,41
0,135,55,41,165,47
0,135,63,41,163,53
0,135,71,43,162,58
0,135,79,44,160,63
0,135,87,46,157,70
0,135,95,46,155,75
0,135,103,45,153,82
0,135,111,45,152,87
0,135,119,46,150,95
0,135,127,48,148,101
0,135,135,47,146,108
0,135,143,47,145,116
0,135,151,46,143,124
0,135,159,47,141,133
0,135,167,48,138,144
0,135,175,49,136,156
0,135,183,50,133,169
0,135,191,51,130,184
0,135,199,53,127,199
0,135,207,56,123,213
0,135,215,57,120,225
0,135,223,61,116,238
0,135,231,62,113,246
0,135,239,65,110,251
0,135,247,67,107,255
0,135,255,70,104,255
0,143,0,37,196,12
0,143,7,37,194,14
0,143,15,38,191,18
0,143,23,38,187,24
0,143,31,39,184,29
0,143,39,40,181,34
0,143,47,41,178,40
0,143,55,42,176,46
0,143,63,40,173,51
0,143,71,42,171,56
0,143,79,44,169,62
0,143,87,46,167,68
0,143,95,47,165,73
0,143,103,47,163,79
0,143,111,47,161,85
0,143,119,47,159,92
0,143,127,47,157,98
0,143,135,48,156,104
0,143,143,48,154,112
0,143,151,49,152,118
0,143,159,49,150,128
0,143,167,48,148,138
0,143,175,49,145,149
0,143,183,49,142,161
0,143,191,52,139,176
0,143,199,53,136,191
0,143,207,56,132,205
0,143,215,58,128,219
0,143,223,60,124,233
0,143,231,62,120,243
0,143,239,64,116,251
0,143,247,67,112,253
0,143,255,70,109,255
0,151,0,40,206,14
0,151,7,40,204,16
0,151,15,40,201,19
0,151,23,40,198,24
0,151,31,40,194,29
0,151,39,40,192,34
0,151,47,41,189,40
0,151,55,43,186,45
0,151,63,44,183,51
0,151,71,45,181,55
0,151,79,46,179,61
0,151,87,45,177,66
0,151,95,46,175,71
0,151,103,47,173,77
0,151,111,48,171,82
0,151,119,49,169,89
0,151,127,48,167,95
0,151,135,48,166,100
0,151,143,49,164,107
0,151,151,49,162,114
0,151,159,51,160,122
0,151,167,51,157,132
0,151,175,50,156,143
0,151,183,50,153,154
0,151,191,51,149,168
0,151,199,54,145,182
0,151,207,55,142,197
0,151,215,57,138,211
0,151,223,60,133,227
0,151,231,62,128,238
0,151,239,64,123,249
0,151,247,67,119,254
0,151,255,69,114,255
0,159,0,40,215,14
0,159,7,41,213,17
0,159,15,41,210,20
0,159,23,42,207,25
0,159,31,43,203,30
0,159,39,42,201,34
0,159,47,42,198,39
0,159,55,42,196,44
0,159,63,44,193,50
0,159,71,45,191,54
0,159,79,46,189,59
0,159,87,47,187,65
0,159,95,47,185,69
0,159,103,47,183,75
0,159,111,48,182,80
0,159,119,49,179,86
0,159,127,50,177,92
0,159,135,50,176,97
0,159,143,50,174,104
0,159,151,50,173,110
0,159,159,50,170,118
0,159,167,52,168,126
0,159,175,52,166,137
0,159,183,52,163,147
0,159,191,51,160,160
0,159,199,53,156,174
0,159,207,55,152,188
0,159,215,57,148,203
0,159,223,59,143,220
0,159,231,62,137,232
0,159,239,65,131,245
0,159,247,67,126,254
0,159,255,70,121,255
0,167,0,40,221,15
0,167,7,41,220,18
0,167,15,42,217,22
0,167,23,43,215,26
0,167,31,43,212,30
0,167,39,44,209,35
0,167,47,45,207,40
0,167,55,44,205,44
0,167,63,44,203,50
0,167,71,45,201,53
0,167,79,46,198,58
0,167,87,47,196,63
0,167,95,48,194,68
0,167,103,49,193,73
0,167,111,48,192,78
0,167,119,49,190,83
0,167,127,49,188,89
0,167,135,50,186,94
0,167,143,52,184,100
0,167,151,51,183,106
0,167,159,50,182,113
0,167,167,51,179,122
0,167,175,53,177,130
0,167,183,53,174,140
0,167,191,54,171,153
0,167,199,54,167,166
0,167,207,55,164,180
0,167,215,56,159,194
0,167,223,60,153,212
0,167,231,61,148,226
0,167,239,65,140,241
0,167,247,68,134,250
0,167,255,71,128,255
0,175,0,41,227,17
0,175,7,42,226,19
0,175,15,42,224,22
0,175,23,43,221,27
0,175,31,44,219,31
0,175,39,45,217,35
0,175,47,45,214,40
0,175,55,46,212,44
0,175,63,46,211,50
0,175,71,46,209,53
0,175,79,46,207,58
0,175,87,47,205,62
0,175,95,48,203,67
0,175,103,49,202,72
0,175,111,49,201,76
0,175,119,50,200,82
0,175,127,50,198,86
0,175,135,50,197,91
0,175,143,51,195,97
0,175,151,53,193,102
0,175,159,52,192,109
0,175,167,52,191,116
0,175,175,52,188,125
0,175,183,54,186,134
0,175,191,54,183,146
0,175,199,56,179,158
0,175,207,56,175,172
0,175,215,56,171,186
0,175,223,58,164,204
0,175,231,62,158,219
0,175,239,65,150,236
0,175,247,68,143,247
0,175,255,71,136,254
0,183,0,44,232,20
0,183,7,44,231,22
0,183,15,44,230,24
0,183,23,44,228,28
0,183,31,45,226,32
0,183,39,45,224,35
0,183,47,46,222,40
0,183,55,46,220,44
0,183,63,47,218,49
0,183,71,48,218,53
0,183,79,49,217,57
0,183,87,48,215,62
0,183,95,48,214,66
0,183,103,49,212,70
0,183,111,50,211,74
0,183,119,51,210,79
0,183,127,51,209,84
0,183,135,51,209,88
0,183,143,51,207,93
0,183,151,52,206,98
0,183,159,53,204,104
0,183,167,54,203,111
0,183,175,56,201,118
0,183,183,56,199,127
0,183,191,55,197,138
0,183,199,56,193,150
0,183,207,57,189,162
0,183,215,58,185,176
0,183,223,59,179,195
0,183,231,61,172,210
0,183,239,65,163,230
0,183,247,68,156,245
0,183,255,72,148,252
0,191,0,46,235,23
0,191,7,46,235,24
0,191,15,46,234,26
0,191,23,46,234,29
0,191,31,47,232,33
0,191,39,46,231,36
0,191,47,47,229,40
0,191,55,47,228,44
0,191,63,48,226,48
0,191,71,48,225,52
0,191,79,49,224,56
0,191,87,50,223,61
0,191,95,51,222,66
0,191,103,50,221,69
0,191,111,51,220,73
0,191,119,51,219,78
0,191,127,52,218,82
0,191,135,53,218,85
0,191,143,53,217,90
0,191,151,53,216,95
0,191,159,53,216,100
0,191,167,54,214,106
0,191,175,55,213,113
0,191,183,57,211,120
0,191,191,57,209,130
0,191,199,57,206,141
0,191,207,57,203,154
0,191,215,58,199,166
0,191,223,60,193,185
0,191,231,61,187,201
0,191,239,64,178,222
0,191,247,68,170,238
0,191,255,72,161,252
0,199,0,48,238,24
0,199,7,48,238,26
0,199,15,49,238,28
0,199,23,48,237,31
0,199,31,48,237,34
0,199,39,48,236,37
0,199,47,48,235,40
0,199,55,48,234,44
0,199,63,48,233,48
0,199,71,49,232,51
0,199,79,49,230,55
0,199,87,51,229,60
0,199,95,51,229,64
0,199,103,52,228,68
0,199,111,53,228,72
0,199,119,53,228,76
0,199,127,53,227,80
0,199,135,53,226,83
0,199,143,54,225,87
0,199,151,55,225,91
0,199,159,55,224,96
0,199,167,54,224,102
0,199,175,55,223,108
0,199,183,56,222,114
0,199,191,58,220,123
0,199,199,58,217,133
0,199,207,59,215,145
0,199,215,59,212,158
0,199,223,60,207,175
0,199,231,62,201,192
0,199,239,65,193,213
0,199,247,67,184,232
0,199,255,71,175,248
0,207,0,48,240,25
0,207,7,49,240,26
0,207,15,49,240,29
0,207,23,50,240,32
0,207,31,50,240,34
0,207,39,50,240,37
0,207,47,50,239,41
0,207,55,50,239,44
0,207,63,50,238,48
0,207,71,50,237,51
0,207,79,50,236,54
0,207,87,51,235,58
0,207,95,52,235,62
0,207,103,52,234,66
0,207,111,54,233,70
0,207,119,54,233,74
0,207,127,53,234,77
0,207,135,53,233,80
0,207,143,54,233,84
0,207,151,55,233,88
0,207,159,56,232,92
0,207,167,57,231,97
0,207,175,57,230,103
0,207,183,56,231,109
0,207,191,57,230,117
0,207,199,59,228,126
0,207,207,60,226,136
0,207,215,61,223,148
0,207,223,61,219,166
0,207,231,62,214,183
0,207,239,65,207,205
0,207,247,68,199,225
0,207,255,71,190,244
0,215,0,49,242,26
0,215,7,49,242,27
0,215,15,50,243,29
0,215,23,51,243,32
0,215,31,51,243,35
0,215,39,52,243,38
0,215,47,52,243,41
0,215,55,52,243,44
0,215,63,52,242,48
0,215,71,52,242,51
0,215,79,52,241,54
0,215,87,52,241,57
0,215,95,52,240,61
0,215,103,53,240,64
0,215,111,54,239,68
0,215,119,55,239,72
0,215,127,55,239,75
0,215,135,55,239,78
0,215,143,56,239,81
0,215,151,57,239,85
0,215,159,57,239,88
0,215,167,57,239,93
0,215,175,57,238,98
0,215,183,58,238,103
0,215,191,59,237,110
0,215,199,60,237,119
0,215,207,60,236,128
0,215,215,61,234,139
0,215,223,62,231,156
0,215,231,63,228,173
0,215,239,65,222,195
0,215,247,67,215,216
0,215,255,71,207,240
0,223,0,51,245,27
0,223,7,51,245,28
0,223,15,51,245,30
0,223,23,51,246,32
0,223,31,52,246,35
0,223,39,52,246,38
0,223,47,53,246,41
0,223,55,54,246,44
0,223,63,54,246,48
0,223,71,55,246,50
0,223,79,55,245,53
0,223,87,55,245,57
0,223,95,55,245,60
0,223,103,55,245,63
0,223,111,55,245,66
0,223,119,55,245,69
0,223,127,56,244,72
0,223,135,56,244,75
0,223,143,57,244,78
0,223,151,58,244,81
0,223,159,58,245,85
0,223,167,59,245,89
0,223,175,59,245,93
0,223,183,59,245,98
0,223,191,59,245,105
0,223,199,60,245,112
0,223,207,61,244,121
0,223,215,62,244,130
0,223,223,63,242,146
0,223,231,64,240,162
0,223,239,66,236,183
0,223,247,69,231,206
0,223,255,71,224,230
0,231,0,52,248,28
0,231,7,52,248,29
0,231,15,53,248,31
0,231,23,53,248,33
0,231,31,53,248,35
0,231,39,54,249,38
0,231,47,54,249,41
0,231,55,54,249,44
0,231,63,55,249,47
0,231,71,55,249,49
0,231,79,56,249,52
0,231,87,56,249,55
0,231,95,57,249,58
0,231,103,57,249,61
0,231,111,57,249,64
0,231,119,58,249,68
0,231,127,58,249,70
0,231,135,58,249,73
0,231,143,58,249,76
0,231,151,58,249,78
0,231,159,58,249,81
0,231,167,59,249,85
0,231,175,59,249,89
0,231,183,60,250,93
0,231,191,61,250,100
0,231,199,61,250,107
0,231,207,61,250,115
0,231,215,62,250,124
0,231,223,64,249,138
0,231,231,65,249,152
0,231,239,66,246,173
0,231,247,68,243,195
0,231,255,71,239,221
0,239,0,53,250,28
0,239,7,53,250,29
0,239,15,54,251,31
0,239,23,55,251,33
0,239,31,55,251,35
0,239,39,55,251,37
0,239,47,55,251,40
0,239,55,56,251,43
0,239,63,56,251,46
0,239,71,56,251,49
0,239,79,56,251,51
0,239,87,56,251,54
0,239,95,57,251,56
0,239,103,57,251,59
0,239,111,58,251,62
0,239,119,59,252,65
0,239,127,59,252,68
0,239,135,60,252,70
0,239,143,60,252,73
0,239,151,60,252,76
0,239,159,60,252,79
0,239,167,60,252,82
0,239,175,60,252,85
0,239,183,60,252,89
0,239,191,61,253,95
0,239,199,61,253,101
0,239,207,62,253,109
0,239,215,63,253,118
0,239,223,63,253,130
0,239,231,65,253,144
0,239,239,67,253,164
0,239,247,69,252,185
0,239,255,71,250,210
0,247,0,53,252,28
0,247,7,54,252,29
0,247,15,54,252,31
0,247,23,55,252,33
0,247,31,55,252,35
0,247,39,56,252,37
0,247,47,56,252,40
0,247,55,57,252,42
0,247,63,57,252,45
0,247,71,57,252,48
0,247,79,57,252,50
0,247,87,58,252,53
0,247,95,58,252,55
0,247,103,58,252,57
0,247,111,58,252,60
0,247,119,59,252,63
0,247,127,59,253,65
0,247,135,60,253,68
0,247,143,60,253,71
0,247,151,61,253,73
0,247,159,61,253,76
0,247,167,61,253,80
0,247,175,61,253,83
0,247,183,61,253,86
0,247,191,61,253,91
0,247,199,62,253,97
0,247,207,62,254,104
0,247,215,63,254,113
0,247,223,64,254,125
0,247,231,65,254,138
0,247,239,66,254,156
0,247,247,68,254,176
0,247,255,71,254,200
0,255,0,55,253,29
0,255,7,55,253,30
0,255,15,55,253,31
0,255,23,55,253,32
0,255,31,56,252,35
0,255,39,56,252,37
0,255,47,57,252,40
0,255,55,57,252,42
0,255,63,57,253,45
0,255,71,58,252,47
0,255,79,58,252,50
0,255,87,59,252,52
0,255,95,59,252,54
0,255,103,59,252,57
0,255,111,59,252,59
0,255,119,60,252,62
0,255,127,60,252,64
0,255,135,60,252,66
0,255,143,61,252,69
0,255,151,61,253,72
0,255,159,62,253,75
0,255,167,62,253,79
0,255,175,63,253,82
0,255,183,63,253,86
0,255,191,63,253,91
0,255,199,63,253,96
0,255,207,64,253,102
0,255,215,64,253,110
0,255,223,65,253,122
0,255,231,66,254,134
0,255,239,67,254,151
0,255,247,69,254,168
0,255,255,70,255,188
7,0,0,7,3,7
7,0,7,7,3,17
7,0,15,7,3,30
7,0,23,6,4,44
7,0,31,6,4,57
7,0,39,6,5,68
7,0,47,6,6,82
7,0,55,6,7,95
7,0,63,6,8,113
7,0,71,6,8,127
7,0,79,5,9,144
7,0,87,5,9,162
7,0,95,6,11,176
7,0,103,7,12,190
7,0,111,8,13,200
7,0,119,10,15,210
7,0,127,13,16,217
7,0,135,15,18,222
7,0,143,18,20,226
7,0,151,20,22,228
7,0,159,23,23,230
7,0,167,26,24,232
7,0,175,28,26,234
7,0,183,30,28,235
7,0,191,33,30,237
7,0,199,35,30,239
7,0,207,35,31,242
7,0,215,36,32,244
7,0,223,39,34,247
7,0,231,41,37,249
7,0,239,42,39,252
7,0,247,43,40,254
7,0,255,44,42,255
7,7,0,8,11,5
7,7,7,7,9,16
7,7,15,7,9,28
7,7,23,7,9,40
7,7,31,7,10,53
7,7,39,7,11,63
7,7,47,7,12,78
7,7,55,8,13,91
7,7,63,7,14,106
7,7,71,7,14,119
7,7,79,8,16,134
7,7,87,8,17,150
7,7,95,8,17,168
7,7,103,9,18,183
7,7,111,12,20,193
7,7,119,14,22,203
7,7,127,16,23,212
7,7,135,18,25,218
7,7,143,20,27,222
7,7,151,23,29,225
7,7,159,27,31,228
7,7,167,29,32,230
7,7,175,31,33,232
7,7,183,33,35,234
7,7,191,35,36,236
7,7,199,38,38,239
7,7,207,39,39,241
7,7,215,39,39,243
7,7,223,41,40,246
7,7,231,42,42,248
7,7,239,45,45,251
7,7,247,45,46,253
7,7,255,46,47,254
7,15,0,8,20,6
7,15,7,8,19,15
7,15,15,8,18,25
7,15,23,8,17,37
7,15,31,8,18,49
7,15,39,9,18,59
7,15,47,9,19,73
7,15,55,9,20,85
7,15,63,10,21,100
7,15,71,10,22,111
7,15,79,10,23,126
7,15,87,10,23,143
7,15,95,11,24,157
7,15,103,13,26,172
7,15,111,14,27,185
7,15,119,17,29,197
7,15,127,19,31,205
7,15,135,21,32,211
7,15,143,23,34,219
7,15,151,25,36,223
7,15,159,29,38,226
7,15,167,32,40,228
7,15,175,36,42,231
7,15,183,37,43,233
7,15,191,38,43,236
7,15,199,40,45,238
7,15,207,42,46,240
7,15,215,44,48,243
7,15,223,44,47,246
7,15,231,45,48,248
7,15,239,46,49,250
7,15,247,48,52,252
7,15,255,49,52,254
7,23,0,10,33,5
7,23,7,10,31,12
7,23,15,10,29,23
7,23,23,10,28,34
7,23,31,10,27,45
7,23,39,11,28,54
7,23,47,11,28,67
7,23,55,12,29,79
7,23,63,12,30,92
7,23,71,13,30,103
7,23,79,12,31,116
7,23,87,13,32,132
7,23,95,14,32,147
7,23,103,15,33,161
7,23,111,17,35,174
7,23,119,19,36,188
7,23,127,22,38,199
7,23,135,24,39,205
7,23,143,27,41,212
7,23,151,30,43,217
7,23,159,34,45,222
7,23,167,36,47,226
7,23,175,37,48,230
7,23,183,40,50,233
7,23,191,42,51,236
7,23,199,44,53,238
7,23,207,44,53,240
7,23,215,46,54,242
7,23,223,47,56,245
7,23,231,49,57,247
7,23,239,50,56,250
7,23,247,51,57,252
7,23,255,52,59,254
7,31,0,13,45,5
7,31,7,13,42,11
7,31,15,13,40,20
7,31,23,12,38,31
7,31,31,13,38,41
7,31,39,13,38,50
7,31,47,14,38,63
7,31,55,15,38,74
7,31,63,16,39,86
7,31,71,16,39,96
7,31,79,17,40,108
7,31,87,17,40,122
7,31,95,19,41,135
7,31,103,19,41,150
7,31,111,20,42,163
7,31,119,23,43,177
7,31,127,25,45,188
7,31,135,27,46,197
7,31,143,30,47,207
7,31,151,32,49,213
7,31,159,34,51,219
7,31,167,38,52,226
7,31,175,39,54,229
7,31,183,41,55,233
7,31,191,44,57,236
7,31,199,45,58,239
7,31,207,46,59,241
7,31,215,49,61,243
7,31,223,50,61,245
7,31,231,51,61,248
7,31,239,53,62,250
7,31,247,55,62,252
7,31,255,55,63,253
7,39,0,17,58,5
7,39,7,16,56,11
7,39,15,15,53,19
7,39,23,16,50,29
7,39,31,16,49,38
7,39,39,16,49,47
7,39,47,17,49,58
7,39,55,18,49,69
7,39,63,19,49,81
7,39,71,19,49,90
7,39,79,19,49,102
7,39,87,19,49,113
7,39,95,21,49,127
7,39,103,22,49,140
7,39,111,23,49,154
7,39,119,24,50,170
7,39,127,25,51,183
7,39,135,26,51,192
7,39,143,28,53,204
7,39,151,30,54,213
7,39,159,34,55,219
7,39,167,38,57,224
7,39,175,42,59,229
7,39,183,44,60,232
7,39,191,45,61,236
7,39,199,47,62,239
7,39,207,50,63,241
7,39,215,51,64,243
7,39,223,53,64,246
7,39,231,55,65,248
7,39,239,55,65,251
7,39,247,57,66,252
7,39,255,59,67,254
7,47,0,19,70,5
7,47,7,19,67,11
7,47,15,19,64,18
7,47,23,18,62,27
7,47,31,19,60,36
7,47,39,20,59,45
7,47,47,19,58,55
7,47,55,21,58,65
7,47,63,21,58,76
7,47,71,22,58,85
7,47,79,22,57,96
7,47,87,24,58,108
7,47,95,24,57,119
7,47,103,25,57,133
7,47,111,25,57,145
7,47,119,27,57,159
7,47,127,28,57,173
7,47,135,29,58,184
7,47,143,32,58,196
7,47,151,34,59,204
7,47,159,37,60,214
7,47,167,40,61,222
7,47,175,43,62,227
7,47,183,45,64,233
7,47,191,48,65,237
7,47,199,51,66,240
7,47,207,51,67,243
7,47,215,53,67,245
7,47,223,55,67,247
7,47,231,56,68,249
7,47,239,57,68,251
7,47,247,59,68,253
7,47,255,60,69,254
7,55,0,21,83,5
7,55,7,20,79,10
7,55,15,21,76,18
7,55,23,21,73,26
7,55,31,23,71,35
7,55,39,22,70,42
7,55,47,24,69,53
7,55,55,25,69,62
7,55,63,24,67,72
7,55,71,25,67,81
7,55,79,26,67,90
7,55,87,27,67,102
7,55,95,28,66,112
7,55,103,27,66,124
7,55,111,28,65,135
7,55,119,28,65,151
7,55,127,30,65,163
7,55,135,30,64,175
7,55,143,30,64,190
7,55,151,31,65,201
7,55,159,35,65,209
7,55,167,40,66,217
7,55,175,43,67,226
7,55,183,45,68,231
7,55,191,47,69,236
7,55,199,49,70,240
7,55,207,52,70,243
7,55,215,55,71,245
7,55,223,56,71,247
7,55,231,57,71,249
7,55,239,59,71,251
7,55,247,60,70,253
7,55,255,62,70,254
7,63,0,25,92,6
7,63,7,26,89,11
7,63,15,25,86,18
7,63,23,24,83,26
7,63,31,24,81,34
7,63,39,26,80,41
7,63,47,27,79,51
7,63,55,27,78,59
7,63,63,29,77,70
7,63,71,28,76,77
7,63,79,30,76,86
7,63,87,32,75,97
7,63,95,31,74,107
7,63,103,31,74,118
7,63,111,31,73,129
7,63,119,32,72,141
7,63,127,32,72,155
7,63,135,32,72,166
7,63,143,34,71,179
7,63,151,35,71,190
7,63,159,37,71,204
7,63,167,40,71,214
7,63,175,43,72,222
7,63,183,46,72,229
7,63,191,49,73,234
7,63,199,51,73,239
7,63,207,53,74,242
7,63,215,56,74,244
7,63,223,58,75,247
7,63,231,60,75,249
7,63,239,60,74,251
7,63,247,62,73,253
7,63,255,64,72,254
7,71,0,26,103,6
7,71,7,27,101,11
7,71,15,27,98,18
7,71,23,29,95,26
7,71,31,29,93,34
7,71,39,29,91,41
7,71,47,30,90,49
7,71,55,32,89,58
7,71,63,32,87,67
7,71,71,31,87,74
7,71,79,34,86,82
7,71,87,35,85,92
7,71,95,35,84,100
7,71,103,34,83,111
7,71,111,34,82,119
7,71,119,34,81,133
7,71,127,35,81,145
7,71,135,36,80,155
7,71,143,36,79,169
7,71,151,38,79,180
7,71,159,40,78,193
7,71,167,42,78,205
7,71,175,45,78,216
7,71,183,47,78,223
7,71,191,49,78,231
7,71,199,53,78,237
7,71,207,55,78,240
7,71,215,57,78,244
7,71,223,60,78,247
7,71,231,61,78,249
7,71,239,63,78,251
7,71,247,64,77,253
7,71,255,65,76,254
7,79,0,27,113,7
7,79,7,27,110,11
7,79,15,28,107,18
7,79,23,30,104,26
7,79,31,32,102,34
7,79,39,33,101,41
7,79,47,33,99,48
7,79,55,33,97,56
7,79,63,35,96,65
7,79,71,35,95,72
7,79,79,34,94,80
7,79,87,37,93,88
7,79,95,37,92,97
7,79,103,37,91,106
7,79,111,37,90,115
7,79,119,38,89,126
7,79,127,38,88,138
7,79,135,38,87,148
7,79,143,40,86,161
7,79,151,40,85,172
7,79,159,41,84,186
7,79,167,43,84,199
7,79,175,44,83,210
7,79,183,47,83,220
7,79,191,49,82,229
7,79,199,52,82,236
7,79,207,55,82,241
7,79,215,57,81,244
7,79,223,60,81,247
7,79,231,61,81,249
7,79,239,63,80,251
7,79,247,64,80,253
7,79,255,66,79,254
7,87,0,32,122,8
7,87,7,33,119,13
7,87,15,32,117,18
7,87,23,32,114,26
7,87,31,33,112,33
7,87,39,34,111,40
7,87,47,37,109,48
7,87,55,37,108,55
7,87,63,36,106,63
7,87,71,37,105,69
7,87,79,38,104,77
7,87,87,40,103,86
7,87,95,38,101,93
7,87,103,39,100,101
7,87,111,41,99,109
7,87,119,40,98,121
7,87,127,40,96,131
7,87,135,41,95,141
7,87,143,41,94,153
7,87,151,41,93,164
7,87,159,43,92,177
7,87,167,44,91,190
7,87,175,46,90,202
7,87,183,48,89,213
7,87,191,51,88,225
7,87,199,53,87,232
7,87,207,55,86,239
7,87,215,59,86,243
7,87,223,60,85,247
7,87,231,62,84,250
7,87,239,64,83,251
7,87,247,65,83,253
7,87,255,67,82,253
7,95,0,32,132,9
7,95,7,33,129,13
7,95,15,35,126,19
7,95,23,36,123,26
7,95,31,37,121,33
7,95,39,36,120,39
7,95,47,37,118,47
7,95,55,39,117,54
7,95,63,41,115,62
7,95,71,40,114,68
7,95,79,40,112,75
7,95,87,41,111,83
7,95,95,40,110,90
7,95,103,39,108,97
7,95,111,40,107,105
7,95,119,43,106,114
7,95,127,42,104,125
7,95,135,41,103,134
7,95,143,41,101,146
7,95,151,42,100,157
7,95,159,45,99,170
7,95,167,45,97,183
7,95,175,47,96,196
7,95,183,50,94,208
7,95,191,51,93,220
7,95,199,54,92,230
7,95,207,56,91,237
7,95,215,58,90,243
7,95,223,62,88,247
7,95,231,63,88,250
7,95,239,66,87,252
7,95,247,67,86,253
7,95,255,68,85,253
7,103,0,32,142,9
7,103,7,33,140,13
7,103,15,35,136,19
7,103,23,37,133,26
7,103,31,38,131,33
7,103,39,40,129,39
7,103,47,40,127,46
7,103,55,40,126,52
7,103,63,41,125,60
7,103,71,43,123,66
7,103,79,44,122,73
7,103,87,41,120,80
7,103,95,42,118,87
7,103,103,43,117,94
7,103,111,45,116,101
7,103,119,45,114,111
7,103,127,44,113,119
7,103,135,43,111,128
7,103,143,43,109,139
7,103,151,43,108,149
7,103,159,45,106,162
7,103,167,47,104,175
7,103,175,49,103,188
7,103,183,50,101,200
7,103,191,53,99,214
7,103,199,55,97,225
7,103,207,57,96,234
7,103,215,59,94,240
7,103,223,61,93,247
7,103,231,63,92,250
7,103,239,65,90,252
7,103,247,67,89,253
7,103,255,69,89,254
7,111,0,30,154,10
7,111,7,31,152,13
7,111,15,34,148,18
7,111,23,37,143,26
7,111,31,38,141,32
7,111,39,40,140,38
7,111,47,42,138,46
7,111,55,43,135,51
7,111,63,42,134,58
7,111,71,42,132,63
7,111,79,44,131,70
7,111,87,45,129,78
7,111,95,46,128,84
7,111,103,45,126,91
7,111,111,45,124,97
7,111,119,46,123,105
7,111,127,46,121,114
7,111,135,47,120,122
7,111,143,46,118,132
7,111,151,46,116,142
7,111,159,48,114,153
7,111,167,49,112,167
7,111,175,49,111,180
7,111,183,50,109,193
7,111,191,51,106,208
7,111,199,53,104,220
7,111,207,56,102,230
7,111,215,59,100,238
7,111,223,62,98,245
7,111,231,63,96,250
7,111,239,65,95,253
7,111,247,68,93,254
7,111,255,70,92,254
7,119,0,37,161,11
7,119,7,38,158,15
7,119,15,38,155,19
7,119,23,37,152,25
7,119,31,38,150,31
7,119,39,40,148,38
7,119,47,42,146,45
7,119,55,44,145,50
7,119,63,45,142,57
7,119,71,43,140,62
7,119,79,43,139,68
7,119,87,45,137,75
7,119,95,46,136,81
7,119,103,47,134,88
7,119,111,47,133,95
7,119,119,46,131,103
7,119,127,47,129,110
7,119,135,47,128,117
7,119,143,48,126,127
7,119,151,48,124,136
7,119,159,48,122,147
7,119,167,49,120,159
7,119,175,50,118,172
7,119,183,51,116,186
7,119,191,51,113,201
7,119,199,52,110,215
7,119,207,54,108,226
7,119,215,58,106,235
7,119,223,62,103,244
7,119,231,63,101,249
7,119,239,66,99,253
7,119,247,68,97,254
7,119,255,71,95,254
7,127,0,37,173,11
7,127,7,38,171,15
7,127,15,40,167,20
7,127,23,40,164,25
7,127,31,42,160,32
7,127,39,42,159,37
7,127,47,42,157,43
7,127,55,43,155,49
7,127,63,45,153,56
7,127,71,46,152,60
7,127,79,48,149,66
7,127,87,47,148,72
7,127,95,46,146,78
7,127,103,47,144,85
7,127,111,48,143,91
7,127,119,49,141,99
7,127,127,48,139,106
7,127,135,48,138,112
7,127,143,48,136,121
7,127,151,49,134,129
7,127,159,50,132,139
7,127,167,50,129,152
7,127,175,50,127,164
7,127,183,51,125,177
7,127,191,53,122,193
7,127,199,55,119,207
7,127,207,57,116,220
7,127,215,60,113,230
7,127,223,61,110,241
7,127,231,64,107,247
7,127,239,66,104,252
7,127,247,68,102,254
7,127,255,70,100,255
7,135,0,38,184,11
7,135,7,38,182,14
7,135,15,39,179,19
7,135,23,40,175,25
7,135,31,42,172,31
7,135,39,43,169,36
7,135,47,44,167,42
7,135,55,43,165,48
7,135,63,44,163,54
7,135,71,46,161,59
7,135,79,47,159,64
7,135,87,49,157,71
7,135,95,49,155,76
7,135,103,47,153,82
7,135,111,48,151,88
7,135,119,49,149,95
7,135,127,51,148,102
7,135,135,50,146,109
7,135,143,49,144,117
7,135,151,49,143,124
7,135,159,50,140,133
7,135,167,51,138,144
7,135,175,52,136,157
7,135,183,52,133,169
7,135,191,53,130,185
7,135,199,56,127,200
7,135,207,58,123,213
7,135,215,59,120,225
7,135,223,62,116,238
7,135,231,64,113,246
7,135,239,67,110,251
7,135,247,68,107,255
7,135,255,71,104,255
7,143,0,40,194,13
7,143,7,40,193,15
7,143,15,40,190,19
7,143,23,41,186,25
7,143,31,42,183,30
7,143,39,43,180,36
7,143,47,44,177,42
7,143,55,45,175,47
7,143,63,43,173,52
7,143,71,44,171,57
7,143,79,47,169,63
7,143,87,48,167,69
7,143,95,49,165,74
7,143,103,50,162,80
7,143,111,50,161,86
7,143,119,49,159,92
7,143,127,49,157,99
7,143,135,51,156,104
7,143,143,51,154,112
7,143,151,52,152,119
7,143,159,51,150,129
7,143,167,51,148,138
7,143,175,51,145,149
7,143,183,52,142,162
7,143,191,54,139,176
7,143,199,55,136,191
7,143,207,58,132,206
7,143,215,60,128,219
7,143,223,62,124,233
7,143,231,64,120,243
7,143,239,65,116,251
7,143,247,68,112,253
7,143,255,71,109,255
7,151,0,42,204,14
7,151,7,42,202,17
7,151,15,42,200,20
7,151,23,42,197,25
7,151,31,42,193,30
7,151,39,43,191,35
7,151,47,44,188,41
7,151,55,45,185,46
7,151,63,47,182,52
7,151,71,48,180,56
7,151,79,48,179,61
7,151,87,48,177,67
7,151,95,49,175,72
7,151,103,50,173,78
7,151,111,51,171,83
7,151,119,51,169,90
7,151,127,50,167,96
7,151,135,50,166,101
7,151,143,51,164,108
7,151,151,52,162,115
7,151,159,53,160,123
7,151,167,53,157,133
7,151,175,52,155,143
7,151,183,52,153,154
7,151,191,53,149,168
7,151,199,56,145,183
7,151,207,57,142,197
7,151,215,59,138,211
7,151,223,62,133,227
7,151,231,63,128,238
7,151,239,65,123,249
7,151,247,68,119,254
7,151,255,71,114,255
7,159,0,42,213,15
7,159,7,43,211,18
7,159,15,44,209,22
7,159,23,45,206,26
7,159,31,45,202,31
7,159,39,44,200,35
7,159,47,44,198,40
7,159,55,45,195,45
7,159,63,46,192,51
7,159,71,48,190,55
7,159,79,49,188,60
7,159,87,50,186,66
7,159,95,49,185,70
7,159,103,49,183,76
7,159,111,50,181,81
7,159,119,51,179,87
7,159,127,52,177,93
7,159,135,53,176,98
7,159,143,52,174,105
7,159,151,52,173,110
7,159,159,53,170,118
7,159,167,55,168,127
7,159,175,54,165,137
7,159,183,54,163,148
7,159,191,53,160,161
7,159,199,55,156,174
7,159,207,57,152,189
7,159,215,59,148,203
7,159,223,60,142,220
7,159,231,63,137,233
7,159,239,66,131,245
7,159,247,69,126,254
7,159,255,71,121,255
7,167,0,43,220,16
7,167,7,43,219,19
7,167,15,45,216,22
7,167,23,46,214,27
7,167,31,46,211,31
7,167,39,47,208,36
7,167,47,47,206,41
7,167,55,46,204,45
7,167,63,46,202,50
7,167,71,47,200,54
7,167,79,49,198,59
7,167,87,50,195,64
7,167,95,51,194,69
7,167,103,51,192,74
7,167,111,50,191,78
7,167,119,51,189,84
7,167,127,52,188,90
7,167,135,53,186,95
7,167,143,54,184,101
7,167,151,54,183,107
7,167,159,52,182,114
7,167,167,53,179,122
7,167,175,55,177,131
7,167,183,55,174,141
7,167,191,56,170,153
7,167,199,55,167,167
7,167,207,56,163,180
7,167,215,58,159,194
7,167,223,61,153,212
7,167,231,63,147,226
7,167,239,67,140,241
7,167,247,69,134,250
7,167,255,72,128,255
7,175,0,43,226,18
7,175,7,44,225,20
7,175,15,45,223,23
7,175,23,46,221,28
7,175,31,46,218,32
7,175,39,47,216,36
7,175,47,48,214,41
7,175,55,49,212,45
7,175,63,48,210,50
7,175,71,48,209,54
7,175,79,48,207,59
7,175,87,49,205,63
7,175,95,50,203,68
7,175,103,52,201,73
7,175,111,52,200,77
7,175,119,52,199,82
7,175,127,52,198,87
7,175,135,52,197,92
7,175,143,53,195,97
7,175,151,55,193,102
7,175,159,54,192,110
7,175,167,54,190,117
7,175,175,54,188,126
7,175,183,55,186,134
7,175,191,56,182,146
7,175,199,58,179,158
7,175,207,57,175,172
7,175,215,58,171,186
7,175,223,60,164,204
7,175,231,64,158,219
7,175,239,66,150,237
7,175,247,70,143,247
7,175,255,72,136,254
7,183,0,45,231,21
7,183,7,45,230,22
7,183,15,46,229,25
7,183,23,46,228,29
7,183,31,47,226,33
7,183,39,47,224,36
7,183,47,48,222,41
7,183,55,49,220,45
7,183,63,50,218,50
7,183,71,51,217,54
7,183,79,50,216,58
7,183,87,50,215,63
7,183,95,50,213,67
7,183,103,51,212,71
7,183,111,52,211,75
7,183,119,53,209,80
7,183,127,54,209,85
7,183,135,52,208,89
7,183,143,52,207,94
7,183,151,54,206,99
7,183,159,55,204,105
7,183,167,56,202,112
7,183,175,58,200,119
7,183,183,58,199,128
7,183,191,57,196,138
7,183,199,57,193,150
7,183,207,59,189,162
7,183,215,60,185,177
7,183,223,60,179,195
7,183,231,62,172,211
7,183,239,67,163,230
7,183,247,69,156,245
7,183,255,73,147,253
7,191,0,47,235,23
7,191,7,48,235,25
7,191,15,48,234,27
7,191,23,48,233,30
7,191,31,48,232,34
7,191,39,48,231,37
7,191,47,49,229,41
7,191,55,49,228,45
7,191,63,50,225,49
7,191,71,50,224,53
7,191,79,52,223,57
7,191,87,53,223,62
7,191,95,52,222,66
7,191,103,52,221,70
7,191,111,52,220,74
7,191,119,53,219,78
7,191,127,54,218,83
7,191,135,55,217,86
7,191,143,55,217,91
7,191,151,55,216,96
7,191,159,54,215,101
7,191,167,56,214,107
7,191,175,57,212,113
7,191,183,59,211,120
7,191,191,58,208,131
7,191,199,58,206,142
7,191,207,59,203,154
7,191,215,60,199,167
7,191,223,61,193,185
7,191,231,63,187,202
7,191,239,65,178,222
7,191,247,69,169,239
7,191,255,73,160,252
7,199,0,49,238,24
7,199,7,50,238,26
7,199,15,51,238,29
7,199,23,50,237,31
7,199,31,50,237,34
7,199,39,49,236,37
7,199,47,49,235,41
7,199,55,50,234,45
7,199,63,50,233,49
7,199,71,51,231,52
7,199,79,51,230,56
7,199,87,53,229,61
7,199,95,53,228,65
7,199,103,54,228,69
7,199,111,54,228,72
7,199,119,54,227,77
7,199,127,54,227,80
7,199,135,55,226,84
7,199,143,56,225,88
7,199,151,57,224,92
7,199,159,57,224,97
7,199,167,56,224,103
7,199,175,57,223,108
7,199,183,57,222,115
7,199,191,59,220,123
7,199,199,60,217,134
7,199,207,61,215,145
7,199,215,61,212,158
7,199,223,62,206,176
7,199,231,64,201,192
7,199,239,66,192,214
7,199,247,68,184,232
7,199,255,72,174,248
7,207,0,50,240,25
7,207,7,50,240,27
7,207,15,51,240,29
7,207,23,52,240,32
7,207,31,52,240,35
7,207,39,52,240,38
7,207,47,52,239,42
7,207,55,52,239,45
7,207,63,51,238,49
7,207,71,51,237,51
7,207,79,52,236,55
7,207,87,52,235,59
7,207,95,53,235,63
7,207,103,54,234,67
7,207,111,55,234,71
7,207,119,56,233,75
7,207,127,54,233,78
7,207,135,54,233,81
7,207,143,56,233,85
7,207,151,57,232,89
7,207,159,57,232,93
7,207,167,58,231,98
7,207,175,59,230,104
7,207,183,58,231,110
7,207,191,58,230,118
7,207,199,60,228,126
7,207,207,61,225,137
7,207,215,62,223,149
7,207,223,63,219,167
7,207,231,63,214,184
7,207,239,66,207,205
7,207,247,69,199,226
7,207,255,72,189,244
7,215,0,50,242,26
7,215,7,50,242,28
7,215,15,51,243,29
7,215,23,52,243,32
7,215,31,53,243,36
7,215,39,53,243,38
7,215,47,54,243,42
7,215,55,54,243,45
7,215,63,54,242,49
7,215,71,54,242,52
7,215,79,54,241,55
7,215,87,53,241,58
7,215,95,54,240,61
7,215,103,55,240,65
7,215,111,55,240,68
7,215,119,56,239,72
7,215,127,57,239,76
7,215,135,57,239,79
7,215,143,58,239,82
7,215,151,58,239,85
7,215,159,58,239,89
7,215,167,58,239,94
7,215,175,59,238,99
7,215,183,60,238,104
7,215,191,61,237,111
7,215,199,62,237,120
7,215,207,61,236,129
7,215,215,62,234,140
7,215,223,63,231,156
7,215,231,65,228,173
7,215,239,66,221,196
7,215,247,69,215,217
7,215,255,72,207,240
7,223,0,52,245,28
7,223,7,52,245,29
7,223,15,52,245,30
7,223,23,52,246,32
7,223,31,53,246,35
7,223,39,54,246,38
7,223,47,54,246,42
7,223,55,55,247,45
7,223,63,55,246,48
7,223,71,56,246,51
7,223,79,56,246,54
7,223,87,56,245,57
7,223,95,56,245,60
7,223,103,56,245,64
7,223,111,56,245,67
7,223,119,57,245,70
7,223,127,57,245,73
7,223,135,58,244,76
7,223,143,58,244,79
7,223,151,59,244,82
7,223,159,60,245,86
7,223,167,61,245,90
7,223,175,60,245,94
7,223,183,60,245,99
7,223,191,60,245,105
7,223,199,62,245,112
7,223,207,63,244,121
7,223,215,64,244,131
7,223,223,64,242,146
7,223,231,65,240,162
7,223,239,68,236,184
7,223,247,70,231,207
7,223,255,72,224,230
7,231,0,53,248,28
7,231,7,53,248,29
7,231,15,54,248,31
7,231,23,54,248,33
7,231,31,54,248,36
7,231,39,55,249,38
7,231,47,55,249,41
7,231,55,55,249,44
7,231,63,56,249,48
7,231,71,56,249,50
7,231,79,57,249,53
7,231,87,57,249,56
7,231,95,58,249,59
7,231,103,59,249,62
7,231,111,59,249,65
7,231,119,59,249,68
7,231,127,59,249,71
7,231,135,59,249,73
7,231,143,59,249,76
7,231,151,59,249,79
7,231,159,60,249,82
7,231,167,60,249,86
7,231,175,61,250,90
7,231,183,62,250,94
7,231,191,62,250,101
7,231,199,62,250,108
7,231,207,62,250,115
7,231,215,63,250,124
7,231,223,65,249,138
7,231,231,66,249,153
7,231,239,67,246,174
7,231,247,70,243,196
7,231,255,72,239,222
7,239,0,54,250,28
7,239,7,54,251,29
7,239,15,55,251,31
7,239,23,56,251,34
7,239,31,56,251,36
7,239,39,56,251,38
7,239,47,56,251,41
7,239,55,57,251,44
7,239,63,57,251,47
7,239,71,57,251,49
7,239,79,57,251,52
7,239,87,58,251,54
7,239,95,58,251,57
7,239,103,58,251,60
7,239,111,59,252,62
7,239,119,60,252,66
7,239,127,60,252,69
7,239,135,61,252,71
7,239,143,61,252,74
7,239,151,61,252,76
7,239,159,61,252,79
7,239,167,61,252,82
7,239,175,61,252,86
7,239,183,61,253,90
7,239,191,62,253,95
7,239,199,63,253,102
7,239,207,63,253,110
7,239,215,64,253,118
7,239,223,64,253,131
7,239,231,66,253,144
7,239,239,68,253,164
7,239,247,70,252,185
7,239,255,72,249,210
7,247,0,54,252,29
7,247,7,54,252,30
7,247,15,55,252,31
7,247,23,55,252,33
7,247,31,56,252,36
7,247,39,57,252,38
7,247,47,57,252,40
7,247,55,58,253,43
7,247,63,58,253,46
7,247,71,58,253,48
7,247,79,58,252,51
7,247,87,59,252,53
7,247,95,59,252,56
7,247,103,59,252,58
7,247,111,59,252,60
7,247,119,60,253,63
7,247,127,60,253,66
7,247,135,61,253,68
7,247,143,61,253,71
7,247,151,62,253,74
7,247,159,62,253,77
7,247,167,62,253,80
7,247,175,62,253,83
7,247,183,62,253,87
7,247,191,62,253,92
7,247,199,63,253,98
7,247,207,63,254,105
7,247,215,64,254,113
7,247,223,65,254,126
7,247,231,65,254,139
7,247,239,67,254,157
7,247,247,69,254,177
7,247,255,72,254,201
7,255,0,55,253,29
7,255,7,55,253,30
7,255,15,56,253,31
7,255,23,56,253,33
7,255,31,56,253,35
7,255,39,57,252,37
7,255,47,57,252,40
7,255,55,58,252,42
7,255,63,58,253,45
7,255,71,59,253,48
7,255,79,59,252,50
7,255,87,59,252,53
7,255,95,60,252,55
7,255,103,60,252,57
7,255,111,60,252,59
7,255,119,60,252,62
7,255,127,61,252,64
7,255,135,61,252,67
7,255,143,62,253,70
7,255,151,62,253,72
7,255,159,63,253,76
7,255,167,63,253,79
7,255,175,63,253,83
7,255,183,64,253,86
7,255,191,64,253,91
7,255,199,64,253,97
7,255,207,65,253,103
7,255,215,65,253,111
7,255,223,66,253,122
7,255,231,66,254,135
7,255,239,68,254,152
7,255,247,70,254,169
7,255,255,71,255,189
15,0,0,14,3,9
15,0,7,14,3,19
15,0,15,14,3,32
15,0,23,13,3,45
15,0,31,13,4,58
15,0,39,12,5,69
15,0,47,11,6,84
15,0,55,10,7,97
15,0,63,10,7,114
15,0,71,9,8,128
15,0,79,8,8,145
15,0,87,9,10,163
15,0,95,9,11,178
15,0,103,10,11,192
15,0,111,11,13,201
15,0,119,14,15,211
15,0,127,16,16,218
15,0,135,18,17,223
15,0,143,21,20,226
15,0,151,23,22,228
15,0,159,26,23,230
15,0,167,28,24,232
15,0,175,30,26,234
15,0,183,32,27,235
15,0,191,36,30,237
15,0,199,37,30,239
15,0,207,37,31,241
15,0,215,38,32,244
15,0,223,40,34,247
15,0,231,42,37,249
15,0,239,43,39,252
15,0,247,44,40,254
15,0,255,45,42,255
15,7,0,14,10,8
15,7,7,14,9,17
15,7,15,14,9,29
15,7,23,14,9,42
15,7,31,14,10,54
15,7,39,13,11,65
15,7,47,13,12,79
15,7,55,13,12,92
15,7,63,12,14,107
15,7,71,12,14,120
15,7,79,12,15,135
15,7,87,11,16,152
15,7,95,12,17,169
15,7,103,13,18,184
15,7,111,15,20,194
15,7,119,17,22,204
15,7,127,19,23,212
15,7,135,21,25,218
15,7,143,24,27,222
15,7,151,26,29,225
15,7,159,30,32,227
15,7,167,32,32,230
15,7,175,34,33,232
15,7,183,35,34,234
15,7,191,37,36,236
15,7,199,40,38,238
15,7,207,41,39,241
15,7,215,41,39,243
15,7,223,42,40,246
15,7,231,44,42,248
15,7,239,46,45,251
15,7,247,46,46,253
15,7,255,47,46,254
15,15,0,15,18,7
15,15,7,15,17,16
15,15,15,15,17,26
15,15,23,15,16,39
15,15,31,15,17,50
15,15,39,15,18,60
15,15,47,15,19,74
15,15,55,15,20,86
15,15,63,15,21,101
15,15,71,15,21,112
15,15,79,15,22,127
15,15,87,14,23,144
15,15,95,15,24,157
15,15,103,17,25,173
15,15,111,18,27,186
15,15,119,20,29,197
15,15,127,23,31,205
15,15,135,24,33,211
15,15,143,26,34,219
15,15,151,29,35,223
15,15,159,31,38,225
15,15,167,35,40,228
15,15,175,39,42,231
15,15,183,40,42,233
15,15,191,40,43,236
15,15,199,42,44,238
15,15,207,44,46,240
15,15,215,46,48,243
15,15,223,45,47,245
15,15,231,46,48,247
15,15,239,48,50,250
15,15,247,49,52,252
15,15,255,50,52,254
15,23,0,17,31,6
15,23,7,17,29,14
15,23,15,17,27,24
15,23,23,17,27,35
15,23,31,17,27,46
15,23,39,17,27,56
15,23,47,18,28,69
15,23,55,18,29,80
15,23,63,18,29,94
15,23,71,18,30,104
15,23,79,17,31,117
15,23,87,18,31,132
15,23,95,18,32,147
15,23,103,19,33,161
15,23,111,21,35,173
15,23,119,23,36,187
15,23,127,26,38,198
15,23,135,28,39,204
15,23,143,30,41,211
15,23,151,33,43,217
15,23,159,37,45,222
15,23,167,38,47,226
15,23,175,40,48,230
15,23,183,42,50,233
15,23,191,45,52,236
15,23,199,46,53,238
15,23,207,46,53,240
15,23,215,48,54,242
15,23,223,49,56,245
15,23,231,51,57,247
15,23,239,51,56,250
15,23,247,52,57,252
15,23,255,53,59,253
15,31,0,20,43,6
15,31,7,20,41,13
15,31,15,19,39,22
15,31,23,19,37,32
15,31,31,19,37,43
15,31,39,20,37,52
15,31,47,20,37,64
15,31,55,21,38,75
15,31,63,21,39,88
15,31,71,21,39,97
15,31,79,22,40,108
15,31,87,22,40,123
15,31,95,23,41,134
15,31,103,23,41,150
15,31,111,24,42,163
15,31,119,27,43,176
15,31,127,28,45,188
15,31,135,30,46,197
15,31,143,33,47,206
15,31,151,36,49,212
15,31,159,37,51,219
15,31,167,40,52,225
15,31,175,42,54,229
15,31,183,44,55,233
15,31,191,46,57,236
15,31,199,47,58,239
15,31,207,49,59,241
15,31,215,51,61,243
15,31,223,52,61,245
15,31,231,52,61,248
15,31,239,55,62,250
15,31,247,56,62,252
15,31,255,56,63,253
15,39,0,23,57,6
15,39,7,22,54,12
15,39,15,22,51,20
15,39,23,22,50,30
15,39,31,22,49,40
15,39,39,23,48,49
15,39,47,22,48,60
15,39,55,24,48,70
15,39,63,24,48,82
15,39,71,24,49,91
15,39,79,24,49,102
15,39,87,24,49,114
15,39,95,26,49,127
15,39,103,26,49,141
15,39,111,27,49,153
15,39,119,28,50,169
15,39,127,29,51,182
15,39,135,30,51,191
15,39,143,32,53,203
15,39,151,34,54,212
15,39,159,38,55,218
15,39,167,41,57,223
15,39,175,45,59,228
15,39,183,47,60,233
15,39,191,48,61,237
15,39,199,50,62,239
15,39,207,52,64,241
15,39,215,53,64,244
15,39,223,55,65,246
15,39,231,57,66,248
15,39,239,57,65,251
15,39,247,58,66,252
15,39,255,60,67,254
15,47,0,26,69,6
15,47,7,26,65,12
15,47,15,25,63,20
15,47,23,24,61,29
15,47,31,25,60,38
15,47,39,26,59,46
15,47,47,25,58,56
15,47,55,27,58,66
15,47,63,26,58,78
15,47,71,28,58,86
15,47,79,27,57,97
15,47,87,29,57,109
15,47,95,29,57,119
15,47,103,29,57,133
15,47,111,29,57,145
15,47,119,31,57,158
15,47,127,32,57,172
15,47,135,33,58,183
15,47,143,36,59,195
15,47,151,37,59,204
15,47,159,40,60,213
15,47,167,44,62,221
15,47,175,46,63,227
15,47,183,48,64,233
15,47,191,52,65,237
15,47,199,53,66,240
15,47,207,54,67,243
15,47,215,56,68,245
15,47,223,57,68,247
15,47,231,58,68,249
15,47,239,59,68,251
15,47,247,60,69,253
15,47,255,61,69,254
15,55,0,27,81,6
15,55,7,27,78,12
15,55,15,27,74,19
15,55,23,28,72,28
15,55,31,29,71,37
15,55,39,28,70,44
15,55,47,30,69,54
15,55,55,30,68,63
15,55,63,29,67,73
15,55,71,31,67,82
15,55,79,31,67,91
15,55,87,32,67,102
15,55,95,32,66,113
15,55,103,32,66,125
15,55,111,32,65,135
15,55,119,32,65,151
15,55,127,34,65,163
15,55,135,34,64,174
15,55,143,33,65,189
15,55,151,35,65,200
15,55,159,39,66,208
15,55,167,43,66,216
15,55,175,46,67,225
15,55,183,48,68,231
15,55,191,50,69,236
15,55,199,52,70,240
15,55,207,54,71,243
15,55,215,57,71,245
15,55,223,58,71,248
15,55,231,59,71,249
15,55,239,61,71,251
15,55,247,61,71,253
15,55,255,63,71,254
15,63,0,31,90,7
15,63,7,31,87,13
15,63,15,30,85,19
15,63,23,29,82,27
15,63,31,30,81,36
15,63,39,32,80,44
15,63,47,32,79,52
15,63,55,32,78,61
15,63,63,34,77,71
15,63,71,33,76,78
15,63,79,34,76,87
15,63,87,36,75,97
15,63,95,35,74,107
15,63,103,36,74,118
15,63,111,35,73,128
15,63,119,36,72,140
15,63,127,36,72,154
15,63,135,36,72,166
15,63,143,38,71,179
15,63,151,38,71,190
15,63,159,41,71,203
15,63,167,44,72,213
15,63,175,46,72,221
15,63,183,49,73,228
15,63,191,52,73,234
15,63,199,53,74,239
15,63,207,56,74,241
15,63,215,58,75,244
15,63,223,60,75,247
15,63,231,61,75,249
15,63,239,62,74,251
15,63,247,64,74,253
15,63,255,65,73,254
15,71,0,32,102,7
15,71,7,32,99,13
15,71,15,34,96,20
15,71,23,35,94,28
15,71,31,34,92,36
15,71,39,34,91,42
15,71,47,35,90,51
15,71,55,37,89,59
15,71,63,36,87,68
15,71,71,36,87,75
15,71,79,39,86,84
15,71,87,38,85,93
15,71,95,39,84,101
15,71,103,38,83,111
15,71,111,38,82,120
15,71,119,38,81,133
15,71,127,39,81,144
15,71,135,39,80,155
15,71,143,40,79,169
15,71,151,41,79,180
15,71,159,44,78,192
15,71,167,45,78,204
15,71,175,49,78,216
15,71,183,51,78,223
15,71,191,52,78,231
15,71,199,56,78,237
15,71,207,58,78,241
15,71,215,59,78,244
15,71,223,62,78,247
15,71,231,62,78,249
15,71,239,64,78,251
15,71,247,65,77,253
15,71,255,66,76,254
15,79,0,32,111,8
15,79,7,32,109,13
15,79,15,34,106,20
15,79,23,35,103,28
15,79,31,37,102,36
15,79,39,39,101,43
15,79,47,37,99,50
15,79,55,37,97,57
15,79,63,40,96,67
15,79,71,39,95,73
15,79,79,38,94,81
15,79,87,41,93,89
15,79,95,41,92,98
15,79,103,41,91,106
15,79,111,40,90,116
15,79,119,43,89,125
15,79,127,41,88,138
15,79,135,42,87,148
15,79,143,44,86,161
15,79,151,43,85,172
15,79,159,44,84,186
15,79,167,46,84,198
15,79,175,48,83,209
15,79,183,50,83,220
15,79,191,53,82,229
15,79,199,55,82,236
15,79,207,58,82,241
15,79,215,60,82,244
15,79,223,61,81,247
15,79,231,63,81,249
15,79,239,64,80,251
15,79,247,65,80,253
15,79,255,67,79,254
15,87,0,37,120,9
15,87,7,38,118,14
15,87,15,37,116,20
15,87,23,36,113,27
15,87,31,37,112,35
15,87,39,39,111,41
15,87,47,41,109,49
15,87,55,42,108,56
15,87,63,40,106,64
15,87,71,41,105,71
15,87,79,43,104,79
15,87,87,43,103,87
15,87,95,42,101,93
15,87,103,43,100,102
15,87,111,45,99,109
15,87,119,43,98,121
15,87,127,44,96,131
15,87,135,44,95,140
15,87,143,44,94,153
15,87,151,45,93,163
15,87,159,46,92,177
15,87,167,47,91,190
15,87,175,50,90,202
15,87,183,51,89,213
15,87,191,54,88,225
15,87,199,56,87,233
15,87,207,58,86,239
15,87,215,61,86,243
15,87,223,62,85,247
15,87,231,64,84,250
15,87,239,65,84,251
15,87,247,67,83,253
15,87,255,68,83,254
15,95,0,37,130,10
15,95,7,38,128,15
15,95,15,40,125,21
15,95,23,41,122,28
15,95,31,40,121,35
15,95,39,40,119,40
15,95,47,41,118,48
15,95,55,43,117,55
15,95,63,45,115,63
15,95,71,43,114,69
15,95,79,43,112,76
15,95,87,45,111,84
15,95,95,45,110,91
15,95,103,43,108,98
15,95,111,44,107,106
15,95,119,47,106,114
15,95,127,46,104,125
15,95,135,44,103,134
15,95,143,45,101,146
15,95,151,46,100,157
15,95,159,48,99,170
15,95,167,48,97,183
15,95,175,50,96,196
15,95,183,52,95,208
15,95,191,54,93,220
15,95,199,56,92,230
15,95,207,59,91,237
15,95,215,60,90,243
15,95,223,64,89,247
15,95,231,65,88,250
15,95,239,67,87,252
15,95,247,68,86,253
15,95,255,69,85,253
15,103,0,36,141,10
15,103,7,37,138,14
15,103,15,39,135,20
15,103,23,41,132,28
15,103,31,43,130,35
15,103,39,44,129,41
15,103,47,43,127,47
15,103,55,43,126,53
15,103,63,45,124,61
15,103,71,47,123,67
15,103,79,48,122,74
15,103,87,45,119,81
15,103,95,46,118,88
15,103,103,47,117,95
15,103,111,49,116,102
15,103,119,48,114,111
15,103,127,48,113,119
15,103,135,47,111,128
15,103,143,46,109,139
15,103,151,47,108,149
15,103,159,48,106,162
15,103,167,50,104,175
15,103,175,52,103,188
15,103,183,52,101,201
15,103,191,56,99,214
15,103,199,57,98,225
15,103,207,60,96,234
15,103,215,61,95,240
15,103,223,63,93,247
15,103,231,65,92,250
15,103,239,67,91,252
15,103,247,69,90,253
15,103,255,70,89,254
15,111,0,35,152,11
15,111,7,36,150,14
15,111,15,38,146,20
15,111,23,41,142,27
15,111,31,42,140,34
15,111,39,44,139,40
15,111,47,47,137,47
15,111,55,47,135,53
15,111,63,45,133,59
15,111,71,45,132,64
15,111,79,48,131,72
15,111,87,49,129,79
15,111,95,49,128,85
15,111,103,48,126,92
15,111,111,48,124,98
15,111,119,50,123,106
15,111,127,51,121,115
15,111,135,49,120,122
15,111,143,49,118,133
15,111,151,50,116,142
15,111,159,52,114,153
15,111,167,52,112,167
15,111,175,52,111,180
15,111,183,53,109,193
15,111,191,53,106,208
15,111,199,55,104,220
15,111,207,59,102,230
15,111,215,61,100,238
15,111,223,64,98,245
15,111,231,65,97,250
15,111,239,67,95,253
15,111,247,69,93,254
15,111,255,71,92,254
15,119,0,42,159,12
15,119,7,43,156,16
15,119,15,42,154,21
15,119,23,40,151,26
15,119,31,41,149,33
15,119,39,44,148,39
15,119,47,46,146,46
15,119,55,48,144,52
15,119,63,49,142,59
15,119,71,46,140,63
15,119,79,47,139,69
15,119,87,49,137,76
15,119,95,50,136,82
15,119,103,51,134,89
15,119,111,50,132,95
15,119,119,49,131,103
15,119,127,51,129,110
15,119,135,51,127,118
15,119,143,52,126,127
15,119,151,51,124,136
15,119,159,51,122,148
15,119,167,53,120,159
15,119,175,54,118,173
15,119,183,54,116,186
15,119,191,54,113,201
15,119,199,54,110,215
15,119,207,57,108,226
15,119,215,60,106,235
15,119,223,64,103,244
15,119,231,65,101,249
15,119,239,68,99,253
15,119,247,69,97,254
15,119,255,72,96,254
15,127,0,41,171,12
15,127,7,42,168,16
15,127,15,45,164,22
15,127,23,45,162,27
15,127,31,46,159,33
15,127,39,45,158,38
15,127,47,45,156,44
15,127,55,47,155,50
15,127,63,48,153,57
15,127,71,50,151,62
15,127,79,52,149,68
15,127,87,49,147,73
15,127,95,49,146,79
15,127,103,50,144,86
15,127,111,52,142,92
15,127,119,53,140,100
15,127,127,51,139,107
15,127,135,51,137,113
15,127,143,51,135,122
15,127,151,52,134,129
15,127,159,54,131,140
15,127,167,53,129,152
15,127,175,53,127,164
15,127,183,54,125,178
15,127,191,56,122,193
15,127,199,57,119,207
15,127,207,59,116,220
15,127,215,62,113,230
15,127,223,63,110,241
15,127,231,66,107,247
15,127,239,67,104,252
15,127,247,70,102,254
15,127,255,72,100,255
15,135,0,41,183,12
15,135,7,42,180,16
15,135,15,43,177,20
15,135,23,44,173,27
15,135,31,46,170,33
15,135,39,47,168,38
15,135,47,47,165,44
15,135,55,46,164,49
15,135,63,47,162,55
15,135,71,49,161,60
15,135,79,51,159,66
15,135,87,52,156,72
15,135,95,52,155,77
15,135,103,50,153,83
15,135,111,51,151,89
15,135,119,52,149,96
15,135,127,54,147,103
15,135,135,54,146,110
15,135,143,52,144,117
15,135,151,52,142,125
15,135,159,53,140,134
15,135,167,54,138,145
15,135,175,55,136,157
15,135,183,54,133,170
15,135,191,55,130,185
15,135,199,58,127,200
15,135,207,60,123,213
15,135,215,61,120,225
15,135,223,65,116,238
15,135,231,66,113,246
15,135,239,68,110,251
15,135,247,70,107,255
15,135,255,72,104,255
15,143,0,43,193,13
15,143,7,43,191,16
15,143,15,43,188,20
15,143,23,44,184,27
15,143,31,45,181,32
15,143,39,47,179,37
15,143,47,48,176,43
15,143,55,49,174,48
15,143,63,46,172,53
15,143,71,47,170,58
15,143,79,50,168,64
15,143,87,51,166,70
15,143,95,53,164,75
15,143,103,54,162,81
15,143,111,52,160,87
15,143,119,52,159,93
15,143,127,52,157,100
15,143,135,54,155,105
15,143,143,54,153,113
15,143,151,55,152,120
15,143,159,54,150,129
15,143,167,54,148,139
15,143,175,54,145,150
15,143,183,55,142,162
15,143,191,56,139,177
15,143,199,57,136,192
15,143,207,60,132,206
15,143,215,62,128,219
15,143,223,63,124,233
15,143,231,65,120,243
15,143,239,67,116,251
15,143,247,70,112,253
15,143,255,72,109,255
15,151,0,44,203,15
15,151,7,45,201,18
15,151,15,45,198,21
15,151,23,45,195,26
15,151,31,45,192,32
15,151,39,46,189,36
15,151,47,47,186,42
15,151,55,49,184,47
15,151,63,50,181,53
15,151,71,52,179,58
15,151,79,50,178,63
15,151,87,50,176,68
15,151,95,52,174,73
15,151,103,53,172,79
15,151,111,54,170,84
15,151,119,55,168,91
15,151,127,53,167,96
15,151,135,53,165,102
15,151,143,54,164,109
15,151,151,55,162,115
15,151,159,57,159,123
15,151,167,56,157,133
15,151,175,55,155,144
15,151,183,55,153,155
15,151,191,56,149,169
15,151,199,59,145,183
15,151,207,59,141,198
15,151,215,61,137,212
15,151,223,64,132,227
15,151,231,65,128,238
15,151,239,67,123,249
15,151,247,69,119,254
15,151,255,72,114,255
15,159,0,46,211,16
15,159,7,47,210,19
15,159,15,48,207,23
15,159,23,47,204,27
15,159,31,47,201,32
15,159,39,47,199,36
15,159,47,47,196,42
15,159,55,48,194,46
15,159,63,50,191,52
15,159,71,51,189,56
15,159,79,53,187,62
15,159,87,53,185,67
15,159,95,52,184,71
15,159,103,52,183,77
15,159,111,53,181,82
15,159,119,54,178,88
15,159,127,56,176,94
15,159,135,56,175,99
15,159,143,54,174,105
15,159,151,55,172,111
15,159,159,55,170,119
15,159,167,58,167,127
15,159,175,57,165,138
15,159,183,56,163,148
15,159,191,56,160,161
15,159,199,58,156,175
15,159,207,60,152,189
15,159,215,61,148,203
15,159,223,63,142,220
15,159,231,66,137,233
15,159,239,68,131,245
15,159,247,70,126,254
15,159,255,72,121,255
15,167,0,46,219,17
15,167,7,47,217,20
15,167,15,48,215,24
15,167,23,49,212,28
15,167,31,50,209,33
15,167,39,50,207,37
15,167,47,49,205,42
15,167,55,49,204,46
15,167,63,49,201,52
15,167,71,50,199,56
15,167,79,52,197,60
15,167,87,53,195,66
15,167,95,55,193,70
15,167,103,53,192,75
15,167,111,53,191,80
15,167,119,53,189,85
15,167,127,54,187,91
15,167,135,56,186,96
15,167,143,57,184,102
15,167,151,56,183,108
15,167,159,55,181,114
15,167,167,55,179,123
15,167,175,58,176,131
15,167,183,58,174,142
15,167,191,59,170,154
15,167,199,58,167,167
15,167,207,59,163,181
15,167,215,60,159,195
15,167,223,63,153,213
15,167,231,64,147,227
15,167,239,69,140,241
15,167,247,70,134,250
15,167,255,73,128,255
15,175,0,46,225,19
15,175,7,46,224,21
15,175,15,47,222,24
15,175,23,49,219,29
15,175,31,49,217,33
15,175,39,51,215,37
15,175,47,52,213,42
15,175,55,52,211,47
15,175,63,51,209,51
15,175,71,50,208,55
15,175,79,51,206,60
15,175,87,52,204,65
15,175,95,53,202,69
15,175,103,55,201,74
15,175,111,55,200,78
15,175,119,54,199,83
15,175,127,54,198,88
15,175,135,54,196,93
15,175,143,56,194,98
15,175,151,58,193,103
15,175,159,57,191,111
15,175,167,56,190,118
15,175,175,57,188,126
15,175,183,58,186,135
15,175,191,58,182,147
15,175,199,60,178,159
15,175,207,59,175,173
15,175,215,60,170,187
15,175,223,62,164,205
15,175,231,66,158,220
15,175,239,68,150,237
15,175,247,71,143,248
15,175,255,73,136,254
15,183,0,47,230,21
15,183,7,47,230,23
15,183,15,48,229,26
15,183,23,49,227,30
15,183,31,49,225,34
15,183,39,50,223,37
15,183,47,51,221,42
15,183,55,52,219,46
15,183,63,53,217,51
15,183,71,53,217,55
15,183,79,52,216,59
15,183,87,52,214,64
15,183,95,53,213,68
15,183,103,54,211,72
15,183,111,55,210,76
15,183,119,56,209,82
15,183,127,57,208,86
15,183,135,55,208,90
15,183,143,55,207,95
15,183,151,56,205,100
15,183,159,58,204,106
15,183,167,59,202,113
15,183,175,61,200,120
15,183,183,60,198,129
15,183,191,59,196,139
15,183,199,59,193,151
15,183,207,61,189,163
15,183,215,62,184,177
15,183,223,62,178,195
15,183,231,64,172,211
15,183,239,69,163,230
15,183,247,70,155,245
15,183,255,74,147,253
15,191,0,49,235,23
15,191,7,49,234,25
15,191,15,50,234,27
15,191,23,50,233,31
15,191,31,50,232,35
15,191,39,50,231,38
15,191,47,51,229,42
15,191,55,51,227,46
15,191,63,53,225,50
15,191,71,53,224,54
15,191,79,55,223,58
15,191,87,55,222,63
15,191,95,54,222,67
15,191,103,54,221,71
15,191,111,55,220,75
15,191,119,56,219,79
15,191,127,57,218,84
15,191,135,58,217,87
15,191,143,58,216,92
15,191,151,57,216,96
15,191,159,56,215,102
15,191,167,58,214,108
15,191,175,59,212,114
15,191,183,61,210,121
15,191,191,61,208,132
15,191,199,60,206,142
15,191,207,60,203,155
15,191,215,62,199,167
15,191,223,63,193,186
15,191,231,64,186,202
15,191,239,67,177,222
15,191,247,71,169,239
15,191,255,74,160,253
15,199,0,51,238,25
15,199,7,52,238,27
15,199,15,53,238,30
15,199,23,52,237,32
15,199,31,51,236,35
15,199,39,51,236,38
15,199,47,51,235,42
15,199,55,52,234,46
15,199,63,52,232,50
15,199,71,53,231,53
15,199,79,54,230,57
15,199,87,56,229,62
15,199,95,56,228,66
15,199,103,57,228,70
15,199,111,56,228,73
15,199,119,56,227,78
15,199,127,56,226,81
15,199,135,57,226,85
15,199,143,58,225,89
15,199,151,59,224,93
15,199,159,60,224,98
15,199,167,58,224,104
15,199,175,59,223,109
15,199,183,59,221,116
15,199,191,61,219,124
15,199,199,62,217,135
15,199,207,63,214,146
15,199,215,62,211,159
15,199,223,63,206,176
15,199,231,66,200,193
15,199,239,68,192,214
15,199,247,70,184,233
15,199,255,74,174,249
15,207,0,51,240,26
15,207,7,52,240,27
15,207,15,53,240,30
15,207,23,54,241,33
15,207,31,54,240,36
15,207,39,54,240,39
15,207,47,54,239,43
15,207,55,53,239,46
15,207,63,53,238,50
15,207,71,53,237,52
15,207,79,54,236,56
15,207,87,55,235,60
15,207,95,56,235,64
15,207,103,57,234,68
15,207,111,58,234,72
15,207,119,58,234,76
15,207,127,56,233,79
15,207,135,56,233,82
15,207,143,58,233,86
15,207,151,59,232,90
15,207,159,59,232,94
15,207,167,61,231,99
15,207,175,62,230,105
15,207,183,60,231,111
15,207,191,60,229,119
15,207,199,62,228,127
15,207,207,63,225,138
15,207,215,64,223,150
15,207,223,64,219,167
15,207,231,65,214,184
15,207,239,68,206,206
15,207,247,71,199,226
15,207,255,73,189,245
15,215,0,52,242,27
15,215,7,52,243,28
15,215,15,53,243,30
15,215,23,53,243,33
15,215,31,54,244,36
15,215,39,55,244,39
15,215,47,56,244,43
15,215,55,56,243,46
15,215,63,56,243,50
15,215,71,56,242,52
15,215,79,55,241,55
15,215,87,55,241,59
15,215,95,56,240,62
15,215,103,57,240,66
15,215,111,57,240,69
15,215,119,58,239,73
15,215,127,59,239,77
15,215,135,59,239,80
15,215,143,60,239,83
15,215,151,60,239,86
15,215,159,60,239,90
15,215,167,60,239,95
15,215,175,61,238,99
15,215,183,62,238,105
15,215,191,63,237,112
15,215,199,63,237,121
15,215,207,63,236,130
15,215,215,64,234,141
15,215,223,65,231,157
15,215,231,66,228,174
15,215,239,68,221,197
15,215,247,70,215,218
15,215,255,74,206,241
15,223,0,53,245,28
15,223,7,53,245,29
15,223,15,53,246,31
15,223,23,54,246,33
15,223,31,55,246,36
15,223,39,55,247,39
15,223,47,56,247,42
15,223,55,56,247,46
15,223,63,57,247,49
15,223,71,58,246,52
15,223,79,58,246,55
15,223,87,58,246,58
15,223,95,58,245,61
15,223,103,58,245,64
15,223,111,58,245,67
15,223,119,58,245,71
15,223,127,59,245,74
15,223,135,59,245,77
15,223,143,60,245,80
15,223,151,61,245,83
15,223,159,62,245,87
15,223,167,63,245,91
15,223,175,62,245,95
15,223,183,62,245,100
15,223,191,62,245,106
15,223,199,63,245,113
15,223,207,64,244,122
15,223,215,65,244,132
15,223,223,65,242,147
15,223,231,67,240,163
15,223,239,69,236,185
15,223,247,71,231,207
15,223,255,73,224,231
15,231,0,54,248,29
15,231,7,55,248,30
15,231,15,55,248,32
15,231,23,55,248,34
15,231,31,56,249,36
15,231,39,56,249,39
15,231,47,56,249,42
15,231,55,57,249,45
15,231,63,57,249,48
15,231,71,58,249,51
15,231,79,58,249,54
15,231,87,59,249,57
15,231,95,59,249,60
15,231,103,60,249,63
15,231,111,60,249,66
15,231,119,61,249,69
15,231,127,60,249,72
15,231,135,60,249,74
15,231,143,61,249,77
15,231,151,61,249,80
15,231,159,61,249,83
15,231,167,62,250,87
15,231,175,63,250,91
15,231,183,64,250,95
15,231,191,63,250,101
15,231,199,63,250,108
15,231,207,64,250,116
15,231,215,65,250,125
15,231,223,67,249,139
15,231,231,68,249,154
15,231,239,69,246,175
15,231,247,71,243,196
15,231,255,73,238,223
15,239,0,55,251,29
15,239,7,55,251,30
15,239,15,56,251,32
15,239,23,57,251,34
15,239,31,57,251,37
15,239,39,57,251,39
15,239,47,58,251,42
15,239,55,58,252,44
15,239,63,58,251,47
15,239,71,58,251,50
15,239,79,58,251,52
15,239,87,59,251,55
15,239,95,59,252,58
15,239,103,60,252,61
15,239,111,60,252,63
15,239,119,61,252,66
15,239,127,62,252,69
15,239,135,62,252,72
15,239,143,62,252,75
15,239,151,62,252,77
15,239,159,62,252,80
15,239,167,62,252,83
15,239,175,62,253,87
15,239,183,63,253,91
15,239,191,64,253,96
15,239,199,64,253,103
15,239,207,65,254,111
15,239,215,65,254,119
15,239,223,66,253,132
15,239,231,67,253,145
15,239,239,69,253,166
15,239,247,71,252,186
15,239,255,73,249,211
15,247,0,55,252,29
15,247,7,55,252,30
15,247,15,56,252,31
15,247,23,56,252,33
15,247,31,57,253,36
15,247,39,58,253,38
15,247,47,58,253,41
15,247,55,59,253,44
15,247,63,59,253,47
15,247,71,59,253,49
15,247,79,60,253,52
15,247,87,60,253,54
15,247,95,60,252,56
15,247,103,60,252,59
15,247,111,60,253,61
15,247,119,61,253,64
15,247,127,61,253,67
15,247,135,62,253,69
15,247,143,63,253,72
15,247,151,63,253,75
15,247,159,63,253,78
15,247,167,64,253,81
15,247,175,64,253,84
15,247,183,63,253,88
15,247,191,63,253,93
15,247,199,64,253,99
15,247,207,64,254,106
15,247,215,65,254,114
15,247,223,66,254,127
15,247,231,67,254,139
15,247,239,68,254,158
15,247,247,70,254,178
15,247,255,73,254,202
15,255,0,56,253,29
15,255,7,56,253,30
15,255,15,56,253,32
15,255,23,57,253,33
15,255,31,57,253,35
15,255,39,58,253,38
15,255,47,58,253,40
15,255,55,59,253,43
15,255,63,59,253,46
15,255,71,60,253,48
15,255,79,60,253,51
15,255,87,61,252,53
15,255,95,61,252,56
15,255,103,61,252,58
15,255,111,61,252,60
15,255,119,61,252,63
15,255,127,62,252,65
15,255,135,62,252,67
15,255,143,63,253,70
15,255,151,63,253,73
15,255,159,64,253,77
15,255,167,64,253,80
15,255,175,65,253,83
15,255,183,65,253,87
15,255,191,65,253,92
15,255,199,65,253,98
15,255,207,66,253,104
15,255,215,66,253,111
15,255,223,67,253,123
15,255,231,68,254,136
15,255,239,69,254,153
15,255,247,71,254,170
15,255,255,72,255,189
23,0,0,23,2,10
23,0,7,23,2,21
23,0,15,22,2,33
23,0,23,22,3,47
23,0,31,22,4,60
23,0,39,21,5,71
23,0,47,20,5,86
23,0,55,19,6,99
23,0,63,17,7,117
23,0,71,16,7,131
23,0,79,15,9,147
23,0,87,15,9,166
23,0,95,15,10,181
23,0,103,16,12,193
23,0,111,17,13,203
23,0,119,19,15,212
23,0,127,21,16,219
23,0,135,23,18,223
23,0,143,26,20,226
23,0,151,28,22,228
23,0,159,30,23,230
23,0,167,32,24,232
23,0,175,34,25,233
23,0,183,36,27,235
23,0,191,39,29,236
23,0,199,40,30,238
23,0,207,40,30,241
23,0,215,41,32,243
23,0,223,42,34,246
23,0,231,44,37,248
23,0,239,45,39,251
23,0,247,45,40,254
23,0,255,46,42,255
23,7,0,23,9,9
23,7,7,23,8,19
23,7,15,23,8,31
23,7,23,22,9,44
23,7,31,22,9,56
23,7,39,22,10,67
23,7,47,22,11,81
23,7,55,21,12,94
23,7,63,20,13,109
23,7,71,19,14,122
23,7,79,19,15,137
23,7,87,18,16,155
23,7,95,18,17,171
23,7,103,19,18,185
23,7,111,21,20,195
23,7,119,23,22,205
23,7,127,24,23,212
23,7,135,26,25,218
23,7,143,29,27,222
23,7,151,31,29,224
23,7,159,34,31,227
23,7,167,36,32,230
23,7,175,38,32,232
23,7,183,39,34,234
23,7,191,41,36,236
23,7,199,43,39,238
23,7,207,44,39,240
23,7,215,44,39,243
23,7,223,44,40,246
23,7,231,46,42,248
23,7,239,48,45,250
23,7,247,48,45,253
23,7,255,48,46,254
23,15,0,24,17,9
23,15,7,24,16,17
23,15,15,23,15,28
23,15,23,23,16,40
23,15,31,24,16,52
23,15,39,23,17,63
23,15,47,23,18,76
23,15,55,23,19,88
23,15,63,23,20,102
23,15,71,22,21,114
23,15,79,22,21,128
23,15,87,21,22,145
23,15,95,23,24,158
23,15,103,23,25,174
23,15,111,24,26,186
23,15,119,26,29,196
23,15,127,28,31,204
23,15,135,29,32,211
23,15,143,31,34,218
23,15,151,34,35,222
23,15,159,36,38,225
23,15,167,39,40,228
23,15,175,42,42,230
23,15,183,43,42,233
23,15,191,43,43,236
23,15,199,45,44,238
23,15,207,48,46,240
23,15,215,48,48,242
23,15,223,48,47,245
23,15,231,48,48,247
23,15,239,50,50,250
23,15,247,51,52,252
23,15,255,51,52,254
23,23,0,25,28,8
23,23,7,25,27,15
23,23,15,25,26,25
23,23,23,25,25,37
23,23,31,25,26,48
23,23,39,26,26,58
23,23,47,26,27,71
23,23,55,26,28,82
23,23,63,25,29,95
23,23,71,26,29,106
23,23,79,25,30,119
23,23,87,26,31,132
23,23,95,26,32,147
23,23,103,26,33,161
23,23,111,28,34,172
23,23,119,30,36,186
23,23,127,31,38,196
23,23,135,33,39,203
23,23,143,36,41,210
23,23,151,38,43,215
23,23,159,42,45,222
23,23,167,42,47,226
23,23,175,44,48,230
23,23,183,46,50,233
23,23,191,49,52,236
23,23,199,49,53,238
23,23,207,49,54,240
23,23,215,51,55,242
23,23,223,52,56,245
23,23,231,53,56,247
23,23,239,53,56,250
23,23,247,54,57,252
23,23,255,55,59,253
23,31,0,28,41,7
23,31,7,28,39,15
23,31,15,27,37,24
23,31,23,27,36,34
23,31,31,27,36,45
23,31,39,28,36,54
23,31,47,28,37,66
23,31,55,29,37,77
23,31,63,29,38,89
23,31,71,29,38,99
23,31,79,29,39,110
23,31,87,29,39,124
23,31,95,30,40,136
23,31,103,30,41,150
23,31,111,31,42,162
23,31,119,33,43,175
23,31,127,34,44,187
23,31,135,35,46,196
23,31,143,39,47,206
23,31,151,41,49,211
23,31,159,42,51,219
23,31,167,45,53,225
23,31,175,47,54,230
23,31,183,48,56,233
23,31,191,49,57,236
23,31,199,51,59,239
23,31,207,52,60,241
23,31,215,54,61,243
23,31,223,55,61,245
23,31,231,55,62,248
23,31,239,57,63,250
23,31,247,57,63,252
23,31,255,58,63,253
23,39,0,31,54,7
23,39,7,31,52,14
23,39,15,30,50,22
23,39,23,30,48,32
23,39,31,30,47,42
23,39,39,30,47,50
23,39,47,31,47,62
23,39,55,31,47,72
23,39,63,32,48,84
23,39,71,32,48,93
23,39,79,32,48,104
23,39,87,32,48,115
23,39,95,32,48,128
23,39,103,32,49,141
23,39,111,34,49,152
23,39,119,33,50,169
23,39,127,35,51,181
23,39,135,37,52,189
23,39,143,38,53,201
23,39,151,40,54,210
23,39,159,43,56,218
23,39,167,46,57,223
23,39,175,49,59,228
23,39,183,51,61,233
23,39,191,52,62,237
23,39,199,54,63,240
23,39,207,56,64,242
23,39,215,56,65,244
23,39,223,58,65,246
23,39,231,60,66,248
23,39,239,59,66,251
23,39,247,60,66,252
23,39,255,61,68,253
23,47,0,33,66,7
23,47,7,33,63,14
23,47,15,33,61,22
23,47,23,33,60,31
23,47,31,33,59,40
23,47,39,33,58,48
23,47,47,34,58,59
23,47,55,34,57,68
23,47,63,34,57,79
23,47,71,35,57,88
23,47,79,35,57,98
23,47,87,35,57,109
23,47,95,35,57,120
23,47,103,35,56,133
23,47,111,36,57,144
23,47,119,37,57,157
23,47,127,37,57,171
23,47,135,39,58,182
23,47,143,42,59,194
23,47,151,42,59,203
23,47,159,45,61,212
23,47,167,50,62,221
23,47,175,50,63,227
23,47,183,52,64,233
23,47,191,56,66,237
23,47,199,56,67,240
23,47,207,57,67,243
23,47,215,60,68,245
23,47,223,60,68,247
23,47,231,60,69,249
23,47,239,61,69,251
23,47,247,62,69,253
23,47,255,63,69,254
23,55,0,37,78,8
23,55,7,37,75,14
23,55,15,36,73,22
23,55,23,36,71,30
23,55,31,35,70,39
23,55,39,36,69,46
23,55,47,37,68,56
23,55,55,36,68,65
23,55,63,38,67,75
23,55,71,37,67,83
23,55,79,38,67,93
23,55,87,38,66,103
23,55,95,39,66,113
23,55,103,38,65,125
23,55,111,39,65,135
23,55,119,38,64,150
23,55,127,40,64,162
23,55,135,40,65,173
23,55,143,40,65,188
23,55,151,42,65,198
23,55,159,46,66,207
23,55,167,48,67,216
23,55,175,51,68,225
23,55,183,53,69,231
23,55,191,54,70,236
23,55,199,56,71,240
23,55,207,58,71,243
23,55,215,60,72,245
23,55,223,61,72,248
23,55,231,62,72,249
23,55,239,63,71,251
23,55,247,64,71,253
23,55,255,65,71,254
23,63,0,37,88,8
23,63,7,38,85,15
23,63,15,37,83,21
23,63,23,38,81,30
23,63,31,39,80,39
23,63,39,39,79,46
23,63,47,39,78,55
23,63,55,40,78,63
23,63,63,41,77,72
23,63,71,39,76,80
23,63,79,41,76,89
23,63,87,42,75,98
23,63,95,41,74,108
23,63,103,42,74,118
23,63,111,41,73,129
23,63,119,43,72,140
23,63,127,41,72,154
23,63,135,42,71,165
23,63,143,44,71,178
23,63,151,44,71,189
23,63,159,47,71,202
23,63,167,49,72,213
23,63,175,51,72,221
23,63,183,54,73,228
23,63,191,56,74,235
23,63,199,57,74,239
23,63,207,60,75,242
23,63,215,61,75,244
23,63,223,63,75,247
23,63,231,64,75,249
23,63,239,64,74,251
23,63,247,66,74,253
23,63,255,66,73,254
23,71,0,40,99,9
23,71,7,41,97,15
23,71,15,41,95,22
23,71,23,41,93,30
23,71,31,40,92,38
23,71,39,41,91,44
23,71,47,43,90,54
23,71,55,43,89,61
23,71,63,42,87,70
23,71,71,43,87,77
23,71,79,44,86,85
23,71,87,44,85,94
23,71,95,45,84,102
23,71,103,44,83,112
23,71,111,44,82,120
23,71,119,44,81,133
23,71,127,44,80,144
23,71,135,45,80,155
23,71,143,45,79,168
23,71,151,47,79,179
23,71,159,49,79,191
23,71,167,50,78,204
23,71,175,54,78,215
23,71,183,55,78,223
23,71,191,57,78,231
23,71,199,61,79,237
23,71,207,61,79,241
23,71,215,63,79,244
23,71,223,65,79,247
23,71,231,65,79,249
23,71,239,67,78,252
23,71,247,67,77,253
23,71,255,68,76,254
23,79,0,40,108,10
23,79,7,41,106,15
23,79,15,42,104,22
23,79,23,44,102,30
23,79,31,44,101,38
23,79,39,44,100,44
23,79,47,43,98,52
23,79,55,44,97,60
23,79,63,46,96,69
23,79,71,45,95,75
23,79,79,45,94,82
23,79,87,47,93,91
23,79,95,46,92,99
23,79,103,46,91,107
23,79,111,47,90,116
23,79,119,48,89,126
23,79,127,47,88,138
23,79,135,47,87,148
23,79,143,49,86,160
23,79,151,48,85,172
23,79,159,50,85,186
23,79,167,51,84,197
23,79,175,53,83,209
23,79,183,55,83,220
23,79,191,58,83,229
23,79,199,59,82,236
23,79,207,62,82,241
23,79,215,63,82,244
23,79,223,64,82,248
23,79,231,66,81,249
23,79,239,66,81,252
23,79,247,68,80,253
23,79,255,69,80,254
23,87,0,42,118,11
23,87,7,43,116,16
23,87,15,43,114,22
23,87,23,43,112,30
23,87,31,44,111,37
23,87,39,46,110,44
23,87,47,48,109,52
23,87,55,47,107,58
23,87,63,46,106,66
23,87,71,48,105,73
23,87,79,49,104,80
23,87,87,48,102,88
23,87,95,48,101,95
23,87,103,49,100,103
23,87,111,50,99,110
23,87,119,49,97,121
23,87,127,50,96,131
23,87,135,51,95,140
23,87,143,49,94,153
23,87,151,50,93,163
23,87,159,52,92,176
23,87,167,52,91,190
23,87,175,55,90,202
23,87,183,55,89,213
23,87,191,59,88,224
23,87,199,60,87,233
23,87,207,62,87,239
23,87,215,65,86,244
23,87,223,65,85,247
23,87,231,67,85,250
23,87,239,68,84,252
23,87,247,69,84,253
23,87,255,70,83,254
23,95,0,44,127,12
23,95,7,45,125,17
23,95,15,47,123,23
23,95,23,46,121,30
23,95,31,46,120,37
23,95,39,46,119,43
23,95,47,48,118,51
23,95,55,50,117,58
23,95,63,50,115,65
23,95,71,49,113,71
23,95,79,49,112,78
23,95,87,51,111,86
23,95,95,51,110,92
23,95,103,49,108,99
23,95,111,50,107,107
23,95,119,53,105,115
23,95,127,51,104,126
23,95,135,49,103,135
23,95,143,50,101,146
23,95,151,52,100,157
23,95,159,52,99,170
23,95,167,53,97,183
23,95,175,55,96,196
23,95,183,57,95,208
23,95,191,58,93,220
23,95,199,61,92,230
23,95,207,64,91,237
23,95,215,64,90,243
23,95,223,68,89,247
23,95,231,67,88,250
23,95,239,70,87,252
23,95,247,70,87,253
23,95,255,71,86,253
23,103,0,43,138,12
23,103,7,44,136,16
23,103,15,46,133,23
23,103,23,49,130,30
23,103,31,50,129,37
23,103,39,49,128,42
23,103,47,49,126,49
23,103,55,49,125,56
23,103,63,51,124,64
23,103,71,53,123,70
23,103,79,52,121,76
23,103,87,50,119,82
23,103,95,52,118,89
23,103,103,54,117,96
23,103,111,54,115,103
23,103,119,53,114,112
23,103,127,53,112,120
23,103,135,53,111,128
23,103,143,52,109,139
23,103,151,52,108,149
23,103,159,53,106,162
23,103,167,56,104,176
23,103,175,56,103,188
23,103,183,57,101,201
23,103,191,61,99,214
23,103,199,61,98,225
23,103,207,64,96,234
23,103,215,65,95,241
23,103,223,66,93,247
23,103,231,68,92,250
23,103,239,69,91,253
23,103,247,71,90,254
23,103,255,72,89,253
23,111,0,42,149,13
23,111,7,43,146,16
23,111,15,44,144,22
23,111,23,47,140,29
23,111,31,49,139,36
23,111,39,51,138,42
23,111,47,53,136,49
23,111,55,51,134,54
23,111,63,50,133,61
23,111,71,51,132,67
23,111,79,54,131,74
23,111,87,56,129,81
23,111,95,54,127,86
23,111,103,53,125,93
23,111,111,54,124,99
23,111,119,56,122,107
23,111,127,55,121,116
23,111,135,54,120,123
23,111,143,54,118,133
23,111,151,55,116,142
23,111,159,58,114,153
23,111,167,56,112,167
23,111,175,57,111,181
23,111,183,58,109,194
23,111,191,57,106,208
23,111,199,60,104,221
23,111,207,63,102,230
23,111,215,65,101,238
23,111,223,67,98,245
23,111,231,68,97,250
23,111,239,70,95,253
23,111,247,71,94,254
23,111,255,73,93,254
23,119,0,46,156,13
23,119,7,47,153,18
23,119,15,47,151,23
23,119,23,46,149,28
23,119,31,47,147,35
23,119,39,49,146,41
23,119,47,52,145,48
23,119,55,54,143,54
23,119,63,54,141,60
23,119,71,51,140,65
23,119,79,52,138,71
23,119,87,54,137,78
23,119,95,56,135,84
23,119,103,56,134,91
23,119,111,55,132,97
23,119,119,55,130,104
23,119,127,56,129,111
23,119,135,57,127,119
23,119,143,56,125,128
23,119,151,55,124,136
23,119,159,56,122,148
23,119,167,59,120,159
23,119,175,58,118,173
23,119,183,58,116,187
23,119,191,59,113,202
23,119,199,58,110,215
23,119,207,61,108,227
23,119,215,64,106,235
23,119,223,67,103,244
23,119,231,68,101,249
23,119,239,71,99,253
23,119,247,72,97,254
23,119,255,74,96,254
23,127,0,48,168,14
23,127,7,49,165,18
23,127,15,51,161,24
23,127,23,51,159,29
23,127,31,51,157,35
23,127,39,50,156,40
23,127,47,50,155,46
23,127,55,52,154,52
23,127,63,54,152,59
23,127,71,56,150,64
23,127,79,56,148,70
23,127,87,54,147,75
23,127,95,54,145,81
23,127,103,56,143,88
23,127,111,58,142,94
23,127,119,57,140,101
23,127,127,56,138,108
23,127,135,56,137,114
23,127,143,56,135,123
23,127,151,58,133,130
23,127,159,59,131,140
23,127,167,57,129,152
23,127,175,58,127,165
23,127,183,59,124,178
23,127,191,60,122,194
23,127,199,61,119,208
23,127,207,64,116,220
23,127,215,65,113,231
23,127,223,67,110,241
23,127,231,69,107,247
23,127,239,70,104,252
23,127,247,72,102,254
23,127,255,74,100,255
23,135,0,47,179,14
23,135,7,47,177,17
23,135,15,49,173,23
23,135,23,51,170,29
23,135,31,53,167,35
23,135,39,53,166,40
23,135,47,52,164,46
23,135,55,51,163,51
23,135,63,52,161,57
23,135,71,54,160,62
23,135,79,56,158,68
23,135,87,58,156,74
23,135,95,56,154,79
23,135,103,55,152,85
23,135,111,56,151,91
23,135,119,58,149,98
23,135,127,60,147,104
23,135,135,58,145,111
23,135,143,57,144,118
23,135,151,57,142,126
23,135,159,58,140,135
23,135,167,60,138,145
23,135,175,59,135,158
23,135,183,59,133,170
23,135,191,60,130,186
23,135,199,63,126,201
23,135,207,63,123,214
23,135,215,65,120,226
23,135,223,67,116,238
23,135,231,69,113,246
23,135,239,71,110,251
23,135,247,72,107,254
23,135,255,74,104,255
23,143,0,47,190,15
23,143,7,48,188,18
23,143,15,48,185,22
23,143,23,50,181,29
23,143,31,51,179,34
23,143,39,53,176,40
23,143,47,55,174,46
23,143,55,54,172,50
23,143,63,51,171,55
23,143,71,52,169,60
23,143,79,55,168,66
23,143,87,56,165,72
23,143,95,58,163,77
23,143,103,58,161,83
23,143,111,57,160,88
23,143,119,57,158,95
23,143,127,57,156,101
23,143,135,59,155,107
23,143,143,60,153,114
23,143,151,59,151,121
23,143,159,58,149,130
23,143,167,58,147,140
23,143,175,59,145,150
23,143,183,60,142,163
23,143,191,60,139,178
23,143,199,61,135,192
23,143,207,65,131,207
23,143,215,65,128,220
23,143,223,67,124,233
23,143,231,69,120,243
23,143,239,70,116,251
23,143,247,72,112,253
23,143,255,74,109,255
23,151,0,48,200,16
23,151,7,49,198,19
23,151,15,49,196,23
23,151,23,49,193,28
23,151,31,50,189,34
23,151,39,51,187,38
23,151,47,53,184,45
23,151,55,55,182,50
23,151,63,56,180,55
23,151,71,56,178,59
23,151,79,55,177,64
23,151,87,55,175,70
23,151,95,56,174,75
23,151,103,58,171,81
23,151,111,60,169,86
23,151,119,59,168,92
23,151,127,57,166,98
23,151,135,58,165,103
23,151,143,59,163,110
23,151,151,60,161,117
23,151,159,62,159,125
23,151,167,60,157,134
23,151,175,59,155,145
23,151,183,59,152,156
23,151,191,61,148,170
23,151,199,63,145,184
23,151,207,63,141,199
23,151,215,65,137,212
23,151,223,67,132,228
23,151,231,68,128,239
23,151,239,70,123,249
23,151,247,72,119,254
23,151,255,74,114,255
23,159,0,50,209,17
23,159,7,51,207,20
23,159,15,51,205,24
23,159,23,51,202,29
23,159,31,51,199,34
23,159,39,51,197,38
23,159,47,52,195,44
23,159,55,53,192,49
23,159,63,55,190,54
23,159,71,57,188,59
23,159,79,58,186,64
23,159,87,56,185,69
23,159,95,56,183,73
23,159,103,57,182,79
23,159,111,58,180,84
23,159,119,60,178,90
23,159,127,61,176,96
23,159,135,60,175,100
23,159,143,59,173,107
23,159,151,59,172,112
23,159,159,60,170,120
23,159,167,62,167,129
23,159,175,62,165,139
23,159,183,60,163,149
23,159,191,60,159,162
23,159,199,62,155,176
23,159,207,65,151,190
23,159,215,64,147,204
23,159,223,66,142,221
23,159,231,69,137,233
23,159,239,70,131,245
23,159,247,73,126,254
23,159,255,74,121,255
23,167,0,51,216,18
23,167,7,52,215,21
23,167,15,54,212,25
23,167,23,55,210,30
23,167,31,54,207,35
23,167,39,54,206,39
23,167,47,53,204,44
23,167,55,53,202,48
23,167,63,54,200,54
23,167,71,55,198,58
23,167,79,57,195,63
23,167,87,59,193,68
23,167,95,59,192,72
23,167,103,57,191,77
23,167,111,57,190,81
23,167,119,58,188,87
23,167,127,59,186,93
23,167,135,61,185,97
23,167,143,62,183,103
23,167,151,60,182,109
23,167,159,59,181,116
23,167,167,60,178,124
23,167,175,62,176,132
23,167,183,62,173,143
23,167,191,62,170,155
23,167,199,61,166,168
23,167,207,63,163,182
23,167,215,65,158,196
23,167,223,66,152,213
23,167,231,68,147,227
23,167,239,72,139,242
23,167,247,72,134,250
23,167,255,75,128,255
23,175,0,50,223,20
23,175,7,51,222,22
23,175,15,52,220,26
23,175,23,54,218,31
23,175,31,55,215,35
23,175,39,56,213,40
23,175,47,56,211,44
23,175,55,55,210,48
23,175,63,54,208,53
23,175,71,55,207,57
23,175,79,55,205,62
23,175,87,57,203,67
23,175,95,59,201,71
23,175,103,60,200,76
23,175,111,59,199,80
23,175,119,58,198,85
23,175,127,58,197,90
23,175,135,59,196,94
23,175,143,60,194,100
23,175,151,62,192,105
23,175,159,62,191,112
23,175,167,60,190,119
23,175,175,60,187,128
23,175,183,62,185,136
23,175,191,63,182,148
23,175,199,64,178,160
23,175,207,63,174,174
23,175,215,64,170,188
23,175,223,66,163,205
23,175,231,68,157,221
23,175,239,70,149,237
23,175,247,74,142,248
23,175,255,75,136,254
23,183,0,51,229,22
23,183,7,51,228,24
23,183,15,51,227,27
23,183,23,53,226,31
23,183,31,54,224,36
23,183,39,54,222,39
23,183,47,56,220,44
23,183,55,57,218,48
23,183,63,58,217,53
23,183,71,57,216,57
23,183,79,56,215,61
23,183,87,56,214,66
23,183,95,57,212,70
23,183,103,58,211,74
23,183,111,60,209,78
23,183,119,61,208,84
23,183,127,61,208,88
23,183,135,58,208,92
23,183,143,59,206,97
23,183,151,60,205,101
23,183,159,62,203,107
23,183,167,63,201,114
23,183,175,65,200,121
23,183,183,63,198,130
23,183,191,62,196,140
23,183,199,63,192,152
23,183,207,65,188,164
23,183,215,65,184,178
23,183,223,65,178,196
23,183,231,67,171,212
23,183,239,71,162,231
23,183,247,73,155,246
23,183,255,77,147,253
23,191,0,52,234,24
23,191,7,52,234,26
23,191,15,53,233,28
23,191,23,53,232,32
23,191,31,54,231,36
23,191,39,54,230,39
23,191,47,55,228,44
23,191,55,56,227,48
23,191,63,57,225,53
23,191,71,58,224,56
23,191,79,60,223,61
23,191,87,59,222,65
23,191,95,58,221,69
23,191,103,58,220,73
23,191,111,59,219,77
23,191,119,60,218,81
23,191,127,61,217,85
23,191,135,62,216,89
23,191,143,62,216,94
23,191,151,61,216,98
23,191,159,60,215,103
23,191,167,62,213,109
23,191,175,63,212,116
23,191,183,65,210,123
23,191,191,64,208,133
23,191,199,63,206,143
23,191,207,64,202,156
23,191,215,65,198,168
23,191,223,67,192,187
23,191,231,67,186,203
23,191,239,70,177,223
23,191,247,74,168,240
23,191,255,76,159,253
23,199,0,54,237,26
23,199,7,55,237,28
23,199,15,55,237,30
23,199,23,55,237,33
23,199,31,54,236,36
23,199,39,54,235,39
23,199,47,55,234,43
23,199,55,56,234,47
23,199,63,56,232,52
23,199,71,57,231,55
23,199,79,58,230,59
23,199,87,60,229,64
23,199,95,61,228,68
23,199,103,60,228,72
23,199,111,59,228,75
23,199,119,59,227,79
23,199,127,60,226,83
23,199,135,61,225,86
23,199,143,62,225,91
23,199,151,63,224,95
23,199,159,64,223,100
23,199,167,62,223,105
23,199,175,62,222,111
23,199,183,63,221,117
23,199,191,65,219,125
23,199,199,65,217,136
23,199,207,66,214,147
23,199,215,65,211,160
23,199,223,66,206,177
23,199,231,69,200,194
23,199,239,70,191,215
23,199,247,72,183,234
23,199,255,77,173,249
23,207,0,54,240,27
23,207,7,55,240,28
23,207,15,56,241,31
23,207,23,57,241,34
23,207,31,57,241,37
23,207,39,57,240,40
23,207,47,57,239,44
23,207,55,56,239,47
23,207,63,56,238,51
23,207,71,57,237,54
23,207,79,58,236,58
23,207,87,58,235,62
23,207,95,60,235,66
23,207,103,61,234,70
23,207,111,62,234,74
23,207,119,61,233,78
23,207,127,60,233,81
23,207,135,59,233,84
23,207,143,61,233,88
23,207,151,62,232,91
23,207,159,63,231,96
23,207,167,64,231,101
23,207,175,66,230,106
23,207,183,63,230,112
23,207,191,63,229,120
23,207,199,65,227,128
23,207,207,66,225,139
23,207,215,67,222,151
23,207,223,67,218,168
23,207,231,68,213,185
23,207,239,71,206,207
23,207,247,73,198,227
23,207,255,76,188,245
23,215,0,54,243,28
23,215,7,54,243,29
23,215,15,55,243,31
23,215,23,56,244,34
23,215,31,57,244,38
23,215,39,58,244,40
23,215,47,59,244,44
23,215,55,59,244,48
23,215,63,59,243,51
23,215,71,58,242,54
23,215,79,58,242,57
23,215,87,58,241,60
23,215,95,59,241,64
23,215,103,60,240,68
23,215,111,61,240,71
23,215,119,62,240,75
23,215,127,63,239,79
23,215,135,63,239,82
23,215,143,63,239,85
23,215,151,63,239,88
23,215,159,63,239,92
23,215,167,63,239,96
23,215,175,64,238,101
23,215,183,65,238,106
23,215,191,67,237,114
23,215,199,66,236,122
23,215,207,66,236,131
23,215,215,66,234,142
23,215,223,68,231,158
23,215,231,69,227,175
23,215,239,70,221,198
23,215,247,72,214,219
23,215,255,76,206,242
23,223,0,55,245,29
23,223,7,55,246,30
23,223,15,55,246,31
23,223,23,56,246,34
23,223,31,57,247,37
23,223,39,58,247,40
23,223,47,58,247,43
23,223,55,59,247,47
23,223,63,60,247,50
23,223,71,60,247,53
23,223,79,61,246,57
23,223,87,61,246,60
23,223,95,60,246,63
23,223,103,60,246,66
23,223,111,61,245,69
23,223,119,61,245,72
23,223,127,62,245,75
23,223,135,63,245,78
23,223,143,63,245,82
23,223,151,64,245,85
23,223,159,65,245,88
23,223,167,65,245,92
23,223,175,65,245,96
23,223,183,64,245,101
23,223,191,65,245,108
23,223,199,66,245,115
23,223,207,67,245,124
23,223,215,68,244,133
23,223,223,68,242,149
23,223,231,69,239,164
23,223,239,72,236,186
23,223,247,73,230,208
23,223,255,75,224,232
23,231,0,56,248,29
23,231,7,56,248,30
23,231,15,57,248,32
23,231,23,57,249,34
23,231,31,58,249,37
23,231,39,58,249,40
23,231,47,59,249,43
23,231,55,59,250,46
23,231,63,60,250,50
23,231,71,60,250,52
23,231,79,61,250,55
23,231,87,61,250,58
23,231,95,62,250,61
23,231,103,63,250,64
23,231,111,63,250,67
23,231,119,63,250,70
23,231,127,63,249,73
23,231,135,63,249,75
23,231,143,63,249,79
23,231,151,63,249,81
23,231,159,64,250,85
23,231,167,65,250,88
23,231,175,66,250,92
23,231,183,67,251,97
23,231,191,66,251,103
23,231,199,66,250,110
23,231,207,66,250,118
23,231,215,67,250,127
23,231,223,69,249,141
23,231,231,70,248,155
23,231,239,71,246,176
23,231,247,73,243,198
23,231,255,76,238,224
23,239,0,57,251,30
23,239,7,57,251,31
23,239,15,58,251,32
23,239,23,59,251,35
23,239,31,59,251,38
23,239,39,60,252,40
23,239,47,60,252,43
23,239,55,60,252,45
23,239,63,60,252,48
23,239,71,61,252,51
23,239,79,61,252,53
23,239,87,61,252,56
23,239,95,61,252,59
23,239,103,62,252,62
23,239,111,63,252,65
23,239,119,63,252,68
23,239,127,64,252,71
23,239,135,65,252,73
23,239,143,65,253,76
23,239,151,64,253,78
23,239,159,64,253,81
23,239,167,64,253,85
23,239,175,65,253,88
23,239,183,65,253,92
23,239,191,66,253,98
23,239,199,67,254,105
23,239,207,67,254,112
23,239,215,67,254,121
23,239,223,68,253,134
23,239,231,69,253,147
23,239,239,72,253,167
23,239,247,73,251,188
23,239,255,75,249,212
23,247,0,57,253,30
23,247,7,57,253,31
23,247,15,57,253,32
23,247,23,58,253,34
23,247,31,59,253,37
23,247,39,60,253,39
23,247,47,60,253,42
23,247,55,61,253,45
23,247,63,61,253,48
23,247,71,61,253,50
23,247,79,62,253,53
23,247,87,62,253,55
23,247,95,62,253,57
23,247,103,62,253,60
23,247,111,62,253,62
23,247,119,63,253,65
23,247,127,63,253,68
23,247,135,64,253,70
23,247,143,65,253,73
23,247,151,65,253,76
23,247,159,65,253,79
23,247,167,66,253,82
23,247,175,66,253,86
23,247,183,65,253,89
23,247,191,65,253,94
23,247,199,66,254,100
23,247,207,67,254,108
23,247,215,68,254,116
23,247,223,69,254,129
23,247,231,69,254,141
23,247,239,70,254,159
23,247,247,72,254,180
23,247,255,75,254,204
23,255,0,57,253,30
23,255,7,58,253,31
23,255,15,58,253,32
23,255,23,58,253,34
23,255,31,59,253,36
23,255,39,59,253,38
23,255,47,60,253,41
23,255,55,60,253,44
23,255,63,61,253,47
23,255,71,61,253,49
23,255,79,62,253,52
23,255,87,62,253,54
23,255,95,63,253,57
23,255,103,63,252,59
23,255,111,63,252,61
23,255,119,63,252,64
23,255,127,64,253,66
23,255,135,64,253,69
23,255,143,64,253,72
23,255,151,65,253,74
23,255,159,66,253,78
23,255,167,66,253,81
23,255,175,66,253,85
23,255,183,67,253,89
23,255,191,67,253,93
23,255,199,67,253,99
23,255,207,67,253,105
23,255,215,68,253,113
23,255,223,69,254,125
23,255,231,70,254,137
23,255,239,71,254,154
23,255,247,72,254,171
23,255,255,74,255,191
31,0,0,31,2,12
31,0,7,31,2,23
31,0,15,31,2,35
31,0,23,31,3,49
31,0,31,31,4,62
31,0,39,30,5,73
31,0,47,29,6,87
31,0,55,27,6,101
31,0,63,25,7,119
31,0,71,24,8,133
31,0,79,23,9,149
31,0,87,22,9,168
31,0,95,22,10,183
31,0,103,23,12,195
31,0,111,24,13,204
31,0,119,25,15,213
31,0,127,27,17,219
31,0,135,29,19,223
31,0,143,32,20,226
31,0,151,33,21,228
31,0,159,35,23,230
31,0,167,37,24,232
31,0,175,39,25,233
31,0,183,40,27,234
31,0,191,42,29,236
31,0,199,43,30,238
31,0,207,44,30,240
31,0,215,44,31,243
31,0,223,45,34,246
31,0,231,47,37,248
31,0,239,47,38,251
31,0,247,47,40,253
31,0,255,48,42,255
31,7,0,31,7,10
31,7,7,31,7,20
31,7,15,31,7,33
31,7,23,31,8,45
31,7,31,31,9,58
31,7,39,31,10,68
31,7,47,30,11,83
31,7,55,29,12,95
31,7,63,28,13,111
31,7,71,27,14,123
31,7,79,26,14,140
31,7,87,25,15,157
31,7,95,25,16,173
31,7,103,26,18,187
31,7,111,28,20,196
31,7,119,29,22,205
31,7,127,30,23,213
31,7,135,32,25,218
31,7,143,34,27,222
31,7,151,37,30,224
31,7,159,38,31,227
31,7,167,40,32,230
31,7,175,42,32,231
31,7,183,43,34,233
31,7,191,44,36,236
31,7,199,47,39,238
31,7,207,48,38,240
31,7,215,47,38,242
31,7,223,47,40,245
31,7,231,49,42,247
31,7,239,50,45,250
31,7,247,49,45,253
31,7,255,50,46,254
31,15,0,31,15,10
31,15,7,31,15,19
31,15,15,31,14,30
31,15,23,31,15,42
31,15,31,31,16,54
31,15,39,32,16,64
31,15,47,31,17,78
31,15,55,31,18,89
31,15,63,31,19,104
31,15,71,30,20,116
31,15,79,29,21,130
31,15,87,29,22,146
31,15,95,29,23,160
31,15,103,30,24,175
31,15,111,30,26,186
31,15,119,33,29,195
31,15,127,35,31,202
31,15,135,35,32,210
31,15,143,37,34,217
31,15,151,39,35,221
31,15,159,42,38,224
31,15,167,44,40,227
31,15,175,46,41,231
31,15,183,47,42,233
31,15,191,47,43,236
31,15,199,49,45,238
31,15,207,51,47,240
31,15,215,51,47,242
31,15,223,50,47,245
31,15,231,51,48,247
31,15,239,52,50,250
31,15,247,53,52,252
31,15,255,52,52,254
31,23,0,33,27,9
31,23,7,33,25,17
31,23,15,32,24,27
31,23,23,33,24,38
31,23,31,33,25,50
31,23,39,33,25,60
31,23,47,33,26,72
31,23,55,33,27,84
31,23,63,33,28,97
31,23,71,33,29,107
31,23,79,33,29,120
31,23,87,33,30,134
31,23,95,33,31,148
31,23,103,33,33,161
31,23,111,35,34,171
31,23,119,36,36,185
31,23,127,37,38,195
31,23,135,39,39,202
31,23,143,41,42,209
31,23,151,44,43,214
31,23,159,46,45,221
31,23,167,47,47,226
31,23,175,48,48,230
31,23,183,50,50,233
31,23,191,54,52,236
31,23,199,53,53,238
31,23,207,53,54,240
31,23,215,54,55,242
31,23,223,55,56,245
31,23,231,55,56,247
31,23,239,55,56,250
31,23,247,56,57,251
31,23,255,57,60,253
31,31,0,35,38,9
31,31,7,34,37,16
31,31,15,34,35,25
31,31,23,34,35,36
31,31,31,34,35,46
31,31,39,35,35,55
31,31,47,35,35,68
31,31,55,35,36,78
31,31,63,36,37,91
31,31,71,36,37,100
31,31,79,36,38,112
31,31,87,36,39,125
31,31,95,36,39,137
31,31,103,37,40,150
31,31,111,38,41,162
31,31,119,39,43,175
31,31,127,40,44,186
31,31,135,41,45,195
31,31,143,45,47,204
31,31,151,46,49,211
31,31,159,47,51,218
31,31,167,50,53,225
31,31,175,53,55,230
31,31,183,53,56,233
31,31,191,53,57,237
31,31,199,56,59,239
31,31,207,57,60,241
31,31,215,57,61,243
31,31,223,58,62,245
31,31,231,58,62,248
31,31,239,60,63,250
31,31,247,60,63,252
31,31,255,59,63,253
31,39,0,37,51,8
31,39,7,37,49,15
31,39,15,37,48,24
31,39,23,37,47,34
31,39,31,37,46,43
31,39,39,37,46,52
31,39,47,37,46,63
31,39,55,38,46,73
31,39,63,38,47,85
31,39,71,38,47,94
31,39,79,39,47,105
31,39,87,39,47,117
31,39,95,39,48,128
31,39,103,39,48,141
31,39,111,41,49,152
31,39,119,40,49,168
31,39,127,42,50,179
31,39,135,44,52,187
31,39,143,44,53,200
31,39,151,46,54,208
31,39,159,49,56,217
31,39,167,52,58,223
31,39,175,53,59,229
31,39,183,56,61,234
31,39,191,56,62,237
31,39,199,58,64,240
31,39,207,60,65,242
31,39,215,60,65,244
31,39,223,61,66,246
31,39,231,63,67,248
31,39,239,62,66,251
31,39,247,62,67,252
31,39,255,63,68,253
31,47,0,40,63,9
31,47,7,40,61,15
31,47,15,39,59,23
31,47,23,39,58,33
31,47,31,39,57,42
31,47,39,40,57,50
31,47,47,40,56,60
31,47,55,40,56,70
31,47,63,41,56,81
31,47,71,41,56,89
31,47,79,41,56,99
31,47,87,42,56,110
31,47,95,41,56,122
31,47,103,42,56,133
31,47,111,42,56,145
31,47,119,43,56,157
31,47,127,44,57,170
31,47,135,45,58,181
31,47,143,47,59,194
31,47,151,48,59,202
31,47,159,51,61,212
31,47,167,54,62,221
31,47,175,55,63,228
31,47,183,57,65,233
31,47,191,61,67,237
31,47,199,60,67,240
31,47,207,61,68,243
31,47,215,63,69,245
31,47,223,63,69,247
31,47,231,63,69,249
31,47,239,64,70,251
31,47,247,64,69,253
31,47,255,65,70,254
31,55,0,42,75,9
31,55,7,42,73,16
31,55,15,42,71,23
31,55,23,42,70,32
31,55,31,42,69,41
31,55,39,42,68,48
31,55,47,43,67,58
31,55,55,43,67,67
31,55,63,43,67,77
31,55,71,44,66,85
31,55,79,44,66,94
31,55,87,44,65,105
31,55,95,45,65,114
31,55,103,44,65,126
31,55,111,45,64,135
31,55,119,45,64,150
31,55,127,47,64,161
31,55,135,47,64,172
31,55,143,46,65,186
31,55,151,49,65,196
31,55,159,53,66,206
31,55,167,53,67,216
31,55,175,56,68,225
31,55,183,59,69,231
31,55,191,58,70,236
31,55,199,60,71,240
31,55,207,63,72,243
31,55,215,63,72,245
31,55,223,65,73,248
31,55,231,65,72,250
31,55,239,66,72,251
31,55,247,66,72,253
31,55,255,67,72,254
31,63,0,45,85,10
31,63,7,45,83,16
31,63,15,45,81,24
31,63,23,44,80,32
31,63,31,45,79,40
31,63,39,45,78,47
31,63,47,46,78,57
31,63,55,46,77,65
31,63,63,46,76,74
31,63,71,47,76,82
31,63,79,47,75,90
31,63,87,47,74,99
31,63,95,47,74,109
31,63,103,48,73,119
31,63,111,47,72,129
31,63,119,48,72,141
31,63,127,47,71,154
31,63,135,48,71,165
31,63,143,50,71,177
31,63,151,51,71,188
31,63,159,52,72,201
31,63,167,55,72,213
31,63,175,56,73,221
31,63,183,58,73,228
31,63,191,61,74,235
31,63,199,62,75,239
31,63,207,64,75,242
31,63,215,65,76,245
31,63,223,66,76,248
31,63,231,67,76,250
31,63,239,67,75,252
31,63,247,69,74,253
31,63,255,68,73,254
31,71,0,46,96,11
31,71,7,46,95,16
31,71,15,47,93,24
31,71,23,47,92,32
31,71,31,48,91,40
31,71,39,48,90,47
31,71,47,48,89,55
31,71,55,48,88,63
31,71,63,49,87,72
31,71,71,50,86,79
31,71,79,49,85,86
31,71,87,50,85,95
31,71,95,50,84,103
31,71,103,49,83,113
31,71,111,50,82,121
31,71,119,50,81,134
31,71,127,51,80,145
31,71,135,51,80,154
31,71,143,51,79,168
31,71,151,54,79,178
31,71,159,54,79,191
31,71,167,56,79,204
31,71,175,60,79,215
31,71,183,60,79,224
31,71,191,62,79,232
31,71,199,66,79,238
31,71,207,65,79,242
31,71,215,66,79,245
31,71,223,68,79,247
31,71,231,68,79,250
31,71,239,70,79,252
31,71,247,69,78,253
31,71,255,70,76,254
31,79,0,49,105,12
31,79,7,49,103,17
31,79,15,49,102,24
31,79,23,49,100,32
31,79,31,49,100,40
31,79,39,50,99,46
31,79,47,50,98,55
31,79,55,51,97,62
31,79,63,51,96,70
31,79,71,51,95,76
31,79,79,52,94,84
31,79,87,52,93,92
31,79,95,52,91,100
31,79,103,53,90,108
31,79,111,53,90,116
31,79,119,53,88,127
31,79,127,53,87,138
31,79,135,53,87,148
31,79,143,54,86,160
31,79,151,54,85,172
31,79,159,55,85,185
31,79,167,57,84,197
31,79,175,58,84,209
31,79,183,61,83,220
31,79,191,63,83,229
31,79,199,64,83,237
31,79,207,67,83,242
31,79,215,67,83,245
31,79,223,68,82,248
31,79,231,69,82,250
31,79,239,69,81,252
31,79,247,70,81,253
31,79,255,71,80,254
31,87,0,49,115,13
31,87,7,49,113,18
31,87,15,50,112,24
31,87,23,51,111,32
31,87,31,52,110,40
31,87,39,52,109,46
31,87,47,52,108,54
31,87,55,52,107,60
31,87,63,53,106,69
31,87,71,55,105,75
31,87,79,54,103,82
31,87,87,54,102,89
31,87,95,55,101,96
31,87,103,55,100,104
31,87,111,55,98,111
31,87,119,55,97,122
31,87,127,56,96,131
31,87,135,56,95,140
31,87,143,55,94,153
31,87,151,57,93,163
31,87,159,57,92,177
31,87,167,58,91,190
31,87,175,61,90,203
31,87,183,60,89,213
31,87,191,63,89,225
31,87,199,65,88,233
31,87,207,67,87,239
31,87,215,69,87,244
31,87,223,69,86,248
31,87,231,70,85,250
31,87,239,70,85,252
31,87,247,71,84,253
31,87,255,72,83,254
31,95,0,50,125,13
31,95,7,50,123,18
31,95,15,52,121,25
31,95,23,52,119,32
31,95,31,52,119,39
31,95,39,53,118,45
31,95,47,55,117,53
31,95,55,55,116,59
31,95,63,55,114,67
31,95,71,55,113,73
31,95,79,56,112,80
31,95,87,57,111,87
31,95,95,56,109,93
31,95,103,56,108,101
31,95,111,57,107,108
31,95,119,58,105,116
31,95,127,56,104,126
31,95,135,56,103,135
31,95,143,58,101,146
31,95,151,57,100,157
31,95,159,57,99,170
31,95,167,59,97,183
31,95,175,60,96,196
31,95,183,63,95,209
31,95,191,63,94,220
31,95,199,66,93,230
31,95,207,67,92,238
31,95,215,68,91,243
31,95,223,71,90,248
31,95,231,71,89,250
31,95,239,73,88,252
31,95,247,72,87,253
31,95,255,73,86,253
31,103,0,52,134,14
31,103,7,53,132,19
31,103,15,53,130,25
31,103,23,54,128,32
31,103,31,54,127,39
31,103,39,54,127,44
31,103,47,55,125,52
31,103,55,56,124,58
31,103,63,58,123,66
31,103,71,58,122,71
31,103,79,58,121,78
31,103,87,57,119,84
31,103,95,59,118,91
31,103,103,59,116,98
31,103,111,59,115,104
31,103,119,58,113,113
31,103,127,60,112,121
31,103,135,60,111,129
31,103,143,58,109,140
31,103,151,58,108,149
31,103,159,59,106,162
31,103,167,61,104,176
31,103,175,61,103,189
31,103,183,62,101,201
31,103,191,66,100,215
31,103,199,66,98,225
31,103,207,68,97,234
31,103,215,69,95,241
31,103,223,70,94,247
31,103,231,72,93,250
31,103,239,72,91,253
31,103,247,74,91,254
31,103,255,74,89,253
31,111,0,50,145,14
31,111,7,51,143,19
31,111,15,52,140,24
31,111,23,55,138,32
31,111,31,57,137,39
31,111,39,57,136,44
31,111,47,57,135,51
31,111,55,57,133,57
31,111,63,57,132,64
31,111,71,58,131,69
31,111,79,60,130,76
31,111,87,60,128,82
31,111,95,59,126,88
31,111,103,59,125,95
31,111,111,61,124,101
31,111,119,62,122,108
31,111,127,60,120,116
31,111,135,60,119,124
31,111,143,61,118,133
31,111,151,62,116,143
31,111,159,62,114,154
31,111,167,61,112,168
31,111,175,62,110,181
31,111,183,63,109,195
31,111,191,62,106,208
31,111,199,67,104,221
31,111,207,67,102,231
31,111,215,70,101,238
31,111,223,70,99,246
31,111,231,71,97,250
31,111,239,73,95,253
31,111,247,74,94,254
31,111,255,75,93,254
31,119,0,51,153,15
31,119,7,53,151,19
31,119,15,53,149,25
31,119,23,53,147,31
31,119,31,54,145,38
31,119,39,56,145,44
31,119,47,59,143,51
31,119,55,59,142,56
31,119,63,59,140,63
31,119,71,57,139,67
31,119,79,59,138,74
31,119,87,61,136,80
31,119,95,62,135,86
31,119,103,61,133,92
31,119,111,60,131,98
31,119,119,61,130,106
31,119,127,63,128,113
31,119,135,62,127,120
31,119,143,61,125,129
31,119,151,61,124,137
31,119,159,62,122,149
31,119,167,65,120,160
31,119,175,63,118,174
31,119,183,63,116,188
31,119,191,64,113,203
31,119,199,63,111,216
31,119,207,67,108,227
31,119,215,69,106,235
31,119,223,72,104,244
31,119,231,72,102,249
31,119,239,74,100,253
31,119,247,74,98,254
31,119,255,76,96,254
31,127,0,53,165,15
31,127,7,54,162,19
31,127,15,55,159,25
31,127,23,56,157,31
31,127,31,56,155,38
31,127,39,56,155,42
31,127,47,56,153,49
31,127,55,59,152,55
31,127,63,61,151,62
31,127,71,61,149,66
31,127,79,61,147,72
31,127,87,60,146,77
31,127,95,61,144,83
31,127,103,63,143,90
31,127,111,64,141,95
31,127,119,62,139,102
31,127,127,61,138,109
31,127,135,62,136,115
31,127,143,63,135,124
31,127,151,64,133,131
31,127,159,63,131,141
31,127,167,62,129,153
31,127,175,64,127,165
31,127,183,65,124,179
31,127,191,64,121,194
31,127,199,66,119,208
31,127,207,68,116,220
31,127,215,69,113,231
31,127,223,71,110,241
31,127,231,72,108,247
31,127,239,73,105,252
31,127,247,75,103,255
31,127,255,76,101,255
31,135,0,53,175,16
31,135,7,55,173,20
31,135,15,56,170,25
31,135,23,57,167,32
31,135,31,58,165,37
31,135,39,58,164,42
31,135,47,57,163,48
31,135,55,57,161,53
31,135,63,58,160,60
31,135,71,61,159,65
31,135,79,63,157,70
31,135,87,62,155,76
31,135,95,61,153,81
31,135,103,61,151,87
31,135,111,62,150,93
31,135,119,65,148,100
31,135,127,65,146,106
31,135,135,63,145,112
31,135,143,62,143,119
31,135,151,63,142,127
31,135,159,65,140,136
31,135,167,65,137,146
31,135,175,63,135,159
31,135,183,64,133,171
31,135,191,65,130,186
31,135,199,67,126,201
31,135,207,67,123,215
31,135,215,69,120,226
31,135,223,71,116,238
31,135,231,72,113,246
31,135,239,74,110,251
31,135,247,75,107,254
31,135,255,77,105,255
31,143,0,53,186,17
31,143,7,53,184,20
31,143,15,54,182,24
31,143,23,56,178,31
31,143,31,58,175,37
31,143,39,60,174,42
31,143,47,60,172,48
31,143,55,59,171,52
31,143,63,57,169,58
31,143,71,58,168,63
31,143,79,61,166,69
31,143,87,63,164,74
31,143,95,64,163,80
31,143,103,63,161,85
31,143,111,62,159,90
31,143,119,62,158,97
31,143,127,64,156,103
31,143,135,66,154,108
31,143,143,65,152,116
31,143,151,64,151,122
31,143,159,63,149,131
31,143,167,64,147,141
31,143,175,66,144,151
31,143,183,65,142,164
31,143,191,64,139,178
31,143,199,66,135,193
31,143,207,70,131,208
31,143,215,69,128,220
31,143,223,71,124,234
31,143,231,72,120,243
31,143,239,73,116,251
31,143,247,75,112,253
31,143,255,77,109,255
31,151,0,53,196,17
31,151,7,54,194,21
31,151,15,54,192,25
31,151,23,55,189,30
31,151,31,56,187,37
31,151,39,58,185,41
31,151,47,60,182,47
31,151,55,62,180,52
31,151,63,61,178,57
31,151,71,61,177,62
31,151,79,60,176,67
31,151,87,61,174,72
31,151,95,62,172,78
31,151,103,65,170,83
31,151,111,65,169,88
31,151,119,64,167,94
31,151,127,63,166,100
31,151,135,63,164,105
31,151,143,65,163,112
31,151,151,66,161,118
31,151,159,66,158,126
31,151,167,64,157,135
31,151,175,64,154,146
31,151,183,65,152,157
31,151,191,67,148,171
31,151,199,67,145,185
31,151,207,67,141,200
31,151,215,70,137,213
31,151,223,70,132,228
31,151,231,72,128,239
31,151,239,73,123,249
31,151,247,75,119,254
31,151,255,77,114,255
31,159,0,54,206,18
31,159,7,54,204,21
31,159,15,55,202,26
31,159,23,56,199,31
31,159,31,56,197,36
31,159,39,57,195,41
31,159,47,58,192,46
31,159,55,59,190,51
31,159,63,62,188,57
31,159,71,63,186,61
31,159,79,62,185,66
31,159,87,61,184,71
31,159,95,61,182,76
31,159,103,62,181,81
31,159,111,64,179,86
31,159,119,66,177,92
31,159,127,66,175,97
31,159,135,64,174,102
31,159,143,64,173,108
31,159,151,64,171,114
31,159,159,65,169,122
31,159,167,68,166,130
31,159,175,66,164,140
31,159,183,65,162,150
31,159,191,65,159,163
31,159,199,67,155,177
31,159,207,68,151,191
31,159,215,68,147,205
31,159,223,70,141,222
31,159,231,72,136,234
31,159,239,73,131,245
31,159,247,76,125,253
31,159,255,77,121,255
31,167,0,55,213,20
31,167,7,56,212,23
31,167,15,57,210,27
31,167,23,58,208,32
31,167,31,58,205,36
31,167,39,58,204,41
31,167,47,58,202,46
31,167,55,58,200,50
31,167,63,60,198,56
31,167,71,61,196,60
31,167,79,63,194,65
31,167,87,64,192,70
31,167,95,63,191,74
31,167,103,62,190,79
31,167,111,62,189,84
31,167,119,63,187,89
31,167,127,65,186,95
31,167,135,67,184,100
31,167,143,66,183,105
31,167,151,65,182,110
31,167,159,64,180,117
31,167,167,65,178,126
31,167,175,67,175,134
31,167,183,68,172,144
31,167,191,66,169,156
31,167,199,66,166,169
31,167,207,68,162,183
31,167,215,70,158,197
31,167,223,69,152,214
31,167,231,71,146,228
31,167,239,74,139,242
31,167,247,75,133,250
31,167,255,78,127,255
31,175,0,55,221,21
31,175,7,56,220,24
31,175,15,57,218,28
31,175,23,60,216,33
31,175,31,60,213,38
31,175,39,60,212,42
31,175,47,60,210,46
31,175,55,60,208,50
31,175,63,59,207,55
31,175,71,60,206,59
31,175,79,61,204,64
31,175,87,63,202,69
31,175,95,65,200,74
31,175,103,65,199,78
31,175,111,63,198,82
31,175,119,63,198,87
31,175,127,63,196,92
31,175,135,64,195,97
31,175,143,66,193,102
31,175,151,68,191,107
31,175,159,66,190,114
31,175,167,65,189,120
31,175,175,65,187,129
31,175,183,67,185,137
31,175,191,68,181,149
31,175,199,68,177,161
31,175,207,67,174,175
31,175,215,68,169,189
31,175,223,71,163,207
31,175,231,72,157,222
31,175,239,74,149,238
31,175,247,77,142,248
31,175,255,78,136,254
31,183,0,55,228,23
31,183,7,55,227,25
31,183,15,56,226,28
31,183,23,57,225,33
31,183,31,59,223,38
31,183,39,60,221,42
31,183,47,62,219,47
31,183,55,62,217,51
31,183,63,62,216,55
31,183,71,61,215,59
31,183,79,61,214,63
31,183,87,61,213,68
31,183,95,62,211,72
31,183,103,64,210,77
31,183,111,66,209,81
31,183,119,66,208,86
31,183,127,65,207,90
31,183,135,63,207,94
31,183,143,63,206,99
31,183,151,65,204,103
31,183,159,67,203,109
31,183,167,69,201,116
31,183,175,69,199,123
31,183,183,67,198,131
31,183,191,66,195,141
31,183,199,67,191,153
31,183,207,70,187,165
31,183,215,68,183,179
31,183,223,69,177,198
31,183,231,71,170,213
31,183,239,74,162,232
31,183,247,76,154,246
31,183,255,80,146,253
31,191,0,55,233,25
31,191,7,56,233,27
31,191,15,56,232,30
31,191,23,57,231,33
31,191,31,58,230,38
31,191,39,59,229,41
31,191,47,60,228,46
31,191,55,61,226,50
31,191,63,63,224,55
31,191,71,64,223,59
31,191,79,63,222,62
31,191,87,62,221,67
31,191,95,62,221,71
31,191,103,62,220,75
31,191,111,63,219,79
31,191,119,65,218,83
31,191,127,67,217,88
31,191,135,68,216,92
31,191,143,66,215,96
31,191,151,65,215,100
31,191,159,64,214,105
31,191,167,66,213,111
31,191,175,68,211,118
31,191,183,69,209,124
31,191,191,68,207,134
31,191,199,67,205,145
31,191,207,68,201,157
31,191,215,69,197,169
31,191,223,70,191,188
31,191,231,71,185,204
31,191,239,74,176,224
31,191,247,77,167,240
31,191,255,78,159,253
31,199,0,57,237,27
31,199,7,57,237,29
31,199,15,58,237,31
31,199,23,58,236,34
31,199,31,58,235,38
31,199,39,58,235,41
31,199,47,59,234,45
31,199,55,60,233,49
31,199,63,61,232,54
31,199,71,62,231,57
31,199,79,63,230,62
31,199,87,66,229,66
31,199,95,65,228,70
31,199,103,64,228,73
31,199,111,63,227,77
31,199,119,64,226,81
31,199,127,64,226,85
31,199,135,65,225,88
31,199,143,67,224,93
31,199,151,68,223,97
31,199,159,68,223,102
31,199,167,66,223,107
31,199,175,66,222,113
31,199,183,67,220,119
31,199,191,69,218,127
31,199,199,70,216,137
31,199,207,69,213,148
31,199,215,69,210,161
31,199,223,70,205,179
31,199,231,73,199,195
31,199,239,73,191,216
31,199,247,76,182,235
31,199,255,80,172,249
31,207,0,58,240,28
31,207,7,58,241,30
31,207,15,59,241,32
31,207,23,61,241,36
31,207,31,60,240,39
31,207,39,60,240,42
31,207,47,60,239,46
31,207,55,60,239,49
31,207,63,60,238,53
31,207,71,61,237,56
31,207,79,62,236,60
31,207,87,63,236,64
31,207,95,64,235,68
31,207,103,66,234,72
31,207,111,66,234,76
31,207,119,65,233,79
31,207,127,63,233,83
31,207,135,63,233,86
31,207,143,65,232,90
31,207,151,66,232,93
31,207,159,68,231,98
31,207,167,69,230,103
31,207,175,70,230,108
31,207,183,67,230,114
31,207,191,67,228,122
31,207,199,69,227,130
31,207,207,70,224,140
31,207,215,71,222,152
31,207,223,70,218,170
31,207,231,71,213,187
31,207,239,74,205,208
31,207,247,76,197,228
31,207,255,78,187,246
31,215,0,57,243,28
31,215,7,58,243,30
31,215,15,58,243,32
31,215,23,60,244,35
31,215,31,61,245,39
31,215,39,62,245,42
31,215,47,63,245,46
31,215,55,63,244,49
31,215,63,62,243,53
31,215,71,62,242,55
31,215,79,62,242,59
31,215,87,62,241,62
31,215,95,63,241,66
31,215,103,64,241,70
31,215,111,65,240,73
31,215,119,66,240,77
31,215,127,67,240,81
31,215,135,67,239,83
31,215,143,66,239,87
31,215,151,66,239,90
31,215,159,66,239,94
31,215,167,67,239,98
31,215,175,68,238,103
31,215,183,69,238,108
31,215,191,71,237,115
31,215,199,69,236,124
31,215,207,69,235,132
31,215,215,70,233,143
31,215,223,72,230,160
31,215,231,72,227,177
31,215,239,73,220,199
31,215,247,76,214,220
31,215,255,79,205,243
31,223,0,57,246,29
31,223,7,58,246,31
31,223,15,58,246,32
31,223,23,59,246,35
31,223,31,60,247,38
31,223,39,61,248,41
31,223,47,62,248,45
31,223,55,63,248,48
31,223,63,63,248,52
31,223,71,64,247,55
31,223,79,64,247,58
31,223,87,64,246,61
31,223,95,63,246,64
31,223,103,64,246,67
31,223,111,64,246,71
31,223,119,65,246,74
31,223,127,66,246,77
31,223,135,66,246,80
31,223,143,67,246,84
31,223,151,69,246,87
31,223,159,69,246,90
31,223,167,68,246,94
31,223,175,68,246,98
31,223,183,68,246,103
31,223,191,68,245,110
31,223,199,70,245,117
31,223,207,71,245,125
31,223,215,71,244,135
31,223,223,71,242,150
31,223,231,72,239,166
31,223,239,75,235,188
31,223,247,76,230,210
31,223,255,78,223,233
31,231,0,58,248,30
31,231,7,59,248,31
31,231,15,59,249,33
31,231,23,60,249,35
31,231,31,60,249,38
31,231,39,61,250,41
31,231,47,62,250,44
31,231,55,62,250,47
31,231,63,63,250,51
31,231,71,63,250,54
31,231,79,64,250,57
31,231,87,65,250,60
31,231,95,65,250,63
31,231,103,66,250,66
31,231,111,66,250,69
31,231,119,66,250,72
31,231,127,66,250,75
31,231,135,66,250,77
31,231,143,66,250,80
31,231,151,67,250,83
31,231,159,67,250,87
31,231,167,68,250,90
31,231,175,69,251,95
31,231,183,70,251,99
31,231,191,69,251,105
31,231,199,69,251,112
31,231,207,69,250,120
31,231,215,71,250,129
31,231,223,73,249,143
31,231,231,72,248,157
31,231,239,73,246,178
31,231,247,76,243,200
31,231,255,78,238,226
31,239,0,59,251,30
31,239,7,59,251,32
31,239,15,60,251,33
31,239,23,62,252,36
31,239,31,62,252,39
31,239,39,62,252,41
31,239,47,62,252,44
31,239,55,63,252,46
31,239,63,63,252,50
31,239,71,63,252,52
31,239,79,63,252,55
31,239,87,64,252,58
31,239,95,64,252,61
31,239,103,65,252,64
31,239,111,66,253,66
31,239,119,66,253,70
31,239,127,67,253,72
31,239,135,68,253,75
31,239,143,67,253,78
31,239,151,67,253,80
31,239,159,67,253,83
31,239,167,67,253,86
31,239,175,68,253,90
31,239,183,68,253,94
31,239,191,69,254,100
31,239,199,70,254,107
31,239,207,70,254,114
31,239,215,70,254,122
31,239,223,71,254,135
31,239,231,72,253,149
31,239,239,74,253,170
31,239,247,75,251,189
31,239,255,77,249,214
31,247,0,59,253,30
31,247,7,59,253,31
31,247,15,60,253,33
31,247,23,60,253,35
31,247,31,62,253,38
31,247,39,62,253,41
31,247,47,63,253,43
31,247,55,63,253,46
31,247,63,64,253,49
31,247,71,64,253,51
31,247,79,64,253,54
31,247,87,64,253,56
31,247,95,64,253,59
31,247,103,64,253,61
31,247,111,65,253,64
31,247,119,65,253,67
31,247,127,66,253,69
31,247,135,66,253,72
31,247,143,67,254,75
31,247,151,68,254,78
31,247,159,68,254,81
31,247,167,68,254,84
31,247,175,68,254,87
31,247,183,68,254,91
31,247,191,68,254,96
31,247,199,69,254,102
31,247,207,69,254,110
31,247,215,70,254,118
31,247,223,71,254,131
31,247,231,71,254,143
31,247,239,73,254,161
31,247,247,75,254,182
31,247,255,77,254,205
31,255,0,59,253,30
31,255,7,59,253,32
31,255,15,60,253,33
31,255,23,60,253,35
31,255,31,61,253,37
31,255,39,61,253,39
31,255,47,62,253,42
31,255,55,63,253,45
31,255,63,63,253,48
31,255,71,64,253,51
31,255,79,64,253,53
31,255,87,65,253,56
31,255,95,65,253,58
31,255,103,65,253,60
31,255,111,65,253,62
31,255,119,65,253,65
31,255,127,66,253,68
31,255,135,66,253,70
31,255,143,67,253,73
31,255,151,67,253,76
31,255,159,68,253,79
31,255,167,68,253,83
31,255,175,69,253,86
31,255,183,69,253,90
31,255,191,69,253,95
31,255,199,69,253,101
31,255,207,70,253,107
31,255,215,70,253,115
31,255,223,71,254,126
31,255,231,72,254,139
31,255,239,73,254,156
31,255,247,74,254,173
31,255,255,76,255,192
39,0,0,40,2,14
39,0,7,40,2,24
39,0,15,40,2,36
39,0,23,40,3,50
39,0,31,40,4,63
39,0,39,39,5,74
39,0,47,38,6,88
39,0,55,36,6,102
39,0,63,35,7,121
39,0,71,33,8,134
39,0,79,32,8,151
39,0,87,30,9,170
39,0,95,30,10,186
39,0,103,30,11,198
39,0,111,31,13,206
39,0,119,32,15,214
39,0,127,34,18,220
39,0,135,35,19,223
39,0,143,37,20,226
39,0,151,39,22,228
39,0,159,40,23,230
39,0,167,42,24,231
39,0,175,44,25,232
39,0,183,45,28,233
39,0,191,46,29,236
39,0,199,46,29,238
39,0,207,48,30,240
39,0,215,47,31,242
39,0,223,48,34,245
39,0,231,50,37,247
39,0,239,49,38,250
39,0,247,49,39,253
39,0,255,50,42,255
39,7,0,39,6,13
39,7,7,39,6,23
39,7,15,39,7,34
39,7,23,39,7,47
39,7,31,39,9,59
39,7,39,39,9,70
39,7,47,38,11,84
39,7,55,38,11,96
39,7,63,37,13,112
39,7,71,36,13,126
39,7,79,35,14,142
39,7,87,34,15,160
39,7,95,33,16,175
39,7,103,34,18,189
39,7,111,34,19,197
39,7,119,35,21,207
39,7,127,37,23,214
39,7,135,38,25,218
39,7,143,40,28,221
39,7,151,42,30,224
39,7,159,44,31,227
39,7,167,45,31,229
39,7,175,46,32,232
39,7,183,48,34,233
39,7,191,49,37,235
39,7,199,50,38,238
39,7,207,51,38,240
39,7,215,50,38,242
39,7,223,50,40,245
39,7,231,52,42,247
39,7,239,52,44,250
39,7,247,52,45,252
39,7,255,52,46,254
39,15,0,39,14,12
39,15,7,39,13,20
39,15,15,39,13,32
39,15,23,39,14,44
39,15,31,40,14,56
39,15,39,40,15,66
39,15,47,39,17,79
39,15,55,39,18,91
39,15,63,38,18,106
39,15,71,38,19,117
39,15,79,37,20,132
39,15,87,37,21,149
39,15,95,37,22,163
39,15,103,37,24,176
39,15,111,38,26,186
39,15,119,40,28,196
39,15,127,41,30,204
39,15,135,41,32,210
39,15,143,43,34,216
39,15,151,45,36,220
39,15,159,47,38,224
39,15,167,49,40,227
39,15,175,50,41,231
39,15,183,51,42,233
39,15,191,52,43,236
39,15,199,53,45,238
39,15,207,55,47,240
39,15,215,55,47,242
39,15,223,54,47,245
39,15,231,54,48,247
39,15,239,55,50,249
39,15,247,55,51,252
39,15,255,54,51,254
39,23,0,40,24,10
39,23,7,40,24,19
39,23,15,40,23,29
39,23,23,40,23,40
39,23,31,40,23,52
39,23,39,40,24,61
39,23,47,41,25,74
39,23,55,41,26,85
39,23,63,41,27,98
39,23,71,40,28,109
39,23,79,40,28,122
39,23,87,40,29,137
39,23,95,40,30,150
39,23,103,41,32,162
39,23,111,41,34,172
39,23,119,42,35,185
39,23,127,44,37,194
39,23,135,45,39,201
39,23,143,47,42,208
39,23,151,49,43,215
39,23,159,50,45,222
39,23,167,52,47,227
39,23,175,53,49,230
39,23,183,55,51,233
39,23,191,57,52,236
39,23,199,57,53,239
39,23,207,57,54,241
39,23,215,58,55,242
39,23,223,59,57,245
39,23,231,58,56,247
39,23,239,58,56,249
39,23,247,58,58,251
39,23,255,59,60,253
39,31,0,42,36,10
39,31,7,41,35,17
39,31,15,41,34,27
39,31,23,41,33,37
39,31,31,42,33,48
39,31,39,42,33,57
39,31,47,42,34,69
39,31,55,42,35,80
39,31,63,42,36,92
39,31,71,43,36,101
39,31,79,43,37,114
39,31,87,43,37,126
39,31,95,43,38,139
39,31,103,43,39,151
39,31,111,44,40,163
39,31,119,45,42,175
39,31,127,46,44,186
39,31,135,48,45,194
39,31,143,50,47,204
39,31,151,51,49,212
39,31,159,52,51,219
39,31,167,55,53,225
39,31,175,58,55,231
39,31,183,57,56,234
39,31,191,58,58,237
39,31,199,60,60,240
39,31,207,61,61,242
39,31,215,61,61,243
39,31,223,62,62,245
39,31,231,62,63,248
39,31,239,62,63,250
39,31,247,62,63,251
39,31,255,62,64,253
39,39,0,44,49,10
39,39,7,44,47,17
39,39,15,43,46,26
39,39,23,43,45,35
39,39,31,43,44,45
39,39,39,44,44,54
39,39,47,44,45,65
39,39,55,44,45,75
39,39,63,45,45,86
39,39,71,45,46,95
39,39,79,45,46,106
39,39,87,45,46,118
39,39,95,45,47,129
39,39,103,46,47,142
39,39,111,46,48,153
39,39,119,47,49,167
39,39,127,49,50,178
39,39,135,50,51,188
39,39,143,51,53,199
39,39,151,52,54,208
39,39,159,55,56,217
39,39,167,57,58,224
39,39,175,58,60,230
39,39,183,60,61,234
39,39,191,62,63,238
39,39,199,63,64,241
39,39,207,64,65,242
39,39,215,64,66,244
39,39,223,65,67,247
39,39,231,66,67,248
39,39,239,65,67,251
39,39,247,65,68,252
39,39,255,65,68,253
39,47,0,46,60,10
39,47,7,46,59,17
39,47,15,46,57,25
39,47,23,45,56,34
39,47,31,45,55,43
39,47,39,46,55,51
39,47,47,46,55,62
39,47,55,46,55,71
39,47,63,47,55,82
39,47,71,47,55,90
39,47,79,47,55,101
39,47,87,48,55,112
39,47,95,48,55,123
39,47,103,48,55,134
39,47,111,48,55,145
39,47,119,49,56,158
39,47,127,50,56,170
39,47,135,51,57,181
39,47,143,53,58,193
39,47,151,54,60,202
39,47,159,56,61,212
39,47,167,58,63,221
39,47,175,60,64,229
39,47,183,62,65,233
39,47,191,64,67,238
39,47,199,65,68,241
39,47,207,65,69,243
39,47,215,68,70,245
39,47,223,67,70,247
39,47,231,67,70,249
39,47,239,68,70,251
39,47,247,67,70,253
39,47,255,67,70,254
39,55,0,48,72,11
39,55,7,48,70,17
39,55,15,48,69,25
39,55,23,48,68,34
39,55,31,48,67,42
39,55,39,48,66,50
39,55,47,48,66,60
39,55,55,49,66,68
39,55,63,49,65,78
39,55,71,50,65,86
39,55,79,50,65,95
39,55,87,50,64,106
39,55,95,50,64,116
39,55,103,50,64,127
39,55,111,51,63,137
39,55,119,51,63,149
39,55,127,52,64,162
39,55,135,53,64,172
39,55,143,54,65,185
39,55,151,56,65,195
39,55,159,58,67,208
39,55,167,59,67,217
39,55,175,62,69,225
39,55,183,64,70,233
39,55,191,63,71,237
39,55,199,66,72,241
39,55,207,68,73,243
39,55,215,67,73,246
39,55,223,69,73,248
39,55,231,69,73,250
39,55,239,69,73,252
39,55,247,69,73,253
39,55,255,69,72,254
39,63,0,50,82,11
39,63,7,50,80,18
39,63,15,50,79,25
39,63,23,50,78,34
39,63,31,51,77,42
39,63,39,51,77,49
39,63,47,51,76,58
39,63,55,51,75,66
39,63,63,52,75,76
39,63,71,52,74,83
39,63,79,52,74,91
39,63,87,53,73,101
39,63,95,53,73,110
39,63,103,53,72,120
39,63,111,53,71,130
39,63,119,53,71,142
39,63,127,53,71,154
39,63,135,54,71,164
39,63,143,56,71,177
39,63,151,56,71,188
39,63,159,58,72,201
39,63,167,61,73,213
39,63,175,62,73,222
39,63,183,63,74,229
39,63,191,67,75,236
39,63,199,67,75,240
39,63,207,68,76,243
39,63,215,70,76,245
39,63,223,70,76,248
39,63,231,70,76,250
39,63,239,70,75,252
39,63,247,71,75,253
39,63,255,71,74,254
39,71,0,53,93,13
39,71,7,53,92,18
39,71,15,53,90,26
39,71,23,53,90,34
39,71,31,53,89,42
39,71,39,53,88,49
39,71,47,54,87,57
39,71,55,54,87,65
39,71,63,55,86,73
39,71,71,55,85,80
39,71,79,55,84,88
39,71,87,55,84,96
39,71,95,56,83,104
39,71,103,56,82,114
39,71,111,56,81,122
39,71,119,56,80,134
39,71,127,56,80,145
39,71,135,57,79,154
39,71,143,57,79,168
39,71,151,58,79,179
39,71,159,60,79,192
39,71,167,62,79,204
39,71,175,64,79,216
39,71,183,65,79,225
39,71,191,67,79,233
39,71,199,70,80,239
39,71,207,69,80,243
39,71,215,71,80,245
39,71,223,72,80,248
39,71,231,71,80,250
39,71,239,73,79,252
39,71,247,72,78,253
39,71,255,73,76,254
39,79,0,54,102,14
39,79,7,54,100,19
39,79,15,54,99,26
39,79,23,55,98,34
39,79,31,55,98,42
39,79,39,56,97,48
39,79,47,56,96,56
39,79,55,56,95,63
39,79,63,57,94,72
39,79,71,57,94,78
39,79,79,57,93,86
39,79,87,58,92,94
39,79,95,58,91,101
39,79,103,58,90,109
39,79,111,58,89,117
39,79,119,58,88,128
39,79,127,58,87,139
39,79,135,58,86,149
39,79,143,59,86,160
39,79,151,59,85,172
39,79,159,61,85,185
39,79,167,63,84,198
39,79,175,63,84,210
39,79,183,66,84,220
39,79,191,68,84,231
39,79,199,69,83,237
39,79,207,72,84,242
39,79,215,71,83,245
39,79,223,72,83,248
39,79,231,73,82,250
39,79,239,72,82,252
39,79,247,73,81,253
39,79,255,73,80,254
39,87,0,56,112,15
39,87,7,56,111,20
39,87,15,56,109,27
39,87,23,57,109,34
39,87,31,57,108,41
39,87,39,57,107,48
39,87,47,58,106,56
39,87,55,59,106,63
39,87,63,59,104,70
39,87,71,59,103,76
39,87,79,60,102,83
39,87,87,61,101,91
39,87,95,61,100,98
39,87,103,61,99,105
39,87,111,61,98,112
39,87,119,61,97,122
39,87,127,61,96,132
39,87,135,61,95,141
39,87,143,61,94,153
39,87,151,62,93,164
39,87,159,62,92,177
39,87,167,63,91,190
39,87,175,65,90,203
39,87,183,66,90,214
39,87,191,68,89,225
39,87,199,70,88,234
39,87,207,71,88,240
39,87,215,73,87,245
39,87,223,73,87,248
39,87,231,73,86,250
39,87,239,74,85,252
39,87,247,74,85,253
39,87,255,74,84,254
39,95,0,56,121,15
39,95,7,57,120,20
39,95,15,57,118,27
39,95,23,58,117,34
39,95,31,59,117,42
39,95,39,59,116,47
39,95,47,60,115,55
39,95,55,60,114,61
39,95,63,61,113,69
39,95,71,62,112,75
39,95,79,62,111,82
39,95,87,62,110,89
39,95,95,63,108,95
39,95,103,63,107,102
39,95,111,63,106,109
39,95,119,63,105,117
39,95,127,63,103,127
39,95,135,63,102,135
39,95,143,64,101,146
39,95,151,63,100,157
39,95,159,63,99,170
39,95,167,64,98,183
39,95,175,65,96,196
39,95,183,68,95,209
39,95,191,68,94,221
39,95,199,71,93,230
39,95,207,72,92,239
39,95,215,73,91,243
39,95,223,75,90,248
39,95,231,74,89,250
39,95,239,75,89,253
39,95,247,75,88,253
39,95,255,75,87,253
39,103,0,57,130,16
39,103,7,58,129,20
39,103,15,58,128,27
39,103,23,59,126,34
39,103,31,60,125,41
39,103,39,60,125,47
39,103,47,62,124,54
39,103,55,62,123,61
39,103,63,63,122,68
39,103,71,63,121,73
39,103,79,63,119,80
39,103,87,65,118,87
39,103,95,65,117,93
39,103,103,65,115,99
39,103,111,64,114,106
39,103,119,65,113,114
39,103,127,66,111,122
39,103,135,65,110,129
39,103,143,64,109,140
39,103,151,65,108,150
39,103,159,65,106,163
39,103,167,65,104,176
39,103,175,66,103,189
39,103,183,68,102,202
39,103,191,70,100,216
39,103,199,71,98,226
39,103,207,73,97,235
39,103,215,74,96,242
39,103,223,74,94,247
39,103,231,76,93,250
39,103,239,75,92,253
39,103,247,77,91,254
39,103,255,76,90,253
39,111,0,58,140,17
39,111,7,59,138,22
39,111,15,60,137,27
39,111,23,61,135,35
39,111,31,61,135,41
39,111,39,62,134,46
39,111,47,62,133,53
39,111,55,63,132,59
39,111,63,64,131,67
39,111,71,65,130,72
39,111,79,65,128,78
39,111,87,65,127,84
39,111,95,66,126,90
39,111,103,67,124,97
39,111,111,67,123,103
39,111,119,67,121,110
39,111,127,66,120,118
39,111,135,66,119,125
39,111,143,68,117,134
39,111,151,67,116,144
39,111,159,67,114,155
39,111,167,67,112,168
39,111,175,68,110,182
39,111,183,68,109,195
39,111,191,69,107,209
39,111,199,72,105,222
39,111,207,72,103,231
39,111,215,75,101,239
39,111,223,75,99,246
39,111,231,75,98,250
39,111,239,76,96,253
39,111,247,77,95,254
39,111,255,78,93,254
39,119,0,57,150,17
39,119,7,59,147,22
39,119,15,60,145,28
39,119,23,61,144,34
39,119,31,62,143,41
39,119,39,63,142,46
39,119,47,64,141,53
39,119,55,64,140,58
39,119,63,65,139,65
39,119,71,65,138,70
39,119,79,67,137,77
39,119,87,67,135,83
39,119,95,67,134,88
39,119,103,67,132,94
39,119,111,67,131,100
39,119,119,69,129,108
39,119,127,68,127,114
39,119,135,68,126,121
39,119,143,67,125,130
39,119,151,68,123,138
39,119,159,69,121,149
39,119,167,69,120,161
39,119,175,68,118,174
39,119,183,69,116,188
39,119,191,70,113,203
39,119,199,69,111,216
39,119,207,73,108,228
39,119,215,73,106,236
39,119,223,76,104,244
39,119,231,76,102,249
39,119,239,77,100,253
39,119,247,77,98,254
39,119,255,78,97,254
39,127,0,58,161,17
39,127,7,59,159,21
39,127,15,60,156,27
39,127,23,61,154,34
39,127,31,62,153,40
39,127,39,63,152,45
39,127,47,64,151,52
39,127,55,65,150,57
39,127,63,66,149,64
39,127,71,66,148,68
39,127,79,66,146,74
39,127,87,67,145,80
39,127,95,68,143,86
39,127,103,69,142,92
39,127,111,69,140,97
39,127,119,68,139,104
39,127,127,68,137,111
39,127,135,69,136,117
39,127,143,70,134,125
39,127,151,69,132,132
39,127,159,69,131,142
39,127,167,69,129,154
39,127,175,71,127,166
39,127,183,70,124,180
39,127,191,69,121,195
39,127,199,72,119,210
39,127,207,72,116,221
39,127,215,74,113,232
39,127,223,75,110,241
39,127,231,77,108,248
39,127,239,77,105,252
39,127,247,79,103,255
39,127,255,79,101,255
39,135,0,59,171,18
39,135,7,59,170,21
39,135,15,61,167,27
39,135,23,62,164,34
39,135,31,63,163,40
39,135,39,63,162,45
39,135,47,64,161,51
39,135,55,64,160,56
39,135,63,67,158,63
39,135,71,67,157,67
39,135,79,67,155,73
39,135,87,68,153,78
39,135,95,67,152,84
39,135,103,68,150,89
39,135,111,70,149,95
39,135,119,70,147,101
39,135,127,70,146,108
39,135,135,69,144,113
39,135,143,69,143,121
39,135,151,70,141,128
39,135,159,71,139,137
39,135,167,70,137,147
39,135,175,69,135,160
39,135,183,70,133,172
39,135,191,71,129,187
39,135,199,71,126,202
39,135,207,72,123,216
39,135,215,75,120,227
39,135,223,75,116,239
39,135,231,77,113,246
39,135,239,77,110,251
39,135,247,78,107,254
39,135,255,80,105,255
39,143,0,60,182,19
39,143,7,61,180,22
39,143,15,61,178,27
39,143,23,63,174,34
39,143,31,63,173,40
39,143,39,64,171,44
39,143,47,65,170,50
39,143,55,65,169,55
39,143,63,64,168,61
39,143,71,66,166,66
39,143,79,68,165,72
39,143,87,68,163,77
39,143,95,69,161,82
39,143,103,68,160,87
39,143,111,68,158,92
39,143,119,69,157,99
39,143,127,71,155,105
39,143,135,71,154,110
39,143,143,70,152,117
39,143,151,69,150,124
39,143,159,70,149,132
39,143,167,71,146,142
39,143,175,72,144,152
39,143,183,70,141,165
39,143,191,70,138,180
39,143,199,72,135,195
39,143,207,74,131,209
39,143,215,73,128,221
39,143,223,76,123,234
39,143,231,75,120,243
39,143,239,78,116,251
39,143,247,78,113,253
39,143,255,80,109,255
39,151,0,58,192,19
39,151,7,59,190,23
39,151,15,60,188,27
39,151,23,62,186,33
39,151,31,64,183,40
39,151,39,65,181,44
39,151,47,66,180,50
39,151,55,66,178,55
39,151,63,66,177,60
39,151,71,66,176,64
39,151,79,66,174,70
39,151,87,68,173,75
39,151,95,70,171,81
39,151,103,70,169,86
39,151,111,70,168,90
39,151,119,69,166,96
39,151,127,69,165,102
39,151,135,70,164,107
39,151,143,72,162,114
39,151,151,71,160,120
39,151,159,71,158,128
39,151,167,70,156,137
39,151,175,70,154,147
39,151,183,72,151,158
39,151,191,71,148,172
39,151,199,72,144,186
39,151,207,72,140,201
39,151,215,75,136,215
39,151,223,74,132,229
39,151,231,76,127,239
39,151,239,77,123,249
39,151,247,78,119,254
39,151,255,79,114,255
39,159,0,58,202,19
39,159,7,59,200,23
39,159,15,61,198,28
39,159,23,61,196,33
39,159,31,62,194,39
39,159,39,63,192,44
39,159,47,65,190,50
39,159,55,67,188,54
39,159,63,67,186,60
39,159,71,67,185,63
39,159,79,67,183,68
39,159,87,67,182,73
39,159,95,68,181,78
39,159,103,69,179,84
39,159,111,71,178,89
39,159,119,71,176,94
39,159,127,71,174,99
39,159,135,70,173,104
39,159,143,70,172,110
39,159,151,71,171,116
39,159,159,72,168,124
39,159,167,73,166,132
39,159,175,71,164,141
39,159,183,70,162,152
39,159,191,71,158,165
39,159,199,73,154,178
39,159,207,73,151,192
39,159,215,73,146,206
39,159,223,76,141,223
39,159,231,76,136,234
39,159,239,77,130,246
39,159,247,79,125,253
39,159,255,80,121,255
39,167,0,59,210,21
39,167,7,60,209,24
39,167,15,61,207,28
39,167,23,62,205,34
39,167,31,63,203,39
39,167,39,63,201,43
39,167,47,64,200,49
39,167,55,65,198,53
39,167,63,67,196,59
39,167,71,68,194,63
39,167,79,69,193,68
39,167,87,68,191,72
39,167,95,68,190,77
39,167,103,68,189,82
39,167,111,68,188,86
39,167,119,70,186,92
39,167,127,72,185,98
39,167,135,72,183,102
39,167,143,71,182,107
39,167,151,70,181,113
39,167,159,70,180,119
39,167,167,71,177,128
39,167,175,74,174,136
39,167,183,72,172,146
39,167,191,71,169,158
39,167,199,71,165,171
39,167,207,73,161,184
39,167,215,74,157,198
39,167,223,74,151,216
39,167,231,76,145,229
39,167,239,78,138,243
39,167,247,79,133,250
39,167,255,81,127,255
39,175,0,60,218,23
39,175,7,61,217,25
39,175,15,62,216,29
39,175,23,64,213,35
39,175,31,64,211,39
39,175,39,65,210,44
39,175,47,65,208,48
39,175,55,65,207,53
39,175,63,65,205,58
39,175,71,66,204,62
39,175,79,68,202,67
39,175,87,70,200,72
39,175,95,70,199,76
39,175,103,70,198,80
39,175,111,69,198,85
39,175,119,69,197,90
39,175,127,69,195,95
39,175,135,71,194,99
39,175,143,73,192,105
39,175,151,73,191,109
39,175,159,71,190,116
39,175,167,70,189,122
39,175,175,71,186,131
39,175,183,72,184,139
39,175,191,73,180,151
39,175,199,72,177,163
39,175,207,72,173,177
39,175,215,73,169,190
39,175,223,75,162,208
39,175,231,76,156,223
39,175,239,78,148,239
39,175,247,80,141,249
39,175,255,81,135,254
39,183,0,60,226,25
39,183,7,60,226,27
39,183,15,61,225,30
39,183,23,63,223,35
39,183,31,65,221,41
39,183,39,66,220,44
39,183,47,67,218,49
39,183,55,66,216,53
39,183,63,66,215,58
39,183,71,66,214,61
39,183,79,66,213,66
39,183,87,67,212,70
39,183,95,69,210,75
39,183,103,71,209,79
39,183,111,71,208,83
39,183,119,70,207,88
39,183,127,70,207,92
39,183,135,69,206,96
39,183,143,69,205,101
39,183,151,71,204,106
39,183,159,73,202,112
39,183,167,74,200,118
39,183,175,73,199,125
39,183,183,72,197,133
39,183,191,72,194,143
39,183,199,73,191,155
39,183,207,74,187,166
39,183,215,73,183,181
39,183,223,74,176,199
39,183,231,77,169,215
39,183,239,78,161,233
39,183,247,79,153,247
39,183,255,82,145,254
39,191,0,60,232,26
39,191,7,60,232,29
39,191,15,61,231,31
39,191,23,62,230,35
39,191,31,63,229,40
39,191,39,64,228,44
39,191,47,66,227,49
39,191,55,68,225,53
39,191,63,68,223,58
39,191,71,68,222,61
39,191,79,67,222,65
39,191,87,67,221,69
39,191,95,67,220,73
39,191,103,68,219,77
39,191,111,69,218,81
39,191,119,71,217,86
39,191,127,72,216,90
39,191,135,72,215,94
39,191,143,71,215,98
39,191,151,70,214,102
39,191,159,70,213,108
39,191,167,72,212,114
39,191,175,73,210,120
39,191,183,74,209,126
39,191,191,72,207,136
39,191,199,72,204,146
39,191,207,73,201,159
39,191,215,75,197,171
39,191,223,74,190,190
39,191,231,75,184,206
39,191,239,78,175,226
39,191,247,80,167,241
39,191,255,82,158,253
39,199,0,60,236,28
39,199,7,61,236,30
39,199,15,62,236,33
39,199,23,62,235,36
39,199,31,63,235,40
39,199,39,63,235,43
39,199,47,64,234,48
39,199,55,65,233,52
39,199,63,67,232,57
39,199,71,68,231,60
39,199,79,69,230,64
39,199,87,69,228,68
39,199,95,69,228,72
39,199,103,68,227,76
39,199,111,68,227,79
39,199,119,69,226,84
39,199,127,70,225,88
39,199,135,71,225,91
39,199,143,73,224,96
39,199,151,73,223,99
39,199,159,72,222,104
39,199,167,71,222,109
39,199,175,71,221,115
39,199,183,72,220,121
39,199,191,74,218,129
39,199,199,74,215,139
39,199,207,74,213,150
39,199,215,73,209,163
39,199,223,75,204,180
39,199,231,77,198,197
39,199,239,77,190,218
39,199,247,79,181,236
39,199,255,82,172,250
39,207,0,61,240,29
39,207,7,62,240,30
39,207,15,63,240,33
39,207,23,64,240,37
39,207,31,64,240,40
39,207,39,64,240,43
39,207,47,65,239,47
39,207,55,65,238,51
39,207,63,65,238,55
39,207,71,66,237,59
39,207,79,67,237,63
39,207,87,69,236,67
39,207,95,70,235,71
39,207,103,70,234,75
39,207,111,70,234,78
39,207,119,69,233,82
39,207,127,68,233,85
39,207,135,69,233,88
39,207,143,70,232,92
39,207,151,72,232,96
39,207,159,73,231,101
39,207,167,74,230,106
39,207,175,73,229,110
39,207,183,72,229,116
39,207,191,72,228,124
39,207,199,74,226,132
39,207,207,75,224,142
39,207,215,75,221,154
39,207,223,74,217,172
39,207,231,75,212,188
39,207,239,79,205,210
39,207,247,79,196,230
39,207,255,82,186,248
39,215,0,61,243,30
39,215,7,61,243,31
39,215,15,62,244,33
39,215,23,64,245,37
39,215,31,66,245,41
39,215,39,66,245,44
39,215,47,66,244,48
39,215,55,66,244,51
39,215,63,66,243,55
39,215,71,66,242,58
39,215,79,66,242,61
39,215,87,67,242,65
39,215,95,68,241,68
39,215,103,69,241,72
39,215,111,70,241,76
39,215,119,72,240,80
39,215,127,71,240,83
39,215,135,71,240,86
39,215,143,71,239,89
39,215,151,71,239,92
39,215,159,71,239,96
39,215,167,72,239,101
39,215,175,73,239,106
39,215,183,75,238,111
39,215,191,74,237,118
39,215,199,73,236,126
39,215,207,73,235,134
39,215,215,74,233,145
39,215,223,76,230,162
39,215,231,76,226,178
39,215,239,77,220,201
39,215,247,80,213,222
39,215,255,82,204,243
39,223,0,61,246,30
39,223,7,61,246,32
39,223,15,62,246,34
39,223,23,63,247,36
39,223,31,64,248,40
39,223,39,65,248,43
39,223,47,66,248,47
39,223,55,67,249,51
39,223,63,68,248,54
39,223,71,68,248,57
39,223,79,68,247,60
39,223,87,67,247,63
39,223,95,67,246,66
39,223,103,68,246,70
39,223,111,68,246,73
39,223,119,69,246,77
39,223,127,70,246,80
39,223,135,71,246,83
39,223,143,72,246,86
39,223,151,73,246,89
39,223,159,72,246,93
39,223,167,72,246,96
39,223,175,72,246,101
39,223,183,72,246,106
39,223,191,73,246,112
39,223,199,75,245,119
39,223,207,75,245,128
39,223,215,74,244,137
39,223,223,75,241,152
39,223,231,76,239,168
39,223,239,79,235,190
39,223,247,79,230,212
39,223,255,81,223,235
39,231,0,61,249,31
39,231,7,61,249,32
39,231,15,62,249,34
39,231,23,63,249,37
39,231,31,63,250,39
39,231,39,64,250,42
39,231,47,65,250,46
39,231,55,66,251,49
39,231,63,67,251,53
39,231,71,67,251,56
39,231,79,68,251,59
39,231,87,69,251,62
39,231,95,69,251,65
39,231,103,69,250,68
39,231,111,69,250,71
39,231,119,69,250,74
39,231,127,69,250,77
39,231,135,70,250,79
39,231,143,70,250,83
39,231,151,71,250,86
39,231,159,72,251,89
39,231,167,73,251,93
39,231,175,73,251,97
39,231,183,73,251,101
39,231,191,72,251,107
39,231,199,72,251,114
39,231,207,73,251,122
39,231,215,75,250,131
39,231,223,76,249,145
39,231,231,76,248,159
39,231,239,77,245,180
39,231,247,80,242,202
39,231,255,81,238,227
39,239,0,62,252,31
39,239,7,62,252,33
39,239,15,63,252,34
39,239,23,64,252,37
39,239,31,65,252,40
39,239,39,65,252,42
39,239,47,65,252,45
39,239,55,66,252,48
39,239,63,66,252,51
39,239,71,66,252,54
39,239,79,67,253,57
39,239,87,67,253,60
39,239,95,68,253,63
39,239,103,68,253,66
39,239,111,69,253,68
39,239,119,70,253,72
39,239,127,70,253,74
39,239,135,71,253,77
39,239,143,70,253,80
39,239,151,70,253,82
39,239,159,70,253,85
39,239,167,71,253,89
39,239,175,71,253,93
39,239,183,72,254,97
39,239,191,74,254,103
39,239,199,74,254,109
39,239,207,73,254,116
39,239,215,73,254,125
39,239,223,74,254,138
39,239,231,76,253,152
39,239,239,77,253,172
39,239,247,78,251,192
39,239,255,80,249,216
39,247,0,61,253,31
39,247,7,62,253,32
39,247,15,62,253,34
39,247,23,63,253,36
39,247,31,64,253,40
39,247,39,65,253,42
39,247,47,66,253,45
39,247,55,67,254,48
39,247,63,67,254,51
39,247,71,67,253,53
39,247,79,67,253,56
39,247,87,67,253,58
39,247,95,67,253,61
39,247,103,67,253,63
39,247,111,68,253,66
39,247,119,69,253,69
39,247,127,69,254,71
39,247,135,70,254,74
39,247,143,71,254,77
39,247,151,71,254,80
39,247,159,71,254,83
39,247,167,71,254,86
39,247,175,71,254,89
39,247,183,71,254,93
39,247,191,71,254,98
39,247,199,72,254,105
39,247,207,73,254,112
39,247,215,74,255,121
39,247,223,74,254,133
39,247,231,74,254,145
39,247,239,76,254,164
39,247,247,78,254,184
39,247,255,80,254,207
39,255,0,61,254,31
39,255,7,62,253,32
39,255,15,62,253,34
39,255,23,62,253,36
39,255,31,63,253,38
39,255,39,64,253,41
39,255,47,65,253,44
39,255,55,65,253,46
39,255,63,66,253,50
39,255,71,67,253,52
39,255,79,67,253,55
39,255,87,68,253,57
39,255,95,68,253,60
39,255,103,68,253,62
39,255,111,68,253,64
39,255,119,68,253,67
39,255,127,69,253,69
39,255,135,69,253,72
39,255,143,70,253,75
39,255,151,70,253,78
39,255,159,71,253,81
39,255,167,71,253,85
39,255,175,72,253,88
39,255,183,72,253,92
39,255,191,72,253,97
39,255,199,72,253,103
39,255,207,73,254,109
39,255,215,73,254,117
39,255,223,74,254,129
39,255,231,75,254,141
39,255,239,76,254,158
39,255,247,77,254,175
39,255,255,79,255,194
47,0,0,47,2,16
47,0,7,47,1,25
47,0,15,48,2,37
47,0,23,48,2,51
47,0,31,47,4,64
47,0,39,47,5,75
47,0,47,46,6,89
47,0,55,45,6,103
47,0,63,43,7,121
47,0,71,41,8,135
47,0,79,40,8,153
47,0,87,38,9,173
47,0,95,38,10,187
47,0,103,37,11,201
47,0,111,38,13,209
47,0,119,38,16,217
47,0,127,39,17,222
47,0,135,41,19,224
47,0,143,42,21,226
47,0,151,44,22,228
47,0,159,45,23,230
47,0,167,47,25,231
47,0,175,48,27,233
47,0,183,49,28,234
47,0,191,49,29,236
47,0,199,50,29,238
47,0,207,50,30,240
47,0,215,51,32,242
47,0,223,52,35,244
47,0,231,52,37,247
47,0,239,52,38,250
47,0,247,51,39,252
47,0,255,52,42,254
47,7,0,46,6,14
47,7,7,47,6,23
47,7,15,47,6,36
47,7,23,47,7,48
47,7,31,47,8,61
47,7,39,47,9,71
47,7,47,46,10,85
47,7,55,45,11,97
47,7,63,44,12,114
47,7,71,44,13,126
47,7,79,42,13,144
47,7,87,41,14,162
47,7,95,41,16,176
47,7,103,40,17,190
47,7,111,41,19,201
47,7,119,41,21,209
47,7,127,42,24,215
47,7,135,44,26,218
47,7,143,45,28,222
47,7,151,47,29,224
47,7,159,48,31,227
47,7,167,49,32,230
47,7,175,50,33,232
47,7,183,51,35,234
47,7,191,53,38,235
47,7,199,53,38,238
47,7,207,53,38,240
47,7,215,54,38,242
47,7,223,54,40,244
47,7,231,54,43,247
47,7,239,54,44,250
47,7,247,54,44,252
47,7,255,54,46,254
47,15,0,46,13,13
47,15,7,46,12,22
47,15,15,47,12,33
47,15,23,47,13,45
47,15,31,47,14,57
47,15,39,47,15,67
47,15,47,47,16,81
47,15,55,46,17,92
47,15,63,46,18,107
47,15,71,45,19,119
47,15,79,44,19,134
47,15,87,44,20,151
47,15,95,43,21,166
47,15,103,44,23,178
47,15,111,44,26,188
47,15,119,45,28,198
47,15,127,46,30,206
47,15,135,47,32,211
47,15,143,48,34,216
47,15,151,50,36,220
47,15,159,51,39,224
47,15,167,52,40,228
47,15,175,53,40,231
47,15,183,54,42,234
47,15,191,56,44,236
47,15,199,56,46,238
47,15,207,57,47,240
47,15,215,58,47,242
47,15,223,57,47,245
47,15,231,57,48,247
47,15,239,58,51,249
47,15,247,57,51,251
47,15,255,56,51,253
47,23,0,47,23,11
47,23,7,47,22,20
47,23,15,47,22,31
47,23,23,47,22,42
47,23,31,47,22,53
47,23,39,47,23,63
47,23,47,48,24,75
47,23,55,48,25,86
47,23,63,47,26,100
47,23,71,47,26,110
47,23,79,47,27,124
47,23,87,46,28,138
47,23,95,46,30,151
47,23,103,47,31,164
47,23,111,47,33,175
47,23,119,48,35,186
47,23,127,49,37,195
47,23,135,50,39,202
47,23,143,52,42,210
47,23,151,53,43,216
47,23,159,54,45,222
47,23,167,56,47,227
47,23,175,57,49,231
47,23,183,59,51,234
47,23,191,60,52,237
47,23,199,61,54,239
47,23,207,60,55,241
47,23,215,61,56,243
47,23,223,62,57,245
47,23,231,61,56,247
47,23,239,61,57,249
47,23,247,61,58,251
47,23,255,61,59,253
47,31,0,48,34,12
47,31,7,48,33,19
47,31,15,48,32,29
47,31,23,48,31,39
47,31,31,48,32,50
47,31,39,48,32,59
47,31,47,49,33,71
47,31,55,49,34,81
47,31,63,49,34,93
47,31,71,49,35,103
47,31,79,49,36,115
47,31,87,49,37,128
47,31,95,49,37,140
47,31,103,49,38,153
47,31,111,49,40,164
47,31,119,50,42,176
47,31,127,52,43,186
47,31,135,53,45,195
47,31,143,54,47,205
47,31,151,55,49,213
47,31,159,57,51,220
47,31,167,59,53,226
47,31,175,61,55,231
47,31,183,62,57,235
47,31,191,62,58,238
47,31,199,64,60,240
47,31,207,65,62,242
47,31,215,64,62,244
47,31,223,65,63,246
47,31,231,65,63,248
47,31,239,65,63,250
47,31,247,64,63,251
47,31,255,64,64,253
47,39,0,50,47,11
47,39,7,50,45,18
47,39,15,49,44,27
47,39,23,50,43,37
47,39,31,50,43,47
47,39,39,50,43,55
47,39,47,50,43,67
47,39,55,50,44,76
47,39,63,51,44,88
47,39,71,51,44,96
47,39,79,51,45,107
47,39,87,51,45,119
47,39,95,51,46,131
47,39,103,51,46,144
47,39,111,52,47,155
47,39,119,52,48,168
47,39,127,53,50,180
47,39,135,54,51,189
47,39,143,56,53,200
47,39,151,57,54,209
47,39,159,59,56,218
47,39,167,61,58,226
47,39,175,62,60,231
47,39,183,64,62,235
47,39,191,66,64,239
47,39,199,66,65,241
47,39,207,67,66,243
47,39,215,68,67,245
47,39,223,68,67,247
47,39,231,68,68,249
47,39,239,67,68,251
47,39,247,67,68,252
47,39,255,67,68,253
47,47,0,51,58,11
47,47,7,51,56,18
47,47,15,51,55,27
47,47,23,51,54,36
47,47,31,51,54,45
47,47,39,51,53,53
47,47,47,52,53,63
47,47,55,52,53,72
47,47,63,53,54,83
47,47,71,53,54,92
47,47,79,53,54,102
47,47,87,53,54,113
47,47,95,53,54,124
47,47,103,53,54,136
47,47,111,54,54,146
47,47,119,54,55,159
47,47,127,55,56,171
47,47,135,56,57,182
47,47,143,57,58,194
47,47,151,59,59,204
47,47,159,60,61,213
47,47,167,63,63,222
47,47,175,65,64,231
47,47,183,66,66,235
47,47,191,67,67,238
47,47,199,69,69,242
47,47,207,69,69,244
47,47,215,71,70,246
47,47,223,70,71,248
47,47,231,70,71,249
47,47,239,71,71,251
47,47,247,69,71,253
47,47,255,69,71,254
47,55,0,53,69,12
47,55,7,53,67,19
47,55,15,53,66,26
47,55,23,53,65,35
47,55,31,53,65,44
47,55,39,54,65,51
47,55,47,54,64,61
47,55,55,54,64,69
47,55,63,55,64,79
47,55,71,55,64,87
47,55,79,55,63,97
47,55,87,55,63,107
47,55,95,55,63,117
47,55,103,56,62,128
47,55,111,56,62,138
47,55,119,56,63,150
47,55,127,57,63,163
47,55,135,57,64,173
47,55,143,59,64,186
47,55,151,60,65,196
47,55,159,62,66,209
47,55,167,64,68,218
47,55,175,66,69,226
47,55,183,68,70,234
47,55,191,68,71,238
47,55,199,70,72,241
47,55,207,72,73,244
47,55,215,71,73,246
47,55,223,72,74,248
47,55,231,72,74,250
47,55,239,71,73,252
47,55,247,72,73,253
47,55,255,72,73,254
47,63,0,55,79,13
47,63,7,55,78,19
47,63,15,55,77,27
47,63,23,56,76,35
47,63,31,56,75,43
47,63,39,56,75,50
47,63,47,56,74,60
47,63,55,56,74,68
47,63,63,57,73,77
47,63,71,57,73,84
47,63,79,58,72,92
47,63,87,58,72,102
47,63,95,58,71,111
47,63,103,58,71,121
47,63,111,58,70,131
47,63,119,58,70,143
47,63,127,58,70,154
47,63,135,59,70,165
47,63,143,60,71,178
47,63,151,61,71,189
47,63,159,63,72,201
47,63,167,65,73,213
47,63,175,66,73,223
47,63,183,68,74,230
47,63,191,71,75,237
47,63,199,71,76,241
47,63,207,72,76,244
47,63,215,74,77,246
47,63,223,73,77,248
47,63,231,73,77,250
47,63,239,74,76,252
47,63,247,74,75,253
47,63,255,73,74,254
47,71,0,57,90,14
47,71,7,57,89,20
47,71,15,58,88,27
47,71,23,58,87,35
47,71,31,58,87,43
47,71,39,59,86,50
47,71,47,59,86,58
47,71,55,59,85,66
47,71,63,60,84,75
47,71,71,60,84,81
47,71,79,60,83,89
47,71,87,61,82,97
47,71,95,61,82,106
47,71,103,61,81,114
47,71,111,61,80,123
47,71,119,61,79,134
47,71,127,61,79,146
47,71,135,61,79,155
47,71,143,62,78,168
47,71,151,63,78,179
47,71,159,64,79,193
47,71,167,66,79,205
47,71,175,68,79,217
47,71,183,70,79,227
47,71,191,71,80,234
47,71,199,73,80,240
47,71,207,74,80,244
47,71,215,75,80,246
47,71,223,75,80,248
47,71,231,75,80,250
47,71,239,75,80,252
47,71,247,74,78,253
47,71,255,75,77,254
47,79,0,59,99,15
47,79,7,59,98,21
47,79,15,59,97,27
47,79,23,60,96,36
47,79,31,60,96,43
47,79,39,61,95,50
47,79,47,61,94,58
47,79,55,61,94,65
47,79,63,62,93,73
47,79,71,62,92,79
47,79,79,62,91,87
47,79,87,63,91,95
47,79,95,63,90,102
47,79,103,63,89,110
47,79,111,63,88,118
47,79,119,63,87,129
47,79,127,63,86,139
47,79,135,63,86,149
47,79,143,64,85,161
47,79,151,64,85,172
47,79,159,65,84,185
47,79,167,67,84,199
47,79,175,68,84,211
47,79,183,70,84,221
47,79,191,72,84,232
47,79,199,73,84,238
47,79,207,75,84,243
47,79,215,75,84,246
47,79,223,76,83,249
47,79,231,76,83,251
47,79,239,75,82,252
47,79,247,76,82,253
47,79,255,75,80,254
47,87,0,61,109,16
47,87,7,61,108,21
47,87,15,61,107,28
47,87,23,62,106,36
47,87,31,62,106,43
47,87,39,63,105,49
47,87,47,63,104,57
47,87,55,64,104,64
47,87,63,64,103,72
47,87,71,65,102,78
47,87,79,65,101,85
47,87,87,65,100,92
47,87,95,65,99,99
47,87,103,66,98,106
47,87,111,66,97,114
47,87,119,66,96,123
47,87,127,66,95,133
47,87,135,66,94,141
47,87,143,66,93,154
47,87,151,66,93,164
47,87,159,67,92,177
47,87,167,68,91,191
47,87,175,69,91,204
47,87,183,70,90,215
47,87,191,73,89,226
47,87,199,75,89,236
47,87,207,75,88,241
47,87,215,77,88,245
47,87,223,76,87,248
47,87,231,77,86,251
47,87,239,77,86,252
47,87,247,77,85,253
47,87,255,77,84,254
47,95,0,62,118,17
47,95,7,62,117,22
47,95,15,63,116,29
47,95,23,63,115,36
47,95,31,64,115,43
47,95,39,64,114,49
47,95,47,65,113,57
47,95,55,66,112,63
47,95,63,66,111,71
47,95,71,66,110,76
47,95,79,67,109,83
47,95,87,67,108,90
47,95,95,68,107,96
47,95,103,68,106,103
47,95,111,68,105,110
47,95,119,68,104,119
47,95,127,68,103,127
47,95,135,68,102,136
47,95,143,68,101,147
47,95,151,68,100,157
47,95,159,68,99,170
47,95,167,69,98,184
47,95,175,70,96,197
47,95,183,72,95,210
47,95,191,73,94,222
47,95,199,75,93,231
47,95,207,76,93,240
47,95,215,77,92,244
47,95,223,78,91,248
47,95,231,78,90,251
47,95,239,78,89,253
47,95,247,78,88,253
47,95,255,78,87,253
47,103,0,62,127,17
47,103,7,63,126,22
47,103,15,64,125,28
47,103,23,65,124,37
47,103,31,65,123,43
47,103,39,66,123,49
47,103,47,66,122,56
47,103,55,67,121,62
47,103,63,68,120,70
47,103,71,68,119,75
47,103,79,69,118,82
47,103,87,69,117,88
47,103,95,69,116,94
47,103,103,70,114,101
47,103,111,70,113,107
47,103,119,70,112,115
47,103,127,70,111,123
47,103,135,70,110,130
47,103,143,70,109,141
47,103,151,70,107,150
47,103,159,70,106,163
47,103,167,70,104,177
47,103,175,71,103,190
47,103,183,72,102,202
47,103,191,74,100,217
47,103,199,75,99,227
47,103,207,77,97,236
47,103,215,78,96,243
47,103,223,78,95,248
47,103,231,79,94,251
47,103,239,79,93,253
47,103,247,79,92,254
47,103,255,79,90,253
47,111,0,63,137,18
47,111,7,64,135,23
47,111,15,64,134,29
47,111,23,65,133,36
47,111,31,66,132,43
47,111,39,67,132,48
47,111,47,68,131,55
47,111,55,69,130,61
47,111,63,69,129,68
47,111,71,70,128,74
47,111,79,70,127,80
47,111,87,71,126,86
47,111,95,72,124,92
47,111,103,71,123,98
47,111,111,72,122,104
47,111,119,72,120,112
47,111,127,72,119,119
47,111,135,72,118,126
47,111,143,72,117,135
47,111,151,71,115,144
47,111,159,72,114,156
47,111,167,72,112,169
47,111,175,72,110,183
47,111,183,73,109,197
47,111,191,75,107,210
47,111,199,76,105,223
47,111,207,77,103,232
47,111,215,78,101,239
47,111,223,79,99,247
47,111,231,79,98,250
47,111,239,80,96,253
47,111,247,80,95,254
47,111,255,81,94,254
47,119,0,63,146,19
47,119,7,64,144,23
47,119,15,65,142,30
47,119,23,66,141,36
47,119,31,67,141,43
47,119,39,68,140,48
47,119,47,68,139,55
47,119,55,69,138,60
47,119,63,70,137,68
47,119,71,71,136,72
47,119,79,71,135,78
47,119,87,72,134,84
47,119,95,72,132,90
47,119,103,73,131,96
47,119,111,73,130,102
47,119,119,73,128,109
47,119,127,73,127,116
47,119,135,73,126,122
47,119,143,73,124,131
47,119,151,74,123,139
47,119,159,73,121,150
47,119,167,73,119,162
47,119,175,73,118,175
47,119,183,74,115,189
47,119,191,74,113,204
47,119,199,75,111,217
47,119,207,78,108,229
47,119,215,78,106,237
47,119,223,80,104,245
47,119,231,80,102,249
47,119,239,80,100,253
47,119,247,81,99,254
47,119,255,81,97,254
47,127,0,63,157,19
47,127,7,64,155,23
47,127,15,65,153,29
47,127,23,67,151,36
47,127,31,68,150,43
47,127,39,69,150,48
47,127,47,69,149,54
47,127,55,70,148,59
47,127,63,71,147,66
47,127,71,71,146,71
47,127,79,72,145,77
47,127,87,73,143,83
47,127,95,73,142,88
47,127,103,73,141,93
47,127,111,74,139,99
47,127,119,74,138,106
47,127,127,75,136,113
47,127,135,75,135,118
47,127,143,74,134,126
47,127,151,74,132,134
47,127,159,74,130,143
47,127,167,75,128,155
47,127,175,75,126,167
47,127,183,74,124,181
47,127,191,75,121,196
47,127,199,76,118,211
47,127,207,77,116,222
47,127,215,78,113,234
47,127,223,79,110,242
47,127,231,81,108,248
47,127,239,80,105,252
47,127,247,81,103,255
47,127,255,82,101,254
47,135,0,63,167,19
47,135,7,64,166,23
47,135,15,65,164,28
47,135,23,67,161,36
47,135,31,68,160,42
47,135,39,69,159,47
47,135,47,70,158,53
47,135,55,71,158,59
47,135,63,71,156,65
47,135,71,72,155,69
47,135,79,72,154,75
47,135,87,73,152,81
47,135,95,74,151,86
47,135,103,74,149,92
47,135,111,75,148,97
47,135,119,75,146,103
47,135,127,75,145,109
47,135,135,75,144,115
47,135,143,75,142,123
47,135,151,76,141,129
47,135,159,75,139,138
47,135,167,75,137,148
47,135,175,75,135,161
47,135,183,76,132,174
47,135,191,76,129,189
47,135,199,76,126,204
47,135,207,78,123,217
47,135,215,78,120,228
47,135,223,79,116,240
47,135,231,80,113,246
47,135,239,81,110,252
47,135,247,81,108,254
47,135,255,82,105,255
47,143,0,64,178,20
47,143,7,65,176,24
47,143,15,66,174,28
47,143,23,67,172,36
47,143,31,68,170,42
47,143,39,69,169,47
47,143,47,70,168,52
47,143,55,70,167,58
47,143,63,71,166,64
47,143,71,72,165,69
47,143,79,73,163,74
47,143,87,73,161,79
47,143,95,74,160,84
47,143,103,74,158,90
47,143,111,75,157,95
47,143,119,76,156,101
47,143,127,76,154,107
47,143,135,76,153,112
47,143,143,75,151,119
47,143,151,75,150,125
47,143,159,76,148,134
47,143,167,76,146,143
47,143,175,76,144,153
47,143,183,75,141,166
47,143,191,76,138,181
47,143,199,77,134,196
47,143,207,77,131,210
47,143,215,78,127,222
47,143,223,80,123,235
47,143,231,79,120,243
47,143,239,82,116,251
47,143,247,82,113,254
47,143,255,83,109,255
47,151,0,64,187,21
47,151,7,65,186,25
47,151,15,66,184,30
47,151,23,67,182,35
47,151,31,68,180,42
47,151,39,69,179,46
47,151,47,70,178,52
47,151,55,71,176,57
47,151,63,71,175,63
47,151,71,72,174,67
47,151,79,73,173,73
47,151,87,74,171,78
47,151,95,74,170,83
47,151,103,74,168,88
47,151,111,75,167,93
47,151,119,75,165,99
47,151,127,76,164,104
47,151,135,77,163,109
47,151,143,76,161,116
47,151,151,76,159,121
47,151,159,76,158,129
47,151,167,76,156,138
47,151,175,77,153,149
47,151,183,77,151,159
47,151,191,76,147,173
47,151,199,77,144,188
47,151,207,78,140,202
47,151,215,79,136,216
47,151,223,79,131,230
47,151,231,81,127,240
47,151,239,80,122,249
47,151,247,82,118,254
47,151,255,83,115,255
47,159,0,63,198,21
47,159,7,64,196,25
47,159,15,66,194,30
47,159,23,67,192,36
47,159,31,68,190,42
47,159,39,70,189,46
47,159,47,71,187,52
47,159,55,71,186,56
47,159,63,72,184,62
47,159,71,72,183,66
47,159,79,73,182,71
47,159,87,73,181,76
47,159,95,74,180,81
47,159,103,75,178,87
47,159,111,75,176,91
47,159,119,76,175,96
47,159,127,76,174,102
47,159,135,76,173,106
47,159,143,76,171,113
47,159,151,77,170,119
47,159,159,77,168,126
47,159,167,77,166,134
47,159,175,76,164,143
47,159,183,76,161,154
47,159,191,78,158,166
47,159,199,77,154,180
47,159,207,77,150,194
47,159,215,78,146,208
47,159,223,80,140,224
47,159,231,80,136,235
47,159,239,82,130,246
47,159,247,82,125,253
47,159,255,83,120,255
47,167,0,63,207,22
47,167,7,64,206,25
47,167,15,66,204,30
47,167,23,67,202,36
47,167,31,68,200,41
47,167,39,69,199,46
47,167,47,70,197,51
47,167,55,72,196,57
47,167,63,72,194,62
47,167,71,73,193,65
47,167,79,73,191,70
47,167,87,73,190,75
47,167,95,73,189,80
47,167,103,74,188,85
47,167,111,75,187,89
47,167,119,76,185,95
47,167,127,76,184,100
47,167,135,76,183,104
47,167,143,76,181,109
47,167,151,76,180,115
47,167,159,76,179,122
47,167,167,78,176,130
47,167,175,78,174,138
47,167,183,77,172,147
47,167,191,76,169,159
47,167,199,77,165,173
47,167,207,78,161,186
47,167,215,78,157,200
47,167,223,79,150,217
47,167,231,81,144,230
47,167,239,81,138,243
47,167,247,82,132,251
47,167,255,83,127,255
47,175,0,64,215,24
47,175,7,64,214,26
47,175,15,66,213,30
47,175,23,68,211,37
47,175,31,68,209,41
47,175,39,69,208,46
47,175,47,70,206,51
47,175,55,70,205,55
47,175,63,71,204,61
47,175,71,73,203,65
47,175,79,73,201,69
47,175,87,74,199,74
47,175,95,74,198,78
47,175,103,75,197,83
47,175,111,74,197,87
47,175,119,75,196,93
47,175,127,76,194,98
47,175,135,77,193,102
47,175,143,77,192,107
47,175,151,77,190,112
47,175,159,76,189,118
47,175,167,76,188,125
47,175,175,77,186,133
47,175,183,79,183,141
47,175,191,77,180,153
47,175,199,77,176,165
47,175,207,77,172,178
47,175,215,79,168,192
47,175,223,79,161,210
47,175,231,80,155,224
47,175,239,82,147,240
47,175,247,83,141,250
47,175,255,84,135,254
47,183,0,65,224,26
47,183,7,65,224,28
47,183,15,66,223,32
47,183,23,68,221,37
47,183,31,69,219,42
47,183,39,70,218,46
47,183,47,71,216,51
47,183,55,71,215,55
47,183,63,71,214,60
47,183,71,71,213,64
47,183,79,72,212,68
47,183,87,73,211,73
47,183,95,75,209,78
47,183,103,75,208,82
47,183,111,75,207,86
47,183,119,75,206,90
47,183,127,75,206,95
47,183,135,75,205,99
47,183,143,76,204,104
47,183,151,78,203,109
47,183,159,78,201,114
47,183,167,78,200,120
47,183,175,78,198,127
47,183,183,77,196,135
47,183,191,78,194,145
47,183,199,78,190,157
47,183,207,78,186,168
47,183,215,77,182,183
47,183,223,79,175,201
47,183,231,81,168,216
47,183,239,81,160,234
47,183,247,83,152,247
47,183,255,85,145,254
47,191,0,64,230,27
47,191,7,65,230,30
47,191,15,66,230,33
47,191,23,67,229,37
47,191,31,69,228,42
47,191,39,70,228,47
47,191,47,71,226,51
47,191,55,72,224,55
47,191,63,72,223,60
47,191,71,72,222,63
47,191,79,72,221,67
47,191,87,72,220,72
47,191,95,73,219,76
47,191,103,74,218,80
47,191,111,76,217,84
47,191,119,76,216,89
47,191,127,76,215,93
47,191,135,76,215,96
47,191,143,76,214,101
47,191,151,76,214,105
47,191,159,76,213,110
47,191,167,78,211,116
47,191,175,79,210,122
47,191,183,78,208,129
47,191,191,77,206,138
47,191,199,77,204,148
47,191,207,78,200,160
47,191,215,79,196,173
47,191,223,78,190,191
47,191,231,79,183,208
47,191,239,83,174,227
47,191,247,83,166,242
47,191,255,85,157,253
47,199,0,64,235,28
47,199,7,65,235,31
47,199,15,66,235,34
47,199,23,67,235,38
47,199,31,67,234,42
47,199,39,68,234,45
47,199,47,70,233,50
47,199,55,71,233,55
47,199,63,72,231,59
47,199,71,73,230,63
47,199,79,73,229,66
47,199,87,73,228,71
47,199,95,73,227,74
47,199,103,73,227,78
47,199,111,74,226,82
47,199,119,75,226,86
47,199,127,76,225,91
47,199,135,77,224,94
47,199,143,77,223,98
47,199,151,77,223,102
47,199,159,77,222,107
47,199,167,76,221,112
47,199,175,76,220,117
47,199,183,78,219,124
47,199,191,79,217,131
47,199,199,78,215,141
47,199,207,78,212,152
47,199,215,78,209,165
47,199,223,80,203,182
47,199,231,80,197,198
47,199,239,81,189,219
47,199,247,84,180,238
47,199,255,85,171,250
47,207,0,64,239,29
47,207,7,65,239,31
47,207,15,66,240,34
47,207,23,68,240,38
47,207,31,68,240,42
47,207,39,69,239,45
47,207,47,69,239,50
47,207,55,70,238,53
47,207,63,71,238,58
47,207,71,71,237,61
47,207,79,73,237,66
47,207,87,74,236,70
47,207,95,74,235,73
47,207,103,74,234,77
47,207,111,75,233,80
47,207,119,74,233,84
47,207,127,74,233,88
47,207,135,74,232,91
47,207,143,76,232,95
47,207,151,77,232,99
47,207,159,78,231,103
47,207,167,78,230,108
47,207,175,78,229,113
47,207,183,76,229,119
47,207,191,77,227,126
47,207,199,79,226,134
47,207,207,79,223,145
47,207,215,79,221,156
47,207,223,78,216,174
47,207,231,80,211,190
47,207,239,82,204,211
47,207,247,83,195,231
47,207,255,86,185,249
47,215,0,65,243,31
47,215,7,65,244,32
47,215,15,66,244,35
47,215,23,67,244,38
47,215,31,69,245,42
47,215,39,69,245,45
47,215,47,70,244,49
47,215,55,70,244,53
47,215,63,70,243,57
47,215,71,71,243,60
47,215,79,71,242,63
47,215,87,72,242,67
47,215,95,73,242,71
47,215,103,74,242,75
47,215,111,75,241,78
47,215,119,75,240,82
47,215,127,75,240,85
47,215,135,75,240,88
47,215,143,75,239,92
47,215,151,75,239,95
47,215,159,76,239,99
47,215,167,77,239,104
47,215,175,78,239,109
47,215,183,78,238,113
47,215,191,78,237,120
47,215,199,78,236,128
47,215,207,78,235,136
47,215,215,79,233,148
47,215,223,80,229,164
47,215,231,79,226,180
47,215,239,81,219,203
47,215,247,84,213,224
47,215,255,85,204,244
47,223,0,64,246,31
47,223,7,65,246,33
47,223,15,65,247,35
47,223,23,66,247,38
47,223,31,68,248,42
47,223,39,69,249,45
47,223,47,70,249,49
47,223,55,71,249,52
47,223,63,71,248,56
47,223,71,71,248,59
47,223,79,72,247,62
47,223,87,71,247,65
47,223,95,72,247,69
47,223,103,72,247,72
47,223,111,73,247,75
47,223,119,74,247,79
47,223,127,75,247,83
47,223,135,76,247,86
47,223,143,76,246,89
47,223,151,76,246,91
47,223,159,76,246,95
47,223,167,76,246,99
47,223,175,76,246,103
47,223,183,77,246,108
47,223,191,78,246,115
47,223,199,79,246,122
47,223,207,79,244,130
47,223,215,78,243,139
47,223,223,79,241,155
47,223,231,80,239,170
47,223,239,82,234,192
47,223,247,82,229,214
47,223,255,85,222,236
47,231,0,64,249,31
47,231,7,64,249,33
47,231,15,65,249,35
47,231,23,66,250,38
47,231,31,67,250,41
47,231,39,68,250,44
47,231,47,69,251,48
47,231,55,70,251,51
47,231,63,71,251,55
47,231,71,71,251,58
47,231,79,72,252,61
47,231,87,72,251,64
47,231,95,72,251,67
47,231,103,73,251,70
47,231,111,73,251,73
47,231,119,73,251,76
47,231,127,73,251,79
47,231,135,74,251,82
47,231,143,74,251,85
47,231,151,75,251,88
47,231,159,76,251,92
47,231,167,77,251,96
47,231,175,77,251,99
47,231,183,77,251,104
47,231,191,76,251,110
47,231,199,77,251,117
47,231,207,78,251,125
47,231,215,79,250,134
47,231,223,79,249,147
47,231,231,79,248,162
47,231,239,81,245,183
47,231,247,83,242,205
47,231,255,84,237,229
47,239,0,64,252,32
47,239,7,65,252,33
47,239,15,66,252,35
47,239,23,67,252,38
47,239,31,68,252,41
47,239,39,68,253,43
47,239,47,69,253,47
47,239,55,69,253,50
47,239,63,69,253,53
47,239,71,70,253,56
47,239,79,70,253,59
47,239,87,71,253,62
47,239,95,72,253,65
47,239,103,72,253,68
47,239,111,73,254,71
47,239,119,73,253,74
47,239,127,74,253,76
47,239,135,74,253,79
47,239,143,74,253,82
47,239,151,74,253,84
47,239,159,74,253,88
47,239,167,75,254,91
47,239,175,75,254,95
47,239,183,76,254,100
47,239,191,77,254,105
47,239,199,77,254,112
47,239,207,77,254,119
47,239,215,77,254,127
47,239,223,78,254,141
47,239,231,80,253,155
47,239,239,80,252,174
47,239,247,81,251,194
47,239,255,84,249,219
47,247,0,64,253,32
47,247,7,64,253,33
47,247,15,65,253,35
47,247,23,66,254,38
47,247,31,68,254,41
47,247,39,69,254,44
47,247,47,69,254,47
47,247,55,69,254,49
47,247,63,70,254,52
47,247,71,70,254,55
47,247,79,70,253,57
47,247,87,70,253,60
47,247,95,70,253,62
47,247,103,71,253,65
47,247,111,71,254,68
47,247,119,72,254,71
47,247,127,73,254,74
47,247,135,73,254,76
47,247,143,74,254,79
47,247,151,74,254,82
47,247,159,74,254,85
47,247,167,74,254,88
47,247,175,74,254,92
47,247,183,74,254,96
47,247,191,75,254,101
47,247,199,76,254,107
47,247,207,77,255,115
47,247,215,78,255,123
47,247,223,77,255,135
47,247,231,77,254,147
47,247,239,79,254,166
47,247,247,81,255,187
47,247,255,83,254,208
47,255,0,63,254,32
47,255,7,64,254,33
47,255,15,64,254,35
47,255,23,65,254,37
47,255,31,66,254,39
47,255,39,67,254,42
47,255,47,68,253,45
47,255,55,68,254,48
47,255,63,69,254,52
47,255,71,70,254,54
47,255,79,70,254,57
47,255,87,70,253,59
47,255,95,71,253,61
47,255,103,71,253,64
47,255,111,71,253,66
47,255,119,71,253,69
47,255,127,72,253,71
47,255,135,72,253,74
47,255,143,73,253,77
47,255,151,73,254,80
47,255,159,74,254,83
47,255,167,74,254,87
47,255,175,75,254,91
47,255,183,75,254,94
47,255,191,75,254,99
47,255,199,75,254,105
47,255,207,76,254,111
47,255,215,76,254,119
47,255,223,77,254,131
47,255,231,78,254,144
47,255,239,79,254,160
47,255,247,80,255,178
47,255,255,81,255,197
55,0,0,55,1,17
55,0,7,55,1,27
55,0,15,56,2,39
55,0,23,56,2,52
55,0,31,55,3,64
55,0,39,55,4,75
55,0,47,54,6,89
55,0,55,53,6,102
55,0,63,51,7,119
55,0,71,50,8,135
55,0,79,48,8,154
55,0,87,46,8,174
55,0,95,45,10,188
55,0,103,45,11,203
55,0,111,44,13,215
55,0,119,45,16,219
55,0,127,46,18,222
55,0,135,47,19,225
55,0,143,48,21,227
55,0,151,49,22,229
55,0,159,50,24,231
55,0,167,51,26,232
55,0,175,52,28,233
55,0,183,52,28,234
55,0,191,53,29,236
55,0,199,53,29,238
55,0,207,54,30,240
55,0,215,54,32,242
55,0,223,55,35,244
55,0,231,55,36,247
55,0,239,54,38,250
55,0,247,54,39,252
55,0,255,54,42,254
55,7,0,54,5,15
55,7,7,55,5,25
55,7,15,55,5,37
55,7,23,55,6,50
55,7,31,54,7,62
55,7,39,54,8,72
55,7,47,54,9,86
55,7,55,53,11,98
55,7,63,52,12,113
55,7,71,51,12,127
55,7,79,50,13,144
55,7,87,48,14,163
55,7,95,48,15,179
55,7,103,47,17,193
55,7,111,47,18,204
55,7,119,48,21,212
55,7,127,48,24,216
55,7,135,49,26,219
55,7,143,51,28,222
55,7,151,52,29,225
55,7,159,52,30,228
55,7,167,53,32,231
55,7,175,54,34,233
55,7,183,55,36,234
55,7,191,56,38,236
55,7,199,56,37,238
55,7,207,57,38,240
55,7,215,57,39,242
55,7,223,57,41,244
55,7,231,58,43,246
55,7,239,57,44,249
55,7,247,56,44,252
55,7,255,56,46,254
55,15,0,53,12,13
55,15,7,54,11,23
55,15,15,54,11,35
55,15,23,54,12,47
55,15,31,54,12,59
55,15,39,54,13,69
55,15,47,54,15,82
55,15,55,54,16,93
55,15,63,53,17,107
55,15,71,52,18,120
55,15,79,52,18,136
55,15,87,51,19,153
55,15,95,50,21,168
55,15,103,50,23,181
55,15,111,50,24,191
55,15,119,50,27,202
55,15,127,51,29,208
55,15,135,52,32,213
55,15,143,53,35,218
55,15,151,54,37,222
55,15,159,55,38,226
55,15,167,56,39,229
55,15,175,57,41,232
55,15,183,58,42,234
55,15,191,59,45,236
55,15,199,60,47,238
55,15,207,60,47,240
55,15,215,60,46,242
55,15,223,60,47,245
55,15,231,60,48,247
55,15,239,60,51,249
55,15,247,59,50,251
55,15,255,58,51,253
55,23,0,54,21,13
55,23,7,54,21,21
55,23,15,54,20,32
55,23,23,54,20,44
55,23,31,54,21,55
55,23,39,54,21,64
55,23,47,54,23,77
55,23,55,55,24,87
55,23,63,54,25,101
55,23,71,54,25,111
55,23,79,54,26,125
55,23,87,53,27,140
55,23,95,53,28,154
55,23,103,53,30,168
55,23,111,53,32,178
55,23,119,53,34,188
55,23,127,54,37,197
55,23,135,55,39,204
55,23,143,56,41,212
55,23,151,57,43,218
55,23,159,58,45,223
55,23,167,60,48,228
55,23,175,61,50,232
55,23,183,62,51,235
55,23,191,63,53,237
55,23,199,64,54,239
55,23,207,64,55,241
55,23,215,65,57,243
55,23,223,65,57,245
55,23,231,64,56,247
55,23,239,63,57,249
55,23,247,63,58,251
55,23,255,63,59,253
55,31,0,55,32,13
55,31,7,55,31,21
55,31,15,55,30,31
55,31,23,55,30,41
55,31,31,55,30,51
55,31,39,55,31,60
55,31,47,55,31,72
55,31,55,56,32,82
55,31,63,56,33,94
55,31,71,56,34,104
55,31,79,56,35,116
55,31,87,55,35,130
55,31,95,55,36,143
55,31,103,55,38,155
55,31,111,55,39,166
55,31,119,56,41,178
55,31,127,57,43,189
55,31,135,57,45,197
55,31,143,59,47,207
55,31,151,60,49,214
55,31,159,61,51,222
55,31,167,63,53,228
55,31,175,64,55,232
55,31,183,65,57,236
55,31,191,66,59,238
55,31,199,67,61,240
55,31,207,68,62,242
55,31,215,68,62,244
55,31,223,68,63,246
55,31,231,68,64,248
55,31,239,67,63,250
55,31,247,67,63,251
55,31,255,66,64,253
55,39,0,56,44,13
55,39,7,56,43,20
55,39,15,56,42,29
55,39,23,56,41,39
55,39,31,56,41,48
55,39,39,56,41,57
55,39,47,57,42,68
55,39,55,57,42,78
55,39,63,57,43,89
55,39,71,57,43,98
55,39,79,57,44,109
55,39,87,57,44,121
55,39,95,57,45,133
55,39,103,57,45,145
55,39,111,57,46,156
55,39,119,58,47,170
55,39,127,59,49,181
55,39,135,59,51,191
55,39,143,61,53,202
55,39,151,62,54,210
55,39,159,63,56,219
55,39,167,65,58,227
55,39,175,66,60,232
55,39,183,68,62,236
55,39,191,70,64,240
55,39,199,70,65,241
55,39,207,70,66,243
55,39,215,71,68,245
55,39,223,71,68,247
55,39,231,71,68,249
55,39,239,70,68,251
55,39,247,70,69,252
55,39,255,69,69,254
55,47,0,57,55,13
55,47,7,57,54,20
55,47,15,58,53,28
55,47,23,58,52,37
55,47,31,58,52,46
55,47,39,58,52,54
55,47,47,58,52,65
55,47,55,58,52,74
55,47,63,59,52,84
55,47,71,59,52,93
55,47,79,59,52,103
55,47,87,59,52,115
55,47,95,59,53,125
55,47,103,59,53,137
55,47,111,59,53,147
55,47,119,60,54,161
55,47,127,60,55,173
55,47,135,61,56,183
55,47,143,62,58,195
55,47,151,63,59,205
55,47,159,65,61,215
55,47,167,67,63,224
55,47,175,68,65,231
55,47,183,70,66,236
55,47,191,71,68,239
55,47,199,72,69,242
55,47,207,73,70,244
55,47,215,73,71,246
55,47,223,73,71,248
55,47,231,73,71,249
55,47,239,73,71,251
55,47,247,72,71,253
55,47,255,72,71,254
55,55,0,59,66,13
55,55,7,59,65,20
55,55,15,59,64,28
55,55,23,60,63,37
55,55,31,60,63,45
55,55,39,60,63,52
55,55,47,60,62,62
55,55,55,60,62,70
55,55,63,61,62,80
55,55,71,61,62,88
55,55,79,61,62,98
55,55,87,61,62,108
55,55,95,61,61,118
55,55,103,61,61,129
55,55,111,61,61,139
55,55,119,61,62,151
55,55,127,62,62,164
55,55,135,62,63,174
55,55,143,63,64,187
55,55,151,65,65,198
55,55,159,66,66,210
55,55,167,68,68,221
55,55,175,70,69,228
55,55,183,71,70,234
55,55,191,73,72,240
55,55,199,74,73,242
55,55,207,75,74,244
55,55,215,75,74,246
55,55,223,76,74,249
55,55,231,75,74,250
55,55,239,74,74,252
55,55,247,75,74,253
55,55,255,74,73,254
55,63,0,60,77,14
55,63,7,61,75,20
55,63,15,61,74,28
55,63,23,61,73,37
55,63,31,62,73,45
55,63,39,62,73,52
55,63,47,62,72,61
55,63,55,62,72,69
55,63,63,63,72,78
55,63,71,63,71,85
55,63,79,63,71,93
55,63,87,63,71,103
55,63,95,63,70,112
55,63,103,63,70,122
55,63,111,63,69,132
55,63,119,63,69,144
55,63,127,63,69,155
55,63,135,64,69,166
55,63,143,65,70,179
55,63,151,66,71,190
55,63,159,67,71,203
55,63,167,69,72,215
55,63,175,71,73,226
55,63,183,72,74,232
55,63,191,74,76,238
55,63,199,75,76,242
55,63,207,76,77,244
55,63,215,77,78,246
55,63,223,76,77,248
55,63,231,76,77,250
55,63,239,77,77,252
55,63,247,76,76,253
55,63,255,76,75,254
55,71,0,63,87,15
55,71,7,63,86,21
55,71,15,63,85,29
55,71,23,64,85,37
55,71,31,64,85,45
55,71,39,64,84,51
55,71,47,64,84,60
55,71,55,65,83,67
55,71,63,65,83,76
55,71,71,65,82,82
55,71,79,66,82,90
55,71,87,66,81,98
55,71,95,66,80,106
55,71,103,66,80,115
55,71,111,66,79,124
55,71,119,66,78,135
55,71,127,66,78,146
55,71,135,66,78,156
55,71,143,67,78,169
55,71,151,67,78,180
55,71,159,69,78,194
55,71,167,70,79,207
55,71,175,72,79,218
55,71,183,74,80,229
55,71,191,75,80,236
55,71,199,77,81,241
55,71,207,78,81,245
55,71,215,78,81,247
55,71,223,78,81,249
55,71,231,78,81,250
55,71,239,78,80,252
55,71,247,77,79,253
55,71,255,77,77,254
55,79,0,64,96,16
55,79,7,64,95,22
55,79,15,65,94,29
55,79,23,65,94,37
55,79,31,66,93,45
55,79,39,66,93,51
55,79,47,66,92,59
55,79,55,67,92,66
55,79,63,67,91,74
55,79,71,67,91,81
55,79,79,68,90,88
55,79,87,68,89,96
55,79,95,68,88,103
55,79,103,68,88,111
55,79,111,68,87,119
55,79,119,68,86,130
55,79,127,68,86,140
55,79,135,68,85,150
55,79,143,68,85,162
55,79,151,69,84,173
55,79,159,70,84,186
55,79,167,71,84,200
55,79,175,73,84,212
55,79,183,74,84,223
55,79,191,76,84,234
55,79,199,77,84,239
55,79,207,78,84,243
55,79,215,79,84,246
55,79,223,79,84,249
55,79,231,79,83,251
55,79,239,79,83,252
55,79,247,79,82,254
55,79,255,78,81,254
55,87,0,66,106,17
55,87,7,66,105,23
55,87,15,67,104,30
55,87,23,67,104,37
55,87,31,68,103,45
55,87,39,68,103,51
55,87,47,69,102,58
55,87,55,69,102,65
55,87,63,69,101,73
55,87,71,70,100,79
55,87,79,70,99,86
55,87,87,70,99,93
55,87,95,71,98,100
55,87,103,71,97,107
55,87,111,71,96,115
55,87,119,71,95,124
55,87,127,71,94,134
55,87,135,71,94,142
55,87,143,71,93,154
55,87,151,71,92,165
55,87,159,71,92,178
55,87,167,72,91,191
55,87,175,74,90,205
55,87,183,75,90,217
55,87,191,77,89,228
55,87,199,78,89,237
55,87,207,79,89,242
55,87,215,80,88,246
55,87,223,80,88,249
55,87,231,80,87,251
55,87,239,80,86,252
55,87,247,80,86,253
55,87,255,79,85,254
55,95,0,66,115,18
55,95,7,67,114,23
55,95,15,68,113,30
55,95,23,69,112,38
55,95,31,69,112,45
55,95,39,70,112,51
55,95,47,70,111,58
55,95,55,71,110,65
55,95,63,71,109,72
55,95,71,72,108,78
55,95,79,72,108,85
55,95,87,73,107,91
55,95,95,73,106,98
55,95,103,73,105,105
55,95,111,73,104,111
55,95,119,73,103,120
55,95,127,73,102,127
55,95,135,73,101,136
55,95,143,73,100,147
55,95,151,73,99,157
55,95,159,73,98,171
55,95,167,74,97,184
55,95,175,75,96,197
55,95,183,76,96,210
55,95,191,77,95,223
55,95,199,79,94,232
55,95,207,80,93,241
55,95,215,81,92,245
55,95,223,81,91,249
55,95,231,81,91,251
55,95,239,81,90,253
55,95,247,81,89,253
55,95,255,80,87,254
55,103,0,67,123,19
55,103,7,68,122,24
55,103,15,69,122,30
55,103,23,70,121,38
55,103,31,71,121,45
55,103,39,71,120,50
55,103,47,72,120,58
55,103,55,72,119,64
55,103,63,73,118,71
55,103,71,73,117,77
55,103,79,74,116,83
55,103,87,74,115,90
55,103,95,75,114,96
55,103,103,75,113,102
55,103,111,75,112,108
55,103,119,75,111,116
55,103,127,75,110,124
55,103,135,75,109,131
55,103,143,75,108,142
55,103,151,75,107,151
55,103,159,75,106,163
55,103,167,75,104,177
55,103,175,76,103,191
55,103,183,77,102,203
55,103,191,78,100,217
55,103,199,79,99,228
55,103,207,80,98,237
55,103,215,82,97,244
55,103,223,82,95,248
55,103,231,82,94,251
55,103,239,82,93,253
55,103,247,82,92,254
55,103,255,81,91,254
55,111,0,68,133,20
55,111,7,69,132,25
55,111,15,70,131,31
55,111,23,71,130,38
55,111,31,72,130,45
55,111,39,72,129,50
55,111,47,73,129,57
55,111,55,74,128,63
55,111,63,74,127,70
55,111,71,75,126,75
55,111,79,76,125,82
55,111,87,76,124,88
55,111,95,76,123,93
55,111,103,77,122,100
55,111,111,77,121,105
55,111,119,77,120,113
55,111,127,77,118,120
55,111,135,77,117,127
55,111,143,77,116,136
55,111,151,77,115,145
55,111,159,77,114,157
55,111,167,77,112,169
55,111,175,77,110,183
55,111,183,78,109,198
55,111,191,79,107,211
55,111,199,80,105,224
55,111,207,81,103,233
55,111,215,82,102,240
55,111,223,82,100,247
55,111,231,83,98,251
55,111,239,83,97,253
55,111,247,83,96,254
55,111,255,83,94,254
55,119,0,68,142,20
55,119,7,69,141,25
55,119,15,70,139,32
55,119,23,71,138,38
55,119,31,72,138,45
55,119,39,73,137,50
55,119,47,74,137,57
55,119,55,75,136,63
55,119,63,75,135,69
55,119,71,76,134,74
55,119,79,76,133,80
55,119,87,77,132,86
55,119,95,78,131,92
55,119,103,78,129,98
55,119,111,78,128,103
55,119,119,78,127,110
55,119,127,78,126,117
55,119,135,78,125,123
55,119,143,78,123,132
55,119,151,78,122,140
55,119,159,78,121,151
55,119,167,78,119,163
55,119,175,78,117,176
55,119,183,79,115,190
55,119,191,79,113,206
55,119,199,80,111,218
55,119,207,81,109,230
55,119,215,82,107,238
55,119,223,83,104,245
55,119,231,83,103,250
55,119,239,84,101,253
55,119,247,83,99,254
55,119,255,84,97,254
55,127,0,69,153,21
55,127,7,69,152,25
55,127,15,70,150,31
55,127,23,72,148,38
55,127,31,73,148,45
55,127,39,74,147,50
55,127,47,74,147,56
55,127,55,75,146,61
55,127,63,76,145,68
55,127,71,77,144,73
55,127,79,77,143,79
55,127,87,78,141,84
55,127,95,78,140,90
55,127,103,79,139,95
55,127,111,79,138,101
55,127,119,80,136,108
55,127,127,80,135,114
55,127,135,79,134,120
55,127,143,80,133,127
55,127,151,79,131,135
55,127,159,80,130,144
55,127,167,79,128,156
55,127,175,79,126,168
55,127,183,80,124,182
55,127,191,80,121,197
55,127,199,81,118,212
55,127,207,81,116,223
55,127,215,83,113,235
55,127,223,83,110,243
55,127,231,84,108,249
55,127,239,84,106,253
55,127,247,85,104,255
55,127,255,84,102,254
55,135,0,68,162,21
55,135,7,69,161,24
55,135,15,70,160,30
55,135,23,72,158,39
55,135,31,73,157,44
55,135,39,74,157,50
55,135,47,75,156,55
55,135,55,76,155,61
55,135,63,76,154,67
55,135,71,77,153,72
55,135,79,78,152,78
55,135,87,79,150,83
55,135,95,79,149,88
55,135,103,79,148,94
55,135,111,80,147,99
55,135,119,80,145,105
55,135,127,80,144,112
55,135,135,81,143,117
55,135,143,80,141,124
55,135,151,80,140,130
55,135,159,80,138,140
55,135,167,80,137,150
55,135,175,81,134,162
55,135,183,80,132,175
55,135,191,80,129,190
55,135,199,81,126,205
55,135,207,82,123,219
55,135,215,82,120,229
55,135,223,84,116,241
55,135,231,84,114,247
55,135,239,84,110,252
55,135,247,85,108,254
55,135,255,85,105,255
55,143,0,68,173,21
55,143,7,69,171,25
55,143,15,70,170,30
55,143,23,72,168,37
55,143,31,73,167,44
55,143,39,74,166,49
55,143,47,75,165,55
55,143,55,76,165,60
55,143,63,77,163,66
55,143,71,77,162,71
55,143,79,78,161,76
55,143,87,79,160,82
55,143,95,79,158,87
55,143,103,80,157,92
55,143,111,80,156,97
55,143,119,81,154,103
55,143,127,81,153,109
55,143,135,81,152,114
55,143,143,81,150,121
55,143,151,82,149,127
55,143,159,81,147,135
55,143,167,81,145,145
55,143,175,81,143,155
55,143,183,81,141,168
55,143,191,82,138,183
55,143,199,81,134,197
55,143,207,82,131,212
55,143,215,83,127,224
55,143,223,83,123,236
55,143,231,84,120,244
55,143,239,85,116,251
55,143,247,85,113,254
55,143,255,86,110,255
55,151,0,68,183,22
55,151,7,69,181,26
55,151,15,71,180,32
55,151,23,72,179,37
55,151,31,73,177,44
55,151,39,74,176,48
55,151,47,75,175,54
55,151,55,76,174,59
55,151,63,77,173,65
55,151,71,78,172,70
55,151,79,78,171,75
55,151,87,79,169,80
55,151,95,79,168,85
55,151,103,80,167,90
55,151,111,80,165,95
55,151,119,81,164,101
55,151,127,81,163,106
55,151,135,81,162,111
55,151,143,81,160,118
55,151,151,82,159,123
55,151,159,82,157,131
55,151,167,82,155,140
55,151,175,82,153,150
55,151,183,82,151,161
55,151,191,81,147,175
55,151,199,82,144,190
55,151,207,82,140,204
55,151,215,83,136,217
55,151,223,84,131,231
55,151,231,84,127,240
55,151,239,84,122,249
55,151,247,86,118,254
55,151,255,86,115,255
55,159,0,68,193,22
55,159,7,69,192,26
55,159,15,71,190,32
55,159,23,72,189,38
55,159,31,73,187,44
55,159,39,74,186,48
55,159,47,75,185,54
55,159,55,76,184,59
55,159,63,77,183,64
55,159,71,78,182,69
55,159,79,78,181,74
55,159,87,79,179,79
55,159,95,80,178,84
55,159,103,80,176,89
55,159,111,80,175,93
55,159,119,81,174,99
55,159,127,81,173,104
55,159,135,82,172,109
55,159,143,82,170,115
55,159,151,82,169,120
55,159,159,82,167,127
55,159,167,82,165,136
55,159,175,82,163,145
55,159,183,82,161,156
55,159,191,82,157,168
55,159,199,82,153,182
55,159,207,82,150,196
55,159,215,84,145,210
55,159,223,84,140,225
55,159,231,84,135,236
55,159,239,85,129,247
55,159,247,85,125,253
55,159,255,86,120,255
55,167,0,68,203,23
55,167,7,69,202,27
55,167,15,70,200,32
55,167,23,72,199,38
55,167,31,73,197,44
55,167,39,75,196,49
55,167,47,75,195,54
55,167,55,76,194,59
55,167,63,77,192,64
55,167,71,78,191,68
55,167,79,78,190,73
55,167,87,79,189,78
55,167,95,79,188,83
55,167,103,80,187,88
55,167,111,81,186,92
55,167,119,81,184,97
55,167,127,81,183,102
55,167,135,82,182,106
55,167,143,82,181,112
55,167,151,82,180,117
55,167,159,83,178,124
55,167,167,83,176,131
55,167,175,83,173,140
55,167,183,82,171,149
55,167,191,82,168,161
55,167,199,83,164,174
55,167,207,83,160,188
55,167,215,83,156,202
55,167,223,84,149,219
55,167,231,84,144,232
55,167,239,85,137,244
55,167,247,86,132,251
55,167,255,87,127,255
55,175,0,68,211,25
55,175,7,69,211,28
55,175,15,70,210,32
55,175,23,72,208,38
55,175,31,73,207,44
55,175,39,74,206,48
55,175,47,75,205,54
55,175,55,76,204,58
55,175,63,77,202,63
55,175,71,78,201,67
55,175,79,78,200,72
55,175,87,79,198,77
55,175,95,79,197,81
55,175,103,80,196,86
55,175,111,80,196,90
55,175,119,81,195,96
55,175,127,82,193,100
55,175,135,82,192,104
55,175,143,82,191,109
55,175,151,82,190,114
55,175,159,82,189,120
55,175,167,83,187,127
55,175,175,83,185,135
55,175,183,83,182,143
55,175,191,82,179,155
55,175,199,82,176,167
55,175,207,83,172,180
55,175,215,83,167,194
55,175,223,83,160,212
55,175,231,85,154,226
55,175,239,86,146,241
55,175,247,86,140,250
55,175,255,88,134,254
55,183,0,69,221,27
55,183,7,69,221,30
55,183,15,70,220,33
55,183,23,72,219,38
55,183,31,73,217,44
55,183,39,74,216,48
55,183,47,75,215,53
55,183,55,76,214,57
55,183,63,77,213,63
55,183,71,77,212,67
55,183,79,78,211,71
55,183,87,79,210,76
55,183,95,79,208,80
55,183,103,80,207,84
55,183,111,80,207,88
55,183,119,81,206,93
55,183,127,81,205,98
55,183,135,81,205,102
55,183,143,83,203,107
55,183,151,83,202,111
55,183,159,83,200,117
55,183,167,83,199,123
55,183,175,83,198,129
55,183,183,83,196,137
55,183,191,84,193,147
55,183,199,83,189,159
55,183,207,83,186,171
55,183,215,83,181,185
55,183,223,85,174,203
55,183,231,84,167,218
55,183,239,86,159,235
55,183,247,88,151,248
55,183,255,88,144,254
55,191,0,69,229,29
55,191,7,70,229,31
55,191,15,71,228,35
55,191,23,72,228,39
55,191,31,73,227,44
55,191,39,74,226,48
55,191,47,75,224,53
55,191,55,76,223,57
55,191,63,77,222,62
55,191,71,77,221,66
55,191,79,78,220,70
55,191,87,78,220,75
55,191,95,79,219,79
55,191,103,80,218,83
55,191,111,80,217,87
55,191,119,81,216,91
55,191,127,81,215,95
55,191,135,81,214,99
55,191,143,81,214,104
55,191,151,82,213,108
55,191,159,83,212,114
55,191,167,83,211,119
55,191,175,83,209,125
55,191,183,83,207,131
55,191,191,82,205,141
55,191,199,83,203,151
55,191,207,84,199,163
55,191,215,84,195,175
55,191,223,83,188,194
55,191,231,84,182,210
55,191,239,86,173,229
55,191,247,87,165,243
55,191,255,89,156,253
55,199,0,68,234,29
55,199,7,69,234,32
55,199,15,71,234,35
55,199,23,72,234,40
55,199,31,73,234,44
55,199,39,74,234,48
55,199,47,75,233,53
55,199,55,76,232,57
55,199,63,77,230,61
55,199,71,77,229,65
55,199,79,78,228,69
55,199,87,78,228,73
55,199,95,78,227,77
55,199,103,79,226,81
55,199,111,80,226,85
55,199,119,81,225,90
55,199,127,81,224,93
55,199,135,81,223,97
55,199,143,82,223,101
55,199,151,82,222,104
55,199,159,82,221,110
55,199,167,82,221,115
55,199,175,83,220,121
55,199,183,84,218,126
55,199,191,83,216,134
55,199,199,83,214,144
55,199,207,83,211,154
55,199,215,83,208,167
55,199,223,84,202,184
55,199,231,84,196,201
55,199,239,86,187,221
55,199,247,88,178,239
55,199,255,89,170,250
55,207,0,68,239,30
55,207,7,69,239,32
55,207,15,70,239,35
55,207,23,72,239,40
55,207,31,73,239,44
55,207,39,73,239,47
55,207,47,75,239,52
55,207,55,75,238,56
55,207,63,77,238,61
55,207,71,77,237,64
55,207,79,78,236,68
55,207,87,78,235,72
55,207,95,79,235,76
55,207,103,79,234,79
55,207,111,79,233,83
55,207,119,79,233,87
55,207,127,80,233,91
55,207,135,81,232,94
55,207,143,82,232,98
55,207,151,82,231,102
55,207,159,82,230,106
55,207,167,82,229,111
55,207,175,82,229,116
55,207,183,82,228,121
55,207,191,83,227,129
55,207,199,84,225,137
55,207,207,84,223,147
55,207,215,84,220,158
55,207,223,83,215,176
55,207,231,85,210,192
55,207,239,86,203,213
55,207,247,87,194,233
55,207,255,90,184,251
55,215,0,68,243,31
55,215,7,69,243,33
55,215,15,70,243,35
55,215,23,71,244,39
55,215,31,73,244,44
55,215,39,73,244,47
55,215,47,74,244,51
55,215,55,75,244,55
55,215,63,75,243,59
55,215,71,76,243,62
55,215,79,76,243,66
55,215,87,77,243,70
55,215,95,78,242,74
55,215,103,79,242,78
55,215,111,79,241,81
55,215,119,80,240,85
55,215,127,80,240,88
55,215,135,80,240,91
55,215,143,80,240,95
55,215,151,81,239,98
55,215,159,81,239,103
55,215,167,83,239,107
55,215,175,83,238,111
55,215,183,83,238,116
55,215,191,83,237,123
55,215,199,82,236,131
55,215,207,83,235,139
55,215,215,84,233,150
55,215,223,84,229,166
55,215,231,84,225,183
55,215,239,86,219,205
55,215,247,88,212,226
55,215,255,89,203,245
55,223,0,68,247,32
55,223,7,69,247,34
55,223,15,70,247,36
55,223,23,71,248,39
55,223,31,72,248,43
55,223,39,74,249,47
55,223,47,74,249,51
55,223,55,75,249,54
55,223,63,75,248,58
55,223,71,75,248,61
55,223,79,76,248,64
55,223,87,76,247,68
55,223,95,77,247,71
55,223,103,77,247,75
55,223,111,78,247,78
55,223,119,79,247,82
55,223,127,80,247,85
55,223,135,80,247,88
55,223,143,80,247,91
55,223,151,80,246,94
55,223,159,80,246,98
55,223,167,81,246,102
55,223,175,81,246,107
55,223,183,82,246,111
55,223,191,83,246,118
55,223,199,83,245,125
55,223,207,83,244,133
55,223,215,83,243,142
55,223,223,84,241,158
55,223,231,85,238,173
55,223,239,86,234,194
55,223,247,86,229,216
55,223,255,89,222,239
55,231,0,67,249,32
55,231,7,68,249,34
55,231,15,69,250,36
55,231,23,70,250,39
55,231,31,71,251,42
55,231,39,72,251,46
55,231,47,73,252,50
55,231,55,74,252,53
55,231,63,75,252,57
55,231,71,75,252,60
55,231,79,76,252,63
55,231,87,76,251,66
55,231,95,76,251,69
55,231,103,77,251,72
55,231,111,77,251,75
55,231,119,77,251,79
55,231,127,78,251,82
55,231,135,78,251,85
55,231,143,79,251,88
55,231,151,80,252,91
55,231,159,80,251,95
55,231,167,81,251,98
55,231,175,81,251,102
55,231,183,81,251,106
55,231,191,81,251,113
55,231,199,81,251,120
55,231,207,83,251,128
55,231,215,83,250,137
55,231,223,83,249,150
55,231,231,83,247,164
55,231,239,85,245,186
55,231,247,87,242,207
55,231,255,88,237,231
55,239,0,67,252,33
55,239,7,68,252,34
55,239,15,68,252,36
55,239,23,70,253,39
55,239,31,71,253,43
55,239,39,71,253,45
55,239,47,72,253,48
55,239,55,73,253,52
55,239,63,73,253,55
55,239,71,74,253,58
55,239,79,75,253,61
55,239,87,75,254,64
55,239,95,76,254,68
55,239,103,77,254,70
55,239,111,77,254,73
55,239,119,77,254,76
55,239,127,77,254,79
55,239,135,78,254,81
55,239,143,78,254,84
55,239,151,78,254,87
55,239,159,78,254,90
55,239,167,79,254,94
55,239,175,80,254,98
55,239,183,81,255,103
55,239,191,81,254,108
55,239,199,81,254,114
55,239,207,81,254,122
55,239,215,81,254,130
55,239,223,82,254,144
55,239,231,84,253,158
55,239,239,84,252,176
55,239,247,85,251,196
55,239,255,88,249,222
55,247,0,67,254,33
55,247,7,68,254,35
55,247,15,68,254,36
55,247,23,69,254,39
55,247,31,71,254,42
55,247,39,72,254,45
55,247,47,72,254,48
55,247,55,73,254,51
55,247,63,73,254,54
55,247,71,73,254,56
55,247,79,74,254,59
55,247,87,74,254,62
55,247,95,74,254,65
55,247,103,75,254,67
55,247,111,75,254,70
55,247,119,76,254,73
55,247,127,77,254,76
55,247,135,77,254,79
55,247,143,78,254,82
55,247,151,78,254,84
55,247,159,78,254,87
55,247,167,78,254,91
55,247,175,78,254,94
55,247,183,78,254,98
55,247,191,79,254,104
55,247,199,80,255,111
55,247,207,81,255,118
55,247,215,81,255,126
55,247,223,81,255,138
55,247,231,81,255,150
55,247,239,83,255,170
55,247,247,85,255,189
55,247,255,86,254,210
55,255,0,66,254,32
55,255,7,67,254,34
55,255,15,67,254,36
55,255,23,68,254,38
55,255,31,69,254,41
55,255,39,70,254,43
55,255,47,71,254,47
55,255,55,72,254,50
55,255,63,73,254,53
55,255,71,73,254,56
55,255,79,73,254,58
55,255,87,74,254,61
55,255,95,74,254,63
55,255,103,74,253,66
55,255,111,75,253,68
55,255,119,75,254,71
55,255,127,75,254,74
55,255,135,76,254,76
55,255,143,76,254,79
55,255,151,77,254,82
55,255,159,78,254,86
55,255,167,78,254,89
55,255,175,78,254,93
55,255,183,78,254,97
55,255,191,78,254,102
55,255,199,79,254,108
55,255,207,79,254,114
55,255,215,80,254,122
55,255,223,81,254,134
55,255,231,81,254,146
55,255,239,82,254,163
55,255,247,83,255,181
55,255,255,85,255,199
63,0,0,62,2,17
63,0,7,63,2,28
63,0,15,63,2,40
63,0,23,63,2,53
63,0,31,62,3,65
63,0,39,62,4,76
63,0,47,61,5,89
63,0,55,60,6,102
63,0,63,58,7,119
63,0,71,57,7,135
63,0,79,55,7,155
63,0,87,53,8,174
63,0,95,52,9,190
63,0,103,52,11,204
63,0,111,51,13,214
63,0,119,51,16,220
63,0,127,52,18,223
63,0,135,52,19,225
63,0,143,53,21,228
63,0,151,54,23,230
63,0,159,54,24,231
63,0,167,55,27,232
63,0,175,55,28,234
63,0,183,56,28,235
63,0,191,56,29,237
63,0,199,56,30,239
63,0,207,57,31,240
63,0,215,57,33,242
63,0,223,57,35,244
63,0,231,57,36,247
63,0,239,57,38,250
63,0,247,56,39,252
63,0,255,56,42,254
63,7,0,61,4,15
63,7,7,61,5,26
63,7,15,62,5,38
63,7,23,62,6,51
63,7,31,62,6,62
63,7,39,61,7,73
63,7,47,61,9,86
63,7,55,60,10,98
63,7,63,59,11,113
63,7,71,58,11,127
63,7,79,57,12,146
63,7,87,55,13,165
63,7,95,54,14,181
63,7,103,54,16,195
63,7,111,53,18,205
63,7,119,53,21,214
63,7,127,54,24,218
63,7,135,54,25,221
63,7,143,55,27,224
63,7,151,56,29,227
63,7,159,56,30,229
63,7,167,57,32,231
63,7,175,58,35,233
63,7,183,59,37,235
63,7,191,59,37,237
63,7,199,59,37,239
63,7,207,60,38,240
63,7,215,60,39,242
63,7,223,60,41,244
63,7,231,60,43,247
63,7,239,59,43,250
63,7,247,58,44,252
63,7,255,58,46,254
63,15,0,60,11,15
63,15,7,61,10,24
63,15,15,61,11,36
63,15,23,61,11,48
63,15,31,61,11,60
63,15,39,61,12,70
63,15,47,61,14,82
63,15,55,60,15,94
63,15,63,60,16,108
63,15,71,59,17,120
63,15,79,58,17,137
63,15,87,57,19,154
63,15,95,56,20,169
63,15,103,56,21,185
63,15,111,56,23,194
63,15,119,56,26,204
63,15,127,56,29,211
63,15,135,57,32,215
63,15,143,58,35,220
63,15,151,58,36,223
63,15,159,59,37,227
63,15,167,60,39,230
63,15,175,61,41,233
63,15,183,61,43,235
63,15,191,63,46,237
63,15,199,63,47,239
63,15,207,63,46,241
63,15,215,63,46,243
63,15,223,63,47,245
63,15,231,63,49,247
63,15,239,62,50,249
63,15,247,61,50,251
63,15,255,60,51,253
63,23,0,60,20,15
63,23,7,61,20,24
63,23,15,61,19,34
63,23,23,61,19,45
63,23,31,61,20,56
63,23,39,61,20,66
63,23,47,61,21,78
63,23,55,61,23,88
63,23,63,61,24,101
63,23,71,61,25,112
63,23,79,60,25,126
63,23,87,59,26,142
63,23,95,59,27,156
63,23,103,58,29,169
63,23,111,58,31,180
63,23,119,59,34,190
63,23,127,59,36,200
63,23,135,60,38,206
63,23,143,61,41,214
63,23,151,61,43,219
63,23,159,62,46,225
63,23,167,63,48,229
63,23,175,64,50,233
63,23,183,65,51,235
63,23,191,66,53,238
63,23,199,67,54,240
63,23,207,67,56,241
63,23,215,67,57,243
63,23,223,67,56,245
63,23,231,66,56,247
63,23,239,66,57,249
63,23,247,66,59,251
63,23,255,64,58,253
63,31,0,61,31,14
63,31,7,61,30,22
63,31,15,61,29,32
63,31,23,61,29,43
63,31,31,61,29,53
63,31,39,62,29,62
63,31,47,62,30,74
63,31,55,62,31,83
63,31,63,62,32,96
63,31,71,62,33,105
63,31,79,62,34,118
63,31,87,61,34,132
63,31,95,61,35,144
63,31,103,61,37,157
63,31,111,61,38,168
63,31,119,61,40,181
63,31,127,61,42,191
63,31,135,62,44,199
63,31,143,63,47,208
63,31,151,64,49,215
63,31,159,65,51,223
63,31,167,66,53,229
63,31,175,67,55,233
63,31,183,68,57,236
63,31,191,70,60,239
63,31,199,70,61,241
63,31,207,71,62,242
63,31,215,71,63,244
63,31,223,71,64,246
63,31,231,71,64,248
63,31,239,69,63,250
63,31,247,69,63,252
63,31,255,68,64,253
63,39,0,62,42,14
63,39,7,62,41,22
63,39,15,62,40,31
63,39,23,62,40,40
63,39,31,62,40,50
63,39,39,63,40,58
63,39,47,63,40,69
63,39,55,63,41,78
63,39,63,64,42,90
63,39,71,63,42,99
63,39,79,63,43,110
63,39,87,63,43,122
63,39,95,63,44,134
63,39,103,63,44,147
63,39,111,63,45,158
63,39,119,63,47,171
63,39,127,63,48,183
63,39,135,64,50,192
63,39,143,65,52,203
63,39,151,66,54,211
63,39,159,67,56,220
63,39,167,69,58,228
63,39,175,70,60,234
63,39,183,71,62,237
63,39,191,72,64,240
63,39,199,73,65,242
63,39,207,73,67,244
63,39,215,74,68,245
63,39,223,74,68,247
63,39,231,73,68,249
63,39,239,73,69,251
63,39,247,72,69,252
63,39,255,71,69,254
63,47,0,64,53,14
63,47,7,63,52,22
63,47,15,64,51,30
63,47,23,64,50,39
63,47,31,64,50,48
63,47,39,64,50,56
63,47,47,64,50,66
63,47,55,64,51,75
63,47,63,65,51,86
63,47,71,65,51,94
63,47,79,65,51,104
63,47,87,65,51,116
63,47,95,65,52,127
63,47,103,64,52,139
63,47,111,64,52,149
63,47,119,65,54,162
63,47,127,65,55,175
63,47,135,65,56,185
63,47,143,67,57,197
63,47,151,68,59,206
63,47,159,69,61,217
63,47,167,71,63,225
63,47,175,72,64,232
63,47,183,73,66,237
63,47,191,74,68,240
63,47,199,75,69,243
63,47,207,76,70,244
63,47,215,76,71,246
63,47,223,76,72,248
63,47,231,76,72,250
63,47,239,75,72,251
63,47,247,74,72,253
63,47,255,74,72,254
63,55,0,65,64,15
63,55,7,65,63,22
63,55,15,65,62,30
63,55,23,65,61,38
63,55,31,65,61,47
63,55,39,65,61,54
63,55,47,66,61,63
63,55,55,66,61,72
63,55,63,66,61,82
63,55,71,67,61,89
63,55,79,67,61,99
63,55,87,67,60,109
63,55,95,67,60,120
63,55,103,66,60,130
63,55,111,66,60,140
63,55,119,66,61,153
63,55,127,67,62,165
63,55,135,67,62,176
63,55,143,68,63,189
63,55,151,69,65,199
63,55,159,70,66,211
63,55,167,72,67,222
63,55,175,73,69,229
63,55,183,75,70,235
63,55,191,76,72,241
63,55,199,77,73,243
63,55,207,78,74,245
63,55,215,78,75,246
63,55,223,78,75,249
63,55,231,78,75,250
63,55,239,77,74,252
63,55,247,77,74,253
63,55,255,76,74,254
63,63,0,66,74,15
63,63,7,66,73,22
63,63,15,67,72,30
63,63,23,67,71,38
63,63,31,67,71,46
63,63,39,67,71,53
63,63,47,67,71,62
63,63,55,68,70,70
63,63,63,68,70,79
63,63,71,68,70,86
63,63,79,68,70,95
63,63,87,69,69,104
63,63,95,69,69,113
63,63,103,68,68,123
63,63,111,68,68,133
63,63,119,68,68,145
63,63,127,68,68,156
63,63,135,69,69,166
63,63,143,69,70,180
63,63,151,70,70,191
63,63,159,72,71,204
63,63,167,73,72,216
63,63,175,75,73,228
63,63,183,76,74,234
63,63,191,77,76,239
63,63,199,78,77,243
63,63,207,79,77,245
63,63,215,80,78,247
63,63,223,79,78,248
63,63,231,79,77,250
63,63,239,79,77,252
63,63,247,78,76,253
63,63,255,78,75,254
63,71,0,67,85,17
63,71,7,68,84,23
63,71,15,68,83,30
63,71,23,69,83,38
63,71,31,69,82,46
63,71,39,69,82,52
63,71,47,70,82,61
63,71,55,70,81,68
63,71,63,70,81,77
63,71,71,70,81,83
63,71,79,71,80,91
63,71,87,71,80,99
63,71,95,71,79,107
63,71,103,71,78,116
63,71,111,71,78,125
63,71,119,71,77,136
63,71,127,71,77,147
63,71,135,71,77,157
63,71,143,71,77,169
63,71,151,72,78,181
63,71,159,73,78,195
63,71,167,74,78,208
63,71,175,76,79,219
63,71,183,77,80,230
63,71,191,78,80,238
63,71,199,80,81,242
63,71,207,81,81,245
63,71,215,81,81,247
63,71,223,81,81,249
63,71,231,81,81,251
63,71,239,80,80,252
63,71,247,80,79,254
63,71,255,80,78,254
63,79,0,69,93,18
63,79,7,69,92,24
63,79,15,70,92,30
63,79,23,71,91,39
63,79,31,71,91,46
63,79,39,71,91,52
63,79,47,71,90,60
63,79,55,72,90,67
63,79,63,72,90,75
63,79,71,72,89,81
63,79,79,73,88,89
63,79,87,73,88,96
63,79,95,73,87,104
63,79,103,73,86,112
63,79,111,73,86,120
63,79,119,73,85,131
63,79,127,73,85,141
63,79,135,73,84,150
63,79,143,73,84,163
63,79,151,74,84,173
63,79,159,74,84,187
63,79,167,75,84,201
63,79,175,76,84,214
63,79,183,78,84,224
63,79,191,79,84,235
63,79,199,80,84,240
63,79,207,81,85,244
63,79,215,82,85,247
63,79,223,82,84,249
63,79,231,82,84,251
63,79,239,82,83,252
63,79,247,81,83,254
63,79,255,80,81,254
63,87,0,70,103,18
63,87,7,71,102,23
63,87,15,72,102,31
63,87,23,72,101,39
63,87,31,73,101,46
63,87,39,73,101,52
63,87,47,74,100,60
63,87,55,74,100,66
63,87,63,74,99,74
63,87,71,74,98,80
63,87,79,75,98,87
63,87,87,75,97,94
63,87,95,75,96,101
63,87,103,76,96,108
63,87,111,76,95,115
63,87,119,76,94,124
63,87,127,75,94,134
63,87,135,75,93,143
63,87,143,75,92,154
63,87,151,76,92,165
63,87,159,76,91,178
63,87,167,77,91,192
63,87,175,78,90,206
63,87,183,79,90,219
63,87,191,80,89,229
63,87,199,81,89,238
63,87,207,82,89,243
63,87,215,83,89,246
63,87,223,83,88,249
63,87,231,83,88,251
63,87,239,83,87,253
63,87,247,82,86,253
63,87,255,82,85,254
63,95,0,71,111,19
63,95,7,72,111,24
63,95,15,73,110,31
63,95,23,74,110,39
63,95,31,74,110,46
63,95,39,75,109,52
63,95,47,75,109,59
63,95,55,76,108,66
63,95,63,76,107,73
63,95,71,76,107,79
63,95,79,77,106,86
63,95,87,77,105,92
63,95,95,78,104,99
63,95,103,78,104,105
63,95,111,78,103,112
63,95,119,78,102,120
63,95,127,78,101,128
63,95,135,78,101,137
63,95,143,77,100,148
63,95,151,78,99,158
63,95,159,78,98,171
63,95,167,78,97,185
63,95,175,79,96,198
63,95,183,80,95,211
63,95,191,81,95,224
63,95,199,82,94,233
63,95,207,83,93,241
63,95,215,84,92,246
63,95,223,84,92,249
63,95,231,84,91,251
63,95,239,84,90,253
63,95,247,83,89,253
63,95,255,82,88,254
63,103,0,72,120,20
63,103,7,73,119,26
63,103,15,74,119,31
63,103,23,75,118,40
63,103,31,76,118,46
63,103,39,76,118,52
63,103,47,77,117,59
63,103,55,77,117,65
63,103,63,78,116,72
63,103,71,78,115,78
63,103,79,79,114,84
63,103,87,79,113,91
63,103,95,79,113,97
63,103,103,80,112,103
63,103,111,80,111,109
63,103,119,80,110,117
63,103,127,80,109,125
63,103,135,80,108,132
63,103,143,79,107,142
63,103,151,79,106,152
63,103,159,79,105,164
63,103,167,80,104,178
63,103,175,80,103,192
63,103,183,81,101,204
63,103,191,82,100,218
63,103,199,83,99,229
63,103,207,84,98,237
63,103,215,85,97,244
63,103,223,85,96,249
63,103,231,85,95,251
63,103,239,85,94,253
63,103,247,85,93,254
63,103,255,84,91,254
63,111,0,73,130,21
63,111,7,74,129,26
63,111,15,74,128,33
63,111,23,76,127,40
63,111,31,77,127,46
63,111,39,77,127,52
63,111,47,78,126,58
63,111,55,78,125,65
63,111,63,79,125,72
63,111,71,80,124,77
63,111,79,80,123,83
63,111,87,81,122,89
63,111,95,81,121,95
63,111,103,81,120,101
63,111,111,81,119,107
63,111,119,81,118,114
63,111,127,81,117,121
63,111,135,81,116,128
63,111,143,81,115,137
63,111,151,81,114,145
63,111,159,81,113,157
63,111,167,81,112,170
63,111,175,82,110,184
63,111,183,82,109,198
63,111,191,83,107,212
63,111,199,84,105,224
63,111,207,84,103,234
63,111,215,85,102,241
63,111,223,86,100,248
63,111,231,86,99,251
63,111,239,86,97,253
63,111,247,86,96,254
63,111,255,85,95,254
63,119,0,74,138,22
63,119,7,74,137,26
63,119,15,75,136,33
63,119,23,76,135,40
63,119,31,77,135,47
63,119,39,78,135,51
63,119,47,79,134,58
63,119,55,79,134,64
63,119,63,80,133,71
63,119,71,81,132,76
63,119,79,81,131,82
63,119,87,82,130,88
63,119,95,82,129,93
63,119,103,82,128,99
63,119,111,83,127,105
63,119,119,83,126,112
63,119,127,83,125,119
63,119,135,83,124,124
63,119,143,83,123,133
63,119,151,83,122,141
63,119,159,83,120,152
63,119,167,82,119,164
63,119,175,82,117,177
63,119,183,83,115,190
63,119,191,84,113,206
63,119,199,84,111,219
63,119,207,85,109,230
63,119,215,85,107,238
63,119,223,86,105,246
63,119,231,86,103,250
63,119,239,87,101,253
63,119,247,86,99,254
63,119,255,86,98,254
63,127,0,73,149,22
63,127,7,74,148,26
63,127,15,75,147,32
63,127,23,76,146,40
63,127,31,78,145,46
63,127,39,78,145,51
63,127,47,80,144,58
63,127,55,80,144,63
63,127,63,81,143,70
63,127,71,81,142,75
63,127,79,82,141,80
63,127,87,83,139,86
63,127,95,83,138,92
63,127,103,84,137,97
63,127,111,84,136,102
63,127,119,84,135,109
63,127,127,84,134,115
63,127,135,84,133,121
63,127,143,85,132,129
63,127,151,84,130,136
63,127,159,84,129,145
63,127,167,84,127,156
63,127,175,84,126,169
63,127,183,84,124,183
63,127,191,84,121,198
63,127,199,85,118,213
63,127,207,85,116,225
63,127,215,86,113,235
63,127,223,86,110,244
63,127,231,87,108,249
63,127,239,87,106,253
63,127,247,87,104,255
63,127,255,87,102,254
63,135,0,73,158,22
63,135,7,74,157,26
63,135,15,75,156,32
63,135,23,77,155,40
63,135,31,78,154,46
63,135,39,79,154,51
63,135,47,80,153,57
63,135,55,80,153,63
63,135,63,82,152,69
63,135,71,82,151,74
63,135,79,83,149,79
63,135,87,83,148,85
63,135,95,84,147,90
63,135,103,84,146,95
63,135,111,85,145,101
63,135,119,85,144,107
63,135,127,85,142,113
63,135,135,85,142,118
63,135,143,85,140,125
63,135,151,85,139,132
63,135,159,85,137,141
63,135,167,85,136,151
63,135,175,85,134,163
63,135,183,85,132,176
63,135,191,85,129,191
63,135,199,85,125,206
63,135,207,86,122,220
63,135,215,86,120,230
63,135,223,87,116,241
63,135,231,87,114,247
63,135,239,87,111,252
63,135,247,88,108,254
63,135,255,88,106,255
63,143,0,73,168,22
63,143,7,74,167,27
63,143,15,75,166,32
63,143,23,77,165,39
63,143,31,78,164,46
63,143,39,79,164,51
63,143,47,80,163,57
63,143,55,81,162,62
63,143,63,82,161,68
63,143,71,82,160,73
63,143,79,83,159,78
63,143,87,84,158,84
63,143,95,84,156,89
63,143,103,85,155,94
63,143,111,85,154,99
63,143,119,85,153,105
63,143,127,86,152,110
63,143,135,86,151,116
63,143,143,86,149,122
63,143,151,86,148,129
63,143,159,86,146,136
63,143,167,86,144,146
63,143,175,86,143,157
63,143,183,86,140,169
63,143,191,86,137,184
63,143,199,86,134,198
63,143,207,86,130,213
63,143,215,86,127,225
63,143,223,87,123,237
63,143,231,88,120,245
63,143,239,88,116,251
63,143,247,88,113,254
63,143,255,89,110,255
63,151,0,72,179,23
63,151,7,74,178,27
63,151,15,75,176,33
63,151,23,76,175,39
63,151,31,78,174,46
63,151,39,79,173,51
63,151,47,80,173,57
63,151,55,81,172,62
63,151,63,82,171,67
63,151,71,82,170,72
63,151,79,83,169,77
63,151,87,84,167,82
63,151,95,84,166,87
63,151,103,85,165,93
63,151,111,86,164,97
63,151,119,86,163,103
63,151,127,86,161,108
63,151,135,86,160,113
63,151,143,86,159,119
63,151,151,87,158,125
63,151,159,87,156,133
63,151,167,87,154,141
63,151,175,86,152,151
63,151,183,86,150,162
63,151,191,86,146,177
63,151,199,86,143,191
63,151,207,86,139,205
63,151,215,87,135,219
63,151,223,87,131,232
63,151,231,88,127,241
63,151,239,88,122,250
63,151,247,89,119,254
63,151,255,89,115,255
63,159,0,72,189,23
63,159,7,73,188,27
63,159,15,75,187,33
63,159,23,76,185,39
63,159,31,78,184,45
63,159,39,79,184,50
63,159,47,80,183,56
63,159,55,81,182,61
63,159,63,82,181,67
63,159,71,83,180,71
63,159,79,83,179,76
63,159,87,84,177,81
63,159,95,84,176,86
63,159,103,85,175,91
63,159,111,85,174,95
63,159,119,86,173,101
63,159,127,87,172,106
63,159,135,87,171,111
63,159,143,87,169,116
63,159,151,87,168,122
63,159,159,87,166,129
63,159,167,87,164,137
63,159,175,87,163,146
63,159,183,87,160,157
63,159,191,87,157,169
63,159,199,87,153,183
63,159,207,87,149,198
63,159,215,87,145,211
63,159,223,88,139,227
63,159,231,88,135,237
63,159,239,88,129,247
63,159,247,89,125,253
63,159,255,89,121,255
63,167,0,73,199,24
63,167,7,73,198,28
63,167,15,75,197,33
63,167,23,76,195,40
63,167,31,78,194,45
63,167,39,79,194,50
63,167,47,80,192,56
63,167,55,81,191,60
63,167,63,82,190,66
63,167,71,83,190,70
63,167,79,83,189,75
63,167,87,84,188,81
63,167,95,85,186,85
63,167,103,85,185,90
63,167,111,85,184,94
63,167,119,86,183,99
63,167,127,86,182,104
63,167,135,87,181,109
63,167,143,87,180,114
63,167,151,87,178,119
63,167,159,87,177,126
63,167,167,87,175,133
63,167,175,87,173,142
63,167,183,87,171,151
63,167,191,87,167,163
63,167,199,87,164,176
63,167,207,87,160,190
63,167,215,87,155,204
63,167,223,88,149,221
63,167,231,88,143,233
63,167,239,89,137,245
63,167,247,89,132,252
63,167,255,90,126,255
63,175,0,72,208,26
63,175,7,73,207,29
63,175,15,74,206,33
63,175,23,76,205,40
63,175,31,78,204,46
63,175,39,79,204,50
63,175,47,80,203,56
63,175,55,81,201,60
63,175,63,82,200,65
63,175,71,82,199,69
63,175,79,83,198,74
63,175,87,84,197,79
63,175,95,84,196,84
63,175,103,85,196,89
63,175,111,86,195,93
63,175,119,86,193,98
63,175,127,86,192,102
63,175,135,86,191,106
63,175,143,87,190,112
63,175,151,87,189,116
63,175,159,88,188,123
63,175,167,88,186,130
63,175,175,88,184,137
63,175,183,87,181,145
63,175,191,87,178,157
63,175,199,87,175,169
63,175,207,88,171,182
63,175,215,87,166,196
63,175,223,88,160,214
63,175,231,89,153,228
63,175,239,89,146,242
63,175,247,90,139,251
63,175,255,90,134,254
63,183,0,72,218,28
63,183,7,73,218,31
63,183,15,74,217,34
63,183,23,76,216,39
63,183,31,78,215,46
63,183,39,79,214,50
63,183,47,80,214,55
63,183,55,81,213,60
63,183,63,82,212,65
63,183,71,82,211,69
63,183,79,83,210,73
63,183,87,83,208,78
63,183,95,84,207,82
63,183,103,85,206,87
63,183,111,85,206,91
63,183,119,86,205,96
63,183,127,87,205,101
63,183,135,87,203,104
63,183,143,87,202,109
63,183,151,87,201,113
63,183,159,87,199,119
63,183,167,88,198,125
63,183,175,88,197,132
63,183,183,88,195,140
63,183,191,88,192,149
63,183,199,87,188,161
63,183,207,87,185,173
63,183,215,88,180,187
63,183,223,88,173,205
63,183,231,88,167,220
63,183,239,90,158,237
63,183,247,91,150,248
63,183,255,91,144,255
63,191,0,73,226,29
63,191,7,73,226,32
63,191,15,75,226,36
63,191,23,76,225,40
63,191,31,77,225,45
63,191,39,79,224,50
63,191,47,80,223,55
63,191,55,81,222,59
63,191,63,81,221,64
63,191,71,82,220,68
63,191,79,83,220,73
63,191,87,84,219,77
63,191,95,84,218,81
63,191,103,84,216,85
63,191,111,85,216,89
63,191,119,85,215,94
63,191,127,86,214,98
63,191,135,86,214,102
63,191,143,87,213,107
63,191,151,87,213,111
63,191,159,87,211,116
63,191,167,88,210,121
63,191,175,88,208,127
63,191,183,88,207,134
63,191,191,88,205,143
63,191,199,88,202,153
63,191,207,88,198,165
63,191,215,88,194,178
63,191,223,88,187,196
63,191,231,89,181,212
63,191,239,90,172,230
63,191,247,91,164,244
63,191,255,92,155,253
63,199,0,73,233,30
63,199,7,74,233,33
63,199,15,75,233,37
63,199,23,76,233,41
63,199,31,77,232,45
63,199,39,78,232,49
63,199,47,79,231,54
63,199,55,80,231,59
63,199,63,81,229,63
63,199,71,82,229,67
63,199,79,82,228,71
63,199,87,83,227,76
63,199,95,84,227,80
63,199,103,84,226,84
63,199,111,85,225,88
63,199,119,85,224,92
63,199,127,85,223,96
63,199,135,86,223,99
63,199,143,86,222,103
63,199,151,86,222,107
63,199,159,87,221,112
63,199,167,87,220,118
63,199,175,88,219,123
63,199,183,88,217,129
63,199,191,88,216,136
63,199,199,88,213,146
63,199,207,88,211,157
63,199,215,89,207,169
63,199,223,88,201,187
63,199,231,89,195,203
63,199,239,90,186,223
63,199,247,91,177,240
63,199,255,92,169,251
63,207,0,72,238,31
63,207,7,73,238,33
63,207,15,74,238,36
63,207,23,76,238,41
63,207,31,77,239,45
63,207,39,78,239,49
63,207,47,80,239,54
63,207,55,80,238,58
63,207,63,81,237,63
63,207,71,81,236,66
63,207,79,82,236,70
63,207,87,82,235,74
63,207,95,83,234,78
63,207,103,83,234,82
63,207,111,84,233,85
63,207,119,85,233,90
63,207,127,85,233,94
63,207,135,86,232,97
63,207,143,86,231,101
63,207,151,86,230,104
63,207,159,86,230,109
63,207,167,87,229,114
63,207,175,87,228,119
63,207,183,87,228,124
63,207,191,88,226,132
63,207,199,88,225,139
63,207,207,88,222,149
63,207,215,88,219,161
63,207,223,88,215,178
63,207,231,89,209,194
63,207,239,90,201,215
63,207,247,91,193,234
63,207,255,93,183,252
63,215,0,71,242,32
63,215,7,72,243,34
63,215,15,73,243,36
63,215,23,74,243,40
63,215,31,76,244,45
63,215,39,77,244,48
63,215,47,78,244,53
63,215,55,79,244,57
63,215,63,80,243,61
63,215,71,81,243,65
63,215,79,82,243,69
63,215,87,82,242,73
63,215,95,82,242,76
63,215,103,83,241,80
63,215,111,83,241,83
63,215,119,84,241,87
63,215,127,84,240,91
63,215,135,84,240,94
63,215,143,85,240,98
63,215,151,86,240,101
63,215,159,86,239,106
63,215,167,86,238,110
63,215,175,87,238,114
63,215,183,87,237,119
63,215,191,87,236,126
63,215,199,87,236,133
63,215,207,88,235,142
63,215,215,88,232,153
63,215,223,88,228,169
63,215,231,88,224,185
63,215,239,90,218,207
63,215,247,91,211,227
63,215,255,92,202,246
63,223,0,71,247,33
63,223,7,72,247,35
63,223,15,73,247,37
63,223,23,74,248,40
63,223,31,76,248,44
63,223,39,77,249,48
63,223,47,78,249,52
63,223,55,78,249,56
63,223,63,79,248,60
63,223,71,80,248,63
63,223,79,80,248,67
63,223,87,81,248,70
63,223,95,81,248,74
63,223,103,82,248,78
63,223,111,83,248,81
63,223,119,83,248,84
63,223,127,84,247,88
63,223,135,84,247,90
63,223,143,84,247,94
63,223,151,84,247,97
63,223,159,85,246,101
63,223,167,85,246,105
63,223,175,86,246,110
63,223,183,87,246,115
63,223,191,87,246,121
63,223,199,87,245,127
63,223,207,87,244,135
63,223,215,87,243,145
63,223,223,88,241,160
63,223,231,89,238,175
63,223,239,89,233,197
63,223,247,90,228,218
63,223,255,93,221,241
63,231,0,70,250,33
63,231,7,71,250,35
63,231,15,72,250,38
63,231,23,74,251,41
63,231,31,75,251,44
63,231,39,76,252,47
63,231,47,78,252,52
63,231,55,78,252,55
63,231,63,79,252,59
63,231,71,79,252,62
63,231,79,79,252,65
63,231,87,80,251,68
63,231,95,80,251,71
63,231,103,81,251,75
63,231,111,81,251,78
63,231,119,82,251,81
63,231,127,82,251,85
63,231,135,83,252,87
63,231,143,84,252,91
63,231,151,84,252,94
63,231,159,84,252,97
63,231,167,84,251,101
63,231,175,85,251,105
63,231,183,85,251,109
63,231,191,85,251,116
63,231,199,86,251,123
63,231,207,87,251,131
63,231,215,87,250,139
63,231,223,87,248,153
63,231,231,88,247,167
63,231,239,89,244,188
63,231,247,90,241,209
63,231,255,91,236,232
63,239,0,70,252,33
63,239,7,70,252,35
63,239,15,71,253,37
63,239,23,73,253,40
63,239,31,74,253,44
63,239,39,75,253,46
63,239,47,76,253,50
63,239,55,77,254,53
63,239,63,77,254,57
63,239,71,78,254,60
63,239,79,79,254,64
63,239,87,79,254,67
63,239,95,80,254,70
63,239,103,80,254,72
63,239,111,80,254,75
63,239,119,81,254,78
63,239,127,81,254,81
63,239,135,81,254,84
63,239,143,82,254,87
63,239,151,82,254,90
63,239,159,83,254,93
63,239,167,84,254,97
63,239,175,84,255,101
63,239,183,84,255,105
63,239,191,85,255,111
63,239,199,85,254,117
63,239,207,85,254,125
63,239,215,85,254,133
63,239,223,87,254,147
63,239,231,87,253,160
63,239,239,88,252,179
63,239,247,89,251,199
63,239,255,91,249,225
63,247,0,70,254,34
63,247,7,70,254,35
63,247,15,71,254,37
63,247,23,72,254,40
63,247,31,73,254,43
63,247,39,75,254,46
63,247,47,75,254,49
63,247,55,76,254,52
63,247,63,77,254,56
63,247,71,77,254,58
63,247,79,77,254,61
63,247,87,78,254,64
63,247,95,78,254,67
63,247,103,79,254,70
63,247,111,79,254,72
63,247,119,80,254,76
63,247,127,80,254,78
63,247,135,81,254,81
63,247,143,81,254,84
63,247,151,81,254,86
63,247,159,81,254,89
63,247,167,82,254,93
63,247,175,82,254,97
63,247,183,82,255,101
63,247,191,83,255,107
63,247,199,84,255,114
63,247,207,84,255,120
63,247,215,84,255,128
63,247,223,85,255,140
63,247,231,85,255,153
63,247,239,87,255,173
63,247,247,88,254,191
63,247,255,89,254,212
63,255,0,69,254,33
63,255,7,69,254,35
63,255,15,70,254,37
63,255,23,71,254,39
63,255,31,72,254,42
63,255,39,73,254,45
63,255,47,74,254,49
63,255,55,75,254,51
63,255,63,76,254,55
63,255,71,76,254,57
63,255,79,76,254,60
63,255,87,77,254,63
63,255,95,77,254,65
63,255,103,78,254,68
63,255,111,78,254,70
63,255,119,79,254,73
63,255,127,79,254,76
63,255,135,80,254,78
63,255,143,80,254,82
63,255,151,81,254,85
63,255,159,81,254,88
63,255,167,81,254,92
63,255,175,81,254,95
63,255,183,82,254,99
63,255,191,82,254,104
63,255,199,82,254,110
63,255,207,83,254,117
63,255,215,84,254,125
63,255,223,84,255,136
63,255,231,85,255,148
63,255,239,85,255,165
63,255,247,87,255,183
63,255,255,88,255,202
71,0,0,70,1,19
71,0,7,71,1,28
71,0,15,71,1,41
71,0,23,71,1,54
71,0,31,70,2,65
71,0,39,70,3,76
71,0,47,69,5,89
71,0,55,68,5,102
71,0,63,66,6,120
71,0,71,65,7,134
71,0,79,63,7,154
71,0,87,62,8,174
71,0,95,61,9,191
71,0,103,59,11,206
71,0,111,59,13,213
71,0,119,58,15,221
71,0,127,58,17,224
71,0,135,58,19,226
71,0,143,59,21,229
71,0,151,59,23,231
71,0,159,59,25,232
71,0,167,59,27,233
71,0,175,59,27,235
71,0,183,60,28,236
71,0,191,60,29,238
71,0,199,60,30,239
71,0,207,61,32,241
71,0,215,61,34,242
71,0,223,61,36,245
71,0,231,60,36,247
71,0,239,59,37,250
71,0,247,59,39,252
71,0,255,59,42,254
71,7,0,69,5,17
71,7,7,70,5,27
71,7,15,70,5,39
71,7,23,70,5,52
71,7,31,70,6,63
71,7,39,69,6,74
71,7,47,69,8,87
71,7,55,68,9,98
71,7,63,67,10,114
71,7,71,66,11,127
71,7,79,65,12,146
71,7,87,63,12,165
71,7,95,62,14,182
71,7,103,61,15,199
71,7,111,61,18,207
71,7,119,60,21,214
71,7,127,60,23,219
71,7,135,60,25,222
71,7,143,61,27,225
71,7,151,61,28,228
71,7,159,61,31,230
71,7,167,62,33,232
71,7,175,62,36,234
71,7,183,63,36,236
71,7,191,63,37,237
71,7,199,63,37,239
71,7,207,63,38,241
71,7,215,63,39,242
71,7,223,63,42,245
71,7,231,63,43,247
71,7,239,62,43,250
71,7,247,61,44,252
71,7,255,61,46,254
71,15,0,68,10,17
71,15,7,69,10,27
71,15,15,69,10,38
71,15,23,69,10,49
71,15,31,69,11,61
71,15,39,69,11,71
71,15,47,69,13,83
71,15,55,68,14,94
71,15,63,68,15,108
71,15,71,67,16,121
71,15,79,66,17,137
71,15,87,65,18,156
71,15,95,64,19,171
71,15,103,63,21,186
71,15,111,63,23,197
71,15,119,62,26,206
71,15,127,62,29,212
71,15,135,63,32,216
71,15,143,63,34,221
71,15,151,63,35,225
71,15,159,64,37,229
71,15,167,64,39,231
71,15,175,65,42,233
71,15,183,66,44,235
71,15,191,66,46,237
71,15,199,66,46,239
71,15,207,66,46,241
71,15,215,66,46,243
71,15,223,66,48,245
71,15,231,66,50,247
71,15,239,65,49,249
71,15,247,64,50,252
71,15,255,63,51,253
71,23,0,68,19,16
71,23,7,68,18,25
71,23,15,69,18,36
71,23,23,69,18,47
71,23,31,69,18,58
71,23,39,69,19,67
71,23,47,69,20,79
71,23,55,69,22,89
71,23,63,69,23,103
71,23,71,68,24,114
71,23,79,68,24,127
71,23,87,67,25,144
71,23,95,66,26,158
71,23,103,65,29,171
71,23,111,65,30,182
71,23,119,65,33,194
71,23,127,65,36,202
71,23,135,65,38,209
71,23,143,66,41,216
71,23,151,66,43,221
71,23,159,67,46,226
71,23,167,68,48,230
71,23,175,68,49,233
71,23,183,69,51,236
71,23,191,70,53,238
71,23,199,70,55,240
71,23,207,71,57,242
71,23,215,70,56,243
71,23,223,70,56,246
71,23,231,69,57,247
71,23,239,69,58,250
71,23,247,68,58,251
71,23,255,67,58,253
71,31,0,68,29,15
71,31,7,68,28,24
71,31,15,69,28,34
71,31,23,69,27,44
71,31,31,69,28,54
71,31,39,69,28,63
71,31,47,69,29,75
71,31,55,70,30,85
71,31,63,70,31,97
71,31,71,70,32,107
71,31,79,69,33,119
71,31,87,69,33,133
71,31,95,68,34,146
71,31,103,67,36,160
71,31,111,67,37,171
71,31,119,67,39,183
71,31,127,67,42,193
71,31,135,68,44,201
71,31,143,68,47,210
71,31,151,69,49,217
71,31,159,70,51,224
71,31,167,70,53,230
71,31,175,71,56,234
71,31,183,72,58,237
71,31,191,73,60,239
71,31,199,73,61,241
71,31,207,74,62,243
71,31,215,74,63,244
71,31,223,74,64,246
71,31,231,73,64,248
71,31,239,72,63,250
71,31,247,71,64,252
71,31,255,71,65,253
71,39,0,69,40,16
71,39,7,69,39,24
71,39,15,70,39,33
71,39,23,70,38,42
71,39,31,70,38,51
71,39,39,70,39,60
71,39,47,70,39,71
71,39,55,70,40,80
71,39,63,71,41,91
71,39,71,71,41,100
71,39,79,71,42,111
71,39,87,70,42,124
71,39,95,70,43,136
71,39,103,69,43,149
71,39,111,69,44,160
71,39,119,69,46,173
71,39,127,69,48,185
71,39,135,70,50,194
71,39,143,70,52,204
71,39,151,71,54,213
71,39,159,72,56,222
71,39,167,73,58,229
71,39,175,74,60,235
71,39,183,75,62,238
71,39,191,76,64,240
71,39,199,76,66,242
71,39,207,77,67,244
71,39,215,77,68,245
71,39,223,76,68,247
71,39,231,76,69,249
71,39,239,76,69,251
71,39,247,75,69,252
71,39,255,73,69,253
71,47,0,70,51,15
71,47,7,70,50,23
71,47,15,71,49,32
71,47,23,71,49,41
71,47,31,71,48,49
71,47,39,71,49,57
71,47,47,71,49,67
71,47,55,71,49,76
71,47,63,72,50,87
71,47,71,72,50,95
71,47,79,72,50,106
71,47,87,72,50,117
71,47,95,71,51,128
71,47,103,71,51,140
71,47,111,71,52,151
71,47,119,71,53,164
71,47,127,71,54,176
71,47,135,71,55,186
71,47,143,72,57,198
71,47,151,73,59,208
71,47,159,74,61,218
71,47,167,75,62,227
71,47,175,76,64,233
71,47,183,77,66,238
71,47,191,78,68,241
71,47,199,78,69,243
71,47,207,79,71,245
71,47,215,79,71,246
71,47,223,79,72,248
71,47,231,78,72,250
71,47,239,78,72,251
71,47,247,77,72,253
71,47,255,77,72,254
71,55,0,71,62,16
71,55,7,71,61,23
71,55,15,72,60,31
71,55,23,72,59,40
71,55,31,72,59,48
71,55,39,72,59,55
71,55,47,72,59,65
71,55,55,73,59,73
71,55,63,73,59,83
71,55,71,73,59,91
71,55,79,73,59,100
71,55,87,73,59,111
71,55,95,73,59,121
71,55,103,73,59,132
71,55,111,73,59,142
71,55,119,72,60,155
71,55,127,73,61,166
71,55,135,73,62,177
71,55,143,74,63,190
71,55,151,74,64,201
71,55,159,75,66,212
71,55,167,76,67,223
71,55,175,78,69,232
71,55,183,79,70,237
71,55,191,80,72,241
71,55,199,80,73,243
71,55,207,81,74,245
71,55,215,81,75,247
71,55,223,81,75,248
71,55,231,81,75,250
71,55,239,80,75,252
71,55,247,80,75,253
71,55,255,79,74,254
71,63,0,72,71,17
71,63,7,73,70,23
71,63,15,73,70,31
71,63,23,73,69,40
71,63,31,74,69,47
71,63,39,74,69,54
71,63,47,74,69,63
71,63,55,74,69,71
71,63,63,74,69,80
71,63,71,74,68,87
71,63,79,75,68,96
71,63,87,75,68,105
71,63,95,75,68,114
71,63,103,75,67,125
71,63,111,74,67,134
71,63,119,74,67,146
71,63,127,74,68,158
71,63,135,74,68,168
71,63,143,75,69,181
71,63,151,76,70,193
71,63,159,77,71,206
71,63,167,78,72,218
71,63,175,79,73,228
71,63,183,80,74,236
71,63,191,81,76,240
71,63,199,82,77,244
71,63,207,82,77,245
71,63,215,82,78,247
71,63,223,83,78,248
71,63,231,82,78,250
71,63,239,82,77,252
71,63,247,81,76,253
71,63,255,81,76,254
71,71,0,73,82,18
71,71,7,74,81,24
71,71,15,75,81,31
71,71,23,75,80,40
71,71,31,76,80,47
71,71,39,76,80,53
71,71,47,76,80,62
71,71,55,76,79,69
71,71,63,76,79,78
71,71,71,76,79,84
71,71,79,77,79,92
71,71,87,77,78,100
71,71,95,77,78,108
71,71,103,77,77,118
71,71,111,77,77,126
71,71,119,76,76,137
71,71,127,76,76,148
71,71,135,77,76,158
71,71,143,77,77,171
71,71,151,77,77,182
71,71,159,78,77,196
71,71,167,79,78,210
71,71,175,80,79,221
71,71,183,81,79,231
71,71,191,82,80,240
71,71,199,83,81,243
71,71,207,84,81,245
71,71,215,84,82,247
71,71,223,84,82,249
71,71,231,84,81,251
71,71,239,83,81,252
71,71,247,83,80,254
71,71,255,82,78,254
71,79,0,74,90,19
71,79,7,75,90,25
71,79,15,76,89,32
71,79,23,77,89,40
71,79,31,77,89,47
71,79,39,77,89,53
71,79,47,77,88,61
71,79,55,77,88,68
71,79,63,78,87,76
71,79,71,78,87,82
71,79,79,78,87,90
71,79,87,79,86,97
71,79,95,79,86,105
71,79,103,79,85,113
71,79,111,79,85,121
71,79,119,79,84,132
71,79,127,78,84,142
71,79,135,79,83,150
71,79,143,79,83,163
71,79,151,79,83,174
71,79,159,80,83,188
71,79,167,80,83,202
71,79,175,81,84,216
71,79,183,82,84,225
71,79,191,83,84,235
71,79,199,84,85,242
71,79,207,85,85,245
71,79,215,85,85,247
71,79,223,85,85,249
71,79,231,85,84,251
71,79,239,84,84,252
71,79,247,84,83,253
71,79,255,83,81,254
71,87,0,76,100,19
71,87,7,77,99,24
71,87,15,78,99,32
71,87,23,78,99,40
71,87,31,79,99,47
71,87,39,79,98,53
71,87,47,79,98,61
71,87,55,80,97,67
71,87,63,80,97,75
71,87,71,80,96,81
71,87,79,80,96,88
71,87,87,81,95,95
71,87,95,81,95,101
71,87,103,81,94,109
71,87,111,81,94,116
71,87,119,81,93,125
71,87,127,81,92,135
71,87,135,81,92,143
71,87,143,81,91,154
71,87,151,81,91,166
71,87,159,81,90,179
71,87,167,82,90,193
71,87,175,82,90,206
71,87,183,83,90,220
71,87,191,84,89,230
71,87,199,85,89,238
71,87,207,86,89,244
71,87,215,86,89,247
71,87,223,86,89,249
71,87,231,86,88,251
71,87,239,86,87,253
71,87,247,85,86,253
71,87,255,84,85,254
71,95,0,77,108,20
71,95,7,78,108,26
71,95,15,78,107,32
71,95,23,80,107,41
71,95,31,80,107,47
71,95,39,81,107,53
71,95,47,81,106,60
71,95,55,81,106,67
71,95,63,81,105,74
71,95,71,82,104,80
71,95,79,82,104,87
71,95,87,83,103,93
71,95,95,83,103,100
71,95,103,83,102,106
71,95,111,83,101,113
71,95,119,83,101,121
71,95,127,83,100,129
71,95,135,83,99,137
71,95,143,83,99,149
71,95,151,83,98,158
71,95,159,83,97,172
71,95,167,83,96,186
71,95,175,84,96,199
71,95,183,84,95,212
71,95,191,85,95,226
71,95,199,86,94,234
71,95,207,87,93,242
71,95,215,87,93,246
71,95,223,87,92,249
71,95,231,87,91,251
71,95,239,87,91,253
71,95,247,86,90,254
71,95,255,85,88,254
71,103,0,78,117,21
71,103,7,79,116,27
71,103,15,79,116,33
71,103,23,81,115,41
71,103,31,81,115,48
71,103,39,82,115,53
71,103,47,82,115,60
71,103,55,83,114,66
71,103,63,83,113,74
71,103,71,84,113,79
71,103,79,84,112,85
71,103,87,84,111,92
71,103,95,85,111,98
71,103,103,85,110,104
71,103,111,85,109,110
71,103,119,85,109,117
71,103,127,85,108,125
71,103,135,85,107,133
71,103,143,85,106,142
71,103,151,85,105,152
71,103,159,85,104,164
71,103,167,85,103,178
71,103,175,85,102,192
71,103,183,85,101,205
71,103,191,86,100,219
71,103,199,87,99,231
71,103,207,87,98,238
71,103,215,88,97,245
71,103,223,88,96,249
71,103,231,88,95,251
71,103,239,88,94,253
71,103,247,87,93,254
71,103,255,87,92,254
71,111,0,79,126,22
71,111,7,79,125,28
71,111,15,80,124,35
71,111,23,81,124,41
71,111,31,82,124,48
71,111,39,83,124,53
71,111,47,83,123,60
71,111,55,84,123,66
71,111,63,84,122,73
71,111,71,85,121,78
71,111,79,86,120,84
71,111,87,86,120,91
71,111,95,86,119,96
71,111,103,86,118,102
71,111,111,86,118,108
71,111,119,87,117,115
71,111,127,87,116,122
71,111,135,87,115,128
71,111,143,86,114,138
71,111,151,86,113,146
71,111,159,86,112,158
71,111,167,86,111,170
71,111,175,86,109,184
71,111,183,87,108,198
71,111,191,87,106,213
71,111,199,88,105,225
71,111,207,88,103,235
71,111,215,89,102,242
71,111,223,89,101,248
71,111,231,89,99,251
71,111,239,89,98,253
71,111,247,88,96,254
71,111,255,88,95,254
71,119,0,79,134,23
71,119,7,80,134,28
71,119,15,81,133,34
71,119,23,82,132,41
71,119,31,83,132,48
71,119,39,83,132,53
71,119,47,84,131,60
71,119,55,85,131,65
71,119,63,86,130,72
71,119,71,86,129,77
71,119,79,86,128,83
71,119,87,87,127,89
71,119,95,87,126,95
71,119,103,88,126,100
71,119,111,88,125,106
71,119,119,88,124,113
71,119,127,88,123,120
71,119,135,88,122,125
71,119,143,88,121,134
71,119,151,88,120,142
71,119,159,88,119,152
71,119,167,87,118,165
71,119,175,88,116,177
71,119,183,88,114,191
71,119,191,88,113,207
71,119,199,88,111,220
71,119,207,89,109,231
71,119,215,89,107,239
71,119,223,90,105,246
71,119,231,90,103,250
71,119,239,90,101,253
71,119,247,89,100,254
71,119,255,89,98,254
71,127,0,79,144,23
71,127,7,80,144,28
71,127,15,81,143,34
71,127,23,82,142,42
71,127,31,83,142,48
71,127,39,84,142,53
71,127,47,85,141,59
71,127,55,85,141,65
71,127,63,86,140,72
71,127,71,87,139,76
71,127,79,88,138,82
71,127,87,88,137,88
71,127,95,89,136,93
71,127,103,89,135,99
71,127,111,89,134,104
71,127,119,89,133,111
71,127,127,90,132,117
71,127,135,90,131,122
71,127,143,89,130,130
71,127,151,89,129,137
71,127,159,89,128,146
71,127,167,89,126,157
71,127,175,89,125,170
71,127,183,89,123,183
71,127,191,89,120,199
71,127,199,89,118,214
71,127,207,90,115,226
71,127,215,90,113,236
71,127,223,90,111,245
71,127,231,90,109,249
71,127,239,90,106,253
71,127,247,90,104,254
71,127,255,90,102,254
71,135,0,78,154,23
71,135,7,79,153,27
71,135,15,80,152,33
71,135,23,82,151,42
71,135,31,83,151,48
71,135,39,84,151,53
71,135,47,86,150,59
71,135,55,86,149,65
71,135,63,87,149,71
71,135,71,87,148,76
71,135,79,88,147,81
71,135,87,89,146,87
71,135,95,89,145,92
71,135,103,90,143,98
71,135,111,90,143,102
71,135,119,90,141,108
71,135,127,90,140,114
71,135,135,90,140,119
71,135,143,91,138,127
71,135,151,91,137,133
71,135,159,90,136,142
71,135,167,90,135,152
71,135,175,90,133,163
71,135,183,90,131,177
71,135,191,90,128,192
71,135,199,90,125,207
71,135,207,90,122,222
71,135,215,90,119,231
71,135,223,91,116,243
71,135,231,91,114,248
71,135,239,91,111,252
71,135,247,91,108,254
71,135,255,92,106,255
71,143,0,78,164,24
71,143,7,79,162,29
71,143,15,80,162,34
71,143,23,82,161,41
71,143,31,83,160,48
71,143,39,84,160,52
71,143,47,85,160,59
71,143,55,86,159,64
71,143,63,88,158,70
71,143,71,88,157,75
71,143,79,89,156,80
71,143,87,89,155,86
71,143,95,90,154,91
71,143,103,90,153,96
71,143,111,91,152,101
71,143,119,91,151,107
71,143,127,91,150,112
71,143,135,91,149,117
71,143,143,91,147,124
71,143,151,91,146,130
71,143,159,91,145,138
71,143,167,92,143,148
71,143,175,91,142,158
71,143,183,91,139,170
71,143,191,91,136,185
71,143,199,91,133,200
71,143,207,91,130,214
71,143,215,91,127,227
71,143,223,91,123,238
71,143,231,91,120,245
71,143,239,91,116,251
71,143,247,92,113,254
71,143,255,92,110,255
71,151,0,78,174,24
71,151,7,79,173,29
71,151,15,80,171,36
71,151,23,82,171,41
71,151,31,83,170,48
71,151,39,84,170,52
71,151,47,86,169,58
71,151,55,86,169,63
71,151,63,87,168,69
71,151,71,88,167,74
71,151,79,89,166,79
71,151,87,90,165,85
71,151,95,90,164,90
71,151,103,91,162,95
71,151,111,91,161,99
71,151,119,91,160,105
71,151,127,92,159,110
71,151,135,92,158,115
71,151,143,92,157,121
71,151,151,92,156,127
71,151,159,92,154,135
71,151,167,92,153,142
71,151,175,92,151,153
71,151,183,92,149,164
71,151,191,91,146,178
71,151,199,91,142,193
71,151,207,91,139,207
71,151,215,92,135,221
71,151,223,91,130,234
71,151,231,92,127,242
71,151,239,92,122,250
71,151,247,92,119,254
71,151,255,92,115,255
71,159,0,77,184,25
71,159,7,78,183,29
71,159,15,80,182,35
71,159,23,82,181,42
71,159,31,83,181,47
71,159,39,85,180,52
71,159,47,86,179,58
71,159,55,87,179,63
71,159,63,88,178,69
71,159,71,88,177,73
71,159,79,89,176,78
71,159,87,89,175,84
71,159,95,90,174,88
71,159,103,91,172,94
71,159,111,91,172,98
71,159,119,92,170,103
71,159,127,92,169,108
71,159,135,92,168,113
71,159,143,92,167,118
71,159,151,92,166,124
71,159,159,93,165,131
71,159,167,93,163,139
71,159,175,92,161,148
71,159,183,92,158,158
71,159,191,92,156,171
71,159,199,92,152,186
71,159,207,92,148,200
71,159,215,92,144,213
71,159,223,92,139,229
71,159,231,92,134,239
71,159,239,92,129,248
71,159,247,93,125,253
71,159,255,93,121,255
71,167,0,77,194,25
71,167,7,78,193,29
71,167,15,79,193,34
71,167,23,81,191,42
71,167,31,83,191,47
71,167,39,84,190,52
71,167,47,85,189,58
71,167,55,87,189,63
71,167,63,88,188,69
71,167,71,89,187,73
71,167,79,89,186,78
71,167,87,90,185,83
71,167,95,90,184,87
71,167,103,91,183,92
71,167,111,91,182,96
71,167,119,92,181,102
71,167,127,92,180,107
71,167,135,92,179,111
71,167,143,92,178,116
71,167,151,93,176,121
71,167,159,93,175,128
71,167,167,93,173,135
71,167,175,93,171,144
71,167,183,93,169,153
71,167,191,92,166,165
71,167,199,92,163,178
71,167,207,92,159,192
71,167,215,93,154,207
71,167,223,92,148,222
71,167,231,93,143,235
71,167,239,93,136,246
71,167,247,93,131,252
71,167,255,93,126,255
71,175,0,77,203,27
71,175,7,78,203,30
71,175,15,79,202,34
71,175,23,81,202,41
71,175,31,83,201,48
71,175,39,84,200,52
71,175,47,85,200,57
71,175,55,86,199,62
71,175,63,87,198,68
71,175,71,88,197,72
71,175,79,89,196,77
71,175,87,90,196,82
71,175,95,90,194,87
71,175,103,91,193,91
71,175,111,91,192,95
71,175,119,91,191,100
71,175,127,92,190,105
71,175,135,92,189,109
71,175,143,93,189,114
71,175,151,93,188,119
71,175,159,93,186,125
71,175,167,93,184,132
71,175,175,93,182,139
71,175,183,93,180,148
71,175,191,93,178,159
71,175,199,93,174,171
71,175,207,92,170,184
71,175,215,92,165,199
71,175,223,93,158,216
71,175,231,93,152,229
71,175,239,93,145,243
71,175,247,94,139,252
71,175,255,94,134,254
71,183,0,77,214,29
71,183,7,78,214,32
71,183,15,79,214,36
71,183,23,81,213,41
71,183,31,83,213,48
71,183,39,84,212,52
71,183,47,85,211,57
71,183,55,86,210,62
71,183,63,87,209,67
71,183,71,88,208,71
71,183,79,88,208,76
71,183,87,89,207,81
71,183,95,90,206,85
71,183,103,91,205,90
71,183,111,91,205,94
71,183,119,91,203,99
71,183,127,92,202,103
71,183,135,92,201,107
71,183,143,92,200,112
71,183,151,92,199,116
71,183,159,93,198,122
71,183,167,94,197,128
71,183,175,93,196,135
71,183,183,93,193,142
71,183,191,93,190,152
71,183,199,93,187,163
71,183,207,93,184,176
71,183,215,93,179,190
71,183,223,93,172,207
71,183,231,93,165,222
71,183,239,94,156,239
71,183,247,94,150,249
71,183,255,95,143,255
71,191,0,77,223,30
71,191,7,78,223,33
71,191,15,79,223,37
71,191,23,80,222,42
71,191,31,82,222,47
71,191,39,84,222,52
71,191,47,85,221,57
71,191,55,86,221,62
71,191,63,87,220,67
71,191,71,88,219,71
71,191,79,88,218,75
71,191,87,89,217,80
71,191,95,89,216,84
71,191,103,90,215,88
71,191,111,90,214,92
71,191,119,91,214,97
71,191,127,92,213,101
71,191,135,92,213,105
71,191,143,92,212,109
71,191,151,92,211,113
71,191,159,93,209,118
71,191,167,93,208,124
71,191,175,93,207,130
71,191,183,93,206,137
71,191,191,94,204,146
71,191,199,93,200,156
71,191,207,93,197,168
71,191,215,93,193,181
71,191,223,94,186,199
71,191,231,94,180,214
71,191,239,94,170,232
71,191,247,95,162,245
71,191,255,95,154,253
71,199,0,77,230,31
71,199,7,77,230,33
71,199,15,79,230,37
71,199,23,80,230,43
71,199,31,82,230,47
71,199,39,83,230,51
71,199,47,84,230,56
71,199,55,85,229,61
71,199,63,86,228,66
71,199,71,87,228,70
71,199,79,88,227,74
71,199,87,89,227,79
71,199,95,89,226,83
71,199,103,89,225,87
71,199,111,90,224,90
71,199,119,90,223,95
71,199,127,91,222,99
71,199,135,91,222,102
71,199,143,92,221,107
71,199,151,92,221,111
71,199,159,93,220,116
71,199,167,93,219,121
71,199,175,93,217,126
71,199,183,93,216,131
71,199,191,93,215,140
71,199,199,93,212,149
71,199,207,94,210,160
71,199,215,93,206,172
71,199,223,93,200,189
71,199,231,94,194,206
71,199,239,95,185,225
71,199,247,95,176,242
71,199,255,96,167,252
71,207,0,76,237,32
71,207,7,77,237,34
71,207,15,79,237,37
71,207,23,80,237,43
71,207,31,82,237,47
71,207,39,83,237,51
71,207,47,84,237,56
71,207,55,85,237,60
71,207,63,86,236,65
71,207,71,86,235,68
71,207,79,87,235,73
71,207,87,88,234,77
71,207,95,88,234,81
71,207,103,89,233,85
71,207,111,90,233,89
71,207,119,90,232,93
71,207,127,90,231,96
71,207,135,91,231,100
71,207,143,91,230,104
71,207,151,91,230,107
71,207,159,92,229,112
71,207,167,92,228,117
71,207,175,93,228,123
71,207,183,93,227,128
71,207,191,93,225,134
71,207,199,93,224,142
71,207,207,93,221,152
71,207,215,94,219,164
71,207,223,94,214,181
71,207,231,94,208,197
71,207,239,94,200,218
71,207,247,96,191,237
71,207,255,97,181,253
71,215,0,75,242,33
71,215,7,76,242,35
71,215,15,77,242,37
71,215,23,79,243,42
71,215,31,81,243,47
71,215,39,82,244,50
71,215,47,83,244,55
71,215,55,85,244,60
71,215,63,85,243,64
71,215,71,86,243,67
71,215,79,86,242,71
71,215,87,87,242,75
71,215,95,87,242,79
71,215,103,88,241,83
71,215,111,88,241,86
71,215,119,89,241,90
71,215,127,90,240,94
71,215,135,90,240,97
71,215,143,91,240,101
71,215,151,91,239,104
71,215,159,91,238,108
71,215,167,91,238,113
71,215,175,92,237,118
71,215,183,92,237,123
71,215,191,92,236,129
71,215,199,93,235,137
71,215,207,93,234,145
71,215,215,93,231,156
71,215,223,93,228,172
71,215,231,94,224,188
71,215,239,95,217,210
71,215,247,96,210,230
71,215,255,97,201,247
71,223,0,75,246,34
71,223,7,76,246,36
71,223,15,77,247,38
71,223,23,78,247,42
71,223,31,80,248,46
71,223,39,81,248,50
71,223,47,82,249,54
71,223,55,83,248,58
71,223,63,84,248,62
71,223,71,85,248,65
71,223,79,85,248,69
71,223,87,86,248,73
71,223,95,87,248,77
71,223,103,87,248,80
71,223,111,87,248,83
71,223,119,88,248,87
71,223,127,88,247,90
71,223,135,89,247,93
71,223,143,89,247,97
71,223,151,90,247,100
71,223,159,90,247,104
71,223,167,91,247,109
71,223,175,91,246,113
71,223,183,91,246,118
71,223,191,91,245,124
71,223,199,92,245,131
71,223,207,92,244,139
71,223,215,93,243,149
71,223,223,93,240,163
71,223,231,93,237,178
71,223,239,94,233,200
71,223,247,96,228,221
71,223,255,97,220,243
71,231,0,74,250,34
71,231,7,75,250,36
71,231,15,77,250,39
71,231,23,78,251,43
71,231,31,79,251,46
71,231,39,80,252,49
71,231,47,82,252,53
71,231,55,82,252,57
71,231,63,83,252,61
71,231,71,84,252,64
71,231,79,84,252,67
71,231,87,85,252,71
71,231,95,85,252,74
71,231,103,86,252,78
71,231,111,86,252,81
71,231,119,87,252,84
71,231,127,88,252,88
71,231,135,88,252,90
71,231,143,88,252,94
71,231,151,88,252,96
71,231,159,89,252,100
71,231,167,89,251,104
71,231,175,90,251,108
71,231,183,90,252,113
71,231,191,91,252,119
71,231,199,91,251,126
71,231,207,91,251,134
71,231,215,92,250,142
71,231,223,92,248,156
71,231,231,93,247,171
71,231,239,94,244,191
71,231,247,95,241,212
71,231,255,96,236,235
71,239,0,73,253,34
71,239,7,74,253,36
71,239,15,75,253,38
71,239,23,76,253,41
71,239,31,78,253,45
71,239,39,79,254,48
71,239,47,80,254,52
71,239,55,82,254,56
71,239,63,82,254,60
71,239,71,83,254,63
71,239,79,83,254,66
71,239,87,84,254,69
71,239,95,84,254,72
71,239,103,84,254,75
71,239,111,85,254,78
71,239,119,85,254,81
71,239,127,86,254,84
71,239,135,86,254,86
71,239,143,87,254,90
71,239,151,87,254,93
71,239,159,88,254,97
71,239,167,88,254,100
71,239,175,88,255,104
71,239,183,89,255,108
71,239,191,89,255,114
71,239,199,89,254,121
71,239,207,90,254,128
71,239,215,91,254,137
71,239,223,91,254,149
71,239,231,91,253,163
71,239,239,92,252,182
71,239,247,94,250,202
71,239,255,95,248,227
71,247,0,73,254,35
71,247,7,73,254,36
71,247,15,74,254,38
71,247,23,75,254,41
71,247,31,77,254,44
71,247,39,78,254,48
71,247,47,79,254,51
71,247,55,80,254,54
71,247,63,81,254,58
71,247,71,81,254,61
71,247,79,82,254,64
71,247,87,82,254,67
71,247,95,83,254,70
71,247,103,84,255,73
71,247,111,84,254,75
71,247,119,84,254,78
71,247,127,85,254,81
71,247,135,85,254,83
71,247,143,85,254,86
71,247,151,86,254,89
71,247,159,86,254,92
71,247,167,86,255,96
71,247,175,87,255,100
71,247,183,87,255,105
71,247,191,88,255,110
71,247,199,88,255,117
71,247,207,89,255,123
71,247,215,89,255,131
71,247,223,89,255,144
71,247,231,90,255,157
71,247,239,91,255,176
71,247,247,92,254,193
71,247,255,93,254,214
71,255,0,72,255,34
71,255,7,72,255,36
71,255,15,73,255,38
71,255,23,74,255,40
71,255,31,75,255,43
71,255,39,76,255,46
71,255,47,78,254,50
71,255,55,78,254,53
71,255,63,79,254,56
71,255,71,80,254,59
71,255,79,80,254,62
71,255,87,81,254,65
71,255,95,82,254,68
71,255,103,82,254,70
71,255,111,83,254,73
71,255,119,83,254,76
71,255,127,84,254,79
71,255,135,84,255,81
71,255,143,85,255,84
71,255,151,85,254,87
71,255,159,85,254,91
71,255,167,85,254,95
71,255,175,86,254,98
71,255,183,86,254,102
71,255,191,86,254,108
71,255,199,87,254,113
71,255,207,88,255,120
71,255,215,88,255,128
71,255,223,88,255,139
71,255,231,89,255,151
71,255,239,89,255,168
71,255,247,91,255,187
71,255,255,92,255,204
79,0,0,76,1,19
79,0,7,77,1,30
79,0,15,77,1,42
79,0,23,77,2,54
79,0,31,77,2,66
79,0,39,76,3,75
79,0,47,75,4,89
79,0,55,74,5,102
79,0,63,73,7,118
79,0,71,72,7,132
79,0,79,70,8,151
79,0,87,69,8,173
79,0,95,67,9,190
79,0,103,65,11,204
79,0,111,65,13,213
79,0,119,64,15,220
79,0,127,64,18,225
79,0,135,64,19,227
79,0,143,64,21,229
79,0,151,64,23,231
79,0,159,64,26,233
79,0,167,64,27,234
79,0,175,63,28,235
79,0,183,63,29,237
79,0,191,64,30,238
79,0,199,63,31,239
79,0,207,63,32,241
79,0,215,63,34,243
79,0,223,63,36,245
79,0,231,62,36,247
79,0,239,62,38,250
79,0,247,61,40,252
79,0,255,61,43,254
79,7,0,75,4,18
79,7,7,76,4,29
79,7,15,76,4,40
79,7,23,76,4,53
79,7,31,76,5,64
79,7,39,75,6,74
79,7,47,75,8,87
79,7,55,74,9,98
79,7,63,74,10,113
79,7,71,73,11,126
79,7,79,71,12,144
79,7,87,70,12,165
79,7,95,69,14,182
79,7,103,67,16,196
79,7,111,67,18,206
79,7,119,66,20,214
79,7,127,65,23,219
79,7,135,65,25,223
79,7,143,65,27,227
79,7,151,66,29,229
79,7,159,66,32,231
79,7,167,66,35,233
79,7,175,66,35,235
79,7,183,66,36,236
79,7,191,66,37,238
79,7,199,66,37,240
79,7,207,66,38,241
79,7,215,66,40,243
79,7,223,66,42,245
79,7,231,65,42,247
79,7,239,64,43,250
79,7,247,63,44,252
79,7,255,63,46,254
79,15,0,74,9,18
79,15,7,75,9,27
79,15,15,75,9,39
79,15,23,75,10,51
79,15,31,75,10,62
79,15,39,75,11,71
79,15,47,75,12,84
79,15,55,74,13,95
79,15,63,74,15,109
79,15,71,73,16,121
79,15,79,72,16,137
79,15,87,71,17,156
79,15,95,70,18,172
79,15,103,69,21,186
79,15,111,69,23,197
79,15,119,68,26,206
79,15,127,68,29,213
79,15,135,67,31,218
79,15,143,68,33,223
79,15,151,68,35,226
79,15,159,68,38,230
79,15,167,68,40,232
79,15,175,69,43,234
79,15,183,69,45,236
79,15,191,69,45,238
79,15,199,69,45,240
79,15,207,69,46,242
79,15,215,68,46,243
79,15,223,68,48,245
79,15,231,68,50,247
79,15,239,67,49,250
79,15,247,66,49,252
79,15,255,65,51,254
79,23,0,74,18,17
79,23,7,74,17,26
79,23,15,75,17,37
79,23,23,75,18,48
79,23,31,75,18,59
79,23,39,75,19,68
79,23,47,75,20,80
79,23,55,75,21,90
79,23,63,75,22,104
79,23,71,74,23,114
79,23,79,73,24,128
79,23,87,73,25,144
79,23,95,72,26,159
79,23,103,71,28,173
79,23,111,71,30,184
79,23,119,70,33,195
79,23,127,70,36,204
79,23,135,70,38,210
79,23,143,70,41,216
79,23,151,71,44,221
79,23,159,71,45,227
79,23,167,71,47,231
79,23,175,72,49,234
79,23,183,72,51,236
79,23,191,73,54,238
79,23,199,73,56,240
79,23,207,73,56,242
79,23,215,73,56,244
79,23,223,72,56,246
79,23,231,72,57,248
79,23,239,71,58,250
79,23,247,70,57,252
79,23,255,69,57,253
79,31,0,74,28,17
79,31,7,74,27,25
79,31,15,75,27,35
79,31,23,75,27,46
79,31,31,75,27,56
79,31,39,75,27,64
79,31,47,75,28,76
79,31,55,76,29,86
79,31,63,76,31,98
79,31,71,75,31,108
79,31,79,75,32,120
79,31,87,74,33,134
79,31,95,74,34,148
79,31,103,73,35,161
79,31,111,73,37,172
79,31,119,72,39,184
79,31,127,72,42,194
79,31,135,72,44,202
79,31,143,73,46,211
79,31,151,73,49,218
79,31,159,74,51,225
79,31,167,74,54,231
79,31,175,75,56,235
79,31,183,75,58,237
79,31,191,76,59,240
79,31,199,76,61,241
79,31,207,76,62,243
79,31,215,76,64,245
79,31,223,76,64,247
79,31,231,75,63,248
79,31,239,74,63,250
79,31,247,73,64,252
79,31,255,73,65,253
79,39,0,75,39,16
79,39,7,75,38,25
79,39,15,75,38,34
79,39,23,75,37,43
79,39,31,75,37,53
79,39,39,76,38,61
79,39,47,76,38,72
79,39,55,76,39,81
79,39,63,76,40,92
79,39,71,76,40,101
79,39,79,76,41,112
79,39,87,76,41,125
79,39,95,75,42,137
79,39,103,75,43,150
79,39,111,74,44,161
79,39,119,74,46,175
79,39,127,74,48,186
79,39,135,74,49,195
79,39,143,75,52,205
79,39,151,75,54,214
79,39,159,76,56,223
79,39,167,77,58,229
79,39,175,77,60,235
79,39,183,78,62,239
79,39,191,79,64,241
79,39,199,79,66,243
79,39,207,79,67,244
79,39,215,79,68,246
79,39,223,79,69,247
79,39,231,78,69,249
79,39,239,78,69,251
79,39,247,77,69,252
79,39,255,75,69,253
79,47,0,75,49,17
79,47,7,76,49,24
79,47,15,76,48,33
79,47,23,76,47,42
79,47,31,76,47,51
79,47,39,76,48,58
79,47,47,77,48,68
79,47,55,77,49,77
79,47,63,77,49,88
79,47,71,77,49,96
79,47,79,77,49,107
79,47,87,77,50,118
79,47,95,77,50,129
79,47,103,76,50,141
79,47,111,76,51,152
79,47,119,76,52,165
79,47,127,76,54,177
79,47,135,76,55,187
79,47,143,77,57,199
79,47,151,77,58,209
79,47,159,78,60,219
79,47,167,79,62,228
79,47,175,79,64,234
79,47,183,80,66,238
79,47,191,81,68,242
79,47,199,81,69,243
79,47,207,81,71,245
79,47,215,81,71,246
79,47,223,81,72,248
79,47,231,81,72,250
79,47,239,80,72,251
79,47,247,80,72,253
79,47,255,78,72,254
79,55,0,77,60,18
79,55,7,77,59,24
79,55,15,77,58,33
79,55,23,77,58,41
79,55,31,77,58,49
79,55,39,77,58,56
79,55,47,78,58,66
79,55,55,78,58,74
79,55,63,78,58,84
79,55,71,78,58,91
79,55,79,78,58,101
79,55,87,78,58,112
79,55,95,78,58,122
79,55,103,78,58,133
79,55,111,78,59,143
79,55,119,77,59,156
79,55,127,78,60,167
79,55,135,78,61,178
79,55,143,78,63,191
79,55,151,79,64,202
79,55,159,79,65,214
79,55,167,80,67,224
79,55,175,81,69,234
79,55,183,82,70,238
79,55,191,83,72,242
79,55,199,83,73,244
79,55,207,83,74,245
79,55,215,83,75,247
79,55,223,83,75,248
79,55,231,83,75,250
79,55,239,82,75,252
79,55,247,82,75,253
79,55,255,81,75,254
79,63,0,78,69,18
79,63,7,78,68,25
79,63,15,78,68,32
79,63,23,79,68,41
79,63,31,79,67,49
79,63,39,79,67,55
79,63,47,79,67,64
79,63,55,79,67,72
79,63,63,79,67,81
79,63,71,79,67,88
79,63,79,80,67,97
79,63,87,80,67,106
79,63,95,80,67,116
79,63,103,79,66,125
79,63,111,79,66,135
79,63,119,79,66,146
79,63,127,79,67,159
79,63,135,79,67,169
79,63,143,80,68,182
79,63,151,80,69,194
79,63,159,81,70,207
79,63,167,82,72,219
79,63,175,82,73,229
79,63,183,83,74,237
79,63,191,84,75,241
79,63,199,85,77,244
79,63,207,85,78,246
79,63,215,85,78,247
79,63,223,85,78,249
79,63,231,84,78,250
79,63,239,84,78,252
79,63,247,83,77,253
79,63,255,83,76,254
79,71,0,78,80,19
79,71,7,79,79,25
79,71,15,80,79,33
79,71,23,80,78,41
79,71,31,80,78,48
79,71,39,80,78,54
79,71,47,81,78,63
79,71,55,81,78,70
79,71,63,81,78,79
79,71,71,81,78,85
79,71,79,81,77,93
79,71,87,82,77,101
79,71,95,82,76,109
79,71,103,81,76,118
79,71,111,81,76,127
79,71,119,81,75,138
79,71,127,81,75,148
79,71,135,81,76,159
79,71,143,81,76,171
79,71,151,82,76,182
79,71,159,82,77,197
79,71,167,83,78,211
79,71,175,84,78,223
79,71,183,85,79,232
79,71,191,85,80,240
79,71,199,86,81,243
79,71,207,86,81,246
79,71,215,87,82,247
79,71,223,86,82,249
79,71,231,86,81,251
79,71,239,86,81,252
79,71,247,85,80,254
79,71,255,84,79,254
79,79,0,79,88,19
79,79,7,80,88,25
79,79,15,81,87,33
79,79,23,81,87,41
79,79,31,82,87,48
79,79,39,82,87,54
79,79,47,82,86,62
79,79,55,82,86,69
79,79,63,82,86,77
79,79,71,83,86,83
79,79,79,83,85,90
79,79,87,83,85,98
79,79,95,83,84,106
79,79,103,83,84,114
79,79,111,83,83,122
79,79,119,83,83,132
79,79,127,83,83,142
79,79,135,83,83,151
79,79,143,83,82,164
79,79,151,83,83,175
79,79,159,84,83,188
79,79,167,84,83,202
79,79,175,85,83,216
79,79,183,85,84,227
79,79,191,86,84,236
79,79,199,87,85,243
79,79,207,87,85,245
79,79,215,88,85,247
79,79,223,88,85,249
79,79,231,87,85,251
79,79,239,87,84,253
79,79,247,86,83,254
79,79,255,85,81,254
79,87,0,81,97,20
79,87,7,81,97,25
79,87,15,82,97,33
79,87,23,83,97,41
79,87,31,83,96,48
79,87,39,84,96,54
79,87,47,84,96,61
79,87,55,84,96,68
79,87,63,84,95,76
79,87,71,85,95,82
79,87,79,85,94,89
79,87,87,85,94,96
79,87,95,85,93,102
79,87,103,85,93,110
79,87,111,85,92,117
79,87,119,85,92,126
79,87,127,85,91,135
79,87,135,85,91,144
79,87,143,85,91,155
79,87,151,85,90,166
79,87,159,85,90,180
79,87,167,86,90,193
79,87,175,86,89,207
79,87,183,87,89,220
79,87,191,87,89,231
79,87,199,88,89,239
79,87,207,89,89,245
79,87,215,89,89,247
79,87,223,89,89,249
79,87,231,88,88,251
79,87,239,88,88,253
79,87,247,87,87,253
79,87,255,86,85,254
79,95,0,82,105,21
79,95,7,82,105,27
79,95,15,83,105,34
79,95,23,84,105,42
79,95,31,85,105,48
79,95,39,85,105,54
79,95,47,85,104,61
79,95,55,85,104,68
79,95,63,86,103,75
79,95,71,86,103,81
79,95,79,87,102,87
79,95,87,87,102,94
79,95,95,87,101,100
79,95,103,87,100,107
79,95,111,87,100,113
79,95,119,87,99,122
79,95,127,87,99,130
79,95,135,87,98,137
79,95,143,87,98,149
79,95,151,87,97,159
79,95,159,87,96,172
79,95,167,87,96,186
79,95,175,87,95,200
79,95,183,88,95,212
79,95,191,88,94,226
79,95,199,89,94,235
79,95,207,90,93,242
79,95,215,90,93,247
79,95,223,90,92,250
79,95,231,90,92,251
79,95,239,89,91,253
79,95,247,89,90,254
79,95,255,87,89,254
79,103,0,82,114,22
79,103,7,83,114,28
79,103,15,84,113,34
79,103,23,85,113,42
79,103,31,86,113,49
79,103,39,86,113,54
79,103,47,87,112,61
79,103,55,87,112,67
79,103,63,87,111,75
79,103,71,88,111,80
79,103,79,88,110,86
79,103,87,89,109,93
79,103,95,89,109,98
79,103,103,89,108,105
79,103,111,89,108,111
79,103,119,89,107,118
79,103,127,89,106,126
79,103,135,89,106,133
79,103,143,89,105,142
79,103,151,89,104,153
79,103,159,89,103,165
79,103,167,89,102,178
79,103,175,89,102,192
79,103,183,89,101,206
79,103,191,89,100,219
79,103,199,90,99,231
79,103,207,90,98,239
79,103,215,91,97,245
79,103,223,91,96,249
79,103,231,91,95,251
79,103,239,90,94,253
79,103,247,90,93,254
79,103,255,89,92,254
79,111,0,83,123,23
79,111,7,84,122,28
79,111,15,85,122,36
79,111,23,86,122,42
79,111,31,87,122,49
79,111,39,87,122,54
79,111,47,88,121,61
79,111,55,88,121,67
79,111,63,89,120,74
79,111,71,89,119,79
79,111,79,90,119,85
79,111,87,90,118,91
79,111,95,90,117,97
79,111,103,91,116,103
79,111,111,91,116,109
79,111,119,91,115,116
79,111,127,91,114,122
79,111,135,91,114,129
79,111,143,91,113,138
79,111,151,91,112,146
79,111,159,90,111,158
79,111,167,90,110,171
79,111,175,90,109,184
79,111,183,90,107,198
79,111,191,90,106,213
79,111,199,91,105,225
79,111,207,91,103,236
79,111,215,92,102,242
79,111,223,92,101,248
79,111,231,91,99,251
79,111,239,91,98,253
79,111,247,91,97,254
79,111,255,90,96,254
79,119,0,84,131,24
79,119,7,84,131,29
79,119,15,85,130,35
79,119,23,86,130,43
79,119,31,87,129,49
79,119,39,88,129,54
79,119,47,89,129,61
79,119,55,89,128,66
79,119,63,90,128,73
79,119,71,90,127,78
79,119,79,91,126,84
79,119,87,91,125,90
79,119,95,92,125,96
79,119,103,92,124,101
79,119,111,92,123,107
79,119,119,92,122,114
79,119,127,92,121,120
79,119,135,92,121,126
79,119,143,92,120,134
79,119,151,92,119,142
79,119,159,92,118,152
79,119,167,92,117,165
79,119,175,92,115,178
79,119,183,91,114,191
79,119,191,92,112,207
79,119,199,92,110,220
79,119,207,92,108,231
79,119,215,92,107,240
79,119,223,92,105,247
79,119,231,92,104,251
79,119,239,92,102,253
79,119,247,92,100,254
79,119,255,91,98,254
79,127,0,83,141,24
79,127,7,84,140,29
79,127,15,85,140,35
79,127,23,86,139,43
79,127,31,87,139,49
79,127,39,88,139,54
79,127,47,89,138,60
79,127,55,90,138,66
79,127,63,91,137,73
79,127,71,91,136,78
79,127,79,92,136,83
79,127,87,92,135,89
79,127,95,93,134,94
79,127,103,93,133,100
79,127,111,93,132,105
79,127,119,94,131,111
79,127,127,94,130,117
79,127,135,94,130,123
79,127,143,93,129,130
79,127,151,94,128,137
79,127,159,93,127,147
79,127,167,93,126,157
79,127,175,93,124,170
79,127,183,93,122,184
79,127,191,93,120,199
79,127,199,93,118,214
79,127,207,93,115,227
79,127,215,93,113,236
79,127,223,93,111,246
79,127,231,93,109,250
79,127,239,93,106,253
79,127,247,93,105,254
79,127,255,92,103,254
79,135,0,83,150,24
79,135,7,84,149,29
79,135,15,85,149,35
79,135,23,86,148,43
79,135,31,88,148,49
79,135,39,89,148,54
79,135,47,90,147,60
79,135,55,90,147,66
79,135,63,91,146,72
79,135,71,92,145,77
79,135,79,93,144,83
79,135,87,93,143,88
79,135,95,94,142,93
79,135,103,94,141,98
79,135,111,94,140,103
79,135,119,94,139,110
79,135,127,95,138,115
79,135,135,95,138,121
79,135,143,95,137,128
79,135,151,95,136,134
79,135,159,94,135,143
79,135,167,94,133,153
79,135,175,94,132,164
79,135,183,94,130,177
79,135,191,94,128,193
79,135,199,94,125,208
79,135,207,94,122,222
79,135,215,94,119,232
79,135,223,94,116,243
79,135,231,94,114,248
79,135,239,94,111,253
79,135,247,94,109,254
79,135,255,94,106,255
79,143,0,82,160,25
79,143,7,83,159,30
79,143,15,85,158,36
79,143,23,86,158,42
79,143,31,88,157,49
79,143,39,89,157,54
79,143,47,90,157,60
79,143,55,91,156,65
79,143,63,92,155,72
79,143,71,92,154,76
79,143,79,93,153,82
79,143,87,94,152,87
79,143,95,94,151,92
79,143,103,95,150,97
79,143,111,95,149,102
79,143,119,95,148,108
79,143,127,95,147,113
79,143,135,95,147,118
79,143,143,95,145,125
79,143,151,96,144,131
79,143,159,96,143,139
79,143,167,95,142,148
79,143,175,95,140,159
79,143,183,95,138,170
79,143,191,95,136,186
79,143,199,94,133,201
79,143,207,94,129,215
79,143,215,94,126,229
79,143,223,94,123,239
79,143,231,95,120,246
79,143,239,94,116,251
79,143,247,94,113,254
79,143,255,95,110,255
79,151,0,82,170,25
79,151,7,83,169,30
79,151,15,84,168,37
79,151,23,86,167,42
79,151,31,87,167,49
79,151,39,89,167,54
79,151,47,90,166,60
79,151,55,91,166,65
79,151,63,92,165,71
79,151,71,93,164,76
79,151,79,94,163,81
79,151,87,94,162,86
79,151,95,94,161,91
79,151,103,95,160,96
79,151,111,95,159,101
79,151,119,96,158,107
79,151,127,96,157,112
79,151,135,96,156,116
79,151,143,96,155,122
79,151,151,96,154,128
79,151,159,96,152,136
79,151,167,96,151,144
79,151,175,96,149,154
79,151,183,96,147,165
79,151,191,95,145,179
79,151,199,95,141,194
79,151,207,95,138,208
79,151,215,95,134,221
79,151,223,95,130,235
79,151,231,95,126,243
79,151,239,95,122,250
79,151,247,95,119,254
79,151,255,95,115,255
79,159,0,81,180,26
79,159,7,82,179,30
79,159,15,84,178,36
79,159,23,86,177,43
79,159,31,87,177,49
79,159,39,89,177,54
79,159,47,90,176,59
79,159,55,91,176,64
79,159,63,92,175,70
79,159,71,93,174,75
79,159,79,93,173,80
79,159,87,94,172,86
79,159,95,95,171,90
79,159,103,95,170,95
79,159,111,95,169,99
79,159,119,96,168,105
79,159,127,96,167,110
79,159,135,96,166,114
79,159,143,97,165,120
79,159,151,97,164,126
79,159,159,97,163,132
79,159,167,96,161,140
79,159,175,97,159,149
79,159,183,96,157,160
79,159,191,97,155,173
79,159,199,96,151,187
79,159,207,96,148,201
79,159,215,96,144,214
79,159,223,96,138,230
79,159,231,95,134,240
79,159,239,96,129,249
79,159,247,95,124,253
79,159,255,96,120,255
79,167,0,81,190,26
79,167,7,82,189,29
79,167,15,83,189,35
79,167,23,86,188,43
79,167,31,87,187,49
79,167,39,88,187,53
79,167,47,90,187,59
79,167,55,91,186,64
79,167,63,92,185,70
79,167,71,93,185,74
79,167,79,93,184,79
79,167,87,94,183,85
79,167,95,95,181,89
79,167,103,95,180,94
79,167,111,96,180,98
79,167,119,96,179,104
79,167,127,96,178,108
79,167,135,96,177,112
79,167,143,97,176,118
79,167,151,97,174,123
79,167,159,97,173,129
79,167,167,98,172,137
79,167,175,97,170,145
79,167,183,97,168,154
79,167,191,96,165,167
79,167,199,97,162,180
79,167,207,97,158,194
79,167,215,96,154,208
79,167,223,96,147,224
79,167,231,96,142,236
79,167,239,96,136,247
79,167,247,96,131,253
79,167,255,96,126,255
79,175,0,81,200,27
79,175,7,82,199,30
79,175,15,83,199,35
79,175,23,85,198,42
79,175,31,87,198,49
79,175,39,88,197,53
79,175,47,90,197,59
79,175,55,91,196,64
79,175,63,92,196,70
79,175,71,93,195,74
79,175,79,93,194,79
79,175,87,94,193,84
79,175,95,94,192,88
79,175,103,95,191,93
79,175,111,95,190,97
79,175,119,96,189,102
79,175,127,96,188,107
79,175,135,97,188,111
79,175,143,97,187,116
79,175,151,97,185,121
79,175,159,97,184,126
79,175,167,97,182,133
79,175,175,98,181,141
79,175,183,98,179,150
79,175,191,97,176,161
79,175,199,97,173,173
79,175,207,97,169,186
79,175,215,97,164,201
79,175,223,97,158,218
79,175,231,96,152,231
79,175,239,97,144,244
79,175,247,97,139,252
79,175,255,97,133,254
79,183,0,81,211,29
79,183,7,82,211,33
79,183,15,83,210,37
79,183,23,84,210,42
79,183,31,87,210,49
79,183,39,88,209,53
79,183,47,89,209,59
79,183,55,90,208,63
79,183,63,91,207,69
79,183,71,92,206,73
79,183,79,93,206,78
79,183,87,94,205,83
79,183,95,95,204,88
79,183,103,95,203,92
79,183,111,95,202,96
79,183,119,96,201,101
79,183,127,96,200,105
79,183,135,96,199,109
79,183,143,97,199,114
79,183,151,97,198,118
79,183,159,98,197,124
79,183,167,98,195,130
79,183,175,97,194,136
79,183,183,98,192,144
79,183,191,97,189,154
79,183,199,98,186,165
79,183,207,97,182,178
79,183,215,97,178,192
79,183,223,97,171,209
79,183,231,97,164,224
79,183,239,97,156,240
79,183,247,97,149,249
79,183,255,98,142,255
79,191,0,80,220,30
79,191,7,81,220,33
79,191,15,83,220,38
79,191,23,84,220,43
79,191,31,86,220,48
79,191,39,88,220,53
79,191,47,89,219,59
79,191,55,90,219,63
79,191,63,91,218,68
79,191,71,92,217,73
79,191,79,92,216,77
79,191,87,93,215,82
79,191,95,94,214,86
79,191,103,94,214,90
79,191,111,95,213,94
79,191,119,96,213,99
79,191,127,96,212,103
79,191,135,96,211,107
79,191,143,96,210,111
79,191,151,97,209,115
79,191,159,97,208,121
79,191,167,97,207,126
79,191,175,98,206,132
79,191,183,98,204,139
79,191,191,98,202,148
79,191,199,97,199,158
79,191,207,97,196,170
79,191,215,98,192,183
79,191,223,97,185,201
79,191,231,97,179,216
79,191,239,98,169,234
79,191,247,98,161,246
79,191,255,98,153,253
79,199,0,80,228,31
79,199,7,81,228,34
79,199,15,82,228,38
79,199,23,84,228,44
79,199,31,85,228,48
79,199,39,87,228,52
79,199,47,88,228,58
79,199,55,90,228,63
79,199,63,91,227,68
79,199,71,92,227,72
79,199,79,92,226,76
79,199,87,93,225,81
79,199,95,93,224,85
79,199,103,94,223,89
79,199,111,94,223,92
79,199,119,95,222,97
79,199,127,95,221,101
79,199,135,96,221,105
79,199,143,96,221,109
79,199,151,96,220,113
79,199,159,97,218,118
79,199,167,97,217,123
79,199,175,97,216,128
79,199,183,97,215,134
79,199,191,98,214,142
79,199,199,98,211,152
79,199,207,98,208,162
79,199,215,97,205,174
79,199,223,98,199,192
79,199,231,98,193,208
79,199,239,98,184,227
79,199,247,99,175,243
79,199,255,100,166,252
79,207,0,80,235,32
79,207,7,80,235,35
79,207,15,82,235,38
79,207,23,84,236,43
79,207,31,85,236,48
79,207,39,86,236,52
79,207,47,88,236,58
79,207,55,89,235,62
79,207,63,90,235,67
79,207,71,91,234,70
79,207,79,91,234,75
79,207,87,92,234,79
79,207,95,93,233,83
79,207,103,93,232,87
79,207,111,94,232,91
79,207,119,94,231,95
79,207,127,94,230,99
79,207,135,95,230,102
79,207,143,95,229,106
79,207,151,96,229,110
79,207,159,96,228,115
79,207,167,97,228,120
79,207,175,97,227,125
79,207,183,97,226,130
79,207,191,97,224,137
79,207,199,97,223,145
79,207,207,98,221,155
79,207,215,98,218,167
79,207,223,98,212,183
79,207,231,98,207,199
79,207,239,99,199,220
79,207,247,99,190,237
79,207,255,100,181,253
79,215,0,79,241,33
79,215,7,80,242,35
79,215,15,81,242,38
79,215,23,83,242,43
79,215,31,85,243,48
79,215,39,86,243,52
79,215,47,87,243,57
79,215,55,88,243,61
79,215,63,89,242,66
79,215,71,90,242,69
79,215,79,90,242,73
79,215,87,91,241,77
79,215,95,92,241,81
79,215,103,92,241,85
79,215,111,93,241,88
79,215,119,93,240,93
79,215,127,94,240,96
79,215,135,94,239,99
79,215,143,94,239,103
79,215,151,95,238,107
79,215,159,95,238,111
79,215,167,95,237,116
79,215,175,96,237,120
79,215,183,96,236,126
79,215,191,97,236,132
79,215,199,97,235,139
79,215,207,97,233,148
79,215,215,97,231,158
79,215,223,98,227,174
79,215,231,98,223,191
79,215,239,98,216,211
79,215,247,99,209,231
79,215,255,101,200,248
79,223,0,78,246,34
79,223,7,79,246,36
79,223,15,80,247,39
79,223,23,81,247,43
79,223,31,83,248,47
79,223,39,85,248,51
79,223,47,86,248,56
79,223,55,87,248,60
79,223,63,88,248,64
79,223,71,89,248,68
79,223,79,90,248,72
79,223,87,90,248,75
79,223,95,90,248,79
79,223,103,91,248,82
79,223,111,91,248,86
79,223,119,92,248,89
79,223,127,92,247,93
79,223,135,93,247,96
79,223,143,93,247,99
79,223,151,94,247,103
79,223,159,94,247,107
79,223,167,95,246,111
79,223,175,95,246,116
79,223,183,95,245,120
79,223,191,95,245,127
79,223,199,96,245,134
79,223,207,97,244,141
79,223,215,97,242,151
79,223,223,97,240,166
79,223,231,97,237,180
79,223,239,98,232,202
79,223,247,99,227,223
79,223,255,100,219,245
79,231,0,77,250,34
79,231,7,78,250,36
79,231,15,79,250,39
79,231,23,81,251,43
79,231,31,82,251,47
79,231,39,83,251,50
79,231,47,85,252,55
79,231,55,86,252,58
79,231,63,87,252,63
79,231,71,87,252,66
79,231,79,88,252,69
79,231,87,89,252,73
79,231,95,89,252,76
79,231,103,90,252,80
79,231,111,90,252,83
79,231,119,91,252,87
79,231,127,91,252,90
79,231,135,92,252,92
79,231,143,92,252,96
79,231,151,92,252,99
79,231,159,93,252,103
79,231,167,93,252,107
79,231,175,94,252,111
79,231,183,94,252,116
79,231,191,95,251,122
79,231,199,95,251,129
79,231,207,95,251,136
79,231,215,95,250,145
79,231,223,96,248,159
79,231,231,97,246,173
79,231,239,97,244,193
79,231,247,98,240,214
79,231,255,100,235,237
79,239,0,76,253,35
79,239,7,77,253,36
79,239,15,78,253,39
79,239,23,80,254,42
79,239,31,82,254,47
79,239,39,83,254,50
79,239,47,84,254,54
79,239,55,85,254,57
79,239,63,86,254,61
79,239,71,86,254,64
79,239,79,87,254,67
79,239,87,87,254,71
79,239,95,88,254,74
79,239,103,88,254,77
79,239,111,89,254,80
79,239,119,89,254,83
79,239,127,90,254,86
79,239,135,90,254,89
79,239,143,91,254,92
79,239,151,91,254,95
79,239,159,91,254,99
79,239,167,92,254,103
79,239,175,92,255,106
79,239,183,92,255,111
79,239,191,93,254,117
79,239,199,93,254,123
79,239,207,94,254,131
79,239,215,94,254,140
79,239,223,95,254,152
79,239,231,95,253,165
79,239,239,96,252,184
79,239,247,98,250,205
79,239,255,99,248,228
79,247,0,76,254,36
79,247,7,76,254,37
79,247,15,77,254,39
79,247,23,78,254,42
79,247,31,80,254,45
79,247,39,81,255,49
79,247,47,82,255,52
79,247,55,83,255,56
79,247,63,84,255,60
79,247,71,85,255,62
79,247,79,86,255,66
79,247,87,86,255,69
79,247,95,87,255,72
79,247,103,87,254,74
79,247,111,87,254,77
79,247,119,88,254,80
79,247,127,88,254,83
79,247,135,88,254,85
79,247,143,89,254,89
79,247,151,89,254,91
79,247,159,90,255,95
79,247,167,90,255,99
79,247,175,91,255,103
79,247,183,91,255,107
79,247,191,91,255,113
79,247,199,92,255,119
79,247,207,92,255,126
79,247,215,92,255,134
79,247,223,93,255,146
79,247,231,94,255,159
79,247,239,95,255,178
79,247,247,96,254,195
79,247,255,97,254,217
79,255,0,74,255,34
79,255,7,75,255,36
79,255,15,76,255,39
79,255,23,77,255,41
79,255,31,78,255,44
79,255,39,79,255,47
79,255,47,80,255,51
79,255,55,81,255,54
79,255,63,82,255,58
79,255,71,83,255,61
79,255,79,84,254,64
79,255,87,85,254,67
79,255,95,85,254,70
79,255,103,86,254,73
79,255,111,86,255,75
79,255,119,87,255,78
79,255,127,87,255,81
79,255,135,88,255,83
79,255,143,88,255,87
79,255,151,88,255,90
79,255,159,89,254,93
79,255,167,89,254,97
79,255,175,89,254,101
79,255,183,90,254,105
79,255,191,90,255,110
79,255,199,91,255,116
79,255,207,91,255,123
79,255,215,91,255,130
79,255,223,92,255,141
79,255,231,92,255,154
79,255,239,93,255,171
79,255,247,94,255,189
79,255,255,95,255,206
87,0,0,83,2,20
87,0,7,84,2,30
87,0,15,84,2,42
87,0,23,84,2,55
87,0,31,84,3,66
87,0,39,83,3,75
87,0,47,82,4,88
87,0,55,81,5,101
87,0,63,81,7,116
87,0,71,80,8,130
87,0,79,78,8,149
87,0,87,76,9,171
87,0,95,74,10,188
87,0,103,73,11,201
87,0,111,72,13,211
87,0,119,71,16,219
87,0,127,70,18,225
87,0,135,70,21,229
87,0,143,70,23,231
87,0,151,69,25,232
87,0,159,69,26,234
87,0,167,69,27,235
87,0,175,68,28,236
87,0,183,68,29,237
87,0,191,67,30,239
87,0,199,67,32,240
87,0,207,67,34,241
87,0,215,67,34,243
87,0,223,66,35,246
87,0,231,65,36,248
87,0,239,65,38,250
87,0,247,64,40,253
87,0,255,63,42,254
87,7,0,82,3,19
87,7,7,82,4,29
87,7,15,83,4,41
87,7,23,83,5,53
87,7,31,83,5,64
87,7,39,82,6,74
87,7,47,82,7,86
87,7,55,81,8,98
87,7,63,81,10,113
87,7,71,80,11,126
87,7,79,79,12,143
87,7,87,77,13,163
87,7,95,76,13,181
87,7,103,74,15,195
87,7,111,73,17,205
87,7,119,72,20,214
87,7,127,72,23,220
87,7,135,71,25,224
87,7,143,71,28,228
87,7,151,71,31,230
87,7,159,71,33,232
87,7,167,71,34,234
87,7,175,70,35,235
87,7,183,70,36,237
87,7,191,70,37,239
87,7,199,69,38,240
87,7,207,69,39,242
87,7,215,69,41,243
87,7,223,69,42,246
87,7,231,68,42,248
87,7,239,67,43,250
87,7,247,66,44,252
87,7,255,65,47,254
87,15,0,81,8,19
87,15,7,82,8,28
87,15,15,82,9,40
87,15,23,82,9,52
87,15,31,82,10,63
87,15,39,82,11,72
87,15,47,82,12,84
87,15,55,81,13,95
87,15,63,81,14,110
87,15,71,80,15,121
87,15,79,79,16,138
87,15,87,78,17,156
87,15,95,77,18,172
87,15,103,76,21,186
87,15,111,75,23,197
87,15,119,74,26,208
87,15,127,74,28,214
87,15,135,73,31,219
87,15,143,73,34,224
87,15,151,73,36,227
87,15,159,73,39,230
87,15,167,73,41,233
87,15,175,73,43,235
87,15,183,73,44,237
87,15,191,73,44,239
87,15,199,72,45,240
87,15,207,72,46,242
87,15,215,72,47,243
87,15,223,72,49,246
87,15,231,71,49,248
87,15,239,69,49,250
87,15,247,68,49,252
87,15,255,68,51,254
87,23,0,80,17,18
87,23,7,81,17,28
87,23,15,82,17,39
87,23,23,82,17,49
87,23,31,82,17,60
87,23,39,82,18,69
87,23,47,82,19,81
87,23,55,82,20,91
87,23,63,81,22,104
87,23,71,81,23,115
87,23,79,80,24,129
87,23,87,79,24,145
87,23,95,78,26,160
87,23,103,78,27,174
87,23,111,77,30,185
87,23,119,77,33,196
87,23,127,76,36,204
87,23,135,76,38,211
87,23,143,76,41,218
87,23,151,76,43,223
87,23,159,76,45,228
87,23,167,76,48,232
87,23,175,76,50,235
87,23,183,76,52,237
87,23,191,76,54,239
87,23,199,76,55,241
87,23,207,76,55,242
87,23,215,75,56,244
87,23,223,75,57,246
87,23,231,74,57,248
87,23,239,74,58,250
87,23,247,72,57,252
87,23,255,71,57,254
87,31,0,80,26,18
87,31,7,81,26,27
87,31,15,81,26,37
87,31,23,81,26,47
87,31,31,81,26,57
87,31,39,82,27,65
87,31,47,82,28,77
87,31,55,82,29,87
87,31,63,82,30,99
87,31,71,82,31,109
87,31,79,81,31,121
87,31,87,81,32,135
87,31,95,80,33,148
87,31,103,79,35,162
87,31,111,79,36,173
87,31,119,78,39,186
87,31,127,78,41,196
87,31,135,78,44,204
87,31,143,78,46,212
87,31,151,78,49,219
87,31,159,78,52,226
87,31,167,79,54,231
87,31,175,79,56,235
87,31,183,79,57,238
87,31,191,79,59,240
87,31,199,79,61,242
87,31,207,79,63,243
87,31,215,79,64,245
87,31,223,78,64,247
87,31,231,78,63,248
87,31,239,77,64,251
87,31,247,76,64,252
87,31,255,75,64,253
87,39,0,81,37,18
87,39,7,81,37,26
87,39,15,82,36,35
87,39,23,82,36,45
87,39,31,82,37,54
87,39,39,82,37,62
87,39,47,82,38,73
87,39,55,83,38,82
87,39,63,83,39,94
87,39,71,83,40,102
87,39,79,82,40,114
87,39,87,82,41,126
87,39,95,82,41,138
87,39,103,81,42,151
87,39,111,81,43,162
87,39,119,80,45,175
87,39,127,80,47,187
87,39,135,80,49,196
87,39,143,80,52,207
87,39,151,80,54,215
87,39,159,80,56,224
87,39,167,81,58,230
87,39,175,81,60,235
87,39,183,82,62,240
87,39,191,82,64,242
87,39,199,82,66,243
87,39,207,82,67,244
87,39,215,82,68,246
87,39,223,81,69,248
87,39,231,81,69,249
87,39,239,80,69,251
87,39,247,79,69,252
87,39,255,78,69,254
87,47,0,82,48,18
87,47,7,82,47,26
87,47,15,82,46,35
87,47,23,83,46,44
87,47,31,83,46,52
87,47,39,83,47,60
87,47,47,83,47,70
87,47,55,83,48,78
87,47,63,83,48,89
87,47,71,83,48,97
87,47,79,83,49,107
87,47,87,83,49,119
87,47,95,83,49,130
87,47,103,82,50,142
87,47,111,82,50,153
87,47,119,82,52,166
87,47,127,82,53,178
87,47,135,82,55,188
87,47,143,82,57,200
87,47,151,82,58,210
87,47,159,82,60,220
87,47,167,83,62,229
87,47,175,83,64,235
87,47,183,84,66,239
87,47,191,84,68,242
87,47,199,84,69,244
87,47,207,84,71,245
87,47,215,84,72,246
87,47,223,84,72,248
87,47,231,83,72,250
87,47,239,82,73,251
87,47,247,82,73,253
87,47,255,80,72,254
87,55,0,83,58,19
87,55,7,83,57,26
87,55,15,83,57,34
87,55,23,83,56,43
87,55,31,83,56,51
87,55,39,83,57,58
87,55,47,84,57,67
87,55,55,84,57,75
87,55,63,84,57,85
87,55,71,84,57,93
87,55,79,84,57,102
87,55,87,84,57,113
87,55,95,84,57,123
87,55,103,84,58,134
87,55,111,83,58,144
87,55,119,83,59,157
87,55,127,83,60,169
87,55,135,83,60,179
87,55,143,83,62,192
87,55,151,84,63,203
87,55,159,84,65,215
87,55,167,85,67,225
87,55,175,85,69,234
87,55,183,85,70,239
87,55,191,86,72,242
87,55,199,86,73,244
87,55,207,86,74,245
87,55,215,86,75,247
87,55,223,86,75,248
87,55,231,86,75,250
87,55,239,85,75,252
87,55,247,84,75,253
87,55,255,83,75,254
87,63,0,84,67,20
87,63,7,84,66,27
87,63,15,84,66,34
87,63,23,85,66,42
87,63,31,85,66,50
87,63,39,85,66,56
87,63,47,84,66,65
87,63,55,85,66,73
87,63,63,85,66,82
87,63,71,85,66,89
87,63,79,85,66,98
87,63,87,85,66,107
87,63,95,85,65,116
87,63,103,85,65,127
87,63,111,85,65,136
87,63,119,85,65,148
87,63,127,85,66,159
87,63,135,85,67,170
87,63,143,85,68,183
87,63,151,85,69,195
87,63,159,85,70,208
87,63,167,86,71,220
87,63,175,86,73,230
87,63,183,87,74,238
87,63,191,87,75,242
87,63,199,88,77,245
87,63,207,88,78,246
87,63,215,88,78,247
87,63,223,88,78,249
87,63,231,87,78,250
87,63,239,86,78,252
87,63,247,86,77,253
87,63,255,85,76,254
87,71,0,85,77,20
87,71,7,85,77,27
87,71,15,86,77,34
87,71,23,86,76,42
87,71,31,86,77,49
87,71,39,86,77,56
87,71,47,86,76,64
87,71,55,86,76,71
87,71,63,86,76,80
87,71,71,87,76,86
87,71,79,87,76,94
87,71,87,87,76,102
87,71,95,87,75,110
87,71,103,87,75,120
87,71,111,87,75,128
87,71,119,87,74,139
87,71,127,86,74,150
87,71,135,86,75,159
87,71,143,87,75,173
87,71,151,87,76,184
87,71,159,87,77,198
87,71,167,87,77,212
87,71,175,88,78,225
87,71,183,88,79,232
87,71,191,89,80,240
87,71,199,89,81,244
87,71,207,90,81,246
87,71,215,90,82,247
87,71,223,89,82,249
87,71,231,89,81,251
87,71,239,88,81,252
87,71,247,87,81,253
87,71,255,86,79,254
87,79,0,85,85,21
87,79,7,86,85,26
87,79,15,87,85,34
87,79,23,87,85,42
87,79,31,87,85,49
87,79,39,87,85,55
87,79,47,87,85,63
87,79,55,87,84,70
87,79,63,88,84,78
87,79,71,88,84,84
87,79,79,88,84,91
87,79,87,88,83,99
87,79,95,89,83,107
87,79,103,89,82,115
87,79,111,88,82,123
87,79,119,88,82,133
87,79,127,88,82,143
87,79,135,88,82,153
87,79,143,88,82,165
87,79,151,88,82,176
87,79,159,88,82,189
87,79,167,89,83,203
87,79,175,89,83,217
87,79,183,89,83,229
87,79,191,90,84,237
87,79,199,90,85,243
87,79,207,90,85,246
87,79,215,91,85,247
87,79,223,90,85,249
87,79,231,90,85,251
87,79,239,89,84,253
87,79,247,89,83,253
87,79,255,88,81,254
87,87,0,86,95,21
87,87,7,87,95,27
87,87,15,88,94,34
87,87,23,88,94,42
87,87,31,89,94,49
87,87,39,89,94,55
87,87,47,89,94,62
87,87,55,89,94,69
87,87,63,89,93,77
87,87,71,90,93,82
87,87,79,90,93,89
87,87,87,90,92,96
87,87,95,90,92,103
87,87,103,90,91,111
87,87,111,90,91,117
87,87,119,90,90,127
87,87,127,90,90,136
87,87,135,90,90,145
87,87,143,90,89,156
87,87,151,90,89,166
87,87,159,90,89,181
87,87,167,90,89,195
87,87,175,90,89,208
87,87,183,91,89,220
87,87,191,91,89,232
87,87,199,91,89,240
87,87,207,92,89,246
87,87,215,92,89,248
87,87,223,92,89,250
87,87,231,91,88,251
87,87,239,91,88,253
87,87,247,90,87,253
87,87,255,89,84,254
87,95,0,87,103,22
87,95,7,88,103,29
87,95,15,89,102,35
87,95,23,90,102,43
87,95,31,90,102,49
87,95,39,90,102,55
87,95,47,90,102,62
87,95,55,90,102,68
87,95,63,91,101,76
87,95,71,91,101,81
87,95,79,92,100,88
87,95,87,92,100,95
87,95,95,92,99,101
87,95,103,92,99,108
87,95,111,92,98,114
87,95,119,92,98,122
87,95,127,92,97,131
87,95,135,92,97,138
87,95,143,92,96,150
87,95,151,92,96,160
87,95,159,92,95,172
87,95,167,92,95,187
87,95,175,92,95,201
87,95,183,92,94,213
87,95,191,92,94,226
87,95,199,92,94,236
87,95,207,93,93,243
87,95,215,93,93,248
87,95,223,93,92,250
87,95,231,93,92,251
87,95,239,92,91,253
87,95,247,91,91,254
87,95,255,90,89,254
87,103,0,87,111,23
87,103,7,88,111,29
87,103,15,89,111,36
87,103,23,90,111,43
87,103,31,91,111,50
87,103,39,91,110,55
87,103,47,91,110,62
87,103,55,92,110,68
87,103,63,92,109,76
87,103,71,93,109,81
87,103,79,93,108,87
87,103,87,93,108,93
87,103,95,94,107,99
87,103,103,94,107,106
87,103,111,94,106,111
87,103,119,94,105,119
87,103,127,94,105,126
87,103,135,94,104,134
87,103,143,94,104,143
87,103,151,93,103,153
87,103,159,93,102,165
87,103,167,93,101,178
87,103,175,93,101,193
87,103,183,93,100,207
87,103,191,93,99,220
87,103,199,94,99,232
87,103,207,94,98,240
87,103,215,94,97,245
87,103,223,94,96,250
87,103,231,93,96,252
87,103,239,93,95,253
87,103,247,92,94,254
87,103,255,91,93,254
87,111,0,88,120,23
87,111,7,89,119,29
87,111,15,90,119,36
87,111,23,91,119,43
87,111,31,92,119,50
87,111,39,92,119,55
87,111,47,93,118,62
87,111,55,93,118,68
87,111,63,94,117,75
87,111,71,94,117,80
87,111,79,94,116,86
87,111,87,95,116,92
87,111,95,95,115,98
87,111,103,95,115,104
87,111,111,95,114,109
87,111,119,95,113,116
87,111,127,95,113,123
87,111,135,96,112,129
87,111,143,95,111,139
87,111,151,95,111,147
87,111,159,95,110,159
87,111,167,95,109,171
87,111,175,95,108,185
87,111,183,94,107,198
87,111,191,94,106,214
87,111,199,95,104,225
87,111,207,95,103,236
87,111,215,95,102,243
87,111,223,95,101,249
87,111,231,95,100,251
87,111,239,94,98,253
87,111,247,93,97,254
87,111,255,93,96,254
87,119,0,89,127,24
87,119,7,89,127,29
87,119,15,90,127,36
87,119,23,91,127,44
87,119,31,92,127,50
87,119,39,93,126,55
87,119,47,93,126,62
87,119,55,94,126,68
87,119,63,95,125,74
87,119,71,95,124,80
87,119,79,96,124,85
87,119,87,96,123,91
87,119,95,96,122,97
87,119,103,96,122,102
87,119,111,97,121,108
87,119,119,97,120,115
87,119,127,97,120,121
87,119,135,97,119,127
87,119,143,97,118,134
87,119,151,97,117,143
87,119,159,96,116,152
87,119,167,96,115,165
87,119,175,96,114,178
87,119,183,96,113,192
87,119,191,96,111,207
87,119,199,96,110,221
87,119,207,96,108,232
87,119,215,96,107,242
87,119,223,96,105,247
87,119,231,96,104,251
87,119,239,95,102,253
87,119,247,95,100,254
87,119,255,93,99,254
87,127,0,88,137,25
87,127,7,89,137,30
87,127,15,90,136,36
87,127,23,92,136,44
87,127,31,93,136,50
87,127,39,93,136,55
87,127,47,94,135,62
87,127,55,95,135,67
87,127,63,96,134,74
87,127,71,96,134,79
87,127,79,97,133,85
87,127,87,97,132,90
87,127,95,98,131,95
87,127,103,98,130,101
87,127,111,98,130,106
87,127,119,98,129,112
87,127,127,98,128,118
87,127,135,98,127,124
87,127,143,98,126,131
87,127,151,98,126,138
87,127,159,98,125,148
87,127,167,98,124,158
87,127,175,97,122,171
87,127,183,97,121,184
87,127,191,97,119,200
87,127,199,97,117,215
87,127,207,97,115,228
87,127,215,97,113,237
87,127,223,97,110,246
87,127,231,96,109,250
87,127,239,96,107,253
87,127,247,96,105,254
87,127,255,95,103,254
87,135,0,88,146,25
87,135,7,89,145,31
87,135,15,90,145,36
87,135,23,91,145,43
87,135,31,93,144,50
87,135,39,93,144,55
87,135,47,94,144,61
87,135,55,95,143,67
87,135,63,96,143,74
87,135,71,97,142,78
87,135,79,97,141,84
87,135,87,98,140,89
87,135,95,98,140,94
87,135,103,99,139,100
87,135,111,99,138,105
87,135,119,99,137,111
87,135,127,99,136,116
87,135,135,99,135,121
87,135,143,99,134,128
87,135,151,99,134,135
87,135,159,99,133,143
87,135,167,99,131,153
87,135,175,99,130,164
87,135,183,98,128,177
87,135,191,98,126,193
87,135,199,98,124,208
87,135,207,98,121,223
87,135,215,97,119,233
87,135,223,97,116,243
87,135,231,97,114,248
87,135,239,97,111,253
87,135,247,97,109,254
87,135,255,97,106,255
87,143,0,88,155,26
87,143,7,89,154,31
87,143,15,90,154,38
87,143,23,91,154,44
87,143,31,93,153,51
87,143,39,94,153,55
87,143,47,95,153,61
87,143,55,96,153,67
87,143,63,97,152,73
87,143,71,97,151,78
87,143,79,98,150,83
87,143,87,99,149,89
87,143,95,99,148,94
87,143,103,99,147,99
87,143,111,99,147,103
87,143,119,100,145,109
87,143,127,100,145,115
87,143,135,100,144,119
87,143,143,100,143,126
87,143,151,100,142,132
87,143,159,100,141,140
87,143,167,100,140,149
87,143,175,100,138,160
87,143,183,100,137,171
87,143,191,99,134,186
87,143,199,99,132,202
87,143,207,99,128,216
87,143,215,98,126,230
87,143,223,98,122,240
87,143,231,98,120,247
87,143,239,98,116,252
87,143,247,97,113,254
87,143,255,98,110,255
87,151,0,87,165,26
87,151,7,88,165,31
87,151,15,89,164,37
87,151,23,91,163,44
87,151,31,92,163,50
87,151,39,94,163,55
87,151,47,95,163,61
87,151,55,96,162,66
87,151,63,97,162,73
87,151,71,98,161,77
87,151,79,98,160,83
87,151,87,99,159,88
87,151,95,99,158,93
87,151,103,100,157,98
87,151,111,100,156,102
87,151,119,100,155,108
87,151,127,101,154,113
87,151,135,101,153,117
87,151,143,101,152,123
87,151,151,101,151,129
87,151,159,101,150,137
87,151,167,101,149,145
87,151,175,101,147,155
87,151,183,100,146,166
87,151,191,100,143,180
87,151,199,100,140,195
87,151,207,99,137,209
87,151,215,99,133,222
87,151,223,99,129,236
87,151,231,99,126,244
87,151,239,98,122,251
87,151,247,98,119,254
87,151,255,98,115,255
87,159,0,86,175,26
87,159,7,87,175,31
87,159,15,89,174,37
87,159,23,91,173,45
87,159,31,92,173,50
87,159,39,93,173,55
87,159,47,95,173,61
87,159,55,96,172,66
87,159,63,97,171,72
87,159,71,98,171,77
87,159,79,99,170,82
87,159,87,99,169,87
87,159,95,100,168,92
87,159,103,100,167,97
87,159,111,100,166,101
87,159,119,101,165,107
87,159,127,101,164,112
87,159,135,101,163,116
87,159,143,101,162,121
87,159,151,101,161,127
87,159,159,101,160,134
87,159,167,101,158,142
87,159,175,102,157,151
87,159,183,101,155,161
87,159,191,101,153,174
87,159,199,100,150,188
87,159,207,100,146,203
87,159,215,100,143,216
87,159,223,99,137,231
87,159,231,99,133,241
87,159,239,99,128,250
87,159,247,99,124,253
87,159,255,99,120,255
87,167,0,85,185,26
87,167,7,86,185,30
87,167,15,88,184,35
87,167,23,90,184,44
87,167,31,92,183,50
87,167,39,93,183,55
87,167,47,95,183,61
87,167,55,96,182,66
87,167,63,97,182,72
87,167,71,98,181,76
87,167,79,99,180,81
87,167,87,100,179,87
87,167,95,100,178,91
87,167,103,100,177,96
87,167,111,100,176,100
87,167,119,101,175,105
87,167,127,101,175,110
87,167,135,101,174,114
87,167,143,102,173,119
87,167,151,102,172,125
87,167,159,102,170,131
87,167,167,102,169,138
87,167,175,102,167,147
87,167,183,102,166,156
87,167,191,102,163,168
87,167,199,101,160,181
87,167,207,101,156,195
87,167,215,100,152,210
87,167,223,100,146,226
87,167,231,100,141,238
87,167,239,100,135,248
87,167,247,100,131,253
87,167,255,99,126,255
87,175,0,85,195,28
87,175,7,86,195,31
87,175,15,87,194,36
87,175,23,89,194,43
87,175,31,92,194,51
87,175,39,93,194,55
87,175,47,95,194,61
87,175,55,96,193,66
87,175,63,97,192,72
87,175,71,98,192,76
87,175,79,98,191,81
87,175,87,99,190,86
87,175,95,100,189,90
87,175,103,100,188,95
87,175,111,101,187,99
87,175,119,101,186,104
87,175,127,101,185,109
87,175,135,101,185,113
87,175,143,102,183,118
87,175,151,102,182,122
87,175,159,102,181,128
87,175,167,102,180,135
87,175,175,103,179,142
87,175,183,102,177,151
87,175,191,102,174,162
87,175,199,102,171,175
87,175,207,102,168,188
87,175,215,101,163,203
87,175,223,101,157,219
87,175,231,101,151,232
87,175,239,101,144,245
87,175,247,100,138,252
87,175,255,100,133,255
87,183,0,85,206,30
87,183,7,86,206,34
87,183,15,87,206,38
87,183,23,89,206,43
87,183,31,91,206,50
87,183,39,92,206,55
87,183,47,94,205,60
87,183,55,95,205,65
87,183,63,97,204,71
87,183,71,98,204,76
87,183,79,98,203,80
87,183,87,99,202,85
87,183,95,99,201,89
87,183,103,100,200,94
87,183,111,100,199,98
87,183,119,101,198,103
87,183,127,101,198,107
87,183,135,102,197,111
87,183,143,102,196,116
87,183,151,102,195,120
87,183,159,102,194,126
87,183,167,102,193,131
87,183,175,102,191,138
87,183,183,103,190,146
87,183,191,103,187,156
87,183,199,102,184,167
87,183,207,102,181,180
87,183,215,102,177,194
87,183,223,102,170,212
87,183,231,102,163,226
87,183,239,101,155,241
87,183,247,101,148,250
87,183,255,101,142,255
87,191,0,84,217,31
87,191,7,85,217,34
87,191,15,87,217,39
87,191,23,89,217,44
87,191,31,90,217,49
87,191,39,92,217,55
87,191,47,94,216,60
87,191,55,95,216,65
87,191,63,96,215,70
87,191,71,97,214,75
87,191,79,98,214,79
87,191,87,99,213,84
87,191,95,99,213,89
87,191,103,100,212,93
87,191,111,100,211,97
87,191,119,100,210,101
87,191,127,101,209,105
87,191,135,101,208,109
87,191,143,101,207,114
87,191,151,102,207,118
87,191,159,102,206,123
87,191,167,103,205,129
87,191,175,103,204,134
87,191,183,102,202,141
87,191,191,103,200,150
87,191,199,102,197,161
87,191,207,103,194,173
87,191,215,102,190,186
87,191,223,102,184,203
87,191,231,102,177,218
87,191,239,102,168,235
87,191,247,102,160,247
87,191,255,102,152,253
87,199,0,84,225,32
87,199,7,85,225,34
87,199,15,86,226,39
87,199,23,89,226,45
87,199,31,90,226,50
87,199,39,92,226,54
87,199,47,93,226,60
87,199,55,94,226,64
87,199,63,96,225,70
87,199,71,96,224,74
87,199,79,97,223,78
87,199,87,98,223,83
87,199,95,98,222,87
87,199,103,99,221,91
87,199,111,99,221,95
87,199,119,100,220,100
87,199,127,100,220,104
87,199,135,101,219,107
87,199,143,101,218,111
87,199,151,101,217,115
87,199,159,101,216,120
87,199,167,102,215,126
87,199,175,102,214,131
87,199,183,103,214,137
87,199,191,103,212,145
87,199,199,103,210,154
87,199,207,102,207,165
87,199,215,102,203,177
87,199,223,103,198,195
87,199,231,102,191,210
87,199,239,103,183,229
87,199,247,103,174,244
87,199,255,103,165,253
87,207,0,83,233,33
87,207,7,84,233,35
87,207,15,85,233,39
87,207,23,87,234,44
87,207,31,89,234,50
87,207,39,91,234,54
87,207,47,93,234,59
87,207,55,94,234,64
87,207,63,95,234,69
87,207,71,96,233,73
87,207,79,97,233,77
87,207,87,97,232,82
87,207,95,98,231,86
87,207,103,98,231,90
87,207,111,98,230,93
87,207,119,99,229,97
87,207,127,99,229,101
87,207,135,100,229,105
87,207,143,100,228,109
87,207,151,101,228,113
87,207,159,101,227,118
87,207,167,101,226,123
87,207,175,102,225,128
87,207,183,102,224,133
87,207,191,102,223,140
87,207,199,102,222,148
87,207,207,103,220,158
87,207,215,103,216,169
87,207,223,102,211,186
87,207,231,103,206,202
87,207,239,103,198,222
87,207,247,103,189,238
87,207,255,104,179,253
87,215,0,83,240,34
87,215,7,83,240,36
87,215,15,85,241,39
87,215,23,86,241,43
87,215,31,88,242,49
87,215,39,90,242,53
87,215,47,91,242,58
87,215,55,93,242,63
87,215,63,94,241,68
87,215,71,94,241,71
87,215,79,95,241,75
87,215,87,96,241,80
87,215,95,97,241,84
87,215,103,97,241,88
87,215,111,98,240,91
87,215,119,98,239,95
87,215,127,99,239,99
87,215,135,99,238,102
87,215,143,99,238,106
87,215,151,100,237,109
87,215,159,100,237,114
87,215,167,100,237,119
87,215,175,101,236,124
87,215,183,101,235,129
87,215,191,102,234,135
87,215,199,102,233,142
87,215,207,102,232,151
87,215,215,102,230,161
87,215,223,103,226,177
87,215,231,103,222,193
87,215,239,103,215,214
87,215,247,104,207,234
87,215,255,105,198,248
87,223,0,81,246,34
87,223,7,83,246,37
87,223,15,84,246,41
87,223,23,86,247,44
87,223,31,87,248,48
87,223,39,89,248,53
87,223,47,91,248,58
87,223,55,92,248,62
87,223,63,93,248,66
87,223,71,93,248,70
87,223,79,94,248,74
87,223,87,95,248,78
87,223,95,95,248,81
87,223,103,96,248,85
87,223,111,96,248,88
87,223,119,97,247,92
87,223,127,97,247,96
87,223,135,98,247,99
87,223,143,98,247,103
87,223,151,98,246,106
87,223,159,99,246,110
87,223,167,99,246,114
87,223,175,100,245,119
87,223,183,100,245,124
87,223,191,100,245,130
87,223,199,101,244,137
87,223,207,101,243,145
87,223,215,101,242,154
87,223,223,102,239,169
87,223,231,102,236,183
87,223,239,103,232,205
87,223,247,104,226,225
87,223,255,105,218,247
87,231,0,80,250,35
87,231,7,81,250,37
87,231,15,83,250,40
87,231,23,85,251,45
87,231,31,86,251,48
87,231,39,87,251,51
87,231,47,89,252,56
87,231,55,90,252,60
87,231,63,91,252,65
87,231,71,92,252,68
87,231,79,93,252,72
87,231,87,94,252,76
87,231,95,94,252,79
87,231,103,94,252,82
87,231,111,95,252,85
87,231,119,95,252,89
87,231,127,96,252,92
87,231,135,96,252,95
87,231,143,97,252,99
87,231,151,97,252,102
87,231,159,98,252,106
87,231,167,98,251,110
87,231,175,98,251,114
87,231,183,99,251,119
87,231,191,99,251,125
87,231,199,100,251,132
87,231,207,100,250,140
87,231,215,100,250,148
87,231,223,101,248,162
87,231,231,101,246,176
87,231,239,102,243,196
87,231,247,103,240,217
87,231,255,104,235,239
87,239,0,80,253,36
87,239,7,80,253,37
87,239,15,81,253,39
87,239,23,83,254,43
87,239,31,85,254,48
87,239,39,86,254,51
87,239,47,87,254,55
87,239,55,89,254,59
87,239,63,90,254,63
87,239,71,90,254,66
87,239,79,91,254,69
87,239,87,92,254,73
87,239,95,92,254,76
87,239,103,93,254,79
87,239,111,93,254,82
87,239,119,94,254,86
87,239,127,95,254,89
87,239,135,95,254,92
87,239,143,95,254,95
87,239,151,95,254,98
87,239,159,96,254,102
87,239,167,96,254,106
87,239,175,97,254,110
87,239,183,97,254,114
87,239,191,98,254,120
87,239,199,98,254,127
87,239,207,98,254,134
87,239,215,99,254,143
87,239,223,99,253,155
87,239,231,100,253,168
87,239,239,101,251,187
87,239,247,102,250,207
87,239,255,103,247,231
87,247,0,79,255,36
87,247,7,79,255,38
87,247,15,80,255,40
87,247,23,81,255,43
87,247,31,83,255,46
87,247,39,85,255,50
87,247,47,86,255,54
87,247,55,87,255,58
87,247,63,89,255,62
87,247,71,89,255,65
87,247,79,90,255,68
87,247,87,90,255,71
87,247,95,91,255,74
87,247,103,91,254,77
87,247,111,92,254,79
87,247,119,92,254,83
87,247,127,93,254,86
87,247,135,93,254,88
87,247,143,93,254,91
87,247,151,94,255,94
87,247,159,94,255,98
87,247,167,95,255,102
87,247,175,95,255,106
87,247,183,95,255,110
87,247,191,96,255,116
87,247,199,96,255,122
87,247,207,97,255,129
87,247,215,97,255,137
87,247,223,98,255,150
87,247,231,98,255,162
87,247,239,99,255,180
87,247,247,100,254,198
87,247,255,102,254,219
87,255,0,77,255,35
87,255,7,78,255,37
87,255,15,79,255,39
87,255,23,80,255,42
87,255,31,81,255,45
87,255,39,82,255,48
87,255,47,84,255,52
87,255,55,85,255,56
87,255,63,86,255,60
87,255,71,87,255,63
87,255,79,88,255,66
87,255,87,89,255,69
87,255,95,90,255,72
87,255,103,90,255,75
87,255,111,91,255,78
87,255,119,91,255,81
87,255,127,92,255,84
87,255,135,92,255,86
87,255,143,92,255,89
87,255,151,93,255,92
87,255,159,93,255,96
87,255,167,93,255,100
87,255,175,94,255,104
87,255,183,94,255,108
87,255,191,95,255,114
87,255,199,95,255,119
87,255,207,95,255,126
87,255,215,95,255,133
87,255,223,96,255,144
87,255,231,96,255,157
87,255,239,97,255,174
87,255,247,98,255,191
87,255,255,99,255,209
95,0,0,89,2,20
95,0,7,89,2,30
95,0,15,90,2,43
95,0,23,90,2,55
95,0,31,89,2,66
95,0,39,89,2,76
95,0,47,88,4,88
95,0,55,87,5,101
95,0,63,86,7,118
95,0,71,85,7,131
95,0,79,84,8,151
95,0,87,82,8,170
95,0,95,80,9,187
95,0,103,79,11,201
95,0,111,78,13,211
95,0,119,77,16,221
95,0,127,76,19,226
95,0,135,76,22,229
95,0,143,75,24,232
95,0,151,74,25,233
95,0,159,74,26,234
95,0,167,73,27,235
95,0,175,72,29,237
95,0,183,72,30,238
95,0,191,71,32,239
95,0,199,71,33,240
95,0,207,70,34,242
95,0,215,70,35,244
95,0,223,69,36,246
95,0,231,68,36,248
95,0,239,67,38,251
95,0,247,67,40,253
95,0,255,66,42,254
95,7,0,88,4,20
95,7,7,88,4,30
95,7,15,89,5,42
95,7,23,89,5,54
95,7,31,89,5,65
95,7,39,88,6,75
95,7,47,88,7,87
95,7,55,87,8,99
95,7,63,86,9,114
95,7,71,86,10,126
95,7,79,84,11,144
95,7,87,83,12,163
95,7,95,82,13,180
95,7,103,80,15,195
95,7,111,79,17,205
95,7,119,78,20,216
95,7,127,78,23,222
95,7,135,77,26,226
95,7,143,77,30,229
95,7,151,76,31,231
95,7,159,76,33,233
95,7,167,75,34,234
95,7,175,74,35,236
95,7,183,74,36,237
95,7,191,73,37,239
95,7,199,73,39,241
95,7,207,73,41,242
95,7,215,72,42,244
95,7,223,71,42,246
95,7,231,70,42,248
95,7,239,69,42,251
95,7,247,68,44,252
95,7,255,68,47,254
95,15,0,87,8,19
95,15,7,88,8,30
95,15,15,88,9,41
95,15,23,88,9,53
95,15,31,88,10,63
95,15,39,88,10,73
95,15,47,88,11,85
95,15,55,87,12,96
95,15,63,87,14,110
95,15,71,86,15,122
95,15,79,85,16,137
95,15,87,84,17,155
95,15,95,83,19,171
95,15,103,82,20,187
95,15,111,81,23,198
95,15,119,80,25,209
95,15,127,79,28,216
95,15,135,79,31,221
95,15,143,78,34,225
95,15,151,78,37,228
95,15,159,78,39,231
95,15,167,77,42,233
95,15,175,77,43,235
95,15,183,76,43,237
95,15,191,76,44,239
95,15,199,75,45,241
95,15,207,75,47,242
95,15,215,75,48,244
95,15,223,74,50,246
95,15,231,73,49,248
95,15,239,72,48,250
95,15,247,71,49,252
95,15,255,70,51,254
95,23,0,86,16,19
95,23,7,87,16,29
95,23,15,87,16,40
95,23,23,87,17,50
95,23,31,87,17,61
95,23,39,87,18,70
95,23,47,87,19,81
95,23,55,87,20,92
95,23,63,87,21,105
95,23,71,87,22,115
95,23,79,86,23,129
95,23,87,85,24,145
95,23,95,84,25,160
95,23,103,83,27,174
95,23,111,83,29,185
95,23,119,82,33,196
95,23,127,81,36,206
95,23,135,81,38,212
95,23,143,81,41,219
95,23,151,80,43,224
95,23,159,80,46,228
95,23,167,80,48,232
95,23,175,80,50,235
95,23,183,80,53,237
95,23,191,80,54,239
95,23,199,79,55,241
95,23,207,79,55,243
95,23,215,78,56,244
95,23,223,78,57,246
95,23,231,77,58,248
95,23,239,76,57,250
95,23,247,74,57,252
95,23,255,73,57,254
95,31,0,86,25,19
95,31,7,87,25,28
95,31,15,87,25,38
95,31,23,87,26,48
95,31,31,87,26,58
95,31,39,87,27,66
95,31,47,88,28,78
95,31,55,88,28,88
95,31,63,88,30,100
95,31,71,87,30,109
95,31,79,87,31,122
95,31,87,86,32,135
95,31,95,86,33,149
95,31,103,85,34,163
95,31,111,84,36,174
95,31,119,84,39,186
95,31,127,83,41,196
95,31,135,83,44,204
95,31,143,83,47,213
95,31,151,83,49,219
95,31,159,82,52,227
95,31,167,82,54,232
95,31,175,82,56,236
95,31,183,82,58,239
95,31,191,82,60,241
95,31,199,82,62,242
95,31,207,82,63,244
95,31,215,81,63,245
95,31,223,81,63,247
95,31,231,80,64,249
95,31,239,79,64,251
95,31,247,78,64,252
95,31,255,76,64,253
95,39,0,86,36,19
95,39,7,87,36,27
95,39,15,87,36,37
95,39,23,87,36,46
95,39,31,87,36,55
95,39,39,87,36,63
95,39,47,88,37,74
95,39,55,88,38,83
95,39,63,88,39,94
95,39,71,88,39,103
95,39,79,88,40,114
95,39,87,88,40,127
95,39,95,87,41,139
95,39,103,86,42,152
95,39,111,86,43,163
95,39,119,85,45,176
95,39,127,85,47,187
95,39,135,85,49,197
95,39,143,85,51,208
95,39,151,85,54,215
95,39,159,85,56,224
95,39,167,85,58,232
95,39,175,85,60,236
95,39,183,85,62,239
95,39,191,85,64,242
95,39,199,85,66,243
95,39,207,85,67,244
95,39,215,84,68,246
95,39,223,84,69,248
95,39,231,83,69,249
95,39,239,82,69,251
95,39,247,81,69,252
95,39,255,80,69,254
95,47,0,87,46,20
95,47,7,88,46,27
95,47,15,88,45,36
95,47,23,88,45,45
95,47,31,88,46,53
95,47,39,88,46,61
95,47,47,88,47,71
95,47,55,88,47,79
95,47,63,89,47,90
95,47,71,89,48,98
95,47,79,89,48,109
95,47,87,88,48,120
95,47,95,88,48,131
95,47,103,88,49,143
95,47,111,87,50,154
95,47,119,87,51,167
95,47,127,87,53,179
95,47,135,87,54,189
95,47,143,86,56,201
95,47,151,86,58,211
95,47,159,86,60,221
95,47,167,87,62,229
95,47,175,87,64,236
95,47,183,87,66,239
95,47,191,87,68,242
95,47,199,87,70,244
95,47,207,87,71,245
95,47,215,87,72,246
95,47,223,86,72,248
95,47,231,86,73,250
95,47,239,85,73,251
95,47,247,84,73,252
95,47,255,82,73,254
95,55,0,88,56,20
95,55,7,88,56,28
95,55,15,89,55,35
95,55,23,89,55,44
95,55,31,89,55,52
95,55,39,89,56,59
95,55,47,89,56,68
95,55,55,89,56,76
95,55,63,89,56,86
95,55,71,89,57,94
95,55,79,89,57,103
95,55,87,89,57,113
95,55,95,89,57,124
95,55,103,89,57,135
95,55,111,88,57,145
95,55,119,88,58,157
95,55,127,88,59,170
95,55,135,88,60,180
95,55,143,88,62,193
95,55,151,88,63,204
95,55,159,88,65,216
95,55,167,88,67,226
95,55,175,88,68,234
95,55,183,89,70,240
95,55,191,89,72,242
95,55,199,89,73,244
95,55,207,89,74,245
95,55,215,89,75,247
95,55,223,88,75,248
95,55,231,88,75,250
95,55,239,87,75,252
95,55,247,86,75,253
95,55,255,85,76,254
95,63,0,89,65,21
95,63,7,89,65,28
95,63,15,89,64,35
95,63,23,90,64,44
95,63,31,90,64,51
95,63,39,90,65,58
95,63,47,90,65,66
95,63,55,90,65,74
95,63,63,90,65,83
95,63,71,90,65,90
95,63,79,90,65,99
95,63,87,90,65,108
95,63,95,90,65,117
95,63,103,90,64,128
95,63,111,90,65,137
95,63,119,89,65,149
95,63,127,89,65,160
95,63,135,89,66,171
95,63,143,89,67,184
95,63,151,89,68,196
95,63,159,90,70,209
95,63,167,90,71,222
95,63,175,90,72,231
95,63,183,90,74,238
95,63,191,90,75,243
95,63,199,91,76,245
95,63,207,91,78,246
95,63,215,90,78,247
95,63,223,90,78,249
95,63,231,89,78,250
95,63,239,89,78,252
95,63,247,88,78,253
95,63,255,86,77,254
95,71,0,90,75,22
95,71,7,90,75,28
95,71,15,91,75,36
95,71,23,91,75,43
95,71,31,91,75,50
95,71,39,91,75,57
95,71,47,91,75,65
95,71,55,91,75,72
95,71,63,91,75,80
95,71,71,91,75,87
95,71,79,91,75,95
95,71,87,92,74,103
95,71,95,92,74,111
95,71,103,92,74,120
95,71,111,91,74,129
95,71,119,91,74,140
95,71,127,91,74,151
95,71,135,91,74,160
95,71,143,91,75,174
95,71,151,91,75,185
95,71,159,91,76,199
95,71,167,91,77,213
95,71,175,91,78,226
95,71,183,92,79,234
95,71,191,92,80,240
95,71,199,92,81,245
95,71,207,92,81,246
95,71,215,92,82,247
95,71,223,92,82,249
95,71,231,91,82,251
95,71,239,90,81,252
95,71,247,89,81,253
95,71,255,88,79,254
95,79,0,90,83,22
95,79,7,91,83,27
95,79,15,91,83,35
95,79,23,92,83,43
95,79,31,92,83,50
95,79,39,92,83,56
95,79,47,92,83,64
95,79,55,92,83,71
95,79,63,92,83,79
95,79,71,92,83,85
95,79,79,93,82,92
95,79,87,93,82,100
95,79,95,93,82,107
95,79,103,93,81,116
95,79,111,93,81,124
95,79,119,93,81,134
95,79,127,93,81,144
95,79,135,92,81,153
95,79,143,92,81,165
95,79,151,92,81,177
95,79,159,92,82,191
95,79,167,93,82,205
95,79,175,93,82,218
95,79,183,93,83,230
95,79,191,93,84,237
95,79,199,93,84,243
95,79,207,93,85,246
95,79,215,93,85,248
95,79,223,93,85,249
95,79,231,92,85,251
95,79,239,92,84,253
95,79,247,91,83,253
95,79,255,89,81,254
95,87,0,91,93,22
95,87,7,92,92,29
95,87,15,92,92,35
95,87,23,93,92,44
95,87,31,93,92,50
95,87,39,93,92,56
95,87,47,93,92,63
95,87,55,93,92,70
95,87,63,94,92,77
95,87,71,94,91,83
95,87,79,94,91,90
95,87,87,94,91,97
95,87,95,95,90,104
95,87,103,95,90,111
95,87,111,95,90,118
95,87,119,95,89,128
95,87,127,94,89,137
95,87,135,94,89,145
95,87,143,94,88,157
95,87,151,94,88,167
95,87,159,94,88,181
95,87,167,94,88,195
95,87,175,94,88,209
95,87,183,94,88,221
95,87,191,94,89,234
95,87,199,95,89,240
95,87,207,95,89,246
95,87,215,95,89,248
95,87,223,94,89,250
95,87,231,94,89,251
95,87,239,93,88,253
95,87,247,92,87,253
95,87,255,91,84,254
95,95,0,91,100,23
95,95,7,92,100,29
95,95,15,93,100,36
95,95,23,94,100,44
95,95,31,94,100,50
95,95,39,94,100,56
95,95,47,95,100,63
95,95,55,95,100,69
95,95,63,95,99,77
95,95,71,95,99,82
95,95,79,96,99,89
95,95,87,96,98,95
95,95,95,96,98,101
95,95,103,96,97,108
95,95,111,96,97,115
95,95,119,96,97,123
95,95,127,96,96,131
95,95,135,96,96,139
95,95,143,96,95,150
95,95,151,96,95,160
95,95,159,96,94,173
95,95,167,95,94,187
95,95,175,95,94,201
95,95,183,95,94,214
95,95,191,95,94,227
95,95,199,96,93,237
95,95,207,96,93,243
95,95,215,96,93,248
95,95,223,95,93,250
95,95,231,95,92,251
95,95,239,94,91,253
95,95,247,94,91,254
95,95,255,92,89,254
95,103,0,92,109,24
95,103,7,93,108,29
95,103,15,94,108,37
95,103,23,95,108,44
95,103,31,95,108,51
95,103,39,96,108,56
95,103,47,96,108,63
95,103,55,96,108,69
95,103,63,96,107,76
95,103,71,97,107,81
95,103,79,97,106,88
95,103,87,98,106,94
95,103,95,98,105,100
95,103,103,98,105,106
95,103,111,98,104,112
95,103,119,98,104,120
95,103,127,98,103,127
95,103,135,98,103,134
95,103,143,98,102,144
95,103,151,97,102,153
95,103,159,97,101,166
95,103,167,97,100,179
95,103,175,97,100,193
95,103,183,97,99,207
95,103,191,97,99,221
95,103,199,97,98,232
95,103,207,97,98,241
95,103,215,97,97,246
95,103,223,96,96,250
95,103,231,96,96,252
95,103,239,96,95,253
95,103,247,95,94,254
95,103,255,94,93,254
95,111,0,92,117,23
95,111,7,93,117,29
95,111,15,94,117,37
95,111,23,95,116,44
95,111,31,96,116,51
95,111,39,96,116,56
95,111,47,97,116,63
95,111,55,97,116,69
95,111,63,98,115,76
95,111,71,98,115,81
95,111,79,99,114,87
95,111,87,99,114,93
95,111,95,99,113,98
95,111,103,99,113,104
95,111,111,99,112,110
95,111,119,99,111,117
95,111,127,99,111,124
95,111,135,99,110,130
95,111,143,99,110,139
95,111,151,99,109,147
95,111,159,99,108,159
95,111,167,99,108,172
95,111,175,98,107,185
95,111,183,98,106,199
95,111,191,98,105,214
95,111,199,98,104,226
95,111,207,98,103,236
95,111,215,98,102,244
95,111,223,98,101,249
95,111,231,97,100,252
95,111,239,96,98,253
95,111,247,96,97,254
95,111,255,95,96,254
95,119,0,93,125,24
95,119,7,94,124,29
95,119,15,95,124,36
95,119,23,96,124,45
95,119,31,96,124,51
95,119,39,97,124,56
95,119,47,98,123,63
95,119,55,98,123,68
95,119,63,99,123,75
95,119,71,99,122,80
95,119,79,99,122,86
95,119,87,100,121,92
95,119,95,100,120,97
95,119,103,100,120,103
95,119,111,100,119,108
95,119,119,100,118,115
95,119,127,101,118,121
95,119,135,101,117,127
95,119,143,101,116,135
95,119,151,100,116,143
95,119,159,100,115,153
95,119,167,100,114,165
95,119,175,100,113,179
95,119,183,99,112,192
95,119,191,99,111,207
95,119,199,99,109,222
95,119,207,99,108,232
95,119,215,99,107,242
95,119,223,98,105,248
95,119,231,98,104,251
95,119,239,98,102,253
95,119,247,97,101,254
95,119,255,96,99,254
95,127,0,93,133,26
95,127,7,94,133,31
95,127,15,95,133,37
95,127,23,96,133,45
95,127,31,97,133,51
95,127,39,98,133,56
95,127,47,98,132,62
95,127,55,99,132,68
95,127,63,100,131,75
95,127,71,100,131,80
95,127,79,101,130,86
95,127,87,101,130,91
95,127,95,101,129,96
95,127,103,102,128,102
95,127,111,102,127,107
95,127,119,102,126,113
95,127,127,102,126,119
95,127,135,102,125,124
95,127,143,102,125,132
95,127,151,102,124,138
95,127,159,102,123,148
95,127,167,102,122,158
95,127,175,101,121,171
95,127,183,101,120,184
95,127,191,101,118,200
95,127,199,100,116,215
95,127,207,100,114,228
95,127,215,100,112,237
95,127,223,100,110,247
95,127,231,99,109,250
95,127,239,99,107,253
95,127,247,98,105,254
95,127,255,97,103,254
95,135,0,93,142,26
95,135,7,93,142,32
95,135,15,94,141,37
95,135,23,96,141,44
95,135,31,97,141,52
95,135,39,98,141,56
95,135,47,99,141,62
95,135,55,100,140,68
95,135,63,100,140,74
95,135,71,101,139,79
95,135,79,101,139,85
95,135,87,102,138,90
95,135,95,103,137,96
95,135,103,103,136,101
95,135,111,103,135,105
95,135,119,103,134,111
95,135,127,103,134,117
95,135,135,103,133,122
95,135,143,103,132,129
95,135,151,103,131,135
95,135,159,103,131,143
95,135,167,103,130,154
95,135,175,102,129,165
95,135,183,102,127,178
95,135,191,102,125,194
95,135,199,101,123,209
95,135,207,101,120,223
95,135,215,101,118,234
95,135,223,100,116,243
95,135,231,100,114,249
95,135,239,100,111,252
95,135,247,99,109,254
95,135,255,99,107,254
95,143,0,92,151,27
95,143,7,93,151,32
95,143,15,94,150,39
95,143,23,96,150,45
95,143,31,97,150,51
95,143,39,98,150,56
95,143,47,99,150,62
95,143,55,100,149,68
95,143,63,101,148,74
95,143,71,102,148,79
95,143,79,102,147,84
95,143,87,103,147,90
95,143,95,103,146,95
95,143,103,103,145,100
95,143,111,104,144,104
95,143,119,104,143,110
95,143,127,104,142,115
95,143,135,104,141,120
95,143,143,104,140,127
95,143,151,104,140,132
95,143,159,104,139,140
95,143,167,104,138,149
95,143,175,104,137,160
95,143,183,103,135,171
95,143,191,103,133,187
95,143,199,103,130,203
95,143,207,102,128,217
95,143,215,102,125,230
95,143,223,101,122,240
95,143,231,101,119,247
95,143,239,100,116,252
95,143,247,100,114,254
95,143,255,100,110,255
95,151,0,92,161,27
95,151,7,93,161,32
95,151,15,94,160,38
95,151,23,95,159,45
95,151,31,97,159,51
95,151,39,98,159,56
95,151,47,99,159,62
95,151,55,100,159,67
95,151,63,101,158,74
95,151,71,102,157,78
95,151,79,103,157,84
95,151,87,103,156,89
95,151,95,104,155,94
95,151,103,104,154,99
95,151,111,104,153,103
95,151,119,104,152,109
95,151,127,105,151,114
95,151,135,105,150,118
95,151,143,105,149,124
95,151,151,105,149,130
95,151,159,105,148,137
95,151,167,105,147,146
95,151,175,105,145,155
95,151,183,104,144,167
95,151,191,104,142,180
95,151,199,103,139,196
95,151,207,103,136,211
95,151,215,103,133,223
95,151,223,102,129,238
95,151,231,102,125,245
95,151,239,101,122,251
95,151,247,101,118,254
95,151,255,101,115,255
95,159,0,91,171,27
95,159,7,92,171,31
95,159,15,93,170,37
95,159,23,95,169,46
95,159,31,96,169,51
95,159,39,98,169,56
95,159,47,99,169,62
95,159,55,100,169,67
95,159,63,101,168,74
95,159,71,102,168,78
95,159,79,103,167,83
95,159,87,103,166,89
95,159,95,104,165,93
95,159,103,104,164,98
95,159,111,105,163,103
95,159,119,105,162,108
95,159,127,105,161,113
95,159,135,105,160,117
95,159,143,105,159,122
95,159,151,105,158,128
95,159,159,106,157,135
95,159,167,106,156,143
95,159,175,105,155,152
95,159,183,105,153,162
95,159,191,105,151,175
95,159,199,104,148,189
95,159,207,104,145,204
95,159,215,103,141,217
95,159,223,103,137,232
95,159,231,103,132,242
95,159,239,102,128,250
95,159,247,102,124,253
95,159,255,102,120,255
95,167,0,90,180,27
95,167,7,91,180,30
95,167,15,92,180,36
95,167,23,94,180,45
95,167,31,96,179,51
95,167,39,97,179,56
95,167,47,99,179,62
95,167,55,100,179,67
95,167,63,101,178,73
95,167,71,102,178,78
95,167,79,103,177,83
95,167,87,104,176,88
95,167,95,104,175,93
95,167,103,104,174,97
95,167,111,105,173,102
95,167,119,105,172,107
95,167,127,105,171,112
95,167,135,106,171,116
95,167,143,106,170,121
95,167,151,106,169,126
95,167,159,106,168,132
95,167,167,106,166,139
95,167,175,106,165,148
95,167,183,106,163,157
95,167,191,106,161,169
95,167,199,105,158,182
95,167,207,105,155,197
95,167,215,105,151,211
95,167,223,104,145,227
95,167,231,103,141,239
95,167,239,103,135,248
95,167,247,103,131,253
95,167,255,102,126,255
95,175,0,89,190,28
95,175,7,90,190,32
95,175,15,92,190,37
95,175,23,94,190,44
95,175,31,96,190,52
95,175,39,97,190,56
95,175,47,99,190,62
95,175,55,100,189,67
95,175,63,101,189,73
95,175,71,102,188,77
95,175,79,103,188,83
95,175,87,104,187,88
95,175,95,104,186,92
95,175,103,105,185,97
95,175,111,105,184,101
95,175,119,105,183,106
95,175,127,105,182,110
95,175,135,106,181,114
95,175,143,106,180,119
95,175,151,106,180,124
95,175,159,107,178,130
95,175,167,107,177,136
95,175,175,107,176,144
95,175,183,106,174,153
95,175,191,106,172,163
95,175,199,106,169,177
95,175,207,106,166,190
95,175,215,105,161,204
95,175,223,105,156,221
95,175,231,105,150,234
95,175,239,104,143,246
95,175,247,104,138,252
95,175,255,103,133,255
95,183,0,89,202,31
95,183,7,90,202,34
95,183,15,91,202,39
95,183,23,93,202,45
95,183,31,95,202,51
95,183,39,97,202,56
95,183,47,99,202,62
95,183,55,100,202,67
95,183,63,101,201,73
95,183,71,102,201,77
95,183,79,102,200,82
95,183,87,103,199,87
95,183,95,104,198,91
95,183,103,104,197,96
95,183,111,105,196,100
95,183,119,105,196,105
95,183,127,106,195,109
95,183,135,106,194,113
95,183,143,106,193,118
95,183,151,106,192,122
95,183,159,106,191,127
95,183,167,107,190,133
95,183,175,107,189,140
95,183,183,107,187,148
95,183,191,107,185,158
95,183,199,107,182,169
95,183,207,106,179,182
95,183,215,106,175,196
95,183,223,106,168,213
95,183,231,105,162,227
95,183,239,105,154,242
95,183,247,104,148,250
95,183,255,104,141,255
95,191,0,88,213,31
95,191,7,89,213,35
95,191,15,91,213,40
95,191,23,93,213,45
95,191,31,94,213,51
95,191,39,96,214,56
95,191,47,98,213,61
95,191,55,99,213,66
95,191,63,100,212,72
95,191,71,101,212,76
95,191,79,102,212,81
95,191,87,103,211,86
95,191,95,103,210,90
95,191,103,104,209,95
95,191,111,104,208,99
95,191,119,105,207,103
95,191,127,105,206,107
95,191,135,105,206,111
95,191,143,106,205,116
95,191,151,106,204,120
95,191,159,106,203,125
95,191,167,107,202,130
95,191,175,107,201,136
95,191,183,107,199,143
95,191,191,107,198,152
95,191,199,107,195,163
95,191,207,107,192,174
95,191,215,106,188,188
95,191,223,106,182,205
95,191,231,106,176,220
95,191,239,106,167,236
95,191,247,105,160,249
95,191,255,105,151,253
95,199,0,87,223,32
95,199,7,88,223,35
95,199,15,90,223,39
95,199,23,92,223,46
95,199,31,94,224,51
95,199,39,95,224,55
95,199,47,97,224,61
95,199,55,98,223,66
95,199,63,100,222,71
95,199,71,100,222,75
95,199,79,101,221,80
95,199,87,102,221,85
95,199,95,103,220,89
95,199,103,104,220,94
95,199,111,104,219,97
95,199,119,104,218,102
95,199,127,105,217,106
95,199,135,105,216,109
95,199,143,105,215,113
95,199,151,105,215,117
95,199,159,106,214,123
95,199,167,106,213,128
95,199,175,107,213,133
95,199,183,107,211,139
95,199,191,107,210,147
95,199,199,107,208,156
95,199,207,107,205,167
95,199,215,107,202,180
95,199,223,107,196,197
95,199,231,106,190,212
95,199,239,107,182,230
95,199,247,107,173,245
95,199,255,106,164,253
95,207,0,87,231,33
95,207,7,87,231,35
95,207,15,89,231,39
95,207,23,91,232,45
95,207,31,93,232,51
95,207,39,95,233,55
95,207,47,97,233,61
95,207,55,98,233,65
95,207,63,99,232,71
95,207,71,100,231,75
95,207,79,101,231,79
95,207,87,101,230,84
95,207,95,102,229,88
95,207,103,102,229,92
95,207,111,103,228,95
95,207,119,104,228,100
95,207,127,104,228,104
95,207,135,105,227,107
95,207,143,105,226,111
95,207,151,105,226,115
95,207,159,105,225,120
95,207,167,106,224,125
95,207,175,106,223,130
95,207,183,106,222,135
95,207,191,107,222,143
95,207,199,107,220,151
95,207,207,107,218,160
95,207,215,107,215,172
95,207,223,107,210,189
95,207,231,107,205,204
95,207,239,107,196,224
95,207,247,107,188,240
95,207,255,108,178,252
95,215,0,86,238,34
95,215,7,87,239,36
95,215,15,88,239,39
95,215,23,90,239,44
95,215,31,92,240,50
95,215,39,94,241,55
95,215,47,95,241,60
95,215,55,97,241,64
95,215,63,98,241,69
95,215,71,99,241,73
95,215,79,100,240,78
95,215,87,101,240,82
95,215,95,101,240,86
95,215,103,101,239,90
95,215,111,102,238,93
95,215,119,102,238,97
95,215,127,103,237,101
95,215,135,103,237,104
95,215,143,104,237,109
95,215,151,104,237,112
95,215,159,105,236,117
95,215,167,105,236,122
95,215,175,105,235,126
95,215,183,106,234,131
95,215,191,106,233,138
95,215,199,106,232,145
95,215,207,107,231,154
95,215,215,107,230,164
95,215,223,107,225,180
95,215,231,107,221,196
95,215,239,107,214,216
95,215,247,108,206,236
95,215,255,108,197,249
95,223,0,85,246,35
95,223,7,86,246,37
95,223,15,88,246,41
95,223,23,89,246,45
95,223,31,91,247,49
95,223,39,92,247,54
95,223,47,94,248,59
95,223,55,95,247,63
95,223,63,97,247,68
95,223,71,97,247,71
95,223,79,98,247,76
95,223,87,99,248,80
95,223,95,99,248,83
95,223,103,100,248,87
95,223,111,101,247,91
95,223,119,101,247,95
95,223,127,102,247,98
95,223,135,102,246,101
95,223,143,102,246,105
95,223,151,103,246,108
95,223,159,103,245,113
95,223,167,103,245,117
95,223,175,104,245,122
95,223,183,104,245,127
95,223,191,105,244,133
95,223,199,105,243,140
95,223,207,106,242,147
95,223,215,106,241,157
95,223,223,106,239,172
95,223,231,107,236,186
95,223,239,107,231,207
95,223,247,108,225,227
95,223,255,109,217,249
95,231,0,83,250,35
95,231,7,84,250,37
95,231,15,86,250,40
95,231,23,88,251,45
95,231,31,89,251,49
95,231,39,91,251,53
95,231,47,93,252,58
95,231,55,94,252,62
95,231,63,95,252,66
95,231,71,96,252,70
95,231,79,97,252,74
95,231,87,98,252,78
95,231,95,98,252,81
95,231,103,99,252,85
95,231,111,99,252,88
95,231,119,100,252,92
95,231,127,100,252,95
95,231,135,100,252,98
95,231,143,101,252,101
95,231,151,102,252,105
95,231,159,102,251,109
95,231,167,102,251,113
95,231,175,103,251,117
95,231,183,103,251,122
95,231,191,103,251,128
95,231,199,104,250,135
95,231,207,104,250,143
95,231,215,105,249,152
95,231,223,105,247,165
95,231,231,106,246,178
95,231,239,106,243,198
95,231,247,107,239,220
95,231,255,108,234,240
95,239,0,83,253,36
95,239,7,83,253,37
95,239,15,84,253,40
95,239,23,86,254,44
95,239,31,88,254,49
95,239,39,89,254,52
95,239,47,91,254,56
95,239,55,92,254,60
95,239,63,93,254,64
95,239,71,94,254,68
95,239,79,95,254,71
95,239,87,96,254,75
95,239,95,96,254,78
95,239,103,97,254,82
95,239,111,98,254,85
95,239,119,98,254,88
95,239,127,99,254,91
95,239,135,99,254,94
95,239,143,99,254,98
95,239,151,100,254,101
95,239,159,100,254,104
95,239,167,100,254,108
95,239,175,101,254,113
95,239,183,101,254,117
95,239,191,102,254,123
95,239,199,102,254,130
95,239,207,103,254,137
95,239,215,103,254,146
95,239,223,103,253,158
95,239,231,104,253,171
95,239,239,105,251,190
95,239,247,106,250,209
95,239,255,107,247,233
95,247,0,82,255,37
95,247,7,83,255,39
95,247,15,83,255,41
95,247,23,85,255,44
95,247,31,86,255,47
95,247,39,88,255,51
95,247,47,89,255,55
95,247,55,91,255,59
95,247,63,92,255,63
95,247,71,93,255,66
95,247,79,93,255,69
95,247,87,94,255,73
95,247,95,95,255,76
95,247,103,95,254,79
95,247,111,96,254,82
95,247,119,96,254,85
95,247,127,97,254,88
95,247,135,97,254,91
95,247,143,98,254,94
95,247,151,98,255,97
95,247,159,98,255,101
95,247,167,99,255,104
95,247,175,99,255,109
95,247,183,99,255,113
95,247,191,100,255,119
95,247,199,100,255,125
95,247,207,101,255,132
95,247,215,101,255,140
95,247,223,102,255,152
95,247,231,102,255,164
95,247,239,103,255,182
95,247,247,104,254,200
95,247,255,106,254,221
95,255,0,80,255,36
95,255,7,81,255,37
95,255,15,82,255,40
95,255,23,83,255,43
95,255,31,84,255,46
95,255,39,85,255,49
95,255,47,87,255,54
95,255,55,88,255,57
95,255,63,90,255,61
95,255,71,91,255,65
95,255,79,92,255,68
95,255,87,93,255,71
95,255,95,94,255,74
95,255,103,94,255,77
95,255,111,95,255,80
95,255,119,95,255,83
95,255,127,96,255,86
95,255,135,96,255,89
95,255,143,96,255,92
95,255,151,97,255,95
95,255,159,97,255,99
95,255,167,98,255,103
95,255,175,98,255,107
95,255,183,99,255,111
95,255,191,99,255,116
95,255,199,99,255,122
95,255,207,99,255,129
95,255,215,99,255,136
95,255,223,100,255,147
95,255,231,100,255,159
95,255,239,101,255,176
95,255,247,102,255,193
95,255,255,103,255,211
103,0,0,94,1,20
103,0,7,95,1,32
103,0,15,96,1,44
103,0,23,96,2,56
103,0,31,95,2,67
103,0,39,95,3,77
103,0,47,94,4,89
103,0,55,93,5,102
103,0,63,92,6,118
103,0,71,91,7,133
103,0,79,90,7,151
103,0,87,88,8,170
103,0,95,87,10,187
103,0,103,86,11,203
103,0,111,84,14,213
103,0,119,83,17,223
103,0,127,82,19,228
103,0,135,81,21,230
103,0,143,80,23,232
103,0,151,79,25,234
103,0,159,78,26,235
103,0,167,77,28,236
103,0,175,77,30,237
103,0,183,76,31,238
103,0,191,75,33,239
103,0,199,74,35,241
103,0,207,74,35,243
103,0,215,73,35,244
103,0,223,72,36,247
103,0,231,71,37,249
103,0,239,70,38,251
103,0,247,69,41,253
103,0,255,68,42,254
103,7,0,94,4,20
103,7,7,94,4,31
103,7,15,95,4,43
103,7,23,95,4,55
103,7,31,95,5,66
103,7,39,94,5,75
103,7,47,94,6,88
103,7,55,93,8,99
103,7,63,92,9,114
103,7,71,91,10,127
103,7,79,90,11,144
103,7,87,89,12,163
103,7,95,88,14,180
103,7,103,87,15,196
103,7,111,86,17,208
103,7,119,84,21,218
103,7,127,83,24,224
103,7,135,83,27,227
103,7,143,82,29,229
103,7,151,81,31,231
103,7,159,80,32,233
103,7,167,79,34,235
103,7,175,79,35,236
103,7,183,78,37,238
103,7,191,77,38,239
103,7,199,76,40,241
103,7,207,76,42,242
103,7,215,75,42,244
103,7,223,74,42,247
103,7,231,73,42,249
103,7,239,72,42,251
103,7,247,71,45,253
103,7,255,70,46,254
103,15,0,93,7,20
103,15,7,94,8,31
103,15,15,94,8,42
103,15,23,94,9,53
103,15,31,94,9,64
103,15,39,94,10,73
103,15,47,93,11,85
103,15,55,93,12,96
103,15,63,92,14,110
103,15,71,92,15,121
103,15,79,91,16,136
103,15,87,90,17,155
103,15,95,89,18,172
103,15,103,88,20,187
103,15,111,87,22,199
103,15,119,86,26,209
103,15,127,85,29,217
103,15,135,84,32,221
103,15,143,83,35,225
103,15,151,83,38,228
103,15,159,82,40,231
103,15,167,81,41,234
103,15,175,81,42,236
103,15,183,80,43,238
103,15,191,79,45,239
103,15,199,79,46,241
103,15,207,78,48,243
103,15,215,78,50,244
103,15,223,77,49,246
103,15,231,76,48,248
103,15,239,74,48,251
103,15,247,73,49,253
103,15,255,72,52,254
103,23,0,92,15,20
103,23,7,92,16,30
103,23,15,93,16,41
103,23,23,93,17,51
103,23,31,93,17,61
103,23,39,93,18,70
103,23,47,93,19,82
103,23,55,93,20,92
103,23,63,93,21,105
103,23,71,92,22,116
103,23,79,92,23,129
103,23,87,91,24,145
103,23,95,90,25,160
103,23,103,89,27,174
103,23,111,88,29,185
103,23,119,87,32,197
103,23,127,87,35,206
103,23,135,86,38,213
103,23,143,85,41,219
103,23,151,85,43,224
103,23,159,84,46,229
103,23,167,84,49,233
103,23,175,84,51,235
103,23,183,83,53,238
103,23,191,83,54,240
103,23,199,82,55,241
103,23,207,82,56,243
103,23,215,81,56,245
103,23,223,80,57,247
103,23,231,80,58,248
103,23,239,78,57,251
103,23,247,77,56,252
103,23,255,75,57,254
103,31,0,92,24,20
103,31,7,92,24,29
103,31,15,93,25,40
103,31,23,93,25,50
103,31,31,93,26,59
103,31,39,93,26,67
103,31,47,93,27,79
103,31,55,93,28,88
103,31,63,93,29,100
103,31,71,93,30,110
103,31,79,92,31,122
103,31,87,92,32,136
103,31,95,91,33,150
103,31,103,90,34,163
103,31,111,90,36,174
103,31,119,89,38,187
103,31,127,88,41,197
103,31,135,88,44,205
103,31,143,87,47,214
103,31,151,87,49,220
103,31,159,86,51,227
103,31,167,86,54,233
103,31,175,86,56,236
103,31,183,86,58,239
103,31,191,85,60,241
103,31,199,85,62,242
103,31,207,85,63,244
103,31,215,84,63,245
103,31,223,83,64,247
103,31,231,82,64,249
103,31,239,81,64,251
103,31,247,80,64,252
103,31,255,78,64,254
103,39,0,92,35,21
103,39,7,92,35,29
103,39,15,93,35,38
103,39,23,93,35,48
103,39,31,93,36,57
103,39,39,93,36,64
103,39,47,93,37,75
103,39,55,93,38,84
103,39,63,94,38,95
103,39,71,93,39,104
103,39,79,93,39,115
103,39,87,93,40,128
103,39,95,92,41,140
103,39,103,92,42,152
103,39,111,91,43,163
103,39,119,91,45,177
103,39,127,90,47,188
103,39,135,90,49,197
103,39,143,89,52,208
103,39,151,89,54,216
103,39,159,89,56,224
103,39,167,88,58,232
103,39,175,88,61,237
103,39,183,88,62,239
103,39,191,88,64,242
103,39,199,88,66,243
103,39,207,87,68,245
103,39,215,87,69,246
103,39,223,86,69,248
103,39,231,85,69,249
103,39,239,84,69,251
103,39,247,83,69,252
103,39,255,82,70,254
103,47,0,92,45,21
103,47,7,93,45,29
103,47,15,93,45,37
103,47,23,93,45,46
103,47,31,93,45,55
103,47,39,93,45,62
103,47,47,93,46,72
103,47,55,94,46,80
103,47,63,94,47,91
103,47,71,94,47,99
103,47,79,94,47,109
103,47,87,93,48,121
103,47,95,93,48,132
103,47,103,93,49,144
103,47,111,92,49,154
103,47,119,92,51,168
103,47,127,91,53,180
103,47,135,91,54,190
103,47,143,91,56,202
103,47,151,91,58,211
103,47,159,90,60,221
103,47,167,90,62,229
103,47,175,90,64,236
103,47,183,90,66,240
103,47,191,90,68,242
103,47,199,90,70,244
103,47,207,90,71,245
103,47,215,89,72,246
103,47,223,88,73,248
103,47,231,88,73,250
103,47,239,87,73,251
103,47,247,86,73,253
103,47,255,84,73,254
103,55,0,93,55,22
103,55,7,93,54,29
103,55,15,94,54,37
103,55,23,94,54,45
103,55,31,94,54,53
103,55,39,94,55,60
103,55,47,94,55,69
103,55,55,94,55,77
103,55,63,94,56,87
103,55,71,94,56,94
103,55,79,94,56,104
103,55,87,94,56,114
103,55,95,94,56,125
103,55,103,94,56,135
103,55,111,93,57,146
103,55,119,93,57,158
103,55,127,93,59,170
103,55,135,93,60,181
103,55,143,92,61,194
103,55,151,92,63,204
103,55,159,92,65,217
103,55,167,92,66,227
103,55,175,92,68,234
103,55,183,92,70,240
103,55,191,92,72,243
103,55,199,92,73,244
103,55,207,92,74,245
103,55,215,91,75,247
103,55,223,91,76,248
103,55,231,90,76,250
103,55,239,89,76,252
103,55,247,88,76,253
103,55,255,87,76,254
103,63,0,94,64,21
103,63,7,94,63,28
103,63,15,95,63,37
103,63,23,95,63,45
103,63,31,95,63,52
103,63,39,95,64,59
103,63,47,94,64,67
103,63,55,94,64,75
103,63,63,95,64,84
103,63,71,95,64,91
103,63,79,95,64,100
103,63,87,95,64,109
103,63,95,95,64,118
103,63,103,95,64,128
103,63,111,95,64,137
103,63,119,94,64,150
103,63,127,94,65,161
103,63,135,94,66,172
103,63,143,94,67,185
103,63,151,94,68,196
103,63,159,94,69,210
103,63,167,94,71,223
103,63,175,93,72,232
103,63,183,93,74,238
103,63,191,93,75,243
103,63,199,93,76,245
103,63,207,93,77,246
103,63,215,93,78,247
103,63,223,92,78,249
103,63,231,92,78,251
103,63,239,91,78,252
103,63,247,90,78,253
103,63,255,88,77,254
103,71,0,95,74,22
103,71,7,95,74,28
103,71,15,96,73,36
103,71,23,96,73,44
103,71,31,96,74,51
103,71,39,96,74,57
103,71,47,96,74,66
103,71,55,96,74,73
103,71,63,96,74,81
103,71,71,96,74,88
103,71,79,96,74,95
103,71,87,96,73,104
103,71,95,96,73,112
103,71,103,96,73,121
103,71,111,96,73,130
103,71,119,96,73,140
103,71,127,96,73,152
103,71,135,95,73,161
103,71,143,95,74,174
103,71,151,95,75,186
103,71,159,95,75,200
103,71,167,95,76,213
103,71,175,95,77,226
103,71,183,95,78,235
103,71,191,95,79,241
103,71,199,95,81,245
103,71,207,95,81,246
103,71,215,95,82,247
103,71,223,94,82,249
103,71,231,93,82,251
103,71,239,92,81,252
103,71,247,91,81,253
103,71,255,90,79,254
103,79,0,95,82,22
103,79,7,96,81,29
103,79,15,96,81,36
103,79,23,97,81,44
103,79,31,97,82,51
103,79,39,97,82,57
103,79,47,97,82,65
103,79,55,97,81,71
103,79,63,97,81,79
103,79,71,97,81,86
103,79,79,97,81,93
103,79,87,97,81,101
103,79,95,97,81,108
103,79,103,97,80,117
103,79,111,97,80,124
103,79,119,97,80,135
103,79,127,97,80,145
103,79,135,97,80,154
103,79,143,97,80,166
103,79,151,97,80,177
103,79,159,96,81,192
103,79,167,96,81,205
103,79,175,96,82,218
103,79,183,96,83,230
103,79,191,96,83,238
103,79,199,96,84,243
103,79,207,96,85,247
103,79,215,96,85,248
103,79,223,95,85,249
103,79,231,95,85,251
103,79,239,94,84,253
103,79,247,93,83,253
103,79,255,91,81,254
103,87,0,96,90,23
103,87,7,97,90,30
103,87,15,97,91,36
103,87,23,98,91,45
103,87,31,98,91,51
103,87,39,98,91,57
103,87,47,98,91,64
103,87,55,98,90,70
103,87,63,98,90,78
103,87,71,98,90,84
103,87,79,98,90,91
103,87,87,99,89,98
103,87,95,99,89,105
103,87,103,99,89,112
103,87,111,99,88,119
103,87,119,99,88,128
103,87,127,99,88,138
103,87,135,99,88,146
103,87,143,98,88,158
103,87,151,98,87,168
103,87,159,98,87,182
103,87,167,98,88,196
103,87,175,98,88,210
103,87,183,98,88,221
103,87,191,98,88,234
103,87,199,98,89,241
103,87,207,97,89,246
103,87,215,97,89,249
103,87,223,97,89,250
103,87,231,96,89,251
103,87,239,95,88,253
103,87,247,94,87,254
103,87,255,93,85,254
103,95,0,96,98,24
103,95,7,97,98,30
103,95,15,98,98,37
103,95,23,99,98,45
103,95,31,99,98,51
103,95,39,99,98,57
103,95,47,99,98,64
103,95,55,99,98,70
103,95,63,99,98,77
103,95,71,100,97,83
103,95,79,100,97,89
103,95,87,100,97,96
103,95,95,100,96,102
103,95,103,100,96,109
103,95,111,100,96,115
103,95,119,100,95,124
103,95,127,100,95,132
103,95,135,100,95,140
103,95,143,100,94,150
103,95,151,100,94,161
103,95,159,100,94,174
103,95,167,99,93,187
103,95,175,99,93,202
103,95,183,99,93,215
103,95,191,99,93,227
103,95,199,99,93,238
103,95,207,99,93,244
103,95,215,99,93,248
103,95,223,98,92,251
103,95,231,97,92,251
103,95,239,97,91,253
103,95,247,96,91,254
103,95,255,94,89,254
103,103,0,96,106,24
103,103,7,97,106,30
103,103,15,99,106,38
103,103,23,99,106,45
103,103,31,100,106,52
103,103,39,100,106,57
103,103,47,100,106,63
103,103,55,100,106,70
103,103,63,101,105,77
103,103,71,101,105,82
103,103,79,101,105,88
103,103,87,102,104,95
103,103,95,102,104,100
103,103,103,102,103,107
103,103,111,102,103,113
103,103,119,102,102,120
103,103,127,102,102,127
103,103,135,102,102,134
103,103,143,102,101,145
103,103,151,102,101,153
103,103,159,101,100,166
103,103,167,101,100,179
103,103,175,101,99,193
103,103,183,100,99,207
103,103,191,100,98,221
103,103,199,100,98,232
103,103,207,100,97,242
103,103,215,99,97,246
103,103,223,99,96,250
103,103,231,99,96,252
103,103,239,98,95,253
103,103,247,97,94,254
103,103,255,96,93,254
103,111,0,97,114,24
103,111,7,98,114,29
103,111,15,99,114,37
103,111,23,100,114,45
103,111,31,100,114,52
103,111,39,101,114,57
103,111,47,101,114,63
103,111,55,101,113,69
103,111,63,102,113,76
103,111,71,102,113,81
103,111,79,103,112,87
103,111,87,103,112,93
103,111,95,103,111,99
103,111,103,103,111,105
103,111,111,103,110,110
103,111,119,103,110,117
103,111,127,103,109,124
103,111,135,103,109,131
103,111,143,103,108,139
103,111,151,103,108,148
103,111,159,103,107,158
103,111,167,102,106,172
103,111,175,102,106,185
103,111,183,102,105,199
103,111,191,102,104,214
103,111,199,101,103,226
103,111,207,101,102,236
103,111,215,101,102,245
103,111,223,100,101,249
103,111,231,100,100,252
103,111,239,99,98,253
103,111,247,98,97,254
103,111,255,97,96,254
103,119,0,97,122,25
103,119,7,98,121,30
103,119,15,99,121,37
103,119,23,100,121,46
103,119,31,101,121,52
103,119,39,101,121,57
103,119,47,102,121,63
103,119,55,102,121,69
103,119,63,103,120,76
103,119,71,103,120,81
103,119,79,104,119,87
103,119,87,104,119,93
103,119,95,104,118,98
103,119,103,104,118,104
103,119,111,104,117,109
103,119,119,104,116,116
103,119,127,104,116,122
103,119,135,104,115,128
103,119,143,104,115,136
103,119,151,104,114,143
103,119,159,104,113,154
103,119,167,104,113,165
103,119,175,103,112,179
103,119,183,103,111,192
103,119,191,103,110,207
103,119,199,102,108,222
103,119,207,102,107,232
103,119,215,102,106,242
103,119,223,101,105,248
103,119,231,101,104,251
103,119,239,100,102,253
103,119,247,99,101,254
103,119,255,98,99,254
103,127,0,97,130,26
103,127,7,98,130,33
103,127,15,99,130,38
103,127,23,100,130,45
103,127,31,101,130,52
103,127,39,102,130,57
103,127,47,103,129,63
103,127,55,103,129,69
103,127,63,104,129,76
103,127,71,104,128,80
103,127,79,105,128,86
103,127,87,105,127,92
103,127,95,105,126,97
103,127,103,106,126,102
103,127,111,106,125,107
103,127,119,106,124,114
103,127,127,106,124,119
103,127,135,106,123,125
103,127,143,106,122,132
103,127,151,106,122,139
103,127,159,106,121,148
103,127,167,105,121,159
103,127,175,105,120,171
103,127,183,105,118,184
103,127,191,104,117,200
103,127,199,104,115,215
103,127,207,103,113,229
103,127,215,103,112,238
103,127,223,102,110,247
103,127,231,102,109,250
103,127,239,101,107,253
103,127,247,101,105,254
103,127,255,100,104,254
103,135,0,97,138,27
103,135,7,98,138,32
103,135,15,99,138,39
103,135,23,100,138,45
103,135,31,101,138,52
103,135,39,102,138,57
103,135,47,103,138,63
103,135,55,104,137,69
103,135,63,105,137,75
103,135,71,105,136,80
103,135,79,106,136,86
103,135,87,106,135,91
103,135,95,106,134,96
103,135,103,107,133,101
103,135,111,107,133,106
103,135,119,107,131,112
103,135,127,107,131,118
103,135,135,107,130,123
103,135,143,107,130,129
103,135,151,107,129,136
103,135,159,107,129,144
103,135,167,107,128,154
103,135,175,106,127,166
103,135,183,106,125,178
103,135,191,105,124,194
103,135,199,105,122,209
103,135,207,104,119,223
103,135,215,104,117,235
103,135,223,103,115,244
103,135,231,103,113,249
103,135,239,102,111,253
103,135,247,102,109,254
103,135,255,101,107,254
103,143,0,97,147,27
103,143,7,98,147,32
103,143,15,99,146,40
103,143,23,100,146,46
103,143,31,101,146,52
103,143,39,102,146,57
103,143,47,103,146,63
103,143,55,104,146,69
103,143,63,105,146,75
103,143,71,106,145,80
103,143,79,106,144,85
103,143,87,107,143,91
103,143,95,107,142,96
103,143,103,108,141,101
103,143,111,108,141,105
103,143,119,108,140,111
103,143,127,108,139,116
103,143,135,108,138,121
103,143,143,108,138,127
103,143,151,108,137,133
103,143,159,108,136,141
103,143,167,108,136,149
103,143,175,107,134,160
103,143,183,107,133,172
103,143,191,107,131,187
103,143,199,106,129,203
103,143,207,106,126,217
103,143,215,105,124,230
103,143,223,104,121,241
103,143,231,104,119,247
103,143,239,103,116,252
103,143,247,103,114,254
103,143,255,102,110,254
103,151,0,96,157,28
103,151,7,97,157,32
103,151,15,98,156,39
103,151,23,100,156,47
103,151,31,101,156,52
103,151,39,102,156,57
103,151,47,103,156,63
103,151,55,104,155,68
103,151,63,106,154,75
103,151,71,106,154,80
103,151,79,107,153,85
103,151,87,107,153,90
103,151,95,108,152,95
103,151,103,108,151,100
103,151,111,108,150,104
103,151,119,108,149,110
103,151,127,109,148,115
103,151,135,109,147,119
103,151,143,109,147,125
103,151,151,109,146,131
103,151,159,109,145,138
103,151,167,109,144,147
103,151,175,109,143,156
103,151,183,108,142,167
103,151,191,108,140,181
103,151,199,107,137,196
103,151,207,107,135,212
103,151,215,106,131,224
103,151,223,106,128,239
103,151,231,105,125,245
103,151,239,104,121,251
103,151,247,104,118,254
103,151,255,103,115,255
103,159,0,96,166,28
103,159,7,97,166,32
103,159,15,98,166,38
103,159,23,100,165,47
103,159,31,101,165,52
103,159,39,102,165,57
103,159,47,103,165,63
103,159,55,105,165,68
103,159,63,106,164,75
103,159,71,106,164,79
103,159,79,107,163,84
103,159,87,108,162,90
103,159,95,108,161,95
103,159,103,108,160,99
103,159,111,109,160,104
103,159,119,109,159,109
103,159,127,109,158,114
103,159,135,109,157,118
103,159,143,109,156,123
103,159,151,110,155,129
103,159,159,109,154,136
103,159,167,109,153,143
103,159,175,109,152,152
103,159,183,109,151,162
103,159,191,109,149,176
103,159,199,108,146,190
103,159,207,108,143,204
103,159,215,107,140,219
103,159,223,107,136,233
103,159,231,106,132,243
103,159,239,105,128,250
103,159,247,105,124,253
103,159,255,104,120,255
103,167,0,94,176,28
103,167,7,95,175,31
103,167,15,97,175,37
103,167,23,99,175,45
103,167,31,101,175,53
103,167,39,102,175,57
103,167,47,103,175,63
103,167,55,105,175,68
103,167,63,106,175,74
103,167,71,106,174,79
103,167,79,107,173,84
103,167,87,108,173,89
103,167,95,108,172,94
103,167,103,109,171,99
103,167,111,109,170,103
103,167,119,109,169,108
103,167,127,109,168,113
103,167,135,110,167,117
103,167,143,110,166,122
103,167,151,110,166,127
103,167,159,110,164,133
103,167,167,110,163,140
103,167,175,110,162,148
103,167,183,110,161,158
103,167,191,110,159,170
103,167,199,109,156,184
103,167,207,109,153,198
103,167,215,108,149,212
103,167,223,107,144,228
103,167,231,107,140,240
103,167,239,106,134,248
103,167,247,106,131,254
103,167,255,105,126,255
103,175,0,94,186,29
103,175,7,95,186,33
103,175,15,96,186,38
103,175,23,98,186,45
103,175,31,100,186,53
103,175,39,101,186,57
103,175,47,103,186,63
103,175,55,104,186,68
103,175,63,106,185,74
103,175,71,107,185,79
103,175,79,107,184,84
103,175,87,108,183,89
103,175,95,108,182,94
103,175,103,109,181,98
103,175,111,109,180,102
103,175,119,109,180,107
103,175,127,110,179,112
103,175,135,110,178,116
103,175,143,110,177,121
103,175,151,110,176,125
103,175,159,110,175,131
103,175,167,111,174,137
103,175,175,111,173,145
103,175,183,111,171,154
103,175,191,111,169,165
103,175,199,110,167,178
103,175,207,110,164,191
103,175,215,109,160,205
103,175,223,109,154,223
103,175,231,108,149,234
103,175,239,107,142,247
103,175,247,107,138,253
103,175,255,106,133,255
103,183,0,93,198,31
103,183,7,94,198,35
103,183,15,96,198,40
103,183,23,97,198,46
103,183,31,99,198,52
103,183,39,101,199,57
103,183,47,103,198,63
103,183,55,104,198,68
103,183,63,105,197,74
103,183,71,106,197,78
103,183,79,107,196,83
103,183,87,108,195,89
103,183,95,108,195,93
103,183,103,109,194,98
103,183,111,109,193,102
103,183,119,109,192,106
103,183,127,110,191,111
103,183,135,110,191,114
103,183,143,110,190,119
103,183,151,110,189,123
103,183,159,111,188,129
103,183,167,111,187,135
103,183,175,111,186,141
103,183,183,111,184,149
103,183,191,111,182,159
103,183,199,111,180,170
103,183,207,111,177,184
103,183,215,110,173,198
103,183,223,109,167,214
103,183,231,109,161,229
103,183,239,108,153,243
103,183,247,107,147,251
103,183,255,107,140,255
103,191,0,92,209,32
103,191,7,93,209,35
103,191,15,95,209,40
103,191,23,97,209,47
103,191,31,98,210,52
103,191,39,100,210,57
103,191,47,102,210,63
103,191,55,104,210,68
103,191,63,105,209,74
103,191,71,106,209,78
103,191,79,106,208,83
103,191,87,107,207,88
103,191,95,108,206,92
103,191,103,108,205,96
103,191,111,109,205,100
103,191,119,109,204,105
103,191,127,110,203,110
103,191,135,110,203,113
103,191,143,110,202,118
103,191,151,110,201,122
103,191,159,111,200,127
103,191,167,111,199,132
103,191,175,111,198,138
103,191,183,111,197,145
103,191,191,112,195,154
103,191,199,111,193,165
103,191,207,111,190,176
103,191,215,111,186,190
103,191,223,111,181,207
103,191,231,110,174,222
103,191,239,109,166,237
103,191,247,109,158,249
103,191,255,108,151,253
103,199,0,91,219,32
103,199,7,92,219,35
103,199,15,94,219,40
103,199,23,96,220,46
103,199,31,98,220,52
103,199,39,99,220,56
103,199,47,101,221,62
103,199,55,103,220,67
103,199,63,104,220,73
103,199,71,105,219,77
103,199,79,106,219,82
103,199,87,107,218,87
103,199,95,107,217,91
103,199,103,108,216,95
103,199,111,108,216,99
103,199,119,109,215,104
103,199,127,109,214,108
103,199,135,109,213,111
103,199,143,110,213,116
103,199,151,110,212,120
103,199,159,111,211,125
103,199,167,111,211,130
103,199,175,111,210,135
103,199,183,111,209,141
103,199,191,111,207,149
103,199,199,112,206,158
103,199,207,112,203,170
103,199,215,112,200,182
103,199,223,111,194,199
103,199,231,111,188,214
103,199,239,111,180,232
103,199,247,110,172,245
103,199,255,110,163,254
103,207,0,90,228,33
103,207,7,91,229,36
103,207,15,93,229,40
103,207,23,95,230,45
103,207,31,97,230,52
103,207,39,99,230,56
103,207,47,101,230,62
103,207,55,102,230,67
103,207,63,103,229,72
103,207,71,104,229,76
103,207,79,105,228,81
103,207,87,106,228,86
103,207,95,106,227,90
103,207,103,107,227,94
103,207,111,108,227,98
103,207,119,108,226,102
103,207,127,108,225,106
103,207,135,109,225,109
103,207,143,109,224,114
103,207,151,109,223,117
103,207,159,110,222,122
103,207,167,110,221,127
103,207,175,111,221,133
103,207,183,111,221,138
103,207,191,111,219,145
103,207,199,111,218,153
103,207,207,112,216,162
103,207,215,111,213,174
103,207,223,112,209,191
103,207,231,111,203,207
103,207,239,111,195,226
103,207,247,111,186,241
103,207,255,111,177,252
103,215,0,89,236,34
103,215,7,90,237,37
103,215,15,91,237,40
103,215,23,93,238,45
103,215,31,96,239,51
103,215,39,98,239,56
103,215,47,99,240,61
103,215,55,101,240,66
103,215,63,102,240,71
103,215,71,103,239,75
103,215,79,104,239,79
103,215,87,105,238,84
103,215,95,105,238,88
103,215,103,106,237,92
103,215,111,106,237,96
103,215,119,107,236,100
103,215,127,107,236,104
103,215,135,108,236,107
103,215,143,108,236,111
103,215,151,109,235,115
103,215,159,109,234,119
103,215,167,109,234,124
103,215,175,110,233,129
103,215,183,110,232,134
103,215,191,110,232,140
103,215,199,111,231,148
103,215,207,111,230,157
103,215,215,111,228,166
103,215,223,111,224,182
103,215,231,111,219,198
103,215,239,112,213,218
103,215,247,112,205,237
103,215,255,112,195,249
103,223,0,88,244,35
103,223,7,89,244,38
103,223,15,91,244,42
103,223,23,93,245,46
103,223,31,94,246,50
103,223,39,96,246,55
103,223,47,98,247,60
103,223,55,99,247,64
103,223,63,101,247,70
103,223,71,101,247,73
103,223,79,102,247,78
103,223,87,103,247,82
103,223,95,104,247,86
103,223,103,105,247,90
103,223,111,105,247,93
103,223,119,106,246,97
103,223,127,106,246,101
103,223,135,106,245,104
103,223,143,107,245,108
103,223,151,107,245,111
103,223,159,108,244,115
103,223,167,108,244,120
103,223,175,109,244,125
103,223,183,109,244,130
103,223,191,109,243,136
103,223,199,110,242,143
103,223,207,110,241,150
103,223,215,110,240,160
103,223,223,111,238,174
103,223,231,111,235,189
103,223,239,111,230,210
103,223,247,112,224,229
103,223,255,113,216,250
103,231,0,87,250,35
103,231,7,88,250,37
103,231,15,89,250,41
103,231,23,91,250,46
103,231,31,93,251,51
103,231,39,95,251,54
103,231,47,97,252,59
103,231,55,98,251,63
103,231,63,99,251,68
103,231,71,100,251,71
103,231,79,101,251,75
103,231,87,102,251,80
103,231,95,102,251,83
103,231,103,103,252,87
103,231,111,104,252,90
103,231,119,104,252,94
103,231,127,105,252,98
103,231,135,105,252,101
103,231,143,106,251,104
103,231,151,106,251,107
103,231,159,106,251,111
103,231,167,107,251,116
103,231,175,107,250,120
103,231,183,107,250,125
103,231,191,108,250,131
103,231,199,109,250,138
103,231,207,109,250,146
103,231,215,109,249,154
103,231,223,110,247,167
103,231,231,110,245,181
103,231,239,111,242,200
103,231,247,111,239,222
103,231,255,112,233,242
103,239,0,86,253,36
103,239,7,86,253,38
103,239,15,87,253,40
103,239,23,89,254,44
103,239,31,91,254,50
103,239,39,93,254,53
103,239,47,94,254,58
103,239,55,96,254,62
103,239,63,97,254,66
103,239,71,98,254,69
103,239,79,99,254,73
103,239,87,100,254,77
103,239,95,101,254,81
103,239,103,101,254,84
103,239,111,102,254,87
103,239,119,102,254,91
103,239,127,103,254,94
103,239,135,103,254,97
103,239,143,104,254,100
103,239,151,104,254,103
103,239,159,104,254,107
103,239,167,105,254,111
103,239,175,105,254,116
103,239,183,106,254,120
103,239,191,106,254,126
103,239,199,107,254,133
103,239,207,107,254,140
103,239,215,107,254,148
103,239,223,108,253,161
103,239,231,109,252,173
103,239,239,109,251,192
103,239,247,110,249,211
103,239,255,111,247,235
103,247,0,85,255,37
103,247,7,86,255,39
103,247,15,86,255,41
103,247,23,88,255,44
103,247,31,89,255,48
103,247,39,91,255,52
103,247,47,93,255,57
103,247,55,94,255,60
103,247,63,96,255,65
103,247,71,96,255,68
103,247,79,97,255,71
103,247,87,98,255,75
103,247,95,99,255,78
103,247,103,99,254,81
103,247,111,100,254,84
103,247,119,100,254,88
103,247,127,101,254,91
103,247,135,101,254,93
103,247,143,102,255,97
103,247,151,102,255,100
103,247,159,103,255,103
103,247,167,103,255,107
103,247,175,103,255,112
103,247,183,104,255,116
103,247,191,104,255,122
103,247,199,105,255,128
103,247,207,105,255,135
103,247,215,105,255,143
103,247,223,106,255,155
103,247,231,106,255,167
103,247,239,107,255,185
103,247,247,108,254,202
103,247,255,110,254,223
103,255,0,83,255,36
103,255,7,84,255,38
103,255,15,85,255,41
103,255,23,86,255,44
103,255,31,87,255,47
103,255,39,89,255,50
103,255,47,91,255,55
103,255,55,92,255,59
103,255,63,94,255,63
103,255,71,95,255,66
103,255,79,96,255,70
103,255,87,97,255,73
103,255,95,98,255,77
103,255,103,98,255,79
103,255,111,99,255,82
103,255,119,100,255,86
103,255,127,100,255,89
103,255,135,100,255,91
103,255,143,101,255,95
103,255,151,101,255,98
103,255,159,102,255,102
103,255,167,102,255,106
103,255,175,102,255,110
103,255,183,102,255,114
103,255,191,103,255,119
103,255,199,103,255,125
103,255,207,103,255,132
103,255,215,103,255,139
103,255,223,104,255,150
103,255,231,105,255,162
103,255,239,106,255,178
103,255,247,106,255,195
103,255,255,108,255,213
111,0,0,100,0,20
111,0,7,101,1,31
111,0,15,101,1,44
111,0,23,101,2,56
111,0,31,101,3,67
111,0,39,100,4,77
111,0,47,100,5,90
111,0,55,99,5,102
111,0,63,98,6,119
111,0,71,97,7,133
111,0,79,96,7,150
111,0,87,94,9,170
111,0,95,93,10,187
111,0,103,92,12,203
111,0,111,90,14,214
111,0,119,89,17,222
111,0,127,87,20,227
111,0,135,86,21,230
111,0,143,85,24,232
111,0,151,84,25,234
111,0,159,83,27,235
111,0,167,82,29,236
111,0,175,81,31,237
111,0,183,80,33,238
111,0,191,79,35,240
111,0,199,78,36,241
111,0,207,77,36,243
111,0,215,76,36,245
111,0,223,75,36,247
111,0,231,74,37,249
111,0,239,73,39,251
111,0,247,72,40,253
111,0,255,70,41,254
111,7,0,99,3,20
111,7,7,100,3,31
111,7,15,100,4,44
111,7,23,100,4,55
111,7,31,100,5,66
111,7,39,100,6,75
111,7,47,99,7,88
111,7,55,99,8,100
111,7,63,98,9,115
111,7,71,97,10,128
111,7,79,96,11,145
111,7,87,95,12,164
111,7,95,94,14,180
111,7,103,92,16,195
111,7,111,91,18,208
111,7,119,90,22,217
111,7,127,89,25,223
111,7,135,88,27,226
111,7,143,87,29,229
111,7,151,86,31,231
111,7,159,85,33,234
111,7,167,84,34,235
111,7,175,83,36,237
111,7,183,82,38,238
111,7,191,81,40,239
111,7,199,80,42,241
111,7,207,79,42,243
111,7,215,78,42,245
111,7,223,77,42,247
111,7,231,76,42,249
111,7,239,75,43,251
111,7,247,74,45,253
111,7,255,72,46,254
111,15,0,98,7,21
111,15,7,99,8,31
111,15,15,100,8,43
111,15,23,100,9,54
111,15,31,99,10,65
111,15,39,99,10,74
111,15,47,99,11,86
111,15,55,98,12,96
111,15,63,98,14,111
111,15,71,97,14,122
111,15,79,96,15,138
111,15,87,95,17,156
111,15,95,94,18,172
111,15,103,93,20,187
111,15,111,92,22,199
111,15,119,91,26,210
111,15,127,90,30,216
111,15,135,89,33,221
111,15,143,88,36,225
111,15,151,87,37,228
111,15,159,86,39,232
111,15,167,85,40,234
111,15,175,85,42,236
111,15,183,84,44,238
111,15,191,83,46,239
111,15,199,83,48,241
111,15,207,82,50,243
111,15,215,81,49,245
111,15,223,79,48,247
111,15,231,78,48,249
111,15,239,77,48,251
111,15,247,76,50,253
111,15,255,75,52,254
111,23,0,97,15,22
111,23,7,98,15,31
111,23,15,99,16,42
111,23,23,99,16,52
111,23,31,99,17,62
111,23,39,99,18,71
111,23,47,99,19,83
111,23,55,98,20,93
111,23,63,98,21,105
111,23,71,98,22,116
111,23,79,97,23,129
111,23,87,96,24,144
111,23,95,95,25,160
111,23,103,95,27,175
111,23,111,94,29,186
111,23,119,93,32,199
111,23,127,92,35,207
111,23,135,91,38,213
111,23,143,90,41,220
111,23,151,89,44,225
111,23,159,89,47,230
111,23,167,88,49,233
111,23,175,87,51,236
111,23,183,87,52,238
111,23,191,86,53,240
111,23,199,85,55,242
111,23,207,84,56,243
111,23,215,84,57,245
111,23,223,83,59,247
111,23,231,82,57,249
111,23,239,80,56,251
111,23,247,79,56,253
111,23,255,77,58,254
111,31,0,97,23,22
111,31,7,98,24,30
111,31,15,98,24,41
111,31,23,98,25,51
111,31,31,98,26,60
111,31,39,98,26,68
111,31,47,99,27,79
111,31,55,99,28,89
111,31,63,98,29,101
111,31,71,98,30,110
111,31,79,98,30,122
111,31,87,97,31,137
111,31,95,96,32,150
111,31,103,96,34,163
111,31,111,95,36,175
111,31,119,94,39,187
111,31,127,93,41,197
111,31,135,93,44,205
111,31,143,92,47,214
111,31,151,91,49,220
111,31,159,91,52,227
111,31,167,90,54,233
111,31,175,89,56,236
111,31,183,89,58,239
111,31,191,89,61,241
111,31,199,88,62,242
111,31,207,87,63,244
111,31,215,87,63,245
111,31,223,86,64,247
111,31,231,85,64,249
111,31,239,84,65,251
111,31,247,82,64,252
111,31,255,80,64,254
111,39,0,97,34,22
111,39,7,98,34,31
111,39,15,98,34,39
111,39,23,98,35,49
111,39,31,98,35,58
111,39,39,98,36,65
111,39,47,99,37,76
111,39,55,99,37,85
111,39,63,99,38,96
111,39,71,99,38,104
111,39,79,98,39,116
111,39,87,98,40,128
111,39,95,97,40,140
111,39,103,97,41,153
111,39,111,96,42,164
111,39,119,96,45,177
111,39,127,95,47,188
111,39,135,95,49,197
111,39,143,94,51,208
111,39,151,93,54,216
111,39,159,93,56,225
111,39,167,92,58,232
111,39,175,92,61,238
111,39,183,91,62,240
111,39,191,91,65,242
111,39,199,90,66,243
111,39,207,90,68,245
111,39,215,90,69,246
111,39,223,89,69,248
111,39,231,88,69,249
111,39,239,86,69,251
111,39,247,85,70,252
111,39,255,84,70,254
111,47,0,97,44,22
111,47,7,98,44,30
111,47,15,98,44,38
111,47,23,99,44,47
111,47,31,99,44,56
111,47,39,99,45,63
111,47,47,99,45,73
111,47,55,99,46,81
111,47,63,99,46,91
111,47,71,99,47,100
111,47,79,99,47,110
111,47,87,99,47,121
111,47,95,98,48,133
111,47,103,98,48,144
111,47,111,97,49,155
111,47,119,97,51,167
111,47,127,96,52,180
111,47,135,96,54,190
111,47,143,95,56,202
111,47,151,95,58,211
111,47,159,94,60,222
111,47,167,94,62,230
111,47,175,94,64,236
111,47,183,93,66,241
111,47,191,93,68,242
111,47,199,93,70,244
111,47,207,92,71,245
111,47,215,92,72,246
111,47,223,91,73,248
111,47,231,90,73,250
111,47,239,89,73,252
111,47,247,87,73,253
111,47,255,86,73,254
111,55,0,98,54,22
111,55,7,98,53,30
111,55,15,99,53,38
111,55,23,99,53,47
111,55,31,99,54,54
111,55,39,99,54,61
111,55,47,99,54,70
111,55,55,99,55,78
111,55,63,99,55,88
111,55,71,99,55,95
111,55,79,99,55,105
111,55,87,99,55,115
111,55,95,99,55,125
111,55,103,99,56,136
111,55,111,98,56,146
111,55,119,98,57,158
111,55,127,98,58,170
111,55,135,97,60,181
111,55,143,97,61,194
111,55,151,97,63,205
111,55,159,96,64,217
111,55,167,96,66,228
111,55,175,95,68,235
111,55,183,95,70,240
111,55,191,95,72,243
111,55,199,95,73,244
111,55,207,94,74,245
111,55,215,94,75,246
111,55,223,93,76,248
111,55,231,92,76,250
111,55,239,91,76,252
111,55,247,90,76,253
111,55,255,88,76,254
111,63,0,98,63,22
111,63,7,99,62,29
111,63,15,100,62,38
111,63,23,100,62,46
111,63,31,100,62,53
111,63,39,100,63,60
111,63,47,99,63,68
111,63,55,99,63,76
111,63,63,100,63,85
111,63,71,100,63,92
111,63,79,100,63,100
111,63,87,100,63,109
111,63,95,100,63,119
111,63,103,99,63,129
111,63,111,99,63,138
111,63,119,99,64,150
111,63,127,99,64,162
111,63,135,99,65,172
111,63,143,98,67,185
111,63,151,98,68,197
111,63,159,98,69,210
111,63,167,97,70,222
111,63,175,97,72,233
111,63,183,97,73,238
111,63,191,96,75,243
111,63,199,96,76,245
111,63,207,96,77,245
111,63,215,96,78,246
111,63,223,95,78,249
111,63,231,94,78,250
111,63,239,93,78,252
111,63,247,91,78,253
111,63,255,90,78,254
111,71,0,99,72,23
111,71,7,100,72,29
111,71,15,100,72,37
111,71,23,101,72,45
111,71,31,101,72,53
111,71,39,100,72,58
111,71,47,100,73,66
111,71,55,100,73,74
111,71,63,100,73,82
111,71,71,100,73,88
111,71,79,101,73,96
111,71,87,101,72,105
111,71,95,101,72,113
111,71,103,101,72,122
111,71,111,101,72,130
111,71,119,100,72,141
111,71,127,100,72,152
111,71,135,100,73,162
111,71,143,100,73,175
111,71,151,100,74,187
111,71,159,99,75,201
111,71,167,99,76,214
111,71,175,99,77,226
111,71,183,98,78,237
111,71,191,98,79,241
111,71,199,98,80,244
111,71,207,98,81,246
111,71,215,97,82,247
111,71,223,96,82,249
111,71,231,96,82,250
111,71,239,94,81,252
111,71,247,93,81,253
111,71,255,92,80,254
111,79,0,100,80,23
111,79,7,101,80,30
111,79,15,101,80,37
111,79,23,102,80,46
111,79,31,102,80,52
111,79,39,101,80,58
111,79,47,101,80,65
111,79,55,101,80,72
111,79,63,101,80,80
111,79,71,101,80,86
111,79,79,102,80,94
111,79,87,102,80,101
111,79,95,102,80,109
111,79,103,102,79,117
111,79,111,102,79,125
111,79,119,102,79,136
111,79,127,102,79,145
111,79,135,101,79,155
111,79,143,101,79,167
111,79,151,101,80,178
111,79,159,101,80,192
111,79,167,100,81,206
111,79,175,100,82,219
111,79,183,100,82,229
111,79,191,99,83,239
111,79,199,99,84,243
111,79,207,99,85,247
111,79,215,98,85,248
111,79,223,98,85,249
111,79,231,97,85,251
111,79,239,96,84,252
111,79,247,95,83,253
111,79,255,93,81,254
111,87,0,101,88,24
111,87,7,102,89,31
111,87,15,102,89,38
111,87,23,103,89,46
111,87,31,103,89,52
111,87,39,102,89,57
111,87,47,102,89,65
111,87,55,102,89,71
111,87,63,102,89,79
111,87,71,103,88,84
111,87,79,103,88,91
111,87,87,103,88,98
111,87,95,103,88,105
111,87,103,103,88,113
111,87,111,103,87,120
111,87,119,103,87,129
111,87,127,103,87,138
111,87,135,103,87,146
111,87,143,103,87,158
111,87,151,102,87,169
111,87,159,102,87,182
111,87,167,102,87,196
111,87,175,101,87,211
111,87,183,101,88,222
111,87,191,101,88,233
111,87,199,100,88,242
111,87,207,100,89,246
111,87,215,100,89,249
111,87,223,99,89,250
111,87,231,99,89,251
111,87,239,97,88,253
111,87,247,96,87,254
111,87,255,95,85,254
111,95,0,101,96,24
111,95,7,102,96,31
111,95,15,103,96,39
111,95,23,103,96,45
111,95,31,104,97,52
111,95,39,103,97,57
111,95,47,103,96,64
111,95,55,103,96,71
111,95,63,104,96,78
111,95,71,104,96,83
111,95,79,104,96,90
111,95,87,104,95,97
111,95,95,104,95,103
111,95,103,105,95,110
111,95,111,105,94,116
111,95,119,104,94,124
111,95,127,105,94,132
111,95,135,104,94,141
111,95,143,104,93,151
111,95,151,104,93,161
111,95,159,104,93,174
111,95,167,103,93,188
111,95,175,103,92,202
111,95,183,102,92,216
111,95,191,102,93,228
111,95,199,102,93,238
111,95,207,102,93,244
111,95,215,101,93,248
111,95,223,100,92,251
111,95,231,100,92,252
111,95,239,99,91,253
111,95,247,98,91,254
111,95,255,96,90,254
111,103,0,101,104,25
111,103,7,102,104,30
111,103,15,103,104,38
111,103,23,104,104,46
111,103,31,104,104,52
111,103,39,104,104,57
111,103,47,105,104,64
111,103,55,105,104,70
111,103,63,105,103,77
111,103,71,105,103,83
111,103,79,105,103,89
111,103,87,106,103,95
111,103,95,106,102,101
111,103,103,106,102,107
111,103,111,106,101,113
111,103,119,106,101,120
111,103,127,106,101,128
111,103,135,106,100,134
111,103,143,106,100,145
111,103,151,105,100,154
111,103,159,105,99,167
111,103,167,105,99,180
111,103,175,104,98,193
111,103,183,104,98,207
111,103,191,104,98,221
111,103,199,103,97,232
111,103,207,103,97,242
111,103,215,102,97,246
111,103,223,102,96,250
111,103,231,101,96,252
111,103,239,100,95,253
111,103,247,99,94,254
111,103,255,98,93,254
111,111,0,102,112,24
111,111,7,103,112,30
111,111,15,103,112,37
111,111,23,104,112,47
111,111,31,105,112,52
111,111,39,105,112,58
111,111,47,105,112,64
111,111,55,106,111,70
111,111,63,106,111,77
111,111,71,106,111,82
111,111,79,107,110,88
111,111,87,107,110,94
111,111,95,107,109,100
111,111,103,107,109,105
111,111,111,107,108,111
111,111,119,107,108,118
111,111,127,107,108,124
111,111,135,107,107,131
111,111,143,107,107,139
111,111,151,107,106,148
111,111,159,107,106,159
111,111,167,106,105,172
111,111,175,106,105,186
111,111,183,106,104,199
111,111,191,105,103,214
111,111,199,105,103,226
111,111,207,104,102,236
111,111,215,104,101,245
111,111,223,103,100,249
111,111,231,102,100,252
111,111,239,101,99,253
111,111,247,100,97,254
111,111,255,99,96,254
111,119,0,102,119,26
111,119,7,103,119,31
111,119,15,104,119,38
111,119,23,105,119,46
111,119,31,105,119,53
111,119,39,106,119,58
111,119,47,106,118,64
111,119,55,107,118,70
111,119,63,107,118,77
111,119,71,107,118,82
111,119,79,108,117,87
111,119,87,108,117,93
111,119,95,108,116,98
111,119,103,108,115,104
111,119,111,108,115,109
111,119,119,108,114,116
111,119,127,108,114,122
111,119,135,108,113,128
111,119,143,108,113,136
111,119,151,108,113,144
111,119,159,108,112,154
111,119,167,108,111,165
111,119,175,107,111,179
111,119,183,107,110,193
111,119,191,106,109,208
111,119,199,106,108,222
111,119,207,105,107,233
111,119,215,105,106,241
111,119,223,104,105,249
111,119,231,103,103,251
111,119,239,102,102,253
111,119,247,102,101,254
111,119,255,100,99,254
111,127,0,102,127,27
111,127,7,103,127,33
111,127,15,104,127,39
111,127,23,105,127,46
111,127,31,106,127,53
111,127,39,106,127,58
111,127,47,107,127,64
111,127,55,107,127,70
111,127,63,108,126,76
111,127,71,108,126,81
111,127,79,109,125,87
111,127,87,109,125,92
111,127,95,109,124,98
111,127,103,109,123,103
111,127,111,109,123,108
111,127,119,109,122,114
111,127,127,110,121,120
111,127,135,109,121,125
111,127,143,109,120,132
111,127,151,109,120,139
111,127,159,109,119,149
111,127,167,109,119,160
111,127,175,109,118,171
111,127,183,108,117,185
111,127,191,108,116,200
111,127,199,107,114,215
111,127,207,106,113,229
111,127,215,106,111,238
111,127,223,105,110,247
111,127,231,105,108,250
111,127,239,104,107,253
111,127,247,103,105,254
111,127,255,102,104,254
111,135,0,102,135,27
111,135,7,103,135,33
111,135,15,104,135,40
111,135,23,105,135,46
111,135,31,106,135,53
111,135,39,107,135,58
111,135,47,107,135,64
111,135,55,108,134,70
111,135,63,109,134,76
111,135,71,109,134,81
111,135,79,110,133,86
111,135,87,110,132,92
111,135,95,110,131,97
111,135,103,111,131,102
111,135,111,111,130,107
111,135,119,110,129,113
111,135,127,110,128,118
111,135,135,110,128,123
111,135,143,111,127,130
111,135,151,111,127,136
111,135,159,110,126,145
111,135,167,110,126,155
111,135,175,110,125,166
111,135,183,110,124,178
111,135,191,109,122,194
111,135,199,108,120,210
111,135,207,108,118,223
111,135,215,107,117,236
111,135,223,106,115,244
111,135,231,106,113,250
111,135,239,105,111,253
111,135,247,104,109,254
111,135,255,103,106,254
111,143,0,102,143,28
111,143,7,102,143,33
111,143,15,103,143,40
111,143,23,105,143,47
111,143,31,106,143,53
111,143,39,107,143,58
111,143,47,108,143,64
111,143,55,108,143,69
111,143,63,109,142,76
111,143,71,110,142,81
111,143,79,111,141,86
111,143,87,111,140,92
111,143,95,111,139,96
111,143,103,111,139,101
111,143,111,111,138,106
111,143,119,111,137,112
111,143,127,112,136,117
111,143,135,112,135,121
111,143,143,111,135,128
111,143,151,111,135,134
111,143,159,111,134,142
111,143,167,111,133,150
111,143,175,111,132,161
111,143,183,111,131,173
111,143,191,110,130,188
111,143,199,110,127,204
111,143,207,109,125,218
111,143,215,108,123,230
111,143,223,107,120,242
111,143,231,107,118,248
111,143,239,106,116,252
111,143,247,105,113,254
111,143,255,104,110,254
111,151,0,101,152,28
111,151,7,102,152,33
111,151,15,103,152,39
111,151,23,104,151,48
111,151,31,106,152,53
111,151,39,107,152,58
111,151,47,108,152,64
111,151,55,109,152,69
111,151,63,110,151,76
111,151,71,110,151,80
111,151,79,111,150,86
111,151,87,111,149,91
111,151,95,112,148,96
111,151,103,112,147,101
111,151,111,112,146,105
111,151,119,112,146,111
111,151,127,112,145,116
111,151,135,112,144,120
111,151,143,112,144,126
111,151,151,112,143,132
111,151,159,113,142,139
111,151,167,112,141,147
111,151,175,112,141,156
111,151,183,112,139,168
111,151,191,112,138,182
111,151,199,111,135,197
111,151,207,110,133,212
111,151,215,110,130,225
111,151,223,109,127,239
111,151,231,108,124,246
111,151,239,107,121,252
111,151,247,106,118,254
111,151,255,106,115,255
111,159,0,100,162,29
111,159,7,101,162,33
111,159,15,102,161,38
111,159,23,104,161,47
111,159,31,105,161,53
111,159,39,106,161,58
111,159,47,108,161,64
111,159,55,109,161,69
111,159,63,110,161,76
111,159,71,111,160,80
111,159,79,111,159,85
111,159,87,112,159,91
111,159,95,112,158,95
111,159,103,112,157,100
111,159,111,113,156,104
111,159,119,113,155,110
111,159,127,113,154,114
111,159,135,113,153,119
111,159,143,113,153,124
111,159,151,113,152,129
111,159,159,113,151,136
111,159,167,113,151,143
111,159,175,113,149,153
111,159,183,113,148,163
111,159,191,113,147,176
111,159,199,112,145,190
111,159,207,111,142,205
111,159,215,111,139,220
111,159,223,110,134,234
111,159,231,109,131,244
111,159,239,108,127,250
111,159,247,107,124,254
111,159,255,107,119,255
111,167,0,99,171,29
111,167,7,100,171,33
111,167,15,101,171,38
111,167,23,103,171,46
111,167,31,105,171,54
111,167,39,106,171,58
111,167,47,108,171,64
111,167,55,109,171,69
111,167,63,110,171,75
111,167,71,111,170,80
111,167,79,111,169,85
111,167,87,112,169,91
111,167,95,113,168,95
111,167,103,113,167,100
111,167,111,113,166,104
111,167,119,113,165,109
111,167,127,113,164,114
111,167,135,114,164,118
111,167,143,114,163,123
111,167,151,114,162,128
111,167,159,114,161,134
111,167,167,114,160,141
111,167,175,114,159,149
111,167,183,114,158,159
111,167,191,114,156,171
111,167,199,113,154,185
111,167,207,113,151,199
111,167,215,112,148,213
111,167,223,111,143,229
111,167,231,110,139,240
111,167,239,109,134,249
111,167,247,108,130,254
111,167,255,108,126,255
111,175,0,98,181,31
111,175,7,99,181,35
111,175,15,101,181,40
111,175,23,102,181,46
111,175,31,104,182,53
111,175,39,106,182,58
111,175,47,107,182,64
111,175,55,109,182,69
111,175,63,110,181,76
111,175,71,111,181,80
111,175,79,112,180,85
111,175,87,112,179,90
111,175,95,113,178,95
111,175,103,113,177,99
111,175,111,113,177,104
111,175,119,114,176,109
111,175,127,114,175,113
111,175,135,114,174,117
111,175,143,114,173,122
111,175,151,114,173,126
111,175,159,114,172,132
111,175,167,115,171,138
111,175,175,115,170,146
111,175,183,115,168,154
111,175,191,115,167,166
111,175,199,114,164,179
111,175,207,114,161,192
111,175,215,113,158,206
111,175,223,112,153,223
111,175,231,111,147,235
111,175,239,110,141,248
111,175,247,110,137,253
111,175,255,108,132,255
111,183,0,97,193,32
111,183,7,98,193,35
111,183,15,100,193,41
111,183,23,102,193,47
111,183,31,103,194,53
111,183,39,105,194,58
111,183,47,107,194,64
111,183,55,108,194,69
111,183,63,110,193,75
111,183,71,111,193,80
111,183,79,111,192,85
111,183,87,112,192,90
111,183,95,113,191,94
111,183,103,113,190,99
111,183,111,113,189,103
111,183,119,114,188,108
111,183,127,114,187,112
111,183,135,114,187,116
111,183,143,114,186,121
111,183,151,115,185,125
111,183,159,115,184,130
111,183,167,115,183,136
111,183,175,115,182,142
111,183,183,115,181,150
111,183,191,115,179,160
111,183,199,115,177,172
111,183,207,115,174,185
111,183,215,114,171,199
111,183,223,113,165,216
111,183,231,113,160,230
111,183,239,112,152,243
111,183,247,111,146,251
111,183,255,109,140,254
111,191,0,96,205,32
111,191,7,97,205,35
111,191,15,99,205,41
111,191,23,101,206,48
111,191,31,103,206,53
111,191,39,104,206,58
111,191,47,106,206,64
111,191,55,108,206,69
111,191,63,109,205,75
111,191,71,110,205,79
111,191,79,111,204,84
111,191,87,112,203,89
111,191,95,112,203,94
111,191,103,113,202,98
111,191,111,113,201,102
111,191,119,114,200,107
111,191,127,114,200,111
111,191,135,114,199,115
111,191,143,114,198,119
111,191,151,115,197,123
111,191,159,115,196,128
111,191,167,115,195,134
111,191,175,116,195,140
111,191,183,116,194,146
111,191,191,116,192,155
111,191,199,116,190,166
111,191,207,116,188,178
111,191,215,115,184,192
111,191,223,115,179,209
111,191,231,114,173,223
111,191,239,113,165,239
111,191,247,112,157,249
111,191,255,111,150,254
111,199,0,95,215,32
111,199,7,96,215,35
111,199,15,97,216,40
111,199,23,100,216,47
111,199,31,102,217,53
111,199,39,103,217,57
111,199,47,106,218,64
111,199,55,107,217,69
111,199,63,109,217,75
111,199,71,109,216,79
111,199,79,110,215,84
111,199,87,111,215,89
111,199,95,112,214,93
111,199,103,112,213,97
111,199,111,113,212,101
111,199,119,113,211,105
111,199,127,113,211,110
111,199,135,114,210,113
111,199,143,114,210,118
111,199,151,114,209,122
111,199,159,115,208,126
111,199,167,115,207,132
111,199,175,115,207,137
111,199,183,116,206,143
111,199,191,116,204,151
111,199,199,116,203,160
111,199,207,116,201,172
111,199,215,116,198,184
111,199,223,115,192,201
111,199,231,115,187,216
111,199,239,114,178,233
111,199,247,114,170,245
111,199,255,113,162,255
111,207,0,94,225,34
111,207,7,95,225,36
111,207,15,96,226,40
111,207,23,98,226,46
111,207,31,101,227,53
111,207,39,103,227,57
111,207,47,105,228,63
111,207,55,106,227,68
111,207,63,108,227,74
111,207,71,109,227,78
111,207,79,109,226,83
111,207,87,111,226,88
111,207,95,111,225,92
111,207,103,112,224,96
111,207,111,112,224,100
111,207,119,113,223,104
111,207,127,113,222,108
111,207,135,113,222,111
111,207,143,114,221,116
111,207,151,114,220,120
111,207,159,114,219,125
111,207,167,115,219,130
111,207,175,115,218,135
111,207,183,115,218,140
111,207,191,116,217,147
111,207,199,116,215,155
111,207,207,116,214,164
111,207,215,116,211,177
111,207,223,116,207,193
111,207,231,116,201,209
111,207,239,115,193,227
111,207,247,115,185,243
111,207,255,114,176,252
111,215,0,92,234,34
111,215,7,94,235,37
111,215,15,95,235,41
111,215,23,97,236,46
111,215,31,99,237,52
111,215,39,102,238,57
111,215,47,103,238,62
111,215,55,105,238,67
111,215,63,106,238,73
111,215,71,107,237,77
111,215,79,108,237,81
111,215,87,109,236,86
111,215,95,110,236,90
111,215,103,110,235,94
111,215,111,111,235,98
111,215,119,112,235,102
111,215,127,112,235,106
111,215,135,112,234,109
111,215,143,113,233,114
111,215,151,113,233,117
111,215,159,113,232,122
111,215,167,114,231,126
111,215,175,114,231,131
111,215,183,115,231,137
111,215,191,115,230,143
111,215,199,116,229,150
111,215,207,116,228,159
111,215,215,116,227,169
111,215,223,116,222,185
111,215,231,116,218,201
111,215,239,116,211,220
111,215,247,116,203,238
111,215,255,116,193,250
111,223,0,91,242,35
111,223,7,92,242,38
111,223,15,94,243,42
111,223,23,96,244,47
111,223,31,98,244,51
111,223,39,100,245,56
111,223,47,102,246,61
111,223,55,103,246,66
111,223,63,105,246,71
111,223,71,106,247,75
111,223,79,107,247,80
111,223,87,108,246,84
111,223,95,108,246,88
111,223,103,109,245,92
111,223,111,110,245,95
111,223,119,110,245,99
111,223,127,111,244,103
111,223,135,111,244,106
111,223,143,112,244,110
111,223,151,112,244,114
111,223,159,112,244,118
111,223,167,113,243,123
111,223,175,113,243,127
111,223,183,114,242,132
111,223,191,114,242,139
111,223,199,114,241,145
111,223,207,115,241,153
111,223,215,115,240,163
111,223,223,116,237,177
111,223,231,116,234,192
111,223,239,116,229,212
111,223,247,116,223,231
111,223,255,117,214,250
111,231,0,90,249,35
111,231,7,91,249,38
111,231,15,92,249,41
111,231,23,95,249,47
111,231,31,97,250,51
111,231,39,98,250,55
111,231,47,100,251,60
111,231,55,102,251,64
111,231,63,103,251,69
111,231,71,104,251,73
111,231,79,105,251,77
111,231,87,106,251,82
111,231,95,107,251,85
111,231,103,108,251,89
111,231,111,108,251,93
111,231,119,109,251,97
111,231,127,109,251,100
111,231,135,110,251,103
111,231,143,110,251,107
111,231,151,110,250,110
111,231,159,111,250,114
111,231,167,111,250,118
111,231,175,112,250,123
111,231,183,112,250,128
111,231,191,113,250,134
111,231,199,113,249,141
111,231,207,114,249,149
111,231,215,114,248,157
111,231,223,114,247,170
111,231,231,115,245,183
111,231,239,115,242,203
111,231,247,116,237,224
111,231,255,116,231,243
111,239,0,89,253,36
111,239,7,89,253,38
111,239,15,91,253,41
111,239,23,92,253,45
111,239,31,95,254,50
111,239,39,97,254,54
111,239,47,98,254,59
111,239,55,100,254,63
111,239,63,101,254,68
111,239,71,102,254,71
111,239,79,104,254,75
111,239,87,104,254,79
111,239,95,105,254,83
111,239,103,106,254,86
111,239,111,106,254,89
111,239,119,107,254,93
111,239,127,107,254,97
111,239,135,108,254,100
111,239,143,108,254,103
111,239,151,109,254,106
111,239,159,109,254,110
111,239,167,110,254,114
111,239,175,110,254,119
111,239,183,110,254,123
111,239,191,111,254,129
111,239,199,111,254,136
111,239,207,112,254,143
111,239,215,112,254,152
111,239,223,113,253,163
111,239,231,113,252,176
111,239,239,114,251,194
111,239,247,114,249,214
111,239,255,116,246,237
111,247,0,87,255,37
111,247,7,88,255,39
111,247,15,89,255,42
111,247,23,91,255,45
111,247,31,93,255,49
111,247,39,94,255,53
111,247,47,96,255,58
111,247,55,98,255,61
111,247,63,99,255,66
111,247,71,100,255,69
111,247,79,101,255,73
111,247,87,102,255,77
111,247,95,103,255,80
111,247,103,104,254,84
111,247,111,104,254,87
111,247,119,105,254,90
111,247,127,105,255,93
111,247,135,106,255,96
111,247,143,106,255,100
111,247,151,107,255,103
111,247,159,107,255,106
111,247,167,107,255,110
111,247,175,108,255,115
111,247,183,108,255,119
111,247,191,109,255,125
111,247,199,109,255,131
111,247,207,110,255,138
111,247,215,110,255,146
111,247,223,110,255,158
111,247,231,111,255,170
111,247,239,112,255,187
111,247,247,113,254,205
111,247,255,114,254,225
111,255,0,86,255,37
111,255,7,87,255,39
111,255,15,88,255,41
111,255,23,90,255,45
111,255,31,91,255,48
111,255,39,92,255,52
111,255,47,94,255,56
111,255,55,96,255,60
111,255,63,97,255,64
111,255,71,99,255,68
111,255,79,100,255,72
111,255,87,101,255,75
111,255,95,102,255,79
111,255,103,103,255,82
111,255,111,103,255,85
111,255,119,104,255,88
111,255,127,105,255,91
111,255,135,105,255,94
111,255,143,106,255,98
111,255,151,106,255,101
111,255,159,106,255,105
111,255,167,106,255,109
111,255,175,107,255,113
111,255,183,107,255,117
111,255,191,107,255,122
111,255,199,107,255,128
111,255,207,108,255,135
111,255,215,108,255,142
111,255,223,109,255,153
111,255,231,109,255,165
111,255,239,110,255,181
111,255,247,111,255,197
111,255,255,112,255,216
119,0,0,105,2,22
119,0,7,106,2,32
119,0,15,106,3,45
119,0,23,106,3,57
119,0,31,106,4,67
119,0,39,105,4,77
119,0,47,105,4,90
119,0,55,104,4,102
119,0,63,103,5,119
119,0,71,102,5,133
119,0,79,100,7,150
119,0,87,99,8,169
119,0,95,98,10,186
119,0,103,97,13,201
119,0,111,95,14,212
119,0,119,94,17,220
119,0,127,92,20,225
119,0,135,91,22,229
119,0,143,89,24,231
119,0,151,88,26,234
119,0,159,87,28,236
119,0,167,86,30,237
119,0,175,85,32,237
119,0,183,84,34,238
119,0,191,83,35,240
119,0,199,82,36,241
119,0,207,80,36,243
119,0,215,79,37,245
119,0,223,78,37,247
119,0,231,77,38,249
119,0,239,76,40,252
119,0,247,74,40,253
119,0,255,73,41,254
119,7,0,104,3,22
119,7,7,105,4,32
119,7,15,105,5,44
119,7,23,105,5,56
119,7,31,105,6,66
119,7,39,105,7,75
119,7,47,104,7,88
119,7,55,104,7,100
119,7,63,103,8,115
119,7,71,102,9,128
119,7,79,101,10,145
119,7,87,100,12,163
119,7,95,99,14,180
119,7,103,97,16,195
119,7,111,96,18,206
119,7,119,95,21,216
119,7,127,93,24,221
119,7,135,92,26,225
119,7,143,91,29,229
119,7,151,90,30,231
119,7,159,88,33,234
119,7,167,87,35,236
119,7,175,86,37,237
119,7,183,86,39,238
119,7,191,85,42,239
119,7,199,83,42,241
119,7,207,82,42,243
119,7,215,81,42,245
119,7,223,80,42,247
119,7,231,79,43,249
119,7,239,77,44,251
119,7,247,76,45,253
119,7,255,74,46,254
119,15,0,103,7,23
119,15,7,104,7,32
119,15,15,104,8,44
119,15,23,104,9,55
119,15,31,104,10,65
119,15,39,104,11,74
119,15,47,104,11,86
119,15,55,103,12,97
119,15,63,103,13,111
119,15,71,102,14,123
119,15,79,101,15,139
119,15,87,100,16,156
119,15,95,99,18,172
119,15,103,98,20,188
119,15,111,97,23,199
119,15,119,96,26,210
119,15,127,95,30,216
119,15,135,93,32,221
119,15,143,92,35,225
119,15,151,91,36,229
119,15,159,90,38,232
119,15,167,89,40,235
119,15,175,88,42,236
119,15,183,87,44,238
119,15,191,86,46,239
119,15,199,85,49,241
119,15,207,84,49,243
119,15,215,83,49,245
119,15,223,82,48,247
119,15,231,81,48,249
119,15,239,79,49,251
119,15,247,78,51,253
119,15,255,77,52,254
119,23,0,102,14,23
119,23,7,103,15,32
119,23,15,104,15,43
119,23,23,104,16,53
119,23,31,104,17,63
119,23,39,104,18,72
119,23,47,103,19,83
119,23,55,103,20,93
119,23,63,103,21,106
119,23,71,102,22,116
119,23,79,102,23,129
119,23,87,101,24,146
119,23,95,100,25,161
119,23,103,99,26,176
119,23,111,98,29,187
119,23,119,97,32,199
119,23,127,96,35,207
119,23,135,95,38,213
119,23,143,94,42,220
119,23,151,93,44,224
119,23,159,92,47,229
119,23,167,91,49,234
119,23,175,90,50,236
119,23,183,90,52,238
119,23,191,89,53,240
119,23,199,88,55,242
119,23,207,87,57,243
119,23,215,86,58,245
119,23,223,85,58,247
119,23,231,84,57,249
119,23,239,82,57,251
119,23,247,81,57,253
119,23,255,79,59,254
119,31,0,102,23,23
119,31,7,102,24,32
119,31,15,103,24,41
119,31,23,103,25,52
119,31,31,103,26,61
119,31,39,103,26,69
119,31,47,103,27,80
119,31,55,103,28,89
119,31,63,103,29,101
119,31,71,103,29,110
119,31,79,102,30,123
119,31,87,102,31,137
119,31,95,101,32,150
119,31,103,100,34,163
119,31,111,100,36,174
119,31,119,99,38,187
119,31,127,98,41,197
119,31,135,97,43,205
119,31,143,96,46,214
119,31,151,95,49,221
119,31,159,94,52,227
119,31,167,93,54,233
119,31,175,93,57,237
119,31,183,92,59,239
119,31,191,91,60,241
119,31,199,91,62,243
119,31,207,90,63,244
119,31,215,89,64,245
119,31,223,88,64,247
119,31,231,87,65,249
119,31,239,85,65,251
119,31,247,84,64,253
119,31,255,82,64,254
119,39,0,102,33,23
119,39,7,102,33,31
119,39,15,103,34,40
119,39,23,103,34,50
119,39,31,103,35,59
119,39,39,103,36,66
119,39,47,103,36,76
119,39,55,103,37,85
119,39,63,103,38,96
119,39,71,103,38,105
119,39,79,103,39,116
119,39,87,102,39,128
119,39,95,102,40,141
119,39,103,101,41,153
119,39,111,101,42,164
119,39,119,100,44,177
119,39,127,99,47,188
119,39,135,99,49,197
119,39,143,98,51,208
119,39,151,97,54,216
119,39,159,96,56,225
119,39,167,96,58,231
119,39,175,95,61,237
119,39,183,94,63,240
119,39,191,94,65,242
119,39,199,93,67,243
119,39,207,92,68,245
119,39,215,92,69,246
119,39,223,91,69,248
119,39,231,90,70,249
119,39,239,88,70,251
119,39,247,87,70,253
119,39,255,85,70,254
119,47,0,102,43,23
119,47,7,102,43,31
119,47,15,103,43,40
119,47,23,103,44,49
119,47,31,103,44,57
119,47,39,103,45,64
119,47,47,103,45,73
119,47,55,103,46,82
119,47,63,104,46,92
119,47,71,103,46,100
119,47,79,103,47,110
119,47,87,103,47,122
119,47,95,103,47,133
119,47,103,102,48,144
119,47,111,102,49,155
119,47,119,101,50,167
119,47,127,101,52,179
119,47,135,100,54,190
119,47,143,99,56,202
119,47,151,99,58,211
119,47,159,98,60,222
119,47,167,97,62,230
119,47,175,97,64,235
119,47,183,96,66,240
119,47,191,96,68,242
119,47,199,95,70,244
119,47,207,95,71,245
119,47,215,94,72,246
119,47,223,93,73,248
119,47,231,92,73,250
119,47,239,90,73,252
119,47,247,89,73,253
119,47,255,88,73,254
119,55,0,102,53,23
119,55,7,103,53,30
119,55,15,103,52,39
119,55,23,104,53,48
119,55,31,103,53,55
119,55,39,103,53,62
119,55,47,103,54,71
119,55,55,103,54,79
119,55,63,104,54,88
119,55,71,104,55,96
119,55,79,103,55,105
119,55,87,103,55,116
119,55,95,103,55,126
119,55,103,103,55,137
119,55,111,103,56,146
119,55,119,102,57,159
119,55,127,102,58,170
119,55,135,101,59,181
119,55,143,101,61,194
119,55,151,100,62,205
119,55,159,100,64,217
119,55,167,99,66,228
119,55,175,98,68,235
119,55,183,98,70,239
119,55,191,97,72,243
119,55,199,97,73,244
119,55,207,97,74,245
119,55,215,96,75,246
119,55,223,95,76,248
119,55,231,94,76,250
119,55,239,92,76,252
119,55,247,91,76,253
119,55,255,90,76,254
119,63,0,103,61,23
119,63,7,103,61,30
119,63,15,104,61,39
119,63,23,104,61,47
119,63,31,104,62,54
119,63,39,104,62,60
119,63,47,104,62,69
119,63,55,104,62,76
119,63,63,104,62,85
119,63,71,104,62,92
119,63,79,104,63,101
119,63,87,104,63,110
119,63,95,104,63,120
119,63,103,104,63,129
119,63,111,103,63,139
119,63,119,103,63,150
119,63,127,103,64,162
119,63,135,103,65,172
119,63,143,102,66,186
119,63,151,102,67,197
119,63,159,101,69,211
119,63,167,101,70,222
119,63,175,100,72,233
119,63,183,100,73,239
119,63,191,99,75,243
119,63,199,99,76,245
119,63,207,98,77,245
119,63,215,98,78,246
119,63,223,97,78,248
119,63,231,96,78,250
119,63,239,94,78,252
119,63,247,93,78,253
119,63,255,91,78,254
119,71,0,104,71,24
119,71,7,104,71,31
119,71,15,105,71,38
119,71,23,105,71,47
119,71,31,105,71,54
119,71,39,105,72,59
119,71,47,104,72,67
119,71,55,104,72,74
119,71,63,104,72,83
119,71,71,105,72,89
119,71,79,105,72,97
119,71,87,105,72,105
119,71,95,105,72,113
119,71,103,105,72,122
119,71,111,105,71,131
119,71,119,104,72,142
119,71,127,104,72,152
119,71,135,104,72,162
119,71,143,104,73,175
119,71,151,103,74,187
119,71,159,103,75,201
119,71,167,102,76,215
119,71,175,102,77,226
119,71,183,101,78,236
119,71,191,101,79,241
119,71,199,100,80,244
119,71,207,100,81,246
119,71,215,99,82,247
119,71,223,98,82,249
119,71,231,98,82,250
119,71,239,96,81,252
119,71,247,95,81,253
119,71,255,93,80,254
119,79,0,104,78,24
119,79,7,105,79,31
119,79,15,105,79,38
119,79,23,106,79,47
119,79,31,106,79,53
119,79,39,105,79,59
119,79,47,105,79,66
119,79,55,105,79,73
119,79,63,105,79,81
119,79,71,105,79,87
119,79,79,105,79,94
119,79,87,105,79,102
119,79,95,106,79,110
119,79,103,106,79,118
119,79,111,106,78,126
119,79,119,106,78,136
119,79,127,105,78,146
119,79,135,105,79,155
119,79,143,105,79,167
119,79,151,105,79,178
119,79,159,104,80,192
119,79,167,104,80,207
119,79,175,103,81,219
119,79,183,103,82,229
119,79,191,102,83,240
119,79,199,102,84,244
119,79,207,101,84,246
119,79,215,101,85,248
119,79,223,100,85,249
119,79,231,99,85,251
119,79,239,98,84,252
119,79,247,96,83,253
119,79,255,95,82,254
119,87,0,105,87,25
119,87,7,106,87,31
119,87,15,106,87,39
119,87,23,107,87,46
119,87,31,107,88,53
119,87,39,106,88,58
119,87,47,106,88,65
119,87,55,106,88,72
119,87,63,106,88,79
119,87,71,106,87,85
119,87,79,107,87,92
119,87,87,107,87,99
119,87,95,107,87,106
119,87,103,107,87,113
119,87,111,107,87,120
119,87,119,107,86,129
119,87,127,107,86,139
119,87,135,107,86,147
119,87,143,107,86,158
119,87,151,106,86,169
119,87,159,106,86,182
119,87,167,105,86,197
119,87,175,105,87,211
119,87,183,104,87,223
119,87,191,104,88,233
119,87,199,103,88,242
119,87,207,103,88,246
119,87,215,102,89,249
119,87,223,101,89,250
119,87,231,100,89,251
119,87,239,99,88,252
119,87,247,98,88,254
119,87,255,96,86,254
119,95,0,105,94,25
119,95,7,106,95,31
119,95,15,107,95,39
119,95,23,107,95,46
119,95,31,107,95,53
119,95,39,107,95,58
119,95,47,107,95,65
119,95,55,107,95,71
119,95,63,107,95,78
119,95,71,108,95,84
119,95,79,108,94,90
119,95,87,108,94,97
119,95,95,108,94,103
119,95,103,108,94,110
119,95,111,108,93,117
119,95,119,108,93,125
119,95,127,108,93,133
119,95,135,108,93,141
119,95,143,108,93,152
119,95,151,108,92,161
119,95,159,107,92,175
119,95,167,107,92,188
119,95,175,106,92,202
119,95,183,106,92,216
119,95,191,105,92,228
119,95,199,105,92,238
119,95,207,104,93,245
119,95,215,103,92,248
119,95,223,103,92,251
119,95,231,102,92,252
119,95,239,101,91,253
119,95,247,100,91,254
119,95,255,98,89,254
119,103,0,105,102,25
119,103,7,106,102,31
119,103,15,107,102,38
119,103,23,108,102,47
119,103,31,108,102,53
119,103,39,108,103,58
119,103,47,108,102,65
119,103,55,108,102,71
119,103,63,109,102,78
119,103,71,109,102,83
119,103,79,109,102,89
119,103,87,109,101,96
119,103,95,109,101,102
119,103,103,109,101,108
119,103,111,109,100,114
119,103,119,110,100,121
119,103,127,109,100,129
119,103,135,109,99,135
119,103,143,109,99,145
119,103,151,109,99,155
119,103,159,109,98,167
119,103,167,108,98,180
119,103,175,108,98,194
119,103,183,107,97,207
119,103,191,107,97,221
119,103,199,106,97,232
119,103,207,105,97,241
119,103,215,105,97,247
119,103,223,104,96,250
119,103,231,103,96,252
119,103,239,102,95,253
119,103,247,101,94,254
119,103,255,100,92,254
119,111,0,106,110,26
119,111,7,107,110,31
119,111,15,107,110,38
119,111,23,108,110,47
119,111,31,109,110,53
119,111,39,109,110,58
119,111,47,109,110,65
119,111,55,110,110,71
119,111,63,110,109,77
119,111,71,110,109,83
119,111,79,110,109,88
119,111,87,110,108,94
119,111,95,111,108,100
119,111,103,111,107,106
119,111,111,111,107,111
119,111,119,111,107,119
119,111,127,111,106,125
119,111,135,111,106,132
119,111,143,111,106,140
119,111,151,110,105,149
119,111,159,110,105,160
119,111,167,110,104,172
119,111,175,109,104,186
119,111,183,109,103,200
119,111,191,108,103,214
119,111,199,107,102,227
119,111,207,107,102,236
119,111,215,106,101,245
119,111,223,105,100,250
119,111,231,105,100,252
119,111,239,103,99,253
119,111,247,102,98,254
119,111,255,101,96,254
119,119,0,106,116,27
119,119,7,107,117,33
119,119,15,108,117,39
119,119,23,109,117,47
119,119,31,109,117,53
119,119,39,110,117,58
119,119,47,110,117,65
119,119,55,110,117,70
119,119,63,111,116,77
119,119,71,111,116,82
119,119,79,111,115,88
119,119,87,112,115,94
119,119,95,112,114,99
119,119,103,112,114,105
119,119,111,112,113,110
119,119,119,112,113,116
119,119,127,112,112,123
119,119,135,112,112,128
119,119,143,112,112,137
119,119,151,112,111,144
119,119,159,111,111,155
119,119,167,111,110,166
119,119,175,111,110,180
119,119,183,110,109,193
119,119,191,109,108,208
119,119,199,109,107,222
119,119,207,108,106,233
119,119,215,107,105,241
119,119,223,106,104,249
119,119,231,106,103,251
119,119,239,105,102,254
119,119,247,104,101,254
119,119,255,102,100,254
119,127,0,106,125,27
119,127,7,107,125,33
119,127,15,108,125,40
119,127,23,109,125,47
119,127,31,110,125,54
119,127,39,110,125,58
119,127,47,111,125,65
119,127,55,111,125,70
119,127,63,112,124,77
119,127,71,112,124,82
119,127,79,112,123,87
119,127,87,113,123,93
119,127,95,113,122,98
119,127,103,113,121,103
119,127,111,113,121,108
119,127,119,113,120,115
119,127,127,113,119,120
119,127,135,113,119,126
119,127,143,113,119,133
119,127,151,113,118,140
119,127,159,113,118,149
119,127,167,112,118,160
119,127,175,112,117,172
119,127,183,112,116,185
119,127,191,111,115,201
119,127,199,110,113,216
119,127,207,109,112,229
119,127,215,109,111,239
119,127,223,108,109,247
119,127,231,107,108,251
119,127,239,106,107,253
119,127,247,105,105,254
119,127,255,104,103,254
119,135,0,106,132,27
119,135,7,107,132,33
119,135,15,108,132,41
119,135,23,109,132,47
119,135,31,110,132,54
119,135,39,110,132,58
119,135,47,111,132,65
119,135,55,112,132,70
119,135,63,112,132,77
119,135,71,113,131,81
119,135,79,113,131,87
119,135,87,114,130,93
119,135,95,114,129,97
119,135,103,114,129,103
119,135,111,114,128,107
119,135,119,114,127,113
119,135,127,114,126,119
119,135,135,114,126,124
119,135,143,114,125,131
119,135,151,114,125,137
119,135,159,114,125,146
119,135,167,114,124,155
119,135,175,113,123,167
119,135,183,113,123,179
119,135,191,112,121,195
119,135,199,111,119,210
119,135,207,111,118,224
119,135,215,110,116,236
119,135,223,109,114,244
119,135,231,108,113,250
119,135,239,107,111,253
119,135,247,106,109,254
119,135,255,105,106,254
119,143,0,105,140,28
119,143,7,106,140,33
119,143,15,107,140,40
119,143,23,109,140,48
119,143,31,110,140,53
119,143,39,111,140,59
119,143,47,112,140,65
119,143,55,112,140,70
119,143,63,113,140,77
119,143,71,114,139,81
119,143,79,114,139,87
119,143,87,114,138,92
119,143,95,115,137,97
119,143,103,115,136,102
119,143,111,115,135,106
119,143,119,115,134,112
119,143,127,115,134,117
119,143,135,115,133,122
119,143,143,115,133,128
119,143,151,115,132,134
119,143,159,115,132,142
119,143,167,115,131,151
119,143,175,115,131,161
119,143,183,114,130,174
119,143,191,114,128,188
119,143,199,113,126,204
119,143,207,112,124,218
119,143,215,111,122,230
119,143,223,110,120,242
119,143,231,109,118,248
119,143,239,108,115,252
119,143,247,107,113,254
119,143,255,106,110,254
119,151,0,105,149,29
119,151,7,106,149,33
119,151,15,107,149,40
119,151,23,108,148,49
119,151,31,109,149,54
119,151,39,110,149,59
119,151,47,112,149,65
119,151,55,113,149,70
119,151,63,113,148,77
119,151,71,114,148,81
119,151,79,115,147,87
119,151,87,115,146,92
119,151,95,115,145,97
119,151,103,115,145,101
119,151,111,115,144,106
119,151,119,115,143,111
119,151,127,116,142,116
119,151,135,116,141,121
119,151,143,116,141,126
119,151,151,116,141,132
119,151,159,116,140,139
119,151,167,116,139,148
119,151,175,116,139,157
119,151,183,115,137,168
119,151,191,115,136,182
119,151,199,114,134,197
119,151,207,113,132,213
119,151,215,112,129,226
119,151,223,111,126,239
119,151,231,110,124,246
119,151,239,109,121,252
119,151,247,109,118,254
119,151,255,108,114,255
119,159,0,104,158,29
119,159,7,105,158,33
119,159,15,106,158,39
119,159,23,108,158,47
119,159,31,109,158,54
119,159,39,110,158,59
119,159,47,112,158,65
119,159,55,113,158,70
119,159,63,114,158,76
119,159,71,114,157,81
119,159,79,115,156,86
119,159,87,115,156,92
119,159,95,116,155,96
119,159,103,116,154,101
119,159,111,116,153,105
119,159,119,116,152,111
119,159,127,116,151,115
119,159,135,116,151,119
119,159,143,116,150,125
119,159,151,117,149,130
119,159,159,117,149,137
119,159,167,117,148,144
119,159,175,117,147,154
119,159,183,116,146,163
119,159,191,116,145,177
119,159,199,116,143,191
119,159,207,115,140,206
119,159,215,114,137,220
119,159,223,113,133,234
119,159,231,112,130,244
119,159,239,111,127,250
119,159,247,110,123,254
119,159,255,109,119,255
119,167,0,103,167,30
119,167,7,104,167,34
119,167,15,105,167,39
119,167,23,107,167,46
119,167,31,109,167,55
119,167,39,110,168,59
119,167,47,111,168,65
119,167,55,113,168,70
119,167,63,114,167,76
119,167,71,114,167,81
119,167,79,115,166,86
119,167,87,116,165,91
119,167,95,116,164,96
119,167,103,116,164,101
119,167,111,117,163,105
119,167,119,117,162,110
119,167,127,117,161,114
119,167,135,117,160,118
119,167,143,117,160,124
119,167,151,117,159,128
119,167,159,117,158,134
119,167,167,117,158,142
119,167,175,118,157,149
119,167,183,117,155,159
119,167,191,117,154,171
119,167,199,116,152,185
119,167,207,116,149,199
119,167,215,115,146,213
119,167,223,114,142,230
119,167,231,113,138,240
119,167,239,112,133,249
119,167,247,111,130,253
119,167,255,110,126,255
119,175,0,103,177,32
119,175,7,104,177,36
119,175,15,105,177,41
119,175,23,106,177,47
119,175,31,108,178,54
119,175,39,110,178,59
119,175,47,111,178,65
119,175,55,112,178,70
119,175,63,114,178,76
119,175,71,114,177,81
119,175,79,115,176,86
119,175,87,116,175,91
119,175,95,116,174,96
119,175,103,117,174,100
119,175,111,117,173,105
119,175,119,117,172,109
119,175,127,117,172,114
119,175,135,117,171,118
119,175,143,118,170,123
119,175,151,118,169,127
119,175,159,118,168,133
119,175,167,118,168,139
119,175,175,118,167,147
119,175,183,118,166,155
119,175,191,118,164,167
119,175,199,118,162,179
119,175,207,117,159,193
119,175,215,116,156,207
119,175,223,115,151,224
119,175,231,114,146,236
119,175,239,113,141,248
119,175,247,112,136,253
119,175,255,111,132,255
119,183,0,101,189,32
119,183,7,102,189,36
119,183,15,104,189,42
119,183,23,105,189,48
119,183,31,107,190,53
119,183,39,109,190,59
119,183,47,111,190,65
119,183,55,112,190,70
119,183,63,113,190,76
119,183,71,114,189,81
119,183,79,115,189,86
119,183,87,116,188,91
119,183,95,116,187,95
119,183,103,117,186,100
119,183,111,117,185,104
119,183,119,117,185,109
119,183,127,118,184,113
119,183,135,118,183,117
119,183,143,118,183,122
119,183,151,118,182,126
119,183,159,118,181,131
119,183,167,119,180,137
119,183,175,119,179,143
119,183,183,119,178,151
119,183,191,119,177,161
119,183,199,119,175,173
119,183,207,118,172,186
119,183,215,118,169,200
119,183,223,117,163,217
119,183,231,116,158,231
119,183,239,115,151,244
119,183,247,114,145,252
119,183,255,112,139,254
119,191,0,100,201,32
119,191,7,101,201,36
119,191,15,102,201,41
119,191,23,105,202,49
119,191,31,106,202,54
119,191,39,108,202,58
119,191,47,110,203,65
119,191,55,111,202,70
119,191,63,113,202,76
119,191,71,114,201,80
119,191,79,115,201,86
119,191,87,116,200,91
119,191,95,116,199,95
119,191,103,117,198,99
119,191,111,117,198,103
119,191,119,117,197,108
119,191,127,118,196,112
119,191,135,118,195,116
119,191,143,118,195,120
119,191,151,118,194,124
119,191,159,119,193,130
119,191,167,119,192,135
119,191,175,119,192,141
119,191,183,119,191,147
119,191,191,119,189,157
119,191,199,119,187,167
119,191,207,119,185,179
119,191,215,119,182,193
119,191,223,118,177,210
119,191,231,117,171,224
119,191,239,116,163,239
119,191,247,115,156,249
119,191,255,114,149,254
119,199,0,98,212,33
119,199,7,99,212,36
119,199,15,101,212,40
119,199,23,103,213,47
119,199,31,106,214,54
119,199,39,107,214,58
119,199,47,109,214,65
119,199,55,111,214,70
119,199,63,112,213,76
119,199,71,113,213,80
119,199,79,114,212,85
119,199,87,115,211,90
119,199,95,116,211,94
119,199,103,116,210,99
119,199,111,117,209,102
119,199,119,117,208,107
119,199,127,117,208,111
119,199,135,118,207,115
119,199,143,118,207,119
119,199,151,118,206,123
119,199,159,119,205,128
119,199,167,119,204,133
119,199,175,119,204,139
119,199,183,120,203,145
119,199,191,120,202,152
119,199,199,120,200,162
119,199,207,120,198,173
119,199,215,120,196,185
119,199,223,119,190,203
119,199,231,119,185,217
119,199,239,118,177,234
119,199,247,117,169,246
119,199,255,116,161,255
119,207,0,97,222,34
119,207,7,98,222,37
119,207,15,100,222,40
119,207,23,102,223,46
119,207,31,104,224,53
119,207,39,106,225,58
119,207,47,108,225,64
119,207,55,110,225,69
119,207,63,111,225,75
119,207,71,113,224,80
119,207,79,113,224,84
119,207,87,114,223,89
119,207,95,115,222,93
119,207,103,116,221,98
119,207,111,116,221,101
119,207,119,116,220,106
119,207,127,117,220,110
119,207,135,117,219,113
119,207,143,118,218,118
119,207,151,118,218,122
119,207,159,118,217,127
119,207,167,119,216,131
119,207,175,119,216,136
119,207,183,119,215,142
119,207,191,120,214,149
119,207,199,120,213,157
119,207,207,120,212,167
119,207,215,120,209,179
119,207,223,120,205,195
119,207,231,120,199,210
119,207,239,119,191,229
119,207,247,118,183,244
119,207,255,117,174,252
119,215,0,96,232,34
119,215,7,97,232,38
119,215,15,99,233,42
119,215,23,100,233,46
119,215,31,103,234,52
119,215,39,105,235,58
119,215,47,107,236,63
119,215,55,109,236,68
119,215,63,110,236,74
119,215,71,111,235,78
119,215,79,112,235,83
119,215,87,113,235,88
119,215,95,114,234,92
119,215,103,115,234,96
119,215,111,115,233,100
119,215,119,116,233,104
119,215,127,116,232,108
119,215,135,116,232,111
119,215,143,117,231,115
119,215,151,117,231,119
119,215,159,117,230,124
119,215,167,118,230,129
119,215,175,118,229,134
119,215,183,119,229,139
119,215,191,119,228,145
119,215,199,120,227,152
119,215,207,120,226,161
119,215,215,120,225,171
119,215,223,120,221,188
119,215,231,120,216,203
119,215,239,120,210,222
119,215,247,119,201,239
119,215,255,119,192,251
119,223,0,94,241,35
119,223,7,95,241,38
119,223,15,97,241,42
119,223,23,99,242,48
119,223,31,101,243,52
119,223,39,103,244,57
119,223,47,106,245,63
119,223,55,107,245,67
119,223,63,109,245,73
119,223,71,110,245,76
119,223,79,111,245,81
119,223,87,112,245,86
119,223,95,112,244,90
119,223,103,113,244,94
119,223,111,114,244,97
119,223,119,114,244,102
119,223,127,115,243,105
119,223,135,115,243,109
119,223,143,116,243,113
119,223,151,116,243,116
119,223,159,116,242,121
119,223,167,117,242,125
119,223,175,117,241,130
119,223,183,118,241,135
119,223,191,118,240,141
119,223,199,119,240,148
119,223,207,119,240,156
119,223,215,119,239,165
119,223,223,120,236,179
119,223,231,120,233,194
119,223,239,120,228,214
119,223,247,120,221,233
119,223,255,120,213,249
119,231,0,93,247,35
119,231,7,94,247,38
119,231,15,95,248,41
119,231,23,98,248,47
119,231,31,100,249,52
119,231,39,101,249,56
119,231,47,104,250,61
119,231,55,105,250,66
119,231,63,107,250,71
119,231,71,108,251,75
119,231,79,109,251,79
119,231,87,110,251,83
119,231,95,111,251,87
119,231,103,112,251,91
119,231,111,112,251,95
119,231,119,113,250,99
119,231,127,113,250,102
119,231,135,114,250,105
119,231,143,114,250,109
119,231,151,114,250,112
119,231,159,115,250,117
119,231,167,115,250,121
119,231,175,116,250,126
119,231,183,116,250,131
119,231,191,117,249,137
119,231,199,117,248,144
119,231,207,118,248,151
119,231,215,118,247,160
119,231,223,119,246,173
119,231,231,119,245,186
119,231,239,119,241,205
119,231,247,120,236,225
119,231,255,120,230,245
119,239,0,92,253,37
119,239,7,92,253,39
119,239,15,94,253,41
119,239,23,95,253,46
119,239,31,98,254,51
119,239,39,100,254,55
119,239,47,102,254,60
119,239,55,103,254,64
119,239,63,105,254,69
119,239,71,106,254,72
119,239,79,107,254,77
119,239,87,108,254,81
119,239,95,109,254,84
119,239,103,110,254,88
119,239,111,110,254,92
119,239,119,111,254,96
119,239,127,111,254,99
119,239,135,112,254,102
119,239,143,113,254,106
119,239,151,113,254,109
119,239,159,113,254,113
119,239,167,114,254,117
119,239,175,114,254,121
119,239,183,114,254,126
119,239,191,115,254,132
119,239,199,115,254,139
119,239,207,116,254,146
119,239,215,116,253,154
119,239,223,117,253,166
119,239,231,117,252,178
119,239,239,118,251,196
119,239,247,119,249,216
119,239,255,120,246,239
119,247,0,90,254,37
119,247,7,91,255,40
119,247,15,92,255,42
119,247,23,94,255,46
119,247,31,95,255,50
119,247,39,97,255,54
119,247,47,99,255,59
119,247,55,101,255,63
119,247,63,103,255,67
119,247,71,104,255,71
119,247,79,105,255,75
119,247,87,106,255,79
119,247,95,107,255,82
119,247,103,108,254,86
119,247,111,108,254,89
119,247,119,109,255,92
119,247,127,110,255,96
119,247,135,110,255,99
119,247,143,110,255,102
119,247,151,111,255,105
119,247,159,111,255,109
119,247,167,112,255,113
119,247,175,112,255,117
119,247,183,112,255,122
119,247,191,113,255,128
119,247,199,113,255,134
119,247,207,114,255,141
119,247,215,114,255,149
119,247,223,115,255,160
119,247,231,115,255,172
119,247,239,116,254,189
119,247,247,117,254,207
119,247,255,118,254,227
119,255,0,89,255,37
119,255,7,89,255,39
119,255,15,90,255,42
119,255,23,92,255,46
119,255,31,94,255,49
119,255,39,95,255,52
119,255,47,97,255,57
119,255,55,99,255,61
119,255,63,100,255,66
119,255,71,102,255,69
119,255,79,103,255,73
119,255,87,104,255,77
119,255,95,106,255,81
119,255,103,107,255,84
119,255,111,107,255,87
119,255,119,108,255,91
119,255,127,109,255,94
119,255,135,109,255,97
119,255,143,110,255,100
119,255,151,110,255,103
119,255,159,110,255,107
119,255,167,110,255,111
119,255,175,110,255,115
119,255,183,111,255,119
119,255,191,111,255,125
119,255,199,111,255,131
119,255,207,112,255,137
119,255,215,112,255,145
119,255,223,113,255,156
119,255,231,113,255,167
119,255,239,114,255,183
119,255,247,115,255,199
119,255,255,116,255,218
127,0,0,111,2,23
127,0,7,111,3,33
127,0,15,112,3,45
127,0,23,112,3,57
127,0,31,111,4,68
127,0,39,111,4,77
127,0,47,110,4,90
127,0,55,109,4,102
127,0,63,108,4,118
127,0,71,107,5,131
127,0,79,106,7,149
127,0,87,105,8,168
127,0,95,104,10,185
127,0,103,102,11,200
127,0,111,101,14,210
127,0,119,99,16,219
127,0,127,98,19,224
127,0,135,96,21,228
127,0,143,95,24,231
127,0,151,93,26,233
127,0,159,92,28,235
127,0,167,91,31,236
127,0,175,90,33,237
127,0,183,88,34,238
127,0,191,87,36,240
127,0,199,85,36,242
127,0,207,84,37,244
127,0,215,83,37,246
127,0,223,81,38,248
127,0,231,80,39,250
127,0,239,79,40,252
127,0,247,77,40,253
127,0,255,75,42,254
127,7,0,110,4,23
127,7,7,111,4,33
127,7,15,111,5,45
127,7,23,111,6,56
127,7,31,111,6,67
127,7,39,110,7,76
127,7,47,110,7,88
127,7,55,109,7,100
127,7,63,108,8,115
127,7,71,108,9,128
127,7,79,107,10,143
127,7,87,105,11,162
127,7,95,104,13,179
127,7,103,103,15,195
127,7,111,102,18,204
127,7,119,100,21,214
127,7,127,99,23,220
127,7,135,97,26,224
127,7,143,96,28,229
127,7,151,95,30,231
127,7,159,93,33,233
127,7,167,92,35,235
127,7,175,91,38,236
127,7,183,90,40,238
127,7,191,88,41,240
127,7,199,87,42,242
127,7,207,86,42,244
127,7,215,85,43,246
127,7,223,83,43,248
127,7,231,82,44,250
127,7,239,80,46,251
127,7,247,79,46,253
127,7,255,77,46,254
127,15,0,109,7,23
127,15,7,110,8,33
127,15,15,110,9,44
127,15,23,110,9,55
127,15,31,110,10,66
127,15,39,110,11,74
127,15,47,109,11,86
127,15,55,109,12,97
127,15,63,108,13,111
127,15,71,108,13,123
127,15,79,107,14,138
127,15,87,106,16,156
127,15,95,105,17,171
127,15,103,104,20,187
127,15,111,103,23,197
127,15,119,101,26,208
127,15,127,100,29,215
127,15,135,99,31,220
127,15,143,97,34,225
127,15,151,96,36,228
127,15,159,95,38,232
127,15,167,93,40,235
127,15,175,92,43,236
127,15,183,91,45,238
127,15,191,90,48,240
127,15,199,89,49,242
127,15,207,88,49,244
127,15,215,87,49,245
127,15,223,85,49,248
127,15,231,84,49,249
127,15,239,82,50,251
127,15,247,81,52,253
127,15,255,79,52,254
127,23,0,108,13,24
127,23,7,109,14,34
127,23,15,109,15,43
127,23,23,109,16,54
127,23,31,109,17,64
127,23,39,109,18,72
127,23,47,109,19,83
127,23,55,109,20,93
127,23,63,108,20,106
127,23,71,108,21,116
127,23,79,107,22,130
127,23,87,107,23,146
127,23,95,106,24,161
127,23,103,105,26,175
127,23,111,104,28,187
127,23,119,103,32,198
127,23,127,101,36,206
127,23,135,100,39,212
127,23,143,99,42,219
127,23,151,98,44,224
127,23,159,97,46,229
127,23,167,95,48,234
127,23,175,94,50,237
127,23,183,93,52,238
127,23,191,92,54,240
127,23,199,91,56,242
127,23,207,90,58,244
127,23,215,89,58,245
127,23,223,88,57,247
127,23,231,86,57,249
127,23,239,85,57,251
127,23,247,83,58,253
127,23,255,82,59,254
127,31,0,107,22,23
127,31,7,108,23,33
127,31,15,109,24,42
127,31,23,109,25,53
127,31,31,109,25,62
127,31,39,109,26,70
127,31,47,109,27,80
127,31,55,109,28,90
127,31,63,109,28,101
127,31,71,108,29,111
127,31,79,108,30,123
127,31,87,107,31,136
127,31,95,107,32,150
127,31,103,106,33,164
127,31,111,105,35,175
127,31,119,104,38,187
127,31,127,103,41,197
127,31,135,102,43,205
127,31,143,101,46,214
127,31,151,100,49,221
127,31,159,99,52,227
127,31,167,98,55,232
127,31,175,96,57,237
127,31,183,96,58,239
127,31,191,95,60,241
127,31,199,94,62,243
127,31,207,93,63,244
127,31,215,92,64,246
127,31,223,91,65,247
127,31,231,89,65,249
127,31,239,88,64,251
127,31,247,86,64,253
127,31,255,84,64,254
127,39,0,107,32,23
127,39,7,108,33,32
127,39,15,108,33,41
127,39,23,109,34,51
127,39,31,109,35,60
127,39,39,109,36,67
127,39,47,109,36,77
127,39,55,109,37,86
127,39,63,109,37,97
127,39,71,109,38,106
127,39,79,108,38,116
127,39,87,108,39,129
127,39,95,107,39,141
127,39,103,107,40,153
127,39,111,106,42,164
127,39,119,105,44,176
127,39,127,104,46,188
127,39,135,104,49,197
127,39,143,103,51,208
127,39,151,102,53,216
127,39,159,100,56,225
127,39,167,99,58,231
127,39,175,98,61,236
127,39,183,98,63,240
127,39,191,97,65,242
127,39,199,96,67,243
127,39,207,95,68,245
127,39,215,94,69,246
127,39,223,93,70,248
127,39,231,92,70,249
127,39,239,90,70,251
127,39,247,89,70,253
127,39,255,87,70,254
127,47,0,107,42,24
127,47,7,108,42,31
127,47,15,108,42,41
127,47,23,109,43,50
127,47,31,109,44,58
127,47,39,109,44,65
127,47,47,109,45,74
127,47,55,109,45,83
127,47,63,109,45,93
127,47,71,109,46,101
127,47,79,108,46,111
127,47,87,108,47,123
127,47,95,108,47,133
127,47,103,107,48,145
127,47,111,107,48,155
127,47,119,106,50,168
127,47,127,106,52,179
127,47,135,105,53,190
127,47,143,104,56,202
127,47,151,103,57,211
127,47,159,102,60,221
127,47,167,101,62,231
127,47,175,100,64,236
127,47,183,100,66,240
127,47,191,99,68,243
127,47,199,98,70,244
127,47,207,97,71,245
127,47,215,96,72,246
127,47,223,95,73,248
127,47,231,94,73,250
127,47,239,92,73,252
127,47,247,91,73,253
127,47,255,89,74,254
127,55,0,107,51,23
127,55,7,108,51,31
127,55,15,109,51,40
127,55,23,109,52,49
127,55,31,109,52,56
127,55,39,109,53,63
127,55,47,109,53,72
127,55,55,109,54,80
127,55,63,109,54,89
127,55,71,109,54,96
127,55,79,109,54,106
127,55,87,108,54,116
127,55,95,108,55,126
127,55,103,108,55,137
127,55,111,108,55,147
127,55,119,107,56,159
127,55,127,107,58,170
127,55,135,106,59,181
127,55,143,105,61,194
127,55,151,105,62,205
127,55,159,104,64,217
127,55,167,103,66,227
127,55,175,102,68,236
127,55,183,101,69,239
127,55,191,101,71,242
127,55,199,100,73,244
127,55,207,99,74,245
127,55,215,98,75,246
127,55,223,97,76,248
127,55,231,96,76,250
127,55,239,94,76,252
127,55,247,93,76,253
127,55,255,91,76,254
127,63,0,108,60,24
127,63,7,108,60,31
127,63,15,109,60,39
127,63,23,109,60,48
127,63,31,109,61,55
127,63,39,109,61,61
127,63,47,109,61,70
127,63,55,109,62,77
127,63,63,109,62,86
127,63,71,109,62,93
127,63,79,109,62,102
127,63,87,109,62,111
127,63,95,109,62,120
127,63,103,108,62,130
127,63,111,108,62,139
127,63,119,108,63,150
127,63,127,108,64,162
127,63,135,107,65,172
127,63,143,107,66,186
127,63,151,106,67,197
127,63,159,105,68,211
127,63,167,105,70,223
127,63,175,104,71,233
127,63,183,103,73,240
127,63,191,102,75,243
127,63,199,101,76,245
127,63,207,101,77,246
127,63,215,100,78,247
127,63,223,99,79,248
127,63,231,98,79,250
127,63,239,96,79,252
127,63,247,95,78,253
127,63,255,93,78,254
127,71,0,109,69,24
127,71,7,109,69,32
127,71,15,110,70,39
127,71,23,110,70,48
127,71,31,110,70,54
127,71,39,110,70,60
127,71,47,109,71,68
127,71,55,109,71,75
127,71,63,109,71,83
127,71,71,109,71,90
127,71,79,109,71,97
127,71,87,109,71,106
127,71,95,109,71,114
127,71,103,109,71,123
127,71,111,109,71,131
127,71,119,109,71,142
127,71,127,109,71,152
127,71,135,109,72,163
127,71,143,108,73,175
127,71,151,108,73,187
127,71,159,107,74,201
127,71,167,106,75,215
127,71,175,105,76,226
127,71,183,105,77,235
127,71,191,104,79,242
127,71,199,103,80,245
127,71,207,103,81,246
127,71,215,102,82,247
127,71,223,101,82,249
127,71,231,100,82,250
127,71,239,98,82,252
127,71,247,97,81,253
127,71,255,95,80,254
127,79,0,109,77,25
127,79,7,110,77,32
127,79,15,110,77,39
127,79,23,111,77,47
127,79,31,110,78,54
127,79,39,110,78,60
127,79,47,110,78,67
127,79,55,110,78,74
127,79,63,110,78,82
127,79,71,110,78,87
127,79,79,110,78,95
127,79,87,110,78,103
127,79,95,110,78,110
127,79,103,110,78,118
127,79,111,110,78,126
127,79,119,110,78,136
127,79,127,110,78,146
127,79,135,110,78,155
127,79,143,109,78,168
127,79,151,109,79,179
127,79,159,108,79,192
127,79,167,108,80,207
127,79,175,107,81,221
127,79,183,106,82,230
127,79,191,105,83,239
127,79,199,105,83,244
127,79,207,104,84,246
127,79,215,103,85,248
127,79,223,102,85,249
127,79,231,101,85,251
127,79,239,100,84,252
127,79,247,98,84,254
127,79,255,97,82,254
127,87,0,110,85,25
127,87,7,110,85,32
127,87,15,111,86,40
127,87,23,111,86,47
127,87,31,111,86,54
127,87,39,111,86,59
127,87,47,111,86,66
127,87,55,111,86,72
127,87,63,111,86,80
127,87,71,111,86,86
127,87,79,111,86,92
127,87,87,111,86,100
127,87,95,111,86,106
127,87,103,111,86,114
127,87,111,111,86,121
127,87,119,111,86,130
127,87,127,111,85,139
127,87,135,111,85,148
127,87,143,111,85,159
127,87,151,111,86,170
127,87,159,110,86,183
127,87,167,109,86,197
127,87,175,109,86,211
127,87,183,108,87,224
127,87,191,107,87,234
127,87,199,106,88,243
127,87,207,106,88,246
127,87,215,105,89,248
127,87,223,104,89,250
127,87,231,103,89,251
127,87,239,102,88,252
127,87,247,100,88,253
127,87,255,98,86,254
127,95,0,111,92,26
127,95,7,111,93,32
127,95,15,112,93,40
127,95,23,112,93,47
127,95,31,112,94,54
127,95,39,112,94,59
127,95,47,112,94,66
127,95,55,112,94,72
127,95,63,112,93,79
127,95,71,112,93,84
127,95,79,112,93,91
127,95,87,112,93,98
127,95,95,112,93,104
127,95,103,112,93,111
127,95,111,113,92,117
127,95,119,113,92,125
127,95,127,113,92,134
127,95,135,113,92,141
127,95,143,112,92,152
127,95,151,112,92,161
127,95,159,111,92,175
127,95,167,111,91,189
127,95,175,110,91,202
127,95,183,109,92,216
127,95,191,109,92,229
127,95,199,108,92,238
127,95,207,107,92,246
127,95,215,106,92,248
127,95,223,105,92,251
127,95,231,104,92,252
127,95,239,103,91,253
127,95,247,102,91,253
127,95,255,100,89,254
127,103,0,111,100,26
127,103,7,111,100,31
127,103,15,112,100,39
127,103,23,113,100,48
127,103,31,113,101,54
127,103,39,113,101,59
127,103,47,113,101,66
127,103,55,113,101,71
127,103,63,113,100,78
127,103,71,113,100,84
127,103,79,113,100,90
127,103,87,113,100,96
127,103,95,114,100,102
127,103,103,114,99,108
127,103,111,114,99,114
127,103,119,114,99,122
127,103,127,114,99,129
127,103,135,114,98,136
127,103,143,114,98,146
127,103,151,113,98,155
127,103,159,113,98,167
127,103,167,112,97,181
127,103,175,112,97,195
127,103,183,111,97,207
127,103,191,110,97,221
127,103,199,109,97,233
127,103,207,108,97,241
127,103,215,108,96,248
127,103,223,107,96,250
127,103,231,106,96,252
127,103,239,104,95,253
127,103,247,103,94,254
127,103,255,102,92,254
127,111,0,111,107,27
127,111,7,112,108,33
127,111,15,112,108,39
127,111,23,113,108,48
127,111,31,113,108,54
127,111,39,114,108,59
127,111,47,114,108,65
127,111,55,114,108,71
127,111,63,114,108,78
127,111,71,114,108,83
127,111,79,114,107,89
127,111,87,115,107,95
127,111,95,115,106,101
127,111,103,115,106,107
127,111,111,115,106,112
127,111,119,115,105,119
127,111,127,115,105,126
127,111,135,115,105,132
127,111,143,115,104,140
127,111,151,115,104,149
127,111,159,114,104,161
127,111,167,114,103,173
127,111,175,113,103,187
127,111,183,113,103,200
127,111,191,112,102,214
127,111,199,111,102,227
127,111,207,110,101,237
127,111,215,109,101,245
127,111,223,108,100,250
127,111,231,107,100,252
127,111,239,106,99,253
127,111,247,105,98,254
127,111,255,103,96,254
127,119,0,111,114,27
127,119,7,112,114,34
127,119,15,112,114,40
127,119,23,113,114,48
127,119,31,114,114,54
127,119,39,114,115,59
127,119,47,114,115,65
127,119,55,115,114,71
127,119,63,115,114,78
127,119,71,115,114,83
127,119,79,116,113,88
127,119,87,116,113,94
127,119,95,116,112,99
127,119,103,116,112,105
127,119,111,116,111,110
127,119,119,116,111,117
127,119,127,116,111,123
127,119,135,116,110,129
127,119,143,116,110,137
127,119,151,116,110,145
127,119,159,115,110,155
127,119,167,115,109,167
127,119,175,114,109,180
127,119,183,114,108,194
127,119,191,113,107,209
127,119,199,112,107,222
127,119,207,111,106,234
127,119,215,110,105,242
127,119,223,109,104,249
127,119,231,108,103,252
127,119,239,107,102,254
127,119,247,106,101,254
127,119,255,104,100,254
127,127,0,111,122,27
127,127,7,111,122,33
127,127,15,113,122,42
127,127,23,113,122,48
127,127,31,114,122,54
127,127,39,115,123,59
127,127,47,115,123,65
127,127,55,116,122,71
127,127,63,116,122,78
127,127,71,116,122,82
127,127,79,117,121,88
127,127,87,117,120,94
127,127,95,117,120,99
127,127,103,117,119,104
127,127,111,117,119,109
127,127,119,117,118,115
127,127,127,117,117,121
127,127,135,117,117,126
127,127,143,117,117,133
127,127,151,117,117,141
127,127,159,117,117,150
127,127,167,116,116,161
127,127,175,116,116,173
127,127,183,115,115,186
127,127,191,114,114,202
127,127,199,114,112,216
127,127,207,113,111,229
127,127,215,112,110,239
127,127,223,111,109,247
127,127,231,110,108,251
127,127,239,108,106,253
127,127,247,107,105,254
127,127,255,106,103,254
127,135,0,110,129,28
127,135,7,111,129,33
127,135,15,112,129,41
127,135,23,113,129,48
127,135,31,114,130,54
127,135,39,115,130,59
127,135,47,116,130,65
127,135,55,116,129,71
127,135,63,117,129,78
127,135,71,117,129,82
127,135,79,117,128,88
127,135,87,118,128,93
127,135,95,118,127,98
127,135,103,118,126,103
127,135,111,118,125,108
127,135,119,118,124,114
127,135,127,118,124,119
127,135,135,118,124,124
127,135,143,118,123,131
127,135,151,118,123,137
127,135,159,118,123,146
127,135,167,118,122,155
127,135,175,117,122,167
127,135,183,117,121,180
127,135,191,116,120,195
127,135,199,115,118,211
127,135,207,114,117,224
127,135,215,113,115,236
127,135,223,112,114,245
127,135,231,111,112,250
127,135,239,110,110,253
127,135,247,108,109,254
127,135,255,107,106,254
127,143,0,110,136,28
127,143,7,111,136,33
127,143,15,112,137,40
127,143,23,113,137,49
127,143,31,114,137,54
127,143,39,115,137,59
127,143,47,116,137,65
127,143,55,117,137,71
127,143,63,117,137,77
127,143,71,118,136,82
127,143,79,118,136,88
127,143,87,119,135,93
127,143,95,119,134,98
127,143,103,119,133,103
127,143,111,119,133,107
127,143,119,119,132,113
127,143,127,119,131,118
127,143,135,119,131,123
127,143,143,119,130,129
127,143,151,119,130,135
127,143,159,119,130,142
127,143,167,119,129,152
127,143,175,119,129,162
127,143,183,118,128,174
127,143,191,117,127,189
127,143,199,116,125,204
127,143,207,115,123,219
127,143,215,114,121,231
127,143,223,113,119,243
127,143,231,112,117,248
127,143,239,111,115,253
127,143,247,110,113,254
127,143,255,108,110,254
127,151,0,110,145,30
127,151,7,110,145,34
127,151,15,111,145,40
127,151,23,113,145,49
127,151,31,114,145,55
127,151,39,115,145,59
127,151,47,116,145,65
127,151,55,117,145,71
127,151,63,118,145,77
127,151,71,118,145,82
127,151,79,119,144,87
127,151,87,119,143,93
127,151,95,119,142,97
127,151,103,119,141,102
127,151,111,120,141,107
127,151,119,120,140,112
127,151,127,119,139,117
127,151,135,119,139,121
127,151,143,120,138,127
127,151,151,120,138,133
127,151,159,120,137,140
127,151,167,120,137,148
127,151,175,120,136,158
127,151,183,119,135,169
127,151,191,119,134,183
127,151,199,118,132,198
127,151,207,117,130,213
127,151,215,116,128,226
127,151,223,115,125,239
127,151,231,113,123,246
127,151,239,112,120,252
127,151,247,111,117,254
127,151,255,110,114,255
127,159,0,109,153,30
127,159,7,110,153,34
127,159,15,111,153,40
127,159,23,112,154,48
127,159,31,114,154,55
127,159,39,115,154,59
127,159,47,116,154,66
127,159,55,117,154,71
127,159,63,118,154,77
127,159,71,119,153,82
127,159,79,119,153,87
127,159,87,120,152,92
127,159,95,120,151,97
127,159,103,120,150,102
127,159,111,120,150,106
127,159,119,120,149,111
127,159,127,120,148,116
127,159,135,120,147,120
127,159,143,121,147,126
127,159,151,121,146,131
127,159,159,121,146,137
127,159,167,121,145,145
127,159,175,121,145,154
127,159,183,121,144,164
127,159,191,120,142,177
127,159,199,119,141,191
127,159,207,118,138,206
127,159,215,117,136,221
127,159,223,116,132,235
127,159,231,115,129,244
127,159,239,114,126,250
127,159,247,112,123,254
127,159,255,111,119,255
127,167,0,108,162,31
127,167,7,109,162,36
127,167,15,110,162,40
127,167,23,112,163,47
127,167,31,113,163,55
127,167,39,115,163,60
127,167,47,116,163,66
127,167,55,117,163,71
127,167,63,118,163,77
127,167,71,119,163,82
127,167,79,120,162,87
127,167,87,120,161,92
127,167,95,120,160,97
127,167,103,121,160,102
127,167,111,121,159,106
127,167,119,121,158,111
127,167,127,121,157,115
127,167,135,121,157,119
127,167,143,121,156,124
127,167,151,121,156,129
127,167,159,122,155,135
127,167,167,122,154,142
127,167,175,122,153,150
127,167,183,121,153,160
127,167,191,121,151,172
127,167,199,121,149,186
127,167,207,120,147,200
127,167,215,119,144,214
127,167,223,118,140,230
127,167,231,116,137,241
127,167,239,115,132,250
127,167,247,114,129,253
127,167,255,113,125,255
127,175,0,107,172,32
127,175,7,108,172,37
127,175,15,110,172,43
127,175,23,111,173,48
127,175,31,113,173,54
127,175,39,114,173,60
127,175,47,116,174,66
127,175,55,117,173,71
127,175,63,118,173,77
127,175,71,119,172,82
127,175,79,120,172,87
127,175,87,120,171,92
127,175,95,121,170,97
127,175,103,121,170,101
127,175,111,121,169,105
127,175,119,121,168,110
127,175,127,122,167,115
127,175,135,122,167,119
127,175,143,122,166,124
127,175,151,122,165,128
127,175,159,122,165,133
127,175,167,122,164,140
127,175,175,122,164,147
127,175,183,123,163,155
127,175,191,122,161,167
127,175,199,122,159,180
127,175,207,121,157,194
127,175,215,120,154,208
127,175,223,119,149,225
127,175,231,118,145,237
127,175,239,116,140,248
127,175,247,115,135,253
127,175,255,114,131,255
127,183,0,106,184,33
127,183,7,107,184,36
127,183,15,108,184,42
127,183,23,110,185,49
127,183,31,112,185,54
127,183,39,113,186,60
127,183,47,115,186,66
127,183,55,117,186,71
127,183,63,118,185,77
127,183,71,119,185,82
127,183,79,120,184,87
127,183,87,120,183,92
127,183,95,121,183,97
127,183,103,121,182,101
127,183,111,122,181,105
127,183,119,122,180,110
127,183,127,122,180,114
127,183,135,122,179,118
127,183,143,122,178,123
127,183,151,123,178,127
127,183,159,123,177,132
127,183,167,123,176,138
127,183,175,123,175,144
127,183,183,123,175,152
127,183,191,123,173,162
127,183,199,123,172,174
127,183,207,123,169,187
127,183,215,122,166,201
127,183,223,121,161,218
127,183,231,120,156,231
127,183,239,118,150,244
127,183,247,117,144,252
127,183,255,115,138,254
127,191,0,105,196,33
127,191,7,106,196,36
127,191,15,107,196,41
127,191,23,109,197,49
127,191,31,111,197,55
127,191,39,113,198,59
127,191,47,115,198,66
127,191,55,116,198,71
127,191,63,118,197,77
127,191,71,118,197,82
127,191,79,119,196,87
127,191,87,120,196,92
127,191,95,121,195,96
127,191,103,121,194,101
127,191,111,121,193,105
127,191,119,122,193,109
127,191,127,122,192,114
127,191,135,122,191,117
127,191,143,123,191,122
127,191,151,123,190,126
127,191,159,123,189,131
127,191,167,123,189,136
127,191,175,124,188,142
127,191,183,124,187,148
127,191,191,124,186,158
127,191,199,124,184,168
127,191,207,124,182,181
127,191,215,123,179,194
127,191,223,122,174,211
127,191,231,121,169,225
127,191,239,120,162,240
127,191,247,119,155,250
127,191,255,117,148,254
127,199,0,103,207,33
127,199,7,104,207,36
127,199,15,105,208,41
127,199,23,108,209,48
127,199,31,110,209,55
127,199,39,112,210,59
127,199,47,114,210,65
127,199,55,115,210,71
127,199,63,117,209,77
127,199,71,118,209,81
127,199,79,119,208,86
127,199,87,120,207,91
127,199,95,120,207,96
127,199,103,121,206,100
127,199,111,121,205,104
127,199,119,122,205,109
127,199,127,122,204,113
127,199,135,122,203,116
127,199,143,123,203,121
127,199,151,123,202,125
127,199,159,123,201,130
127,199,167,124,201,135
127,199,175,124,200,140
127,199,183,124,200,146
127,199,191,124,199,154
127,199,199,124,197,163
127,199,207,124,195,174
127,199,215,124,193,187
127,199,223,124,188,204
127,199,231,123,183,218
127,199,239,122,175,235
127,199,247,120,168,246
127,199,255,119,160,254
127,207,0,101,218,34
127,207,7,102,218,37
127,207,15,104,219,41
127,207,23,106,220,47
127,207,31,109,221,54
127,207,39,111,222,59
127,207,47,113,222,65
127,207,55,114,222,70
127,207,63,116,221,76
127,207,71,117,221,81
127,207,79,118,220,86
127,207,87,119,219,91
127,207,95,120,219,95
127,207,103,120,218,99
127,207,111,121,217,103
127,207,119,121,217,108
127,207,127,122,216,112
127,207,135,122,216,115
127,207,143,122,215,120
127,207,151,123,214,123
127,207,159,123,213,128
127,207,167,123,213,133
127,207,175,124,212,138
127,207,183,124,212,144
127,207,191,125,211,151
127,207,199,125,210,159
127,207,207,125,209,169
127,207,215,125,206,181
127,207,223,125,202,197
127,207,231,124,197,213
127,207,239,123,189,230
127,207,247,122,181,245
127,207,255,121,172,252
127,215,0,100,228,34
127,215,7,101,229,38
127,215,15,103,229,42
127,215,23,105,230,47
127,215,31,107,231,53
127,215,39,109,232,58
127,215,47,111,233,64
127,215,55,113,233,70
127,215,63,115,233,75
127,215,71,116,233,80
127,215,79,117,233,85
127,215,87,118,232,90
127,215,95,119,232,94
127,215,103,119,231,98
127,215,111,120,230,102
127,215,119,120,230,106
127,215,127,121,229,110
127,215,135,121,229,113
127,215,143,122,229,118
127,215,151,122,228,122
127,215,159,122,228,126
127,215,167,123,227,131
127,215,175,123,227,136
127,215,183,124,226,141
127,215,191,124,225,147
127,215,199,124,225,154
127,215,207,125,224,163
127,215,215,125,223,174
127,215,223,125,218,190
127,215,231,125,214,205
127,215,239,124,207,224
127,215,247,124,199,240
127,215,255,123,190,252
127,223,0,98,238,35
127,223,7,99,239,38
127,223,15,101,239,42
127,223,23,103,240,49
127,223,31,105,241,53
127,223,39,107,242,57
127,223,47,110,243,64
127,223,55,111,243,68
127,223,63,113,243,74
127,223,71,114,243,78
127,223,79,115,243,83
127,223,87,116,243,88
127,223,95,117,243,92
127,223,103,118,243,96
127,223,111,119,242,100
127,223,119,119,242,104
127,223,127,120,242,108
127,223,135,120,242,111
127,223,143,121,241,115
127,223,151,121,241,118
127,223,159,121,240,123
127,223,167,122,240,128
127,223,175,122,239,132
127,223,183,123,239,137
127,223,191,123,239,144
127,223,199,124,238,151
127,223,207,124,238,158
127,223,215,124,237,167
127,223,223,125,234,182
127,223,231,125,231,197
127,223,239,125,226,216
127,223,247,125,219,234
127,223,255,124,210,249
127,231,0,96,245,35
127,231,7,97,246,38
127,231,15,99,246,41
127,231,23,101,247,47
127,231,31,104,247,53
127,231,39,105,248,57
127,231,47,108,249,62
127,231,55,109,249,67
127,231,63,111,250,72
127,231,71,113,250,76
127,231,79,114,250,81
127,231,87,115,250,85
127,231,95,116,250,89
127,231,103,116,250,93
127,231,111,117,249,97
127,231,119,118,249,101
127,231,127,118,249,105
127,231,135,119,249,108
127,231,143,119,249,112
127,231,151,120,249,115
127,231,159,120,249,120
127,231,167,121,249,124
127,231,175,121,248,129
127,231,183,121,248,133
127,231,191,122,247,139
127,231,199,122,247,146
127,231,207,123,247,154
127,231,215,123,247,163
127,231,223,124,245,176
127,231,231,124,243,188
127,231,239,124,239,208
127,231,247,124,235,228
127,231,255,125,229,247
127,239,0,95,251,37
127,239,7,96,252,39
127,239,15,97,252,42
127,239,23,99,252,46
127,239,31,101,252,51
127,239,39,103,253,56
127,239,47,105,253,61
127,239,55,107,253,65
127,239,63,109,253,70
127,239,71,110,253,74
127,239,79,112,253,79
127,239,87,113,253,83
127,239,95,114,253,87
127,239,103,115,254,91
127,239,111,115,254,94
127,239,119,116,254,98
127,239,127,116,254,102
127,239,135,117,254,105
127,239,143,117,254,108
127,239,151,118,253,112
127,239,159,118,253,116
127,239,167,119,253,120
127,239,175,119,253,124
127,239,183,120,254,129
127,239,191,120,254,135
127,239,199,121,254,142
127,239,207,121,253,149
127,239,215,121,253,157
127,239,223,122,252,169
127,239,231,122,252,181
127,239,239,123,251,199
127,239,247,123,248,218
127,239,255,124,245,240
127,247,0,93,254,37
127,247,7,94,254,40
127,247,15,95,255,43
127,247,23,97,255,46
127,247,31,99,255,50
127,247,39,101,255,55
127,247,47,103,255,60
127,247,55,105,255,64
127,247,63,107,255,69
127,247,71,108,255,72
127,247,79,109,255,76
127,247,87,111,254,81
127,247,95,112,254,84
127,247,103,112,254,88
127,247,111,113,254,91
127,247,119,114,255,95
127,247,127,114,255,98
127,247,135,115,255,102
127,247,143,115,255,105
127,247,151,116,255,108
127,247,159,116,255,112
127,247,167,117,255,116
127,247,175,117,255,121
127,247,183,117,255,125
127,247,191,118,255,131
127,247,199,118,255,137
127,247,207,119,255,144
127,247,215,119,255,152
127,247,223,120,255,163
127,247,231,120,255,175
127,247,239,121,254,192
127,247,247,122,254,209
127,247,255,123,254,230
127,255,0,92,255,37
127,255,7,92,255,39
127,255,15,94,255,42
127,255,23,95,255,47
127,255,31,97,255,50
127,255,39,98,255,53
127,255,47,101,255,58
127,255,55,103,255,62
127,255,63,104,255,67
127,255,71,106,255,71
127,255,79,107,255,75
127,255,87,109,255,79
127,255,95,111,255,83
127,255,103,112,255,87
127,255,111,112,255,90
127,255,119,113,255,93
127,255,127,113,255,96
127,255,135,114,255,99
127,255,143,114,255,103
127,255,151,114,255,106
127,255,159,115,255,110
127,255,167,115,255,114
127,255,175,115,255,118
127,255,183,115,255,122
127,255,191,116,255,128
127,255,199,116,255,134
127,255,207,117,255,141
127,255,215,117,255,148
127,255,223,118,255,159
127,255,231,118,255,170
127,255,239,119,255,186
127,255,247,120,255,202
127,255,255,121,255,220
135,0,0,116,2,24
135,0,7,116,2,34
135,0,15,117,2,45
135,0,23,117,3,57
135,0,31,116,3,68
135,0,39,116,3,77
135,0,47,115,3,90
135,0,55,114,4,102
135,0,63,113,5,118
135,0,71,113,6,131
135,0,79,112,7,148
135,0,87,110,9,168
135,0,95,109,10,184
135,0,103,107,12,198
135,0,111,106,14,208
135,0,119,104,17,217
135,0,127,102,19,224
135,0,135,101,22,227
135,0,143,99,24,231
135,0,151,98,26,233
135,0,159,96,29,234
135,0,167,95,32,236
135,0,175,93,33,237
135,0,183,92,35,239
135,0,191,90,36,240
135,0,199,89,37,242
135,0,207,87,38,244
135,0,215,86,38,246
135,0,223,84,40,248
135,0,231,83,41,250
135,0,239,81,41,252
135,0,247,80,41,253
135,0,255,78,42,255
135,7,0,115,4,24
135,7,7,116,4,34
135,7,15,116,5,45
135,7,23,116,5,57
135,7,31,116,6,67
135,7,39,115,6,76
135,7,47,115,6,89
135,7,55,114,6,100
135,7,63,113,8,114
135,7,71,112,9,126
135,7,79,112,10,142
135,7,87,111,12,162
135,7,95,109,13,178
135,7,103,108,15,192
135,7,111,107,17,203
135,7,119,105,20,213
135,7,127,103,23,220
135,7,135,102,26,224
135,7,143,100,28,228
135,7,151,99,30,231
135,7,159,97,33,233
135,7,167,96,37,235
135,7,175,95,39,237
135,7,183,93,40,238
135,7,191,92,42,240
135,7,199,90,42,242
135,7,207,89,43,244
135,7,215,87,43,246
135,7,223,86,44,248
135,7,231,84,45,250
135,7,239,83,46,252
135,7,247,81,46,253
135,7,255,79,46,254
135,15,0,114,7,24
135,15,7,115,7,34
135,15,15,115,8,45
135,15,23,115,9,56
135,15,31,115,9,66
135,15,39,115,10,75
135,15,47,114,10,87
135,15,55,114,11,98
135,15,63,113,12,111
135,15,71,113,13,122
135,15,79,112,14,137
135,15,87,111,16,154
135,15,95,110,17,170
135,15,103,109,20,185
135,15,111,108,22,196
135,15,119,106,25,206
135,15,127,104,28,214
135,15,135,103,31,219
135,15,143,101,33,225
135,15,151,100,36,229
135,15,159,99,38,232
135,15,167,97,41,234
135,15,175,96,44,236
135,15,183,95,47,238
135,15,191,93,48,240
135,15,199,92,49,242
135,15,207,91,49,244
135,15,215,89,49,246
135,15,223,88,49,248
135,15,231,86,50,249
135,15,239,85,52,251
135,15,247,83,52,253
135,15,255,81,51,254
135,23,0,113,13,24
135,23,7,113,14,34
135,23,15,114,15,44
135,23,23,114,16,55
135,23,31,114,17,64
135,23,39,114,18,73
135,23,47,114,18,84
135,23,55,114,19,94
135,23,63,113,20,106
135,23,71,113,20,117
135,23,79,112,21,131
135,23,87,112,22,146
135,23,95,111,24,161
135,23,103,110,26,174
135,23,111,109,28,185
135,23,119,107,32,197
135,23,127,106,35,205
135,23,135,105,38,212
135,23,143,103,41,219
135,23,151,102,43,225
135,23,159,100,46,230
135,23,167,99,48,233
135,23,175,98,51,236
135,23,183,97,53,238
135,23,191,95,55,240
135,23,199,94,57,242
135,23,207,93,58,244
135,23,215,92,58,245
135,23,223,90,57,248
135,23,231,89,58,249
135,23,239,87,58,251
135,23,247,86,59,253
135,23,255,84,59,254
135,31,0,112,21,24
135,31,7,113,22,33
135,31,15,113,23,43
135,31,23,114,24,53
135,31,31,114,25,63
135,31,39,114,26,70
135,31,47,114,27,81
135,31,55,114,27,90
135,31,63,114,28,102
135,31,71,113,29,111
135,31,79,113,30,123
135,31,87,112,30,137
135,31,95,111,31,150
135,31,103,111,33,164
135,31,111,110,35,175
135,31,119,109,37,187
135,31,127,107,41,197
135,31,135,106,43,205
135,31,143,105,47,213
135,31,151,104,49,220
135,31,159,102,52,227
135,31,167,101,54,232
135,31,175,100,56,236
135,31,183,99,58,239
135,31,191,97,60,241
135,31,199,96,62,243
135,31,207,95,64,244
135,31,215,94,65,246
135,31,223,93,66,248
135,31,231,91,65,249
135,31,239,90,64,251
135,31,247,88,64,253
135,31,255,87,65,254
135,39,0,111,31,24
135,39,7,112,32,32
135,39,15,113,33,42
135,39,23,113,34,52
135,39,31,113,35,60
135,39,39,113,35,68
135,39,47,114,36,78
135,39,55,114,36,87
135,39,63,114,37,97
135,39,71,113,37,106
135,39,79,113,38,117
135,39,87,112,38,129
135,39,95,112,39,141
135,39,103,111,40,153
135,39,111,111,42,164
135,39,119,110,44,177
135,39,127,109,46,188
135,39,135,108,48,197
135,39,143,107,51,208
135,39,151,106,53,215
135,39,159,104,56,224
135,39,167,103,58,232
135,39,175,102,61,236
135,39,183,101,63,240
135,39,191,100,65,242
135,39,199,99,67,244
135,39,207,98,68,245
135,39,215,96,69,246
135,39,223,95,70,248
135,39,231,94,70,250
135,39,239,92,71,251
135,39,247,91,70,253
135,39,255,89,70,254
135,47,0,111,40,24
135,47,7,112,41,32
135,47,15,113,42,42
135,47,23,113,42,51
135,47,31,113,43,59
135,47,39,113,44,66
135,47,47,113,44,75
135,47,55,113,45,83
135,47,63,113,45,93
135,47,71,113,46,101
135,47,79,113,46,112
135,47,87,113,46,123
135,47,95,112,46,134
135,47,103,112,47,145
135,47,111,112,48,155
135,47,119,111,50,168
135,47,127,110,51,179
135,47,135,109,53,189
135,47,143,108,55,201
135,47,151,107,57,211
135,47,159,106,60,221
135,47,167,105,62,230
135,47,175,104,64,236
135,47,183,103,66,239
135,47,191,101,68,242
135,47,199,101,70,244
135,47,207,100,71,245
135,47,215,99,73,246
135,47,223,97,73,248
135,47,231,96,74,250
135,47,239,94,74,252
135,47,247,93,74,253
135,47,255,91,74,254
135,55,0,112,50,24
135,55,7,112,50,32
135,55,15,113,51,40
135,55,23,113,51,49
135,55,31,113,52,57
135,55,39,113,53,64
135,55,47,113,53,72
135,55,55,113,53,80
135,55,63,113,53,90
135,55,71,113,54,97
135,55,79,113,54,106
135,55,87,113,54,117
135,55,95,113,54,127
135,55,103,112,54,137
135,55,111,112,55,147
135,55,119,112,56,158
135,55,127,111,57,171
135,55,135,111,59,181
135,55,143,110,60,194
135,55,151,109,62,205
135,55,159,108,64,217
135,55,167,107,66,227
135,55,175,105,68,235
135,55,183,104,69,240
135,55,191,103,71,243
135,55,199,102,73,244
135,55,207,102,74,245
135,55,215,101,75,246
135,55,223,99,76,248
135,55,231,98,76,250
135,55,239,96,76,252
135,55,247,95,76,253
135,55,255,93,76,254
135,63,0,112,59,24
135,63,7,113,59,33
135,63,15,113,59,40
135,63,23,114,59,49
135,63,31,114,60,56
135,63,39,113,60,62
135,63,47,113,61,71
135,63,55,113,61,78
135,63,63,113,61,87
135,63,71,113,61,94
135,63,79,113,61,102
135,63,87,113,62,112
135,63,95,113,61,120
135,63,103,113,62,131
135,63,111,113,62,140
135,63,119,113,63,151
135,63,127,112,63,162
135,63,135,112,64,173
135,63,143,111,66,185
135,63,151,110,67,197
135,63,159,109,68,211
135,63,167,108,70,223
135,63,175,107,71,232
135,63,183,106,73,240
135,63,191,105,75,243
135,63,199,104,76,244
135,63,207,103,77,246
135,63,215,102,78,247
135,63,223,101,79,248
135,63,231,100,79,250
135,63,239,98,79,252
135,63,247,97,79,253
135,63,255,95,79,254
135,71,0,113,68,25
135,71,7,113,68,32
135,71,15,114,69,40
135,71,23,114,69,49
135,71,31,114,69,55
135,71,39,114,70,61
135,71,47,114,70,69
135,71,55,113,70,76
135,71,63,114,70,84
135,71,71,114,70,90
135,71,79,114,70,98
135,71,87,114,70,106
135,71,95,114,70,115
135,71,103,114,70,124
135,71,111,114,70,132
135,71,119,113,71,143
135,71,127,113,71,153
135,71,135,113,71,162
135,71,143,112,72,176
135,71,151,112,73,187
135,71,159,111,74,201
135,71,167,110,75,215
135,71,175,109,76,227
135,71,183,108,77,235
135,71,191,107,79,243
135,71,199,106,80,245
135,71,207,105,81,246
135,71,215,104,82,247
135,71,223,103,82,249
135,71,231,102,82,250
135,71,239,100,82,252
135,71,247,99,81,253
135,71,255,97,81,254
135,79,0,113,76,25
135,79,7,114,76,32
135,79,15,114,76,41
135,79,23,115,76,48
135,79,31,115,77,55
135,79,39,114,77,60
135,79,47,114,77,68
135,79,55,114,77,74
135,79,63,114,77,82
135,79,71,114,77,88
135,79,79,114,77,95
135,79,87,114,77,103
135,79,95,114,77,110
135,79,103,114,77,119
135,79,111,114,77,127
135,79,119,114,77,137
135,79,127,114,77,147
135,79,135,114,78,156
135,79,143,114,78,168
135,79,151,113,78,179
135,79,159,112,79,192
135,79,167,111,80,206
135,79,175,110,81,220
135,79,183,109,81,230
135,79,191,108,82,239
135,79,199,107,83,245
135,79,207,106,84,246
135,79,215,106,85,248
135,79,223,104,85,249
135,79,231,103,85,251
135,79,239,102,85,252
135,79,247,100,84,254
135,79,255,98,83,254
135,87,0,114,84,25
135,87,7,115,84,32
135,87,15,115,84,40
135,87,23,115,85,48
135,87,31,115,85,55
135,87,39,115,85,60
135,87,47,115,85,67
135,87,55,115,85,73
135,87,63,115,85,81
135,87,71,115,85,86
135,87,79,115,85,93
135,87,87,115,85,100
135,87,95,115,85,107
135,87,103,115,85,115
135,87,111,115,85,122
135,87,119,115,85,131
135,87,127,115,85,139
135,87,135,115,85,148
135,87,143,115,85,159
135,87,151,115,85,170
135,87,159,114,85,183
135,87,167,113,85,197
135,87,175,112,86,211
135,87,183,111,86,224
135,87,191,110,87,234
135,87,199,109,88,242
135,87,207,108,88,247
135,87,215,107,89,248
135,87,223,106,89,250
135,87,231,105,89,251
135,87,239,103,88,253
135,87,247,102,88,253
135,87,255,100,87,254
135,95,0,115,91,27
135,95,7,115,91,32
135,95,15,116,92,40
135,95,23,116,92,48
135,95,31,116,92,55
135,95,39,116,92,60
135,95,47,116,93,66
135,95,55,116,92,72
135,95,63,116,92,80
135,95,71,116,92,85
135,95,79,116,92,92
135,95,87,116,92,98
135,95,95,116,92,105
135,95,103,116,92,111
135,95,111,116,92,118
135,95,119,117,92,126
135,95,127,116,91,134
135,95,135,117,91,141
135,95,143,116,91,153
135,95,151,116,91,162
135,95,159,115,91,175
135,95,167,114,91,189
135,95,175,114,91,203
135,95,183,113,91,215
135,95,191,112,92,229
135,95,199,111,92,238
135,95,207,110,92,245
135,95,215,109,92,249
135,95,223,107,92,250
135,95,231,106,92,252
135,95,239,105,91,253
135,95,247,104,91,253
135,95,255,102,89,254
135,103,0,115,98,26
135,103,7,115,99,32
135,103,15,116,99,39
135,103,23,117,99,49
135,103,31,117,99,55
135,103,39,117,99,60
135,103,47,117,100,66
135,103,55,117,99,72
135,103,63,117,99,79
135,103,71,117,99,84
135,103,79,117,99,90
135,103,87,117,99,97
135,103,95,117,99,103
135,103,103,117,98,109
135,103,111,117,98,115
135,103,119,118,98,123
135,103,127,118,98,129
135,103,135,117,98,137
135,103,143,117,97,146
135,103,151,117,97,156
135,103,159,117,97,167
135,103,167,116,97,181
135,103,175,115,97,195
135,103,183,114,96,208
135,103,191,113,96,222
135,103,199,112,96,233
135,103,207,111,96,241
135,103,215,110,96,248
135,103,223,109,96,251
135,103,231,108,96,252
135,103,239,106,95,253
135,103,247,105,94,254
135,103,255,104,92,254
135,111,0,115,106,27
135,111,7,116,106,34
135,111,15,116,106,40
135,111,23,117,106,48
135,111,31,117,106,55
135,111,39,118,107,60
135,111,47,118,107,66
135,111,55,118,107,72
135,111,63,118,106,79
135,111,71,118,106,84
135,111,79,118,106,89
135,111,87,118,106,96
135,111,95,118,105,101
135,111,103,118,105,107
135,111,111,118,104,113
135,111,119,118,104,119
135,111,127,119,104,126
135,111,135,119,104,132
135,111,143,119,104,141
135,111,151,118,103,149
135,111,159,118,103,161
135,111,167,118,103,173
135,111,175,117,102,187
135,111,183,116,102,200
135,111,191,115,102,215
135,111,199,114,101,227
135,111,207,113,101,238
135,111,215,112,101,245
135,111,223,110,100,250
135,111,231,109,99,252
135,111,239,108,99,253
135,111,247,107,98,254
135,111,255,105,96,254
135,119,0,115,112,27
135,119,7,116,112,34
135,119,15,117,112,41
135,119,23,117,113,48
135,119,31,118,113,55
135,119,39,118,113,60
135,119,47,118,113,66
135,119,55,119,113,72
135,119,63,119,113,78
135,119,71,119,112,83
135,119,79,119,112,89
135,119,87,119,112,95
135,119,95,119,111,100
135,119,103,119,111,106
135,119,111,119,110,111
135,119,119,119,110,118
135,119,127,119,109,124
135,119,135,119,109,130
135,119,143,119,109,138
135,119,151,119,109,145
135,119,159,119,109,156
135,119,167,119,108,168
135,119,175,118,108,181
135,119,183,117,107,194
135,119,191,116,107,209
135,119,199,115,106,222
135,119,207,114,105,234
135,119,215,113,105,242
135,119,223,112,104,249
135,119,231,110,103,252
135,119,239,109,102,254
135,119,247,108,101,254
135,119,255,106,100,255
135,127,0,115,120,28
135,127,7,115,120,33
135,127,15,117,120,42
135,127,23,117,120,48
135,127,31,118,120,55
135,127,39,119,121,60
135,127,47,119,121,66
135,127,55,120,120,72
135,127,63,120,120,78
135,127,71,120,120,83
135,127,79,120,119,88
135,127,87,120,119,94
135,127,95,120,118,99
135,127,103,120,118,104
135,127,111,120,117,109
135,127,119,120,116,116
135,127,127,120,116,121
135,127,135,120,116,127
135,127,143,120,116,134
135,127,151,120,116,141
135,127,159,120,115,150
135,127,167,120,115,161
135,127,175,119,114,174
135,127,183,119,114,187
135,127,191,118,113,202
135,127,199,117,112,217
135,127,207,116,111,229
135,127,215,114,110,240
135,127,223,113,109,247
135,127,231,112,108,251
135,127,239,111,106,253
135,127,247,109,105,254
135,127,255,108,103,254
135,135,0,114,126,28
135,135,7,115,126,33
135,135,15,116,127,41
135,135,23,118,127,49
135,135,31,118,127,55
135,135,39,119,127,60
135,135,47,120,128,66
135,135,55,120,127,72
135,135,63,121,127,78
135,135,71,121,127,83
135,135,79,121,126,88
135,135,87,121,125,94
135,135,95,121,125,99
135,135,103,121,124,104
135,135,111,121,123,108
135,135,119,121,123,114
135,135,127,121,122,120
135,135,135,121,122,125
135,135,143,121,122,132
135,135,151,121,122,138
135,135,159,121,121,147
135,135,167,121,121,156
135,135,175,121,121,168
135,135,183,120,120,181
135,135,191,119,119,196
135,135,199,118,117,211
135,135,207,117,116,225
135,135,215,116,115,236
135,135,223,114,113,245
135,135,231,113,112,250
135,135,239,112,110,253
135,135,247,111,109,254
135,135,255,109,106,254
135,143,0,114,134,29
135,143,7,115,134,34
135,143,15,116,134,40
135,143,23,118,134,50
135,143,31,118,135,55
135,143,39,119,135,60
135,143,47,120,135,66
135,143,55,121,135,72
135,143,63,121,134,78
135,143,71,122,134,83
135,143,79,122,133,88
135,143,87,122,133,93
135,143,95,122,132,98
135,143,103,122,131,103
135,143,111,122,130,108
135,143,119,122,130,113
135,143,127,122,129,119
135,143,135,122,129,123
135,143,143,122,128,129
135,143,151,122,128,135
135,143,159,122,128,143
135,143,167,122,128,153
135,143,175,122,127,162
135,143,183,121,126,175
135,143,191,121,125,189
135,143,199,120,124,205
135,143,207,119,122,220
135,143,215,117,120,231
135,143,223,116,118,244
135,143,231,115,117,248
135,143,239,113,115,253
135,143,247,112,112,254
135,143,255,110,110,254
135,151,0,114,141,31
135,151,7,115,141,34
135,151,15,116,142,40
135,151,23,117,142,49
135,151,31,118,142,55
135,151,39,119,143,60
135,151,47,120,143,66
135,151,55,121,143,72
135,151,63,122,142,78
135,151,71,122,142,83
135,151,79,123,141,88
135,151,87,123,140,93
135,151,95,123,140,98
135,151,103,123,139,103
135,151,111,123,138,107
135,151,119,123,138,113
135,151,127,123,137,118
135,151,135,123,136,122
135,151,143,123,136,128
135,151,151,123,135,133
135,151,159,123,135,141
135,151,167,123,135,148
135,151,175,123,134,159
135,151,183,123,134,169
135,151,191,122,132,183
135,151,199,121,131,198
135,151,207,120,129,213
135,151,215,119,127,227
135,151,223,117,124,239
135,151,231,116,122,247
135,151,239,115,120,252
135,151,247,113,117,254
135,151,255,112,114,255
135,159,0,113,150,31
135,159,7,114,150,36
135,159,15,115,150,41
135,159,23,116,150,48
135,159,31,118,151,56
135,159,39,119,151,60
135,159,47,120,151,66
135,159,55,121,151,72
135,159,63,122,151,78
135,159,71,123,150,82
135,159,79,123,150,88
135,159,87,124,149,93
135,159,95,124,148,98
135,159,103,124,148,102
135,159,111,124,147,107
135,159,119,124,146,112
135,159,127,124,145,117
135,159,135,124,145,121
135,159,143,124,144,126
135,159,151,124,144,131
135,159,159,124,143,138
135,159,167,124,143,146
135,159,175,124,142,154
135,159,183,124,142,165
135,159,191,124,140,177
135,159,199,123,139,192
135,159,207,122,137,206
135,159,215,121,134,221
135,159,223,119,131,235
135,159,231,118,129,244
135,159,239,116,125,251
135,159,247,115,123,254
135,159,255,113,119,255
135,167,0,113,159,32
135,167,7,113,159,36
135,167,15,114,159,42
135,167,23,116,159,48
135,167,31,117,160,55
135,167,39,119,160,60
135,167,47,120,160,66
135,167,55,121,160,72
135,167,63,122,160,78
135,167,71,123,159,82
135,167,79,124,159,88
135,167,87,124,158,93
135,167,95,124,157,98
135,167,103,124,156,102
135,167,111,125,156,106
135,167,119,125,155,111
135,167,127,125,154,116
135,167,135,125,154,120
135,167,143,125,153,125
135,167,151,125,152,130
135,167,159,125,152,136
135,167,167,125,152,143
135,167,175,125,151,151
135,167,183,125,150,160
135,167,191,125,149,172
135,167,199,124,147,186
135,167,207,123,145,200
135,167,215,122,143,214
135,167,223,121,139,231
135,167,231,119,135,241
135,167,239,118,131,250
135,167,247,116,129,253
135,167,255,115,125,255
135,175,0,112,168,33
135,175,7,112,168,37
135,175,15,114,168,43
135,175,23,115,168,49
135,175,31,117,169,55
135,175,39,118,169,61
135,175,47,120,169,66
135,175,55,121,170,72
135,175,63,122,169,78
135,175,71,123,169,83
135,175,79,124,168,88
135,175,87,124,168,93
135,175,95,125,167,97
135,175,103,125,166,102
135,175,111,125,165,106
135,175,119,125,165,111
135,175,127,125,164,116
135,175,135,126,164,120
135,175,143,126,163,124
135,175,151,126,163,129
135,175,159,126,162,134
135,175,167,126,161,141
135,175,175,126,160,148
135,175,183,126,160,156
135,175,191,126,159,168
135,175,199,126,157,180
135,175,207,125,155,195
135,175,215,124,152,209
135,175,223,122,148,225
135,175,231,121,144,237
135,175,239,119,139,248
135,175,247,118,134,253
135,175,255,116,130,255
135,183,0,110,180,33
135,183,7,111,180,37
135,183,15,112,180,42
135,183,23,114,180,50
135,183,31,116,181,55
135,183,39,117,182,60
135,183,47,119,182,66
135,183,55,121,182,72
135,183,63,122,181,78
135,183,71,123,181,83
135,183,79,124,180,88
135,183,87,124,179,93
135,183,95,125,179,97
135,183,103,125,178,102
135,183,111,125,178,106
135,183,119,126,177,111
135,183,127,126,176,115
135,183,135,126,176,119
135,183,143,126,175,124
135,183,151,127,174,128
135,183,159,127,174,133
135,183,167,127,173,138
135,183,175,127,173,145
135,183,183,127,172,153
135,183,191,127,171,162
135,183,199,127,169,175
135,183,207,127,167,188
135,183,215,126,164,202
135,183,223,124,159,218
135,183,231,123,154,232
135,183,239,121,148,245
135,183,247,120,143,253
135,183,255,117,138,254
135,191,0,109,191,33
135,191,7,110,192,36
135,191,15,111,192,42
135,191,23,113,193,49
135,191,31,115,193,55
135,191,39,117,194,60
135,191,47,119,194,66
135,191,55,120,194,72
135,191,63,122,194,78
135,191,71,122,193,82
135,191,79,123,192,88
135,191,87,124,192,93
135,191,95,125,191,97
135,191,103,125,190,102
135,191,111,125,189,106
135,191,119,126,189,111
135,191,127,126,188,115
135,191,135,126,188,118
135,191,143,127,187,123
135,191,151,127,187,127
135,191,159,127,186,132
135,191,167,127,185,137
135,191,175,128,185,143
135,191,183,128,184,149
135,191,191,128,183,159
135,191,199,128,181,169
135,191,207,128,179,182
135,191,215,127,177,195
135,191,223,126,172,212
135,191,231,125,167,226
135,191,239,123,160,241
135,191,247,122,154,250
135,191,255,120,148,254
135,199,0,107,203,34
135,199,7,108,203,37
135,199,15,109,204,41
135,199,23,112,204,48
135,199,31,114,205,56
135,199,39,116,206,60
135,199,47,118,206,66
135,199,55,119,206,72
135,199,63,121,205,78
135,199,71,122,205,82
135,199,79,123,205,87
135,199,87,124,204,93
135,199,95,124,203,97
135,199,103,125,202,101
135,199,111,125,202,105
135,199,119,126,201,110
135,199,127,126,200,114
135,199,135,126,200,118
135,199,143,127,199,122
135,199,151,127,199,126
135,199,159,127,198,131
135,199,167,128,198,136
135,199,175,128,197,141
135,199,183,128,196,147
135,199,191,129,195,155
135,199,199,129,194,165
135,199,207,129,193,176
135,199,215,128,190,188
135,199,223,127,186,205
135,199,231,127,181,219
135,199,239,125,173,236
135,199,247,123,166,247
135,199,255,122,158,254
135,207,0,105,214,34
135,207,7,106,214,38
135,207,15,108,215,42
135,207,23,110,216,47
135,207,31,112,217,54
135,207,39,115,218,60
135,207,47,117,218,66
135,207,55,118,218,71
135,207,63,120,217,77
135,207,71,121,217,82
135,207,79,122,217,87
135,207,87,123,216,92
135,207,95,124,215,96
135,207,103,124,215,101
135,207,111,125,214,105
135,207,119,125,213,109
135,207,127,126,213,113
135,207,135,126,212,117
135,207,143,126,212,121
135,207,151,127,211,125
135,207,159,127,210,130
135,207,167,127,210,135
135,207,175,128,210,140
135,207,183,128,209,145
135,207,191,129,208,152
135,207,199,129,208,160
135,207,207,129,206,170
135,207,215,129,204,182
135,207,223,129,200,199
135,207,231,128,195,214
135,207,239,127,187,231
135,207,247,126,179,245
135,207,255,124,171,252
135,215,0,103,225,34
135,215,7,105,225,38
135,215,15,106,226,43
135,215,23,108,227,48
135,215,31,111,228,54
135,215,39,113,230,59
135,215,47,115,230,65
135,215,55,117,231,71
135,215,63,119,231,77
135,215,71,120,230,81
135,215,79,121,230,86
135,215,87,122,229,91
135,215,95,123,229,95
135,215,103,124,228,100
135,215,111,124,228,103
135,215,119,125,227,108
135,215,127,125,227,112
135,215,135,126,227,115
135,215,143,126,226,120
135,215,151,126,226,124
135,215,159,127,225,128
135,215,167,127,224,133
135,215,175,127,224,137
135,215,183,128,223,142
135,215,191,128,223,149
135,215,199,129,222,156
135,215,207,129,222,165
135,215,215,129,220,176
135,215,223,129,216,191
135,215,231,129,212,206
135,215,239,129,205,226
135,215,247,127,197,240
135,215,255,126,188,253
135,223,0,101,235,35
135,223,7,102,236,38
135,223,15,104,236,42
135,223,23,107,237,49
135,223,31,109,238,54
135,223,39,111,239,58
135,223,47,114,240,64
135,223,55,115,241,69
135,223,63,117,241,75
135,223,71,118,241,79
135,223,79,119,241,84
135,223,87,121,241,89
135,223,95,122,241,94
135,223,103,122,241,98
135,223,111,123,241,102
135,223,119,124,240,106
135,223,127,124,240,110
135,223,135,124,239,113
135,223,143,125,239,117
135,223,151,125,238,120
135,223,159,126,238,125
135,223,167,126,238,130
135,223,175,127,237,135
135,223,183,127,237,140
135,223,191,128,237,146
135,223,199,128,236,152
135,223,207,128,236,160
135,223,215,129,235,169
135,223,223,129,233,184
135,223,231,129,230,199
135,223,239,129,224,218
135,223,247,129,217,236
135,223,255,128,209,249
135,231,0,99,244,35
135,231,7,100,244,38
135,231,15,102,244,41
135,231,23,104,245,47
135,231,31,107,246,54
135,231,39,109,247,58
135,231,47,111,248,63
135,231,55,113,248,68
135,231,63,115,248,74
135,231,71,116,248,78
135,231,79,118,248,82
135,231,87,119,248,87
135,231,95,120,249,91
135,231,103,121,248,95
135,231,111,121,248,99
135,231,119,122,248,103
135,231,127,123,248,107
135,231,135,123,249,110
135,231,143,124,249,114
135,231,151,124,248,118
135,231,159,124,248,122
135,231,167,125,247,126
135,231,175,125,247,131
135,231,183,126,246,136
135,231,191,126,246,142
135,231,199,127,246,149
135,231,207,127,246,157
135,231,215,128,246,165
135,231,223,128,244,178
135,231,231,128,242,191
135,231,239,129,238,210
135,231,247,129,234,230
135,231,255,129,227,248
135,239,0,98,250,37
135,239,7,99,250,39
135,239,15,100,250,42
135,239,23,102,251,46
135,239,31,104,251,52
135,239,39,107,252,57
135,239,47,109,252,62
135,239,55,111,252,66
135,239,63,113,253,72
135,239,71,114,253,75
135,239,79,116,253,80
135,239,87,117,253,85
135,239,95,118,253,89
135,239,103,119,253,93
135,239,111,119,253,96
135,239,119,120,253,100
135,239,127,121,253,104
135,239,135,121,253,107
135,239,143,122,253,111
135,239,151,122,253,114
135,239,159,123,253,118
135,239,167,123,253,123
135,239,175,124,253,127
135,239,183,124,253,132
135,239,191,125,253,138
135,239,199,125,253,144
135,239,207,125,252,151
135,239,215,126,252,159
135,239,223,126,252,171
135,239,231,127,252,184
135,239,239,127,250,201
135,239,247,128,247,221
135,239,255,129,244,241
135,247,0,96,254,37
135,247,7,97,254,39
135,247,15,98,255,44
135,247,23,100,255,47
135,247,31,102,254,51
135,247,39,104,255,55
135,247,47,107,255,61
135,247,55,108,255,65
135,247,63,111,255,70
135,247,71,112,255,74
135,247,79,113,254,78
135,247,87,115,254,82
135,247,95,116,254,86
135,247,103,117,254,90
135,247,111,117,255,93
135,247,119,118,255,97
135,247,127,119,255,101
135,247,135,119,255,104
135,247,143,120,255,108
135,247,151,120,255,111
135,247,159,121,255,115
135,247,167,121,255,119
135,247,175,121,255,123
135,247,183,122,255,128
135,247,191,122,255,134
135,247,199,123,255,140
135,247,207,123,255,147
135,247,215,124,255,155
135,247,223,124,255,166
135,247,231,125,255,177
135,247,239,125,254,194
135,247,247,126,254,212
135,247,255,128,254,232
135,255,0,94,255,37
135,255,7,95,255,39
135,255,15,96,255,42
135,255,23,98,255,47
135,255,31,100,255,51
135,255,39,102,255,54
135,255,47,104,255,59
135,255,55,106,255,63
135,255,63,108,255,68
135,255,71,109,255,72
135,255,79,111,255,77
135,255,87,113,255,81
135,255,95,114,255,85
135,255,103,116,255,89
135,255,111,116,255,92
135,255,119,117,255,95
135,255,127,118,255,99
135,255,135,118,255,102
135,255,143,118,255,105
135,255,151,119,255,108
135,255,159,119,255,112
135,255,167,119,255,117
135,255,175,120,255,121
135,255,183,120,255,125
135,255,191,120,255,131
135,255,199,121,255,137
135,255,207,121,255,143
135,255,215,121,255,150
135,255,223,122,255,161
135,255,231,123,255,172
135,255,239,124,255,189
135,255,247,125,255,204
135,255,255,126,255,222
143,0,0,121,1,23
143,0,7,121,1,34
143,0,15,122,1,46
143,0,23,122,1,58
143,0,31,122,2,68
143,0,39,121,3,78
143,0,47,120,4,90
143,0,55,120,5,103
143,0,63,119,6,119
143,0,71,118,7,132
143,0,79,117,8,149
143,0,87,116,8,167
143,0,95,114,9,183
143,0,103,113,11,197
143,0,111,111,13,207
143,0,119,109,17,216
143,0,127,107,20,223
143,0,135,106,22,227
143,0,143,104,25,231
143,0,151,102,28,233
143,0,159,101,30,235
143,0,167,99,32,236
143,0,175,97,34,237
143,0,183,96,36,239
143,0,191,94,37,240
143,0,199,92,38,242
143,0,207,91,39,244
143,0,215,89,40,246
143,0,223,87,41,248
143,0,231,86,42,250
143,0,239,84,42,252
143,0,247,82,41,254
143,0,255,80,42,255
143,7,0,120,3,23
143,7,7,121,3,34
143,7,15,121,4,46
143,7,23,121,4,57
143,7,31,121,5,68
143,7,39,121,5,76
143,7,47,120,6,88
143,7,55,119,7,100
143,7,63,119,8,115
143,7,71,118,9,127
143,7,79,117,10,144
143,7,87,116,11,161
143,7,95,115,12,177
143,7,103,113,15,191
143,7,111,112,17,202
143,7,119,110,20,212
143,7,127,108,23,219
143,7,135,107,26,224
143,7,143,105,29,228
143,7,151,103,32,231
143,7,159,102,35,233
143,7,167,100,38,235
143,7,175,98,40,237
143,7,183,97,41,238
143,7,191,95,42,240
143,7,199,94,43,242
143,7,207,92,43,244
143,7,215,90,44,246
143,7,223,89,45,248
143,7,231,87,47,250
143,7,239,86,47,252
143,7,247,84,46,253
143,7,255,82,46,255
143,15,0,119,6,24
143,15,7,120,7,34
143,15,15,120,8,46
143,15,23,121,9,56
143,15,31,120,9,67
143,15,39,120,10,75
143,15,47,120,10,87
143,15,55,119,11,98
143,15,63,118,12,111
143,15,71,118,13,122
143,15,79,117,14,137
143,15,87,116,15,154
143,15,95,115,17,170
143,15,103,114,19,185
143,15,111,113,21,196
143,15,119,111,25,206
143,15,127,109,28,214
143,15,135,108,31,220
143,15,143,106,34,225
143,15,151,104,37,229
143,15,159,103,40,232
143,15,167,101,43,234
143,15,175,100,46,236
143,15,183,98,48,238
143,15,191,97,48,240
143,15,199,95,48,242
143,15,207,94,49,244
143,15,215,92,49,246
143,15,223,90,50,248
143,15,231,89,52,249
143,15,239,87,53,252
143,15,247,85,52,253
143,15,255,83,51,255
143,23,0,118,12,25
143,23,7,118,13,34
143,23,15,119,15,45
143,23,23,120,16,55
143,23,31,120,17,65
143,23,39,119,17,73
143,23,47,119,18,84
143,23,55,119,18,94
143,23,63,119,19,107
143,23,71,118,20,117
143,23,79,117,21,130
143,23,87,117,22,145
143,23,95,116,24,160
143,23,103,115,26,174
143,23,111,114,28,184
143,23,119,112,31,197
143,23,127,111,34,206
143,23,135,109,37,213
143,23,143,108,40,220
143,23,151,106,43,225
143,23,159,104,46,230
143,23,167,103,49,233
143,23,175,101,51,236
143,23,183,100,54,238
143,23,191,99,56,240
143,23,199,97,57,242
143,23,207,96,57,244
143,23,215,94,57,246
143,23,223,93,58,248
143,23,231,91,58,249
143,23,239,89,59,252
143,23,247,88,60,253
143,23,255,86,59,254
143,31,0,116,20,24
143,31,7,117,21,34
143,31,15,118,23,44
143,31,23,119,24,54
143,31,31,119,25,63
143,31,39,119,26,71
143,31,47,119,27,81
143,31,55,119,27,91
143,31,63,119,28,102
143,31,71,118,28,111
143,31,79,118,29,124
143,31,87,117,30,137
143,31,95,116,31,150
143,31,103,116,32,164
143,31,111,115,34,175
143,31,119,113,37,186
143,31,127,112,40,196
143,31,135,111,43,204
143,31,143,109,47,213
143,31,151,108,49,220
143,31,159,106,51,227
143,31,167,105,54,233
143,31,175,103,56,236
143,31,183,102,58,239
143,31,191,100,61,241
143,31,199,99,63,243
143,31,207,98,65,244
143,31,215,97,66,246
143,31,223,95,65,248
143,31,231,94,65,249
143,31,239,92,65,252
143,31,247,90,65,253
143,31,255,89,66,254
143,39,0,116,30,25
143,39,7,117,31,33
143,39,15,118,32,43
143,39,23,118,33,53
143,39,31,118,34,61
143,39,39,118,35,68
143,39,47,119,36,78
143,39,55,119,36,87
143,39,63,119,37,98
143,39,71,118,37,106
143,39,79,118,38,117
143,39,87,117,38,129
143,39,95,117,39,141
143,39,103,116,40,154
143,39,111,116,41,164
143,39,119,115,43,177
143,39,127,114,46,187
143,39,135,112,48,197
143,39,143,111,51,207
143,39,151,110,53,215
143,39,159,108,56,224
143,39,167,107,58,232
143,39,175,105,61,237
143,39,183,104,63,240
143,39,191,102,65,242
143,39,199,101,67,243
143,39,207,100,68,245
143,39,215,99,69,246
143,39,223,97,70,248
143,39,231,96,71,250
143,39,239,94,71,252
143,39,247,93,70,253
143,39,255,91,70,254
143,47,0,116,39,24
143,47,7,117,40,33
143,47,15,118,41,42
143,47,23,118,42,51
143,47,31,118,43,60
143,47,39,118,44,66
143,47,47,118,44,75
143,47,55,118,45,84
143,47,63,118,45,94
143,47,71,118,45,102
143,47,79,118,45,112
143,47,87,118,46,123
143,47,95,117,46,134
143,47,103,117,47,145
143,47,111,116,48,156
143,47,119,115,49,168
143,47,127,115,51,179
143,47,135,114,53,189
143,47,143,112,55,201
143,47,151,111,57,211
143,47,159,110,59,221
143,47,167,108,62,229
143,47,175,107,64,237
143,47,183,106,66,240
143,47,191,104,68,242
143,47,199,103,70,244
143,47,207,102,71,245
143,47,215,101,73,246
143,47,223,99,73,248
143,47,231,98,74,250
143,47,239,96,74,252
143,47,247,95,74,253
143,47,255,93,74,254
143,55,0,116,49,25
143,55,7,117,49,33
143,55,15,118,50,41
143,55,23,118,51,50
143,55,31,118,51,58
143,55,39,118,52,64
143,55,47,118,52,73
143,55,55,118,53,81
143,55,63,118,53,90
143,55,71,118,53,98
143,55,79,118,53,107
143,55,87,117,54,117
143,55,95,117,54,127
143,55,103,117,54,138
143,55,111,117,55,147
143,55,119,116,56,159
143,55,127,116,57,171
143,55,135,115,58,181
143,55,143,114,60,193
143,55,151,113,62,204
143,55,159,112,64,217
143,55,167,110,66,227
143,55,175,109,67,235
143,55,183,107,69,241
143,55,191,106,71,243
143,55,199,105,73,244
143,55,207,104,74,245
143,55,215,103,75,246
143,55,223,101,76,248
143,55,231,100,77,250
143,55,239,98,77,252
143,55,247,97,77,253
143,55,255,95,77,254
143,63,0,116,57,25
143,63,7,117,58,33
143,63,15,118,58,41
143,63,23,118,59,50
143,63,31,118,59,57
143,63,39,118,60,63
143,63,47,118,60,71
143,63,55,118,61,79
143,63,63,118,61,87
143,63,71,118,61,94
143,63,79,118,61,103
143,63,87,118,61,112
143,63,95,118,61,121
143,63,103,117,61,131
143,63,111,117,61,140
143,63,119,117,62,151
143,63,127,117,63,161
143,63,135,116,64,172
143,63,143,115,65,185
143,63,151,114,67,197
143,63,159,113,68,210
143,63,167,112,69,224
143,63,175,111,71,232
143,63,183,109,73,239
143,63,191,108,74,243
143,63,199,107,76,244
143,63,207,106,77,246
143,63,215,105,78,247
143,63,223,103,79,248
143,63,231,102,79,250
143,63,239,100,79,252
143,63,247,98,79,253
143,63,255,97,79,254
143,71,0,117,67,25
143,71,7,118,67,32
143,71,15,118,68,41
143,71,23,118,68,49
143,71,31,118,69,56
143,71,39,118,69,62
143,71,47,118,69,69
143,71,55,118,69,76
143,71,63,118,70,85
143,71,71,118,70,91
143,71,79,118,70,99
143,71,87,118,70,107
143,71,95,118,70,115
143,71,103,118,70,124
143,71,111,118,70,133
143,71,119,118,70,143
143,71,127,118,71,154
143,71,135,117,71,162
143,71,143,117,72,176
143,71,151,116,73,187
143,71,159,115,74,201
143,71,167,114,75,215
143,71,175,112,76,228
143,71,183,111,77,235
143,71,191,110,79,242
143,71,199,109,80,245
143,71,207,108,81,246
143,71,215,106,82,247
143,71,223,105,82,249
143,71,231,104,82,251
143,71,239,102,82,252
143,71,247,100,82,254
143,71,255,99,81,254
143,79,0,117,74,25
143,79,7,118,75,32
143,79,15,119,75,42
143,79,23,119,75,49
143,79,31,119,76,56
143,79,39,119,76,61
143,79,47,119,76,68
143,79,55,119,77,75
143,79,63,118,77,83
143,79,71,118,77,89
143,79,79,118,77,96
143,79,87,119,77,104
143,79,95,119,77,111
143,79,103,119,77,120
143,79,111,119,77,127
143,79,119,119,77,137
143,79,127,118,77,147
143,79,135,118,77,156
143,79,143,118,78,167
143,79,151,117,78,179
143,79,159,116,79,193
143,79,167,115,79,206
143,79,175,114,80,220
143,79,183,113,81,231
143,79,191,112,82,239
143,79,199,110,83,245
143,79,207,109,84,247
143,79,215,108,85,248
143,79,223,107,85,249
143,79,231,105,85,251
143,79,239,104,85,252
143,79,247,102,84,253
143,79,255,100,83,254
143,87,0,118,82,25
143,87,7,118,83,31
143,87,15,119,83,40
143,87,23,120,84,49
143,87,31,120,84,55
143,87,39,119,84,61
143,87,47,119,85,67
143,87,55,119,85,74
143,87,63,119,85,81
143,87,71,119,85,87
143,87,79,119,85,94
143,87,87,119,84,101
143,87,95,119,84,108
143,87,103,119,84,115
143,87,111,119,84,122
143,87,119,120,84,131
143,87,127,120,84,140
143,87,135,119,84,148
143,87,143,119,85,160
143,87,151,119,85,169
143,87,159,118,85,183
143,87,167,117,85,197
143,87,175,116,86,211
143,87,183,115,86,223
143,87,191,113,87,235
143,87,199,112,88,242
143,87,207,111,88,247
143,87,215,110,89,249
143,87,223,108,89,250
143,87,231,107,89,251
143,87,239,105,88,253
143,87,247,104,88,253
143,87,255,102,87,254
143,95,0,119,90,27
143,95,7,119,90,33
143,95,15,120,90,40
143,95,23,120,91,49
143,95,31,120,91,55
143,95,39,120,91,60
143,95,47,120,91,67
143,95,55,120,91,73
143,95,63,120,91,80
143,95,71,120,91,86
143,95,79,120,91,92
143,95,87,120,91,99
143,95,95,120,91,105
143,95,103,120,91,112
143,95,111,120,91,118
143,95,119,121,91,127
143,95,127,121,91,135
143,95,135,121,91,142
143,95,143,120,91,153
143,95,151,120,91,163
143,95,159,119,91,175
143,95,167,118,91,189
143,95,175,118,91,203
143,95,183,116,91,215
143,95,191,115,91,229
143,95,199,114,92,238
143,95,207,112,92,245
143,95,215,111,92,249
143,95,223,110,92,251
143,95,231,108,92,252
143,95,239,107,91,253
143,95,247,106,91,253
143,95,255,104,89,254
143,103,0,119,97,27
143,103,7,120,97,34
143,103,15,120,97,40
143,103,23,121,98,49
143,103,31,121,98,55
143,103,39,121,98,60
143,103,47,121,98,67
143,103,55,121,98,73
143,103,63,121,98,80
143,103,71,121,98,85
143,103,79,121,98,91
143,103,87,121,98,97
143,103,95,121,98,103
143,103,103,121,97,110
143,103,111,121,97,115
143,103,119,121,97,123
143,103,127,122,97,130
143,103,135,121,97,137
143,103,143,121,97,146
143,103,151,121,97,156
143,103,159,121,96,168
143,103,167,120,96,181
143,103,175,119,96,195
143,103,183,118,96,209
143,103,191,117,96,222
143,103,199,115,96,234
143,103,207,114,96,241
143,103,215,113,96,248
143,103,223,111,96,251
143,103,231,110,96,252
143,103,239,108,95,253
143,103,247,107,94,254
143,103,255,106,92,254
143,111,0,119,104,27
143,111,7,120,104,34
143,111,15,121,104,41
143,111,23,121,105,49
143,111,31,122,105,56
143,111,39,122,105,60
143,111,47,122,105,67
143,111,55,122,105,72
143,111,63,122,105,79
143,111,71,122,105,84
143,111,79,122,105,90
143,111,87,122,104,96
143,111,95,122,104,102
143,111,103,122,104,108
143,111,111,122,103,113
143,111,119,122,103,120
143,111,127,122,103,127
143,111,135,123,103,133
143,111,143,122,103,142
143,111,151,122,103,150
143,111,159,122,102,162
143,111,167,121,102,174
143,111,175,121,102,187
143,111,183,120,102,201
143,111,191,118,101,215
143,111,199,117,101,228
143,111,207,116,101,238
143,111,215,114,100,245
143,111,223,113,100,251
143,111,231,112,99,252
143,111,239,110,98,254
143,111,247,109,98,254
143,111,255,107,96,254
143,119,0,119,110,28
143,119,7,120,110,34
143,119,15,121,111,43
143,119,23,121,111,49
143,119,31,122,111,56
143,119,39,122,111,60
143,119,47,123,111,67
143,119,55,123,111,72
143,119,63,123,111,79
143,119,71,123,111,84
143,119,79,123,111,89
143,119,87,123,110,95
143,119,95,123,110,101
143,119,103,123,109,106
143,119,111,123,109,112
143,119,119,123,109,118
143,119,127,123,108,124
143,119,135,123,108,130
143,119,143,123,108,138
143,119,151,123,108,146
143,119,159,123,108,156
143,119,167,122,108,168
143,119,175,122,107,181
143,119,183,121,107,194
143,119,191,120,106,209
143,119,199,118,105,223
143,119,207,117,105,234
143,119,215,116,104,243
143,119,223,114,104,249
143,119,231,113,103,252
143,119,239,111,102,254
143,119,247,110,101,254
143,119,255,108,100,254
143,127,0,119,117,28
143,127,7,120,118,34
143,127,15,121,118,42
143,127,23,122,118,49
143,127,31,122,119,55
143,127,39,123,119,60
143,127,47,123,119,67
143,127,55,124,119,72
143,127,63,124,118,79
143,127,71,124,118,83
143,127,79,124,118,89
143,127,87,124,117,95
143,127,95,124,117,100
143,127,103,124,116,105
143,127,111,124,116,110
143,127,119,124,115,116
143,127,127,124,115,122
143,127,135,124,115,127
143,127,143,124,115,135
143,127,151,124,114,141
143,127,159,124,114,151
143,127,167,124,114,161
143,127,175,123,114,174
143,127,183,123,113,187
143,127,191,121,112,202
143,127,199,120,111,217
143,127,207,119,110,229
143,127,215,117,109,240
143,127,223,116,108,247
143,127,231,114,107,251
143,127,239,113,106,253
143,127,247,112,105,254
143,127,255,110,103,253
143,135,0,119,124,28
143,135,7,119,124,33
143,135,15,120,125,41
143,135,23,122,125,50
143,135,31,123,125,55
143,135,39,123,125,60
143,135,47,124,125,67
143,135,55,124,125,72
143,135,63,125,125,79
143,135,71,125,125,83
143,135,79,125,124,89
143,135,87,125,124,94
143,135,95,125,123,99
143,135,103,125,122,104
143,135,111,125,122,109
143,135,119,125,121,115
143,135,127,125,121,120
143,135,135,125,120,125
143,135,143,125,120,132
143,135,151,125,120,139
143,135,159,125,120,147
143,135,167,125,120,157
143,135,175,125,119,168
143,135,183,124,119,181
143,135,191,123,118,196
143,135,199,122,117,211
143,135,207,120,115,225
143,135,215,119,114,236
143,135,223,117,113,246
143,135,231,116,111,250
143,135,239,114,110,253
143,135,247,113,108,254
143,135,255,111,106,254
143,143,0,118,131,30
143,143,7,119,131,34
143,143,15,120,131,41
143,143,23,122,132,50
143,143,31,123,132,56
143,143,39,123,132,60
143,143,47,124,133,67
143,143,55,125,133,72
143,143,63,125,132,79
143,143,71,126,132,83
143,143,79,126,131,89
143,143,87,126,131,94
143,143,95,126,130,99
143,143,103,126,129,104
143,143,111,126,129,108
143,143,119,126,128,114
143,143,127,126,127,119
143,143,135,126,127,124
143,143,143,126,127,130
143,143,151,126,127,136
143,143,159,126,126,144
143,143,167,126,126,153
143,143,175,126,126,163
143,143,183,125,125,175
143,143,191,124,124,190
143,143,199,123,123,205
143,143,207,122,121,220
143,143,215,120,119,232
143,143,223,119,118,243
143,143,231,117,116,249
143,143,239,116,114,253
143,143,247,114,112,254
143,143,255,112,110,255
143,151,0,118,139,31
143,151,7,119,139,35
143,151,15,120,139,41
143,151,23,121,139,49
143,151,31,123,140,56
143,151,39,123,140,61
143,151,47,124,140,67
143,151,55,125,140,72
143,151,63,126,140,79
143,151,71,126,139,83
143,151,79,127,139,88
143,151,87,127,138,94
143,151,95,127,137,98
143,151,103,127,137,103
143,151,111,127,136,108
143,151,119,127,135,113
143,151,127,127,134,118
143,151,135,127,134,123
143,151,143,127,134,128
143,151,151,127,133,134
143,151,159,127,133,141
143,151,167,127,133,149
143,151,175,127,133,159
143,151,183,127,132,169
143,151,191,126,131,184
143,151,199,125,130,198
143,151,207,124,128,213
143,151,215,122,126,228
143,151,223,120,124,239
143,151,231,119,122,247
143,151,239,117,119,252
143,151,247,116,117,254
143,151,255,114,114,255
143,159,0,118,146,32
143,159,7,119,147,37
143,159,15,120,147,42
143,159,23,121,147,49
143,159,31,122,148,57
143,159,39,123,148,61
143,159,47,124,148,67
143,159,55,125,148,72
143,159,63,126,148,79
143,159,71,127,148,83
143,159,79,127,147,88
143,159,87,127,146,94
143,159,95,128,145,98
143,159,103,128,145,103
143,159,111,128,144,107
143,159,119,128,144,113
143,159,127,128,143,117
143,159,135,128,142,122
143,159,143,128,142,127
143,159,151,128,141,132
143,159,159,128,141,138
143,159,167,128,141,146
143,159,175,128,140,155
143,159,183,128,140,165
143,159,191,127,139,178
143,159,199,126,137,192
143,159,207,125,135,207
143,159,215,124,133,221
143,159,223,122,130,235
143,159,231,121,128,244
143,159,239,119,125,251
143,159,247,117,122,254
143,159,255,116,119,255
143,167,0,117,155,33
143,167,7,118,155,37
143,167,15,119,155,43
143,167,23,120,156,49
143,167,31,122,156,56
143,167,39,123,157,61
143,167,47,124,157,67
143,167,55,125,157,72
143,167,63,126,156,79
143,167,71,127,156,83
143,167,79,128,156,88
143,167,87,128,155,94
143,167,95,128,154,98
143,167,103,128,154,103
143,167,111,128,153,107
143,167,119,128,152,112
143,167,127,128,151,117
143,167,135,129,151,121
143,167,143,129,151,126
143,167,151,129,150,130
143,167,159,129,150,137
143,167,167,129,149,143
143,167,175,129,149,152
143,167,183,129,148,161
143,167,191,129,147,173
143,167,199,128,145,186
143,167,207,127,144,201
143,167,215,126,141,215
143,167,223,124,138,231
143,167,231,122,134,241
143,167,239,120,131,251
143,167,247,119,128,254
143,167,255,117,124,255
143,175,0,116,164,33
143,175,7,117,164,37
143,175,15,118,164,44
143,175,23,119,165,50
143,175,31,121,165,56
143,175,39,122,166,61
143,175,47,124,166,67
143,175,55,125,166,72
143,175,63,126,166,79
143,175,71,127,166,83
143,175,79,128,165,88
143,175,87,128,164,94
143,175,95,129,163,98
143,175,103,129,163,103
143,175,111,129,162,107
143,175,119,129,162,112
143,175,127,129,161,116
143,175,135,129,161,120
143,175,143,129,160,125
143,175,151,130,159,129
143,175,159,130,159,135
143,175,167,130,158,141
143,175,175,130,158,148
143,175,183,130,157,157
143,175,191,130,156,168
143,175,199,130,154,181
143,175,207,129,152,195
143,175,215,128,150,209
143,175,223,126,146,225
143,175,231,124,142,238
143,175,239,122,138,248
143,175,247,120,134,253
143,175,255,118,129,255
143,183,0,115,175,33
143,183,7,115,176,37
143,183,15,117,176,43
143,183,23,119,176,51
143,183,31,120,177,56
143,183,39,122,177,61
143,183,47,123,177,67
143,183,55,125,177,73
143,183,63,126,177,79
143,183,71,127,177,83
143,183,79,128,177,89
143,183,87,128,176,94
143,183,95,129,175,98
143,183,103,129,175,103
143,183,111,129,174,107
143,183,119,130,173,112
143,183,127,130,173,116
143,183,135,130,172,120
143,183,143,130,172,124
143,183,151,130,171,128
143,183,159,131,171,134
143,183,167,131,170,139
143,183,175,131,170,146
143,183,183,131,169,153
143,183,191,131,167,163
143,183,199,131,166,176
143,183,207,130,164,188
143,183,215,129,162,202
143,183,223,128,157,219
143,183,231,126,153,232
143,183,239,124,147,245
143,183,247,122,142,253
143,183,255,120,137,255
143,191,0,113,187,33
143,191,7,114,187,37
143,191,15,115,188,42
143,191,23,117,188,49
143,191,31,119,189,56
143,191,39,121,189,61
143,191,47,123,190,67
143,191,55,124,190,72
143,191,63,126,189,79
143,191,71,126,189,83
143,191,79,127,188,89
143,191,87,128,188,94
143,191,95,129,187,98
143,191,103,129,186,103
143,191,111,129,186,107
143,191,119,130,185,111
143,191,127,130,185,116
143,191,135,130,184,119
143,191,143,131,184,124
143,191,151,131,183,128
143,191,159,131,182,133
143,191,167,132,182,138
143,191,175,132,181,144
143,191,183,132,181,150
143,191,191,132,180,159
143,191,199,132,179,170
143,191,207,132,176,183
143,191,215,131,174,196
143,191,223,130,170,212
143,191,231,128,165,226
143,191,239,126,158,242
143,191,247,125,153,250
143,191,255,122,147,255
143,199,0,112,198,35
143,199,7,113,199,37
143,199,15,114,199,42
143,199,23,116,200,48
143,199,31,118,201,56
143,199,39,120,201,61
143,199,47,122,202,67
143,199,55,123,202,72
143,199,63,125,201,79
143,199,71,126,201,83
143,199,79,127,201,88
143,199,87,128,200,94
143,199,95,128,199,98
143,199,103,129,198,102
143,199,111,129,198,106
143,199,119,130,197,111
143,199,127,130,197,115
143,199,135,131,196,119
143,199,143,131,196,123
143,199,151,131,195,127
143,199,159,131,195,132
143,199,167,132,194,137
143,199,175,132,194,142
143,199,183,132,193,148
143,199,191,133,192,156
143,199,199,133,191,166
143,199,207,133,190,176
143,199,215,132,187,189
143,199,223,131,183,206
143,199,231,130,178,220
143,199,239,128,171,236
143,199,247,127,164,247
143,199,255,125,157,254
143,207,0,110,209,35
143,207,7,111,210,39
143,207,15,112,211,43
143,207,23,114,211,48
143,207,31,117,213,55
143,207,39,119,213,61
143,207,47,121,214,67
143,207,55,123,214,72
143,207,63,124,214,78
143,207,71,125,213,83
143,207,79,126,213,88
143,207,87,127,212,93
143,207,95,128,212,98
143,207,103,129,211,102
143,207,111,129,210,106
143,207,119,130,210,110
143,207,127,130,209,114
143,207,135,130,209,118
143,207,143,131,208,122
143,207,151,131,208,126
143,207,159,131,207,131
143,207,167,132,207,136
143,207,175,132,206,141
143,207,183,133,206,146
143,207,191,133,205,153
143,207,199,133,205,161
143,207,207,133,203,172
143,207,215,133,201,183
143,207,223,133,197,200
143,207,231,132,192,215
143,207,239,131,185,232
143,207,247,129,177,246
143,207,255,126,169,252
143,215,0,107,221,34
143,215,7,108,222,38
143,215,15,110,223,43
143,215,23,112,224,49
143,215,31,115,225,54
143,215,39,117,226,60
143,215,47,119,227,66
143,215,55,121,227,71
143,215,63,123,227,78
143,215,71,124,227,82
143,215,79,125,226,87
143,215,87,126,226,92
143,215,95,127,226,97
143,215,103,128,225,101
143,215,111,128,225,105
143,215,119,129,224,110
143,215,127,130,224,114
143,215,135,130,224,117
143,215,143,130,223,121
143,215,151,130,222,125
143,215,159,131,222,129
143,215,167,131,221,134
143,215,175,132,221,139
143,215,183,132,220,144
143,215,191,133,220,151
143,215,199,133,220,158
143,215,207,134,219,166
143,215,215,134,217,177
143,215,223,134,213,193
143,215,231,134,210,208
143,215,239,132,203,227
143,215,247,131,195,241
143,215,255,129,186,253
143,223,0,105,232,35
143,223,7,106,233,38
143,223,15,108,233,42
143,223,23,111,234,49
143,223,31,113,236,54
143,223,39,115,237,59
143,223,47,117,238,65
143,223,55,119,239,70
143,223,63,121,239,76
143,223,71,123,240,81
143,223,79,124,239,86
143,223,87,125,239,91
143,223,95,126,239,95
143,223,103,127,238,99
143,223,111,127,238,103
143,223,119,128,237,107
143,223,127,128,237,111
143,223,135,129,237,115
143,223,143,129,236,119
143,223,151,130,236,123
143,223,159,130,236,127
143,223,167,131,236,132
143,223,175,131,235,137
143,223,183,131,235,141
143,223,191,132,234,147
143,223,199,133,234,154
143,223,207,133,234,162
143,223,215,134,233,172
143,223,223,134,231,187
143,223,231,134,227,201
143,223,239,133,222,220
143,223,247,133,215,238
143,223,255,132,206,250
143,231,0,103,241,35
143,231,7,104,242,38
143,231,15,105,242,42
143,231,23,108,243,47
143,231,31,111,244,55
143,231,39,113,245,58
143,231,47,115,246,64
143,231,55,117,246,69
143,231,63,119,247,75
143,231,71,121,247,79
143,231,79,122,247,84
143,231,87,123,247,89
143,231,95,124,247,93
143,231,103,125,247,97
143,231,111,126,248,101
143,231,119,127,248,105
143,231,127,127,247,109
143,231,135,128,247,112
143,231,143,128,247,116
143,231,151,128,246,120
143,231,159,129,246,124
143,231,167,129,246,128
143,231,175,130,245,133
143,231,183,130,245,138
143,231,191,131,245,144
143,231,199,131,245,151
143,231,207,132,244,159
143,231,215,132,244,167
143,231,223,133,242,180
143,231,231,133,240,193
143,231,239,133,237,213
143,231,247,133,232,231
143,231,255,133,226,250
143,239,0,101,248,37
143,239,7,102,248,39
143,239,15,103,249,42
143,239,23,105,249,47
143,239,31,108,250,52
143,239,39,110,251,58
143,239,47,113,251,63
143,239,55,115,252,67
143,239,63,117,252,73
143,239,71,118,252,77
143,239,79,120,252,82
143,239,87,121,252,86
143,239,95,122,252,90
143,239,103,123,253,95
143,239,111,124,253,98
143,239,119,125,253,102
143,239,127,126,253,106
143,239,135,126,253,109
143,239,143,126,253,113
143,239,151,127,253,117
143,239,159,127,253,121
143,239,167,128,253,125
143,239,175,128,253,130
143,239,183,129,253,134
143,239,191,129,252,140
143,239,199,130,252,147
143,239,207,130,252,154
143,239,215,131,252,162
143,239,223,131,252,174
143,239,231,132,251,186
143,239,239,132,249,203
143,239,247,132,246,223
143,239,255,133,243,242
143,247,0,99,252,36
143,247,7,100,253,39
143,247,15,101,253,44
143,247,23,103,253,48
143,247,31,105,254,52
143,247,39,107,254,56
143,247,47,110,254,62
143,247,55,112,254,66
143,247,63,114,254,71
143,247,71,116,254,75
143,247,79,117,254,79
143,247,87,119,254,84
143,247,95,120,254,88
143,247,103,121,254,92
143,247,111,122,255,96
143,247,119,123,255,100
143,247,127,123,255,103
143,247,135,124,255,106
143,247,143,124,255,110
143,247,151,125,255,113
143,247,159,125,255,117
143,247,167,126,255,122
143,247,175,126,255,126
143,247,183,127,255,131
143,247,191,127,255,137
143,247,199,128,255,143
143,247,207,128,255,150
143,247,215,128,255,157
143,247,223,129,255,168
143,247,231,130,254,180
143,247,239,130,255,196
143,247,247,131,255,214
143,247,255,132,253,234
143,255,0,97,255,37
143,255,7,98,255,39
143,255,15,99,255,42
143,255,23,101,255,47
143,255,31,103,255,52
143,255,39,105,255,55
143,255,47,107,255,60
143,255,55,110,255,65
143,255,63,112,255,70
143,255,71,113,255,74
143,255,79,115,255,78
143,255,87,117,255,83
143,255,95,118,255,87
143,255,103,120,255,90
143,255,111,120,255,94
143,255,119,121,255,98
143,255,127,122,255,101
143,255,135,122,255,104
143,255,143,123,255,108
143,255,151,123,255,111
143,255,159,124,255,115
143,255,167,124,255,119
143,255,175,124,255,124
143,255,183,124,255,128
143,255,191,125,255,133
143,255,199,125,255,139
143,255,207,126,255,146
143,255,215,126,255,153
143,255,223,127,255,164
143,255,231,128,255,175
143,255,239,128,255,191
143,255,247,129,255,207
143,255,255,130,255,225
151,0,0,126,1,24
151,0,7,126,1,34
151,0,15,127,2,47
151,0,23,127,3,58
151,0,31,127,4,69
151,0,39,127,4,78
151,0,47,126,5,91
151,0,55,125,6,103
151,0,63,125,6,119
151,0,71,124,7,133
151,0,79,123,7,150
151,0,87,121,7,167
151,0,95,120,8,183
151,0,103,118,10,196
151,0,111,117,13,207
151,0,119,114,17,217
151,0,127,112,21,223
151,0,135,111,24,228
151,0,143,109,26,231
151,0,151,107,29,233
151,0,159,105,31,235
151,0,167,103,33,236
151,0,175,101,35,237
151,0,183,99,37,239
151,0,191,98,38,241
151,0,199,96,38,242
151,0,207,94,39,244
151,0,215,93,41,246
151,0,223,91,42,248
151,0,231,89,42,250
151,0,239,87,42,252
151,0,247,85,42,254
151,0,255,83,43,255
151,7,0,125,2,24
151,7,7,126,3,34
151,7,15,126,3,46
151,7,23,126,5,58
151,7,31,126,6,68
151,7,39,126,6,77
151,7,47,125,7,89
151,7,55,125,8,100
151,7,63,124,9,116
151,7,71,124,9,128
151,7,79,123,10,144
151,7,87,122,10,162
151,7,95,120,12,177
151,7,103,119,14,192
151,7,111,117,17,202
151,7,119,115,20,213
151,7,127,113,24,220
151,7,135,112,27,225
151,7,143,110,31,229
151,7,151,108,33,231
151,7,159,106,36,233
151,7,167,104,38,235
151,7,175,102,40,237
151,7,183,100,41,239
151,7,191,99,42,241
151,7,199,97,43,242
151,7,207,95,43,244
151,7,215,94,45,246
151,7,223,92,47,248
151,7,231,90,47,250
151,7,239,88,47,252
151,7,247,86,46,254
151,7,255,84,47,255
151,15,0,124,6,25
151,15,7,125,6,35
151,15,15,126,7,46
151,15,23,126,8,57
151,15,31,126,9,67
151,15,39,125,10,76
151,15,47,125,11,87
151,15,55,124,11,97
151,15,63,124,12,111
151,15,71,123,13,123
151,15,79,123,14,138
151,15,87,122,15,155
151,15,95,121,16,170
151,15,103,119,18,185
151,15,111,118,21,196
151,15,119,116,24,208
151,15,127,114,28,215
151,15,135,113,31,221
151,15,143,111,35,226
151,15,151,109,38,229
151,15,159,107,42,232
151,15,167,105,44,234
151,15,175,103,45,237
151,15,183,102,47,238
151,15,191,100,48,240
151,15,199,98,48,242
151,15,207,97,49,244
151,15,215,95,50,246
151,15,223,93,52,248
151,15,231,92,53,250
151,15,239,90,53,252
151,15,247,88,52,253
151,15,255,86,52,255
151,23,0,122,11,25
151,23,7,123,12,35
151,23,15,125,14,46
151,23,23,125,15,56
151,23,31,125,16,66
151,23,39,125,17,74
151,23,47,125,18,85
151,23,55,124,18,94
151,23,63,124,19,107
151,23,71,124,20,117
151,23,79,123,21,130
151,23,87,122,22,145
151,23,95,121,23,159
151,23,103,120,25,174
151,23,111,119,27,186
151,23,119,117,30,198
151,23,127,116,34,207
151,23,135,114,37,213
151,23,143,112,40,220
151,23,151,111,43,225
151,23,159,109,46,230
151,23,167,107,49,234
151,23,175,105,52,236
151,23,183,103,54,238
151,23,191,102,56,241
151,23,199,100,56,242
151,23,207,99,57,244
151,23,215,97,57,246
151,23,223,95,58,248
151,23,231,94,59,249
151,23,239,92,60,252
151,23,247,90,61,253
151,23,255,88,59,254
151,31,0,121,20,25
151,31,7,122,21,34
151,31,15,123,22,45
151,31,23,124,24,55
151,31,31,124,25,64
151,31,39,124,26,71
151,31,47,124,26,82
151,31,55,124,27,91
151,31,63,124,27,103
151,31,71,124,28,112
151,31,79,123,28,124
151,31,87,122,29,138
151,31,95,122,30,150
151,31,103,121,32,163
151,31,111,120,34,174
151,31,119,118,37,186
151,31,127,117,40,196
151,31,135,116,43,204
151,31,143,114,46,213
151,31,151,112,48,220
151,31,159,110,51,227
151,31,167,108,54,233
151,31,175,107,56,236
151,31,183,105,59,239
151,31,191,104,61,241
151,31,199,102,63,243
151,31,207,101,65,244
151,31,215,99,65,246
151,31,223,97,65,248
151,31,231,96,65,250
151,31,239,94,66,252
151,31,247,93,66,253
151,31,255,91,66,254
151,39,0,121,29,25
151,39,7,122,30,34
151,39,15,123,31,43
151,39,23,123,33,53
151,39,31,123,34,62
151,39,39,123,35,69
151,39,47,124,36,79
151,39,55,124,36,88
151,39,63,124,37,98
151,39,71,123,37,106
151,39,79,123,37,117
151,39,87,123,38,129
151,39,95,122,38,142
151,39,103,121,39,154
151,39,111,121,41,164
151,39,119,120,43,177
151,39,127,118,45,187
151,39,135,117,48,196
151,39,143,116,51,206
151,39,151,114,53,215
151,39,159,112,56,223
151,39,167,111,58,231
151,39,175,109,61,237
151,39,183,107,63,240
151,39,191,106,65,242
151,39,199,104,67,243
151,39,207,103,68,245
151,39,215,101,70,246
151,39,223,100,71,248
151,39,231,98,71,250
151,39,239,96,71,252
151,39,247,95,70,253
151,39,255,93,71,254
151,47,0,120,38,25
151,47,7,122,40,34
151,47,15,122,40,42
151,47,23,123,41,52
151,47,31,123,42,60
151,47,39,123,43,67
151,47,47,123,44,76
151,47,55,123,44,84
151,47,63,123,44,94
151,47,71,123,45,102
151,47,79,123,45,112
151,47,87,123,45,124
151,47,95,122,46,135
151,47,103,122,46,146
151,47,111,121,47,156
151,47,119,120,49,167
151,47,127,119,51,179
151,47,135,118,53,189
151,47,143,117,55,200
151,47,151,116,57,210
151,47,159,114,59,221
151,47,167,112,62,229
151,47,175,111,64,236
151,47,183,109,66,240
151,47,191,108,68,242
151,47,199,106,70,244
151,47,207,105,72,245
151,47,215,103,73,246
151,47,223,102,74,248
151,47,231,100,74,250
151,47,239,98,74,252
151,47,247,97,74,253
151,47,255,95,74,254
151,55,0,120,48,25
151,55,7,122,48,34
151,55,15,122,49,42
151,55,23,123,50,51
151,55,31,123,51,59
151,55,39,123,51,65
151,55,47,123,52,74
151,55,55,123,52,82
151,55,63,123,53,91
151,55,71,123,53,98
151,55,79,123,53,107
151,55,87,123,53,118
151,55,95,122,53,128
151,55,103,122,54,138
151,55,111,122,54,148
151,55,119,121,55,159
151,55,127,121,57,170
151,55,135,120,58,181
151,55,143,119,60,193
151,55,151,117,62,204
151,55,159,116,63,217
151,55,167,114,65,227
151,55,175,113,67,234
151,55,183,111,69,240
151,55,191,109,71,243
151,55,199,108,73,244
151,55,207,107,75,245
151,55,215,105,76,246
151,55,223,104,77,248
151,55,231,102,77,250
151,55,239,100,77,252
151,55,247,99,77,253
151,55,255,97,77,254
151,63,0,120,56,25
151,63,7,121,57,33
151,63,15,122,57,42
151,63,23,123,58,51
151,63,31,123,59,58
151,63,39,123,59,64
151,63,47,123,60,72
151,63,55,123,60,79
151,63,63,123,60,88
151,63,71,123,60,95
151,63,79,123,60,103
151,63,87,123,61,113
151,63,95,122,61,122
151,63,103,122,61,132
151,63,111,122,61,140
151,63,119,122,62,152
151,63,127,121,63,162
151,63,135,121,64,172
151,63,143,120,65,185
151,63,151,119,66,196
151,63,159,117,68,210
151,63,167,116,69,223
151,63,175,114,71,232
151,63,183,113,73,238
151,63,191,111,74,244
151,63,199,110,76,245
151,63,207,108,77,246
151,63,215,107,78,247
151,63,223,105,79,248
151,63,231,104,79,250
151,63,239,102,79,252
151,63,247,101,79,253
151,63,255,99,79,254
151,71,0,121,66,26
151,71,7,122,66,33
151,71,15,123,67,42
151,71,23,123,67,50
151,71,31,123,68,57
151,71,39,123,68,62
151,71,47,123,69,70
151,71,55,123,69,77
151,71,63,123,69,85
151,71,71,123,69,91
151,71,79,123,69,99
151,71,87,123,69,107
151,71,95,123,69,116
151,71,103,123,69,125
151,71,111,123,69,133
151,71,119,123,70,143
151,71,127,122,70,154
151,71,135,122,71,163
151,71,143,121,72,175
151,71,151,120,73,187
151,71,159,119,74,201
151,71,167,118,75,214
151,71,175,116,76,227
151,71,183,115,77,235
151,71,191,113,78,241
151,71,199,112,80,245
151,71,207,110,81,246
151,71,215,109,82,247
151,71,223,107,82,249
151,71,231,106,82,251
151,71,239,104,82,252
151,71,247,103,82,253
151,71,255,101,81,254
151,79,0,122,73,25
151,79,7,122,73,32
151,79,15,123,74,41
151,79,23,123,74,49
151,79,31,123,75,56
151,79,39,123,75,62
151,79,47,123,76,69
151,79,55,123,76,76
151,79,63,123,76,83
151,79,71,123,76,89
151,79,79,123,76,97
151,79,87,123,76,104
151,79,95,123,76,112
151,79,103,123,76,120
151,79,111,123,76,128
151,79,119,123,76,138
151,79,127,123,77,147
151,79,135,123,77,156
151,79,143,122,77,168
151,79,151,122,78,179
151,79,159,121,78,193
151,79,167,119,79,206
151,79,175,118,80,219
151,79,183,116,81,231
151,79,191,115,82,239
151,79,199,113,83,244
151,79,207,112,84,247
151,79,215,111,85,248
151,79,223,109,85,249
151,79,231,107,85,251
151,79,239,106,85,253
151,79,247,104,85,253
151,79,255,102,84,254
151,87,0,122,81,25
151,87,7,123,82,31
151,87,15,123,82,40
151,87,23,124,83,50
151,87,31,124,83,56
151,87,39,124,83,61
151,87,47,124,84,68
151,87,55,124,84,74
151,87,63,124,84,82
151,87,71,124,84,87
151,87,79,124,84,94
151,87,87,124,84,101
151,87,95,124,84,108
151,87,103,124,84,116
151,87,111,124,84,123
151,87,119,124,84,131
151,87,127,124,84,141
151,87,135,124,84,148
151,87,143,123,84,160
151,87,151,123,84,170
151,87,159,122,85,183
151,87,167,121,85,197
151,87,175,120,85,211
151,87,183,118,86,223
151,87,191,117,87,235
151,87,199,115,87,242
151,87,207,114,88,247
151,87,215,112,89,249
151,87,223,111,89,250
151,87,231,109,89,251
151,87,239,108,88,253
151,87,247,106,88,253
151,87,255,104,87,254
151,95,0,123,88,27
151,95,7,124,89,34
151,95,15,124,89,41
151,95,23,125,90,50
151,95,31,125,90,56
151,95,39,125,90,61
151,95,47,124,91,68
151,95,55,124,91,74
151,95,63,124,91,81
151,95,71,124,91,86
151,95,79,124,91,92
151,95,87,125,91,99
151,95,95,125,90,106
151,95,103,125,90,112
151,95,111,125,90,119
151,95,119,125,90,127
151,95,127,125,90,135
151,95,135,125,90,143
151,95,143,125,90,153
151,95,151,124,90,163
151,95,159,124,90,175
151,95,167,123,90,189
151,95,175,122,90,203
151,95,183,120,91,216
151,95,191,118,91,229
151,95,199,117,92,239
151,95,207,115,92,245
151,95,215,114,92,249
151,95,223,112,92,251
151,95,231,111,92,252
151,95,239,109,92,253
151,95,247,108,91,254
151,95,255,106,89,254
151,103,0,123,95,27
151,103,7,124,96,35
151,103,15,124,96,41
151,103,23,125,96,49
151,103,31,125,97,56
151,103,39,125,97,61
151,103,47,125,97,67
151,103,55,125,97,73
151,103,63,125,97,80
151,103,71,125,97,85
151,103,79,126,97,91
151,103,87,125,97,98
151,103,95,125,97,104
151,103,103,125,97,110
151,103,111,126,97,116
151,103,119,126,96,123
151,103,127,126,96,131
151,103,135,126,96,138
151,103,143,126,96,147
151,103,151,125,96,156
151,103,159,125,96,168
151,103,167,124,96,181
151,103,175,123,96,195
151,103,183,122,96,209
151,103,191,120,96,222
151,103,199,119,96,234
151,103,207,117,96,242
151,103,215,115,96,247
151,103,223,114,96,251
151,103,231,112,96,252
151,103,239,111,95,253
151,103,247,109,94,254
151,103,255,108,92,253
151,111,0,124,102,28
151,111,7,124,103,35
151,111,15,125,103,43
151,111,23,125,103,49
151,111,31,126,104,56
151,111,39,126,104,61
151,111,47,126,104,67
151,111,55,126,104,73
151,111,63,126,104,80
151,111,71,126,104,85
151,111,79,126,104,91
151,111,87,126,104,97
151,111,95,127,103,102
151,111,103,126,103,108
151,111,111,126,103,114
151,111,119,126,103,121
151,111,127,126,102,127
151,111,135,126,102,134
151,111,143,126,102,142
151,111,151,126,102,150
151,111,159,126,102,162
151,111,167,125,102,174
151,111,175,125,101,187
151,111,183,124,101,201
151,111,191,122,101,215
151,111,199,120,101,228
151,111,207,119,100,239
151,111,215,117,100,245
151,111,223,115,100,251
151,111,231,114,99,252
151,111,239,112,98,254
151,111,247,111,97,254
151,111,255,110,96,254
151,119,0,124,109,28
151,119,7,124,109,34
151,119,15,125,109,43
151,119,23,126,109,50
151,119,31,126,110,56
151,119,39,127,110,61
151,119,47,127,110,67
151,119,55,127,110,73
151,119,63,127,110,79
151,119,71,127,110,84
151,119,79,127,110,90
151,119,87,127,109,96
151,119,95,127,109,101
151,119,103,127,108,107
151,119,111,127,108,112
151,119,119,127,108,119
151,119,127,127,108,125
151,119,135,127,108,131
151,119,143,127,107,138
151,119,151,127,107,146
151,119,159,127,107,156
151,119,167,126,107,168
151,119,175,126,107,181
151,119,183,125,106,194
151,119,191,124,106,210
151,119,199,122,105,223
151,119,207,120,104,234
151,119,215,119,104,243
151,119,223,117,103,249
151,119,231,115,103,252
151,119,239,114,102,254
151,119,247,112,101,254
151,119,255,111,99,254
151,127,0,123,116,28
151,127,7,124,116,34
151,127,15,125,116,42
151,127,23,126,117,50
151,127,31,127,117,56
151,127,39,127,117,61
151,127,47,128,117,67
151,127,55,128,117,73
151,127,63,128,117,79
151,127,71,128,117,84
151,127,79,128,117,90
151,127,87,128,116,95
151,127,95,128,116,100
151,127,103,128,115,106
151,127,111,128,115,111
151,127,119,128,114,117
151,127,127,128,114,123
151,127,135,128,114,128
151,127,143,128,114,135
151,127,151,128,114,142
151,127,159,128,113,152
151,127,167,128,113,162
151,127,175,127,113,174
151,127,183,127,113,187
151,127,191,125,112,202
151,127,199,124,111,217
151,127,207,122,110,230
151,127,215,120,109,240
151,127,223,119,108,247
151,127,231,117,107,251
151,127,239,115,106,253
151,127,247,114,105,254
151,127,255,112,103,253
151,135,0,123,122,28
151,135,7,124,122,33
151,135,15,125,123,41
151,135,23,126,123,51
151,135,31,127,123,56
151,135,39,128,124,61
151,135,47,128,124,67
151,135,55,129,124,73
151,135,63,129,123,79
151,135,71,129,123,84
151,135,79,129,123,89
151,135,87,129,122,95
151,135,95,129,122,100
151,135,103,129,121,105
151,135,111,129,121,110
151,135,119,129,120,116
151,135,127,129,120,121
151,135,135,129,119,126
151,135,143,129,119,133
151,135,151,129,119,139
151,135,159,129,119,147
151,135,167,129,119,158
151,135,175,129,119,168
151,135,183,128,118,181
151,135,191,127,117,196
151,135,199,125,116,211
151,135,207,124,115,226
151,135,215,122,113,236
151,135,223,120,112,246
151,135,231,119,111,250
151,135,239,117,110,253
151,135,247,115,108,254
151,135,255,113,106,254
151,143,0,123,129,30
151,143,7,124,129,34
151,143,15,125,129,41
151,143,23,126,130,50
151,143,31,127,130,57
151,143,39,128,130,61
151,143,47,128,131,67
151,143,55,129,130,73
151,143,63,130,130,79
151,143,71,130,130,84
151,143,79,130,129,89
151,143,87,130,129,95
151,143,95,130,128,99
151,143,103,130,127,104
151,143,111,130,127,109
151,143,119,130,126,115
151,143,127,130,126,120
151,143,135,130,126,124
151,143,143,130,125,131
151,143,151,130,125,136
151,143,159,130,125,144
151,143,167,130,125,153
151,143,175,130,125,164
151,143,183,129,124,175
151,143,191,128,123,190
151,143,199,127,122,205
151,143,207,125,120,220
151,143,215,124,119,232
151,143,223,122,117,243
151,143,231,120,116,249
151,143,239,118,114,253
151,143,247,116,112,254
151,143,255,114,110,255
151,151,0,123,136,32
151,151,7,124,136,37
151,151,15,124,136,42
151,151,23,126,137,49
151,151,31,127,137,57
151,151,39,128,137,61
151,151,47,129,138,67
151,151,55,129,138,73
151,151,63,130,138,79
151,151,71,130,137,84
151,151,79,131,137,89
151,151,87,131,136,94
151,151,95,131,135,99
151,151,103,131,134,104
151,151,111,131,134,108
151,151,119,131,133,114
151,151,127,131,133,119
151,151,135,131,132,123
151,151,143,131,132,129
151,151,151,131,132,134
151,151,159,131,132,142
151,151,167,131,132,150
151,151,175,131,131,159
151,151,183,131,131,170
151,151,191,130,130,184
151,151,199,129,128,199
151,151,207,127,127,214
151,151,215,126,125,227
151,151,223,124,123,239
151,151,231,122,121,247
151,151,239,120,119,252
151,151,247,118,116,254
151,151,255,116,114,255
151,159,0,122,144,33
151,159,7,123,144,38
151,159,15,124,144,43
151,159,23,125,145,49
151,159,31,127,145,57
151,159,39,128,146,61
151,159,47,129,146,67
151,159,55,130,146,73
151,159,63,131,146,79
151,159,71,131,145,84
151,159,79,131,144,89
151,159,87,132,144,94
151,159,95,132,143,99
151,159,103,132,143,104
151,159,111,132,142,108
151,159,119,132,141,113
151,159,127,132,141,118
151,159,135,132,140,122
151,159,143,132,140,128
151,159,151,132,139,132
151,159,159,132,139,139
151,159,167,132,139,147
151,159,175,132,138,155
151,159,183,132,138,166
151,159,191,131,137,178
151,159,199,130,136,193
151,159,207,129,134,207
151,159,215,127,132,221
151,159,223,125,129,236
151,159,231,124,127,244
151,159,239,122,124,251
151,159,247,120,122,254
151,159,255,118,119,255
151,167,0,121,151,33
151,167,7,122,152,38
151,167,15,123,152,45
151,167,23,125,152,50
151,167,31,126,153,56
151,167,39,127,153,62
151,167,47,129,154,68
151,167,55,130,154,73
151,167,63,131,154,79
151,167,71,131,154,84
151,167,79,132,153,89
151,167,87,132,152,94
151,167,95,132,152,99
151,167,103,132,151,104
151,167,111,132,150,108
151,167,119,132,150,113
151,167,127,132,149,117
151,167,135,132,149,121
151,167,143,133,148,126
151,167,151,133,148,131
151,167,159,133,147,137
151,167,167,133,147,144
151,167,175,133,147,152
151,167,183,133,146,161
151,167,191,133,145,174
151,167,199,132,144,187
151,167,207,131,142,201
151,167,215,129,140,215
151,167,223,127,137,231
151,167,231,125,134,241
151,167,239,123,130,251
151,167,247,121,127,253
151,167,255,119,124,255
151,175,0,120,160,33
151,175,7,121,160,37
151,175,15,122,161,44
151,175,23,124,161,51
151,175,31,125,162,56
151,175,39,127,163,62
151,175,47,128,163,68
151,175,55,130,163,73
151,175,63,131,163,79
151,175,71,131,162,84
151,175,79,132,162,89
151,175,87,132,161,94
151,175,95,133,161,99
151,175,103,133,160,103
151,175,111,133,160,108
151,175,119,133,159,113
151,175,127,133,158,117
151,175,135,133,158,121
151,175,143,134,157,126
151,175,151,134,157,130
151,175,159,134,156,136
151,175,167,134,156,142
151,175,175,134,156,149
151,175,183,134,155,158
151,175,191,134,154,169
151,175,199,133,152,182
151,175,207,132,151,195
151,175,215,131,148,210
151,175,223,129,145,226
151,175,231,127,141,238
151,175,239,125,137,248
151,175,247,123,133,253
151,175,255,121,128,255
151,183,0,119,171,33
151,183,7,120,171,37
151,183,15,121,171,43
151,183,23,123,172,51
151,183,31,125,173,57
151,183,39,126,173,61
151,183,47,128,174,68
151,183,55,129,174,73
151,183,63,130,174,79
151,183,71,131,174,84
151,183,79,132,173,89
151,183,87,133,172,94
151,183,95,133,172,99
151,183,103,133,171,104
151,183,111,134,170,108
151,183,119,134,170,112
151,183,127,134,169,117
151,183,135,134,169,120
151,183,143,134,169,125
151,183,151,134,168,129
151,183,159,135,168,134
151,183,167,135,167,140
151,183,175,135,166,146
151,183,183,135,166,154
151,183,191,135,165,164
151,183,199,135,164,176
151,183,207,134,162,189
151,183,215,133,159,203
151,183,223,132,156,220
151,183,231,130,151,233
151,183,239,127,146,245
151,183,247,125,141,252
151,183,255,123,136,255
151,191,0,118,182,33
151,191,7,118,183,37
151,191,15,120,183,42
151,191,23,122,184,49
151,191,31,124,185,57
151,191,39,125,185,61
151,191,47,127,186,68
151,191,55,128,185,73
151,191,63,130,185,80
151,191,71,131,185,84
151,191,79,132,185,89
151,191,87,132,184,94
151,191,95,133,183,99
151,191,103,133,183,103
151,191,111,134,182,107
151,191,119,134,182,112
151,191,127,134,181,116
151,191,135,135,181,120
151,191,143,135,180,125
151,191,151,135,180,129
151,191,159,135,179,133
151,191,167,136,179,139
151,191,175,136,178,144
151,191,183,136,178,151
151,191,191,136,177,160
151,191,199,136,175,171
151,191,207,136,174,183
151,191,215,135,172,196
151,191,223,134,167,213
151,191,231,132,163,227
151,191,239,130,157,242
151,191,247,128,151,250
151,191,255,126,146,255
151,199,0,116,194,35
151,199,7,117,194,38
151,199,15,118,195,42
151,199,23,120,196,49
151,199,31,122,197,56
151,199,39,124,197,61
151,199,47,126,197,68
151,199,55,128,198,73
151,199,63,129,197,79
151,199,71,130,197,84
151,199,79,131,197,89
151,199,87,132,196,94
151,199,95,133,195,99
151,199,103,133,194,103
151,199,111,134,194,107
151,199,119,134,194,112
151,199,127,134,193,116
151,199,135,135,193,120
151,199,143,135,192,124
151,199,151,135,192,128
151,199,159,136,191,133
151,199,167,136,191,138
151,199,175,136,190,143
151,199,183,137,190,149
151,199,191,137,189,157
151,199,199,137,188,166
151,199,207,137,187,177
151,199,215,136,184,191
151,199,223,136,180,207
151,199,231,134,176,221
151,199,239,132,169,237
151,199,247,130,162,248
151,199,255,127,155,253
151,207,0,114,205,35
151,207,7,115,205,39
151,207,15,117,206,44
151,207,23,119,207,49
151,207,31,121,208,55
151,207,39,123,209,61
151,207,47,125,209,67
151,207,55,127,210,73
151,207,63,129,210,79
151,207,71,130,209,84
151,207,79,131,209,89
151,207,87,132,208,94
151,207,95,132,208,99
151,207,103,133,207,103
151,207,111,133,206,107
151,207,119,134,206,111
151,207,127,134,205,116
151,207,135,135,205,119
151,207,143,135,205,124
151,207,151,135,204,127
151,207,159,136,204,132
151,207,167,136,204,137
151,207,175,136,203,142
151,207,183,137,203,147
151,207,191,137,202,154
151,207,199,138,201,162
151,207,207,138,200,173
151,207,215,138,199,184
151,207,223,137,194,201
151,207,231,136,190,215
151,207,239,134,183,233
151,207,247,132,175,245
151,207,255,130,167,253
151,215,0,112,217,35
151,215,7,113,217,38
151,215,15,115,218,44
151,215,23,117,219,50
151,215,31,119,221,55
151,215,39,121,222,60
151,215,47,124,223,67
151,215,55,125,223,72
151,215,63,127,223,79
151,215,71,128,223,83
151,215,79,130,223,88
151,215,87,131,223,93
151,215,95,132,222,98
151,215,103,132,222,103
151,215,111,133,221,106
151,215,119,133,221,111
151,215,127,134,220,115
151,215,135,134,220,118
151,215,143,135,219,122
151,215,151,135,219,126
151,215,159,135,219,131
151,215,167,136,218,136
151,215,175,136,218,141
151,215,183,137,217,146
151,215,191,137,217,152
151,215,199,138,217,159
151,215,207,138,216,168
151,215,215,138,214,179
151,215,223,138,211,195
151,215,231,138,207,209
151,215,239,136,200,228
151,215,247,135,193,242
151,215,255,133,184,253
151,223,0,109,229,35
151,223,7,110,229,38
151,223,15,112,230,42
151,223,23,114,231,49
151,223,31,117,233,55
151,223,39,119,234,60
151,223,47,122,235,66
151,223,55,123,236,71
151,223,63,126,236,77
151,223,71,127,236,82
151,223,79,128,236,87
151,223,87,130,236,92
151,223,95,130,236,96
151,223,103,131,235,101
151,223,111,132,235,105
151,223,119,132,235,109
151,223,127,133,235,113
151,223,135,134,234,117
151,223,143,134,234,121
151,223,151,134,234,125
151,223,159,135,233,129
151,223,167,135,233,134
151,223,175,136,233,138
151,223,183,136,232,143
151,223,191,137,232,149
151,223,199,137,232,156
151,223,207,138,232,164
151,223,215,138,231,174
151,223,223,138,228,188
151,223,231,138,224,202
151,223,239,138,219,221
151,223,247,137,213,239
151,223,255,135,204,250
151,231,0,107,238,36
151,231,7,108,238,38
151,231,15,109,239,42
151,231,23,112,240,48
151,231,31,115,241,55
151,231,39,117,242,59
151,231,47,119,243,65
151,231,55,122,245,70
151,231,63,123,245,76
151,231,71,125,245,80
151,231,79,127,246,85
151,231,87,128,246,90
151,231,95,129,246,95
151,231,103,130,246,99
151,231,111,131,246,103
151,231,119,131,245,107
151,231,127,132,245,111
151,231,135,132,245,114
151,231,143,133,244,118
151,231,151,133,244,122
151,231,159,134,244,126
151,231,167,134,244,131
151,231,175,135,244,135
151,231,183,135,244,140
151,231,191,136,243,146
151,231,199,136,243,153
151,231,207,137,242,160
151,231,215,137,242,169
151,231,223,138,241,182
151,231,231,138,239,196
151,231,239,138,235,215
151,231,247,137,230,232
151,231,255,137,224,250
151,239,0,104,246,37
151,239,7,105,247,39
151,239,15,107,247,42
151,239,23,109,248,47
151,239,31,111,249,52
151,239,39,114,250,58
151,239,47,116,250,64
151,239,55,119,251,68
151,239,63,121,251,74
151,239,71,122,251,78
151,239,79,124,251,83
151,239,87,126,252,88
151,239,95,127,252,92
151,239,103,128,252,96
151,239,111,129,252,100
151,239,119,130,252,104
151,239,127,130,252,108
151,239,135,131,252,112
151,239,143,131,252,116
151,239,151,132,252,119
151,239,159,132,252,123
151,239,167,133,252,128
151,239,175,133,252,132
151,239,183,133,251,137
151,239,191,134,251,142
151,239,199,134,251,149
151,239,207,135,251,156
151,239,215,136,251,164
151,239,223,136,251,176
151,239,231,137,250,188
151,239,239,137,248,206
151,239,247,137,245,225
151,239,255,138,242,243
151,247,0,102,251,36
151,247,7,103,251,39
151,247,15,105,252,44
151,247,23,107,252,48
151,247,31,109,253,52
151,247,39,111,253,56
151,247,47,114,254,62
151,247,55,116,254,67
151,247,63,118,254,72
151,247,71,120,254,77
151,247,79,122,254,81
151,247,87,123,254,86
151,247,95,125,254,90
151,247,103,126,254,94
151,247,111,126,254,98
151,247,119,127,255,102
151,247,127,128,255,106
151,247,135,129,255,109
151,247,143,129,255,113
151,247,151,130,255,116
151,247,159,130,255,120
151,247,167,131,255,124
151,247,175,131,255,129
151,247,183,132,255,133
151,247,191,132,255,140
151,247,199,132,255,146
151,247,207,133,255,152
151,247,215,133,254,160
151,247,223,134,254,171
151,247,231,135,254,182
151,247,239,135,255,199
151,247,247,136,254,216
151,247,255,137,253,235
151,255,0,100,255,37
151,255,7,101,255,39
151,255,15,102,255,43
151,255,23,104,255,47
151,255,31,106,255,52
151,255,39,108,255,56
151,255,47,111,255,61
151,255,55,113,255,65
151,255,63,116,255,71
151,255,71,117,255,75
151,255,79,120,255,80
151,255,87,121,255,84
151,255,95,123,255,88
151,255,103,124,255,92
151,255,111,125,255,96
151,255,119,126,255,100
151,255,127,126,255,104
151,255,135,127,255,107
151,255,143,127,255,110
151,255,151,128,255,114
151,255,159,128,255,118
151,255,167,129,255,122
151,255,175,129,255,126
151,255,183,129,255,131
151,255,191,130,255,136
151,255,199,130,255,142
151,255,207,131,255,148
151,255,215,131,255,156
151,255,223,132,255,166
151,255,231,132,255,177
151,255,239,133,255,193
151,255,247,134,255,209
151,255,255,135,255,227
159,0,0,130,2,26
159,0,7,132,2,35
159,0,15,132,3,47
159,0,23,133,4,59
159,0,31,132,5,69
159,0,39,132,5,79
159,0,47,132,5,91
159,0,55,131,6,103
159,0,63,131,6,120
159,0,71,130,6,133
159,0,79,129,6,149
159,0,87,128,6,167
159,0,95,126,8,183
159,0,103,124,10,198
159,0,111,122,13,208
159,0,119,120,17,219
159,0,127,118,21,224
159,0,135,116,23,228
159,0,143,114,27,231
159,0,151,112,29,233
159,0,159,110,32,235
159,0,167,107,34,236
159,0,175,105,35,238
159,0,183,103,37,239
159,0,191,101,38,241
159,0,199,99,39,242
159,0,207,98,40,244
159,0,215,96,42,246
159,0,223,94,43,248
159,0,231,92,42,250
159,0,239,90,42,253
159,0,247,88,43,254
159,0,255,86,44,255
159,7,0,129,3,26
159,7,7,131,3,36
159,7,15,132,5,47
159,7,23,132,6,58
159,7,31,132,7,69
159,7,39,131,7,78
159,7,47,131,8,90
159,7,55,131,8,101
159,7,63,130,8,116
159,7,71,130,9,129
159,7,79,129,9,145
159,7,87,128,10,162
159,7,95,126,11,178
159,7,103,125,13,193
159,7,111,123,16,204
159,7,119,121,20,215
159,7,127,119,24,222
159,7,135,117,27,226
159,7,143,114,31,229
159,7,151,113,33,231
159,7,159,110,36,234
159,7,167,108,38,236
159,7,175,106,40,238
159,7,183,104,41,239
159,7,191,102,43,241
159,7,199,100,43,242
159,7,207,99,44,244
159,7,215,97,46,246
159,7,223,95,48,248
159,7,231,93,47,250
159,7,239,91,47,252
159,7,247,89,47,254
159,7,255,87,48,255
159,15,0,128,5,26
159,15,7,130,6,36
159,15,15,131,7,47
159,15,23,131,8,57
159,15,31,131,10,67
159,15,39,131,10,76
159,15,47,131,11,87
159,15,55,130,12,98
159,15,63,130,12,112
159,15,71,130,13,124
159,15,79,129,13,139
159,15,87,128,14,156
159,15,95,127,15,171
159,15,103,125,17,186
159,15,111,124,20,198
159,15,119,121,24,209
159,15,127,119,28,217
159,15,135,118,31,221
159,15,143,115,36,226
159,15,151,114,38,229
159,15,159,111,41,232
159,15,167,109,43,235
159,15,175,107,45,237
159,15,183,105,46,239
159,15,191,103,48,241
159,15,199,102,48,242
159,15,207,100,49,244
159,15,215,98,51,246
159,15,223,96,53,248
159,15,231,95,54,250
159,15,239,92,53,252
159,15,247,91,52,254
159,15,255,89,52,255
159,23,0,127,11,26
159,23,7,129,12,36
159,23,15,130,14,46
159,23,23,130,15,56
159,23,31,130,16,66
159,23,39,130,17,74
159,23,47,130,18,85
159,23,55,130,18,94
159,23,63,129,19,107
159,23,71,129,20,117
159,23,79,129,20,131
159,23,87,128,21,146
159,23,95,127,22,161
159,23,103,126,24,175
159,23,111,125,26,187
159,23,119,123,30,198
159,23,127,121,33,207
159,23,135,119,36,213
159,23,143,117,40,220
159,23,151,115,43,225
159,23,159,113,47,230
159,23,167,111,50,234
159,23,175,109,53,236
159,23,183,107,54,239
159,23,191,105,55,241
159,23,199,103,56,242
159,23,207,102,57,244
159,23,215,100,58,246
159,23,223,98,59,248
159,23,231,97,61,250
159,23,239,95,62,252
159,23,247,93,60,253
159,23,255,91,59,254
159,31,0,126,19,26
159,31,7,128,20,35
159,31,15,128,22,45
159,31,23,129,23,55
159,31,31,129,24,64
159,31,39,129,25,72
159,31,47,130,26,82
159,31,55,130,26,91
159,31,63,129,27,103
159,31,71,129,27,112
159,31,79,129,28,124
159,31,87,128,29,137
159,31,95,127,30,150
159,31,103,126,32,163
159,31,111,125,33,174
159,31,119,124,36,186
159,31,127,122,39,197
159,31,135,121,42,204
159,31,143,119,45,213
159,31,151,117,48,220
159,31,159,115,51,226
159,31,167,113,54,232
159,31,175,111,57,237
159,31,183,109,59,239
159,31,191,107,62,241
159,31,199,105,63,243
159,31,207,103,64,244
159,31,215,102,65,246
159,31,223,100,66,248
159,31,231,99,66,250
159,31,239,97,66,252
159,31,247,95,67,253
159,31,255,93,66,254
159,39,0,125,28,26
159,39,7,127,30,35
159,39,15,128,31,44
159,39,23,128,32,54
159,39,31,129,34,62
159,39,39,129,35,69
159,39,47,129,35,79
159,39,55,129,36,88
159,39,63,129,36,99
159,39,71,129,36,107
159,39,79,129,37,118
159,39,87,128,37,130
159,39,95,128,38,142
159,39,103,127,39,154
159,39,111,126,40,164
159,39,119,125,42,176
159,39,127,123,45,187
159,39,135,122,47,195
159,39,143,120,50,206
159,39,151,119,53,214
159,39,159,117,55,224
159,39,167,115,58,230
159,39,175,113,60,236
159,39,183,111,63,240
159,39,191,109,65,242
159,39,199,107,67,243
159,39,207,106,69,245
159,39,215,104,70,246
159,39,223,102,71,248
159,39,231,101,71,250
159,39,239,99,71,252
159,39,247,97,71,253
159,39,255,96,71,254
159,47,0,125,37,26
159,47,7,126,38,34
159,47,15,127,39,43
159,47,23,128,41,53
159,47,31,128,42,61
159,47,39,128,43,68
159,47,47,128,43,77
159,47,55,129,44,85
159,47,63,129,44,95
159,47,71,129,44,103
159,47,79,128,45,113
159,47,87,128,45,124
159,47,95,128,45,134
159,47,103,127,46,146
159,47,111,127,47,156
159,47,119,126,49,168
159,47,127,125,50,179
159,47,135,123,52,189
159,47,143,122,55,200
159,47,151,120,57,209
159,47,159,118,59,221
159,47,167,117,61,229
159,47,175,115,64,235
159,47,183,113,66,241
159,47,191,111,68,242
159,47,199,109,70,244
159,47,207,107,72,245
159,47,215,106,73,246
159,47,223,104,74,248
159,47,231,103,75,250
159,47,239,101,75,252
159,47,247,99,74,253
159,47,255,98,74,254
159,55,0,125,47,26
159,55,7,126,47,34
159,55,15,127,48,43
159,55,23,127,49,52
159,55,31,128,50,59
159,55,39,128,51,66
159,55,47,128,52,74
159,55,55,128,52,82
159,55,63,128,52,91
159,55,71,128,52,99
159,55,79,128,53,108
159,55,87,128,53,118
159,55,95,128,53,128
159,55,103,127,53,139
159,55,111,127,54,148
159,55,119,126,55,160
159,55,127,126,57,170
159,55,135,125,58,180
159,55,143,123,60,193
159,55,151,122,61,203
159,55,159,120,63,216
159,55,167,118,65,227
159,55,175,117,67,234
159,55,183,115,69,239
159,55,191,113,71,243
159,55,199,111,73,244
159,55,207,109,75,245
159,55,215,108,76,246
159,55,223,106,77,248
159,55,231,105,77,250
159,55,239,103,77,252
159,55,247,101,77,253
159,55,255,100,78,255
159,63,0,125,55,26
159,63,7,126,56,33
159,63,15,127,56,43
159,63,23,127,57,51
159,63,31,128,58,58
159,63,39,128,59,64
159,63,47,128,59,73
159,63,55,128,60,80
159,63,63,128,60,89
159,63,71,128,60,95
159,63,79,128,60,104
159,63,87,128,60,113
159,63,95,128,61,122
159,63,103,127,61,132
159,63,111,127,61,141
159,63,119,127,62,152
159,63,127,126,63,163
159,63,135,126,63,172
159,63,143,125,65,185
159,63,151,123,66,196
159,63,159,122,68,210
159,63,167,120,69,222
159,63,175,118,71,234
159,63,183,117,73,238
159,63,191,115,74,243
159,63,199,113,76,245
159,63,207,111,77,246
159,63,215,110,79,246
159,63,223,108,79,248
159,63,231,106,80,250
159,63,239,104,80,252
159,63,247,103,80,253
159,63,255,101,79,254
159,71,0,125,65,26
159,71,7,126,65,33
159,71,15,127,66,42
159,71,23,128,66,50
159,71,31,128,67,58
159,71,39,128,68,63
159,71,47,128,68,71
159,71,55,128,69,78
159,71,63,128,69,86
159,71,71,128,69,92
159,71,79,128,69,100
159,71,87,128,69,108
159,71,95,128,69,116
159,71,103,128,69,125
159,71,111,128,69,133
159,71,119,127,70,144
159,71,127,127,70,154
159,71,135,127,71,163
159,71,143,126,71,175
159,71,151,125,72,187
159,71,159,124,73,201
159,71,167,122,74,214
159,71,175,120,76,226
159,71,183,119,77,236
159,71,191,117,78,241
159,71,199,115,80,245
159,71,207,113,81,246
159,71,215,112,82,247
159,71,223,110,82,249
159,71,231,108,83,251
159,71,239,106,83,252
159,71,247,105,82,253
159,71,255,103,82,254
159,79,0,126,72,26
159,79,7,126,72,32
159,79,15,127,73,41
159,79,23,128,73,50
159,79,31,128,74,57
159,79,39,128,75,63
159,79,47,128,75,70
159,79,55,128,75,76
159,79,63,128,75,84
159,79,71,128,76,90
159,79,79,128,76,97
159,79,87,128,76,105
159,79,95,128,76,112
159,79,103,128,76,120
159,79,111,128,76,129
159,79,119,128,76,138
159,79,127,128,76,148
159,79,135,128,77,156
159,79,143,127,77,168
159,79,151,126,78,178
159,79,159,125,78,193
159,79,167,124,79,206
159,79,175,122,80,219
159,79,183,120,81,231
159,79,191,118,82,239
159,79,199,117,83,244
159,79,207,115,84,247
159,79,215,113,85,248
159,79,223,111,85,249
159,79,231,110,85,251
159,79,239,108,85,253
159,79,247,106,85,254
159,79,255,105,84,254
159,87,0,126,80,26
159,87,7,127,80,33
159,87,15,128,81,41
159,87,23,129,82,51
159,87,31,129,82,57
159,87,39,129,83,62
159,87,47,128,83,69
159,87,55,128,83,75
159,87,63,128,83,82
159,87,71,129,83,88
159,87,79,129,83,95
159,87,87,129,83,102
159,87,95,129,83,109
159,87,103,129,83,116
159,87,111,129,83,123
159,87,119,129,83,132
159,87,127,128,84,141
159,87,135,128,84,149
159,87,143,128,84,160
159,87,151,127,84,170
159,87,159,127,84,183
159,87,167,125,85,197
159,87,175,124,85,211
159,87,183,122,86,223
159,87,191,120,87,235
159,87,199,119,87,242
159,87,207,117,88,247
159,87,215,115,89,249
159,87,223,113,89,250
159,87,231,112,89,251
159,87,239,110,89,253
159,87,247,108,88,253
159,87,255,107,87,254
159,95,0,127,87,27
159,95,7,128,88,35
159,95,15,128,88,42
159,95,23,129,88,50
159,95,31,129,89,57
159,95,39,129,89,62
159,95,47,129,90,68
159,95,55,129,90,74
159,95,63,129,90,81
159,95,71,129,90,87
159,95,79,129,90,93
159,95,87,129,90,100
159,95,95,129,90,106
159,95,103,129,90,113
159,95,111,129,90,119
159,95,119,129,90,128
159,95,127,129,90,135
159,95,135,129,90,144
159,95,143,129,90,153
159,95,151,129,90,163
159,95,159,128,90,176
159,95,167,127,90,189
159,95,175,126,90,203
159,95,183,124,91,216
159,95,191,122,91,228
159,95,199,120,91,239
159,95,207,118,92,245
159,95,215,117,92,249
159,95,223,115,92,251
159,95,231,113,92,252
159,95,239,111,92,253
159,95,247,110,91,254
159,95,255,108,89,253
159,103,0,128,94,27
159,103,7,128,94,35
159,103,15,129,95,42
159,103,23,129,95,50
159,103,31,130,96,57
159,103,39,130,96,62
159,103,47,130,96,68
159,103,55,130,97,74
159,103,63,130,97,81
159,103,71,130,97,86
159,103,79,130,97,92
159,103,87,130,96,98
159,103,95,130,96,104
159,103,103,130,96,111
159,103,111,130,96,117
159,103,119,130,96,124
159,103,127,130,96,132
159,103,135,130,96,138
159,103,143,130,96,148
159,103,151,130,96,156
159,103,159,129,96,169
159,103,167,129,96,181
159,103,175,127,95,195
159,103,183,126,96,209
159,103,191,124,96,222
159,103,199,122,96,234
159,103,207,120,96,243
159,103,215,118,96,247
159,103,223,116,96,251
159,103,231,115,96,252
159,103,239,113,95,253
159,103,247,112,94,254
159,103,255,110,92,253
159,111,0,128,101,28
159,111,7,129,101,35
159,111,15,129,102,44
159,111,23,130,102,50
159,111,31,130,103,57
159,111,39,130,103,62
159,111,47,131,103,68
159,111,55,131,103,74
159,111,63,131,103,80
159,111,71,131,103,85
159,111,79,131,103,91
159,111,87,131,103,97
159,111,95,131,102,103
159,111,103,131,102,109
159,111,111,131,102,114
159,111,119,131,102,121
159,111,127,131,102,128
159,111,135,131,102,134
159,111,143,131,102,143
159,111,151,131,102,151
159,111,159,131,101,161
159,111,167,130,101,175
159,111,175,129,101,187
159,111,183,128,101,201
159,111,191,126,101,216
159,111,199,124,100,228
159,111,207,122,100,239
159,111,215,120,100,245
159,111,223,118,100,250
159,111,231,117,99,252
159,111,239,115,99,254
159,111,247,113,97,254
159,111,255,112,96,254
159,119,0,128,107,28
159,119,7,129,107,34
159,119,15,130,108,43
159,119,23,130,108,50
159,119,31,131,108,57
159,119,39,131,109,62
159,119,47,131,109,68
159,119,55,132,109,73
159,119,63,132,109,80
159,119,71,132,109,85
159,119,79,132,109,90
159,119,87,132,108,96
159,119,95,132,108,102
159,119,103,132,108,107
159,119,111,131,107,113
159,119,119,131,107,120
159,119,127,131,107,126
159,119,135,131,107,131
159,119,143,131,107,139
159,119,151,131,107,147
159,119,159,131,107,157
159,119,167,131,106,169
159,119,175,130,106,182
159,119,183,129,106,195
159,119,191,128,105,210
159,119,199,126,105,223
159,119,207,124,104,234
159,119,215,122,104,244
159,119,223,120,103,249
159,119,231,118,103,252
159,119,239,116,102,254
159,119,247,115,101,254
159,119,255,113,99,253
159,127,0,128,114,29
159,127,7,129,114,34
159,127,15,130,115,42
159,127,23,131,115,51
159,127,31,131,116,57
159,127,39,132,116,62
159,127,47,132,116,68
159,127,55,132,116,73
159,127,63,133,116,80
159,127,71,133,116,85
159,127,79,133,115,90
159,127,87,133,115,96
159,127,95,133,115,101
159,127,103,133,114,106
159,127,111,132,114,111
159,127,119,132,113,118
159,127,127,132,113,123
159,127,135,132,113,129
159,127,143,132,113,136
159,127,151,132,113,143
159,127,159,132,113,152
159,127,167,132,113,162
159,127,175,132,112,174
159,127,183,131,112,187
159,127,191,129,111,203
159,127,199,127,110,217
159,127,207,126,109,230
159,127,215,124,109,239
159,127,223,122,108,248
159,127,231,120,107,251
159,127,239,118,106,254
159,127,247,116,105,254
159,127,255,114,103,253
159,135,0,128,120,28
159,135,7,129,121,33
159,135,15,129,121,41
159,135,23,131,121,51
159,135,31,131,122,57
159,135,39,132,122,62
159,135,47,132,122,68
159,135,55,133,122,73
159,135,63,133,122,80
159,135,71,134,122,85
159,135,79,134,121,90
159,135,87,134,121,95
159,135,95,133,120,100
159,135,103,133,120,106
159,135,111,133,120,110
159,135,119,133,119,116
159,135,127,133,119,122
159,135,135,133,119,127
159,135,143,133,118,133
159,135,151,133,118,140
159,135,159,133,118,148
159,135,167,133,118,158
159,135,175,133,118,169
159,135,183,132,117,181
159,135,191,131,116,196
159,135,199,129,115,212
159,135,207,127,114,226
159,135,215,125,113,236
159,135,223,123,112,246
159,135,231,121,111,250
159,135,239,119,110,254
159,135,247,117,108,254
159,135,255,115,107,254
159,143,0,128,127,30
159,143,7,128,127,35
159,143,15,129,127,41
159,143,23,130,128,50
159,143,31,132,128,57
159,143,39,132,128,62
159,143,47,133,129,68
159,143,55,134,129,74
159,143,63,134,128,80
159,143,71,134,128,85
159,143,79,134,128,90
159,143,87,135,127,95
159,143,95,134,127,100
159,143,103,134,126,105
159,143,111,134,126,110
159,143,119,134,125,115
159,143,127,134,125,121
159,143,135,134,124,125
159,143,143,134,124,131
159,143,151,134,124,137
159,143,159,134,124,145
159,143,167,134,124,153
159,143,175,134,124,164
159,143,183,134,123,175
159,143,191,132,122,190
159,143,199,131,121,206
159,143,207,129,120,220
159,143,215,127,118,233
159,143,223,125,117,243
159,143,231,123,115,249
159,143,239,121,114,253
159,143,247,119,112,254
159,143,255,116,110,255
159,151,0,127,134,33
159,151,7,128,134,38
159,151,15,129,134,43
159,151,23,130,135,50
159,151,31,131,135,58
159,151,39,132,136,62
159,151,47,133,136,68
159,151,55,134,136,74
159,151,63,135,135,80
159,151,71,135,135,84
159,151,79,135,135,90
159,151,87,135,134,95
159,151,95,135,133,100
159,151,103,135,133,105
159,151,111,135,132,109
159,151,119,135,132,115
159,151,127,135,131,119
159,151,135,135,131,124
159,151,143,135,131,130
159,151,151,135,131,135
159,151,159,135,130,142
159,151,167,135,130,151
159,151,175,135,130,160
159,151,183,135,130,171
159,151,191,134,129,184
159,151,199,133,127,199
159,151,207,131,126,214
159,151,215,129,124,228
159,151,223,127,122,240
159,151,231,125,120,247
159,151,239,123,118,252
159,151,247,121,116,254
159,151,255,118,114,255
159,159,0,127,141,33
159,159,7,128,141,38
159,159,15,129,142,44
159,159,23,130,142,50
159,159,31,131,142,57
159,159,39,132,143,62
159,159,47,133,143,68
159,159,55,134,143,74
159,159,63,135,143,80
159,159,71,135,143,84
159,159,79,136,142,90
159,159,87,136,142,95
159,159,95,136,141,100
159,159,103,136,140,104
159,159,111,136,140,109
159,159,119,136,139,114
159,159,127,136,139,119
159,159,135,136,138,123
159,159,143,136,138,128
159,159,151,136,137,133
159,159,159,136,137,140
159,159,167,136,137,147
159,159,175,136,137,156
159,159,183,136,137,166
159,159,191,135,136,179
159,159,199,134,134,193
159,159,207,133,133,208
159,159,215,131,131,221
159,159,223,129,128,236
159,159,231,127,126,244
159,159,239,124,123,251
159,159,247,123,121,254
159,159,255,121,119,255
159,167,0,126,148,33
159,167,7,127,149,38
159,167,15,128,149,45
159,167,23,129,150,51
159,167,31,131,150,57
159,167,39,132,151,62
159,167,47,133,151,68
159,167,55,134,152,74
159,167,63,135,151,80
159,167,71,136,151,85
159,167,79,136,150,90
159,167,87,136,150,95
159,167,95,136,149,99
159,167,103,136,149,104
159,167,111,136,148,108
159,167,119,136,147,114
159,167,127,137,147,118
159,167,135,137,146,122
159,167,143,137,146,127
159,167,151,137,146,132
159,167,159,137,145,138
159,167,167,137,145,145
159,167,175,137,145,153
159,167,183,137,144,161
159,167,191,137,143,174
159,167,199,136,142,187
159,167,207,135,140,202
159,167,215,133,138,216
159,167,223,131,135,231
159,167,231,129,133,241
159,167,239,126,129,250
159,167,247,124,126,253
159,167,255,122,123,255
159,175,0,125,156,33
159,175,7,126,157,38
159,175,15,127,157,44
159,175,23,129,158,52
159,175,31,130,159,57
159,175,39,132,159,62
159,175,47,133,160,68
159,175,55,134,160,74
159,175,63,135,160,80
159,175,71,136,160,85
159,175,79,136,159,90
159,175,87,137,159,95
159,175,95,137,158,100
159,175,103,137,157,104
159,175,111,137,157,108
159,175,119,137,156,113
159,175,127,137,156,118
159,175,135,137,155,121
159,175,143,137,155,126
159,175,151,138,154,131
159,175,159,138,154,136
159,175,167,138,154,142
159,175,175,138,153,149
159,175,183,138,153,158
159,175,191,138,152,169
159,175,199,137,150,182
159,175,207,136,149,196
159,175,215,135,147,210
159,175,223,133,143,226
159,175,231,131,140,238
159,175,239,128,136,248
159,175,247,126,132,254
159,175,255,123,128,255
159,183,0,124,167,33
159,183,7,124,167,37
159,183,15,126,168,43
159,183,23,128,169,51
159,183,31,129,169,58
159,183,39,131,170,62
159,183,47,132,171,68
159,183,55,134,171,74
159,183,63,135,171,80
159,183,71,136,170,85
159,183,79,137,170,90
159,183,87,137,169,95
159,183,95,137,168,100
159,183,103,138,168,104
159,183,111,138,168,108
159,183,119,138,167,113
159,183,127,138,167,117
159,183,135,138,166,121
159,183,143,139,166,126
159,183,151,139,165,130
159,183,159,139,165,135
159,183,167,139,164,141
159,183,175,139,164,147
159,183,183,140,164,154
159,183,191,139,163,165
159,183,199,139,161,177
159,183,207,138,160,190
159,183,215,137,157,203
159,183,223,135,154,220
159,183,231,133,150,233
159,183,239,131,144,245
159,183,247,128,140,252
159,183,255,126,135,255
159,191,0,122,177,33
159,191,7,123,178,36
159,191,15,124,178,41
159,191,23,126,179,49
159,191,31,128,180,58
159,191,39,130,181,62
159,191,47,132,182,68
159,191,55,133,182,74
159,191,63,135,182,80
159,191,71,135,182,85
159,191,79,136,181,90
159,191,87,137,181,95
159,191,95,137,180,100
159,191,103,138,179,104
159,191,111,138,179,108
159,191,119,138,178,113
159,191,127,139,178,117
159,191,135,139,177,121
159,191,143,139,177,125
159,191,151,139,177,129
159,191,159,140,176,134
159,191,167,140,176,139
159,191,175,140,175,145
159,191,183,141,175,152
159,191,191,141,174,161
159,191,199,140,173,172
159,191,207,140,171,184
159,191,215,139,169,197
159,191,223,138,165,214
159,191,231,136,161,227
159,191,239,133,155,242
159,191,247,131,150,250
159,191,255,129,145,255
159,199,0,121,189,35
159,199,7,122,189,38
159,199,15,123,190,43
159,199,23,125,191,49
159,199,31,127,192,56
159,199,39,129,193,62
159,199,47,131,193,68
159,199,55,132,193,74
159,199,63,134,193,80
159,199,71,135,193,85
159,199,79,136,192,90
159,199,87,137,192,95
159,199,95,137,191,100
159,199,103,138,191,104
159,199,111,138,191,108
159,199,119,138,190,113
159,199,127,139,190,117
159,199,135,139,189,120
159,199,143,139,189,125
159,199,151,140,188,129
159,199,159,140,188,134
159,199,167,140,187,139
159,199,175,141,187,144
159,199,183,141,187,150
159,199,191,141,186,158
159,199,199,141,185,167
159,199,207,141,184,178
159,199,215,141,182,191
159,199,223,140,178,208
159,199,231,138,173,222
159,199,239,136,167,237
159,199,247,133,161,249
159,199,255,130,154,253
159,207,0,119,200,35
159,207,7,120,200,39
159,207,15,121,201,45
159,207,23,123,202,50
159,207,31,125,203,56
159,207,39,127,204,62
159,207,47,129,205,68
159,207,55,131,205,74
159,207,63,133,205,80
159,207,71,134,205,85
159,207,79,135,205,90
159,207,87,136,204,95
159,207,95,137,204,100
159,207,103,137,203,104
159,207,111,138,202,108
159,207,119,138,202,113
159,207,127,139,202,117
159,207,135,139,201,120
159,207,143,139,201,125
159,207,151,140,201,128
159,207,159,140,201,133
159,207,167,140,200,138
159,207,175,141,200,143
159,207,183,142,199,148
159,207,191,142,199,155
159,207,199,142,198,163
159,207,207,142,197,174
159,207,215,142,196,185
159,207,223,141,191,202
159,207,231,140,187,216
159,207,239,138,181,233
159,207,247,136,173,245
159,207,255,133,165,253
159,215,0,116,212,35
159,215,7,117,213,39
159,215,15,119,214,44
159,215,23,121,215,51
159,215,31,123,216,56
159,215,39,126,217,61
159,215,47,128,218,68
159,215,55,130,219,73
159,215,63,132,219,80
159,215,71,133,219,84
159,215,79,134,219,89
159,215,87,135,219,95
159,215,95,136,218,99
159,215,103,137,218,104
159,215,111,137,217,107
159,215,119,138,217,112
159,215,127,138,216,116
159,215,135,139,216,119
159,215,143,139,216,124
159,215,151,140,215,128
159,215,159,140,215,132
159,215,167,140,215,137
159,215,175,141,215,142
159,215,183,141,214,147
159,215,191,142,214,153
159,215,199,142,213,160
159,215,207,143,213,169
159,215,215,143,211,180
159,215,223,143,208,196
159,215,231,142,204,210
159,215,239,141,197,228
159,215,247,139,190,243
159,215,255,136,182,253
159,223,0,113,225,35
159,223,7,114,225,38
159,223,15,116,226,43
159,223,23,119,228,50
159,223,31,121,229,56
159,223,39,123,230,60
159,223,47,126,231,67
159,223,55,128,232,72
159,223,63,130,232,78
159,223,71,132,233,83
159,223,79,133,233,88
159,223,87,134,233,93
159,223,95,135,233,98
159,223,103,136,233,102
159,223,111,137,232,106
159,223,119,137,232,111
159,223,127,138,232,115
159,223,135,138,231,118
159,223,143,139,231,122
159,223,151,139,231,126
159,223,159,139,230,130
159,223,167,140,230,135
159,223,175,140,230,140
159,223,183,141,229,145
159,223,191,141,229,151
159,223,199,142,229,158
159,223,207,143,229,166
159,223,215,143,228,175
159,223,223,143,225,190
159,223,231,143,222,204
159,223,239,143,217,223
159,223,247,141,210,240
159,223,255,139,202,251
159,231,0,111,235,36
159,231,7,112,235,38
159,231,15,113,236,42
159,231,23,116,237,48
159,231,31,119,239,55
159,231,39,121,240,60
159,231,47,123,241,66
159,231,55,126,243,71
159,231,63,128,243,77
159,231,71,130,244,81
159,231,79,131,244,87
159,231,87,132,244,92
159,231,95,134,244,96
159,231,103,135,243,100
159,231,111,135,243,104
159,231,119,136,243,109
159,231,127,137,243,113
159,231,135,137,243,116
159,231,143,138,242,120
159,231,151,138,242,124
159,231,159,139,242,128
159,231,167,139,242,133
159,231,175,139,242,137
159,231,183,140,241,142
159,231,191,140,241,148
159,231,199,141,240,155
159,231,207,141,240,162
159,231,215,142,240,171
159,231,223,143,239,184
159,231,231,143,237,198
159,231,239,142,233,216
159,231,247,142,228,234
159,231,255,141,222,250
159,239,0,108,244,36
159,239,7,109,244,40
159,239,15,110,245,43
159,239,23,113,246,47
159,239,31,115,246,53
159,239,39,118,247,58
159,239,47,121,248,64
159,239,55,123,249,69
159,239,63,126,250,75
159,239,71,127,250,79
159,239,79,129,251,84
159,239,87,131,251,89
159,239,95,132,251,94
159,239,103,133,251,98
159,239,111,134,252,102
159,239,119,135,252,107
159,239,127,135,252,111
159,239,135,136,252,114
159,239,143,136,251,118
159,239,151,137,251,121
159,239,159,137,251,125
159,239,167,138,251,130
159,239,175,138,251,134
159,239,183,138,251,139
159,239,191,139,251,145
159,239,199,139,250,151
159,239,207,140,250,159
159,239,215,140,250,166
159,239,223,141,249,178
159,239,231,142,249,190
159,239,239,142,247,208
159,239,247,142,245,227
159,239,255,142,240,244
159,247,0,105,249,36
159,247,7,106,250,39
159,247,15,108,251,43
159,247,23,110,251,49
159,247,31,112,252,53
159,247,39,115,252,57
159,247,47,118,253,63
159,247,55,120,254,68
159,247,63,123,254,74
159,247,71,125,254,78
159,247,79,126,254,83
159,247,87,128,254,87
159,247,95,129,254,92
159,247,103,130,254,96
159,247,111,131,254,100
159,247,119,132,254,104
159,247,127,133,254,108
159,247,135,134,255,111
159,247,143,134,255,115
159,247,151,135,255,118
159,247,159,135,255,123
159,247,167,136,255,127
159,247,175,136,255,132
159,247,183,137,255,136
159,247,191,137,254,142
159,247,199,137,254,148
159,247,207,138,254,154
159,247,215,138,254,162
159,247,223,139,255,173
159,247,231,140,255,185
159,247,239,141,254,201
159,247,247,141,253,219
159,247,255,141,252,237
159,255,0,104,253,37
159,255,7,104,253,39
159,255,15,106,254,43
159,255,23,108,254,48
159,255,31,110,254,53
159,255,39,112,254,56
159,255,47,115,255,61
159,255,55,117,255,66
159,255,63,120,255,72
159,255,71,122,255,76
159,255,79,124,255,81
159,255,87,126,255,86
159,255,95,127,255,90
159,255,103,129,255,94
159,255,111,129,255,98
159,255,119,130,255,102
159,255,127,131,255,106
159,255,135,132,255,109
159,255,143,132,255,113
159,255,151,133,255,116
159,255,159,133,255,120
159,255,167,134,255,124
159,255,175,134,255,129
159,255,183,134,255,133
159,255,191,135,255,139
159,255,199,135,255,145
159,255,207,136,255,151
159,255,215,136,255,158
159,255,223,137,255,168
159,255,231,138,255,179
159,255,239,139,255,196
159,255,247,140,255,212
159,255,255,141,255,229
167,0,0,135,2,26
167,0,7,137,3,36
167,0,15,138,4,47
167,0,23,138,4,59
167,0,31,138,5,70
167,0,39,138,5,79
167,0,47,138,5,91
167,0,55,137,5,103
167,0,63,137,5,119
167,0,71,136,5,132
167,0,79,135,5,149
167,0,87,134,6,167
167,0,95,132,7,183
167,0,103,130,10,198
167,0,111,129,13,209
167,0,119,126,16,218
167,0,127,124,19,224
167,0,135,121,23,227
167,0,143,119,26,230
167,0,151,117,28,233
167,0,159,114,31,235
167,0,167,112,34,237
167,0,175,110,36,238
167,0,183,107,38,239
167,0,191,105,40,241
167,0,199,103,41,242
167,0,207,101,41,244
167,0,215,99,42,246
167,0,223,97,43,248
167,0,231,95,43,250
167,0,239,93,44,253
167,0,247,91,44,254
167,0,255,89,45,255
167,7,0,134,4,26
167,7,7,136,4,36
167,7,15,137,5,47
167,7,23,137,6,58
167,7,31,137,7,69
167,7,39,137,7,78
167,7,47,137,7,90
167,7,55,137,7,101
167,7,63,136,7,116
167,7,71,136,8,129
167,7,79,135,8,145
167,7,87,134,9,162
167,7,95,133,10,179
167,7,103,131,13,194
167,7,111,129,16,205
167,7,119,126,20,214
167,7,127,124,23,221
167,7,135,122,26,224
167,7,143,120,30,228
167,7,151,118,32,231
167,7,159,115,35,234
167,7,167,113,38,236
167,7,175,110,40,238
167,7,183,108,42,239
167,7,191,106,44,241
167,7,199,104,45,242
167,7,207,102,46,244
167,7,215,100,48,246
167,7,223,98,48,248
167,7,231,96,48,250
167,7,239,94,48,253
167,7,247,92,48,254
167,7,255,91,49,255
167,15,0,133,6,26
167,15,7,135,7,37
167,15,15,136,8,47
167,15,23,137,9,58
167,15,31,137,10,68
167,15,39,137,10,77
167,15,47,137,11,88
167,15,55,136,11,99
167,15,63,136,11,113
167,15,71,136,11,124
167,15,79,135,12,140
167,15,87,134,13,156
167,15,95,133,14,172
167,15,103,131,17,186
167,15,111,130,19,198
167,15,119,127,24,208
167,15,127,125,28,216
167,15,135,123,31,220
167,15,143,121,34,225
167,15,151,119,37,228
167,15,159,116,40,232
167,15,167,114,42,235
167,15,175,111,44,237
167,15,183,109,46,239
167,15,191,107,48,241
167,15,199,105,50,242
167,15,207,103,51,244
167,15,215,101,53,245
167,15,223,99,55,248
167,15,231,98,54,250
167,15,239,95,53,252
167,15,247,94,52,254
167,15,255,92,53,255
167,23,0,132,11,26
167,23,7,134,12,37
167,23,15,135,13,46
167,23,23,135,15,57
167,23,31,135,16,66
167,23,39,136,17,74
167,23,47,136,18,85
167,23,55,136,18,95
167,23,63,136,18,108
167,23,71,135,19,118
167,23,79,135,19,132
167,23,87,134,20,147
167,23,95,133,21,161
167,23,103,132,23,175
167,23,111,130,26,186
167,23,119,128,29,198
167,23,127,126,33,206
167,23,135,124,36,213
167,23,143,122,40,219
167,23,151,120,44,224
167,23,159,118,47,228
167,23,167,115,49,233
167,23,175,113,51,237
167,23,183,111,53,239
167,23,191,108,55,241
167,23,199,106,56,242
167,23,207,105,58,244
167,23,215,103,59,245
167,23,223,101,61,248
167,23,231,99,62,250
167,23,239,97,61,252
167,23,247,96,59,254
167,23,255,94,59,255
167,31,0,131,18,26
167,31,7,133,20,36
167,31,15,134,21,45
167,31,23,134,23,56
167,31,31,135,24,65
167,31,39,135,25,72
167,31,47,135,26,83
167,31,55,135,26,92
167,31,63,135,27,103
167,31,71,135,27,112
167,31,79,135,28,124
167,31,87,134,29,137
167,31,95,133,30,150
167,31,103,132,31,164
167,31,111,131,33,174
167,31,119,129,35,186
167,31,127,127,39,196
167,31,135,126,41,204
167,31,143,124,45,213
167,31,151,122,48,219
167,31,159,119,51,226
167,31,167,117,54,232
167,31,175,115,57,237
167,31,183,113,59,239
167,31,191,110,62,241
167,31,199,108,63,243
167,31,207,106,64,244
167,31,215,105,65,246
167,31,223,103,66,248
167,31,231,101,67,249
167,31,239,99,67,252
167,31,247,98,68,253
167,31,255,96,66,254
167,39,0,130,27,26
167,39,7,131,29,35
167,39,15,133,30,45
167,39,23,133,32,55
167,39,31,134,33,63
167,39,39,134,34,70
167,39,47,134,35,80
167,39,55,135,35,88
167,39,63,135,36,99
167,39,71,135,36,107
167,39,79,134,36,118
167,39,87,134,37,130
167,39,95,134,37,142
167,39,103,133,39,154
167,39,111,132,40,164
167,39,119,130,42,176
167,39,127,129,45,186
167,39,135,127,47,195
167,39,143,125,50,206
167,39,151,123,52,214
167,39,159,121,55,223
167,39,167,119,58,230
167,39,175,117,60,236
167,39,183,114,63,240
167,39,191,112,65,242
167,39,199,110,68,243
167,39,207,108,69,245
167,39,215,107,70,246
167,39,223,105,71,248
167,39,231,103,71,250
167,39,239,101,72,252
167,39,247,100,71,253
167,39,255,99,71,254
167,47,0,129,36,26
167,47,7,131,37,35
167,47,15,132,39,44
167,47,23,133,40,54
167,47,31,133,41,61
167,47,39,133,42,68
167,47,47,134,43,77
167,47,55,134,44,85
167,47,63,134,44,95
167,47,71,134,44,103
167,47,79,134,44,113
167,47,87,134,45,124
167,47,95,133,45,135
167,47,103,133,46,146
167,47,111,132,47,156
167,47,119,131,48,168
167,47,127,130,50,178
167,47,135,129,52,188
167,47,143,127,54,199
167,47,151,125,56,209
167,47,159,123,59,220
167,47,167,121,61,230
167,47,175,119,64,235
167,47,183,116,66,239
167,47,191,114,68,242
167,47,199,112,70,244
167,47,207,110,72,245
167,47,215,109,73,246
167,47,223,107,75,248
167,47,231,105,75,250
167,47,239,103,75,252
167,47,247,102,75,253
167,47,255,101,75,254
167,55,0,129,45,25
167,55,7,130,46,34
167,55,15,132,48,44
167,55,23,132,49,52
167,55,31,133,50,60
167,55,39,133,51,66
167,55,47,133,51,75
167,55,55,133,52,83
167,55,63,134,52,92
167,55,71,134,52,99
167,55,79,134,52,108
167,55,87,133,53,119
167,55,95,133,53,129
167,55,103,133,53,139
167,55,111,132,54,148
167,55,119,132,55,159
167,55,127,131,56,170
167,55,135,130,58,180
167,55,143,128,59,193
167,55,151,127,61,203
167,55,159,125,63,215
167,55,167,123,65,226
167,55,175,121,67,235
167,55,183,119,69,239
167,55,191,116,71,243
167,55,199,114,73,244
167,55,207,112,75,245
167,55,215,111,76,246
167,55,223,109,77,248
167,55,231,107,78,250
167,55,239,105,78,252
167,55,247,104,78,253
167,55,255,103,78,254
167,63,0,129,54,26
167,63,7,130,55,33
167,63,15,132,55,43
167,63,23,132,56,52
167,63,31,132,57,59
167,63,39,133,58,65
167,63,47,133,59,73
167,63,55,133,59,80
167,63,63,133,60,89
167,63,71,133,60,96
167,63,79,133,60,104
167,63,87,133,60,114
167,63,95,133,60,123
167,63,103,133,60,133
167,63,111,133,61,142
167,63,119,132,61,152
167,63,127,132,62,163
167,63,135,131,63,172
167,63,143,130,65,185
167,63,151,128,66,196
167,63,159,127,67,210
167,63,167,125,69,221
167,63,175,123,71,232
167,63,183,121,72,238
167,63,191,118,74,242
167,63,199,116,76,245
167,63,207,114,78,246
167,63,215,113,79,246
167,63,223,111,80,248
167,63,231,109,80,250
167,63,239,107,80,252
167,63,247,106,80,253
167,63,255,104,80,254
167,71,0,130,63,27
167,71,7,131,64,33
167,71,15,132,65,42
167,71,23,132,65,51
167,71,31,133,66,58
167,71,39,133,67,64
167,71,47,133,68,71
167,71,55,133,68,78
167,71,63,133,68,87
167,71,71,133,68,93
167,71,79,133,68,100
167,71,87,133,69,109
167,71,95,133,69,117
167,71,103,133,69,126
167,71,111,133,69,134
167,71,119,132,69,144
167,71,127,132,70,154
167,71,135,132,70,163
167,71,143,131,71,175
167,71,151,130,72,186
167,71,159,128,73,200
167,71,167,127,74,214
167,71,175,125,76,225
167,71,183,123,77,236
167,71,191,121,78,242
167,71,199,118,80,245
167,71,207,116,81,247
167,71,215,115,82,247
167,71,223,113,83,249
167,71,231,111,83,251
167,71,239,109,83,252
167,71,247,107,83,253
167,71,255,106,82,254
167,79,0,130,71,26
167,79,7,131,71,33
167,79,15,132,72,41
167,79,23,133,73,51
167,79,31,133,73,58
167,79,39,133,74,63
167,79,47,133,75,70
167,79,55,133,75,77
167,79,63,133,75,85
167,79,71,133,75,91
167,79,79,133,75,98
167,79,87,133,75,105
167,79,95,133,75,113
167,79,103,133,75,121
167,79,111,133,75,129
167,79,119,133,76,139
167,79,127,133,76,148
167,79,135,133,76,156
167,79,143,132,77,168
167,79,151,131,77,178
167,79,159,130,78,192
167,79,167,128,79,206
167,79,175,126,80,219
167,79,183,124,81,230
167,79,191,122,82,240
167,79,199,120,83,244
167,79,207,118,84,247
167,79,215,116,85,248
167,79,223,114,86,249
167,79,231,112,86,251
167,79,239,111,85,253
167,79,247,109,85,253
167,79,255,107,85,254
167,87,0,131,79,27
167,87,7,132,79,35
167,87,15,132,80,42
167,87,23,133,81,51
167,87,31,133,81,57
167,87,39,133,82,63
167,87,47,133,82,69
167,87,55,133,83,76
167,87,63,133,83,83
167,87,71,134,83,89
167,87,79,134,83,95
167,87,87,134,83,102
167,87,95,134,83,109
167,87,103,133,83,117
167,87,111,133,83,124
167,87,119,133,83,133
167,87,127,133,83,141
167,87,135,133,83,150
167,87,143,133,84,160
167,87,151,132,84,171
167,87,159,132,84,183
167,87,167,130,85,197
167,87,175,129,85,211
167,87,183,127,86,223
167,87,191,124,87,234
167,87,199,122,87,242
167,87,207,120,88,246
167,87,215,118,89,249
167,87,223,116,89,250
167,87,231,114,89,251
167,87,239,112,89,253
167,87,247,111,88,254
167,87,255,109,87,254
167,95,0,131,86,27
167,95,7,132,86,35
167,95,15,133,87,43
167,95,23,133,87,51
167,95,31,134,88,57
167,95,39,134,89,62
167,95,47,134,89,69
167,95,55,134,89,75
167,95,63,134,90,82
167,95,71,134,90,87
167,95,79,134,90,94
167,95,87,134,89,100
167,95,95,134,89,107
167,95,103,134,89,114
167,95,111,134,89,120
167,95,119,134,89,128
167,95,127,134,90,136
167,95,135,134,90,144
167,95,143,134,90,154
167,95,151,133,90,163
167,95,159,133,90,176
167,95,167,132,90,189
167,95,175,130,90,203
167,95,183,129,90,217
167,95,191,126,91,228
167,95,199,124,91,239
167,95,207,122,92,245
167,95,215,120,92,249
167,95,223,117,92,251
167,95,231,116,92,252
167,95,239,114,92,253
167,95,247,112,91,254
167,95,255,111,90,253
167,103,0,132,93,28
167,103,7,133,93,35
167,103,15,133,94,44
167,103,23,134,94,51
167,103,31,134,95,58
167,103,39,134,95,62
167,103,47,135,96,69
167,103,55,135,96,75
167,103,63,135,96,81
167,103,71,135,96,86
167,103,79,135,96,92
167,103,87,135,96,99
167,103,95,135,96,105
167,103,103,135,96,111
167,103,111,135,96,117
167,103,119,135,96,125
167,103,127,135,96,132
167,103,135,135,96,139
167,103,143,135,95,148
167,103,151,134,95,157
167,103,159,134,95,169
167,103,167,133,95,182
167,103,175,132,95,195
167,103,183,130,95,208
167,103,191,128,95,223
167,103,199,126,96,234
167,103,207,124,96,243
167,103,215,122,96,247
167,103,223,119,96,251
167,103,231,117,96,252
167,103,239,116,95,253
167,103,247,114,94,253
167,103,255,112,93,253
167,111,0,132,99,28
167,111,7,133,100,35
167,111,15,134,100,44
167,111,23,134,101,51
167,111,31,135,101,58
167,111,39,135,102,62
167,111,47,135,102,69
167,111,55,136,102,74
167,111,63,136,102,81
167,111,71,136,102,86
167,111,79,136,102,92
167,111,87,135,102,98
167,111,95,135,102,103
167,111,103,135,102,109
167,111,111,135,102,115
167,111,119,135,101,122
167,111,127,135,101,128
167,111,135,135,101,135
167,111,143,135,101,143
167,111,151,135,101,151
167,111,159,135,101,162
167,111,167,134,101,175
167,111,175,133,101,188
167,111,183,132,101,201
167,111,191,130,100,216
167,111,199,128,100,228
167,111,207,126,100,238
167,111,215,123,100,246
167,111,223,121,100,250
167,111,231,119,99,252
167,111,239,117,99,254
167,111,247,116,97,254
167,111,255,114,96,253
167,119,0,133,105,29
167,119,7,133,106,35
167,119,15,134,106,43
167,119,23,135,107,52
167,119,31,135,107,57
167,119,39,136,108,62
167,119,47,136,108,69
167,119,55,136,108,74
167,119,63,136,108,81
167,119,71,136,108,85
167,119,79,136,108,91
167,119,87,136,107,97
167,119,95,136,107,102
167,119,103,136,107,108
167,119,111,136,107,113
167,119,119,136,107,120
167,119,127,136,107,126
167,119,135,136,106,132
167,119,143,136,106,140
167,119,151,136,106,147
167,119,159,136,106,158
167,119,167,136,106,168
167,119,175,135,106,182
167,119,183,134,106,195
167,119,191,132,105,210
167,119,199,130,105,224
167,119,207,127,104,235
167,119,215,125,104,244
167,119,223,123,103,249
167,119,231,121,103,252
167,119,239,119,102,254
167,119,247,117,101,254
167,119,255,115,99,253
167,127,0,133,112,29
167,127,7,133,113,34
167,127,15,134,113,42
167,127,23,135,114,52
167,127,31,136,114,57
167,127,39,136,115,62
167,127,47,137,115,69
167,127,55,137,115,74
167,127,63,137,115,81
167,127,71,137,115,85
167,127,79,137,114,91
167,127,87,137,114,96
167,127,95,137,114,101
167,127,103,137,113,107
167,127,111,137,113,112
167,127,119,136,113,118
167,127,127,136,113,124
167,127,135,136,113,129
167,127,143,137,112,136
167,127,151,137,112,143
167,127,159,137,112,152
167,127,167,136,112,163
167,127,175,136,112,174
167,127,183,135,111,188
167,127,191,134,111,203
167,127,199,131,110,218
167,127,207,129,109,231
167,127,215,127,108,239
167,127,223,125,108,248
167,127,231,123,107,251
167,127,239,120,106,254
167,127,247,119,105,254
167,127,255,117,103,254
167,135,0,133,119,30
167,135,7,133,119,34
167,135,15,134,119,41
167,135,23,135,120,51
167,135,31,136,120,58
167,135,39,136,121,62
167,135,47,137,121,69
167,135,55,138,121,74
167,135,63,138,121,80
167,135,71,138,121,85
167,135,79,138,120,90
167,135,87,138,120,96
167,135,95,138,119,101
167,135,103,138,119,106
167,135,111,138,119,111
167,135,119,137,118,117
167,135,127,137,118,122
167,135,135,137,118,127
167,135,143,137,118,134
167,135,151,137,118,140
167,135,159,138,118,149
167,135,167,138,118,158
167,135,175,137,117,169
167,135,183,136,117,181
167,135,191,135,116,197
167,135,199,133,115,212
167,135,207,131,114,226
167,135,215,129,113,237
167,135,223,126,112,246
167,135,231,124,111,250
167,135,239,122,109,253
167,135,247,120,108,254
167,135,255,118,107,254
167,143,0,133,125,31
167,143,7,133,125,36
167,143,15,134,126,42
167,143,23,135,126,50
167,143,31,136,127,58
167,143,39,137,127,63
167,143,47,138,127,69
167,143,55,138,127,74
167,143,63,139,127,81
167,143,71,139,127,85
167,143,79,139,126,90
167,143,87,139,126,96
167,143,95,139,125,101
167,143,103,139,125,106
167,143,111,138,124,110
167,143,119,138,124,116
167,143,127,138,124,121
167,143,135,138,123,126
167,143,143,138,123,132
167,143,151,138,123,138
167,143,159,138,123,145
167,143,167,139,123,154
167,143,175,138,123,165
167,143,183,138,123,176
167,143,191,137,122,191
167,143,199,135,120,206
167,143,207,133,119,220
167,143,215,131,118,233
167,143,223,128,116,243
167,143,231,126,115,249
167,143,239,124,113,253
167,143,247,122,112,254
167,143,255,119,110,255
167,151,0,132,131,33
167,151,7,133,132,38
167,151,15,134,132,44
167,151,23,135,133,51
167,151,31,136,133,58
167,151,39,137,133,63
167,151,47,138,134,69
167,151,55,139,134,74
167,151,63,139,134,81
167,151,71,139,133,85
167,151,79,140,133,90
167,151,87,140,132,96
167,151,95,140,132,100
167,151,103,139,131,105
167,151,111,139,131,110
167,151,119,139,130,115
167,151,127,139,130,120
167,151,135,139,130,124
167,151,143,139,130,130
167,151,151,139,129,135
167,151,159,139,129,142
167,151,167,140,129,151
167,151,175,140,129,160
167,151,183,139,129,171
167,151,191,138,128,184
167,151,199,137,126,200
167,151,207,135,125,215
167,151,215,133,124,228
167,151,223,130,122,240
167,151,231,128,120,247
167,151,239,126,118,252
167,151,247,124,116,254
167,151,255,121,114,255
167,159,0,131,138,33
167,159,7,132,138,38
167,159,15,133,139,46
167,159,23,134,140,51
167,159,31,136,140,57
167,159,39,137,141,63
167,159,47,138,141,69
167,159,55,139,141,74
167,159,63,140,141,81
167,159,71,140,141,85
167,159,79,140,140,90
167,159,87,140,140,95
167,159,95,140,139,100
167,159,103,140,139,105
167,159,111,140,138,109
167,159,119,140,137,115
167,159,127,140,137,119
167,159,135,140,137,123
167,159,143,140,136,129
167,159,151,140,136,134
167,159,159,140,136,140
167,159,167,140,136,148
167,159,175,141,136,157
167,159,183,140,135,166
167,159,191,140,135,179
167,159,199,138,133,193
167,159,207,137,132,208
167,159,215,135,130,222
167,159,223,132,128,236
167,159,231,130,126,244
167,159,239,127,123,251
167,159,247,126,121,254
167,159,255,123,118,255
167,167,0,130,145,34
167,167,7,131,146,38
167,167,15,133,146,45
167,167,23,134,147,52
167,167,31,135,148,58
167,167,39,137,148,63
167,167,47,138,149,69
167,167,55,139,149,74
167,167,63,140,149,81
167,167,71,140,149,85
167,167,79,140,148,90
167,167,87,141,148,96
167,167,95,141,147,100
167,167,103,141,146,105
167,167,111,141,146,109
167,167,119,141,145,114
167,167,127,141,145,119
167,167,135,141,144,123
167,167,143,141,144,128
167,167,151,141,144,132
167,167,159,141,143,138
167,167,167,141,143,145
167,167,175,142,143,153
167,167,183,142,143,162
167,167,191,141,142,174
167,167,199,140,141,188
167,167,207,139,139,202
167,167,215,137,137,217
167,167,223,134,134,231
167,167,231,132,132,241
167,167,239,129,128,250
167,167,247,127,126,254
167,167,255,124,122,255
167,175,0,130,153,34
167,175,7,130,153,38
167,175,15,132,154,44
167,175,23,133,155,53
167,175,31,135,156,58
167,175,39,136,157,63
167,175,47,138,157,69
167,175,55,139,157,74
167,175,63,140,157,81
167,175,71,140,157,85
167,175,79,141,156,90
167,175,87,141,156,96
167,175,95,141,155,100
167,175,103,141,155,105
167,175,111,141,154,109
167,175,119,141,154,114
167,175,127,142,153,118
167,175,135,142,153,122
167,175,143,142,152,127
167,175,151,142,152,131
167,175,159,142,152,137
167,175,167,142,151,143
167,175,175,143,151,150
167,175,183,143,151,159
167,175,191,143,150,169
167,175,199,142,149,183
167,175,207,141,147,196
167,175,215,139,145,210
167,175,223,136,142,226
167,175,231,134,139,238
167,175,239,131,135,248
167,175,247,129,131,254
167,175,255,126,127,255
167,183,0,128,163,34
167,183,7,129,163,37
167,183,15,130,164,43
167,183,23,132,165,51
167,183,31,134,166,58
167,183,39,135,166,63
167,183,47,137,167,69
167,183,55,138,167,74
167,183,63,140,168,81
167,183,71,140,167,85
167,183,79,141,167,91
167,183,87,141,166,96
167,183,95,142,166,100
167,183,103,142,165,105
167,183,111,142,165,109
167,183,119,142,164,114
167,183,127,143,163,118
167,183,135,143,163,122
167,183,143,143,163,126
167,183,151,143,163,130
167,183,159,143,162,136
167,183,167,143,162,141
167,183,175,144,162,147
167,183,183,144,161,155
167,183,191,144,160,165
167,183,199,143,159,177
167,183,207,143,158,190
167,183,215,141,155,204
167,183,223,139,152,221
167,183,231,137,148,233
167,183,239,134,143,246
167,183,247,131,139,252
167,183,255,129,135,255
167,191,0,127,173,33
167,191,7,128,173,37
167,191,15,129,174,42
167,191,23,131,175,49
167,191,31,133,177,58
167,191,39,134,177,63
167,191,47,136,178,69
167,191,55,138,178,74
167,191,63,139,178,81
167,191,71,140,178,86
167,191,79,141,178,91
167,191,87,142,177,96
167,191,95,142,176,100
167,191,103,142,176,105
167,191,111,142,176,109
167,191,119,143,175,114
167,191,127,143,175,118
167,191,135,143,175,121
167,191,143,143,174,126
167,191,151,144,174,130
167,191,159,144,173,135
167,191,167,144,173,140
167,191,175,145,173,146
167,191,183,145,172,152
167,191,191,145,172,161
167,191,199,145,170,172
167,191,207,144,169,185
167,191,215,144,167,198
167,191,223,142,163,214
167,191,231,140,159,228
167,191,239,136,153,242
167,191,247,134,148,250
167,191,255,131,143,255
167,199,0,125,184,35
167,199,7,126,184,39
167,199,15,128,185,43
167,199,23,129,186,49
167,199,31,132,187,57
167,199,39,133,188,63
167,199,47,135,188,69
167,199,55,137,189,74
167,199,63,139,189,81
167,199,71,140,189,86
167,199,79,140,189,91
167,199,87,141,188,96
167,199,95,142,188,100
167,199,103,142,187,105
167,199,111,143,187,109
167,199,119,143,186,113
167,199,127,143,186,118
167,199,135,144,185,121
167,199,143,144,185,126
167,199,151,144,185,130
167,199,159,144,185,134
167,199,167,145,184,139
167,199,175,145,184,145
167,199,183,146,184,150
167,199,191,146,183,158
167,199,199,146,182,168
167,199,207,146,181,179
167,199,215,145,179,192
167,199,223,144,176,209
167,199,231,142,171,222
167,199,239,139,165,237
167,199,247,137,159,249
167,199,255,133,152,253
167,207,0,124,195,35
167,207,7,125,196,39
167,207,15,126,197,45
167,207,23,128,198,51
167,207,31,130,199,56
167,207,39,132,200,62
167,207,47,134,200,69
167,207,55,136,201,74
167,207,63,138,201,81
167,207,71,139,201,85
167,207,79,140,200,91
167,207,87,141,200,96
167,207,95,142,200,101
167,207,103,142,199,105
167,207,111,142,199,109
167,207,119,143,199,113
167,207,127,143,198,117
167,207,135,144,198,121
167,207,143,144,198,125
167,207,151,144,197,129
167,207,159,145,197,134
167,207,167,145,197,139
167,207,175,146,196,144
167,207,183,146,196,149
167,207,191,146,196,156
167,207,199,147,195,164
167,207,207,147,194,174
167,207,215,147,192,186
167,207,223,146,189,203
167,207,231,144,184,217
167,207,239,142,178,234
167,207,247,140,171,245
167,207,255,136,164,253
167,215,0,121,207,35
167,215,7,122,208,39
167,215,15,124,209,44
167,215,23,126,210,52
167,215,31,128,211,57
167,215,39,130,212,62
167,215,47,133,214,68
167,215,55,135,214,74
167,215,63,137,215,80
167,215,71,138,215,85
167,215,79,139,215,90
167,215,87,140,214,95
167,215,95,141,214,100
167,215,103,142,214,105
167,215,111,142,213,108
167,215,119,143,213,113
167,215,127,143,212,117
167,215,135,144,212,121
167,215,143,144,212,125
167,215,151,144,212,129
167,215,159,145,212,133
167,215,167,145,212,138
167,215,175,145,211,143
167,215,183,146,211,148
167,215,191,147,211,154
167,215,199,147,210,162
167,215,207,148,210,170
167,215,215,148,208,181
167,215,223,147,205,197
167,215,231,147,201,211
167,215,239,145,195,229
167,215,247,143,188,243
167,215,255,139,180,253
167,223,0,118,220,36
167,223,7,119,221,38
167,223,15,121,222,43
167,223,23,123,223,50
167,223,31,126,225,57
167,223,39,128,226,61
167,223,47,130,227,68
167,223,55,133,228,73
167,223,63,135,229,79
167,223,71,136,229,84
167,223,79,138,229,89
167,223,87,139,230,95
167,223,95,140,230,99
167,223,103,141,229,104
167,223,111,141,229,108
167,223,119,142,229,112
167,223,127,142,228,116
167,223,135,143,228,119
167,223,143,143,227,124
167,223,151,144,227,127
167,223,159,144,227,132
167,223,167,145,227,137
167,223,175,145,227,142
167,223,183,146,227,146
167,223,191,146,226,152
167,223,199,147,226,159
167,223,207,147,225,167
167,223,215,148,225,177
167,223,223,148,222,191
167,223,231,148,219,205
167,223,239,147,214,224
167,223,247,145,207,240
167,223,255,143,199,252
167,231,0,115,231,36
167,231,7,116,232,39
167,231,15,117,233,42
167,231,23,120,234,48
167,231,31,123,236,55
167,231,39,125,237,61
167,231,47,128,238,67
167,231,55,130,240,72
167,231,63,133,240,78
167,231,71,134,240,82
167,231,79,136,241,88
167,231,87,137,241,93
167,231,95,138,241,97
167,231,103,139,241,102
167,231,111,140,241,106
167,231,119,141,241,111
167,231,127,142,241,115
167,231,135,142,240,118
167,231,143,143,240,122
167,231,151,143,240,126
167,231,159,143,240,130
167,231,167,144,239,134
167,231,175,144,239,139
167,231,183,145,239,144
167,231,191,145,238,150
167,231,199,146,238,156
167,231,207,147,238,164
167,231,215,147,238,173
167,231,223,148,237,186
167,231,231,148,234,199
167,231,239,147,231,218
167,231,247,147,226,235
167,231,255,145,219,250
167,239,0,112,241,36
167,239,7,113,241,40
167,239,15,115,242,44
167,239,23,117,243,48
167,239,31,120,244,54
167,239,39,122,245,59
167,239,47,125,247,65
167,239,55,127,247,70
167,239,63,130,249,76
167,239,71,132,249,81
167,239,79,134,250,86
167,239,87,136,250,91
167,239,95,137,251,96
167,239,103,138,251,100
167,239,111,139,250,104
167,239,119,140,250,108
167,239,127,140,250,112
167,239,135,141,250,116
167,239,143,141,250,120
167,239,151,142,249,123
167,239,159,142,249,127
167,239,167,143,250,132
167,239,175,143,250,136
167,239,183,144,250,141
167,239,191,144,250,147
167,239,199,144,249,153
167,239,207,145,249,160
167,239,215,145,248,168
167,239,223,146,248,180
167,239,231,147,248,193
167,239,239,147,246,211
167,239,247,147,243,228
167,239,255,146,238,245
167,247,0,109,248,36
167,247,7,110,248,39
167,247,15,111,249,43
167,247,23,114,250,49
167,247,31,116,251,54
167,247,39,119,251,58
167,247,47,122,252,64
167,247,55,124,253,69
167,247,63,127,253,75
167,247,71,129,253,79
167,247,79,131,254,84
167,247,87,133,254,89
167,247,95,134,254,94
167,247,103,135,254,98
167,247,111,136,254,102
167,247,119,138,254,106
167,247,127,138,254,110
167,247,135,139,255,113
167,247,143,140,255,117
167,247,151,140,255,121
167,247,159,141,254,125
167,247,167,141,254,129
167,247,175,141,254,134
167,247,183,142,254,138
167,247,191,142,254,144
167,247,199,142,254,150
167,247,207,143,254,157
167,247,215,144,254,164
167,247,223,145,254,176
167,247,231,145,254,187
167,247,239,146,254,203
167,247,247,146,253,221
167,247,255,147,252,239
167,255,0,107,252,37
167,255,7,108,253,39
167,255,15,109,253,43
167,255,23,111,253,48
167,255,31,114,254,54
167,255,39,116,254,57
167,255,47,119,255,62
167,255,55,121,255,67
167,255,63,124,255,73
167,255,71,126,255,77
167,255,79,128,255,83
167,255,87,130,255,88
167,255,95,132,255,92
167,255,103,133,255,96
167,255,111,134,255,100
167,255,119,135,255,104
167,255,127,136,255,108
167,255,135,137,255,111
167,255,143,137,255,115
167,255,151,138,255,118
167,255,159,138,255,123
167,255,167,139,255,127
167,255,175,139,255,132
167,255,183,140,255,136
167,255,191,140,255,142
167,255,199,140,255,148
167,255,207,141,255,154
167,255,215,141,255,161
167,255,223,142,255,171
167,255,231,143,255,182
167,255,239,144,255,198
167,255,247,145,255,214
167,255,255,146,255,232
175,0,0,140,2,26
175,0,7,142,3,37
175,0,15,143,3,47
175,0,23,143,3,59
175,0,31,144,3,70
175,0,39,144,3,79
175,0,47,144,3,91
175,0,55,143,2,103
175,0,63,143,2,118
175,0,71,142,3,131
175,0,79,142,4,148
175,0,87,141,6,165
175,0,95,139,8,181
175,0,103,137,11,195
175,0,111,135,13,206
175,0,119,132,16,215
175,0,127,129,19,222
175,0,135,127,22,226
175,0,143,124,25,229
175,0,151,122,28,232
175,0,159,119,31,234
175,0,167,117,34,237
175,0,175,114,37,238
175,0,183,112,39,239
175,0,191,109,42,240
175,0,199,107,43,242
175,0,207,105,43,244
175,0,215,103,44,246
175,0,223,100,44,248
175,0,231,98,44,251
175,0,239,96,44,253
175,0,247,95,45,254
175,0,255,93,47,255
175,7,0,139,4,26
175,7,7,141,4,37
175,7,15,142,5,47
175,7,23,143,5,58
175,7,31,143,6,69
175,7,39,143,6,78
175,7,47,143,5,90
175,7,55,143,5,101
175,7,63,143,5,116
175,7,71,142,6,128
175,7,79,142,7,143
175,7,87,140,8,160
175,7,95,139,11,176
175,7,103,137,13,191
175,7,111,135,16,201
175,7,119,133,19,211
175,7,127,130,23,218
175,7,135,128,25,223
175,7,143,125,29,227
175,7,151,123,32,230
175,7,159,120,35,233
175,7,167,117,37,236
175,7,175,115,40,238
175,7,183,112,42,239
175,7,191,110,45,241
175,7,199,107,47,242
175,7,207,105,48,244
175,7,215,104,49,246
175,7,223,101,49,248
175,7,231,100,49,250
175,7,239,97,48,252
175,7,247,96,48,254
175,7,255,94,50,255
175,15,0,138,6,27
175,15,7,140,7,37
175,15,15,141,8,47
175,15,23,142,8,58
175,15,31,142,9,68
175,15,39,143,9,77
175,15,47,143,9,88
175,15,55,143,10,99
175,15,63,142,10,113
175,15,71,142,11,124
175,15,79,141,11,139
175,15,87,140,13,155
175,15,95,139,14,170
175,15,103,137,17,184
175,15,111,136,20,195
175,15,119,133,23,206
175,15,127,131,27,213
175,15,135,129,30,218
175,15,143,126,33,223
175,15,151,124,36,227
175,15,159,121,39,231
175,15,167,118,42,235
175,15,175,115,44,238
175,15,183,113,47,239
175,15,191,111,49,241
175,15,199,108,52,242
175,15,207,106,54,244
175,15,215,105,55,245
175,15,223,102,55,248
175,15,231,101,54,250
175,15,239,99,53,252
175,15,247,97,53,254
175,15,255,95,54,255
175,23,0,136,11,27
175,23,7,138,12,36
175,23,15,140,13,46
175,23,23,141,15,57
175,23,31,141,16,67
175,23,39,141,16,75
175,23,47,142,17,86
175,23,55,142,17,95
175,23,63,142,18,108
175,23,71,142,18,119
175,23,79,141,19,132
175,23,87,140,20,147
175,23,95,139,21,161
175,23,103,138,23,174
175,23,111,136,26,185
175,23,119,134,29,196
175,23,127,132,33,205
175,23,135,130,36,211
175,23,143,127,40,218
175,23,151,125,43,223
175,23,159,122,46,229
175,23,167,120,48,233
175,23,175,117,50,237
175,23,183,115,53,239
175,23,191,112,55,241
175,23,199,110,57,242
175,23,207,108,59,244
175,23,215,106,61,245
175,23,223,104,62,248
175,23,231,103,62,250
175,23,239,101,61,252
175,23,247,99,60,254
175,23,255,97,60,255
175,31,0,135,17,26
175,31,7,137,19,36
175,31,15,139,21,46
175,31,23,140,22,56
175,31,31,140,24,65
175,31,39,140,25,73
175,31,47,141,26,83
175,31,55,141,26,92
175,31,63,141,27,103
175,31,71,141,27,113
175,31,79,141,27,125
175,31,87,140,28,138
175,31,95,139,29,151
175,31,103,138,30,164
175,31,111,137,32,175
175,31,119,135,35,187
175,31,127,133,38,196
175,31,135,131,41,204
175,31,143,129,44,212
175,31,151,126,47,219
175,31,159,124,51,226
175,31,167,121,54,232
175,31,175,119,57,236
175,31,183,116,59,240
175,31,191,114,61,241
175,31,199,112,63,243
175,31,207,110,64,244
175,31,215,108,65,246
175,31,223,106,67,248
175,31,231,104,68,249
175,31,239,102,69,252
175,31,247,101,67,253
175,31,255,100,66,255
175,39,0,134,26,27
175,39,7,136,28,35
175,39,15,138,30,45
175,39,23,139,31,55
175,39,31,139,33,63
175,39,39,140,33,71
175,39,47,140,34,80
175,39,55,140,35,89
175,39,63,140,35,99
175,39,71,140,36,108
175,39,79,140,36,118
175,39,87,140,37,130
175,39,95,139,37,142
175,39,103,138,39,153
175,39,111,138,40,163
175,39,119,136,42,176
175,39,127,134,44,186
175,39,135,132,46,195
175,39,143,130,49,205
175,39,151,128,52,213
175,39,159,126,55,222
175,39,167,123,58,231
175,39,175,121,60,235
175,39,183,118,63,239
175,39,191,116,65,242
175,39,199,114,68,243
175,39,207,111,69,245
175,39,215,110,70,246
175,39,223,108,72,248
175,39,231,106,72,249
175,39,239,105,72,252
175,39,247,103,72,253
175,39,255,102,72,254
175,47,0,134,35,27
175,47,7,135,37,35
175,47,15,137,38,45
175,47,23,138,40,54
175,47,31,138,41,62
175,47,39,139,42,69
175,47,47,139,43,78
175,47,55,139,43,86
175,47,63,140,44,96
175,47,71,140,44,104
175,47,79,140,44,114
175,47,87,140,44,125
175,47,95,139,45,135
175,47,103,139,45,146
175,47,111,138,46,156
175,47,119,137,48,168
175,47,127,135,50,178
175,47,135,134,52,187
175,47,143,132,54,199
175,47,151,130,56,209
175,47,159,128,59,219
175,47,167,125,61,229
175,47,175,123,64,235
175,47,183,120,66,239
175,47,191,118,68,243
175,47,199,116,70,244
175,47,207,113,72,245
175,47,215,112,74,246
175,47,223,110,75,248
175,47,231,108,75,250
175,47,239,106,75,252
175,47,247,105,75,253
175,47,255,104,75,254
175,55,0,134,44,26
175,55,7,135,45,34
175,55,15,136,47,44
175,55,23,137,48,53
175,55,31,138,49,61
175,55,39,138,50,67
175,55,47,138,51,75
175,55,55,139,52,83
175,55,63,139,52,92
175,55,71,139,52,100
175,55,79,139,52,109
175,55,87,139,53,119
175,55,95,139,53,129
175,55,103,139,53,139
175,55,111,138,54,149
175,55,119,137,55,159
175,55,127,136,56,171
175,55,135,135,57,180
175,55,143,133,59,192
175,55,151,132,61,203
175,55,159,130,63,215
175,55,167,127,65,225
175,55,175,125,67,235
175,55,183,123,69,239
175,55,191,120,71,242
175,55,199,118,73,244
175,55,207,116,75,245
175,55,215,114,76,246
175,55,223,112,77,248
175,55,231,110,78,250
175,55,239,108,78,252
175,55,247,107,78,253
175,55,255,106,78,254
175,63,0,134,53,26
175,63,7,135,54,33
175,63,15,136,55,43
175,63,23,137,56,52
175,63,31,137,57,60
175,63,39,138,58,66
175,63,47,138,59,74
175,63,55,138,59,81
175,63,63,139,59,90
175,63,71,139,60,97
175,63,79,139,60,105
175,63,87,139,60,114
175,63,95,139,60,123
175,63,103,138,60,133
175,63,111,138,60,142
175,63,119,138,61,153
175,63,127,137,62,163
175,63,135,136,63,172
175,63,143,135,64,184
175,63,151,133,66,196
175,63,159,131,67,209
175,63,167,129,69,221
175,63,175,127,71,231
175,63,183,125,73,239
175,63,191,122,74,242
175,63,199,120,76,245
175,63,207,118,78,246
175,63,215,116,79,246
175,63,223,113,80,248
175,63,231,112,80,250
175,63,239,110,80,252
175,63,247,108,80,253
175,63,255,107,80,254
175,71,0,134,62,27
175,71,7,135,63,34
175,71,15,136,64,42
175,71,23,137,65,52
175,71,31,137,66,59
175,71,39,138,66,65
175,71,47,138,67,72
175,71,55,138,68,79
175,71,63,138,68,87
175,71,71,138,68,93
175,71,79,139,68,101
175,71,87,138,69,109
175,71,95,138,69,117
175,71,103,138,69,126
175,71,111,138,69,135
175,71,119,138,69,145
175,71,127,138,70,155
175,71,135,137,70,164
175,71,143,136,71,176
175,71,151,135,72,186
175,71,159,133,73,200
175,71,167,132,74,214
175,71,175,129,76,226
175,71,183,127,77,235
175,71,191,124,78,242
175,71,199,122,80,245
175,71,207,120,81,247
175,71,215,118,82,248
175,71,223,115,83,249
175,71,231,114,83,251
175,71,239,112,83,253
175,71,247,110,83,253
175,71,255,109,83,254
175,79,0,134,69,27
175,79,7,136,70,35
175,79,15,136,71,42
175,79,23,137,72,52
175,79,31,137,73,58
175,79,39,138,73,64
175,79,47,138,74,71
175,79,55,138,75,78
175,79,63,138,75,85
175,79,71,139,75,91
175,79,79,139,75,98
175,79,87,139,75,106
175,79,95,138,75,114
175,79,103,138,75,122
175,79,111,138,75,130
175,79,119,138,76,139
175,79,127,138,76,149
175,79,135,138,76,157
175,79,143,137,77,168
175,79,151,136,77,179
175,79,159,135,78,192
175,79,167,133,79,206
175,79,175,131,80,219
175,79,183,129,81,229
175,79,191,126,82,239
175,79,199,124,83,244
175,79,207,121,84,247
175,79,215,119,85,248
175,79,223,117,86,250
175,79,231,115,86,251
175,79,239,113,86,253
175,79,247,111,85,254
175,79,255,110,85,254
175,87,0,135,78,27
175,87,7,136,78,35
175,87,15,137,79,43
175,87,23,138,80,51
175,87,31,138,81,58
175,87,39,138,81,63
175,87,47,138,82,70
175,87,55,138,82,76
175,87,63,139,83,84
175,87,71,139,83,89
175,87,79,139,83,96
175,87,87,139,83,103
175,87,95,139,83,110
175,87,103,139,83,117
175,87,111,139,83,124
175,87,119,138,83,134
175,87,127,138,83,142
175,87,135,138,83,150
175,87,143,138,83,160
175,87,151,137,84,171
175,87,159,136,84,183
175,87,167,135,84,197
175,87,175,133,85,211
175,87,183,131,86,223
175,87,191,128,87,234
175,87,199,126,87,243
175,87,207,123,88,246
175,87,215,121,89,249
175,87,223,119,89,250
175,87,231,117,89,251
175,87,239,115,89,253
175,87,247,113,89,254
175,87,255,112,88,254
175,95,0,135,85,27
175,95,7,136,85,35
175,95,15,137,86,44
175,95,23,138,87,51
175,95,31,138,87,58
175,95,39,138,88,63
175,95,47,139,89,70
175,95,55,139,89,76
175,95,63,139,89,83
175,95,71,139,89,88
175,95,79,139,89,94
175,95,87,139,89,101
175,95,95,139,89,107
175,95,103,139,89,114
175,95,111,139,89,121
175,95,119,139,89,129
175,95,127,139,89,137
175,95,135,139,89,144
175,95,143,138,89,154
175,95,151,138,89,163
175,95,159,137,89,176
175,95,167,137,90,189
175,95,175,135,90,203
175,95,183,133,90,216
175,95,191,130,91,229
175,95,199,128,91,239
175,95,207,125,92,246
175,95,215,123,92,249
175,95,223,120,93,251
175,95,231,119,93,252
175,95,239,116,92,253
175,95,247,115,91,253
175,95,255,113,90,253
175,103,0,136,92,28
175,103,7,137,92,35
175,103,15,138,93,45
175,103,23,138,93,51
175,103,31,139,94,58
175,103,39,139,94,63
175,103,47,139,95,69
175,103,55,140,95,75
175,103,63,140,95,82
175,103,71,140,96,87
175,103,79,140,95,93
175,103,87,140,95,99
175,103,95,139,95,105
175,103,103,139,95,112
175,103,111,139,95,118
175,103,119,139,95,125
175,103,127,139,95,133
175,103,135,139,95,139
175,103,143,139,95,148
175,103,151,139,95,157
175,103,159,139,95,168
175,103,167,138,95,182
175,103,175,137,95,195
175,103,183,135,95,208
175,103,191,133,95,223
175,103,199,130,96,234
175,103,207,127,96,243
175,103,215,125,96,248
175,103,223,122,96,251
175,103,231,120,96,252
175,103,239,118,95,253
175,103,247,117,94,253
175,103,255,115,93,253
175,111,0,137,98,29
175,111,7,137,99,35
175,111,15,138,99,43
175,111,23,139,100,52
175,111,31,139,101,58
175,111,39,140,101,63
175,111,47,140,102,69
175,111,55,140,102,75
175,111,63,140,102,82
175,111,71,140,102,86
175,111,79,140,102,92
175,111,87,140,102,98
175,111,95,140,101,104
175,111,103,140,101,110
175,111,111,140,101,116
175,111,119,140,101,123
175,111,127,140,101,129
175,111,135,140,101,135
175,111,143,140,101,144
175,111,151,140,101,152
175,111,159,140,101,163
175,111,167,139,101,175
175,111,175,138,101,188
175,111,183,137,101,201
175,111,191,134,100,216
175,111,199,132,100,229
175,111,207,129,100,238
175,111,215,127,100,247
175,111,223,124,100,250
175,111,231,122,99,252
175,111,239,120,99,253
175,111,247,118,98,254
175,111,255,117,96,253
175,119,0,137,104,30
175,119,7,138,104,35
175,119,15,138,105,43
175,119,23,139,106,52
175,119,31,140,106,58
175,119,39,140,107,63
175,119,47,141,107,69
175,119,55,141,107,75
175,119,63,141,107,81
175,119,71,141,107,86
175,119,79,141,107,92
175,119,87,141,107,97
175,119,95,141,107,103
175,119,103,141,106,109
175,119,111,141,106,114
175,119,119,140,106,121
175,119,127,140,106,127
175,119,135,140,106,133
175,119,143,141,106,140
175,119,151,141,106,147
175,119,159,140,106,158
175,119,167,140,106,169
175,119,175,139,106,182
175,119,183,138,105,195
175,119,191,136,105,210
175,119,199,134,104,224
175,119,207,131,104,235
175,119,215,129,104,243
175,119,223,126,103,249
175,119,231,124,103,252
175,119,239,121,102,254
175,119,247,120,101,254
175,119,255,118,99,253
175,127,0,137,111,31
175,127,7,138,111,35
175,127,15,139,112,42
175,127,23,140,112,52
175,127,31,140,113,58
175,127,39,141,113,63
175,127,47,141,114,69
175,127,55,142,114,75
175,127,63,142,114,81
175,127,71,142,114,86
175,127,79,142,114,91
175,127,87,142,113,97
175,127,95,142,113,102
175,127,103,141,113,107
175,127,111,141,112,113
175,127,119,141,112,119
175,127,127,141,112,125
175,127,135,141,112,130
175,127,143,141,112,137
175,127,151,141,112,144
175,127,159,141,112,152
175,127,167,141,112,163
175,127,175,141,112,175
175,127,183,139,111,188
175,127,191,138,110,203
175,127,199,135,110,218
175,127,207,133,109,231
175,127,215,131,108,240
175,127,223,128,108,249
175,127,231,126,107,251
175,127,239,123,106,254
175,127,247,121,105,254
175,127,255,119,103,254
175,135,0,137,117,31
175,135,7,138,117,36
175,135,15,139,118,42
175,135,23,140,118,51
175,135,31,140,119,59
175,135,39,141,119,63
175,135,47,142,120,69
175,135,55,142,120,75
175,135,63,143,120,81
175,135,71,143,120,86
175,135,79,143,119,91
175,135,87,143,119,97
175,135,95,142,118,102
175,135,103,142,118,107
175,135,111,142,118,112
175,135,119,142,118,118
175,135,127,142,117,123
175,135,135,142,117,128
175,135,143,142,117,135
175,135,151,142,117,140
175,135,159,142,117,149
175,135,167,142,117,158
175,135,175,142,117,170
175,135,183,141,116,182
175,135,191,139,116,197
175,135,199,137,115,212
175,135,207,135,114,226
175,135,215,132,113,237
175,135,223,130,111,246
175,135,231,127,111,250
175,135,239,125,109,253
175,135,247,123,108,254
175,135,255,120,107,254
175,143,0,137,123,33
175,143,7,138,123,38
175,143,15,139,124,44
175,143,23,140,124,51
175,143,31,141,125,59
175,143,39,141,125,63
175,143,47,142,126,69
175,143,55,143,126,75
175,143,63,143,126,81
175,143,71,143,125,86
175,143,79,143,125,91
175,143,87,143,125,96
175,143,95,143,124,101
175,143,103,143,124,106
175,143,111,143,123,111
175,143,119,142,123,117
175,143,127,142,123,122
175,143,135,142,123,126
175,143,143,142,123,132
175,143,151,143,123,138
175,143,159,143,123,146
175,143,167,143,122,155
175,143,175,143,122,165
175,143,183,142,122,176
175,143,191,141,121,191
175,143,199,139,120,206
175,143,207,137,119,220
175,143,215,134,117,233
175,143,223,132,116,243
175,143,231,129,115,249
175,143,239,127,113,253
175,143,247,124,112,254
175,143,255,122,110,254
175,151,0,137,129,33
175,151,7,138,129,39
175,151,15,139,130,45
175,151,23,140,131,51
175,151,31,141,131,58
175,151,39,142,132,63
175,151,47,143,132,69
175,151,55,143,132,75
175,151,63,144,132,81
175,151,71,144,132,86
175,151,79,144,132,91
175,151,87,144,131,96
175,151,95,144,131,101
175,151,103,144,130,106
175,151,111,144,130,110
175,151,119,143,129,116
175,151,127,143,129,121
175,151,135,143,129,125
175,151,143,143,129,131
175,151,151,143,128,136
175,151,159,144,128,143
175,151,167,144,128,151
175,151,175,144,128,160
175,151,183,143,128,171
175,151,191,143,127,185
175,151,199,141,126,200
175,151,207,139,124,215
175,151,215,136,123,227
175,151,223,134,121,240
175,151,231,131,120,246
175,151,239,128,118,252
175,151,247,127,116,254
175,151,255,124,114,255
175,159,0,136,135,34
175,159,7,137,136,38
175,159,15,138,137,46
175,159,23,139,137,52
175,159,31,140,138,58
175,159,39,142,139,63
175,159,47,143,139,69
175,159,55,143,139,75
175,159,63,144,139,81
175,159,71,145,139,86
175,159,79,145,139,91
175,159,87,145,138,96
175,159,95,145,137,101
175,159,103,145,137,105
175,159,111,144,137,110
175,159,119,144,136,115
175,159,127,144,136,120
175,159,135,144,135,124
175,159,143,144,135,129
175,159,151,144,135,134
175,159,159,145,135,141
175,159,167,145,135,148
175,159,175,145,135,157
175,159,183,145,134,166
175,159,191,144,133,180
175,159,199,143,132,193
175,159,207,141,131,209
175,159,215,139,129,222
175,159,223,136,127,236
175,159,231,133,125,244
175,159,239,130,122,251
175,159,247,128,120,254
175,159,255,125,118,255
175,167,0,135,142,34
175,167,7,136,143,38
175,167,15,137,144,45
175,167,23,139,145,53
175,167,31,140,145,58
175,167,39,141,146,63
175,167,47,142,147,69
175,167,55,144,147,75
175,167,63,144,147,81
175,167,71,145,147,86
175,167,79,145,146,91
175,167,87,145,145,96
175,167,95,145,145,101
175,167,103,145,144,105
175,167,111,145,144,110
175,167,119,145,143,115
175,167,127,145,143,119
175,167,135,145,143,123
175,167,143,145,142,128
175,167,151,145,142,133
175,167,159,146,142,139
175,167,167,146,142,145
175,167,175,146,142,153
175,167,183,146,141,163
175,167,191,145,141,175
175,167,199,144,139,188
175,167,207,143,138,202
175,167,215,141,136,217
175,167,223,138,134,231
175,167,231,135,131,242
175,167,239,132,128,250
175,167,247,130,125,254
175,167,255,127,122,255
175,175,0,134,150,34
175,175,7,135,150,38
175,175,15,136,151,44
175,175,23,138,152,53
175,175,31,140,153,59
175,175,39,141,154,63
175,175,47,142,154,69
175,175,55,144,154,75
175,175,63,145,155,81
175,175,71,145,155,86
175,175,79,145,154,91
175,175,87,146,154,96
175,175,95,146,153,101
175,175,103,146,153,105
175,175,111,146,152,109
175,175,119,146,151,114
175,175,127,146,151,119
175,175,135,146,151,123
175,175,143,146,150,127
175,175,151,146,150,132
175,175,159,147,150,137
175,175,167,147,150,143
175,175,175,147,149,150
175,175,183,147,149,159
175,175,191,147,148,170
175,175,199,146,147,183
175,175,207,145,146,197
175,175,215,143,144,211
175,175,223,140,141,227
175,175,231,137,138,238
175,175,239,134,134,248
175,175,247,132,131,254
175,175,255,128,127,255
175,183,0,133,159,34
175,183,7,134,159,38
175,183,15,135,160,43
175,183,23,137,161,51
175,183,31,139,162,59
175,183,39,140,163,63
175,183,47,142,164,70
175,183,55,143,165,75
175,183,63,144,165,82
175,183,71,145,165,86
175,183,79,146,164,91
175,183,87,146,164,96
175,183,95,146,163,101
175,183,103,147,162,105
175,183,111,147,162,109
175,183,119,147,162,114
175,183,127,147,161,119
175,183,135,147,161,122
175,183,143,147,161,127
175,183,151,147,160,131
175,183,159,148,160,136
175,183,167,148,159,142
175,183,175,148,159,148
175,183,183,148,159,155
175,183,191,148,158,166
175,183,199,148,157,177
175,183,207,147,156,191
175,183,215,145,154,204
175,183,223,143,150,221
175,183,231,140,147,233
175,183,239,137,142,246
175,183,247,135,138,252
175,183,255,131,134,255
175,191,0,132,169,34
175,191,7,133,169,38
175,191,15,134,170,43
175,191,23,136,171,50
175,191,31,138,172,58
175,191,39,139,173,64
175,191,47,141,174,70
175,191,55,143,175,75
175,191,63,144,175,82
175,191,71,145,175,86
175,191,79,146,174,91
175,191,87,146,174,97
175,191,95,146,174,101
175,191,103,147,173,106
175,191,111,147,173,109
175,191,119,147,172,114
175,191,127,147,172,118
175,191,135,148,171,122
175,191,143,148,171,127
175,191,151,148,171,131
175,191,159,148,171,136
175,191,167,149,170,141
175,191,175,149,170,146
175,191,183,149,170,153
175,191,191,150,169,162
175,191,199,149,168,173
175,191,207,149,167,185
175,191,215,148,165,199
175,191,223,146,161,215
175,191,231,143,157,228
175,191,239,140,152,242
175,191,247,137,147,250
175,191,255,134,142,254
175,199,0,130,179,35
175,199,7,131,180,39
175,199,15,133,181,45
175,199,23,134,182,50
175,199,31,136,183,57
175,199,39,138,184,63
175,199,47,140,185,70
175,199,55,142,185,75
175,199,63,143,185,81
175,199,71,144,185,86
175,199,79,145,185,91
175,199,87,146,185,97
175,199,95,146,184,101
175,199,103,147,184,106
175,199,111,147,183,110
175,199,119,147,183,114
175,199,127,148,183,118
175,199,135,148,183,122
175,199,143,148,182,126
175,199,151,148,182,130
175,199,159,149,182,135
175,199,167,149,181,140
175,199,175,150,181,145
175,199,183,150,181,151
175,199,191,150,181,159
175,199,199,150,180,168
175,199,207,150,179,180
175,199,215,150,177,192
175,199,223,148,173,209
175,199,231,146,169,223
175,199,239,143,163,238
175,199,247,140,157,249
175,199,255,136,151,253
175,207,0,129,190,35
175,207,7,130,191,39
175,207,15,131,192,45
175,207,23,133,193,52
175,207,31,135,194,57
175,207,39,137,195,63
175,207,47,139,196,69
175,207,55,141,196,75
175,207,63,143,196,81
175,207,71,144,197,86
175,207,79,145,197,92
175,207,87,145,196,97
175,207,95,146,196,101
175,207,103,147,196,106
175,207,111,147,195,110
175,207,119,148,195,114
175,207,127,148,195,118
175,207,135,148,194,122
175,207,143,149,194,126
175,207,151,149,194,130
175,207,159,149,194,135
175,207,167,150,194,140
175,207,175,150,193,145
175,207,183,150,193,150
175,207,191,151,193,157
175,207,199,151,192,165
175,207,207,152,191,175
175,207,215,151,190,187
175,207,223,150,186,203
175,207,231,149,182,218
175,207,239,146,175,234
175,207,247,143,169,245
175,207,255,139,162,254
175,215,0,126,202,36
175,215,7,127,203,39
175,215,15,129,204,44
175,215,23,131,206,52
175,215,31,133,207,58
175,215,39,135,208,62
175,215,47,138,209,69
175,215,55,139,210,75
175,215,63,141,210,81
175,215,71,143,210,86
175,215,79,144,210,91
175,215,87,145,210,96
175,215,95,146,210,101
175,215,103,146,209,106
175,215,111,147,209,110
175,215,119,147,209,114
175,215,127,148,209,118
175,215,135,148,209,122
175,215,143,148,208,126
175,215,151,149,208,130
175,215,159,149,208,134
175,215,167,150,208,139
175,215,175,150,208,144
175,215,183,151,208,149
175,215,191,151,207,155
175,215,199,152,207,163
175,215,207,152,207,171
175,215,215,152,205,182
175,215,223,152,202,198
175,215,231,151,198,212
175,215,239,149,192,230
175,215,247,146,185,244
175,215,255,143,177,252
175,223,0,123,216,36
175,223,7,124,216,39
175,223,15,126,217,43
175,223,23,128,219,50
175,223,31,131,220,58
175,223,39,133,221,62
175,223,47,135,223,68
175,223,55,138,224,74
175,223,63,140,225,80
175,223,71,141,225,85
175,223,79,142,226,90
175,223,87,144,226,96
175,223,95,145,226,100
175,223,103,145,225,105
175,223,111,146,225,109
175,223,119,147,225,113
175,223,127,147,224,117
175,223,135,148,224,121
175,223,143,148,224,125
175,223,151,149,224,129
175,223,159,149,224,133
175,223,167,150,224,138
175,223,175,150,223,143
175,223,183,150,223,147
175,223,191,151,223,153
175,223,199,152,223,160
175,223,207,152,222,168
175,223,215,153,222,178
175,223,223,153,219,192
175,223,231,153,217,206
175,223,239,151,211,225
175,223,247,150,204,241
175,223,255,147,196,253
175,231,0,120,227,37
175,231,7,121,228,40
175,231,15,122,229,43
175,231,23,125,230,49
175,231,31,128,232,56
175,231,39,130,233,62
175,231,47,133,234,67
175,231,55,135,236,73
175,231,63,138,237,79
175,231,71,139,237,83
175,231,79,141,238,89
175,231,87,142,238,94
175,231,95,143,238,99
175,231,103,144,238,103
175,231,111,145,238,107
175,231,119,146,238,112
175,231,127,147,238,116
175,231,135,147,238,119
175,231,143,148,237,123
175,231,151,148,237,127
175,231,159,148,237,131
175,231,167,149,236,136
175,231,175,149,236,141
175,231,183,150,236,145
175,231,191,150,236,151
175,231,199,151,236,158
175,231,207,152,236,166
175,231,215,152,235,174
175,231,223,153,234,187
175,231,231,153,232,201
175,231,239,153,228,219
175,231,247,151,223,237
175,231,255,149,217,250
175,239,0,116,237,36
175,239,7,118,238,40
175,239,15,119,239,45
175,239,23,121,240,49
175,239,31,124,242,54
175,239,39,127,243,59
175,239,47,130,245,66
175,239,55,132,246,71
175,239,63,135,248,78
175,239,71,137,248,82
175,239,79,139,248,87
175,239,87,140,249,93
175,239,95,142,248,97
175,239,103,143,248,101
175,239,111,144,248,105
175,239,119,145,248,110
175,239,127,145,248,114
175,239,135,146,248,117
175,239,143,146,248,122
175,239,151,147,248,125
175,239,159,147,248,129
175,239,167,148,249,134
175,239,175,148,249,139
175,239,183,149,248,143
175,239,191,149,248,149
175,239,199,149,247,155
175,239,207,150,247,162
175,239,215,151,247,170
175,239,223,152,247,182
175,239,231,152,246,195
175,239,239,152,244,213
175,239,247,152,241,230
175,239,255,151,237,247
175,247,0,113,245,36
175,247,7,114,246,39
175,247,15,116,247,43
175,247,23,118,248,50
175,247,31,121,249,54
175,247,39,123,250,58
175,247,47,126,251,64
175,247,55,129,252,70
175,247,63,132,252,76
175,247,71,134,253,80
175,247,79,136,253,85
175,247,87,138,253,90
175,247,95,139,254,95
175,247,103,141,254,100
175,247,111,142,254,104
175,247,119,143,254,108
175,247,127,144,255,112
175,247,135,144,254,116
175,247,143,145,254,120
175,247,151,145,254,123
175,247,159,146,254,127
175,247,167,146,254,132
175,247,175,146,254,136
175,247,183,147,254,140
175,247,191,147,254,146
175,247,199,148,254,152
175,247,207,148,254,159
175,247,215,149,254,167
175,247,223,150,254,178
175,247,231,150,253,189
175,247,239,151,253,206
175,247,247,151,253,223
175,247,255,152,251,241
175,255,0,111,251,37
175,255,7,112,252,40
175,255,15,113,252,43
175,255,23,115,253,48
175,255,31,118,254,54
175,255,39,120,254,58
175,255,47,123,254,63
175,255,55,125,255,68
175,255,63,128,255,74
175,255,71,130,255,78
175,255,79,133,255,84
175,255,87,135,255,89
175,255,95,137,255,93
175,255,103,138,255,98
175,255,111,139,255,102
175,255,119,140,255,106
175,255,127,142,255,110
175,255,135,142,255,113
175,255,143,143,255,117
175,255,151,143,255,121
175,255,159,144,255,125
175,255,167,144,255,130
175,255,175,145,255,134
175,255,183,145,255,139
175,255,191,145,255,144
175,255,199,146,255,150
175,255,207,146,255,156
175,255,215,147,255,163
175,255,223,148,255,173
175,255,231,149,255,185
175,255,239,150,255,201
175,255,247,150,255,216
175,255,255,151,255,234
183,0,0,146,1,27
183,0,7,147,2,37
183,0,15,149,2,47
183,0,23,150,2,59
183,0,31,150,2,70
183,0,39,151,2,79
183,0,47,151,2,91
183,0,55,151,3,103
183,0,63,151,4,118
183,0,71,150,5,131
183,0,79,150,6,147
183,0,87,148,8,164
183,0,95,147,9,179
183,0,103,145,10,192
183,0,111,142,12,202
183,0,119,139,15,213
183,0,127,136,18,219
183,0,135,134,21,224
183,0,143,131,25,228
183,0,151,128,28,231
183,0,159,125,31,234
183,0,167,122,35,236
183,0,175,119,38,238
183,0,183,116,41,239
183,0,191,114,43,240
183,0,199,111,44,242
183,0,207,109,45,244
183,0,215,107,45,246
183,0,223,105,45,248
183,0,231,103,45,250
183,0,239,101,46,253
183,0,247,99,47,254
183,0,255,98,48,255
183,7,0,145,3,27
183,7,7,147,4,37
183,7,15,148,4,47
183,7,23,149,5,58
183,7,31,150,5,69
183,7,39,150,5,78
183,7,47,150,5,90
183,7,55,150,5,101
183,7,63,150,6,115
183,7,71,150,7,127
183,7,79,149,8,142
183,7,87,148,10,159
183,7,95,147,11,174
183,7,103,145,13,188
183,7,111,143,15,198
183,7,119,140,18,209
183,7,127,137,22,216
183,7,135,134,25,221
183,7,143,131,28,226
183,7,151,129,31,230
183,7,159,126,34,233
183,7,167,123,38,235
183,7,175,120,41,237
183,7,183,117,44,239
183,7,191,114,47,240
183,7,199,112,49,242
183,7,207,110,49,244
183,7,215,108,49,246
183,7,223,106,49,248
183,7,231,104,49,250
183,7,239,102,49,253
183,7,247,100,50,254
183,7,255,99,52,255
183,15,0,144,6,27
183,15,7,146,6,37
183,15,15,147,7,47
183,15,23,148,8,58
183,15,31,149,9,68
183,15,39,149,9,77
183,15,47,150,9,88
183,15,55,150,9,99
183,15,63,150,10,112
183,15,71,149,11,124
183,15,79,149,11,138
183,15,87,148,13,154
183,15,95,147,15,168
183,15,103,145,17,182
183,15,111,143,19,192
183,15,119,140,22,204
183,15,127,138,26,211
183,15,135,135,28,217
183,15,143,132,32,223
183,15,151,130,35,227
183,15,159,127,38,231
183,15,167,124,41,234
183,15,175,121,45,237
183,15,183,118,48,239
183,15,191,115,51,240
183,15,199,112,54,242
183,15,207,111,55,244
183,15,215,109,55,245
183,15,223,107,54,248
183,15,231,105,54,250
183,15,239,103,54,252
183,15,247,101,54,254
183,15,255,100,55,255
183,23,0,142,10,27
183,23,7,144,11,36
183,23,15,146,13,47
183,23,23,147,14,57
183,23,31,148,15,67
183,23,39,148,16,75
183,23,47,149,16,86
183,23,55,149,16,96
183,23,63,149,17,108
183,23,71,149,17,119
183,23,79,148,18,132
183,23,87,148,19,146
183,23,95,147,21,160
183,23,103,145,23,173
183,23,111,143,25,183
183,23,119,141,29,195
183,23,127,138,32,204
183,23,135,136,35,210
183,23,143,133,38,218
183,23,151,131,41,223
183,23,159,128,44,229
183,23,167,125,47,233
183,23,175,122,50,236
183,23,183,119,53,239
183,23,191,117,56,241
183,23,199,114,58,242
183,23,207,112,60,244
183,23,215,110,62,245
183,23,223,108,62,247
183,23,231,106,62,250
183,23,239,104,61,252
183,23,247,103,60,254
183,23,255,102,60,255
183,31,0,140,17,26
183,31,7,142,18,36
183,31,15,144,20,47
183,31,23,146,22,56
183,31,31,146,23,65
183,31,39,147,24,73
183,31,47,147,25,83
183,31,55,148,25,92
183,31,63,148,26,104
183,31,71,148,26,113
183,31,79,148,26,125
183,31,87,148,27,138
183,31,95,147,28,151
183,31,103,145,30,164
183,31,111,144,32,174
183,31,119,142,35,186
183,31,127,140,38,195
183,31,135,137,41,202
183,31,143,135,45,211
183,31,151,132,48,217
183,31,159,129,51,225
183,31,167,127,53,232
183,31,175,124,56,236
183,31,183,121,58,239
183,31,191,118,60,241
183,31,199,116,63,243
183,31,207,113,65,244
183,31,215,112,66,246
183,31,223,109,68,247
183,31,231,108,69,249
183,31,239,106,68,252
183,31,247,105,66,253
183,31,255,104,66,255
183,39,0,140,25,27
183,39,7,141,27,35
183,39,15,144,29,46
183,39,23,145,30,55
183,39,31,145,32,64
183,39,39,146,33,71
183,39,47,146,34,80
183,39,55,147,35,89
183,39,63,147,35,99
183,39,71,147,36,108
183,39,79,147,36,118
183,39,87,147,36,130
183,39,95,146,37,142
183,39,103,146,38,154
183,39,111,144,39,164
183,39,119,143,41,176
183,39,127,141,44,186
183,39,135,139,46,195
183,39,143,136,49,205
183,39,151,134,51,213
183,39,159,131,55,222
183,39,167,128,58,230
183,39,175,126,60,235
183,39,183,123,63,239
183,39,191,120,65,242
183,39,199,118,67,243
183,39,207,115,69,245
183,39,215,113,71,246
183,39,223,112,72,248
183,39,231,110,72,249
183,39,239,108,73,252
183,39,247,107,73,253
183,39,255,106,72,254
183,47,0,139,34,27
183,47,7,141,35,35
183,47,15,142,37,45
183,47,23,144,39,54
183,47,31,144,40,63
183,47,39,145,41,69
183,47,47,146,42,78
183,47,55,146,43,86
183,47,63,147,43,96
183,47,71,147,44,104
183,47,79,147,44,114
183,47,87,147,44,125
183,47,95,146,44,135
183,47,103,146,45,147
183,47,111,145,46,156
183,47,119,143,48,167
183,47,127,142,50,178
183,47,135,140,51,187
183,47,143,138,54,199
183,47,151,136,56,208
183,47,159,133,58,218
183,47,167,131,61,227
183,47,175,128,64,235
183,47,183,125,66,239
183,47,191,122,68,242
183,47,199,120,71,244
183,47,207,117,72,245
183,47,215,115,74,246
183,47,223,113,75,248
183,47,231,112,76,250
183,47,239,110,76,252
183,47,247,109,76,253
183,47,255,108,75,254
183,55,0,139,43,27
183,55,7,140,44,34
183,55,15,142,46,44
183,55,23,143,47,54
183,55,31,144,49,62
183,55,39,144,50,68
183,55,47,145,51,76
183,55,55,145,52,84
183,55,63,146,52,93
183,55,71,146,52,100
183,55,79,146,52,109
183,55,87,146,52,120
183,55,95,146,52,129
183,55,103,145,53,140
183,55,111,145,53,149
183,55,119,144,54,160
183,55,127,143,56,170
183,55,135,141,57,180
183,55,143,140,59,191
183,55,151,138,61,202
183,55,159,135,63,214
183,55,167,133,65,224
183,55,175,130,67,233
183,55,183,127,69,240
183,55,191,125,71,242
183,55,199,122,74,245
183,55,207,119,75,245
183,55,215,117,77,246
183,55,223,115,78,248
183,55,231,113,78,250
183,55,239,112,79,252
183,55,247,111,78,253
183,55,255,109,78,254
183,63,0,139,51,27
183,63,7,141,52,35
183,63,15,142,53,43
183,63,23,143,55,53
183,63,31,143,56,61
183,63,39,144,57,67
183,63,47,144,58,74
183,63,55,145,59,82
183,63,63,145,59,90
183,63,71,145,59,97
183,63,79,146,60,105
183,63,87,145,60,115
183,63,95,145,60,124
183,63,103,145,60,133
183,63,111,145,60,142
183,63,119,144,61,153
183,63,127,143,62,163
183,63,135,142,63,173
183,63,143,141,64,185
183,63,151,139,65,195
183,63,159,137,67,208
183,63,167,135,69,221
183,63,175,132,71,230
183,63,183,129,73,238
183,63,191,127,75,243
183,63,199,124,76,245
183,63,207,121,78,246
183,63,215,119,79,247
183,63,223,117,80,248
183,63,231,115,81,250
183,63,239,113,81,252
183,63,247,112,81,253
183,63,255,111,81,254
183,71,0,139,60,27
183,71,7,141,61,36
183,71,15,142,62,43
183,71,23,143,64,53
183,71,31,143,65,60
183,71,39,144,66,65
183,71,47,144,67,73
183,71,55,144,68,80
183,71,63,145,68,88
183,71,71,145,68,94
183,71,79,145,68,102
183,71,87,145,68,110
183,71,95,145,68,118
183,71,103,145,68,127
183,71,111,145,68,135
183,71,119,144,69,145
183,71,127,144,69,155
183,71,135,143,70,164
183,71,143,142,71,176
183,71,151,141,72,186
183,71,159,139,73,199
183,71,167,137,74,213
183,71,175,135,75,225
183,71,183,132,77,233
183,71,191,129,79,242
183,71,199,126,80,245
183,71,207,124,81,246
183,71,215,121,82,248
183,71,223,119,83,249
183,71,231,117,84,251
183,71,239,115,84,253
183,71,247,114,84,253
183,71,255,112,84,254
183,79,0,140,68,27
183,79,7,141,69,35
183,79,15,142,70,43
183,79,23,143,71,52
183,79,31,143,72,59
183,79,39,144,73,65
183,79,47,144,74,72
183,79,55,144,74,78
183,79,63,145,75,86
183,79,71,145,75,92
183,79,79,145,75,99
183,79,87,145,75,107
183,79,95,145,75,114
183,79,103,145,75,122
183,79,111,145,75,130
183,79,119,144,75,140
183,79,127,144,75,149
183,79,135,144,76,158
183,79,143,143,76,168
183,79,151,142,77,179
183,79,159,141,78,192
183,79,167,139,79,205
183,79,175,136,80,219
183,79,183,134,81,229
183,79,191,131,82,238
183,79,199,128,83,244
183,79,207,126,84,246
183,79,215,123,85,248
183,79,223,121,86,250
183,79,231,119,86,251
183,79,239,117,86,253
183,79,247,115,86,254
183,79,255,114,86,254
183,87,0,140,76,27
183,87,7,141,77,35
183,87,15,142,78,44
183,87,23,143,79,52
183,87,31,143,80,59
183,87,39,144,81,64
183,87,47,144,81,71
183,87,55,144,82,77
183,87,63,145,82,84
183,87,71,145,82,90
183,87,79,145,82,97
183,87,87,145,82,104
183,87,95,145,82,111
183,87,103,145,82,118
183,87,111,145,82,125
183,87,119,145,83,134
183,87,127,144,83,143
183,87,135,144,83,150
183,87,143,144,83,161
183,87,151,143,83,170
183,87,159,142,84,183
183,87,167,141,84,196
183,87,175,139,85,210
183,87,183,136,86,223
183,87,191,133,87,233
183,87,199,130,87,242
183,87,207,128,88,247
183,87,215,125,89,249
183,87,223,122,90,250
183,87,231,120,90,251
183,87,239,118,89,253
183,87,247,117,89,254
183,87,255,115,88,254
183,95,0,141,83,28
183,95,7,141,84,35
183,95,15,143,85,45
183,95,23,143,86,52
183,95,31,144,87,59
183,95,39,144,87,64
183,95,47,144,88,70
183,95,55,145,88,76
183,95,63,145,89,83
183,95,71,145,89,89
183,95,79,145,89,95
183,95,87,145,89,102
183,95,95,145,89,108
183,95,103,145,89,115
183,95,111,145,89,121
183,95,119,145,89,130
183,95,127,145,89,138
183,95,135,145,89,145
183,95,143,144,89,155
183,95,151,144,89,164
183,95,159,143,89,176
183,95,167,142,89,189
183,95,175,140,90,203
183,95,183,138,90,216
183,95,191,135,91,229
183,95,199,132,91,238
183,95,207,129,92,246
183,95,215,127,92,249
183,95,223,124,93,251
183,95,231,122,93,252
183,95,239,120,93,253
183,95,247,118,92,253
183,95,255,116,91,253
183,103,0,141,90,28
183,103,7,142,91,34
183,103,15,143,91,44
183,103,23,144,92,52
183,103,31,144,93,59
183,103,39,145,94,64
183,103,47,145,94,70
183,103,55,145,95,76
183,103,63,145,95,83
183,103,71,146,95,88
183,103,79,146,95,94
183,103,87,146,95,100
183,103,95,145,95,106
183,103,103,145,95,113
183,103,111,145,95,119
183,103,119,145,95,126
183,103,127,145,95,133
183,103,135,145,95,140
183,103,143,145,95,148
183,103,151,145,95,158
183,103,159,144,95,168
183,103,167,143,95,182
183,103,175,142,95,195
183,103,183,140,95,208
183,103,191,137,95,223
183,103,199,135,96,234
183,103,207,131,96,242
183,103,215,129,96,248
183,103,223,126,96,251
183,103,231,124,96,252
183,103,239,122,96,253
183,103,247,120,95,253
183,103,255,118,94,253
183,111,0,142,97,29
183,111,7,142,97,35
183,111,15,143,98,43
183,111,23,144,99,53
183,111,31,145,100,59
183,111,39,145,100,64
183,111,47,146,101,70
183,111,55,146,101,76
183,111,63,146,101,82
183,111,71,146,101,87
183,111,79,146,101,93
183,111,87,146,101,99
183,111,95,146,101,104
183,111,103,146,101,111
183,111,111,146,101,116
183,111,119,146,101,123
183,111,127,146,101,130
183,111,135,146,101,136
183,111,143,146,101,144
183,111,151,146,101,152
183,111,159,145,100,163
183,111,167,145,100,174
183,111,175,143,100,188
183,111,183,142,100,201
183,111,191,139,100,216
183,111,199,137,100,229
183,111,207,134,100,238
183,111,215,131,100,246
183,111,223,128,100,250
183,111,231,125,100,252
183,111,239,123,99,253
183,111,247,122,98,254
183,111,255,120,97,253
183,119,0,142,103,31
183,119,7,143,103,36
183,119,15,144,104,43
183,119,23,145,105,53
183,119,31,145,105,59
183,119,39,146,106,64
183,119,47,146,106,70
183,119,55,146,107,75
183,119,63,147,107,82
183,119,71,147,107,87
183,119,79,147,107,92
183,119,87,147,106,98
183,119,95,147,106,104
183,119,103,146,106,109
183,119,111,146,106,115
183,119,119,146,106,122
183,119,127,146,106,128
183,119,135,146,106,133
183,119,143,146,106,141
183,119,151,146,105,148
183,119,159,146,105,158
183,119,167,145,105,169
183,119,175,145,105,182
183,119,183,143,105,195
183,119,191,141,105,210
183,119,199,138,104,224
183,119,207,136,104,236
183,119,215,133,104,243
183,119,223,130,103,250
183,119,231,127,103,252
183,119,239,125,102,254
183,119,247,123,101,254
183,119,255,121,100,253
183,127,0,143,109,31
183,127,7,143,110,37
183,127,15,144,110,43
183,127,23,145,111,52
183,127,31,145,112,59
183,127,39,146,112,64
183,127,47,147,113,70
183,127,55,147,113,75
183,127,63,148,113,82
183,127,71,148,113,86
183,127,79,148,113,92
183,127,87,147,113,98
183,127,95,147,112,103
183,127,103,147,112,108
183,127,111,147,112,113
183,127,119,146,112,120
183,127,127,146,111,126
183,127,135,146,111,131
183,127,143,147,111,138
183,127,151,147,111,144
183,127,159,147,111,153
183,127,167,146,111,163
183,127,175,146,111,175
183,127,183,145,111,188
183,127,191,143,110,203
183,127,199,140,109,218
183,127,207,138,109,231
183,127,215,135,108,240
183,127,223,132,107,248
183,127,231,129,107,251
183,127,239,127,106,254
183,127,247,124,105,254
183,127,255,122,104,254
183,135,0,143,115,32
183,135,7,143,116,38
183,135,15,144,116,44
183,135,23,145,117,51
183,135,31,146,118,60
183,135,39,147,118,64
183,135,47,147,119,70
183,135,55,148,119,75
183,135,63,148,119,82
183,135,71,148,119,86
183,135,79,148,118,92
183,135,87,148,118,97
183,135,95,148,118,102
183,135,103,148,117,107
183,135,111,147,117,112
183,135,119,147,117,118
183,135,127,147,117,124
183,135,135,147,117,129
183,135,143,147,116,135
183,135,151,147,116,141
183,135,159,147,116,150
183,135,167,147,116,158
183,135,175,147,116,170
183,135,183,146,116,182
183,135,191,144,115,197
183,135,199,142,114,212
183,135,207,140,113,226
183,135,215,137,112,238
183,135,223,134,111,246
183,135,231,131,110,251
183,135,239,128,109,253
183,135,247,126,108,254
183,135,255,123,107,254
183,143,0,143,121,33
183,143,7,143,121,39
183,143,15,144,122,45
183,143,23,145,123,52
183,143,31,146,123,59
183,143,39,147,124,64
183,143,47,148,124,70
183,143,55,148,125,76
183,143,63,149,125,82
183,143,71,149,124,86
183,143,79,149,124,92
183,143,87,149,124,97
183,143,95,149,123,102
183,143,103,148,123,107
183,143,111,148,123,112
183,143,119,148,122,117
183,143,127,148,122,123
183,143,135,148,122,127
183,143,143,148,122,133
183,143,151,148,122,139
183,143,159,148,122,146
183,143,167,148,122,155
183,143,175,148,122,165
183,143,183,147,121,177
183,143,191,146,120,191
183,143,199,144,119,206
183,143,207,142,118,221
183,143,215,139,117,233
183,143,223,136,116,244
183,143,231,133,115,249
183,143,239,130,113,253
183,143,247,128,112,254
183,143,255,125,110,254
183,151,0,142,127,34
183,151,7,143,127,39
183,151,15,144,128,46
183,151,23,145,129,52
183,151,31,146,130,59
183,151,39,147,130,64
183,151,47,148,131,70
183,151,55,149,131,76
183,151,63,149,131,82
183,151,71,149,131,86
183,151,79,150,130,92
183,151,87,150,130,97
183,151,95,149,129,102
183,151,103,149,129,107
183,151,111,149,129,111
183,151,119,149,128,117
183,151,127,148,128,121
183,151,135,148,128,126
183,151,143,148,128,131
183,151,151,149,127,137
183,151,159,149,127,144
183,151,167,149,127,151
183,151,175,149,127,161
183,151,183,149,127,171
183,151,191,148,126,185
183,151,199,146,125,200
183,151,207,143,124,215
183,151,215,141,123,227
183,151,223,138,121,240
183,151,231,135,119,246
183,151,239,132,117,252
183,151,247,130,116,254
183,151,255,127,114,255
183,159,0,142,133,34
183,159,7,142,133,39
183,159,15,143,134,46
183,159,23,145,135,53
183,159,31,146,136,59
183,159,39,147,137,64
183,159,47,148,137,70
183,159,55,149,138,76
183,159,63,150,137,82
183,159,71,150,137,87
183,159,79,150,137,92
183,159,87,150,136,97
183,159,95,150,136,101
183,159,103,150,136,106
183,159,111,150,135,111
183,159,119,149,135,116
183,159,127,149,134,121
183,159,135,149,134,125
183,159,143,149,134,130
183,159,151,150,134,135
183,159,159,150,134,141
183,159,167,150,134,149
183,159,175,150,134,157
183,159,183,150,133,167
183,159,191,149,133,180
183,159,199,148,132,194
183,159,207,145,130,208
183,159,215,143,129,223
183,159,223,140,126,235
183,159,231,137,125,244
183,159,239,134,122,251
183,159,247,131,120,254
183,159,255,128,117,255
183,167,0,141,139,34
183,167,7,142,140,38
183,167,15,143,141,45
183,167,23,145,142,54
183,167,31,146,143,59
183,167,39,147,144,64
183,167,47,148,144,70
183,167,55,149,145,76
183,167,63,150,145,82
183,167,71,150,144,87
183,167,79,151,144,92
183,167,87,151,144,97
183,167,95,151,143,101
183,167,103,151,143,106
183,167,111,151,142,110
183,167,119,150,142,115
183,167,127,150,141,120
183,167,135,150,141,124
183,167,143,150,141,129
183,167,151,150,141,133
183,167,159,151,141,139
183,167,167,151,140,146
183,167,175,151,140,154
183,167,183,151,140,163
183,167,191,151,139,175
183,167,199,149,138,188
183,167,207,148,137,202
183,167,215,145,135,217
183,167,223,142,133,231
183,167,231,139,130,242
183,167,239,136,127,250
183,167,247,133,125,254
183,167,255,130,121,255
183,175,0,140,146,34
183,175,7,141,146,38
183,175,15,142,147,44
183,175,23,144,149,53
183,175,31,145,150,60
183,175,39,146,151,64
183,175,47,148,152,70
183,175,55,149,152,76
183,175,63,150,152,82
183,175,71,151,152,87
183,175,79,151,152,92
183,175,87,151,151,97
183,175,95,151,151,101
183,175,103,151,150,106
183,175,111,151,150,110
183,175,119,151,149,115
183,175,127,151,149,120
183,175,135,151,149,123
183,175,143,151,148,128
183,175,151,151,148,132
183,175,159,152,148,138
183,175,167,152,148,144
183,175,175,152,148,151
183,175,183,152,147,159
183,175,191,152,147,171
183,175,199,151,146,183
183,175,207,150,144,197
183,175,215,148,143,211
183,175,223,145,140,227
183,175,231,142,137,238
183,175,239,138,133,248
183,175,247,135,130,253
183,175,255,132,126,255
183,183,0,139,155,35
183,183,7,140,156,39
183,183,15,141,156,44
183,183,23,143,158,51
183,183,31,145,159,60
183,183,39,146,160,64
183,183,47,148,161,70
183,183,55,149,161,76
183,183,63,150,161,82
183,183,71,151,161,87
183,183,79,151,161,92
183,183,87,152,161,97
183,183,95,152,160,102
183,183,103,152,160,106
183,183,111,152,160,110
183,183,119,152,159,115
183,183,127,152,159,119
183,183,135,152,158,123
183,183,143,152,158,128
183,183,151,153,158,132
183,183,159,153,157,137
183,183,167,153,157,142
183,183,175,153,157,148
183,183,183,154,157,156
183,183,191,153,156,166
183,183,199,153,155,178
183,183,207,152,154,191
183,183,215,151,152,205
183,183,223,148,149,221
183,183,231,145,145,233
183,183,239,141,141,246
183,183,247,138,137,252
183,183,255,135,133,255
183,191,0,138,164,35
183,191,7,139,165,40
183,191,15,140,166,44
183,191,23,142,167,51
183,191,31,144,168,59
183,191,39,145,169,64
183,191,47,147,170,70
183,191,55,148,171,76
183,191,63,150,171,82
183,191,71,151,172,87
183,191,79,151,171,92
183,191,87,152,171,97
183,191,95,152,170,102
183,191,103,152,170,106
183,191,111,153,169,110
183,191,119,153,169,115
183,191,127,153,169,119
183,191,135,153,169,123
183,191,143,153,168,127
183,191,151,153,168,131
183,191,159,154,168,136
183,191,167,154,167,141
183,191,175,154,167,147
183,191,183,155,167,153
183,191,191,155,166,162
183,191,199,154,165,173
183,191,207,154,164,185
183,191,215,153,162,199
183,191,223,150,159,215
183,191,231,148,155,228
183,191,239,144,150,242
183,191,247,141,145,251
183,191,255,137,141,254
183,199,0,136,174,36
183,199,7,137,175,40
183,199,15,139,176,47
183,199,23,140,177,52
183,199,31,142,178,58
183,199,39,144,179,64
183,199,47,146,180,70
183,199,55,148,181,76
183,199,63,149,181,82
183,199,71,150,181,87
183,199,79,151,181,92
183,199,87,152,181,97
183,199,95,152,181,102
183,199,103,152,181,106
183,199,111,153,180,110
183,199,119,153,180,115
183,199,127,153,180,119
183,199,135,153,179,123
183,199,143,154,179,127
183,199,151,154,179,131
183,199,159,154,179,136
183,199,167,155,178,141
183,199,175,155,178,146
183,199,183,155,178,151
183,199,191,156,178,159
183,199,199,156,177,169
183,199,207,155,176,181
183,199,215,155,174,193
183,199,223,153,171,209
183,199,231,151,167,223
183,199,239,147,161,238
183,199,247,144,155,248
183,199,255,140,149,254
183,207,0,135,184,36
183,207,7,136,185,40
183,207,15,137,186,46
183,207,23,139,187,53
183,207,31,141,189,58
183,207,39,143,190,63
183,207,47,145,191,70
183,207,55,147,192,76
183,207,63,148,192,82
183,207,71,149,192,87
183,207,79,150,192,92
183,207,87,151,192,97
183,207,95,152,192,102
183,207,103,152,191,107
183,207,111,153,191,110
183,207,119,153,191,115
183,207,127,153,191,119
183,207,135,154,190,123
183,207,143,154,190,127
183,207,151,154,190,131
183,207,159,155,190,136
183,207,167,155,190,140
183,207,175,155,190,145
183,207,183,156,189,151
183,207,191,156,189,157
183,207,199,157,189,166
183,207,207,157,188,175
183,207,215,156,187,188
183,207,223,155,183,204
183,207,231,154,179,218
183,207,239,151,173,235
183,207,247,147,167,246
183,207,255,143,161,254
183,215,0,132,197,36
183,215,7,133,197,39
183,215,15,135,198,45
183,215,23,137,200,52
183,215,31,139,201,59
183,215,39,141,202,63
183,215,47,143,204,70
183,215,55,145,204,75
183,215,63,147,205,82
183,215,71,148,205,87
183,215,79,150,205,92
183,215,87,151,206,98
183,215,95,151,206,102
183,215,103,152,205,106
183,215,111,152,205,110
183,215,119,153,205,115
183,215,127,153,205,119
183,215,135,154,204,123
183,215,143,154,204,127
183,215,151,154,204,131
183,215,159,155,204,135
183,215,167,155,204,140
183,215,175,156,204,145
183,215,183,156,204,150
183,215,191,157,204,156
183,215,199,157,204,163
183,215,207,158,203,172
183,215,215,158,202,183
183,215,223,157,199,199
183,215,231,156,195,213
183,215,239,154,189,230
183,215,247,151,182,245
183,215,255,147,175,252
183,223,0,130,210,37
183,223,7,131,211,40
183,223,15,132,212,44
183,223,23,134,213,51
183,223,31,137,215,59
183,223,39,139,216,63
183,223,47,141,218,69
183,223,55,143,219,75
183,223,63,145,220,81
183,223,71,147,220,86
183,223,79,148,221,91
183,223,87,149,221,97
183,223,95,150,221,101
183,223,103,151,221,106
183,223,111,152,220,110
183,223,119,153,220,115
183,223,127,153,220,119
183,223,135,154,220,122
183,223,143,154,220,126
183,223,151,154,220,130
183,223,159,155,220,134
183,223,167,155,220,139
183,223,175,156,219,144
183,223,183,156,219,149
183,223,191,157,219,155
183,223,199,157,219,162
183,223,207,158,219,170
183,223,215,158,218,179
183,223,223,158,216,193
183,223,231,158,213,207
183,223,239,157,208,226
183,223,247,154,202,241
183,223,255,151,193,254
183,231,0,126,222,38
183,231,7,127,223,41
183,231,15,129,224,44
183,231,23,131,225,50
183,231,31,133,227,56
183,231,39,136,228,63
183,231,47,139,230,68
183,231,55,141,231,74
183,231,63,143,233,80
183,231,71,145,233,85
183,231,79,147,234,90
183,231,87,148,234,96
183,231,95,149,234,100
183,231,103,150,234,105
183,231,111,151,234,109
183,231,119,152,234,114
183,231,127,152,234,118
183,231,135,153,234,121
183,231,143,153,233,125
183,231,151,154,233,129
183,231,159,154,233,133
183,231,167,155,233,138
183,231,175,155,233,142
183,231,183,156,233,147
183,231,191,156,233,153
183,231,199,157,233,160
183,231,207,157,233,167
183,231,215,158,232,176
183,231,223,159,231,189
183,231,231,159,230,202
183,231,239,158,226,220
183,231,247,157,220,238
183,231,255,154,214,250
183,239,0,122,234,36
183,239,7,123,234,40
183,239,15,125,236,45
183,239,23,127,237,50
183,239,31,130,238,55
183,239,39,132,240,60
183,239,47,135,241,67
183,239,55,138,243,72
183,239,63,141,244,79
183,239,71,143,244,83
183,239,79,144,245,88
183,239,87,146,246,94
183,239,95,147,246,98
183,239,103,149,246,103
183,239,111,150,246,107
183,239,119,151,246,112
183,239,127,151,246,116
183,239,135,152,247,120
183,239,143,153,247,124
183,239,151,153,246,127
183,239,159,153,246,132
183,239,167,154,246,136
183,239,175,154,246,140
183,239,183,155,245,145
183,239,191,155,245,151
183,239,199,155,245,157
183,239,207,156,245,164
183,239,215,157,246,173
183,239,223,158,245,185
183,239,231,158,244,197
183,239,239,158,242,214
183,239,247,158,239,232
183,239,255,157,235,249
183,247,0,118,242,36
183,247,7,119,243,39
183,247,15,121,244,43
183,247,23,124,245,50
183,247,31,126,246,55
183,247,39,128,247,59
183,247,47,132,249,65
183,247,55,135,250,71
183,247,63,137,251,77
183,247,71,140,252,82
183,247,79,142,253,87
183,247,87,144,253,92
183,247,95,146,254,97
183,247,103,147,254,102
183,247,111,148,253,106
183,247,119,149,253,110
183,247,127,150,253,114
183,247,135,150,253,118
183,247,143,151,253,122
183,247,151,151,253,125
183,247,159,152,253,130
183,247,167,152,253,134
183,247,175,153,253,138
183,247,183,153,254,143
183,247,191,154,254,149
183,247,199,154,253,155
183,247,207,154,253,162
183,247,215,155,253,169
183,247,223,156,253,180
183,247,231,157,253,192
183,247,239,158,253,208
183,247,247,158,252,225
183,247,255,157,250,242
183,255,0,116,250,38
183,255,7,117,250,40
183,255,15,118,251,43
183,255,23,120,252,48
183,255,31,123,253,54
183,255,39,125,253,59
183,255,47,128,254,64
183,255,55,131,254,68
183,255,63,134,254,75
183,255,71,136,254,79
183,255,79,139,255,85
183,255,87,141,255,91
183,255,95,143,255,95
183,255,103,144,255,100
183,255,111,145,255,104
183,255,119,147,255,108
183,255,127,148,255,112
183,255,135,148,255,116
183,255,143,149,255,120
183,255,151,150,255,123
183,255,159,150,255,128
183,255,167,151,255,132
183,255,175,151,255,137
183,255,183,151,255,141
183,255,191,152,255,147
183,255,199,152,255,152
183,255,207,153,255,159
183,255,215,153,255,166
183,255,223,155,255,177
183,255,231,155,255,187
183,255,239,156,255,203
183,255,247,157,255,219
183,255,255,157,255,237
191,0,0,151,1,28
191,0,7,153,1,37
191,0,15,155,2,48
191,0,23,156,3,59
191,0,31,157,4,70
191,0,39,158,4,79
191,0,47,159,5,92
191,0,55,159,5,103
191,0,63,159,6,119
191,0,71,159,7,131
191,0,79,158,7,147
191,0,87,157,8,163
191,0,95,155,8,177
191,0,103,153,10,190
191,0,111,150,11,201
191,0,119,147,14,212
191,0,127,144,18,219
191,0,135,141,21,224
191,0,143,137,24,229
191,0,151,134,28,231
191,0,159,131,32,234
191,0,167,128,35,235
191,0,175,125,38,237
191,0,183,121,41,238
191,0,191,119,43,240
191,0,199,116,44,242
191,0,207,114,45,244
191,0,215,112,45,245
191,0,223,109,46,248
191,0,231,107,47,250
191,0,239,105,48,253
191,0,247,104,48,254
191,0,255,104,47,255
191,7,0,151,2,28
191,7,7,152,2,37
191,7,15,154,3,48
191,7,23,155,4,59
191,7,31,156,5,69
191,7,39,157,6,78
191,7,47,158,6,90
191,7,55,158,7,101
191,7,63,158,8,116
191,7,71,158,8,128
191,7,79,157,9,143
191,7,87,156,10,158
191,7,95,155,11,173
191,7,103,153,13,186
191,7,111,150,14,197
191,7,119,147,17,208
191,7,127,144,20,216
191,7,135,141,24,221
191,7,143,138,27,226
191,7,151,135,30,229
191,7,159,132,34,232
191,7,167,128,38,235
191,7,175,125,42,236
191,7,183,122,45,238
191,7,191,119,47,240
191,7,199,117,48,242
191,7,207,114,49,244
191,7,215,112,49,245
191,7,223,110,50,248
191,7,231,108,50,250
191,7,239,106,51,253
191,7,247,105,52,254
191,7,255,104,51,255
191,15,0,150,4,28
191,15,7,151,5,37
191,15,15,153,6,48
191,15,23,155,7,58
191,15,31,155,8,68
191,15,39,156,8,77
191,15,47,156,9,88
191,15,55,157,9,98
191,15,63,157,10,112
191,15,71,157,11,124
191,15,79,157,12,138
191,15,87,156,13,153
191,15,95,155,15,167
191,15,103,153,16,181
191,15,111,151,18,192
191,15,119,147,21,203
191,15,127,145,24,211
191,15,135,142,27,217
191,15,143,139,31,223
191,15,151,136,34,227
191,15,159,132,38,231
191,15,167,129,42,234
191,15,175,126,45,236
191,15,183,123,49,238
191,15,191,120,52,240
191,15,199,117,53,242
191,15,207,115,54,244
191,15,215,113,54,245
191,15,223,111,55,248
191,15,231,109,55,250
191,15,239,108,55,252
191,15,247,106,56,254
191,15,255,105,57,255
191,23,0,148,9,28
191,23,7,150,10,36
191,23,15,152,12,47
191,23,23,153,13,57
191,23,31,154,14,67
191,23,39,155,15,75
191,23,47,156,16,86
191,23,55,156,16,96
191,23,63,156,17,108
191,23,71,156,17,118
191,23,79,156,18,131
191,23,87,155,19,145
191,23,95,154,21,159
191,23,103,153,23,172
191,23,111,151,24,183
191,23,119,148,27,194
191,23,127,145,30,203
191,23,135,143,33,210
191,23,143,140,37,217
191,23,151,137,39,223
191,23,159,134,43,228
191,23,167,131,47,233
191,23,175,127,50,236
191,23,183,124,53,238
191,23,191,121,56,241
191,23,199,119,59,242
191,23,207,116,62,244
191,23,215,114,62,245
191,23,223,112,62,247
191,23,231,111,61,250
191,23,239,109,61,252
191,23,247,108,61,254
191,23,255,107,62,255
191,31,0,146,16,28
191,31,7,148,17,36
191,31,15,151,19,47
191,31,23,152,21,56
191,31,31,153,22,66
191,31,39,154,23,73
191,31,47,155,24,83
191,31,55,155,25,93
191,31,63,155,25,104
191,31,71,156,25,114
191,31,79,155,26,126
191,31,87,155,27,139
191,31,95,154,28,151
191,31,103,153,30,163
191,31,111,151,32,173
191,31,119,149,35,184
191,31,127,146,38,194
191,31,135,144,40,202
191,31,143,141,43,211
191,31,151,138,46,218
191,31,159,135,49,225
191,31,167,132,52,231
191,31,175,129,55,235
191,31,183,126,58,238
191,31,191,123,61,241
191,31,199,120,63,243
191,31,207,118,66,244
191,31,215,116,67,246
191,31,223,114,69,248
191,31,231,112,68,249
191,31,239,111,67,252
191,31,247,110,67,253
191,31,255,109,67,255
191,39,0,145,25,27
191,39,7,147,26,36
191,39,15,149,28,46
191,39,23,150,30,56
191,39,31,151,32,64
191,39,39,152,33,71
191,39,47,153,34,80
191,39,55,154,35,89
191,39,63,154,35,100
191,39,71,155,35,108
191,39,79,155,35,119
191,39,87,154,36,131
191,39,95,154,36,143
191,39,103,153,37,155
191,39,111,151,39,165
191,39,119,149,41,176
191,39,127,147,43,186
191,39,135,145,45,195
191,39,143,142,49,204
191,39,151,140,51,212
191,39,159,137,54,221
191,39,167,134,57,228
191,39,175,131,60,235
191,39,183,128,62,239
191,39,191,125,65,241
191,39,199,122,67,243
191,39,207,120,69,245
191,39,215,118,71,246
191,39,223,116,72,248
191,39,231,114,73,250
191,39,239,113,73,252
191,39,247,112,72,253
191,39,255,111,72,254
191,47,0,145,33,27
191,47,7,147,34,36
191,47,15,148,36,45
191,47,23,150,38,55
191,47,31,151,40,63
191,47,39,151,41,70
191,47,47,152,42,78
191,47,55,153,43,86
191,47,63,153,43,96
191,47,71,154,43,104
191,47,79,154,44,114
191,47,87,154,44,125
191,47,95,153,44,136
191,47,103,153,45,147
191,47,111,152,46,157
191,47,119,150,47,168
191,47,127,148,49,179
191,47,135,146,51,188
191,47,143,144,53,198
191,47,151,142,55,207
191,47,159,139,58,218
191,47,167,136,61,226
191,47,175,133,63,233
191,47,183,130,66,239
191,47,191,127,68,242
191,47,199,124,71,244
191,47,207,122,72,245
191,47,215,119,74,246
191,47,223,117,75,248
191,47,231,116,76,250
191,47,239,114,76,252
191,47,247,113,76,253
191,47,255,112,76,254
191,55,0,144,42,27
191,55,7,146,43,36
191,55,15,147,45,44
191,55,23,149,47,54
191,55,31,150,48,62
191,55,39,151,49,68
191,55,47,151,50,76
191,55,55,152,51,84
191,55,63,153,51,93
191,55,71,153,52,101
191,55,79,153,52,110
191,55,87,153,52,120
191,55,95,153,52,130
191,55,103,153,52,140
191,55,111,152,53,149
191,55,119,151,54,161
191,55,127,149,55,170
191,55,135,148,57,180
191,55,143,146,59,191
191,55,151,144,60,201
191,55,159,141,62,213
191,55,167,138,65,224
191,55,175,135,67,231
191,55,183,132,69,238
191,55,191,129,71,242
191,55,199,126,74,244
191,55,207,124,75,246
191,55,215,121,77,247
191,55,223,119,78,248
191,55,231,118,79,250
191,55,239,116,79,252
191,55,247,115,79,253
191,55,255,114,78,254
191,63,0,144,49,27
191,63,7,146,51,37
191,63,15,147,52,44
191,63,23,149,54,54
191,63,31,149,56,61
191,63,39,150,57,67
191,63,47,151,58,75
191,63,55,151,59,82
191,63,63,152,59,91
191,63,71,152,59,98
191,63,79,152,60,106
191,63,87,152,60,115
191,63,95,152,60,124
191,63,103,152,60,134
191,63,111,152,60,143
191,63,119,151,60,153
191,63,127,150,61,164
191,63,135,149,62,172
191,63,143,147,64,184
191,63,151,146,65,194
191,63,159,143,67,207
191,63,167,140,69,220
191,63,175,138,71,230
191,63,183,135,72,237
191,63,191,131,75,243
191,63,199,128,76,244
191,63,207,126,78,246
191,63,215,123,79,247
191,63,223,121,81,249
191,63,231,119,81,250
191,63,239,117,81,252
191,63,247,116,81,253
191,63,255,115,81,254
191,71,0,145,59,27
191,71,7,146,60,36
191,71,15,147,61,44
191,71,23,148,63,53
191,71,31,149,64,60
191,71,39,150,65,66
191,71,47,150,66,73
191,71,55,151,67,80
191,71,63,151,68,88
191,71,71,152,68,95
191,71,79,152,68,102
191,71,87,152,68,111
191,71,95,152,68,119
191,71,103,152,68,128
191,71,111,151,68,136
191,71,119,151,69,146
191,71,127,150,69,155
191,71,135,150,70,164
191,71,143,149,71,175
191,71,151,147,71,186
191,71,159,145,73,198
191,71,167,143,74,211
191,71,175,140,75,224
191,71,183,137,77,233
191,71,191,134,79,240
191,71,199,131,80,245
191,71,207,128,82,246
191,71,215,125,83,248
191,71,223,123,83,249
191,71,231,121,84,251
191,71,239,119,84,253
191,71,247,118,84,254
191,71,255,117,84,254
191,79,0,145,66,27
191,79,7,146,67,35
191,79,15,148,68,45
191,79,23,148,70,53
191,79,31,149,71,60
191,79,39,150,72,65
191,79,47,150,73,72
191,79,55,151,74,79
191,79,63,151,74,87
191,79,71,151,75,93
191,79,79,151,75,100
191,79,87,152,75,107
191,79,95,152,75,115
191,79,103,151,75,123
191,79,111,151,75,131
191,79,119,151,75,141
191,79,127,151,75,150
191,79,135,150,76,158
191,79,143,149,76,169
191,79,151,148,77,179
191,79,159,147,78,192
191,79,167,145,79,205
191,79,175,142,80,218
191,79,183,139,81,230
191,79,191,136,82,237
191,79,199,133,83,244
191,79,207,130,85,247
191,79,215,127,86,248
191,79,223,125,86,250
191,79,231,122,87,251
191,79,239,120,87,253
191,79,247,119,87,254
191,79,255,118,86,254
191,87,0,145,75,27
191,87,7,146,75,35
191,87,15,148,77,45
191,87,23,149,78,52
191,87,31,149,79,60
191,87,39,150,80,65
191,87,47,150,81,72
191,87,55,151,81,78
191,87,63,151,82,85
191,87,71,151,82,91
191,87,79,151,82,97
191,87,87,151,82,104
191,87,95,151,82,111
191,87,103,151,82,119
191,87,111,151,82,126
191,87,119,151,82,135
191,87,127,151,83,143
191,87,135,150,83,151
191,87,143,150,83,162
191,87,151,149,83,170
191,87,159,148,84,183
191,87,167,147,84,196
191,87,175,144,85,209
191,87,183,142,86,222
191,87,191,138,87,234
191,87,199,135,88,241
191,87,207,132,88,247
191,87,215,129,89,249
191,87,223,126,90,250
191,87,231,124,90,251
191,87,239,122,90,253
191,87,247,120,89,253
191,87,255,118,89,254
191,95,0,146,82,28
191,95,7,147,82,35
191,95,15,148,83,44
191,95,23,149,85,53
191,95,31,149,86,59
191,95,39,150,87,65
191,95,47,150,87,71
191,95,55,151,88,77
191,95,63,151,88,84
191,95,71,151,89,89
191,95,79,151,89,96
191,95,87,151,89,102
191,95,95,151,88,109
191,95,103,151,88,116
191,95,111,151,88,122
191,95,119,151,88,130
191,95,127,151,89,138
191,95,135,151,89,146
191,95,143,151,89,155
191,95,151,150,89,164
191,95,159,149,89,175
191,95,167,148,89,189
191,95,175,146,90,202
191,95,183,144,90,215
191,95,191,141,91,229
191,95,199,137,91,238
191,95,207,134,92,245
191,95,215,131,92,249
191,95,223,128,93,251
191,95,231,126,93,252
191,95,239,124,93,253
191,95,247,122,92,253
191,95,255,120,92,253
191,103,0,146,89,28
191,103,7,147,89,34
191,103,15,148,90,43
191,103,23,149,91,53
191,103,31,150,92,59
191,103,39,150,93,64
191,103,47,151,94,71
191,103,55,151,94,77
191,103,63,152,95,83
191,103,71,152,95,88
191,103,79,152,95,94
191,103,87,152,95,101
191,103,95,152,95,107
191,103,103,151,94,113
191,103,111,151,94,119
191,103,119,151,95,127
191,103,127,151,95,134
191,103,135,151,95,140
191,103,143,151,95,150
191,103,151,151,95,158
191,103,159,150,95,169
191,103,167,149,95,181
191,103,175,148,95,195
191,103,183,146,95,208
191,103,191,143,95,222
191,103,199,139,96,234
191,103,207,136,96,242
191,103,215,133,96,249
191,103,223,130,96,251
191,103,231,128,96,252
191,103,239,125,96,253
191,103,247,123,95,254
191,103,255,121,94,253
191,111,0,147,96,30
191,111,7,148,96,35
191,111,15,149,97,43
191,111,23,150,98,54
191,111,31,150,99,59
191,111,39,151,100,64
191,111,47,151,100,71
191,111,55,152,101,76
191,111,63,152,101,83
191,111,71,152,101,88
191,111,79,152,101,94
191,111,87,152,101,100
191,111,95,152,100,105
191,111,103,152,100,111
191,111,111,152,100,117
191,111,119,152,100,124
191,111,127,151,100,131
191,111,135,151,100,137
191,111,143,151,100,145
191,111,151,151,100,153
191,111,159,151,100,163
191,111,167,150,100,175
191,111,175,149,100,187
191,111,183,147,100,201
191,111,191,145,100,215
191,111,199,142,100,229
191,111,207,138,100,239
191,111,215,135,100,245
191,111,223,132,100,251
191,111,231,129,100,252
191,111,239,127,99,254
191,111,247,125,99,254
191,111,255,123,98,253
191,119,0,148,101,32
191,119,7,148,102,37
191,119,15,149,102,43
191,119,23,150,103,53
191,119,31,151,104,60
191,119,39,151,105,64
191,119,47,152,106,71
191,119,55,152,106,76
191,119,63,153,106,83
191,119,71,153,106,87
191,119,79,153,106,93
191,119,87,153,106,99
191,119,95,152,106,104
191,119,103,152,105,110
191,119,111,152,105,115
191,119,119,152,105,122
191,119,127,152,105,129
191,119,135,152,105,134
191,119,143,152,105,141
191,119,151,152,105,149
191,119,159,152,105,158
191,119,167,151,105,170
191,119,175,150,105,181
191,119,183,149,105,195
191,119,191,146,105,210
191,119,199,143,104,223
191,119,207,140,104,236
191,119,215,137,104,243
191,119,223,133,103,250
191,119,231,131,103,252
191,119,239,128,102,254
191,119,247,126,101,254
191,119,255,124,100,253
191,127,0,148,108,32
191,127,7,149,108,38
191,127,15,149,109,44
191,127,23,150,110,52
191,127,31,151,111,60
191,127,39,152,111,65
191,127,47,152,112,71
191,127,55,153,112,76
191,127,63,153,112,83
191,127,71,153,112,87
191,127,79,153,112,93
191,127,87,153,112,98
191,127,95,153,112,103
191,127,103,153,111,109
191,127,111,153,111,114
191,127,119,152,111,120
191,127,127,152,111,126
191,127,135,152,111,131
191,127,143,152,111,138
191,127,151,152,111,144
191,127,159,152,111,153
191,127,167,152,111,163
191,127,175,151,111,175
191,127,183,150,111,187
191,127,191,148,110,203
191,127,199,146,109,217
191,127,207,143,109,230
191,127,215,139,108,241
191,127,223,136,107,248
191,127,231,133,107,251
191,127,239,130,106,254
191,127,247,128,105,254
191,127,255,125,104,254
191,135,0,148,113,33
191,135,7,149,114,39
191,135,15,150,115,45
191,135,23,150,115,52
191,135,31,151,116,60
191,135,39,152,117,65
191,135,47,153,118,71
191,135,55,153,118,76
191,135,63,154,118,83
191,135,71,154,118,87
191,135,79,154,117,92
191,135,87,154,117,98
191,135,95,154,117,103
191,135,103,153,117,108
191,135,111,153,116,113
191,135,119,153,116,119
191,135,127,152,116,125
191,135,135,152,116,129
191,135,143,153,116,136
191,135,151,153,116,142
191,135,159,153,116,150
191,135,167,153,116,159
191,135,175,152,116,170
191,135,183,151,116,182
191,135,191,150,115,197
191,135,199,147,114,212
191,135,207,145,113,226
191,135,215,141,112,237
191,135,223,138,111,246
191,135,231,135,110,251
191,135,239,132,109,253
191,135,247,130,108,254
191,135,255,127,107,254
191,143,0,148,119,34
191,143,7,149,119,39
191,143,15,150,120,47
191,143,23,151,121,53
191,143,31,152,122,60
191,143,39,153,123,65
191,143,47,153,123,71
191,143,55,154,123,76
191,143,63,154,123,83
191,143,71,155,123,87
191,143,79,155,123,92
191,143,87,155,123,98
191,143,95,154,122,103
191,143,103,154,122,108
191,143,111,154,122,112
191,143,119,153,122,118
191,143,127,153,121,123
191,143,135,153,121,128
191,143,143,153,121,134
191,143,151,153,121,139
191,143,159,153,121,146
191,143,167,154,121,155
191,143,175,153,121,165
191,143,183,153,121,177
191,143,191,151,120,190
191,143,199,149,119,206
191,143,207,147,118,221
191,143,215,144,117,232
191,143,223,140,116,244
191,143,231,137,114,249
191,143,239,134,113,253
191,143,247,132,111,254
191,143,255,129,110,254
191,151,0,148,125,34
191,151,7,148,125,39
191,151,15,149,126,46
191,151,23,151,127,53
191,151,31,152,128,59
191,151,39,153,129,65
191,151,47,154,129,71
191,151,55,154,130,76
191,151,63,155,130,83
191,151,71,155,129,87
191,151,79,155,129,92
191,151,87,155,129,98
191,151,95,155,128,102
191,151,103,155,128,107
191,151,111,154,128,112
191,151,119,154,127,117
191,151,127,154,127,122
191,151,135,154,127,126
191,151,143,154,127,132
191,151,151,154,127,137
191,151,159,154,127,144
191,151,167,154,127,152
191,151,175,154,127,161
191,151,183,154,126,171
191,151,191,153,126,185
191,151,199,151,125,200
191,151,207,149,124,215
191,151,215,146,122,227
191,151,223,142,121,240
191,151,231,139,119,246
191,151,239,136,117,252
191,151,247,133,115,254
191,151,255,131,114,255
191,159,0,147,131,34
191,159,7,148,131,39
191,159,15,149,132,45
191,159,23,151,133,54
191,159,31,152,134,60
191,159,39,153,135,65
191,159,47,154,136,71
191,159,55,155,136,76
191,159,63,155,136,83
191,159,71,156,136,87
191,159,79,156,136,92
191,159,87,156,135,98
191,159,95,156,135,102
191,159,103,156,134,107
191,159,111,155,134,111
191,159,119,155,134,117
191,159,127,155,133,121
191,159,135,155,133,125
191,159,143,155,133,131
191,159,151,155,133,135
191,159,159,155,133,142
191,159,167,155,133,149
191,159,175,155,133,157
191,159,183,155,132,167
191,159,191,154,132,180
191,159,199,153,131,194
191,159,207,151,130,208
191,159,215,148,128,222
191,159,223,144,126,235
191,159,231,141,124,244
191,159,239,138,122,251
191,159,247,135,119,254
191,159,255,131,117,255
191,167,0,147,137,34
191,167,7,147,137,38
191,167,15,148,138,45
191,167,23,150,140,54
191,167,31,151,141,60
191,167,39,152,141,65
191,167,47,154,142,71
191,167,55,155,143,76
191,167,63,156,143,83
191,167,71,156,143,87
191,167,79,156,142,92
191,167,87,156,142,98
191,167,95,156,142,102
191,167,103,156,141,107
191,167,111,156,141,111
191,167,119,156,140,116
191,167,127,156,140,121
191,167,135,156,140,125
191,167,143,156,140,130
191,167,151,156,140,134
191,167,159,156,139,140
191,167,167,156,139,147
191,167,175,156,139,154
191,167,183,156,139,163
191,167,191,156,139,175
191,167,199,155,138,189
191,167,207,153,136,203
191,167,215,150,135,216
191,167,223,147,132,231
191,167,231,143,130,242
191,167,239,140,127,250
191,167,247,137,124,255
191,167,255,133,121,255
191,175,0,146,143,35
191,175,7,147,144,39
191,175,15,148,145,44
191,175,23,149,146,52
191,175,31,151,147,60
191,175,39,152,148,65
191,175,47,154,149,71
191,175,55,155,150,76
191,175,63,156,150,83
191,175,71,156,150,87
191,175,79,157,150,93
191,175,87,157,149,98
191,175,95,157,149,102
191,175,103,157,148,107
191,175,111,157,148,111
191,175,119,157,148,116
191,175,127,157,147,120
191,175,135,157,147,124
191,175,143,157,147,129
191,175,151,157,147,133
191,175,159,157,147,138
191,175,167,157,146,145
191,175,175,158,146,151
191,175,183,158,146,159
191,175,191,157,145,171
191,175,199,157,145,183
191,175,207,155,143,197
191,175,215,153,142,211
191,175,223,149,139,227
191,175,231,146,136,238
191,175,239,142,132,249
191,175,247,139,129,253
191,175,255,135,126,255
191,183,0,145,151,36
191,183,7,146,152,40
191,183,15,147,153,45
191,183,23,149,154,52
191,183,31,150,156,60
191,183,39,152,157,65
191,183,47,153,158,71
191,183,55,155,159,76
191,183,63,156,159,83
191,183,71,156,159,88
191,183,79,157,159,93
191,183,87,157,158,98
191,183,95,157,158,102
191,183,103,158,157,107
191,183,111,158,157,111
191,183,119,158,157,116
191,183,127,158,157,120
191,183,135,158,156,124
191,183,143,158,156,128
191,183,151,158,156,132
191,183,159,158,156,137
191,183,167,158,155,143
191,183,175,159,155,149
191,183,183,159,155,156
191,183,191,159,154,166
191,183,199,158,154,178
191,183,207,157,152,191
191,183,215,156,151,205
191,183,223,152,148,221
191,183,231,149,144,234
191,183,239,145,140,246
191,183,247,141,136,252
191,183,255,138,132,255
191,191,0,144,160,36
191,191,7,145,161,41
191,191,15,146,162,46
191,191,23,148,163,52
191,191,31,149,165,59
191,191,39,151,166,65
191,191,47,153,167,71
191,191,55,154,168,76
191,191,63,156,168,83
191,191,71,156,168,88
191,191,79,157,168,93
191,191,87,157,168,98
191,191,95,158,168,102
191,191,103,158,167,107
191,191,111,158,167,111
191,191,119,158,167,116
191,191,127,158,166,120
191,191,135,158,166,124
191,191,143,159,166,128
191,191,151,159,165,132
191,191,159,159,165,137
191,191,167,159,165,142
191,191,175,160,165,147
191,191,183,160,165,153
191,191,191,160,164,162
191,191,199,160,163,173
191,191,207,159,162,186
191,191,215,158,160,199
191,191,223,156,158,216
191,191,231,152,154,228
191,191,239,148,149,242
191,191,247,145,144,251
191,191,255,141,139,254
191,199,0,143,168,36
191,199,7,143,170,41
191,199,15,145,171,47
191,199,23,147,172,53
191,199,31,148,174,59
191,199,39,150,175,65
191,199,47,152,176,71
191,199,55,153,177,76
191,199,63,155,178,83
191,199,71,156,178,87
191,199,79,157,178,93
191,199,87,157,178,98
191,199,95,158,178,103
191,199,103,158,178,107
191,199,111,158,177,111
191,199,119,159,177,116
191,199,127,159,177,120
191,199,135,159,176,123
191,199,143,159,176,128
191,199,151,159,176,132
191,199,159,160,176,137
191,199,167,160,176,141
191,199,175,161,175,146
191,199,183,161,175,152
191,199,191,161,175,160
191,199,199,161,174,169
191,199,207,161,173,181
191,199,215,160,172,193
191,199,223,158,168,210
191,199,231,156,165,223
191,199,239,152,159,239
191,199,247,148,154,248
191,199,255,144,148,254
191,207,0,141,179,36
191,207,7,142,180,40
191,207,15,143,181,46
191,207,23,145,183,54
191,207,31,147,184,59
191,207,39,149,185,64
191,207,47,151,187,71
191,207,55,153,187,76
191,207,63,155,188,83
191,207,71,155,188,87
191,207,79,156,188,93
191,207,87,157,188,98
191,207,95,158,188,103
191,207,103,158,188,107
191,207,111,158,188,111
191,207,119,159,188,116
191,207,127,159,188,120
191,207,135,159,187,123
191,207,143,160,187,128
191,207,151,160,187,132
191,207,159,160,187,137
191,207,167,161,187,141
191,207,175,161,187,146
191,207,183,161,187,151
191,207,191,162,186,158
191,207,199,162,186,166
191,207,207,162,185,176
191,207,215,162,183,189
191,207,223,161,180,205
191,207,231,159,177,219
191,207,239,155,171,235
191,207,247,151,165,246
191,207,255,147,159,254
191,215,0,139,191,37
191,215,7,140,191,40
191,215,15,141,192,45
191,215,23,143,194,53
191,215,31,145,196,60
191,215,39,147,197,64
191,215,47,150,199,71
191,215,55,151,200,76
191,215,63,153,201,83
191,215,71,154,201,87
191,215,79,156,202,93
191,215,87,157,202,98
191,215,95,157,202,103
191,215,103,158,201,107
191,215,111,158,201,111
191,215,119,159,201,116
191,215,127,159,201,120
191,215,135,160,200,124
191,215,143,160,200,128
191,215,151,160,200,132
191,215,159,161,201,136
191,215,167,161,201,141
191,215,175,161,201,146
191,215,183,162,201,150
191,215,191,162,200,157
191,215,199,163,200,164
191,215,207,163,200,173
191,215,215,163,199,183
191,215,223,163,196,199
191,215,231,161,192,214
191,215,239,159,186,231
191,215,247,155,180,245
191,215,255,151,172,252
191,223,0,136,205,38
191,223,7,137,205,41
191,223,15,138,206,45
191,223,23,140,208,51
191,223,31,143,209,59
191,223,39,145,211,64
191,223,47,147,212,70
191,223,55,150,214,76
191,223,63,151,215,82
191,223,71,153,215,87
191,223,79,154,216,92
191,223,87,155,216,98
191,223,95,157,216,103
191,223,103,157,216,107
191,223,111,158,216,111
191,223,119,159,216,116
191,223,127,159,216,120
191,223,135,159,216,123
191,223,143,160,216,127
191,223,151,160,216,131
191,223,159,161,216,136
191,223,167,161,215,140
191,223,175,161,215,145
191,223,183,162,215,150
191,223,191,163,215,156
191,223,199,163,215,163
191,223,207,164,215,170
191,223,215,164,215,180
191,223,223,164,213,194
191,223,231,164,210,208
191,223,239,162,205,226
191,223,247,159,199,241
191,223,255,156,190,254
191,231,0,133,217,38
191,231,7,134,217,42
191,231,15,135,218,46
191,231,23,137,220,51
191,231,31,140,222,57
191,231,39,142,223,63
191,231,47,145,225,69
191,231,55,147,227,75
191,231,63,150,228,81
191,231,71,151,229,86
191,231,79,153,230,91
191,231,87,154,230,97
191,231,95,155,230,101
191,231,103,156,230,106
191,231,111,157,230,110
191,231,119,158,230,115
191,231,127,159,230,119
191,231,135,159,230,123
191,231,143,159,230,127
191,231,151,160,229,130
191,231,159,160,230,135
191,231,167,161,230,139
191,231,175,161,230,144
191,231,183,162,230,149
191,231,191,162,230,155
191,231,199,163,229,161
191,231,207,163,229,169
191,231,215,164,229,177
191,231,223,165,228,190
191,231,231,165,227,203
191,231,239,164,223,221
191,231,247,162,217,239
191,231,255,159,211,250
191,239,0,128,229,37
191,239,7,129,230,40
191,239,15,131,231,46
191,239,23,134,232,52
191,239,31,136,234,57
191,239,39,138,235,61
191,239,47,142,237,68
191,239,55,144,239,73
191,239,63,147,240,80
191,239,71,149,241,85
191,239,79,150,242,90
191,239,87,152,243,95
191,239,95,154,243,100
191,239,103,155,243,105
191,239,111,156,244,109
191,239,119,157,244,114
191,239,127,158,244,118
191,239,135,158,244,121
191,239,143,159,243,126
191,239,151,159,243,129
191,239,159,160,243,134
191,239,167,160,243,138
191,239,175,160,243,142
191,239,183,161,243,147
191,239,191,161,243,153
191,239,199,162,243,159
191,239,207,162,243,166
191,239,215,163,243,174
191,239,223,164,243,186
191,239,231,165,242,198
191,239,239,165,240,216
191,239,247,164,237,233
191,239,255,162,232,250
191,247,0,124,239,36
191,247,7,125,239,39
191,247,15,127,240,44
191,247,23,129,242,50
191,247,31,132,244,56
191,247,39,134,245,61
191,247,47,138,247,66
191,247,55,141,249,72
191,247,63,143,249,78
191,247,71,146,250,83
191,247,79,148,251,89
191,247,87,150,251,94
191,247,95,152,252,99
191,247,103,153,252,103
191,247,111,154,252,107
191,247,119,155,252,112
191,247,127,156,252,116
191,247,135,157,252,120
191,247,143,158,252,124
191,247,151,158,252,128
191,247,159,158,253,132
191,247,167,159,253,137
191,247,175,159,252,141
191,247,183,160,252,145
191,247,191,160,252,151
191,247,199,160,252,157
191,247,207,161,252,164
191,247,215,161,252,171
191,247,223,162,252,183
191,247,231,163,252,194
191,247,239,164,252,210
191,247,247,164,250,227
191,247,255,164,248,243
191,255,0,122,248,38
191,255,7,122,248,40
191,255,15,124,249,43
191,255,23,126,249,48
191,255,31,129,251,55
191,255,39,131,252,60
191,255,47,134,252,65
191,255,55,137,253,69
191,255,63,140,254,76
191,255,71,142,254,81
191,255,79,145,255,87
191,255,87,147,255,93
191,255,95,149,255,97
191,255,103,151,255,102
191,255,111,152,255,106
191,255,119,153,255,111
191,255,127,154,255,115
191,255,135,155,255,118
191,255,143,156,255,122
191,255,151,156,255,126
191,255,159,157,255,130
191,255,167,157,255,135
191,255,175,158,255,139
191,255,183,158,255,144
191,255,191,158,255,149
191,255,199,159,255,155
191,255,207,160,255,162
191,255,215,160,255,169
191,255,223,161,255,179
191,255,231,162,255,190
191,255,239,163,255,206
191,255,247,164,255,222
191,255,255,164,255,239
199,0,0,157,1,28
199,0,7,159,2,38
199,0,15,161,3,48
199,0,23,163,4,59
199,0,31,164,5,70
199,0,39,166,5,79
199,0,47,167,6,92
199,0,55,167,6,104
199,0,63,167,6,119
199,0,71,167,6,131
199,0,79,166,7,146
199,0,87,165,7,162
199,0,95,163,8,176
199,0,103,161,9,189
199,0,111,158,10,200
199,0,119,155,14,211
199,0,127,151,17,219
199,0,135,148,20,224
199,0,143,144,24,228
199,0,151,141,27,231
199,0,159,137,31,233
199,0,167,134,34,235
199,0,175,131,37,237
199,0,183,127,40,239
199,0,191,124,42,240
199,0,199,121,44,242
199,0,207,119,46,243
199,0,215,117,46,245
199,0,223,114,48,248
199,0,231,113,49,250
199,0,239,112,49,253
199,0,247,111,48,254
199,0,255,110,47,255
199,7,0,156,2,28
199,7,7,158,3,37
199,7,15,161,4,48
199,7,23,162,5,59
199,7,31,164,7,69
199,7,39,165,7,78
199,7,47,166,8,90
199,7,55,166,8,102
199,7,63,167,8,116
199,7,71,166,9,128
199,7,79,166,9,143
199,7,87,165,9,158
199,7,95,163,10,172
199,7,103,161,12,185
199,7,111,158,13,196
199,7,119,155,16,208
199,7,127,152,20,216
199,7,135,148,23,221
199,7,143,145,27,226
199,7,151,142,30,229
199,7,159,138,34,232
199,7,167,134,38,234
199,7,175,131,41,237
199,7,183,128,43,238
199,7,191,125,46,240
199,7,199,122,47,242
199,7,207,119,49,243
199,7,215,117,50,245
199,7,223,115,51,248
199,7,231,114,52,250
199,7,239,112,53,252
199,7,247,111,53,254
199,7,255,111,51,255
199,15,0,155,4,28
199,15,7,157,5,37
199,15,15,159,6,48
199,15,23,161,8,58
199,15,31,163,9,68
199,15,39,164,10,77
199,15,47,165,10,88
199,15,55,165,11,99
199,15,63,166,11,113
199,15,71,166,12,124
199,15,79,165,12,138
199,15,87,164,13,153
199,15,95,163,14,167
199,15,103,161,15,180
199,15,111,158,17,191
199,15,119,155,20,203
199,15,127,152,23,211
199,15,135,149,26,217
199,15,143,145,30,223
199,15,151,142,34,227
199,15,159,139,38,230
199,15,167,135,42,233
199,15,175,132,45,236
199,15,183,129,48,238
199,15,191,125,51,241
199,15,199,123,52,242
199,15,207,120,54,243
199,15,215,118,54,245
199,15,223,116,55,247
199,15,231,115,56,250
199,15,239,113,57,252
199,15,247,112,58,254
199,15,255,111,57,255
199,23,0,153,9,28
199,23,7,156,10,37
199,23,15,158,11,47
199,23,23,160,13,57
199,23,31,161,14,67
199,23,39,162,15,75
199,23,47,163,16,86
199,23,55,163,16,95
199,23,63,164,17,108
199,23,71,164,18,118
199,23,79,164,18,132
199,23,87,163,19,146
199,23,95,162,20,159
199,23,103,161,21,172
199,23,111,158,24,183
199,23,119,156,26,195
199,23,127,153,29,204
199,23,135,150,32,211
199,23,143,146,36,217
199,23,151,143,39,223
199,23,159,140,43,228
199,23,167,136,47,232
199,23,175,133,50,235
199,23,183,130,54,238
199,23,191,126,58,240
199,23,199,124,59,242
199,23,207,121,60,244
199,23,215,120,61,245
199,23,223,118,61,247
199,23,231,116,61,249
199,23,239,115,62,252
199,23,247,114,63,254
199,23,255,113,63,255
199,31,0,152,15,28
199,31,7,155,17,37
199,31,15,157,18,46
199,31,23,158,20,57
199,31,31,160,22,66
199,31,39,161,23,73
199,31,47,162,24,83
199,31,55,162,24,93
199,31,63,163,25,104
199,31,71,163,25,114
199,31,79,163,26,125
199,31,87,163,27,138
199,31,95,162,28,150
199,31,103,160,29,163
199,31,111,158,31,173
199,31,119,156,33,185
199,31,127,153,36,195
199,31,135,151,39,203
199,31,143,148,42,211
199,31,151,145,45,217
199,31,159,141,48,224
199,31,167,138,52,230
199,31,175,135,55,235
199,31,183,132,58,238
199,31,191,128,61,241
199,31,199,125,64,243
199,31,207,123,66,244
199,31,215,121,68,246
199,31,223,119,68,248
199,31,231,118,68,249
199,31,239,116,67,252
199,31,247,115,67,254
199,31,255,115,67,254
199,39,0,151,24,27
199,39,7,153,25,37
199,39,15,155,27,46
199,39,23,157,29,56
199,39,31,158,31,64
199,39,39,159,32,71
199,39,47,160,33,81
199,39,55,161,34,89
199,39,63,162,34,100
199,39,71,162,34,109
199,39,79,162,35,120
199,39,87,162,35,132
199,39,95,161,36,143
199,39,103,160,37,155
199,39,111,159,38,164
199,39,119,156,40,176
199,39,127,154,43,186
199,39,135,152,45,194
199,39,143,149,48,203
199,39,151,146,51,211
199,39,159,143,53,220
199,39,167,140,56,227
199,39,175,137,59,233
199,39,183,133,62,238
199,39,191,130,65,241
199,39,199,127,67,243
199,39,207,125,69,245
199,39,215,123,71,246
199,39,223,120,73,248
199,39,231,119,74,250
199,39,239,118,73,252
199,39,247,117,72,253
199,39,255,116,72,254
199,47,0,150,32,27
199,47,7,153,34,37
199,47,15,154,35,45
199,47,23,156,38,55
199,47,31,157,39,63
199,47,39,158,41,70
199,47,47,159,42,79
199,47,55,160,43,87
199,47,63,161,43,97
199,47,71,161,43,105
199,47,79,161,43,115
199,47,87,161,43,126
199,47,95,161,44,137
199,47,103,160,44,147
199,47,111,159,45,157
199,47,119,157,47,169
199,47,127,155,48,179
199,47,135,153,50,188
199,47,143,151,53,198
199,47,151,148,55,207
199,47,159,145,58,216
199,47,167,142,60,225
199,47,175,139,63,232
199,47,183,135,66,238
199,47,191,132,68,241
199,47,199,129,71,244
199,47,207,126,73,245
199,47,215,124,74,246
199,47,223,122,76,248
199,47,231,121,76,250
199,47,239,119,76,252
199,47,247,118,76,253
199,47,255,117,76,254
199,55,0,150,40,27
199,55,7,152,42,37
199,55,15,154,44,45
199,55,23,155,46,55
199,55,31,156,47,62
199,55,39,157,49,69
199,55,47,158,50,77
199,55,55,159,51,84
199,55,63,160,51,94
199,55,71,160,51,101
199,55,79,160,52,110
199,55,87,160,52,120
199,55,95,160,52,130
199,55,103,160,52,140
199,55,111,159,53,150
199,55,119,158,54,160
199,55,127,156,55,171
199,55,135,155,56,180
199,55,143,152,58,191
199,55,151,150,60,200
199,55,159,147,62,212
199,55,167,144,64,222
199,55,175,141,67,230
199,55,183,138,69,236
199,55,191,134,72,242
199,55,199,131,74,244
199,55,207,128,76,246
199,55,215,126,77,247
199,55,223,124,78,249
199,55,231,122,79,250
199,55,239,121,79,252
199,55,247,120,79,253
199,55,255,119,79,254
199,63,0,150,48,27
199,63,7,152,50,36
199,63,15,153,51,45
199,63,23,155,53,54
199,63,31,156,55,62
199,63,39,157,56,68
199,63,47,157,58,75
199,63,55,158,58,83
199,63,63,159,59,91
199,63,71,159,59,98
199,63,79,160,59,107
199,63,87,160,59,116
199,63,95,160,59,125
199,63,103,159,59,135
199,63,111,159,60,143
199,63,119,158,60,154
199,63,127,157,61,164
199,63,135,156,62,173
199,63,143,154,64,184
199,63,151,152,65,194
199,63,159,149,67,206
199,63,167,146,69,218
199,63,175,143,70,229
199,63,183,140,72,235
199,63,191,137,75,241
199,63,199,133,76,244
199,63,207,130,78,246
199,63,215,128,80,247
199,63,223,125,81,249
199,63,231,124,82,251
199,63,239,122,82,252
199,63,247,121,82,253
199,63,255,120,81,254
199,71,0,150,57,27
199,71,7,152,58,35
199,71,15,153,60,46
199,71,23,154,62,54
199,71,31,155,63,61
199,71,39,156,65,67
199,71,47,157,66,74
199,71,55,158,67,81
199,71,63,158,67,89
199,71,71,159,68,95
199,71,79,159,68,103
199,71,87,159,68,111
199,71,95,159,68,119
199,71,103,159,68,128
199,71,111,158,68,136
199,71,119,158,68,147
199,71,127,157,69,156
199,71,135,156,69,165
199,71,143,155,70,175
199,71,151,154,71,185
199,71,159,151,72,198
199,71,167,149,74,210
199,71,175,146,75,222
199,71,183,143,77,233
199,71,191,139,79,239
199,71,199,136,80,245
199,71,207,133,82,246
199,71,215,130,83,248
199,71,223,128,84,249
199,71,231,126,84,251
199,71,239,124,85,253
199,71,247,122,85,254
199,71,255,121,85,254
199,79,0,150,64,28
199,79,7,152,66,35
199,79,15,153,67,45
199,79,23,154,69,53
199,79,31,155,70,61
199,79,39,156,71,66
199,79,47,157,73,73
199,79,55,157,74,80
199,79,63,158,74,87
199,79,71,158,74,93
199,79,79,158,75,100
199,79,87,159,75,108
199,79,95,159,75,116
199,79,103,158,75,124
199,79,111,158,75,132
199,79,119,158,75,141
199,79,127,157,75,150
199,79,135,157,75,158
199,79,143,156,76,169
199,79,151,155,76,178
199,79,159,153,77,191
199,79,167,151,78,204
199,79,175,148,80,216
199,79,183,145,81,228
199,79,191,141,82,237
199,79,199,138,84,243
199,79,207,135,85,247
199,79,215,132,86,248
199,79,223,129,87,250
199,79,231,127,87,251
199,79,239,125,87,253
199,79,247,124,87,254
199,79,255,122,87,254
199,87,0,151,73,28
199,87,7,152,74,35
199,87,15,153,75,44
199,87,23,154,77,53
199,87,31,155,78,60
199,87,39,156,79,66
199,87,47,156,80,72
199,87,55,157,81,78
199,87,63,158,82,86
199,87,71,158,82,91
199,87,79,158,82,98
199,87,87,158,82,105
199,87,95,158,82,112
199,87,103,158,82,120
199,87,111,158,82,127
199,87,119,158,82,136
199,87,127,157,82,144
199,87,135,157,82,152
199,87,143,156,83,162
199,87,151,156,83,171
199,87,159,154,83,182
199,87,167,152,84,196
199,87,175,150,85,208
199,87,183,147,86,220
199,87,191,144,87,234
199,87,199,140,88,241
199,87,207,137,89,247
199,87,215,134,89,249
199,87,223,131,90,250
199,87,231,129,90,251
199,87,239,126,90,253
199,87,247,124,90,253
199,87,255,123,90,254
199,95,0,151,80,29
199,95,7,152,81,35
199,95,15,153,82,44
199,95,23,155,84,54
199,95,31,155,85,60
199,95,39,156,86,65
199,95,47,157,87,72
199,95,55,157,87,78
199,95,63,158,88,85
199,95,71,158,88,90
199,95,79,158,88,96
199,95,87,158,88,103
199,95,95,158,88,110
199,95,103,158,88,116
199,95,111,158,88,123
199,95,119,158,88,131
199,95,127,157,88,139
199,95,135,157,89,146
199,95,143,157,89,155
199,95,151,156,89,164
199,95,159,155,89,175
199,95,167,154,89,188
199,95,175,152,90,202
199,95,183,150,90,214
199,95,191,146,91,227
199,95,199,143,92,238
199,95,207,139,92,245
199,95,215,136,93,250
199,95,223,133,93,251
199,95,231,130,93,252
199,95,239,128,93,253
199,95,247,126,93,253
199,95,255,124,92,253
199,103,0,152,87,29
199,103,7,153,88,35
199,103,15,154,89,43
199,103,23,155,90,54
199,103,31,156,91,60
199,103,39,156,92,65
199,103,47,157,93,72
199,103,55,157,94,77
199,103,63,158,94,84
199,103,71,158,94,89
199,103,79,158,95,95
199,103,87,158,95,101
199,103,95,158,94,108
199,103,103,158,94,114
199,103,111,158,94,120
199,103,119,158,94,128
199,103,127,158,94,135
199,103,135,157,94,141
199,103,143,157,94,150
199,103,151,157,94,158
199,103,159,156,94,169
199,103,167,155,95,181
199,103,175,153,95,194
199,103,183,151,95,207
199,103,191,148,96,221
199,103,199,145,96,234
199,103,207,141,96,242
199,103,215,138,96,248
199,103,223,134,96,251
199,103,231,132,97,252
199,103,239,129,96,253
199,103,247,128,96,254
199,103,255,126,95,253
199,111,0,152,94,31
199,111,7,153,95,36
199,111,15,154,96,43
199,111,23,155,97,53
199,111,31,156,98,60
199,111,39,157,99,65
199,111,47,157,99,71
199,111,55,158,100,77
199,111,63,158,100,84
199,111,71,159,100,89
199,111,79,159,100,94
199,111,87,159,100,100
199,111,95,158,100,106
199,111,103,158,100,112
199,111,111,158,100,118
199,111,119,158,100,125
199,111,127,157,100,131
199,111,135,157,100,137
199,111,143,157,100,145
199,111,151,157,100,153
199,111,159,157,100,163
199,111,167,156,100,175
199,111,175,155,100,187
199,111,183,153,100,200
199,111,191,150,100,215
199,111,199,147,100,228
199,111,207,143,100,239
199,111,215,140,100,245
199,111,223,136,100,251
199,111,231,134,100,252
199,111,239,131,99,254
199,111,247,129,99,254
199,111,255,127,98,253
199,119,0,153,100,32
199,119,7,154,101,39
199,119,15,154,101,44
199,119,23,155,102,53
199,119,31,156,103,61
199,119,39,157,104,65
199,119,47,158,105,71
199,119,55,158,105,77
199,119,63,159,106,83
199,119,71,159,106,88
199,119,79,159,106,94
199,119,87,159,105,100
199,119,95,159,105,105
199,119,103,158,105,111
199,119,111,158,105,116
199,119,119,158,105,123
199,119,127,158,105,129
199,119,135,158,105,135
199,119,143,158,105,142
199,119,151,158,105,149
199,119,159,157,105,158
199,119,167,157,105,169
199,119,175,156,105,181
199,119,183,154,105,194
199,119,191,152,105,209
199,119,199,149,104,223
199,119,207,145,104,235
199,119,215,142,104,243
199,119,223,138,103,249
199,119,231,135,103,252
199,119,239,132,102,254
199,119,247,130,102,254
199,119,255,128,101,253
199,127,0,153,106,33
199,127,7,154,107,39
199,127,15,155,108,45
199,127,23,156,109,53
199,127,31,157,110,61
199,127,39,157,110,65
199,127,47,158,111,71
199,127,55,159,111,77
199,127,63,159,112,83
199,127,71,159,112,88
199,127,79,160,112,93
199,127,87,159,111,99
199,127,95,159,111,104
199,127,103,159,111,110
199,127,111,158,111,115
199,127,119,158,111,121
199,127,127,158,110,127
199,127,135,158,110,132
199,127,143,158,110,139
199,127,151,158,110,145
199,127,159,158,110,154
199,127,167,158,110,163
199,127,175,157,110,175
199,127,183,156,110,187
199,127,191,154,110,203
199,127,199,151,109,218
199,127,207,148,109,230
199,127,215,144,108,241
199,127,223,141,108,248
199,127,231,137,107,252
199,127,239,134,106,254
199,127,247,132,105,254
199,127,255,129,104,253
199,135,0,153,112,33
199,135,7,154,112,39
199,135,15,155,113,47
199,135,23,156,114,53
199,135,31,157,115,60
199,135,39,158,116,66
199,135,47,159,117,71
199,135,55,159,117,77
199,135,63,160,117,83
199,135,71,160,117,88
199,135,79,160,117,93
199,135,87,160,117,99
199,135,95,160,116,104
199,135,103,159,116,109
199,135,111,159,116,114
199,135,119,159,116,120
199,135,127,158,115,125
199,135,135,158,115,130
199,135,143,158,115,136
199,135,151,158,115,142
199,135,159,159,115,150
199,135,167,158,115,159
199,135,175,158,115,169
199,135,183,157,115,182
199,135,191,155,115,197
199,135,199,153,114,212
199,135,207,150,113,226
199,135,215,146,112,237
199,135,223,142,111,246
199,135,231,139,110,250
199,135,239,136,109,253
199,135,247,134,108,255
199,135,255,131,107,254
199,143,0,154,117,34
199,143,7,154,118,39
199,143,15,155,119,46
199,143,23,156,120,54
199,143,31,157,121,60
199,143,39,158,121,66
199,143,47,159,122,72
199,143,55,160,122,77
199,143,63,160,122,83
199,143,71,161,122,88
199,143,79,161,122,93
199,143,87,160,122,98
199,143,95,160,122,103
199,143,103,160,121,108
199,143,111,159,121,113
199,143,119,159,121,119
199,143,127,159,121,124
199,143,135,159,121,129
199,143,143,159,120,134
199,143,151,159,120,140
199,143,159,159,120,147
199,143,167,159,120,155
199,143,175,159,120,165
199,143,183,158,120,176
199,143,191,157,120,191
199,143,199,155,119,206
199,143,207,152,118,221
199,143,215,149,117,232
199,143,223,145,116,244
199,143,231,141,114,249
199,143,239,138,113,253
199,143,247,136,112,254
199,143,255,133,110,254
199,151,0,153,123,34
199,151,7,154,123,39
199,151,15,155,124,46
199,151,23,156,125,55
199,151,31,157,126,60
199,151,39,159,127,65
199,151,47,160,128,72
199,151,55,160,128,77
199,151,63,161,128,83
199,151,71,161,128,88
199,151,79,161,128,93
199,151,87,161,128,98
199,151,95,161,127,103
199,151,103,161,127,108
199,151,111,160,127,113
199,151,119,160,127,118
199,151,127,160,126,123
199,151,135,159,126,127
199,151,143,159,126,133
199,151,151,159,126,138
199,151,159,160,126,145
199,151,167,160,126,152
199,151,175,160,126,161
199,151,183,160,126,171
199,151,191,158,125,185
199,151,199,157,125,200
199,151,207,154,123,214
199,151,215,151,122,228
199,151,223,147,121,239
199,151,231,144,119,246
199,151,239,140,117,252
199,151,247,137,115,254
199,151,255,134,113,255
199,159,0,153,129,34
199,159,7,154,129,38
199,159,15,155,130,45
199,159,23,156,131,54
199,159,31,157,132,60
199,159,39,159,133,65
199,159,47,160,134,72
199,159,55,161,135,77
199,159,63,161,135,83
199,159,71,162,135,88
199,159,79,162,134,93
199,159,87,162,134,98
199,159,95,162,134,103
199,159,103,161,133,108
199,159,111,161,133,112
199,159,119,161,133,117
199,159,127,160,132,122
199,159,135,160,132,126
199,159,143,160,132,131
199,159,151,160,132,136
199,159,159,161,132,143
199,159,167,161,132,150
199,159,175,161,132,158
199,159,183,161,132,168
199,159,191,160,131,180
199,159,199,158,131,194
199,159,207,156,129,208
199,159,215,153,128,222
199,159,223,149,126,235
199,159,231,146,124,244
199,159,239,142,121,251
199,159,247,139,119,254
199,159,255,135,117,255
199,167,0,153,135,35
199,167,7,153,135,39
199,167,15,154,136,45
199,167,23,156,138,53
199,167,31,157,139,61
199,167,39,158,140,65
199,167,47,160,141,72
199,167,55,161,141,77
199,167,63,161,141,83
199,167,71,162,141,88
199,167,79,162,141,93
199,167,87,162,141,98
199,167,95,162,140,103
199,167,103,162,140,108
199,167,111,162,140,112
199,167,119,162,139,117
199,167,127,161,139,122
199,167,135,161,139,125
199,167,143,161,139,130
199,167,151,161,139,135
199,167,159,161,138,141
199,167,167,162,138,147
199,167,175,162,138,155
199,167,183,162,138,163
199,167,191,161,138,176
199,167,199,160,137,189
199,167,207,159,136,203
199,167,215,156,134,216
199,167,223,152,132,232
199,167,231,148,130,241
199,167,239,144,126,250
199,167,247,140,124,254
199,167,255,137,121,255
199,175,0,152,141,37
199,175,7,153,141,40
199,175,15,154,142,45
199,175,23,155,144,53
199,175,31,157,145,61
199,175,39,158,146,66
199,175,47,160,147,72
199,175,55,161,148,77
199,175,63,162,148,84
199,175,71,162,148,88
199,175,79,163,148,93
199,175,87,163,148,98
199,175,95,163,147,103
199,175,103,163,147,108
199,175,111,162,147,112
199,175,119,162,146,117
199,175,127,162,146,121
199,175,135,162,146,125
199,175,143,162,146,130
199,175,151,162,145,134
199,175,159,162,145,139
199,175,167,163,145,145
199,175,175,163,145,152
199,175,183,163,145,160
199,175,191,163,145,171
199,175,199,162,144,183
199,175,207,161,143,198
199,175,215,158,141,211
199,175,223,154,138,227
199,175,231,151,136,238
199,175,239,146,132,249
199,175,247,142,129,253
199,175,255,138,125,255
199,183,0,151,148,37
199,183,7,152,149,42
199,183,15,153,150,46
199,183,23,155,151,53
199,183,31,156,153,60
199,183,39,158,154,66
199,183,47,159,155,72
199,183,55,161,156,77
199,183,63,162,156,84
199,183,71,162,157,88
199,183,79,163,157,93
199,183,87,163,156,99
199,183,95,163,156,103
199,183,103,163,156,108
199,183,111,163,155,112
199,183,119,163,155,117
199,183,127,163,155,121
199,183,135,163,155,125
199,183,143,163,154,129
199,183,151,163,154,133
199,183,159,164,154,138
199,183,167,164,154,144
199,183,175,164,154,150
199,183,183,165,154,156
199,183,191,165,153,166
199,183,199,164,152,178
199,183,207,163,151,191
199,183,215,161,150,205
199,183,223,158,147,221
199,183,231,154,144,234
199,183,239,149,139,245
199,183,247,145,135,252
199,183,255,141,131,255
199,191,0,150,156,37
199,191,7,151,157,41
199,191,15,152,158,48
199,191,23,154,160,53
199,191,31,156,161,60
199,191,39,157,163,66
199,191,47,159,164,72
199,191,55,160,165,77
199,191,63,161,165,84
199,191,71,162,166,88
199,191,79,163,166,93
199,191,87,163,166,99
199,191,95,164,165,103
199,191,103,164,165,108
199,191,111,164,165,112
199,191,119,164,164,116
199,191,127,164,164,121
199,191,135,164,164,124
199,191,143,164,164,129
199,191,151,164,164,133
199,191,159,165,163,137
199,191,167,165,163,143
199,191,175,165,163,148
199,191,183,166,163,154
199,191,191,166,162,163
199,191,199,166,162,173
199,191,207,165,161,186
199,191,215,164,159,199
199,191,223,161,156,216
199,191,231,157,153,229
199,191,239,153,148,242
199,191,247,149,143,251
199,191,255,144,138,254
199,199,0,149,164,37
199,199,7,150,165,41
199,199,15,151,167,47
199,199,23,153,169,55
199,199,31,155,170,60
199,199,39,156,172,65
199,199,47,158,173,72
199,199,55,160,174,77
199,199,63,161,175,84
199,199,71,162,175,88
199,199,79,163,175,94
199,199,87,164,175,99
199,199,95,164,175,103
199,199,103,164,175,108
199,199,111,164,175,112
199,199,119,165,175,117
199,199,127,165,174,121
199,199,135,165,174,124
199,199,143,165,174,129
199,199,151,165,173,133
199,199,159,166,173,137
199,199,167,166,173,142
199,199,175,166,173,147
199,199,183,167,173,153
199,199,191,167,172,160
199,199,199,167,172,169
199,199,207,166,171,181
199,199,215,166,170,194
199,199,223,163,166,210
199,199,231,161,163,224
199,199,239,156,158,239
199,199,247,152,152,248
199,199,255,148,147,254
199,207,0,147,173,37
199,207,7,148,174,41
199,207,15,150,176,46
199,207,23,152,178,55
199,207,31,153,179,61
199,207,39,155,181,65
199,207,47,157,182,72
199,207,55,159,183,77
199,207,63,161,185,84
199,207,71,162,185,88
199,207,79,162,185,94
199,207,87,163,185,99
199,207,95,164,185,103
199,207,103,164,185,108
199,207,111,165,185,112
199,207,119,165,185,117
199,207,127,165,184,121
199,207,135,165,184,124
199,207,143,166,184,129
199,207,151,166,184,132
199,207,159,166,184,137
199,207,167,167,184,142
199,207,175,167,184,147
199,207,183,167,184,152
199,207,191,168,183,158
199,207,199,168,183,166
199,207,207,168,182,177
199,207,215,167,181,189
199,207,223,166,178,205
199,207,231,164,174,219
199,207,239,160,169,235
199,207,247,156,163,247
199,207,255,151,157,253
199,215,0,145,186,37
199,215,7,146,186,41
199,215,15,148,188,45
199,215,23,150,189,53
199,215,31,152,191,61
199,215,39,154,193,65
199,215,47,156,194,71
199,215,55,158,195,77
199,215,63,160,197,83
199,215,71,161,197,88
199,215,79,162,198,94
199,215,87,163,198,99
199,215,95,164,198,104
199,215,103,164,198,108
199,215,111,165,198,112
199,215,119,165,198,117
199,215,127,165,198,121
199,215,135,166,198,124
199,215,143,166,198,129
199,215,151,166,197,132
199,215,159,167,197,137
199,215,167,167,197,142
199,215,175,167,197,147
199,215,183,168,197,151
199,215,191,168,197,157
199,215,199,169,197,164
199,215,207,169,196,173
199,215,215,169,195,184
199,215,223,168,193,200
199,215,231,167,189,214
199,215,239,164,184,231
199,215,247,160,177,245
199,215,255,155,170,252
199,223,0,143,199,39
199,223,7,144,200,42
199,223,15,145,201,46
199,223,23,147,202,52
199,223,31,149,204,59
199,223,39,151,206,65
199,223,47,154,207,71
199,223,55,156,209,77
199,223,63,158,210,83
199,223,71,159,211,88
199,223,79,161,212,93
199,223,87,162,212,99
199,223,95,163,213,103
199,223,103,164,213,108
199,223,111,164,213,112
199,223,119,165,213,117
199,223,127,165,212,121
199,223,135,166,212,124
199,223,143,166,212,129
199,223,151,166,212,132
199,223,159,167,212,137
199,223,167,167,212,141
199,223,175,168,212,146
199,223,183,168,212,151
199,223,191,169,212,157
199,223,199,169,212,163
199,223,207,170,212,171
199,223,215,170,211,181
199,223,223,170,210,195
199,223,231,169,207,209
199,223,239,167,202,227
199,223,247,165,196,241
199,223,255,160,188,253
199,231,0,140,211,38
199,231,7,141,212,43
199,231,15,142,213,47
199,231,23,144,215,52
199,231,31,146,217,58
199,231,39,149,218,64
199,231,47,151,220,71
199,231,55,153,222,76
199,231,63,156,224,82
199,231,71,157,224,87
199,231,79,159,225,92
199,231,87,161,226,98
199,231,95,162,226,103
199,231,103,163,226,108
199,231,111,163,226,112
199,231,119,164,226,116
199,231,127,165,226,120
199,231,135,165,226,124
199,231,143,166,226,128
199,231,151,166,226,132
199,231,159,167,226,136
199,231,167,167,226,141
199,231,175,168,226,145
199,231,183,168,226,150
199,231,191,168,226,156
199,231,199,169,226,163
199,231,207,170,226,170
199,231,215,170,226,178
199,231,223,171,226,191
199,231,231,171,224,204
199,231,239,170,220,222
199,231,247,167,214,239
199,231,255,164,208,250
199,239,0,135,224,37
199,239,7,136,225,41
199,239,15,138,226,46
199,239,23,141,228,53
199,239,31,143,229,58
199,239,39,145,231,63
199,239,47,148,233,69
199,239,55,150,235,75
199,239,63,153,236,81
199,239,71,155,237,86
199,239,79,157,238,91
199,239,87,159,239,97
199,239,95,160,240,102
199,239,103,161,240,106
199,239,111,162,240,111
199,239,119,163,240,115
199,239,127,164,240,120
199,239,135,165,240,123
199,239,143,165,240,127
199,239,151,166,240,131
199,239,159,166,240,135
199,239,167,167,240,140
199,239,175,167,240,144
199,239,183,167,240,149
199,239,191,168,240,155
199,239,199,168,241,161
199,239,207,169,241,168
199,239,215,170,241,176
199,239,223,171,241,188
199,239,231,171,241,200
199,239,239,171,238,217
199,239,247,170,235,234
199,239,255,168,230,250
199,247,0,131,235,37
199,247,7,132,236,40
199,247,15,133,237,44
199,247,23,136,238,51
199,247,31,139,240,58
199,247,39,141,242,62
199,247,47,144,243,68
199,247,55,147,245,73
199,247,63,150,246,79
199,247,71,152,247,84
199,247,79,154,248,90
199,247,87,156,249,96
199,247,95,158,250,100
199,247,103,160,250,105
199,247,111,161,250,109
199,247,119,162,251,114
199,247,127,163,251,119
199,247,135,164,251,122
199,247,143,164,251,126
199,247,151,165,251,130
199,247,159,165,251,134
199,247,167,166,251,139
199,247,175,166,251,143
199,247,183,166,251,148
199,247,191,167,250,153
199,247,199,167,250,159
199,247,207,167,250,166
199,247,215,168,251,174
199,247,223,169,251,185
199,247,231,170,251,196
199,247,239,171,251,212
199,247,247,171,250,229
199,247,255,170,247,245
199,255,0,128,245,39
199,255,7,129,245,41
199,255,15,130,246,44
199,255,23,132,247,49
199,255,31,135,249,55
199,255,39,137,250,61
199,255,47,140,251,66
199,255,55,143,252,70
199,255,63,146,254,76
199,255,71,148,254,82
199,255,79,151,254,88
199,255,87,154,255,94
199,255,95,155,255,99
199,255,103,157,255,104
199,255,111,159,255,108
199,255,119,160,255,113
199,255,127,161,255,117
199,255,135,162,255,121
199,255,143,163,255,125
199,255,151,163,255,129
199,255,159,164,255,133
199,255,167,164,255,138
199,255,175,165,255,142
199,255,183,165,255,147
199,255,191,166,255,152
199,255,199,166,255,158
199,255,207,167,254,165
199,255,215,167,254,172
199,255,223,168,254,182
199,255,231,169,255,193
199,255,239,170,255,208
199,255,247,171,255,224
199,255,255,171,254,241
207,0,0,163,3,28
207,0,7,165,3,39
207,0,15,168,4,48
207,0,23,170,5,59
207,0,31,172,5,69
207,0,39,173,5,79
207,0,47,175,5,92
207,0,55,176,5,104
207,0,63,176,5,119
207,0,71,176,5,130
207,0,79,175,4,145
207,0,87,173,4,161
207,0,95,172,6,174
207,0,103,169,8,187
207,0,111,166,10,199
207,0,119,163,14,210
207,0,127,159,18,217
207,0,135,155,20,223
207,0,143,151,24,227
207,0,151,148,27,230
207,0,159,144,30,233
207,0,167,141,33,235
207,0,175,137,37,237
207,0,183,134,39,239
207,0,191,130,42,241
207,0,199,127,44,242
207,0,207,125,46,243
207,0,215,123,48,245
207,0,223,121,49,247
207,0,231,120,50,250
207,0,239,119,49,252
207,0,247,118,48,254
207,0,255,117,47,255
207,7,0,162,4,28
207,7,7,165,4,39
207,7,15,167,5,48
207,7,23,169,6,59
207,7,31,171,7,69
207,7,39,172,7,78
207,7,47,174,8,90
207,7,55,175,7,102
207,7,63,175,7,116
207,7,71,175,7,128
207,7,79,175,7,142
207,7,87,173,7,157
207,7,95,172,9,171
207,7,103,169,11,184
207,7,111,166,13,195
207,7,119,163,16,207
207,7,127,159,20,215
207,7,135,156,23,220
207,7,143,152,27,225
207,7,151,149,30,228
207,7,159,145,33,231
207,7,167,141,37,234
207,7,175,138,40,236
207,7,183,134,43,238
207,7,191,131,45,240
207,7,199,128,47,242
207,7,207,126,49,243
207,7,215,124,51,245
207,7,223,122,52,247
207,7,231,120,54,249
207,7,239,119,54,252
207,7,247,119,52,254
207,7,255,118,51,255
207,15,0,161,5,28
207,15,7,164,6,39
207,15,15,166,7,48
207,15,23,168,9,58
207,15,31,170,9,68
207,15,39,171,10,77
207,15,47,173,10,89
207,15,55,174,11,100
207,15,63,174,11,114
207,15,71,174,11,125
207,15,79,174,11,138
207,15,87,173,12,153
207,15,95,171,13,166
207,15,103,169,15,179
207,15,111,166,17,190
207,15,119,163,20,202
207,15,127,159,24,210
207,15,135,156,27,216
207,15,143,152,31,222
207,15,151,149,34,226
207,15,159,145,38,230
207,15,167,142,41,233
207,15,175,138,44,236
207,15,183,135,47,238
207,15,191,132,49,240
207,15,199,129,51,242
207,15,207,127,53,244
207,15,215,124,54,245
207,15,223,123,56,247
207,15,231,121,57,249
207,15,239,120,59,252
207,15,247,119,58,254
207,15,255,119,56,255
207,23,0,159,8,28
207,23,7,162,10,38
207,23,15,164,11,47
207,23,23,167,13,58
207,23,31,168,14,67
207,23,39,169,15,75
207,23,47,171,16,86
207,23,55,172,17,96
207,23,63,173,17,109
207,23,71,173,17,119
207,23,79,173,18,132
207,23,87,172,18,146
207,23,95,171,19,159
207,23,103,169,21,172
207,23,111,166,23,182
207,23,119,163,26,194
207,23,127,160,29,203
207,23,135,157,32,210
207,23,143,153,36,217
207,23,151,150,40,222
207,23,159,147,44,227
207,23,167,143,47,231
207,23,175,139,51,234
207,23,183,136,53,237
207,23,191,133,55,240
207,23,199,130,57,242
207,23,207,128,58,244
207,23,215,126,60,245
207,23,223,124,61,247
207,23,231,122,63,249
207,23,239,121,63,252
207,23,247,120,64,254
207,23,255,119,63,254
207,31,0,158,15,28
207,31,7,161,16,38
207,31,15,163,18,47
207,31,23,165,20,57
207,31,31,167,21,66
207,31,39,168,23,73
207,31,47,169,24,83
207,31,55,170,24,92
207,31,63,171,25,104
207,31,71,171,25,114
207,31,79,171,26,126
207,31,87,171,26,139
207,31,95,170,27,151
207,31,103,168,28,163
207,31,111,166,30,174
207,31,119,163,33,186
207,31,127,161,35,195
207,31,135,158,38,203
207,31,143,155,41,211
207,31,151,152,44,217
207,31,159,148,48,224
207,31,167,144,51,229
207,31,175,141,55,234
207,31,183,137,58,237
207,31,191,134,61,240
207,31,199,131,64,243
207,31,207,129,65,244
207,31,215,127,66,246
207,31,223,125,67,247
207,31,231,124,67,249
207,31,239,122,68,252
207,31,247,122,68,253
207,31,255,121,68,254
207,39,0,157,23,28
207,39,7,159,24,37
207,39,15,162,26,46
207,39,23,164,28,56
207,39,31,165,30,64
207,39,39,166,31,72
207,39,47,168,32,81
207,39,55,169,33,90
207,39,63,170,34,101
207,39,71,170,34,109
207,39,79,170,34,120
207,39,87,170,35,132
207,39,95,169,36,143
207,39,103,168,37,154
207,39,111,166,38,164
207,39,119,164,40,176
207,39,127,162,42,187
207,39,135,159,44,195
207,39,143,156,47,204
207,39,151,153,50,212
207,39,159,150,53,220
207,39,167,146,56,227
207,39,175,143,59,232
207,39,183,139,62,237
207,39,191,136,65,241
207,39,199,133,68,243
207,39,207,130,70,245
207,39,215,128,72,246
207,39,223,126,73,248
207,39,231,125,73,250
207,39,239,124,73,252
207,39,247,123,73,253
207,39,255,122,72,254
207,47,0,156,31,28
207,47,7,158,33,37
207,47,15,160,35,46
207,47,23,162,37,56
207,47,31,164,39,63
207,47,39,165,40,70
207,47,47,166,41,79
207,47,55,167,42,87
207,47,63,168,42,97
207,47,71,169,42,105
207,47,79,169,43,115
207,47,87,169,43,126
207,47,95,169,43,137
207,47,103,168,44,148
207,47,111,166,45,157
207,47,119,165,46,169
207,47,127,162,48,179
207,47,135,160,50,188
207,47,143,157,52,198
207,47,151,155,55,206
207,47,159,151,58,215
207,47,167,148,60,224
207,47,175,145,63,231
207,47,183,141,65,236
207,47,191,138,68,241
207,47,199,135,70,243
207,47,207,132,73,245
207,47,215,130,74,247
207,47,223,127,76,248
207,47,231,126,77,250
207,47,239,124,77,252
207,47,247,124,76,253
207,47,255,124,76,254
207,55,0,156,39,28
207,55,7,158,41,36
207,55,15,160,43,46
207,55,23,162,45,55
207,55,31,163,47,63
207,55,39,164,48,69
207,55,47,165,50,77
207,55,55,166,50,85
207,55,63,167,51,94
207,55,71,167,51,101
207,55,79,168,52,111
207,55,87,168,52,121
207,55,95,168,52,131
207,55,103,167,52,141
207,55,111,166,52,150
207,55,119,165,53,161
207,55,127,163,55,172
207,55,135,162,56,180
207,55,143,159,58,191
207,55,151,157,60,200
207,55,159,154,62,211
207,55,167,150,64,221
207,55,175,147,67,229
207,55,183,144,69,235
207,55,191,140,72,241
207,55,199,137,74,243
207,55,207,134,76,245
207,55,215,131,77,247
207,55,223,129,78,249
207,55,231,128,79,250
207,55,239,126,79,252
207,55,247,125,79,253
207,55,255,125,79,254
207,63,0,156,47,28
207,63,7,157,48,36
207,63,15,160,50,46
207,63,23,161,52,55
207,63,31,162,54,62
207,63,39,163,55,68
207,63,47,164,57,76
207,63,55,165,58,83
207,63,63,166,59,92
207,63,71,167,59,99
207,63,79,167,59,107
207,63,87,167,59,116
207,63,95,167,59,125
207,63,103,167,59,135
207,63,111,166,60,144
207,63,119,165,60,154
207,63,127,164,61,164
207,63,135,163,62,173
207,63,143,161,63,184
207,63,151,158,65,194
207,63,159,156,66,205
207,63,167,153,68,216
207,63,175,149,70,226
207,63,183,146,72,234
207,63,191,142,75,240
207,63,199,139,77,244
207,63,207,136,78,246
207,63,215,133,80,247
207,63,223,131,81,249
207,63,231,129,82,251
207,63,239,128,82,252
207,63,247,127,82,254
207,63,255,126,81,254
207,71,0,156,55,28
207,71,7,157,57,35
207,71,15,159,59,46
207,71,23,161,61,54
207,71,31,162,63,62
207,71,39,163,64,67
207,71,47,164,66,75
207,71,55,164,67,81
207,71,63,165,67,89
207,71,71,166,68,96
207,71,79,166,68,103
207,71,87,166,68,112
207,71,95,166,68,120
207,71,103,166,68,129
207,71,111,166,68,137
207,71,119,165,68,147
207,71,127,164,68,157
207,71,135,163,69,165
207,71,143,162,70,176
207,71,151,160,71,185
207,71,159,158,72,197
207,71,167,155,74,209
207,71,175,152,75,221
207,71,183,149,77,231
207,71,191,145,79,238
207,71,199,141,80,244
207,71,207,138,82,246
207,71,215,136,83,248
207,71,223,133,84,249
207,71,231,131,85,251
207,71,239,129,85,253
207,71,247,128,85,254
207,71,255,127,85,254
207,79,0,156,63,28
207,79,7,157,64,35
207,79,15,159,66,45
207,79,23,161,68,54
207,79,31,162,70,61
207,79,39,162,71,67
207,79,47,163,72,74
207,79,55,164,73,80
207,79,63,165,74,88
207,79,71,165,74,94
207,79,79,165,74,101
207,79,87,166,75,109
207,79,95,166,75,116
207,79,103,165,75,124
207,79,111,165,75,132
207,79,119,165,75,142
207,79,127,164,75,151
207,79,135,164,75,159
207,79,143,163,76,169
207,79,151,161,76,178
207,79,159,159,77,190
207,79,167,157,78,203
207,79,175,154,80,215
207,79,183,151,81,226
207,79,191,147,82,237
207,79,199,143,84,242
207,79,207,140,85,247
207,79,215,137,86,248
207,79,223,134,87,250
207,79,231,132,87,251
207,79,239,130,88,253
207,79,247,129,88,253
207,79,255,128,88,254
207,87,0,157,71,30
207,87,7,158,72,36
207,87,15,159,74,44
207,87,23,161,76,54
207,87,31,161,77,61
207,87,39,162,79,66
207,87,47,163,80,73
207,87,55,164,81,79
207,87,63,164,81,86
207,87,71,165,82,92
207,87,79,165,82,99
207,87,87,165,82,106
207,87,95,165,82,113
207,87,103,165,82,120
207,87,111,165,82,127
207,87,119,165,82,136
207,87,127,164,82,145
207,87,135,164,82,152
207,87,143,163,82,162
207,87,151,162,83,171
207,87,159,161,83,182
207,87,167,159,84,195
207,87,175,156,85,208
207,87,183,153,86,219
207,87,191,150,87,232
207,87,199,146,88,240
207,87,207,142,89,246
207,87,215,139,89,249
207,87,223,136,90,250
207,87,231,133,91,251
207,87,239,131,91,253
207,87,247,130,91,253
207,87,255,128,90,253
207,95,0,157,78,30
207,95,7,158,79,36
207,95,15,159,81,44
207,95,23,161,83,55
207,95,31,162,84,61
207,95,39,162,85,66
207,95,47,163,86,73
207,95,55,164,87,78
207,95,63,164,88,86
207,95,71,165,88,91
207,95,79,165,88,97
207,95,87,165,88,104
207,95,95,165,88,110
207,95,103,165,88,117
207,95,111,165,88,124
207,95,119,164,88,132
207,95,127,164,88,140
207,95,135,164,88,147
207,95,143,164,88,156
207,95,151,163,88,164
207,95,159,162,89,176
207,95,167,161,89,187
207,95,175,158,90,201
207,95,183,156,90,214
207,95,191,152,91,226
207,95,199,148,92,239
207,95,207,144,92,244
207,95,215,141,93,249
207,95,223,138,93,251
207,95,231,135,94,252
207,95,239,133,94,253
207,95,247,131,94,254
207,95,255,129,93,253
207,103,0,158,86,30
207,103,7,159,87,36
207,103,15,159,88,44
207,103,23,161,89,54
207,103,31,162,91,61
207,103,39,162,92,66
207,103,47,163,93,72
207,103,55,164,93,78
207,103,63,165,94,85
207,103,71,165,94,90
207,103,79,165,94,96
207,103,87,165,94,102
207,103,95,165,94,108
207,103,103,165,94,115
207,103,111,165,94,121
207,103,119,164,94,128
207,103,127,164,94,135
207,103,135,164,94,142
207,103,143,164,94,150
207,103,151,163,94,159
207,103,159,163,94,169
207,103,167,162,94,181
207,103,175,160,95,193
207,103,183,158,95,207
207,103,191,154,96,221
207,103,199,150,96,233
207,103,207,147,96,242
207,103,215,143,96,247
207,103,223,139,97,251
207,103,231,137,97,252
207,103,239,134,97,253
207,103,247,132,96,254
207,103,255,130,96,253
207,111,0,158,93,32
207,111,7,159,93,38
207,111,15,160,94,45
207,111,23,161,96,53
207,111,31,162,97,61
207,111,39,163,98,66
207,111,47,164,99,72
207,111,55,164,99,78
207,111,63,165,100,84
207,111,71,165,100,89
207,111,79,165,100,95
207,111,87,165,100,101
207,111,95,165,100,107
207,111,103,165,100,113
207,111,111,165,100,119
207,111,119,164,100,126
207,111,127,164,100,132
207,111,135,164,100,138
207,111,143,164,100,146
207,111,151,164,100,154
207,111,159,163,100,163
207,111,167,162,100,175
207,111,175,161,100,187
207,111,183,159,100,200
207,111,191,156,100,215
207,111,199,153,100,227
207,111,207,149,100,239
207,111,215,145,100,245
207,111,223,141,100,251
207,111,231,138,100,252
207,111,239,135,100,254
207,111,247,133,99,254
207,111,255,131,99,253
207,119,0,158,99,32
207,119,7,159,99,39
207,119,15,160,100,46
207,119,23,161,101,53
207,119,31,162,103,62
207,119,39,163,103,66
207,119,47,164,104,72
207,119,55,165,105,78
207,119,63,165,105,84
207,119,71,165,105,89
207,119,79,166,105,94
207,119,87,166,105,100
207,119,95,165,105,106
207,119,103,165,105,112
207,119,111,165,105,117
207,119,119,164,104,124
207,119,127,164,104,130
207,119,135,164,104,135
207,119,143,164,104,143
207,119,151,164,104,149
207,119,159,164,104,159
207,119,167,163,104,169
207,119,175,162,104,181
207,119,183,161,105,194
207,119,191,158,104,209
207,119,199,155,104,223
207,119,207,151,104,235
207,119,215,147,104,244
207,119,223,143,104,249
207,119,231,140,103,252
207,119,239,137,103,254
207,119,247,135,102,254
207,119,255,132,101,253
207,127,0,159,105,33
207,127,7,160,106,39
207,127,15,161,107,47
207,127,23,162,108,53
207,127,31,163,109,61
207,127,39,164,110,66
207,127,47,164,110,72
207,127,55,165,111,78
207,127,63,166,111,84
207,127,71,166,111,88
207,127,79,166,111,94
207,127,87,166,111,100
207,127,95,165,111,105
207,127,103,165,111,110
207,127,111,165,110,116
207,127,119,165,110,122
207,127,127,165,110,128
207,127,135,164,110,133
207,127,143,164,110,140
207,127,151,164,110,146
207,127,159,164,110,154
207,127,167,164,110,164
207,127,175,163,110,175
207,127,183,162,110,187
207,127,191,160,110,202
207,127,199,157,109,217
207,127,207,154,109,230
207,127,215,150,108,241
207,127,223,145,108,248
207,127,231,142,107,252
207,127,239,139,106,254
207,127,247,137,105,255
207,127,255,134,105,253
207,135,0,159,110,33
207,135,7,160,111,39
207,135,15,161,112,47
207,135,23,162,113,54
207,135,31,163,114,61
207,135,39,164,115,66
207,135,47,165,116,72
207,135,55,166,116,78
207,135,63,166,116,84
207,135,71,166,116,88
207,135,79,166,116,94
207,135,87,166,116,99
207,135,95,166,116,104
207,135,103,166,116,110
207,135,111,165,115,115
207,135,119,165,115,121
207,135,127,165,115,126
207,135,135,165,115,131
207,135,143,165,115,137
207,135,151,165,115,143
207,135,159,165,115,150
207,135,167,165,115,159
207,135,175,164,115,170
207,135,183,163,115,182
207,135,191,161,114,196
207,135,199,159,114,212
207,135,207,155,113,226
207,135,215,152,112,236
207,135,223,147,111,247
207,135,231,144,111,250
207,135,239,141,109,253
207,135,247,138,108,254
207,135,255,135,107,254
207,143,0,159,116,34
207,143,7,160,116,39
207,143,15,161,117,46
207,143,23,162,118,55
207,143,31,163,119,61
207,143,39,164,120,66
207,143,47,165,121,72
207,143,55,166,122,78
207,143,63,166,122,84
207,143,71,167,122,88
207,143,79,167,122,94
207,143,87,167,121,99
207,143,95,166,121,104
207,143,103,166,121,109
207,143,111,166,121,114
207,143,119,165,120,120
207,143,127,165,120,125
207,143,135,165,120,129
207,143,143,165,120,135
207,143,151,165,120,141
207,143,159,165,120,147
207,143,167,165,120,155
207,143,175,165,120,165
207,143,183,165,120,176
207,143,191,163,119,191
207,143,199,161,119,206
207,143,207,158,118,220
207,143,215,154,117,232
207,143,223,150,116,243
207,143,231,146,114,249
207,143,239,142,113,253
207,143,247,140,112,254
207,143,255,137,110,255
207,151,0,159,121,34
207,151,7,160,122,39
207,151,15,161,123,45
207,151,23,162,124,55
207,151,31,163,125,61
207,151,39,165,126,66
207,151,47,166,127,72
207,151,55,166,127,78
207,151,63,167,127,84
207,151,71,167,127,89
207,151,79,167,127,94
207,151,87,167,127,99
207,151,95,167,127,104
207,151,103,167,126,109
207,151,111,166,126,113
207,151,119,166,126,119
207,151,127,166,126,124
207,151,135,166,126,128
207,151,143,166,125,134
207,151,151,166,125,139
207,151,159,166,125,145
207,151,167,166,125,153
207,151,175,166,125,161
207,151,183,165,125,172
207,151,191,164,125,185
207,151,199,162,124,200
207,151,207,160,123,214
207,151,215,156,122,228
207,151,223,152,120,239
207,151,231,148,119,247
207,151,239,144,117,252
207,151,247,141,115,254
207,151,255,138,114,255
207,159,0,159,127,34
207,159,7,160,127,38
207,159,15,161,128,44
207,159,23,162,130,54
207,159,31,164,131,61
207,159,39,165,132,66
207,159,47,166,133,72
207,159,55,167,133,78
207,159,63,167,133,84
207,159,71,168,133,89
207,159,79,168,133,94
207,159,87,168,133,99
207,159,95,168,133,104
207,159,103,167,132,109
207,159,111,167,132,113
207,159,119,167,132,118
207,159,127,167,132,123
207,159,135,166,132,127
207,159,143,166,131,132
207,159,151,166,131,137
207,159,159,166,131,143
207,159,167,167,131,150
207,159,175,167,131,158
207,159,183,167,131,168
207,159,191,166,131,180
207,159,199,164,130,194
207,159,207,162,129,208
207,159,215,159,128,222
207,159,223,154,126,236
207,159,231,151,124,244
207,159,239,146,121,251
207,159,247,143,119,254
207,159,255,139,117,255
207,167,0,159,133,34
207,167,7,160,133,38
207,167,15,161,134,44
207,167,23,162,135,53
207,167,31,163,137,62
207,167,39,165,138,66
207,167,47,166,139,72
207,167,55,167,139,78
207,167,63,168,140,84
207,167,71,168,140,89
207,167,79,168,140,94
207,167,87,168,140,99
207,167,95,168,139,104
207,167,103,168,139,108
207,167,111,168,139,113
207,167,119,168,138,118
207,167,127,167,138,122
207,167,135,167,138,126
207,167,143,167,138,131
207,167,151,167,138,136
207,167,159,167,138,141
207,167,167,168,138,148
207,167,175,168,138,155
207,167,183,168,137,164
207,167,191,167,137,176
207,167,199,166,136,188
207,167,207,164,136,203
207,167,215,162,134,216
207,167,223,157,132,232
207,167,231,153,129,241
207,167,239,148,126,250
207,167,247,145,124,253
207,167,255,141,121,255
207,175,0,159,139,37
207,175,7,159,140,41
207,175,15,160,140,46
207,175,23,162,142,53
207,175,31,163,143,61
207,175,39,164,144,66
207,175,47,166,145,72
207,175,55,167,146,78
207,175,63,168,146,84
207,175,71,168,147,89
207,175,79,169,146,94
207,175,87,169,146,99
207,175,95,169,146,104
207,175,103,169,146,108
207,175,111,169,145,113
207,175,119,168,145,118
207,175,127,168,145,122
207,175,135,168,145,126
207,175,143,168,144,130
207,175,151,168,144,135
207,175,159,168,144,140
207,175,167,168,144,146
207,175,175,169,144,153
207,175,183,169,144,160
207,175,191,169,144,171
207,175,199,168,143,184
207,175,207,166,142,197
207,175,215,164,141,211
207,175,223,160,138,227
207,175,231,156,135,238
207,175,239,151,132,248
207,175,247,147,128,253
207,175,255,142,125,255
207,183,0,158,145,37
207,183,7,159,146,42
207,183,15,160,148,48
207,183,23,161,149,53
207,183,31,163,151,60
207,183,39,164,152,66
207,183,47,166,153,72
207,183,55,167,154,78
207,183,63,168,154,84
207,183,71,169,155,89
207,183,79,169,155,94
207,183,87,169,155,99
207,183,95,170,155,104
207,183,103,170,154,108
207,183,111,169,154,112
207,183,119,169,154,117
207,183,127,169,153,122
207,183,135,169,153,125
207,183,143,169,153,130
207,183,151,169,153,134
207,183,159,170,153,139
207,183,167,170,153,144
207,183,175,170,152,150
207,183,183,171,152,157
207,183,191,170,152,167
207,183,199,170,151,178
207,183,207,169,151,191
207,183,215,167,149,205
207,183,223,163,146,221
207,183,231,159,143,234
207,183,239,154,139,245
207,183,247,150,135,252
207,183,255,145,131,254
207,191,0,157,152,37
207,191,7,158,154,42
207,191,15,159,155,48
207,191,23,160,157,55
207,191,31,162,158,60
207,191,39,164,160,66
207,191,47,165,161,72
207,191,55,167,162,78
207,191,63,168,163,84
207,191,71,169,163,89
207,191,79,169,163,94
207,191,87,170,163,99
207,191,95,170,163,104
207,191,103,170,163,109
207,191,111,170,163,113
207,191,119,170,163,117
207,191,127,170,162,121
207,191,135,170,162,125
207,191,143,170,162,130
207,191,151,171,162,134
207,191,159,171,162,138
207,191,167,171,162,143
207,191,175,171,161,149
207,191,183,172,161,155
207,191,191,172,161,163
207,191,199,172,160,174
207,191,207,171,159,186
207,191,215,170,158,199
207,191,223,166,155,216
207,191,231,163,152,229
207,191,239,157,147,242
207,191,247,153,143,250
207,191,255,148,138,254
207,199,0,156,160,37
207,199,7,157,161,41
207,199,15,158,163,47
207,199,23,160,165,56
207,199,31,161,167,61
207,199,39,163,168,66
207,199,47,165,170,73
207,199,55,166,171,78
207,199,63,168,172,84
207,199,71,168,173,89
207,199,79,169,173,94
207,199,87,170,173,100
207,199,95,170,173,104
207,199,103,171,173,109
207,199,111,171,172,113
207,199,119,171,172,117
207,199,127,171,172,121
207,199,135,171,172,125
207,199,143,171,172,129
207,199,151,171,171,133
207,199,159,172,171,138
207,199,167,172,171,143
207,199,175,172,171,148
207,199,183,173,171,153
207,199,191,173,171,161
207,199,199,173,170,170
207,199,207,173,169,181
207,199,215,171,168,194
207,199,223,169,165,210
207,199,231,166,162,224
207,199,239,161,156,239
207,199,247,157,151,248
207,199,255,152,146,254
207,207,0,154,169,37
207,207,7,155,170,41
207,207,15,156,172,47
207,207,23,158,174,55
207,207,31,160,176,62
207,207,39,162,177,66
207,207,47,164,179,72
207,207,55,165,180,78
207,207,63,167,181,84
207,207,71,168,182,89
207,207,79,169,182,94
207,207,87,170,182,100
207,207,95,170,183,104
207,207,103,171,183,109
207,207,111,171,183,113
207,207,119,171,183,117
207,207,127,171,182,122
207,207,135,172,182,125
207,207,143,172,182,129
207,207,151,172,182,133
207,207,159,173,182,138
207,207,167,173,182,143
207,207,175,173,182,147
207,207,183,174,181,152
207,207,191,174,181,159
207,207,199,174,181,167
207,207,207,174,180,177
207,207,215,174,179,189
207,207,223,172,176,205
207,207,231,169,172,219
207,207,239,165,167,235
207,207,247,160,161,247
207,207,255,155,155,253
207,215,0,153,180,38
207,215,7,153,181,41
207,215,15,155,182,46
207,215,23,157,184,53
207,215,31,159,187,62
207,215,39,161,188,66
207,215,47,163,190,72
207,215,55,165,191,78
207,215,63,166,193,84
207,215,71,167,194,89
207,215,79,168,194,94
207,215,87,169,195,100
207,215,95,170,195,104
207,215,103,171,195,109
207,215,111,171,195,113
207,215,119,171,195,118
207,215,127,172,195,122
207,215,135,172,195,125
207,215,143,172,194,130
207,215,151,173,194,133
207,215,159,173,195,138
207,215,167,173,195,143
207,215,175,174,195,147
207,215,183,174,195,152
207,215,191,175,194,158
207,215,199,175,194,165
207,215,207,176,193,174
207,215,215,176,193,184
207,215,223,175,190,200
207,215,231,173,187,214
207,215,239,169,182,232
207,215,247,165,175,244
207,215,255,160,168,253
207,223,0,150,194,40
207,223,7,151,195,43
207,223,15,152,196,47
207,223,23,154,197,53
207,223,31,156,199,60
207,223,39,158,201,66
207,223,47,161,203,72
207,223,55,163,205,78
207,223,63,165,206,84
207,223,71,166,207,89
207,223,79,167,208,94
207,223,87,168,209,99
207,223,95,169,209,104
207,223,103,170,209,109
207,223,111,171,209,113
207,223,119,171,209,118
207,223,127,172,209,122
207,223,135,172,209,125
207,223,143,173,209,130
207,223,151,173,209,133
207,223,159,173,209,138
207,223,167,174,209,142
207,223,175,174,209,147
207,223,183,175,209,152
207,223,191,175,209,158
207,223,199,176,209,164
207,223,207,176,209,172
207,223,215,177,209,181
207,223,223,177,207,195
207,223,231,176,204,209
207,223,239,173,199,227
207,223,247,170,193,242
207,223,255,165,186,252
207,231,0,147,206,38
207,231,7,148,207,43
207,231,15,150,209,49
207,231,23,151,210,53
207,231,31,153,212,59
207,231,39,156,214,65
207,231,47,158,216,72
207,231,55,160,217,77
207,231,63,163,219,84
207,231,71,164,220,88
207,231,79,166,221,94
207,231,87,167,222,99
207,231,95,168,222,104
207,231,103,169,223,109
207,231,111,170,223,113
207,231,119,171,223,117
207,231,127,172,223,122
207,231,135,172,223,125
207,231,143,173,223,129
207,231,151,173,223,133
207,231,159,174,223,138
207,231,167,174,223,142
207,231,175,174,223,147
207,231,183,175,223,151
207,231,191,175,223,157
207,231,199,176,223,164
207,231,207,176,223,171
207,231,215,177,223,180
207,231,223,178,223,192
207,231,231,178,222,205
207,231,239,176,218,223
207,231,247,173,212,239
207,231,255,170,205,251
207,239,0,143,219,38
207,239,7,144,220,41
207,239,15,145,222,46
207,239,23,148,223,55
207,239,31,150,225,59
207,239,39,152,227,64
207,239,47,155,229,70
207,239,55,157,231,76
207,239,63,160,232,82
207,239,71,162,234,87
207,239,79,164,235,93
207,239,87,165,236,98
207,239,95,167,236,103
207,239,103,168,237,108
207,239,111,169,237,112
207,239,119,170,237,117
207,239,127,171,237,121
207,239,135,172,237,125
207,239,143,172,238,129
207,239,151,173,238,133
207,239,159,173,238,137
207,239,167,174,238,142
207,239,175,174,238,146
207,239,183,174,238,151
207,239,191,175,238,157
207,239,199,175,238,163
207,239,207,176,238,170
207,239,215,177,239,178
207,239,223,178,239,190
207,239,231,178,239,201
207,239,239,178,237,218
207,239,247,177,232,236
207,239,255,174,228,250
207,247,0,138,231,38
207,247,7,139,232,41
207,247,15,141,233,45
207,247,23,143,235,51
207,247,31,146,237,59
207,247,39,148,238,63
207,247,47,151,240,69
207,247,55,154,242,74
207,247,63,157,244,81
207,247,71,159,245,86
207,247,79,161,246,92
207,247,87,163,247,97
207,247,95,165,248,102
207,247,103,167,249,107
207,247,111,168,249,111
207,247,119,169,249,116
207,247,127,170,249,121
207,247,135,171,249,124
207,247,143,171,249,128
207,247,151,172,249,132
207,247,159,172,249,136
207,247,167,173,249,141
207,247,175,173,249,146
207,247,183,173,249,150
207,247,191,174,249,156
207,247,199,174,249,162
207,247,207,174,249,168
207,247,215,175,250,176
207,247,223,176,250,187
207,247,231,177,250,198
207,247,239,178,250,214
207,247,247,178,249,231
207,247,255,177,246,247
207,255,0,134,242,40
207,255,7,135,243,42
207,255,15,137,244,45
207,255,23,139,245,50
207,255,31,141,247,56
207,255,39,144,248,62
207,255,47,147,250,67
207,255,55,149,251,72
207,255,63,153,252,78
207,255,71,155,253,83
207,255,79,158,253,89
207,255,87,161,253,96
207,255,95,162,254,101
207,255,103,164,254,106
207,255,111,166,254,111
207,255,119,167,254,115
207,255,127,168,254,120
207,255,135,170,255,123
207,255,143,170,255,128
207,255,151,171,255,131
207,255,159,172,255,136
207,255,167,172,255,140
207,255,175,173,254,145
207,255,183,173,254,150
207,255,191,173,254,155
207,255,199,174,254,161
207,255,207,174,254,168
207,255,215,174,254,174
207,255,223,175,254,185
207,255,231,177,255,195
207,255,239,178,255,211
207,255,247,178,255,226
207,255,255,178,254,243
215,0,0,169,2,29
215,0,7,172,3,38
215,0,15,175,3,48
215,0,23,178,4,59
215,0,31,181,4,69
215,0,39,182,4,78
215,0,47,184,4,91
215,0,55,186,4,102
215,0,63,186,4,118
215,0,71,186,4,129
215,0,79,185,4,144
215,0,87,184,6,159
215,0,95,181,8,173
215,0,103,179,10,186
215,0,111,176,12,196
215,0,119,172,15,207
215,0,127,168,17,215
215,0,135,164,20,220
215,0,143,160,23,226
215,0,151,157,26,229
215,0,159,153,29,232
215,0,167,149,33,235
215,0,175,146,36,237
215,0,183,142,38,239
215,0,191,139,41,241
215,0,199,136,44,242
215,0,207,133,46,243
215,0,215,131,49,244
215,0,223,130,50,247
215,0,231,129,49,250
215,0,239,128,48,252
215,0,247,128,47,254
215,0,255,127,47,255
215,7,0,169,4,28
215,7,7,172,4,38
215,7,15,175,5,48
215,7,23,178,6,59
215,7,31,180,6,68
215,7,39,182,6,77
215,7,47,183,7,90
215,7,55,185,7,101
215,7,63,186,7,115
215,7,71,185,7,127
215,7,79,185,7,141
215,7,87,183,8,156
215,7,95,181,10,169
215,7,103,179,12,183
215,7,111,176,14,193
215,7,119,172,18,204
215,7,127,168,20,212
215,7,135,165,23,218
215,7,143,161,26,224
215,7,151,157,29,227
215,7,159,153,32,231
215,7,167,150,36,234
215,7,175,146,39,237
215,7,183,143,41,239
215,7,191,140,44,241
215,7,199,136,47,242
215,7,207,134,49,243
215,7,215,132,52,245
215,7,223,130,55,247
215,7,231,129,54,249
215,7,239,129,52,252
215,7,247,128,51,254
215,7,255,127,51,255
215,15,0,168,5,28
215,15,7,171,6,38
215,15,15,174,7,48
215,15,23,177,8,58
215,15,31,179,9,68
215,15,39,181,9,76
215,15,47,183,10,88
215,15,55,184,10,99
215,15,63,185,10,113
215,15,71,185,10,124
215,15,79,184,11,137
215,15,87,183,12,152
215,15,95,181,13,165
215,15,103,179,15,178
215,15,111,176,18,189
215,15,119,172,21,200
215,15,127,168,24,209
215,15,135,165,27,215
215,15,143,161,30,221
215,15,151,158,33,225
215,15,159,154,36,230
215,15,167,150,39,233
215,15,175,147,42,236
215,15,183,144,45,238
215,15,191,140,48,241
215,15,199,137,50,242
215,15,207,135,52,244
215,15,215,132,55,245
215,15,223,131,58,247
215,15,231,129,59,249
215,15,239,129,58,252
215,15,247,128,56,254
215,15,255,128,55,255
215,23,0,167,9,28
215,23,7,169,10,38
215,23,15,172,12,48
215,23,23,175,13,58
215,23,31,177,14,67
215,23,39,179,15,75
215,23,47,181,16,86
215,23,55,182,16,96
215,23,63,183,16,109
215,23,71,183,16,119
215,23,79,183,17,132
215,23,87,182,18,146
215,23,95,181,19,159
215,23,103,178,21,172
215,23,111,176,23,182
215,23,119,172,26,194
215,23,127,169,29,203
215,23,135,166,32,210
215,23,143,162,36,217
215,23,151,159,39,222
215,23,159,155,42,227
215,23,167,151,46,231
215,23,175,148,48,235
215,23,183,144,51,238
215,23,191,141,54,240
215,23,199,138,56,242
215,23,207,136,58,244
215,23,215,134,60,245
215,23,223,132,62,247
215,23,231,131,63,249
215,23,239,129,65,251
215,23,247,129,64,253
215,23,255,128,62,255
215,31,0,165,14,28
215,31,7,167,16,37
215,31,15,170,18,47
215,31,23,173,20,57
215,31,31,175,21,66
215,31,39,177,22,73
215,31,47,178,23,83
215,31,55,180,24,93
215,31,63,181,24,105
215,31,71,181,24,114
215,31,79,181,25,126
215,31,87,181,25,139
215,31,95,180,27,152
215,31,103,178,28,164
215,31,111,176,30,174
215,31,119,173,32,186
215,31,127,170,35,196
215,31,135,167,37,203
215,31,143,163,41,211
215,31,151,160,44,217
215,31,159,156,48,223
215,31,167,152,52,229
215,31,175,149,55,233
215,31,183,145,58,237
215,31,191,142,60,240
215,31,199,139,62,242
215,31,207,137,64,244
215,31,215,135,65,246
215,31,223,133,67,247
215,31,231,132,68,249
215,31,239,130,69,252
215,31,247,129,70,253
215,31,255,129,70,255
215,39,0,164,22,28
215,39,7,166,23,37
215,39,15,169,26,47
215,39,23,172,28,56
215,39,31,174,30,65
215,39,39,175,31,71
215,39,47,177,32,81
215,39,55,178,33,90
215,39,63,179,34,100
215,39,71,179,34,109
215,39,79,179,35,120
215,39,87,179,35,132
215,39,95,178,35,143
215,39,103,177,36,155
215,39,111,176,37,165
215,39,119,173,39,177
215,39,127,170,41,188
215,39,135,168,43,196
215,39,143,165,46,205
215,39,151,162,49,212
215,39,159,158,52,219
215,39,167,154,56,226
215,39,175,151,59,232
215,39,183,147,62,236
215,39,191,143,65,240
215,39,199,140,68,242
215,39,207,137,70,245
215,39,215,136,71,246
215,39,223,134,72,248
215,39,231,133,73,250
215,39,239,132,73,252
215,39,247,131,73,253
215,39,255,131,73,254
215,47,0,163,29,28
215,47,7,166,31,36
215,47,15,169,34,47
215,47,23,171,36,56
215,47,31,172,38,64
215,47,39,174,39,70
215,47,47,175,40,79
215,47,55,176,41,87
215,47,63,177,42,98
215,47,71,178,42,106
215,47,79,178,43,116
215,47,87,178,43,126
215,47,95,178,43,137
215,47,103,177,44,148
215,47,111,175,45,157
215,47,119,173,46,169
215,47,127,171,48,179
215,47,135,169,49,188
215,47,143,166,52,199
215,47,151,163,54,207
215,47,159,160,57,216
215,47,167,156,60,223
215,47,175,153,62,230
215,47,183,149,65,235
215,47,191,145,68,240
215,47,199,142,70,243
215,47,207,139,73,245
215,47,215,137,75,247
215,47,223,134,76,248
215,47,231,133,77,250
215,47,239,132,77,252
215,47,247,132,76,253
215,47,255,132,76,254
215,55,0,163,38,29
215,55,7,164,39,36
215,55,15,167,42,47
215,55,23,169,44,55
215,55,31,171,46,63
215,55,39,172,48,69
215,55,47,174,49,78
215,55,55,175,50,85
215,55,63,176,51,95
215,55,71,176,51,102
215,55,79,177,51,111
215,55,87,177,51,121
215,55,95,177,51,131
215,55,103,176,52,141
215,55,111,175,52,150
215,55,119,174,53,162
215,55,127,172,54,172
215,55,135,170,56,181
215,55,143,168,57,191
215,55,151,165,59,200
215,55,159,162,61,211
215,55,167,158,64,220
215,55,175,154,67,228
215,55,183,151,69,235
215,55,191,147,71,239
215,55,199,144,74,243
215,55,207,141,76,245
215,55,215,139,77,247
215,55,223,137,79,249
215,55,231,135,80,250
215,55,239,133,80,252
215,55,247,132,80,253
215,55,255,133,79,254
215,63,0,163,45,29
215,63,7,165,47,36
215,63,15,167,49,46
215,63,23,169,51,55
215,63,31,170,54,63
215,63,39,171,55,69
215,63,47,173,57,76
215,63,55,174,58,84
215,63,63,175,58,92
215,63,71,175,59,99
215,63,79,176,59,108
215,63,87,176,59,117
215,63,95,175,59,126
215,63,103,175,59,135
215,63,111,175,59,144
215,63,119,174,60,154
215,63,127,172,61,165
215,63,135,171,61,173
215,63,143,169,63,184
215,63,151,167,64,193
215,63,159,164,66,205
215,63,167,161,68,216
215,63,175,157,70,225
215,63,183,153,72,233
215,63,191,149,75,239
215,63,199,146,77,243
215,63,207,143,78,245
215,63,215,140,80,247
215,63,223,138,81,249
215,63,231,136,82,251
215,63,239,135,82,252
215,63,247,134,82,253
215,63,255,134,81,254
215,71,0,163,54,29
215,71,7,164,55,35
215,71,15,166,58,45
215,71,23,168,60,55
215,71,31,170,62,62
215,71,39,171,63,68
215,71,47,172,65,75
215,71,55,173,66,82
215,71,63,174,67,90
215,71,71,174,67,96
215,71,79,175,68,104
215,71,87,175,68,113
215,71,95,175,68,121
215,71,103,174,68,129
215,71,111,174,68,137
215,71,119,173,68,147
215,71,127,173,68,157
215,71,135,172,69,165
215,71,143,170,70,176
215,71,151,168,71,185
215,71,159,166,72,196
215,71,167,163,74,208
215,71,175,160,75,219
215,71,183,156,77,228
215,71,191,152,79,237
215,71,199,148,80,242
215,71,207,145,82,246
215,71,215,142,83,248
215,71,223,139,84,249
215,71,231,137,85,251
215,71,239,136,86,253
215,71,247,135,85,253
215,71,255,135,85,254
215,79,0,164,61,30
215,79,7,165,62,36
215,79,15,166,64,44
215,79,23,168,67,55
215,79,31,169,69,62
215,79,39,170,70,68
215,79,47,171,72,74
215,79,55,172,73,81
215,79,63,173,74,89
215,79,71,173,74,94
215,79,79,174,74,102
215,79,87,174,74,110
215,79,95,174,74,117
215,79,103,174,74,125
215,79,111,174,74,133
215,79,119,173,74,142
215,79,127,173,74,151
215,79,135,172,75,159
215,79,143,171,75,169
215,79,151,169,76,179
215,79,159,167,77,189
215,79,167,165,78,202
215,79,175,161,80,213
215,79,183,158,81,224
215,79,191,154,82,235
215,79,199,151,84,242
215,79,207,147,85,246
215,79,215,144,86,248
215,79,223,141,87,250
215,79,231,139,88,251
215,79,239,137,88,253
215,79,247,135,88,254
215,79,255,135,88,254
215,87,0,164,69,31
215,87,7,165,71,37
215,87,15,166,72,44
215,87,23,168,74,55
215,87,31,169,76,62
215,87,39,170,78,67
215,87,47,171,79,74
215,87,55,172,80,80
215,87,63,173,81,87
215,87,71,173,81,93
215,87,79,173,82,99
215,87,87,174,82,107
215,87,95,174,82,114
215,87,103,173,82,121
215,87,111,173,82,128
215,87,119,173,82,137
215,87,127,172,82,145
215,87,135,172,82,152
215,87,143,171,82,163
215,87,151,171,82,171
215,87,159,169,83,183
215,87,167,167,84,194
215,87,175,164,85,207
215,87,183,161,86,218
215,87,191,157,87,230
215,87,199,153,88,240
215,87,207,149,89,245
215,87,215,145,90,249
215,87,223,142,91,251
215,87,231,140,91,252
215,87,239,138,91,253
215,87,247,137,91,254
215,87,255,136,91,253
215,95,0,164,77,31
215,95,7,166,78,38
215,95,15,167,79,44
215,95,23,168,81,54
215,95,31,169,83,62
215,95,39,170,84,67
215,95,47,171,86,73
215,95,55,172,87,79
215,95,63,172,87,86
215,95,71,173,88,92
215,95,79,173,88,98
215,95,87,173,88,105
215,95,95,173,88,111
215,95,103,173,88,118
215,95,111,173,88,124
215,95,119,173,88,133
215,95,127,172,88,140
215,95,135,172,88,147
215,95,143,172,88,157
215,95,151,171,88,165
215,95,159,170,88,176
215,95,167,168,89,187
215,95,175,166,90,200
215,95,183,163,90,212
215,95,191,159,91,225
215,95,199,155,92,236
215,95,207,151,92,244
215,95,215,148,93,248
215,95,223,144,94,251
215,95,231,142,94,252
215,95,239,139,94,253
215,95,247,138,94,254
215,95,255,136,94,253
215,103,0,165,84,31
215,103,7,166,85,38
215,103,15,167,86,45
215,103,23,168,88,54
215,103,31,169,89,62
215,103,39,170,91,67
215,103,47,171,92,73
215,103,55,172,93,79
215,103,63,173,93,86
215,103,71,173,94,91
215,103,79,173,94,97
215,103,87,173,94,103
215,103,95,173,94,109
215,103,103,173,94,116
215,103,111,173,94,122
215,103,119,172,94,129
215,103,127,172,94,136
215,103,135,172,94,143
215,103,143,172,94,151
215,103,151,171,94,159
215,103,159,171,94,169
215,103,167,169,94,181
215,103,175,168,94,193
215,103,183,165,95,206
215,103,191,162,96,220
215,103,199,158,96,232
215,103,207,153,96,242
215,103,215,150,97,247
215,103,223,146,97,251
215,103,231,143,97,252
215,103,239,140,97,253
215,103,247,138,97,254
215,103,255,136,97,253
215,111,0,165,91,32
215,111,7,166,92,38
215,111,15,167,93,46
215,111,23,168,94,54
215,111,31,169,96,62
215,111,39,170,97,67
215,111,47,171,98,73
215,111,55,172,99,79
215,111,63,173,99,85
215,111,71,173,100,90
215,111,79,173,100,96
215,111,87,173,100,102
215,111,95,173,100,108
215,111,103,173,100,114
215,111,111,173,100,120
215,111,119,173,99,127
215,111,127,172,99,133
215,111,135,172,99,139
215,111,143,172,99,147
215,111,151,172,99,154
215,111,159,171,99,164
215,111,167,170,100,174
215,111,175,169,100,187
215,111,183,167,100,199
215,111,191,164,100,214
215,111,199,160,100,227
215,111,207,156,101,238
215,111,215,152,101,246
215,111,223,148,101,250
215,111,231,145,100,252
215,111,239,142,100,254
215,111,247,140,100,254
215,111,255,137,100,253
215,119,0,166,97,32
215,119,7,167,97,38
215,119,15,168,99,47
215,119,23,169,100,54
215,119,31,170,101,62
215,119,39,171,102,67
215,119,47,172,103,73
215,119,55,172,104,78
215,119,63,173,104,85
215,119,71,173,105,90
215,119,79,173,105,95
215,119,87,173,105,101
215,119,95,173,105,107
215,119,103,173,105,112
215,119,111,173,104,118
215,119,119,172,104,125
215,119,127,172,104,131
215,119,135,172,104,136
215,119,143,172,104,143
215,119,151,172,104,150
215,119,159,172,104,159
215,119,167,171,104,169
215,119,175,170,104,181
215,119,183,168,104,194
215,119,191,165,104,209
215,119,199,162,104,223
215,119,207,158,104,234
215,119,215,154,104,244
215,119,223,150,104,249
215,119,231,146,104,252
215,119,239,143,103,254
215,119,247,140,102,254
215,119,255,138,102,253
215,127,0,166,103,33
215,127,7,166,104,39
215,127,15,168,105,47
215,127,23,169,106,55
215,127,31,170,108,61
215,127,39,171,109,67
215,127,47,172,109,73
215,127,55,173,110,78
215,127,63,173,110,85
215,127,71,174,111,89
215,127,79,174,111,95
215,127,87,174,110,100
215,127,95,174,110,106
215,127,103,173,110,111
215,127,111,173,110,117
215,127,119,173,110,123
215,127,127,172,110,129
215,127,135,172,110,134
215,127,143,172,110,140
215,127,151,172,110,146
215,127,159,172,110,154
215,127,167,172,110,164
215,127,175,171,110,175
215,127,183,170,110,187
215,127,191,168,110,202
215,127,199,164,109,217
215,127,207,161,109,231
215,127,215,156,108,240
215,127,223,152,108,249
215,127,231,148,107,251
215,127,239,145,106,254
215,127,247,143,106,254
215,127,255,140,105,254
215,135,0,166,109,33
215,135,7,167,109,39
215,135,15,168,110,46
215,135,23,169,112,55
215,135,31,170,113,61
215,135,39,171,114,67
215,135,47,172,115,73
215,135,55,173,115,78
215,135,63,174,116,85
215,135,71,174,116,89
215,135,79,174,116,95
215,135,87,174,116,100
215,135,95,174,115,105
215,135,103,173,115,111
215,135,111,173,115,116
215,135,119,173,115,122
215,135,127,173,115,127
215,135,135,172,114,132
215,135,143,172,114,138
215,135,151,172,114,144
215,135,159,172,114,151
215,135,167,172,115,159
215,135,175,171,115,170
215,135,183,171,114,181
215,135,191,169,114,196
215,135,199,166,114,211
215,135,207,163,113,225
215,135,215,159,112,236
215,135,223,154,112,246
215,135,231,150,111,250
215,135,239,146,110,254
215,135,247,144,109,254
215,135,255,142,108,254
215,143,0,166,114,34
215,143,7,167,115,39
215,143,15,168,116,46
215,143,23,170,117,56
215,143,31,171,118,62
215,143,39,172,119,67
215,143,47,173,120,73
215,143,55,173,120,78
215,143,63,174,121,85
215,143,71,174,121,89
215,143,79,174,121,95
215,143,87,175,121,100
215,143,95,174,120,105
215,143,103,174,120,110
215,143,111,174,120,115
215,143,119,173,120,121
215,143,127,173,120,126
215,143,135,173,120,130
215,143,143,173,119,136
215,143,151,173,119,141
215,143,159,173,119,148
215,143,167,173,120,156
215,143,175,173,120,165
215,143,183,172,119,177
215,143,191,170,119,191
215,143,199,168,119,206
215,143,207,165,118,220
215,143,215,161,117,233
215,143,223,156,116,242
215,143,231,152,115,249
215,143,239,148,113,253
215,143,247,145,112,254
215,143,255,142,111,255
215,151,0,167,119,35
215,151,7,167,120,39
215,151,15,168,121,45
215,151,23,170,122,55
215,151,31,171,124,62
215,151,39,172,125,67
215,151,47,173,126,73
215,151,55,174,126,79
215,151,63,174,126,85
215,151,71,175,126,89
215,151,79,175,126,95
215,151,87,175,126,100
215,151,95,175,126,105
215,151,103,174,126,110
215,151,111,174,126,114
215,151,119,174,125,120
215,151,127,173,125,125
215,151,135,173,125,129
215,151,143,173,125,134
215,151,151,173,125,139
215,151,159,173,125,146
215,151,167,173,125,153
215,151,175,173,125,161
215,151,183,173,125,172
215,151,191,172,125,185
215,151,199,170,124,200
215,151,207,167,123,214
215,151,215,163,122,227
215,151,223,159,120,239
215,151,231,154,119,247
215,151,239,150,117,252
215,151,247,147,115,254
215,151,255,143,114,254
215,159,0,167,125,34
215,159,7,167,126,39
215,159,15,168,126,45
215,159,23,169,128,53
215,159,31,171,129,62
215,159,39,172,130,67
215,159,47,173,131,73
215,159,55,174,132,79
215,159,63,175,132,85
215,159,71,175,132,89
215,159,79,175,132,95
215,159,87,175,132,100
215,159,95,175,132,105
215,159,103,175,132,110
215,159,111,175,131,114
215,159,119,174,131,119
215,159,127,174,131,124
215,159,135,174,131,128
215,159,143,174,131,133
215,159,151,174,131,138
215,159,159,174,131,144
215,159,167,174,131,151
215,159,175,174,131,159
215,159,183,174,131,167
215,159,191,173,130,180
215,159,199,172,130,194
215,159,207,169,129,208
215,159,215,166,128,221
215,159,223,161,126,236
215,159,231,157,124,244
215,159,239,152,121,251
215,159,247,148,119,254
215,159,255,144,117,255
215,167,0,167,131,36
215,167,7,167,131,40
215,167,15,168,132,45
215,167,23,170,133,53
215,167,31,171,135,62
215,167,39,172,136,67
215,167,47,173,137,73
215,167,55,174,138,79
215,167,63,175,138,85
215,167,71,175,139,89
215,167,79,176,139,95
215,167,87,176,138,100
215,167,95,176,138,105
215,167,103,176,138,109
215,167,111,175,138,114
215,167,119,175,137,119
215,167,127,175,137,123
215,167,135,175,137,127
215,167,143,175,137,132
215,167,151,174,137,136
215,167,159,174,137,142
215,167,167,174,137,148
215,167,175,175,137,156
215,167,183,175,137,164
215,167,191,175,137,176
215,167,199,174,136,188
215,167,207,172,135,203
215,167,215,169,134,216
215,167,223,164,132,231
215,167,231,159,129,241
215,167,239,154,126,250
215,167,247,150,124,253
215,167,255,146,121,255
215,175,0,166,136,37
215,175,7,167,137,42
215,175,15,168,138,47
215,175,23,169,139,54
215,175,31,171,141,61
215,175,39,172,142,67
215,175,47,173,143,73
215,175,55,174,144,79
215,175,63,175,145,85
215,175,71,176,145,90
215,175,79,176,145,95
215,175,87,177,145,100
215,175,95,176,145,105
215,175,103,176,145,109
215,175,111,176,144,113
215,175,119,176,144,118
215,175,127,176,144,123
215,175,135,176,144,127
215,175,143,176,143,131
215,175,151,176,143,136
215,175,159,176,143,141
215,175,167,176,143,147
215,175,175,176,143,153
215,175,183,176,143,161
215,175,191,176,143,171
215,175,199,175,143,184
215,175,207,174,142,197
215,175,215,171,141,211
215,175,223,167,138,227
215,175,231,162,135,238
215,175,239,156,131,248
215,175,247,152,128,253
215,175,255,147,125,255
215,183,0,166,143,37
215,183,7,166,144,42
215,183,15,168,145,49
215,183,23,169,147,55
215,183,31,170,148,61
215,183,39,172,150,67
215,183,47,173,151,73
215,183,55,174,152,79
215,183,63,175,153,85
215,183,71,176,153,90
215,183,79,177,153,95
215,183,87,177,153,100
215,183,95,177,153,105
215,183,103,177,153,109
215,183,111,177,153,113
215,183,119,177,152,118
215,183,127,177,152,123
215,183,135,177,152,126
215,183,143,177,152,131
215,183,151,177,151,135
215,183,159,177,151,140
215,183,167,177,151,145
215,183,175,177,151,151
215,183,183,178,151,158
215,183,191,178,151,167
215,183,199,178,151,178
215,183,207,176,150,192
215,183,215,174,148,205
215,183,223,170,146,221
215,183,231,165,143,233
215,183,239,160,138,245
215,183,247,155,135,252
215,183,255,150,130,254
215,191,0,165,149,37
215,191,7,166,150,42
215,191,15,167,152,48
215,191,23,168,154,56
215,191,31,170,156,62
215,191,39,171,157,67
215,191,47,173,159,73
215,191,55,174,160,79
215,191,63,176,161,85
215,191,71,176,161,90
215,191,79,177,162,95
215,191,87,177,162,100
215,191,95,178,162,105
215,191,103,178,161,110
215,191,111,178,161,113
215,191,119,178,161,118
215,191,127,178,161,122
215,191,135,178,161,126
215,191,143,178,160,131
215,191,151,178,160,135
215,191,159,178,160,139
215,191,167,178,160,144
215,191,175,179,160,150
215,191,183,179,160,156
215,191,191,179,160,164
215,191,199,179,159,174
215,191,207,178,159,186
215,191,215,177,157,200
215,191,223,173,155,216
215,191,231,169,151,229
215,191,239,163,146,243
215,191,247,158,142,250
215,191,255,153,137,254
215,199,0,164,157,38
215,199,7,165,158,41
215,199,15,166,159,47
215,199,23,168,162,56
215,199,31,169,164,62
215,199,39,171,165,67
215,199,47,173,167,73
215,199,55,174,168,79
215,199,63,176,169,85
215,199,71,176,170,90
215,199,79,177,170,95
215,199,87,178,171,100
215,199,95,178,171,105
215,199,103,178,171,110
215,199,111,178,170,114
215,199,119,178,170,118
215,199,127,178,170,122
215,199,135,179,170,126
215,199,143,179,170,130
215,199,151,179,170,134
215,199,159,179,169,139
215,199,167,179,169,144
215,199,175,180,169,149
215,199,183,180,169,154
215,199,191,180,169,161
215,199,199,180,169,170
215,199,207,180,168,181
215,199,215,179,166,194
215,199,223,176,164,210
215,199,231,173,161,224
215,199,239,167,155,239
215,199,247,162,150,248
215,199,255,156,145,254
215,207,0,163,164,38
215,207,7,164,165,42
215,207,15,165,167,47
215,207,23,167,169,55
215,207,31,169,172,63
215,207,39,170,173,67
215,207,47,172,176,73
215,207,55,174,177,79
215,207,63,175,179,85
215,207,71,176,179,90
215,207,79,177,180,95
215,207,87,178,180,101
215,207,95,178,180,105
215,207,103,179,180,110
215,207,111,179,180,114
215,207,119,179,180,118
215,207,127,179,180,123
215,207,135,180,180,126
215,207,143,180,180,130
215,207,151,180,180,134
215,207,159,180,180,139
215,207,167,180,179,144
215,207,175,181,179,148
215,207,183,181,179,153
215,207,191,181,179,160
215,207,199,182,179,167
215,207,207,182,178,177
215,207,215,181,177,189
215,207,223,179,174,205
215,207,231,176,171,219
215,207,239,171,166,235
215,207,247,166,160,247
215,207,255,160,154,253
215,215,0,161,175,39
215,215,7,162,176,42
215,215,15,163,178,47
215,215,23,165,180,54
215,215,31,167,182,62
215,215,39,169,184,68
215,215,47,171,186,73
215,215,55,173,188,79
215,215,63,174,189,85
215,215,71,175,190,90
215,215,79,177,191,95
215,215,87,177,192,101
215,215,95,178,192,105
215,215,103,179,192,110
215,215,111,179,192,114
215,215,119,179,192,119
215,215,127,180,192,123
215,215,135,180,192,126
215,215,143,180,192,131
215,215,151,181,192,134
215,215,159,181,192,139
215,215,167,181,192,144
215,215,175,182,192,148
215,215,183,182,192,153
215,215,191,182,192,159
215,215,199,183,191,166
215,215,207,183,191,174
215,215,215,183,190,184
215,215,223,182,188,200
215,215,231,180,185,214
215,215,239,176,179,232
215,215,247,171,173,244
215,215,255,165,166,254
215,223,0,159,188,40
215,223,7,160,189,45
215,223,15,161,190,49
215,223,23,163,192,54
215,223,31,165,194,61
215,223,39,167,196,67
215,223,47,169,198,73
215,223,55,171,200,79
215,223,63,173,202,85
215,223,71,174,203,90
215,223,79,176,204,95
215,223,87,177,205,100
215,223,95,177,206,105
215,223,103,178,206,110
215,223,111,179,206,114
215,223,119,179,206,119
215,223,127,180,206,123
215,223,135,180,206,126
215,223,143,181,206,131
215,223,151,181,206,134
215,223,159,182,206,139
215,223,167,182,206,144
215,223,175,182,206,148
215,223,183,182,206,153
215,223,191,183,206,159
215,223,199,183,206,165
215,223,207,184,206,173
215,223,215,185,205,182
215,223,223,185,204,196
215,223,231,183,202,210
215,223,239,180,197,228
215,223,247,176,191,243
215,223,255,171,184,251
215,231,0,156,201,39
215,231,7,157,202,43
215,231,15,158,203,49
215,231,23,160,205,55
215,231,31,162,207,61
215,231,39,164,209,66
215,231,47,167,211,73
215,231,55,169,213,78
215,231,63,171,215,85
215,231,71,173,216,89
215,231,79,174,217,95
215,231,87,176,218,100
215,231,95,177,219,105
215,231,103,178,219,110
215,231,111,178,220,114
215,231,119,179,220,119
215,231,127,180,220,123
215,231,135,180,220,127
215,231,143,181,220,131
215,231,151,181,220,135
215,231,159,182,220,139
215,231,167,182,220,143
215,231,175,182,220,148
215,231,183,183,220,153
215,231,191,183,220,158
215,231,199,184,220,165
215,231,207,184,220,172
215,231,215,185,221,181
215,231,223,186,220,193
215,231,231,186,219,206
215,231,239,184,215,224
215,231,247,181,210,239
215,231,255,177,203,251
215,239,0,152,214,38
215,239,7,153,215,42
215,239,15,154,217,47
215,239,23,157,219,55
215,239,31,159,220,61
215,239,39,161,222,65
215,239,47,164,224,72
215,239,55,166,226,77
215,239,63,168,228,84
215,239,71,170,229,89
215,239,79,172,231,94
215,239,87,174,232,100
215,239,95,175,233,105
215,239,103,176,233,110
215,239,111,177,234,114
215,239,119,179,234,119
215,239,127,179,234,123
215,239,135,180,235,126
215,239,143,181,235,131
215,239,151,181,235,135
215,239,159,182,235,139
215,239,167,182,235,144
215,239,175,183,235,148
215,239,183,183,235,153
215,239,191,183,236,159
215,239,199,183,236,165
215,239,207,184,236,172
215,239,215,185,236,180
215,239,223,186,237,192
215,239,231,187,237,203
215,239,239,186,235,220
215,239,247,184,230,237
215,239,255,182,225,250
215,247,0,148,227,39
215,247,7,149,228,42
215,247,15,150,229,46
215,247,23,152,230,52
215,247,31,155,233,60
215,247,39,157,234,65
215,247,47,160,236,71
215,247,55,162,238,76
215,247,63,165,240,82
215,247,71,167,241,87
215,247,79,170,243,93
215,247,87,172,244,99
215,247,95,173,245,104
215,247,103,175,246,109
215,247,111,176,246,113
215,247,119,178,246,118
215,247,127,179,247,123
215,247,135,179,247,126
215,247,143,180,247,131
215,247,151,181,247,135
215,247,159,181,247,139
215,247,167,182,248,144
215,247,175,182,248,148
215,247,183,182,248,153
215,247,191,182,248,158
215,247,199,183,248,164
215,247,207,183,248,171
215,247,215,184,249,179
215,247,223,185,249,190
215,247,231,186,250,201
215,247,239,187,250,216
215,247,247,186,247,233
215,247,255,185,244,249
215,255,0,144,239,41
215,255,7,145,240,43
215,255,15,146,241,46
215,255,23,148,242,51
215,255,31,150,244,57
215,255,39,153,245,62
215,255,47,156,247,68
215,255,55,158,248,73
215,255,63,162,250,79
215,255,71,164,251,84
215,255,79,167,251,91
215,255,87,169,252,98
215,255,95,171,253,103
215,255,103,173,253,108
215,255,111,175,254,113
215,255,119,176,254,118
215,255,127,178,254,122
215,255,135,179,254,126
215,255,143,179,254,130
215,255,151,180,254,134
215,255,159,181,254,139
215,255,167,181,254,143
215,255,175,182,254,148
215,255,183,182,254,153
215,255,191,182,254,158
215,255,199,183,254,164
215,255,207,183,254,171
215,255,215,184,254,178
215,255,223,185,254,188
215,255,231,185,254,198
215,255,239,187,255,213
215,255,247,187,255,229
215,255,255,187,255,245
223,0,0,178,0,29
223,0,7,181,1,38
223,0,15,185,1,49
223,0,23,188,2,59
223,0,31,191,2,69
223,0,39,193,3,77
223,0,47,195,4,90
223,0,55,197,4,101
223,0,63,198,5,116
223,0,71,198,6,128
223,0,79,197,7,143
223,0,87,195,8,158
223,0,95,193,10,171
223,0,103,190,11,184
223,0,111,187,13,195
223,0,119,183,15,206
223,0,127,179,17,214
223,0,135,176,19,220
223,0,143,171,22,226
223,0,151,168,25,230
223,0,159,164,29,233
223,0,167,160,32,236
223,0,175,157,35,238
223,0,183,153,39,240
223,0,191,150,42,241
223,0,199,147,45,242
223,0,207,145,46,243
223,0,215,143,47,245
223,0,223,142,48,247
223,0,231,141,48,250
223,0,239,141,48,252
223,0,247,140,49,254
223,0,255,139,50,255
223,7,0,177,2,29
223,7,7,180,2,38
223,7,15,184,3,49
223,7,23,187,3,59
223,7,31,190,4,68
223,7,39,192,4,76
223,7,47,195,5,88
223,7,55,196,5,100
223,7,63,197,7,114
223,7,71,197,8,126
223,7,79,197,9,140
223,7,87,195,10,155
223,7,95,193,12,168
223,7,103,190,13,181
223,7,111,187,15,192
223,7,119,183,17,203
223,7,127,179,19,211
223,7,135,176,22,218
223,7,143,172,25,224
223,7,151,168,28,228
223,7,159,164,31,232
223,7,167,161,35,235
223,7,175,157,38,237
223,7,183,154,41,239
223,7,191,151,45,241
223,7,199,148,48,242
223,7,207,145,50,243
223,7,215,143,52,245
223,7,223,142,52,247
223,7,231,141,52,249
223,7,239,141,52,252
223,7,247,140,52,254
223,7,255,140,52,255
223,15,0,177,3,29
223,15,7,180,4,38
223,15,15,183,5,49
223,15,23,187,6,58
223,15,31,189,7,68
223,15,39,191,7,76
223,15,47,194,8,87
223,15,55,195,9,98
223,15,63,196,9,112
223,15,71,197,10,123
223,15,79,196,11,136
223,15,87,195,13,151
223,15,95,193,14,164
223,15,103,190,16,177
223,15,111,187,18,188
223,15,119,184,20,199
223,15,127,180,23,208
223,15,135,177,25,215
223,15,143,172,29,221
223,15,151,169,31,226
223,15,159,165,35,230
223,15,167,161,38,234
223,15,175,158,42,237
223,15,183,155,45,239
223,15,191,151,48,241
223,15,199,148,51,242
223,15,207,146,54,243
223,15,215,144,57,245
223,15,223,142,58,247
223,15,231,141,58,249
223,15,239,141,57,252
223,15,247,140,56,253
223,15,255,140,56,255
223,23,0,176,8,29
223,23,7,179,9,37
223,23,15,182,10,49
223,23,23,185,12,58
223,23,31,188,13,67
223,23,39,190,14,74
223,23,47,192,15,85
223,23,55,194,15,96
223,23,63,195,16,108
223,23,71,195,16,119
223,23,79,195,17,131
223,23,87,194,18,145
223,23,95,192,20,158
223,23,103,190,22,170
223,23,111,187,24,181
223,23,119,184,26,193
223,23,127,180,29,202
223,23,135,177,31,209
223,23,143,173,34,216
223,23,151,170,37,222
223,23,159,166,41,227
223,23,167,162,44,231
223,23,175,159,47,235
223,23,183,156,50,238
223,23,191,152,53,240
223,23,199,149,56,242
223,23,207,147,59,244
223,23,215,145,61,245
223,23,223,143,64,247
223,23,231,141,66,249
223,23,239,141,64,252
223,23,247,141,63,253
223,23,255,141,61,255
223,31,0,174,13,29
223,31,7,177,15,37
223,31,15,181,17,48
223,31,23,184,19,57
223,31,31,186,20,66
223,31,39,188,21,73
223,31,47,190,22,83
223,31,55,192,23,93
223,31,63,193,24,105
223,31,71,193,24,115
223,31,79,193,25,126
223,31,87,193,25,139
223,31,95,191,26,151
223,31,103,189,28,163
223,31,111,187,30,174
223,31,119,184,32,186
223,31,127,181,35,195
223,31,135,178,38,203
223,31,143,174,41,211
223,31,151,171,44,217
223,31,159,167,47,224
223,31,167,163,50,229
223,31,175,160,53,233
223,31,183,156,56,237
223,31,191,153,59,240
223,31,199,150,61,242
223,31,207,148,64,244
223,31,215,146,66,246
223,31,223,144,69,247
223,31,231,142,70,249
223,31,239,141,71,251
223,31,247,141,70,253
223,31,255,141,68,254
223,39,0,173,21,29
223,39,7,175,22,37
223,39,15,179,25,47
223,39,23,182,27,56
223,39,31,184,29,65
223,39,39,186,30,71
223,39,47,188,32,81
223,39,55,189,32,90
223,39,63,190,33,101
223,39,71,191,33,110
223,39,79,191,34,121
223,39,87,191,34,133
223,39,95,190,35,144
223,39,103,189,36,156
223,39,111,187,37,166
223,39,119,184,39,178
223,39,127,182,41,188
223,39,135,179,43,196
223,39,143,176,46,206
223,39,151,173,49,212
223,39,159,169,52,220
223,39,167,165,55,226
223,39,175,161,59,231
223,39,183,157,62,235
223,39,191,154,64,239
223,39,199,151,67,242
223,39,207,148,69,244
223,39,215,146,71,246
223,39,223,145,72,248
223,39,231,143,74,249
223,39,239,143,74,251
223,39,247,142,74,253
223,39,255,141,74,254
223,47,0,172,28,29
223,47,7,175,30,37
223,47,15,178,32,46
223,47,23,180,35,56
223,47,31,183,37,64
223,47,39,184,39,70
223,47,47,186,40,79
223,47,55,187,41,87
223,47,63,188,42,97
223,47,71,188,42,105
223,47,79,189,43,116
223,47,87,189,43,127
223,47,95,188,43,137
223,47,103,187,44,148
223,47,111,186,44,158
223,47,119,184,46,170
223,47,127,182,47,181
223,47,135,180,49,189
223,47,143,177,51,199
223,47,151,174,53,207
223,47,159,170,56,216
223,47,167,167,59,223
223,47,175,163,62,229
223,47,183,159,65,235
223,47,191,155,68,239
223,47,199,152,71,242
223,47,207,149,73,244
223,47,215,147,74,246
223,47,223,145,76,248
223,47,231,144,77,250
223,47,239,143,77,252
223,47,247,143,77,253
223,47,255,143,77,254
223,55,0,172,36,30
223,55,7,174,38,37
223,55,15,177,40,46
223,55,23,179,43,56
223,55,31,181,45,64
223,55,39,183,47,70
223,55,47,184,48,78
223,55,55,185,49,85
223,55,63,187,50,95
223,55,71,187,51,102
223,55,79,187,51,112
223,55,87,187,51,122
223,55,95,187,51,131
223,55,103,186,52,141
223,55,111,185,52,150
223,55,119,184,53,161
223,55,127,182,54,172
223,55,135,181,55,181
223,55,143,178,57,192
223,55,151,176,59,201
223,55,159,172,61,211
223,55,167,169,63,220
223,55,175,165,66,227
223,55,183,161,68,233
223,55,191,158,71,238
223,55,199,154,74,242
223,55,207,151,76,245
223,55,215,149,77,246
223,55,223,146,79,249
223,55,231,144,80,250
223,55,239,143,80,252
223,55,247,144,80,253
223,55,255,144,79,254
223,63,0,172,44,30
223,63,7,173,45,37
223,63,15,176,48,45
223,63,23,178,51,56
223,63,31,180,53,63
223,63,39,181,54,69
223,63,47,183,56,77
223,63,55,184,57,84
223,63,63,185,58,93
223,63,71,186,58,100
223,63,79,186,59,108
223,63,87,186,59,118
223,63,95,186,59,126
223,63,103,186,59,136
223,63,111,185,59,145
223,63,119,184,60,155
223,63,127,183,60,165
223,63,135,181,61,174
223,63,143,179,62,185
223,63,151,177,64,194
223,63,159,174,66,205
223,63,167,170,68,215
223,63,175,167,70,225
223,63,183,163,72,231
223,63,191,159,75,238
223,63,199,156,77,242
223,63,207,152,79,245
223,63,215,150,80,247
223,63,223,148,82,249
223,63,231,146,82,251
223,63,239,144,83,252
223,63,247,144,82,253
223,63,255,144,82,254
223,71,0,172,52,30
223,71,7,174,54,37
223,71,15,176,56,45
223,71,23,178,59,56
223,71,31,179,61,63
223,71,39,180,63,69
223,71,47,182,64,76
223,71,55,183,66,82
223,71,63,184,67,91
223,71,71,184,67,97
223,71,79,185,67,105
223,71,87,185,68,113
223,71,95,185,68,121
223,71,103,184,68,130
223,71,111,184,68,138
223,71,119,184,68,148
223,71,127,183,68,157
223,71,135,182,68,166
223,71,143,180,69,176
223,71,151,178,70,186
223,71,159,176,71,197
223,71,167,173,73,208
223,71,175,169,75,219
223,71,183,166,77,228
223,71,191,162,79,236
223,71,199,158,80,241
223,71,207,154,82,245
223,71,215,151,83,247
223,71,223,149,85,249
223,71,231,147,85,251
223,71,239,146,86,253
223,71,247,145,86,254
223,71,255,145,85,254
223,79,0,172,59,31
223,79,7,174,61,38
223,79,15,175,63,45
223,79,23,178,66,56
223,79,31,179,68,63
223,79,39,180,69,68
223,79,47,181,71,75
223,79,55,182,72,81
223,79,63,183,73,89
223,79,71,183,73,95
223,79,79,184,74,102
223,79,87,184,74,110
223,79,95,184,74,118
223,79,103,184,74,126
223,79,111,184,74,133
223,79,119,183,74,143
223,79,127,183,74,151
223,79,135,182,74,159
223,79,143,181,75,170
223,79,151,180,76,179
223,79,159,177,77,190
223,79,167,175,78,202
223,79,175,172,79,213
223,79,183,168,81,224
223,79,191,164,82,233
223,79,199,160,84,241
223,79,207,156,85,245
223,79,215,153,86,248
223,79,223,150,87,250
223,79,231,147,88,252
223,79,239,146,89,253
223,79,247,145,89,254
223,79,255,145,88,254
223,87,0,173,67,31
223,87,7,174,69,38
223,87,15,176,71,45
223,87,23,177,73,55
223,87,31,179,75,63
223,87,39,179,77,68
223,87,47,180,78,75
223,87,55,181,80,80
223,87,63,182,81,88
223,87,71,183,81,93
223,87,79,183,81,100
223,87,87,183,82,108
223,87,95,184,82,114
223,87,103,183,81,122
223,87,111,183,81,129
223,87,119,183,81,137
223,87,127,182,81,146
223,87,135,182,81,153
223,87,143,181,82,163
223,87,151,180,82,172
223,87,159,179,83,183
223,87,167,177,83,194
223,87,175,174,84,206
223,87,183,170,86,217
223,87,191,166,87,229
223,87,199,162,88,238
223,87,207,158,89,244
223,87,215,155,90,248
223,87,223,152,91,250
223,87,231,149,91,252
223,87,239,147,92,253
223,87,247,146,92,254
223,87,255,145,92,254
223,95,0,173,74,31
223,95,7,175,76,38
223,95,15,176,78,46
223,95,23,177,80,54
223,95,31,179,82,63
223,95,39,180,83,68
223,95,47,181,85,74
223,95,55,181,86,80
223,95,63,182,87,87
223,95,71,183,87,92
223,95,79,183,87,99
223,95,87,183,88,106
223,95,95,183,88,112
223,95,103,183,88,119
223,95,111,183,88,125
223,95,119,182,88,133
223,95,127,182,88,141
223,95,135,182,88,148
223,95,143,181,88,157
223,95,151,181,88,166
223,95,159,180,88,176
223,95,167,178,89,188
223,95,175,176,89,200
223,95,183,173,90,212
223,95,191,169,91,225
223,95,199,165,92,235
223,95,207,160,93,243
223,95,215,157,93,247
223,95,223,152,94,251
223,95,231,150,94,252
223,95,239,148,95,253
223,95,247,147,95,254
223,95,255,146,95,253
223,103,0,174,82,32
223,103,7,175,83,38
223,103,15,176,84,47
223,103,23,177,86,54
223,103,31,179,88,63
223,103,39,179,90,68
223,103,47,180,91,74
223,103,55,181,92,80
223,103,63,182,93,86
223,103,71,183,93,91
223,103,79,183,94,98
223,103,87,183,94,104
223,103,95,183,94,110
223,103,103,183,94,117
223,103,111,183,94,123
223,103,119,182,94,130
223,103,127,182,93,137
223,103,135,182,93,143
223,103,143,182,93,152
223,103,151,181,93,160
223,103,159,181,94,170
223,103,167,179,94,181
223,103,175,177,94,193
223,103,183,175,95,206
223,103,191,171,95,219
223,103,199,167,96,231
223,103,207,163,96,240
223,103,215,159,97,247
223,103,223,155,97,250
223,103,231,152,97,252
223,103,239,149,98,253
223,103,247,147,98,253
223,103,255,145,98,253
223,111,0,174,89,32
223,111,7,175,90,38
223,111,15,177,91,47
223,111,23,178,93,55
223,111,31,179,94,62
223,111,39,180,96,68
223,111,47,181,97,74
223,111,55,182,98,79
223,111,63,182,99,86
223,111,71,183,99,91
223,111,79,183,99,97
223,111,87,183,99,103
223,111,95,183,100,109
223,111,103,183,99,115
223,111,111,182,99,120
223,111,119,182,99,128
223,111,127,182,99,134
223,111,135,182,99,140
223,111,143,182,99,147
223,111,151,181,99,155
223,111,159,181,99,164
223,111,167,180,99,175
223,111,175,179,99,187
223,111,183,177,100,200
223,111,191,174,100,213
223,111,199,170,100,226
223,111,207,165,101,236
223,111,215,161,101,245
223,111,223,156,101,250
223,111,231,153,101,252
223,111,239,150,101,253
223,111,247,148,100,254
223,111,255,145,100,253
223,119,0,174,95,33
223,119,7,175,96,38
223,119,15,176,97,46
223,119,23,178,98,55
223,119,31,179,100,62
223,119,39,180,101,68
223,119,47,181,102,74
223,119,55,182,103,79
223,119,63,183,104,86
223,119,71,183,104,90
223,119,79,183,104,96
223,119,87,183,104,102
223,119,95,183,104,108
223,119,103,183,104,114
223,119,111,183,104,119
223,119,119,182,104,126
223,119,127,182,104,132
223,119,135,182,104,137
223,119,143,182,104,144
223,119,151,182,104,151
223,119,159,181,104,159
223,119,167,181,104,170
223,119,175,180,104,181
223,119,183,178,104,194
223,119,191,175,104,208
223,119,199,172,104,222
223,119,207,168,104,234
223,119,215,163,104,242
223,119,223,158,104,249
223,119,231,154,104,252
223,119,239,151,103,254
223,119,247,150,103,254
223,119,255,147,103,253
223,127,0,175,101,33
223,127,7,176,102,38
223,127,15,177,103,46
223,127,23,179,105,56
223,127,31,180,106,62
223,127,39,181,107,68
223,127,47,181,108,74
223,127,55,182,109,79
223,127,63,183,110,85
223,127,71,183,110,90
223,127,79,183,110,96
223,127,87,183,110,101
223,127,95,183,110,107
223,127,103,183,110,112
223,127,111,183,110,118
223,127,119,182,110,124
223,127,127,182,109,130
223,127,135,182,109,135
223,127,143,182,109,141
223,127,151,182,109,147
223,127,159,182,109,155
223,127,167,181,109,164
223,127,175,180,109,175
223,127,183,179,109,187
223,127,191,177,109,202
223,127,199,174,109,216
223,127,207,170,109,229
223,127,215,166,109,239
223,127,223,160,108,248
223,127,231,157,108,251
223,127,239,152,107,254
223,127,247,150,106,254
223,127,255,148,106,254
223,135,0,175,107,34
223,135,7,176,108,39
223,135,15,177,109,46
223,135,23,178,110,56
223,135,31,180,111,62
223,135,39,180,113,68
223,135,47,181,113,74
223,135,55,182,114,79
223,135,63,183,115,85
223,135,71,183,115,90
223,135,79,184,115,95
223,135,87,184,115,101
223,135,95,183,115,106
223,135,103,183,115,112
223,135,111,183,115,117
223,135,119,182,114,123
223,135,127,182,114,128
223,135,135,182,114,133
223,135,143,182,114,139
223,135,151,182,114,144
223,135,159,182,114,152
223,135,167,182,114,160
223,135,175,181,114,170
223,135,183,181,114,182
223,135,191,179,114,197
223,135,199,176,114,211
223,135,207,172,113,225
223,135,215,168,113,236
223,135,223,162,112,245
223,135,231,158,111,250
223,135,239,154,110,253
223,135,247,151,109,254
223,135,255,148,108,254
223,143,0,176,112,35
223,143,7,176,113,39
223,143,15,177,114,46
223,143,23,179,115,55
223,143,31,180,117,63
223,143,39,181,118,68
223,143,47,182,119,74
223,143,55,183,119,79
223,143,63,183,120,85
223,143,71,183,120,90
223,143,79,184,120,95
223,143,87,184,120,101
223,143,95,184,120,106
223,143,103,184,120,111
223,143,111,183,120,116
223,143,119,183,119,122
223,143,127,183,119,127
223,143,135,182,119,131
223,143,143,182,119,137
223,143,151,182,119,142
223,143,159,182,119,149
223,143,167,182,119,156
223,143,175,182,119,165
223,143,183,181,119,177
223,143,191,180,119,190
223,143,199,178,118,206
223,143,207,174,118,219
223,143,215,170,117,232
223,143,223,165,116,242
223,143,231,160,115,249
223,143,239,155,113,252
223,143,247,152,112,254
223,143,255,149,111,254
223,151,0,176,118,36
223,151,7,176,118,40
223,151,15,177,119,46
223,151,23,179,121,54
223,151,31,180,122,63
223,151,39,181,123,68
223,151,47,182,124,74
223,151,55,183,125,79
223,151,63,184,125,86
223,151,71,184,125,90
223,151,79,184,125,95
223,151,87,184,125,101
223,151,95,184,125,106
223,151,103,184,125,111
223,151,111,184,125,115
223,151,119,183,125,121
223,151,127,183,125,126
223,151,135,183,124,130
223,151,143,182,124,135
223,151,151,182,124,140
223,151,159,182,124,147
223,151,167,183,124,154
223,151,175,183,124,162
223,151,183,183,124,172
223,151,191,181,124,185
223,151,199,179,124,199
223,151,207,177,123,214
223,151,215,173,122,226
223,151,223,167,121,239
223,151,231,163,119,246
223,151,239,158,117,252
223,151,247,154,116,254
223,151,255,149,114,254
223,159,0,176,123,36
223,159,7,177,124,41
223,159,15,177,125,46
223,159,23,179,126,54
223,159,31,180,128,63
223,159,39,181,129,68
223,159,47,182,130,74
223,159,55,183,130,79
223,159,63,184,131,86
223,159,71,184,131,90
223,159,79,185,131,95
223,159,87,185,131,101
223,159,95,185,131,106
223,159,103,184,131,111
223,159,111,184,131,115
223,159,119,184,131,120
223,159,127,184,130,125
223,159,135,183,130,129
223,159,143,183,130,134
223,159,151,183,130,139
223,159,159,183,130,145
223,159,167,183,130,151
223,159,175,183,130,159
223,159,183,183,130,168
223,159,191,183,130,181
223,159,199,182,130,193
223,159,207,179,129,208
223,159,215,175,128,221
223,159,223,170,126,235
223,159,231,165,124,243
223,159,239,159,121,251
223,159,247,155,119,254
223,159,255,151,117,255
223,167,0,176,128,37
223,167,7,177,129,42
223,167,15,178,130,47
223,167,23,179,132,54
223,167,31,180,133,62
223,167,39,181,134,68
223,167,47,183,135,74
223,167,55,183,136,80
223,167,63,184,137,86
223,167,71,185,137,90
223,167,79,185,137,96
223,167,87,185,137,101
223,167,95,185,137,106
223,167,103,185,137,110
223,167,111,184,137,115
223,167,119,184,137,120
223,167,127,184,136,124
223,167,135,184,136,128
223,167,143,184,136,133
223,167,151,184,136,138
223,167,159,184,136,143
223,167,167,184,136,149
223,167,175,184,136,157
223,167,183,184,136,165
223,167,191,184,136,176
223,167,199,183,136,189
223,167,207,181,135,202
223,167,215,178,134,216
223,167,223,173,132,231
223,167,231,167,129,241
223,167,239,161,126,249
223,167,247,157,124,253
223,167,255,152,121,255
223,175,0,176,134,37
223,175,7,176,135,42
223,175,15,178,136,49
223,175,23,179,137,55
223,175,31,180,139,62
223,175,39,181,140,68
223,175,47,183,141,74
223,175,55,184,142,80
223,175,63,184,143,86
223,175,71,185,143,90
223,175,79,185,144,96
223,175,87,186,144,101
223,175,95,186,143,106
223,175,103,186,143,110
223,175,111,186,143,115
223,175,119,185,143,120
223,175,127,185,143,124
223,175,135,185,143,128
223,175,143,184,143,132
223,175,151,184,142,137
223,175,159,184,142,142
223,175,167,184,142,148
223,175,175,185,142,154
223,175,183,185,142,162
223,175,191,185,142,172
223,175,199,185,142,184
223,175,207,184,142,197
223,175,215,180,140,211
223,175,223,175,138,227
223,175,231,170,135,238
223,175,239,164,131,248
223,175,247,159,128,253
223,175,255,154,125,255
223,183,0,175,140,37
223,183,7,176,141,42
223,183,15,177,143,49
223,183,23,179,144,56
223,183,31,180,146,62
223,183,39,181,147,68
223,183,47,183,149,74
223,183,55,184,150,80
223,183,63,185,151,86
223,183,71,185,151,91
223,183,79,186,151,96
223,183,87,186,151,101
223,183,95,186,151,106
223,183,103,186,151,110
223,183,111,186,151,114
223,183,119,186,151,119
223,183,127,186,151,124
223,183,135,186,151,127
223,183,143,186,150,132
223,183,151,186,150,136
223,183,159,186,150,141
223,183,167,186,150,146
223,183,175,186,150,152
223,183,183,186,150,158
223,183,191,187,150,168
223,183,199,187,150,179
223,183,207,185,149,192
223,183,215,183,148,205
223,183,223,179,146,221
223,183,231,174,142,233
223,183,239,167,138,245
223,183,247,162,135,252
223,183,255,157,130,254
223,191,0,175,147,38
223,191,7,175,148,42
223,191,15,177,150,48
223,191,23,178,152,57
223,191,31,180,153,63
223,191,39,181,155,68
223,191,47,183,157,74
223,191,55,184,158,80
223,191,63,185,159,86
223,191,71,186,159,91
223,191,79,186,160,96
223,191,87,187,160,101
223,191,95,187,160,106
223,191,103,187,160,111
223,191,111,187,160,115
223,191,119,187,159,119
223,191,127,187,159,124
223,191,135,187,159,127
223,191,143,187,159,132
223,191,151,187,159,136
223,191,159,187,159,140
223,191,167,187,159,145
223,191,175,187,159,150
223,191,183,188,159,157
223,191,191,188,159,165
223,191,199,188,158,174
223,191,207,188,158,186
223,191,215,186,157,200
223,191,223,182,154,216
223,191,231,177,151,229
223,191,239,171,146,242
223,191,247,165,141,250
223,191,255,159,136,255
223,199,0,174,154,39
223,199,7,175,155,42
223,199,15,176,156,48
223,199,23,177,158,56
223,199,31,179,161,64
223,199,39,180,162,68
223,199,47,182,164,74
223,199,55,184,166,80
223,199,63,185,167,86
223,199,71,186,168,91
223,199,79,186,168,96
223,199,87,187,169,101
223,199,95,187,169,106
223,199,103,188,169,111
223,199,111,188,169,115
223,199,119,188,168,119
223,199,127,188,168,124
223,199,135,188,168,127
223,199,143,188,168,131
223,199,151,188,168,135
223,199,159,188,168,140
223,199,167,188,168,145
223,199,175,189,168,150
223,199,183,189,168,155
223,199,191,189,168,162
223,199,199,189,167,171
223,199,207,189,167,182
223,199,215,188,166,194
223,199,223,185,163,211
223,199,231,181,160,224
223,199,239,175,155,239
223,199,247,169,150,249
223,199,255,162,144,254
223,207,0,173,161,39
223,207,7,174,162,43
223,207,15,175,164,48
223,207,23,177,166,55
223,207,31,179,169,64
223,207,39,180,170,68
223,207,47,182,173,74
223,207,55,184,174,80
223,207,63,185,176,86
223,207,71,186,177,91
223,207,79,187,177,96
223,207,87,187,178,101
223,207,95,188,178,106
223,207,103,188,178,111
223,207,111,188,178,115
223,207,119,189,178,120
223,207,127,189,178,124
223,207,135,189,178,127
223,207,143,189,178,131
223,207,151,189,178,135
223,207,159,189,178,140
223,207,167,189,177,145
223,207,175,189,177,149
223,207,183,190,177,154
223,207,191,190,177,161
223,207,199,190,177,168
223,207,207,191,177,178
223,207,215,190,176,190
223,207,223,188,173,206
223,207,231,184,170,220
223,207,239,179,165,236
223,207,247,173,159,247
223,207,255,167,153,253
223,215,0,172,170,40
223,215,7,173,172,44
223,215,15,174,173,48
223,215,23,175,175,54
223,215,31,177,178,62
223,215,39,179,180,69
223,215,47,181,183,75
223,215,55,183,185,80
223,215,63,184,187,86
223,215,71,185,188,91
223,215,79,186,189,96
223,215,87,187,189,101
223,215,95,188,190,106
223,215,103,188,190,111
223,215,111,189,190,115
223,215,119,189,190,120
223,215,127,189,190,124
223,215,135,190,190,127
223,215,143,190,190,132
223,215,151,190,190,136
223,215,159,190,190,140
223,215,167,191,190,145
223,215,175,191,190,149
223,215,183,191,190,154
223,215,191,191,189,160
223,215,199,192,189,167
223,215,207,192,189,175
223,215,215,192,188,185
223,215,223,191,186,201
223,215,231,188,183,215
223,215,239,184,178,232
223,215,247,178,172,244
223,215,255,172,165,254
223,223,0,169,183,41
223,223,7,171,184,45
223,223,15,172,186,51
223,223,23,174,187,56
223,223,31,175,190,62
223,223,39,177,192,68
223,223,47,179,195,75
223,223,55,181,197,80
223,223,63,183,199,86
223,223,71,184,200,91
223,223,79,186,201,96
223,223,87,187,202,102
223,223,95,187,203,106
223,223,103,188,203,111
223,223,111,189,203,115
223,223,119,189,203,120
223,223,127,190,204,124
223,223,135,190,204,128
223,223,143,190,204,132
223,223,151,191,204,136
223,223,159,191,204,140
223,223,167,191,204,145
223,223,175,192,204,150
223,223,183,192,204,154
223,223,191,193,204,160
223,223,199,193,204,166
223,223,207,194,203,174
223,223,215,194,203,183
223,223,223,194,202,197
223,223,231,192,200,211
223,223,239,189,195,228
223,223,247,184,188,243
223,223,255,178,181,251
223,231,0,167,195,40
223,231,7,168,196,44
223,231,15,169,198,50
223,231,23,171,200,58
223,231,31,173,202,62
223,231,39,175,204,67
223,231,47,177,207,74
223,231,55,179,209,79
223,231,63,181,211,86
223,231,71,183,212,90
223,231,79,184,213,96
223,231,87,186,215,101
223,231,95,187,215,106
223,231,103,188,216,111
223,231,111,188,216,115
223,231,119,189,217,120
223,231,127,190,217,124
223,231,135,190,217,128
223,231,143,191,217,132
223,231,151,191,217,136
223,231,159,192,217,141
223,231,167,192,217,145
223,231,175,192,217,150
223,231,183,193,218,154
223,231,191,193,218,160
223,231,199,193,218,167
223,231,207,194,218,174
223,231,215,195,218,182
223,231,223,196,218,195
223,231,231,195,217,207
223,231,239,193,212,225
223,231,247,189,207,240
223,231,255,185,201,252
223,239,0,163,209,40
223,239,7,164,210,43
223,239,15,165,211,48
223,239,23,168,213,55
223,239,31,170,216,63
223,239,39,172,217,67
223,239,47,174,220,73
223,239,55,177,222,79
223,239,63,179,224,85
223,239,71,180,226,90
223,239,79,182,227,96
223,239,87,184,228,101
223,239,95,185,229,106
223,239,103,187,230,111
223,239,111,188,231,115
223,239,119,189,231,120
223,239,127,190,231,125
223,239,135,190,232,128
223,239,143,191,232,133
223,239,151,192,232,137
223,239,159,192,232,141
223,239,167,192,232,146
223,239,175,193,233,150
223,239,183,193,233,155
223,239,191,193,233,161
223,239,199,193,233,167
223,239,207,194,234,174
223,239,215,195,234,182
223,239,223,196,235,194
223,239,231,197,234,205
223,239,239,196,232,222
223,239,247,194,228,238
223,239,255,191,222,250
223,247,0,159,223,41
223,247,7,160,223,44
223,247,15,161,224,47
223,247,23,163,226,53
223,247,31,166,229,61
223,247,39,168,231,67
223,247,47,171,233,72
223,247,55,173,235,78
223,247,63,176,237,84
223,247,71,178,238,89
223,247,79,180,239,95
223,247,87,182,241,101
223,247,95,184,242,106
223,247,103,185,243,111
223,247,111,187,243,115
223,247,119,188,244,120
223,247,127,189,244,125
223,247,135,190,245,129
223,247,143,191,245,133
223,247,151,191,245,137
223,247,159,192,245,141
223,247,167,192,246,146
223,247,175,193,246,151
223,247,183,193,246,155
223,247,191,193,246,161
223,247,199,193,247,167
223,247,207,194,247,174
223,247,215,194,248,182
223,247,223,196,248,192
223,247,231,197,248,203
223,247,239,197,248,219
223,247,247,196,245,235
223,247,255,194,242,250
223,255,0,155,236,43
223,255,7,156,236,45
223,255,15,157,237,48
223,255,23,159,239,52
223,255,31,162,241,58
223,255,39,164,242,63
223,255,47,167,245,70
223,255,55,169,246,75
223,255,63,172,248,81
223,255,71,175,249,86
223,255,79,177,250,92
223,255,87,180,251,100
223,255,95,182,251,106
223,255,103,184,252,111
223,255,111,186,252,115
223,255,119,187,253,120
223,255,127,188,253,125
223,255,135,189,253,128
223,255,143,190,253,133
223,255,151,191,253,137
223,255,159,191,253,141
223,255,167,192,254,146
223,255,175,193,254,151
223,255,183,193,254,156
223,255,191,193,254,162
223,255,199,193,254,168
223,255,207,194,254,174
223,255,215,194,254,181
223,255,223,195,254,191
223,255,231,196,255,201
223,255,239,197,255,216
223,255,247,198,254,232
223,255,255,197,253,248
231,0,0,188,2,31
231,0,7,191,2,38
231,0,15,195,3,49
231,0,23,199,4,59
231,0,31,202,5,68
231,0,39,205,6,76
231,0,47,207,7,89
231,0,55,209,7,101
231,0,63,210,8,115
231,0,71,210,8,127
231,0,79,209,8,141
231,0,87,208,9,156
231,0,95,205,9,169
231,0,103,202,9,182
231,0,111,199,10,193
231,0,119,195,13,204
231,0,127,191,16,213
231,0,135,188,18,219
231,0,143,184,22,225
231,0,151,180,25,230
231,0,159,176,29,234
231,0,167,173,33,236
231,0,175,169,37,238
231,0,183,167,39,240
231,0,191,164,42,241
231,0,199,161,44,243
231,0,207,159,46,244
231,0,215,158,47,246
231,0,223,156,49,248
231,0,231,155,49,249
231,0,239,155,49,252
231,0,247,155,50,254
231,0,255,154,51,255
231,7,0,187,2,31
231,7,7,190,3,38
231,7,15,194,4,48
231,7,23,198,6,59
231,7,31,202,7,68
231,7,39,204,7,76
231,7,47,207,8,88
231,7,55,208,9,99
231,7,63,209,9,113
231,7,71,209,10,125
231,7,79,209,10,139
231,7,87,207,11,153
231,7,95,205,11,167
231,7,103,202,11,179
231,7,111,199,13,190
231,7,119,195,15,202
231,7,127,192,18,210
231,7,135,188,21,217
231,7,143,184,25,223
231,7,151,181,28,228
231,7,159,177,32,233
231,7,167,173,35,235
231,7,175,170,39,237
231,7,183,167,43,239
231,7,191,164,46,241
231,7,199,161,48,242
231,7,207,159,50,244
231,7,215,158,51,245
231,7,223,156,52,247
231,7,231,156,53,249
231,7,239,155,53,252
231,7,247,155,53,254
231,7,255,155,54,255
231,15,0,187,3,30
231,15,7,190,5,38
231,15,15,194,6,48
231,15,23,198,7,58
231,15,31,201,9,67
231,15,39,203,10,75
231,15,47,206,11,87
231,15,55,207,11,97
231,15,63,209,12,111
231,15,71,209,12,122
231,15,79,208,13,136
231,15,87,207,13,150
231,15,95,205,14,163
231,15,103,202,15,176
231,15,111,199,16,186
231,15,119,196,19,198
231,15,127,192,22,207
231,15,135,189,24,214
231,15,143,185,28,221
231,15,151,182,31,226
231,15,159,178,35,231
231,15,167,174,39,234
231,15,175,170,42,236
231,15,183,167,46,238
231,15,191,164,50,240
231,15,199,162,53,242
231,15,207,159,55,244
231,15,215,158,56,245
231,15,223,157,57,247
231,15,231,156,57,249
231,15,239,156,56,252
231,15,247,156,56,253
231,15,255,155,57,254
231,23,0,186,7,31
231,23,7,189,8,38
231,23,15,193,10,48
231,23,23,197,12,58
231,23,31,200,13,67
231,23,39,202,14,74
231,23,47,204,15,85
231,23,55,206,16,95
231,23,63,207,17,107
231,23,71,207,17,118
231,23,79,207,18,131
231,23,87,206,19,144
231,23,95,204,20,157
231,23,103,202,21,169
231,23,111,199,23,180
231,23,119,196,25,192
231,23,127,193,27,202
231,23,135,190,30,209
231,23,143,186,33,217
231,23,151,183,36,222
231,23,159,179,40,228
231,23,167,175,43,232
231,23,175,171,47,235
231,23,183,168,50,237
231,23,191,165,54,240
231,23,199,162,58,242
231,23,207,160,61,244
231,23,215,158,63,245
231,23,223,157,64,247
231,23,231,156,64,249
231,23,239,156,63,251
231,23,247,156,62,253
231,23,255,155,62,254
231,31,0,185,12,30
231,31,7,187,14,38
231,31,15,191,16,47
231,31,23,195,18,57
231,31,31,198,20,66
231,31,39,200,21,73
231,31,47,202,22,83
231,31,55,204,23,92
231,31,63,205,24,104
231,31,71,206,24,114
231,31,79,206,25,125
231,31,87,205,26,138
231,31,95,203,27,150
231,31,103,202,28,162
231,31,111,199,30,173
231,31,119,197,32,186
231,31,127,193,34,196
231,31,135,191,36,204
231,31,143,187,39,212
231,31,151,184,42,218
231,31,159,180,45,224
231,31,167,176,49,229
231,31,175,172,52,233
231,31,183,169,55,236
231,31,191,166,59,239
231,31,199,163,62,242
231,31,207,161,64,244
231,31,215,159,67,245
231,31,223,157,69,247
231,31,231,156,71,249
231,31,239,155,70,251
231,31,247,155,68,253
231,31,255,156,67,254
231,39,0,184,19,30
231,39,7,186,21,38
231,39,15,190,24,47
231,39,23,193,26,57
231,39,31,196,28,65
231,39,39,198,30,72
231,39,47,200,31,81
231,39,55,202,32,90
231,39,63,203,32,101
231,39,71,203,33,110
231,39,79,204,33,121
231,39,87,203,34,132
231,39,95,202,35,143
231,39,103,201,36,155
231,39,111,199,37,165
231,39,119,197,39,178
231,39,127,194,41,189
231,39,135,192,43,197
231,39,143,188,46,206
231,39,151,185,48,213
231,39,159,181,51,220
231,39,167,177,54,227
231,39,175,173,57,231
231,39,183,170,60,235
231,39,191,167,63,239
231,39,199,164,66,242
231,39,207,162,68,244
231,39,215,160,71,246
231,39,223,158,73,248
231,39,231,156,74,249
231,39,239,155,75,251
231,39,247,155,75,253
231,39,255,156,73,254
231,47,0,183,27,30
231,47,7,185,29,38
231,47,15,188,31,46
231,47,23,192,34,57
231,47,31,194,37,64
231,47,39,195,38,71
231,47,47,197,40,79
231,47,55,199,41,87
231,47,63,200,41,98
231,47,71,201,42,106
231,47,79,201,42,116
231,47,87,201,42,127
231,47,95,200,42,137
231,47,103,199,43,148
231,47,111,198,44,158
231,47,119,196,45,170
231,47,127,194,47,181
231,47,135,192,48,190
231,47,143,189,51,200
231,47,151,186,53,208
231,47,159,183,56,216
231,47,167,179,59,224
231,47,175,175,62,229
231,47,183,171,65,234
231,47,191,168,68,238
231,47,199,165,70,241
231,47,207,162,72,244
231,47,215,160,74,246
231,47,223,158,76,248
231,47,231,157,77,250
231,47,239,156,78,251
231,47,247,156,78,253
231,47,255,156,78,254
231,55,0,182,34,31
231,55,7,185,37,38
231,55,15,187,39,46
231,55,23,190,42,57
231,55,31,192,45,64
231,55,39,194,46,70
231,55,47,195,48,78
231,55,55,196,49,85
231,55,63,198,50,95
231,55,71,198,51,102
231,55,79,198,51,112
231,55,87,198,51,122
231,55,95,198,51,131
231,55,103,198,51,141
231,55,111,197,52,151
231,55,119,196,52,162
231,55,127,195,53,173
231,55,135,193,55,182
231,55,143,190,56,193
231,55,151,188,58,202
231,55,159,185,60,211
231,55,167,181,63,220
231,55,175,177,65,227
231,55,183,173,68,233
231,55,191,169,71,238
231,55,199,166,73,241
231,55,207,163,76,244
231,55,215,161,77,246
231,55,223,159,79,248
231,55,231,158,80,250
231,55,239,157,81,252
231,55,247,157,80,253
231,55,255,157,80,254
231,63,0,182,42,31
231,63,7,185,44,38
231,63,15,187,46,46
231,63,23,189,49,56
231,63,31,191,52,63
231,63,39,193,54,69
231,63,47,194,55,77
231,63,55,195,57,84
231,63,63,196,58,93
231,63,71,197,58,100
231,63,79,197,58,108
231,63,87,197,58,118
231,63,95,197,59,126
231,63,103,197,59,136
231,63,111,196,59,145
231,63,119,195,59,155
231,63,127,194,60,165
231,63,135,193,61,174
231,63,143,191,62,186
231,63,151,189,63,195
231,63,159,186,65,206
231,63,167,182,67,216
231,63,175,179,69,224
231,63,183,175,72,231
231,63,191,171,74,237
231,63,199,168,76,241
231,63,207,165,78,244
231,63,215,162,80,246
231,63,223,160,82,249
231,63,231,158,83,251
231,63,239,156,83,252
231,63,247,156,83,253
231,63,255,157,82,254
231,71,0,182,51,31
231,71,7,184,53,38
231,71,15,186,55,46
231,71,23,188,58,56
231,71,31,190,60,63
231,71,39,191,62,69
231,71,47,192,64,76
231,71,55,193,65,83
231,71,63,194,66,91
231,71,71,195,67,97
231,71,79,195,67,105
231,71,87,196,67,114
231,71,95,196,67,122
231,71,103,196,67,130
231,71,111,195,67,138
231,71,119,195,67,148
231,71,127,194,68,158
231,71,135,193,68,167
231,71,143,192,69,178
231,71,151,190,70,187
231,71,159,188,71,199
231,71,167,185,72,210
231,71,175,181,74,219
231,71,183,177,76,228
231,71,191,173,78,235
231,71,199,169,80,241
231,71,207,166,82,244
231,71,215,163,83,247
231,71,223,161,85,249
231,71,231,159,86,251
231,71,239,158,86,253
231,71,247,157,86,253
231,71,255,157,85,254
231,79,0,183,57,31
231,79,7,184,59,38
231,79,15,186,62,46
231,79,23,188,64,55
231,79,31,190,67,63
231,79,39,191,68,69
231,79,47,192,70,76
231,79,55,193,72,82
231,79,63,194,73,90
231,79,71,194,73,96
231,79,79,195,74,103
231,79,87,195,74,111
231,79,95,195,74,118
231,79,103,194,74,126
231,79,111,194,74,134
231,79,119,194,74,143
231,79,127,194,74,152
231,79,135,193,74,160
231,79,143,192,75,171
231,79,151,191,75,181
231,79,159,189,76,192
231,79,167,186,77,203
231,79,175,183,79,214
231,79,183,180,80,224
231,79,191,175,82,233
231,79,199,171,84,239
231,79,207,167,85,244
231,79,215,164,86,247
231,79,223,161,88,249
231,79,231,159,88,251
231,79,239,158,89,253
231,79,247,157,89,254
231,79,255,157,88,254
231,87,0,183,66,31
231,87,7,184,67,38
231,87,15,186,69,47
231,87,23,188,72,55
231,87,31,189,74,64
231,87,39,190,76,68
231,87,47,191,78,75
231,87,55,192,79,81
231,87,63,193,80,88
231,87,71,194,80,94
231,87,79,194,81,101
231,87,87,194,81,108
231,87,95,194,81,115
231,87,103,194,81,123
231,87,111,194,81,129
231,87,119,193,81,138
231,87,127,193,81,146
231,87,135,193,81,153
231,87,143,192,81,163
231,87,151,191,82,173
231,87,159,190,82,184
231,87,167,188,83,196
231,87,175,186,84,207
231,87,183,182,85,218
231,87,191,178,86,229
231,87,199,174,88,237
231,87,207,170,89,244
231,87,215,166,90,247
231,87,223,162,91,250
231,87,231,160,92,252
231,87,239,158,92,253
231,87,247,157,92,254
231,87,255,157,92,253
231,95,0,183,72,32
231,95,7,185,74,38
231,95,15,186,76,47
231,95,23,188,78,55
231,95,31,189,81,63
231,95,39,190,82,69
231,95,47,191,84,75
231,95,55,192,85,80
231,95,63,193,86,87
231,95,71,193,87,93
231,95,79,193,87,99
231,95,87,194,87,106
231,95,95,194,87,113
231,95,103,194,87,120
231,95,111,193,87,126
231,95,119,193,87,134
231,95,127,193,87,142
231,95,135,193,87,149
231,95,143,193,87,158
231,95,151,192,87,166
231,95,159,191,88,178
231,95,167,190,88,189
231,95,175,188,89,201
231,95,183,185,90,212
231,95,191,180,91,224
231,95,199,176,92,234
231,95,207,171,93,242
231,95,215,167,93,247
231,95,223,164,94,250
231,95,231,161,95,252
231,95,239,159,95,253
231,95,247,158,95,253
231,95,255,156,96,253
231,103,0,184,79,32
231,103,7,185,81,38
231,103,15,187,83,47
231,103,23,188,85,55
231,103,31,189,87,63
231,103,39,190,88,69
231,103,47,191,90,75
231,103,55,192,91,80
231,103,63,193,92,87
231,103,71,193,93,92
231,103,79,194,93,98
231,103,87,194,93,105
231,103,95,194,93,111
231,103,103,193,93,118
231,103,111,193,93,123
231,103,119,193,94,131
231,103,127,192,94,137
231,103,135,192,93,144
231,103,143,192,93,152
231,103,151,192,93,160
231,103,159,192,93,171
231,103,167,191,93,183
231,103,175,189,94,195
231,103,183,187,94,207
231,103,191,183,95,219
231,103,199,178,96,231
231,103,207,174,96,239
231,103,215,169,97,246
231,103,223,165,97,250
231,103,231,162,98,252
231,103,239,160,98,253
231,103,247,158,98,254
231,103,255,156,98,253
231,111,0,184,86,32
231,111,7,185,88,38
231,111,15,187,89,46
231,111,23,188,91,56
231,111,31,189,93,63
231,111,39,190,95,69
231,111,47,191,96,75
231,111,55,192,97,80
231,111,63,193,98,86
231,111,71,193,98,91
231,111,79,193,99,97
231,111,87,194,99,104
231,111,95,194,99,109
231,111,103,193,99,116
231,111,111,193,99,121
231,111,119,193,99,128
231,111,127,193,99,135
231,111,135,193,99,141
231,111,143,192,99,148
231,111,151,192,99,155
231,111,159,192,99,165
231,111,167,191,99,176
231,111,175,190,99,187
231,111,183,188,99,200
231,111,191,185,100,214
231,111,199,181,100,226
231,111,207,176,101,236
231,111,215,172,101,243
231,111,223,166,101,250
231,111,231,163,101,252
231,111,239,160,101,254
231,111,247,159,101,254
231,111,255,156,101,253
231,119,0,185,93,33
231,119,7,186,93,38
231,119,15,187,95,46
231,119,23,189,97,56
231,119,31,190,98,62
231,119,39,191,100,68
231,119,47,192,101,75
231,119,55,192,102,80
231,119,63,193,103,86
231,119,71,193,103,91
231,119,79,194,104,97
231,119,87,194,104,103
231,119,95,193,104,108
231,119,103,193,104,114
231,119,111,193,104,120
231,119,119,193,104,127
231,119,127,193,104,133
231,119,135,192,104,138
231,119,143,192,104,145
231,119,151,192,103,152
231,119,159,192,103,161
231,119,167,192,103,170
231,119,175,191,104,183
231,119,183,189,104,195
231,119,191,186,104,209
231,119,199,183,104,221
231,119,207,178,104,233
231,119,215,174,104,241
231,119,223,168,104,249
231,119,231,165,104,252
231,119,239,161,104,254
231,119,247,160,104,254
231,119,255,157,104,254
231,127,0,185,100,33
231,127,7,186,100,38
231,127,15,187,102,45
231,127,23,189,103,56
231,127,31,190,105,63
231,127,39,191,106,68
231,127,47,192,107,75
231,127,55,192,108,80
231,127,63,193,109,86
231,127,71,194,109,91
231,127,79,194,109,96
231,127,87,194,110,102
231,127,95,194,110,108
231,127,103,193,110,113
231,127,111,193,109,119
231,127,119,193,109,125
231,127,127,193,109,131
231,127,135,192,109,136
231,127,143,192,109,142
231,127,151,192,109,148
231,127,159,192,109,156
231,127,167,192,109,165
231,127,175,191,109,176
231,127,183,190,109,188
231,127,191,188,109,203
231,127,199,185,109,217
231,127,207,181,109,229
231,127,215,176,109,239
231,127,223,170,108,247
231,127,231,166,108,251
231,127,239,162,107,254
231,127,247,160,107,254
231,127,255,157,106,254
231,135,0,186,105,35
231,135,7,186,106,39
231,135,15,187,107,45
231,135,23,189,109,55
231,135,31,190,110,63
231,135,39,191,111,68
231,135,47,192,112,75
231,135,55,193,113,80
231,135,63,193,114,86
231,135,71,194,114,91
231,135,79,194,114,96
231,135,87,194,114,102
231,135,95,194,114,107
231,135,103,194,114,113
231,135,111,193,114,118
231,135,119,193,114,124
231,135,127,193,114,129
231,135,135,193,114,134
231,135,143,192,114,140
231,135,151,192,114,145
231,135,159,192,114,153
231,135,167,192,114,161
231,135,175,192,114,170
231,135,183,191,114,182
231,135,191,189,114,196
231,135,199,187,113,211
231,135,207,183,113,224
231,135,215,178,113,236
231,135,223,173,112,245
231,135,231,167,111,250
231,135,239,163,110,253
231,135,247,160,110,254
231,135,255,156,109,254
231,143,0,186,111,36
231,143,7,187,111,40
231,143,15,188,112,46
231,143,23,189,114,55
231,143,31,191,115,63
231,143,39,191,116,68
231,143,47,192,118,75
231,143,55,193,118,80
231,143,63,194,119,86
231,143,71,194,119,91
231,143,79,194,119,96
231,143,87,194,119,102
231,143,95,194,119,107
231,143,103,194,119,112
231,143,111,194,119,117
231,143,119,193,119,123
231,143,127,193,119,128
231,143,135,192,119,132
231,143,143,192,119,138
231,143,151,192,119,143
231,143,159,192,119,150
231,143,167,192,119,157
231,143,175,192,119,167
231,143,183,192,119,177
231,143,191,191,119,191
231,143,199,188,118,206
231,143,207,185,118,220
231,143,215,180,117,231
231,143,223,174,116,242
231,143,231,169,115,248
231,143,239,165,114,253
231,143,247,161,113,254
231,143,255,157,111,254
231,151,0,186,116,36
231,151,7,187,117,41
231,151,15,188,118,47
231,151,23,189,119,54
231,151,31,191,121,63
231,151,39,191,122,68
231,151,47,192,123,75
231,151,55,193,124,80
231,151,63,194,124,86
231,151,71,194,124,91
231,151,79,194,125,96
231,151,87,195,125,102
231,151,95,194,125,107
231,151,103,194,125,112
231,151,111,194,124,116
231,151,119,194,124,122
231,151,127,193,124,127
231,151,135,193,124,131
231,151,143,193,124,137
231,151,151,193,124,141
231,151,159,192,124,148
231,151,167,192,124,155
231,151,175,193,124,163
231,151,183,193,124,173
231,151,191,192,124,186
231,151,199,190,124,199
231,151,207,187,123,214
231,151,215,183,122,226
231,151,223,177,121,239
231,151,231,172,119,246
231,151,239,166,117,252
231,151,247,162,116,254
231,151,255,158,114,254
231,159,0,186,121,36
231,159,7,187,122,41
231,159,15,188,123,48
231,159,23,189,124,55
231,159,31,191,126,62
231,159,39,192,127,69
231,159,47,193,128,75
231,159,55,194,129,80
231,159,63,194,130,86
231,159,71,195,130,91
231,159,79,195,130,96
231,159,87,195,130,102
231,159,95,195,130,106
231,159,103,195,130,111
231,159,111,194,130,116
231,159,119,194,130,121
231,159,127,194,130,126
231,159,135,193,130,130
231,159,143,193,130,135
231,159,151,193,129,140
231,159,159,193,129,146
231,159,167,193,129,152
231,159,175,193,129,160
231,159,183,193,130,169
231,159,191,193,130,181
231,159,199,192,129,194
231,159,207,189,129,208
231,159,215,186,128,222
231,159,223,179,126,235
231,159,231,174,124,244
231,159,239,168,122,251
231,159,247,163,119,254
231,159,255,158,117,255
231,167,0,186,127,37
231,167,7,187,127,42
231,167,15,188,129,49
231,167,23,189,130,55
231,167,31,190,131,62
231,167,39,192,133,69
231,167,47,193,134,75
231,167,55,194,135,80
231,167,63,194,135,86
231,167,71,195,136,91
231,167,79,195,136,96
231,167,87,195,136,102
231,167,95,195,136,106
231,167,103,195,136,111
231,167,111,195,136,116
231,167,119,195,136,121
231,167,127,194,136,126
231,167,135,194,136,129
231,167,143,194,136,134
231,167,151,193,135,139
231,167,159,193,135,144
231,167,167,193,135,150
231,167,175,194,135,157
231,167,183,194,136,165
231,167,191,194,136,176
231,167,199,193,135,189
231,167,207,192,135,202
231,167,215,188,134,216
231,167,223,182,132,231
231,167,231,176,129,241
231,167,239,170,126,249
231,167,247,165,124,254
231,167,255,160,121,255
231,175,0,186,132,37
231,175,7,187,133,42
231,175,15,188,134,49
231,175,23,190,136,56
231,175,31,191,137,63
231,175,39,192,138,68
231,175,47,193,140,75
231,175,55,194,141,80
231,175,63,195,141,87
231,175,71,195,142,91
231,175,79,195,142,96
231,175,87,196,142,102
231,175,95,196,142,107
231,175,103,195,142,111
231,175,111,195,142,116
231,175,119,195,142,121
231,175,127,195,142,125
231,175,135,195,142,129
231,175,143,194,142,134
231,175,151,194,142,138
231,175,159,194,142,143
231,175,167,194,142,148
231,175,175,194,142,155
231,175,183,195,142,162
231,175,191,195,142,172
231,175,199,195,142,184
231,175,207,193,141,198
231,175,215,191,140,211
231,175,223,185,138,228
231,175,231,179,135,238
231,175,239,172,131,248
231,175,247,167,128,253
231,175,255,162,125,255
231,183,0,186,138,38
231,183,7,187,139,42
231,183,15,188,140,48
231,183,23,189,142,58
231,183,31,191,144,63
231,183,39,192,145,68
231,183,47,193,147,75
231,183,55,194,148,80
231,183,63,195,149,87
231,183,71,195,149,91
231,183,79,196,150,97
231,183,87,196,150,102
231,183,95,196,150,107
231,183,103,196,150,111
231,183,111,196,150,115
231,183,119,196,150,120
231,183,127,196,150,125
231,183,135,196,150,128
231,183,143,195,149,133
231,183,151,195,149,137
231,183,159,195,149,142
231,183,167,195,149,147
231,183,175,195,149,153
231,183,183,196,150,160
231,183,191,196,150,169
231,183,199,196,149,179
231,183,207,196,149,192
231,183,215,193,148,205
231,183,223,188,145,221
231,183,231,183,142,234
231,183,239,175,138,246
231,183,247,170,134,252
231,183,255,164,130,255
231,191,0,186,145,39
231,191,7,186,146,42
231,191,15,187,147,48
231,191,23,189,149,57
231,191,31,191,151,64
231,191,39,192,152,69
231,191,47,193,154,75
231,191,55,194,155,81
231,191,63,195,157,87
231,191,71,196,157,91
231,191,79,197,158,97
231,191,87,197,158,102
231,191,95,197,158,107
231,191,103,197,158,111
231,191,111,197,158,115
231,191,119,197,158,120
231,191,127,197,158,125
231,191,135,197,158,128
231,191,143,197,158,133
231,191,151,197,158,137
231,191,159,196,157,141
231,191,167,196,158,146
231,191,175,196,158,151
231,191,183,197,158,157
231,191,191,197,158,165
231,191,199,197,158,175
231,191,207,197,157,187
231,191,215,195,156,200
231,191,223,192,154,217
231,191,231,186,150,230
231,191,239,179,146,243
231,191,247,172,141,250
231,191,255,166,136,254
231,199,0,185,152,40
231,199,7,186,153,43
231,199,15,187,154,48
231,199,23,189,156,56
231,199,31,190,159,65
231,199,39,192,160,69
231,199,47,193,162,75
231,199,55,194,164,81
231,199,63,195,165,87
231,199,71,196,166,91
231,199,79,197,166,97
231,199,87,197,167,102
231,199,95,198,167,107
231,199,103,198,167,111
231,199,111,198,167,116
231,199,119,198,167,120
231,199,127,198,167,125
231,199,135,198,167,128
231,199,143,198,167,133
231,199,151,198,166,136
231,199,159,198,166,141
231,199,167,198,166,146
231,199,175,198,166,151
231,199,183,198,167,156
231,199,191,198,166,163
231,199,199,199,166,172
231,199,207,198,166,182
231,199,215,198,165,195
231,199,223,194,163,212
231,199,231,190,159,225
231,199,239,183,154,240
231,199,247,177,149,249
231,199,255,169,143,253
231,207,0,185,159,42
231,207,7,185,160,45
231,207,15,186,161,49
231,207,23,188,163,56
231,207,31,190,166,64
231,207,39,191,168,70
231,207,47,193,170,75
231,207,55,194,172,81
231,207,63,196,174,87
231,207,71,196,175,91
231,207,79,197,175,97
231,207,87,198,176,102
231,207,95,198,176,107
231,207,103,198,176,112
231,207,111,199,176,116
231,207,119,199,176,120
231,207,127,199,176,125
231,207,135,199,176,128
231,207,143,199,176,133
231,207,151,199,176,136
231,207,159,199,176,141
231,207,167,199,176,146
231,207,175,199,176,151
231,207,183,199,176,155
231,207,191,200,176,162
231,207,199,200,176,169
231,207,207,200,176,179
231,207,215,199,175,191
231,207,223,197,173,207
231,207,231,194,170,222
231,207,239,187,164,237
231,207,247,181,158,247
231,207,255,174,152,254
231,215,0,183,168,41
231,215,7,184,169,46
231,215,15,186,170,51
231,215,23,187,172,56
231,215,31,189,175,63
231,215,39,191,177,69
231,215,47,192,180,76
231,215,55,194,182,81
231,215,63,195,184,87
231,215,71,196,185,92
231,215,79,197,186,97
231,215,87,198,187,102
231,215,95,199,187,107
231,215,103,199,188,112
231,215,111,199,188,116
231,215,119,200,188,121
231,215,127,200,188,125
231,215,135,200,188,128
231,215,143,200,188,133
231,215,151,200,188,137
231,215,159,200,188,141
231,215,167,200,188,146
231,215,175,200,188,150
231,215,183,200,188,155
231,215,191,201,188,161
231,215,199,201,188,168
231,215,207,202,188,176
231,215,215,202,187,186
231,215,223,201,185,202
231,215,231,197,182,217
231,215,239,192,177,233
231,215,247,186,171,246
231,215,255,179,164,253
231,223,0,182,178,41
231,223,7,183,180,45
231,223,15,184,181,52
231,223,23,186,184,58
231,223,31,187,186,64
231,223,39,189,188,69
231,223,47,191,191,76
231,223,55,193,194,81
231,223,63,194,196,87
231,223,71,195,197,92
231,223,79,196,199,97
231,223,87,198,200,103
231,223,95,198,200,107
231,223,103,199,201,112
231,223,111,200,201,116
231,223,119,200,201,121
231,223,127,200,201,125
231,223,135,201,201,129
231,223,143,201,201,133
231,223,151,201,201,137
231,223,159,201,201,141
231,223,167,202,201,146
231,223,175,202,201,151
231,223,183,202,202,156
231,223,191,202,202,161
231,223,199,203,202,168
231,223,207,203,202,175
231,223,215,204,202,184
231,223,223,204,201,198
231,223,231,202,199,212
231,223,239,198,194,230
231,223,247,192,187,243
231,223,255,186,180,252
231,231,0,179,191,41
231,231,7,180,192,45
231,231,15,181,193,50
231,231,23,184,196,59
231,231,31,185,198,65
231,231,39,187,200,69
231,231,47,189,203,75
231,231,55,191,205,80
231,231,63,193,208,87
231,231,71,194,209,91
231,231,79,195,211,97
231,231,87,197,212,102
231,231,95,198,213,107
231,231,103,199,213,112
231,231,111,199,214,116
231,231,119,200,214,121
231,231,127,201,214,126
231,231,135,201,214,129
231,231,143,201,215,134
231,231,151,202,215,137
231,231,159,202,215,142
231,231,167,202,215,147
231,231,175,203,215,151
231,231,183,203,215,156
231,231,191,203,215,162
231,231,199,204,216,168
231,231,207,204,216,176
231,231,215,205,216,184
231,231,223,206,216,196
231,231,231,205,215,209
231,231,239,202,211,226
231,231,247,198,205,241
231,231,255,194,200,252
231,239,0,176,205,42
231,239,7,177,206,45
231,239,15,178,207,49
231,239,23,180,209,56
231,239,31,183,212,65
231,239,39,184,214,69
231,239,47,186,216,75
231,239,55,188,219,80
231,239,63,191,221,86
231,239,71,192,222,91
231,239,79,194,224,97
231,239,87,195,225,102
231,239,95,197,226,107
231,239,103,198,227,112
231,239,111,199,228,117
231,239,119,200,228,122
231,239,127,201,229,126
231,239,135,201,229,130
231,239,143,202,229,134
231,239,151,202,229,138
231,239,159,203,230,143
231,239,167,203,230,147
231,239,175,204,230,152
231,239,183,204,230,157
231,239,191,204,231,163
231,239,199,204,231,169
231,239,207,205,232,176
231,239,215,206,232,184
231,239,223,207,233,196
231,239,231,207,233,207
231,239,239,206,230,223
231,239,247,203,225,239
231,239,255,200,220,252
231,247,0,172,218,44
231,247,7,173,219,46
231,247,15,174,220,50
231,247,23,176,222,55
231,247,31,178,225,62
231,247,39,181,227,69
231,247,47,183,229,74
231,247,55,185,231,80
231,247,63,188,234,86
231,247,71,190,235,91
231,247,79,192,236,96
231,247,87,194,238,102
231,247,95,195,239,107
231,247,103,197,240,112
231,247,111,198,241,117
231,247,119,199,241,122
231,247,127,200,242,127
231,247,135,201,242,130
231,247,143,202,242,135
231,247,151,203,243,139
231,247,159,203,243,144
231,247,167,204,244,148
231,247,175,204,244,153
231,247,183,204,244,158
231,247,191,204,245,164
231,247,199,205,245,170
231,247,207,205,245,177
231,247,215,206,246,184
231,247,223,207,247,195
231,247,231,208,247,206
231,247,239,208,246,221
231,247,247,206,243,237
231,247,255,204,239,250
231,255,0,168,232,43
231,255,7,169,233,47
231,255,15,170,234,50
231,255,23,172,236,54
231,255,31,174,238,60
231,255,39,177,239,65
231,255,47,180,242,72
231,255,55,182,244,76
231,255,63,185,246,82
231,255,71,187,247,87
231,255,79,189,248,94
231,255,87,192,249,101
231,255,95,194,251,108
231,255,103,196,251,113
231,255,111,197,252,117
231,255,119,199,253,123
231,255,127,200,253,127
231,255,135,201,253,131
231,255,143,202,253,135
231,255,151,202,253,139
231,255,159,203,253,144
231,255,167,204,253,148
231,255,175,204,254,153
231,255,183,204,254,158
231,255,191,205,254,165
231,255,199,205,255,171
231,255,207,205,255,177
231,255,215,206,255,184
231,255,223,207,255,194
231,255,231,208,254,204
231,255,239,209,254,219
231,255,247,209,254,234
231,255,255,208,251,250
239,0,0,199,3,31
239,0,7,203,4,40
239,0,15,207,5,49
239,0,23,212,6,59
239,0,31,216,6,68
239,0,39,218,7,76
239,0,47,221,7,87
239,0,55,223,7,99
239,0,63,224,7,114
239,0,71,224,7,125
239,0,79,223,8,139
239,0,87,222,8,154
239,0,95,219,8,167
239,0,103,216,10,180
239,0,111,213,11,191
239,0,119,210,14,203
239,0,127,206,17,212
239,0,135,203,20,218
239,0,143,199,23,224
239,0,151,196,26,229
239,0,159,192,29,233
239,0,167,188,32,236
239,0,175,185,35,238
239,0,183,183,38,240
239,0,191,181,41,242
239,0,199,179,43,243
239,0,207,178,45,245
239,0,215,177,47,246
239,0,223,176,49,248
239,0,231,175,50,249
239,0,239,174,52,251
239,0,247,174,53,253
239,0,255,174,53,254
239,7,0,199,4,31
239,7,7,203,5,40
239,7,15,207,6,48
239,7,23,212,7,59
239,7,31,215,8,68
239,7,39,218,9,75
239,7,47,220,9,86
239,7,55,222,9,98
239,7,63,223,10,112
239,7,71,223,10,123
239,7,79,223,10,137
239,7,87,221,10,151
239,7,95,219,11,164
239,7,103,216,12,177
239,7,111,214,14,188
239,7,119,210,16,200
239,7,127,206,19,209
239,7,135,203,22,216
239,7,143,199,26,222
239,7,151,196,29,227
239,7,159,192,33,231
239,7,167,189,36,235
239,7,175,186,39,237
239,7,183,183,41,239
239,7,191,181,44,241
239,7,199,180,46,243
239,7,207,178,48,244
239,7,215,177,50,246
239,7,223,176,52,248
239,7,231,175,53,249
239,7,239,175,55,251
239,7,247,175,55,253
239,7,255,174,56,254
239,15,0,199,5,31
239,15,7,202,6,40
239,15,15,206,8,48
239,15,23,211,9,59
239,15,31,215,10,67
239,15,39,217,11,75
239,15,47,219,12,85
239,15,55,221,12,97
239,15,63,222,12,110
239,15,71,222,13,121
239,15,79,222,13,134
239,15,87,221,13,148
239,15,95,219,14,161
239,15,103,216,15,174
239,15,111,214,17,185
239,15,119,210,19,197
239,15,127,207,22,206
239,15,135,204,25,213
239,15,143,200,29,220
239,15,151,197,32,225
239,15,159,193,36,230
239,15,167,190,40,234
239,15,175,187,43,236
239,15,183,184,46,239
239,15,191,182,48,241
239,15,199,180,50,243
239,15,207,178,52,244
239,15,215,177,54,246
239,15,223,176,56,248
239,15,231,175,57,249
239,15,239,175,58,251
239,15,247,175,58,253
239,15,255,175,59,254
239,23,0,198,7,31
239,23,7,202,9,40
239,23,15,205,11,48
239,23,23,210,13,59
239,23,31,213,15,66
239,23,39,216,16,74
239,23,47,218,16,84
239,23,55,220,17,94
239,23,63,221,18,107
239,23,71,221,18,117
239,23,79,221,18,130
239,23,87,220,19,143
239,23,95,218,19,156
239,23,103,216,21,168
239,23,111,214,23,179
239,23,119,210,25,191
239,23,127,207,27,201
239,23,135,205,30,209
239,23,143,201,33,216
239,23,151,198,36,222
239,23,159,194,40,227
239,23,167,191,44,232
239,23,175,188,48,235
239,23,183,185,51,238
239,23,191,182,55,240
239,23,199,180,57,242
239,23,207,178,59,244
239,23,215,177,60,246
239,23,223,176,62,248
239,23,231,175,63,249
239,23,239,175,63,251
239,23,247,175,63,253
239,23,255,175,63,254
239,31,0,198,12,31
239,31,7,201,14,39
239,31,15,204,16,47
239,31,23,209,19,58
239,31,31,212,21,66
239,31,39,214,22,72
239,31,47,217,23,82
239,31,55,218,24,92
239,31,63,219,24,104
239,31,71,220,25,113
239,31,79,219,25,125
239,31,87,219,26,137
239,31,95,217,26,149
239,31,103,216,28,162
239,31,111,214,29,173
239,31,119,211,31,185
239,31,127,208,33,196
239,31,135,206,35,204
239,31,143,202,38,212
239,31,151,199,41,218
239,31,159,196,44,225
239,31,167,192,48,230
239,31,175,189,52,234
239,31,183,186,55,237
239,31,191,183,59,240
239,31,199,180,62,242
239,31,207,178,66,244
239,31,215,177,67,245
239,31,223,175,68,247
239,31,231,175,68,249
239,31,239,175,69,251
239,31,247,175,68,252
239,31,255,175,68,254
239,39,0,197,18,31
239,39,7,200,20,39
239,39,15,203,23,47
239,39,23,207,26,57
239,39,31,210,28,65
239,39,39,212,30,71
239,39,47,214,31,80
239,39,55,216,32,89
239,39,63,217,33,100
239,39,71,217,33,109
239,39,79,218,34,120
239,39,87,217,34,131
239,39,95,216,35,142
239,39,103,215,36,154
239,39,111,213,37,165
239,39,119,211,38,178
239,39,127,209,40,189
239,39,135,206,42,197
239,39,143,203,44,207
239,39,151,200,47,214
239,39,159,197,50,221
239,39,167,193,53,227
239,39,175,190,56,232
239,39,183,187,60,236
239,39,191,184,63,239
239,39,199,181,66,242
239,39,207,179,69,244
239,39,215,177,71,246
239,39,223,175,74,248
239,39,231,174,75,249
239,39,239,174,75,251
239,39,247,174,74,252
239,39,255,175,73,254
239,47,0,196,25,31
239,47,7,199,27,39
239,47,15,202,30,47
239,47,23,206,33,57
239,47,31,208,36,64
239,47,39,210,38,71
239,47,47,212,39,79
239,47,55,213,40,87
239,47,63,215,41,98
239,47,71,215,41,106
239,47,79,215,42,116
239,47,87,215,42,127
239,47,95,215,42,137
239,47,103,214,43,148
239,47,111,213,44,158
239,47,119,211,45,170
239,47,127,209,47,182
239,47,135,207,48,191
239,47,143,204,50,201
239,47,151,201,52,209
239,47,159,198,55,217
239,47,167,194,58,224
239,47,175,191,61,230
239,47,183,188,64,235
239,47,191,184,67,238
239,47,199,182,69,242
239,47,207,180,72,244
239,47,215,178,74,246
239,47,223,176,76,248
239,47,231,175,78,250
239,47,239,174,79,251
239,47,247,173,79,252
239,47,255,174,78,253
239,55,0,195,33,31
239,55,7,198,35,38
239,55,15,201,38,47
239,55,23,204,41,56
239,55,31,206,44,64
239,55,39,208,46,70
239,55,47,209,48,78
239,55,55,210,49,85
239,55,63,212,50,95
239,55,71,212,50,102
239,55,79,213,50,112
239,55,87,213,50,122
239,55,95,212,51,131
239,55,103,212,51,142
239,55,111,211,51,151
239,55,119,210,52,163
239,55,127,209,53,174
239,55,135,207,54,183
239,55,143,205,56,194
239,55,151,203,57,203
239,55,159,200,60,213
239,55,167,196,62,221
239,55,175,192,65,228
239,55,183,189,67,234
239,55,191,185,70,238
239,55,199,182,73,241
239,55,207,180,75,244
239,55,215,178,77,246
239,55,223,176,79,248
239,55,231,175,80,250
239,55,239,174,81,252
239,55,247,174,82,253
239,55,255,174,81,253
239,63,0,195,40,31
239,63,7,197,42,38
239,63,15,200,45,47
239,63,23,203,48,56
239,63,31,205,51,64
239,63,39,206,53,69
239,63,47,207,55,77
239,63,55,208,57,84
239,63,63,209,58,93
239,63,71,210,58,100
239,63,79,210,58,108
239,63,87,210,58,118
239,63,95,210,58,127
239,63,103,210,58,136
239,63,111,210,59,145
239,63,119,209,59,156
239,63,127,208,60,166
239,63,135,207,60,176
239,63,143,206,61,187
239,63,151,204,62,197
239,63,159,201,64,207
239,63,167,198,66,217
239,63,175,194,68,225
239,63,183,191,71,232
239,63,191,187,74,237
239,63,199,183,76,241
239,63,207,180,78,244
239,63,215,177,80,246
239,63,223,175,82,249
239,63,231,174,83,251
239,63,239,174,84,252
239,63,247,174,84,253
239,63,255,174,83,253
239,71,0,195,49,31
239,71,7,197,51,38
239,71,15,200,54,47
239,71,23,202,56,55
239,71,31,204,59,64
239,71,39,205,61,69
239,71,47,206,63,76
239,71,55,207,65,83
239,71,63,208,66,91
239,71,71,208,66,98
239,71,79,209,67,105
239,71,87,209,67,114
239,71,95,209,67,122
239,71,103,209,67,131
239,71,111,209,67,139
239,71,119,208,67,149
239,71,127,207,68,158
239,71,135,207,68,167
239,71,143,206,68,178
239,71,151,204,69,188
239,71,159,202,70,200
239,71,167,199,72,211
239,71,175,196,73,221
239,71,183,193,75,228
239,71,191,189,78,236
239,71,199,185,80,240
239,71,207,182,82,244
239,71,215,179,83,246
239,71,223,176,85,249
239,71,231,174,86,251
239,71,239,173,87,253
239,71,247,173,87,253
239,71,255,173,86,253
239,79,0,195,56,31
239,79,7,196,58,38
239,79,15,199,60,47
239,79,23,201,63,55
239,79,31,203,66,64
239,79,39,204,68,69
239,79,47,205,70,76
239,79,55,206,71,82
239,79,63,207,72,90
239,79,71,207,73,96
239,79,79,208,73,103
239,79,87,208,73,111
239,79,95,208,73,119
239,79,103,208,73,127
239,79,111,208,73,135
239,79,119,207,74,144
239,79,127,207,74,153
239,79,135,207,74,161
239,79,143,206,74,172
239,79,151,205,75,182
239,79,159,203,75,194
239,79,167,201,77,205
239,79,175,198,78,216
239,79,183,194,80,225
239,79,191,190,81,234
239,79,199,186,83,239
239,79,207,183,85,244
239,79,215,180,86,247
239,79,223,177,88,249
239,79,231,175,89,251
239,79,239,173,90,253
239,79,247,173,90,253
239,79,255,172,89,253
239,87,0,195,63,32
239,87,7,197,65,38
239,87,15,199,68,47
239,87,23,201,70,55
239,87,31,202,73,63
239,87,39,203,75,69
239,87,47,204,77,75
239,87,55,205,78,81
239,87,63,206,79,88
239,87,71,206,80,94
239,87,79,207,81,101
239,87,87,207,81,109
239,87,95,207,81,116
239,87,103,207,81,123
239,87,111,207,81,130
239,87,119,206,81,138
239,87,127,206,81,147
239,87,135,206,81,155
239,87,143,206,81,165
239,87,151,206,81,174
239,87,159,204,82,186
239,87,167,203,82,197
239,87,175,200,83,209
239,87,183,197,85,220
239,87,191,193,86,229
239,87,199,188,87,237
239,87,207,184,89,243
239,87,215,180,90,247
239,87,223,177,91,250
239,87,231,175,92,251
239,87,239,174,93,253
239,87,247,173,93,253
239,87,255,172,93,253
239,95,0,196,70,32
239,95,7,197,72,38
239,95,15,199,74,46
239,95,23,201,77,56
239,95,31,202,79,63
239,95,39,203,81,69
239,95,47,204,83,75
239,95,55,205,84,81
239,95,63,206,86,88
239,95,71,206,86,93
239,95,79,206,87,100
239,95,87,206,87,107
239,95,95,206,87,114
239,95,103,206,87,121
239,95,111,206,87,127
239,95,119,206,87,135
239,95,127,206,87,142
239,95,135,206,87,149
239,95,143,205,87,158
239,95,151,205,87,167
239,95,159,205,87,178
239,95,167,204,88,191
239,95,175,202,88,202
239,95,183,199,89,214
239,95,191,195,90,225
239,95,199,190,91,234
239,95,207,186,92,241
239,95,215,182,93,246
239,95,223,178,94,250
239,95,231,175,95,252
239,95,239,173,96,253
239,95,247,172,96,254
239,95,255,171,96,253
239,103,0,196,77,33
239,103,7,197,79,38
239,103,15,199,81,46
239,103,23,201,83,56
239,103,31,202,85,63
239,103,39,203,87,69
239,103,47,204,89,75
239,103,55,205,91,80
239,103,63,205,92,87
239,103,71,206,92,92
239,103,79,206,93,99
239,103,87,206,93,105
239,103,95,206,93,112
239,103,103,206,93,118
239,103,111,206,93,124
239,103,119,206,93,132
239,103,127,206,93,139
239,103,135,206,93,145
239,103,143,206,93,154
239,103,151,206,93,162
239,103,159,205,93,172
239,103,167,204,93,184
239,103,175,203,93,196
239,103,183,200,94,208
239,103,191,197,95,220
239,103,199,192,96,231
239,103,207,188,96,239
239,103,215,183,97,245
239,103,223,179,98,250
239,103,231,176,98,252
239,103,239,174,99,253
239,103,247,173,99,254
239,103,255,171,99,253
239,111,0,197,84,34
239,111,7,198,86,38
239,111,15,200,87,46
239,111,23,201,90,56
239,111,31,203,92,63
239,111,39,204,93,69
239,111,47,204,95,75
239,111,55,205,96,80
239,111,63,206,97,87
239,111,71,206,98,92
239,111,79,206,98,98
239,111,87,206,99,104
239,111,95,206,99,110
239,111,103,206,99,117
239,111,111,205,99,122
239,111,119,205,99,129
239,111,127,205,99,136
239,111,135,205,99,141
239,111,143,205,99,149
239,111,151,205,99,156
239,111,159,205,98,166
239,111,167,205,98,177
239,111,175,204,99,190
239,111,183,202,99,202
239,111,191,199,99,215
239,111,199,195,100,226
239,111,207,190,100,236
239,111,215,185,101,243
239,111,223,179,101,249
239,111,231,176,101,252
239,111,239,174,102,254
239,111,247,173,102,254
239,111,255,171,102,254
239,119,0,198,90,34
239,119,7,198,91,39
239,119,15,200,93,46
239,119,23,201,95,55
239,119,31,203,97,63
239,119,39,204,99,69
239,119,47,204,100,75
239,119,55,205,101,80
239,119,63,206,102,87
239,119,71,206,103,91
239,119,79,206,103,97
239,119,87,206,103,103
239,119,95,206,104,109
239,119,103,206,104,115
239,119,111,206,104,121
239,119,119,205,104,128
239,119,127,205,104,134
239,119,135,205,103,139
239,119,143,205,103,146
239,119,151,205,103,153
239,119,159,205,103,161
239,119,167,205,103,172
239,119,175,204,103,183
239,119,183,203,103,196
239,119,191,200,104,210
239,119,199,197,104,223
239,119,207,192,104,233
239,119,215,187,104,242
239,119,223,182,104,248
239,119,231,177,104,251
239,119,239,173,104,254
239,119,247,172,104,254
239,119,255,170,104,254
239,127,0,198,97,35
239,127,7,199,98,40
239,127,15,200,99,46
239,127,23,202,101,55
239,127,31,203,103,63
239,127,39,204,105,69
239,127,47,205,106,75
239,127,55,205,107,80
239,127,63,206,108,86
239,127,71,206,108,91
239,127,79,206,109,97
239,127,87,206,109,103
239,127,95,206,109,108
239,127,103,206,109,114
239,127,111,206,109,119
239,127,119,205,109,126
239,127,127,205,109,132
239,127,135,205,109,137
239,127,143,205,109,143
239,127,151,205,109,149
239,127,159,205,109,157
239,127,167,205,109,166
239,127,175,205,109,177
239,127,183,203,109,189
239,127,191,202,109,203
239,127,199,198,109,217
239,127,207,194,109,229
239,127,215,189,109,239
239,127,223,183,108,247
239,127,231,179,108,251
239,127,239,175,108,253
239,127,247,172,107,254
239,127,255,168,107,254
239,135,0,198,103,35
239,135,7,199,104,41
239,135,15,200,105,46
239,135,23,202,107,55
239,135,31,203,109,64
239,135,39,204,110,69
239,135,47,205,111,75
239,135,55,206,112,80
239,135,63,206,113,86
239,135,71,206,113,91
239,135,79,207,114,97
239,135,87,206,114,102
239,135,95,206,114,108
239,135,103,206,114,114
239,135,111,206,114,119
239,135,119,205,114,125
239,135,127,205,114,130
239,135,135,205,114,135
239,135,143,205,114,141
239,135,151,205,114,146
239,135,159,205,114,153
239,135,167,205,114,162
239,135,175,205,114,172
239,135,183,204,114,183
239,135,191,203,114,198
239,135,199,200,113,212
239,135,207,197,113,226
239,135,215,192,113,236
239,135,223,185,112,245
239,135,231,179,111,250
239,135,239,175,111,253
239,135,247,172,110,255
239,135,255,168,109,254
239,143,0,198,109,36
239,143,7,199,110,41
239,143,15,201,111,48
239,143,23,202,112,55
239,143,31,203,114,63
239,143,39,204,115,69
239,143,47,205,116,75
239,143,55,206,117,81
239,143,63,206,118,87
239,143,71,206,118,91
239,143,79,207,119,97
239,143,87,207,119,102
239,143,95,206,119,107
239,143,103,206,119,113
239,143,111,206,119,118
239,143,119,206,119,124
239,143,127,205,119,129
239,143,135,205,119,134
239,143,143,205,119,139
239,143,151,205,119,144
239,143,159,205,119,151
239,143,167,205,118,158
239,143,175,205,119,167
239,143,183,204,119,178
239,143,191,203,118,192
239,143,199,202,118,206
239,143,207,198,118,220
239,143,215,194,117,232
239,143,223,187,116,243
239,143,231,182,115,249
239,143,239,176,114,253
239,143,247,171,113,254
239,143,255,167,112,254
239,151,0,199,114,36
239,151,7,200,115,41
239,151,15,201,116,49
239,151,23,202,117,55
239,151,31,204,119,63
239,151,39,205,120,69
239,151,47,205,122,75
239,151,55,206,122,81
239,151,63,207,123,87
239,151,71,207,123,91
239,151,79,207,124,97
239,151,87,207,124,102
239,151,95,207,124,107
239,151,103,206,124,113
239,151,111,206,124,117
239,151,119,206,124,123
239,151,127,205,124,128
239,151,135,205,124,132
239,151,143,205,124,138
239,151,151,205,124,143
239,151,159,205,124,149
239,151,167,205,124,156
239,151,175,205,124,164
239,151,183,205,124,174
239,151,191,205,124,186
239,151,199,203,123,201
239,151,207,200,123,215
239,151,215,196,122,228
239,151,223,189,121,240
239,151,231,184,119,247
239,151,239,177,118,252
239,151,247,173,116,254
239,151,255,167,114,255
239,159,0,198,120,36
239,159,7,199,120,41
239,159,15,201,122,49
239,159,23,202,123,56
239,159,31,203,124,63
239,159,39,204,126,69
239,159,47,205,127,75
239,159,55,206,128,81
239,159,63,207,128,87
239,159,71,207,129,91
239,159,79,207,129,97
239,159,87,207,129,102
239,159,95,207,130,107
239,159,103,207,130,112
239,159,111,207,130,117
239,159,119,206,130,122
239,159,127,206,129,127
239,159,135,205,129,131
239,159,143,205,129,136
239,159,151,205,129,141
239,159,159,204,129,147
239,159,167,204,129,153
239,159,175,205,129,161
239,159,183,205,129,170
239,159,191,205,129,182
239,159,199,204,129,195
239,159,207,202,129,209
239,159,215,198,128,223
239,159,223,192,126,236
239,159,231,185,124,245
239,159,239,179,122,251
239,159,247,174,120,254
239,159,255,168,117,255
239,167,0,199,125,37
239,167,7,200,126,41
239,167,15,201,127,48
239,167,23,203,128,57
239,167,31,204,130,63
239,167,39,205,131,69
239,167,47,206,133,76
239,167,55,206,133,81
239,167,63,207,134,87
239,167,71,207,135,92
239,167,79,207,135,97
239,167,87,207,135,102
239,167,95,207,135,107
239,167,103,207,135,112
239,167,111,207,135,117
239,167,119,207,135,122
239,167,127,206,135,127
239,167,135,206,135,131
239,167,143,205,135,135
239,167,151,205,135,140
239,167,159,205,135,145
239,167,167,205,135,151
239,167,175,205,135,158
239,167,183,205,135,166
239,167,191,206,135,177
239,167,199,205,135,189
239,167,207,204,135,204
239,167,215,200,134,217
239,167,223,195,132,233
239,167,231,188,129,243
239,167,239,181,126,250
239,167,247,176,124,254
239,167,255,169,121,255
239,175,0,199,130,37
239,175,7,199,131,42
239,175,15,201,132,48
239,175,23,202,134,58
239,175,31,204,135,64
239,175,39,205,137,69
239,175,47,206,138,76
239,175,55,206,139,81
239,175,63,207,140,87
239,175,71,207,140,92
239,175,79,208,141,97
239,175,87,208,141,103
239,175,95,208,141,107
239,175,103,208,141,112
239,175,111,207,141,117
239,175,119,207,141,122
239,175,127,207,141,126
239,175,135,206,141,130
239,175,143,206,141,135
239,175,151,206,141,139
239,175,159,205,141,144
239,175,167,205,141,150
239,175,175,206,141,156
239,175,183,206,141,163
239,175,191,207,141,173
239,175,199,207,141,185
239,175,207,205,141,199
239,175,215,203,140,212
239,175,223,197,138,228
239,175,231,190,135,239
239,175,239,183,131,250
239,175,247,178,129,253
239,175,255,172,125,255
239,183,0,199,136,38
239,183,7,200,137,42
239,183,15,201,138,48
239,183,23,203,140,57
239,183,31,204,142,64
239,183,39,205,143,69
239,183,47,206,145,76
239,183,55,207,146,81
239,183,63,208,147,88
239,183,71,208,148,92
239,183,79,208,148,97
239,183,87,208,148,103
239,183,95,208,149,107
239,183,103,208,149,112
239,183,111,208,149,116
239,183,119,208,149,122
239,183,127,208,149,126
239,183,135,207,149,130
239,183,143,207,149,134
239,183,151,207,149,138
239,183,159,206,149,143
239,183,167,206,149,148
239,183,175,206,149,154
239,183,183,206,149,160
239,183,191,207,149,169
239,183,199,208,149,180
239,183,207,208,149,193
239,183,215,205,148,207
239,183,223,200,145,224
239,183,231,194,142,236
239,183,239,186,138,247
239,183,247,179,134,252
239,183,255,173,130,255
239,191,0,199,143,40
239,191,7,200,144,44
239,191,15,201,145,49
239,191,23,202,147,57
239,191,31,204,149,65
239,191,39,205,150,70
239,191,47,206,152,76
239,191,55,207,154,81
239,191,63,208,155,88
239,191,71,209,155,92
239,191,79,209,156,97
239,191,87,209,156,103
239,191,95,209,157,108
239,191,103,209,157,112
239,191,111,209,157,116
239,191,119,209,157,121
239,191,127,209,157,126
239,191,135,208,157,129
239,191,143,208,157,134
239,191,151,208,157,138
239,191,159,208,157,143
239,191,167,207,157,147
239,191,175,207,157,153
239,191,183,208,157,158
239,191,191,208,157,167
239,191,199,209,157,177
239,191,207,208,157,188
239,191,215,207,156,202
239,191,223,203,154,219
239,191,231,197,150,232
239,191,239,189,145,244
239,191,247,182,141,252
239,191,255,175,136,254
239,199,0,199,150,42
239,199,7,200,151,45
239,199,15,201,152,50
239,199,23,202,154,56
239,199,31,204,156,64
239,199,39,205,158,70
239,199,47,207,160,76
239,199,55,208,162,82
239,199,63,209,163,88
239,199,71,209,164,92
239,199,79,210,164,98
239,199,87,210,165,103
239,199,95,210,165,108
239,199,103,210,165,112
239,199,111,210,165,117
239,199,119,210,165,121
239,199,127,210,165,126
239,199,135,210,165,129
239,199,143,209,165,134
239,199,151,209,165,138
239,199,159,209,165,142
239,199,167,209,165,147
239,199,175,209,165,152
239,199,183,209,165,157
239,199,191,209,165,164
239,199,199,209,166,173
239,199,207,209,165,184
239,199,215,209,165,197
239,199,223,206,162,214
239,199,231,201,159,228
239,199,239,193,154,242
239,199,247,186,149,250
239,199,255,178,143,254
239,207,0,198,157,42
239,207,7,199,158,47
239,207,15,200,159,51
239,207,23,202,161,57
239,207,31,203,164,64
239,207,39,205,166,71
239,207,47,206,168,76
239,207,55,208,170,82
239,207,63,209,171,88
239,207,71,209,172,92
239,207,79,210,173,98
239,207,87,210,174,103
239,207,95,211,174,108
239,207,103,211,174,113
239,207,111,211,175,117
239,207,119,211,175,122
239,207,127,211,175,126
239,207,135,211,174,129
239,207,143,211,174,134
239,207,151,210,174,138
239,207,159,210,174,142
239,207,167,210,175,147
239,207,175,210,175,152
239,207,183,210,175,157
239,207,191,210,175,163
239,207,199,211,175,171
239,207,207,211,175,180
239,207,215,211,174,192
239,207,223,208,172,209
239,207,231,204,169,224
239,207,239,197,163,239
239,207,247,190,158,249
239,207,255,183,152,255
239,215,0,198,165,42
239,215,7,199,167,47
239,215,15,200,168,54
239,215,23,202,170,59
239,215,31,203,173,64
239,215,39,205,175,70
239,215,47,206,178,77
239,215,55,207,180,82
239,215,63,209,182,88
239,215,71,209,183,92
239,215,79,210,184,98
239,215,87,211,185,103
239,215,95,211,185,108
239,215,103,211,186,113
239,215,111,211,186,117
239,215,119,212,186,122
239,215,127,212,186,126
239,215,135,212,186,130
239,215,143,212,186,134
239,215,151,212,186,138
239,215,159,212,186,142
239,215,167,212,186,147
239,215,175,212,186,152
239,215,183,212,186,156
239,215,191,212,186,162
239,215,199,212,186,169
239,215,207,212,186,178
239,215,215,213,186,188
239,215,223,211,184,204
239,215,231,208,181,219
239,215,239,202,176,236
239,215,247,195,170,247
239,215,255,188,163,253
239,223,0,196,175,42
239,223,7,197,177,46
239,223,15,199,178,52
239,223,23,201,181,61
239,223,31,202,183,66
239,223,39,204,186,70
239,223,47,206,189,77
239,223,55,207,191,82
239,223,63,208,193,88
239,223,71,209,195,93
239,223,79,210,196,98
239,223,87,211,197,104
239,223,95,211,198,108
239,223,103,212,198,113
239,223,111,212,199,117
239,223,119,213,199,122
239,223,127,213,199,126
239,223,135,213,199,130
239,223,143,213,199,135
239,223,151,213,199,138
239,223,159,213,199,143
239,223,167,213,199,147
239,223,175,213,199,152
239,223,183,213,200,157
239,223,191,213,200,162
239,223,199,214,200,169
239,223,207,214,200,176
239,223,215,215,200,186
239,223,223,215,199,200
239,223,231,213,197,214
239,223,239,208,192,232
239,223,247,202,186,244
239,223,255,196,180,253
239,231,0,195,187,43
239,231,7,195,188,46
239,231,15,197,190,51
239,231,23,199,192,59
239,231,31,201,195,67
239,231,39,202,197,71
239,231,47,204,200,77
239,231,55,206,203,82
239,231,63,207,205,88
239,231,71,208,207,93
239,231,79,209,208,98
239,231,87,210,209,104
239,231,95,211,210,109
239,231,103,212,211,113
239,231,111,213,211,118
239,231,119,213,212,123
239,231,127,214,212,127
239,231,135,214,212,131
239,231,143,214,212,135
239,231,151,215,212,139
239,231,159,215,212,144
239,231,167,215,212,148
239,231,175,215,213,153
239,231,183,215,213,157
239,231,191,215,213,163
239,231,199,215,213,170
239,231,207,216,214,177
239,231,215,217,214,186
239,231,223,217,214,198
239,231,231,216,213,211
239,231,239,213,209,228
239,231,247,208,203,243
239,231,255,204,198,252
239,239,0,192,201,44
239,239,7,192,201,47
239,239,15,194,203,51
239,239,23,196,205,58
239,239,31,198,208,66
239,239,39,200,210,72
239,239,47,202,213,77
239,239,55,203,215,82
239,239,63,205,218,88
239,239,71,206,220,93
239,239,79,208,221,98
239,239,87,209,223,104
239,239,95,210,224,109
239,239,103,212,224,114
239,239,111,212,225,118
239,239,119,213,225,123
239,239,127,214,226,128
239,239,135,215,226,132
239,239,143,215,226,136
239,239,151,216,227,140
239,239,159,216,227,145
239,239,167,216,227,149
239,239,175,216,227,154
239,239,183,217,228,159
239,239,191,217,228,165
239,239,199,217,229,171
239,239,207,217,229,178
239,239,215,218,230,186
239,239,223,220,231,198
239,239,231,220,231,209
239,239,239,218,228,225
239,239,247,214,223,240
239,239,255,211,219,254
239,247,0,188,215,47
239,247,7,189,216,50
239,247,15,190,217,53
239,247,23,192,219,58
239,247,31,194,221,64
239,247,39,196,224,70
239,247,47,199,226,77
239,247,55,201,228,82
239,247,63,203,231,88
239,247,71,204,232,92
239,247,79,206,234,98
239,247,87,208,235,104
239,247,95,209,236,109
239,247,103,211,237,114
239,247,111,212,238,119
239,247,119,213,238,124
239,247,127,214,239,129
239,247,135,215,239,132
239,247,143,216,240,137
239,247,151,216,240,141
239,247,159,217,241,146
239,247,167,217,241,150
239,247,175,218,242,155
239,247,183,218,242,160
239,247,191,218,242,166
239,247,199,219,243,173
239,247,207,219,244,180
239,247,215,220,244,187
239,247,223,221,245,198
239,247,231,221,245,208
239,247,239,221,245,224
239,247,247,219,241,239
239,247,255,216,236,251
239,255,0,184,228,45
239,255,7,185,229,48
239,255,15,186,231,53
239,255,23,188,232,58
239,255,31,190,234,62
239,255,39,192,236,67
239,255,47,195,239,74
239,255,55,197,241,79
239,255,63,200,243,84
239,255,71,201,245,89
239,255,79,204,246,95
239,255,87,206,248,103
239,255,95,208,249,109
239,255,103,210,250,115
239,255,111,211,250,119
239,255,119,213,250,125
239,255,127,214,250,129
239,255,135,215,251,133
239,255,143,216,251,138
239,255,151,216,251,142
239,255,159,217,252,146
239,255,167,217,253,151
239,255,175,218,254,156
239,255,183,218,254,161
239,255,191,219,254,168
239,255,199,219,254,174
239,255,207,220,253,181
239,255,215,220,253,188
239,255,223,222,254,198
239,255,231,223,254,208
239,255,239,223,254,222
239,255,247,223,253,236
239,255,255,222,251,250
247,0,0,213,2,32
247,0,7,216,3,40
247,0,15,221,3,49
247,0,23,226,4,59
247,0,31,230,5,68
247,0,39,232,5,75
247,0,47,235,5,85
247,0,55,236,5,97
247,0,63,237,5,111
247,0,71,238,5,122
247,0,79,237,5,136
247,0,87,236,7,151
247,0,95,234,9,164
247,0,103,231,11,177
247,0,111,228,13,188
247,0,119,224,16,200
247,0,127,221,18,209
247,0,135,219,20,216
247,0,143,215,23,223
247,0,151,213,25,228
247,0,159,209,28,233
247,0,167,207,31,237
247,0,175,204,34,240
247,0,183,202,37,241
247,0,191,201,41,243
247,0,199,200,44,244
247,0,207,199,46,245
247,0,215,198,49,246
247,0,223,197,51,248
247,0,231,197,53,249
247,0,239,198,55,251
247,0,247,199,53,253
247,0,255,199,52,254
247,7,0,212,3,32
247,7,7,216,4,40
247,7,15,220,5,49
247,7,23,225,6,59
247,7,31,229,6,68
247,7,39,232,7,75
247,7,47,234,7,85
247,7,55,236,7,96
247,7,63,237,7,110
247,7,71,237,8,121
247,7,79,237,8,134
247,7,87,236,9,148
247,7,95,234,11,161
247,7,103,231,13,174
247,7,111,229,15,185
247,7,119,225,18,198
247,7,127,222,20,207
247,7,135,219,23,214
247,7,143,216,25,222
247,7,151,213,28,227
247,7,159,210,31,232
247,7,167,207,34,236
247,7,175,205,37,239
247,7,183,203,40,241
247,7,191,201,44,243
247,7,199,200,46,244
247,7,207,199,49,245
247,7,215,198,51,246
247,7,223,197,54,248
247,7,231,197,55,249
247,7,239,198,58,250
247,7,247,198,57,252
247,7,255,199,55,254
247,15,0,212,4,32
247,15,7,216,5,40
247,15,15,220,6,49
247,15,23,225,8,59
247,15,31,229,9,67
247,15,39,231,9,74
247,15,47,234,10,84
247,15,55,235,10,95
247,15,63,236,11,108
247,15,71,236,11,119
247,15,79,236,12,132
247,15,87,235,13,146
247,15,95,234,14,158
247,15,103,232,16,171
247,15,111,229,18,182
247,15,119,226,21,194
247,15,127,223,23,205
247,15,135,220,26,212
247,15,143,217,29,220
247,15,151,214,31,225
247,15,159,211,34,231
247,15,167,208,38,234
247,15,175,205,41,238
247,15,183,203,44,240
247,15,191,201,47,242
247,15,199,200,50,244
247,15,207,199,52,245
247,15,215,198,54,246
247,15,223,198,56,248
247,15,231,197,58,249
247,15,239,198,60,250
247,15,247,198,61,252
247,15,255,198,59,254
247,23,0,212,7,32
247,23,7,215,9,40
247,23,15,219,10,49
247,23,23,224,12,58
247,23,31,228,14,67
247,23,39,230,15,73
247,23,47,232,16,83
247,23,55,234,16,93
247,23,63,235,17,106
247,23,71,235,17,116
247,23,79,235,18,128
247,23,87,234,18,141
247,23,95,233,19,154
247,23,103,231,21,166
247,23,111,229,23,177
247,23,119,226,26,190
247,23,127,224,28,200
247,23,135,221,30,208
247,23,143,218,34,216
247,23,151,215,37,222
247,23,159,212,40,228
247,23,167,209,43,232
247,23,175,206,47,236
247,23,183,203,50,239
247,23,191,202,53,241
247,23,199,200,55,243
247,23,207,199,57,245
247,23,215,198,59,246
247,23,223,198,61,248
247,23,231,197,63,249
247,23,239,198,64,251
247,23,247,198,65,252
247,23,255,198,66,253
247,31,0,211,12,32
247,31,7,215,13,39
247,31,15,219,16,48
247,31,23,223,18,58
247,31,31,227,21,66
247,31,39,229,22,72
247,31,47,231,23,81
247,31,55,232,24,91
247,31,63,233,24,103
247,31,71,234,25,112
247,31,79,234,25,124
247,31,87,233,25,136
247,31,95,232,26,148
247,31,103,231,27,160
247,31,111,229,29,171
247,31,119,226,31,184
247,31,127,224,33,194
247,31,135,222,35,203
247,31,143,219,39,212
247,31,151,216,41,218
247,31,159,213,45,225
247,31,167,210,49,230
247,31,175,207,52,234
247,31,183,204,56,238
247,31,191,202,58,240
247,31,199,200,61,243
247,31,207,199,63,244
247,31,215,198,65,246
247,31,223,197,66,248
247,31,231,197,68,249
247,31,239,197,69,251
247,31,247,198,70,252
247,31,255,198,69,253
247,39,0,211,17,32
247,39,7,214,20,39
247,39,15,218,23,48
247,39,23,222,26,57
247,39,31,225,29,65
247,39,39,227,30,71
247,39,47,229,32,80
247,39,55,230,32,88
247,39,63,231,33,100
247,39,71,232,33,108
247,39,79,232,34,119
247,39,87,232,34,131
247,39,95,231,34,142
247,39,103,230,35,154
247,39,111,228,36,164
247,39,119,226,38,177
247,39,127,224,40,188
247,39,135,223,41,197
247,39,143,220,44,207
247,39,151,217,46,214
247,39,159,214,49,221
247,39,167,211,52,228
247,39,175,208,56,233
247,39,183,206,59,237
247,39,191,203,63,240
247,39,199,201,66,242
247,39,207,199,69,244
247,39,215,198,71,246
247,39,223,197,72,248
247,39,231,196,73,249
247,39,239,196,74,251
247,39,247,197,74,252
247,39,255,197,74,253
247,47,0,210,24,32
247,47,7,213,26,39
247,47,15,217,29,48
247,47,23,220,33,56
247,47,31,223,36,65
247,47,39,225,38,70
247,47,47,227,40,78
247,47,55,228,41,86
247,47,63,229,42,97
247,47,71,230,42,105
247,47,79,230,42,115
247,47,87,230,42,126
247,47,95,229,43,136
247,47,103,229,43,147
247,47,111,228,44,157
247,47,119,226,45,170
247,47,127,225,46,181
247,47,135,223,47,190
247,47,143,220,49,201
247,47,151,218,51,209
247,47,159,215,54,218
247,47,167,212,56,226
247,47,175,209,60,231
247,47,183,206,63,236
247,47,191,204,66,239
247,47,199,201,69,242
247,47,207,199,72,244
247,47,215,198,74,246
247,47,223,196,77,248
247,47,231,195,78,250
247,47,239,195,79,251
247,47,247,196,79,252
247,47,255,196,78,253
247,55,0,210,31,32
247,55,7,212,34,38
247,55,15,216,37,48
247,55,23,219,40,56
247,55,31,222,43,64
247,55,39,223,45,70
247,55,47,225,47,77
247,55,55,226,48,85
247,55,63,227,49,95
247,55,71,227,50,102
247,55,79,228,50,111
247,55,87,228,50,122
247,55,95,228,50,131
247,55,103,227,51,141
247,55,111,227,51,151
247,55,119,226,52,163
247,55,127,225,53,174
247,55,135,223,54,183
247,55,143,221,55,195
247,55,151,219,57,204
247,55,159,216,59,214
247,55,167,213,61,222
247,55,175,210,64,229
247,55,183,207,66,234
247,55,191,204,70,239
247,55,199,201,72,242
247,55,207,199,75,245
247,55,215,198,77,246
247,55,223,196,79,248
247,55,231,195,81,250
247,55,239,194,82,251
247,55,247,194,83,252
247,55,255,194,82,253
247,63,0,209,39,32
247,63,7,212,41,38
247,63,15,215,44,47
247,63,23,217,47,56
247,63,31,220,50,64
247,63,39,221,52,69
247,63,47,222,55,77
247,63,55,223,56,83
247,63,63,224,57,93
247,63,71,225,57,100
247,63,79,225,58,108
247,63,87,226,58,118
247,63,95,226,58,127
247,63,103,226,58,137
247,63,111,225,58,145
247,63,119,225,58,157
247,63,127,224,59,167
247,63,135,223,60,176
247,63,143,222,61,188
247,63,151,220,62,198
247,63,159,217,63,208
247,63,167,214,65,218
247,63,175,211,67,227
247,63,183,208,70,233
247,63,191,204,73,238
247,63,199,201,75,242
247,63,207,199,78,245
247,63,215,197,80,247
247,63,223,195,82,249
247,63,231,194,83,250
247,63,239,194,85,252
247,63,247,193,85,252
247,63,255,193,85,253
247,71,0,209,47,32
247,71,7,211,49,38
247,71,15,214,52,46
247,71,23,217,55,56
247,71,31,218,58,63
247,71,39,220,61,69
247,71,47,220,63,76
247,71,55,221,64,82
247,71,63,222,66,90
247,71,71,222,66,97
247,71,79,223,67,105
247,71,87,223,67,114
247,71,95,223,67,122
247,71,103,223,67,131
247,71,111,223,67,139
247,71,119,223,67,150
247,71,127,223,67,159
247,71,135,222,67,168
247,71,143,221,68,180
247,71,151,220,68,189
247,71,159,218,70,201
247,71,167,216,71,211
247,71,175,213,73,221
247,71,183,210,74,229
247,71,191,206,77,236
247,71,199,203,79,241
247,71,207,199,81,244
247,71,215,197,83,247
247,71,223,194,85,249
247,71,231,193,86,251
247,71,239,192,88,252
247,71,247,192,88,253
247,71,255,191,88,253
247,79,0,210,54,32
247,79,7,211,56,38
247,79,15,214,58,46
247,79,23,216,62,56
247,79,31,218,64,63
247,79,39,219,67,69
247,79,47,220,69,75
247,79,55,220,70,81
247,79,63,221,72,89
247,79,71,221,72,96
247,79,79,222,73,103
247,79,87,222,73,112
247,79,95,222,73,119
247,79,103,222,73,128
247,79,111,222,73,135
247,79,119,222,73,145
247,79,127,222,73,154
247,79,135,222,74,162
247,79,143,221,74,173
247,79,151,220,74,183
247,79,159,219,75,194
247,79,167,217,76,206
247,79,175,214,77,216
247,79,183,211,79,226
247,79,191,207,81,234
247,79,199,204,83,240
247,79,207,200,84,244
247,79,215,197,86,248
247,79,223,195,88,250
247,79,231,193,89,251
247,79,239,191,90,253
247,79,247,190,90,253
247,79,255,190,90,253
247,87,0,210,62,33
247,87,7,211,63,38
247,87,15,213,66,46
247,87,23,215,69,56
247,87,31,217,72,63
247,87,39,218,74,69
247,87,47,219,76,75
247,87,55,219,78,81
247,87,63,220,79,88
247,87,71,220,79,94
247,87,79,221,80,101
247,87,87,221,80,109
247,87,95,221,80,116
247,87,103,221,81,124
247,87,111,221,81,131
247,87,119,221,81,140
247,87,127,221,81,148
247,87,135,221,81,156
247,87,143,221,81,166
247,87,151,220,81,175
247,87,159,220,81,187
247,87,167,218,82,199
247,87,175,216,83,210
247,87,183,213,84,221
247,87,191,209,85,231
247,87,199,205,87,238
247,87,207,201,88,244
247,87,215,197,90,247
247,87,223,194,91,250
247,87,231,193,92,252
247,87,239,191,93,253
247,87,247,190,94,254
247,87,255,188,93,253
247,95,0,210,69,33
247,95,7,211,70,38
247,95,15,213,72,46
247,95,23,215,75,56
247,95,31,217,78,63
247,95,39,218,80,69
247,95,47,218,82,75
247,95,55,219,84,81
247,95,63,219,85,87
247,95,71,219,86,93
247,95,79,220,86,100
247,95,87,220,87,107
247,95,95,220,87,114
247,95,103,220,87,121
247,95,111,220,87,127
247,95,119,220,87,136
247,95,127,220,87,143
247,95,135,220,87,150
247,95,143,220,87,160
247,95,151,220,87,169
247,95,159,220,87,180
247,95,167,219,87,192
247,95,175,218,88,204
247,95,183,215,89,215
247,95,191,211,90,226
247,95,199,207,91,235
247,95,207,202,92,242
247,95,215,198,93,246
247,95,223,194,94,250
247,95,231,192,95,252
247,95,239,190,96,253
247,95,247,189,96,254
247,95,255,188,96,253
247,103,0,211,76,34
247,103,7,212,77,39
247,103,15,213,79,46
247,103,23,215,82,56
247,103,31,217,84,63
247,103,39,217,86,69
247,103,47,218,88,75
247,103,55,219,90,81
247,103,63,219,91,87
247,103,71,219,92,92
247,103,79,219,92,98
247,103,87,220,93,105
247,103,95,219,93,112
247,103,103,219,93,119
247,103,111,219,93,125
247,103,119,219,93,132
247,103,127,219,93,139
247,103,135,220,93,146
247,103,143,220,93,154
247,103,151,220,93,162
247,103,159,220,93,173
247,103,167,219,93,185
247,103,175,218,93,198
247,103,183,216,94,209
247,103,191,213,94,221
247,103,199,209,95,232
247,103,207,204,96,240
247,103,215,200,97,246
247,103,223,195,98,250
247,103,231,192,98,252
247,103,239,190,99,254
247,103,247,189,99,254
247,103,255,187,99,254
247,111,0,211,83,35
247,111,7,212,84,40
247,111,15,213,86,46
247,111,23,215,88,55
247,111,31,217,90,64
247,111,39,217,92,69
247,111,47,218,94,75
247,111,55,219,96,80
247,111,63,219,97,87
247,111,71,219,97,92
247,111,79,219,98,98
247,111,87,219,98,104
247,111,95,219,98,110
247,111,103,219,99,117
247,111,111,219,99,123
247,111,119,219,99,130
247,111,127,219,99,137
247,111,135,219,99,143
247,111,143,219,98,150
247,111,151,219,98,158
247,111,159,220,98,168
247,111,167,220,98,179
247,111,175,219,98,191
247,111,183,217,99,204
247,111,191,214,99,217
247,111,199,211,100,228
247,111,207,206,100,237
247,111,215,201,101,244
247,111,223,196,101,249
247,111,231,193,102,252
247,111,239,190,102,254
247,111,247,188,102,254
247,111,255,186,102,254
247,119,0,212,89,35
247,119,7,213,90,41
247,119,15,214,91,47
247,119,23,215,93,55
247,119,31,217,96,64
247,119,39,218,97,69
247,119,47,219,99,76
247,119,55,219,100,81
247,119,63,219,101,87
247,119,71,219,102,91
247,119,79,220,103,97
247,119,87,219,103,103
247,119,95,219,103,109
247,119,103,219,104,115
247,119,111,219,104,121
247,119,119,218,104,128
247,119,127,218,104,134
247,119,135,219,103,140
247,119,143,219,103,147
247,119,151,219,103,154
247,119,159,219,103,163
247,119,167,220,103,173
247,119,175,219,103,185
247,119,183,218,103,198
247,119,191,216,103,212
247,119,199,212,104,224
247,119,207,208,104,234
247,119,215,202,104,242
247,119,223,197,104,248
247,119,231,192,104,252
247,119,239,189,105,254
247,119,247,186,105,254
247,119,255,184,105,254
247,127,0,212,95,36
247,127,7,213,96,41
247,127,15,214,98,47
247,127,23,216,100,55
247,127,31,217,102,64
247,127,39,218,103,69
247,127,47,219,105,76
247,127,55,219,106,81
247,127,63,219,107,87
247,127,71,220,108,91
247,127,79,220,108,97
247,127,87,220,109,103
247,127,95,219,109,108
247,127,103,219,109,114
247,127,111,219,109,120
247,127,119,218,109,126
247,127,127,218,109,132
247,127,135,218,109,138
247,127,143,218,109,144
247,127,151,218,109,150
247,127,159,219,109,158
247,127,167,219,109,167
247,127,175,219,109,178
247,127,183,218,109,190
247,127,191,216,109,205
247,127,199,213,109,219
247,127,207,210,109,231
247,127,215,205,108,239
247,127,223,199,108,248
247,127,231,194,108,251
247,127,239,189,108,254
247,127,247,186,108,255
247,127,255,182,107,254
247,135,0,212,101,36
247,135,7,213,102,41
247,135,15,215,103,48
247,135,23,216,105,55
247,135,31,217,107,63
247,135,39,218,108,69
247,135,47,219,110,76
247,135,55,220,111,81
247,135,63,220,112,87
247,135,71,220,113,91
247,135,79,220,113,97
247,135,87,220,114,103
247,135,95,219,114,108
247,135,103,219,114,114
247,135,111,219,114,119
247,135,119,218,114,125
247,135,127,218,114,131
247,135,135,218,114,136
247,135,143,218,114,142
247,135,151,218,114,148
247,135,159,218,114,155
247,135,167,219,114,163
247,135,175,219,114,173
247,135,183,219,114,185
247,135,191,217,113,200
247,135,199,215,113,214
247,135,207,211,113,227
247,135,215,206,113,237
247,135,223,200,112,247
247,135,231,195,112,251
247,135,239,189,111,254
247,135,247,185,110,255
247,135,255,180,110,254
247,143,0,213,107,36
247,143,7,214,108,41
247,143,15,215,109,49
247,143,23,216,110,56
247,143,31,218,112,63
247,143,39,219,114,70
247,143,47,219,115,76
247,143,55,220,116,81
247,143,63,220,117,87
247,143,71,221,118,91
247,143,79,220,118,97
247,143,87,220,118,102
247,143,95,220,119,108
247,143,103,219,119,113
247,143,111,219,119,118
247,143,119,218,119,124
247,143,127,218,119,130
247,143,135,218,119,134
247,143,143,218,119,140
247,143,151,218,119,145
247,143,159,218,119,152
247,143,167,218,119,159
247,143,175,219,119,169
247,143,183,219,118,179
247,143,191,218,118,193
247,143,199,216,118,208
247,143,207,212,118,222
247,143,215,209,117,235
247,143,223,201,116,245
247,143,231,195,115,250
247,143,239,189,114,254
247,143,247,184,113,255
247,143,255,179,112,255
247,151,0,213,112,36
247,151,7,214,113,41
247,151,15,215,114,48
247,151,23,216,116,56
247,151,31,218,117,63
247,151,39,219,119,69
247,151,47,219,120,76
247,151,55,220,121,81
247,151,63,220,122,87
247,151,71,221,123,92
247,151,79,221,123,97
247,151,87,220,123,102
247,151,95,220,124,108
247,151,103,220,124,113
247,151,111,219,124,118
247,151,119,219,124,124
247,151,127,218,124,129
247,151,135,218,124,133
247,151,143,218,124,139
247,151,151,218,124,144
247,151,159,218,124,150
247,151,167,218,124,157
247,151,175,218,124,165
247,151,183,218,124,175
247,151,191,218,124,188
247,151,199,216,123,202
247,151,207,214,123,216
247,151,215,210,122,229
247,151,223,204,121,242
247,151,231,198,120,249
247,151,239,191,118,253
247,151,247,185,116,255
247,151,255,179,115,255
247,159,0,213,118,37
247,159,7,214,119,41
247,159,15,215,120,48
247,159,23,217,121,57
247,159,31,218,123,63
247,159,39,219,124,69
247,159,47,220,126,76
247,159,55,221,127,81
247,159,63,221,128,87
247,159,71,221,128,92
247,159,79,221,129,97
247,159,87,221,129,103
247,159,95,220,129,108
247,159,103,220,129,113
247,159,111,220,129,117
247,159,119,219,129,123
247,159,127,219,129,128
247,159,135,218,129,132
247,159,143,218,129,138
247,159,151,218,129,142
247,159,159,218,129,148
247,159,167,218,129,154
247,159,175,218,129,162
247,159,183,219,129,171
247,159,191,219,129,183
247,159,199,218,129,196
247,159,207,215,129,211
247,159,215,211,128,224
247,159,223,206,126,239
247,159,231,199,124,247
247,159,239,192,122,252
247,159,247,186,120,255
247,159,255,179,118,255
247,167,0,213,123,38
247,167,7,214,124,42
247,167,15,215,125,48
247,167,23,217,127,57
247,167,31,218,128,64
247,167,39,219,130,69
247,167,47,220,131,76
247,167,55,221,132,81
247,167,63,221,133,88
247,167,71,221,134,92
247,167,79,221,134,97
247,167,87,221,134,103
247,167,95,221,135,108
247,167,103,220,135,113
247,167,111,220,135,117
247,167,119,219,135,123
247,167,127,219,135,127
247,167,135,218,135,131
247,167,143,218,135,136
247,167,151,218,135,141
247,167,159,217,135,146
247,167,167,217,135,153
247,167,175,218,135,160
247,167,183,218,135,168
247,167,191,219,135,179
247,167,199,218,135,191
247,167,207,217,135,205
247,167,215,215,134,220
247,167,223,208,132,235
247,167,231,201,129,245
247,167,239,193,127,252
247,167,247,187,124,254
247,167,255,181,122,255
247,175,0,213,129,38
247,175,7,214,130,42
247,175,15,215,131,48
247,175,23,217,132,57
247,175,31,218,134,64
247,175,39,219,135,69
247,175,47,220,137,76
247,175,55,221,138,81
247,175,63,221,139,88
247,175,71,221,140,92
247,175,79,221,140,98
247,175,87,221,140,103
247,175,95,221,141,108
247,175,103,221,141,113
247,175,111,220,141,117
247,175,119,220,141,122
247,175,127,219,141,127
247,175,135,219,141,131
247,175,143,219,141,136
247,175,151,218,141,140
247,175,159,218,141,145
247,175,167,218,141,151
247,175,175,218,141,157
247,175,183,218,141,165
247,175,191,219,141,175
247,175,199,219,141,186
247,175,207,218,141,200
247,175,215,216,140,215
247,175,223,210,138,231
247,175,231,204,135,242
247,175,239,195,132,251
247,175,247,189,129,254
247,175,255,182,126,255
247,183,0,213,135,40
247,183,7,214,136,43
247,183,15,215,137,49
247,183,23,216,139,56
247,183,31,218,141,65
247,183,39,219,142,70
247,183,47,220,144,76
247,183,55,221,145,82
247,183,63,222,146,88
247,183,71,222,147,92
247,183,79,222,147,98
247,183,87,222,148,103
247,183,95,222,148,108
247,183,103,222,148,113
247,183,111,221,148,117
247,183,119,221,148,122
247,183,127,220,148,127
247,183,135,220,148,130
247,183,143,219,148,135
247,183,151,219,148,139
247,183,159,219,148,144
247,183,167,218,148,149
247,183,175,218,148,155
247,183,183,219,149,162
247,183,191,219,149,171
247,183,199,219,149,182
247,183,207,219,148,195
247,183,215,218,148,210
247,183,223,213,146,227
247,183,231,206,142,238
247,183,239,198,138,248
247,183,247,190,134,254
247,183,255,183,130,255
247,191,0,213,142,42
247,191,7,214,142,45
247,191,15,215,144,50
247,191,23,217,145,56
247,191,31,219,147,65
247,191,39,220,149,71
247,191,47,221,151,77
247,191,55,222,152,82
247,191,63,222,153,88
247,191,71,222,154,93
247,191,79,223,155,98
247,191,87,223,155,103
247,191,95,222,156,108
247,191,103,222,156,113
247,191,111,222,156,117
247,191,119,221,156,122
247,191,127,221,156,126
247,191,135,221,156,130
247,191,143,221,156,135
247,191,151,221,156,139
247,191,159,220,156,143
247,191,167,220,156,148
247,191,175,219,156,154
247,191,183,219,156,160
247,191,191,220,156,168
247,191,199,220,157,177
247,191,207,220,156,190
247,191,215,220,156,204
247,191,223,215,153,222
247,191,231,210,150,235
247,191,239,201,146,247
247,191,247,193,141,253
247,191,255,185,136,255
247,199,0,213,148,42
247,199,7,214,149,47
247,199,15,215,151,51
247,199,23,217,152,57
247,199,31,218,154,64
247,199,39,220,156,71
247,199,47,221,158,77
247,199,55,222,160,82
247,199,63,223,161,88
247,199,71,223,162,93
247,199,79,223,163,98
247,199,87,223,163,103
247,199,95,223,164,108
247,199,103,223,164,113
247,199,111,223,164,117
247,199,119,223,164,122
247,199,127,222,164,126
247,199,135,222,164,130
247,199,143,222,164,135
247,199,151,221,164,139
247,199,159,221,164,143
247,199,167,221,165,148
247,199,175,221,165,153
247,199,183,221,165,159
247,199,191,221,165,166
247,199,199,221,165,175
247,199,207,221,165,186
247,199,215,221,164,199
247,199,223,218,162,217
247,199,231,213,159,231
247,199,239,205,154,244
247,199,247,197,149,251
247,199,255,189,144,255
247,207,0,213,156,42
247,207,7,214,157,47
247,207,15,216,158,53
247,207,23,217,160,58
247,207,31,219,162,65
247,207,39,220,164,71
247,207,47,222,166,77
247,207,55,223,168,83
247,207,63,224,170,89
247,207,71,224,171,93
247,207,79,224,172,98
247,207,87,224,172,104
247,207,95,224,173,108
247,207,103,224,173,113
247,207,111,224,173,117
247,207,119,224,173,122
247,207,127,224,173,126
247,207,135,224,173,130
247,207,143,224,173,135
247,207,151,223,173,139
247,207,159,223,173,143
247,207,167,222,173,148
247,207,175,222,174,153
247,207,183,222,174,157
247,207,191,222,174,164
247,207,199,222,174,172
247,207,207,222,174,182
247,207,215,222,173,194
247,207,223,220,172,212
247,207,231,216,169,227
247,207,239,209,163,241
247,207,247,200,158,250
247,207,255,193,152,254
247,215,0,213,164,43
247,215,7,214,165,47
247,215,15,216,167,54
247,215,23,217,169,61
247,215,31,219,171,66
247,215,39,220,173,71
247,215,47,222,176,78
247,215,55,223,178,83
247,215,63,224,180,89
247,215,71,224,181,93
247,215,79,225,182,99
247,215,87,225,183,104
247,215,95,225,183,109
247,215,103,225,184,114
247,215,111,225,184,118
247,215,119,225,184,123
247,215,127,225,184,127
247,215,135,225,184,131
247,215,143,225,184,135
247,215,151,225,184,139
247,215,159,225,185,143
247,215,167,224,185,148
247,215,175,224,185,153
247,215,183,224,185,158
247,215,191,224,185,164
247,215,199,224,185,171
247,215,207,224,185,179
247,215,215,225,185,190
247,215,223,223,184,207
247,215,231,220,181,222
247,215,239,214,176,238
247,215,247,206,169,248
247,215,255,197,163,254
247,223,0,213,174,43
247,223,7,214,175,47
247,223,15,215,177,53
247,223,23,217,180,62
247,223,31,219,182,68
247,223,39,220,184,72
247,223,47,222,187,78
247,223,55,223,189,83
247,223,63,224,191,89
247,223,71,224,193,94
247,223,79,225,194,99
247,223,87,225,195,104
247,223,95,226,196,109
247,223,103,226,196,114
247,223,111,226,197,118
247,223,119,226,197,123
247,223,127,226,197,127
247,223,135,226,197,131
247,223,143,226,197,136
247,223,151,226,197,139
247,223,159,227,198,144
247,223,167,226,198,149
247,223,175,226,198,153
247,223,183,226,198,158
247,223,191,226,198,164
247,223,199,226,198,171
247,223,207,227,199,178
247,223,215,227,199,188
247,223,223,226,198,202
247,223,231,224,196,216
247,223,239,219,191,234
247,223,247,213,185,247
247,223,255,206,180,253
247,231,0,212,185,45
247,231,7,213,186,48
247,231,15,214,188,53
247,231,23,216,190,60
247,231,31,218,193,69
247,231,39,219,195,73
247,231,47,221,198,79
247,231,55,222,201,83
247,231,63,223,203,89
247,231,71,224,204,94
247,231,79,225,206,100
247,231,87,226,207,105
247,231,95,226,208,110
247,231,103,227,209,115
247,231,111,227,209,119
247,231,119,228,210,124
247,231,127,228,210,128
247,231,135,228,210,132
247,231,143,229,210,136
247,231,151,229,210,140
247,231,159,229,210,145
247,231,167,229,211,150
247,231,175,229,211,154
247,231,183,228,211,159
247,231,191,228,211,165
247,231,199,228,211,171
247,231,207,228,212,179
247,231,215,229,212,187
247,231,223,230,212,200
247,231,231,228,211,213
247,231,239,225,207,230
247,231,247,219,202,244
247,231,255,214,197,252
247,239,0,210,198,48
247,239,7,210,199,50
247,239,15,212,201,54
247,239,23,213,203,60
247,239,31,216,206,67
247,239,39,218,208,74
247,239,47,219,211,79
247,239,55,221,213,84
247,239,63,222,216,89
247,239,71,223,217,94
247,239,79,224,219,100
247,239,87,225,220,105
247,239,95,226,221,110
247,239,103,227,222,115
247,239,111,227,223,120
247,239,119,228,223,125
247,239,127,229,224,129
247,239,135,230,224,133
247,239,143,230,224,138
247,239,151,231,224,142
247,239,159,231,225,146
247,239,167,231,225,151
247,239,175,231,225,156
247,239,183,231,226,160
247,239,191,231,226,166
247,239,199,231,226,173
247,239,207,231,227,180
247,239,215,232,228,188
247,239,223,233,228,200
247,239,231,233,228,211
247,239,239,230,226,227
247,239,247,226,221,242
247,239,255,222,217,253
247,247,0,206,212,49
247,247,7,207,213,53
247,247,15,209,214,57
247,247,23,210,216,61
247,247,31,212,219,67
247,247,39,214,221,72
247,247,47,217,224,79
247,247,55,218,226,84
247,247,63,220,229,89
247,247,71,221,230,94
247,247,79,222,232,99
247,247,87,224,233,106
247,247,95,225,234,111
247,247,103,226,235,116
247,247,111,227,236,120
247,247,119,228,236,126
247,247,127,230,237,130
247,247,135,231,237,134
247,247,143,232,237,139
247,247,151,232,238,143
247,247,159,232,238,148
247,247,167,232,239,152
247,247,175,232,239,157
247,247,183,232,240,162
247,247,191,233,240,168
247,247,199,234,241,175
247,247,207,234,241,182
247,247,215,235,242,189
247,247,223,236,243,200
247,247,231,236,243,211
247,247,239,235,243,226
247,247,247,232,240,240
247,247,255,228,234,254
247,255,0,202,226,48
247,255,7,203,227,51
247,255,15,205,228,56
247,255,23,207,231,62
247,255,31,209,232,67
247,255,39,210,234,71
247,255,47,213,237,77
247,255,55,215,239,82
247,255,63,217,241,88
247,255,71,219,242,92
247,255,79,220,244,98
247,255,87,222,245,105
247,255,95,224,246,111
247,255,103,226,247,117
247,255,111,227,247,121
247,255,119,228,247,127
247,255,127,229,248,131
247,255,135,230,248,135
247,255,143,231,249,140
247,255,151,232,249,144
247,255,159,232,250,149
247,255,167,233,250,154
247,255,175,234,251,159
247,255,183,234,251,164
247,255,191,234,251,170
247,255,199,235,252,177
247,255,207,235,252,184
247,255,215,236,252,191
247,255,223,237,253,201
247,255,231,238,253,210
247,255,239,239,253,224
247,255,247,238,253,238
247,255,255,237,252,252
255,0,0,226,2,33
255,0,7,230,3,40
255,0,15,235,4,50
255,0,23,239,5,59
255,0,31,243,7,68
255,0,39,245,7,75
255,0,47,247,8,85
255,0,55,248,9,94
255,0,63,249,9,109
255,0,71,249,10,120
255,0,79,249,10,133
255,0,87,248,11,147
255,0,95,246,12,160
255,0,103,245,13,173
255,0,111,243,14,184
255,0,119,240,16,196
255,0,127,237,18,206
255,0,135,235,19,214
255,0,143,232,22,221
255,0,151,230,25,227
255,0,159,227,28,233
255,0,167,225,32,237
255,0,175,224,35,241
255,0,183,223,38,243
255,0,191,222,42,244
255,0,199,222,45,245
255,0,207,222,48,246
255,0,215,222,50,247
255,0,223,222,52,248
255,0,231,222,53,249
255,0,239,224,54,251
255,0,247,225,54,252
255,0,255,225,52,253
255,7,0,226,2,33
255,7,7,230,3,40
255,7,15,235,5,50
255,7,23,239,6,59
255,7,31,243,8,68
255,7,39,246,9,74
255,7,47,247,10,84
255,7,55,248,10,93
255,7,63,249,11,108
255,7,71,249,12,118
255,7,79,249,12,131
255,7,87,248,13,145
255,7,95,247,14,158
255,7,103,245,15,171
255,7,111,243,16,181
255,7,119,240,18,194
255,7,127,237,20,204
255,7,135,235,22,212
255,7,143,233,25,220
255,7,151,231,27,226
255,7,159,228,31,232
255,7,167,226,34,237
255,7,175,224,37,240
255,7,183,223,41,243
255,7,191,222,44,244
255,7,199,223,47,245
255,7,207,222,50,246
255,7,215,222,53,247
255,7,223,222,56,248
255,7,231,222,57,249
255,7,239,223,57,251
255,7,247,224,57,252
255,7,255,224,55,253
255,15,0,226,4,33
255,15,7,230,5,40
255,15,15,234,7,49
255,15,23,239,9,59
255,15,31,243,11,67
255,15,39,246,11,74
255,15,47,248,12,83
255,15,55,249,13,92
255,15,63,249,13,106
255,15,71,249,14,116
255,15,79,249,15,128
255,15,87,248,15,142
255,15,95,247,16,155
255,15,103,246,18,168
255,15,111,244,19,178
255,15,119,241,21,191
255,15,127,238,23,201
255,15,135,236,25,209
255,15,143,233,28,218
255,15,151,231,30,224
255,15,159,229,34,230
255,15,167,226,37,236
255,15,175,225,40,239
255,15,183,223,43,242
255,15,191,223,47,244
255,15,199,223,50,245
255,15,207,222,53,246
255,15,215,222,55,247
255,15,223,222,58,248
255,15,231,222,61,249
255,15,239,223,61,250
255,15,247,224,60,251
255,15,255,223,59,253
255,23,0,226,7,33
255,23,7,229,9,40
255,23,15,234,11,49
255,23,23,238,13,58
255,23,31,242,15,67
255,23,39,245,16,73
255,23,47,247,17,82
255,23,55,248,18,91
255,23,63,249,19,104
255,23,71,249,19,114
255,23,79,250,20,125
255,23,87,249,20,138
255,23,95,248,21,150
255,23,103,246,22,163
255,23,111,244,24,174
255,23,119,242,26,187
255,23,127,239,28,197
255,23,135,237,30,205
255,23,143,234,33,214
255,23,151,232,35,221
255,23,159,230,38,228
255,23,167,227,41,234
255,23,175,225,45,238
255,23,183,224,48,241
255,23,191,223,51,243
255,23,199,223,54,245
255,23,207,222,57,246
255,23,215,222,60,247
255,23,223,222,62,248
255,23,231,222,64,249
255,23,239,223,66,250
255,23,247,223,67,251
255,23,255,223,65,252
255,31,0,226,11,33
255,31,7,229,13,39
255,31,15,233,16,49
255,31,23,237,18,58
255,31,31,241,21,66
255,31,39,243,23,72
255,31,47,245,24,81
255,31,55,246,25,89
255,31,63,247,25,101
255,31,71,247,26,111
255,31,79,247,26,122
255,31,87,247,26,134
255,31,95,246,27,146
255,31,103,245,28,158
255,31,111,244,29,169
255,31,119,243,31,181
255,31,127,240,34,192
255,31,135,238,36,201
255,31,143,236,38,210
255,31,151,233,41,217
255,31,159,231,43,225
255,31,167,228,47,231
255,31,175,226,50,236
255,31,183,225,53,239
255,31,191,223,56,242
255,31,199,223,59,244
255,31,207,222,62,246
255,31,215,221,64,247
255,31,223,221,66,248
255,31,231,221,68,249
255,31,239,222,70,250
255,31,247,223,71,251
255,31,255,223,71,252
255,39,0,225,17,33
255,39,7,228,19,39
255,39,15,232,22,48
255,39,23,236,25,57
255,39,31,239,28,66
255,39,39,241,30,72
255,39,47,242,32,80
255,39,55,243,32,87
255,39,63,244,33,99
255,39,71,244,34,107
255,39,79,245,34,118
255,39,87,245,34,130
255,39,95,244,34,141
255,39,103,244,35,152
255,39,111,244,36,163
255,39,119,242,38,175
255,39,127,240,40,186
255,39,135,239,41,195
255,39,143,237,43,205
255,39,151,234,46,213
255,39,159,232,49,221
255,39,167,229,52,228
255,39,175,227,56,234
255,39,183,225,59,238
255,39,191,223,62,242
255,39,199,222,65,244
255,39,207,221,67,246
255,39,215,220,69,247
255,39,223,220,71,248
255,39,231,221,73,249
255,39,239,221,74,250
255,39,247,222,75,251
255,39,255,222,75,252
255,47,0,225,23,33
255,47,7,228,25,39
255,47,15,232,28,47
255,47,23,235,32,57
255,47,31,238,35,65
255,47,39,240,37,71
255,47,47,241,39,78
255,47,55,242,40,86
255,47,63,242,41,96
255,47,71,243,42,104
255,47,79,243,42,114
255,47,87,243,42,125
255,47,95,243,42,136
255,47,103,243,42,147
255,47,111,243,43,157
255,47,119,242,44,169
255,47,127,240,45,180
255,47,135,239,47,189
255,47,143,237,49,200
255,47,151,235,51,208
255,47,159,233,53,218
255,47,167,230,56,225
255,47,175,228,59,233
255,47,183,226,62,237
255,47,191,223,66,242
255,47,199,222,69,244
255,47,207,220,72,246
255,47,215,219,74,248
255,47,223,219,76,249
255,47,231,219,77,250
255,47,239,220,79,251
255,47,247,220,79,251
255,47,255,220,79,252
255,55,0,225,30,33
255,55,7,227,32,39
255,55,15,231,35,47
255,55,23,235,39,57
255,55,31,237,42,64
255,55,39,239,45,70
255,55,47,240,47,77
255,55,55,241,48,84
255,55,63,241,49,93
255,55,71,242,50,101
255,55,79,242,50,111
255,55,87,243,51,121
255,55,95,242,50,130
255,55,103,242,50,141
255,55,111,242,51,150
255,55,119,241,51,162
255,55,127,240,52,173
255,55,135,238,53,182
255,55,143,237,54,193
255,55,151,236,56,203
255,55,159,233,58,213
255,55,167,231,60,222
255,55,175,229,63,230
255,55,183,226,66,236
255,55,191,224,69,241
255,55,199,222,72,245
255,55,207,220,75,247
255,55,215,219,77,248
255,55,223,217,80,250
255,55,231,216,82,250
255,55,239,216,83,251
255,55,247,216,83,252
255,55,255,216,83,252
255,63,0,225,37,34
255,63,7,227,39,39
255,63,15,230,42,47
255,63,23,233,46,57
255,63,31,236,49,64
255,63,39,237,52,70
255,63,47,238,54,77
255,63,55,239,55,83
255,63,63,239,56,91
255,63,71,240,57,99
255,63,79,240,57,108
255,63,87,241,58,117
255,63,95,241,58,126
255,63,103,241,58,136
255,63,111,241,58,145
255,63,119,241,58,157
255,63,127,240,58,167
255,63,135,239,59,176
255,63,143,237,60,187
255,63,151,236,61,196
255,63,159,234,63,207
255,63,167,232,65,217
255,63,175,229,67,226
255,63,183,227,69,234
255,63,191,224,72,240
255,63,199,222,75,244
255,63,207,219,78,247
255,63,215,218,80,249
255,63,223,216,82,250
255,63,231,215,84,251
255,63,239,214,86,252
255,63,247,213,86,252
255,63,255,212,86,252
255,71,0,225,46,34
255,71,7,227,47,39
255,71,15,229,50,46
255,71,23,233,54,57
255,71,31,234,57,63
255,71,39,236,60,70
255,71,47,236,62,76
255,71,55,237,63,82
255,71,63,237,65,89
255,71,71,237,65,96
255,71,79,238,66,105
255,71,87,238,66,114
255,71,95,239,66,122
255,71,103,239,66,131
255,71,111,239,66,140
255,71,119,239,66,150
255,71,127,239,66,160
255,71,135,238,66,169
255,71,143,237,67,180
255,71,151,236,68,189
255,71,159,235,69,200
255,71,167,232,70,211
255,71,175,230,72,220
255,71,183,228,74,230
255,71,191,224,76,237
255,71,199,221,78,243
255,71,207,218,81,247
255,71,215,216,83,249
255,71,223,215,85,251
255,71,231,214,87,251
255,71,239,212,88,252
255,71,247,211,89,253
255,71,255,210,89,252
255,79,0,226,52,34
255,79,7,227,54,39
255,79,15,229,57,46
255,79,23,232,60,56
255,79,31,234,63,63
255,79,39,235,66,69
255,79,47,236,68,75
255,79,55,236,70,81
255,79,63,236,71,88
255,79,71,236,72,94
255,79,79,237,73,103
255,79,87,237,73,111
255,79,95,237,73,119
255,79,103,237,73,128
255,79,111,237,73,136
255,79,119,237,73,146
255,79,127,237,73,155
255,79,135,237,73,163
255,79,143,236,73,174
255,79,151,236,74,183
255,79,159,235,74,194
255,79,167,233,75,205
255,79,175,231,76,216
255,79,183,228,78,225
255,79,191,225,80,235
255,79,199,222,82,241
255,79,207,218,84,247
255,79,215,216,85,250
255,79,223,213,88,252
255,79,231,213,90,252
255,79,239,211,91,253
255,79,247,209,91,253
255,79,255,208,91,253
255,87,0,225,60,34
255,87,7,227,62,40
255,87,15,229,64,46
255,87,23,231,67,56
255,87,31,233,70,63
255,87,39,234,73,69
255,87,47,234,75,76
255,87,55,235,77,81
255,87,63,235,78,87
255,87,71,235,79,93
255,87,79,235,80,101
255,87,87,235,80,109
255,87,95,235,80,116
255,87,103,235,80,124
255,87,111,236,80,131
255,87,119,236,80,141
255,87,127,236,80,149
255,87,135,236,80,157
255,87,143,236,80,167
255,87,151,235,81,176
255,87,159,235,81,187
255,87,167,234,82,198
255,87,175,232,82,210
255,87,183,230,83,221
255,87,191,227,85,231
255,87,199,223,86,239
255,87,207,219,88,246
255,87,215,216,89,249
255,87,223,213,91,252
255,87,231,211,92,253
255,87,239,209,93,254
255,87,247,207,94,254
255,87,255,206,94,253
255,95,0,225,67,35
255,95,7,226,69,40
255,95,15,228,71,46
255,95,23,230,74,55
255,95,31,232,77,64
255,95,39,232,79,69
255,95,47,233,82,76
255,95,55,233,83,81
255,95,63,233,84,87
255,95,71,233,85,92
255,95,79,234,86,99
255,95,87,234,86,107
255,95,95,234,86,114
255,95,103,234,87,121
255,95,111,234,87,128
255,95,119,235,87,137
255,95,127,235,86,145
255,95,135,235,86,152
255,95,143,235,86,161
255,95,151,235,87,170
255,95,159,235,87,181
255,95,167,234,87,192
255,95,175,233,88,204
255,95,183,232,88,216
255,95,191,228,89,227
255,95,199,224,90,236
255,95,207,220,92,243
255,95,215,216,93,249
255,95,223,213,94,252
255,95,231,210,95,253
255,95,239,208,96,254
255,95,247,206,96,254
255,95,255,204,96,254
255,103,0,225,74,36
255,103,7,226,76,41
255,103,15,228,78,47
255,103,23,230,80,55
255,103,31,231,83,64
255,103,39,232,85,69
255,103,47,233,88,76
255,103,55,233,89,81
255,103,63,233,91,87
255,103,71,233,91,91
255,103,79,233,92,98
255,103,87,233,93,105
255,103,95,233,93,112
255,103,103,233,93,118
255,103,111,233,93,125
255,103,119,233,93,133
255,103,127,233,93,140
255,103,135,234,93,147
255,103,143,234,92,156
255,103,151,234,92,164
255,103,159,234,92,175
255,103,167,234,93,186
255,103,175,233,93,198
255,103,183,232,93,210
255,103,191,229,94,222
255,103,199,225,95,232
255,103,207,221,96,241
255,103,215,217,97,248
255,103,223,213,98,251
255,103,231,210,98,253
255,103,239,207,99,254
255,103,247,205,99,254
255,103,255,203,100,254
255,111,0,225,81,36
255,111,7,226,82,41
255,111,15,228,84,48
255,111,23,229,86,55
255,111,31,231,89,64
255,111,39,232,91,70
255,111,47,232,93,76
255,111,55,232,95,81
255,111,63,232,96,87
255,111,71,232,97,91
255,111,79,232,98,97
255,111,87,232,98,104
255,111,95,232,98,110
255,111,103,232,99,117
255,111,111,232,99,123
255,111,119,232,99,130
255,111,127,232,99,137
255,111,135,233,99,143
255,111,143,233,99,152
255,111,151,233,99,159
255,111,159,233,98,169
255,111,167,235,98,179
255,111,175,234,98,192
255,111,183,233,98,204
255,111,191,230,99,217
255,111,199,227,99,228
255,111,207,223,100,238
255,111,215,218,100,245
255,111,223,213,101,251
255,111,231,210,102,253
255,111,239,206,102,254
255,111,247,203,103,255
255,111,255,201,103,254
255,119,0,226,87,36
255,119,7,227,88,41
255,119,15,228,90,48
255,119,23,229,92,55
255,119,31,231,94,64
255,119,39,232,96,70
255,119,47,232,98,77
255,119,55,233,100,82
255,119,63,233,101,87
255,119,71,233,102,91
255,119,79,233,102,97
255,119,87,233,103,103
255,119,95,232,103,109
255,119,103,232,103,115
255,119,111,232,104,121
255,119,119,232,104,128
255,119,127,232,103,135
255,119,135,232,103,141
255,119,143,232,103,149
255,119,151,232,103,155
255,119,159,233,103,165
255,119,167,233,103,175
255,119,175,233,103,186
255,119,183,233,103,198
255,119,191,230,103,212
255,119,199,227,103,224
255,119,207,223,104,235
255,119,215,219,104,243
255,119,223,214,104,251
255,119,231,210,105,253
255,119,239,205,105,254
255,119,247,202,105,255
255,119,255,199,105,254
255,127,0,226,94,37
255,127,7,227,95,41
255,127,15,229,96,48
255,127,23,230,98,56
255,127,31,231,100,63
255,127,39,232,102,70
255,127,47,233,104,77
255,127,55,233,105,82
255,127,63,233,107,87
255,127,71,233,107,91
255,127,79,233,108,97
255,127,87,233,108,102
255,127,95,232,109,108
255,127,103,232,109,114
255,127,111,232,109,120
255,127,119,231,109,126
255,127,127,231,109,133
255,127,135,231,109,138
255,127,143,232,109,145
255,127,151,232,109,152
255,127,159,232,109,160
255,127,167,233,109,169
255,127,175,233,109,180
255,127,183,232,109,191
255,127,191,230,109,205
255,127,199,228,109,218
255,127,207,224,109,230
255,127,215,220,109,240
255,127,223,215,108,249
255,127,231,210,108,253
255,127,239,204,108,254
255,127,247,201,108,255
255,127,255,197,108,254
255,135,0,227,99,37
255,135,7,228,100,41
255,135,15,229,102,48
255,135,23,230,103,56
255,135,31,232,105,63
255,135,39,233,107,70
255,135,47,233,109,77
255,135,55,233,110,82
255,135,63,234,111,88
255,135,71,234,112,91
255,135,79,233,113,97
255,135,87,233,113,102
255,135,95,232,113,108
255,135,103,232,114,114
255,135,111,232,114,119
255,135,119,231,114,125
255,135,127,231,114,131
255,135,135,231,114,136
255,135,143,231,114,143
255,135,151,232,114,149
255,135,159,232,114,156
255,135,167,233,114,164
255,135,175,233,114,174
255,135,183,233,114,186
255,135,191,231,113,200
255,135,199,229,113,214
255,135,207,225,113,227
255,135,215,221,113,239
255,135,223,215,112,247
255,135,231,210,112,252
255,135,239,203,111,254
255,135,247,199,111,255
255,135,255,194,110,255
255,143,0,227,105,37
255,143,7,228,106,41
255,143,15,229,107,48
255,143,23,231,109,56
255,143,31,232,111,63
255,143,39,233,112,70
255,143,47,234,114,77
255,143,55,234,115,83
255,143,63,234,116,88
255,143,71,235,117,92
255,143,79,234,118,97
255,143,87,234,118,102
255,143,95,233,118,108
255,143,103,232,119,113
255,143,111,232,119,119
255,143,119,231,119,125
255,143,127,231,119,130
255,143,135,231,119,135
255,143,143,231,119,141
255,143,151,231,119,146
255,143,159,231,119,154
255,143,167,232,119,161
255,143,175,232,119,170
255,143,183,232,119,181
255,143,191,231,119,194
255,143,199,229,118,208
255,143,207,226,118,221
255,143,215,223,117,235
255,143,223,217,116,247
255,143,231,211,116,252
255,143,239,204,115,254
255,143,247,198,114,255
255,143,255,192,113,255
255,151,0,228,111,37
255,151,7,229,111,41
255,151,15,230,113,48
255,151,23,232,114,57
255,151,31,233,116,63
255,151,39,234,118,70
255,151,47,235,119,77
255,151,55,235,121,82
255,151,63,235,122,88
255,151,71,235,122,92
255,151,79,235,123,97
255,151,87,234,123,102
255,151,95,234,123,107
255,151,103,233,124,113
255,151,111,232,124,118
255,151,119,232,124,124
255,151,127,231,124,129
255,151,135,231,124,134
255,151,143,231,124,140
255,151,151,231,124,145
255,151,159,231,124,151
255,151,167,231,124,158
255,151,175,232,124,167
255,151,183,232,124,177
255,151,191,231,124,189
255,151,199,230,124,202
255,151,207,227,123,216
255,151,215,223,122,229
255,151,223,218,121,245
255,151,231,212,120,250
255,151,239,204,118,254
255,151,247,198,117,255
255,151,255,192,116,255
255,159,0,229,116,38
255,159,7,229,117,42
255,159,15,230,118,48
255,159,23,232,120,56
255,159,31,233,122,64
255,159,39,234,123,70
255,159,47,235,125,77
255,159,55,236,126,82
255,159,63,236,127,88
255,159,71,236,128,92
255,159,79,235,128,97
255,159,87,235,128,103
255,159,95,234,129,107
255,159,103,233,129,113
255,159,111,233,129,118
255,159,119,232,129,124
255,159,127,232,129,129
255,159,135,231,129,133
255,159,143,231,129,138
255,159,151,231,130,143
255,159,159,231,130,149
255,159,167,231,130,156
255,159,175,231,130,164
255,159,183,232,130,173
255,159,191,231,130,185
255,159,199,230,129,197
255,159,207,228,129,211
255,159,215,225,128,225
255,159,223,219,126,240
255,159,231,213,125,248
255,159,239,205,123,254
255,159,247,198,121,255
255,159,255,192,119,255
255,167,0,228,122,39
255,167,7,229,123,42
255,167,15,230,124,48
255,167,23,232,125,56
255,167,31,233,127,64
255,167,39,234,129,70
255,167,47,235,131,78
255,167,55,236,132,83
255,167,63,236,133,88
255,167,71,236,133,93
255,167,79,235,134,97
255,167,87,235,134,103
255,167,95,234,134,107
255,167,103,234,135,113
255,167,111,233,135,117
255,167,119,232,135,123
255,167,127,232,135,128
255,167,135,232,135,132
255,167,143,231,135,137
255,167,151,231,135,142
255,167,159,231,135,148
255,167,167,231,135,154
255,167,175,231,135,161
255,167,183,231,135,170
255,167,191,231,135,181
255,167,199,230,135,193
255,167,207,228,134,205
255,167,215,227,134,222
255,167,223,221,132,237
255,167,231,215,130,247
255,167,239,206,127,253
255,167,247,199,125,255
255,167,255,192,122,255
255,175,0,228,128,40
255,175,7,229,128,44
255,175,15,230,129,49
255,175,23,231,131,56
255,175,31,233,133,65
255,175,39,234,134,70
255,175,47,235,136,77
255,175,55,236,137,83
255,175,63,236,138,89
255,175,71,236,139,93
255,175,79,236,139,98
255,175,87,235,140,103
255,175,95,235,140,108
255,175,103,234,140,112
255,175,111,234,140,117
255,175,119,233,141,123
255,175,127,232,141,128
255,175,135,232,141,132
255,175,143,231,141,136
255,175,151,231,141,141
255,175,159,231,141,146
255,175,167,231,141,152
255,175,175,231,141,159
255,175,183,231,141,167
255,175,191,231,141,177
255,175,199,231,141,189
255,175,207,230,141,201
255,175,215,228,140,215
255,175,223,223,138,232
255,175,231,217,136,243
255,175,239,208,132,251
255,175,247,201,129,255
255,175,255,193,126,255
255,183,0,228,134,42
255,183,7,229,135,45
255,183,15,229,136,50
255,183,23,231,138,57
255,183,31,232,140,65
255,183,39,234,141,70
255,183,47,235,143,77
255,183,55,236,144,82
255,183,63,236,145,89
255,183,71,236,146,93
255,183,79,236,147,98
255,183,87,236,147,103
255,183,95,235,147,108
255,183,103,235,148,113
255,183,111,234,148,117
255,183,119,234,148,122
255,183,127,233,148,127
255,183,135,233,148,131
255,183,143,232,148,136
255,183,151,232,148,140
255,183,159,232,148,145
255,183,167,232,148,151
255,183,175,232,149,157
255,183,183,232,149,164
255,183,191,232,149,173
255,183,199,231,149,184
255,183,207,230,148,196
255,183,215,231,148,211
255,183,223,225,145,227
255,183,231,219,143,239
255,183,239,211,139,250
255,183,247,203,135,254
255,183,255,195,131,255
255,191,0,228,141,42
255,191,7,229,142,46
255,191,15,230,143,51
255,191,23,231,144,57
255,191,31,233,146,64
255,191,39,234,148,71
255,191,47,235,150,77
255,191,55,236,152,83
255,191,63,236,153,89
255,191,71,236,154,94
255,191,79,236,154,99
255,191,87,236,155,104
255,191,95,236,155,108
255,191,103,235,155,113
255,191,111,235,155,117
255,191,119,234,155,122
255,191,127,234,155,126
255,191,135,233,155,130
255,191,143,233,156,135
255,191,151,233,156,139
255,191,159,233,156,144
255,191,167,233,156,150
255,191,175,232,156,155
255,191,183,232,156,162
255,191,191,232,156,170
255,191,199,232,156,180
255,191,207,232,156,192
255,191,215,231,155,205
255,191,223,228,153,223
255,191,231,223,151,236
255,191,239,214,146,249
255,191,247,206,142,253
255,191,255,197,137,255
255,199,0,228,148,42
255,199,7,229,149,46
255,199,15,230,150,53
255,199,23,231,152,58
255,199,31,233,154,65
255,199,39,235,155,71
255,199,47,236,157,78
255,199,55,237,159,83
255,199,63,237,161,89
255,199,71,237,162,94
255,199,79,237,162,99
255,199,87,237,163,104
255,199,95,237,163,109
255,199,103,236,164,113
255,199,111,236,164,117
255,199,119,235,164,122
255,199,127,235,164,127
255,199,135,235,164,130
255,199,143,235,164,135
255,199,151,234,164,139
255,199,159,234,164,144
255,199,167,233,164,149
255,199,175,233,164,154
255,199,183,233,165,160
255,199,191,233,165,168
255,199,199,233,165,177
255,199,207,234,165,188
255,199,215,233,164,201
255,199,223,230,162,218
255,199,231,225,159,231
255,199,239,217,154,245
255,199,247,210,150,254
255,199,255,200,144,255
255,207,0,228,155,43
255,207,7,229,156,47
255,207,15,230,157,53
255,207,23,232,159,60
255,207,31,234,161,65
255,207,39,235,163,71
255,207,47,237,165,78
255,207,55,237,167,83
255,207,63,238,169,90
255,207,71,238,170,94
255,207,79,238,171,100
255,207,87,238,172,105
255,207,95,238,172,109
255,207,103,237,172,114
255,207,111,237,172,118
255,207,119,237,173,122
255,207,127,236,173,126
255,207,135,236,173,130
255,207,143,236,173,135
255,207,151,236,173,139
255,207,159,236,173,144
255,207,167,235,173,149
255,207,175,235,173,154
255,207,183,234,174,159
255,207,191,234,174,166
255,207,199,234,174,174
255,207,207,235,174,185
255,207,215,234,173,196
255,207,223,232,171,214
255,207,231,228,169,228
255,207,239,221,164,243
255,207,247,213,159,252
255,207,255,204,153,255
255,215,0,229,164,44
255,215,7,230,165,47
255,215,15,231,166,53
255,215,23,233,168,61
255,215,31,235,171,67
255,215,39,236,172,72
255,215,47,238,175,78
255,215,55,239,177,84
255,215,63,239,179,90
255,215,71,240,180,95
255,215,79,240,181,100
255,215,87,240,182,106
255,215,95,239,183,110
255,215,103,239,183,115
255,215,111,239,183,119
255,215,119,239,184,123
255,215,127,238,184,128
255,215,135,238,184,131
255,215,143,238,184,136
255,215,151,238,184,140
255,215,159,238,184,144
255,215,167,237,184,149
255,215,175,237,184,154
255,215,183,237,185,159
255,215,191,237,185,165
255,215,199,237,185,173
255,215,207,237,185,181
255,215,215,236,184,192
255,215,223,235,183,208
255,215,231,231,180,222
255,215,239,225,176,239
255,215,247,218,170,249
255,215,255,209,164,255
255,223,0,230,174,46
255,223,7,231,175,49
255,223,15,232,177,54
255,223,23,234,179,61
255,223,31,236,182,69
255,223,39,237,183,73
255,223,47,238,186,79
255,223,55,239,188,84
255,223,63,240,190,90
255,223,71,241,192,95
255,223,79,241,193,101
255,223,87,241,194,106
255,223,95,241,195,111
255,223,103,240,195,115
255,223,111,240,196,119
255,223,119,240,196,124
255,223,127,240,196,128
255,223,135,240,196,132
255,223,143,240,196,136
255,223,151,240,196,140
255,223,159,240,196,145
255,223,167,240,197,150
255,223,175,239,197,155
255,223,183,239,197,160
255,223,191,239,198,166
255,223,199,239,198,173
255,223,207,239,198,181
255,223,215,239,198,190
255,223,223,238,197,204
255,223,231,235,195,218
255,223,239,230,190,235
255,223,247,224,185,249
255,223,255,217,180,254
255,231,0,230,185,49
255,231,7,231,186,51
255,231,15,232,187,56
255,231,23,234,189,62
255,231,31,236,192,70
255,231,39,238,195,76
255,231,47,238,197,80
255,231,55,239,199,85
255,231,63,240,202,91
255,231,71,241,203,96
255,231,79,241,205,102
255,231,87,242,206,107
255,231,95,242,207,111
255,231,103,243,208,116
255,231,111,243,208,120
255,231,119,242,208,125
255,231,127,242,208,129
255,231,135,242,208,133
255,231,143,242,209,137
255,231,151,242,209,141
255,231,159,242,209,145
255,231,167,242,209,151
255,231,175,242,210,156
255,231,183,242,210,161
255,231,191,241,210,167
255,231,199,241,211,174
255,231,207,242,211,181
255,231,215,242,211,190
255,231,223,241,211,202
255,231,231,240,210,214
255,231,239,236,206,232
255,231,247,231,202,245
255,231,255,225,196,254
255,239,0,229,197,51
255,239,7,230,198,54
255,239,15,231,200,58
255,239,23,232,202,63
255,239,31,234,204,69
255,239,39,236,207,75
255,239,47,237,210,82
255,239,55,238,212,86
255,239,63,239,214,91
255,239,71,240,215,95
255,239,79,241,217,101
255,239,87,242,219,108
255,239,95,242,219,112
255,239,103,243,220,117
255,239,111,243,221,121
255,239,119,244,221,126
255,239,127,245,222,130
255,239,135,245,222,134
255,239,143,245,222,138
255,239,151,245,222,142
255,239,159,245,223,147
255,239,167,245,223,152
255,239,175,246,223,157
255,239,183,246,224,162
255,239,191,245,224,168
255,239,199,245,225,175
255,239,207,245,226,182
255,239,215,245,227,190
255,239,223,246,227,201
255,239,231,244,226,213
255,239,239,242,224,229
255,239,247,239,220,243
255,239,255,234,216,253
255,247,0,226,210,51
255,247,7,227,211,54
255,247,15,228,213,60
255,247,23,230,215,65
255,247,31,232,217,70
255,247,39,233,220,74
255,247,47,235,223,81
255,247,55,237,225,86
255,247,63,238,227,91
255,247,71,239,228,94
255,247,79,239,230,100
255,247,87,240,231,107
255,247,95,241,233,113
255,247,103,241,234,118
255,247,111,242,234,122
255,247,119,243,235,127
255,247,127,244,235,132
255,247,135,245,235,136
255,247,143,246,236,140
255,247,151,247,236,144
255,247,159,247,236,149
255,247,167,247,237,154
255,247,175,247,237,159
255,247,183,247,238,164
255,247,191,247,238,171
255,247,199,248,239,177
255,247,207,249,240,184
255,247,215,249,241,192
255,247,223,250,242,202
255,247,231,250,242,213
255,247,239,248,241,227
255,247,247,246,239,242
255,247,255,242,234,254
255,255,0,222,224,51
255,255,7,223,225,54
255,255,15,225,227,58
255,255,23,227,229,65
255,255,31,229,231,70
255,255,39,230,233,73
255,255,47,232,236,79
255,255,55,233,238,84
255,255,63,235,240,89
255,255,71,235,241,93
255,255,79,237,243,97
255,255,87,238,244,105
255,255,95,239,245,112
255,255,103,241,246,119
255,255,111,241,246,123
255,255,119,242,247,129
255,255,127,243,248,134
255,255,135,245,248,137
255,255,143,246,248,142
255,255,151,247,249,146
255,255,159,248,249,151
255,255,167,248,250,156
255,255,175,248,250,161
255,255,183,248,250,166
255,255,191,247,251,173
255,255,199,247,251,180
255,255,207,248,252,187
255,255,215,249,252,194
255,255,223,251,253,204
255,255,231,252,253,213
255,255,239,251,254,226
255,255,247,252,254,240
255,255,255,255,255,255
