3D,ASK-2500HQ,FF TRAMP3_B2L_S4,V110222,sRGB-hRGB-fPD-Lab,
0,0,0,0,0,0
0,0,7,2,3,11
0,0,15,3,3,19
0,0,23,2,3,28
0,0,31,2,4,38
0,0,39,2,4,47
0,0,47,2,5,56
0,0,55,2,6,66
0,0,63,2,7,75
0,0,71,3,7,87
0,0,79,2,7,100
0,0,87,3,8,116
0,0,95,3,8,132
0,0,103,4,9,149
0,0,111,3,10,167
0,0,119,4,11,183
0,0,127,6,13,198
0,0,135,8,15,209
0,0,143,11,17,218
0,0,151,15,20,225
0,0,159,19,22,229
0,0,167,23,24,232
0,0,175,26,26,234
0,0,183,29,28,236
0,0,191,33,31,238
0,0,199,34,31,241
0,0,207,35,32,243
0,0,215,37,33,246
0,0,223,39,36,249
0,0,231,40,39,251
0,0,239,41,40,253
0,0,247,42,41,254
0,0,255,44,42,255
0,7,0,3,9,6
0,7,7,2,8,11
0,7,15,2,8,18
0,7,23,2,8,27
0,7,31,2,8,36
0,7,39,2,9,44
0,7,47,3,9,54
0,7,55,2,10,63
0,7,63,3,11,73
0,7,71,3,11,84
0,7,79,3,12,96
0,7,87,4,12,110
0,7,95,5,13,126
0,7,103,3,14,140
0,7,111,5,15,160
0,7,119,6,16,179
0,7,127,8,18,193
0,7,135,10,20,205
0,7,143,13,22,216
0,7,151,17,24,223
0,7,159,21,28,227
0,7,167,25,30,230
0,7,175,28,31,233
0,7,183,31,33,235
0,7,191,34,35,238
0,7,199,36,37,240
0,7,207,37,37,243
0,7,215,38,38,246
0,7,223,40,40,248
0,7,231,42,42,250
0,7,239,43,44,252
0,7,247,44,44,254
0,7,255,45,45,255
0,15,0,3,16,5
0,15,7,3,15,10
0,15,15,3,14,17
0,15,23,3,14,25
0,15,31,3,14,33
0,15,39,3,14,42
0,15,47,2,14,50
0,15,55,3,15,60
0,15,63,4,15,70
0,15,71,4,16,81
0,15,79,5,17,92
0,15,87,5,18,105
0,15,95,6,19,120
0,15,103,6,19,136
0,15,111,7,20,153
0,15,119,7,22,171
0,15,127,9,23,188
0,15,135,13,25,201
0,15,143,16,28,211
0,15,151,19,30,220
0,15,159,23,33,225
0,15,167,28,36,229
0,15,175,31,38,232
0,15,183,33,39,234
0,15,191,36,40,237
0,15,199,38,42,240
0,15,207,40,44,243
0,15,215,40,43,245
0,15,223,42,44,247
0,15,231,43,46,250
0,15,239,45,48,252
0,15,247,46,49,254
0,15,255,47,49,254
0,23,0,4,24,4
0,23,7,3,23,10
0,23,15,3,22,16
0,23,23,3,21,23
0,23,31,3,21,31
0,23,39,3,21,39
0,23,47,4,21,47
0,23,55,4,21,56
0,23,63,5,22,66
0,23,71,6,22,76
0,23,79,6,23,87
0,23,87,7,24,100
0,23,95,7,24,113
0,23,103,8,25,129
0,23,111,7,26,146
0,23,119,10,27,164
0,23,127,12,29,180
0,23,135,14,31,195
0,23,143,18,33,206
0,23,151,21,36,217
0,23,159,25,39,223
0,23,167,29,41,227
0,23,175,34,43,231
0,23,183,37,46,234
0,23,191,38,46,237
0,23,199,40,47,239
0,23,207,42,49,242
0,23,215,44,51,245
0,23,223,44,50,247
0,23,231,45,50,249
0,23,239,47,52,251
0,23,247,48,54,253
0,23,255,50,54,254
0,31,0,4,34,5
0,31,7,3,32,9
0,31,15,4,31,14
0,31,23,4,30,21
0,31,31,5,29,28
0,31,39,4,28,36
0,31,47,5,28,44
0,31,55,6,28,53
0,31,63,6,29,62
0,31,71,6,29,72
0,31,79,8,30,83
0,31,87,8,30,94
0,31,95,10,31,107
0,31,103,8,32,120
0,31,111,10,32,138
0,31,119,10,33,155
0,31,127,14,35,172
0,31,135,16,36,188
0,31,143,20,39,202
0,31,151,24,41,211
0,31,159,28,44,220
0,31,167,33,47,225
0,31,175,35,49,230
0,31,183,39,50,234
0,31,191,41,52,237
0,31,199,42,53,239
0,31,207,44,54,242
0,31,215,45,55,244
0,31,223,47,56,247
0,31,231,48,56,249
0,31,239,49,56,251
0,31,247,50,57,253
0,31,255,52,59,254
0,39,0,6,44,4
0,39,7,6,42,8
0,39,15,7,40,13
0,39,23,6,39,19
0,39,31,5,38,26
0,39,39,7,37,34
0,39,47,7,36,42
0,39,55,7,36,50
0,39,63,8,36,59
0,39,71,9,36,68
0,39,79,9,37,79
0,39,87,10,37,89
0,39,95,11,38,101
0,39,103,12,38,115
0,39,111,13,39,128
0,39,119,14,40,146
0,39,127,16,40,163
0,39,135,19,42,179
0,39,143,22,44,195
0,39,151,26,46,206
0,39,159,30,49,216
0,39,167,34,51,224
0,39,175,37,53,229
0,39,183,40,55,233
0,39,191,42,56,237
0,39,199,43,57,240
0,39,207,47,59,242
0,39,215,48,60,244
0,39,223,48,60,247
0,39,231,50,60,249
0,39,239,53,62,251
0,39,247,53,61,252
0,39,255,54,62,254
0,47,0,10,54,4
0,47,7,9,53,7
0,47,15,8,50,12
0,47,23,8,48,18
0,47,31,9,47,25
0,47,39,9,46,32
0,47,47,9,45,39
0,47,55,10,45,47
0,47,63,10,44,56
0,47,71,11,45,65
0,47,79,12,45,74
0,47,87,12,45,85
0,47,95,13,45,96
0,47,103,14,45,108
0,47,111,16,45,123
0,47,119,17,46,138
0,47,127,18,46,155
0,47,135,20,47,172
0,47,143,23,49,189
0,47,151,25,50,205
0,47,159,29,52,215
0,47,167,34,54,222
0,47,175,38,57,229
0,47,183,40,58,234
0,47,191,43,60,237
0,47,199,45,61,240
0,47,207,47,62,243
0,47,215,50,63,245
0,47,223,52,64,247
0,47,231,52,63,249
0,47,239,53,64,251
0,47,247,56,65,252
0,47,255,57,65,254
0,55,0,12,65,4
0,55,7,12,63,7
0,55,15,12,61,11
0,55,23,11,58,17
0,55,31,11,57,23
0,55,39,11,55,30
0,55,47,12,54,37
0,55,55,13,54,44
0,55,63,12,53,52
0,55,71,14,53,61
0,55,79,15,53,71
0,55,87,16,53,81
0,55,95,17,53,91
0,55,103,18,53,103
0,55,111,18,53,115
0,55,119,19,53,132
0,55,127,21,53,147
0,55,135,21,53,166
0,55,143,23,54,185
0,55,151,26,55,199
0,55,159,30,56,212
0,55,167,35,58,222
0,55,175,39,60,229
0,55,183,44,62,234
0,55,191,45,63,238
0,55,199,48,64,241
0,55,207,50,65,243
0,55,215,51,65,245
0,55,223,53,66,248
0,55,231,54,66,250
0,55,239,56,66,252
0,55,247,57,67,253
0,55,255,58,67,254
0,63,0,14,76,4
0,63,7,13,73,7
0,63,15,13,71,11
0,63,23,13,69,16
0,63,31,14,67,22
0,63,39,15,65,28
0,63,47,15,64,35
0,63,55,15,63,42
0,63,63,17,62,50
0,63,71,17,62,58
0,63,79,19,62,67
0,63,87,18,61,77
0,63,95,17,60,87
0,63,103,19,60,98
0,63,111,21,60,110
0,63,119,22,60,123
0,63,127,23,60,141
0,63,135,24,59,156
0,63,143,26,60,174
0,63,151,29,60,192
0,63,159,32,61,206
0,63,167,36,62,218
0,63,175,41,64,227
0,63,183,44,65,234
0,63,191,47,66,239
0,63,199,50,67,242
0,63,207,51,68,244
0,63,215,53,68,246
0,63,223,55,68,248
0,63,231,56,68,250
0,63,239,57,68,252
0,63,247,58,69,254
0,63,255,60,69,255
0,71,0,17,86,5
0,71,7,17,84,8
0,71,15,17,82,12
0,71,23,16,79,16
0,71,31,16,77,22
0,71,39,16,75,28
0,71,47,18,74,34
0,71,55,19,73,41
0,71,63,19,72,48
0,71,71,21,71,56
0,71,79,22,70,64
0,71,87,20,69,72
0,71,95,23,69,82
0,71,103,25,69,93
0,71,111,25,69,104
0,71,119,26,68,117
0,71,127,26,67,131
0,71,135,26,67,149
0,71,143,27,66,167
0,71,151,28,66,185
0,71,159,27,66,206
0,71,167,34,67,215
0,71,175,40,68,225
0,71,183,44,69,233
0,71,191,46,70,238
0,71,199,48,71,241
0,71,207,52,71,244
0,71,215,55,72,247
0,71,223,56,72,248
0,71,231,57,71,250
0,71,239,59,71,252
0,71,247,60,71,253
0,71,255,61,71,254
0,79,0,20,96,5
0,79,7,20,94,8
0,79,15,20,91,12
0,79,23,20,89,16
0,79,31,20,87,22
0,79,39,21,85,28
0,79,47,21,84,33
0,79,55,21,83,40
0,79,63,23,82,47
0,79,71,24,81,54
0,79,79,25,80,62
0,79,87,26,79,70
0,79,95,27,78,79
0,79,103,28,78,88
0,79,111,29,77,99
0,79,119,28,76,111
0,79,127,28,75,125
0,79,135,29,74,139
0,79,143,30,74,157
0,79,151,32,73,175
0,79,159,34,73,192
0,79,167,38,73,209
0,79,175,41,73,220
0,79,183,44,73,230
0,79,191,49,74,236
0,79,199,51,74,240
0,79,207,54,75,243
0,79,215,56,75,245
0,79,223,58,75,248
0,79,231,59,75,250
0,79,239,60,74,252
0,79,247,62,74,253
0,79,255,64,73,254
0,87,0,22,106,5
0,87,7,22,104,8
0,87,15,22,102,12
0,87,23,23,100,17
0,87,31,24,98,22
0,87,39,24,96,28
0,87,47,25,94,33
0,87,55,26,93,39
0,87,63,26,92,45
0,87,71,27,90,52
0,87,79,28,89,60
0,87,87,28,88,68
0,87,95,29,87,76
0,87,103,32,87,84
0,87,111,32,86,95
0,87,119,31,85,105
0,87,127,31,84,117
0,87,135,31,82,132
0,87,143,33,81,148
0,87,151,34,80,166
0,87,159,36,79,184
0,87,167,38,79,200
0,87,175,42,79,216
0,87,183,45,78,225
0,87,191,49,78,234
0,87,199,52,78,239
0,87,207,55,78,243
0,87,215,57,78,246
0,87,223,60,78,248
0,87,231,61,78,250
0,87,239,62,78,252
0,87,247,63,77,253
0,87,255,64,76,254
0,95,0,23,116,6
0,95,7,23,115,9
0,95,15,24,113,12
0,95,23,25,110,17
0,95,31,26,108,22
0,95,39,27,106,27
0,95,47,28,105,33
0,95,55,29,103,39
0,95,63,30,102,45
0,95,71,30,101,51
0,95,79,30,99,58
0,95,87,32,98,65
0,95,95,32,97,73
0,95,103,33,96,82
0,95,111,35,95,90
0,95,119,34,94,100
0,95,127,35,92,112
0,95,135,35,91,124
0,95,143,36,90,140
0,95,151,37,88,157
0,95,159,38,87,175
0,95,167,40,86,192
0,95,175,42,84,208
0,95,183,46,84,222
0,95,191,48,83,231
0,95,199,52,83,239
0,95,207,55,82,243
0,95,215,57,82,246
0,95,223,59,81,248
0,95,231,61,81,250
0,95,239,62,81,252
0,95,247,64,80,253
0,95,255,65,80,254
0,103,0,28,126,7
0,103,7,28,124,10
0,103,15,29,122,14
0,103,23,29,120,17
0,103,31,29,118,22
0,103,39,30,116,27
0,103,47,30,115,33
0,103,55,31,114,38
0,103,63,33,113,44
0,103,71,34,111,50
0,103,79,34,110,56
0,103,87,34,108,63
0,103,95,35,107,71
0,103,103,36,106,79
0,103,111,36,104,87
0,103,119,35,103,96
0,103,127,37,101,106
0,103,135,38,100,119
0,103,143,38,98,133
0,103,151,38,96,149
0,103,159,40,94,166
0,103,167,41,93,184
0,103,175,44,91,201
0,103,183,46,90,215
0,103,191,50,89,228
0,103,199,53,87,235
0,103,207,56,87,242
0,103,215,59,86,245
0,103,223,60,85,249
0,103,231,62,85,251
0,103,239,64,84,252
0,103,247,65,84,253
0,103,255,67,83,253
0,111,0,29,137,8
0,111,7,30,135,10
0,111,15,30,133,14
0,111,23,31,131,18
0,111,31,32,129,22
0,111,39,33,128,28
0,111,47,34,126,33
0,111,55,34,124,38
0,111,63,35,123,43
0,111,71,36,122,49
0,111,79,37,120,55
0,111,87,38,119,62
0,111,95,38,117,68
0,111,103,38,116,76
0,111,111,38,114,83
0,111,119,38,113,92
0,111,127,39,111,101
0,111,135,40,109,112
0,111,143,39,107,126
0,111,151,37,105,141
0,111,159,40,103,158
0,111,167,44,101,175
0,111,175,45,99,192
0,111,183,48,97,209
0,111,191,50,95,222
0,111,199,53,93,233
0,111,207,56,92,240
0,111,215,58,90,246
0,111,223,61,89,249
0,111,231,63,88,251
0,111,239,65,88,253
0,111,247,67,87,253
0,111,255,67,86,253
0,119,0,25,151,8
0,119,7,27,149,10
0,119,15,28,147,13
0,119,23,31,144,17
0,119,31,33,141,22
0,119,39,34,139,27
0,119,47,35,137,32
0,119,55,37,136,38
0,119,63,39,134,43
0,119,71,38,132,48
0,119,79,39,131,53
0,119,87,39,130,59
0,119,95,40,128,66
0,119,103,42,126,73
0,119,111,41,124,80
0,119,119,41,123,88
0,119,127,41,121,97
0,119,135,43,119,107
0,119,143,43,117,119
0,119,151,42,115,133
0,119,159,44,112,148
0,119,167,45,110,166
0,119,175,47,107,184
0,119,183,49,105,200
0,119,191,51,102,216
0,119,199,54,100,228
0,119,207,57,98,237
0,119,215,59,96,243
0,119,223,60,95,249
0,119,231,63,93,251
0,119,239,65,92,253
0,119,247,67,91,254
0,119,255,69,90,254
0,127,0,33,161,10
0,127,7,33,159,12
0,127,15,34,158,15
0,127,23,34,155,18
0,127,31,34,153,22
0,127,39,34,150,26
0,127,47,35,149,31
0,127,55,37,147,37
0,127,63,39,146,42
0,127,71,40,144,47
0,127,79,42,143,52
0,127,87,41,141,57
0,127,95,39,138,63
0,127,103,42,137,70
0,127,111,43,135,77
0,127,119,44,134,85
0,127,127,44,132,93
0,127,135,43,130,103
0,127,143,44,127,113
0,127,151,45,125,125
0,127,159,45,122,140
0,127,167,46,120,156
0,127,175,48,117,174
0,127,183,49,114,192
0,127,191,49,111,208
0,127,199,50,108,223
0,127,207,55,105,233
0,127,215,59,103,242
0,127,223,61,101,247
0,127,231,63,99,252
0,127,239,66,97,253
0,127,247,67,96,254
0,127,255,70,95,254
0,135,0,34,175,10
0,135,7,35,173,12
0,135,15,35,171,15
0,135,23,37,168,19
0,135,31,37,166,22
0,135,39,37,164,26
0,135,47,38,162,31
0,135,55,38,160,35
0,135,63,39,158,40
0,135,71,40,157,45
0,135,79,41,155,51
0,135,87,43,153,56
0,135,95,44,151,62
0,135,103,45,149,68
0,135,111,44,147,74
0,135,119,44,145,81
0,135,127,45,143,89
0,135,135,46,141,98
0,135,143,46,139,108
0,135,151,45,136,119
0,135,159,47,133,131
0,135,167,48,130,147
0,135,175,48,127,164
0,135,183,49,124,181
0,135,191,52,120,199
0,135,199,54,117,214
0,135,207,58,114,227
0,135,215,59,111,238
0,135,223,62,108,245
0,135,231,64,106,250
0,135,239,65,103,254
0,135,247,67,101,255
0,135,255,70,100,255
0,143,0,36,189,11
0,143,7,36,188,13
0,143,15,36,186,15
0,143,23,36,184,18
0,143,31,37,181,22
0,143,39,38,179,26
0,143,47,38,176,30
0,143,55,39,174,35
0,143,63,40,172,39
0,143,71,41,170,44
0,143,79,40,168,49
0,143,87,41,166,54
0,143,95,44,164,59
0,143,103,45,162,65
0,143,111,46,160,71
0,143,119,46,157,78
0,143,127,45,155,86
0,143,135,46,153,94
0,143,143,48,150,102
0,143,151,48,148,113
0,143,159,47,145,125
0,143,167,48,142,138
0,143,175,49,139,154
0,143,183,50,135,171
0,143,191,51,132,188
0,143,199,55,128,205
0,143,207,57,124,220
0,143,215,59,120,232
0,143,223,62,117,242
0,143,231,63,114,249
0,143,239,66,111,252
0,143,247,67,108,255
0,143,255,70,106,255
0,151,0,39,202,13
0,151,7,39,201,15
0,151,15,39,200,17
0,151,23,39,198,19
0,151,31,39,196,22
0,151,39,39,193,26
0,151,47,39,191,30
0,151,55,40,188,34
0,151,63,41,186,38
0,151,71,42,184,43
0,151,79,43,181,47
0,151,87,43,179,52
0,151,95,45,177,57
0,151,103,45,175,63
0,151,111,46,173,69
0,151,119,47,171,75
0,151,127,48,168,82
0,151,135,48,166,90
0,151,143,47,163,98
0,151,151,49,161,107
0,151,159,50,158,118
0,151,167,51,155,131
0,151,175,50,152,144
0,151,183,50,148,160
0,151,191,53,144,177
0,151,199,54,140,194
0,151,207,57,136,210
0,151,215,59,131,224
0,151,223,61,127,236
0,151,231,63,123,245
0,151,239,65,119,253
0,151,247,67,116,254
0,151,255,70,112,255
0,159,0,40,215,14
0,159,7,40,213,16
0,159,15,41,212,18
0,159,23,41,210,20
0,159,31,42,208,23
0,159,39,43,206,27
0,159,47,43,203,31
0,159,55,42,201,34
0,159,63,42,199,38
0,159,71,42,197,42
0,159,79,43,195,46
0,159,87,44,192,51
0,159,95,46,190,56
0,159,103,47,188,61
0,159,111,48,186,67
0,159,119,47,184,72
0,159,127,48,182,79
0,159,135,49,179,86
0,159,143,50,177,94
0,159,151,50,174,103
0,159,159,50,172,112
0,159,167,52,169,123
0,159,175,52,166,137
0,159,183,52,163,151
0,159,191,52,158,166
0,159,199,54,154,182
0,159,207,57,149,199
0,159,215,58,144,214
0,159,223,61,139,228
0,159,231,64,134,239
0,159,239,65,130,248
0,159,247,68,125,254
0,159,255,70,121,255
0,167,0,41,223,16
0,167,7,41,222,17
0,167,15,42,221,19
0,167,23,42,220,22
0,167,31,43,218,25
0,167,39,43,216,28
0,167,47,43,214,31
0,167,55,44,212,35
0,167,63,45,210,38
0,167,71,45,209,42
0,167,79,45,207,46
0,167,87,45,205,51
0,167,95,45,203,55
0,167,103,47,200,60
0,167,111,48,198,65
0,167,119,49,196,70
0,167,127,49,195,76
0,167,135,49,193,83
0,167,143,49,191,90
0,167,151,51,188,98
0,167,159,52,186,107
0,167,167,51,184,117
0,167,175,53,181,128
0,167,183,53,177,142
0,167,191,55,173,156
0,167,199,54,169,171
0,167,207,55,164,187
0,167,215,58,159,203
0,167,223,61,153,219
0,167,231,63,147,232
0,167,239,66,141,243
0,167,247,69,136,251
0,167,255,71,131,255
0,175,0,43,229,19
0,175,7,43,229,20
0,175,15,43,228,21
0,175,23,43,227,23
0,175,31,44,226,26
0,175,39,44,224,29
0,175,47,44,223,32
0,175,55,45,221,35
0,175,63,46,219,39
0,175,71,46,218,42
0,175,79,47,216,46
0,175,87,48,215,50
0,175,95,47,214,55
0,175,103,47,212,59
0,175,111,48,210,64
0,175,119,49,208,69
0,175,127,50,207,74
0,175,135,51,206,80
0,175,143,50,204,87
0,175,151,51,202,94
0,175,159,53,200,102
0,175,167,53,198,111
0,175,175,54,196,121
0,175,183,54,193,133
0,175,191,55,189,146
0,175,199,57,185,160
0,175,207,58,180,176
0,175,215,58,175,192
0,175,223,60,169,208
0,175,231,64,162,224
0,175,239,66,155,238
0,175,247,69,149,248
0,175,255,72,143,253
0,183,0,45,234,22
0,183,7,45,234,23
0,183,15,45,234,24
0,183,23,45,233,26
0,183,31,45,233,28
0,183,39,46,232,30
0,183,47,46,231,33
0,183,55,46,229,36
0,183,63,46,228,39
0,183,71,47,227,42
0,183,79,47,225,45
0,183,87,48,223,49
0,183,95,49,222,54
0,183,103,50,221,58
0,183,111,50,221,64
0,183,119,50,219,68
0,183,127,50,218,73
0,183,135,51,217,78
0,183,143,53,215,84
0,183,151,52,215,90
0,183,159,52,213,98
0,183,167,54,211,105
0,183,175,55,209,114
0,183,183,56,207,125
0,183,191,56,204,137
0,183,199,56,201,151
0,183,207,58,196,165
0,183,215,59,191,181
0,183,223,60,185,198
0,183,231,62,178,214
0,183,239,66,171,229
0,183,247,70,164,244
0,183,255,71,157,252
0,191,0,47,237,24
0,191,7,48,237,25
0,191,15,48,237,26
0,191,23,49,237,28
0,191,31,48,237,29
0,191,39,48,237,31
0,191,47,48,236,34
0,191,55,48,235,37
0,191,63,48,235,39
0,191,71,48,234,42
0,191,79,48,233,45
0,191,87,48,231,49
0,191,95,49,230,53
0,191,103,50,229,57
0,191,111,51,228,62
0,191,119,52,228,66
0,191,127,52,227,71
0,191,135,52,227,76
0,191,143,53,225,81
0,191,151,54,224,87
0,191,159,55,223,93
0,191,167,54,223,101
0,191,175,55,222,108
0,191,183,56,220,118
0,191,191,58,217,128
0,191,199,59,215,140
0,191,207,59,211,155
0,191,215,60,207,170
0,191,223,61,201,187
0,191,231,64,195,204
0,191,239,65,188,221
0,191,247,68,180,236
0,191,255,72,173,249
0,199,0,48,240,25
0,199,7,49,240,26
0,199,15,49,240,27
0,199,23,49,240,29
0,199,31,50,240,31
0,199,39,50,240,33
0,199,47,50,240,35
0,199,55,50,240,37
0,199,63,50,239,40
0,199,71,50,239,43
0,199,79,50,238,46
0,199,87,50,238,49
0,199,95,50,237,52
0,199,103,50,236,56
0,199,111,51,235,60
0,199,119,52,234,64
0,199,127,53,234,69
0,199,135,54,233,74
0,199,143,52,233,79
0,199,151,54,233,83
0,199,159,55,232,89
0,199,167,56,231,96
0,199,175,57,230,103
0,199,183,56,231,111
0,199,191,58,229,121
0,199,199,59,227,132
0,199,207,61,224,144
0,199,215,61,221,160
0,199,223,62,216,177
0,199,231,63,211,194
0,199,239,66,204,212
0,199,247,69,197,230
0,199,255,71,190,244
0,207,0,49,242,26
0,207,7,49,242,27
0,207,15,49,242,28
0,207,23,50,243,29
0,207,31,50,243,31
0,207,39,51,243,33
0,207,47,51,243,35
0,207,55,52,243,38
0,207,63,52,243,40
0,207,71,52,243,43
0,207,79,52,242,46
0,207,87,52,242,49
0,207,95,52,242,52
0,207,103,52,241,55
0,207,111,52,240,59
0,207,119,53,240,63
0,207,127,53,239,67
0,207,135,55,239,72
0,207,143,55,239,76
0,207,151,56,239,81
0,207,159,57,239,86
0,207,167,57,239,91
0,207,175,57,238,98
0,207,183,58,238,105
0,207,191,60,237,114
0,207,199,60,236,124
0,207,207,60,235,136
0,207,215,62,232,150
0,207,223,63,229,166
0,207,231,64,225,184
0,207,239,66,220,202
0,207,247,68,213,221
0,207,255,71,207,240
0,215,0,51,245,27
0,215,7,51,245,28
0,215,15,51,245,29
0,215,23,51,245,30
0,215,31,51,245,31
0,215,39,51,245,33
0,215,47,52,246,35
0,215,55,52,246,38
0,215,63,53,246,40
0,215,71,53,246,43
0,215,79,54,246,46
0,215,87,54,246,48
0,215,95,55,245,52
0,215,103,54,245,55
0,215,111,54,245,58
0,215,119,55,244,62
0,215,127,55,244,66
0,215,135,55,244,69
0,215,143,56,244,74
0,215,151,57,244,78
0,215,159,58,244,83
0,215,167,59,244,88
0,215,175,59,245,94
0,215,183,59,244,100
0,215,191,59,244,108
0,215,199,61,244,117
0,215,207,62,243,128
0,215,215,62,242,142
0,215,223,63,240,156
0,215,231,65,237,173
0,215,239,67,233,192
0,215,247,69,228,212
0,215,255,71,222,231
0,223,0,52,247,28
0,223,7,52,247,28
0,223,15,52,247,29
0,223,23,52,247,31
0,223,31,53,247,32
0,223,39,53,248,33
0,223,47,53,248,35
0,223,55,54,248,38
0,223,63,54,248,40
0,223,71,54,248,42
0,223,79,54,248,45
0,223,87,55,248,48
0,223,95,55,248,51
0,223,103,56,248,54
0,223,111,56,248,57
0,223,119,57,248,61
0,223,127,57,248,64
0,223,135,57,248,68
0,223,143,57,248,72
0,223,151,57,248,76
0,223,159,58,248,80
0,223,167,59,248,84
0,223,175,60,249,90
0,223,183,60,249,96
0,223,191,60,249,104
0,223,199,61,249,112
0,223,207,62,249,122
0,223,215,63,248,134
0,223,223,65,247,149
0,223,231,65,246,164
0,223,239,67,243,183
0,223,247,69,240,203
0,223,255,71,236,223
0,231,0,52,249,28
0,231,7,53,249,29
0,231,15,53,249,30
0,231,23,53,250,31
0,231,31,54,250,33
0,231,39,54,250,34
0,231,47,54,250,36
0,231,55,55,250,38
0,231,63,55,250,40
0,231,71,55,250,42
0,231,79,55,250,44
0,231,87,56,250,47
0,231,95,56,250,50
0,231,103,56,250,53
0,231,111,56,250,56
0,231,119,57,251,59
0,231,127,58,251,62
0,231,135,59,251,66
0,231,143,59,251,70
0,231,151,59,251,74
0,231,159,59,251,78
0,231,167,59,251,82
0,231,175,60,251,86
0,231,183,60,252,92
0,231,191,61,252,99
0,231,199,62,253,108
0,231,207,62,252,117
0,231,215,63,252,129
0,231,223,64,252,142
0,231,231,66,251,157
0,231,239,67,250,175
0,231,247,69,248,193
0,231,255,71,246,215
0,239,0,53,251,28
0,239,7,53,251,29
0,239,15,53,251,30
0,239,23,54,251,31
0,239,31,54,251,32
0,239,39,55,251,34
0,239,47,55,252,36
0,239,55,55,252,37
0,239,63,56,252,39
0,239,71,56,252,42
0,239,79,56,252,44
0,239,87,56,252,47
0,239,95,57,252,49
0,239,103,57,252,52
0,239,111,57,252,54
0,239,119,57,252,57
0,239,127,58,252,60
0,239,135,59,252,64
0,239,143,59,252,68
0,239,151,60,253,72
0,239,159,60,253,76
0,239,167,61,253,80
0,239,175,60,253,84
0,239,183,61,253,89
0,239,191,61,254,95
0,239,199,62,254,103
0,239,207,62,254,113
0,239,215,63,254,124
0,239,223,64,254,136
0,239,231,65,254,151
0,239,239,67,253,167
0,239,247,69,253,186
0,239,255,71,252,205
0,247,0,54,252,29
0,247,7,54,252,29
0,247,15,54,252,30
0,247,23,54,252,31
0,247,31,54,252,32
0,247,39,55,252,33
0,247,47,55,252,35
0,247,55,56,252,37
0,247,63,56,252,39
0,247,71,56,252,41
0,247,79,57,253,44
0,247,87,57,252,46
0,247,95,57,252,48
0,247,103,58,252,51
0,247,111,58,252,54
0,247,119,58,252,56
0,247,127,58,252,59
0,247,135,59,252,62
0,247,143,59,253,66
0,247,151,60,253,70
0,247,159,61,253,74
0,247,167,61,253,78
0,247,175,62,253,82
0,247,183,62,253,87
0,247,191,62,253,93
0,247,199,62,253,100
0,247,207,63,254,109
0,247,215,63,254,120
0,247,223,64,254,132
0,247,231,65,254,146
0,247,239,67,254,161
0,247,247,68,254,178
0,247,255,71,254,197
0,255,0,55,253,29
0,255,7,55,253,30
0,255,15,55,253,30
0,255,23,55,253,31
0,255,31,55,253,32
0,255,39,55,253,33
0,255,47,56,252,35
0,255,55,56,252,37
0,255,63,57,252,39
0,255,71,57,252,41
0,255,79,57,252,43
0,255,87,58,253,46
0,255,95,58,252,48
0,255,103,58,252,51
0,255,111,59,252,53
0,255,119,59,252,56
0,255,127,59,252,59
0,255,135,60,252,62
0,255,143,60,252,65
0,255,151,61,252,69
0,255,159,61,253,73
0,255,167,62,253,77
0,255,175,63,253,82
0,255,183,63,253,87
0,255,191,63,253,93
0,255,199,64,253,100
0,255,207,64,253,108
0,255,215,64,253,117
0,255,223,65,253,129
0,255,231,66,254,142
0,255,239,68,254,157
0,255,247,69,254,172
0,255,255,70,255,188
7,0,0,6,3,6
7,0,7,6,3,12
7,0,15,6,3,20
7,0,23,5,3,29
7,0,31,5,4,39
7,0,39,5,4,48
7,0,47,5,5,57
7,0,55,5,5,67
7,0,63,5,6,77
7,0,71,5,7,89
7,0,79,4,7,101
7,0,87,5,8,116
7,0,95,4,8,133
7,0,103,5,9,150
7,0,111,5,10,168
7,0,119,5,11,184
7,0,127,7,13,198
7,0,135,9,15,210
7,0,143,13,17,219
7,0,151,16,20,225
7,0,159,20,22,229
7,0,167,24,24,232
7,0,175,27,26,234
7,0,183,30,28,236
7,0,191,34,30,238
7,0,199,35,31,241
7,0,207,36,32,243
7,0,215,37,33,246
7,0,223,39,36,248
7,0,231,41,39,251
7,0,239,42,40,253
7,0,247,43,41,254
7,0,255,44,42,255
7,7,0,6,9,6
7,7,7,6,8,13
7,7,15,5,8,20
7,7,23,5,8,28
7,7,31,5,8,37
7,7,39,5,8,45
7,7,47,5,9,55
7,7,55,5,9,64
7,7,63,5,10,74
7,7,71,6,11,86
7,7,79,5,12,97
7,7,87,6,12,111
7,7,95,6,13,126
7,7,103,5,14,141
7,7,111,7,15,161
7,7,119,7,16,179
7,7,127,9,18,193
7,7,135,12,20,205
7,7,143,15,22,216
7,7,151,18,24,223
7,7,159,23,28,227
7,7,167,27,30,230
7,7,175,29,31,233
7,7,183,32,33,235
7,7,191,36,35,237
7,7,199,38,37,240
7,7,207,38,37,243
7,7,215,39,38,246
7,7,223,41,40,248
7,7,231,43,42,250
7,7,239,44,44,252
7,7,247,44,44,254
7,7,255,46,45,255
7,15,0,6,15,6
7,15,7,6,15,11
7,15,15,6,14,18
7,15,23,6,13,26
7,15,31,6,13,34
7,15,39,6,13,43
7,15,47,6,14,51
7,15,55,6,15,61
7,15,63,7,15,71
7,15,71,7,16,82
7,15,79,8,17,93
7,15,87,7,18,106
7,15,95,8,18,120
7,15,103,8,19,137
7,15,111,8,20,153
7,15,119,10,21,171
7,15,127,11,23,188
7,15,135,15,25,201
7,15,143,17,28,211
7,15,151,20,30,220
7,15,159,24,33,225
7,15,167,29,36,229
7,15,175,33,37,232
7,15,183,34,39,234
7,15,191,37,40,237
7,15,199,40,42,240
7,15,207,41,44,242
7,15,215,41,43,245
7,15,223,42,44,247
7,15,231,44,46,250
7,15,239,46,48,252
7,15,247,47,49,253
7,15,255,47,49,254
7,23,0,7,23,5
7,23,7,7,22,10
7,23,15,7,22,17
7,23,23,7,21,24
7,23,31,6,20,32
7,23,39,7,20,40
7,23,47,7,20,48
7,23,55,8,21,57
7,23,63,8,21,67
7,23,71,9,22,77
7,23,79,9,23,88
7,23,87,10,24,100
7,23,95,9,24,114
7,23,103,10,25,129
7,23,111,9,26,147
7,23,119,12,27,163
7,23,127,14,29,180
7,23,135,16,31,195
7,23,143,20,33,206
7,23,151,23,36,216
7,23,159,27,38,223
7,23,167,31,41,227
7,23,175,36,43,231
7,23,183,39,46,234
7,23,191,39,46,237
7,23,199,41,47,239
7,23,207,43,49,242
7,23,215,45,51,245
7,23,223,45,50,247
7,23,231,46,50,249
7,23,239,47,52,251
7,23,247,49,54,253
7,23,255,50,54,254
7,31,0,8,33,5
7,31,7,8,32,10
7,31,15,8,30,15
7,31,23,8,29,22
7,31,31,8,28,29
7,31,39,8,28,37
7,31,47,9,28,45
7,31,55,9,28,54
7,31,63,10,28,63
7,31,71,9,29,73
7,31,79,11,29,84
7,31,87,11,30,95
7,31,95,12,31,108
7,31,103,11,31,121
7,31,111,13,32,138
7,31,119,13,33,155
7,31,127,16,35,172
7,31,135,19,36,188
7,31,143,22,38,202
7,31,151,26,41,211
7,31,159,30,44,220
7,31,167,35,46,225
7,31,175,37,48,230
7,31,183,40,50,234
7,31,191,42,52,237
7,31,199,44,53,239
7,31,207,45,54,242
7,31,215,46,55,244
7,31,223,48,57,247
7,31,231,49,56,249
7,31,239,50,56,251
7,31,247,51,57,252
7,31,255,52,59,254
7,39,0,11,43,5
7,39,7,11,41,9
7,39,15,11,40,14
7,39,23,10,38,21
7,39,31,10,37,27
7,39,39,11,36,35
7,39,47,11,36,42
7,39,55,11,36,51
7,39,63,11,36,60
7,39,71,12,36,69
7,39,79,13,37,79
7,39,87,13,37,90
7,39,95,14,38,101
7,39,103,15,38,115
7,39,111,16,39,129
7,39,119,17,40,146
7,39,127,19,40,163
7,39,135,21,42,179
7,39,143,24,44,194
7,39,151,28,46,206
7,39,159,32,49,216
7,39,167,36,51,224
7,39,175,39,53,229
7,39,183,41,55,233
7,39,191,43,56,237
7,39,199,45,57,240
7,39,207,48,59,242
7,39,215,49,60,244
7,39,223,49,60,247
7,39,231,51,61,249
7,39,239,54,62,251
7,39,247,53,61,252
7,39,255,54,62,253
7,47,0,13,53,4
7,47,7,13,52,8
7,47,15,13,49,13
7,47,23,12,48,19
7,47,31,13,46,26
7,47,39,13,45,33
7,47,47,13,45,40
7,47,55,14,44,48
7,47,63,14,44,56
7,47,71,14,44,66
7,47,79,15,45,75
7,47,87,15,45,85
7,47,95,16,45,97
7,47,103,17,45,108
7,47,111,18,45,123
7,47,119,19,46,138
7,47,127,21,46,155
7,47,135,22,47,172
7,47,143,25,49,188
7,47,151,27,50,204
7,47,159,31,52,215
7,47,167,36,55,222
7,47,175,40,57,229
7,47,183,42,58,234
7,47,191,45,60,237
7,47,199,47,61,240
7,47,207,48,62,243
7,47,215,51,63,245
7,47,223,53,64,247
7,47,231,53,64,249
7,47,239,54,64,251
7,47,247,56,65,252
7,47,255,57,65,253
7,55,0,16,64,5
7,55,7,16,62,8
7,55,15,16,60,13
7,55,23,15,58,18
7,55,31,15,56,24
7,55,39,15,55,31
7,55,47,16,54,38
7,55,55,16,53,45
7,55,63,16,53,53
7,55,71,18,53,62
7,55,79,18,53,71
7,55,87,20,53,81
7,55,95,20,53,92
7,55,103,20,53,104
7,55,111,20,53,115
7,55,119,21,52,132
7,55,127,23,53,147
7,55,135,24,53,166
7,55,143,25,54,185
7,55,151,28,55,198
7,55,159,32,56,212
7,55,167,37,58,221
7,55,175,41,60,228
7,55,183,45,62,234
7,55,191,47,63,238
7,55,199,49,64,241
7,55,207,52,65,243
7,55,215,52,65,245
7,55,223,54,66,248
7,55,231,56,66,250
7,55,239,57,67,252
7,55,247,57,67,253
7,55,255,59,67,254
7,63,0,18,75,4
7,63,7,17,73,8
7,63,15,17,70,12
7,63,23,18,68,17
7,63,31,18,66,23
7,63,39,18,65,30
7,63,47,18,64,36
7,63,55,19,63,43
7,63,63,20,62,51
7,63,71,20,62,59
7,63,79,22,61,68
7,63,87,21,61,77
7,63,95,20,60,87
7,63,103,22,60,98
7,63,111,23,60,111
7,63,119,24,60,124
7,63,127,25,60,140
7,63,135,27,59,156
7,63,143,28,60,174
7,63,151,31,60,191
7,63,159,35,61,205
7,63,167,38,62,218
7,63,175,42,64,227
7,63,183,46,65,234
7,63,191,49,67,239
7,63,199,51,67,242
7,63,207,53,68,244
7,63,215,54,68,246
7,63,223,56,68,248
7,63,231,57,69,250
7,63,239,58,69,252
7,63,247,59,69,254
7,63,255,61,69,255
7,71,0,21,85,5
7,71,7,20,83,8
7,71,15,20,81,12
7,71,23,20,78,17
7,71,31,20,76,23
7,71,39,20,75,29
7,71,47,22,74,35
7,71,55,22,73,42
7,71,63,22,72,49
7,71,71,24,71,57
7,71,79,25,70,65
7,71,87,23,69,73
7,71,95,25,69,83
7,71,103,27,69,93
7,71,111,28,69,104
7,71,119,28,68,118
7,71,127,28,67,131
7,71,135,28,67,149
7,71,143,29,66,166
7,71,151,30,66,185
7,71,159,29,66,205
7,71,167,37,67,214
7,71,175,42,68,224
7,71,183,45,69,232
7,71,191,47,70,238
7,71,199,49,71,241
7,71,207,53,71,244
7,71,215,56,72,247
7,71,223,57,72,248
7,71,231,58,72,250
7,71,239,60,71,252
7,71,247,61,71,253
7,71,255,62,71,254
7,79,0,24,95,6
7,79,7,24,93,9
7,79,15,24,91,13
7,79,23,24,89,17
7,79,31,24,87,23
7,79,39,24,85,29
7,79,47,24,84,34
7,79,55,25,83,41
7,79,63,26,82,48
7,79,71,27,81,55
7,79,79,28,80,63
7,79,87,29,79,71
7,79,95,29,78,79
7,79,103,30,78,89
7,79,111,31,77,99
7,79,119,31,76,111
7,79,127,31,75,125
7,79,135,31,74,139
7,79,143,32,74,157
7,79,151,34,73,175
7,79,159,36,73,192
7,79,167,40,73,209
7,79,175,42,73,220
7,79,183,46,74,230
7,79,191,50,74,236
7,79,199,52,75,240
7,79,207,56,75,243
7,79,215,57,75,246
7,79,223,59,75,248
7,79,231,60,75,250
7,79,239,61,74,252
7,79,247,63,74,253
7,79,255,64,73,254
7,87,0,25,105,6
7,87,7,25,103,9
7,87,15,26,101,13
7,87,23,26,99,18
7,87,31,27,97,23
7,87,39,28,96,29
7,87,47,28,94,34
7,87,55,28,93,40
7,87,63,28,92,46
7,87,71,30,91,53
7,87,79,31,90,61
7,87,87,31,88,68
7,87,95,31,87,76
7,87,103,34,87,85
7,87,111,34,86,95
7,87,119,33,85,106
7,87,127,34,84,117
7,87,135,34,82,132
7,87,143,35,81,147
7,87,151,36,80,166
7,87,159,38,80,184
7,87,167,40,79,200
7,87,175,44,79,215
7,87,183,47,78,225
7,87,191,50,79,234
7,87,199,54,79,239
7,87,207,56,79,243
7,87,215,59,79,246
7,87,223,61,78,248
7,87,231,61,78,250
7,87,239,63,78,252
7,87,247,64,77,253
7,87,255,64,76,254
7,95,0,26,116,7
7,95,7,26,114,10
7,95,15,27,112,13
7,95,23,28,110,18
7,95,31,29,108,23
7,95,39,30,106,28
7,95,47,31,105,34
7,95,55,32,103,40
7,95,63,33,102,46
7,95,71,33,100,52
7,95,79,33,99,59
7,95,87,34,98,66
7,95,95,35,97,74
7,95,103,35,96,82
7,95,111,37,95,91
7,95,119,37,94,101
7,95,127,37,92,112
7,95,135,37,91,124
7,95,143,38,90,140
7,95,151,39,88,157
7,95,159,40,87,175
7,95,167,42,86,192
7,95,175,44,85,208
7,95,183,48,84,222
7,95,191,50,83,231
7,95,199,54,83,239
7,95,207,56,82,243
7,95,215,58,82,246
7,95,223,60,82,249
7,95,231,62,81,250
7,95,239,63,81,252
7,95,247,64,80,253
7,95,255,66,80,254
7,103,0,31,125,8
7,103,7,32,123,11
7,103,15,32,121,15
7,103,23,32,119,18
7,103,31,32,117,23
7,103,39,32,116,28
7,103,47,33,115,34
7,103,55,34,114,39
7,103,63,35,112,45
7,103,71,37,111,51
7,103,79,37,110,57
7,103,87,36,108,64
7,103,95,37,107,71
7,103,103,38,106,79
7,103,111,38,104,88
7,103,119,37,103,96
7,103,127,39,101,106
7,103,135,40,100,119
7,103,143,40,98,133
7,103,151,41,96,149
7,103,159,42,94,166
7,103,167,43,93,184
7,103,175,46,91,201
7,103,183,48,90,215
7,103,191,52,89,228
7,103,199,54,88,236
7,103,207,58,87,242
7,103,215,60,86,246
7,103,223,61,85,249
7,103,231,63,85,251
7,103,239,64,84,252
7,103,247,66,84,253
7,103,255,68,83,253
7,111,0,32,136,8
7,111,7,32,134,11
7,111,15,33,133,14
7,111,23,34,130,19
7,111,31,35,129,23
7,111,39,36,127,29
7,111,47,37,125,34
7,111,55,37,124,39
7,111,63,37,123,44
7,111,71,38,121,50
7,111,79,39,120,56
7,111,87,40,119,62
7,111,95,41,117,69
7,111,103,40,116,76
7,111,111,41,114,84
7,111,119,41,113,92
7,111,127,41,111,102
7,111,135,42,109,113
7,111,143,41,107,126
7,111,151,39,105,141
7,111,159,42,103,158
7,111,167,45,101,175
7,111,175,47,99,192
7,111,183,50,97,209
7,111,191,52,95,222
7,111,199,55,93,233
7,111,207,57,92,240
7,111,215,60,91,246
7,111,223,63,90,249
7,111,231,64,89,251
7,111,239,65,88,253
7,111,247,67,87,253
7,111,255,68,87,253
7,119,0,28,150,9
7,119,7,29,149,11
7,119,15,31,146,14
7,119,23,33,143,18
7,119,31,36,140,23
7,119,39,36,139,28
7,119,47,38,137,33
7,119,55,39,135,38
7,119,63,41,134,44
7,119,71,41,132,49
7,119,79,40,130,54
7,119,87,41,129,60
7,119,95,42,128,67
7,119,103,44,126,74
7,119,111,43,124,81
7,119,119,43,123,89
7,119,127,43,121,97
7,119,135,45,119,107
7,119,143,45,117,119
7,119,151,44,115,133
7,119,159,46,112,148
7,119,167,47,110,166
7,119,175,49,107,184
7,119,183,51,105,200
7,119,191,52,102,216
7,119,199,55,100,228
7,119,207,58,98,237
7,119,215,60,96,244
7,119,223,62,95,249
7,119,231,64,93,251
7,119,239,66,92,253
7,119,247,67,91,254
7,119,255,69,90,254
7,127,0,35,160,11
7,127,7,36,158,13
7,127,15,36,156,16
7,127,23,36,154,19
7,127,31,36,152,22
7,127,39,36,150,27
7,127,47,37,148,32
7,127,55,39,147,37
7,127,63,41,146,42
7,127,71,42,144,48
7,127,79,44,142,53
7,127,87,43,140,58
7,127,95,40,138,64
7,127,103,44,137,71
7,127,111,45,135,78
7,127,119,46,134,85
7,127,127,46,132,94
7,127,135,45,129,103
7,127,143,46,127,113
7,127,151,47,125,126
7,127,159,46,122,141
7,127,167,48,120,156
7,127,175,50,116,174
7,127,183,50,114,192
7,127,191,50,111,208
7,127,199,51,108,223
7,127,207,57,105,233
7,127,215,60,103,242
7,127,223,62,101,247
7,127,231,64,99,252
7,127,239,67,97,253
7,127,247,68,96,254
7,127,255,70,95,254
7,135,0,36,174,11
7,135,7,37,172,13
7,135,15,38,170,16
7,135,23,39,167,20
7,135,31,39,165,23
7,135,39,40,163,27
7,135,47,40,161,32
7,135,55,41,159,36
7,135,63,40,158,41
7,135,71,42,156,46
7,135,79,43,155,51
7,135,87,45,153,57
7,135,95,46,151,62
7,135,103,47,149,68
7,135,111,45,147,74
7,135,119,46,145,82
7,135,127,47,143,90
7,135,135,48,141,98
7,135,143,47,138,109
7,135,151,47,136,120
7,135,159,49,133,132
7,135,167,50,130,148
7,135,175,50,127,164
7,135,183,51,124,182
7,135,191,53,120,199
7,135,199,55,117,214
7,135,207,59,114,227
7,135,215,60,111,238
7,135,223,63,108,245
7,135,231,64,106,250
7,135,239,66,103,254
7,135,247,68,101,255
7,135,255,70,100,255
7,143,0,37,188,11
7,143,7,38,187,13
7,143,15,38,185,16
7,143,23,38,183,19
7,143,31,39,180,23
7,143,39,40,178,27
7,143,47,41,175,31
7,143,55,42,173,36
7,143,63,43,171,40
7,143,71,43,169,45
7,143,79,42,167,49
7,143,87,43,166,54
7,143,95,45,164,60
7,143,103,47,162,66
7,143,111,48,159,72
7,143,119,48,157,79
7,143,127,47,155,86
7,143,135,48,152,94
7,143,143,50,150,103
7,143,151,50,148,114
7,143,159,49,145,126
7,143,167,50,142,138
7,143,175,50,139,154
7,143,183,52,135,171
7,143,191,53,132,188
7,143,199,56,128,205
7,143,207,58,124,220
7,143,215,61,120,232
7,143,223,63,116,242
7,143,231,64,114,249
7,143,239,67,111,252
7,143,247,68,108,255
7,143,255,70,106,255
7,151,0,41,201,14
7,151,7,41,200,15
7,151,15,41,199,17
7,151,23,41,197,20
7,151,31,41,195,23
7,151,39,41,192,27
7,151,47,41,190,31
7,151,55,42,188,35
7,151,63,43,185,39
7,151,71,44,183,44
7,151,79,45,181,48
7,151,87,45,179,53
7,151,95,46,177,58
7,151,103,47,175,64
7,151,111,47,173,69
7,151,119,49,170,76
7,151,127,50,168,83
7,151,135,50,165,91
7,151,143,49,163,99
7,151,151,51,161,108
7,151,159,52,158,119
7,151,167,52,155,131
7,151,175,51,152,145
7,151,183,51,148,161
7,151,191,54,144,177
7,151,199,55,140,194
7,151,207,58,136,210
7,151,215,61,131,224
7,151,223,62,127,236
7,151,231,64,123,245
7,151,239,66,119,253
7,151,247,68,116,254
7,151,255,70,112,255
7,159,0,42,214,14
7,159,7,42,212,16
7,159,15,43,211,19
7,159,23,44,209,21
7,159,31,44,207,24
7,159,39,44,205,28
7,159,47,44,202,31
7,159,55,44,201,35
7,159,63,44,199,39
7,159,71,44,196,43
7,159,79,45,194,47
7,159,87,46,192,52
7,159,95,48,189,57
7,159,103,49,187,62
7,159,111,49,185,67
7,159,119,48,184,73
7,159,127,49,182,79
7,159,135,51,179,87
7,159,143,52,176,95
7,159,151,52,174,103
7,159,159,51,172,113
7,159,167,53,169,124
7,159,175,54,165,137
7,159,183,53,163,151
7,159,191,53,158,166
7,159,199,56,154,182
7,159,207,58,149,199
7,159,215,59,144,214
7,159,223,62,139,228
7,159,231,65,134,239
7,159,239,66,130,248
7,159,247,69,125,254
7,159,255,71,121,255
7,167,0,42,222,16
7,167,7,43,222,18
7,167,15,43,220,20
7,167,23,44,219,22
7,167,31,45,217,25
7,167,39,45,215,28
7,167,47,45,213,32
7,167,55,46,211,35
7,167,63,47,210,39
7,167,71,47,208,43
7,167,79,46,206,47
7,167,87,46,205,51
7,167,95,47,202,56
7,167,103,48,200,61
7,167,111,49,198,66
7,167,119,51,196,71
7,167,127,50,195,77
7,167,135,50,193,83
7,167,143,51,191,91
7,167,151,53,188,98
7,167,159,53,186,108
7,167,167,52,184,117
7,167,175,54,181,129
7,167,183,55,177,142
7,167,191,56,173,156
7,167,199,55,169,172
7,167,207,57,164,187
7,167,215,59,159,203
7,167,223,62,153,219
7,167,231,64,147,232
7,167,239,67,141,243
7,167,247,69,136,251
7,167,255,71,131,255
7,175,0,44,229,19
7,175,7,44,228,20
7,175,15,44,228,22
7,175,23,45,227,24
7,175,31,45,225,27
7,175,39,46,224,30
7,175,47,46,222,33
7,175,55,47,221,36
7,175,63,47,219,39
7,175,71,48,217,43
7,175,79,49,216,47
7,175,87,49,215,51
7,175,95,49,214,55
7,175,103,48,212,60
7,175,111,49,210,65
7,175,119,50,208,69
7,175,127,51,207,75
7,175,135,52,205,81
7,175,143,52,204,87
7,175,151,52,202,94
7,175,159,54,200,102
7,175,167,55,198,111
7,175,175,56,195,122
7,175,183,55,193,133
7,175,191,56,189,147
7,175,199,58,185,160
7,175,207,59,180,177
7,175,215,59,175,193
7,175,223,61,168,208
7,175,231,65,162,224
7,175,239,67,155,238
7,175,247,69,149,248
7,175,255,73,142,253
7,183,0,46,234,22
7,183,7,46,234,23
7,183,15,46,234,24
7,183,23,46,233,26
7,183,31,47,232,28
7,183,39,47,231,31
7,183,47,47,230,34
7,183,55,47,229,36
7,183,63,48,228,39
7,183,71,48,226,43
7,183,79,49,225,46
7,183,87,50,223,50
7,183,95,50,222,54
7,183,103,52,221,59
7,183,111,51,220,64
7,183,119,51,219,69
7,183,127,52,218,73
7,183,135,53,216,79
7,183,143,54,215,84
7,183,151,53,215,91
7,183,159,53,213,98
7,183,167,55,211,106
7,183,175,57,209,115
7,183,183,58,207,125
7,183,191,57,204,137
7,183,199,58,201,151
7,183,207,59,196,165
7,183,215,60,191,182
7,183,223,61,185,198
7,183,231,63,178,214
7,183,239,67,171,230
7,183,247,70,163,244
7,183,255,72,157,252
7,191,0,49,237,24
7,191,7,49,237,25
7,191,15,49,237,27
7,191,23,50,237,28
7,191,31,50,237,30
7,191,39,49,237,32
7,191,47,49,236,34
7,191,55,49,235,37
7,191,63,49,235,40
7,191,71,49,234,43
7,191,79,49,233,46
7,191,87,49,231,49
7,191,95,50,230,53
7,191,103,51,229,58
7,191,111,52,228,62
7,191,119,53,228,67
7,191,127,53,227,72
7,191,135,54,226,77
7,191,143,54,225,82
7,191,151,55,224,87
7,191,159,57,223,94
7,191,167,55,223,101
7,191,175,56,222,109
7,191,183,57,220,118
7,191,191,59,217,129
7,191,199,60,214,141
7,191,207,60,211,156
7,191,215,61,207,171
7,191,223,62,201,187
7,191,231,65,195,204
7,191,239,66,188,221
7,191,247,69,180,237
7,191,255,72,172,249
7,199,0,49,240,25
7,199,7,49,240,26
7,199,15,50,240,27
7,199,23,50,240,29
7,199,31,51,240,31
7,199,39,51,240,33
7,199,47,51,240,35
7,199,55,51,240,38
7,199,63,51,240,41
7,199,71,51,239,43
7,199,79,51,238,46
7,199,87,51,238,49
7,199,95,51,237,53
7,199,103,52,236,56
7,199,111,52,235,61
7,199,119,53,234,65
7,199,127,55,234,70
7,199,135,55,233,75
7,199,143,53,233,79
7,199,151,55,233,84
7,199,159,56,232,90
7,199,167,58,231,96
7,199,175,59,230,103
7,199,183,57,231,112
7,199,191,59,229,121
7,199,199,60,226,132
7,199,207,62,224,145
7,199,215,62,221,161
7,199,223,62,216,177
7,199,231,64,210,194
7,199,239,67,204,212
7,199,247,70,197,230
7,199,255,72,189,244
7,207,0,50,242,26
7,207,7,50,242,27
7,207,15,50,243,28
7,207,23,51,243,29
7,207,31,51,243,31
7,207,39,52,243,34
7,207,47,52,243,36
7,207,55,53,243,38
7,207,63,53,243,41
7,207,71,54,243,44
7,207,79,53,243,46
7,207,87,54,242,49
7,207,95,53,242,52
7,207,103,53,241,56
7,207,111,53,241,59
7,207,119,54,240,63
7,207,127,55,240,68
7,207,135,56,239,72
7,207,143,56,239,76
7,207,151,57,239,81
7,207,159,58,239,86
7,207,167,58,239,92
7,207,175,58,238,98
7,207,183,59,238,106
7,207,191,61,237,114
7,207,199,61,236,125
7,207,207,61,235,137
7,207,215,63,232,150
7,207,223,64,229,167
7,207,231,65,225,184
7,207,239,66,219,203
7,207,247,69,213,222
7,207,255,72,207,240
7,215,0,51,245,27
7,215,7,51,245,28
7,215,15,51,245,29
7,215,23,52,245,30
7,215,31,52,245,31
7,215,39,52,246,33
7,215,47,53,246,36
7,215,55,53,246,38
7,215,63,54,246,40
7,215,71,54,246,43
7,215,79,55,246,46
7,215,87,55,246,49
7,215,95,56,245,52
7,215,103,55,245,55
7,215,111,55,245,58
7,215,119,55,245,62
7,215,127,56,244,66
7,215,135,56,244,70
7,215,143,57,244,74
7,215,151,58,244,78
7,215,159,59,244,83
7,215,167,60,244,88
7,215,175,60,245,94
7,215,183,59,244,101
7,215,191,60,244,109
7,215,199,62,244,118
7,215,207,63,243,129
7,215,215,63,242,142
7,215,223,64,240,157
7,215,231,66,237,174
7,215,239,68,233,193
7,215,247,69,228,212
7,215,255,71,222,231
7,223,0,52,247,28
7,223,7,53,247,29
7,223,15,53,247,30
7,223,23,53,247,31
7,223,31,53,248,32
7,223,39,53,248,34
7,223,47,54,248,36
7,223,55,54,248,38
7,223,63,55,248,40
7,223,71,55,248,43
7,223,79,55,249,45
7,223,87,56,249,48
7,223,95,56,248,51
7,223,103,57,248,54
7,223,111,57,248,57
7,223,119,58,248,61
7,223,127,58,248,65
7,223,135,58,248,68
7,223,143,58,248,72
7,223,151,58,248,76
7,223,159,59,248,80
7,223,167,60,248,85
7,223,175,61,249,90
7,223,183,62,249,97
7,223,191,61,249,104
7,223,199,61,249,113
7,223,207,63,249,123
7,223,215,64,248,135
7,223,223,65,247,149
7,223,231,66,246,165
7,223,239,68,243,183
7,223,247,70,240,203
7,223,255,72,236,224
7,231,0,53,249,28
7,231,7,53,249,29
7,231,15,54,250,30
7,231,23,54,250,31
7,231,31,55,250,33
7,231,39,55,250,34
7,231,47,55,250,36
7,231,55,55,250,38
7,231,63,56,250,40
7,231,71,56,250,42
7,231,79,56,250,45
7,231,87,56,251,48
7,231,95,56,250,50
7,231,103,57,251,53
7,231,111,57,251,56
7,231,119,58,251,59
7,231,127,59,251,63
7,231,135,59,251,67
7,231,143,60,251,70
7,231,151,60,251,74
7,231,159,60,251,78
7,231,167,60,251,82
7,231,175,60,252,87
7,231,183,61,252,93
7,231,191,62,252,100
7,231,199,63,253,109
7,231,207,63,252,118
7,231,215,63,252,129
7,231,223,65,252,142
7,231,231,67,251,158
7,231,239,68,250,175
7,231,247,70,248,194
7,231,255,72,246,215
7,239,0,54,251,28
7,239,7,54,251,29
7,239,15,54,251,30
7,239,23,54,251,31
7,239,31,55,251,32
7,239,39,56,252,34
7,239,47,56,252,36
7,239,55,56,252,38
7,239,63,56,252,40
7,239,71,57,252,42
7,239,79,57,252,44
7,239,87,57,252,47
7,239,95,58,252,50
7,239,103,57,252,52
7,239,111,58,252,55
7,239,119,58,252,58
7,239,127,58,252,61
7,239,135,59,252,64
7,239,143,60,252,68
7,239,151,61,253,72
7,239,159,61,253,76
7,239,167,61,253,80
7,239,175,61,253,84
7,239,183,61,253,90
7,239,191,62,254,96
7,239,199,63,254,104
7,239,207,63,254,113
7,239,215,64,254,124
7,239,223,65,254,137
7,239,231,66,254,151
7,239,239,68,253,168
7,239,247,70,253,187
7,239,255,71,252,206
7,247,0,54,252,29
7,247,7,54,252,29
7,247,15,54,252,30
7,247,23,55,252,31
7,247,31,55,252,32
7,247,39,55,252,34
7,247,47,56,252,36
7,247,55,57,252,38
7,247,63,57,252,39
7,247,71,57,252,42
7,247,79,57,253,44
7,247,87,58,253,46
7,247,95,58,252,49
7,247,103,58,252,52
7,247,111,58,252,54
7,247,119,59,252,57
7,247,127,59,252,59
7,247,135,59,252,63
7,247,143,60,253,66
7,247,151,61,253,70
7,247,159,61,253,74
7,247,167,62,253,78
7,247,175,62,253,83
7,247,183,62,253,88
7,247,191,62,253,93
7,247,199,63,253,101
7,247,207,63,254,110
7,247,215,64,254,120
7,247,223,65,254,132
7,247,231,66,254,146
7,247,239,67,254,162
7,247,247,69,254,179
7,247,255,71,254,198
7,255,0,55,253,29
7,255,7,55,253,30
7,255,15,55,253,30
7,255,23,55,253,31
7,255,31,56,253,32
7,255,39,56,253,33
7,255,47,56,253,35
7,255,55,57,252,37
7,255,63,57,252,39
7,255,71,57,252,41
7,255,79,58,253,43
7,255,87,58,253,46
7,255,95,58,252,48
7,255,103,59,252,51
7,255,111,59,252,54
7,255,119,60,252,56
7,255,127,60,252,59
7,255,135,60,252,62
7,255,143,61,252,65
7,255,151,61,252,69
7,255,159,62,253,73
7,255,167,63,253,78
7,255,175,63,253,83
7,255,183,64,253,88
7,255,191,64,253,93
7,255,199,64,253,100
7,255,207,65,253,108
7,255,215,65,253,118
7,255,223,66,254,130
7,255,231,67,254,143
7,255,239,68,254,157
7,255,247,70,254,173
7,255,255,71,255,188
15,0,0,10,3,8
15,0,7,10,3,14
15,0,15,10,3,22
15,0,23,10,3,31
15,0,31,10,3,40
15,0,39,9,4,49
15,0,47,9,4,59
15,0,55,9,5,68
15,0,63,8,6,78
15,0,71,8,6,90
15,0,79,7,7,103
15,0,87,7,8,117
15,0,95,7,8,134
15,0,103,6,9,151
15,0,111,7,10,169
15,0,119,7,11,185
15,0,127,9,13,199
15,0,135,12,15,210
15,0,143,15,16,220
15,0,151,19,20,226
15,0,159,22,22,229
15,0,167,26,24,232
15,0,175,29,26,234
15,0,183,32,28,236
15,0,191,35,30,238
15,0,199,36,31,240
15,0,207,37,31,243
15,0,215,38,33,246
15,0,223,41,36,248
15,0,231,42,39,250
15,0,239,43,39,253
15,0,247,43,41,254
15,0,255,45,42,255
15,7,0,11,8,6
15,7,7,10,7,14
15,7,15,10,7,21
15,7,23,10,7,29
15,7,31,10,7,38
15,7,39,10,8,47
15,7,47,10,8,56
15,7,55,10,9,65
15,7,63,9,10,76
15,7,71,9,10,87
15,7,79,9,11,99
15,7,87,8,12,112
15,7,95,8,13,127
15,7,103,8,14,142
15,7,111,9,15,162
15,7,119,9,16,180
15,7,127,12,18,194
15,7,135,14,20,206
15,7,143,17,22,216
15,7,151,21,24,223
15,7,159,25,28,227
15,7,167,29,30,230
15,7,175,31,31,233
15,7,183,33,33,235
15,7,191,37,35,237
15,7,199,39,37,240
15,7,207,39,37,243
15,7,215,40,38,245
15,7,223,42,39,248
15,7,231,44,42,250
15,7,239,45,44,252
15,7,247,45,44,254
15,7,255,46,45,255
15,15,0,11,14,7
15,15,7,11,14,12
15,15,15,11,13,19
15,15,23,11,13,27
15,15,31,11,13,35
15,15,39,11,13,44
15,15,47,11,14,53
15,15,55,10,14,62
15,15,63,11,15,72
15,15,71,10,16,83
15,15,79,11,16,94
15,15,87,10,17,106
15,15,95,11,18,121
15,15,103,11,19,137
15,15,111,11,20,153
15,15,119,12,21,172
15,15,127,14,23,189
15,15,135,17,25,201
15,15,143,20,28,211
15,15,151,23,30,220
15,15,159,27,33,225
15,15,167,31,36,228
15,15,175,35,37,232
15,15,183,36,38,234
15,15,191,38,40,237
15,15,199,41,42,240
15,15,207,42,43,242
15,15,215,42,43,245
15,15,223,43,44,247
15,15,231,45,46,249
15,15,239,47,48,251
15,15,247,47,49,253
15,15,255,48,49,254
15,23,0,12,22,6
15,23,7,12,21,11
15,23,15,12,20,18
15,23,23,12,20,25
15,23,31,11,20,33
15,23,39,12,20,41
15,23,47,12,20,49
15,23,55,12,20,58
15,23,63,12,21,68
15,23,71,13,22,78
15,23,79,13,23,89
15,23,87,13,23,101
15,23,95,13,24,114
15,23,103,13,25,130
15,23,111,13,26,147
15,23,119,14,27,163
15,23,127,16,29,180
15,23,135,19,31,195
15,23,143,22,33,206
15,23,151,25,36,216
15,23,159,29,38,223
15,23,167,33,41,227
15,23,175,37,43,230
15,23,183,40,46,234
15,23,191,40,46,237
15,23,199,43,47,239
15,23,207,44,49,242
15,23,215,46,50,245
15,23,223,46,50,247
15,23,231,47,50,249
15,23,239,48,52,251
15,23,247,50,54,253
15,23,255,51,54,254
15,31,0,13,32,6
15,31,7,13,30,10
15,31,15,14,29,16
15,31,23,13,28,23
15,31,31,13,27,30
15,31,39,13,27,38
15,31,47,13,27,46
15,31,55,14,27,55
15,31,63,14,28,64
15,31,71,14,29,74
15,31,79,15,29,85
15,31,87,15,30,96
15,31,95,15,30,109
15,31,103,14,31,122
15,31,111,16,32,138
15,31,119,16,33,155
15,31,127,19,34,171
15,31,135,21,36,188
15,31,143,25,38,201
15,31,151,28,41,210
15,31,159,32,44,219
15,31,167,37,46,225
15,31,175,38,48,230
15,31,183,42,50,234
15,31,191,44,52,237
15,31,199,45,53,239
15,31,207,47,54,242
15,31,215,47,55,244
15,31,223,49,57,247
15,31,231,50,56,249
15,31,239,50,56,251
15,31,247,52,57,252
15,31,255,53,59,254
15,39,0,16,42,6
15,39,7,16,40,10
15,39,15,16,38,15
15,39,23,15,37,21
15,39,31,15,36,28
15,39,39,16,35,36
15,39,47,15,35,44
15,39,55,16,35,52
15,39,63,16,36,61
15,39,71,17,36,70
15,39,79,17,37,80
15,39,87,17,37,91
15,39,95,18,38,102
15,39,103,18,38,116
15,39,111,19,39,129
15,39,119,20,39,146
15,39,127,21,40,163
15,39,135,24,42,178
15,39,143,26,44,194
15,39,151,31,46,206
15,39,159,34,48,215
15,39,167,38,51,224
15,39,175,41,53,229
15,39,183,43,55,233
15,39,191,45,56,237
15,39,199,46,58,240
15,39,207,49,60,242
15,39,215,50,60,244
15,39,223,50,60,247
15,39,231,52,61,249
15,39,239,54,62,251
15,39,247,54,61,252
15,39,255,55,62,253
15,47,0,18,52,5
15,47,7,18,50,9
15,47,15,18,48,14
15,47,23,18,47,20
15,47,31,18,46,27
15,47,39,17,45,34
15,47,47,17,44,41
15,47,55,19,44,49
15,47,63,18,44,57
15,47,71,19,44,67
15,47,79,20,44,76
15,47,87,19,44,86
15,47,95,20,45,97
15,47,103,21,45,109
15,47,111,22,45,123
15,47,119,22,45,138
15,47,127,24,46,155
15,47,135,25,47,172
15,47,143,27,49,188
15,47,151,29,50,204
15,47,159,33,52,215
15,47,167,38,55,222
15,47,175,42,57,229
15,47,183,44,58,234
15,47,191,46,60,237
15,47,199,48,61,240
15,47,207,50,62,243
15,47,215,52,63,245
15,47,223,54,64,247
15,47,231,54,64,249
15,47,239,55,64,251
15,47,247,57,65,252
15,47,255,58,65,253
15,55,0,22,63,6
15,55,7,21,61,9
15,55,15,20,59,14
15,55,23,19,57,19
15,55,31,19,56,25
15,55,39,20,54,32
15,55,47,21,54,39
15,55,55,20,53,46
15,55,63,20,53,54
15,55,71,22,53,63
15,55,79,22,53,72
15,55,87,24,53,82
15,55,95,23,53,92
15,55,103,24,53,104
15,55,111,24,53,116
15,55,119,24,52,132
15,55,127,26,53,147
15,55,135,26,53,165
15,55,143,28,54,184
15,55,151,31,55,198
15,55,159,35,57,211
15,55,167,39,58,221
15,55,175,43,60,228
15,55,183,48,62,234
15,55,191,48,63,238
15,55,199,51,65,241
15,55,207,54,65,243
15,55,215,54,66,246
15,55,223,55,66,248
15,55,231,57,67,250
15,55,239,58,67,252
15,55,247,58,67,253
15,55,255,59,68,254
15,63,0,23,74,5
15,63,7,23,71,9
15,63,15,23,69,14
15,63,23,23,67,19
15,63,31,23,66,25
15,63,39,22,64,31
15,63,47,22,63,37
15,63,55,23,63,45
15,63,63,25,62,52
15,63,71,24,62,60
15,63,79,25,61,69
15,63,87,24,61,78
15,63,95,25,60,88
15,63,103,26,60,99
15,63,111,27,60,111
15,63,119,28,60,124
15,63,127,28,60,140
15,63,135,30,60,156
15,63,143,31,60,173
15,63,151,34,60,191
15,63,159,37,61,205
15,63,167,40,63,218
15,63,175,45,64,227
15,63,183,47,65,234
15,63,191,51,67,239
15,63,199,53,68,241
15,63,207,54,68,244
15,63,215,56,69,246
15,63,223,57,69,248
15,63,231,58,69,250
15,63,239,59,69,252
15,63,247,60,69,254
15,63,255,61,69,255
15,71,0,25,84,6
15,71,7,24,82,9
15,71,15,24,80,13
15,71,23,24,78,19
15,71,31,24,76,24
15,71,39,25,75,30
15,71,47,27,74,37
15,71,55,26,73,43
15,71,63,26,72,50
15,71,71,28,71,58
15,71,79,29,71,66
15,71,87,26,69,74
15,71,95,29,69,84
15,71,103,30,69,94
15,71,111,31,68,105
15,71,119,31,68,118
15,71,127,31,67,131
15,71,135,31,67,149
15,71,143,32,66,166
15,71,151,32,66,185
15,71,159,32,66,204
15,71,167,39,67,214
15,71,175,44,68,224
15,71,183,47,69,232
15,71,191,49,70,237
15,71,199,51,71,241
15,71,207,55,72,244
15,71,215,57,72,247
15,71,223,58,72,248
15,71,231,59,72,250
15,71,239,61,71,252
15,71,247,61,71,253
15,71,255,62,71,254
15,79,0,28,94,6
15,79,7,29,92,10
15,79,15,29,90,14
15,79,23,28,88,19
15,79,31,27,86,24
15,79,39,27,85,30
15,79,47,28,84,36
15,79,55,29,83,42
15,79,63,31,82,49
15,79,71,30,81,56
15,79,79,31,80,63
15,79,87,32,79,72
15,79,95,32,78,80
15,79,103,33,78,89
15,79,111,34,77,100
15,79,119,33,76,111
15,79,127,34,75,125
15,79,135,34,74,139
15,79,143,35,74,157
15,79,151,37,73,174
15,79,159,38,73,192
15,79,167,43,73,208
15,79,175,45,73,220
15,79,183,48,74,230
15,79,191,52,74,236
15,79,199,54,75,240
15,79,207,58,75,243
15,79,215,59,75,246
15,79,223,60,75,248
15,79,231,61,75,250
15,79,239,62,75,252
15,79,247,64,74,253
15,79,255,65,73,254
15,87,0,29,104,7
15,87,7,29,102,10
15,87,15,29,100,14
15,87,23,30,98,19
15,87,31,31,97,24
15,87,39,32,95,30
15,87,47,32,94,36
15,87,55,31,93,41
15,87,63,32,92,47
15,87,71,33,91,54
15,87,79,35,90,62
15,87,87,34,88,69
15,87,95,34,87,77
15,87,103,37,87,86
15,87,111,37,86,95
15,87,119,36,85,106
15,87,127,36,84,117
15,87,135,36,82,132
15,87,143,38,81,147
15,87,151,38,80,166
15,87,159,40,80,184
15,87,167,43,79,199
15,87,175,47,79,215
15,87,183,50,79,225
15,87,191,52,79,234
15,87,199,56,79,239
15,87,207,57,79,243
15,87,215,60,79,246
15,87,223,62,79,248
15,87,231,62,78,250
15,87,239,64,78,252
15,87,247,64,77,253
15,87,255,65,76,254
15,95,0,30,114,8
15,95,7,30,113,10
15,95,15,30,111,14
15,95,23,31,109,19
15,95,31,32,107,24
15,95,39,33,106,29
15,95,47,34,104,35
15,95,55,36,103,41
15,95,63,36,102,47
15,95,71,35,100,53
15,95,79,36,99,60
15,95,87,37,99,67
15,95,95,38,97,75
15,95,103,38,96,83
15,95,111,40,95,91
15,95,119,40,94,101
15,95,127,39,92,112
15,95,135,40,91,125
15,95,143,40,89,140
15,95,151,41,88,156
15,95,159,42,87,174
15,95,167,45,86,192
15,95,175,46,85,208
15,95,183,50,84,222
15,95,191,52,83,231
15,95,199,55,83,239
15,95,207,58,82,243
15,95,215,60,82,246
15,95,223,61,82,249
15,95,231,63,81,250
15,95,239,64,81,252
15,95,247,65,80,253
15,95,255,66,80,254
15,103,0,34,124,9
15,103,7,35,122,12
15,103,15,36,120,16
15,103,23,36,118,19
15,103,31,35,117,24
15,103,39,35,115,29
15,103,47,36,114,35
15,103,55,37,113,40
15,103,63,38,112,46
15,103,71,40,111,52
15,103,79,40,110,58
15,103,87,39,108,65
15,103,95,40,107,72
15,103,103,41,106,80
15,103,111,41,105,88
15,103,119,39,103,96
15,103,127,42,101,107
15,103,135,43,100,119
15,103,143,42,98,133
15,103,151,43,96,149
15,103,159,44,95,166
15,103,167,45,93,184
15,103,175,48,91,201
15,103,183,50,90,215
15,103,191,54,89,228
15,103,199,56,88,236
15,103,207,59,87,242
15,103,215,61,86,246
15,103,223,62,85,249
15,103,231,65,85,251
15,103,239,65,84,252
15,103,247,67,84,253
15,103,255,68,83,253
15,111,0,35,135,9
15,111,7,35,133,12
15,111,15,36,132,15
15,111,23,37,129,20
15,111,31,38,128,25
15,111,39,39,126,30
15,111,47,40,125,35
15,111,55,40,124,40
15,111,63,40,122,45
15,111,71,40,121,51
15,111,79,42,120,57
15,111,87,43,119,63
15,111,95,43,117,70
15,111,103,42,116,77
15,111,111,43,114,85
15,111,119,43,113,93
15,111,127,43,111,102
15,111,135,44,109,113
15,111,143,44,107,126
15,111,151,42,105,141
15,111,159,44,103,158
15,111,167,48,101,175
15,111,175,49,99,192
15,111,183,52,97,209
15,111,191,54,95,222
15,111,199,57,94,233
15,111,207,59,92,240
15,111,215,61,91,246
15,111,223,64,90,249
15,111,231,65,89,251
15,111,239,67,88,253
15,111,247,68,87,253
15,111,255,69,87,253
15,119,0,31,149,9
15,119,7,32,147,12
15,119,15,34,145,15
15,119,23,36,143,19
15,119,31,38,139,24
15,119,39,39,138,29
15,119,47,41,136,34
15,119,55,42,135,39
15,119,63,44,133,45
15,119,71,43,132,50
15,119,79,43,130,55
15,119,87,43,129,61
15,119,95,45,128,68
15,119,103,46,126,75
15,119,111,45,124,82
15,119,119,45,123,89
15,119,127,46,121,98
15,119,135,48,119,108
15,119,143,47,117,120
15,119,151,46,115,133
15,119,159,48,112,148
15,119,167,49,110,166
15,119,175,51,107,184
15,119,183,52,105,200
15,119,191,54,102,216
15,119,199,57,100,228
15,119,207,60,98,237
15,119,215,61,96,244
15,119,223,63,95,249
15,119,231,65,93,251
15,119,239,67,92,253
15,119,247,68,91,254
15,119,255,70,91,254
15,127,0,38,159,11
15,127,7,39,157,14
15,127,15,39,155,17
15,127,23,39,153,20
15,127,31,38,151,23
15,127,39,38,149,28
15,127,47,40,148,33
15,127,55,42,147,38
15,127,63,43,145,43
15,127,71,45,144,49
15,127,79,46,142,54
15,127,87,45,140,59
15,127,95,43,138,64
15,127,103,46,137,71
15,127,111,47,135,79
15,127,119,49,134,86
15,127,127,48,131,94
15,127,135,47,129,103
15,127,143,48,127,114
15,127,151,50,125,126
15,127,159,48,122,141
15,127,167,51,119,156
15,127,175,52,116,174
15,127,183,52,114,192
15,127,191,52,111,209
15,127,199,53,108,223
15,127,207,58,105,233
15,127,215,62,103,242
15,127,223,64,101,247
15,127,231,65,99,252
15,127,239,68,97,253
15,127,247,69,96,254
15,127,255,71,95,254
15,135,0,39,172,12
15,135,7,40,171,14
15,135,15,41,169,17
15,135,23,42,166,21
15,135,31,42,164,24
15,135,39,43,162,28
15,135,47,44,159,33
15,135,55,43,158,37
15,135,63,42,157,42
15,135,71,44,156,47
15,135,79,45,154,52
15,135,87,47,153,57
15,135,95,48,151,63
15,135,103,49,149,69
15,135,111,47,147,75
15,135,119,48,145,82
15,135,127,50,143,90
15,135,135,51,140,99
15,135,143,49,138,109
15,135,151,49,136,120
15,135,159,51,133,132
15,135,167,52,130,148
15,135,175,52,127,164
15,135,183,53,124,182
15,135,191,55,120,199
15,135,199,57,117,214
15,135,207,61,114,227
15,135,215,62,111,238
15,135,223,64,108,245
15,135,231,66,106,250
15,135,239,67,103,254
15,135,247,69,102,255
15,135,255,71,100,255
15,143,0,40,187,12
15,143,7,40,186,14
15,143,15,40,184,16
15,143,23,41,182,20
15,143,31,42,179,24
15,143,39,42,177,28
15,143,47,43,174,32
15,143,55,45,172,37
15,143,63,46,170,41
15,143,71,46,168,46
15,143,79,44,167,50
15,143,87,45,165,55
15,143,95,47,163,61
15,143,103,49,161,67
15,143,111,50,159,73
15,143,119,51,157,80
15,143,127,49,155,87
15,143,135,50,152,95
15,143,143,53,150,103
15,143,151,52,148,114
15,143,159,51,145,126
15,143,167,52,142,138
15,143,175,53,139,154
15,143,183,53,135,171
15,143,191,55,132,189
15,143,199,58,127,205
15,143,207,60,124,220
15,143,215,62,120,232
15,143,223,64,116,242
15,143,231,66,114,249
15,143,239,68,111,252
15,143,247,69,108,255
15,143,255,71,106,255
15,151,0,42,200,14
15,151,7,42,199,16
15,151,15,42,198,18
15,151,23,42,196,20
15,151,31,43,194,24
15,151,39,43,191,28
15,151,47,43,189,31
15,151,55,44,187,36
15,151,63,45,184,40
15,151,71,46,182,44
15,151,79,47,180,49
15,151,87,48,178,54
15,151,95,48,176,59
15,151,103,48,175,64
15,151,111,49,172,70
15,151,119,51,170,76
15,151,127,52,167,84
15,151,135,52,165,91
15,151,143,51,163,99
15,151,151,53,160,108
15,151,159,54,157,119
15,151,167,54,155,132
15,151,175,53,152,145
15,151,183,53,148,161
15,151,191,56,144,177
15,151,199,57,140,194
15,151,207,59,135,210
15,151,215,62,131,225
15,151,223,63,127,236
15,151,231,65,123,245
15,151,239,67,119,253
15,151,247,69,116,254
15,151,255,71,112,255
15,159,0,44,212,15
15,159,7,45,211,17
15,159,15,45,210,19
15,159,23,46,208,22
15,159,31,46,206,25
15,159,39,46,204,28
15,159,47,46,202,32
15,159,55,46,200,36
15,159,63,46,198,39
15,159,71,46,196,44
15,159,79,47,194,48
15,159,87,48,191,53
15,159,95,50,189,58
15,159,103,51,187,63
15,159,111,51,185,68
15,159,119,50,184,74
15,159,127,51,181,80
15,159,135,53,179,87
15,159,143,54,176,95
15,159,151,53,174,104
15,159,159,53,172,113
15,159,167,55,168,124
15,159,175,56,165,137
15,159,183,55,162,151
15,159,191,55,158,167
15,159,199,58,154,183
15,159,207,60,149,199
15,159,215,61,144,215
15,159,223,63,139,228
15,159,231,66,134,239
15,159,239,67,130,248
15,159,247,70,125,255
15,159,255,72,121,255
15,167,0,44,222,17
15,167,7,45,221,18
15,167,15,45,220,20
15,167,23,46,218,23
15,167,31,47,216,26
15,167,39,47,215,29
15,167,47,48,213,33
15,167,55,49,210,37
15,167,63,49,209,40
15,167,71,48,207,44
15,167,79,48,206,48
15,167,87,48,204,52
15,167,95,49,202,56
15,167,103,50,200,61
15,167,111,51,197,66
15,167,119,53,196,72
15,167,127,52,195,78
15,167,135,52,193,84
15,167,143,53,190,91
15,167,151,55,188,99
15,167,159,55,186,108
15,167,167,53,184,118
15,167,175,56,180,129
15,167,183,57,177,143
15,167,191,58,172,156
15,167,199,57,169,172
15,167,207,58,164,188
15,167,215,61,159,204
15,167,223,63,153,219
15,167,231,65,147,232
15,167,239,68,141,243
15,167,247,70,136,251
15,167,255,72,131,255
15,175,0,45,228,20
15,175,7,46,228,21
15,175,15,46,227,22
15,175,23,46,226,24
15,175,31,47,225,27
15,175,39,48,223,31
15,175,47,48,222,33
15,175,55,49,220,37
15,175,63,50,218,40
15,175,71,50,217,44
15,175,79,51,215,48
15,175,87,51,214,52
15,175,95,50,213,56
15,175,103,50,212,60
15,175,111,51,210,65
15,175,119,52,208,70
15,175,127,53,206,76
15,175,135,54,205,82
15,175,143,53,204,88
15,175,151,54,202,95
15,175,159,56,200,103
15,175,167,57,197,112
15,175,175,58,195,122
15,175,183,57,193,134
15,175,191,58,189,147
15,175,199,60,184,161
15,175,207,60,180,177
15,175,215,60,174,193
15,175,223,62,168,209
15,175,231,66,161,224
15,175,239,68,155,238
15,175,247,70,148,248
15,175,255,74,142,253
15,183,0,48,234,23
15,183,7,48,234,24
15,183,15,48,233,25
15,183,23,48,233,26
15,183,31,48,232,29
15,183,39,48,231,31
15,183,47,49,230,34
15,183,55,49,229,37
15,183,63,49,228,40
15,183,71,50,226,44
15,183,79,50,224,47
15,183,87,52,223,51
15,183,95,52,222,55
15,183,103,54,221,60
15,183,111,53,220,65
15,183,119,53,219,69
15,183,127,53,218,74
15,183,135,54,216,79
15,183,143,56,215,85
15,183,151,55,215,92
15,183,159,55,213,99
15,183,167,57,211,106
15,183,175,58,209,115
15,183,183,59,206,126
15,183,191,59,204,138
15,183,199,59,200,151
15,183,207,60,196,166
15,183,215,61,191,182
15,183,223,63,185,199
15,183,231,65,178,215
15,183,239,68,171,230
15,183,247,71,163,244
15,183,255,73,156,252
15,191,0,50,237,25
15,191,7,50,237,26
15,191,15,51,237,27
15,191,23,51,237,29
15,191,31,51,237,30
15,191,39,50,236,32
15,191,47,50,236,35
15,191,55,50,235,38
15,191,63,50,234,40
15,191,71,50,234,43
15,191,79,51,233,47
15,191,87,51,231,50
15,191,95,52,230,54
15,191,103,53,229,58
15,191,111,54,228,63
15,191,119,55,228,68
15,191,127,55,227,72
15,191,135,55,226,77
15,191,143,56,225,82
15,191,151,57,224,88
15,191,159,58,223,94
15,191,167,57,223,102
15,191,175,58,221,109
15,191,183,59,219,119
15,191,191,60,217,129
15,191,199,61,214,141
15,191,207,61,211,156
15,191,215,62,206,171
15,191,223,63,201,188
15,191,231,66,195,205
15,191,239,67,187,221
15,191,247,70,180,237
15,191,255,73,172,249
15,199,0,50,240,26
15,199,7,51,240,27
15,199,15,51,240,28
15,199,23,52,240,29
15,199,31,52,241,32
15,199,39,53,240,34
15,199,47,53,240,36
15,199,55,53,240,38
15,199,63,53,240,41
15,199,71,53,239,44
15,199,79,52,238,47
15,199,87,52,238,50
15,199,95,52,237,53
15,199,103,53,236,57
15,199,111,54,235,61
15,199,119,55,234,66
15,199,127,56,234,71
15,199,135,57,233,75
15,199,143,55,233,80
15,199,151,56,233,85
15,199,159,58,232,90
15,199,167,59,231,97
15,199,175,60,230,104
15,199,183,58,231,112
15,199,191,60,229,122
15,199,199,61,226,133
15,199,207,63,223,145
15,199,215,63,220,161
15,199,223,63,216,177
15,199,231,65,210,195
15,199,239,68,204,212
15,199,247,70,197,231
15,199,255,73,189,244
15,207,0,51,242,27
15,207,7,51,242,27
15,207,15,51,243,28
15,207,23,52,243,30
15,207,31,52,243,32
15,207,39,53,243,34
15,207,47,53,244,36
15,207,55,54,243,39
15,207,63,54,243,41
15,207,71,55,243,44
15,207,79,55,243,47
15,207,87,55,242,50
15,207,95,55,242,53
15,207,103,54,241,56
15,207,111,54,241,60
15,207,119,55,240,64
15,207,127,56,240,68
15,207,135,57,239,73
15,207,143,58,239,77
15,207,151,59,239,82
15,207,159,59,239,87
15,207,167,59,239,93
15,207,175,60,238,99
15,207,183,61,238,106
15,207,191,62,237,115
15,207,199,62,236,125
15,207,207,62,234,137
15,207,215,64,232,151
15,207,223,65,229,167
15,207,231,66,225,185
15,207,239,67,219,203
15,207,247,70,213,222
15,207,255,73,206,240
15,215,0,52,245,28
15,215,7,52,245,28
15,215,15,52,245,29
15,215,23,52,245,30
15,215,31,53,245,32
15,215,39,53,246,34
15,215,47,54,246,36
15,215,55,54,246,38
15,215,63,55,246,41
15,215,71,55,246,44
15,215,79,56,246,47
15,215,87,56,246,49
15,215,95,57,246,53
15,215,103,57,245,56
15,215,111,56,245,59
15,215,119,56,245,63
15,215,127,57,245,67
15,215,135,57,244,70
15,215,143,58,244,75
15,215,151,59,244,79
15,215,159,60,244,84
15,215,167,61,245,89
15,215,175,61,245,95
15,215,183,61,244,102
15,215,191,62,244,109
15,215,199,63,244,118
15,215,207,64,243,129
15,215,215,64,242,143
15,215,223,65,240,157
15,215,231,67,237,174
15,215,239,69,233,193
15,215,247,70,228,213
15,215,255,72,222,232
15,223,0,53,247,28
15,223,7,53,247,29
15,223,15,54,247,30
15,223,23,54,247,31
15,223,31,54,248,32
15,223,39,54,248,34
15,223,47,55,248,36
15,223,55,55,248,38
15,223,63,55,249,41
15,223,71,56,249,43
15,223,79,56,249,46
15,223,87,56,249,49
15,223,95,57,249,52
15,223,103,58,249,55
15,223,111,58,248,58
15,223,119,59,248,62
15,223,127,59,248,65
15,223,135,59,248,69
15,223,143,59,248,73
15,223,151,59,248,77
15,223,159,60,248,81
15,223,167,61,249,86
15,223,175,62,249,91
15,223,183,63,249,98
15,223,191,62,249,105
15,223,199,62,249,113
15,223,207,64,249,124
15,223,215,65,248,135
15,223,223,66,247,150
15,223,231,67,246,165
15,223,239,69,243,184
15,223,247,71,240,204
15,223,255,73,236,224
15,231,0,54,250,29
15,231,7,54,250,29
15,231,15,55,250,30
15,231,23,55,250,31
15,231,31,56,250,33
15,231,39,56,250,35
15,231,47,56,250,36
15,231,55,56,250,38
15,231,63,57,251,41
15,231,71,57,251,43
15,231,79,57,251,45
15,231,87,57,251,48
15,231,95,57,251,51
15,231,103,58,251,53
15,231,111,58,251,57
15,231,119,59,251,60
15,231,127,60,251,63
15,231,135,60,251,67
15,231,143,61,251,71
15,231,151,61,251,75
15,231,159,61,251,79
15,231,167,61,251,83
15,231,175,61,252,88
15,231,183,62,252,93
15,231,191,63,252,101
15,231,199,64,253,109
15,231,207,64,252,118
15,231,215,64,252,130
15,231,223,66,252,143
15,231,231,68,251,158
15,231,239,69,250,176
15,231,247,70,248,194
15,231,255,72,246,216
15,239,0,54,251,29
15,239,7,54,251,29
15,239,15,55,251,30
15,239,23,55,251,31
15,239,31,56,252,33
15,239,39,56,252,35
15,239,47,57,252,36
15,239,55,57,252,38
15,239,63,57,252,40
15,239,71,58,252,42
15,239,79,58,252,45
15,239,87,58,252,47
15,239,95,58,252,50
15,239,103,58,252,52
15,239,111,58,252,55
15,239,119,59,252,58
15,239,127,59,252,61
15,239,135,60,252,65
15,239,143,61,253,69
15,239,151,62,253,73
15,239,159,62,253,77
15,239,167,62,253,81
15,239,175,62,253,85
15,239,183,62,253,90
15,239,191,63,254,97
15,239,199,64,254,105
15,239,207,64,254,114
15,239,215,65,254,125
15,239,223,65,254,137
15,239,231,67,254,152
15,239,239,69,253,169
15,239,247,71,253,188
15,239,255,72,252,206
15,247,0,55,253,29
15,247,7,55,253,29
15,247,15,55,252,30
15,247,23,55,252,31
15,247,31,56,252,32
15,247,39,56,252,34
15,247,47,57,252,36
15,247,55,57,252,38
15,247,63,57,253,40
15,247,71,58,253,42
15,247,79,58,253,44
15,247,87,59,253,47
15,247,95,59,253,49
15,247,103,59,252,52
15,247,111,59,252,54
15,247,119,59,252,57
15,247,127,60,252,60
15,247,135,60,253,63
15,247,143,61,253,67
15,247,151,62,253,71
15,247,159,62,253,75
15,247,167,63,253,79
15,247,175,63,253,83
15,247,183,63,253,88
15,247,191,63,253,94
15,247,199,63,253,101
15,247,207,64,254,110
15,247,215,65,254,121
15,247,223,66,254,133
15,247,231,67,254,147
15,247,239,68,254,162
15,247,247,70,254,180
15,247,255,72,254,198
15,255,0,56,253,29
15,255,7,56,253,30
15,255,15,56,253,31
15,255,23,56,253,31
15,255,31,56,253,32
15,255,39,56,253,34
15,255,47,57,253,35
15,255,55,57,252,37
15,255,63,58,252,39
15,255,71,58,252,41
15,255,79,58,253,44
15,255,87,59,253,46
15,255,95,59,253,49
15,255,103,60,252,51
15,255,111,60,252,54
15,255,119,60,252,57
15,255,127,61,252,59
15,255,135,61,252,62
15,255,143,61,252,66
15,255,151,62,253,70
15,255,159,63,253,74
15,255,167,63,253,78
15,255,175,64,253,83
15,255,183,64,253,88
15,255,191,65,253,94
15,255,199,65,253,101
15,255,207,65,253,109
15,255,215,66,253,118
15,255,223,67,254,130
15,255,231,68,254,143
15,255,239,69,254,158
15,255,247,70,254,173
15,255,255,72,255,189
23,0,0,16,3,9
23,0,7,16,2,16
23,0,15,16,2,24
23,0,23,16,2,32
23,0,31,15,3,41
23,0,39,15,3,50
23,0,47,15,4,60
23,0,55,15,5,70
23,0,63,14,6,80
23,0,71,13,6,91
23,0,79,12,7,104
23,0,87,11,7,119
23,0,95,10,8,135
23,0,103,10,9,152
23,0,111,10,10,170
23,0,119,11,11,187
23,0,127,12,13,200
23,0,135,15,15,211
23,0,143,18,17,220
23,0,151,22,20,226
23,0,159,25,22,229
23,0,167,29,23,232
23,0,175,31,26,234
23,0,183,34,28,235
23,0,191,37,30,238
23,0,199,38,30,240
23,0,207,38,31,243
23,0,215,40,33,246
23,0,223,42,36,248
23,0,231,43,38,250
23,0,239,44,39,252
23,0,247,44,40,254
23,0,255,45,42,255
23,7,0,16,7,8
23,7,7,16,7,14
23,7,15,16,6,22
23,7,23,16,6,30
23,7,31,16,7,39
23,7,39,16,7,48
23,7,47,16,8,57
23,7,55,15,9,67
23,7,63,15,10,77
23,7,71,14,10,88
23,7,79,14,11,100
23,7,87,13,12,113
23,7,95,13,13,128
23,7,103,12,14,144
23,7,111,12,14,163
23,7,119,13,16,181
23,7,127,16,18,194
23,7,135,17,20,206
23,7,143,20,22,216
23,7,151,24,25,223
23,7,159,28,28,226
23,7,167,31,29,230
23,7,175,33,31,233
23,7,183,36,33,235
23,7,191,39,35,237
23,7,199,41,37,240
23,7,207,41,37,243
23,7,215,41,38,245
23,7,223,43,39,247
23,7,231,45,42,249
23,7,239,46,44,252
23,7,247,46,44,254
23,7,255,47,45,254
23,15,0,17,13,8
23,15,7,17,13,14
23,15,15,17,12,20
23,15,23,17,12,28
23,15,31,17,12,36
23,15,39,17,12,45
23,15,47,16,13,54
23,15,55,16,14,63
23,15,63,16,15,73
23,15,71,16,15,84
23,15,79,16,16,95
23,15,87,15,17,108
23,15,95,15,18,122
23,15,103,14,19,138
23,15,111,15,20,153
23,15,119,16,21,173
23,15,127,17,23,189
23,15,135,21,25,201
23,15,143,23,28,211
23,15,151,25,30,220
23,15,159,29,33,225
23,15,167,34,36,228
23,15,175,37,37,232
23,15,183,38,38,234
23,15,191,40,40,237
23,15,199,44,42,239
23,15,207,44,43,242
23,15,215,44,43,245
23,15,223,45,44,247
23,15,231,46,46,249
23,15,239,48,48,251
23,15,247,48,49,253
23,15,255,49,49,254
23,23,0,18,21,8
23,23,7,18,20,12
23,23,15,18,19,19
23,23,23,18,19,26
23,23,31,17,19,34
23,23,39,18,19,42
23,23,47,18,19,51
23,23,55,18,20,60
23,23,63,18,21,69
23,23,71,18,21,80
23,23,79,18,22,90
23,23,87,18,23,102
23,23,95,17,24,115
23,23,103,18,25,130
23,23,111,17,25,147
23,23,119,18,27,163
23,23,127,20,29,180
23,23,135,22,31,195
23,23,143,25,33,205
23,23,151,28,36,215
23,23,159,32,38,223
23,23,167,35,41,226
23,23,175,40,44,230
23,23,183,42,45,234
23,23,191,42,46,237
23,23,199,44,47,239
23,23,207,46,49,242
23,23,215,47,50,244
23,23,223,47,50,247
23,23,231,48,50,249
23,23,239,49,52,251
23,23,247,51,54,252
23,23,255,51,54,254
23,31,0,19,30,6
23,31,7,19,29,11
23,31,15,19,28,17
23,31,23,19,27,24
23,31,31,19,26,32
23,31,39,19,26,39
23,31,47,19,26,48
23,31,55,19,27,56
23,31,63,20,27,66
23,31,71,20,28,76
23,31,79,20,29,86
23,31,87,20,29,97
23,31,95,20,30,109
23,31,103,19,31,123
23,31,111,20,32,138
23,31,119,20,33,155
23,31,127,23,34,171
23,31,135,25,36,187
23,31,143,28,38,201
23,31,151,31,41,210
23,31,159,36,44,218
23,31,167,39,46,225
23,31,175,41,48,230
23,31,183,44,50,234
23,31,191,46,52,237
23,31,199,47,53,239
23,31,207,48,54,242
23,31,215,49,55,244
23,31,223,51,57,247
23,31,231,51,56,249
23,31,239,52,56,251
23,31,247,53,57,252
23,31,255,54,59,253
23,39,0,21,40,7
23,39,7,21,38,11
23,39,15,21,37,16
23,39,23,21,36,23
23,39,31,21,35,30
23,39,39,21,35,37
23,39,47,21,35,45
23,39,55,21,35,53
23,39,63,22,35,62
23,39,71,22,36,72
23,39,79,22,36,81
23,39,87,22,37,92
23,39,95,23,37,103
23,39,103,23,38,116
23,39,111,24,39,129
23,39,119,24,39,146
23,39,127,25,40,162
23,39,135,27,42,178
23,39,143,30,44,193
23,39,151,34,46,205
23,39,159,37,48,215
23,39,167,40,51,224
23,39,175,44,53,229
23,39,183,45,55,234
23,39,191,47,56,237
23,39,199,49,58,240
23,39,207,51,60,242
23,39,215,52,60,244
23,39,223,52,60,247
23,39,231,54,61,249
23,39,239,55,62,251
23,39,247,55,61,252
23,39,255,56,62,253
23,47,0,24,50,6
23,47,7,24,49,10
23,47,15,24,47,16
23,47,23,23,46,21
23,47,31,23,45,28
23,47,39,23,44,35
23,47,47,24,44,42
23,47,55,23,43,50
23,47,63,24,43,59
23,47,71,24,44,68
23,47,79,25,44,77
23,47,87,24,44,87
23,47,95,25,45,98
23,47,103,25,45,110
23,47,111,26,45,124
23,47,119,27,45,138
23,47,127,28,46,155
23,47,135,29,47,172
23,47,143,31,49,187
23,47,151,32,50,203
23,47,159,36,52,214
23,47,167,41,55,221
23,47,175,45,57,229
23,47,183,46,59,234
23,47,191,49,60,238
23,47,199,51,62,240
23,47,207,52,62,243
23,47,215,54,63,245
23,47,223,56,64,247
23,47,231,55,64,249
23,47,239,57,64,251
23,47,247,59,65,252
23,47,255,59,66,253
23,55,0,26,61,7
23,55,7,26,59,10
23,55,15,25,58,15
23,55,23,25,56,21
23,55,31,25,55,27
23,55,39,26,54,34
23,55,47,26,53,40
23,55,55,26,53,48
23,55,63,27,52,56
23,55,71,26,52,64
23,55,79,27,52,73
23,55,87,28,52,83
23,55,95,28,53,93
23,55,103,28,52,105
23,55,111,28,52,117
23,55,119,29,52,132
23,55,127,30,53,147
23,55,135,30,53,165
23,55,143,32,54,183
23,55,151,35,55,197
23,55,159,38,57,211
23,55,167,43,59,221
23,55,175,46,60,228
23,55,183,51,63,234
23,55,191,51,64,238
23,55,199,53,65,241
23,55,207,56,66,243
23,55,215,56,66,246
23,55,223,57,66,248
23,55,231,59,67,250
23,55,239,59,67,252
23,55,247,59,67,253
23,55,255,60,68,254
23,63,0,29,72,6
23,63,7,29,70,10
23,63,15,29,68,15
23,63,23,28,66,20
23,63,31,28,65,26
23,63,39,27,64,32
23,63,47,28,63,39
23,63,55,29,62,46
23,63,63,29,62,53
23,63,71,29,61,61
23,63,79,30,61,70
23,63,87,29,61,79
23,63,95,30,61,89
23,63,103,30,60,99
23,63,111,31,60,111
23,63,119,32,60,124
23,63,127,32,59,140
23,63,135,34,60,155
23,63,143,34,60,173
23,63,151,37,60,190
23,63,159,40,61,205
23,63,167,43,63,217
23,63,175,48,64,226
23,63,183,50,66,234
23,63,191,53,67,238
23,63,199,55,68,242
23,63,207,56,69,244
23,63,215,58,69,246
23,63,223,59,69,248
23,63,231,59,69,250
23,63,239,60,69,252
23,63,247,61,69,254
23,63,255,62,70,255
23,71,0,30,82,7
23,71,7,30,81,11
23,71,15,30,79,15
23,71,23,30,77,20
23,71,31,30,75,26
23,71,39,32,74,32
23,71,47,32,73,38
23,71,55,31,72,44
23,71,63,31,71,51
23,71,71,33,71,59
23,71,79,33,70,67
23,71,87,31,69,75
23,71,95,34,69,85
23,71,103,34,69,94
23,71,111,35,68,105
23,71,119,34,68,118
23,71,127,35,67,131
23,71,135,34,67,148
23,71,143,36,66,165
23,71,151,35,66,184
23,71,159,37,67,202
23,71,167,43,67,213
23,71,175,47,69,224
23,71,183,50,70,232
23,71,191,51,71,237
23,71,199,54,72,241
23,71,207,57,72,244
23,71,215,59,72,247
23,71,223,60,72,249
23,71,231,61,72,250
23,71,239,62,72,252
23,71,247,63,71,253
23,71,255,63,71,254
23,79,0,33,92,7
23,79,7,33,90,11
23,79,15,34,89,15
23,79,23,33,87,20
23,79,31,32,85,25
23,79,39,32,84,31
23,79,47,33,83,37
23,79,55,35,82,44
23,79,63,36,82,51
23,79,71,35,81,57
23,79,79,35,80,65
23,79,87,37,79,73
23,79,95,36,78,81
23,79,103,37,78,90
23,79,111,38,77,100
23,79,119,37,76,112
23,79,127,38,75,125
23,79,135,38,74,139
23,79,143,38,74,156
23,79,151,41,73,174
23,79,159,41,73,191
23,79,167,46,73,208
23,79,175,47,73,220
23,79,183,51,74,229
23,79,191,54,75,236
23,79,199,56,75,240
23,79,207,60,76,243
23,79,215,60,76,246
23,79,223,62,76,248
23,79,231,63,75,250
23,79,239,63,75,252
23,79,247,65,74,253
23,79,255,66,73,254
23,87,0,34,102,8
23,87,7,34,101,11
23,87,15,35,99,15
23,87,23,36,97,21
23,87,31,37,96,26
23,87,39,37,95,32
23,87,47,36,93,37
23,87,55,36,92,43
23,87,63,36,91,49
23,87,71,38,91,56
23,87,79,39,90,63
23,87,87,37,88,70
23,87,95,38,88,78
23,87,103,42,87,87
23,87,111,40,86,96
23,87,119,40,85,106
23,87,127,40,84,118
23,87,135,40,82,132
23,87,143,41,81,147
23,87,151,41,80,165
23,87,159,44,80,183
23,87,167,46,79,199
23,87,175,50,79,215
23,87,183,52,79,225
23,87,191,55,79,234
23,87,199,58,79,239
23,87,207,59,79,243
23,87,215,62,79,246
23,87,223,63,79,248
23,87,231,64,79,250
23,87,239,65,78,252
23,87,247,66,77,253
23,87,255,66,76,254
23,95,0,34,113,9
23,95,7,35,111,12
23,95,15,35,110,15
23,95,23,36,108,20
23,95,31,37,106,25
23,95,39,38,105,31
23,95,47,39,104,37
23,95,55,41,103,43
23,95,63,40,102,48
23,95,71,39,100,54
23,95,79,40,99,61
23,95,87,42,99,68
23,95,95,42,97,76
23,95,103,41,96,84
23,95,111,43,95,92
23,95,119,43,94,102
23,95,127,42,92,113
23,95,135,44,91,125
23,95,143,43,89,140
23,95,151,45,88,156
23,95,159,45,87,174
23,95,167,48,86,192
23,95,175,49,85,207
23,95,183,52,84,222
23,95,191,55,84,231
23,95,199,58,83,239
23,95,207,60,83,243
23,95,215,62,82,246
23,95,223,63,82,249
23,95,231,64,82,250
23,95,239,65,81,252
23,95,247,66,81,253
23,95,255,68,80,254
23,103,0,39,122,10
23,103,7,40,121,13
23,103,15,41,119,17
23,103,23,40,117,21
23,103,31,39,116,25
23,103,39,39,115,30
23,103,47,39,114,36
23,103,55,41,113,41
23,103,63,42,112,47
23,103,71,44,111,54
23,103,79,43,109,60
23,103,87,42,108,66
23,103,95,44,107,73
23,103,103,45,106,81
23,103,111,44,104,89
23,103,119,43,103,97
23,103,127,46,101,107
23,103,135,46,100,119
23,103,143,46,98,133
23,103,151,47,96,149
23,103,159,47,95,166
23,103,167,48,93,183
23,103,175,51,92,201
23,103,183,53,90,215
23,103,191,57,89,227
23,103,199,59,88,236
23,103,207,62,87,242
23,103,215,63,86,246
23,103,223,64,86,249
23,103,231,66,85,251
23,103,239,67,85,252
23,103,247,68,84,253
23,103,255,69,84,253
23,111,0,39,133,10
23,111,7,39,132,13
23,111,15,40,130,17
23,111,23,42,128,22
23,111,31,43,127,26
23,111,39,44,125,31
23,111,47,44,124,36
23,111,55,43,123,41
23,111,63,43,122,46
23,111,71,44,121,52
23,111,79,45,120,58
23,111,87,47,119,65
23,111,95,46,117,71
23,111,103,45,115,78
23,111,111,47,114,86
23,111,119,47,113,94
23,111,127,47,111,103
23,111,135,48,109,113
23,111,143,47,107,126
23,111,151,45,105,141
23,111,159,47,103,158
23,111,167,51,101,175
23,111,175,51,99,192
23,111,183,55,97,209
23,111,191,56,95,222
23,111,199,59,94,233
23,111,207,62,92,240
23,111,215,63,91,246
23,111,223,66,90,249
23,111,231,66,89,251
23,111,239,68,88,253
23,111,247,69,88,253
23,111,255,70,87,253
23,119,0,35,147,11
23,119,7,36,146,13
23,119,15,38,144,16
23,119,23,40,141,20
23,119,31,42,138,26
23,119,39,43,137,30
23,119,47,45,135,36
23,119,55,46,134,41
23,119,63,48,133,46
23,119,71,46,131,51
23,119,79,46,130,56
23,119,87,46,129,62
23,119,95,48,128,69
23,119,103,50,126,76
23,119,111,48,124,83
23,119,119,48,122,90
23,119,127,49,121,99
23,119,135,52,119,108
23,119,143,50,117,120
23,119,151,50,114,134
23,119,159,52,112,148
23,119,167,51,110,166
23,119,175,54,107,184
23,119,183,54,105,201
23,119,191,57,102,216
23,119,199,59,100,228
23,119,207,62,98,237
23,119,215,63,96,244
23,119,223,65,95,249
23,119,231,66,94,252
23,119,239,68,93,253
23,119,247,70,92,254
23,119,255,71,91,254
23,127,0,42,157,12
23,127,7,42,155,15
23,127,15,43,153,18
23,127,23,42,152,21
23,127,31,42,150,25
23,127,39,42,148,29
23,127,47,43,147,34
23,127,55,45,146,40
23,127,63,47,144,45
23,127,71,49,143,50
23,127,79,50,142,55
23,127,87,48,140,60
23,127,95,46,138,66
23,127,103,49,137,73
23,127,111,51,135,80
23,127,119,53,133,87
23,127,127,51,131,95
23,127,135,50,129,104
23,127,143,52,127,114
23,127,151,53,125,127
23,127,159,51,122,141
23,127,167,54,119,156
23,127,175,54,116,174
23,127,183,55,114,192
23,127,191,55,111,209
23,127,199,56,108,223
23,127,207,61,105,233
23,127,215,64,103,242
23,127,223,66,101,247
23,127,231,67,99,251
23,127,239,69,98,253
23,127,247,70,96,254
23,127,255,72,95,254
23,135,0,43,170,13
23,135,7,44,169,15
23,135,15,45,166,18
23,135,23,46,163,22
23,135,31,47,162,26
23,135,39,47,160,30
23,135,47,47,158,34
23,135,55,46,157,38
23,135,63,45,156,43
23,135,71,47,155,48
23,135,79,49,154,53
23,135,87,50,152,59
23,135,95,52,150,65
23,135,103,52,148,70
23,135,111,50,147,76
23,135,119,51,144,83
23,135,127,53,142,91
23,135,135,54,140,100
23,135,143,52,138,110
23,135,151,52,136,120
23,135,159,54,133,132
23,135,167,54,130,148
23,135,175,54,127,164
23,135,183,56,124,182
23,135,191,57,120,200
23,135,199,59,117,215
23,135,207,63,114,228
23,135,215,63,111,238
23,135,223,66,108,245
23,135,231,67,106,250
23,135,239,69,104,254
23,135,247,71,102,255
23,135,255,72,100,255
23,143,0,43,185,13
23,143,7,43,184,15
23,143,15,43,182,17
23,143,23,44,180,21
23,143,31,45,177,25
23,143,39,46,175,29
23,143,47,47,173,34
23,143,55,49,171,38
23,143,63,50,169,43
23,143,71,49,168,47
23,143,79,47,166,51
23,143,87,48,165,56
23,143,95,50,163,62
23,143,103,52,161,68
23,143,111,54,159,74
23,143,119,53,156,81
23,143,127,52,154,88
23,143,135,53,152,96
23,143,143,56,150,104
23,143,151,55,147,115
23,143,159,53,145,126
23,143,167,55,142,139
23,143,175,56,138,155
23,143,183,56,135,172
23,143,191,57,131,189
23,143,199,61,127,206
23,143,207,62,124,220
23,143,215,64,120,233
23,143,223,66,116,242
23,143,231,67,114,249
23,143,239,69,111,252
23,143,247,71,108,255
23,143,255,72,106,255
23,151,0,45,199,15
23,151,7,45,197,17
23,151,15,45,196,19
23,151,23,45,194,21
23,151,31,45,192,25
23,151,39,46,189,29
23,151,47,46,188,33
23,151,55,47,185,37
23,151,63,48,183,41
23,151,71,50,181,46
23,151,79,51,179,51
23,151,87,51,177,55
23,151,95,51,176,60
23,151,103,51,174,66
23,151,111,52,172,71
23,151,119,54,170,78
23,151,127,56,167,85
23,151,135,54,165,92
23,151,143,54,163,100
23,151,151,56,160,109
23,151,159,57,157,120
23,151,167,56,154,132
23,151,175,55,152,146
23,151,183,56,148,161
23,151,191,59,144,178
23,151,199,59,140,195
23,151,207,62,135,211
23,151,215,64,131,225
23,151,223,65,127,236
23,151,231,67,123,245
23,151,239,68,119,253
23,151,247,70,116,254
23,151,255,72,112,255
23,159,0,47,211,16
23,159,7,48,210,18
23,159,15,48,208,20
23,159,23,49,207,23
23,159,31,48,205,26
23,159,39,48,203,29
23,159,47,48,200,33
23,159,55,48,199,37
23,159,63,48,197,41
23,159,71,49,195,45
23,159,79,50,193,49
23,159,87,51,190,54
23,159,95,53,188,59
23,159,103,54,186,64
23,159,111,53,185,69
23,159,119,53,183,75
23,159,127,54,181,81
23,159,135,56,178,88
23,159,143,57,176,96
23,159,151,56,174,105
23,159,159,56,172,114
23,159,167,58,168,125
23,159,175,59,165,138
23,159,183,57,162,152
23,159,191,57,158,167
23,159,199,60,153,183
23,159,207,61,149,200
23,159,215,63,144,215
23,159,223,65,139,228
23,159,231,67,134,239
23,159,239,69,129,248
23,159,247,72,125,255
23,159,255,73,121,255
23,167,0,47,220,18
23,167,7,47,219,19
23,167,15,48,218,21
23,167,23,49,217,24
23,167,31,50,215,27
23,167,39,50,213,30
23,167,47,51,211,34
23,167,55,52,209,38
23,167,63,51,208,41
23,167,71,51,207,45
23,167,79,50,205,49
23,167,87,51,203,53
23,167,95,51,201,58
23,167,103,53,199,63
23,167,111,55,197,68
23,167,119,56,195,73
23,167,127,54,194,79
23,167,135,54,192,85
23,167,143,56,190,92
23,167,151,58,187,100
23,167,159,58,185,109
23,167,167,56,183,119
23,167,175,58,180,130
23,167,183,59,176,143
23,167,191,60,172,157
23,167,199,59,168,173
23,167,207,61,164,188
23,167,215,63,158,204
23,167,223,65,153,220
23,167,231,67,147,233
23,167,239,70,141,244
23,167,247,72,135,251
23,167,255,73,131,255
23,175,0,47,227,20
23,175,7,48,227,22
23,175,15,48,226,23
23,175,23,48,225,25
23,175,31,49,224,28
23,175,39,50,223,32
23,175,47,51,221,34
23,175,55,52,219,38
23,175,63,53,217,42
23,175,71,53,216,45
23,175,79,55,214,49
23,175,87,53,214,53
23,175,95,52,213,57
23,175,103,52,211,61
23,175,111,53,209,66
23,175,119,55,207,71
23,175,127,56,206,77
23,175,135,57,205,83
23,175,143,55,204,89
23,175,151,56,202,96
23,175,159,58,199,104
23,175,167,59,197,113
23,175,175,60,195,123
23,175,183,59,192,135
23,175,191,60,189,148
23,175,199,62,184,161
23,175,207,62,180,177
23,175,215,62,174,194
23,175,223,64,168,209
23,175,231,68,161,225
23,175,239,69,155,238
23,175,247,72,148,248
23,175,255,75,142,253
23,183,0,49,233,23
23,183,7,49,233,24
23,183,15,50,233,25
23,183,23,50,232,27
23,183,31,50,232,29
23,183,39,50,231,32
23,183,47,51,230,35
23,183,55,51,229,38
23,183,63,52,227,41
23,183,71,52,226,45
23,183,79,53,224,48
23,183,87,55,222,52
23,183,95,55,221,57
23,183,103,56,221,61
23,183,111,55,220,66
23,183,119,55,219,70
23,183,127,56,217,75
23,183,135,57,216,80
23,183,143,59,215,86
23,183,151,57,214,93
23,183,159,57,213,100
23,183,167,59,211,107
23,183,175,60,209,116
23,183,183,62,206,127
23,183,191,60,204,138
23,183,199,61,200,152
23,183,207,62,196,166
23,183,215,63,191,183
23,183,223,64,185,199
23,183,231,66,178,215
23,183,239,70,170,230
23,183,247,72,163,244
23,183,255,74,156,253
23,191,0,52,237,25
23,191,7,52,237,26
23,191,15,53,237,28
23,191,23,53,237,29
23,191,31,52,237,31
23,191,39,52,236,33
23,191,47,52,236,35
23,191,55,52,235,38
23,191,63,52,234,41
23,191,71,53,233,44
23,191,79,53,232,48
23,191,87,53,231,51
23,191,95,54,230,55
23,191,103,56,229,60
23,191,111,57,228,64
23,191,119,57,227,69
23,191,127,57,227,73
23,191,135,57,226,78
23,191,143,58,225,83
23,191,151,59,224,89
23,191,159,61,223,96
23,191,167,59,223,103
23,191,175,59,221,110
23,191,183,61,219,119
23,191,191,62,217,130
23,191,199,63,214,142
23,191,207,63,210,157
23,191,215,63,206,172
23,191,223,65,200,188
23,191,231,68,194,205
23,191,239,69,187,222
23,191,247,71,179,237
23,191,255,75,172,250
23,199,0,52,240,26
23,199,7,52,240,27
23,199,15,53,240,28
23,199,23,53,240,30
23,199,31,54,241,32
23,199,39,54,241,34
23,199,47,55,240,37
23,199,55,55,240,39
23,199,63,55,240,42
23,199,71,54,239,45
23,199,79,54,238,48
23,199,87,54,238,51
23,199,95,54,237,54
23,199,103,55,236,58
23,199,111,56,235,62
23,199,119,57,234,67
23,199,127,59,234,72
23,199,135,59,234,76
23,199,143,57,233,81
23,199,151,58,233,86
23,199,159,60,232,91
23,199,167,61,231,98
23,199,175,63,230,105
23,199,183,60,230,113
23,199,191,62,228,122
23,199,199,63,226,133
23,199,207,65,223,146
23,199,215,65,220,162
23,199,223,65,216,178
23,199,231,67,210,195
23,199,239,70,204,213
23,199,247,72,197,231
23,199,255,74,189,245
23,207,0,52,242,27
23,207,7,52,243,28
23,207,15,53,243,29
23,207,23,53,243,30
23,207,31,54,243,32
23,207,39,55,244,35
23,207,47,55,244,37
23,207,55,56,244,39
23,207,63,56,244,42
23,207,71,57,243,45
23,207,79,57,243,48
23,207,87,57,242,51
23,207,95,56,242,54
23,207,103,56,241,57
23,207,111,56,241,61
23,207,119,57,240,65
23,207,127,58,240,69
23,207,135,59,239,74
23,207,143,60,239,78
23,207,151,61,239,83
23,207,159,61,239,88
23,207,167,61,239,94
23,207,175,61,238,100
23,207,183,63,238,107
23,207,191,65,237,116
23,207,199,63,236,126
23,207,207,64,234,138
23,207,215,65,232,151
23,207,223,66,229,168
23,207,231,67,225,185
23,207,239,69,219,204
23,207,247,71,213,223
23,207,255,74,206,241
23,215,0,53,245,28
23,215,7,53,245,29
23,215,15,53,245,30
23,215,23,54,245,31
23,215,31,54,246,32
23,215,39,54,246,34
23,215,47,55,246,37
23,215,55,56,246,39
23,215,63,56,247,42
23,215,71,57,247,44
23,215,79,57,247,47
23,215,87,58,246,50
23,215,95,59,246,54
23,215,103,58,245,57
23,215,111,58,245,60
23,215,119,58,245,63
23,215,127,59,245,67
23,215,135,59,244,71
23,215,143,60,244,76
23,215,151,61,244,80
23,215,159,62,244,85
23,215,167,63,245,90
23,215,175,62,245,96
23,215,183,62,245,102
23,215,191,63,244,110
23,215,199,65,244,119
23,215,207,66,243,130
23,215,215,66,242,143
23,215,223,67,240,158
23,215,231,68,237,175
23,215,239,71,233,194
23,215,247,71,228,213
23,215,255,73,222,232
23,223,0,54,247,28
23,223,7,54,247,29
23,223,15,55,247,30
23,223,23,55,248,32
23,223,31,55,248,33
23,223,39,55,248,34
23,223,47,56,248,37
23,223,55,56,249,39
23,223,63,57,249,41
23,223,71,57,249,44
23,223,79,58,249,47
23,223,87,58,249,49
23,223,95,58,249,52
23,223,103,59,249,56
23,223,111,60,249,59
23,223,119,61,249,62
23,223,127,61,249,66
23,223,135,61,249,70
23,223,143,60,248,73
23,223,151,61,248,78
23,223,159,61,248,82
23,223,167,62,249,87
23,223,175,64,249,92
23,223,183,64,249,99
23,223,191,63,249,106
23,223,199,64,249,114
23,223,207,65,249,124
23,223,215,67,248,136
23,223,223,67,247,151
23,223,231,68,246,166
23,223,239,70,243,184
23,223,247,72,240,204
23,223,255,74,236,225
23,231,0,55,250,29
23,231,7,55,250,30
23,231,15,56,250,31
23,231,23,56,250,32
23,231,31,57,250,34
23,231,39,57,250,35
23,231,47,57,250,37
23,231,55,58,251,39
23,231,63,58,251,41
23,231,71,58,251,43
23,231,79,58,251,46
23,231,87,58,251,49
23,231,95,59,251,51
23,231,103,59,251,54
23,231,111,60,251,57
23,231,119,60,251,61
23,231,127,61,251,64
23,231,135,62,251,68
23,231,143,63,251,72
23,231,151,62,251,75
23,231,159,62,251,79
23,231,167,62,252,84
23,231,175,63,252,89
23,231,183,64,252,94
23,231,191,65,253,102
23,231,199,65,253,110
23,231,207,65,252,119
23,231,215,66,252,131
23,231,223,67,252,144
23,231,231,69,251,159
23,231,239,70,250,176
23,231,247,72,248,195
23,231,255,74,246,217
23,239,0,55,251,29
23,239,7,55,252,30
23,239,15,56,252,30
23,239,23,56,252,32
23,239,31,57,252,33
23,239,39,57,252,35
23,239,47,58,252,37
23,239,55,58,252,39
23,239,63,58,252,41
23,239,71,59,252,43
23,239,79,59,252,46
23,239,87,59,252,48
23,239,95,59,252,51
23,239,103,59,252,53
23,239,111,60,252,56
23,239,119,60,252,59
23,239,127,61,252,62
23,239,135,61,253,66
23,239,143,62,253,70
23,239,151,63,253,74
23,239,159,63,253,77
23,239,167,63,253,81
23,239,175,63,253,86
23,239,183,64,254,91
23,239,191,64,254,97
23,239,199,65,254,106
23,239,207,66,254,115
23,239,215,66,254,126
23,239,223,67,254,138
23,239,231,68,254,153
23,239,239,70,253,170
23,239,247,72,253,189
23,239,255,73,252,207
23,247,0,56,253,29
23,247,7,56,253,30
23,247,15,56,253,30
23,247,23,56,253,31
23,247,31,57,253,33
23,247,39,57,253,34
23,247,47,58,253,36
23,247,55,58,253,39
23,247,63,59,253,40
23,247,71,59,253,43
23,247,79,59,253,45
23,247,87,60,253,47
23,247,95,60,253,50
23,247,103,60,253,53
23,247,111,60,253,55
23,247,119,60,252,58
23,247,127,61,253,61
23,247,135,61,253,64
23,247,143,62,253,67
23,247,151,63,253,71
23,247,159,63,253,75
23,247,167,64,253,80
23,247,175,64,253,84
23,247,183,64,253,89
23,247,191,64,253,95
23,247,199,65,254,102
23,247,207,65,254,111
23,247,215,66,254,122
23,247,223,67,254,134
23,247,231,68,254,148
23,247,239,69,254,163
23,247,247,71,254,181
23,247,255,73,254,199
23,255,0,56,253,29
23,255,7,57,253,30
23,255,15,57,253,31
23,255,23,57,253,32
23,255,31,57,253,33
23,255,39,57,253,34
23,255,47,58,253,36
23,255,55,58,253,38
23,255,63,59,253,40
23,255,71,59,253,42
23,255,79,59,253,44
23,255,87,60,253,47
23,255,95,60,253,49
23,255,103,61,253,52
23,255,111,61,252,55
23,255,119,61,252,57
23,255,127,62,252,60
23,255,135,62,252,63
23,255,143,62,252,66
23,255,151,63,253,70
23,255,159,64,253,75
23,255,167,64,253,79
23,255,175,65,253,84
23,255,183,65,253,89
23,255,191,66,253,95
23,255,199,66,253,101
23,255,207,66,253,109
23,255,215,67,253,119
23,255,223,68,254,131
23,255,231,69,254,144
23,255,239,70,254,159
23,255,247,71,254,174
23,255,255,73,255,190
31,0,0,23,2,10
31,0,7,23,2,17
31,0,15,23,2,24
31,0,23,22,2,33
31,0,31,22,3,43
31,0,39,22,4,52
31,0,47,22,4,61
31,0,55,21,5,71
31,0,63,20,5,82
31,0,71,19,6,93
31,0,79,18,7,106
31,0,87,17,7,121
31,0,95,15,8,137
31,0,103,15,9,154
31,0,111,15,10,172
31,0,119,15,11,188
31,0,127,17,13,201
31,0,135,19,15,212
31,0,143,22,17,221
31,0,151,26,20,225
31,0,159,28,22,229
31,0,167,32,24,232
31,0,175,34,25,233
31,0,183,37,28,235
31,0,191,39,30,237
31,0,199,40,30,240
31,0,207,40,31,243
31,0,215,42,33,245
31,0,223,44,36,247
31,0,231,45,38,250
31,0,239,45,39,252
31,0,247,45,40,254
31,0,255,46,42,255
31,7,0,23,7,10
31,7,7,23,6,16
31,7,15,23,6,23
31,7,23,23,6,31
31,7,31,23,7,40
31,7,39,22,7,49
31,7,47,22,8,58
31,7,55,22,9,68
31,7,63,22,9,78
31,7,71,21,10,89
31,7,79,20,11,101
31,7,87,19,12,115
31,7,95,18,12,130
31,7,103,17,13,146
31,7,111,17,14,165
31,7,119,18,16,182
31,7,127,20,18,195
31,7,135,22,20,207
31,7,143,24,22,216
31,7,151,28,25,223
31,7,159,31,28,226
31,7,167,34,29,230
31,7,175,37,30,232
31,7,183,38,33,234
31,7,191,41,35,237
31,7,199,43,36,239
31,7,207,43,36,242
31,7,215,43,37,245
31,7,223,45,39,247
31,7,231,47,42,249
31,7,239,47,43,252
31,7,247,47,44,254
31,7,255,48,45,254
31,15,0,23,12,8
31,15,7,23,12,15
31,15,15,23,11,22
31,15,23,23,11,30
31,15,31,23,11,38
31,15,39,23,12,47
31,15,47,23,13,55
31,15,55,23,14,64
31,15,63,22,14,75
31,15,71,22,15,85
31,15,79,22,16,97
31,15,87,21,17,109
31,15,95,20,17,123
31,15,103,20,18,139
31,15,111,20,19,155
31,15,119,20,21,174
31,15,127,22,23,190
31,15,135,25,26,200
31,15,143,26,27,211
31,15,151,29,30,220
31,15,159,33,33,224
31,15,167,37,36,228
31,15,175,40,37,231
31,15,183,41,38,234
31,15,191,42,40,237
31,15,199,46,43,239
31,15,207,46,43,242
31,15,215,45,43,245
31,15,223,46,44,247
31,15,231,48,46,249
31,15,239,49,48,251
31,15,247,49,48,253
31,15,255,50,49,254
31,23,0,24,20,9
31,23,7,24,19,14
31,23,15,24,18,20
31,23,23,24,18,27
31,23,31,24,18,35
31,23,39,24,18,43
31,23,47,24,19,52
31,23,55,24,19,61
31,23,63,24,20,71
31,23,71,24,21,81
31,23,79,23,22,92
31,23,87,24,22,103
31,23,95,23,23,116
31,23,103,23,24,131
31,23,111,22,25,148
31,23,119,24,27,163
31,23,127,25,28,180
31,23,135,27,30,194
31,23,143,30,33,204
31,23,151,32,36,214
31,23,159,36,38,222
31,23,167,39,41,226
31,23,175,43,44,230
31,23,183,45,45,234
31,23,191,45,46,237
31,23,199,47,47,239
31,23,207,49,49,242
31,23,215,49,50,244
31,23,223,49,50,246
31,23,231,50,50,248
31,23,239,51,52,251
31,23,247,52,54,252
31,23,255,52,54,254
31,31,0,25,28,8
31,31,7,25,28,12
31,31,15,25,26,19
31,31,23,25,26,25
31,31,31,25,25,33
31,31,39,25,25,41
31,31,47,25,26,49
31,31,55,26,26,58
31,31,63,26,27,67
31,31,71,26,28,77
31,31,79,26,28,87
31,31,87,26,29,98
31,31,95,26,30,110
31,31,103,25,30,124
31,31,111,26,32,138
31,31,119,26,33,155
31,31,127,28,34,170
31,31,135,30,36,186
31,31,143,32,38,199
31,31,151,35,41,209
31,31,159,40,44,217
31,31,167,42,46,225
31,31,175,44,48,230
31,31,183,47,50,234
31,31,191,50,53,237
31,31,199,49,53,239
31,31,207,51,54,242
31,31,215,52,56,244
31,31,223,53,57,246
31,31,231,53,56,249
31,31,239,53,56,250
31,31,247,54,57,252
31,31,255,55,59,253
31,39,0,27,38,8
31,39,7,27,37,12
31,39,15,27,36,17
31,39,23,27,35,24
31,39,31,27,34,31
31,39,39,27,34,38
31,39,47,27,34,46
31,39,55,27,34,55
31,39,63,28,34,63
31,39,71,28,35,73
31,39,79,28,35,83
31,39,87,29,36,93
31,39,95,28,37,104
31,39,103,28,37,117
31,39,111,28,38,130
31,39,119,29,39,146
31,39,127,30,40,162
31,39,135,32,42,177
31,39,143,34,44,192
31,39,151,39,46,205
31,39,159,40,48,215
31,39,167,44,51,224
31,39,175,47,53,229
31,39,183,48,55,234
31,39,191,50,57,237
31,39,199,52,58,240
31,39,207,53,60,242
31,39,215,54,60,244
31,39,223,54,60,247
31,39,231,56,61,249
31,39,239,57,62,250
31,39,247,56,61,252
31,39,255,57,62,253
31,47,0,30,48,7
31,47,7,29,47,11
31,47,15,29,46,17
31,47,23,29,45,23
31,47,31,29,44,29
31,47,39,29,43,36
31,47,47,29,43,44
31,47,55,29,43,52
31,47,63,30,43,60
31,47,71,30,43,69
31,47,79,30,43,78
31,47,87,31,44,89
31,47,95,31,44,99
31,47,103,31,44,110
31,47,111,31,45,124
31,47,119,32,45,138
31,47,127,32,46,155
31,47,135,33,47,171
31,47,143,36,49,186
31,47,151,36,50,202
31,47,159,41,53,214
31,47,167,45,55,221
31,47,175,48,57,229
31,47,183,50,59,234
31,47,191,52,61,238
31,47,199,54,62,240
31,47,207,54,63,243
31,47,215,57,64,245
31,47,223,58,64,247
31,47,231,57,64,249
31,47,239,58,65,251
31,47,247,60,66,252
31,47,255,60,66,253
31,55,0,32,59,7
31,55,7,32,58,11
31,55,15,32,56,16
31,55,23,31,55,22
31,55,31,31,54,28
31,55,39,31,53,35
31,55,47,31,52,42
31,55,55,32,52,49
31,55,63,32,52,57
31,55,71,32,52,66
31,55,79,33,52,75
31,55,87,33,52,84
31,55,95,33,52,94
31,55,103,33,52,105
31,55,111,33,52,117
31,55,119,34,52,132
31,55,127,34,52,147
31,55,135,35,53,164
31,55,143,36,54,182
31,55,151,39,55,196
31,55,159,43,57,209
31,55,167,46,59,221
31,55,175,49,61,228
31,55,183,54,63,234
31,55,191,54,64,238
31,55,199,56,65,241
31,55,207,59,66,244
31,55,215,58,66,246
31,55,223,59,67,248
31,55,231,61,68,250
31,55,239,61,67,252
31,55,247,61,68,253
31,55,255,62,68,254
31,63,0,34,70,7
31,63,7,34,68,11
31,63,15,34,67,16
31,63,23,33,65,22
31,63,31,33,64,28
31,63,39,34,63,34
31,63,47,34,62,41
31,63,55,34,62,48
31,63,63,34,61,55
31,63,71,35,61,63
31,63,79,35,61,71
31,63,87,35,60,80
31,63,95,37,60,90
31,63,103,36,60,100
31,63,111,36,60,112
31,63,119,37,60,125
31,63,127,36,59,140
31,63,135,38,60,155
31,63,143,39,60,172
31,63,151,42,61,190
31,63,159,44,62,204
31,63,167,47,63,217
31,63,175,52,65,226
31,63,183,53,66,234
31,63,191,57,68,238
31,63,199,58,68,242
31,63,207,58,69,245
31,63,215,60,70,247
31,63,223,61,69,248
31,63,231,61,70,250
31,63,239,62,70,252
31,63,247,63,70,254
31,63,255,63,70,255
31,71,0,37,80,8
31,71,7,37,78,12
31,71,15,37,77,16
31,71,23,37,75,22
31,71,31,36,74,27
31,71,39,36,73,33
31,71,47,36,72,40
31,71,55,36,72,46
31,71,63,37,71,53
31,71,71,38,71,61
31,71,79,38,70,68
31,71,87,38,69,77
31,71,95,38,69,86
31,71,103,39,69,95
31,71,111,39,68,106
31,71,119,39,67,118
31,71,127,39,67,131
31,71,135,39,66,148
31,71,143,40,66,165
31,71,151,40,66,183
31,71,159,42,67,201
31,71,167,48,68,212
31,71,175,50,69,224
31,71,183,54,70,232
31,71,191,54,71,237
31,71,199,57,72,241
31,71,207,60,72,244
31,71,215,61,73,247
31,71,223,62,73,249
31,71,231,63,72,250
31,71,239,64,72,252
31,71,247,64,72,253
31,71,255,65,71,254
31,79,0,38,90,8
31,79,7,38,89,12
31,79,15,38,87,17
31,79,23,38,86,21
31,79,31,38,85,27
31,79,39,38,84,33
31,79,47,40,83,39
31,79,55,40,82,46
31,79,63,40,81,52
31,79,71,40,80,59
31,79,79,41,80,66
31,79,87,42,79,74
31,79,95,41,78,82
31,79,103,42,78,91
31,79,111,42,77,101
31,79,119,42,76,112
31,79,127,42,75,125
31,79,135,43,74,139
31,79,143,42,73,156
31,79,151,45,73,173
31,79,159,46,73,191
31,79,167,50,73,207
31,79,175,51,74,220
31,79,183,55,74,229
31,79,191,57,75,236
31,79,199,59,75,240
31,79,207,63,76,243
31,79,215,62,76,246
31,79,223,64,76,249
31,79,231,65,76,251
31,79,239,65,75,252
31,79,247,67,75,253
31,79,255,67,73,254
31,87,0,40,100,9
31,87,7,41,99,13
31,87,15,41,98,17
31,87,23,42,96,22
31,87,31,41,95,27
31,87,39,41,94,33
31,87,47,41,93,38
31,87,55,41,92,44
31,87,63,42,91,51
31,87,71,44,91,58
31,87,79,43,89,64
31,87,87,42,88,71
31,87,95,44,88,79
31,87,103,45,87,88
31,87,111,44,86,97
31,87,119,45,85,107
31,87,127,44,83,118
31,87,135,44,82,132
31,87,143,45,81,147
31,87,151,46,80,165
31,87,159,48,80,182
31,87,167,50,79,199
31,87,175,54,79,214
31,87,183,56,79,225
31,87,191,58,79,234
31,87,199,62,79,239
31,87,207,62,79,244
31,87,215,65,79,246
31,87,223,65,79,249
31,87,231,66,79,251
31,87,239,67,78,252
31,87,247,67,78,253
31,87,255,68,76,254
31,95,0,40,111,10
31,95,7,41,109,13
31,95,15,41,108,17
31,95,23,42,107,22
31,95,31,43,105,27
31,95,39,44,104,33
31,95,47,45,103,39
31,95,55,45,102,44
31,95,63,44,101,50
31,95,71,44,100,56
31,95,79,45,99,63
31,95,87,47,99,70
31,95,95,46,97,77
31,95,103,46,96,85
31,95,111,48,95,93
31,95,119,47,94,102
31,95,127,47,92,113
31,95,135,49,91,125
31,95,143,47,89,140
31,95,151,49,88,156
31,95,159,49,87,174
31,95,167,52,86,192
31,95,175,53,85,207
31,95,183,56,84,222
31,95,191,58,84,231
31,95,199,61,83,239
31,95,207,63,83,243
31,95,215,64,83,247
31,95,223,65,82,249
31,95,231,66,82,251
31,95,239,67,81,252
31,95,247,68,81,253
31,95,255,69,80,254
31,103,0,43,121,11
31,103,7,44,119,14
31,103,15,44,117,18
31,103,23,44,116,22
31,103,31,43,115,27
31,103,39,44,114,32
31,103,47,45,113,38
31,103,55,46,113,43
31,103,63,48,112,49
31,103,71,48,111,55
31,103,79,47,109,61
31,103,87,47,108,67
31,103,95,48,107,75
31,103,103,50,106,83
31,103,111,48,104,90
31,103,119,48,103,98
31,103,127,51,101,108
31,103,135,50,100,119
31,103,143,50,98,133
31,103,151,50,96,149
31,103,159,51,95,166
31,103,167,52,93,183
31,103,175,55,92,201
31,103,183,56,90,215
31,103,191,61,89,227
31,103,199,62,88,236
31,103,207,64,87,242
31,103,215,65,87,246
31,103,223,66,86,249
31,103,231,68,85,251
31,103,239,68,85,252
31,103,247,70,84,253
31,103,255,70,84,254
31,111,0,44,131,12
31,111,7,45,130,15
31,111,15,46,129,18
31,111,23,48,126,24
31,111,31,48,125,28
31,111,39,48,124,33
31,111,47,47,123,38
31,111,55,47,123,42
31,111,63,47,122,48
31,111,71,48,121,54
31,111,79,50,120,60
31,111,87,52,119,66
31,111,95,50,117,72
31,111,103,50,115,79
31,111,111,51,114,87
31,111,119,52,112,95
31,111,127,51,111,103
31,111,135,52,109,114
31,111,143,52,107,126
31,111,151,49,105,141
31,111,159,52,103,158
31,111,167,54,101,175
31,111,175,55,99,193
31,111,183,59,97,209
31,111,191,59,95,222
31,111,199,63,94,233
31,111,207,65,92,241
31,111,215,66,91,246
31,111,223,68,90,249
31,111,231,68,89,251
31,111,239,70,89,253
31,111,247,71,88,253
31,111,255,71,87,253
31,119,0,41,144,12
31,119,7,42,143,14
31,119,15,43,141,18
31,119,23,45,139,22
31,119,31,47,137,27
31,119,39,48,135,32
31,119,47,50,134,38
31,119,55,52,133,43
31,119,63,52,132,48
31,119,71,50,131,52
31,119,79,50,130,58
31,119,87,51,129,64
31,119,95,53,128,71
31,119,103,54,126,78
31,119,111,52,124,84
31,119,119,53,122,91
31,119,127,54,121,100
31,119,135,55,119,109
31,119,143,53,117,121
31,119,151,54,114,134
31,119,159,56,112,149
31,119,167,55,110,166
31,119,175,58,107,184
31,119,183,57,105,201
31,119,191,61,103,216
31,119,199,62,100,228
31,119,207,65,99,237
31,119,215,66,97,244
31,119,223,67,95,249
31,119,231,69,94,252
31,119,239,70,93,253
31,119,247,71,92,254
31,119,255,73,91,254
31,127,0,45,155,13
31,127,7,46,153,16
31,127,15,47,151,19
31,127,23,46,150,22
31,127,31,46,149,26
31,127,39,46,147,31
31,127,47,48,146,36
31,127,55,50,145,41
31,127,63,51,144,46
31,127,71,53,143,52
31,127,79,54,141,57
31,127,87,52,139,62
31,127,95,50,137,67
31,127,103,53,136,74
31,127,111,55,135,81
31,127,119,57,133,88
31,127,127,54,131,96
31,127,135,55,129,105
31,127,143,57,127,115
31,127,151,56,124,127
31,127,159,55,122,141
31,127,167,58,119,156
31,127,175,58,116,174
31,127,183,58,114,193
31,127,191,58,111,209
31,127,199,59,108,223
31,127,207,64,106,233
31,127,215,67,103,242
31,127,223,68,101,247
31,127,231,69,99,251
31,127,239,71,98,253
31,127,247,72,96,254
31,127,255,74,95,254
31,135,0,48,168,14
31,135,7,49,166,16
31,135,15,50,164,20
31,135,23,51,161,24
31,135,31,51,160,27
31,135,39,51,158,31
31,135,47,50,157,36
31,135,55,50,156,40
31,135,63,49,155,44
31,135,71,51,154,50
31,135,79,53,153,55
31,135,87,55,151,60
31,135,95,57,150,66
31,135,103,55,148,72
31,135,111,54,146,78
31,135,119,55,144,85
31,135,127,58,142,92
31,135,135,57,140,101
31,135,143,56,138,110
31,135,151,56,135,121
31,135,159,59,133,133
31,135,167,57,130,148
31,135,175,58,127,165
31,135,183,59,124,182
31,135,191,60,120,200
31,135,199,62,117,215
31,135,207,66,114,228
31,135,215,66,111,238
31,135,223,69,108,245
31,135,231,69,106,250
31,135,239,71,104,254
31,135,247,73,102,255
31,135,255,74,100,255
31,143,0,47,183,14
31,143,7,47,182,16
31,143,15,48,180,19
31,143,23,49,178,22
31,143,31,50,175,27
31,143,39,51,173,31
31,143,47,53,171,36
31,143,55,54,169,40
31,143,63,53,168,44
31,143,71,53,167,48
31,143,79,51,166,53
31,143,87,52,164,58
31,143,95,54,162,64
31,143,103,56,160,69
31,143,111,58,158,76
31,143,119,57,156,82
31,143,127,55,154,89
31,143,135,57,152,97
31,143,143,60,149,105
31,143,151,58,147,116
31,143,159,57,145,127
31,143,167,59,142,139
31,143,175,60,138,155
31,143,183,59,135,172
31,143,191,61,131,189
31,143,199,64,127,206
31,143,207,64,124,221
31,143,215,67,120,233
31,143,223,68,117,242
31,143,231,70,114,249
31,143,239,71,111,252
31,143,247,72,108,254
31,143,255,74,106,255
31,151,0,48,197,16
31,151,7,48,195,18
31,151,15,48,194,20
31,151,23,48,192,22
31,151,31,49,190,26
31,151,39,50,188,31
31,151,47,50,186,34
31,151,55,51,184,39
31,151,63,53,182,43
31,151,71,55,180,48
31,151,79,56,178,52
31,151,87,54,176,56
31,151,95,54,175,61
31,151,103,55,173,67
31,151,111,56,171,73
31,151,119,58,169,79
31,151,127,60,166,86
31,151,135,58,164,93
31,151,143,57,162,101
31,151,151,60,160,110
31,151,159,61,157,121
31,151,167,59,154,133
31,151,175,59,152,146
31,151,183,60,148,162
31,151,191,62,144,178
31,151,199,62,140,195
31,151,207,65,135,211
31,151,215,66,131,225
31,151,223,67,127,237
31,151,231,69,123,245
31,151,239,70,119,253
31,151,247,72,116,254
31,151,255,74,112,255
31,159,0,50,209,17
31,159,7,50,208,19
31,159,15,51,206,21
31,159,23,51,205,24
31,159,31,51,203,27
31,159,39,51,201,30
31,159,47,51,199,35
31,159,55,51,197,38
31,159,63,52,195,42
31,159,71,53,193,46
31,159,79,54,191,51
31,159,87,56,189,56
31,159,95,58,187,61
31,159,103,57,185,65
31,159,111,56,184,71
31,159,119,56,182,76
31,159,127,57,180,83
31,159,135,60,178,90
31,159,143,61,175,97
31,159,151,59,174,106
31,159,159,59,171,115
31,159,167,61,168,126
31,159,175,62,165,139
31,159,183,60,162,153
31,159,191,61,158,168
31,159,199,64,153,184
31,159,207,64,149,200
31,159,215,65,144,216
31,159,223,68,139,229
31,159,231,69,134,240
31,159,239,71,129,248
31,159,247,74,125,255
31,159,255,74,121,255
31,167,0,50,219,19
31,167,7,51,218,20
31,167,15,52,217,22
31,167,23,53,215,25
31,167,31,54,213,29
31,167,39,55,212,32
31,167,47,55,210,35
31,167,55,55,208,39
31,167,63,54,207,42
31,167,71,54,206,46
31,167,79,54,204,50
31,167,87,54,202,55
31,167,95,55,200,59
31,167,103,57,198,64
31,167,111,59,196,69
31,167,119,59,194,75
31,167,127,57,194,80
31,167,135,58,192,86
31,167,143,59,189,94
31,167,151,62,187,101
31,167,159,61,185,110
31,167,167,59,183,119
31,167,175,61,180,131
31,167,183,62,176,144
31,167,191,63,172,158
31,167,199,62,168,173
31,167,207,64,163,189
31,167,215,66,158,205
31,167,223,67,152,220
31,167,231,69,146,233
31,167,239,73,140,244
31,167,247,73,135,251
31,167,255,75,130,255
31,175,0,50,226,21
31,175,7,50,226,22
31,175,15,51,225,24
31,175,23,51,224,26
31,175,31,52,223,29
31,175,39,54,222,33
31,175,47,54,220,36
31,175,55,55,218,39
31,175,63,57,217,43
31,175,71,58,215,47
31,175,79,57,214,50
31,175,87,56,213,54
31,175,95,55,212,58
31,175,103,56,210,63
31,175,111,57,209,68
31,175,119,58,207,73
31,175,127,60,205,78
31,175,135,60,204,84
31,175,143,58,203,90
31,175,151,59,201,97
31,175,159,61,199,105
31,175,167,63,197,114
31,175,175,62,195,124
31,175,183,62,192,135
31,175,191,63,188,148
31,175,199,65,184,162
31,175,207,64,179,178
31,175,215,65,174,194
31,175,223,67,167,210
31,175,231,70,161,225
31,175,239,71,154,239
31,175,247,74,148,249
31,175,255,77,142,253
31,183,0,52,233,24
31,183,7,52,233,25
31,183,15,52,232,26
31,183,23,52,232,28
31,183,31,52,231,30
31,183,39,53,230,33
31,183,47,54,229,37
31,183,55,54,228,39
31,183,63,55,227,43
31,183,71,56,225,46
31,183,79,57,223,50
31,183,87,59,222,54
31,183,95,59,221,58
31,183,103,58,220,62
31,183,111,57,219,67
31,183,119,58,218,72
31,183,127,59,217,76
31,183,135,60,215,82
31,183,143,62,214,88
31,183,151,60,214,94
31,183,159,60,212,101
31,183,167,62,211,108
31,183,175,63,208,117
31,183,183,65,206,128
31,183,191,63,204,139
31,183,199,63,200,153
31,183,207,65,195,167
31,183,215,66,190,183
31,183,223,66,184,200
31,183,231,68,177,216
31,183,239,72,170,231
31,183,247,74,162,244
31,183,255,76,156,253
31,191,0,54,237,26
31,191,7,54,237,27
31,191,15,54,237,28
31,191,23,55,237,30
31,191,31,55,236,32
31,191,39,54,236,34
31,191,47,54,235,36
31,191,55,54,235,39
31,191,63,55,234,42
31,191,71,55,233,46
31,191,79,56,232,49
31,191,87,56,231,53
31,191,95,57,230,57
31,191,103,59,228,61
31,191,111,61,227,66
31,191,119,60,227,70
31,191,127,59,227,75
31,191,135,60,226,80
31,191,143,61,225,85
31,191,151,62,223,90
31,191,159,64,222,97
31,191,167,61,222,104
31,191,175,62,221,111
31,191,183,63,219,120
31,191,191,65,216,131
31,191,199,66,214,143
31,191,207,65,210,157
31,191,215,66,206,173
31,191,223,68,200,189
31,191,231,70,194,206
31,191,239,71,187,223
31,191,247,73,179,238
31,191,255,77,171,250
31,199,0,54,240,27
31,199,7,55,240,28
31,199,15,55,240,29
31,199,23,56,241,31
31,199,31,57,241,33
31,199,39,57,241,35
31,199,47,57,241,38
31,199,55,57,240,40
31,199,63,57,240,43
31,199,71,57,239,46
31,199,79,56,238,49
31,199,87,57,238,52
31,199,95,57,237,55
31,199,103,58,236,59
31,199,111,59,235,64
31,199,119,60,234,68
31,199,127,62,234,73
31,199,135,61,233,78
31,199,143,59,233,82
31,199,151,61,233,87
31,199,159,62,232,93
31,199,167,64,231,99
31,199,175,66,230,106
31,199,183,62,230,114
31,199,191,64,228,123
31,199,199,65,226,134
31,199,207,67,223,147
31,199,215,67,220,163
31,199,223,67,215,179
31,199,231,69,210,196
31,199,239,72,203,214
31,199,247,73,196,232
31,199,255,76,188,245
31,207,0,54,243,28
31,207,7,54,243,28
31,207,15,55,243,29
31,207,23,55,243,31
31,207,31,56,243,33
31,207,39,57,244,35
31,207,47,57,244,38
31,207,55,58,244,40
31,207,63,59,244,43
31,207,71,59,244,46
31,207,79,59,243,49
31,207,87,59,243,52
31,207,95,58,242,55
31,207,103,58,241,58
31,207,111,58,241,62
31,207,119,59,240,66
31,207,127,60,240,70
31,207,135,62,240,75
31,207,143,63,239,80
31,207,151,63,239,84
31,207,159,63,239,89
31,207,167,63,239,95
31,207,175,64,238,101
31,207,183,66,238,108
31,207,191,67,237,117
31,207,199,66,236,127
31,207,207,66,234,139
31,207,215,68,232,152
31,207,223,69,229,169
31,207,231,69,224,186
31,207,239,71,219,205
31,207,247,73,213,223
31,207,255,76,206,242
31,215,0,55,245,29
31,215,7,55,245,29
31,215,15,55,245,30
31,215,23,55,245,31
31,215,31,56,246,33
31,215,39,56,246,35
31,215,47,57,247,37
31,215,55,58,247,40
31,215,63,58,247,43
31,215,71,59,247,45
31,215,79,59,247,48
31,215,87,60,247,51
31,215,95,61,246,55
31,215,103,61,246,58
31,215,111,60,245,61
31,215,119,60,245,64
31,215,127,61,245,69
31,215,135,61,245,73
31,215,143,62,244,77
31,215,151,63,244,81
31,215,159,65,245,86
31,215,167,65,245,91
31,215,175,64,245,97
31,215,183,64,245,104
31,215,191,66,244,111
31,215,199,67,244,120
31,215,207,67,243,131
31,215,215,67,242,144
31,215,223,69,239,159
31,215,231,70,236,176
31,215,239,72,232,195
31,215,247,73,227,214
31,215,255,75,222,233
31,223,0,56,247,29
31,223,7,56,248,30
31,223,15,56,248,31
31,223,23,57,248,32
31,223,31,57,248,33
31,223,39,57,248,35
31,223,47,57,248,37
31,223,55,58,249,40
31,223,63,59,249,42
31,223,71,59,249,45
31,223,79,59,249,48
31,223,87,60,249,50
31,223,95,60,249,53
31,223,103,61,249,57
31,223,111,62,249,60
31,223,119,63,249,64
31,223,127,63,249,67
31,223,135,62,249,71
31,223,143,62,249,75
31,223,151,63,249,79
31,223,159,64,249,83
31,223,167,65,249,88
31,223,175,66,249,93
31,223,183,66,250,100
31,223,191,65,249,107
31,223,199,66,249,115
31,223,207,67,249,126
31,223,215,69,248,138
31,223,223,69,247,152
31,223,231,70,245,167
31,223,239,72,243,185
31,223,247,74,240,205
31,223,255,75,235,226
31,231,0,57,250,30
31,231,7,57,250,30
31,231,15,57,250,31
31,231,23,58,250,33
31,231,31,59,250,34
31,231,39,59,251,36
31,231,47,59,251,38
31,231,55,59,251,40
31,231,63,59,251,42
31,231,71,60,251,44
31,231,79,60,251,47
31,231,87,60,251,50
31,231,95,60,251,52
31,231,103,61,251,55
31,231,111,61,251,58
31,231,119,62,251,62
31,231,127,63,252,65
31,231,135,64,252,69
31,231,143,64,252,73
31,231,151,64,252,76
31,231,159,64,252,80
31,231,167,64,252,85
31,231,175,65,252,90
31,231,183,66,252,96
31,231,191,67,253,103
31,231,199,66,253,111
31,231,207,67,252,120
31,231,215,68,252,132
31,231,223,69,252,145
31,231,231,71,251,161
31,231,239,72,250,177
31,231,247,73,248,196
31,231,255,75,245,218
31,239,0,57,252,30
31,239,7,57,252,30
31,239,15,57,252,31
31,239,23,58,252,32
31,239,31,58,252,34
31,239,39,59,252,36
31,239,47,60,252,38
31,239,55,60,252,40
31,239,63,60,252,42
31,239,71,61,252,44
31,239,79,61,252,46
31,239,87,61,252,49
31,239,95,61,252,52
31,239,103,61,252,54
31,239,111,61,252,57
31,239,119,62,252,60
31,239,127,62,253,63
31,239,135,63,253,67
31,239,143,64,253,71
31,239,151,65,253,75
31,239,159,65,254,78
31,239,167,65,253,82
31,239,175,65,254,87
31,239,183,65,254,92
31,239,191,66,254,99
31,239,199,67,254,107
31,239,207,68,254,117
31,239,215,68,254,127
31,239,223,68,254,139
31,239,231,70,254,154
31,239,239,72,253,171
31,239,247,74,253,190
31,239,255,75,252,208
31,247,0,57,253,30
31,247,7,57,253,30
31,247,15,57,253,31
31,247,23,57,253,32
31,247,31,58,253,33
31,247,39,58,253,35
31,247,47,59,253,37
31,247,55,60,253,39
31,247,63,60,253,41
31,247,71,60,253,43
31,247,79,61,253,46
31,247,87,61,253,48
31,247,95,62,253,51
31,247,103,62,253,54
31,247,111,62,253,56
31,247,119,62,253,59
31,247,127,62,253,61
31,247,135,63,253,65
31,247,143,63,253,68
31,247,151,64,253,72
31,247,159,65,253,76
31,247,167,66,253,81
31,247,175,66,253,85
31,247,183,66,253,90
31,247,191,66,253,96
31,247,199,66,254,103
31,247,207,67,254,112
31,247,215,68,254,123
31,247,223,69,254,135
31,247,231,69,254,149
31,247,239,71,254,164
31,247,247,72,254,182
31,247,255,75,254,200
31,255,0,57,253,30
31,255,7,58,253,30
31,255,15,58,253,31
31,255,23,58,253,32
31,255,31,58,253,33
31,255,39,58,253,35
31,255,47,59,253,36
31,255,55,59,253,38
31,255,63,60,253,41
31,255,71,60,253,43
31,255,79,61,253,45
31,255,87,61,253,48
31,255,95,62,253,50
31,255,103,62,253,53
31,255,111,62,253,55
31,255,119,63,253,58
31,255,127,63,252,61
31,255,135,63,252,64
31,255,143,64,253,67
31,255,151,64,253,71
31,255,159,65,253,75
31,255,167,66,253,80
31,255,175,66,253,85
31,255,183,67,253,90
31,255,191,67,253,96
31,255,199,67,253,102
31,255,207,68,253,110
31,255,215,68,253,120
31,255,223,69,254,132
31,255,231,70,254,145
31,255,239,71,254,160
31,255,247,72,254,175
31,255,255,74,255,191
39,0,0,29,2,12
39,0,7,29,2,19
39,0,15,30,2,26
39,0,23,30,2,35
39,0,31,29,3,44
39,0,39,29,3,53
39,0,47,29,4,63
39,0,55,28,5,73
39,0,63,28,5,83
39,0,71,26,6,94
39,0,79,25,7,107
39,0,87,23,7,122
39,0,95,22,8,138
39,0,103,21,9,156
39,0,111,20,9,175
39,0,119,21,11,190
39,0,127,22,13,202
39,0,135,24,15,213
39,0,143,27,17,221
39,0,151,30,20,225
39,0,159,33,22,229
39,0,167,35,24,231
39,0,175,38,25,233
39,0,183,40,28,235
39,0,191,42,29,237
39,0,199,43,30,239
39,0,207,43,31,242
39,0,215,44,33,245
39,0,223,46,36,247
39,0,231,46,38,249
39,0,239,46,39,252
39,0,247,47,40,254
39,0,255,48,42,255
39,7,0,29,6,10
39,7,7,29,5,17
39,7,15,29,5,25
39,7,23,29,6,33
39,7,31,29,6,42
39,7,39,29,7,51
39,7,47,29,8,60
39,7,55,29,8,69
39,7,63,28,9,80
39,7,71,27,10,91
39,7,79,27,11,102
39,7,87,25,12,116
39,7,95,24,12,132
39,7,103,23,13,149
39,7,111,23,14,167
39,7,119,23,16,183
39,7,127,25,18,197
39,7,135,27,20,208
39,7,143,28,22,217
39,7,151,32,25,222
39,7,159,35,28,226
39,7,167,37,29,230
39,7,175,40,30,232
39,7,183,42,32,234
39,7,191,44,36,237
39,7,199,46,36,239
39,7,207,45,36,242
39,7,215,45,37,245
39,7,223,47,40,247
39,7,231,49,43,249
39,7,239,48,43,251
39,7,247,48,44,253
39,7,255,49,45,254
39,15,0,30,11,10
39,15,7,30,11,15
39,15,15,30,11,23
39,15,23,30,11,31
39,15,31,29,11,39
39,15,39,29,12,48
39,15,47,30,12,57
39,15,55,29,13,66
39,15,63,29,14,76
39,15,71,29,15,86
39,15,79,28,15,98
39,15,87,27,16,111
39,15,95,27,17,125
39,15,103,26,18,140
39,15,111,26,19,158
39,15,119,26,20,176
39,15,127,27,23,190
39,15,135,30,25,200
39,15,143,31,27,211
39,15,151,34,30,219
39,15,159,37,33,224
39,15,167,40,36,228
39,15,175,43,36,231
39,15,183,44,38,234
39,15,191,45,40,237
39,15,199,49,43,239
39,15,207,48,42,242
39,15,215,48,43,244
39,15,223,49,44,246
39,15,231,50,46,248
39,15,239,51,48,251
39,15,247,51,48,253
39,15,255,51,49,254
39,23,0,30,18,9
39,23,7,30,18,15
39,23,15,30,17,21
39,23,23,30,17,29
39,23,31,30,17,37
39,23,39,30,18,45
39,23,47,30,18,54
39,23,55,30,19,63
39,23,63,30,19,72
39,23,71,30,20,82
39,23,79,30,21,93
39,23,87,30,22,105
39,23,95,29,23,118
39,23,103,29,24,133
39,23,111,29,25,149
39,23,119,30,26,164
39,23,127,30,28,180
39,23,135,32,30,193
39,23,143,35,34,203
39,23,151,37,36,214
39,23,159,40,38,221
39,23,167,43,41,226
39,23,175,46,44,230
39,23,183,48,45,234
39,23,191,48,46,237
39,23,199,49,48,239
39,23,207,52,50,241
39,23,215,51,50,244
39,23,223,51,50,246
39,23,231,52,50,248
39,23,239,52,52,250
39,23,247,54,54,252
39,23,255,53,54,254
39,31,0,31,27,9
39,31,7,31,26,14
39,31,15,31,25,20
39,31,23,31,25,27
39,31,31,31,24,34
39,31,39,31,25,42
39,31,47,31,25,50
39,31,55,32,25,59
39,31,63,32,26,68
39,31,71,32,27,78
39,31,79,32,28,88
39,31,87,32,28,100
39,31,95,32,29,112
39,31,103,31,30,125
39,31,111,32,31,139
39,31,119,32,32,156
39,31,127,33,34,169
39,31,135,35,36,185
39,31,143,37,38,198
39,31,151,40,41,208
39,31,159,44,44,217
39,31,167,46,46,225
39,31,175,47,48,230
39,31,183,50,51,234
39,31,191,52,53,237
39,31,199,52,53,240
39,31,207,53,55,242
39,31,215,54,56,244
39,31,223,55,57,246
39,31,231,55,56,248
39,31,239,55,57,250
39,31,247,55,58,252
39,31,255,56,60,253
39,39,0,33,36,8
39,39,7,33,35,13
39,39,15,33,34,19
39,39,23,32,33,25
39,39,31,32,33,32
39,39,39,32,33,39
39,39,47,33,33,47
39,39,55,33,33,56
39,39,63,33,33,65
39,39,71,33,34,74
39,39,79,34,35,84
39,39,87,34,35,94
39,39,95,34,36,105
39,39,103,34,37,118
39,39,111,34,37,132
39,39,119,35,38,146
39,39,127,35,40,162
39,39,135,37,41,176
39,39,143,39,43,191
39,39,151,43,46,204
39,39,159,44,48,214
39,39,167,48,51,223
39,39,175,51,53,230
39,39,183,51,55,234
39,39,191,53,57,238
39,39,199,55,59,240
39,39,207,56,60,242
39,39,215,57,60,244
39,39,223,57,61,247
39,39,231,58,62,249
39,39,239,58,62,250
39,39,247,58,62,252
39,39,255,58,62,253
39,47,0,35,46,8
39,47,7,35,45,13
39,47,15,35,44,18
39,47,23,34,43,24
39,47,31,34,42,31
39,47,39,34,42,37
39,47,47,35,42,45
39,47,55,35,42,53
39,47,63,35,42,62
39,47,71,35,42,70
39,47,79,36,43,80
39,47,87,36,43,90
39,47,95,36,43,100
39,47,103,36,44,112
39,47,111,36,44,124
39,47,119,37,45,139
39,47,127,37,46,154
39,47,135,39,47,170
39,47,143,41,48,185
39,47,151,41,50,201
39,47,159,47,53,213
39,47,167,49,55,221
39,47,175,52,57,230
39,47,183,54,59,235
39,47,191,55,61,238
39,47,199,57,63,241
39,47,207,58,63,243
39,47,215,60,64,245
39,47,223,60,65,247
39,47,231,60,65,249
39,47,239,60,65,251
39,47,247,62,66,252
39,47,255,61,66,253
39,55,0,37,57,8
39,55,7,37,56,13
39,55,15,37,54,18
39,55,23,36,53,23
39,55,31,36,52,29
39,55,39,37,52,36
39,55,47,37,51,43
39,55,55,37,51,51
39,55,63,37,51,59
39,55,71,37,51,67
39,55,79,38,51,76
39,55,87,38,51,85
39,55,95,38,51,95
39,55,103,39,51,106
39,55,111,39,51,118
39,55,119,39,51,132
39,55,127,39,52,147
39,55,135,40,53,163
39,55,143,41,54,180
39,55,151,44,55,195
39,55,159,47,57,209
39,55,167,51,59,221
39,55,175,53,61,228
39,55,183,57,63,234
39,55,191,57,64,239
39,55,199,60,66,242
39,55,207,62,67,244
39,55,215,60,67,246
39,55,223,62,67,248
39,55,231,64,68,250
39,55,239,62,68,252
39,55,247,62,68,253
39,55,255,63,69,254
39,63,0,40,68,9
39,63,7,39,66,13
39,63,15,39,65,18
39,63,23,39,64,23
39,63,31,39,63,29
39,63,39,39,62,35
39,63,47,39,61,42
39,63,55,39,61,49
39,63,63,40,60,56
39,63,71,40,60,64
39,63,79,40,60,73
39,63,87,41,60,81
39,63,95,41,60,91
39,63,103,41,59,101
39,63,111,41,59,113
39,63,119,41,59,125
39,63,127,42,59,140
39,63,135,43,59,155
39,63,143,43,59,172
39,63,151,47,61,189
39,63,159,48,62,204
39,63,167,52,63,216
39,63,175,56,65,227
39,63,183,56,66,234
39,63,191,60,68,238
39,63,199,61,69,242
39,63,207,61,70,245
39,63,215,64,70,247
39,63,223,63,70,249
39,63,231,63,70,250
39,63,239,64,70,252
39,63,247,65,70,254
39,63,255,65,70,254
39,71,0,42,78,9
39,71,7,42,76,14
39,71,15,41,75,18
39,71,23,41,74,23
39,71,31,41,73,29
39,71,39,41,72,35
39,71,47,42,72,41
39,71,55,42,71,48
39,71,63,42,70,55
39,71,71,42,70,62
39,71,79,43,69,70
39,71,87,43,69,78
39,71,95,43,69,87
39,71,103,44,68,96
39,71,111,44,68,107
39,71,119,44,67,119
39,71,127,44,66,132
39,71,135,44,66,148
39,71,143,46,66,164
39,71,151,45,66,182
39,71,159,48,67,199
39,71,167,52,68,212
39,71,175,54,69,224
39,71,183,58,71,233
39,71,191,58,71,238
39,71,199,61,73,242
39,71,207,63,73,245
39,71,215,64,73,247
39,71,223,65,73,249
39,71,231,65,73,251
39,71,239,66,72,252
39,71,247,66,72,253
39,71,255,67,72,254
39,79,0,43,88,10
39,79,7,44,87,14
39,79,15,44,85,19
39,79,23,44,84,23
39,79,31,44,83,29
39,79,39,44,83,35
39,79,47,44,82,41
39,79,55,44,81,47
39,79,63,45,80,53
39,79,71,45,80,60
39,79,79,46,79,68
39,79,87,46,79,75
39,79,95,46,78,84
39,79,103,46,77,92
39,79,111,47,76,102
39,79,119,47,75,113
39,79,127,46,75,125
39,79,135,47,74,139
39,79,143,47,73,156
39,79,151,49,73,173
39,79,159,51,73,190
39,79,167,53,73,207
39,79,175,55,74,220
39,79,183,59,75,229
39,79,191,61,75,236
39,79,199,63,76,241
39,79,207,66,77,244
39,79,215,65,76,246
39,79,223,66,76,249
39,79,231,67,76,251
39,79,239,67,75,252
39,79,247,69,75,253
39,79,255,68,74,254
39,87,0,45,98,11
39,87,7,45,97,14
39,87,15,46,96,18
39,87,23,46,94,24
39,87,31,46,94,29
39,87,39,46,93,35
39,87,47,46,92,40
39,87,55,47,92,46
39,87,63,48,91,53
39,87,71,48,90,59
39,87,79,48,89,66
39,87,87,48,88,73
39,87,95,49,88,81
39,87,103,49,86,89
39,87,111,49,85,98
39,87,119,50,84,107
39,87,127,49,83,119
39,87,135,49,82,133
39,87,143,50,81,147
39,87,151,50,80,165
39,87,159,53,80,181
39,87,167,54,79,199
39,87,175,58,79,214
39,87,183,59,79,226
39,87,191,62,80,234
39,87,199,65,80,240
39,87,207,65,80,244
39,87,215,68,80,247
39,87,223,67,79,249
39,87,231,68,79,251
39,87,239,69,79,252
39,87,247,69,78,253
39,87,255,69,77,254
39,95,0,47,108,12
39,95,7,48,107,15
39,95,15,48,106,19
39,95,23,49,105,24
39,95,31,49,104,29
39,95,39,49,103,35
39,95,47,49,102,40
39,95,55,49,102,46
39,95,63,49,101,51
39,95,71,50,100,58
39,95,79,51,99,65
39,95,87,51,98,71
39,95,95,50,97,78
39,95,103,51,96,86
39,95,111,52,95,94
39,95,119,51,93,103
39,95,127,52,92,114
39,95,135,52,91,125
39,95,143,52,89,140
39,95,151,54,88,156
39,95,159,53,87,174
39,95,167,56,86,191
39,95,175,57,85,207
39,95,183,60,85,222
39,95,191,63,84,231
39,95,199,64,84,239
39,95,207,66,84,244
39,95,215,67,83,247
39,95,223,68,83,249
39,95,231,69,82,251
39,95,239,69,82,252
39,95,247,70,81,253
39,95,255,71,81,254
39,103,0,48,119,12
39,103,7,48,117,16
39,103,15,49,116,20
39,103,23,49,115,24
39,103,31,49,114,29
39,103,39,49,113,34
39,103,47,51,113,40
39,103,55,52,112,46
39,103,63,52,111,51
39,103,71,52,110,57
39,103,79,52,109,63
39,103,87,52,108,69
39,103,95,54,107,77
39,103,103,54,106,84
39,103,111,53,104,91
39,103,119,54,103,99
39,103,127,55,101,109
39,103,135,54,100,120
39,103,143,55,98,133
39,103,151,54,96,149
39,103,159,55,95,166
39,103,167,56,93,183
39,103,175,60,92,201
39,103,183,60,91,215
39,103,191,64,90,227
39,103,199,65,89,236
39,103,207,68,88,242
39,103,215,68,87,246
39,103,223,69,86,249
39,103,231,70,86,251
39,103,239,70,85,252
39,103,247,72,85,253
39,103,255,72,84,254
39,111,0,49,129,13
39,111,7,50,128,16
39,111,15,50,127,20
39,111,23,51,125,25
39,111,31,52,124,29
39,111,39,52,123,34
39,111,47,52,122,39
39,111,55,52,122,44
39,111,63,53,121,50
39,111,71,54,120,56
39,111,79,56,119,62
39,111,87,55,118,68
39,111,95,55,116,74
39,111,103,55,115,81
39,111,111,57,114,89
39,111,119,56,112,96
39,111,127,56,110,104
39,111,135,57,109,115
39,111,143,56,107,127
39,111,151,55,105,141
39,111,159,57,103,158
39,111,167,58,101,175
39,111,175,59,99,193
39,111,183,62,97,209
39,111,191,63,96,222
39,111,199,66,94,233
39,111,207,68,93,241
39,111,215,69,92,246
39,111,223,71,91,249
39,111,231,71,90,251
39,111,239,72,89,253
39,111,247,72,88,253
39,111,255,73,87,253
39,119,0,49,141,14
39,119,7,49,140,16
39,119,15,50,138,20
39,119,23,52,137,24
39,119,31,53,135,30
39,119,39,55,134,35
39,119,47,55,133,39
39,119,55,55,132,44
39,119,63,55,131,49
39,119,71,54,130,54
39,119,79,55,129,60
39,119,87,56,128,66
39,119,95,58,127,73
39,119,103,58,125,79
39,119,111,57,123,85
39,119,119,58,122,93
39,119,127,60,120,101
39,119,135,59,118,110
39,119,143,58,116,121
39,119,151,59,114,134
39,119,159,59,112,149
39,119,167,59,110,167
39,119,175,62,107,185
39,119,183,61,105,201
39,119,191,65,103,216
39,119,199,66,101,228
39,119,207,69,99,237
39,119,215,69,97,244
39,119,223,70,96,249
39,119,231,72,94,252
39,119,239,72,93,253
39,119,247,73,92,254
39,119,255,75,91,254
39,127,0,50,152,14
39,127,7,51,151,17
39,127,15,52,149,21
39,127,23,51,148,24
39,127,31,51,147,28
39,127,39,52,145,33
39,127,47,53,144,38
39,127,55,55,143,43
39,127,63,57,143,48
39,127,71,58,142,53
39,127,79,58,140,58
39,127,87,57,139,63
39,127,95,56,137,69
39,127,103,58,136,76
39,127,111,61,135,83
39,127,119,60,133,89
39,127,127,59,130,97
39,127,135,60,128,106
39,127,143,62,126,116
39,127,151,60,124,128
39,127,159,60,122,142
39,127,167,63,119,157
39,127,175,61,116,175
39,127,183,63,114,193
39,127,191,62,111,209
39,127,199,64,108,224
39,127,207,68,106,234
39,127,215,70,104,242
39,127,223,71,101,247
39,127,231,72,100,251
39,127,239,73,98,253
39,127,247,74,97,254
39,127,255,75,96,254
39,135,0,52,165,15
39,135,7,52,164,18
39,135,15,53,162,21
39,135,23,54,159,25
39,135,31,55,158,29
39,135,39,55,157,33
39,135,47,55,156,38
39,135,55,54,155,42
39,135,63,54,154,46
39,135,71,56,153,51
39,135,79,58,152,57
39,135,87,60,151,62
39,135,95,60,149,68
39,135,103,59,147,73
39,135,111,59,145,79
39,135,119,60,144,86
39,135,127,63,142,94
39,135,135,61,139,102
39,135,143,60,137,111
39,135,151,62,135,122
39,135,159,63,132,134
39,135,167,61,130,149
39,135,175,63,127,165
39,135,183,63,124,183
39,135,191,64,120,201
39,135,199,66,117,215
39,135,207,68,114,228
39,135,215,69,111,238
39,135,223,71,108,245
39,135,231,72,106,250
39,135,239,73,104,253
39,135,247,75,102,255
39,135,255,75,100,255
39,143,0,52,180,16
39,143,7,52,179,18
39,143,15,53,177,20
39,143,23,54,175,24
39,143,31,56,172,29
39,143,39,57,170,33
39,143,47,57,169,38
39,143,55,58,167,42
39,143,63,57,166,46
39,143,71,57,165,50
39,143,79,55,164,54
39,143,87,56,163,60
39,143,95,59,161,66
39,143,103,62,159,72
39,143,111,62,157,77
39,143,119,61,155,83
39,143,127,60,153,90
39,143,135,62,151,98
39,143,143,65,149,107
39,143,151,62,147,117
39,143,159,61,144,128
39,143,167,64,141,140
39,143,175,63,138,156
39,143,183,63,135,173
39,143,191,65,131,190
39,143,199,67,127,207
39,143,207,67,123,221
39,143,215,71,120,233
39,143,223,70,117,242
39,143,231,73,114,249
39,143,239,73,111,252
39,143,247,75,108,254
39,143,255,76,106,255
39,151,0,51,194,17
39,151,7,52,192,19
39,151,15,52,191,21
39,151,23,53,190,24
39,151,31,53,188,28
39,151,39,54,185,32
39,151,47,55,183,37
39,151,55,57,182,41
39,151,63,59,180,46
39,151,71,60,178,50
39,151,79,59,177,54
39,151,87,58,175,58
39,151,95,58,174,63
39,151,103,59,172,69
39,151,111,61,170,75
39,151,119,63,168,81
39,151,127,63,166,87
39,151,135,62,164,94
39,151,143,62,162,102
39,151,151,64,160,111
39,151,159,65,157,122
39,151,167,63,154,134
39,151,175,63,151,147
39,151,183,65,147,163
39,151,191,65,143,179
39,151,199,65,139,196
39,151,207,69,135,212
39,151,215,69,131,226
39,151,223,70,127,237
39,151,231,72,123,246
39,151,239,73,119,252
39,151,247,75,116,254
39,151,255,76,112,255
39,159,0,53,206,18
39,159,7,53,205,20
39,159,15,54,204,22
39,159,23,55,202,26
39,159,31,55,201,28
39,159,39,55,199,32
39,159,47,55,197,36
39,159,55,56,195,40
39,159,63,56,194,44
39,159,71,57,192,48
39,159,79,59,190,53
39,159,87,61,188,58
39,159,95,62,186,62
39,159,103,61,185,67
39,159,111,60,183,72
39,159,119,60,182,78
39,159,127,62,179,84
39,159,135,65,177,92
39,159,143,64,175,99
39,159,151,63,173,107
39,159,159,63,171,116
39,159,167,66,167,127
39,159,175,65,164,140
39,159,183,64,162,154
39,159,191,65,157,169
39,159,199,68,153,184
39,159,207,67,148,201
39,159,215,69,143,216
39,159,223,71,138,229
39,159,231,72,134,240
39,159,239,73,129,248
39,159,247,76,125,255
39,159,255,76,121,255
39,167,0,55,217,20
39,167,7,55,216,22
39,167,15,56,215,24
39,167,23,57,213,27
39,167,31,58,211,31
39,167,39,58,210,33
39,167,47,58,208,37
39,167,55,58,207,41
39,167,63,57,206,44
39,167,71,57,204,48
39,167,79,58,203,52
39,167,87,58,201,56
39,167,95,60,199,61
39,167,103,62,197,66
39,167,111,63,195,71
39,167,119,62,194,76
39,167,127,61,193,82
39,167,135,62,191,88
39,167,143,64,189,95
39,167,151,66,186,103
39,167,159,64,185,111
39,167,167,63,183,121
39,167,175,65,179,132
39,167,183,67,175,145
39,167,191,66,172,159
39,167,199,65,168,174
39,167,207,67,163,190
39,167,215,69,157,206
39,167,223,70,152,221
39,167,231,72,146,234
39,167,239,75,140,244
39,167,247,75,135,251
39,167,255,77,130,255
39,175,0,54,225,22
39,175,7,54,225,23
39,175,15,54,224,25
39,175,23,55,223,28
39,175,31,56,222,31
39,175,39,58,220,35
39,175,47,59,219,38
39,175,55,60,217,41
39,175,63,61,215,45
39,175,71,61,214,48
39,175,79,60,213,52
39,175,87,59,212,56
39,175,95,59,211,60
39,175,103,60,210,65
39,175,111,61,208,70
39,175,119,63,206,75
39,175,127,65,204,80
39,175,135,63,204,86
39,175,143,62,203,92
39,175,151,63,201,99
39,175,159,66,198,107
39,175,167,67,196,115
39,175,175,65,194,125
39,175,183,65,192,137
39,175,191,66,188,149
39,175,199,69,183,163
39,175,207,67,179,179
39,175,215,68,173,195
39,175,223,70,167,211
39,175,231,72,160,226
39,175,239,73,154,239
39,175,247,76,147,249
39,175,255,78,141,253
39,183,0,54,232,24
39,183,7,55,232,26
39,183,15,55,231,27
39,183,23,55,231,29
39,183,31,56,230,31
39,183,39,56,229,34
39,183,47,57,228,38
39,183,55,58,227,41
39,183,63,59,226,44
39,183,71,60,225,48
39,183,79,61,223,52
39,183,87,63,221,56
39,183,95,62,221,60
39,183,103,61,220,64
39,183,111,61,219,68
39,183,119,61,218,73
39,183,127,63,216,78
39,183,135,64,215,84
39,183,143,67,214,90
39,183,151,64,213,95
39,183,159,63,212,102
39,183,167,65,210,110
39,183,175,67,208,119
39,183,183,68,205,129
39,183,191,66,203,140
39,183,199,66,199,154
39,183,207,68,195,168
39,183,215,69,190,184
39,183,223,69,184,201
39,183,231,71,176,217
39,183,239,75,169,232
39,183,247,76,162,245
39,183,255,78,155,253
39,191,0,56,236,26
39,191,7,56,236,27
39,191,15,57,236,29
39,191,23,57,236,31
39,191,31,57,236,33
39,191,39,57,235,35
39,191,47,57,235,38
39,191,55,57,234,41
39,191,63,58,234,44
39,191,71,59,233,47
39,191,79,59,232,51
39,191,87,60,231,54
39,191,95,62,230,59
39,191,103,63,228,63
39,191,111,64,227,67
39,191,119,63,227,72
39,191,127,62,226,76
39,191,135,63,225,81
39,191,143,64,224,86
39,191,151,66,223,92
39,191,159,68,222,99
39,191,167,65,222,105
39,191,175,65,220,113
39,191,183,67,218,122
39,191,191,68,216,132
39,191,199,68,213,144
39,191,207,68,210,158
39,191,215,69,205,173
39,191,223,71,199,190
39,191,231,72,193,207
39,191,239,73,186,223
39,191,247,76,178,238
39,191,255,79,171,250
39,199,0,57,240,28
39,199,7,57,240,29
39,199,15,58,241,30
39,199,23,59,241,32
39,199,31,60,241,34
39,199,39,60,241,36
39,199,47,60,240,39
39,199,55,60,240,41
39,199,63,60,239,44
39,199,71,59,239,47
39,199,79,59,238,50
39,199,87,60,238,53
39,199,95,60,237,57
39,199,103,61,236,61
39,199,111,62,235,65
39,199,119,64,235,70
39,199,127,66,234,75
39,199,135,64,233,79
39,199,143,62,233,83
39,199,151,64,233,89
39,199,159,66,232,94
39,199,167,68,231,101
39,199,175,69,230,108
39,199,183,65,230,115
39,199,191,67,228,125
39,199,199,68,226,136
39,199,207,71,223,148
39,199,215,69,219,164
39,199,223,70,215,180
39,199,231,72,209,197
39,199,239,74,203,215
39,199,247,75,195,232
39,199,255,78,188,246
39,207,0,56,243,28
39,207,7,57,243,29
39,207,15,57,243,30
39,207,23,58,243,32
39,207,31,58,244,34
39,207,39,59,244,36
39,207,47,60,244,39
39,207,55,61,244,42
39,207,63,62,244,44
39,207,71,62,244,48
39,207,79,62,243,50
39,207,87,61,243,53
39,207,95,61,242,56
39,207,103,61,242,60
39,207,111,61,241,63
39,207,119,62,241,68
39,207,127,64,240,72
39,207,135,65,240,77
39,207,143,67,240,82
39,207,151,66,239,86
39,207,159,66,239,91
39,207,167,66,239,96
39,207,175,67,238,103
39,207,183,69,238,110
39,207,191,70,237,118
39,207,199,68,236,128
39,207,207,69,234,140
39,207,215,70,231,153
39,207,223,71,228,170
39,207,231,72,224,187
39,207,239,73,218,206
39,207,247,75,212,224
39,207,255,78,205,242
39,215,0,57,245,29
39,215,7,57,245,30
39,215,15,57,245,31
39,215,23,58,246,32
39,215,31,58,246,34
39,215,39,59,246,36
39,215,47,60,247,38
39,215,55,60,247,41
39,215,63,61,247,44
39,215,71,61,247,47
39,215,79,62,247,50
39,215,87,63,247,53
39,215,95,64,247,56
39,215,103,63,246,59
39,215,111,62,246,62
39,215,119,63,245,66
39,215,127,63,245,70
39,215,135,64,245,74
39,215,143,65,245,79
39,215,151,66,245,83
39,215,159,68,245,88
39,215,167,67,245,93
39,215,175,67,245,98
39,215,183,67,245,105
39,215,191,68,244,113
39,215,199,70,244,122
39,215,207,70,243,133
39,215,215,70,242,146
39,215,223,71,239,160
39,215,231,73,236,178
39,215,239,74,232,196
39,215,247,75,227,215
39,215,255,77,221,234
39,223,0,57,248,29
39,223,7,58,248,30
39,223,15,58,248,31
39,223,23,58,248,33
39,223,31,59,248,34
39,223,39,59,248,36
39,223,47,60,249,38
39,223,55,60,249,41
39,223,63,61,249,43
39,223,71,61,249,46
39,223,79,62,250,49
39,223,87,62,250,52
39,223,95,63,250,55
39,223,103,64,250,58
39,223,111,64,250,61
39,223,119,65,249,65
39,223,127,65,249,68
39,223,135,65,249,72
39,223,143,65,249,76
39,223,151,66,249,80
39,223,159,66,249,84
39,223,167,68,249,89
39,223,175,69,250,95
39,223,183,68,250,101
39,223,191,68,250,108
39,223,199,68,249,117
39,223,207,70,249,127
39,223,215,72,248,139
39,223,223,71,247,153
39,223,231,72,245,168
39,223,239,74,243,187
39,223,247,76,239,207
39,223,255,77,235,227
39,231,0,59,250,30
39,231,7,59,250,31
39,231,15,59,250,32
39,231,23,60,250,33
39,231,31,61,251,35
39,231,39,61,251,37
39,231,47,61,251,38
39,231,55,61,251,40
39,231,63,61,251,43
39,231,71,62,251,45
39,231,79,62,251,48
39,231,87,62,251,51
39,231,95,62,251,53
39,231,103,63,252,56
39,231,111,64,252,60
39,231,119,64,252,63
39,231,127,65,252,67
39,231,135,66,252,70
39,231,143,66,252,74
39,231,151,66,252,78
39,231,159,66,252,82
39,231,167,67,252,86
39,231,175,67,252,91
39,231,183,69,253,97
39,231,191,69,253,105
39,231,199,69,253,112
39,231,207,69,252,122
39,231,215,70,252,133
39,231,223,72,252,146
39,231,231,73,251,162
39,231,239,73,250,179
39,231,247,75,248,198
39,231,255,77,245,219
39,239,0,58,252,30
39,239,7,59,252,31
39,239,15,59,252,32
39,239,23,59,252,33
39,239,31,60,252,35
39,239,39,61,252,37
39,239,47,62,252,39
39,239,55,62,252,41
39,239,63,62,253,43
39,239,71,63,253,45
39,239,79,63,253,47
39,239,87,63,253,50
39,239,95,63,253,53
39,239,103,63,253,55
39,239,111,63,253,58
39,239,119,64,253,61
39,239,127,64,253,64
39,239,135,65,253,68
39,239,143,66,253,72
39,239,151,67,254,76
39,239,159,67,254,80
39,239,167,67,254,84
39,239,175,67,254,88
39,239,183,67,254,94
39,239,191,68,254,100
39,239,199,70,254,109
39,239,207,70,254,118
39,239,215,70,254,128
39,239,223,70,254,141
39,239,231,72,254,155
39,239,239,74,254,173
39,239,247,75,253,191
39,239,255,76,252,210
39,247,0,58,253,30
39,247,7,59,253,31
39,247,15,59,253,32
39,247,23,59,253,33
39,247,31,59,253,34
39,247,39,60,253,36
39,247,47,61,253,38
39,247,55,62,253,40
39,247,63,62,253,42
39,247,71,62,253,44
39,247,79,63,253,47
39,247,87,63,253,49
39,247,95,64,253,52
39,247,103,64,253,55
39,247,111,64,253,57
39,247,119,64,253,60
39,247,127,64,253,63
39,247,135,65,253,66
39,247,143,65,253,69
39,247,151,66,253,74
39,247,159,67,254,78
39,247,167,68,253,82
39,247,175,68,253,87
39,247,183,67,253,91
39,247,191,68,254,97
39,247,199,68,254,105
39,247,207,69,254,114
39,247,215,71,254,125
39,247,223,71,254,137
39,247,231,71,254,150
39,247,239,72,254,166
39,247,247,74,254,183
39,247,255,76,254,202
39,255,0,59,253,30
39,255,7,59,253,31
39,255,15,59,253,32
39,255,23,59,253,33
39,255,31,60,253,34
39,255,39,60,253,35
39,255,47,60,253,37
39,255,55,61,253,39
39,255,63,62,253,41
39,255,71,62,253,44
39,255,79,62,253,46
39,255,87,63,253,49
39,255,95,63,253,51
39,255,103,64,253,54
39,255,111,64,253,57
39,255,119,64,253,59
39,255,127,65,253,62
39,255,135,65,253,65
39,255,143,66,253,68
39,255,151,66,253,72
39,255,159,67,253,77
39,255,167,68,253,81
39,255,175,68,253,86
39,255,183,69,253,91
39,255,191,69,253,97
39,255,199,69,253,104
39,255,207,70,253,112
39,255,215,70,254,122
39,255,223,71,254,134
39,255,231,72,254,147
39,255,239,73,254,161
39,255,247,74,254,177
39,255,255,75,255,192
47,0,0,36,1,12
47,0,7,36,1,19
47,0,15,36,2,28
47,0,23,37,2,36
47,0,31,37,3,45
47,0,39,36,3,54
47,0,47,36,4,64
47,0,55,36,5,73
47,0,63,35,6,84
47,0,71,33,6,95
47,0,79,32,7,109
47,0,87,30,7,124
47,0,95,29,8,140
47,0,103,28,9,157
47,0,111,27,10,176
47,0,119,27,11,192
47,0,127,28,13,204
47,0,135,29,15,214
47,0,143,32,18,221
47,0,151,35,20,225
47,0,159,37,22,229
47,0,167,39,24,231
47,0,175,42,25,232
47,0,183,44,28,234
47,0,191,44,29,237
47,0,199,46,30,239
47,0,207,46,31,242
47,0,215,46,33,244
47,0,223,48,36,246
47,0,231,48,38,249
47,0,239,48,39,251
47,0,247,48,40,253
47,0,255,49,42,255
47,7,0,36,5,12
47,7,7,36,5,18
47,7,15,36,5,26
47,7,23,36,5,34
47,7,31,36,6,43
47,7,39,36,6,52
47,7,47,36,7,61
47,7,55,36,8,71
47,7,63,35,9,81
47,7,71,35,10,92
47,7,79,34,11,104
47,7,87,32,11,118
47,7,95,31,12,133
47,7,103,30,13,151
47,7,111,29,14,169
47,7,119,30,15,186
47,7,127,30,17,198
47,7,135,32,20,208
47,7,143,34,22,217
47,7,151,37,26,222
47,7,159,40,28,226
47,7,167,41,29,229
47,7,175,44,30,231
47,7,183,45,33,234
47,7,191,47,36,237
47,7,199,48,36,239
47,7,207,48,36,242
47,7,215,48,37,244
47,7,223,49,40,246
47,7,231,51,42,248
47,7,239,50,43,251
47,7,247,50,43,253
47,7,255,50,45,254
47,15,0,36,10,12
47,15,7,36,10,18
47,15,15,36,10,24
47,15,23,36,10,32
47,15,31,36,10,40
47,15,39,36,11,49
47,15,47,36,12,58
47,15,55,36,12,68
47,15,63,36,13,77
47,15,71,35,14,88
47,15,79,35,15,99
47,15,87,34,16,112
47,15,95,33,17,126
47,15,103,33,17,143
47,15,111,32,18,161
47,15,119,32,20,177
47,15,127,33,23,190
47,15,135,35,25,201
47,15,143,36,27,211
47,15,151,38,30,219
47,15,159,42,34,223
47,15,167,44,35,227
47,15,175,46,36,231
47,15,183,48,38,234
47,15,191,49,41,236
47,15,199,51,43,239
47,15,207,51,42,241
47,15,215,50,43,244
47,15,223,51,44,246
47,15,231,52,46,248
47,15,239,52,48,250
47,15,247,52,48,252
47,15,255,52,48,254
47,23,0,36,17,11
47,23,7,36,17,16
47,23,15,36,16,23
47,23,23,36,16,30
47,23,31,36,16,38
47,23,39,36,17,46
47,23,47,37,17,55
47,23,55,37,18,64
47,23,63,37,19,74
47,23,71,36,20,84
47,23,79,36,20,94
47,23,87,36,21,106
47,23,95,35,22,120
47,23,103,35,23,134
47,23,111,35,24,150
47,23,119,35,26,166
47,23,127,36,28,181
47,23,135,37,30,193
47,23,143,40,33,202
47,23,151,41,36,213
47,23,159,44,38,220
47,23,167,47,41,226
47,23,175,49,44,230
47,23,183,51,44,234
47,23,191,51,46,237
47,23,199,52,48,239
47,23,207,55,50,241
47,23,215,54,50,244
47,23,223,53,49,246
47,23,231,54,50,248
47,23,239,55,52,250
47,23,247,55,54,252
47,23,255,55,53,254
47,31,0,37,25,10
47,31,7,37,25,15
47,31,15,37,24,21
47,31,23,37,24,28
47,31,31,37,23,36
47,31,39,37,24,43
47,31,47,37,24,52
47,31,55,37,25,61
47,31,63,38,25,70
47,31,71,38,26,79
47,31,79,38,27,90
47,31,87,38,27,101
47,31,95,37,28,113
47,31,103,37,29,126
47,31,111,37,30,141
47,31,119,37,32,157
47,31,127,39,34,170
47,31,135,40,36,185
47,31,143,42,38,197
47,31,151,45,41,207
47,31,159,47,44,217
47,31,167,50,46,225
47,31,175,51,49,230
47,31,183,54,51,234
47,31,191,56,53,237
47,31,199,55,54,240
47,31,207,56,55,242
47,31,215,57,56,244
47,31,223,57,56,246
47,31,231,57,56,248
47,31,239,57,57,250
47,31,247,57,58,252
47,31,255,58,60,253
47,39,0,39,35,9
47,39,7,38,34,14
47,39,15,38,33,20
47,39,23,38,32,27
47,39,31,38,32,33
47,39,39,38,32,41
47,39,47,38,32,49
47,39,55,39,32,57
47,39,63,39,32,66
47,39,71,39,33,75
47,39,79,39,34,85
47,39,87,39,34,95
47,39,95,39,35,107
47,39,103,39,36,119
47,39,111,39,37,133
47,39,119,40,38,147
47,39,127,41,39,163
47,39,135,42,41,176
47,39,143,44,43,190
47,39,151,47,46,204
47,39,159,49,49,214
47,39,167,52,51,223
47,39,175,55,54,231
47,39,183,55,55,235
47,39,191,57,58,238
47,39,199,59,60,241
47,39,207,59,60,243
47,39,215,59,60,245
47,39,223,60,61,247
47,39,231,60,62,249
47,39,239,60,62,250
47,39,247,60,62,252
47,39,255,60,63,253
47,47,0,40,44,9
47,47,7,40,43,14
47,47,15,40,42,19
47,47,23,40,42,25
47,47,31,40,41,32
47,47,39,40,41,39
47,47,47,40,40,46
47,47,55,40,41,54
47,47,63,40,41,63
47,47,71,41,41,72
47,47,79,41,41,81
47,47,87,41,42,91
47,47,95,41,42,101
47,47,103,41,43,113
47,47,111,42,43,125
47,47,119,42,44,140
47,47,127,43,45,154
47,47,135,44,46,169
47,47,143,46,48,184
47,47,151,47,50,200
47,47,159,52,53,212
47,47,167,53,55,222
47,47,175,55,58,230
47,47,183,58,60,236
47,47,191,59,61,239
47,47,199,60,63,241
47,47,207,61,64,243
47,47,215,63,65,245
47,47,223,63,65,247
47,47,231,62,65,249
47,47,239,63,66,251
47,47,247,64,66,252
47,47,255,63,66,253
47,55,0,42,55,9
47,55,7,42,54,14
47,55,15,42,53,19
47,55,23,42,52,25
47,55,31,42,51,31
47,55,39,42,50,37
47,55,47,42,50,44
47,55,55,42,50,52
47,55,63,42,50,60
47,55,71,42,50,68
47,55,79,43,50,77
47,55,87,43,50,86
47,55,95,43,50,96
47,55,103,44,50,107
47,55,111,44,51,119
47,55,119,44,51,133
47,55,127,45,51,147
47,55,135,45,52,163
47,55,143,47,53,180
47,55,151,50,55,194
47,55,159,52,57,209
47,55,167,55,59,221
47,55,175,57,61,229
47,55,183,60,63,235
47,55,191,61,65,239
47,55,199,63,66,242
47,55,207,65,67,244
47,55,215,63,68,246
47,55,223,65,68,248
47,55,231,66,69,250
47,55,239,64,68,252
47,55,247,64,68,253
47,55,255,65,69,254
47,63,0,44,65,10
47,63,7,44,64,14
47,63,15,44,63,19
47,63,23,44,62,24
47,63,31,44,61,30
47,63,39,44,60,36
47,63,47,44,60,43
47,63,55,44,60,50
47,63,63,44,59,58
47,63,71,45,59,66
47,63,79,45,59,74
47,63,87,45,59,82
47,63,95,46,59,92
47,63,103,46,59,102
47,63,111,46,58,114
47,63,119,46,58,127
47,63,127,47,58,140
47,63,135,47,59,155
47,63,143,48,59,171
47,63,151,51,60,189
47,63,159,53,62,204
47,63,167,56,64,216
47,63,175,60,66,228
47,63,183,60,67,234
47,63,191,64,69,239
47,63,199,64,69,242
47,63,207,65,70,245
47,63,215,67,71,247
47,63,223,66,71,249
47,63,231,66,71,250
47,63,239,67,71,252
47,63,247,67,71,253
47,63,255,67,71,254
47,71,0,47,76,10
47,71,7,46,74,15
47,71,15,46,73,19
47,71,23,46,72,24
47,71,31,46,71,30
47,71,39,46,71,36
47,71,47,46,70,42
47,71,55,46,70,49
47,71,63,47,69,56
47,71,71,47,69,63
47,71,79,47,68,71
47,71,87,47,68,79
47,71,95,48,68,88
47,71,103,48,67,97
47,71,111,48,67,108
47,71,119,48,66,120
47,71,127,49,66,133
47,71,135,49,65,147
47,71,143,51,66,163
47,71,151,51,66,181
47,71,159,54,67,198
47,71,167,56,68,212
47,71,175,59,69,224
47,71,183,63,71,233
47,71,191,62,72,238
47,71,199,65,73,242
47,71,207,67,74,245
47,71,215,67,74,247
47,71,223,68,74,249
47,71,231,68,73,251
47,71,239,68,73,252
47,71,247,68,73,253
47,71,255,69,72,254
47,79,0,49,86,11
47,79,7,49,85,15
47,79,15,48,84,20
47,79,23,48,83,25
47,79,31,48,82,30
47,79,39,49,81,36
47,79,47,49,81,42
47,79,55,49,80,48
47,79,63,50,79,55
47,79,71,50,79,62
47,79,79,50,78,69
47,79,87,50,78,77
47,79,95,50,77,85
47,79,103,51,76,93
47,79,111,51,76,103
47,79,119,51,75,114
47,79,127,51,74,126
47,79,135,51,73,140
47,79,143,52,73,155
47,79,151,53,73,173
47,79,159,55,73,190
47,79,167,57,73,207
47,79,175,60,74,220
47,79,183,62,75,230
47,79,191,65,76,237
47,79,199,67,76,241
47,79,207,68,77,244
47,79,215,68,77,247
47,79,223,69,77,249
47,79,231,69,76,251
47,79,239,70,76,252
47,79,247,71,75,253
47,79,255,70,74,254
47,87,0,50,96,12
47,87,7,50,95,16
47,87,15,50,94,20
47,87,23,51,93,25
47,87,31,51,92,30
47,87,39,51,91,36
47,87,47,51,91,42
47,87,55,52,90,48
47,87,63,52,90,54
47,87,71,52,89,60
47,87,79,53,88,67
47,87,87,53,88,74
47,87,95,53,87,82
47,87,103,53,86,90
47,87,111,54,85,99
47,87,119,54,84,108
47,87,127,54,83,120
47,87,135,54,82,133
47,87,143,55,81,148
47,87,151,55,80,165
47,87,159,57,80,182
47,87,167,58,79,199
47,87,175,62,80,214
47,87,183,63,80,227
47,87,191,66,80,235
47,87,199,68,80,241
47,87,207,68,80,244
47,87,215,72,80,247
47,87,223,70,80,249
47,87,231,70,80,251
47,87,239,71,79,253
47,87,247,71,78,253
47,87,255,71,77,254
47,95,0,52,106,13
47,95,7,52,105,17
47,95,15,53,104,21
47,95,23,53,103,25
47,95,31,53,102,31
47,95,39,53,102,36
47,95,47,53,101,42
47,95,55,54,100,47
47,95,63,54,100,53
47,95,71,55,99,59
47,95,79,55,98,66
47,95,87,55,97,72
47,95,95,55,96,80
47,95,103,56,95,87
47,95,111,56,94,95
47,95,119,56,93,104
47,95,127,57,92,114
47,95,135,56,90,126
47,95,143,57,89,141
47,95,151,57,88,157
47,95,159,58,87,174
47,95,167,60,86,191
47,95,175,61,85,207
47,95,183,65,85,222
47,95,191,66,85,232
47,95,199,68,84,239
47,95,207,71,84,244
47,95,215,70,83,247
47,95,223,71,83,250
47,95,231,71,83,251
47,95,239,71,82,252
47,95,247,72,82,253
47,95,255,72,81,254
47,103,0,53,116,14
47,103,7,53,115,18
47,103,15,54,114,22
47,103,23,54,113,26
47,103,31,55,112,31
47,103,39,55,112,36
47,103,47,56,111,41
47,103,55,56,111,47
47,103,63,56,110,52
47,103,71,56,109,58
47,103,79,57,108,64
47,103,87,58,107,71
47,103,95,58,106,78
47,103,103,58,105,85
47,103,111,58,103,92
47,103,119,60,102,101
47,103,127,59,101,110
47,103,135,59,99,120
47,103,143,60,98,134
47,103,151,59,96,149
47,103,159,61,95,166
47,103,167,61,93,184
47,103,175,64,92,201
47,103,183,65,91,216
47,103,191,68,90,228
47,103,199,69,89,237
47,103,207,71,88,243
47,103,215,72,88,247
47,103,223,72,87,249
47,103,231,73,86,251
47,103,239,73,86,252
47,103,247,74,85,253
47,103,255,74,84,254
47,111,0,54,127,15
47,111,7,54,126,18
47,111,15,55,125,21
47,111,23,56,123,26
47,111,31,56,122,31
47,111,39,56,122,36
47,111,47,57,121,41
47,111,55,57,121,46
47,111,63,59,120,52
47,111,71,59,119,58
47,111,79,59,118,63
47,111,87,59,117,69
47,111,95,60,116,76
47,111,103,61,115,83
47,111,111,61,113,90
47,111,119,61,112,97
47,111,127,61,110,106
47,111,135,62,108,115
47,111,143,61,107,127
47,111,151,61,105,142
47,111,159,62,103,158
47,111,167,62,101,176
47,111,175,64,99,193
47,111,183,66,97,210
47,111,191,67,96,223
47,111,199,71,94,234
47,111,207,71,93,242
47,111,215,73,92,246
47,111,223,73,91,249
47,111,231,73,90,251
47,111,239,75,89,253
47,111,247,74,89,253
47,111,255,75,88,253
47,119,0,56,137,15
47,119,7,57,136,19
47,119,15,57,135,22
47,119,23,57,134,26
47,119,31,58,133,31
47,119,39,58,132,36
47,119,47,59,131,41
47,119,55,59,131,46
47,119,63,59,130,51
47,119,71,59,129,56
47,119,79,61,128,62
47,119,87,62,127,68
47,119,95,62,126,74
47,119,103,62,124,80
47,119,111,62,123,87
47,119,119,64,121,94
47,119,127,64,120,102
47,119,135,64,118,110
47,119,143,63,116,122
47,119,151,64,114,135
47,119,159,63,112,150
47,119,167,64,109,167
47,119,175,66,107,185
47,119,183,65,105,202
47,119,191,69,103,217
47,119,199,70,101,229
47,119,207,72,99,238
47,119,215,73,97,245
47,119,223,73,96,249
47,119,231,75,95,252
47,119,239,75,94,253
47,119,247,76,93,254
47,119,255,76,92,254
47,127,0,55,149,16
47,127,7,56,148,19
47,127,15,57,146,23
47,127,23,57,145,26
47,127,31,57,144,31
47,127,39,58,143,36
47,127,47,60,142,41
47,127,55,61,142,46
47,127,63,61,141,50
47,127,71,62,140,55
47,127,79,62,139,60
47,127,87,62,138,66
47,127,95,62,136,72
47,127,103,65,135,78
47,127,111,65,134,84
47,127,119,64,132,91
47,127,127,64,130,99
47,127,135,66,128,108
47,127,143,66,126,117
47,127,151,64,124,129
47,127,159,65,122,142
47,127,167,67,119,157
47,127,175,65,116,175
47,127,183,68,114,194
47,127,191,66,111,210
47,127,199,69,108,224
47,127,207,71,106,234
47,127,215,74,104,242
47,127,223,74,102,248
47,127,231,75,100,251
47,127,239,76,98,253
47,127,247,76,97,254
47,127,255,77,96,254
47,135,0,56,162,16
47,135,7,56,161,19
47,135,15,57,159,22
47,135,23,58,157,27
47,135,31,59,156,31
47,135,39,59,155,35
47,135,47,60,154,40
47,135,55,60,153,44
47,135,63,60,153,49
47,135,71,62,152,54
47,135,79,64,151,59
47,135,87,64,149,64
47,135,95,64,148,69
47,135,103,64,146,75
47,135,111,64,145,81
47,135,119,67,143,88
47,135,127,67,141,95
47,135,135,66,139,103
47,135,143,65,137,113
47,135,151,68,135,123
47,135,159,67,132,135
47,135,167,66,130,150
47,135,175,68,127,166
47,135,183,67,123,184
47,135,191,68,120,201
47,135,199,70,117,216
47,135,207,72,114,229
47,135,215,73,111,239
47,135,223,74,109,245
47,135,231,75,106,250
47,135,239,76,104,253
47,135,247,77,102,255
47,135,255,78,101,255
47,143,0,57,176,17
47,143,7,58,175,19
47,143,15,58,174,22
47,143,23,59,172,26
47,143,31,60,169,31
47,143,39,61,168,35
47,143,47,61,167,39
47,143,55,62,166,44
47,143,63,61,165,48
47,143,71,62,164,52
47,143,79,61,163,57
47,143,87,62,162,62
47,143,95,65,160,68
47,143,103,66,158,73
47,143,111,66,156,79
47,143,119,65,154,85
47,143,127,66,153,92
47,143,135,68,151,100
47,143,143,68,149,108
47,143,151,66,146,118
47,143,159,67,144,129
47,143,167,69,141,141
47,143,175,67,138,157
47,143,183,67,135,174
47,143,191,70,131,191
47,143,199,71,127,208
47,143,207,71,123,222
47,143,215,74,120,234
47,143,223,74,117,242
47,143,231,76,114,249
47,143,239,76,111,252
47,143,247,77,108,254
47,143,255,78,106,255
47,151,0,56,191,18
47,151,7,57,189,21
47,151,15,57,188,23
47,151,23,58,186,26
47,151,31,59,185,30
47,151,39,60,182,35
47,151,47,61,181,39
47,151,55,63,179,44
47,151,63,63,178,48
47,151,71,63,177,52
47,151,79,63,175,56
47,151,87,63,174,60
47,151,95,63,173,65
47,151,103,64,171,71
47,151,111,66,169,77
47,151,119,67,167,83
47,151,127,67,165,89
47,151,135,66,163,96
47,151,143,67,161,104
47,151,151,70,159,113
47,151,159,68,156,123
47,151,167,67,154,135
47,151,175,68,151,148
47,151,183,69,147,164
47,151,191,69,143,180
47,151,199,70,139,197
47,151,207,73,134,213
47,151,215,72,130,226
47,151,223,74,126,237
47,151,231,75,123,246
47,151,239,76,119,252
47,151,247,77,116,254
47,151,255,78,113,255
47,159,0,56,203,19
47,159,7,57,202,21
47,159,15,58,201,24
47,159,23,58,200,27
47,159,31,59,198,30
47,159,39,59,196,34
47,159,47,60,195,38
47,159,55,60,193,42
47,159,63,62,191,46
47,159,71,63,190,51
47,159,79,65,188,56
47,159,87,65,186,60
47,159,95,65,185,64
47,159,103,65,184,69
47,159,111,65,182,74
47,159,119,65,181,80
47,159,127,68,178,87
47,159,135,69,176,93
47,159,143,68,174,100
47,159,151,67,173,108
47,159,159,68,170,118
47,159,167,71,167,129
47,159,175,69,164,141
47,159,183,68,161,155
47,159,191,69,157,170
47,159,199,72,152,186
47,159,207,70,148,202
47,159,215,73,143,217
47,159,223,74,138,230
47,159,231,75,133,240
47,159,239,76,129,248
47,159,247,78,124,255
47,159,255,79,121,255
47,167,0,58,214,21
47,167,7,58,214,23
47,167,15,59,213,25
47,167,23,60,211,28
47,167,31,61,209,32
47,167,39,61,208,35
47,167,47,61,207,38
47,167,55,62,205,42
47,167,63,62,204,46
47,167,71,62,203,50
47,167,79,62,201,54
47,167,87,63,200,59
47,167,95,65,198,63
47,167,103,67,196,68
47,167,111,67,194,73
47,167,119,66,193,78
47,167,127,66,192,84
47,167,135,67,190,90
47,167,143,69,188,97
47,167,151,70,186,105
47,167,159,68,184,113
47,167,167,67,182,122
47,167,175,70,179,133
47,167,183,71,175,146
47,167,191,69,171,160
47,167,199,69,167,175
47,167,207,72,162,191
47,167,215,72,157,207
47,167,223,73,151,222
47,167,231,75,145,234
47,167,239,77,140,245
47,167,247,78,135,251
47,167,255,80,130,255
47,175,0,58,224,23
47,175,7,58,223,25
47,175,15,59,223,26
47,175,23,60,222,29
47,175,31,61,220,32
47,175,39,63,219,37
47,175,47,64,218,40
47,175,55,64,216,43
47,175,63,64,214,47
47,175,71,64,213,50
47,175,79,64,212,54
47,175,87,63,211,58
47,175,95,63,210,62
47,175,103,64,209,67
47,175,111,66,207,72
47,175,119,68,205,77
47,175,127,68,204,82
47,175,135,67,203,88
47,175,143,66,202,94
47,175,151,68,200,101
47,175,159,71,198,109
47,175,167,70,196,117
47,175,175,69,194,126
47,175,183,69,191,138
47,175,191,71,187,151
47,175,199,72,183,164
47,175,207,70,178,180
47,175,215,72,173,196
47,175,223,74,166,212
47,175,231,75,160,227
47,175,239,76,153,240
47,175,247,79,146,250
47,175,255,80,141,253
47,183,0,58,231,25
47,183,7,58,231,27
47,183,15,59,230,28
47,183,23,59,230,30
47,183,31,60,229,33
47,183,39,60,229,36
47,183,47,62,228,40
47,183,55,62,227,43
47,183,63,64,225,47
47,183,71,65,224,51
47,183,79,66,222,54
47,183,87,66,221,58
47,183,95,65,220,61
47,183,103,65,219,65
47,183,111,65,218,70
47,183,119,66,217,75
47,183,127,67,216,80
47,183,135,69,214,86
47,183,143,70,213,91
47,183,151,68,213,97
47,183,159,67,211,104
47,183,167,69,210,112
47,183,175,72,207,120
47,183,183,71,205,130
47,183,191,70,203,142
47,183,199,70,199,155
47,183,207,72,194,169
47,183,215,72,189,186
47,183,223,72,183,202
47,183,231,75,176,218
47,183,239,78,168,233
47,183,247,78,161,245
47,183,255,81,154,253
47,191,0,59,236,27
47,191,7,59,236,28
47,191,15,60,236,30
47,191,23,60,236,32
47,191,31,60,235,34
47,191,39,60,235,36
47,191,47,61,234,39
47,191,55,61,234,42
47,191,63,62,233,46
47,191,71,63,233,49
47,191,79,64,232,53
47,191,87,65,231,57
47,191,95,66,229,61
47,191,103,67,228,65
47,191,111,67,227,69
47,191,119,66,227,73
47,191,127,66,226,78
47,191,135,67,225,83
47,191,143,68,224,88
47,191,151,71,223,94
47,191,159,71,222,100
47,191,167,69,221,107
47,191,175,69,220,114
47,191,183,71,218,123
47,191,191,72,215,134
47,191,199,72,213,145
47,191,207,71,209,160
47,191,215,72,205,175
47,191,223,74,199,191
47,191,231,75,193,208
47,191,239,76,185,224
47,191,247,79,177,239
47,191,255,81,170,250
47,199,0,60,240,28
47,199,7,60,240,29
47,199,15,61,240,31
47,199,23,61,240,33
47,199,31,62,241,35
47,199,39,63,240,37
47,199,47,62,240,40
47,199,55,63,240,43
47,199,63,63,239,46
47,199,71,63,239,48
47,199,79,63,238,52
47,199,87,63,238,55
47,199,95,64,237,59
47,199,103,65,236,63
47,199,111,67,236,68
47,199,119,69,235,72
47,199,127,69,234,76
47,199,135,68,233,81
47,199,143,66,233,85
47,199,151,68,232,90
47,199,159,70,232,96
47,199,167,72,231,103
47,199,175,72,230,109
47,199,183,69,229,117
47,199,191,70,227,126
47,199,199,72,225,137
47,199,207,74,222,149
47,199,215,72,219,165
47,199,223,73,214,181
47,199,231,75,209,198
47,199,239,77,202,216
47,199,247,78,195,233
47,199,255,80,187,247
47,207,0,59,243,29
47,207,7,60,243,30
47,207,15,60,243,31
47,207,23,61,244,33
47,207,31,62,244,35
47,207,39,63,245,38
47,207,47,64,245,40
47,207,55,64,245,43
47,207,63,65,245,46
47,207,71,65,244,49
47,207,79,65,243,52
47,207,87,64,243,55
47,207,95,64,242,58
47,207,103,64,242,61
47,207,111,65,241,65
47,207,119,66,241,70
47,207,127,68,241,74
47,207,135,70,240,79
47,207,143,69,240,83
47,207,151,69,239,88
47,207,159,69,239,93
47,207,167,70,239,98
47,207,175,71,238,105
47,207,183,73,238,112
47,207,191,72,237,120
47,207,199,71,236,130
47,207,207,72,234,141
47,207,215,74,231,155
47,207,223,74,228,171
47,207,231,74,224,189
47,207,239,76,218,207
47,207,247,78,212,226
47,207,255,80,205,243
47,215,0,59,245,30
47,215,7,60,246,31
47,215,15,60,246,32
47,215,23,60,246,33
47,215,31,61,246,35
47,215,39,61,247,37
47,215,47,62,247,40
47,215,55,63,248,42
47,215,63,64,248,45
47,215,71,65,248,48
47,215,79,66,248,51
47,215,87,66,248,54
47,215,95,67,247,58
47,215,103,66,246,61
47,215,111,65,246,64
47,215,119,66,246,67
47,215,127,66,246,72
47,215,135,67,245,76
47,215,143,69,245,80
47,215,151,70,245,85
47,215,159,71,245,90
47,215,167,70,245,95
47,215,175,70,245,100
47,215,183,70,245,107
47,215,191,72,245,115
47,215,199,74,244,124
47,215,207,72,243,134
47,215,215,73,241,147
47,215,223,74,239,162
47,215,231,76,236,179
47,215,239,77,232,197
47,215,247,78,227,217
47,215,255,80,221,235
47,223,0,59,248,30
47,223,7,60,248,31
47,223,15,60,248,32
47,223,23,61,248,34
47,223,31,61,248,35
47,223,39,62,249,37
47,223,47,62,249,39
47,223,55,63,249,42
47,223,63,63,250,44
47,223,71,64,250,47
47,223,79,65,250,50
47,223,87,65,250,53
47,223,95,66,250,56
47,223,103,67,250,60
47,223,111,68,250,63
47,223,119,68,250,66
47,223,127,67,249,70
47,223,135,67,249,74
47,223,143,68,249,78
47,223,151,69,249,82
47,223,159,70,249,86
47,223,167,71,250,92
47,223,175,72,250,97
47,223,183,71,250,103
47,223,191,71,250,110
47,223,199,72,249,119
47,223,207,73,249,129
47,223,215,74,248,141
47,223,223,74,247,155
47,223,231,75,245,170
47,223,239,77,242,189
47,223,247,79,239,209
47,223,255,79,235,228
47,231,0,60,250,31
47,231,7,61,250,32
47,231,15,61,251,33
47,231,23,62,251,34
47,231,31,62,251,36
47,231,39,63,251,38
47,231,47,63,251,39
47,231,55,63,251,41
47,231,63,64,251,44
47,231,71,64,252,46
47,231,79,64,252,49
47,231,87,65,252,52
47,231,95,65,252,55
47,231,103,66,252,58
47,231,111,66,252,61
47,231,119,67,252,65
47,231,127,68,252,68
47,231,135,69,252,72
47,231,143,69,252,76
47,231,151,69,252,79
47,231,159,69,252,84
47,231,167,69,252,88
47,231,175,70,253,93
47,231,183,72,253,99
47,231,191,72,253,106
47,231,199,71,253,114
47,231,207,72,253,124
47,231,215,73,252,135
47,231,223,75,252,148
47,231,231,75,251,164
47,231,239,76,250,180
47,231,247,78,248,200
47,231,255,80,245,221
47,239,0,60,252,31
47,239,7,61,252,32
47,239,15,61,252,33
47,239,23,62,252,34
47,239,31,62,252,36
47,239,39,63,253,38
47,239,47,64,253,40
47,239,55,64,253,42
47,239,63,65,253,44
47,239,71,65,253,46
47,239,79,65,253,48
47,239,87,65,253,51
47,239,95,65,253,54
47,239,103,65,253,56
47,239,111,66,253,59
47,239,119,66,253,62
47,239,127,67,253,66
47,239,135,68,253,70
47,239,143,69,254,73
47,239,151,70,254,77
47,239,159,69,254,81
47,239,167,69,254,85
47,239,175,70,254,90
47,239,183,70,254,96
47,239,191,71,254,102
47,239,199,73,255,111
47,239,207,72,254,120
47,239,215,72,254,130
47,239,223,73,254,143
47,239,231,74,254,157
47,239,239,76,254,175
47,239,247,77,253,193
47,239,255,78,252,211
47,247,0,60,253,31
47,247,7,60,253,32
47,247,15,61,253,32
47,247,23,61,253,33
47,247,31,61,253,35
47,247,39,62,253,37
47,247,47,63,253,39
47,247,55,64,253,41
47,247,63,64,253,43
47,247,71,65,253,46
47,247,79,65,253,48
47,247,87,66,253,51
47,247,95,66,253,53
47,247,103,66,253,56
47,247,111,66,253,58
47,247,119,66,253,61
47,247,127,66,253,64
47,247,135,67,253,67
47,247,143,68,253,71
47,247,151,69,254,75
47,247,159,70,254,79
47,247,167,70,254,84
47,247,175,70,254,88
47,247,183,70,254,93
47,247,191,70,254,99
47,247,199,71,254,107
47,247,207,72,254,116
47,247,215,73,255,127
47,247,223,73,254,138
47,247,231,73,254,152
47,247,239,75,254,168
47,247,247,77,254,185
47,247,255,79,254,204
47,255,0,60,254,31
47,255,7,60,253,31
47,255,15,61,253,32
47,255,23,61,253,33
47,255,31,61,253,34
47,255,39,62,253,36
47,255,47,62,253,38
47,255,55,63,253,40
47,255,63,64,253,43
47,255,71,64,253,45
47,255,79,64,253,47
47,255,87,65,253,50
47,255,95,66,253,52
47,255,103,66,253,55
47,255,111,66,253,58
47,255,119,67,253,60
47,255,127,67,253,63
47,255,135,67,253,66
47,255,143,68,253,70
47,255,151,68,253,74
47,255,159,69,253,78
47,255,167,70,253,83
47,255,175,70,253,88
47,255,183,71,253,93
47,255,191,71,253,98
47,255,199,71,253,105
47,255,207,72,254,113
47,255,215,72,254,123
47,255,223,73,254,135
47,255,231,75,254,148
47,255,239,75,254,163
47,255,247,76,254,178
47,255,255,77,255,194
55,0,0,43,2,15
55,0,7,43,2,21
55,0,15,43,2,28
55,0,23,43,2,37
55,0,31,44,2,46
55,0,39,44,3,55
55,0,47,43,4,65
55,0,55,42,5,74
55,0,63,42,6,85
55,0,71,41,6,96
55,0,79,39,7,110
55,0,87,38,7,125
55,0,95,36,8,141
55,0,103,35,9,159
55,0,111,34,9,178
55,0,119,33,11,195
55,0,127,34,13,206
55,0,135,35,16,215
55,0,143,37,18,222
55,0,151,39,20,226
55,0,159,42,22,229
55,0,167,43,24,231
55,0,175,46,26,232
55,0,183,47,28,234
55,0,191,47,29,237
55,0,199,48,30,239
55,0,207,49,31,242
55,0,215,49,33,244
55,0,223,51,36,246
55,0,231,51,37,249
55,0,239,50,38,251
55,0,247,50,40,253
55,0,255,51,42,255
55,7,0,42,5,14
55,7,7,42,4,20
55,7,15,43,5,27
55,7,23,43,5,36
55,7,31,43,5,44
55,7,39,43,6,53
55,7,47,43,7,62
55,7,55,42,8,72
55,7,63,42,9,82
55,7,71,41,9,93
55,7,79,40,10,105
55,7,87,39,11,119
55,7,95,38,12,135
55,7,103,37,12,153
55,7,111,36,13,171
55,7,119,36,15,187
55,7,127,36,17,200
55,7,135,37,20,210
55,7,143,39,23,218
55,7,151,41,26,222
55,7,159,44,28,226
55,7,167,46,29,229
55,7,175,47,31,232
55,7,183,49,34,234
55,7,191,50,36,237
55,7,199,51,35,239
55,7,207,51,36,241
55,7,215,51,38,244
55,7,223,52,40,246
55,7,231,53,42,248
55,7,239,52,42,251
55,7,247,52,43,253
55,7,255,52,45,254
55,15,0,42,9,13
55,15,7,42,9,19
55,15,15,42,9,26
55,15,23,43,9,34
55,15,31,43,10,42
55,15,39,43,10,51
55,15,47,43,11,59
55,15,55,43,12,69
55,15,63,42,13,79
55,15,71,42,13,89
55,15,79,42,14,100
55,15,87,41,15,113
55,15,95,40,16,128
55,15,103,39,17,145
55,15,111,38,18,162
55,15,119,38,20,178
55,15,127,39,22,192
55,15,135,40,24,203
55,15,143,41,27,212
55,15,151,43,31,219
55,15,159,47,34,223
55,15,167,48,35,228
55,15,175,49,36,231
55,15,183,51,38,234
55,15,191,52,41,236
55,15,199,54,42,239
55,15,207,54,42,241
55,15,215,53,43,244
55,15,223,53,44,246
55,15,231,55,46,248
55,15,239,54,47,250
55,15,247,54,48,252
55,15,255,54,48,254
55,23,0,42,16,12
55,23,7,42,16,17
55,23,15,42,15,24
55,23,23,43,15,32
55,23,31,43,15,39
55,23,39,43,16,48
55,23,47,43,16,56
55,23,55,43,17,65
55,23,63,43,18,75
55,23,71,43,19,85
55,23,79,43,20,95
55,23,87,42,20,108
55,23,95,42,21,121
55,23,103,41,22,136
55,23,111,41,23,153
55,23,119,41,25,168
55,23,127,41,27,182
55,23,135,43,30,193
55,23,143,44,33,204
55,23,151,46,36,213
55,23,159,48,39,221
55,23,167,51,42,226
55,23,175,52,43,231
55,23,183,54,45,234
55,23,191,55,47,237
55,23,199,56,49,239
55,23,207,57,50,241
55,23,215,57,49,244
55,23,223,56,49,246
55,23,231,56,51,248
55,23,239,57,53,250
55,23,247,57,53,252
55,23,255,56,53,253
55,31,0,43,24,10
55,31,7,43,23,16
55,31,15,43,23,23
55,31,23,43,22,30
55,31,31,43,22,37
55,31,39,43,22,45
55,31,47,43,23,53
55,31,55,44,24,62
55,31,63,44,24,71
55,31,71,44,25,81
55,31,79,44,26,91
55,31,87,44,27,102
55,31,95,43,27,114
55,31,103,43,28,128
55,31,111,43,29,143
55,31,119,43,31,158
55,31,127,44,33,172
55,31,135,45,35,185
55,31,143,47,38,197
55,31,151,49,42,207
55,31,159,51,44,218
55,31,167,53,46,225
55,31,175,55,49,231
55,31,183,57,52,234
55,31,191,59,53,238
55,31,199,58,54,240
55,31,207,59,55,242
55,31,215,61,57,244
55,31,223,60,56,246
55,31,231,59,56,248
55,31,239,59,57,250
55,31,247,59,58,251
55,31,255,60,60,253
55,39,0,44,33,11
55,39,7,44,32,15
55,39,15,44,31,21
55,39,23,44,31,28
55,39,31,44,30,35
55,39,39,44,30,42
55,39,47,44,30,50
55,39,55,44,31,59
55,39,63,45,31,68
55,39,71,45,32,77
55,39,79,45,33,86
55,39,87,45,33,97
55,39,95,45,34,108
55,39,103,45,35,121
55,39,111,45,36,134
55,39,119,45,37,149
55,39,127,46,38,164
55,39,135,47,41,177
55,39,143,49,43,191
55,39,151,51,46,204
55,39,159,53,49,215
55,39,167,56,51,224
55,39,175,58,54,231
55,39,183,58,56,235
55,39,191,60,58,238
55,39,199,62,60,241
55,39,207,62,60,243
55,39,215,62,61,245
55,39,223,63,62,247
55,39,231,63,62,249
55,39,239,62,62,250
55,39,247,62,62,252
55,39,255,62,63,253
55,47,0,46,43,10
55,47,7,45,42,15
55,47,15,45,41,21
55,47,23,45,40,27
55,47,31,45,40,33
55,47,39,45,39,40
55,47,47,45,39,48
55,47,55,46,39,56
55,47,63,46,39,64
55,47,71,46,40,73
55,47,79,46,40,82
55,47,87,47,41,92
55,47,95,47,41,102
55,47,103,47,42,114
55,47,111,47,42,127
55,47,119,47,43,141
55,47,127,48,44,155
55,47,135,49,46,170
55,47,143,50,48,185
55,47,151,52,50,200
55,47,159,55,53,213
55,47,167,57,55,223
55,47,175,59,58,231
55,47,183,63,60,237
55,47,191,62,62,239
55,47,199,64,63,241
55,47,207,65,65,244
55,47,215,65,65,246
55,47,223,65,65,247
55,47,231,65,66,249
55,47,239,65,66,251
55,47,247,65,66,252
55,47,255,64,66,253
55,55,0,47,53,10
55,55,7,47,52,15
55,55,15,47,51,20
55,55,23,47,50,26
55,55,31,47,49,32
55,55,39,47,49,39
55,55,47,47,48,46
55,55,55,47,48,53
55,55,63,47,48,61
55,55,71,48,49,69
55,55,79,48,49,78
55,55,87,48,49,87
55,55,95,48,49,97
55,55,103,49,49,108
55,55,111,49,50,121
55,55,119,49,50,134
55,55,127,49,51,148
55,55,135,50,52,163
55,55,143,52,53,180
55,55,151,54,55,195
55,55,159,56,57,209
55,55,167,59,60,222
55,55,175,61,62,230
55,55,183,63,64,235
55,55,191,65,66,240
55,55,199,66,67,242
55,55,207,67,68,244
55,55,215,67,68,246
55,55,223,68,69,248
55,55,231,68,69,250
55,55,239,67,69,252
55,55,247,67,69,253
55,55,255,67,70,254
55,63,0,49,63,11
55,63,7,49,62,15
55,63,15,49,61,20
55,63,23,49,60,26
55,63,31,49,59,32
55,63,39,49,59,38
55,63,47,49,58,44
55,63,55,49,58,51
55,63,63,49,58,59
55,63,71,49,58,67
55,63,79,50,58,75
55,63,87,50,58,83
55,63,95,50,58,93
55,63,103,50,57,104
55,63,111,51,57,115
55,63,119,51,57,127
55,63,127,51,57,141
55,63,135,52,58,156
55,63,143,53,59,172
55,63,151,55,60,189
55,63,159,57,62,205
55,63,167,60,64,217
55,63,175,63,66,228
55,63,183,64,67,235
55,63,191,67,69,239
55,63,199,68,70,243
55,63,207,68,71,245
55,63,215,70,72,247
55,63,223,69,71,249
55,63,231,69,71,250
55,63,239,70,72,252
55,63,247,69,71,253
55,63,255,68,71,254
55,71,0,51,73,11
55,71,7,51,72,16
55,71,15,51,71,21
55,71,23,51,70,26
55,71,31,51,70,31
55,71,39,51,69,37
55,71,47,51,69,44
55,71,55,51,68,50
55,71,63,51,68,57
55,71,71,52,67,64
55,71,79,52,67,72
55,71,87,52,67,80
55,71,95,53,67,89
55,71,103,53,66,99
55,71,111,53,66,109
55,71,119,53,65,120
55,71,127,53,65,134
55,71,135,54,65,147
55,71,143,55,65,164
55,71,151,56,66,181
55,71,159,59,67,198
55,71,167,61,68,214
55,71,175,63,70,225
55,71,183,67,72,235
55,71,191,66,72,239
55,71,199,69,74,242
55,71,207,70,74,245
55,71,215,70,74,247
55,71,223,71,74,249
55,71,231,71,74,251
55,71,239,70,73,252
55,71,247,71,73,253
55,71,255,71,73,254
55,79,0,53,83,12
55,79,7,53,82,16
55,79,15,53,81,21
55,79,23,53,80,26
55,79,31,53,80,32
55,79,39,53,79,37
55,79,47,53,79,43
55,79,55,54,78,50
55,79,63,54,78,56
55,79,71,54,77,63
55,79,79,54,77,70
55,79,87,55,77,78
55,79,95,55,76,86
55,79,103,55,75,94
55,79,111,55,75,104
55,79,119,56,74,115
55,79,127,56,73,126
55,79,135,56,73,140
55,79,143,56,72,156
55,79,151,58,72,173
55,79,159,59,73,191
55,79,167,62,74,207
55,79,175,64,74,221
55,79,183,66,75,231
55,79,191,69,77,238
55,79,199,70,77,242
55,79,207,71,77,245
55,79,215,72,77,247
55,79,223,72,77,249
55,79,231,72,77,251
55,79,239,72,76,252
55,79,247,73,75,253
55,79,255,72,74,254
55,87,0,55,93,13
55,87,7,55,92,17
55,87,15,55,92,21
55,87,23,55,91,26
55,87,31,55,90,32
55,87,39,56,90,37
55,87,47,56,89,43
55,87,55,56,89,49
55,87,63,56,88,55
55,87,71,57,88,62
55,87,79,57,87,69
55,87,87,57,86,75
55,87,95,57,86,83
55,87,103,58,85,91
55,87,111,58,84,100
55,87,119,58,83,109
55,87,127,58,82,121
55,87,135,59,81,133
55,87,143,59,80,148
55,87,151,59,80,164
55,87,159,61,79,182
55,87,167,63,80,199
55,87,175,66,80,215
55,87,183,67,80,228
55,87,191,70,80,236
55,87,199,72,81,242
55,87,207,72,81,245
55,87,215,74,81,247
55,87,223,73,80,249
55,87,231,73,80,251
55,87,239,74,80,253
55,87,247,73,78,253
55,87,255,74,77,254
55,95,0,57,103,15
55,95,7,57,102,18
55,95,15,57,101,22
55,95,23,57,101,27
55,95,31,57,100,32
55,95,39,58,100,37
55,95,47,58,99,43
55,95,55,58,99,49
55,95,63,59,98,55
55,95,71,59,98,61
55,95,79,59,97,67
55,95,87,60,96,74
55,95,95,60,95,81
55,95,103,60,94,88
55,95,111,61,93,96
55,95,119,61,92,105
55,95,127,61,91,115
55,95,135,61,90,127
55,95,143,61,89,141
55,95,151,62,88,157
55,95,159,62,87,174
55,95,167,64,86,191
55,95,175,66,86,208
55,95,183,69,85,222
55,95,191,70,85,233
55,95,199,72,85,240
55,95,207,74,85,245
55,95,215,73,84,247
55,95,223,75,84,250
55,95,231,74,83,251
55,95,239,74,83,252
55,95,247,75,82,253
55,95,255,74,81,254
55,103,0,58,114,16
55,103,7,58,113,19
55,103,15,59,112,23
55,103,23,59,111,28
55,103,31,59,110,32
55,103,39,60,110,38
55,103,47,60,110,43
55,103,55,60,109,48
55,103,63,61,108,54
55,103,71,61,108,60
55,103,79,62,107,66
55,103,87,62,106,72
55,103,95,62,105,79
55,103,103,63,104,86
55,103,111,64,103,94
55,103,119,64,101,102
55,103,127,63,100,111
55,103,135,64,99,121
55,103,143,64,97,134
55,103,151,64,96,149
55,103,159,64,94,166
55,103,167,65,93,184
55,103,175,67,92,202
55,103,183,69,91,217
55,103,191,71,90,229
55,103,199,73,89,238
55,103,207,74,89,243
55,103,215,75,88,247
55,103,223,75,87,250
55,103,231,76,87,252
55,103,239,76,86,253
55,103,247,76,85,253
55,103,255,76,85,254
55,111,0,59,124,16
55,111,7,59,123,19
55,111,15,60,122,23
55,111,23,60,121,28
55,111,31,61,120,33
55,111,39,61,120,38
55,111,47,62,120,43
55,111,55,62,119,48
55,111,63,63,118,53
55,111,71,63,118,59
55,111,79,64,117,65
55,111,87,64,116,71
55,111,95,65,115,78
55,111,103,65,114,84
55,111,111,65,112,91
55,111,119,66,111,98
55,111,127,67,109,107
55,111,135,66,108,116
55,111,143,66,106,128
55,111,151,67,105,142
55,111,159,66,103,158
55,111,167,67,101,176
55,111,175,68,99,193
55,111,183,70,98,210
55,111,191,71,96,224
55,111,199,74,95,234
55,111,207,75,93,242
55,111,215,76,92,246
55,111,223,76,92,250
55,111,231,76,91,252
55,111,239,77,90,253
55,111,247,77,89,253
55,111,255,77,88,253
55,119,0,60,135,17
55,119,7,61,133,20
55,119,15,61,133,23
55,119,23,61,132,27
55,119,31,62,131,33
55,119,39,63,130,38
55,119,47,63,130,42
55,119,55,64,129,47
55,119,63,64,129,53
55,119,71,65,128,58
55,119,79,66,127,64
55,119,87,66,126,69
55,119,95,66,125,75
55,119,103,67,123,82
55,119,111,68,122,89
55,119,119,68,121,96
55,119,127,68,119,103
55,119,135,68,117,112
55,119,143,69,115,123
55,119,151,68,114,135
55,119,159,68,112,150
55,119,167,69,109,168
55,119,175,69,107,186
55,119,183,70,105,202
55,119,191,73,103,218
55,119,199,74,101,229
55,119,207,76,99,239
55,119,215,76,98,245
55,119,223,77,96,249
55,119,231,78,95,252
55,119,239,77,94,253
55,119,247,78,93,254
55,119,255,78,92,254
55,127,0,60,146,18
55,127,7,61,145,21
55,127,15,62,143,25
55,127,23,63,142,29
55,127,31,63,142,33
55,127,39,64,141,38
55,127,47,64,140,42
55,127,55,65,140,47
55,127,63,65,139,52
55,127,71,66,139,57
55,127,79,66,138,62
55,127,87,67,136,68
55,127,95,68,135,74
55,127,103,68,134,80
55,127,111,69,132,86
55,127,119,69,131,93
55,127,127,70,129,100
55,127,135,70,127,109
55,127,143,70,126,118
55,127,151,69,123,130
55,127,159,71,121,143
55,127,167,70,119,158
55,127,175,70,116,176
55,127,183,72,114,195
55,127,191,71,111,210
55,127,199,75,108,224
55,127,207,75,106,235
55,127,215,77,104,242
55,127,223,77,102,248
55,127,231,78,100,251
55,127,239,79,99,254
55,127,247,79,97,254
55,127,255,79,96,254
55,135,0,60,159,18
55,135,7,61,158,21
55,135,15,61,157,24
55,135,23,62,155,28
55,135,31,63,153,33
55,135,39,64,153,37
55,135,47,65,152,42
55,135,55,66,151,47
55,135,63,67,151,51
55,135,71,67,150,56
55,135,79,68,149,61
55,135,87,68,148,66
55,135,95,68,146,71
55,135,103,69,145,78
55,135,111,70,144,84
55,135,119,71,142,90
55,135,127,71,140,97
55,135,135,70,138,105
55,135,143,71,136,114
55,135,151,72,134,124
55,135,159,71,132,136
55,135,167,71,129,150
55,135,175,73,126,167
55,135,183,71,123,184
55,135,191,73,120,202
55,135,199,74,117,217
55,135,207,75,114,230
55,135,215,77,111,239
55,135,223,78,109,246
55,135,231,78,106,250
55,135,239,79,104,253
55,135,247,80,103,255
55,135,255,80,101,254
55,143,0,61,173,18
55,143,7,61,172,21
55,143,15,62,171,23
55,143,23,63,169,27
55,143,31,64,167,32
55,143,39,65,166,37
55,143,47,65,165,41
55,143,55,66,164,46
55,143,63,66,163,50
55,143,71,67,162,54
55,143,79,67,161,59
55,143,87,69,160,65
55,143,95,69,159,70
55,143,103,70,157,75
55,143,111,70,155,81
55,143,119,70,154,87
55,143,127,72,152,94
55,143,135,73,150,101
55,143,143,72,148,110
55,143,151,71,146,119
55,143,159,73,144,130
55,143,167,73,141,142
55,143,175,72,138,158
55,143,183,73,135,175
55,143,191,74,131,192
55,143,199,74,127,209
55,143,207,76,123,223
55,143,215,77,120,234
55,143,223,77,117,243
55,143,231,79,114,249
55,143,239,79,111,252
55,143,247,80,108,254
55,143,255,81,106,255
55,151,0,61,187,20
55,151,7,62,185,22
55,151,15,63,184,25
55,151,23,64,183,28
55,151,31,64,181,32
55,151,39,65,179,37
55,151,47,66,178,41
55,151,55,66,177,45
55,151,63,67,176,49
55,151,71,67,175,53
55,151,79,68,174,58
55,151,87,68,173,63
55,151,95,69,171,68
55,151,103,70,170,74
55,151,111,71,168,79
55,151,119,71,166,85
55,151,127,72,164,91
55,151,135,72,163,98
55,151,143,73,161,106
55,151,151,74,158,114
55,151,159,73,156,124
55,151,167,72,153,136
55,151,175,74,150,150
55,151,183,73,147,165
55,151,191,73,143,181
55,151,199,75,139,198
55,151,207,76,134,214
55,151,215,76,130,227
55,151,223,78,126,237
55,151,231,78,122,246
55,151,239,79,119,252
55,151,247,80,116,254
55,151,255,81,113,255
55,159,0,60,200,20
55,159,7,61,199,22
55,159,15,62,198,25
55,159,23,63,196,29
55,159,31,63,195,32
55,159,39,64,194,36
55,159,47,65,192,41
55,159,55,66,191,45
55,159,63,68,189,49
55,159,71,68,188,53
55,159,79,69,186,57
55,159,87,69,185,62
55,159,95,69,184,66
55,159,103,69,182,71
55,159,111,70,181,77
55,159,119,71,179,83
55,159,127,73,177,89
55,159,135,73,175,95
55,159,143,73,174,102
55,159,151,72,172,110
55,159,159,74,170,119
55,159,167,74,166,130
55,159,175,73,164,142
55,159,183,73,161,156
55,159,191,75,156,171
55,159,199,75,152,187
55,159,207,75,147,203
55,159,215,77,142,218
55,159,223,77,138,231
55,159,231,78,133,241
55,159,239,80,128,249
55,159,247,80,124,254
55,159,255,81,121,255
55,167,0,61,212,22
55,167,7,62,211,24
55,167,15,62,210,26
55,167,23,63,209,29
55,167,31,64,207,33
55,167,39,65,206,37
55,167,47,65,205,40
55,167,55,66,203,44
55,167,63,66,202,48
55,167,71,67,201,52
55,167,79,68,199,57
55,167,87,69,198,61
55,167,95,70,196,66
55,167,103,71,195,70
55,167,111,71,193,75
55,167,119,71,192,80
55,167,127,71,191,86
55,167,135,72,189,93
55,167,143,74,187,100
55,167,151,74,185,106
55,167,159,73,184,115
55,167,167,73,182,124
55,167,175,75,178,135
55,167,183,74,175,148
55,167,191,74,171,161
55,167,199,74,167,177
55,167,207,77,162,192
55,167,215,76,156,208
55,167,223,77,150,223
55,167,231,79,144,235
55,167,239,80,139,245
55,167,247,81,134,251
55,167,255,82,129,255
55,175,0,62,222,25
55,175,7,63,221,26
55,175,15,63,221,28
55,175,23,64,220,30
55,175,31,65,219,34
55,175,39,66,217,38
55,175,47,67,216,41
55,175,55,67,215,45
55,175,63,68,213,49
55,175,71,68,212,52
55,175,79,68,211,56
55,175,87,68,210,60
55,175,95,68,209,64
55,175,103,70,208,69
55,175,111,72,206,74
55,175,119,72,204,79
55,175,127,72,203,84
55,175,135,72,202,90
55,175,143,71,201,96
55,175,151,73,200,103
55,175,159,75,197,111
55,175,167,74,195,119
55,175,175,74,193,128
55,175,183,74,191,140
55,175,191,76,187,152
55,175,199,75,182,165
55,175,207,74,178,182
55,175,215,76,172,198
55,175,223,78,165,213
55,175,231,78,159,228
55,175,239,80,152,241
55,175,247,82,146,251
55,175,255,83,141,254
55,183,0,62,230,26
55,183,7,62,230,28
55,183,15,63,230,30
55,183,23,63,229,32
55,183,31,64,228,34
55,183,39,65,228,38
55,183,47,67,227,42
55,183,55,68,226,45
55,183,63,69,225,49
55,183,71,69,223,52
55,183,79,69,222,56
55,183,87,70,220,60
55,183,95,69,220,63
55,183,103,69,219,68
55,183,111,69,218,72
55,183,119,71,217,77
55,183,127,73,215,83
55,183,135,74,214,88
55,183,143,74,213,93
55,183,151,72,212,99
55,183,159,72,211,106
55,183,167,75,209,114
55,183,175,76,207,122
55,183,183,75,205,132
55,183,191,74,202,143
55,183,199,75,198,156
55,183,207,77,194,170
55,183,215,75,188,187
55,183,223,76,182,203
55,183,231,79,175,219
55,183,239,80,168,234
55,183,247,81,161,246
55,183,255,83,154,254
55,191,0,62,235,28
55,191,7,62,235,29
55,191,15,63,235,31
55,191,23,64,235,33
55,191,31,64,235,35
55,191,39,64,234,38
55,191,47,65,234,41
55,191,55,66,234,44
55,191,63,66,233,48
55,191,71,67,232,51
55,191,79,69,231,55
55,191,87,70,230,59
55,191,95,71,229,63
55,191,103,71,228,67
55,191,111,71,227,71
55,191,119,70,226,75
55,191,127,71,226,80
55,191,135,72,225,85
55,191,143,73,224,91
55,191,151,75,222,96
55,191,159,74,221,102
55,191,167,73,221,109
55,191,175,74,219,117
55,191,183,75,217,125
55,191,191,76,215,135
55,191,199,75,212,147
55,191,207,75,208,161
55,191,215,77,204,176
55,191,223,78,198,193
55,191,231,78,192,209
55,191,239,79,184,225
55,191,247,82,176,241
55,191,255,83,169,250
55,199,0,62,240,29
55,199,7,63,240,30
55,199,15,63,240,32
55,199,23,64,240,33
55,199,31,65,240,36
55,199,39,66,240,39
55,199,47,66,240,41
55,199,55,66,239,44
55,199,63,67,239,47
55,199,71,67,239,50
55,199,79,67,238,54
55,199,87,68,238,57
55,199,95,69,237,61
55,199,103,70,236,65
55,199,111,72,236,70
55,199,119,72,235,74
55,199,127,72,234,78
55,199,135,71,233,83
55,199,143,71,233,87
55,199,151,72,232,93
55,199,159,75,231,99
55,199,167,76,230,105
55,199,175,75,229,112
55,199,183,73,229,119
55,199,191,75,227,128
55,199,199,76,225,139
55,199,207,77,222,151
55,199,215,76,218,167
55,199,223,77,214,183
55,199,231,79,208,200
55,199,239,80,201,217
55,199,247,81,194,234
55,199,255,83,186,248
55,207,0,63,243,30
55,207,7,63,243,31
55,207,15,64,244,32
55,207,23,64,244,34
55,207,31,65,244,36
55,207,39,66,245,39
55,207,47,67,245,42
55,207,55,67,245,44
55,207,63,68,244,47
55,207,71,68,244,50
55,207,79,68,243,53
55,207,87,68,243,56
55,207,95,68,242,60
55,207,103,68,242,63
55,207,111,69,242,67
55,207,119,71,241,72
55,207,127,72,241,76
55,207,135,73,240,81
55,207,143,73,240,85
55,207,151,73,239,90
55,207,159,73,239,95
55,207,167,74,239,101
55,207,175,75,239,107
55,207,183,76,238,114
55,207,191,76,236,122
55,207,199,75,235,132
55,207,207,76,234,143
55,207,215,78,231,156
55,207,223,77,227,173
55,207,231,78,223,190
55,207,239,79,217,209
55,207,247,82,211,227
55,207,255,83,204,243
55,215,0,62,246,31
55,215,7,63,246,32
55,215,15,63,246,33
55,215,23,63,246,34
55,215,31,64,247,36
55,215,39,65,247,38
55,215,47,66,248,41
55,215,55,67,248,44
55,215,63,68,248,47
55,215,71,69,249,50
55,215,79,69,248,53
55,215,87,69,248,56
55,215,95,69,247,59
55,215,103,69,246,62
55,215,111,69,246,66
55,215,119,69,246,69
55,215,127,70,246,74
55,215,135,71,246,78
55,215,143,73,246,83
55,215,151,74,246,87
55,215,159,74,245,92
55,215,167,73,245,97
55,215,175,74,245,103
55,215,183,74,245,109
55,215,191,76,245,117
55,215,199,77,244,125
55,215,207,76,243,136
55,215,215,76,241,149
55,215,223,78,239,164
55,215,231,79,236,181
55,215,239,80,231,199
55,215,247,81,226,218
55,215,255,83,221,236
55,223,0,62,248,31
55,223,7,62,248,32
55,223,15,63,248,33
55,223,23,64,249,35
55,223,31,64,249,36
55,223,39,64,249,38
55,223,47,65,249,40
55,223,55,66,250,43
55,223,63,67,250,46
55,223,71,67,250,49
55,223,79,68,251,52
55,223,87,69,251,55
55,223,95,69,251,58
55,223,103,70,251,62
55,223,111,70,250,65
55,223,119,71,250,68
55,223,127,70,250,72
55,223,135,71,250,75
55,223,143,71,250,80
55,223,151,72,250,84
55,223,159,73,250,89
55,223,167,75,250,94
55,223,175,74,250,99
55,223,183,74,250,105
55,223,191,74,250,112
55,223,199,75,250,121
55,223,207,77,249,131
55,223,215,77,248,143
55,223,223,77,247,156
55,223,231,78,245,172
55,223,239,80,242,191
55,223,247,82,239,210
55,223,255,82,234,229
55,231,0,63,251,31
55,231,7,63,251,32
55,231,15,63,251,33
55,231,23,64,251,35
55,231,31,65,251,37
55,231,39,65,251,39
55,231,47,66,251,40
55,231,55,66,252,43
55,231,63,66,252,45
55,231,71,67,252,48
55,231,79,67,252,50
55,231,87,68,252,54
55,231,95,68,252,57
55,231,103,69,252,60
55,231,111,70,253,63
55,231,119,71,253,66
55,231,127,71,253,70
55,231,135,71,252,73
55,231,143,72,252,77
55,231,151,72,252,81
55,231,159,72,252,86
55,231,167,73,253,90
55,231,175,74,253,96
55,231,183,75,253,102
55,231,191,75,253,108
55,231,199,74,253,116
55,231,207,75,253,126
55,231,215,76,252,137
55,231,223,78,252,151
55,231,231,78,251,166
55,231,239,79,250,182
55,231,247,80,248,202
55,231,255,83,245,223
55,239,0,63,252,32
55,239,7,63,253,33
55,239,15,64,253,33
55,239,23,64,253,35
55,239,31,65,253,37
55,239,39,66,253,39
55,239,47,67,253,41
55,239,55,67,253,43
55,239,63,67,253,45
55,239,71,67,253,47
55,239,79,68,253,50
55,239,87,68,253,52
55,239,95,68,253,55
55,239,103,68,253,58
55,239,111,69,253,61
55,239,119,69,253,64
55,239,127,70,254,68
55,239,135,71,254,71
55,239,143,72,254,75
55,239,151,72,254,79
55,239,159,72,254,83
55,239,167,72,254,87
55,239,175,73,254,92
55,239,183,73,254,98
55,239,191,75,255,105
55,239,199,76,255,113
55,239,207,75,254,122
55,239,215,75,254,132
55,239,223,76,254,145
55,239,231,77,254,160
55,239,239,79,254,177
55,239,247,80,253,194
55,239,255,81,252,213
55,247,0,62,253,32
55,247,7,63,253,32
55,247,15,63,253,33
55,247,23,63,253,34
55,247,31,64,253,36
55,247,39,65,253,38
55,247,47,65,253,40
55,247,55,67,253,43
55,247,63,67,254,45
55,247,71,68,254,47
55,247,79,68,254,50
55,247,87,68,254,52
55,247,95,68,253,54
55,247,103,68,253,57
55,247,111,68,253,60
55,247,119,69,253,62
55,247,127,69,253,66
55,247,135,70,253,69
55,247,143,71,254,73
55,247,151,72,254,77
55,247,159,73,254,81
55,247,167,73,254,85
55,247,175,73,254,90
55,247,183,73,254,95
55,247,191,73,254,101
55,247,199,74,254,109
55,247,207,75,255,118
55,247,215,76,255,129
55,247,223,75,254,140
55,247,231,76,254,154
55,247,239,78,254,170
55,247,247,79,255,187
55,247,255,81,254,205
55,255,0,62,254,31
55,255,7,62,254,32
55,255,15,63,254,33
55,255,23,63,254,34
55,255,31,63,253,35
55,255,39,64,253,37
55,255,47,64,253,39
55,255,55,65,253,41
55,255,63,66,253,44
55,255,71,66,253,46
55,255,79,67,253,48
55,255,87,68,254,51
55,255,95,68,253,54
55,255,103,69,253,56
55,255,111,69,253,59
55,255,119,69,253,62
55,255,127,69,253,65
55,255,135,70,253,68
55,255,143,70,253,71
55,255,151,71,253,75
55,255,159,72,253,80
55,255,167,72,254,84
55,255,175,73,253,89
55,255,183,73,253,95
55,255,191,73,253,100
55,255,199,74,254,107
55,255,207,74,254,115
55,255,215,75,254,125
55,255,223,76,254,137
55,255,231,77,254,150
55,255,239,77,254,165
55,255,247,78,255,180
55,255,255,80,255,195
63,0,0,50,1,16
63,0,7,50,1,22
63,0,15,50,1,29
63,0,23,50,1,38
63,0,31,50,2,47
63,0,39,50,3,56
63,0,47,50,4,65
63,0,55,49,4,75
63,0,63,49,5,85
63,0,71,48,6,97
63,0,79,47,7,109
63,0,87,45,7,124
63,0,95,43,8,141
63,0,103,42,8,162
63,0,111,40,9,179
63,0,119,40,11,196
63,0,127,40,13,209
63,0,135,41,16,219
63,0,143,42,18,223
63,0,151,44,20,226
63,0,159,46,23,229
63,0,167,48,24,231
63,0,175,49,27,233
63,0,183,50,29,234
63,0,191,51,29,237
63,0,199,51,30,239
63,0,207,52,31,241
63,0,215,52,34,244
63,0,223,53,36,246
63,0,231,53,37,249
63,0,239,52,38,251
63,0,247,52,40,253
63,0,255,52,42,254
63,7,0,49,4,15
63,7,7,49,4,21
63,7,15,50,4,28
63,7,23,50,5,37
63,7,31,50,5,45
63,7,39,50,5,54
63,7,47,50,6,63
63,7,55,49,7,73
63,7,63,49,8,83
63,7,71,48,9,93
63,7,79,48,10,105
63,7,87,46,11,119
63,7,95,45,11,135
63,7,103,44,12,153
63,7,111,43,13,172
63,7,119,42,15,188
63,7,127,42,17,204
63,7,135,43,20,213
63,7,143,44,23,219
63,7,151,46,26,223
63,7,159,48,28,226
63,7,167,50,29,230
63,7,175,51,31,232
63,7,183,53,35,234
63,7,191,53,35,237
63,7,199,53,35,239
63,7,207,54,36,241
63,7,215,54,38,243
63,7,223,55,40,246
63,7,231,55,42,248
63,7,239,54,42,251
63,7,247,54,43,253
63,7,255,54,45,254
63,15,0,48,9,14
63,15,7,49,9,20
63,15,15,49,9,27
63,15,23,49,9,35
63,15,31,49,9,43
63,15,39,49,9,52
63,15,47,49,10,61
63,15,55,49,11,70
63,15,63,49,12,80
63,15,71,49,13,90
63,15,79,48,14,101
63,15,87,47,15,114
63,15,95,46,15,129
63,15,103,45,16,146
63,15,111,44,17,164
63,15,119,44,19,179
63,15,127,44,21,195
63,15,135,45,24,205
63,15,143,46,27,213
63,15,151,48,31,219
63,15,159,50,33,224
63,15,167,52,35,228
63,15,175,53,37,232
63,15,183,55,39,234
63,15,191,56,42,237
63,15,199,56,42,239
63,15,207,56,42,241
63,15,215,56,43,244
63,15,223,56,44,246
63,15,231,57,47,248
63,15,239,57,47,250
63,15,247,56,47,252
63,15,255,55,48,254
63,23,0,48,15,12
63,23,7,49,15,19
63,23,15,49,14,25
63,23,23,49,14,33
63,23,31,49,14,41
63,23,39,49,15,49
63,23,47,49,15,58
63,23,55,49,16,67
63,23,63,49,17,76
63,23,71,49,18,86
63,23,79,49,19,96
63,23,87,48,20,108
63,23,95,48,21,122
63,23,103,47,21,138
63,23,111,46,22,155
63,23,119,46,24,170
63,23,127,47,27,183
63,23,135,48,30,195
63,23,143,49,33,206
63,23,151,50,36,214
63,23,159,52,39,221
63,23,167,55,42,227
63,23,175,56,43,231
63,23,183,57,45,235
63,23,191,58,47,237
63,23,199,59,49,240
63,23,207,60,50,242
63,23,215,59,49,244
63,23,223,59,50,246
63,23,231,59,51,248
63,23,239,59,53,250
63,23,247,59,53,252
63,23,255,58,53,253
63,31,0,49,22,12
63,31,7,49,22,17
63,31,15,49,22,24
63,31,23,49,21,31
63,31,31,49,21,39
63,31,39,49,21,46
63,31,47,50,22,55
63,31,55,50,22,63
63,31,63,50,23,72
63,31,71,50,24,82
63,31,79,50,25,91
63,31,87,50,26,103
63,31,95,49,26,116
63,31,103,49,27,130
63,31,111,49,29,144
63,31,119,48,30,160
63,31,127,49,32,174
63,31,135,50,35,187
63,31,143,51,38,198
63,31,151,53,41,209
63,31,159,55,44,219
63,31,167,57,47,226
63,31,175,59,50,231
63,31,183,60,51,235
63,31,191,61,53,238
63,31,199,62,55,240
63,31,207,62,56,242
63,31,215,63,57,244
63,31,223,62,56,246
63,31,231,61,56,248
63,31,239,61,57,250
63,31,247,62,58,251
63,31,255,61,59,253
63,39,0,50,31,12
63,39,7,50,30,18
63,39,15,50,30,23
63,39,23,50,29,30
63,39,31,50,29,37
63,39,39,50,29,44
63,39,47,50,29,52
63,39,55,50,30,60
63,39,63,50,30,69
63,39,71,51,31,78
63,39,79,51,32,87
63,39,87,51,32,98
63,39,95,51,33,109
63,39,103,51,34,122
63,39,111,50,35,136
63,39,119,50,36,151
63,39,127,51,38,165
63,39,135,52,40,179
63,39,143,53,43,192
63,39,151,55,46,205
63,39,159,57,49,216
63,39,167,59,51,225
63,39,175,61,54,232
63,39,183,62,56,236
63,39,191,64,59,239
63,39,199,65,60,241
63,39,207,65,61,243
63,39,215,65,61,245
63,39,223,66,62,247
63,39,231,65,62,249
63,39,239,64,62,250
63,39,247,64,62,252
63,39,255,64,63,253
63,47,0,51,41,11
63,47,7,51,40,16
63,47,15,51,39,22
63,47,23,51,38,28
63,47,31,51,38,35
63,47,39,51,38,42
63,47,47,51,38,49
63,47,55,51,38,57
63,47,63,51,38,66
63,47,71,52,39,74
63,47,79,52,39,83
63,47,87,52,40,93
63,47,95,52,40,103
63,47,103,52,41,115
63,47,111,52,41,128
63,47,119,52,42,142
63,47,127,53,44,157
63,47,135,53,45,172
63,47,143,55,48,187
63,47,151,57,50,201
63,47,159,59,53,214
63,47,167,61,56,225
63,47,175,63,58,231
63,47,183,65,61,237
63,47,191,66,62,239
63,47,199,67,64,242
63,47,207,68,66,244
63,47,215,68,65,246
63,47,223,68,66,248
63,47,231,68,66,249
63,47,239,68,67,251
63,47,247,67,66,252
63,47,255,66,67,253
63,55,0,52,51,12
63,55,7,52,50,16
63,55,15,52,49,22
63,55,23,52,48,28
63,55,31,52,48,34
63,55,39,52,47,40
63,55,47,52,47,47
63,55,55,52,47,54
63,55,63,53,47,62
63,55,71,53,47,71
63,55,79,53,47,79
63,55,87,54,48,88
63,55,95,54,48,98
63,55,103,54,48,110
63,55,111,54,49,122
63,55,119,54,49,135
63,55,127,54,50,150
63,55,135,55,51,165
63,55,143,56,53,180
63,55,151,58,55,196
63,55,159,60,57,210
63,55,167,63,60,222
63,55,175,65,62,231
63,55,183,67,64,236
63,55,191,69,66,241
63,55,199,69,67,243
63,55,207,70,68,245
63,55,215,70,69,246
63,55,223,71,69,248
63,55,231,70,69,250
63,55,239,69,69,251
63,55,247,69,70,253
63,55,255,69,70,254
63,63,0,54,61,12
63,63,7,54,60,17
63,63,15,54,59,22
63,63,23,54,58,27
63,63,31,54,57,33
63,63,39,54,57,39
63,63,47,54,57,46
63,63,55,54,56,53
63,63,63,54,56,60
63,63,71,55,56,68
63,63,79,55,56,76
63,63,87,55,56,84
63,63,95,55,56,94
63,63,103,56,56,105
63,63,111,56,56,116
63,63,119,56,56,129
63,63,127,56,57,142
63,63,135,57,57,157
63,63,143,57,58,173
63,63,151,59,60,190
63,63,159,61,62,206
63,63,167,64,64,218
63,63,175,66,66,229
63,63,183,68,68,236
63,63,191,70,69,240
63,63,199,71,71,243
63,63,207,72,71,245
63,63,215,72,72,247
63,63,223,71,72,249
63,63,231,71,72,251
63,63,239,72,72,252
63,63,247,71,72,253
63,63,255,71,72,254
63,71,0,56,71,12
63,71,7,56,70,17
63,71,15,56,69,22
63,71,23,56,68,27
63,71,31,56,68,33
63,71,39,56,67,39
63,71,47,56,67,45
63,71,55,56,66,51
63,71,63,56,66,58
63,71,71,57,66,65
63,71,79,57,66,73
63,71,87,57,65,81
63,71,95,58,65,90
63,71,103,58,65,100
63,71,111,58,65,110
63,71,119,58,64,122
63,71,127,58,64,135
63,71,135,58,64,148
63,71,143,59,65,165
63,71,151,60,66,182
63,71,159,62,67,199
63,71,167,65,68,215
63,71,175,68,70,226
63,71,183,70,72,235
63,71,191,71,73,240
63,71,199,73,74,243
63,71,207,73,75,245
63,71,215,73,75,248
63,71,223,74,75,250
63,71,231,73,74,251
63,71,239,73,74,252
63,71,247,73,74,253
63,71,255,73,73,254
63,79,0,57,81,13
63,79,7,57,80,17
63,79,15,58,79,22
63,79,23,58,78,28
63,79,31,58,78,33
63,79,39,58,77,39
63,79,47,58,77,45
63,79,55,58,77,51
63,79,63,59,76,57
63,79,71,59,76,64
63,79,79,59,75,71
63,79,87,59,75,79
63,79,95,60,75,87
63,79,103,60,74,95
63,79,111,60,74,105
63,79,119,60,73,116
63,79,127,60,72,127
63,79,135,60,72,141
63,79,143,61,72,156
63,79,151,62,72,174
63,79,159,63,73,192
63,79,167,66,74,208
63,79,175,68,75,223
63,79,183,70,76,232
63,79,191,73,77,239
63,79,199,73,77,243
63,79,207,74,78,245
63,79,215,75,78,248
63,79,223,75,78,249
63,79,231,75,77,251
63,79,239,75,77,253
63,79,247,75,76,253
63,79,255,75,75,254
63,87,0,59,90,15
63,87,7,59,90,18
63,87,15,59,89,22
63,87,23,60,88,28
63,87,31,60,88,33
63,87,39,60,88,39
63,87,47,61,87,45
63,87,55,61,87,50
63,87,63,61,86,56
63,87,71,61,86,63
63,87,79,61,85,70
63,87,87,62,85,77
63,87,95,62,84,84
63,87,103,62,84,92
63,87,111,63,83,100
63,87,119,63,82,110
63,87,127,63,81,121
63,87,135,63,80,133
63,87,143,63,80,149
63,87,151,63,79,165
63,87,159,65,79,183
63,87,167,67,79,201
63,87,175,69,80,216
63,87,183,72,80,230
63,87,191,73,81,237
63,87,199,75,81,243
63,87,207,76,81,246
63,87,215,76,81,248
63,87,223,76,81,250
63,87,231,76,80,251
63,87,239,76,80,253
63,87,247,76,79,254
63,87,255,76,77,254
63,95,0,62,100,16
63,95,7,61,100,20
63,95,15,61,99,24
63,95,23,62,98,28
63,95,31,62,98,33
63,95,39,62,98,39
63,95,47,63,97,44
63,95,55,63,97,50
63,95,63,63,97,56
63,95,71,64,96,62
63,95,79,64,95,68
63,95,87,64,95,75
63,95,95,65,94,82
63,95,103,65,93,90
63,95,111,65,92,97
63,95,119,65,91,106
63,95,127,66,90,116
63,95,135,65,89,128
63,95,143,65,88,141
63,95,151,66,87,158
63,95,159,67,87,174
63,95,167,68,86,192
63,95,175,70,86,210
63,95,183,72,85,223
63,95,191,74,85,235
63,95,199,76,85,241
63,95,207,77,85,245
63,95,215,77,84,248
63,95,223,78,84,250
63,95,231,77,84,251
63,95,239,77,83,253
63,95,247,78,83,254
63,95,255,77,81,254
63,103,0,62,111,16
63,103,7,63,110,20
63,103,15,63,109,24
63,103,23,63,108,29
63,103,31,64,108,34
63,103,39,64,108,39
63,103,47,65,107,44
63,103,55,65,107,50
63,103,63,65,106,55
63,103,71,66,106,61
63,103,79,66,105,67
63,103,87,66,104,74
63,103,95,67,103,80
63,103,103,67,103,87
63,103,111,68,102,95
63,103,119,68,100,103
63,103,127,68,99,112
63,103,135,68,98,122
63,103,143,68,97,135
63,103,151,68,96,150
63,103,159,68,94,167
63,103,167,69,93,184
63,103,175,71,92,202
63,103,183,73,91,218
63,103,191,75,90,230
63,103,199,76,90,239
63,103,207,77,89,244
63,103,215,79,89,248
63,103,223,78,88,250
63,103,231,78,87,252
63,103,239,78,87,253
63,103,247,78,86,253
63,103,255,78,85,254
63,111,0,64,121,18
63,111,7,64,120,21
63,111,15,64,119,24
63,111,23,65,119,29
63,111,31,65,118,34
63,111,39,66,118,39
63,111,47,66,117,44
63,111,55,67,117,49
63,111,63,67,116,55
63,111,71,68,116,60
63,111,79,68,115,66
63,111,87,69,114,72
63,111,95,69,113,79
63,111,103,70,112,85
63,111,111,70,111,92
63,111,119,71,110,100
63,111,127,71,108,108
63,111,135,70,107,117
63,111,143,71,106,128
63,111,151,70,104,143
63,111,159,70,103,159
63,111,167,71,101,176
63,111,175,72,99,194
63,111,183,74,98,211
63,111,191,76,96,225
63,111,199,77,95,235
63,111,207,78,94,243
63,111,215,79,93,247
63,111,223,79,92,250
63,111,231,79,91,252
63,111,239,80,90,253
63,111,247,79,90,253
63,111,255,79,89,253
63,119,0,64,131,18
63,119,7,65,130,22
63,119,15,65,130,25
63,119,23,66,129,29
63,119,31,66,128,34
63,119,39,67,128,40
63,119,47,68,127,44
63,119,55,68,127,49
63,119,63,69,127,54
63,119,71,69,126,60
63,119,79,70,125,65
63,119,87,70,124,71
63,119,95,71,123,77
63,119,103,72,122,84
63,119,111,72,121,90
63,119,119,72,119,97
63,119,127,73,118,105
63,119,135,73,117,113
63,119,143,73,115,124
63,119,151,73,113,136
63,119,159,73,111,151
63,119,167,73,109,168
63,119,175,73,107,186
63,119,183,75,105,203
63,119,191,76,103,219
63,119,199,77,101,230
63,119,207,79,99,239
63,119,215,79,98,246
63,119,223,80,97,250
63,119,231,80,96,252
63,119,239,80,94,253
63,119,247,81,94,254
63,119,255,80,93,254
63,127,0,65,143,19
63,127,7,65,142,22
63,127,15,66,141,26
63,127,23,67,140,30
63,127,31,67,139,34
63,127,39,68,139,39
63,127,47,69,138,44
63,127,55,69,138,49
63,127,63,70,137,53
63,127,71,71,137,59
63,127,79,71,136,64
63,127,87,72,135,70
63,127,95,72,134,75
63,127,103,73,132,81
63,127,111,73,131,88
63,127,119,74,130,94
63,127,127,74,128,102
63,127,135,74,126,110
63,127,143,75,125,119
63,127,151,75,123,131
63,127,159,75,121,144
63,127,167,74,119,159
63,127,175,75,116,177
63,127,183,76,114,195
63,127,191,76,111,211
63,127,199,78,108,225
63,127,207,79,106,235
63,127,215,80,104,243
63,127,223,81,102,248
63,127,231,81,101,252
63,127,239,82,99,254
63,127,247,81,98,254
63,127,255,82,97,254
63,135,0,65,156,19
63,135,7,65,155,22
63,135,15,66,153,26
63,135,23,67,152,30
63,135,31,68,150,35
63,135,39,69,150,39
63,135,47,70,150,44
63,135,55,70,149,48
63,135,63,71,149,53
63,135,71,71,148,58
63,135,79,72,147,63
63,135,87,73,146,68
63,135,95,73,145,74
63,135,103,74,144,80
63,135,111,75,142,85
63,135,119,75,141,92
63,135,127,75,139,99
63,135,135,76,137,107
63,135,143,76,135,115
63,135,151,76,134,125
63,135,159,76,131,137
63,135,167,76,129,151
63,135,175,76,126,168
63,135,183,76,123,185
63,135,191,78,120,203
63,135,199,78,117,218
63,135,207,79,114,231
63,135,215,80,111,240
63,135,223,81,109,246
63,135,231,81,107,251
63,135,239,82,105,253
63,135,247,82,103,255
63,135,255,83,101,254
63,143,0,65,169,20
63,143,7,65,168,22
63,143,15,66,167,25
63,143,23,67,166,29
63,143,31,68,164,34
63,143,39,69,163,39
63,143,47,70,162,43
63,143,55,71,162,48
63,143,63,71,161,52
63,143,71,72,160,57
63,143,79,73,159,62
63,143,87,73,158,67
63,143,95,74,157,72
63,143,103,74,156,77
63,143,111,75,154,83
63,143,119,76,152,90
63,143,127,76,151,96
63,143,135,77,149,103
63,143,143,77,147,111
63,143,151,77,145,121
63,143,159,78,143,131
63,143,167,77,140,144
63,143,175,77,138,159
63,143,183,78,134,176
63,143,191,78,131,193
63,143,199,79,127,210
63,143,207,80,123,224
63,143,215,80,120,235
63,143,223,81,117,243
63,143,231,82,114,249
63,143,239,82,111,252
63,143,247,83,109,254
63,143,255,84,107,255
63,151,0,65,183,21
63,151,7,66,182,24
63,151,15,67,180,27
63,151,23,67,179,30
63,151,31,68,178,34
63,151,39,69,177,38
63,151,47,70,176,43
63,151,55,71,175,47
63,151,63,71,174,51
63,151,71,72,173,56
63,151,79,73,172,60
63,151,87,73,171,65
63,151,95,74,170,71
63,151,103,75,168,76
63,151,111,75,167,81
63,151,119,76,165,87
63,151,127,76,163,93
63,151,135,77,162,100
63,151,143,78,160,108
63,151,151,78,158,116
63,151,159,77,155,126
63,151,167,78,153,137
63,151,175,78,150,151
63,151,183,78,146,166
63,151,191,78,143,183
63,151,199,79,138,199
63,151,207,80,134,215
63,151,215,80,130,228
63,151,223,82,126,238
63,151,231,81,122,246
63,151,239,83,119,252
63,151,247,83,116,254
63,151,255,84,113,255
63,159,0,65,196,21
63,159,7,66,195,24
63,159,15,66,194,27
63,159,23,68,193,31
63,159,31,68,192,35
63,159,39,69,190,39
63,159,47,70,189,43
63,159,55,71,188,47
63,159,63,72,187,51
63,159,71,72,186,55
63,159,79,73,185,59
63,159,87,74,184,64
63,159,95,74,182,69
63,159,103,75,181,74
63,159,111,76,180,80
63,159,119,76,178,85
63,159,127,77,176,91
63,159,135,77,175,97
63,159,143,78,173,104
63,159,151,78,171,112
63,159,159,79,169,121
63,159,167,79,166,132
63,159,175,78,163,143
63,159,183,78,160,158
63,159,191,79,156,173
63,159,199,79,152,188
63,159,207,79,147,205
63,159,215,81,142,220
63,159,223,81,137,231
63,159,231,82,132,241
63,159,239,83,128,249
63,159,247,83,124,254
63,159,255,84,120,255
63,167,0,65,208,23
63,167,7,65,208,25
63,167,15,66,207,27
63,167,23,67,206,31
63,167,31,68,205,35
63,167,39,69,203,39
63,167,47,70,202,42
63,167,55,71,201,47
63,167,63,71,200,51
63,167,71,72,199,55
63,167,79,74,198,59
63,167,87,74,196,63
63,167,95,74,195,68
63,167,103,75,194,72
63,167,111,75,192,77
63,167,119,76,191,83
63,167,127,76,190,89
63,167,135,78,188,95
63,167,143,78,187,101
63,167,151,78,185,108
63,167,159,78,183,117
63,167,167,79,181,126
63,167,175,80,178,137
63,167,183,79,174,149
63,167,191,78,171,163
63,167,199,79,166,178
63,167,207,80,161,194
63,167,215,80,156,210
63,167,223,81,150,224
63,167,231,82,144,236
63,167,239,83,139,246
63,167,247,84,133,252
63,167,255,85,129,255
63,175,0,66,219,25
63,175,7,66,219,27
63,175,15,67,218,29
63,175,23,67,218,32
63,175,31,68,217,35
63,175,39,70,215,39
63,175,47,70,214,43
63,175,55,71,213,46
63,175,63,72,212,50
63,175,71,72,211,54
63,175,79,73,210,58
63,175,87,73,209,62
63,175,95,74,208,67
63,175,103,75,207,72
63,175,111,76,205,76
63,175,119,76,204,81
63,175,127,77,203,86
63,175,135,77,202,92
63,175,143,77,201,99
63,175,151,79,199,106
63,175,159,79,197,113
63,175,167,79,195,121
63,175,175,79,193,130
63,175,183,80,190,142
63,175,191,80,186,154
63,175,199,79,182,167
63,175,207,79,177,183
63,175,215,81,171,199
63,175,223,81,165,215
63,175,231,82,158,229
63,175,239,84,151,241
63,175,247,85,145,251
63,175,255,85,140,254
63,183,0,66,228,27
63,183,7,67,228,29
63,183,15,67,228,31
63,183,23,68,228,33
63,183,31,69,227,36
63,183,39,70,227,40
63,183,47,71,226,44
63,183,55,72,224,47
63,183,63,72,223,50
63,183,71,73,222,54
63,183,79,73,221,58
63,183,87,74,220,62
63,183,95,74,219,66
63,183,103,74,218,70
63,183,111,75,217,75
63,183,119,76,216,80
63,183,127,77,214,85
63,183,135,77,213,90
63,183,143,78,212,96
63,183,151,77,212,102
63,183,159,78,210,109
63,183,167,80,208,116
63,183,175,80,206,124
63,183,183,79,204,134
63,183,191,79,201,145
63,183,199,80,197,158
63,183,207,80,193,172
63,183,215,80,187,189
63,183,223,81,181,205
63,183,231,83,174,220
63,183,239,84,167,235
63,183,247,84,160,246
63,183,255,87,153,254
63,191,0,66,234,29
63,191,7,66,234,30
63,191,15,67,234,32
63,191,23,68,234,34
63,191,31,68,234,37
63,191,39,69,234,40
63,191,47,69,233,43
63,191,55,71,233,46
63,191,63,72,233,50
63,191,71,73,232,54
63,191,79,74,231,57
63,191,87,74,230,61
63,191,95,74,228,65
63,191,103,75,227,69
63,191,111,75,226,73
63,191,119,75,226,78
63,191,127,76,225,83
63,191,135,77,224,88
63,191,143,78,223,93
63,191,151,79,222,99
63,191,159,78,221,105
63,191,167,78,220,112
63,191,175,79,219,119
63,191,183,81,217,128
63,191,191,80,214,137
63,191,199,79,211,149
63,191,207,80,208,163
63,191,215,81,203,178
63,191,223,81,197,194
63,191,231,82,191,211
63,191,239,83,183,227
63,191,247,86,175,242
63,191,255,86,169,250
63,199,0,66,239,30
63,199,7,66,239,31
63,199,15,67,239,32
63,199,23,67,239,34
63,199,31,68,240,37
63,199,39,69,240,40
63,199,47,70,239,43
63,199,55,70,239,46
63,199,63,71,239,49
63,199,71,71,239,52
63,199,79,72,238,56
63,199,87,73,238,60
63,199,95,74,237,64
63,199,103,75,237,68
63,199,111,75,235,72
63,199,119,76,234,76
63,199,127,76,234,80
63,199,135,76,233,85
63,199,143,76,233,90
63,199,151,78,232,96
63,199,159,79,231,101
63,199,167,79,230,107
63,199,175,79,229,114
63,199,183,78,228,121
63,199,191,79,227,130
63,199,199,81,224,141
63,199,207,81,221,153
63,199,215,80,218,168
63,199,223,81,213,184
63,199,231,83,207,202
63,199,239,83,201,218
63,199,247,84,193,236
63,199,255,87,185,250
63,207,0,66,243,31
63,207,7,66,243,32
63,207,15,67,243,33
63,207,23,67,244,35
63,207,31,68,244,37
63,207,39,69,244,40
63,207,47,70,245,43
63,207,55,71,244,46
63,207,63,71,244,49
63,207,71,72,244,52
63,207,79,72,243,55
63,207,87,72,243,58
63,207,95,72,243,62
63,207,103,73,242,66
63,207,111,74,242,70
63,207,119,76,242,74
63,207,127,76,241,79
63,207,135,77,240,83
63,207,143,77,240,87
63,207,151,77,239,92
63,207,159,77,239,97
63,207,167,78,239,103
63,207,175,80,239,110
63,207,183,80,237,116
63,207,191,80,236,124
63,207,199,79,235,134
63,207,207,80,233,145
63,207,215,82,230,158
63,207,223,81,227,175
63,207,231,81,223,192
63,207,239,83,217,210
63,207,247,85,211,229
63,207,255,86,203,244
63,215,0,65,246,32
63,215,7,66,246,33
63,215,15,66,246,34
63,215,23,67,247,35
63,215,31,68,247,37
63,215,39,69,247,40
63,215,47,70,248,43
63,215,55,71,249,46
63,215,63,71,249,48
63,215,71,72,248,51
63,215,79,72,248,55
63,215,87,72,248,58
63,215,95,73,247,61
63,215,103,73,247,64
63,215,111,73,246,68
63,215,119,74,246,72
63,215,127,75,246,76
63,215,135,76,246,80
63,215,143,77,246,85
63,215,151,77,246,89
63,215,159,78,245,94
63,215,167,77,245,99
63,215,175,78,245,105
63,215,183,79,245,112
63,215,191,80,245,119
63,215,199,80,244,127
63,215,207,79,243,138
63,215,215,80,241,151
63,215,223,82,238,166
63,215,231,82,235,183
63,215,239,83,231,201
63,215,247,84,226,220
63,215,255,86,220,238
63,223,0,65,248,32
63,223,7,65,249,33
63,223,15,66,249,34
63,223,23,67,249,36
63,223,31,67,249,37
63,223,39,68,249,39
63,223,47,68,250,42
63,223,55,69,250,45
63,223,63,70,251,48
63,223,71,71,251,50
63,223,79,72,251,54
63,223,87,73,251,57
63,223,95,73,251,60
63,223,103,73,251,63
63,223,111,74,250,66
63,223,119,74,250,70
63,223,127,74,250,74
63,223,135,74,250,78
63,223,143,75,250,82
63,223,151,76,250,86
63,223,159,78,250,91
63,223,167,78,250,96
63,223,175,78,250,101
63,223,183,78,250,107
63,223,191,78,250,115
63,223,199,79,250,124
63,223,207,80,249,133
63,223,215,80,248,145
63,223,223,80,246,159
63,223,231,81,245,174
63,223,239,83,242,193
63,223,247,84,238,212
63,223,255,85,234,231
63,231,0,65,251,32
63,231,7,65,251,33
63,231,15,66,251,34
63,231,23,66,251,36
63,231,31,67,251,38
63,231,39,68,252,40
63,231,47,68,252,42
63,231,55,69,252,44
63,231,63,70,252,47
63,231,71,70,252,49
63,231,79,71,253,52
63,231,87,71,253,55
63,231,95,72,253,58
63,231,103,73,253,62
63,231,111,74,253,65
63,231,119,74,253,68
63,231,127,74,253,72
63,231,135,75,253,75
63,231,143,75,253,79
63,231,151,75,253,83
63,231,159,76,253,88
63,231,167,77,253,93
63,231,175,78,253,98
63,231,183,78,253,104
63,231,191,78,253,111
63,231,199,78,253,119
63,231,207,78,253,128
63,231,215,80,252,140
63,231,223,81,252,153
63,231,231,81,251,168
63,231,239,82,249,184
63,231,247,84,248,204
63,231,255,86,245,225
63,239,0,65,253,33
63,239,7,66,253,33
63,239,15,66,253,34
63,239,23,66,253,36
63,239,31,67,253,37
63,239,39,68,253,40
63,239,47,69,253,42
63,239,55,69,253,44
63,239,63,70,253,46
63,239,71,70,253,49
63,239,79,71,254,51
63,239,87,71,253,54
63,239,95,71,253,57
63,239,103,72,254,60
63,239,111,72,254,63
63,239,119,73,254,66
63,239,127,74,254,70
63,239,135,75,254,74
63,239,143,75,254,77
63,239,151,75,254,81
63,239,159,75,254,85
63,239,167,76,254,89
63,239,175,76,254,94
63,239,183,77,255,100
63,239,191,78,255,108
63,239,199,78,255,115
63,239,207,78,254,124
63,239,215,78,254,135
63,239,223,79,254,147
63,239,231,81,254,162
63,239,239,82,253,179
63,239,247,83,253,196
63,239,255,84,251,215
63,247,0,65,254,33
63,247,7,65,254,33
63,247,15,65,254,34
63,247,23,66,254,35
63,247,31,67,254,37
63,247,39,67,254,39
63,247,47,68,254,41
63,247,55,70,254,44
63,247,63,70,254,46
63,247,71,70,254,49
63,247,79,71,254,51
63,247,87,71,254,54
63,247,95,71,254,56
63,247,103,71,253,59
63,247,111,71,253,61
63,247,119,72,253,64
63,247,127,72,254,67
63,247,135,73,254,71
63,247,143,74,254,75
63,247,151,75,254,79
63,247,159,76,254,83
63,247,167,76,254,87
63,247,175,76,254,92
63,247,183,76,254,97
63,247,191,76,254,104
63,247,199,77,255,112
63,247,207,79,255,121
63,247,215,79,255,131
63,247,223,78,255,142
63,247,231,79,254,156
63,247,239,81,255,172
63,247,247,83,255,190
63,247,255,84,254,206
63,255,0,64,254,32
63,255,7,65,254,33
63,255,15,65,254,34
63,255,23,65,254,35
63,255,31,66,254,36
63,255,39,66,254,38
63,255,47,67,254,40
63,255,55,68,254,42
63,255,63,69,254,45
63,255,71,69,254,47
63,255,79,70,254,50
63,255,87,71,254,53
63,255,95,71,254,56
63,255,103,71,254,58
63,255,111,72,253,61
63,255,119,72,253,63
63,255,127,72,253,66
63,255,135,73,253,69
63,255,143,73,253,73
63,255,151,74,254,77
63,255,159,75,254,82
63,255,167,75,254,87
63,255,175,76,254,91
63,255,183,76,254,97
63,255,191,76,254,102
63,255,199,77,254,109
63,255,207,77,254,118
63,255,215,78,254,128
63,255,223,79,254,140
63,255,231,79,254,152
63,255,239,80,254,167
63,255,247,81,255,183
63,255,255,82,255,198
71,0,0,57,1,17
71,0,7,57,1,24
71,0,15,57,2,31
71,0,23,58,2,39
71,0,31,58,2,48
71,0,39,57,3,57
71,0,47,57,3,66
71,0,55,57,4,75
71,0,63,56,5,85
71,0,71,55,6,96
71,0,79,54,7,108
71,0,87,52,7,124
71,0,95,51,8,142
71,0,103,49,8,162
71,0,111,47,9,181
71,0,119,47,11,197
71,0,127,46,13,214
71,0,135,46,16,219
71,0,143,47,18,223
71,0,151,49,21,227
71,0,159,51,23,230
71,0,167,52,25,232
71,0,175,53,28,233
71,0,183,53,28,235
71,0,191,54,29,237
71,0,199,54,30,239
71,0,207,55,32,241
71,0,215,55,34,243
71,0,223,55,36,246
71,0,231,55,37,248
71,0,239,55,38,251
71,0,247,54,40,253
71,0,255,54,42,254
71,7,0,56,4,16
71,7,7,56,4,22
71,7,15,57,4,29
71,7,23,57,4,38
71,7,31,57,4,46
71,7,39,57,5,55
71,7,47,56,6,64
71,7,55,56,7,73
71,7,63,56,8,83
71,7,71,55,9,93
71,7,79,54,10,105
71,7,87,53,10,119
71,7,95,52,11,135
71,7,103,50,11,154
71,7,111,49,12,174
71,7,119,48,14,190
71,7,127,48,17,205
71,7,135,48,20,215
71,7,143,49,23,219
71,7,151,51,26,223
71,7,159,52,27,228
71,7,167,53,30,231
71,7,175,54,32,233
71,7,183,56,35,235
71,7,191,56,35,237
71,7,199,56,35,239
71,7,207,57,36,241
71,7,215,57,38,243
71,7,223,57,41,246
71,7,231,57,42,248
71,7,239,57,42,250
71,7,247,56,43,252
71,7,255,56,45,254
71,15,0,55,8,14
71,15,7,56,8,21
71,15,15,56,8,28
71,15,23,56,8,36
71,15,31,56,8,45
71,15,39,56,9,53
71,15,47,56,9,62
71,15,55,56,10,71
71,15,63,55,11,80
71,15,71,55,12,90
71,15,79,55,13,101
71,15,87,54,14,114
71,15,95,53,15,130
71,15,103,52,15,147
71,15,111,51,17,165
71,15,119,50,18,182
71,15,127,50,21,196
71,15,135,50,24,208
71,15,143,51,28,215
71,15,151,53,31,220
71,15,159,54,33,225
71,15,167,55,35,229
71,15,175,56,37,232
71,15,183,58,40,235
71,15,191,59,42,237
71,15,199,59,42,240
71,15,207,59,42,242
71,15,215,59,43,244
71,15,223,59,45,246
71,15,231,59,47,248
71,15,239,59,47,250
71,15,247,58,47,252
71,15,255,57,48,254
71,23,0,55,14,14
71,23,7,55,14,19
71,23,15,55,14,27
71,23,23,56,13,34
71,23,31,56,14,42
71,23,39,56,14,50
71,23,47,56,14,59
71,23,55,56,15,68
71,23,63,56,16,77
71,23,71,56,17,87
71,23,79,55,18,97
71,23,87,55,19,109
71,23,95,54,20,123
71,23,103,53,20,139
71,23,111,53,22,156
71,23,119,52,23,173
71,23,127,52,26,186
71,23,135,52,29,199
71,23,143,53,32,208
71,23,151,55,36,216
71,23,159,56,39,222
71,23,167,58,41,228
71,23,175,59,43,232
71,23,183,60,45,235
71,23,191,61,48,238
71,23,199,62,50,240
71,23,207,62,49,242
71,23,215,62,49,244
71,23,223,61,50,246
71,23,231,61,52,248
71,23,239,62,53,250
71,23,247,61,52,252
71,23,255,60,53,253
71,31,0,55,21,14
71,31,7,55,21,19
71,31,15,56,20,25
71,31,23,56,20,33
71,31,31,56,20,40
71,31,39,56,20,48
71,31,47,56,20,56
71,31,55,56,21,65
71,31,63,56,22,74
71,31,71,56,23,83
71,31,79,56,24,93
71,31,87,56,25,104
71,31,95,56,26,116
71,31,103,55,27,131
71,31,111,54,27,147
71,31,119,54,29,162
71,31,127,54,31,177
71,31,135,55,34,189
71,31,143,56,38,201
71,31,151,57,41,211
71,31,159,58,44,220
71,31,167,60,47,227
71,31,175,62,50,232
71,31,183,63,51,236
71,31,191,64,53,238
71,31,199,65,55,240
71,31,207,65,56,242
71,31,215,65,57,244
71,31,223,65,56,246
71,31,231,64,56,248
71,31,239,64,57,250
71,31,247,64,59,251
71,31,255,63,59,253
71,39,0,56,29,13
71,39,7,56,29,19
71,39,15,56,28,25
71,39,23,56,28,31
71,39,31,56,28,38
71,39,39,56,28,45
71,39,47,56,28,53
71,39,55,57,28,61
71,39,63,57,29,70
71,39,71,57,30,79
71,39,79,57,30,88
71,39,87,57,31,98
71,39,95,57,32,111
71,39,103,56,33,124
71,39,111,56,34,138
71,39,119,56,35,152
71,39,127,56,37,167
71,39,135,57,39,181
71,39,143,58,42,194
71,39,151,59,46,207
71,39,159,61,49,218
71,39,167,62,51,226
71,39,175,64,54,232
71,39,183,66,57,236
71,39,191,67,59,239
71,39,199,68,60,241
71,39,207,68,61,243
71,39,215,68,62,245
71,39,223,68,63,247
71,39,231,67,62,249
71,39,239,67,62,250
71,39,247,66,62,252
71,39,255,66,63,253
71,47,0,57,39,13
71,47,7,57,38,18
71,47,15,57,37,24
71,47,23,57,37,30
71,47,31,57,36,37
71,47,39,57,36,43
71,47,47,57,36,51
71,47,55,57,36,58
71,47,63,58,37,67
71,47,71,58,38,75
71,47,79,58,38,84
71,47,87,58,39,94
71,47,95,58,39,105
71,47,103,58,40,116
71,47,111,58,41,130
71,47,119,58,41,144
71,47,127,58,43,159
71,47,135,58,45,174
71,47,143,59,47,188
71,47,151,61,50,203
71,47,159,63,53,215
71,47,167,65,56,226
71,47,175,67,58,232
71,47,183,68,61,237
71,47,191,69,63,240
71,47,199,70,64,242
71,47,207,71,66,244
71,47,215,70,66,246
71,47,223,70,66,248
71,47,231,70,67,249
71,47,239,70,67,251
71,47,247,69,67,252
71,47,255,68,67,253
71,55,0,58,49,13
71,55,7,58,48,18
71,55,15,58,47,23
71,55,23,58,46,29
71,55,31,58,46,35
71,55,39,58,46,42
71,55,47,58,45,48
71,55,55,58,45,56
71,55,63,59,46,64
71,55,71,59,46,72
71,55,79,59,46,80
71,55,87,60,47,89
71,55,95,60,47,100
71,55,103,59,47,111
71,55,111,59,48,123
71,55,119,59,48,137
71,55,127,59,49,151
71,55,135,60,50,166
71,55,143,61,52,182
71,55,151,62,54,197
71,55,159,64,57,212
71,55,167,66,59,223
71,55,175,68,62,233
71,55,183,70,64,237
71,55,191,72,66,241
71,55,199,72,68,243
71,55,207,73,69,245
71,55,215,73,70,247
71,55,223,73,70,248
71,55,231,72,70,250
71,55,239,72,70,252
71,55,247,71,70,253
71,55,255,71,70,254
71,63,0,59,58,13
71,63,7,59,58,18
71,63,15,59,57,23
71,63,23,60,56,29
71,63,31,60,56,34
71,63,39,60,55,41
71,63,47,60,55,47
71,63,55,60,55,54
71,63,63,60,55,61
71,63,71,60,55,69
71,63,79,61,55,77
71,63,87,61,55,86
71,63,95,61,55,95
71,63,103,61,55,105
71,63,111,61,55,117
71,63,119,61,55,130
71,63,127,61,56,143
71,63,135,61,56,158
71,63,143,62,58,175
71,63,151,63,59,191
71,63,159,65,61,207
71,63,167,67,64,220
71,63,175,70,66,230
71,63,183,72,68,238
71,63,191,73,70,241
71,63,199,74,71,244
71,63,207,75,72,246
71,63,215,75,72,247
71,63,223,74,72,249
71,63,231,74,72,251
71,63,239,74,72,252
71,63,247,73,72,253
71,63,255,73,72,254
71,71,0,60,68,14
71,71,7,61,68,18
71,71,15,61,67,23
71,71,23,61,66,28
71,71,31,61,66,34
71,71,39,61,65,40
71,71,47,62,65,46
71,71,55,62,65,53
71,71,63,62,64,59
71,71,71,62,64,66
71,71,79,62,64,74
71,71,87,63,64,82
71,71,95,63,64,91
71,71,103,63,64,101
71,71,111,63,63,111
71,71,119,63,63,123
71,71,127,63,63,136
71,71,135,63,63,150
71,71,143,64,64,166
71,71,151,65,65,183
71,71,159,66,67,200
71,71,167,69,68,216
71,71,175,71,70,228
71,71,183,73,72,236
71,71,191,74,73,241
71,71,199,76,74,244
71,71,207,76,75,246
71,71,215,76,75,248
71,71,223,77,75,250
71,71,231,76,75,251
71,71,239,76,74,252
71,71,247,76,75,253
71,71,255,75,74,254
71,79,0,62,78,15
71,79,7,62,78,19
71,79,15,63,77,23
71,79,23,63,76,29
71,79,31,63,76,34
71,79,39,63,75,40
71,79,47,63,75,46
71,79,55,64,75,52
71,79,63,64,74,58
71,79,71,64,74,65
71,79,79,64,74,72
71,79,87,64,74,80
71,79,95,65,73,88
71,79,103,65,73,96
71,79,111,65,72,106
71,79,119,65,72,116
71,79,127,65,71,129
71,79,135,65,71,142
71,79,143,65,71,157
71,79,151,66,71,175
71,79,159,68,72,193
71,79,167,70,73,209
71,79,175,72,75,225
71,79,183,74,76,234
71,79,191,76,77,240
71,79,199,76,78,244
71,79,207,77,78,246
71,79,215,78,78,248
71,79,223,77,78,250
71,79,231,78,78,251
71,79,239,77,77,253
71,79,247,77,76,253
71,79,255,77,75,254
71,87,0,64,88,16
71,87,7,64,87,20
71,87,15,64,87,24
71,87,23,65,86,29
71,87,31,65,86,35
71,87,39,65,86,40
71,87,47,66,85,46
71,87,55,66,85,51
71,87,63,66,85,57
71,87,71,66,84,64
71,87,79,66,84,71
71,87,87,67,83,78
71,87,95,67,83,85
71,87,103,67,82,93
71,87,111,68,82,101
71,87,119,68,81,111
71,87,127,67,80,122
71,87,135,67,79,134
71,87,143,67,79,150
71,87,151,68,79,166
71,87,159,69,79,184
71,87,167,71,79,202
71,87,175,73,80,218
71,87,183,75,80,232
71,87,191,77,81,239
71,87,199,78,82,244
71,87,207,79,81,246
71,87,215,79,81,248
71,87,223,79,81,250
71,87,231,79,81,252
71,87,239,79,80,253
71,87,247,78,79,254
71,87,255,78,78,254
71,95,0,66,98,17
71,95,7,66,97,21
71,95,15,66,96,25
71,95,23,66,96,30
71,95,31,67,96,35
71,95,39,67,95,40
71,95,47,68,95,46
71,95,55,68,95,51
71,95,63,68,95,57
71,95,71,68,94,63
71,95,79,69,94,69
71,95,87,69,93,76
71,95,95,69,92,83
71,95,103,70,92,90
71,95,111,70,91,98
71,95,119,70,90,107
71,95,127,70,89,117
71,95,135,70,88,129
71,95,143,70,87,142
71,95,151,70,87,158
71,95,159,71,86,175
71,95,167,72,86,193
71,95,175,74,86,211
71,95,183,76,85,225
71,95,191,78,86,236
71,95,199,79,85,242
71,95,207,80,85,246
71,95,215,80,85,248
71,95,223,80,85,250
71,95,231,80,84,252
71,95,239,80,84,253
71,95,247,80,83,254
71,95,255,79,82,254
71,103,0,67,108,17
71,103,7,67,107,21
71,103,15,68,107,25
71,103,23,68,106,31
71,103,31,69,106,35
71,103,39,69,105,40
71,103,47,70,105,46
71,103,55,70,105,51
71,103,63,70,104,56
71,103,71,70,104,62
71,103,79,71,103,69
71,103,87,71,103,75
71,103,95,72,102,81
71,103,103,72,101,88
71,103,111,72,100,96
71,103,119,73,99,104
71,103,127,73,98,112
71,103,135,73,97,123
71,103,143,72,96,136
71,103,151,72,95,150
71,103,159,73,94,167
71,103,167,73,93,185
71,103,175,75,92,203
71,103,183,77,91,219
71,103,191,78,91,231
71,103,199,80,90,240
71,103,207,81,90,245
71,103,215,82,89,248
71,103,223,81,88,250
71,103,231,81,88,252
71,103,239,81,87,253
71,103,247,80,86,253
71,103,255,80,86,254
71,111,0,68,118,19
71,111,7,68,117,22
71,111,15,69,117,25
71,111,23,69,116,30
71,111,31,70,115,36
71,111,39,71,115,41
71,111,47,71,115,46
71,111,55,72,115,51
71,111,63,72,114,56
71,111,71,72,114,62
71,111,79,73,113,68
71,111,87,73,112,74
71,111,95,74,111,80
71,111,103,74,110,87
71,111,111,75,109,93
71,111,119,75,108,101
71,111,127,75,107,109
71,111,135,75,106,118
71,111,143,75,105,129
71,111,151,75,104,143
71,111,159,75,102,159
71,111,167,75,100,177
71,111,175,76,99,195
71,111,183,78,98,212
71,111,191,79,96,226
71,111,199,81,95,236
71,111,207,82,94,244
71,111,215,82,93,247
71,111,223,82,93,250
71,111,231,82,92,252
71,111,239,82,91,253
71,111,247,82,90,254
71,111,255,81,89,253
71,119,0,69,128,20
71,119,7,70,127,23
71,119,15,70,127,27
71,119,23,70,126,31
71,119,31,71,126,36
71,119,39,72,125,41
71,119,47,72,125,46
71,119,55,73,125,51
71,119,63,73,124,56
71,119,71,74,124,61
71,119,79,75,123,67
71,119,87,75,122,73
71,119,95,76,121,79
71,119,103,76,120,85
71,119,111,77,119,91
71,119,119,77,118,98
71,119,127,77,117,106
71,119,135,77,116,114
71,119,143,77,114,125
71,119,151,77,113,136
71,119,159,77,111,152
71,119,167,77,109,168
71,119,175,78,107,187
71,119,183,79,105,204
71,119,191,80,103,219
71,119,199,81,101,231
71,119,207,82,100,240
71,119,215,83,98,246
71,119,223,83,97,250
71,119,231,83,96,252
71,119,239,83,95,253
71,119,247,83,94,254
71,119,255,83,93,254
71,127,0,70,140,20
71,127,7,70,139,24
71,127,15,71,138,27
71,127,23,71,137,32
71,127,31,72,137,36
71,127,39,73,136,41
71,127,47,74,136,46
71,127,55,74,135,50
71,127,63,75,135,55
71,127,71,75,134,60
71,127,79,76,134,66
71,127,87,76,133,71
71,127,95,77,132,77
71,127,103,78,131,83
71,127,111,78,129,89
71,127,119,79,128,96
71,127,127,79,127,103
71,127,135,79,125,111
71,127,143,79,124,121
71,127,151,79,122,132
71,127,159,79,121,144
71,127,167,79,118,160
71,127,175,79,116,177
71,127,183,80,114,196
71,127,191,81,111,212
71,127,199,82,108,226
71,127,207,83,106,236
71,127,215,83,104,243
71,127,223,84,103,249
71,127,231,84,101,252
71,127,239,84,100,254
71,127,247,84,98,254
71,127,255,84,97,254
71,135,0,70,152,21
71,135,7,70,151,24
71,135,15,71,150,27
71,135,23,72,149,31
71,135,31,73,148,37
71,135,39,73,148,41
71,135,47,74,147,46
71,135,55,75,147,50
71,135,63,75,146,55
71,135,71,76,146,59
71,135,79,77,145,65
71,135,87,78,144,70
71,135,95,78,143,76
71,135,103,79,142,81
71,135,111,79,140,87
71,135,119,80,139,93
71,135,127,80,138,101
71,135,135,81,136,108
71,135,143,81,134,117
71,135,151,81,133,126
71,135,159,81,131,139
71,135,167,81,129,152
71,135,175,80,126,169
71,135,183,81,123,186
71,135,191,81,120,204
71,135,199,82,117,219
71,135,207,83,114,232
71,135,215,84,111,241
71,135,223,84,109,247
71,135,231,85,107,251
71,135,239,85,105,253
71,135,247,85,103,255
71,135,255,85,102,254
71,143,0,69,165,21
71,143,7,70,164,23
71,143,15,70,163,26
71,143,23,71,162,30
71,143,31,73,161,36
71,143,39,74,160,41
71,143,47,75,160,45
71,143,55,75,159,50
71,143,63,76,159,54
71,143,71,77,158,59
71,143,79,77,157,63
71,143,87,78,156,69
71,143,95,79,155,74
71,143,103,79,154,80
71,143,111,80,152,86
71,143,119,81,151,91
71,143,127,81,149,98
71,143,135,81,148,105
71,143,143,82,146,113
71,143,151,82,144,122
71,143,159,82,142,132
71,143,167,82,140,145
71,143,175,82,137,160
71,143,183,82,134,177
71,143,191,82,130,194
71,143,199,83,126,211
71,143,207,83,123,225
71,143,215,84,120,236
71,143,223,85,117,244
71,143,231,85,114,249
71,143,239,85,111,253
71,143,247,86,109,254
71,143,255,86,107,255
71,151,0,69,179,22
71,151,7,70,178,25
71,151,15,71,176,28
71,151,23,72,176,32
71,151,31,72,175,36
71,151,39,73,174,40
71,151,47,74,173,45
71,151,55,75,172,49
71,151,63,76,172,54
71,151,71,77,171,58
71,151,79,78,170,63
71,151,87,78,169,67
71,151,95,79,168,72
71,151,103,79,166,78
71,151,111,80,165,83
71,151,119,81,163,89
71,151,127,82,162,96
71,151,135,82,160,102
71,151,143,82,159,109
71,151,151,82,157,118
71,151,159,83,155,128
71,151,167,83,152,139
71,151,175,82,149,152
71,151,183,82,146,167
71,151,191,83,142,184
71,151,199,83,138,201
71,151,207,84,134,217
71,151,215,85,129,229
71,151,223,85,126,239
71,151,231,85,122,246
71,151,239,86,119,252
71,151,247,86,116,254
71,151,255,87,113,255
71,159,0,69,192,23
71,159,7,70,191,25
71,159,15,71,191,28
71,159,23,72,189,32
71,159,31,73,188,36
71,159,39,73,187,40
71,159,47,74,187,45
71,159,55,75,186,49
71,159,63,76,185,53
71,159,71,77,184,57
71,159,79,78,183,61
71,159,87,78,182,66
71,159,95,79,181,71
71,159,103,80,180,77
71,159,111,80,178,82
71,159,119,81,177,87
71,159,127,82,175,93
71,159,135,82,174,100
71,159,143,83,172,107
71,159,151,83,170,114
71,159,159,83,168,123
71,159,167,83,165,133
71,159,175,83,163,145
71,159,183,83,159,159
71,159,191,83,156,174
71,159,199,83,151,190
71,159,207,84,146,206
71,159,215,85,141,221
71,159,223,85,137,233
71,159,231,86,132,242
71,159,239,86,128,249
71,159,247,87,124,254
71,159,255,87,120,255
71,167,0,69,205,24
71,167,7,70,204,26
71,167,15,70,204,29
71,167,23,71,203,32
71,167,31,73,202,37
71,167,39,74,201,41
71,167,47,75,200,45
71,167,55,76,199,49
71,167,63,76,198,53
71,167,71,77,197,57
71,167,79,78,196,61
71,167,87,78,195,65
71,167,95,79,194,70
71,167,103,80,192,75
71,167,111,80,191,80
71,167,119,81,190,86
71,167,127,82,189,91
71,167,135,82,187,97
71,167,143,83,186,103
71,167,151,83,184,110
71,167,159,84,182,119
71,167,167,84,180,128
71,167,175,84,177,139
71,167,183,83,174,151
71,167,191,83,170,165
71,167,199,84,166,180
71,167,207,84,161,196
71,167,215,84,155,211
71,167,223,86,149,226
71,167,231,86,143,237
71,167,239,86,138,247
71,167,247,87,133,252
71,167,255,88,129,255
71,175,0,69,216,26
71,175,7,70,216,28
71,175,15,70,215,30
71,175,23,71,215,33
71,175,31,72,214,36
71,175,39,73,213,41
71,175,47,74,212,45
71,175,55,75,211,48
71,175,63,76,211,52
71,175,71,77,210,56
71,175,79,78,209,61
71,175,87,79,208,65
71,175,95,79,207,69
71,175,103,80,205,74
71,175,111,80,204,79
71,175,119,81,203,84
71,175,127,81,202,89
71,175,135,82,201,95
71,175,143,83,200,101
71,175,151,83,198,108
71,175,159,84,196,115
71,175,167,84,194,123
71,175,175,84,193,132
71,175,183,84,189,143
71,175,191,84,185,156
71,175,199,84,181,170
71,175,207,84,176,185
71,175,215,85,170,201
71,175,223,85,164,216
71,175,231,86,157,231
71,175,239,87,150,242
71,175,247,88,145,252
71,175,255,89,140,254
71,183,0,70,226,28
71,183,7,70,226,30
71,183,15,71,226,32
71,183,23,72,226,34
71,183,31,72,225,37
71,183,39,73,224,41
71,183,47,75,224,45
71,183,55,75,223,49
71,183,63,76,222,52
71,183,71,77,221,56
71,183,79,77,220,60
71,183,87,78,219,64
71,183,95,79,218,68
71,183,103,79,217,73
71,183,111,80,216,77
71,183,119,81,215,82
71,183,127,81,214,87
71,183,135,82,213,92
71,183,143,82,212,98
71,183,151,83,211,104
71,183,159,84,210,112
71,183,167,84,207,119
71,183,175,84,206,126
71,183,183,84,204,136
71,183,191,84,201,147
71,183,199,85,197,160
71,183,207,84,192,174
71,183,215,84,186,191
71,183,223,86,180,207
71,183,231,86,173,222
71,183,239,87,166,236
71,183,247,88,159,247
71,183,255,90,152,254
71,191,0,70,233,30
71,191,7,70,233,31
71,191,15,71,233,33
71,191,23,72,233,36
71,191,31,73,233,39
71,191,39,74,233,41
71,191,47,75,233,45
71,191,55,76,233,49
71,191,63,76,232,52
71,191,71,77,231,55
71,191,79,77,230,59
71,191,87,78,229,63
71,191,95,79,228,67
71,191,103,79,227,71
71,191,111,80,226,76
71,191,119,80,225,80
71,191,127,81,225,85
71,191,135,82,224,90
71,191,143,82,222,95
71,191,151,83,221,101
71,191,159,83,220,107
71,191,167,83,220,114
71,191,175,85,218,122
71,191,183,84,216,130
71,191,191,84,214,139
71,191,199,84,211,151
71,191,207,85,207,165
71,191,215,85,202,180
71,191,223,85,196,196
71,191,231,86,190,212
71,191,239,88,182,229
71,191,247,89,174,243
71,191,255,89,167,251
71,199,0,69,238,30
71,199,7,69,238,32
71,199,15,70,239,33
71,199,23,71,239,35
71,199,31,72,239,38
71,199,39,73,239,42
71,199,47,74,239,44
71,199,55,74,239,48
71,199,63,76,239,51
71,199,71,76,239,55
71,199,79,77,238,58
71,199,87,78,238,62
71,199,95,78,237,66
71,199,103,79,236,70
71,199,111,79,235,74
71,199,119,80,234,78
71,199,127,80,233,83
71,199,135,81,233,88
71,199,143,81,232,93
71,199,151,83,232,98
71,199,159,83,231,104
71,199,167,83,229,110
71,199,175,83,229,117
71,199,183,83,228,124
71,199,191,85,226,133
71,199,199,85,224,143
71,199,207,85,221,155
71,199,215,84,217,171
71,199,223,86,212,186
71,199,231,86,206,203
71,199,239,87,200,220
71,199,247,88,192,237
71,199,255,91,183,252
71,207,0,69,243,32
71,207,7,69,243,33
71,207,15,70,243,34
71,207,23,70,243,36
71,207,31,71,244,38
71,207,39,72,244,41
71,207,47,74,244,45
71,207,55,74,244,47
71,207,63,75,244,50
71,207,71,76,244,54
71,207,79,76,243,57
71,207,87,77,243,61
71,207,95,77,243,64
71,207,103,78,243,68
71,207,111,79,243,73
71,207,119,80,242,77
71,207,127,80,241,81
71,207,135,81,240,85
71,207,143,81,240,90
71,207,151,81,240,95
71,207,159,82,239,100
71,207,167,83,239,106
71,207,175,84,238,112
71,207,183,84,237,119
71,207,191,84,236,127
71,207,199,84,235,136
71,207,207,85,233,148
71,207,215,85,230,161
71,207,223,85,226,177
71,207,231,86,222,194
71,207,239,88,216,213
71,207,247,89,210,230
71,207,255,89,202,245
71,215,0,69,246,33
71,215,7,70,246,34
71,215,15,70,247,35
71,215,23,71,247,37
71,215,31,71,247,38
71,215,39,72,248,41
71,215,47,73,248,44
71,215,55,74,249,47
71,215,63,75,248,50
71,215,71,75,248,53
71,215,79,76,248,56
71,215,87,76,248,59
71,215,95,77,247,63
71,215,103,77,247,66
71,215,111,77,247,70
71,215,119,78,247,74
71,215,127,79,247,79
71,215,135,80,247,83
71,215,143,81,246,87
71,215,151,81,246,92
71,215,159,82,246,96
71,215,167,82,246,102
71,215,175,82,246,108
71,215,183,84,246,115
71,215,191,84,245,122
71,215,199,84,244,130
71,215,207,84,243,141
71,215,215,84,241,154
71,215,223,86,238,168
71,215,231,86,235,185
71,215,239,87,231,203
71,215,247,88,225,222
71,215,255,90,220,240
71,223,0,68,249,32
71,223,7,69,249,34
71,223,15,69,249,35
71,223,23,70,249,37
71,223,31,71,250,39
71,223,39,71,250,41
71,223,47,72,250,43
71,223,55,73,251,46
71,223,63,75,251,50
71,223,71,75,251,52
71,223,79,76,251,56
71,223,87,76,251,59
71,223,95,76,251,62
71,223,103,77,251,65
71,223,111,77,251,68
71,223,119,78,250,72
71,223,127,78,250,76
71,223,135,79,250,80
71,223,143,80,251,84
71,223,151,81,251,89
71,223,159,81,251,93
71,223,167,82,250,98
71,223,175,82,250,104
71,223,183,82,250,110
71,223,191,82,250,118
71,223,199,84,250,126
71,223,207,84,249,136
71,223,215,84,248,147
71,223,223,84,246,161
71,223,231,86,244,177
71,223,239,87,241,196
71,223,247,88,238,214
71,223,255,89,234,233
71,231,0,68,251,33
71,231,7,68,251,34
71,231,15,69,251,35
71,231,23,69,252,36
71,231,31,70,252,39
71,231,39,71,252,41
71,231,47,72,252,43
71,231,55,72,252,45
71,231,63,73,253,48
71,231,71,74,253,51
71,231,79,75,253,54
71,231,87,75,253,57
71,231,95,76,253,61
71,231,103,77,253,64
71,231,111,77,253,67
71,231,119,77,253,70
71,231,127,78,253,74
71,231,135,78,253,77
71,231,143,79,253,82
71,231,151,79,253,86
71,231,159,80,253,90
71,231,167,81,253,95
71,231,175,82,253,101
71,231,183,82,253,106
71,231,191,82,253,113
71,231,199,82,253,121
71,231,207,83,253,131
71,231,215,84,253,143
71,231,223,84,252,155
71,231,231,85,251,170
71,231,239,86,249,186
71,231,247,88,247,207
71,231,255,89,245,227
71,239,0,68,253,33
71,239,7,68,253,34
71,239,15,68,253,35
71,239,23,69,253,36
71,239,31,70,253,38
71,239,39,71,253,40
71,239,47,72,254,43
71,239,55,72,254,45
71,239,63,73,254,48
71,239,71,73,254,50
71,239,79,74,254,53
71,239,87,74,254,56
71,239,95,75,254,59
71,239,103,75,254,62
71,239,111,76,254,65
71,239,119,77,254,69
71,239,127,78,255,72
71,239,135,78,255,76
71,239,143,78,254,79
71,239,151,79,254,83
71,239,159,79,254,87
71,239,167,79,254,92
71,239,175,80,255,97
71,239,183,81,255,103
71,239,191,82,255,110
71,239,199,82,255,118
71,239,207,82,255,127
71,239,215,82,254,137
71,239,223,83,254,150
71,239,231,85,254,165
71,239,239,85,253,181
71,239,247,86,253,198
71,239,255,87,251,217
71,247,0,68,254,34
71,247,7,68,254,34
71,247,15,68,254,35
71,247,23,69,254,36
71,247,31,69,254,38
71,247,39,70,254,40
71,247,47,71,254,43
71,247,55,72,254,46
71,247,63,73,254,48
71,247,71,73,254,50
71,247,79,74,254,52
71,247,87,74,254,55
71,247,95,74,254,58
71,247,103,75,254,61
71,247,111,75,254,63
71,247,119,75,254,66
71,247,127,76,254,70
71,247,135,77,254,73
71,247,143,78,254,77
71,247,151,78,254,81
71,247,159,79,254,85
71,247,167,79,254,89
71,247,175,79,254,94
71,247,183,79,254,100
71,247,191,80,254,106
71,247,199,81,255,115
71,247,207,82,255,123
71,247,215,82,255,133
71,247,223,82,255,145
71,247,231,83,255,159
71,247,239,84,255,175
71,247,247,86,255,192
71,247,255,87,254,208
71,255,0,67,254,33
71,255,7,67,254,34
71,255,15,67,254,35
71,255,23,68,254,36
71,255,31,68,254,37
71,255,39,69,254,39
71,255,47,70,254,41
71,255,55,71,254,44
71,255,63,72,254,47
71,255,71,72,254,49
71,255,79,73,254,52
71,255,87,74,254,54
71,255,95,74,254,57
71,255,103,74,254,60
71,255,111,75,254,63
71,255,119,75,254,65
71,255,127,75,254,68
71,255,135,76,254,72
71,255,143,76,254,75
71,255,151,77,254,79
71,255,159,78,254,84
71,255,167,79,254,89
71,255,175,79,254,94
71,255,183,79,254,99
71,255,191,79,254,105
71,255,199,80,254,112
71,255,207,81,254,120
71,255,215,82,254,130
71,255,223,82,254,142
71,255,231,82,254,155
71,255,239,83,255,169
71,255,247,84,255,185
71,255,255,86,255,200
79,0,0,64,2,18
79,0,7,64,2,24
79,0,15,65,2,32
79,0,23,65,2,40
79,0,31,65,2,49
79,0,39,65,2,57
79,0,47,64,3,66
79,0,55,64,4,76
79,0,63,63,5,85
79,0,71,62,6,96
79,0,79,61,7,109
79,0,87,60,7,123
79,0,95,58,7,143
79,0,103,56,7,162
79,0,111,55,9,181
79,0,119,54,10,198
79,0,127,53,13,212
79,0,135,53,15,220
79,0,143,53,18,224
79,0,151,54,21,228
79,0,159,55,23,231
79,0,167,56,26,232
79,0,175,56,27,234
79,0,183,57,28,236
79,0,191,57,29,238
79,0,199,58,31,240
79,0,207,58,33,241
79,0,215,58,35,243
79,0,223,58,36,246
79,0,231,58,37,249
79,0,239,57,38,251
79,0,247,57,40,253
79,0,255,57,42,254
79,7,0,63,3,16
79,7,7,63,4,23
79,7,15,64,4,31
79,7,23,64,4,39
79,7,31,64,4,47
79,7,39,64,4,56
79,7,47,64,5,64
79,7,55,63,6,74
79,7,63,63,7,83
79,7,71,62,8,94
79,7,79,62,9,105
79,7,87,60,10,119
79,7,95,59,10,136
79,7,103,57,11,156
79,7,111,56,12,174
79,7,119,55,13,193
79,7,127,54,16,206
79,7,135,54,19,217
79,7,143,55,22,221
79,7,151,55,25,225
79,7,159,56,27,229
79,7,167,57,30,231
79,7,175,58,33,233
79,7,183,59,34,236
79,7,191,59,35,238
79,7,199,60,36,240
79,7,207,60,37,242
79,7,215,60,39,244
79,7,223,60,41,246
79,7,231,59,41,248
79,7,239,59,42,251
79,7,247,58,43,252
79,7,255,58,45,254
79,15,0,62,7,16
79,15,7,62,7,22
79,15,15,63,7,29
79,15,23,63,7,38
79,15,31,63,8,46
79,15,39,63,8,54
79,15,47,63,9,62
79,15,55,63,9,72
79,15,63,63,10,81
79,15,71,62,11,91
79,15,79,62,12,101
79,15,87,61,13,114
79,15,95,60,14,130
79,15,103,59,15,148
79,15,111,57,16,167
79,15,119,56,17,186
79,15,127,56,20,199
79,15,135,56,23,210
79,15,143,57,27,217
79,15,151,57,30,222
79,15,159,58,32,226
79,15,167,59,35,230
79,15,175,60,38,233
79,15,183,61,41,235
79,15,191,62,41,238
79,15,199,62,42,240
79,15,207,62,42,242
79,15,215,62,43,244
79,15,223,62,46,246
79,15,231,62,46,248
79,15,239,61,46,250
79,15,247,60,47,252
79,15,255,60,48,254
79,23,0,62,13,15
79,23,7,62,12,22
79,23,15,62,12,28
79,23,23,63,12,36
79,23,31,63,13,44
79,23,39,63,13,52
79,23,47,63,13,60
79,23,55,63,14,69
79,23,63,62,15,78
79,23,71,62,16,87
79,23,79,62,17,98
79,23,87,62,18,110
79,23,95,61,19,124
79,23,103,60,20,141
79,23,111,59,21,157
79,23,119,58,23,175
79,23,127,58,25,190
79,23,135,58,28,201
79,23,143,58,32,211
79,23,151,59,36,218
79,23,159,60,39,224
79,23,167,61,41,229
79,23,175,63,43,233
79,23,183,64,46,236
79,23,191,65,49,238
79,23,199,65,49,240
79,23,207,65,49,242
79,23,215,64,49,244
79,23,223,64,50,246
79,23,231,64,52,248
79,23,239,64,52,250
79,23,247,63,52,252
79,23,255,62,52,253
79,31,0,62,20,15
79,31,7,62,19,21
79,31,15,62,19,27
79,31,23,62,19,34
79,31,31,63,19,42
79,31,39,63,19,49
79,31,47,63,19,57
79,31,55,63,20,66
79,31,63,63,21,75
79,31,71,63,22,84
79,31,79,63,23,94
79,31,87,63,24,105
79,31,95,62,25,118
79,31,103,61,25,133
79,31,111,61,26,149
79,31,119,60,28,164
79,31,127,60,31,179
79,31,135,60,34,191
79,31,143,60,37,203
79,31,151,61,40,213
79,31,159,63,44,222
79,31,167,64,47,228
79,31,175,65,50,233
79,31,183,66,52,236
79,31,191,67,53,239
79,31,199,68,56,241
79,31,207,68,57,243
79,31,215,68,56,245
79,31,223,67,56,247
79,31,231,67,57,248
79,31,239,66,58,250
79,31,247,66,59,251
79,31,255,65,58,253
79,39,0,62,28,14
79,39,7,62,27,20
79,39,15,63,27,26
79,39,23,63,27,33
79,39,31,63,26,40
79,39,39,63,26,47
79,39,47,63,26,55
79,39,55,63,27,63
79,39,63,63,28,71
79,39,71,63,29,80
79,39,79,64,30,89
79,39,87,64,30,100
79,39,95,63,31,112
79,39,103,63,32,125
79,39,111,62,33,139
79,39,119,62,34,155
79,39,127,62,36,169
79,39,135,62,39,183
79,39,143,62,42,196
79,39,151,63,45,208
79,39,159,65,48,219
79,39,167,66,52,228
79,39,175,68,54,233
79,39,183,69,57,237
79,39,191,70,59,239
79,39,199,70,60,241
79,39,207,71,62,243
79,39,215,71,62,245
79,39,223,71,63,247
79,39,231,70,62,249
79,39,239,69,62,250
79,39,247,68,63,252
79,39,255,68,64,253
79,47,0,63,37,14
79,47,7,63,36,19
79,47,15,63,36,25
79,47,23,63,35,32
79,47,31,64,35,38
79,47,39,64,35,45
79,47,47,64,35,52
79,47,55,64,35,60
79,47,63,64,36,68
79,47,71,64,36,76
79,47,79,64,37,85
79,47,87,65,38,95
79,47,95,65,38,105
79,47,103,64,39,118
79,47,111,64,40,132
79,47,119,63,40,146
79,47,127,63,42,161
79,47,135,63,44,175
79,47,143,64,47,190
79,47,151,65,50,204
79,47,159,67,53,216
79,47,167,68,56,226
79,47,175,70,58,234
79,47,183,71,61,238
79,47,191,72,63,240
79,47,199,73,65,242
79,47,207,73,66,244
79,47,215,73,66,246
79,47,223,73,67,248
79,47,231,73,67,250
79,47,239,72,67,251
79,47,247,71,67,252
79,47,255,70,67,253
79,55,0,64,46,14
79,55,7,64,46,20
79,55,15,64,45,25
79,55,23,64,45,31
79,55,31,64,44,37
79,55,39,65,44,43
79,55,47,65,44,50
79,55,55,65,44,57
79,55,63,65,44,65
79,55,71,65,45,73
79,55,79,65,45,81
79,55,87,66,46,90
79,55,95,66,46,101
79,55,103,66,46,112
79,55,111,65,47,125
79,55,119,65,47,138
79,55,127,65,48,153
79,55,135,65,50,168
79,55,143,66,51,184
79,55,151,67,54,199
79,55,159,68,57,213
79,55,167,70,59,224
79,55,175,72,62,233
79,55,183,73,64,238
79,55,191,74,66,241
79,55,199,75,68,243
79,55,207,75,69,245
79,55,215,76,70,247
79,55,223,75,70,249
79,55,231,75,70,250
79,55,239,74,70,252
79,55,247,74,71,253
79,55,255,73,70,254
79,63,0,65,56,15
79,63,7,65,55,20
79,63,15,65,55,25
79,63,23,66,54,30
79,63,31,66,54,36
79,63,39,66,53,42
79,63,47,66,53,48
79,63,55,66,53,55
79,63,63,66,53,62
79,63,71,66,53,70
79,63,79,66,54,78
79,63,87,67,54,87
79,63,95,67,54,96
79,63,103,67,54,107
79,63,111,67,54,118
79,63,119,67,54,131
79,63,127,66,55,145
79,63,135,67,56,159
79,63,143,67,57,176
79,63,151,68,59,192
79,63,159,70,61,208
79,63,167,71,63,222
79,63,175,73,66,231
79,63,183,75,68,239
79,63,191,76,70,242
79,63,199,77,71,244
79,63,207,77,72,246
79,63,215,77,72,248
79,63,223,77,73,249
79,63,231,77,73,251
79,63,239,76,73,252
79,63,247,76,72,253
79,63,255,75,73,254
79,71,0,66,66,15
79,71,7,66,65,19
79,71,15,67,65,24
79,71,23,67,64,30
79,71,31,67,64,36
79,71,39,67,63,41
79,71,47,67,63,48
79,71,55,67,63,54
79,71,63,67,63,61
79,71,71,68,63,68
79,71,79,68,63,75
79,71,87,68,63,83
79,71,95,68,63,92
79,71,103,69,63,102
79,71,111,69,62,112
79,71,119,68,62,124
79,71,127,68,62,137
79,71,135,68,62,151
79,71,143,68,63,167
79,71,151,69,65,185
79,71,159,71,66,202
79,71,167,73,68,217
79,71,175,75,70,229
79,71,183,76,72,237
79,71,191,78,74,242
79,71,199,78,74,244
79,71,207,79,75,246
79,71,215,79,75,248
79,71,223,79,75,250
79,71,231,79,75,251
79,71,239,78,75,252
79,71,247,78,75,253
79,71,255,77,74,254
79,79,0,67,76,16
79,79,7,68,75,20
79,79,15,68,75,25
79,79,23,68,74,30
79,79,31,69,74,36
79,79,39,69,73,41
79,79,47,69,73,47
79,79,55,69,73,53
79,79,63,69,73,59
79,79,71,69,72,66
79,79,79,70,72,73
79,79,87,70,72,81
79,79,95,70,72,89
79,79,103,70,72,97
79,79,111,70,71,107
79,79,119,70,70,117
79,79,127,70,70,130
79,79,135,70,70,143
79,79,143,70,70,159
79,79,151,71,71,176
79,79,159,72,72,194
79,79,167,74,73,211
79,79,175,76,74,226
79,79,183,77,76,236
79,79,191,79,77,241
79,79,199,80,78,244
79,79,207,80,78,246
79,79,215,81,79,248
79,79,223,80,78,250
79,79,231,80,78,251
79,79,239,80,77,253
79,79,247,79,76,253
79,79,255,79,76,254
79,87,0,69,85,17
79,87,7,69,85,21
79,87,15,70,84,25
79,87,23,70,84,30
79,87,31,71,83,36
79,87,39,71,83,41
79,87,47,71,83,47
79,87,55,71,83,52
79,87,63,71,83,58
79,87,71,71,82,65
79,87,79,72,82,72
79,87,87,72,82,79
79,87,95,72,81,86
79,87,103,72,81,94
79,87,111,73,80,102
79,87,119,72,80,112
79,87,127,72,79,123
79,87,135,72,78,136
79,87,143,72,78,150
79,87,151,73,78,167
79,87,159,74,78,185
79,87,167,75,79,203
79,87,175,77,80,219
79,87,183,79,80,233
79,87,191,80,81,240
79,87,199,81,82,244
79,87,207,81,82,246
79,87,215,82,82,248
79,87,223,82,82,250
79,87,231,81,81,252
79,87,239,81,81,253
79,87,247,81,80,254
79,87,255,80,78,254
79,95,0,71,95,18
79,95,7,71,94,22
79,95,15,71,94,26
79,95,23,72,94,31
79,95,31,72,93,36
79,95,39,73,93,41
79,95,47,73,93,47
79,95,55,73,93,52
79,95,63,73,93,58
79,95,71,73,92,64
79,95,79,74,92,70
79,95,87,74,91,77
79,95,95,74,91,84
79,95,103,75,90,91
79,95,111,75,89,99
79,95,119,75,89,107
79,95,127,75,88,118
79,95,135,75,87,129
79,95,143,75,87,143
79,95,151,75,86,159
79,95,159,75,86,176
79,95,167,76,85,194
79,95,175,78,85,213
79,95,183,79,85,226
79,95,191,81,86,237
79,95,199,82,86,243
79,95,207,83,86,246
79,95,215,83,86,248
79,95,223,83,85,250
79,95,231,83,85,252
79,95,239,82,84,253
79,95,247,82,84,254
79,95,255,81,82,254
79,103,0,72,105,18
79,103,7,72,104,21
79,103,15,72,104,26
79,103,23,73,103,31
79,103,31,74,103,37
79,103,39,74,103,42
79,103,47,75,103,47
79,103,55,75,103,52
79,103,63,75,102,58
79,103,71,75,102,63
79,103,79,76,101,69
79,103,87,76,101,76
79,103,95,76,100,82
79,103,103,77,99,89
79,103,111,77,99,97
79,103,119,77,98,104
79,103,127,78,97,113
79,103,135,77,96,123
79,103,143,77,95,136
79,103,151,77,94,150
79,103,159,77,93,167
79,103,167,78,92,186
79,103,175,79,92,204
79,103,183,80,91,221
79,103,191,82,91,232
79,103,199,83,90,241
79,103,207,84,90,245
79,103,215,84,90,248
79,103,223,84,89,250
79,103,231,84,88,252
79,103,239,83,88,253
79,103,247,83,87,253
79,103,255,83,86,254
79,111,0,73,114,20
79,111,7,73,114,23
79,111,15,74,113,27
79,111,23,74,113,32
79,111,31,75,113,37
79,111,39,76,113,42
79,111,47,76,113,47
79,111,55,77,112,52
79,111,63,77,112,57
79,111,71,77,111,63
79,111,79,78,111,69
79,111,87,78,110,75
79,111,95,79,109,81
79,111,103,79,109,88
79,111,111,79,108,94
79,111,119,80,107,102
79,111,127,80,106,110
79,111,135,80,105,119
79,111,143,80,104,130
79,111,151,79,103,144
79,111,159,80,102,159
79,111,167,80,100,177
79,111,175,80,99,196
79,111,183,82,98,212
79,111,191,83,97,227
79,111,199,84,95,236
79,111,207,85,95,244
79,111,215,85,94,248
79,111,223,85,93,250
79,111,231,85,92,252
79,111,239,85,91,253
79,111,247,84,91,254
79,111,255,84,89,254
79,119,0,74,125,21
79,119,7,74,124,24
79,119,15,75,124,29
79,119,23,75,123,32
79,119,31,76,123,37
79,119,39,77,123,43
79,119,47,77,123,47
79,119,55,78,122,52
79,119,63,79,122,57
79,119,71,79,121,62
79,119,79,79,121,68
79,119,87,80,120,74
79,119,95,80,119,80
79,119,103,81,118,86
79,119,111,82,117,93
79,119,119,82,116,99
79,119,127,82,115,107
79,119,135,82,114,115
79,119,143,82,113,125
79,119,151,82,112,137
79,119,159,81,110,152
79,119,167,82,109,168
79,119,175,82,107,187
79,119,183,83,105,205
79,119,191,84,103,220
79,119,199,85,102,233
79,119,207,85,100,241
79,119,215,86,99,247
79,119,223,86,97,250
79,119,231,86,96,252
79,119,239,86,95,253
79,119,247,86,94,254
79,119,255,85,93,254
79,127,0,75,136,22
79,127,7,75,135,25
79,127,15,76,135,29
79,127,23,76,134,34
79,127,31,77,134,38
79,127,39,78,133,42
79,127,47,78,133,47
79,127,55,79,133,52
79,127,63,79,133,57
79,127,71,80,132,62
79,127,79,81,131,67
79,127,87,81,130,73
79,127,95,82,130,79
79,127,103,82,129,85
79,127,111,83,128,91
79,127,119,83,126,97
79,127,127,84,125,104
79,127,135,84,124,112
79,127,143,84,123,121
79,127,151,84,121,132
79,127,159,84,120,145
79,127,167,83,118,161
79,127,175,83,116,178
79,127,183,84,113,196
79,127,191,85,111,213
79,127,199,85,109,226
79,127,207,86,106,237
79,127,215,87,105,244
79,127,223,87,103,249
79,127,231,87,101,252
79,127,239,87,100,254
79,127,247,87,99,254
79,127,255,87,97,254
79,135,0,75,148,22
79,135,7,75,148,25
79,135,15,76,147,28
79,135,23,76,146,33
79,135,31,77,145,39
79,135,39,78,145,43
79,135,47,79,144,47
79,135,55,80,144,52
79,135,63,81,144,56
79,135,71,81,143,61
79,135,79,82,143,66
79,135,87,82,142,72
79,135,95,83,141,77
79,135,103,83,140,83
79,135,111,84,138,89
79,135,119,85,137,95
79,135,127,85,136,102
79,135,135,85,135,109
79,135,143,85,133,118
79,135,151,86,132,128
79,135,159,85,130,139
79,135,167,85,128,152
79,135,175,85,125,170
79,135,183,85,123,187
79,135,191,85,120,205
79,135,199,86,117,220
79,135,207,87,114,232
79,135,215,87,111,242
79,135,223,87,109,247
79,135,231,88,107,251
79,135,239,88,105,253
79,135,247,88,104,255
79,135,255,88,102,254
79,143,0,74,160,22
79,143,7,74,160,25
79,143,15,75,159,28
79,143,23,76,159,32
79,143,31,77,158,37
79,143,39,78,157,43
79,143,47,79,157,47
79,143,55,80,156,51
79,143,63,81,156,56
79,143,71,81,155,60
79,143,79,82,155,65
79,143,87,83,154,71
79,143,95,84,153,76
79,143,103,84,152,82
79,143,111,85,150,87
79,143,119,85,149,93
79,143,127,86,148,100
79,143,135,87,146,107
79,143,143,87,145,115
79,143,151,87,143,123
79,143,159,87,141,134
79,143,167,87,139,147
79,143,175,86,137,161
79,143,183,86,133,178
79,143,191,87,130,195
79,143,199,87,126,212
79,143,207,87,123,226
79,143,215,88,119,237
79,143,223,88,117,244
79,143,231,88,114,249
79,143,239,88,112,253
79,143,247,89,109,254
79,143,255,89,107,255
79,151,0,74,174,23
79,151,7,74,173,26
79,151,15,75,172,30
79,151,23,76,171,34
79,151,31,77,171,38
79,151,39,78,170,42
79,151,47,79,170,47
79,151,55,80,169,51
79,151,63,81,169,55
79,151,71,82,168,60
79,151,79,82,168,64
79,151,87,83,166,69
79,151,95,84,165,75
79,151,103,85,164,80
79,151,111,85,163,86
79,151,119,86,162,91
79,151,127,86,160,97
79,151,135,87,159,104
79,151,143,87,157,111
79,151,151,88,156,120
79,151,159,88,154,129
79,151,167,88,151,140
79,151,175,87,148,154
79,151,183,87,146,169
79,151,191,87,142,186
79,151,199,87,138,202
79,151,207,88,133,218
79,151,215,88,129,230
79,151,223,88,126,240
79,151,231,89,122,247
79,151,239,89,119,252
79,151,247,89,116,254
79,151,255,90,113,255
79,159,0,73,188,24
79,159,7,74,187,26
79,159,15,75,187,29
79,159,23,76,186,34
79,159,31,77,185,38
79,159,39,78,184,42
79,159,47,79,183,46
79,159,55,80,183,51
79,159,63,81,182,55
79,159,71,82,181,59
79,159,79,83,181,64
79,159,87,84,180,69
79,159,95,84,179,73
79,159,103,85,177,79
79,159,111,85,176,84
79,159,119,86,175,89
79,159,127,87,173,95
79,159,135,88,172,102
79,159,143,88,171,108
79,159,151,88,169,116
79,159,159,88,167,125
79,159,167,88,165,135
79,159,175,88,162,147
79,159,183,88,159,161
79,159,191,88,155,176
79,159,199,88,151,192
79,159,207,88,146,208
79,159,215,88,141,222
79,159,223,89,136,234
79,159,231,89,132,243
79,159,239,89,128,250
79,159,247,90,124,254
79,159,255,90,121,255
79,167,0,74,201,25
79,167,7,74,201,27
79,167,15,75,200,30
79,167,23,76,199,33
79,167,31,77,198,38
79,167,39,78,198,43
79,167,47,79,197,46
79,167,55,80,196,50
79,167,63,81,195,54
79,167,71,82,195,59
79,167,79,82,194,63
79,167,87,83,193,67
79,167,95,84,192,72
79,167,103,85,191,77
79,167,111,86,190,83
79,167,119,86,189,88
79,167,127,86,187,93
79,167,135,87,186,99
79,167,143,88,184,106
79,167,151,88,183,113
79,167,159,89,181,121
79,167,167,89,179,130
79,167,175,88,176,141
79,167,183,89,173,153
79,167,191,89,169,167
79,167,199,88,165,182
79,167,207,88,160,198
79,167,215,89,154,213
79,167,223,89,148,227
79,167,231,89,143,238
79,167,239,90,137,248
79,167,247,90,133,252
79,167,255,91,129,254
79,175,0,73,213,27
79,175,7,74,213,29
79,175,15,74,212,31
79,175,23,75,212,34
79,175,31,76,211,38
79,175,39,78,211,42
79,175,47,79,210,47
79,175,55,80,209,50
79,175,63,81,209,55
79,175,71,82,208,58
79,175,79,82,207,63
79,175,87,83,206,67
79,175,95,84,205,71
79,175,103,84,204,76
79,175,111,85,203,81
79,175,119,86,202,86
79,175,127,87,201,92
79,175,135,87,200,98
79,175,143,88,198,103
79,175,151,88,197,110
79,175,159,88,195,117
79,175,167,89,194,125
79,175,175,89,192,135
79,175,183,89,188,145
79,175,191,89,184,158
79,175,199,89,180,172
79,175,207,89,175,188
79,175,215,89,169,203
79,175,223,89,163,218
79,175,231,90,156,233
79,175,239,91,150,243
79,175,247,91,144,252
79,175,255,92,139,255
79,183,0,73,223,29
79,183,7,74,223,31
79,183,15,75,223,33
79,183,23,75,223,36
79,183,31,76,223,38
79,183,39,77,222,42
79,183,47,79,222,46
79,183,55,80,221,50
79,183,63,80,220,54
79,183,71,81,220,58
79,183,79,82,219,62
79,183,87,83,218,66
79,183,95,84,217,71
79,183,103,84,216,75
79,183,111,85,215,80
79,183,119,85,214,84
79,183,127,86,213,90
79,183,135,87,212,95
79,183,143,87,211,101
79,183,151,88,210,107
79,183,159,88,208,114
79,183,167,89,206,121
79,183,175,89,205,129
79,183,183,89,203,138
79,183,191,89,200,150
79,183,199,89,196,162
79,183,207,89,191,177
79,183,215,89,185,193
79,183,223,90,179,209
79,183,231,90,172,224
79,183,239,91,165,238
79,183,247,92,158,248
79,183,255,93,151,254
79,191,0,74,231,30
79,191,7,74,231,32
79,191,15,75,231,34
79,191,23,76,231,37
79,191,31,77,231,40
79,191,39,77,231,43
79,191,47,78,231,46
79,191,55,79,231,50
79,191,63,80,230,54
79,191,71,81,229,57
79,191,79,82,229,61
79,191,87,82,228,65
79,191,95,83,227,69
79,191,103,84,226,74
79,191,111,85,226,78
79,191,119,85,225,83
79,191,127,86,224,88
79,191,135,86,223,93
79,191,143,87,222,98
79,191,151,87,221,104
79,191,159,88,220,110
79,191,167,89,219,118
79,191,175,89,217,124
79,191,183,89,215,132
79,191,191,89,213,142
79,191,199,89,210,154
79,191,207,90,206,168
79,191,215,89,201,182
79,191,223,89,195,199
79,191,231,90,189,215
79,191,239,91,181,230
79,191,247,92,173,244
79,191,255,93,166,251
79,199,0,73,238,31
79,199,7,73,238,33
79,199,15,74,238,34
79,199,23,75,238,37
79,199,31,76,238,40
79,199,39,77,238,43
79,199,47,78,238,46
79,199,55,79,239,50
79,199,63,80,239,53
79,199,71,81,238,57
79,199,79,81,237,60
79,199,87,82,237,64
79,199,95,83,236,68
79,199,103,83,235,72
79,199,111,84,235,76
79,199,119,84,234,81
79,199,127,85,233,85
79,199,135,86,233,91
79,199,143,87,232,96
79,199,151,87,231,101
79,199,159,87,230,106
79,199,167,88,229,113
79,199,175,88,228,120
79,199,183,89,227,127
79,199,191,89,225,135
79,199,199,89,223,145
79,199,207,89,220,158
79,199,215,89,216,173
79,199,223,90,211,189
79,199,231,90,205,205
79,199,239,91,199,222
79,199,247,93,190,239
79,199,255,94,182,252
79,207,0,72,242,32
79,207,7,73,242,33
79,207,15,73,243,35
79,207,23,74,243,36
79,207,31,75,243,39
79,207,39,76,243,42
79,207,47,78,244,46
79,207,55,78,244,49
79,207,63,79,244,52
79,207,71,80,244,56
79,207,79,81,243,59
79,207,87,81,243,63
79,207,95,82,243,67
79,207,103,83,243,71
79,207,111,83,242,75
79,207,119,84,242,79
79,207,127,84,241,83
79,207,135,85,241,88
79,207,143,85,240,92
79,207,151,86,240,98
79,207,159,87,240,103
79,207,167,87,239,109
79,207,175,88,238,115
79,207,183,88,237,122
79,207,191,88,236,130
79,207,199,89,235,139
79,207,207,89,233,150
79,207,215,89,229,164
79,207,223,89,226,180
79,207,231,90,222,196
79,207,239,92,215,215
79,207,247,92,209,232
79,207,255,93,201,246
79,215,0,72,246,33
79,215,7,73,246,34
79,215,15,73,246,36
79,215,23,74,247,37
79,215,31,75,247,39
79,215,39,75,247,42
79,215,47,77,248,45
79,215,55,78,248,49
79,215,63,78,248,51
79,215,71,79,248,55
79,215,79,80,248,58
79,215,87,80,248,61
79,215,95,81,247,65
79,215,103,82,247,69
79,215,111,82,247,73
79,215,119,83,247,77
79,215,127,84,247,81
79,215,135,84,247,85
79,215,143,85,246,90
79,215,151,85,246,94
79,215,159,86,246,99
79,215,167,86,246,105
79,215,175,87,246,111
79,215,183,88,245,117
79,215,191,88,245,125
79,215,199,88,244,133
79,215,207,88,242,144
79,215,215,89,241,157
79,215,223,90,238,171
79,215,231,90,234,188
79,215,239,91,230,205
79,215,247,92,225,225
79,215,255,93,219,241
79,223,0,72,249,33
79,223,7,72,249,35
79,223,15,73,250,36
79,223,23,74,250,38
79,223,31,75,250,40
79,223,39,76,250,43
79,223,47,76,251,45
79,223,55,77,251,48
79,223,63,78,251,51
79,223,71,79,251,54
79,223,79,79,251,57
79,223,87,80,251,60
79,223,95,80,251,64
79,223,103,81,251,67
79,223,111,81,251,71
79,223,119,82,251,74
79,223,127,82,251,78
79,223,135,83,251,83
79,223,143,84,251,87
79,223,151,85,251,91
79,223,159,85,251,96
79,223,167,86,250,101
79,223,175,86,250,106
79,223,183,86,250,113
79,223,191,87,251,121
79,223,199,88,250,129
79,223,207,88,249,138
79,223,215,88,248,150
79,223,223,89,246,164
79,223,231,90,244,180
79,223,239,91,241,198
79,223,247,92,238,216
79,223,255,92,233,235
79,231,0,71,252,33
79,231,7,71,252,34
79,231,15,72,252,36
79,231,23,73,252,37
79,231,31,74,252,40
79,231,39,75,252,42
79,231,47,75,253,45
79,231,55,76,253,47
79,231,63,77,253,50
79,231,71,78,253,53
79,231,79,79,253,56
79,231,87,80,254,60
79,231,95,80,253,63
79,231,103,80,253,66
79,231,111,81,253,69
79,231,119,81,253,72
79,231,127,82,253,76
79,231,135,82,253,80
79,231,143,83,253,84
79,231,151,83,253,88
79,231,159,85,254,93
79,231,167,85,254,98
79,231,175,85,253,103
79,231,183,86,253,109
79,231,191,86,253,116
79,231,199,86,253,124
79,231,207,87,253,134
79,231,215,88,252,145
79,231,223,88,251,158
79,231,231,88,250,173
79,231,239,90,249,189
79,231,247,92,247,210
79,231,255,92,244,229
79,239,0,70,253,34
79,239,7,71,253,35
79,239,15,71,253,36
79,239,23,72,254,37
79,239,31,73,254,39
79,239,39,74,254,41
79,239,47,75,254,44
79,239,55,76,254,47
79,239,63,76,254,49
79,239,71,77,254,52
79,239,79,78,254,55
79,239,87,78,254,58
79,239,95,79,254,61
79,239,103,79,254,64
79,239,111,80,255,68
79,239,119,81,255,71
79,239,127,81,255,74
79,239,135,82,254,78
79,239,143,82,254,81
79,239,151,83,254,86
79,239,159,83,254,90
79,239,167,83,255,95
79,239,175,84,255,100
79,239,183,85,255,106
79,239,191,85,255,113
79,239,199,85,255,120
79,239,207,86,255,129
79,239,215,86,254,140
79,239,223,87,254,153
79,239,231,88,254,167
79,239,239,89,253,183
79,239,247,90,253,201
79,239,255,91,251,220
79,247,0,70,254,34
79,247,7,71,254,35
79,247,15,71,254,36
79,247,23,71,254,37
79,247,31,72,254,39
79,247,39,73,254,41
79,247,47,74,254,44
79,247,55,75,254,47
79,247,63,76,254,49
79,247,71,76,254,51
79,247,79,77,254,54
79,247,87,77,254,57
79,247,95,78,254,60
79,247,103,78,254,63
79,247,111,79,254,66
79,247,119,79,254,69
79,247,127,80,254,72
79,247,135,81,254,76
79,247,143,81,254,79
79,247,151,82,254,83
79,247,159,82,254,87
79,247,167,82,254,92
79,247,175,83,254,97
79,247,183,83,255,103
79,247,191,84,255,110
79,247,199,85,255,117
79,247,207,85,255,126
79,247,215,85,255,136
79,247,223,86,255,148
79,247,231,86,255,162
79,247,239,88,255,179
79,247,247,89,255,194
79,247,255,90,254,210
79,255,0,69,255,33
79,255,7,70,254,34
79,255,15,70,254,36
79,255,23,71,254,37
79,255,31,71,254,39
79,255,39,72,254,40
79,255,47,73,254,42
79,255,55,74,254,45
79,255,63,75,254,48
79,255,71,75,254,50
79,255,79,76,254,53
79,255,87,77,254,56
79,255,95,77,254,59
79,255,103,77,254,61
79,255,111,78,254,64
79,255,119,78,254,67
79,255,127,79,254,70
79,255,135,80,254,74
79,255,143,80,254,77
79,255,151,81,254,82
79,255,159,82,254,86
79,255,167,82,254,91
79,255,175,82,254,96
79,255,183,83,254,101
79,255,191,83,254,107
79,255,199,84,254,115
79,255,207,84,254,123
79,255,215,85,255,133
79,255,223,85,255,144
79,255,231,86,255,157
79,255,239,87,255,172
79,255,247,88,255,188
79,255,255,89,255,203
87,0,0,71,1,19
87,0,7,71,1,25
87,0,15,72,1,32
87,0,23,72,1,41
87,0,31,72,1,49
87,0,39,72,2,58
87,0,47,71,2,66
87,0,55,71,3,76
87,0,63,70,4,85
87,0,71,69,5,96
87,0,79,68,6,108
87,0,87,67,6,124
87,0,95,66,7,141
87,0,103,64,8,161
87,0,111,62,9,181
87,0,119,61,10,200
87,0,127,60,12,212
87,0,135,59,15,220
87,0,143,59,18,225
87,0,151,59,21,229
87,0,159,60,23,231
87,0,167,60,26,233
87,0,175,60,27,235
87,0,183,60,29,237
87,0,191,61,30,238
87,0,199,61,31,240
87,0,207,61,33,242
87,0,215,61,35,244
87,0,223,61,36,246
87,0,231,60,37,249
87,0,239,60,38,251
87,0,247,59,40,253
87,0,255,59,42,254
87,7,0,70,4,18
87,7,7,71,3,25
87,7,15,71,3,31
87,7,23,71,4,40
87,7,31,71,4,48
87,7,39,71,4,57
87,7,47,71,4,65
87,7,55,70,5,74
87,7,63,70,6,84
87,7,71,69,7,94
87,7,79,69,8,105
87,7,87,68,9,119
87,7,95,66,10,136
87,7,103,65,11,155
87,7,111,63,12,175
87,7,119,62,13,195
87,7,127,61,16,208
87,7,135,60,19,216
87,7,143,60,22,222
87,7,151,61,25,226
87,7,159,61,27,229
87,7,167,62,31,232
87,7,175,62,33,234
87,7,183,62,34,236
87,7,191,63,35,238
87,7,199,63,36,240
87,7,207,63,37,242
87,7,215,63,40,244
87,7,223,63,41,246
87,7,231,62,41,248
87,7,239,61,42,251
87,7,247,61,43,253
87,7,255,60,45,254
87,15,0,69,7,17
87,15,7,70,7,24
87,15,15,70,7,31
87,15,23,70,7,39
87,15,31,70,7,47
87,15,39,70,7,55
87,15,47,70,8,64
87,15,55,70,8,72
87,15,63,70,9,82
87,15,71,69,11,91
87,15,79,69,12,102
87,15,87,68,13,115
87,15,95,67,14,130
87,15,103,66,14,149
87,15,111,65,15,168
87,15,119,63,17,186
87,15,127,63,20,201
87,15,135,62,24,210
87,15,143,62,27,218
87,15,151,62,29,223
87,15,159,63,32,228
87,15,167,63,35,231
87,15,175,64,39,234
87,15,183,65,41,236
87,15,191,65,41,238
87,15,199,65,41,240
87,15,207,65,42,242
87,15,215,65,44,244
87,15,223,65,46,246
87,15,231,64,46,248
87,15,239,63,46,250
87,15,247,62,47,252
87,15,255,62,48,254
87,23,0,69,12,17
87,23,7,69,12,23
87,23,15,69,12,30
87,23,23,70,12,37
87,23,31,70,12,45
87,23,39,70,12,53
87,23,47,70,13,61
87,23,55,70,13,70
87,23,63,70,14,79
87,23,71,69,15,88
87,23,79,69,16,98
87,23,87,69,17,110
87,23,95,68,18,124
87,23,103,67,19,141
87,23,111,66,20,159
87,23,119,65,22,176
87,23,127,64,24,192
87,23,135,64,28,202
87,23,143,64,32,212
87,23,151,64,36,219
87,23,159,65,38,226
87,23,167,66,41,230
87,23,175,67,44,233
87,23,183,67,47,236
87,23,191,68,49,238
87,23,199,68,48,241
87,23,207,67,49,243
87,23,215,67,49,244
87,23,223,67,51,246
87,23,231,67,52,248
87,23,239,66,52,250
87,23,247,65,52,252
87,23,255,64,52,253
87,31,0,68,18,16
87,31,7,69,18,22
87,31,15,69,18,29
87,31,23,69,18,36
87,31,31,70,18,43
87,31,39,70,18,51
87,31,47,70,18,59
87,31,55,70,19,67
87,31,63,70,20,76
87,31,71,70,21,85
87,31,79,70,22,94
87,31,87,69,23,106
87,31,95,69,24,119
87,31,103,68,25,133
87,31,111,67,26,150
87,31,119,66,28,166
87,31,127,66,30,181
87,31,135,66,33,194
87,31,143,66,37,205
87,31,151,66,41,215
87,31,159,67,44,223
87,31,167,68,47,229
87,31,175,69,49,233
87,31,183,70,52,237
87,31,191,70,54,239
87,31,199,71,56,241
87,31,207,71,56,243
87,31,215,70,56,245
87,31,223,70,56,247
87,31,231,69,57,249
87,31,239,69,58,250
87,31,247,68,58,252
87,31,255,67,58,253
87,39,0,69,26,16
87,39,7,69,26,21
87,39,15,69,26,27
87,39,23,70,26,34
87,39,31,70,25,41
87,39,39,70,25,49
87,39,47,70,26,56
87,39,55,70,26,64
87,39,63,70,27,73
87,39,71,70,28,81
87,39,79,70,29,91
87,39,87,70,29,101
87,39,95,70,30,113
87,39,103,69,31,126
87,39,111,69,32,141
87,39,119,68,33,157
87,39,127,68,36,171
87,39,135,67,38,185
87,39,143,68,42,198
87,39,151,68,45,210
87,39,159,69,48,220
87,39,167,70,52,229
87,39,175,71,55,234
87,39,183,72,57,237
87,39,191,73,59,240
87,39,199,73,60,242
87,39,207,74,62,244
87,39,215,74,63,246
87,39,223,73,63,247
87,39,231,72,62,249
87,39,239,71,62,251
87,39,247,71,63,252
87,39,255,70,64,253
87,47,0,69,35,16
87,47,7,70,35,21
87,47,15,70,34,27
87,47,23,70,34,33
87,47,31,70,34,40
87,47,39,70,34,47
87,47,47,70,34,54
87,47,55,70,34,61
87,47,63,71,35,69
87,47,71,71,35,78
87,47,79,71,36,87
87,47,87,71,37,96
87,47,95,71,37,107
87,47,103,71,38,119
87,47,111,70,39,133
87,47,119,70,40,148
87,47,127,69,41,163
87,47,135,69,43,177
87,47,143,69,46,192
87,47,151,70,49,205
87,47,159,71,53,218
87,47,167,72,56,227
87,47,175,73,59,235
87,47,183,74,61,238
87,47,191,75,63,241
87,47,199,76,65,243
87,47,207,76,66,245
87,47,215,76,67,246
87,47,223,75,67,248
87,47,231,75,67,250
87,47,239,74,67,251
87,47,247,73,67,252
87,47,255,73,67,253
87,55,0,70,45,16
87,55,7,71,44,21
87,55,15,71,44,27
87,55,23,71,43,32
87,55,31,71,43,38
87,55,39,71,43,45
87,55,47,71,43,51
87,55,55,71,43,59
87,55,63,71,43,66
87,55,71,72,44,74
87,55,79,72,44,83
87,55,87,72,45,92
87,55,95,72,45,102
87,55,103,72,45,113
87,55,111,71,46,126
87,55,119,71,46,140
87,55,127,71,47,154
87,55,135,71,49,169
87,55,143,71,51,185
87,55,151,72,54,200
87,55,159,73,57,214
87,55,167,74,59,225
87,55,175,76,62,234
87,55,183,77,65,239
87,55,191,77,67,242
87,55,199,78,68,244
87,55,207,78,69,245
87,55,215,78,70,247
87,55,223,78,70,249
87,55,231,77,70,250
87,55,239,77,71,252
87,55,247,76,71,253
87,55,255,75,70,254
87,63,0,71,54,16
87,63,7,72,54,21
87,63,15,72,53,26
87,63,23,72,52,32
87,63,31,72,52,38
87,63,39,72,52,44
87,63,47,72,52,50
87,63,55,72,52,57
87,63,63,72,52,64
87,63,71,72,52,71
87,63,79,73,53,79
87,63,87,73,53,88
87,63,95,73,53,97
87,63,103,73,53,108
87,63,111,73,53,120
87,63,119,72,53,133
87,63,127,72,54,146
87,63,135,72,55,161
87,63,143,72,57,177
87,63,151,73,59,194
87,63,159,74,61,209
87,63,167,76,63,224
87,63,175,77,66,233
87,63,183,78,68,239
87,63,191,79,70,242
87,63,199,80,71,244
87,63,207,80,72,246
87,63,215,80,73,248
87,63,223,80,73,249
87,63,231,79,73,251
87,63,239,79,73,252
87,63,247,78,73,253
87,63,255,78,73,254
87,71,0,72,64,16
87,71,7,72,63,21
87,71,15,73,63,26
87,71,23,73,62,32
87,71,31,73,62,37
87,71,39,73,61,43
87,71,47,73,61,49
87,71,55,73,61,55
87,71,63,73,61,62
87,71,71,74,61,69
87,71,79,74,61,76
87,71,87,74,62,84
87,71,95,74,61,93
87,71,103,74,61,103
87,71,111,74,61,114
87,71,119,74,61,125
87,71,127,74,61,138
87,71,135,74,62,153
87,71,143,74,62,168
87,71,151,75,64,186
87,71,159,76,66,203
87,71,167,77,68,218
87,71,175,78,70,232
87,71,183,80,72,238
87,71,191,81,74,243
87,71,199,81,75,245
87,71,207,82,75,246
87,71,215,82,76,248
87,71,223,81,76,250
87,71,231,81,76,251
87,71,239,81,75,252
87,71,247,80,75,253
87,71,255,80,75,254
87,79,0,73,73,18
87,79,7,74,73,22
87,79,15,74,72,26
87,79,23,74,72,31
87,79,31,75,71,37
87,79,39,75,71,43
87,79,47,75,71,48
87,79,55,75,71,54
87,79,63,75,71,60
87,79,71,75,71,67
87,79,79,75,71,74
87,79,87,75,71,82
87,79,95,76,70,90
87,79,103,76,70,98
87,79,111,76,70,108
87,79,119,76,69,119
87,79,127,76,69,131
87,79,135,75,69,144
87,79,143,75,69,159
87,79,151,76,70,177
87,79,159,77,71,195
87,79,167,78,73,212
87,79,175,80,74,227
87,79,183,81,76,237
87,79,191,82,77,242
87,79,199,83,78,245
87,79,207,83,79,247
87,79,215,83,79,248
87,79,223,83,79,250
87,79,231,83,78,251
87,79,239,82,78,253
87,79,247,82,77,253
87,79,255,82,76,254
87,87,0,74,83,18
87,87,7,75,82,22
87,87,15,75,82,27
87,87,23,76,82,32
87,87,31,76,81,37
87,87,39,76,81,42
87,87,47,77,81,48
87,87,55,77,81,54
87,87,63,77,81,60
87,87,71,77,81,66
87,87,79,77,80,72
87,87,87,77,80,79
87,87,95,77,80,87
87,87,103,78,79,95
87,87,111,78,79,103
87,87,119,78,78,113
87,87,127,78,78,124
87,87,135,77,77,137
87,87,143,77,77,151
87,87,151,78,77,168
87,87,159,79,78,185
87,87,167,80,79,205
87,87,175,81,79,221
87,87,183,82,80,233
87,87,191,83,81,241
87,87,199,84,82,244
87,87,207,85,82,247
87,87,215,85,82,249
87,87,223,85,82,250
87,87,231,84,81,252
87,87,239,84,81,253
87,87,247,83,80,254
87,87,255,82,79,254
87,95,0,75,92,19
87,95,7,76,92,23
87,95,15,77,92,27
87,95,23,77,91,32
87,95,31,78,91,37
87,95,39,78,91,43
87,95,47,78,91,48
87,95,55,78,91,53
87,95,63,78,90,59
87,95,71,78,90,65
87,95,79,79,90,71
87,95,87,79,89,78
87,95,95,79,89,85
87,95,103,80,89,92
87,95,111,80,88,100
87,95,119,80,87,108
87,95,127,80,87,119
87,95,135,80,86,130
87,95,143,80,86,144
87,95,151,80,85,159
87,95,159,80,85,176
87,95,167,81,85,195
87,95,175,82,85,213
87,95,183,83,85,227
87,95,191,84,86,238
87,95,199,85,86,244
87,95,207,86,86,247
87,95,215,86,86,248
87,95,223,86,85,250
87,95,231,85,85,252
87,95,239,85,84,253
87,95,247,84,84,254
87,95,255,84,82,254
87,103,0,77,102,19
87,103,7,77,102,23
87,103,15,78,101,27
87,103,23,78,101,32
87,103,31,79,101,38
87,103,39,80,101,43
87,103,47,80,101,48
87,103,55,80,100,53
87,103,63,80,100,58
87,103,71,80,100,64
87,103,79,81,99,70
87,103,87,81,99,77
87,103,95,81,98,83
87,103,103,82,98,90
87,103,111,82,97,97
87,103,119,82,96,105
87,103,127,82,96,114
87,103,135,82,95,124
87,103,143,82,94,136
87,103,151,82,93,151
87,103,159,82,93,168
87,103,167,83,92,186
87,103,175,83,91,204
87,103,183,84,91,221
87,103,191,85,91,233
87,103,199,86,91,242
87,103,207,87,90,246
87,103,215,87,90,249
87,103,223,87,89,250
87,103,231,86,89,252
87,103,239,86,88,253
87,103,247,85,87,253
87,103,255,85,86,254
87,111,0,78,111,21
87,111,7,78,111,25
87,111,15,79,111,29
87,111,23,80,110,33
87,111,31,80,110,38
87,111,39,81,110,43
87,111,47,81,110,48
87,111,55,82,110,53
87,111,63,82,109,58
87,111,71,82,109,64
87,111,79,83,109,70
87,111,87,83,108,76
87,111,95,83,108,82
87,111,103,84,107,89
87,111,111,84,106,95
87,111,119,84,105,103
87,111,127,84,105,111
87,111,135,85,104,119
87,111,143,84,103,131
87,111,151,84,102,144
87,111,159,84,101,160
87,111,167,84,99,178
87,111,175,85,98,197
87,111,183,85,97,213
87,111,191,86,97,228
87,111,199,87,96,237
87,111,207,88,95,245
87,111,215,88,94,248
87,111,223,88,93,251
87,111,231,88,93,252
87,111,239,87,92,253
87,111,247,87,91,254
87,111,255,86,90,254
87,119,0,79,121,22
87,119,7,80,121,26
87,119,15,80,120,30
87,119,23,81,120,34
87,119,31,81,120,39
87,119,39,82,120,44
87,119,47,83,120,48
87,119,55,83,120,53
87,119,63,83,119,58
87,119,71,84,119,64
87,119,79,84,118,69
87,119,87,85,118,75
87,119,95,85,117,81
87,119,103,86,116,87
87,119,111,86,115,94
87,119,119,86,115,100
87,119,127,87,114,108
87,119,135,87,113,116
87,119,143,86,112,126
87,119,151,86,111,138
87,119,159,86,109,153
87,119,167,86,108,169
87,119,175,86,106,188
87,119,183,87,105,206
87,119,191,87,103,221
87,119,199,88,102,234
87,119,207,89,100,241
87,119,215,89,99,247
87,119,223,89,98,250
87,119,231,89,97,252
87,119,239,89,96,253
87,119,247,88,95,254
87,119,255,88,94,254
87,127,0,80,132,23
87,127,7,80,132,26
87,127,15,81,132,30
87,127,23,81,131,35
87,127,31,82,131,39
87,127,39,83,131,44
87,127,47,83,130,49
87,127,55,84,130,53
87,127,63,85,130,58
87,127,71,85,129,63
87,127,79,86,129,68
87,127,87,86,128,74
87,127,95,87,127,80
87,127,103,87,126,86
87,127,111,88,125,92
87,127,119,88,124,98
87,127,127,88,123,105
87,127,135,88,123,113
87,127,143,88,121,122
87,127,151,89,120,133
87,127,159,88,119,145
87,127,167,88,117,161
87,127,175,88,115,178
87,127,183,88,113,197
87,127,191,89,111,214
87,127,199,89,108,227
87,127,207,90,107,238
87,127,215,90,105,245
87,127,223,90,103,250
87,127,231,90,102,252
87,127,239,90,100,254
87,127,247,89,99,254
87,127,255,89,98,254
87,135,0,80,144,24
87,135,7,80,143,26
87,135,15,81,143,30
87,135,23,81,142,34
87,135,31,82,142,40
87,135,39,83,142,44
87,135,47,84,141,49
87,135,55,85,141,53
87,135,63,85,141,58
87,135,71,86,140,62
87,135,79,86,140,68
87,135,87,87,139,73
87,135,95,88,138,79
87,135,103,89,137,85
87,135,111,89,136,90
87,135,119,89,135,96
87,135,127,90,134,103
87,135,135,90,133,111
87,135,143,90,131,119
87,135,151,90,130,129
87,135,159,90,128,140
87,135,167,90,127,153
87,135,175,89,125,170
87,135,183,89,122,188
87,135,191,90,119,205
87,135,199,90,116,221
87,135,207,90,114,233
87,135,215,91,111,243
87,135,223,91,109,248
87,135,231,91,108,252
87,135,239,91,106,253
87,135,247,91,104,255
87,135,255,90,102,254
87,143,0,79,156,23
87,143,7,79,156,27
87,143,15,80,155,30
87,143,23,81,155,34
87,143,31,82,154,38
87,143,39,83,154,44
87,143,47,84,153,49
87,143,55,85,153,53
87,143,63,86,153,57
87,143,71,87,152,62
87,143,79,87,152,67
87,143,87,88,151,72
87,143,95,88,150,78
87,143,103,89,149,83
87,143,111,90,148,89
87,143,119,90,147,95
87,143,127,91,145,101
87,143,135,91,144,108
87,143,143,91,143,116
87,143,151,91,141,124
87,143,159,92,140,135
87,143,167,91,138,147
87,143,175,91,136,161
87,143,183,91,133,179
87,143,191,91,130,196
87,143,199,91,126,213
87,143,207,91,123,227
87,143,215,91,119,237
87,143,223,92,117,245
87,143,231,91,114,250
87,143,239,92,112,253
87,143,247,92,109,254
87,143,255,92,107,255
87,151,0,78,170,24
87,151,7,79,169,27
87,151,15,80,168,31
87,151,23,81,167,35
87,151,31,82,167,39
87,151,39,83,167,44
87,151,47,84,167,49
87,151,55,85,166,53
87,151,63,86,166,57
87,151,71,87,165,61
87,151,79,87,165,66
87,151,87,88,164,71
87,151,95,89,163,77
87,151,103,90,162,82
87,151,111,90,161,88
87,151,119,91,159,93
87,151,127,91,158,99
87,151,135,92,157,106
87,151,143,93,155,113
87,151,151,92,154,121
87,151,159,92,152,130
87,151,167,92,150,141
87,151,175,92,147,155
87,151,183,92,145,170
87,151,191,92,141,187
87,151,199,92,137,204
87,151,207,92,133,219
87,151,215,92,129,232
87,151,223,92,125,241
87,151,231,92,122,247
87,151,239,92,119,252
87,151,247,92,116,254
87,151,255,93,113,255
87,159,0,78,184,25
87,159,7,78,183,27
87,159,15,79,182,31
87,159,23,80,182,35
87,159,31,82,181,40
87,159,39,83,180,44
87,159,47,84,180,48
87,159,55,85,180,53
87,159,63,86,179,57
87,159,71,87,179,61
87,159,79,88,178,66
87,159,87,88,177,70
87,159,95,89,176,75
87,159,103,90,175,81
87,159,111,90,174,86
87,159,119,91,173,92
87,159,127,92,171,98
87,159,135,92,170,104
87,159,143,92,169,110
87,159,151,93,167,118
87,159,159,93,165,127
87,159,167,93,163,137
87,159,175,93,161,148
87,159,183,93,157,162
87,159,191,93,154,178
87,159,199,92,150,194
87,159,207,92,145,209
87,159,215,93,140,224
87,159,223,93,136,236
87,159,231,93,131,244
87,159,239,93,127,250
87,159,247,93,124,254
87,159,255,93,121,255
87,167,0,78,197,26
87,167,7,78,196,28
87,167,15,79,196,30
87,167,23,80,195,34
87,167,31,81,195,39
87,167,39,82,194,44
87,167,47,83,194,48
87,167,55,85,193,52
87,167,63,86,193,56
87,167,71,87,192,60
87,167,79,88,191,65
87,167,87,89,191,70
87,167,95,89,190,75
87,167,103,90,189,80
87,167,111,90,188,85
87,167,119,91,186,90
87,167,127,91,185,95
87,167,135,92,184,102
87,167,143,93,183,108
87,167,151,93,181,115
87,167,159,93,179,123
87,167,167,93,177,132
87,167,175,94,175,143
87,167,183,94,172,155
87,167,191,93,168,169
87,167,199,93,164,184
87,167,207,93,159,200
87,167,215,93,153,215
87,167,223,93,148,229
87,167,231,93,142,240
87,167,239,94,137,248
87,167,247,94,133,253
87,167,255,94,129,254
87,175,0,78,209,28
87,175,7,78,209,30
87,175,15,79,209,32
87,175,23,80,209,35
87,175,31,81,208,39
87,175,39,82,208,44
87,175,47,83,207,48
87,175,55,84,207,52
87,175,63,85,206,56
87,175,71,86,205,60
87,175,79,87,205,64
87,175,87,88,204,69
87,175,95,89,203,74
87,175,103,90,202,79
87,175,111,90,201,84
87,175,119,91,201,89
87,175,127,92,199,94
87,175,135,92,198,100
87,175,143,92,197,106
87,175,151,93,195,112
87,175,159,94,194,120
87,175,167,94,192,128
87,175,175,94,190,137
87,175,183,94,187,148
87,175,191,94,183,160
87,175,199,94,179,175
87,175,207,93,174,190
87,175,215,93,168,206
87,175,223,94,162,221
87,175,231,94,155,234
87,175,239,94,149,244
87,175,247,95,143,252
87,175,255,95,139,255
87,183,0,77,220,30
87,183,7,78,220,32
87,183,15,79,220,34
87,183,23,80,220,37
87,183,31,80,220,40
87,183,39,82,219,43
87,183,47,83,219,48
87,183,55,84,219,52
87,183,63,85,218,56
87,183,71,86,218,60
87,183,79,87,217,64
87,183,87,88,216,68
87,183,95,88,215,73
87,183,103,89,214,77
87,183,111,90,213,82
87,183,119,90,212,87
87,183,127,91,212,92
87,183,135,92,211,98
87,183,143,92,210,104
87,183,151,93,208,109
87,183,159,93,207,116
87,183,167,94,205,123
87,183,175,94,204,132
87,183,183,94,202,141
87,183,191,94,198,152
87,183,199,94,195,165
87,183,207,94,190,180
87,183,215,94,184,196
87,183,223,94,178,211
87,183,231,94,171,226
87,183,239,95,163,239
87,183,247,95,157,248
87,183,255,96,151,254
87,191,0,77,229,31
87,191,7,78,229,33
87,191,15,78,229,35
87,191,23,79,229,38
87,191,31,81,229,41
87,191,39,81,229,44
87,191,47,82,229,47
87,191,55,84,229,51
87,191,63,85,229,55
87,191,71,85,228,59
87,191,79,87,227,63
87,191,87,87,227,67
87,191,95,88,226,72
87,191,103,89,226,76
87,191,111,89,225,81
87,191,119,90,224,85
87,191,127,90,222,90
87,191,135,91,222,95
87,191,143,92,221,101
87,191,151,92,220,107
87,191,159,93,219,113
87,191,167,93,217,120
87,191,175,93,216,127
87,191,183,94,214,135
87,191,191,94,212,144
87,191,199,94,209,157
87,191,207,94,205,170
87,191,215,94,200,185
87,191,223,94,194,201
87,191,231,95,187,217
87,191,239,95,180,232
87,191,247,96,172,246
87,191,255,97,165,252
87,199,0,77,237,32
87,199,7,77,237,33
87,199,15,78,237,35
87,199,23,79,237,38
87,199,31,80,237,41
87,199,39,82,237,45
87,199,47,82,237,48
87,199,55,83,237,51
87,199,63,84,237,55
87,199,71,85,237,58
87,199,79,86,236,62
87,199,87,87,236,66
87,199,95,87,235,70
87,199,103,88,234,75
87,199,111,89,234,79
87,199,119,89,234,84
87,199,127,90,233,88
87,199,135,91,232,93
87,199,143,91,231,98
87,199,151,91,230,103
87,199,159,92,229,109
87,199,167,93,228,116
87,199,175,93,228,123
87,199,183,94,226,130
87,199,191,93,224,138
87,199,199,94,222,148
87,199,207,94,219,161
87,199,215,94,215,176
87,199,223,94,210,191
87,199,231,95,204,208
87,199,239,95,197,224
87,199,247,97,189,240
87,199,255,97,181,253
87,207,0,76,242,33
87,207,7,76,242,34
87,207,15,77,242,35
87,207,23,78,242,37
87,207,31,79,243,40
87,207,39,80,243,43
87,207,47,82,243,48
87,207,55,83,244,51
87,207,63,84,244,54
87,207,71,85,244,58
87,207,79,85,243,61
87,207,87,86,243,65
87,207,95,87,242,69
87,207,103,87,242,73
87,207,111,88,242,77
87,207,119,88,241,81
87,207,127,89,241,86
87,207,135,90,241,90
87,207,143,90,240,95
87,207,151,91,240,101
87,207,159,91,239,106
87,207,167,92,238,112
87,207,175,92,237,118
87,207,183,93,237,125
87,207,191,93,236,133
87,207,199,94,234,142
87,207,207,94,232,153
87,207,215,94,229,166
87,207,223,94,225,182
87,207,231,95,221,199
87,207,239,95,214,217
87,207,247,96,208,234
87,207,255,97,200,247
87,215,0,75,246,34
87,215,7,76,246,35
87,215,15,77,246,37
87,215,23,77,246,38
87,215,31,78,247,40
87,215,39,79,247,43
87,215,47,80,247,46
87,215,55,82,248,50
87,215,63,82,248,53
87,215,71,83,248,56
87,215,79,84,248,60
87,215,87,85,248,64
87,215,95,86,248,67
87,215,103,87,248,71
87,215,111,87,247,75
87,215,119,87,247,79
87,215,127,88,247,83
87,215,135,89,247,88
87,215,143,89,247,92
87,215,151,90,246,97
87,215,159,90,246,102
87,215,167,91,246,108
87,215,175,92,245,114
87,215,183,92,245,120
87,215,191,92,244,128
87,215,199,93,244,136
87,215,207,93,242,147
87,215,215,94,240,159
87,215,223,94,237,174
87,215,231,94,234,190
87,215,239,95,230,208
87,215,247,96,224,227
87,215,255,97,218,243
87,223,0,75,249,34
87,223,7,75,249,35
87,223,15,76,250,37
87,223,23,77,250,39
87,223,31,78,250,41
87,223,39,79,250,44
87,223,47,80,251,46
87,223,55,81,251,49
87,223,63,82,251,53
87,223,71,83,251,56
87,223,79,83,251,59
87,223,87,84,251,62
87,223,95,84,251,66
87,223,103,85,251,69
87,223,111,86,251,73
87,223,119,86,251,77
87,223,127,87,251,81
87,223,135,88,251,85
87,223,143,88,251,90
87,223,151,89,251,94
87,223,159,89,251,99
87,223,167,90,250,104
87,223,175,90,250,110
87,223,183,91,251,116
87,223,191,92,250,124
87,223,199,92,250,132
87,223,207,92,249,141
87,223,215,93,247,153
87,223,223,93,246,167
87,223,231,94,243,182
87,223,239,95,241,200
87,223,247,96,237,219
87,223,255,97,233,237
87,231,0,74,252,34
87,231,7,75,252,35
87,231,15,75,252,36
87,231,23,76,252,38
87,231,31,77,252,41
87,231,39,78,253,44
87,231,47,79,253,46
87,231,55,80,253,49
87,231,63,81,253,52
87,231,71,82,254,55
87,231,79,83,254,58
87,231,87,83,254,61
87,231,95,84,253,65
87,231,103,84,253,68
87,231,111,85,253,71
87,231,119,85,253,75
87,231,127,86,253,78
87,231,135,86,253,82
87,231,143,87,253,87
87,231,151,88,254,91
87,231,159,89,253,96
87,231,167,89,253,101
87,231,175,89,253,106
87,231,183,90,253,112
87,231,191,90,253,119
87,231,199,91,253,128
87,231,207,91,253,137
87,231,215,92,252,148
87,231,223,92,251,161
87,231,231,93,250,175
87,231,239,94,249,192
87,231,247,95,247,212
87,231,255,96,244,231
87,239,0,74,254,35
87,239,7,74,254,35
87,239,15,74,254,36
87,239,23,75,254,38
87,239,31,76,254,40
87,239,39,77,254,42
87,239,47,78,254,46
87,239,55,79,254,48
87,239,63,80,254,51
87,239,71,81,255,54
87,239,79,82,255,57
87,239,87,82,255,60
87,239,95,83,255,63
87,239,103,84,255,67
87,239,111,84,255,70
87,239,119,84,255,73
87,239,127,85,254,76
87,239,135,85,254,80
87,239,143,86,254,84
87,239,151,87,254,88
87,239,159,87,255,93
87,239,167,88,255,98
87,239,175,88,255,103
87,239,183,89,255,109
87,239,191,89,255,115
87,239,199,90,255,123
87,239,207,90,255,132
87,239,215,91,255,143
87,239,223,91,254,156
87,239,231,92,254,170
87,239,239,93,253,186
87,239,247,94,252,203
87,239,255,95,251,223
87,247,0,73,254,35
87,247,7,73,254,36
87,247,15,74,254,37
87,247,23,74,254,38
87,247,31,75,254,40
87,247,39,76,254,42
87,247,47,77,254,45
87,247,55,78,254,48
87,247,63,79,254,50
87,247,71,80,254,53
87,247,79,80,254,56
87,247,87,81,254,59
87,247,95,82,254,62
87,247,103,82,254,65
87,247,111,83,254,68
87,247,119,84,254,71
87,247,127,84,254,74
87,247,135,85,254,78
87,247,143,85,254,81
87,247,151,85,254,85
87,247,159,86,254,90
87,247,167,86,254,94
87,247,175,87,255,100
87,247,183,88,255,106
87,247,191,88,255,113
87,247,199,89,255,120
87,247,207,89,255,129
87,247,215,89,255,139
87,247,223,90,255,151
87,247,231,91,255,165
87,247,239,92,255,181
87,247,247,93,255,196
87,247,255,94,254,212
87,255,0,72,255,34
87,255,7,73,255,35
87,255,15,73,255,36
87,255,23,74,255,38
87,255,31,74,255,40
87,255,39,75,255,41
87,255,47,76,255,43
87,255,55,76,255,46
87,255,63,78,254,49
87,255,71,78,254,52
87,255,79,79,254,54
87,255,87,80,254,57
87,255,95,81,254,60
87,255,103,81,254,63
87,255,111,82,254,67
87,255,119,82,254,70
87,255,127,83,254,73
87,255,135,84,254,76
87,255,143,84,255,80
87,255,151,85,255,84
87,255,159,85,254,89
87,255,167,86,254,94
87,255,175,86,254,99
87,255,183,87,254,104
87,255,191,87,254,110
87,255,199,88,255,118
87,255,207,88,255,126
87,255,215,89,255,135
87,255,223,89,255,147
87,255,231,89,255,160
87,255,239,90,255,175
87,255,247,92,255,191
87,255,255,92,255,205
95,0,0,78,1,19
95,0,7,78,1,26
95,0,15,79,1,34
95,0,23,79,1,42
95,0,31,79,2,50
95,0,39,79,2,58
95,0,47,78,3,67
95,0,55,78,3,75
95,0,63,77,4,84
95,0,71,76,5,95
95,0,79,76,6,108
95,0,87,75,7,121
95,0,95,74,8,138
95,0,103,72,8,158
95,0,111,70,9,180
95,0,119,68,10,198
95,0,127,66,12,211
95,0,135,66,16,219
95,0,143,65,19,226
95,0,151,65,22,230
95,0,159,65,25,232
95,0,167,65,27,234
95,0,175,65,28,236
95,0,183,64,29,237
95,0,191,64,30,239
95,0,199,64,32,240
95,0,207,64,34,242
95,0,215,64,35,244
95,0,223,63,36,247
95,0,231,63,37,249
95,0,239,62,38,251
95,0,247,62,40,253
95,0,255,61,42,254
95,7,0,77,2,19
95,7,7,77,2,25
95,7,15,78,2,33
95,7,23,78,3,41
95,7,31,78,3,49
95,7,39,78,4,57
95,7,47,78,4,66
95,7,55,77,5,74
95,7,63,77,6,83
95,7,71,76,7,94
95,7,79,76,8,105
95,7,87,75,10,117
95,7,95,74,10,134
95,7,103,72,11,153
95,7,111,71,12,174
95,7,119,69,14,192
95,7,127,68,16,207
95,7,135,67,19,215
95,7,143,66,22,223
95,7,151,66,25,227
95,7,159,66,29,231
95,7,167,67,32,233
95,7,175,66,33,235
95,7,183,66,34,237
95,7,191,66,35,239
95,7,199,66,36,241
95,7,207,66,38,242
95,7,215,66,40,244
95,7,223,65,40,247
95,7,231,64,41,249
95,7,239,64,42,251
95,7,247,63,43,253
95,7,255,63,45,254
95,15,0,76,6,18
95,15,7,77,6,24
95,15,15,77,6,32
95,15,23,77,6,40
95,15,31,78,6,48
95,15,39,77,7,56
95,15,47,77,7,64
95,15,55,77,8,73
95,15,63,77,9,82
95,15,71,76,10,92
95,15,79,76,11,102
95,15,87,75,13,114
95,15,95,74,13,130
95,15,103,73,14,148
95,15,111,72,15,168
95,15,119,70,17,186
95,15,127,69,20,200
95,15,135,68,23,210
95,15,143,68,26,219
95,15,151,68,30,225
95,15,159,68,33,229
95,15,167,68,37,232
95,15,175,69,40,234
95,15,183,68,40,237
95,15,191,68,40,239
95,15,199,68,41,241
95,15,207,68,43,243
95,15,215,68,45,244
95,15,223,67,46,246
95,15,231,67,45,249
95,15,239,66,46,251
95,15,247,65,46,252
95,15,255,64,48,254
95,23,0,76,11,18
95,23,7,76,11,24
95,23,15,77,11,31
95,23,23,77,11,39
95,23,31,77,11,46
95,23,39,77,11,54
95,23,47,77,12,62
95,23,55,77,12,71
95,23,63,76,13,80
95,23,71,76,14,89
95,23,79,76,16,99
95,23,87,76,17,111
95,23,95,75,18,125
95,23,103,74,19,141
95,23,111,73,20,160
95,23,119,72,21,178
95,23,127,71,24,192
95,23,135,70,28,204
95,23,143,70,32,213
95,23,151,70,35,221
95,23,159,70,38,227
95,23,167,70,42,231
95,23,175,71,44,234
95,23,183,71,48,237
95,23,191,71,48,239
95,23,199,71,48,241
95,23,207,70,49,243
95,23,215,70,50,245
95,23,223,70,51,247
95,23,231,69,52,249
95,23,239,68,51,250
95,23,247,67,51,252
95,23,255,66,52,254
95,31,0,75,17,17
95,31,7,76,17,23
95,31,15,76,17,30
95,31,23,76,17,37
95,31,31,76,17,45
95,31,39,76,18,52
95,31,47,76,18,60
95,31,55,76,18,68
95,31,63,77,19,77
95,31,71,77,20,86
95,31,79,77,21,96
95,31,87,76,22,107
95,31,95,76,23,119
95,31,103,75,24,134
95,31,111,74,25,150
95,31,119,73,27,168
95,31,127,72,29,182
95,31,135,72,33,196
95,31,143,72,37,206
95,31,151,72,41,216
95,31,159,72,44,224
95,31,167,72,47,230
95,31,175,73,49,234
95,31,183,73,52,237
95,31,191,74,55,239
95,31,199,74,56,241
95,31,207,73,56,243
95,31,215,73,56,245
95,31,223,73,57,247
95,31,231,72,57,249
95,31,239,71,58,250
95,31,247,70,57,252
95,31,255,69,57,254
95,39,0,75,25,17
95,39,7,76,25,23
95,39,15,76,25,29
95,39,23,76,25,36
95,39,31,76,24,43
95,39,39,76,25,50
95,39,47,76,25,57
95,39,55,77,25,65
95,39,63,77,26,74
95,39,71,77,27,83
95,39,79,77,28,92
95,39,87,77,29,102
95,39,95,77,30,114
95,39,103,76,30,127
95,39,111,75,31,142
95,39,119,74,33,158
95,39,127,74,35,172
95,39,135,73,38,187
95,39,143,73,41,200
95,39,151,73,45,211
95,39,159,74,49,221
95,39,167,75,52,229
95,39,175,75,55,235
95,39,183,76,57,238
95,39,191,76,59,240
95,39,199,76,61,242
95,39,207,76,62,244
95,39,215,76,63,246
95,39,223,75,62,248
95,39,231,75,62,249
95,39,239,74,62,251
95,39,247,73,63,252
95,39,255,72,63,253
95,47,0,76,34,17
95,47,7,76,33,23
95,47,15,76,33,29
95,47,23,77,33,35
95,47,31,77,33,41
95,47,39,77,33,48
95,47,47,77,33,55
95,47,55,77,33,62
95,47,63,77,34,70
95,47,71,77,35,79
95,47,79,78,35,88
95,47,87,78,36,97
95,47,95,77,37,108
95,47,103,77,37,120
95,47,111,76,38,134
95,47,119,76,39,149
95,47,127,75,41,164
95,47,135,75,43,179
95,47,143,75,46,193
95,47,151,75,49,207
95,47,159,76,53,219
95,47,167,77,56,228
95,47,175,77,59,235
95,47,183,78,61,239
95,47,191,79,63,241
95,47,199,79,65,243
95,47,207,79,66,245
95,47,215,78,67,246
95,47,223,78,68,248
95,47,231,77,67,250
95,47,239,77,67,251
95,47,247,76,67,252
95,47,255,75,67,253
95,55,0,77,43,17
95,55,7,77,43,22
95,55,15,77,42,28
95,55,23,77,42,34
95,55,31,77,42,40
95,55,39,77,42,46
95,55,47,77,42,53
95,55,55,77,42,60
95,55,63,78,42,68
95,55,71,78,43,76
95,55,79,78,43,84
95,55,87,78,44,93
95,55,95,78,44,103
95,55,103,78,45,114
95,55,111,78,45,127
95,55,119,77,45,141
95,55,127,77,47,155
95,55,135,77,48,170
95,55,143,77,51,186
95,55,151,77,53,202
95,55,159,78,56,215
95,55,167,78,59,227
95,55,175,79,62,235
95,55,183,80,65,240
95,55,191,80,67,242
95,55,199,81,68,244
95,55,207,81,69,246
95,55,215,81,70,247
95,55,223,80,71,249
95,55,231,80,71,250
95,55,239,79,71,251
95,55,247,78,70,253
95,55,255,77,70,254
95,63,0,77,52,17
95,63,7,78,52,22
95,63,15,78,51,27
95,63,23,78,51,33
95,63,31,78,51,39
95,63,39,78,50,45
95,63,47,78,51,51
95,63,55,78,51,58
95,63,63,78,51,65
95,63,71,79,51,73
95,63,79,79,52,80
95,63,87,79,52,89
95,63,95,79,52,99
95,63,103,79,52,109
95,63,111,79,52,121
95,63,119,78,53,134
95,63,127,78,53,147
95,63,135,78,54,162
95,63,143,78,56,178
95,63,151,79,58,195
95,63,159,79,61,211
95,63,167,80,63,224
95,63,175,81,66,234
95,63,183,82,68,239
95,63,191,82,70,243
95,63,199,83,71,244
95,63,207,83,73,246
95,63,215,83,73,248
95,63,223,82,73,249
95,63,231,82,73,251
95,63,239,81,73,252
95,63,247,81,73,253
95,63,255,80,74,254
95,71,0,78,61,18
95,71,7,79,61,23
95,71,15,79,61,27
95,71,23,79,60,33
95,71,31,79,60,39
95,71,39,79,60,44
95,71,47,79,60,50
95,71,55,79,60,56
95,71,63,79,60,63
95,71,71,79,60,70
95,71,79,80,60,78
95,71,87,80,60,86
95,71,95,80,60,94
95,71,103,80,60,104
95,71,111,80,60,115
95,71,119,80,60,126
95,71,127,79,60,140
95,71,135,79,61,154
95,71,143,79,62,169
95,71,151,80,64,187
95,71,159,80,65,205
95,71,167,82,68,220
95,71,175,83,70,233
95,71,183,83,72,239
95,71,191,84,73,243
95,71,199,84,75,245
95,71,207,85,75,246
95,71,215,84,76,248
95,71,223,84,76,250
95,71,231,84,76,251
95,71,239,83,76,252
95,71,247,82,75,253
95,71,255,82,75,254
95,79,0,79,71,19
95,79,7,80,70,23
95,79,15,80,70,28
95,79,23,80,70,33
95,79,31,80,69,39
95,79,39,80,69,44
95,79,47,81,69,50
95,79,55,81,69,55
95,79,63,81,69,62
95,79,71,81,69,68
95,79,79,81,69,75
95,79,87,81,69,83
95,79,95,81,69,91
95,79,103,81,69,99
95,79,111,82,69,109
95,79,119,81,68,120
95,79,127,81,68,132
95,79,135,81,68,145
95,79,143,81,69,161
95,79,151,81,70,177
95,79,159,82,71,196
95,79,167,83,72,214
95,79,175,84,74,228
95,79,183,85,76,239
95,79,191,85,77,243
95,79,199,86,78,245
95,79,207,86,79,247
95,79,215,86,79,248
95,79,223,86,79,250
95,79,231,85,78,251
95,79,239,85,78,253
95,79,247,84,77,253
95,79,255,84,76,254
95,87,0,80,80,19
95,87,7,80,80,23
95,87,15,81,80,28
95,87,23,81,79,33
95,87,31,82,79,38
95,87,39,82,79,44
95,87,47,82,79,49
95,87,55,82,79,55
95,87,63,82,79,61
95,87,71,82,79,67
95,87,79,82,79,73
95,87,87,83,79,80
95,87,95,83,78,88
95,87,103,83,78,96
95,87,111,83,77,104
95,87,119,83,77,114
95,87,127,83,77,125
95,87,135,83,76,138
95,87,143,83,76,151
95,87,151,83,77,168
95,87,159,83,77,186
95,87,167,84,78,206
95,87,175,85,79,222
95,87,183,86,80,234
95,87,191,87,81,242
95,87,199,87,82,245
95,87,207,88,82,247
95,87,215,87,82,249
95,87,223,87,82,250
95,87,231,87,82,252
95,87,239,86,81,253
95,87,247,86,81,254
95,87,255,85,79,254
95,95,0,81,90,20
95,95,7,81,90,23
95,95,15,82,89,28
95,95,23,83,89,34
95,95,31,83,89,39
95,95,39,83,89,44
95,95,47,84,89,49
95,95,55,84,89,54
95,95,63,84,88,60
95,95,71,84,88,66
95,95,79,84,88,72
95,95,87,84,88,79
95,95,95,85,87,86
95,95,103,85,87,93
95,95,111,85,87,101
95,95,119,85,86,109
95,95,127,85,85,119
95,95,135,85,85,130
95,95,143,85,84,144
95,95,151,85,84,160
95,95,159,85,84,177
95,95,167,86,84,196
95,95,175,86,85,214
95,95,183,87,85,229
95,95,191,88,85,238
95,95,199,88,86,245
95,95,207,89,86,247
95,95,215,89,86,249
95,95,223,88,86,250
95,95,231,88,85,252
95,95,239,87,85,253
95,95,247,87,84,254
95,95,255,86,82,254
95,103,0,82,99,21
95,103,7,83,99,24
95,103,15,83,99,28
95,103,23,84,99,33
95,103,31,84,98,39
95,103,39,85,98,44
95,103,47,85,98,49
95,103,55,85,98,54
95,103,63,85,98,59
95,103,71,85,98,65
95,103,79,86,97,71
95,103,87,86,97,77
95,103,95,86,96,84
95,103,103,87,96,91
95,103,111,87,95,98
95,103,119,87,95,106
95,103,127,87,94,115
95,103,135,87,94,125
95,103,143,87,93,137
95,103,151,87,92,152
95,103,159,87,92,169
95,103,167,87,91,187
95,103,175,88,91,205
95,103,183,88,91,222
95,103,191,89,91,234
95,103,199,90,91,242
95,103,207,90,90,247
95,103,215,90,90,249
95,103,223,90,90,250
95,103,231,89,89,252
95,103,239,89,88,253
95,103,247,88,87,254
95,103,255,87,86,254
95,111,0,83,108,22
95,111,7,84,108,26
95,111,15,84,108,30
95,111,23,85,108,34
95,111,31,86,108,39
95,111,39,86,108,45
95,111,47,86,108,49
95,111,55,87,108,54
95,111,63,87,107,59
95,111,71,87,107,65
95,111,79,88,106,71
95,111,87,88,106,77
95,111,95,88,105,83
95,111,103,89,105,89
95,111,111,89,104,96
95,111,119,89,104,103
95,111,127,89,103,111
95,111,135,89,102,120
95,111,143,89,102,131
95,111,151,89,101,144
95,111,159,89,100,160
95,111,167,89,99,178
95,111,175,89,98,197
95,111,183,89,97,214
95,111,191,90,96,228
95,111,199,90,96,238
95,111,207,91,95,245
95,111,215,91,94,249
95,111,223,91,94,251
95,111,231,91,93,252
95,111,239,90,92,253
95,111,247,90,91,254
95,111,255,89,90,254
95,119,0,84,118,23
95,119,7,85,118,26
95,119,15,85,118,31
95,119,23,86,117,36
95,119,31,86,117,40
95,119,39,87,117,45
95,119,47,88,117,50
95,119,55,88,117,54
95,119,63,88,117,59
95,119,71,89,116,65
95,119,79,89,116,70
95,119,87,90,115,76
95,119,95,90,115,82
95,119,103,90,114,88
95,119,111,91,114,95
95,119,119,91,113,101
95,119,127,91,112,109
95,119,135,91,111,117
95,119,143,91,110,126
95,119,151,91,109,139
95,119,159,91,108,153
95,119,167,91,107,169
95,119,175,91,105,188
95,119,183,91,104,206
95,119,191,91,103,221
95,119,199,92,102,234
95,119,207,92,100,242
95,119,215,92,99,248
95,119,223,92,98,251
95,119,231,92,97,252
95,119,239,91,96,253
95,119,247,91,95,254
95,119,255,90,94,254
95,127,0,85,129,24
95,127,7,85,128,27
95,127,15,86,128,31
95,127,23,86,128,36
95,127,31,87,127,41
95,127,39,88,127,45
95,127,47,88,127,50
95,127,55,89,127,54
95,127,63,89,127,59
95,127,71,90,127,64
95,127,79,90,126,70
95,127,87,91,125,75
95,127,95,91,125,81
95,127,103,92,124,87
95,127,111,92,123,93
95,127,119,93,122,99
95,127,127,93,122,106
95,127,135,93,120,114
95,127,143,93,120,123
95,127,151,93,118,133
95,127,159,93,117,146
95,127,167,93,116,162
95,127,175,92,114,179
95,127,183,92,112,197
95,127,191,92,110,215
95,127,199,93,108,227
95,127,207,93,107,239
95,127,215,93,105,245
95,127,223,93,103,250
95,127,231,93,102,252
95,127,239,93,101,254
95,127,247,92,99,254
95,127,255,91,98,254
95,135,0,85,140,25
95,135,7,85,140,27
95,135,15,86,139,31
95,135,23,86,139,35
95,135,31,87,139,41
95,135,39,88,138,46
95,135,47,89,138,50
95,135,55,90,138,54
95,135,63,90,138,59
95,135,71,91,137,64
95,135,79,92,137,69
95,135,87,92,136,74
95,135,95,93,135,80
95,135,103,93,135,86
95,135,111,94,134,92
95,135,119,94,133,98
95,135,127,95,131,104
95,135,135,95,131,112
95,135,143,95,129,120
95,135,151,95,128,129
95,135,159,95,127,141
95,135,167,94,126,154
95,135,175,94,123,170
95,135,183,94,121,188
95,135,191,94,119,206
95,135,199,94,116,222
95,135,207,94,113,234
95,135,215,94,111,244
95,135,223,94,109,248
95,135,231,94,108,252
95,135,239,94,106,253
95,135,247,94,104,254
95,135,255,93,103,254
95,143,0,84,152,24
95,143,7,85,151,28
95,143,15,85,151,32
95,143,23,86,151,35
95,143,31,87,150,40
95,143,39,88,150,46
95,143,47,89,150,50
95,143,55,90,150,54
95,143,63,91,150,59
95,143,71,91,149,63
95,143,79,92,149,68
95,143,87,93,148,74
95,143,95,94,147,79
95,143,103,94,146,85
95,143,111,95,145,90
95,143,119,95,144,96
95,143,127,95,143,102
95,143,135,96,142,109
95,143,143,96,140,117
95,143,151,96,139,125
95,143,159,96,138,136
95,143,167,96,136,148
95,143,175,96,134,162
95,143,183,95,132,179
95,143,191,95,129,197
95,143,199,95,125,214
95,143,207,95,122,229
95,143,215,95,119,238
95,143,223,95,117,246
95,143,231,95,114,250
95,143,239,95,112,253
95,143,247,95,110,254
95,143,255,95,108,255
95,151,0,83,165,25
95,151,7,84,165,28
95,151,15,85,164,32
95,151,23,86,163,37
95,151,31,87,163,41
95,151,39,88,163,45
95,151,47,89,163,50
95,151,55,90,163,54
95,151,63,91,162,58
95,151,71,92,162,63
95,151,79,93,161,68
95,151,87,93,161,73
95,151,95,94,160,78
95,151,103,95,159,84
95,151,111,95,158,89
95,151,119,96,157,95
95,151,127,96,155,101
95,151,135,97,154,107
95,151,143,97,153,114
95,151,151,97,151,122
95,151,159,97,150,132
95,151,167,97,148,142
95,151,175,97,146,156
95,151,183,97,143,171
95,151,191,96,140,188
95,151,199,96,136,205
95,151,207,96,132,220
95,151,215,96,129,233
95,151,223,96,125,242
95,151,231,96,122,248
95,151,239,96,119,252
95,151,247,96,116,255
95,151,255,96,113,255
95,159,0,82,179,26
95,159,7,83,178,28
95,159,15,84,178,32
95,159,23,85,177,36
95,159,31,87,176,42
95,159,39,88,176,45
95,159,47,89,176,49
95,159,55,90,176,54
95,159,63,91,176,58
95,159,71,92,175,63
95,159,79,92,175,67
95,159,87,93,174,72
95,159,95,94,173,77
95,159,103,95,172,83
95,159,111,96,171,88
95,159,119,96,170,93
95,159,127,97,169,99
95,159,135,97,167,105
95,159,143,97,166,112
95,159,151,98,165,120
95,159,159,98,163,128
95,159,167,98,161,138
95,159,175,98,159,149
95,159,183,98,156,164
95,159,191,97,153,179
95,159,199,97,149,195
95,159,207,97,145,211
95,159,215,97,140,226
95,159,223,96,135,237
95,159,231,96,131,245
95,159,239,96,127,251
95,159,247,96,124,254
95,159,255,96,120,255
95,167,0,82,192,26
95,167,7,82,192,28
95,167,15,83,191,31
95,167,23,84,191,35
95,167,31,86,191,40
95,167,39,87,190,46
95,167,47,88,190,50
95,167,55,90,190,54
95,167,63,91,189,58
95,167,71,92,189,62
95,167,79,93,188,67
95,167,87,93,188,72
95,167,95,94,187,77
95,167,103,95,186,82
95,167,111,96,185,87
95,167,119,96,184,92
95,167,127,97,183,98
95,167,135,97,181,104
95,167,143,98,180,110
95,167,151,98,179,117
95,167,159,98,177,124
95,167,167,99,175,134
95,167,175,99,173,144
95,167,183,98,170,156
95,167,191,98,167,170
95,167,199,98,163,186
95,167,207,98,158,202
95,167,215,97,153,217
95,167,223,97,147,230
95,167,231,97,141,241
95,167,239,97,137,249
95,167,247,97,132,253
95,167,255,97,128,254
95,175,0,82,205,29
95,175,7,82,205,31
95,175,15,83,205,33
95,175,23,84,204,36
95,175,31,85,204,40
95,175,39,86,204,45
95,175,47,88,204,50
95,175,55,89,203,54
95,175,63,90,203,58
95,175,71,91,203,62
95,175,79,92,202,66
95,175,87,93,201,71
95,175,95,94,201,76
95,175,103,95,200,81
95,175,111,95,199,86
95,175,119,96,198,91
95,175,127,96,197,96
95,175,135,97,195,102
95,175,143,98,194,108
95,175,151,98,193,115
95,175,159,99,192,122
95,175,167,99,190,129
95,175,175,99,188,139
95,175,183,99,185,150
95,175,191,99,182,162
95,175,199,98,178,177
95,175,207,98,173,192
95,175,215,98,167,208
95,175,223,98,161,222
95,175,231,98,154,235
95,175,239,98,148,245
95,175,247,98,143,253
95,175,255,98,138,255
95,183,0,81,217,30
95,183,7,82,217,32
95,183,15,83,217,35
95,183,23,84,217,38
95,183,31,85,217,41
95,183,39,86,217,45
95,183,47,88,216,49
95,183,55,89,216,54
95,183,63,90,216,57
95,183,71,91,215,62
95,183,79,92,215,66
95,183,87,93,214,70
95,183,95,93,213,75
95,183,103,94,212,80
95,183,111,95,211,85
95,183,119,96,211,90
95,183,127,96,210,95
95,183,135,97,209,100
95,183,143,97,208,106
95,183,151,98,206,112
95,183,159,98,205,119
95,183,167,99,204,126
95,183,175,99,202,134
95,183,183,99,200,143
95,183,191,99,197,154
95,183,199,99,193,167
95,183,207,99,189,183
95,183,215,98,183,198
95,183,223,98,177,213
95,183,231,99,170,228
95,183,239,99,162,241
95,183,247,99,156,249
95,183,255,99,150,254
95,191,0,81,226,31
95,191,7,81,226,33
95,191,15,82,226,35
95,191,23,83,226,38
95,191,31,85,227,42
95,191,39,86,227,45
95,191,47,87,227,49
95,191,55,88,227,53
95,191,63,89,227,57
95,191,71,90,226,61
95,191,79,92,226,65
95,191,87,92,225,70
95,191,95,93,224,74
95,191,103,94,223,78
95,191,111,94,223,83
95,191,119,95,222,88
95,191,127,95,221,93
95,191,135,96,220,98
95,191,143,97,220,104
95,191,151,97,219,109
95,191,159,98,217,115
95,191,167,98,216,122
95,191,175,98,214,129
95,191,183,99,213,138
95,191,191,99,211,147
95,191,199,99,207,159
95,191,207,99,204,173
95,191,215,99,199,188
95,191,223,99,193,204
95,191,231,99,186,219
95,191,239,99,179,234
95,191,247,100,171,247
95,191,255,100,164,252
95,199,0,80,235,32
95,199,7,81,235,34
95,199,15,82,235,36
95,199,23,83,235,38
95,199,31,84,235,42
95,199,39,85,235,46
95,199,47,86,235,49
95,199,55,87,236,53
95,199,63,89,236,56
95,199,71,90,235,60
95,199,79,90,235,64
95,199,87,91,234,69
95,199,95,92,234,73
95,199,103,93,234,77
95,199,111,94,233,82
95,199,119,94,232,86
95,199,127,95,231,91
95,199,135,95,231,96
95,199,143,96,230,101
95,199,151,96,229,106
95,199,159,97,228,112
95,199,167,98,228,119
95,199,175,98,226,126
95,199,183,98,225,133
95,199,191,98,223,141
95,199,199,99,222,151
95,199,207,99,218,164
95,199,215,99,214,178
95,199,223,99,209,194
95,199,231,99,203,210
95,199,239,100,196,226
95,199,247,100,188,241
95,199,255,101,180,253
95,207,0,80,241,34
95,207,7,80,241,35
95,207,15,81,242,36
95,207,23,82,242,38
95,207,31,83,242,41
95,207,39,84,242,45
95,207,47,86,243,49
95,207,55,87,243,52
95,207,63,88,243,56
95,207,71,89,243,60
95,207,79,90,242,63
95,207,87,90,242,67
95,207,95,91,242,71
95,207,103,92,241,75
95,207,111,92,241,80
95,207,119,93,241,84
95,207,127,94,241,89
95,207,135,95,240,93
95,207,143,95,240,98
95,207,151,96,239,103
95,207,159,96,238,109
95,207,167,96,237,115
95,207,175,97,237,121
95,207,183,98,236,128
95,207,191,98,235,136
95,207,199,98,233,145
95,207,207,98,231,156
95,207,215,99,228,170
95,207,223,99,224,185
95,207,231,99,220,201
95,207,239,100,213,219
95,207,247,101,207,236
95,207,255,102,199,248
95,215,0,79,246,34
95,215,7,79,246,36
95,215,15,80,246,37
95,215,23,81,246,39
95,215,31,82,246,42
95,215,39,83,247,44
95,215,47,84,247,48
95,215,55,86,248,52
95,215,63,87,248,55
95,215,71,88,248,58
95,215,79,89,248,62
95,215,87,90,248,66
95,215,95,90,247,70
95,215,103,91,247,74
95,215,111,91,247,77
95,215,119,92,247,82
95,215,127,93,247,86
95,215,135,93,247,90
95,215,143,94,247,95
95,215,151,95,247,100
95,215,159,95,246,105
95,215,167,96,245,111
95,215,175,96,245,117
95,215,183,96,245,123
95,215,191,97,244,131
95,215,199,98,243,139
95,215,207,98,242,150
95,215,215,98,239,162
95,215,223,98,236,177
95,215,231,99,233,193
95,215,239,100,229,211
95,215,247,100,223,229
95,215,255,101,217,246
95,223,0,78,249,34
95,223,7,79,249,36
95,223,15,79,249,37
95,223,23,80,250,40
95,223,31,82,250,43
95,223,39,82,250,45
95,223,47,83,250,47
95,223,55,85,251,51
95,223,63,86,251,54
95,223,71,87,251,57
95,223,79,87,251,61
95,223,87,88,251,64
95,223,95,89,251,68
95,223,103,90,251,72
95,223,111,91,251,76
95,223,119,91,251,80
95,223,127,92,251,84
95,223,135,92,251,88
95,223,143,93,251,92
95,223,151,93,251,97
95,223,159,94,251,102
95,223,167,95,251,107
95,223,175,95,251,113
95,223,183,96,250,119
95,223,191,96,250,127
95,223,199,96,250,135
95,223,207,97,249,144
95,223,215,97,247,157
95,223,223,98,245,170
95,223,231,98,243,185
95,223,239,99,240,203
95,223,247,100,237,221
95,223,255,101,232,239
95,231,0,78,252,35
95,231,7,78,252,36
95,231,15,79,252,37
95,231,23,79,252,39
95,231,31,81,253,42
95,231,39,82,253,45
95,231,47,83,253,47
95,231,55,84,253,50
95,231,63,85,253,53
95,231,71,86,254,57
95,231,79,86,254,60
95,231,87,87,253,63
95,231,95,88,253,67
95,231,103,88,253,70
95,231,111,89,253,74
95,231,119,90,253,77
95,231,127,90,253,81
95,231,135,91,253,85
95,231,143,92,253,90
95,231,151,92,253,94
95,231,159,93,253,99
95,231,167,93,253,104
95,231,175,94,253,109
95,231,183,94,253,115
95,231,191,95,253,123
95,231,199,96,253,131
95,231,207,96,253,140
95,231,215,96,252,150
95,231,223,97,251,163
95,231,231,98,250,178
95,231,239,98,249,194
95,231,247,99,246,214
95,231,255,100,243,233
95,239,0,77,254,35
95,239,7,77,254,36
95,239,15,78,254,37
95,239,23,78,254,39
95,239,31,79,254,41
95,239,39,80,254,44
95,239,47,82,255,47
95,239,55,83,255,50
95,239,63,84,255,52
95,239,71,85,255,56
95,239,79,86,255,59
95,239,87,86,255,62
95,239,95,87,255,65
95,239,103,88,255,68
95,239,111,88,255,72
95,239,119,89,254,75
95,239,127,89,254,79
95,239,135,90,254,83
95,239,143,90,254,87
95,239,151,91,255,91
95,239,159,92,255,96
95,239,167,92,255,101
95,239,175,93,255,106
95,239,183,93,255,112
95,239,191,94,255,119
95,239,199,94,255,127
95,239,207,95,255,136
95,239,215,95,255,146
95,239,223,96,254,158
95,239,231,96,254,172
95,239,239,97,253,188
95,239,247,98,253,206
95,239,255,99,251,225
95,247,0,76,255,36
95,247,7,77,255,37
95,247,15,77,255,38
95,247,23,77,255,39
95,247,31,78,255,41
95,247,39,79,255,43
95,247,47,80,255,46
95,247,55,82,255,49
95,247,63,83,255,52
95,247,71,83,255,54
95,247,79,84,255,58
95,247,87,85,255,61
95,247,95,86,255,64
95,247,103,87,255,67
95,247,111,87,255,70
95,247,119,88,255,73
95,247,127,88,254,77
95,247,135,89,254,80
95,247,143,89,254,84
95,247,151,90,254,88
95,247,159,90,255,93
95,247,167,91,255,98
95,247,175,92,255,103
95,247,183,92,255,109
95,247,191,92,255,116
95,247,199,93,255,123
95,247,207,93,255,132
95,247,215,93,255,142
95,247,223,94,255,154
95,247,231,95,255,168
95,247,239,96,255,183
95,247,247,97,255,198
95,247,255,98,254,215
95,255,0,75,255,35
95,255,7,75,255,36
95,255,15,76,255,37
95,255,23,77,255,39
95,255,31,77,255,41
95,255,39,78,255,42
95,255,47,79,255,45
95,255,55,80,255,47
95,255,63,81,255,50
95,255,71,82,255,53
95,255,79,83,255,56
95,255,87,84,255,59
95,255,95,85,255,62
95,255,103,85,255,65
95,255,111,86,254,69
95,255,119,87,255,72
95,255,127,87,255,75
95,255,135,88,255,79
95,255,143,89,255,83
95,255,151,89,255,87
95,255,159,89,255,91
95,255,167,90,254,96
95,255,175,90,254,102
95,255,183,91,255,107
95,255,191,91,255,114
95,255,199,92,255,121
95,255,207,92,255,129
95,255,215,93,255,138
95,255,223,93,255,150
95,255,231,94,255,163
95,255,239,94,255,178
95,255,247,96,255,193
95,255,255,96,255,207
103,0,0,85,2,20
103,0,7,85,2,26
103,0,15,85,2,34
103,0,23,86,2,42
103,0,31,86,2,51
103,0,39,86,3,59
103,0,47,85,3,67
103,0,55,85,3,76
103,0,63,84,3,84
103,0,71,83,4,95
103,0,79,83,5,107
103,0,87,82,7,119
103,0,95,81,8,138
103,0,103,79,8,157
103,0,111,77,9,178
103,0,119,75,10,196
103,0,127,74,12,209
103,0,135,72,16,219
103,0,143,72,20,227
103,0,151,71,23,231
103,0,159,70,25,233
103,0,167,70,27,234
103,0,175,69,28,236
103,0,183,69,30,238
103,0,191,68,31,239
103,0,199,68,33,241
103,0,207,68,34,243
103,0,215,67,35,245
103,0,223,66,36,247
103,0,231,66,37,249
103,0,239,65,38,251
103,0,247,65,41,253
103,0,255,64,42,254
103,7,0,84,3,20
103,7,7,84,3,26
103,7,15,85,3,33
103,7,23,85,4,42
103,7,31,85,4,50
103,7,39,85,4,58
103,7,47,85,4,66
103,7,55,84,5,75
103,7,63,84,6,83
103,7,71,83,7,93
103,7,79,83,8,105
103,7,87,82,9,118
103,7,95,81,10,133
103,7,103,80,11,152
103,7,111,78,12,173
103,7,119,76,13,192
103,7,127,75,16,205
103,7,135,74,19,216
103,7,143,73,23,224
103,7,151,72,27,229
103,7,159,72,30,231
103,7,167,71,32,234
103,7,175,71,33,236
103,7,183,70,34,238
103,7,191,70,36,239
103,7,199,70,37,241
103,7,207,69,39,243
103,7,215,69,40,245
103,7,223,68,40,247
103,7,231,67,41,249
103,7,239,67,42,251
103,7,247,66,43,253
103,7,255,66,46,254
103,15,0,83,5,19
103,15,7,83,5,26
103,15,15,84,5,33
103,15,23,84,6,41
103,15,31,84,6,49
103,15,39,84,7,57
103,15,47,84,7,65
103,15,55,84,8,73
103,15,63,84,9,82
103,15,71,83,10,92
103,15,79,83,11,103
103,15,87,82,12,115
103,15,95,81,13,130
103,15,103,80,14,147
103,15,111,79,15,167
103,15,119,77,16,186
103,15,127,76,19,200
103,15,135,75,23,212
103,15,143,74,27,220
103,15,151,74,31,226
103,15,159,74,34,230
103,15,167,73,38,233
103,15,175,73,39,235
103,15,183,72,40,237
103,15,191,72,41,239
103,15,199,71,42,241
103,15,207,71,44,243
103,15,215,71,45,245
103,15,223,70,45,247
103,15,231,69,45,249
103,15,239,68,45,251
103,15,247,67,47,253
103,15,255,67,49,254
103,23,0,83,10,19
103,23,7,83,10,25
103,23,15,83,10,32
103,23,23,84,11,40
103,23,31,84,11,47
103,23,39,84,11,55
103,23,47,84,12,63
103,23,55,83,12,71
103,23,63,83,13,80
103,23,71,83,14,89
103,23,79,83,15,100
103,23,87,82,16,112
103,23,95,82,17,125
103,23,103,81,18,142
103,23,111,80,19,160
103,23,119,78,21,178
103,23,127,77,24,192
103,23,135,77,28,205
103,23,143,76,31,214
103,23,151,75,35,222
103,23,159,75,39,228
103,23,167,75,42,232
103,23,175,75,46,235
103,23,183,75,47,237
103,23,191,74,47,240
103,23,199,74,48,241
103,23,207,74,49,243
103,23,215,73,51,245
103,23,223,73,52,247
103,23,231,72,51,249
103,23,239,71,51,251
103,23,247,70,51,252
103,23,255,69,53,254
103,31,0,82,17,18
103,31,7,83,16,25
103,31,15,83,16,31
103,31,23,83,17,39
103,31,31,83,17,46
103,31,39,83,17,53
103,31,47,83,17,61
103,31,55,83,18,69
103,31,63,83,19,78
103,31,71,83,20,87
103,31,79,83,21,96
103,31,87,83,22,107
103,31,95,82,23,120
103,31,103,82,24,135
103,31,111,81,25,151
103,31,119,80,27,168
103,31,127,79,29,183
103,31,135,78,33,196
103,31,143,78,37,207
103,31,151,77,40,217
103,31,159,77,44,225
103,31,167,77,47,231
103,31,175,77,50,235
103,31,183,77,53,237
103,31,191,77,55,240
103,31,199,77,55,242
103,31,207,76,56,244
103,31,215,76,57,246
103,31,223,75,57,247
103,31,231,75,58,249
103,31,239,74,57,251
103,31,247,73,57,252
103,31,255,71,57,254
103,39,0,82,24,18
103,39,7,82,24,24
103,39,15,83,24,31
103,39,23,83,24,37
103,39,31,83,24,44
103,39,39,83,24,51
103,39,47,83,24,59
103,39,55,83,25,66
103,39,63,83,26,75
103,39,71,83,26,83
103,39,79,84,27,93
103,39,87,83,28,103
103,39,95,83,29,115
103,39,103,83,30,128
103,39,111,82,31,143
103,39,119,81,33,158
103,39,127,80,34,174
103,39,135,80,38,188
103,39,143,79,41,201
103,39,151,79,45,212
103,39,159,79,49,222
103,39,167,79,52,230
103,39,175,79,55,235
103,39,183,79,57,238
103,39,191,79,59,241
103,39,199,80,62,243
103,39,207,79,62,244
103,39,215,79,62,246
103,39,223,78,62,248
103,39,231,77,62,249
103,39,239,77,63,251
103,39,247,76,63,252
103,39,255,74,63,253
103,47,0,82,33,18
103,47,7,83,32,24
103,47,15,83,32,30
103,47,23,83,32,36
103,47,31,83,32,43
103,47,39,83,32,50
103,47,47,83,32,56
103,47,55,83,33,64
103,47,63,84,33,72
103,47,71,84,34,80
103,47,79,84,35,89
103,47,87,84,36,99
103,47,95,84,36,109
103,47,103,83,37,121
103,47,111,83,37,135
103,47,119,82,38,150
103,47,127,82,40,165
103,47,135,81,43,180
103,47,143,81,46,194
103,47,151,81,49,208
103,47,159,81,52,220
103,47,167,81,56,229
103,47,175,81,59,236
103,47,183,82,61,240
103,47,191,82,63,242
103,47,199,82,65,243
103,47,207,81,66,245
103,47,215,81,67,247
103,47,223,81,67,248
103,47,231,80,67,250
103,47,239,79,67,251
103,47,247,78,67,252
103,47,255,77,68,253
103,55,0,83,42,18
103,55,7,83,41,24
103,55,15,83,41,29
103,55,23,84,41,36
103,55,31,84,40,42
103,55,39,84,41,48
103,55,47,84,41,54
103,55,55,84,41,61
103,55,63,84,42,69
103,55,71,84,42,77
103,55,79,84,43,85
103,55,87,85,43,94
103,55,95,84,44,104
103,55,103,84,44,116
103,55,111,84,44,128
103,55,119,83,45,142
103,55,127,83,46,157
103,55,135,82,48,172
103,55,143,82,50,187
103,55,151,82,53,203
103,55,159,83,56,216
103,55,167,83,59,228
103,55,175,83,62,235
103,55,183,83,65,240
103,55,191,84,67,243
103,55,199,84,68,244
103,55,207,84,70,246
103,55,215,83,70,247
103,55,223,83,71,249
103,55,231,82,71,250
103,55,239,82,71,252
103,55,247,81,70,253
103,55,255,80,71,254
103,63,0,84,50,19
103,63,7,84,50,24
103,63,15,84,50,29
103,63,23,84,49,35
103,63,31,84,49,41
103,63,39,84,49,47
103,63,47,84,49,53
103,63,55,84,50,59
103,63,63,84,50,66
103,63,71,85,50,74
103,63,79,85,51,82
103,63,87,85,51,90
103,63,95,85,51,100
103,63,103,85,51,110
103,63,111,85,51,122
103,63,119,84,52,135
103,63,127,84,52,148
103,63,135,84,54,163
103,63,143,84,56,179
103,63,151,84,58,196
103,63,159,84,60,212
103,63,167,84,63,225
103,63,175,85,66,235
103,63,183,85,68,240
103,63,191,86,70,243
103,63,199,86,71,245
103,63,207,86,72,246
103,63,215,86,73,248
103,63,223,85,73,249
103,63,231,84,74,251
103,63,239,84,74,252
103,63,247,83,74,253
103,63,255,82,74,254
103,71,0,84,60,20
103,71,7,85,59,24
103,71,15,85,59,29
103,71,23,85,59,34
103,71,31,85,58,40
103,71,39,85,58,46
103,71,47,85,58,52
103,71,55,85,59,58
103,71,63,85,59,64
103,71,71,85,59,71
103,71,79,85,59,79
103,71,87,86,59,86
103,71,95,86,59,95
103,71,103,86,59,105
103,71,111,86,59,116
103,71,119,86,59,128
103,71,127,85,59,141
103,71,135,85,60,155
103,71,143,85,61,171
103,71,151,85,63,188
103,71,159,85,65,206
103,71,167,86,67,221
103,71,175,86,69,233
103,71,183,87,71,240
103,71,191,87,73,243
103,71,199,88,75,245
103,71,207,87,75,246
103,71,215,87,76,248
103,71,223,87,76,249
103,71,231,86,76,251
103,71,239,86,76,252
103,71,247,85,76,253
103,71,255,84,76,254
103,79,0,85,69,20
103,79,7,86,68,25
103,79,15,86,68,29
103,79,23,86,68,34
103,79,31,86,68,40
103,79,39,86,68,45
103,79,47,86,68,51
103,79,55,86,68,57
103,79,63,86,68,63
103,79,71,86,68,69
103,79,79,86,68,76
103,79,87,87,68,84
103,79,95,87,68,92
103,79,103,87,68,100
103,79,111,87,67,110
103,79,119,87,67,121
103,79,127,87,67,133
103,79,135,86,67,146
103,79,143,86,68,162
103,79,151,86,69,179
103,79,159,87,70,197
103,79,167,87,72,216
103,79,175,88,74,229
103,79,183,88,75,239
103,79,191,89,77,244
103,79,199,89,78,245
103,79,207,89,79,247
103,79,215,89,79,248
103,79,223,88,79,250
103,79,231,88,79,251
103,79,239,87,78,253
103,79,247,87,78,253
103,79,255,86,77,254
103,87,0,86,78,21
103,87,7,86,78,25
103,87,15,87,77,29
103,87,23,87,77,35
103,87,31,87,77,40
103,87,39,88,77,45
103,87,47,88,77,50
103,87,55,88,77,56
103,87,63,88,77,62
103,87,71,88,77,68
103,87,79,88,77,74
103,87,87,88,77,81
103,87,95,88,77,89
103,87,103,88,77,97
103,87,111,88,76,105
103,87,119,89,76,115
103,87,127,88,75,126
103,87,135,88,75,138
103,87,143,88,75,153
103,87,151,88,76,170
103,87,159,88,77,188
103,87,167,89,78,206
103,87,175,89,79,224
103,87,183,90,80,235
103,87,191,90,81,242
103,87,199,90,82,245
103,87,207,91,82,247
103,87,215,90,82,248
103,87,223,90,82,250
103,87,231,89,82,252
103,87,239,89,81,253
103,87,247,88,81,254
103,87,255,87,80,254
103,95,0,87,87,21
103,95,7,87,87,25
103,95,15,88,87,29
103,95,23,88,87,34
103,95,31,89,87,40
103,95,39,89,87,45
103,95,47,89,87,50
103,95,55,89,87,55
103,95,63,89,87,61
103,95,71,89,86,67
103,95,79,89,86,73
103,95,87,89,86,80
103,95,95,90,86,87
103,95,103,90,85,94
103,95,111,90,85,102
103,95,119,90,84,110
103,95,127,90,84,120
103,95,135,90,84,132
103,95,143,90,83,145
103,95,151,90,83,160
103,95,159,90,84,178
103,95,167,90,84,197
103,95,175,90,84,215
103,95,183,91,85,231
103,95,191,91,85,239
103,95,199,92,86,245
103,95,207,92,86,247
103,95,215,92,86,249
103,95,223,91,86,250
103,95,231,91,85,252
103,95,239,90,85,253
103,95,247,89,83,254
103,95,255,89,82,254
103,103,0,87,96,22
103,103,7,88,96,26
103,103,15,89,96,30
103,103,23,89,96,35
103,103,31,90,96,40
103,103,39,90,96,45
103,103,47,90,96,50
103,103,55,90,96,55
103,103,63,90,96,60
103,103,71,91,96,66
103,103,79,91,95,72
103,103,87,91,95,78
103,103,95,91,95,85
103,103,103,92,94,92
103,103,111,92,94,99
103,103,119,92,93,106
103,103,127,92,93,116
103,103,135,92,92,126
103,103,143,92,92,138
103,103,151,92,91,153
103,103,159,92,91,169
103,103,167,92,90,188
103,103,175,92,90,206
103,103,183,92,90,222
103,103,191,92,90,235
103,103,199,93,90,242
103,103,207,93,90,248
103,103,215,93,90,249
103,103,223,93,90,250
103,103,231,92,89,252
103,103,239,92,89,253
103,103,247,91,87,254
103,103,255,90,86,254
103,111,0,88,106,23
103,111,7,89,106,27
103,111,15,90,105,32
103,111,23,90,105,36
103,111,31,91,105,40
103,111,39,91,105,46
103,111,47,92,105,50
103,111,55,92,105,55
103,111,63,92,105,60
103,111,71,92,105,66
103,111,79,92,104,71
103,111,87,93,104,77
103,111,95,93,103,84
103,111,103,93,103,90
103,111,111,94,103,97
103,111,119,94,102,104
103,111,127,94,101,112
103,111,135,94,101,121
103,111,143,94,100,132
103,111,151,94,99,144
103,111,159,93,98,161
103,111,167,93,98,178
103,111,175,93,97,197
103,111,183,93,96,215
103,111,191,94,96,229
103,111,199,94,95,239
103,111,207,94,95,245
103,111,215,94,94,249
103,111,223,94,94,251
103,111,231,93,93,252
103,111,239,93,92,253
103,111,247,92,92,254
103,111,255,91,91,254
103,119,0,89,115,23
103,119,7,90,115,27
103,119,15,90,115,31
103,119,23,91,115,37
103,119,31,92,115,41
103,119,39,92,115,46
103,119,47,93,115,51
103,119,55,93,114,55
103,119,63,93,114,60
103,119,71,94,114,65
103,119,79,94,114,71
103,119,87,94,113,77
103,119,95,95,113,83
103,119,103,95,112,89
103,119,111,95,112,95
103,119,119,96,111,102
103,119,127,96,110,109
103,119,135,96,109,118
103,119,143,96,109,127
103,119,151,96,108,139
103,119,159,96,107,153
103,119,167,95,105,170
103,119,175,95,104,188
103,119,183,95,103,207
103,119,191,95,102,222
103,119,199,95,101,234
103,119,207,95,100,243
103,119,215,95,99,248
103,119,223,95,98,251
103,119,231,95,97,253
103,119,239,94,96,253
103,119,247,94,95,254
103,119,255,93,94,254
103,127,0,90,125,24
103,127,7,90,125,27
103,127,15,91,125,31
103,127,23,91,125,36
103,127,31,92,125,42
103,127,39,93,125,46
103,127,47,93,124,51
103,127,55,94,124,55
103,127,63,94,124,60
103,127,71,95,124,65
103,127,79,95,123,71
103,127,87,96,123,76
103,127,95,96,122,82
103,127,103,97,122,88
103,127,111,97,121,94
103,127,119,97,120,100
103,127,127,98,119,107
103,127,135,97,118,115
103,127,143,97,118,124
103,127,151,98,117,134
103,127,159,97,115,147
103,127,167,97,114,162
103,127,175,97,113,180
103,127,183,97,111,197
103,127,191,96,110,215
103,127,199,96,108,228
103,127,207,96,106,240
103,127,215,96,105,246
103,127,223,96,103,250
103,127,231,96,102,252
103,127,239,95,101,254
103,127,247,95,100,254
103,127,255,94,98,254
103,135,0,90,136,26
103,135,7,90,136,29
103,135,15,91,135,32
103,135,23,91,135,36
103,135,31,92,135,41
103,135,39,93,135,47
103,135,47,94,135,51
103,135,55,95,135,55
103,135,63,95,135,60
103,135,71,96,134,65
103,135,79,96,134,70
103,135,87,97,133,76
103,135,95,97,133,81
103,135,103,98,132,87
103,135,111,99,131,93
103,135,119,99,130,99
103,135,127,99,129,105
103,135,135,99,128,112
103,135,143,99,127,121
103,135,151,99,126,130
103,135,159,99,125,141
103,135,167,99,124,155
103,135,175,99,122,171
103,135,183,98,120,189
103,135,191,98,118,206
103,135,199,98,115,223
103,135,207,98,113,235
103,135,215,97,111,244
103,135,223,97,109,249
103,135,231,97,108,252
103,135,239,97,106,253
103,135,247,96,104,254
103,135,255,96,103,254
103,143,0,89,148,25
103,143,7,90,147,29
103,143,15,90,147,33
103,143,23,91,147,37
103,143,31,92,147,41
103,143,39,93,146,46
103,143,47,94,146,51
103,143,55,95,146,55
103,143,63,96,146,60
103,143,71,96,146,65
103,143,79,97,145,70
103,143,87,98,144,75
103,143,95,99,144,81
103,143,103,99,143,86
103,143,111,99,142,92
103,143,119,100,141,97
103,143,127,100,140,104
103,143,135,101,139,111
103,143,143,101,138,118
103,143,151,101,137,126
103,143,159,100,135,137
103,143,167,101,134,149
103,143,175,100,133,163
103,143,183,100,130,180
103,143,191,99,128,198
103,143,199,99,124,214
103,143,207,99,121,230
103,143,215,99,119,239
103,143,223,98,116,246
103,143,231,98,114,250
103,143,239,98,112,253
103,143,247,98,110,254
103,143,255,98,108,255
103,151,0,89,161,26
103,151,7,89,160,29
103,151,15,90,160,33
103,151,23,91,159,38
103,151,31,92,159,42
103,151,39,93,159,46
103,151,47,94,159,51
103,151,55,95,159,55
103,151,63,96,159,60
103,151,71,97,158,64
103,151,79,97,158,69
103,151,87,98,157,74
103,151,95,99,156,80
103,151,103,100,155,85
103,151,111,100,154,91
103,151,119,101,153,96
103,151,127,101,152,102
103,151,135,101,151,109
103,151,143,102,150,115
103,151,151,102,148,123
103,151,159,102,147,133
103,151,167,102,146,143
103,151,175,101,144,156
103,151,183,101,142,172
103,151,191,101,139,189
103,151,199,100,135,206
103,151,207,100,131,221
103,151,215,100,128,235
103,151,223,99,125,242
103,151,231,99,122,249
103,151,239,99,119,252
103,151,247,99,116,255
103,151,255,99,113,255
103,159,0,88,174,27
103,159,7,88,174,29
103,159,15,89,173,32
103,159,23,90,173,37
103,159,31,91,172,43
103,159,39,92,172,47
103,159,47,93,172,51
103,159,55,95,172,55
103,159,63,96,172,60
103,159,71,97,172,64
103,159,79,98,171,69
103,159,87,99,170,74
103,159,95,99,170,79
103,159,103,100,169,84
103,159,111,101,168,90
103,159,119,101,167,95
103,159,127,101,165,101
103,159,135,102,164,107
103,159,143,102,163,114
103,159,151,102,162,121
103,159,159,102,160,129
103,159,167,103,158,139
103,159,175,103,156,151
103,159,183,102,154,165
103,159,191,102,151,180
103,159,199,101,147,197
103,159,207,101,143,213
103,159,215,101,139,227
103,159,223,100,135,238
103,159,231,100,131,246
103,159,239,100,127,251
103,159,247,100,123,254
103,159,255,100,120,255
103,167,0,86,187,26
103,167,7,87,187,28
103,167,15,88,187,31
103,167,23,89,186,35
103,167,31,90,186,41
103,167,39,92,186,47
103,167,47,93,186,51
103,167,55,94,186,55
103,167,63,96,186,59
103,167,71,96,185,64
103,167,79,98,185,68
103,167,87,98,184,73
103,167,95,99,183,78
103,167,103,100,183,84
103,167,111,101,182,89
103,167,119,101,181,94
103,167,127,102,179,100
103,167,135,102,178,105
103,167,143,102,177,112
103,167,151,103,176,118
103,167,159,103,174,126
103,167,167,103,172,135
103,167,175,103,170,145
103,167,183,103,168,158
103,167,191,103,165,172
103,167,199,103,161,187
103,167,207,102,156,204
103,167,215,102,151,219
103,167,223,102,146,232
103,167,231,101,141,242
103,167,239,101,136,249
103,167,247,101,132,253
103,167,255,100,128,255
103,175,0,86,200,29
103,175,7,87,200,32
103,175,15,88,200,34
103,175,23,88,200,37
103,175,31,90,200,41
103,175,39,91,200,46
103,175,47,93,200,51
103,175,55,94,200,55
103,175,63,95,200,59
103,175,71,96,199,64
103,175,79,97,199,68
103,175,87,98,198,73
103,175,95,99,197,78
103,175,103,100,197,83
103,175,111,100,196,88
103,175,119,101,195,93
103,175,127,102,194,98
103,175,135,102,193,104
103,175,143,103,192,110
103,175,151,103,190,116
103,175,159,103,188,123
103,175,167,104,187,131
103,175,175,104,185,141
103,175,183,104,183,152
103,175,191,103,180,164
103,175,199,103,176,179
103,175,207,103,172,194
103,175,215,103,166,210
103,175,223,102,160,224
103,175,231,102,153,237
103,175,239,102,148,247
103,175,247,102,142,252
103,175,255,102,138,255
103,183,0,85,213,31
103,183,7,86,213,33
103,183,15,87,213,35
103,183,23,88,213,39
103,183,31,89,213,42
103,183,39,90,213,46
103,183,47,92,213,50
103,183,55,93,213,55
103,183,63,94,212,59
103,183,71,96,212,63
103,183,79,97,212,68
103,183,87,98,211,72
103,183,95,99,210,77
103,183,103,100,210,82
103,183,111,100,209,87
103,183,119,101,208,92
103,183,127,101,207,97
103,183,135,102,206,102
103,183,143,102,205,108
103,183,151,103,204,114
103,183,159,103,203,121
103,183,167,104,201,128
103,183,175,104,199,136
103,183,183,104,197,146
103,183,191,104,195,157
103,183,199,104,192,170
103,183,207,103,187,185
103,183,215,103,182,200
103,183,223,103,175,215
103,183,231,103,168,230
103,183,239,103,161,241
103,183,247,103,155,249
103,183,255,103,148,254
103,191,0,85,223,32
103,191,7,85,224,34
103,191,15,86,224,36
103,191,23,87,224,39
103,191,31,89,224,43
103,191,39,90,224,47
103,191,47,91,224,50
103,191,55,93,224,54
103,191,63,94,224,59
103,191,71,95,224,63
103,191,79,96,223,67
103,191,87,97,222,71
103,191,95,98,222,76
103,191,103,99,221,81
103,191,111,99,220,85
103,191,119,100,220,90
103,191,127,101,219,95
103,191,135,101,218,101
103,191,143,102,217,106
103,191,151,102,216,112
103,191,159,102,215,118
103,191,167,103,213,125
103,191,175,104,212,132
103,191,183,104,211,140
103,191,191,104,209,150
103,191,199,104,206,162
103,191,207,104,202,175
103,191,215,104,197,191
103,191,223,104,191,206
103,191,231,103,185,221
103,191,239,104,177,235
103,191,247,104,170,248
103,191,255,104,163,253
103,199,0,84,232,33
103,199,7,85,232,34
103,199,15,85,232,36
103,199,23,86,233,39
103,199,31,88,233,42
103,199,39,89,233,47
103,199,47,91,234,51
103,199,55,92,234,54
103,199,63,93,234,58
103,199,71,94,234,62
103,199,79,95,234,66
103,199,87,97,233,71
103,199,95,97,233,75
103,199,103,98,232,79
103,199,111,98,231,84
103,199,119,99,230,88
103,199,127,100,230,93
103,199,135,100,229,98
103,199,143,101,228,103
103,199,151,102,228,109
103,199,159,102,227,115
103,199,167,102,225,121
103,199,175,103,224,128
103,199,183,103,223,135
103,199,191,104,222,144
103,199,199,104,221,154
103,199,207,104,217,167
103,199,215,104,213,181
103,199,223,104,208,197
103,199,231,104,202,213
103,199,239,104,195,228
103,199,247,104,187,242
103,199,255,105,179,252
103,207,0,83,240,34
103,207,7,84,240,35
103,207,15,85,240,37
103,207,23,85,240,39
103,207,31,87,240,42
103,207,39,88,241,46
103,207,47,90,241,50
103,207,55,91,241,54
103,207,63,92,241,57
103,207,71,93,242,61
103,207,79,94,241,65
103,207,87,95,241,69
103,207,95,96,241,73
103,207,103,97,241,78
103,207,111,98,241,82
103,207,119,98,241,87
103,207,127,99,240,91
103,207,135,99,239,96
103,207,143,100,238,101
103,207,151,100,238,106
103,207,159,101,237,112
103,207,167,102,237,118
103,207,175,102,236,125
103,207,183,103,235,131
103,207,191,103,234,139
103,207,199,103,232,148
103,207,207,104,231,159
103,207,215,104,228,173
103,207,223,104,223,188
103,207,231,104,218,204
103,207,239,105,212,221
103,207,247,105,205,239
103,207,255,106,198,248
103,215,0,83,245,34
103,215,7,83,245,36
103,215,15,84,246,38
103,215,23,85,246,41
103,215,31,86,246,43
103,215,39,87,247,46
103,215,47,89,247,49
103,215,55,90,247,53
103,215,63,91,247,57
103,215,71,92,247,60
103,215,79,93,247,64
103,215,87,94,247,68
103,215,95,95,247,72
103,215,103,95,247,76
103,215,111,96,247,80
103,215,119,97,247,84
103,215,127,97,247,89
103,215,135,98,247,93
103,215,143,99,247,98
103,215,151,99,246,103
103,215,159,100,245,108
103,215,167,100,245,114
103,215,175,101,244,120
103,215,183,102,244,127
103,215,191,102,244,135
103,215,199,103,242,143
103,215,207,103,241,153
103,215,215,103,239,165
103,215,223,103,236,180
103,215,231,104,233,196
103,215,239,104,228,213
103,215,247,105,222,231
103,215,255,106,216,248
103,223,0,82,249,35
103,223,7,82,249,36
103,223,15,83,249,38
103,223,23,84,249,40
103,223,31,85,250,43
103,223,39,86,250,46
103,223,47,87,250,49
103,223,55,89,251,52
103,223,63,90,251,56
103,223,71,91,251,59
103,223,79,92,251,63
103,223,87,93,251,67
103,223,95,94,251,70
103,223,103,94,251,74
103,223,111,95,251,78
103,223,119,96,251,82
103,223,127,96,251,86
103,223,135,97,251,90
103,223,143,97,251,95
103,223,151,98,251,100
103,223,159,99,251,105
103,223,167,99,250,110
103,223,175,100,250,116
103,223,183,100,250,122
103,223,191,101,250,130
103,223,199,101,249,138
103,223,207,102,249,148
103,223,215,102,247,160
103,223,223,103,245,173
103,223,231,103,243,188
103,223,239,104,240,206
103,223,247,105,236,224
103,223,255,105,231,240
103,231,0,81,252,35
103,231,7,81,252,36
103,231,15,82,252,38
103,231,23,83,252,40
103,231,31,84,252,42
103,231,39,85,253,46
103,231,47,86,253,49
103,231,55,87,253,51
103,231,63,89,253,55
103,231,71,90,254,58
103,231,79,91,253,61
103,231,87,91,253,65
103,231,95,92,253,69
103,231,103,93,253,72
103,231,111,94,253,76
103,231,119,95,253,80
103,231,127,95,253,84
103,231,135,96,253,88
103,231,143,96,253,92
103,231,151,97,253,97
103,231,159,97,253,102
103,231,167,98,253,107
103,231,175,99,253,112
103,231,183,99,253,119
103,231,191,100,253,126
103,231,199,100,253,134
103,231,207,100,253,143
103,231,215,101,252,154
103,231,223,102,251,167
103,231,231,102,250,181
103,231,239,103,248,197
103,231,247,104,246,216
103,231,255,105,243,235
103,239,0,80,255,36
103,239,7,81,255,37
103,239,15,81,255,38
103,239,23,82,255,40
103,239,31,83,255,42
103,239,39,84,255,45
103,239,47,85,255,48
103,239,55,87,255,51
103,239,63,88,255,54
103,239,71,89,255,57
103,239,79,90,255,60
103,239,87,90,255,64
103,239,95,91,255,67
103,239,103,92,254,71
103,239,111,92,254,74
103,239,119,93,254,78
103,239,127,94,254,81
103,239,135,94,254,85
103,239,143,95,254,90
103,239,151,96,255,94
103,239,159,96,255,98
103,239,167,97,255,104
103,239,175,97,255,109
103,239,183,98,255,115
103,239,191,98,255,122
103,239,199,99,255,130
103,239,207,99,255,139
103,239,215,100,254,149
103,239,223,100,254,161
103,239,231,101,254,175
103,239,239,102,253,191
103,239,247,103,252,209
103,239,255,103,251,227
103,247,0,79,255,36
103,247,7,80,255,37
103,247,15,80,255,39
103,247,23,81,255,40
103,247,31,82,255,42
103,247,39,83,255,44
103,247,47,84,255,47
103,247,55,85,255,50
103,247,63,86,255,53
103,247,71,87,255,56
103,247,79,88,255,59
103,247,87,90,255,63
103,247,95,90,255,66
103,247,103,91,255,69
103,247,111,91,255,72
103,247,119,92,255,76
103,247,127,92,254,79
103,247,135,93,254,83
103,247,143,94,254,87
103,247,151,94,254,91
103,247,159,95,255,96
103,247,167,96,255,101
103,247,175,96,255,106
103,247,183,96,255,112
103,247,191,97,255,119
103,247,199,97,255,126
103,247,207,98,255,135
103,247,215,98,255,145
103,247,223,99,255,157
103,247,231,99,255,170
103,247,239,100,255,185
103,247,247,101,255,201
103,247,255,102,254,217
103,255,0,78,255,35
103,255,7,78,255,36
103,255,15,79,255,38
103,255,23,80,255,40
103,255,31,80,255,42
103,255,39,81,255,43
103,255,47,82,255,46
103,255,55,83,255,48
103,255,63,84,255,51
103,255,71,85,255,55
103,255,79,86,255,58
103,255,87,88,255,61
103,255,95,89,255,65
103,255,103,90,255,68
103,255,111,91,255,71
103,255,119,91,255,75
103,255,127,92,255,78
103,255,135,92,255,81
103,255,143,93,255,85
103,255,151,93,255,89
103,255,159,94,255,94
103,255,167,95,255,100
103,255,175,95,255,105
103,255,183,96,255,111
103,255,191,96,255,117
103,255,199,96,255,124
103,255,207,96,255,132
103,255,215,97,255,141
103,255,223,97,255,153
103,255,231,98,255,166
103,255,239,99,255,180
103,255,247,100,255,195
103,255,255,101,255,209
111,0,0,91,2,21
111,0,7,92,2,27
111,0,15,92,2,34
111,0,23,92,2,43
111,0,31,92,2,52
111,0,39,92,2,59
111,0,47,92,2,68
111,0,55,91,2,76
111,0,63,91,3,85
111,0,71,90,4,95
111,0,79,89,6,108
111,0,87,88,7,122
111,0,95,87,7,139
111,0,103,86,7,158
111,0,111,84,9,177
111,0,119,82,10,196
111,0,127,81,13,210
111,0,135,79,16,222
111,0,143,78,20,228
111,0,151,77,23,232
111,0,159,76,25,234
111,0,167,75,27,235
111,0,175,74,29,237
111,0,183,73,31,238
111,0,191,72,33,240
111,0,199,72,34,242
111,0,207,71,35,243
111,0,215,70,36,246
111,0,223,70,36,248
111,0,231,69,37,250
111,0,239,68,39,251
111,0,247,68,41,253
111,0,255,67,42,254
111,7,0,91,3,20
111,7,7,91,3,27
111,7,15,91,4,34
111,7,23,92,4,43
111,7,31,92,4,51
111,7,39,92,4,59
111,7,47,91,4,67
111,7,55,91,5,75
111,7,63,91,5,84
111,7,71,90,6,94
111,7,79,89,7,105
111,7,87,89,9,118
111,7,95,88,9,134
111,7,103,86,10,153
111,7,111,85,11,173
111,7,119,83,13,191
111,7,127,82,16,206
111,7,135,80,19,219
111,7,143,80,24,226
111,7,151,78,28,230
111,7,159,77,30,232
111,7,167,76,32,235
111,7,175,76,33,236
111,7,183,75,35,238
111,7,191,74,37,240
111,7,199,74,39,241
111,7,207,73,40,243
111,7,215,72,40,245
111,7,223,71,40,248
111,7,231,70,40,250
111,7,239,69,42,251
111,7,247,69,44,253
111,7,255,68,45,254
111,15,0,90,6,20
111,15,7,90,6,27
111,15,15,91,6,34
111,15,23,91,6,42
111,15,31,91,6,50
111,15,39,91,7,58
111,15,47,91,7,65
111,15,55,91,8,74
111,15,63,90,8,83
111,15,71,90,9,93
111,15,79,89,10,103
111,15,87,89,12,115
111,15,95,88,13,129
111,15,103,87,14,148
111,15,111,86,15,167
111,15,119,84,17,185
111,15,127,83,19,201
111,15,135,82,23,214
111,15,143,81,27,222
111,15,151,80,31,227
111,15,159,79,35,231
111,15,167,78,37,233
111,15,175,77,38,236
111,15,183,77,40,238
111,15,191,76,41,240
111,15,199,75,43,242
111,15,207,75,45,243
111,15,215,74,46,245
111,15,223,73,45,248
111,15,231,72,45,250
111,15,239,71,45,251
111,15,247,70,47,253
111,15,255,70,49,254
111,23,0,89,10,20
111,23,7,90,10,26
111,23,15,90,10,34
111,23,23,90,10,41
111,23,31,90,11,49
111,23,39,90,11,56
111,23,47,90,11,64
111,23,55,90,12,72
111,23,63,90,13,81
111,23,71,90,14,90
111,23,79,90,15,100
111,23,87,89,16,111
111,23,95,88,17,125
111,23,103,87,18,141
111,23,111,86,19,159
111,23,119,85,21,177
111,23,127,84,24,194
111,23,135,83,27,206
111,23,143,82,31,216
111,23,151,81,35,223
111,23,159,80,40,228
111,23,167,80,43,232
111,23,175,79,45,235
111,23,183,79,46,238
111,23,191,78,47,240
111,23,199,77,49,242
111,23,207,77,50,244
111,23,215,77,52,245
111,23,223,76,51,247
111,23,231,75,50,249
111,23,239,73,50,251
111,23,247,72,51,253
111,23,255,71,53,254
111,31,0,89,16,20
111,31,7,89,16,26
111,31,15,90,16,33
111,31,23,90,16,40
111,31,31,90,16,47
111,31,39,90,17,55
111,31,47,90,17,62
111,31,55,90,18,70
111,31,63,90,19,78
111,31,71,90,20,87
111,31,79,90,21,97
111,31,87,89,21,108
111,31,95,89,22,121
111,31,103,88,23,135
111,31,111,87,25,152
111,31,119,86,26,168
111,31,127,85,29,183
111,31,135,84,33,197
111,31,143,83,36,209
111,31,151,83,40,218
111,31,159,82,44,226
111,31,167,82,48,231
111,31,175,81,51,235
111,31,183,81,53,238
111,31,191,81,54,240
111,31,199,80,55,242
111,31,207,80,56,244
111,31,215,79,57,246
111,31,223,78,58,248
111,31,231,78,58,249
111,31,239,76,56,251
111,31,247,75,56,253
111,31,255,74,57,254
111,39,0,88,23,19
111,39,7,89,23,25
111,39,15,89,23,32
111,39,23,90,23,39
111,39,31,90,23,46
111,39,39,90,24,53
111,39,47,90,24,60
111,39,55,90,25,67
111,39,63,90,25,76
111,39,71,90,26,84
111,39,79,90,27,94
111,39,87,90,28,104
111,39,95,89,29,115
111,39,103,89,30,128
111,39,111,88,31,143
111,39,119,87,32,159
111,39,127,86,34,175
111,39,135,86,37,189
111,39,143,85,41,201
111,39,151,84,45,213
111,39,159,84,49,223
111,39,167,83,52,231
111,39,175,83,55,236
111,39,183,83,58,239
111,39,191,83,60,241
111,39,199,83,62,243
111,39,207,82,62,245
111,39,215,81,62,246
111,39,223,81,62,248
111,39,231,80,63,250
111,39,239,79,63,251
111,39,247,78,62,252
111,39,255,77,62,254
111,47,0,89,31,20
111,47,7,89,31,25
111,47,15,89,31,31
111,47,23,90,31,38
111,47,31,90,31,44
111,47,39,90,31,51
111,47,47,90,32,58
111,47,55,90,32,65
111,47,63,90,33,73
111,47,71,90,34,81
111,47,79,90,34,90
111,47,87,90,35,99
111,47,95,90,36,110
111,47,103,90,36,122
111,47,111,89,37,136
111,47,119,88,38,151
111,47,127,88,40,166
111,47,135,87,42,180
111,47,143,86,45,195
111,47,151,86,49,209
111,47,159,86,53,220
111,47,167,85,56,231
111,47,175,85,59,236
111,47,183,85,61,240
111,47,191,85,63,242
111,47,199,85,65,244
111,47,207,85,67,245
111,47,215,84,67,247
111,47,223,83,67,249
111,47,231,82,67,250
111,47,239,81,67,251
111,47,247,81,67,253
111,47,255,80,68,254
111,55,0,89,40,20
111,55,7,89,40,25
111,55,15,90,40,31
111,55,23,90,40,37
111,55,31,90,40,43
111,55,39,90,40,49
111,55,47,90,40,56
111,55,55,90,40,62
111,55,63,90,41,70
111,55,71,90,41,78
111,55,79,91,42,86
111,55,87,91,43,95
111,55,95,91,43,105
111,55,103,90,43,116
111,55,111,90,44,129
111,55,119,89,44,143
111,55,127,89,46,157
111,55,135,88,48,172
111,55,143,88,50,188
111,55,151,88,53,203
111,55,159,87,56,217
111,55,167,87,59,228
111,55,175,87,62,236
111,55,183,87,65,240
111,55,191,87,67,243
111,55,199,87,68,244
111,55,207,87,70,246
111,55,215,86,70,247
111,55,223,85,71,249
111,55,231,85,71,250
111,55,239,84,71,252
111,55,247,83,71,253
111,55,255,82,71,254
111,63,0,89,49,21
111,63,7,90,49,26
111,63,15,90,48,31
111,63,23,90,48,36
111,63,31,90,48,42
111,63,39,90,48,48
111,63,47,90,49,54
111,63,55,90,49,61
111,63,63,90,49,67
111,63,71,91,50,75
111,63,79,91,50,83
111,63,87,91,50,91
111,63,95,91,50,100
111,63,103,91,51,111
111,63,111,91,51,123
111,63,119,90,51,135
111,63,127,90,52,149
111,63,135,89,53,164
111,63,143,89,55,180
111,63,151,89,58,197
111,63,159,89,60,213
111,63,167,89,63,226
111,63,175,89,66,236
111,63,183,89,68,241
111,63,191,89,70,243
111,63,199,89,71,245
111,63,207,89,73,246
111,63,215,88,73,248
111,63,223,88,74,249
111,63,231,87,74,251
111,63,239,86,74,252
111,63,247,85,74,253
111,63,255,84,74,254
111,71,0,90,58,21
111,71,7,91,57,26
111,71,15,91,57,31
111,71,23,91,57,36
111,71,31,91,57,42
111,71,39,91,57,47
111,71,47,91,57,53
111,71,55,91,57,59
111,71,63,91,58,65
111,71,71,91,58,72
111,71,79,91,58,80
111,71,87,91,58,88
111,71,95,92,58,96
111,71,103,92,58,106
111,71,111,92,58,116
111,71,119,91,58,129
111,71,127,91,59,142
111,71,135,91,59,155
111,71,143,90,61,172
111,71,151,90,63,189
111,71,159,90,65,207
111,71,167,90,67,223
111,71,175,90,69,233
111,71,183,90,71,241
111,71,191,91,73,244
111,71,199,91,75,245
111,71,207,90,76,246
111,71,215,90,76,248
111,71,223,90,76,250
111,71,231,89,76,251
111,71,239,88,76,252
111,71,247,87,76,253
111,71,255,86,76,254
111,79,0,91,67,21
111,79,7,91,67,25
111,79,15,92,66,30
111,79,23,92,66,36
111,79,31,92,66,41
111,79,39,92,66,47
111,79,47,92,66,52
111,79,55,92,66,58
111,79,63,92,66,64
111,79,71,92,67,70
111,79,79,92,67,77
111,79,87,92,67,85
111,79,95,92,67,93
111,79,103,92,67,101
111,79,111,92,66,111
111,79,119,92,66,122
111,79,127,92,66,134
111,79,135,92,66,147
111,79,143,92,67,162
111,79,151,92,68,180
111,79,159,92,70,198
111,79,167,92,72,216
111,79,175,92,73,231
111,79,183,92,75,239
111,79,191,92,77,244
111,79,199,92,78,245
111,79,207,92,79,246
111,79,215,92,79,248
111,79,223,91,79,250
111,79,231,90,79,251
111,79,239,90,79,253
111,79,247,89,78,253
111,79,255,87,77,254
111,87,0,92,76,22
111,87,7,92,76,26
111,87,15,93,76,30
111,87,23,93,75,36
111,87,31,93,75,41
111,87,39,93,75,46
111,87,47,93,75,51
111,87,55,93,76,57
111,87,63,93,76,63
111,87,71,93,76,69
111,87,79,93,76,75
111,87,87,93,75,82
111,87,95,93,75,90
111,87,103,94,75,98
111,87,111,94,75,106
111,87,119,94,75,116
111,87,127,94,74,127
111,87,135,93,74,139
111,87,143,93,74,154
111,87,151,93,75,170
111,87,159,93,76,189
111,87,167,93,77,207
111,87,175,93,78,225
111,87,183,93,79,236
111,87,191,94,81,242
111,87,199,94,81,246
111,87,207,93,82,247
111,87,215,93,82,248
111,87,223,93,82,250
111,87,231,92,82,252
111,87,239,91,81,253
111,87,247,90,81,254
111,87,255,89,80,254
111,95,0,93,85,22
111,95,7,93,85,26
111,95,15,93,85,30
111,95,23,94,85,35
111,95,31,94,85,41
111,95,39,94,85,46
111,95,47,94,85,51
111,95,55,94,85,56
111,95,63,94,85,62
111,95,71,94,85,68
111,95,79,94,84,74
111,95,87,95,84,80
111,95,95,95,84,87
111,95,103,95,84,95
111,95,111,95,84,103
111,95,119,95,83,111
111,95,127,95,83,121
111,95,135,95,82,133
111,95,143,95,82,146
111,95,151,95,82,162
111,95,159,95,83,179
111,95,167,95,83,198
111,95,175,95,84,216
111,95,183,95,84,231
111,95,191,95,85,239
111,95,199,95,86,245
111,95,207,95,86,247
111,95,215,95,86,249
111,95,223,94,86,250
111,95,231,93,85,252
111,95,239,93,85,253
111,95,247,92,83,253
111,95,255,91,82,254
111,103,0,93,94,23
111,103,7,94,94,27
111,103,15,94,94,32
111,103,23,95,94,36
111,103,31,95,94,41
111,103,39,96,94,46
111,103,47,96,94,51
111,103,55,96,94,56
111,103,63,96,94,61
111,103,71,96,94,67
111,103,79,96,93,73
111,103,87,96,93,79
111,103,95,96,93,86
111,103,103,97,93,92
111,103,111,97,92,99
111,103,119,97,92,108
111,103,127,97,91,116
111,103,135,97,91,126
111,103,143,97,90,139
111,103,151,97,90,153
111,103,159,96,90,170
111,103,167,96,90,189
111,103,175,96,90,208
111,103,183,96,90,223
111,103,191,96,90,236
111,103,199,96,90,243
111,103,207,96,90,248
111,103,215,96,90,250
111,103,223,95,90,251
111,103,231,95,89,252
111,103,239,94,89,253
111,103,247,93,88,254
111,103,255,92,86,254
111,111,0,93,103,23
111,111,7,94,103,27
111,111,15,95,103,32
111,111,23,96,103,37
111,111,31,96,103,42
111,111,39,97,103,47
111,111,47,97,103,51
111,111,55,97,103,56
111,111,63,97,103,61
111,111,71,97,102,67
111,111,79,97,102,72
111,111,87,98,102,78
111,111,95,98,101,84
111,111,103,98,101,91
111,111,111,99,101,97
111,111,119,99,100,105
111,111,127,99,100,113
111,111,135,99,99,122
111,111,143,99,99,133
111,111,151,98,98,145
111,111,159,98,97,162
111,111,167,98,97,179
111,111,175,98,96,198
111,111,183,97,96,216
111,111,191,97,95,229
111,111,199,97,95,240
111,111,207,97,95,246
111,111,215,97,94,250
111,111,223,97,94,251
111,111,231,96,93,252
111,111,239,95,92,253
111,111,247,95,92,254
111,111,255,94,91,254
111,119,0,94,112,24
111,119,7,95,112,27
111,119,15,95,112,31
111,119,23,96,112,37
111,119,31,97,112,42
111,119,39,97,112,47
111,119,47,98,112,52
111,119,55,98,112,56
111,119,63,98,112,61
111,119,71,98,111,66
111,119,79,99,111,72
111,119,87,99,111,78
111,119,95,99,110,83
111,119,103,100,110,90
111,119,111,100,109,96
111,119,119,100,109,103
111,119,127,100,108,110
111,119,135,101,107,118
111,119,143,100,107,128
111,119,151,100,106,140
111,119,159,100,105,153
111,119,167,100,104,171
111,119,175,99,103,188
111,119,183,99,102,206
111,119,191,99,102,222
111,119,199,99,101,234
111,119,207,99,100,244
111,119,215,98,99,248
111,119,223,98,98,251
111,119,231,97,97,253
111,119,239,97,97,253
111,119,247,96,95,254
111,119,255,95,95,254
111,127,0,95,122,24
111,127,7,95,122,27
111,127,15,96,122,31
111,127,23,96,122,36
111,127,31,97,121,43
111,127,39,98,121,47
111,127,47,98,121,52
111,127,55,99,121,56
111,127,63,99,121,61
111,127,71,100,121,66
111,127,79,100,121,71
111,127,87,100,120,77
111,127,95,101,120,83
111,127,103,101,119,89
111,127,111,102,119,95
111,127,119,102,118,101
111,127,127,102,117,108
111,127,135,102,116,116
111,127,143,102,115,124
111,127,151,102,115,134
111,127,159,102,114,147
111,127,167,102,113,162
111,127,175,101,112,180
111,127,183,101,110,198
111,127,191,100,109,215
111,127,199,100,107,229
111,127,207,100,106,240
111,127,215,100,105,247
111,127,223,99,103,250
111,127,231,99,102,253
111,127,239,98,101,254
111,127,247,98,100,254
111,127,255,97,99,254
111,135,0,95,132,26
111,135,7,95,132,30
111,135,15,96,132,33
111,135,23,96,132,37
111,135,31,97,132,42
111,135,39,98,131,48
111,135,47,99,131,52
111,135,55,99,131,56
111,135,63,100,131,61
111,135,71,101,131,66
111,135,79,101,131,71
111,135,87,102,130,77
111,135,95,102,130,82
111,135,103,103,129,88
111,135,111,103,128,94
111,135,119,103,128,100
111,135,127,103,126,106
111,135,135,104,126,113
111,135,143,103,125,121
111,135,151,103,124,131
111,135,159,104,123,141
111,135,167,103,122,155
111,135,175,103,120,171
111,135,183,102,119,189
111,135,191,102,117,206
111,135,199,102,115,223
111,135,207,101,113,235
111,135,215,101,111,244
111,135,223,100,109,249
111,135,231,100,108,252
111,135,239,100,106,253
111,135,247,99,105,254
111,135,255,98,103,254
111,143,0,94,144,26
111,143,7,95,143,30
111,143,15,96,143,34
111,143,23,96,143,39
111,143,31,97,143,43
111,143,39,98,142,47
111,143,47,99,142,53
111,143,55,100,142,57
111,143,63,101,142,61
111,143,71,101,142,66
111,143,79,102,142,71
111,143,87,103,141,76
111,143,95,103,141,82
111,143,103,104,140,87
111,143,111,104,139,93
111,143,119,105,138,99
111,143,127,105,137,105
111,143,135,105,136,111
111,143,143,105,135,118
111,143,151,105,134,127
111,143,159,105,133,137
111,143,167,105,132,149
111,143,175,104,130,164
111,143,183,104,128,180
111,143,191,104,126,198
111,143,199,103,123,215
111,143,207,103,121,231
111,143,215,102,118,240
111,143,223,102,116,247
111,143,231,101,114,251
111,143,239,101,112,253
111,143,247,100,110,254
111,143,255,100,108,254
111,151,0,94,156,27
111,151,7,94,156,30
111,151,15,95,155,34
111,151,23,96,155,39
111,151,31,97,155,44
111,151,39,98,155,48
111,151,47,99,155,52
111,151,55,100,155,57
111,151,63,101,155,61
111,151,71,102,154,66
111,151,79,102,154,70
111,151,87,103,153,76
111,151,95,104,153,81
111,151,103,105,152,87
111,151,111,105,151,92
111,151,119,105,150,97
111,151,127,106,149,103
111,151,135,106,147,110
111,151,143,106,146,117
111,151,151,106,145,124
111,151,159,106,144,133
111,151,167,106,143,144
111,151,175,106,141,157
111,151,183,105,140,172
111,151,191,105,137,189
111,151,199,105,134,207
111,151,207,104,130,222
111,151,215,103,127,236
111,151,223,103,124,243
111,151,231,103,121,249
111,151,239,102,119,252
111,151,247,102,116,254
111,151,255,102,113,255
111,159,0,93,169,28
111,159,7,94,169,30
111,159,15,94,168,33
111,159,23,95,168,38
111,159,31,96,168,43
111,159,39,98,167,48
111,159,47,99,167,52
111,159,55,100,168,57
111,159,63,101,168,61
111,159,71,102,167,65
111,159,79,103,167,70
111,159,87,103,166,75
111,159,95,104,166,80
111,159,103,105,165,86
111,159,111,105,164,91
111,159,119,106,163,97
111,159,127,106,162,102
111,159,135,107,161,108
111,159,143,107,159,115
111,159,151,107,158,122
111,159,159,107,157,130
111,159,167,107,155,140
111,159,175,107,154,152
111,159,183,107,152,166
111,159,191,106,149,181
111,159,199,106,146,198
111,159,207,105,142,215
111,159,215,105,138,228
111,159,223,104,134,240
111,159,231,104,130,246
111,159,239,103,127,252
111,159,247,103,123,254
111,159,255,103,120,255
111,167,0,91,182,27
111,167,7,92,182,30
111,167,15,93,181,32
111,167,23,94,181,36
111,167,31,95,181,41
111,167,39,97,181,48
111,167,47,98,181,53
111,167,55,99,181,56
111,167,63,100,181,61
111,167,71,101,181,65
111,167,79,103,181,70
111,167,87,104,180,75
111,167,95,105,180,80
111,167,103,105,179,85
111,167,111,106,178,91
111,167,119,106,177,96
111,167,127,106,175,101
111,167,135,107,174,107
111,167,143,107,173,113
111,167,151,108,172,120
111,167,159,108,171,127
111,167,167,108,169,136
111,167,175,108,167,146
111,167,183,108,165,159
111,167,191,107,162,173
111,167,199,107,159,189
111,167,207,106,155,205
111,167,215,106,150,221
111,167,223,105,145,233
111,167,231,105,140,244
111,167,239,105,136,250
111,167,247,104,132,254
111,167,255,103,128,255
111,175,0,91,195,30
111,175,7,91,195,33
111,175,15,92,195,36
111,175,23,93,195,39
111,175,31,94,195,43
111,175,39,96,195,47
111,175,47,97,196,52
111,175,55,99,196,57
111,175,63,100,196,61
111,175,71,101,195,65
111,175,79,102,195,70
111,175,87,103,194,75
111,175,95,104,194,80
111,175,103,105,193,85
111,175,111,106,192,90
111,175,119,106,191,95
111,175,127,107,190,100
111,175,135,107,189,106
111,175,143,107,188,112
111,175,151,108,186,118
111,175,159,108,185,125
111,175,167,109,184,133
111,175,175,109,182,142
111,175,183,108,180,153
111,175,191,108,177,166
111,175,199,108,174,181
111,175,207,108,170,196
111,175,215,107,164,211
111,175,223,107,159,226
111,175,231,106,152,238
111,175,239,106,147,247
111,175,247,105,142,252
111,175,255,105,137,255
111,183,0,90,208,31
111,183,7,90,208,33
111,183,15,91,208,36
111,183,23,93,208,40
111,183,31,94,208,44
111,183,39,95,209,47
111,183,47,96,209,52
111,183,55,98,209,56
111,183,63,99,209,61
111,183,71,101,209,65
111,183,79,102,209,70
111,183,87,103,208,74
111,183,95,104,207,79
111,183,103,104,206,84
111,183,111,105,205,89
111,183,119,106,204,94
111,183,127,106,203,99
111,183,135,107,203,105
111,183,143,107,202,110
111,183,151,108,201,116
111,183,159,108,199,123
111,183,167,108,198,130
111,183,175,109,196,138
111,183,183,109,194,148
111,183,191,109,192,159
111,183,199,109,189,172
111,183,207,108,185,187
111,183,215,108,180,203
111,183,223,108,174,218
111,183,231,107,167,231
111,183,239,107,160,242
111,183,247,107,154,250
111,183,255,106,148,254
111,191,0,89,220,32
111,191,7,90,220,34
111,191,15,90,220,36
111,191,23,92,220,39
111,191,31,93,220,44
111,191,39,95,221,48
111,191,47,96,221,52
111,191,55,97,221,56
111,191,63,99,221,60
111,191,71,100,221,64
111,191,79,101,220,69
111,191,87,102,220,73
111,191,95,103,219,78
111,191,103,104,219,83
111,191,111,105,218,88
111,191,119,105,217,93
111,191,127,106,216,98
111,191,135,106,215,103
111,191,143,107,214,108
111,191,151,107,213,114
111,191,159,108,212,120
111,191,167,108,211,128
111,191,175,109,210,134
111,191,183,109,208,142
111,191,191,109,206,152
111,191,199,109,203,165
111,191,207,109,201,178
111,191,215,109,195,193
111,191,223,108,190,208
111,191,231,108,183,223
111,191,239,108,176,237
111,191,247,108,168,248
111,191,255,107,162,253
111,199,0,88,230,33
111,199,7,89,230,35
111,199,15,89,230,37
111,199,23,90,230,39
111,199,31,92,231,43
111,199,39,94,231,47
111,199,47,95,232,52
111,199,55,96,232,56
111,199,63,98,232,60
111,199,71,99,232,64
111,199,79,100,231,68
111,199,87,101,231,73
111,199,95,102,230,77
111,199,103,103,230,82
111,199,111,103,229,86
111,199,119,104,228,91
111,199,127,105,228,96
111,199,135,106,227,101
111,199,143,106,227,106
111,199,151,107,226,112
111,199,159,107,224,118
111,199,167,107,223,124
111,199,175,108,222,131
111,199,183,109,221,138
111,199,191,109,220,147
111,199,199,109,218,156
111,199,207,109,215,169
111,199,215,109,211,184
111,199,223,109,206,200
111,199,231,109,200,215
111,199,239,109,193,230
111,199,247,109,185,243
111,199,255,109,178,252
111,207,0,87,237,34
111,207,7,88,238,36
111,207,15,88,238,38
111,207,23,89,238,40
111,207,31,90,239,43
111,207,39,92,239,46
111,207,47,94,240,51
111,207,55,95,240,55
111,207,63,96,240,59
111,207,71,98,240,63
111,207,79,99,240,67
111,207,87,100,240,71
111,207,95,101,240,76
111,207,103,102,240,80
111,207,111,103,239,85
111,207,119,103,239,89
111,207,127,104,238,94
111,207,135,104,237,98
111,207,143,105,237,104
111,207,151,105,236,109
111,207,159,106,236,115
111,207,167,107,235,121
111,207,175,107,234,127
111,207,183,108,233,134
111,207,191,108,232,142
111,207,199,108,231,151
111,207,207,109,230,162
111,207,215,109,226,176
111,207,223,109,222,191
111,207,231,109,217,206
111,207,239,110,211,224
111,207,247,110,204,240
111,207,255,110,196,249
111,215,0,86,244,35
111,215,7,87,244,36
111,215,15,88,244,39
111,215,23,89,245,42
111,215,31,90,245,44
111,215,39,91,245,47
111,215,47,93,246,50
111,215,55,94,246,54
111,215,63,95,247,58
111,215,71,97,247,62
111,215,79,98,247,66
111,215,87,99,247,70
111,215,95,99,247,74
111,215,103,100,247,78
111,215,111,101,247,83
111,215,119,102,247,87
111,215,127,103,247,92
111,215,135,103,246,96
111,215,143,104,245,101
111,215,151,104,245,106
111,215,159,105,244,111
111,215,167,105,244,117
111,215,175,106,244,124
111,215,183,107,243,131
111,215,191,107,242,138
111,215,199,107,241,146
111,215,207,108,240,156
111,215,215,108,238,168
111,215,223,109,235,183
111,215,231,109,231,199
111,215,239,109,227,216
111,215,247,110,221,233
111,215,255,111,215,250
111,223,0,85,249,35
111,223,7,86,249,36
111,223,15,87,249,38
111,223,23,88,249,41
111,223,31,89,250,44
111,223,39,90,250,47
111,223,47,92,250,50
111,223,55,93,251,54
111,223,63,94,251,57
111,223,71,96,251,61
111,223,79,96,251,64
111,223,87,98,251,68
111,223,95,98,251,72
111,223,103,99,251,76
111,223,111,100,251,80
111,223,119,100,251,85
111,223,127,101,251,89
111,223,135,102,251,93
111,223,143,103,251,98
111,223,151,103,251,103
111,223,159,104,250,108
111,223,167,104,250,113
111,223,175,105,250,119
111,223,183,105,250,126
111,223,191,106,249,133
111,223,199,107,249,142
111,223,207,107,248,151
111,223,215,107,246,163
111,223,223,108,244,175
111,223,231,108,242,191
111,223,239,109,239,208
111,223,247,109,235,227
111,223,255,110,230,242
111,231,0,84,252,35
111,231,7,85,252,37
111,231,15,85,252,38
111,231,23,86,252,40
111,231,31,87,252,43
111,231,39,89,253,46
111,231,47,90,253,50
111,231,55,91,253,53
111,231,63,93,253,56
111,231,71,94,253,60
111,231,79,95,253,63
111,231,87,96,253,67
111,231,95,97,253,71
111,231,103,98,253,75
111,231,111,99,253,78
111,231,119,99,253,82
111,231,127,100,253,86
111,231,135,101,253,91
111,231,143,101,253,95
111,231,151,102,253,100
111,231,159,102,253,105
111,231,167,103,253,110
111,231,175,104,253,116
111,231,183,104,253,122
111,231,191,105,253,129
111,231,199,105,253,137
111,231,207,105,253,146
111,231,215,106,252,157
111,231,223,107,251,170
111,231,231,107,249,184
111,231,239,108,248,200
111,231,247,108,245,219
111,231,255,110,243,238
111,239,0,84,254,37
111,239,7,84,254,38
111,239,15,85,254,39
111,239,23,85,254,40
111,239,31,86,254,43
111,239,39,87,254,45
111,239,47,89,255,49
111,239,55,90,255,52
111,239,63,91,255,55
111,239,71,92,255,58
111,239,79,94,255,62
111,239,87,95,255,65
111,239,95,95,255,69
111,239,103,96,254,73
111,239,111,97,254,76
111,239,119,98,254,80
111,239,127,99,254,84
111,239,135,99,254,88
111,239,143,100,254,92
111,239,151,100,254,97
111,239,159,101,255,102
111,239,167,101,255,107
111,239,175,102,255,112
111,239,183,103,255,118
111,239,191,103,255,126
111,239,199,104,255,133
111,239,207,104,255,142
111,239,215,104,254,152
111,239,223,105,254,164
111,239,231,106,254,177
111,239,239,106,253,193
111,239,247,107,252,211
111,239,255,108,250,229
111,247,0,83,255,37
111,247,7,83,255,38
111,247,15,84,255,40
111,247,23,85,255,41
111,247,31,85,255,43
111,247,39,86,255,45
111,247,47,88,255,48
111,247,55,89,255,51
111,247,63,90,255,55
111,247,71,91,255,58
111,247,79,92,255,61
111,247,87,93,255,65
111,247,95,94,255,68
111,247,103,95,255,71
111,247,111,96,255,75
111,247,119,96,255,78
111,247,127,97,254,82
111,247,135,98,254,86
111,247,143,98,254,90
111,247,151,99,255,94
111,247,159,100,255,99
111,247,167,100,255,104
111,247,175,101,255,109
111,247,183,101,255,115
111,247,191,101,255,122
111,247,199,102,255,130
111,247,207,102,255,138
111,247,215,103,255,148
111,247,223,103,255,160
111,247,231,104,255,173
111,247,239,105,255,188
111,247,247,106,255,204
111,247,255,107,255,220
111,255,0,81,255,36
111,255,7,82,255,37
111,255,15,82,255,38
111,255,23,83,255,40
111,255,31,84,255,43
111,255,39,85,255,45
111,255,47,86,255,47
111,255,55,87,255,50
111,255,63,88,255,53
111,255,71,90,255,56
111,255,79,91,255,59
111,255,87,92,255,63
111,255,95,93,255,67
111,255,103,94,255,70
111,255,111,95,255,74
111,255,119,96,255,77
111,255,127,96,255,80
111,255,135,97,255,84
111,255,143,98,255,88
111,255,151,98,255,92
111,255,159,99,255,97
111,255,167,99,255,103
111,255,175,100,255,108
111,255,183,100,255,114
111,255,191,100,255,120
111,255,199,101,255,127
111,255,207,101,255,135
111,255,215,101,255,145
111,255,223,102,255,156
111,255,231,103,255,169
111,255,239,103,255,183
111,255,247,104,255,198
111,255,255,105,255,212
119,0,0,98,0,20
119,0,7,98,0,27
119,0,15,99,1,36
119,0,23,99,1,44
119,0,31,99,1,52
119,0,39,99,2,60
119,0,47,98,2,68
119,0,55,98,3,77
119,0,63,97,4,86
119,0,71,97,5,96
119,0,79,96,6,108
119,0,87,95,6,122
119,0,95,94,7,139
119,0,103,93,8,158
119,0,111,91,9,177
119,0,119,90,11,196
119,0,127,88,13,213
119,0,135,86,17,223
119,0,143,85,20,229
119,0,151,83,23,232
119,0,159,82,26,234
119,0,167,80,28,236
119,0,175,79,30,237
119,0,183,78,33,239
119,0,191,77,35,240
119,0,199,76,35,242
119,0,207,75,36,244
119,0,215,74,36,246
119,0,223,73,37,248
119,0,231,72,38,250
119,0,239,71,39,252
119,0,247,71,41,253
119,0,255,69,41,254
119,7,0,97,2,20
119,7,7,98,2,27
119,7,15,98,2,36
119,7,23,98,2,44
119,7,31,98,3,51
119,7,39,98,3,59
119,7,47,98,4,67
119,7,55,97,4,76
119,7,63,97,6,85
119,7,71,97,7,95
119,7,79,96,8,106
119,7,87,95,9,119
119,7,95,94,9,136
119,7,103,93,10,153
119,7,111,92,12,173
119,7,119,90,14,191
119,7,127,89,16,209
119,7,135,87,20,219
119,7,143,86,24,226
119,7,151,84,27,230
119,7,159,83,30,233
119,7,167,82,32,235
119,7,175,80,34,237
119,7,183,79,36,238
119,7,191,78,39,240
119,7,199,78,40,242
119,7,207,77,40,244
119,7,215,75,40,246
119,7,223,74,40,248
119,7,231,74,41,250
119,7,239,73,42,252
119,7,247,72,44,253
119,7,255,71,45,254
119,15,0,96,5,20
119,15,7,97,5,27
119,15,15,98,5,36
119,15,23,98,6,43
119,15,31,98,6,51
119,15,39,98,6,59
119,15,47,97,7,66
119,15,55,97,7,74
119,15,63,97,8,83
119,15,71,96,9,93
119,15,79,96,10,103
119,15,87,95,12,116
119,15,95,94,12,131
119,15,103,93,13,148
119,15,111,92,15,167
119,15,119,91,17,185
119,15,127,90,19,203
119,15,135,88,23,214
119,15,143,87,28,223
119,15,151,85,32,227
119,15,159,84,35,231
119,15,167,83,37,234
119,15,175,82,38,236
119,15,183,81,40,238
119,15,191,80,43,240
119,15,199,79,45,242
119,15,207,79,46,244
119,15,215,77,45,246
119,15,223,76,45,248
119,15,231,75,45,250
119,15,239,74,46,252
119,15,247,73,48,253
119,15,255,72,49,254
119,23,0,96,9,21
119,23,7,96,9,27
119,23,15,97,10,35
119,23,23,97,10,42
119,23,31,97,10,50
119,23,39,97,11,57
119,23,47,97,11,65
119,23,55,97,12,73
119,23,63,96,13,81
119,23,71,96,14,91
119,23,79,96,15,101
119,23,87,95,16,112
119,23,95,95,17,125
119,23,103,94,18,141
119,23,111,93,19,160
119,23,119,92,21,178
119,23,127,90,24,194
119,23,135,89,27,207
119,23,143,88,32,216
119,23,151,87,37,223
119,23,159,86,41,228
119,23,167,85,43,233
119,23,175,84,44,236
119,23,183,83,46,238
119,23,191,82,48,240
119,23,199,81,50,242
119,23,207,81,52,244
119,23,215,80,52,246
119,23,223,78,51,248
119,23,231,77,50,250
119,23,239,76,50,252
119,23,247,75,51,253
119,23,255,74,53,254
119,31,0,95,15,21
119,31,7,95,15,27
119,31,15,96,16,34
119,31,23,96,16,41
119,31,31,96,16,49
119,31,39,96,17,56
119,31,47,96,17,63
119,31,55,96,18,71
119,31,63,96,18,79
119,31,71,96,19,88
119,31,79,96,20,98
119,31,87,96,21,108
119,31,95,95,22,121
119,31,103,94,23,135
119,31,111,94,25,151
119,31,119,93,26,168
119,31,127,92,29,184
119,31,135,90,32,198
119,31,143,89,36,209
119,31,151,88,41,219
119,31,159,87,45,226
119,31,167,86,48,232
119,31,175,86,51,236
119,31,183,85,53,239
119,31,191,84,54,241
119,31,199,83,55,242
119,31,207,83,56,244
119,31,215,82,58,246
119,31,223,81,58,248
119,31,231,80,57,250
119,31,239,79,56,251
119,31,247,77,56,253
119,31,255,76,58,254
119,39,0,95,22,21
119,39,7,95,22,27
119,39,15,96,22,33
119,39,23,96,23,40
119,39,31,96,23,47
119,39,39,96,23,54
119,39,47,96,24,61
119,39,55,96,25,68
119,39,63,96,25,76
119,39,71,96,26,85
119,39,79,96,27,94
119,39,87,96,28,104
119,39,95,96,28,116
119,39,103,95,29,129
119,39,111,94,30,144
119,39,119,94,32,160
119,39,127,93,34,175
119,39,135,92,37,189
119,39,143,91,41,202
119,39,151,90,45,214
119,39,159,89,49,223
119,39,167,88,52,232
119,39,175,88,55,236
119,39,183,87,58,239
119,39,191,87,60,241
119,39,199,86,61,243
119,39,207,85,62,245
119,39,215,84,62,247
119,39,223,84,63,248
119,39,231,83,63,250
119,39,239,82,63,251
119,39,247,80,62,253
119,39,255,79,63,254
119,47,0,95,30,21
119,47,7,95,30,27
119,47,15,95,30,33
119,47,23,96,31,39
119,47,31,96,31,46
119,47,39,96,31,52
119,47,47,96,32,59
119,47,55,96,32,66
119,47,63,96,33,74
119,47,71,96,33,82
119,47,79,97,34,91
119,47,87,96,35,100
119,47,95,96,35,111
119,47,103,96,36,123
119,47,111,95,37,136
119,47,119,94,38,151
119,47,127,94,39,166
119,47,135,93,42,181
119,47,143,92,45,195
119,47,151,91,49,208
119,47,159,91,53,220
119,47,167,90,56,230
119,47,175,89,59,237
119,47,183,89,61,240
119,47,191,88,64,242
119,47,199,88,66,244
119,47,207,88,67,245
119,47,215,87,67,247
119,47,223,86,67,249
119,47,231,85,67,250
119,47,239,84,68,251
119,47,247,83,68,253
119,47,255,82,67,254
119,55,0,95,39,22
119,55,7,95,39,27
119,55,15,96,39,32
119,55,23,96,39,38
119,55,31,96,39,45
119,55,39,96,39,51
119,55,47,96,40,57
119,55,55,96,40,64
119,55,63,96,41,71
119,55,71,96,41,79
119,55,79,97,42,87
119,55,87,97,42,96
119,55,95,97,42,106
119,55,103,96,43,117
119,55,111,96,43,130
119,55,119,95,44,143
119,55,127,95,45,158
119,55,135,94,47,173
119,55,143,93,50,188
119,55,151,93,53,203
119,55,159,92,56,218
119,55,167,92,59,228
119,55,175,91,62,237
119,55,183,91,65,241
119,55,191,90,67,243
119,55,199,90,68,244
119,55,207,89,70,246
119,55,215,89,71,247
119,55,223,88,71,249
119,55,231,87,71,250
119,55,239,86,71,252
119,55,247,85,71,253
119,55,255,84,71,254
119,63,0,95,48,22
119,63,7,96,47,27
119,63,15,96,47,32
119,63,23,96,47,38
119,63,31,96,47,44
119,63,39,96,48,49
119,63,47,96,48,56
119,63,55,96,48,62
119,63,63,97,48,69
119,63,71,97,49,76
119,63,79,97,49,84
119,63,87,97,50,92
119,63,95,97,50,102
119,63,103,97,50,112
119,63,111,96,50,123
119,63,119,96,51,136
119,63,127,96,51,150
119,63,135,95,53,164
119,63,143,95,55,181
119,63,151,94,57,197
119,63,159,94,60,213
119,63,167,93,63,226
119,63,175,93,65,235
119,63,183,92,68,241
119,63,191,92,70,243
119,63,199,92,72,245
119,63,207,92,73,246
119,63,215,91,73,248
119,63,223,90,74,249
119,63,231,89,74,251
119,63,239,88,74,252
119,63,247,87,74,253
119,63,255,86,74,254
119,71,0,96,56,22
119,71,7,96,56,27
119,71,15,97,56,32
119,71,23,97,56,37
119,71,31,97,56,43
119,71,39,97,56,49
119,71,47,97,56,54
119,71,55,97,56,60
119,71,63,97,57,67
119,71,71,97,57,73
119,71,79,97,57,81
119,71,87,97,57,88
119,71,95,97,57,97
119,71,103,97,58,107
119,71,111,97,57,118
119,71,119,97,58,130
119,71,127,97,58,142
119,71,135,96,59,156
119,71,143,96,60,172
119,71,151,95,62,190
119,71,159,95,64,207
119,71,167,95,67,223
119,71,175,94,69,234
119,71,183,94,71,241
119,71,191,94,73,244
119,71,199,94,75,245
119,71,207,93,76,246
119,71,215,93,76,248
119,71,223,92,76,250
119,71,231,91,76,251
119,71,239,90,76,252
119,71,247,89,76,253
119,71,255,88,76,254
119,79,0,96,65,21
119,79,7,97,65,26
119,79,15,97,65,31
119,79,23,98,65,38
119,79,31,98,65,43
119,79,39,98,65,48
119,79,47,98,65,53
119,79,55,98,65,59
119,79,63,97,65,65
119,79,71,97,65,71
119,79,79,98,66,78
119,79,87,98,66,86
119,79,95,98,66,94
119,79,103,98,66,102
119,79,111,98,65,112
119,79,119,98,65,122
119,79,127,98,65,135
119,79,135,97,66,148
119,79,143,97,67,163
119,79,151,97,68,181
119,79,159,96,70,199
119,79,167,96,71,217
119,79,175,96,73,232
119,79,183,96,75,239
119,79,191,95,77,244
119,79,199,95,78,245
119,79,207,95,79,246
119,79,215,94,79,248
119,79,223,94,79,250
119,79,231,93,79,251
119,79,239,92,79,252
119,79,247,91,79,253
119,79,255,89,78,254
119,87,0,98,74,23
119,87,7,98,74,27
119,87,15,98,74,31
119,87,23,98,74,37
119,87,31,99,74,42
119,87,39,99,74,47
119,87,47,99,74,53
119,87,55,99,74,58
119,87,63,98,74,64
119,87,71,98,74,70
119,87,79,98,74,76
119,87,87,99,74,83
119,87,95,99,74,91
119,87,103,99,74,98
119,87,111,99,74,107
119,87,119,99,74,117
119,87,127,99,73,128
119,87,135,99,73,140
119,87,143,98,74,155
119,87,151,98,74,171
119,87,159,98,75,190
119,87,167,98,77,208
119,87,175,97,78,225
119,87,183,97,79,237
119,87,191,97,80,242
119,87,199,97,81,246
119,87,207,96,82,247
119,87,215,96,82,248
119,87,223,95,82,250
119,87,231,94,82,252
119,87,239,93,81,253
119,87,247,92,81,253
119,87,255,91,80,254
119,95,0,98,83,23
119,95,7,99,83,28
119,95,15,99,83,32
119,95,23,99,83,37
119,95,31,100,83,43
119,95,39,100,83,47
119,95,47,100,83,52
119,95,55,100,83,57
119,95,63,100,83,63
119,95,71,99,83,69
119,95,79,100,83,75
119,95,87,100,83,81
119,95,95,100,83,88
119,95,103,100,82,96
119,95,111,100,82,103
119,95,119,100,82,112
119,95,127,100,82,122
119,95,135,100,81,134
119,95,143,100,81,146
119,95,151,100,81,163
119,95,159,99,82,180
119,95,167,99,82,199
119,95,175,99,83,216
119,95,183,98,84,231
119,95,191,98,85,240
119,95,199,98,85,245
119,95,207,98,86,248
119,95,215,97,86,249
119,95,223,97,86,250
119,95,231,96,85,252
119,95,239,95,85,253
119,95,247,94,84,254
119,95,255,93,82,254
119,103,0,99,92,24
119,103,7,99,92,28
119,103,15,100,92,33
119,103,23,100,92,37
119,103,31,101,92,42
119,103,39,101,92,48
119,103,47,101,92,52
119,103,55,101,92,57
119,103,63,101,92,62
119,103,71,101,92,68
119,103,79,101,92,74
119,103,87,101,91,80
119,103,95,101,91,86
119,103,103,101,91,93
119,103,111,102,91,100
119,103,119,102,90,108
119,103,127,102,90,117
119,103,135,102,90,127
119,103,143,102,89,140
119,103,151,101,89,154
119,103,159,101,89,171
119,103,167,101,89,189
119,103,175,100,89,208
119,103,183,100,89,223
119,103,191,100,90,236
119,103,199,99,90,243
119,103,207,99,90,248
119,103,215,99,90,250
119,103,223,98,90,251
119,103,231,97,89,252
119,103,239,97,89,253
119,103,247,96,88,254
119,103,255,94,86,254
119,111,0,99,100,24
119,111,7,99,100,28
119,111,15,100,100,33
119,111,23,101,100,39
119,111,31,102,100,43
119,111,39,102,101,48
119,111,47,102,101,53
119,111,55,102,101,57
119,111,63,102,101,62
119,111,71,102,100,67
119,111,79,102,100,73
119,111,87,102,100,79
119,111,95,103,100,85
119,111,103,103,99,92
119,111,111,103,99,98
119,111,119,103,98,105
119,111,127,103,98,114
119,111,135,103,98,123
119,111,143,103,97,133
119,111,151,103,97,146
119,111,159,103,96,162
119,111,167,102,96,179
119,111,175,102,95,198
119,111,183,101,95,217
119,111,191,101,95,230
119,111,199,101,95,241
119,111,207,101,94,246
119,111,215,100,94,250
119,111,223,99,94,251
119,111,231,99,93,252
119,111,239,98,93,253
119,111,247,97,92,254
119,111,255,96,91,254
119,119,0,99,109,24
119,119,7,100,109,28
119,119,15,100,109,32
119,119,23,101,109,38
119,119,31,102,109,44
119,119,39,102,109,48
119,119,47,103,109,53
119,119,55,103,109,57
119,119,63,103,109,62
119,119,71,103,109,67
119,119,79,104,109,73
119,119,87,104,108,78
119,119,95,104,108,84
119,119,103,105,108,90
119,119,111,105,107,97
119,119,119,105,107,103
119,119,127,105,106,111
119,119,135,105,106,119
119,119,143,105,105,128
119,119,151,105,104,140
119,119,159,105,104,154
119,119,167,104,103,171
119,119,175,104,102,189
119,119,183,103,102,206
119,119,191,103,101,222
119,119,199,102,100,234
119,119,207,102,100,245
119,119,215,101,99,248
119,119,223,101,98,251
119,119,231,100,97,253
119,119,239,100,97,253
119,119,247,98,96,254
119,119,255,97,95,254
119,127,0,100,119,25
119,127,7,100,119,29
119,127,15,101,119,32
119,127,23,102,119,37
119,127,31,102,119,43
119,127,39,103,119,48
119,127,47,103,119,53
119,127,55,104,119,57
119,127,63,104,118,62
119,127,71,105,118,67
119,127,79,105,118,72
119,127,87,105,118,78
119,127,95,106,117,84
119,127,103,106,117,89
119,127,111,106,116,95
119,127,119,106,115,102
119,127,127,106,115,108
119,127,135,106,114,116
119,127,143,107,113,124
119,127,151,106,113,135
119,127,159,106,112,148
119,127,167,106,111,162
119,127,175,105,110,180
119,127,183,105,109,198
119,127,191,104,108,215
119,127,199,104,107,229
119,127,207,103,105,240
119,127,215,103,104,247
119,127,223,102,103,251
119,127,231,102,102,253
119,127,239,101,101,254
119,127,247,100,100,254
119,127,255,99,99,254
119,135,0,100,129,26
119,135,7,101,128,31
119,135,15,101,128,35
119,135,23,102,128,39
119,135,31,102,128,43
119,135,39,103,128,49
119,135,47,104,128,53
119,135,55,104,128,57
119,135,63,105,128,62
119,135,71,105,128,67
119,135,79,106,128,72
119,135,87,106,127,77
119,135,95,107,127,83
119,135,103,107,126,89
119,135,111,108,125,94
119,135,119,108,125,100
119,135,127,108,124,107
119,135,135,108,123,114
119,135,143,108,122,122
119,135,151,108,121,131
119,135,159,108,121,142
119,135,167,108,120,156
119,135,175,107,119,171
119,135,183,107,117,189
119,135,191,106,116,207
119,135,199,105,114,223
119,135,207,105,112,236
119,135,215,104,110,244
119,135,223,104,109,249
119,135,231,103,108,252
119,135,239,102,106,254
119,135,247,102,105,254
119,135,255,101,104,254
119,143,0,100,139,27
119,143,7,100,139,31
119,143,15,101,139,35
119,143,23,102,139,40
119,143,31,102,139,44
119,143,39,103,139,48
119,143,47,104,139,53
119,143,55,105,139,57
119,143,63,105,139,62
119,143,71,106,139,67
119,143,79,107,138,72
119,143,87,107,138,77
119,143,95,108,137,83
119,143,103,108,136,88
119,143,111,109,136,94
119,143,119,109,135,99
119,143,127,109,134,105
119,143,135,109,133,112
119,143,143,109,132,119
119,143,151,109,131,128
119,143,159,109,130,138
119,143,167,109,129,149
119,143,175,109,128,164
119,143,183,108,127,181
119,143,191,108,124,199
119,143,199,107,122,216
119,143,207,106,119,231
119,143,215,106,117,240
119,143,223,105,116,247
119,143,231,104,114,251
119,143,239,104,112,253
119,143,247,103,110,254
119,143,255,103,108,254
119,151,0,99,151,28
119,151,7,100,151,31
119,151,15,100,151,34
119,151,23,101,151,39
119,151,31,102,150,45
119,151,39,103,150,49
119,151,47,104,150,53
119,151,55,105,150,58
119,151,63,106,150,62
119,151,71,107,150,67
119,151,79,107,150,72
119,151,87,108,150,77
119,151,95,109,149,82
119,151,103,109,148,88
119,151,111,110,147,93
119,151,119,110,146,99
119,151,127,110,145,104
119,151,135,110,144,111
119,151,143,110,143,117
119,151,151,111,142,125
119,151,159,111,141,134
119,151,167,110,140,145
119,151,175,110,139,157
119,151,183,110,137,173
119,151,191,109,135,190
119,151,199,109,132,208
119,151,207,108,129,223
119,151,215,107,126,236
119,151,223,106,123,244
119,151,231,106,121,250
119,151,239,105,118,253
119,151,247,105,116,254
119,151,255,104,113,255
119,159,0,98,164,28
119,159,7,99,164,31
119,159,15,99,163,34
119,159,23,100,163,38
119,159,31,101,163,44
119,159,39,103,163,50
119,159,47,103,163,53
119,159,55,105,163,58
119,159,63,106,163,62
119,159,71,106,163,66
119,159,79,107,163,71
119,159,87,108,162,76
119,159,95,109,161,82
119,159,103,110,161,87
119,159,111,110,160,92
119,159,119,111,159,98
119,159,127,111,158,103
119,159,135,111,156,109
119,159,143,111,155,116
119,159,151,112,154,123
119,159,159,112,153,131
119,159,167,112,152,141
119,159,175,111,151,153
119,159,183,111,149,166
119,159,191,111,147,182
119,159,199,110,144,199
119,159,207,109,140,216
119,159,215,109,136,229
119,159,223,108,133,241
119,159,231,107,129,247
119,159,239,107,126,252
119,159,247,106,123,254
119,159,255,106,119,255
119,167,0,97,176,29
119,167,7,97,176,31
119,167,15,98,176,34
119,167,23,99,176,38
119,167,31,100,176,43
119,167,39,102,176,48
119,167,47,103,176,54
119,167,55,104,176,58
119,167,63,105,177,62
119,167,71,106,177,67
119,167,79,107,176,71
119,167,87,108,176,76
119,167,95,109,175,81
119,167,103,110,174,87
119,167,111,110,173,92
119,167,119,111,172,97
119,167,127,112,171,103
119,167,135,112,170,109
119,167,143,112,169,115
119,167,151,112,168,121
119,167,159,112,167,129
119,167,167,113,165,137
119,167,175,113,164,147
119,167,183,112,162,160
119,167,191,112,160,174
119,167,199,112,157,190
119,167,207,111,153,206
119,167,215,110,149,222
119,167,223,109,144,234
119,167,231,109,139,245
119,167,239,108,135,250
119,167,247,108,132,254
119,167,255,107,128,255
119,175,0,96,190,31
119,175,7,96,190,34
119,175,15,97,190,37
119,175,23,98,190,40
119,175,31,99,190,44
119,175,39,101,190,48
119,175,47,102,191,53
119,175,55,104,191,58
119,175,63,105,191,62
119,175,71,106,191,66
119,175,79,107,190,71
119,175,87,108,190,76
119,175,95,109,189,81
119,175,103,110,189,87
119,175,111,111,188,92
119,175,119,111,187,97
119,175,127,111,186,102
119,175,135,112,185,108
119,175,143,112,183,113
119,175,151,113,182,120
119,175,159,113,181,127
119,175,167,113,180,134
119,175,175,113,178,143
119,175,183,113,176,154
119,175,191,113,174,167
119,175,199,113,171,182
119,175,207,112,168,198
119,175,215,112,162,213
119,175,223,111,157,228
119,175,231,110,151,239
119,175,239,109,146,248
119,175,247,109,141,253
119,175,255,108,137,255
119,183,0,94,203,32
119,183,7,95,203,34
119,183,15,96,203,37
119,183,23,97,204,40
119,183,31,99,204,45
119,183,39,100,204,49
119,183,47,101,204,53
119,183,55,103,205,58
119,183,63,104,205,62
119,183,71,105,205,66
119,183,79,107,204,71
119,183,87,108,204,76
119,183,95,109,203,81
119,183,103,109,202,86
119,183,111,110,201,91
119,183,119,111,200,96
119,183,127,112,200,101
119,183,135,112,199,107
119,183,143,112,198,112
119,183,151,112,196,118
119,183,159,113,195,125
119,183,167,113,194,132
119,183,175,114,193,140
119,183,183,114,191,150
119,183,191,114,189,161
119,183,199,114,186,174
119,183,207,113,182,189
119,183,215,113,178,205
119,183,223,112,172,219
119,183,231,112,166,232
119,183,239,111,159,244
119,183,247,110,153,251
119,183,255,109,147,254
119,191,0,93,215,32
119,191,7,94,215,34
119,191,15,95,216,37
119,191,23,96,216,40
119,191,31,97,216,44
119,191,39,99,217,49
119,191,47,100,217,53
119,191,55,102,217,57
119,191,63,103,217,62
119,191,71,105,217,66
119,191,79,106,217,71
119,191,87,107,217,75
119,191,95,108,216,80
119,191,103,109,215,85
119,191,111,110,214,90
119,191,119,110,213,95
119,191,127,111,212,100
119,191,135,111,211,105
119,191,143,112,210,110
119,191,151,112,209,116
119,191,159,113,208,123
119,191,167,113,207,129
119,191,175,113,206,137
119,191,183,114,205,145
119,191,191,114,203,155
119,191,199,114,201,167
119,191,207,114,198,180
119,191,215,114,193,195
119,191,223,113,188,211
119,191,231,113,181,225
119,191,239,112,174,238
119,191,247,112,167,248
119,191,255,111,160,254
119,199,0,92,226,33
119,199,7,93,226,35
119,199,15,94,227,37
119,199,23,95,227,40
119,199,31,96,227,44
119,199,39,98,228,48
119,199,47,100,229,53
119,199,55,101,229,57
119,199,63,102,229,61
119,199,71,104,229,65
119,199,79,105,228,70
119,199,87,106,228,74
119,199,95,107,227,79
119,199,103,108,227,84
119,199,111,109,226,89
119,199,119,110,226,94
119,199,127,110,225,98
119,199,135,111,224,103
119,199,143,111,223,108
119,199,151,112,222,114
119,199,159,112,221,120
119,199,167,113,220,127
119,199,175,113,220,134
119,199,183,114,219,141
119,199,191,114,217,149
119,199,199,114,215,159
119,199,207,114,213,172
119,199,215,114,210,187
119,199,223,114,204,202
119,199,231,114,198,217
119,199,239,113,191,232
119,199,247,113,184,244
119,199,255,113,176,252
119,207,0,91,235,34
119,207,7,92,235,36
119,207,15,93,236,38
119,207,23,94,236,41
119,207,31,95,237,44
119,207,39,96,237,47
119,207,47,98,238,52
119,207,55,100,239,57
119,207,63,101,239,60
119,207,71,103,239,65
119,207,79,104,239,69
119,207,87,105,238,73
119,207,95,106,238,78
119,207,103,107,237,82
119,207,111,108,237,87
119,207,119,108,236,91
119,207,127,109,236,96
119,207,135,110,236,101
119,207,143,110,235,107
119,207,151,111,235,112
119,207,159,111,234,118
119,207,167,112,233,124
119,207,175,112,232,130
119,207,183,113,231,137
119,207,191,113,231,145
119,207,199,114,230,154
119,207,207,114,228,165
119,207,215,114,224,179
119,207,223,114,220,193
119,207,231,114,216,210
119,207,239,114,209,226
119,207,247,114,202,241
119,207,255,114,194,250
119,215,0,90,242,35
119,215,7,91,242,37
119,215,15,92,243,39
119,215,23,93,243,42
119,215,31,94,243,45
119,215,39,95,244,48
119,215,47,97,244,51
119,215,55,98,245,55
119,215,63,100,246,60
119,215,71,101,246,63
119,215,79,102,246,68
119,215,87,104,246,72
119,215,95,105,246,76
119,215,103,106,247,81
119,215,111,106,246,85
119,215,119,107,246,90
119,215,127,108,245,94
119,215,135,108,244,99
119,215,143,109,244,104
119,215,151,110,244,109
119,215,159,110,243,115
119,215,167,111,243,121
119,215,175,111,242,127
119,215,183,112,242,133
119,215,191,112,241,141
119,215,199,113,240,149
119,215,207,113,239,159
119,215,215,114,238,171
119,215,223,114,234,186
119,215,231,114,230,201
119,215,239,114,226,218
119,215,247,115,220,236
119,215,255,115,213,251
119,223,0,89,248,35
119,223,7,89,248,37
119,223,15,90,248,39
119,223,23,91,248,41
119,223,31,93,249,45
119,223,39,94,249,48
119,223,47,96,249,51
119,223,55,97,249,55
119,223,63,98,250,58
119,223,71,100,250,62
119,223,79,101,250,66
119,223,87,102,250,70
119,223,95,103,250,74
119,223,103,104,250,78
119,223,111,105,250,83
119,223,119,106,251,87
119,223,127,107,251,92
119,223,135,107,251,96
119,223,143,108,250,101
119,223,151,108,250,106
119,223,159,109,250,111
119,223,167,109,249,117
119,223,175,110,249,123
119,223,183,111,249,129
119,223,191,111,249,137
119,223,199,112,248,145
119,223,207,112,247,154
119,223,215,112,246,166
119,223,223,113,244,178
119,223,231,113,242,194
119,223,239,114,238,211
119,223,247,114,234,229
119,223,255,115,228,243
119,231,0,88,252,36
119,231,7,88,252,37
119,231,15,89,252,39
119,231,23,90,252,41
119,231,31,91,252,44
119,231,39,93,252,47
119,231,47,94,253,51
119,231,55,96,253,54
119,231,63,97,253,58
119,231,71,98,253,61
119,231,79,100,253,65
119,231,87,101,253,69
119,231,95,102,253,73
119,231,103,103,253,77
119,231,111,103,253,81
119,231,119,104,253,85
119,231,127,105,253,89
119,231,135,106,253,94
119,231,143,106,253,98
119,231,151,107,253,103
119,231,159,108,253,108
119,231,167,108,253,113
119,231,175,109,253,119
119,231,183,109,253,125
119,231,191,110,253,132
119,231,199,110,253,141
119,231,207,111,253,150
119,231,215,111,252,160
119,231,223,112,250,173
119,231,231,112,249,186
119,231,239,113,247,203
119,231,247,114,245,222
119,231,255,114,242,240
119,239,0,87,254,37
119,239,7,87,254,38
119,239,15,88,254,39
119,239,23,89,254,41
119,239,31,90,254,43
119,239,39,91,254,46
119,239,47,93,254,50
119,239,55,94,255,54
119,239,63,95,255,57
119,239,71,97,255,60
119,239,79,98,255,64
119,239,87,99,255,67
119,239,95,100,255,71
119,239,103,101,254,75
119,239,111,102,254,79
119,239,119,103,254,83
119,239,127,103,254,87
119,239,135,104,254,91
119,239,143,105,254,95
119,239,151,105,254,100
119,239,159,106,255,105
119,239,167,107,255,110
119,239,175,107,255,116
119,239,183,108,255,122
119,239,191,108,255,129
119,239,199,109,255,137
119,239,207,109,255,145
119,239,215,110,254,156
119,239,223,110,254,167
119,239,231,111,254,180
119,239,239,111,253,196
119,239,247,112,252,213
119,239,255,113,250,231
119,247,0,86,255,37
119,247,7,87,255,38
119,247,15,87,255,40
119,247,23,88,255,42
119,247,31,89,255,44
119,247,39,90,255,46
119,247,47,91,255,49
119,247,55,93,255,52
119,247,63,94,255,56
119,247,71,95,255,59
119,247,79,96,255,62
119,247,87,98,255,66
119,247,95,99,255,70
119,247,103,100,255,73
119,247,111,101,255,77
119,247,119,101,255,81
119,247,127,102,255,85
119,247,135,103,255,89
119,247,143,104,255,93
119,247,151,104,255,97
119,247,159,105,255,102
119,247,167,105,255,107
119,247,175,106,255,113
119,247,183,106,255,119
119,247,191,107,255,126
119,247,199,107,255,133
119,247,207,107,255,142
119,247,215,108,255,151
119,247,223,108,255,163
119,247,231,109,255,175
119,247,239,110,255,191
119,247,247,111,255,206
119,247,255,112,255,222
119,255,0,85,255,36
119,255,7,85,255,38
119,255,15,86,255,39
119,255,23,87,255,41
119,255,31,88,255,44
119,255,39,89,255,46
119,255,47,90,255,48
119,255,55,91,255,51
119,255,63,92,255,54
119,255,71,94,255,58
119,255,79,95,255,61
119,255,87,96,255,65
119,255,95,98,255,69
119,255,103,98,255,72
119,255,111,100,255,76
119,255,119,101,255,79
119,255,127,101,255,83
119,255,135,102,255,87
119,255,143,103,255,91
119,255,151,104,255,96
119,255,159,104,255,101
119,255,167,105,255,106
119,255,175,105,255,111
119,255,183,105,255,117
119,255,191,105,255,123
119,255,199,106,255,130
119,255,207,106,255,138
119,255,215,106,255,148
119,255,223,107,255,159
119,255,231,108,255,172
119,255,239,108,255,185
119,255,247,109,255,200
119,255,255,110,255,215
127,0,0,104,1,21
127,0,7,105,2,28
127,0,15,105,2,36
127,0,23,105,3,45
127,0,31,105,3,53
127,0,39,105,3,61
127,0,47,105,4,68
127,0,55,104,4,77
127,0,63,104,4,86
127,0,71,103,5,96
127,0,79,103,5,109
127,0,87,102,5,123
127,0,95,100,6,140
127,0,103,99,7,157
127,0,111,98,9,176
127,0,119,97,12,195
127,0,127,95,14,210
127,0,135,93,17,220
127,0,143,91,20,227
127,0,151,89,23,231
127,0,159,87,26,234
127,0,167,86,29,236
127,0,175,84,32,237
127,0,183,83,34,238
127,0,191,82,36,240
127,0,199,80,36,242
127,0,207,79,36,245
127,0,215,78,37,247
127,0,223,77,37,249
127,0,231,76,39,251
127,0,239,75,40,252
127,0,247,74,40,253
127,0,255,72,41,254
127,7,0,103,2,22
127,7,7,104,3,28
127,7,15,104,3,36
127,7,23,105,4,44
127,7,31,105,4,52
127,7,39,105,5,60
127,7,47,104,5,68
127,7,55,104,6,76
127,7,63,104,6,85
127,7,71,103,7,95
127,7,79,102,7,107
127,7,87,102,7,120
127,7,95,101,9,136
127,7,103,99,10,153
127,7,111,98,12,172
127,7,119,97,14,191
127,7,127,95,17,206
127,7,135,94,20,217
127,7,143,92,24,224
127,7,151,90,27,229
127,7,159,88,30,233
127,7,167,87,32,235
127,7,175,85,35,237
127,7,183,84,38,238
127,7,191,83,40,240
127,7,199,82,41,242
127,7,207,80,40,245
127,7,215,79,40,247
127,7,223,78,41,249
127,7,231,77,42,250
127,7,239,76,43,252
127,7,247,75,44,253
127,7,255,73,45,254
127,15,0,103,4,22
127,15,7,103,5,28
127,15,15,104,5,36
127,15,23,104,6,44
127,15,31,104,6,51
127,15,39,104,7,59
127,15,47,104,8,67
127,15,55,103,8,75
127,15,63,103,9,84
127,15,71,103,9,93
127,15,79,102,10,104
127,15,87,102,11,117
127,15,95,101,12,132
127,15,103,100,13,149
127,15,111,99,14,167
127,15,119,98,16,186
127,15,127,96,20,201
127,15,135,94,24,213
127,15,143,93,28,221
127,15,151,91,31,227
127,15,159,89,34,231
127,15,167,88,36,235
127,15,175,87,39,237
127,15,183,85,42,238
127,15,191,85,45,240
127,15,199,83,46,242
127,15,207,82,45,244
127,15,215,81,45,247
127,15,223,80,45,249
127,15,231,79,46,250
127,15,239,77,47,252
127,15,247,76,48,253
127,15,255,75,49,254
127,23,0,102,8,22
127,23,7,102,9,29
127,23,15,103,9,35
127,23,23,103,10,43
127,23,31,103,10,51
127,23,39,103,11,58
127,23,47,103,12,66
127,23,55,103,12,73
127,23,63,103,13,82
127,23,71,103,14,91
127,23,79,102,15,101
127,23,87,102,15,113
127,23,95,101,16,126
127,23,103,100,17,143
127,23,111,99,19,160
127,23,119,98,20,179
127,23,127,97,24,194
127,23,135,95,28,207
127,23,143,94,33,216
127,23,151,92,37,223
127,23,159,91,39,229
127,23,167,89,42,234
127,23,175,88,44,236
127,23,183,87,47,238
127,23,191,86,49,240
127,23,199,85,51,242
127,23,207,84,52,244
127,23,215,83,51,246
127,23,223,82,51,248
127,23,231,80,50,250
127,23,239,79,51,252
127,23,247,78,52,253
127,23,255,77,54,254
127,31,0,102,14,22
127,31,7,102,14,29
127,31,15,102,15,35
127,31,23,103,16,43
127,31,31,103,16,50
127,31,39,103,17,57
127,31,47,103,17,64
127,31,55,103,18,72
127,31,63,103,18,80
127,31,71,103,19,88
127,31,79,102,20,98
127,31,87,102,21,108
127,31,95,101,22,121
127,31,103,101,23,135
127,31,111,100,24,152
127,31,119,99,26,169
127,31,127,98,28,185
127,31,135,96,32,199
127,31,143,95,36,210
127,31,151,94,41,219
127,31,159,92,45,226
127,31,167,91,48,232
127,31,175,90,50,236
127,31,183,89,52,239
127,31,191,88,54,241
127,31,199,87,56,243
127,31,207,86,58,245
127,31,215,85,59,246
127,31,223,84,57,248
127,31,231,83,57,250
127,31,239,81,56,252
127,31,247,80,57,253
127,31,255,79,59,254
127,39,0,101,21,22
127,39,7,101,22,29
127,39,15,102,22,35
127,39,23,102,22,42
127,39,31,102,23,48
127,39,39,102,23,55
127,39,47,102,24,62
127,39,55,102,24,69
127,39,63,103,25,77
127,39,71,103,26,86
127,39,79,103,26,95
127,39,87,102,27,105
127,39,95,102,28,116
127,39,103,101,29,129
127,39,111,101,30,144
127,39,119,100,32,159
127,39,127,99,34,175
127,39,135,98,37,189
127,39,143,96,41,202
127,39,151,95,45,214
127,39,159,94,49,223
127,39,167,93,52,231
127,39,175,92,56,237
127,39,183,91,58,239
127,39,191,90,60,242
127,39,199,89,61,243
127,39,207,88,62,245
127,39,215,87,63,247
127,39,223,86,64,248
127,39,231,85,63,250
127,39,239,84,63,252
127,39,247,83,62,253
127,39,255,81,63,254
127,47,0,101,29,23
127,47,7,101,29,29
127,47,15,102,29,34
127,47,23,102,30,41
127,47,31,102,30,47
127,47,39,102,31,54
127,47,47,102,31,60
127,47,55,102,32,67
127,47,63,102,32,75
127,47,71,103,33,83
127,47,79,103,34,91
127,47,87,102,34,101
127,47,95,102,35,111
127,47,103,102,35,123
127,47,111,101,36,137
127,47,119,100,37,152
127,47,127,100,39,166
127,47,135,99,42,181
127,47,143,98,45,195
127,47,151,97,49,209
127,47,159,95,53,221
127,47,167,94,56,230
127,47,175,93,59,237
127,47,183,93,62,240
127,47,191,92,64,242
127,47,199,91,66,244
127,47,207,90,66,245
127,47,215,89,67,247
127,47,223,89,68,249
127,47,231,88,68,250
127,47,239,86,68,252
127,47,247,85,68,253
127,47,255,84,67,254
127,55,0,101,38,23
127,55,7,101,38,28
127,55,15,102,38,34
127,55,23,102,38,40
127,55,31,102,38,46
127,55,39,102,39,52
127,55,47,102,39,58
127,55,55,102,40,65
127,55,63,102,40,72
127,55,71,103,41,80
127,55,79,103,41,88
127,55,87,103,42,97
127,55,95,102,42,107
127,55,103,102,42,118
127,55,111,102,43,130
127,55,119,101,44,144
127,55,127,101,45,158
127,55,135,100,47,173
127,55,143,99,50,188
127,55,151,98,53,203
127,55,159,97,56,218
127,55,167,96,59,229
127,55,175,95,62,236
127,55,183,94,65,241
127,55,191,94,67,243
127,55,199,93,69,244
127,55,207,93,70,246
127,55,215,92,71,247
127,55,223,91,71,249
127,55,231,90,71,250
127,55,239,88,71,252
127,55,247,87,72,253
127,55,255,86,72,254
127,63,0,101,46,23
127,63,7,102,46,28
127,63,15,102,46,34
127,63,23,102,46,39
127,63,31,103,46,45
127,63,39,103,47,51
127,63,47,103,47,57
127,63,55,102,48,63
127,63,63,103,48,70
127,63,71,103,48,77
127,63,79,103,49,84
127,63,87,103,49,93
127,63,95,103,49,102
127,63,103,102,49,113
127,63,111,102,50,124
127,63,119,102,50,137
127,63,127,101,51,150
127,63,135,101,53,164
127,63,143,100,55,181
127,63,151,99,57,198
127,63,159,98,60,213
127,63,167,97,63,227
127,63,175,97,65,235
127,63,183,96,68,241
127,63,191,96,70,243
127,63,199,95,72,245
127,63,207,94,73,246
127,63,215,93,74,248
127,63,223,93,74,249
127,63,231,92,74,251
127,63,239,91,74,252
127,63,247,89,74,253
127,63,255,88,74,254
127,71,0,102,55,23
127,71,7,102,55,27
127,71,15,102,55,33
127,71,23,103,55,39
127,71,31,103,55,44
127,71,39,103,55,50
127,71,47,103,55,55
127,71,55,103,56,61
127,71,63,103,56,68
127,71,71,103,56,74
127,71,79,103,56,82
127,71,87,103,56,90
127,71,95,103,57,98
127,71,103,103,57,108
127,71,111,103,57,118
127,71,119,102,57,130
127,71,127,102,57,142
127,71,135,102,58,157
127,71,143,101,60,172
127,71,151,101,62,190
127,71,159,100,64,207
127,71,167,99,67,223
127,71,175,98,69,235
127,71,183,98,71,240
127,71,191,97,73,244
127,71,199,97,74,245
127,71,207,96,76,246
127,71,215,95,76,248
127,71,223,94,77,250
127,71,231,93,77,251
127,71,239,92,77,252
127,71,247,91,77,253
127,71,255,90,76,254
127,79,0,102,64,23
127,79,7,103,64,27
127,79,15,103,64,32
127,79,23,103,63,38
127,79,31,103,63,44
127,79,39,103,64,49
127,79,47,103,64,55
127,79,55,103,64,60
127,79,63,103,64,66
127,79,71,103,64,72
127,79,79,103,65,79
127,79,87,103,65,87
127,79,95,103,65,94
127,79,103,103,65,103
127,79,111,103,65,112
127,79,119,103,65,124
127,79,127,103,65,135
127,79,135,103,65,148
127,79,143,102,66,164
127,79,151,102,67,181
127,79,159,101,69,200
127,79,167,101,71,217
127,79,175,100,73,232
127,79,183,99,75,240
127,79,191,99,76,244
127,79,199,98,78,245
127,79,207,98,79,246
127,79,215,97,79,248
127,79,223,96,79,250
127,79,231,95,79,251
127,79,239,94,79,252
127,79,247,93,79,253
127,79,255,91,78,254
127,87,0,103,72,24
127,87,7,104,72,29
127,87,15,104,72,33
127,87,23,104,72,38
127,87,31,104,72,44
127,87,39,104,72,49
127,87,47,104,73,54
127,87,55,104,73,59
127,87,63,104,73,65
127,87,71,104,73,71
127,87,79,104,73,77
127,87,87,104,73,84
127,87,95,104,73,91
127,87,103,104,73,99
127,87,111,104,73,108
127,87,119,104,73,118
127,87,127,104,73,128
127,87,135,104,73,141
127,87,143,104,73,155
127,87,151,103,74,172
127,87,159,103,75,190
127,87,167,102,76,210
127,87,175,101,77,225
127,87,183,101,79,238
127,87,191,100,80,243
127,87,199,100,81,246
127,87,207,99,82,247
127,87,215,99,82,248
127,87,223,98,82,250
127,87,231,97,82,251
127,87,239,96,82,253
127,87,247,95,81,253
127,87,255,93,80,254
127,95,0,104,81,24
127,95,7,104,81,29
127,95,15,105,81,34
127,95,23,105,81,38
127,95,31,105,81,43
127,95,39,105,81,49
127,95,47,105,81,53
127,95,55,105,82,58
127,95,63,105,82,64
127,95,71,105,82,69
127,95,79,105,81,76
127,95,87,105,81,82
127,95,95,105,81,89
127,95,103,105,81,96
127,95,111,105,81,104
127,95,119,105,81,113
127,95,127,105,81,123
127,95,135,105,81,134
127,95,143,105,80,147
127,95,151,105,81,163
127,95,159,104,81,180
127,95,167,104,82,199
127,95,175,103,83,217
127,95,183,102,83,231
127,95,191,102,84,241
127,95,199,101,85,245
127,95,207,101,86,248
127,95,215,100,86,249
127,95,223,99,86,250
127,95,231,98,85,252
127,95,239,97,85,253
127,95,247,96,84,254
127,95,255,95,82,254
127,103,0,105,89,25
127,103,7,105,89,29
127,103,15,105,90,34
127,103,23,106,90,39
127,103,31,106,90,43
127,103,39,106,90,49
127,103,47,106,90,53
127,103,55,106,90,58
127,103,63,106,90,63
127,103,71,106,90,69
127,103,79,106,90,74
127,103,87,106,90,81
127,103,95,106,90,87
127,103,103,106,90,94
127,103,111,106,89,101
127,103,119,107,89,109
127,103,127,107,89,118
127,103,135,107,89,128
127,103,143,107,88,140
127,103,151,106,88,154
127,103,159,106,88,171
127,103,167,105,88,189
127,103,175,105,88,208
127,103,183,104,89,224
127,103,191,103,89,236
127,103,199,103,90,244
127,103,207,102,90,248
127,103,215,102,90,250
127,103,223,101,90,251
127,103,231,100,89,252
127,103,239,99,89,253
127,103,247,98,88,254
127,103,255,97,87,254
127,111,0,105,98,25
127,111,7,105,98,29
127,111,15,106,98,33
127,111,23,106,98,39
127,111,31,107,98,44
127,111,39,107,98,49
127,111,47,107,99,54
127,111,55,107,99,58
127,111,63,107,99,63
127,111,71,107,98,68
127,111,79,107,98,74
127,111,87,107,98,80
127,111,95,107,98,86
127,111,103,108,98,92
127,111,111,108,97,99
127,111,119,108,97,106
127,111,127,108,97,114
127,111,135,108,96,123
127,111,143,108,96,133
127,111,151,108,96,147
127,111,159,108,95,162
127,111,167,107,95,180
127,111,175,106,94,198
127,111,183,106,94,216
127,111,191,105,94,230
127,111,199,104,94,241
127,111,207,104,94,247
127,111,215,103,94,250
127,111,223,102,94,251
127,111,231,102,93,252
127,111,239,101,93,253
127,111,247,100,92,254
127,111,255,99,91,254
127,119,0,105,107,25
127,119,7,106,107,28
127,119,15,106,107,32
127,119,23,107,107,38
127,119,31,107,107,45
127,119,39,108,107,49
127,119,47,108,107,54
127,119,55,108,107,58
127,119,63,108,107,63
127,119,71,108,107,68
127,119,79,108,107,73
127,119,87,109,106,79
127,119,95,109,106,85
127,119,103,109,106,91
127,119,111,109,105,97
127,119,119,109,105,104
127,119,127,110,104,111
127,119,135,110,104,120
127,119,143,110,103,129
127,119,151,110,103,140
127,119,159,109,102,155
127,119,167,109,102,171
127,119,175,108,101,189
127,119,183,107,101,207
127,119,191,107,100,222
127,119,199,106,100,235
127,119,207,105,99,245
127,119,215,105,99,249
127,119,223,104,98,252
127,119,231,103,97,253
127,119,239,102,97,253
127,119,247,101,96,254
127,119,255,100,95,254
127,127,0,105,116,27
127,127,7,106,116,31
127,127,15,106,116,34
127,127,23,107,116,38
127,127,31,108,116,44
127,127,39,108,116,50
127,127,47,108,116,54
127,127,55,109,116,58
127,127,63,109,116,63
127,127,71,109,116,68
127,127,79,110,116,73
127,127,87,110,115,79
127,127,95,110,115,84
127,127,103,111,114,90
127,127,111,111,114,96
127,127,119,111,113,102
127,127,127,111,112,109
127,127,135,111,112,117
127,127,143,111,111,125
127,127,151,111,111,136
127,127,159,111,110,148
127,127,167,110,110,163
127,127,175,110,109,181
127,127,183,109,108,198
127,127,191,108,107,215
127,127,199,108,106,230
127,127,207,107,105,240
127,127,215,106,104,248
127,127,223,105,103,251
127,127,231,105,102,253
127,127,239,104,101,254
127,127,247,103,100,254
127,127,255,102,99,254
127,135,0,105,125,27
127,135,7,106,125,31
127,135,15,106,125,36
127,135,23,107,125,40
127,135,31,108,125,44
127,135,39,108,125,49
127,135,47,109,125,54
127,135,55,109,125,58
127,135,63,110,125,63
127,135,71,110,125,68
127,135,79,111,125,73
127,135,87,111,124,78
127,135,95,112,124,84
127,135,103,112,124,89
127,135,111,112,123,95
127,135,119,112,122,101
127,135,127,112,121,107
127,135,135,112,120,114
127,135,143,112,120,122
127,135,151,112,119,131
127,135,159,112,119,143
127,135,167,112,118,156
127,135,175,112,117,172
127,135,183,111,116,190
127,135,191,110,114,207
127,135,199,109,113,223
127,135,207,108,111,236
127,135,215,108,110,244
127,135,223,107,109,250
127,135,231,106,107,252
127,135,239,105,106,254
127,135,247,104,105,254
127,135,255,103,103,254
127,143,0,105,135,28
127,143,7,105,135,31
127,143,15,106,135,35
127,143,23,107,135,41
127,143,31,108,135,45
127,143,39,108,135,49
127,143,47,109,135,54
127,143,55,110,135,58
127,143,63,110,135,63
127,143,71,111,135,68
127,143,79,112,135,73
127,143,87,112,135,78
127,143,95,113,134,83
127,143,103,113,133,89
127,143,111,113,133,94
127,143,119,114,131,100
127,143,127,114,131,106
127,143,135,113,130,113
127,143,143,113,129,120
127,143,151,114,128,129
127,143,159,114,128,138
127,143,167,114,127,150
127,143,175,113,126,165
127,143,183,113,125,181
127,143,191,112,123,199
127,143,199,111,121,216
127,143,207,110,119,231
127,143,215,109,117,241
127,143,223,108,115,247
127,143,231,107,113,251
127,143,239,107,112,253
127,143,247,106,110,254
127,143,255,105,108,254
127,151,0,105,146,28
127,151,7,105,146,31
127,151,15,106,146,35
127,151,23,106,146,40
127,151,31,107,146,46
127,151,39,108,146,50
127,151,47,109,146,54
127,151,55,110,146,58
127,151,63,111,146,63
127,151,71,111,146,68
127,151,79,112,146,73
127,151,87,113,146,78
127,151,95,114,145,83
127,151,103,114,144,89
127,151,111,114,143,94
127,151,119,115,142,99
127,151,127,115,141,105
127,151,135,115,140,112
127,151,143,115,139,118
127,151,151,115,139,126
127,151,159,115,138,135
127,151,167,115,137,146
127,151,175,115,136,158
127,151,183,114,135,174
127,151,191,114,133,191
127,151,199,113,130,208
127,151,207,112,128,224
127,151,215,111,125,236
127,151,223,110,122,245
127,151,231,109,120,250
127,151,239,108,118,253
127,151,247,108,115,254
127,151,255,107,113,255
127,159,0,104,158,29
127,159,7,104,158,32
127,159,15,105,158,35
127,159,23,105,158,39
127,159,31,106,158,44
127,159,39,108,158,51
127,159,47,109,158,54
127,159,55,110,158,59
127,159,63,111,158,63
127,159,71,112,158,68
127,159,79,112,158,73
127,159,87,113,158,78
127,159,95,114,157,83
127,159,103,114,157,88
127,159,111,115,156,93
127,159,119,115,155,99
127,159,127,116,153,104
127,159,135,116,152,110
127,159,143,116,151,117
127,159,151,116,151,124
127,159,159,116,150,132
127,159,167,116,149,142
127,159,175,116,147,154
127,159,183,116,146,167
127,159,191,115,144,183
127,159,199,115,141,199
127,159,207,114,138,216
127,159,215,113,135,230
127,159,223,112,132,241
127,159,231,111,129,247
127,159,239,110,126,252
127,159,247,109,122,254
127,159,255,108,119,255
127,167,0,102,171,30
127,167,7,103,171,33
127,167,15,104,171,36
127,167,23,104,171,39
127,167,31,105,171,44
127,167,39,107,171,49
127,167,47,108,172,55
127,167,55,109,172,59
127,167,63,110,172,63
127,167,71,111,172,68
127,167,79,112,172,72
127,167,87,113,171,77
127,167,95,114,170,83
127,167,103,115,170,88
127,167,111,115,169,93
127,167,119,116,168,98
127,167,127,116,167,104
127,167,135,116,166,110
127,167,143,117,165,116
127,167,151,117,164,122
127,167,159,117,162,130
127,167,167,117,162,138
127,167,175,117,161,148
127,167,183,117,159,161
127,167,191,117,156,175
127,167,199,116,154,191
127,167,207,115,151,207
127,167,215,114,147,223
127,167,223,113,142,235
127,167,231,112,138,245
127,167,239,112,134,250
127,167,247,111,131,254
127,167,255,110,128,255
127,175,0,101,184,32
127,175,7,102,184,34
127,175,15,103,184,38
127,175,23,104,184,42
127,175,31,105,185,45
127,175,39,106,185,49
127,175,47,107,185,54
127,175,55,109,186,59
127,175,63,110,186,63
127,175,71,111,186,68
127,175,79,112,185,72
127,175,87,113,185,77
127,175,95,114,185,83
127,175,103,115,184,88
127,175,111,115,183,93
127,175,119,116,182,98
127,175,127,116,181,103
127,175,135,117,180,109
127,175,143,117,179,115
127,175,151,117,178,121
127,175,159,118,177,128
127,175,167,118,176,135
127,175,175,118,174,145
127,175,183,118,173,155
127,175,191,118,171,168
127,175,199,117,168,183
127,175,207,117,165,199
127,175,215,116,160,214
127,175,223,115,155,229
127,175,231,114,150,240
127,175,239,113,145,249
127,175,247,112,140,253
127,175,255,111,136,255
127,183,0,99,198,32
127,183,7,100,198,34
127,183,15,101,198,37
127,183,23,102,198,41
127,183,31,104,199,46
127,183,39,105,199,50
127,183,47,106,199,54
127,183,55,108,200,58
127,183,63,109,200,63
127,183,71,110,200,67
127,183,79,112,199,72
127,183,87,113,199,77
127,183,95,114,198,82
127,183,103,115,198,87
127,183,111,115,197,93
127,183,119,116,196,98
127,183,127,116,195,103
127,183,135,117,194,108
127,183,143,117,193,114
127,183,151,117,192,120
127,183,159,118,191,127
127,183,167,118,190,134
127,183,175,119,189,141
127,183,183,119,187,151
127,183,191,119,185,162
127,183,199,119,183,176
127,183,207,118,179,191
127,183,215,118,175,206
127,183,223,117,170,221
127,183,231,116,164,234
127,183,239,115,158,244
127,183,247,114,152,252
127,183,255,113,146,254
127,191,0,98,211,33
127,191,7,98,211,34
127,191,15,99,211,37
127,191,23,100,212,40
127,191,31,102,212,45
127,191,39,104,213,50
127,191,47,105,213,54
127,191,55,107,213,58
127,191,63,108,213,63
127,191,71,110,213,67
127,191,79,111,213,72
127,191,87,112,212,77
127,191,95,113,212,82
127,191,103,114,211,87
127,191,111,115,210,92
127,191,119,115,209,97
127,191,127,116,208,102
127,191,135,117,207,107
127,191,143,117,206,112
127,191,151,117,205,118
127,191,159,118,204,125
127,191,167,118,203,131
127,191,175,119,202,139
127,191,183,119,201,147
127,191,191,119,200,157
127,191,199,119,198,168
127,191,207,119,195,182
127,191,215,119,191,198
127,191,223,118,186,213
127,191,231,117,179,226
127,191,239,117,173,239
127,191,247,116,166,249
127,191,255,115,159,255
127,199,0,97,222,34
127,199,7,97,222,36
127,199,15,98,223,38
127,199,23,99,223,40
127,199,31,100,224,44
127,199,39,102,224,49
127,199,47,104,225,54
127,199,55,106,225,58
127,199,63,107,225,62
127,199,71,109,226,67
127,199,79,110,225,71
127,199,87,111,225,76
127,199,95,112,225,81
127,199,103,113,224,86
127,199,111,114,223,91
127,199,119,115,222,95
127,199,127,115,221,100
127,199,135,116,221,105
127,199,143,116,220,111
127,199,151,117,219,117
127,199,159,117,218,123
127,199,167,118,217,129
127,199,175,118,216,136
127,199,183,119,215,143
127,199,191,119,214,152
127,199,199,119,213,162
127,199,207,120,210,175
127,199,215,119,207,189
127,199,223,119,202,204
127,199,231,119,196,220
127,199,239,118,189,234
127,199,247,117,182,245
127,199,255,116,174,252
127,207,0,95,232,34
127,207,7,96,233,36
127,207,15,97,233,39
127,207,23,98,233,42
127,207,31,99,234,45
127,207,39,101,234,48
127,207,47,102,235,53
127,207,55,105,236,58
127,207,63,106,236,62
127,207,71,107,236,66
127,207,79,109,236,70
127,207,87,110,236,75
127,207,95,111,236,80
127,207,103,112,235,84
127,207,111,113,235,89
127,207,119,114,234,94
127,207,127,114,234,99
127,207,135,115,233,104
127,207,143,116,233,109
127,207,151,116,232,114
127,207,159,117,231,120
127,207,167,117,230,127
127,207,175,118,229,133
127,207,183,118,229,140
127,207,191,119,228,148
127,207,199,119,227,156
127,207,207,119,226,168
127,207,215,119,222,182
127,207,223,120,219,196
127,207,231,119,213,212
127,207,239,119,207,227
127,207,247,119,200,242
127,207,255,119,192,251
127,215,0,94,240,35
127,215,7,95,240,37
127,215,15,96,241,39
127,215,23,97,241,42
127,215,31,98,242,46
127,215,39,100,242,49
127,215,47,101,243,53
127,215,55,103,244,57
127,215,63,105,245,61
127,215,71,106,245,65
127,215,79,107,245,69
127,215,87,109,245,74
127,215,95,110,245,78
127,215,103,111,244,83
127,215,111,111,244,87
127,215,119,112,244,92
127,215,127,113,243,97
127,215,135,114,243,102
127,215,143,114,243,107
127,215,151,115,242,112
127,215,159,116,242,118
127,215,167,116,241,124
127,215,175,117,240,130
127,215,183,117,240,136
127,215,191,118,239,144
127,215,199,118,239,152
127,215,207,119,238,162
127,215,215,119,236,175
127,215,223,119,232,189
127,215,231,119,229,204
127,215,239,120,224,221
127,215,247,120,218,237
127,215,255,120,211,250
127,223,0,93,246,35
127,223,7,93,246,37
127,223,15,94,246,39
127,223,23,95,247,41
127,223,31,97,247,45
127,223,39,99,247,49
127,223,47,100,248,52
127,223,55,101,248,56
127,223,63,103,249,60
127,223,71,104,249,64
127,223,79,106,249,68
127,223,87,107,250,72
127,223,95,108,250,76
127,223,103,109,250,81
127,223,111,110,250,86
127,223,119,111,250,90
127,223,127,112,250,94
127,223,135,112,249,99
127,223,143,113,249,104
127,223,151,114,249,109
127,223,159,114,249,114
127,223,167,115,249,120
127,223,175,116,249,126
127,223,183,116,248,133
127,223,191,117,247,140
127,223,199,117,247,148
127,223,207,118,246,158
127,223,215,118,245,169
127,223,223,119,244,182
127,223,231,119,240,197
127,223,239,119,237,213
127,223,247,119,232,231
127,223,255,120,227,245
127,231,0,92,251,36
127,231,7,92,251,37
127,231,15,93,251,39
127,231,23,94,251,41
127,231,31,95,251,44
127,231,39,97,252,48
127,231,47,99,252,52
127,231,55,100,252,55
127,231,63,101,252,59
127,231,71,103,252,63
127,231,79,104,253,67
127,231,87,105,253,70
127,231,95,107,253,75
127,231,103,108,253,79
127,231,111,108,253,83
127,231,119,109,253,87
127,231,127,110,253,92
127,231,135,111,253,97
127,231,143,112,253,101
127,231,151,112,253,106
127,231,159,113,253,111
127,231,167,113,253,117
127,231,175,114,253,122
127,231,183,115,253,129
127,231,191,115,253,136
127,231,199,116,253,145
127,231,207,116,252,153
127,231,215,117,251,164
127,231,223,117,250,176
127,231,231,118,249,189
127,231,239,118,247,206
127,231,247,119,244,224
127,231,255,119,240,242
127,239,0,91,254,37
127,239,7,91,254,38
127,239,15,92,254,40
127,239,23,92,254,42
127,239,31,93,254,44
127,239,39,95,254,47
127,239,47,96,254,51
127,239,55,98,254,55
127,239,63,100,255,58
127,239,71,101,255,62
127,239,79,103,255,65
127,239,87,104,254,69
127,239,95,105,254,73
127,239,103,106,254,77
127,239,111,107,254,81
127,239,119,108,254,85
127,239,127,109,254,89
127,239,135,109,254,94
127,239,143,110,254,98
127,239,151,111,255,103
127,239,159,111,255,108
127,239,167,112,255,114
127,239,175,113,254,119
127,239,183,113,254,125
127,239,191,114,255,132
127,239,199,114,255,140
127,239,207,115,255,149
127,239,215,115,254,159
127,239,223,116,254,170
127,239,231,116,253,183
127,239,239,117,253,198
127,239,247,117,251,216
127,239,255,118,250,234
127,247,0,89,255,37
127,247,7,90,255,38
127,247,15,91,255,40
127,247,23,91,255,43
127,247,31,92,255,45
127,247,39,93,255,47
127,247,47,95,255,50
127,247,55,96,255,53
127,247,63,98,255,57
127,247,71,99,255,60
127,247,79,101,255,64
127,247,87,102,255,68
127,247,95,103,255,72
127,247,103,104,255,76
127,247,111,106,255,80
127,247,119,107,255,84
127,247,127,107,255,88
127,247,135,108,255,92
127,247,143,109,255,96
127,247,151,109,255,101
127,247,159,110,255,106
127,247,167,110,255,111
127,247,175,111,255,116
127,247,183,111,255,122
127,247,191,112,255,129
127,247,199,112,255,137
127,247,207,113,255,145
127,247,215,113,255,155
127,247,223,114,255,166
127,247,231,114,255,178
127,247,239,115,255,193
127,247,247,116,255,209
127,247,255,117,255,225
127,255,0,88,255,37
127,255,7,89,255,38
127,255,15,89,255,40
127,255,23,90,255,42
127,255,31,91,255,44
127,255,39,92,255,47
127,255,47,93,255,49
127,255,55,95,255,52
127,255,63,96,255,55
127,255,71,98,255,59
127,255,79,99,255,63
127,255,87,100,255,66
127,255,95,102,255,71
127,255,103,103,255,74
127,255,111,104,255,78
127,255,119,106,255,82
127,255,127,107,255,86
127,255,135,108,255,90
127,255,143,108,255,94
127,255,151,109,255,99
127,255,159,109,255,104
127,255,167,110,255,109
127,255,175,110,255,115
127,255,183,110,255,120
127,255,191,110,255,127
127,255,199,111,255,134
127,255,207,111,255,142
127,255,215,112,255,151
127,255,223,112,255,162
127,255,231,113,255,174
127,255,239,114,255,188
127,255,247,114,255,203
127,255,255,115,255,217
135,0,0,111,2,23
135,0,7,111,2,30
135,0,15,111,3,37
135,0,23,112,3,45
135,0,31,112,3,53
135,0,39,111,3,61
135,0,47,111,4,69
135,0,55,111,4,77
135,0,63,110,4,86
135,0,71,110,4,97
135,0,79,109,4,108
135,0,87,108,5,121
135,0,95,107,6,137
135,0,103,106,8,156
135,0,111,105,9,176
135,0,119,103,11,194
135,0,127,101,13,208
135,0,135,99,16,219
135,0,143,97,20,226
135,0,151,95,23,231
135,0,159,93,27,234
135,0,167,91,30,236
135,0,175,90,33,237
135,0,183,88,35,238
135,0,191,86,36,241
135,0,199,85,37,243
135,0,207,83,37,245
135,0,215,82,38,247
135,0,223,81,39,249
135,0,231,79,40,251
135,0,239,78,40,252
135,0,247,77,41,254
135,0,255,75,42,254
135,7,0,110,3,23
135,7,7,111,4,30
135,7,15,111,4,37
135,7,23,111,5,45
135,7,31,111,5,53
135,7,39,111,5,60
135,7,47,111,5,68
135,7,55,110,6,76
135,7,63,110,6,85
135,7,71,110,6,95
135,7,79,109,7,106
135,7,87,108,7,119
135,7,95,107,8,134
135,7,103,106,9,152
135,7,111,105,11,171
135,7,119,103,13,190
135,7,127,102,16,204
135,7,135,100,19,216
135,7,143,98,23,223
135,7,151,96,27,229
135,7,159,94,30,233
135,7,167,92,33,235
135,7,175,91,37,236
135,7,183,89,39,238
135,7,191,87,40,241
135,7,199,86,41,243
135,7,207,84,41,245
135,7,215,83,41,247
135,7,223,82,42,249
135,7,231,81,43,251
135,7,239,79,44,252
135,7,247,78,44,254
135,7,255,77,45,254
135,15,0,109,5,23
135,15,7,110,5,30
135,15,15,110,6,37
135,15,23,111,7,45
135,15,31,111,7,52
135,15,39,111,8,60
135,15,47,110,8,67
135,15,55,110,8,75
135,15,63,110,9,84
135,15,71,109,9,94
135,15,79,109,10,104
135,15,87,108,10,116
135,15,95,107,11,131
135,15,103,106,12,148
135,15,111,105,14,166
135,15,119,104,16,185
135,15,127,102,19,200
135,15,135,101,23,212
135,15,143,99,27,220
135,15,151,97,30,226
135,15,159,95,33,231
135,15,167,93,37,234
135,15,175,92,40,236
135,15,183,90,43,238
135,15,191,89,45,240
135,15,199,87,45,243
135,15,207,86,45,245
135,15,215,84,46,247
135,15,223,83,46,249
135,15,231,82,47,250
135,15,239,81,49,252
135,15,247,79,49,253
135,15,255,78,48,254
135,23,0,108,8,23
135,23,7,109,9,30
135,23,15,109,9,37
135,23,23,110,10,44
135,23,31,110,11,51
135,23,39,110,11,59
135,23,47,110,12,66
135,23,55,110,12,74
135,23,63,109,13,82
135,23,71,109,13,92
135,23,79,109,14,101
135,23,87,108,15,113
135,23,95,107,16,127
135,23,103,107,17,142
135,23,111,106,18,160
135,23,119,104,20,177
135,23,127,103,24,193
135,23,135,102,28,205
135,23,143,100,32,215
135,23,151,98,35,223
135,23,159,96,38,228
135,23,167,94,42,233
135,23,175,93,45,236
135,23,183,91,48,238
135,23,191,90,51,240
135,23,199,89,52,243
135,23,207,88,52,245
135,23,215,86,51,247
135,23,223,85,51,249
135,23,231,84,51,250
135,23,239,82,53,252
135,23,247,81,54,253
135,23,255,80,54,254
135,31,0,108,13,24
135,31,7,108,14,30
135,31,15,109,15,37
135,31,23,109,15,43
135,31,31,109,16,51
135,31,39,109,17,58
135,31,47,109,17,65
135,31,55,109,18,72
135,31,63,109,18,80
135,31,71,109,19,89
135,31,79,109,20,98
135,31,87,108,21,109
135,31,95,108,21,122
135,31,103,107,22,135
135,31,111,106,23,152
135,31,119,105,25,169
135,31,127,104,28,185
135,31,135,103,32,198
135,31,143,101,37,209
135,31,151,99,41,218
135,31,159,97,44,226
135,31,167,96,47,232
135,31,175,94,50,237
135,31,183,93,53,239
135,31,191,92,55,241
135,31,199,91,57,243
135,31,207,90,59,245
135,31,215,88,58,247
135,31,223,87,57,249
135,31,231,86,57,250
135,31,239,84,58,252
135,31,247,83,58,253
135,31,255,82,59,254
135,39,0,107,20,23
135,39,7,108,20,30
135,39,15,108,21,37
135,39,23,109,22,43
135,39,31,109,22,50
135,39,39,109,23,56
135,39,47,109,24,63
135,39,55,109,24,70
135,39,63,109,25,78
135,39,71,109,25,86
135,39,79,109,26,95
135,39,87,109,27,105
135,39,95,108,28,116
135,39,103,107,29,129
135,39,111,107,30,144
135,39,119,106,31,160
135,39,127,105,33,175
135,39,135,104,37,189
135,39,143,102,41,202
135,39,151,101,45,214
135,39,159,99,49,224
135,39,167,97,53,231
135,39,175,96,56,237
135,39,183,95,58,240
135,39,191,94,60,242
135,39,199,93,61,243
135,39,207,92,63,245
135,39,215,90,64,247
135,39,223,89,64,249
135,39,231,88,63,250
135,39,239,87,63,252
135,39,247,85,63,253
135,39,255,84,63,254
135,47,0,107,28,23
135,47,7,107,28,29
135,47,15,108,29,36
135,47,23,108,30,42
135,47,31,109,30,48
135,47,39,109,31,55
135,47,47,109,31,61
135,47,55,109,32,68
135,47,63,109,32,75
135,47,71,109,33,83
135,47,79,109,33,92
135,47,87,109,34,101
135,47,95,108,34,112
135,47,103,108,35,124
135,47,111,107,36,137
135,47,119,107,37,152
135,47,127,106,39,166
135,47,135,105,42,181
135,47,143,103,45,195
135,47,151,102,49,209
135,47,159,100,53,221
135,47,167,99,56,230
135,47,175,98,59,237
135,47,183,97,62,241
135,47,191,96,64,242
135,47,199,95,66,244
135,47,207,94,67,245
135,47,215,92,68,247
135,47,223,91,68,249
135,47,231,90,69,250
135,47,239,89,68,252
135,47,247,87,68,253
135,47,255,86,68,254
135,55,0,107,36,23
135,55,7,107,37,29
135,55,15,108,37,35
135,55,23,108,37,41
135,55,31,109,38,47
135,55,39,109,38,53
135,55,47,109,39,60
135,55,55,109,39,66
135,55,63,109,40,73
135,55,71,109,40,80
135,55,79,109,41,89
135,55,87,109,41,97
135,55,95,108,42,107
135,55,103,108,42,118
135,55,111,108,42,131
135,55,119,107,43,145
135,55,127,107,44,159
135,55,135,106,47,173
135,55,143,105,49,188
135,55,151,103,53,203
135,55,159,102,56,217
135,55,167,100,59,229
135,55,175,99,62,236
135,55,183,98,65,241
135,55,191,97,67,243
135,55,199,97,69,245
135,55,207,96,70,246
135,55,215,94,71,247
135,55,223,93,71,249
135,55,231,92,72,251
135,55,239,91,72,252
135,55,247,90,72,253
135,55,255,88,72,254
135,63,0,107,45,24
135,63,7,107,45,29
135,63,15,108,45,34
135,63,23,108,45,41
135,63,31,108,46,46
135,63,39,109,46,52
135,63,47,109,47,58
135,63,55,109,47,64
135,63,63,109,47,71
135,63,71,109,48,78
135,63,79,109,48,85
135,63,87,109,48,94
135,63,95,109,49,103
135,63,103,108,49,113
135,63,111,108,49,125
135,63,119,108,50,137
135,63,127,107,51,150
135,63,135,107,52,165
135,63,143,106,54,180
135,63,151,105,57,197
135,63,159,103,60,213
135,63,167,102,63,226
135,63,175,101,65,236
135,63,183,100,68,240
135,63,191,99,70,243
135,63,199,98,72,245
135,63,207,97,73,246
135,63,215,96,74,248
135,63,223,95,74,249
135,63,231,94,74,251
135,63,239,93,74,252
135,63,247,91,74,253
135,63,255,90,74,254
135,71,0,107,53,23
135,71,7,108,53,28
135,71,15,108,53,33
135,71,23,109,54,40
135,71,31,109,54,46
135,71,39,109,54,51
135,71,47,109,55,57
135,71,55,109,55,63
135,71,63,109,55,69
135,71,71,109,55,75
135,71,79,109,56,83
135,71,87,109,56,90
135,71,95,109,56,99
135,71,103,108,56,108
135,71,111,108,56,119
135,71,119,108,56,131
135,71,127,108,57,143
135,71,135,107,58,157
135,71,143,107,60,172
135,71,151,106,62,190
135,71,159,105,64,208
135,71,167,104,66,223
135,71,175,102,69,235
135,71,183,102,71,240
135,71,191,101,73,243
135,71,199,100,75,245
135,71,207,99,76,246
135,71,215,98,76,248
135,71,223,97,77,249
135,71,231,96,77,251
135,71,239,94,77,252
135,71,247,93,77,253
135,71,255,92,77,254
135,79,0,108,62,24
135,79,7,109,62,29
135,79,15,109,62,34
135,79,23,109,62,39
135,79,31,109,62,45
135,79,39,109,63,50
135,79,47,109,63,56
135,79,55,109,63,61
135,79,63,109,63,67
135,79,71,109,64,73
135,79,79,109,64,80
135,79,87,109,64,87
135,79,95,109,64,95
135,79,103,109,64,104
135,79,111,109,64,114
135,79,119,109,64,124
135,79,127,109,64,136
135,79,135,108,65,149
135,79,143,108,66,164
135,79,151,107,67,181
135,79,159,106,69,200
135,79,167,105,71,218
135,79,175,104,72,232
135,79,183,103,74,241
135,79,191,102,76,244
135,79,199,101,78,245
135,79,207,101,79,246
135,79,215,100,79,248
135,79,223,99,79,249
135,79,231,98,79,251
135,79,239,96,79,252
135,79,247,95,79,253
135,79,255,94,79,254
135,87,0,109,70,24
135,87,7,109,71,29
135,87,15,110,71,34
135,87,23,110,71,39
135,87,31,110,71,45
135,87,39,110,71,50
135,87,47,110,71,55
135,87,55,110,72,60
135,87,63,109,72,66
135,87,71,109,72,72
135,87,79,109,72,78
135,87,87,109,72,85
135,87,95,109,72,92
135,87,103,109,72,100
135,87,111,109,72,109
135,87,119,109,72,118
135,87,127,109,72,129
135,87,135,109,72,142
135,87,143,109,72,155
135,87,151,108,73,172
135,87,159,108,74,190
135,87,167,107,76,209
135,87,175,106,77,225
135,87,183,105,78,237
135,87,191,104,80,243
135,87,199,103,81,246
135,87,207,102,82,247
135,87,215,101,82,248
135,87,223,100,82,250
135,87,231,99,82,251
135,87,239,98,82,253
135,87,247,97,81,253
135,87,255,95,80,254
135,95,0,109,79,25
135,95,7,110,79,29
135,95,15,110,79,35
135,95,23,110,79,40
135,95,31,111,79,45
135,95,39,111,80,50
135,95,47,111,80,55
135,95,55,110,80,59
135,95,63,110,80,65
135,95,71,110,80,70
135,95,79,110,80,76
135,95,87,110,80,83
135,95,95,110,80,90
135,95,103,110,80,97
135,95,111,110,80,105
135,95,119,110,80,114
135,95,127,111,80,124
135,95,135,111,80,134
135,95,143,110,80,148
135,95,151,110,80,163
135,95,159,109,81,181
135,95,167,108,81,199
135,95,175,107,82,218
135,95,183,106,83,231
135,95,191,105,84,241
135,95,199,105,85,245
135,95,207,104,86,248
135,95,215,103,86,249
135,95,223,102,86,250
135,95,231,101,86,252
135,95,239,100,85,253
135,95,247,98,85,254
135,95,255,97,83,254
135,103,0,110,87,25
135,103,7,110,87,29
135,103,15,111,87,34
135,103,23,111,88,40
135,103,31,111,88,45
135,103,39,112,88,50
135,103,47,112,88,54
135,103,55,111,88,59
135,103,63,111,89,64
135,103,71,111,89,69
135,103,79,111,88,75
135,103,87,111,88,81
135,103,95,111,88,88
135,103,103,111,88,95
135,103,111,111,88,102
135,103,119,112,88,110
135,103,127,112,88,119
135,103,135,112,88,129
135,103,143,112,87,141
135,103,151,111,87,155
135,103,159,111,87,172
135,103,167,110,87,190
135,103,175,109,88,208
135,103,183,108,88,226
135,103,191,107,89,236
135,103,199,106,89,245
135,103,207,105,90,248
135,103,215,105,90,250
135,103,223,104,90,251
135,103,231,103,89,252
135,103,239,102,89,253
135,103,247,100,88,254
135,103,255,99,87,254
135,111,0,111,96,26
135,111,7,111,96,30
135,111,15,111,96,34
135,111,23,112,96,39
135,111,31,112,96,45
135,111,39,112,96,50
135,111,47,112,97,54
135,111,55,112,97,59
135,111,63,112,97,64
135,111,71,112,97,69
135,111,79,112,97,75
135,111,87,112,96,80
135,111,95,113,96,86
135,111,103,113,96,93
135,111,111,113,96,100
135,111,119,113,96,107
135,111,127,113,95,115
135,111,135,113,95,123
135,111,143,113,95,134
135,111,151,113,95,148
135,111,159,113,94,163
135,111,167,112,94,181
135,111,175,111,94,199
135,111,183,110,94,216
135,111,191,109,94,230
135,111,199,108,94,240
135,111,207,107,94,247
135,111,215,106,94,250
135,111,223,105,94,251
135,111,231,104,93,252
135,111,239,103,93,253
135,111,247,102,92,254
135,111,255,101,90,254
135,119,0,111,104,26
135,119,7,111,104,30
135,119,15,112,104,34
135,119,23,112,104,39
135,119,31,113,105,45
135,119,39,113,105,50
135,119,47,113,105,54
135,119,55,113,105,59
135,119,63,113,105,64
135,119,71,113,105,69
135,119,79,114,105,74
135,119,87,114,105,80
135,119,95,114,104,86
135,119,103,114,104,92
135,119,111,114,104,98
135,119,119,114,103,105
135,119,127,114,103,112
135,119,135,114,102,120
135,119,143,114,102,129
135,119,151,114,102,141
135,119,159,114,101,155
135,119,167,113,101,171
135,119,175,113,100,190
135,119,183,112,100,207
135,119,191,111,100,223
135,119,199,110,99,235
135,119,207,109,99,244
135,119,215,108,99,249
135,119,223,107,98,251
135,119,231,106,97,253
135,119,239,105,97,253
135,119,247,104,96,254
135,119,255,102,94,254
135,127,0,111,113,27
135,127,7,111,113,32
135,127,15,112,113,36
135,127,23,112,113,40
135,127,31,113,113,45
135,127,39,114,113,50
135,127,47,114,113,55
135,127,55,114,113,59
135,127,63,114,113,64
135,127,71,114,113,68
135,127,79,115,113,74
135,127,87,115,113,79
135,127,95,115,113,85
135,127,103,115,112,91
135,127,111,116,112,97
135,127,119,116,111,103
135,127,127,115,110,110
135,127,135,116,110,117
135,127,143,116,110,126
135,127,151,116,109,136
135,127,159,116,109,148
135,127,167,115,108,164
135,127,175,114,108,181
135,127,183,113,107,199
135,127,191,112,106,215
135,127,199,111,105,230
135,127,207,110,104,240
135,127,215,109,104,248
135,127,223,108,103,251
135,127,231,107,102,253
135,127,239,106,101,254
135,127,247,105,100,254
135,127,255,104,99,254
135,135,0,111,122,27
135,135,7,111,122,31
135,135,15,112,122,36
135,135,23,113,122,42
135,135,31,113,122,45
135,135,39,114,122,50
135,135,47,114,122,55
135,135,55,115,123,59
135,135,63,115,123,64
135,135,71,115,122,68
135,135,79,116,122,74
135,135,87,116,122,79
135,135,95,116,121,84
135,135,103,117,121,90
135,135,111,117,120,96
135,135,119,117,120,102
135,135,127,117,119,108
135,135,135,117,118,115
135,135,143,117,117,123
135,135,151,117,117,132
135,135,159,117,117,144
135,135,167,116,116,157
135,135,175,116,116,173
135,135,183,115,114,191
135,135,191,114,113,208
135,135,199,113,112,224
135,135,207,112,110,237
135,135,215,111,109,244
135,135,223,110,108,250
135,135,231,109,107,252
135,135,239,108,106,254
135,135,247,107,105,254
135,135,255,106,103,254
135,143,0,110,131,28
135,143,7,111,131,31
135,143,15,111,132,35
135,143,23,112,132,41
135,143,31,113,132,47
135,143,39,114,132,50
135,143,47,114,132,55
135,143,55,115,132,59
135,143,63,116,132,64
135,143,71,116,132,68
135,143,79,117,132,74
135,143,87,117,131,79
135,143,95,118,131,84
135,143,103,118,130,90
135,143,111,118,130,95
135,143,119,118,129,101
135,143,127,118,128,107
135,143,135,118,127,114
135,143,143,118,126,121
135,143,151,118,126,129
135,143,159,118,125,139
135,143,167,118,125,151
135,143,175,118,124,166
135,143,183,117,123,182
135,143,191,116,121,200
135,143,199,115,119,217
135,143,207,114,118,231
135,143,215,113,116,242
135,143,223,112,114,248
135,143,231,111,113,252
135,143,239,110,111,253
135,143,247,109,110,255
135,143,255,108,108,254
135,151,0,110,142,29
135,151,7,110,142,32
135,151,15,111,142,35
135,151,23,112,142,40
135,151,31,113,142,46
135,151,39,114,142,51
135,151,47,114,142,55
135,151,55,115,142,59
135,151,63,116,142,64
135,151,71,117,143,68
135,151,79,117,142,73
135,151,87,118,142,79
135,151,95,118,142,84
135,151,103,119,141,89
135,151,111,119,140,95
135,151,119,119,139,100
135,151,127,119,138,106
135,151,135,119,137,112
135,151,143,119,136,119
135,151,151,119,136,127
135,151,159,119,135,136
135,151,167,119,134,146
135,151,175,119,134,159
135,151,183,119,132,175
135,151,191,118,131,191
135,151,199,117,128,209
135,151,207,116,126,225
135,151,215,115,124,236
135,151,223,113,122,245
135,151,231,112,120,250
135,151,239,111,117,253
135,151,247,110,115,254
135,151,255,109,113,255
135,159,0,109,153,30
135,159,7,110,153,33
135,159,15,110,153,36
135,159,23,111,153,40
135,159,31,112,154,45
135,159,39,113,154,51
135,159,47,114,154,56
135,159,55,115,154,59
135,159,63,116,154,64
135,159,71,117,154,68
135,159,79,118,154,73
135,159,87,118,154,79
135,159,95,119,153,84
135,159,103,120,152,89
135,159,111,120,151,94
135,159,119,120,151,100
135,159,127,120,150,105
135,159,135,120,149,111
135,159,143,120,148,118
135,159,151,121,147,125
135,159,159,121,146,133
135,159,167,121,146,143
135,159,175,121,145,154
135,159,183,121,143,167
135,159,191,120,141,183
135,159,199,119,139,200
135,159,207,118,136,217
135,159,215,116,134,231
135,159,223,115,131,241
135,159,231,114,128,248
135,159,239,113,125,252
135,159,247,112,122,254
135,159,255,111,119,255
135,167,0,108,166,31
135,167,7,108,166,34
135,167,15,109,165,38
135,167,23,110,166,41
135,167,31,111,166,45
135,167,39,112,166,50
135,167,47,113,166,56
135,167,55,114,167,60
135,167,63,116,167,64
135,167,71,117,167,69
135,167,79,118,166,73
135,167,87,119,166,79
135,167,95,119,166,84
135,167,103,120,165,89
135,167,111,120,164,94
135,167,119,121,163,99
135,167,127,121,162,105
135,167,135,121,161,111
135,167,143,121,160,117
135,167,151,121,160,123
135,167,159,122,159,131
135,167,167,122,158,139
135,167,175,122,157,150
135,167,183,122,155,162
135,167,191,121,154,176
135,167,199,121,151,192
135,167,207,120,148,208
135,167,215,119,145,223
135,167,223,117,141,235
135,167,231,116,137,245
135,167,239,115,133,251
135,167,247,114,131,254
135,167,255,113,127,255
135,175,0,107,179,32
135,175,7,107,179,35
135,175,15,108,179,38
135,175,23,109,179,42
135,175,31,110,179,47
135,175,39,111,180,50
135,175,47,112,180,55
135,175,55,114,180,60
135,175,63,115,181,64
135,175,71,116,181,69
135,175,79,117,180,73
135,175,87,118,180,79
135,175,95,119,179,84
135,175,103,120,178,89
135,175,111,121,178,94
135,175,119,121,177,99
135,175,127,121,176,105
135,175,135,122,175,110
135,175,143,122,174,116
135,175,151,122,173,122
135,175,159,123,172,129
135,175,167,123,171,137
135,175,175,123,170,145
135,175,183,123,169,156
135,175,191,123,167,169
135,175,199,123,165,184
135,175,207,122,162,200
135,175,215,121,158,215
135,175,223,119,153,229
135,175,231,118,148,240
135,175,239,117,143,249
135,175,247,116,139,253
135,175,255,114,135,255
135,183,0,105,192,33
135,183,7,106,192,35
135,183,15,106,193,38
135,183,23,107,193,42
135,183,31,109,193,47
135,183,39,110,193,51
135,183,47,111,194,55
135,183,55,113,194,59
135,183,63,114,195,64
135,183,71,116,194,69
135,183,79,117,194,74
135,183,87,118,194,78
135,183,95,119,193,84
135,183,103,120,193,89
135,183,111,120,192,94
135,183,119,121,191,99
135,183,127,121,190,104
135,183,135,122,189,110
135,183,143,122,188,115
135,183,151,123,187,121
135,183,159,123,186,128
135,183,167,123,185,135
135,183,175,124,184,143
135,183,183,124,183,152
135,183,191,124,182,163
135,183,199,124,179,177
135,183,207,123,176,192
135,183,215,122,172,207
135,183,223,121,167,222
135,183,231,120,162,235
135,183,239,119,156,245
135,183,247,118,151,253
135,183,255,116,145,254
135,191,0,103,205,33
135,191,7,104,206,35
135,191,15,104,206,37
135,191,23,106,206,41
135,191,31,107,207,45
135,191,39,109,207,51
135,191,47,110,208,55
135,191,55,112,208,59
135,191,63,113,208,64
135,191,71,115,208,68
135,191,79,116,208,73
135,191,87,117,207,78
135,191,95,118,207,83
135,191,103,119,206,88
135,191,111,120,205,93
135,191,119,121,204,98
135,191,127,121,204,103
135,191,135,122,203,109
135,191,143,122,202,114
135,191,151,122,201,120
135,191,159,123,200,126
135,191,167,124,199,133
135,191,175,124,198,140
135,191,183,124,197,148
135,191,191,124,196,158
135,191,199,125,194,170
135,191,207,124,192,185
135,191,215,124,188,199
135,191,223,123,183,214
135,191,231,122,177,228
135,191,239,121,171,241
135,191,247,120,164,249
135,191,255,119,158,255
135,199,0,101,218,34
135,199,7,102,218,36
135,199,15,103,218,38
135,199,23,104,219,41
135,199,31,105,219,45
135,199,39,107,220,49
135,199,47,109,221,55
135,199,55,111,222,59
135,199,63,112,222,63
135,199,71,114,222,68
135,199,79,115,221,73
135,199,87,116,221,78
135,199,95,117,220,83
135,199,103,118,220,87
135,199,111,119,219,93
135,199,119,120,218,97
135,199,127,121,217,103
135,199,135,121,217,108
135,199,143,122,216,113
135,199,151,122,215,119
135,199,159,123,214,125
135,199,167,123,213,131
135,199,175,124,212,138
135,199,183,124,212,145
135,199,191,125,211,154
135,199,199,125,209,165
135,199,207,125,207,177
135,199,215,125,204,191
135,199,223,124,199,207
135,199,231,124,194,222
135,199,239,123,187,235
135,199,247,122,180,247
135,199,255,121,172,252
135,207,0,100,228,34
135,207,7,100,228,36
135,207,15,101,229,39
135,207,23,103,229,42
135,207,31,104,230,45
135,207,39,105,231,49
135,207,47,107,231,53
135,207,55,109,232,58
135,207,63,111,233,63
135,207,71,112,233,67
135,207,79,114,233,72
135,207,87,115,233,77
135,207,95,116,233,82
135,207,103,117,233,87
135,207,111,118,232,91
135,207,119,119,231,96
135,207,127,120,230,101
135,207,135,120,230,106
135,207,143,121,229,111
135,207,151,122,229,117
135,207,159,122,228,123
135,207,167,123,227,130
135,207,175,123,227,136
135,207,183,124,226,142
135,207,191,124,225,150
135,207,199,125,225,159
135,207,207,125,223,171
135,207,215,125,220,184
135,207,223,125,216,199
135,207,231,125,211,214
135,207,239,124,205,230
135,207,247,124,197,243
135,207,255,123,190,252
135,215,0,98,237,35
135,215,7,99,238,37
135,215,15,100,238,39
135,215,23,101,238,42
135,215,31,103,239,47
135,215,39,104,239,50
135,215,47,106,240,54
135,215,55,107,241,58
135,215,63,109,242,62
135,215,71,111,242,66
135,215,79,112,242,71
135,215,87,114,242,75
135,215,95,115,242,80
135,215,103,116,242,85
135,215,111,117,242,90
135,215,119,118,242,94
135,215,127,119,241,99
135,215,135,120,241,104
135,215,143,120,241,109
135,215,151,121,240,115
135,215,159,121,239,120
135,215,167,122,238,126
135,215,175,122,238,133
135,215,183,123,238,140
135,215,191,124,237,147
135,215,199,124,237,155
135,215,207,124,236,165
135,215,215,125,234,178
135,215,223,125,231,192
135,215,231,125,228,207
135,215,239,125,222,223
135,215,247,124,215,238
135,215,255,124,208,250
135,223,0,96,244,35
135,223,7,97,244,37
135,223,15,98,244,39
135,223,23,99,245,42
135,223,31,101,245,45
135,223,39,103,246,50
135,223,47,104,246,54
135,223,55,106,247,57
135,223,63,107,248,61
135,223,71,109,248,65
135,223,79,111,249,69
135,223,87,112,249,74
135,223,95,113,249,78
135,223,103,114,249,83
135,223,111,116,249,88
135,223,119,116,248,92
135,223,127,117,248,97
135,223,135,118,248,102
135,223,143,119,248,107
135,223,151,119,248,112
135,223,159,120,248,118
135,223,167,121,247,123
135,223,175,121,247,129
135,223,183,122,246,136
135,223,191,122,246,143
135,223,199,123,245,152
135,223,207,123,245,161
135,223,215,124,244,172
135,223,223,124,242,185
135,223,231,124,239,200
135,223,239,125,235,216
135,223,247,125,231,234
135,223,255,125,225,247
135,231,0,95,249,36
135,231,7,96,249,37
135,231,15,97,249,39
135,231,23,98,249,41
135,231,31,99,250,44
135,231,39,101,250,48
135,231,47,103,251,53
135,231,55,104,251,56
135,231,63,106,251,60
135,231,71,107,252,64
135,231,79,109,252,68
135,231,87,110,252,72
135,231,95,112,252,77
135,231,103,113,252,81
135,231,111,114,253,86
135,231,119,115,253,90
135,231,127,116,253,95
135,231,135,117,253,99
135,231,143,117,252,104
135,231,151,118,252,109
135,231,159,119,252,114
135,231,167,119,252,120
135,231,175,120,252,126
135,231,183,121,252,133
135,231,191,121,252,140
135,231,199,121,251,148
135,231,207,122,251,157
135,231,215,122,250,167
135,231,223,123,250,179
135,231,231,123,248,193
135,231,239,124,246,209
135,231,247,124,243,226
135,231,255,125,239,243
135,239,0,94,253,37
135,239,7,95,253,39
135,239,15,95,253,40
135,239,23,96,253,42
135,239,31,97,253,45
135,239,39,99,254,48
135,239,47,101,254,51
135,239,55,103,254,56
135,239,63,104,254,59
135,239,71,105,254,63
135,239,79,107,254,67
135,239,87,109,254,71
135,239,95,110,254,75
135,239,103,111,254,79
135,239,111,112,254,83
135,239,119,113,254,88
135,239,127,114,254,92
135,239,135,115,254,97
135,239,143,116,255,102
135,239,151,117,255,107
135,239,159,117,254,112
135,239,167,118,254,117
135,239,175,118,254,123
135,239,183,119,254,129
135,239,191,119,255,136
135,239,199,120,255,144
135,239,207,120,255,153
135,239,215,121,254,162
135,239,223,121,254,174
135,239,231,122,253,187
135,239,239,122,253,201
135,239,247,123,251,219
135,239,255,124,249,235
135,247,0,93,254,37
135,247,7,93,254,38
135,247,15,94,255,40
135,247,23,95,255,43
135,247,31,96,255,45
135,247,39,97,255,48
135,247,47,99,255,51
135,247,55,100,255,54
135,247,63,102,255,58
135,247,71,104,255,62
135,247,79,105,255,66
135,247,87,107,255,70
135,247,95,108,255,74
135,247,103,110,255,78
135,247,111,111,255,82
135,247,119,112,255,86
135,247,127,113,255,90
135,247,135,114,255,95
135,247,143,114,255,99
135,247,151,115,255,104
135,247,159,115,255,109
135,247,167,116,255,114
135,247,175,116,255,120
135,247,183,117,255,126
135,247,191,118,255,133
135,247,199,118,255,140
135,247,207,119,255,149
135,247,215,119,255,158
135,247,223,120,255,169
135,247,231,120,255,181
135,247,239,121,255,196
135,247,247,121,255,212
135,247,255,123,255,228
135,255,0,92,255,37
135,255,7,92,255,38
135,255,15,93,255,40
135,255,23,94,255,42
135,255,31,95,255,45
135,255,39,96,255,48
135,255,47,97,255,50
135,255,55,98,255,53
135,255,63,100,255,57
135,255,71,102,255,60
135,255,79,103,255,64
135,255,87,105,255,68
135,255,95,106,255,73
135,255,103,108,255,77
135,255,111,110,255,81
135,255,119,111,255,85
135,255,127,112,255,89
135,255,135,113,255,93
135,255,143,114,255,98
135,255,151,114,255,102
135,255,159,115,255,107
135,255,167,115,255,113
135,255,175,115,255,118
135,255,183,116,255,124
135,255,191,116,255,131
135,255,199,116,255,138
135,255,207,117,255,146
135,255,215,117,255,155
135,255,223,118,255,165
135,255,231,119,255,178
135,255,239,120,255,191
135,255,247,120,255,206
135,255,255,121,255,220
143,0,0,117,2,23
143,0,7,118,2,30
143,0,15,118,2,38
143,0,23,118,2,46
143,0,31,119,2,54
143,0,39,118,2,62
143,0,47,118,3,69
143,0,55,118,3,77
143,0,63,117,3,86
143,0,71,116,3,97
143,0,79,116,4,108
143,0,87,115,6,122
143,0,95,114,7,138
143,0,103,113,8,156
143,0,111,112,9,175
143,0,119,110,11,192
143,0,127,108,13,206
143,0,135,106,17,217
143,0,143,103,20,225
143,0,151,101,24,230
143,0,159,99,28,233
143,0,167,97,31,235
143,0,175,95,34,237
143,0,183,93,36,239
143,0,191,91,37,241
143,0,199,89,38,243
143,0,207,88,39,245
143,0,215,86,40,247
143,0,223,85,41,249
143,0,231,83,41,251
143,0,239,82,41,253
143,0,247,80,41,254
143,0,255,79,42,255
143,7,0,117,3,23
143,7,7,117,3,30
143,7,15,118,3,38
143,7,23,118,4,45
143,7,31,118,4,53
143,7,39,118,4,61
143,7,47,118,4,69
143,7,55,117,5,77
143,7,63,117,5,85
143,7,71,116,5,95
143,7,79,115,6,106
143,7,87,115,7,119
143,7,95,114,9,134
143,7,103,113,10,151
143,7,111,112,11,170
143,7,119,110,13,188
143,7,127,108,16,203
143,7,135,106,19,214
143,7,143,104,23,222
143,7,151,102,27,228
143,7,159,99,31,232
143,7,167,97,35,235
143,7,175,95,38,237
143,7,183,94,39,239
143,7,191,92,41,241
143,7,199,90,41,243
143,7,207,88,42,245
143,7,215,87,43,247
143,7,223,86,44,249
143,7,231,84,45,251
143,7,239,83,45,252
143,7,247,81,44,254
143,7,255,80,45,254
143,15,0,116,5,24
143,15,7,117,5,30
143,15,15,117,5,38
143,15,23,117,6,45
143,15,31,118,6,53
143,15,39,117,7,60
143,15,47,117,7,68
143,15,55,117,7,76
143,15,63,117,8,84
143,15,71,116,8,94
143,15,79,115,9,104
143,15,87,115,10,116
143,15,95,114,11,130
143,15,103,113,12,146
143,15,111,112,14,165
143,15,119,111,16,183
143,15,127,109,19,198
143,15,135,107,23,210
143,15,143,105,26,219
143,15,151,103,30,226
143,15,159,100,34,231
143,15,167,98,38,234
143,15,175,96,42,236
143,15,183,95,44,239
143,15,191,93,45,241
143,15,199,91,45,243
143,15,207,90,46,245
143,15,215,88,46,247
143,15,223,87,47,249
143,15,231,85,49,251
143,15,239,84,49,252
143,15,247,82,48,253
143,15,255,81,48,254
143,23,0,115,8,24
143,23,7,116,8,30
143,23,15,116,9,38
143,23,23,117,9,45
143,23,31,117,10,52
143,23,39,117,11,60
143,23,47,117,11,67
143,23,55,117,12,74
143,23,63,116,12,83
143,23,71,116,13,92
143,23,79,115,13,102
143,23,87,115,14,113
143,23,95,114,15,126
143,23,103,113,16,141
143,23,111,112,18,158
143,23,119,111,20,176
143,23,127,110,23,191
143,23,135,108,27,204
143,23,143,106,31,215
143,23,151,104,35,223
143,23,159,101,39,229
143,23,167,99,42,233
143,23,175,98,46,236
143,23,183,96,50,238
143,23,191,94,51,241
143,23,199,93,51,243
143,23,207,91,51,245
143,23,215,90,51,247
143,23,223,88,52,249
143,23,231,87,53,250
143,23,239,86,54,252
143,23,247,84,54,253
143,23,255,83,53,254
143,31,0,114,13,24
143,31,7,115,13,30
143,31,15,115,14,38
143,31,23,116,15,44
143,31,31,116,16,52
143,31,39,116,16,58
143,31,47,116,17,66
143,31,55,116,18,73
143,31,63,116,18,81
143,31,71,116,18,90
143,31,79,115,19,99
143,31,87,115,20,109
143,31,95,114,21,122
143,31,103,114,22,136
143,31,111,113,23,152
143,31,119,112,25,169
143,31,127,110,28,183
143,31,135,109,32,196
143,31,143,107,36,208
143,31,151,105,40,218
143,31,159,103,44,227
143,31,167,101,47,232
143,31,175,99,51,236
143,31,183,97,54,239
143,31,191,96,56,241
143,31,199,94,58,243
143,31,207,93,57,245
143,31,215,92,58,247
143,31,223,90,58,249
143,31,231,89,58,250
143,31,239,87,58,252
143,31,247,86,59,253
143,31,255,85,59,254
143,39,0,114,19,24
143,39,7,114,20,30
143,39,15,115,20,37
143,39,23,115,21,44
143,39,31,115,22,51
143,39,39,116,23,57
143,39,47,116,24,64
143,39,55,116,24,71
143,39,63,116,25,79
143,39,71,115,26,87
143,39,79,115,26,96
143,39,87,115,27,105
143,39,95,115,27,117
143,39,103,114,28,130
143,39,111,113,29,144
143,39,119,112,30,160
143,39,127,111,33,175
143,39,135,110,36,189
143,39,143,108,41,201
143,39,151,106,45,213
143,39,159,104,49,223
143,39,167,102,52,231
143,39,175,100,55,236
143,39,183,99,58,240
143,39,191,97,60,242
143,39,199,96,62,243
143,39,207,95,64,245
143,39,215,94,64,247
143,39,223,92,63,249
143,39,231,91,63,250
143,39,239,89,63,252
143,39,247,88,64,253
143,39,255,87,64,254
143,47,0,113,27,24
143,47,7,114,27,30
143,47,15,114,28,36
143,47,23,115,29,43
143,47,31,115,29,49
143,47,39,115,30,56
143,47,47,115,31,62
143,47,55,115,31,69
143,47,63,115,32,76
143,47,71,115,32,84
143,47,79,115,33,93
143,47,87,115,33,102
143,47,95,115,34,112
143,47,103,114,35,124
143,47,111,114,35,137
143,47,119,113,37,152
143,47,127,112,38,167
143,47,135,111,41,181
143,47,143,109,45,195
143,47,151,108,49,208
143,47,159,106,52,220
143,47,167,104,56,231
143,47,175,102,59,236
143,47,183,100,62,241
143,47,191,99,64,242
143,47,199,98,66,244
143,47,207,97,67,246
143,47,215,95,68,247
143,47,223,94,69,249
143,47,231,93,69,250
143,47,239,91,68,252
143,47,247,90,68,253
143,47,255,89,68,254
143,55,0,113,35,24
143,55,7,113,36,30
143,55,15,114,36,35
143,55,23,115,37,43
143,55,31,115,37,48
143,55,39,115,38,55
143,55,47,115,39,61
143,55,55,115,39,67
143,55,63,115,40,74
143,55,71,115,40,81
143,55,79,115,40,89
143,55,87,115,40,98
143,55,95,115,41,108
143,55,103,114,41,119
143,55,111,114,42,131
143,55,119,113,43,145
143,55,127,113,44,158
143,55,135,112,46,173
143,55,143,111,49,188
143,55,151,109,52,203
143,55,159,107,56,217
143,55,167,105,59,228
143,55,175,104,62,236
143,55,183,102,65,241
143,55,191,101,67,243
143,55,199,100,69,244
143,55,207,99,70,246
143,55,215,97,71,247
143,55,223,96,72,249
143,55,231,95,72,251
143,55,239,93,72,252
143,55,247,92,72,253
143,55,255,91,72,254
143,63,0,113,43,24
143,63,7,114,44,30
143,63,15,114,44,35
143,63,23,114,44,41
143,63,31,115,45,48
143,63,39,115,45,53
143,63,47,115,46,59
143,63,55,115,47,65
143,63,63,115,47,72
143,63,71,115,47,79
143,63,79,115,48,86
143,63,87,115,48,94
143,63,95,115,48,104
143,63,103,114,48,114
143,63,111,114,49,125
143,63,119,114,49,138
143,63,127,113,50,151
143,63,135,113,52,165
143,63,143,112,54,180
143,63,151,110,57,197
143,63,159,109,60,213
143,63,167,107,62,226
143,63,175,105,65,237
143,63,183,104,68,240
143,63,191,103,70,243
143,63,199,102,72,245
143,63,207,100,73,246
143,63,215,99,74,248
143,63,223,98,75,249
143,63,231,96,75,251
143,63,239,95,75,252
143,63,247,94,75,253
143,63,255,92,75,254
143,71,0,113,52,24
143,71,7,114,52,30
143,71,15,114,52,35
143,71,23,115,53,40
143,71,31,115,53,47
143,71,39,115,53,52
143,71,47,115,54,58
143,71,55,115,54,64
143,71,63,115,55,70
143,71,71,115,55,76
143,71,79,115,55,83
143,71,87,115,55,91
143,71,95,115,55,100
143,71,103,115,56,109
143,71,111,114,56,120
143,71,119,114,56,131
143,71,127,114,56,144
143,71,135,113,57,156
143,71,143,113,59,173
143,71,151,112,61,189
143,71,159,110,64,207
143,71,167,109,66,223
143,71,175,107,68,235
143,71,183,105,71,242
143,71,191,104,73,243
143,71,199,103,75,245
143,71,207,102,76,246
143,71,215,101,77,248
143,71,223,100,77,249
143,71,231,98,77,251
143,71,239,97,77,252
143,71,247,96,77,253
143,71,255,94,77,254
143,79,0,114,60,25
143,79,7,114,60,30
143,79,15,115,61,35
143,79,23,115,61,40
143,79,31,115,61,46
143,79,39,115,61,52
143,79,47,115,62,57
143,79,55,115,62,62
143,79,63,115,62,68
143,79,71,115,63,74
143,79,79,115,63,81
143,79,87,115,63,88
143,79,95,115,63,96
143,79,103,115,63,105
143,79,111,115,63,114
143,79,119,115,63,125
143,79,127,114,64,136
143,79,135,114,64,149
143,79,143,114,65,164
143,79,151,113,67,181
143,79,159,111,68,199
143,79,167,110,70,218
143,79,175,109,72,231
143,79,183,107,74,240
143,79,191,106,76,244
143,79,199,105,78,245
143,79,207,104,79,246
143,79,215,103,79,248
143,79,223,101,80,249
143,79,231,100,80,251
143,79,239,99,79,253
143,79,247,97,79,253
143,79,255,96,79,254
143,87,0,114,69,25
143,87,7,115,69,30
143,87,15,115,69,35
143,87,23,115,69,40
143,87,31,116,70,46
143,87,39,116,70,51
143,87,47,116,70,56
143,87,55,115,70,61
143,87,63,115,71,67
143,87,71,115,71,73
143,87,79,115,71,79
143,87,87,115,71,86
143,87,95,115,71,93
143,87,103,115,71,101
143,87,111,115,71,109
143,87,119,115,71,119
143,87,127,115,71,130
143,87,135,115,71,142
143,87,143,115,72,156
143,87,151,114,73,172
143,87,159,113,74,190
143,87,167,112,75,209
143,87,175,110,77,227
143,87,183,109,78,237
143,87,191,108,80,244
143,87,199,107,81,246
143,87,207,105,82,247
143,87,215,104,82,248
143,87,223,103,82,250
143,87,231,102,82,251
143,87,239,100,82,253
143,87,247,99,82,254
143,87,255,98,81,254
143,95,0,115,77,25
143,95,7,115,77,29
143,95,15,116,78,34
143,95,23,116,78,41
143,95,31,116,78,46
143,95,39,116,78,51
143,95,47,116,79,56
143,95,55,116,79,60
143,95,63,116,79,66
143,95,71,116,79,71
143,95,79,116,79,77
143,95,87,116,79,84
143,95,95,116,79,90
143,95,103,116,79,98
143,95,111,116,79,106
143,95,119,116,79,114
143,95,127,116,79,124
143,95,135,116,79,135
143,95,143,116,79,149
143,95,151,116,80,163
143,95,159,114,80,181
143,95,167,113,81,199
143,95,175,112,82,218
143,95,183,111,83,232
143,95,191,109,84,241
143,95,199,108,85,246
143,95,207,107,86,247
143,95,215,106,86,249
143,95,223,105,86,250
143,95,231,104,86,252
143,95,239,102,85,253
143,95,247,101,85,254
143,95,255,99,84,254
143,103,0,116,85,26
143,103,7,116,86,30
143,103,15,116,86,34
143,103,23,117,86,40
143,103,31,117,86,46
143,103,39,117,87,51
143,103,47,117,87,56
143,103,55,117,87,60
143,103,63,117,87,65
143,103,71,117,87,70
143,103,79,117,87,76
143,103,87,116,87,82
143,103,95,117,87,88
143,103,103,117,87,95
143,103,111,117,87,103
143,103,119,117,87,111
143,103,127,117,87,120
143,103,135,117,87,130
143,103,143,117,87,141
143,103,151,117,87,156
143,103,159,116,87,172
143,103,167,115,87,190
143,103,175,114,87,209
143,103,183,112,88,226
143,103,191,111,88,237
143,103,199,110,89,245
143,103,207,109,89,248
143,103,215,108,90,250
143,103,223,106,90,251
143,103,231,105,89,252
143,103,239,104,89,253
143,103,247,103,88,254
143,103,255,102,87,254
143,111,0,116,94,27
143,111,7,117,94,31
143,111,15,117,94,35
143,111,23,117,94,40
143,111,31,118,94,46
143,111,39,118,95,51
143,111,47,118,95,55
143,111,55,118,95,60
143,111,63,118,95,65
143,111,71,118,95,70
143,111,79,117,95,75
143,111,87,118,95,81
143,111,95,118,95,87
143,111,103,118,95,94
143,111,111,118,95,100
143,111,119,118,94,108
143,111,127,118,94,115
143,111,135,118,94,125
143,111,143,118,94,135
143,111,151,118,94,148
143,111,159,118,93,163
143,111,167,117,93,181
143,111,175,116,93,200
143,111,183,114,93,216
143,111,191,113,94,231
143,111,199,112,94,240
143,111,207,110,94,248
143,111,215,109,94,250
143,111,223,108,94,251
143,111,231,107,93,252
143,111,239,106,93,253
143,111,247,105,92,254
143,111,255,104,90,254
143,119,0,116,102,27
143,119,7,117,102,31
143,119,15,117,102,35
143,119,23,118,102,40
143,119,31,118,103,45
143,119,39,118,103,51
143,119,47,119,103,55
143,119,55,119,103,60
143,119,63,119,103,64
143,119,71,119,103,69
143,119,79,119,103,75
143,119,87,119,103,80
143,119,95,119,103,86
143,119,103,119,102,92
143,119,111,119,102,99
143,119,119,119,102,105
143,119,127,119,101,113
143,119,135,119,101,121
143,119,143,120,101,130
143,119,151,119,101,142
143,119,159,119,100,156
143,119,167,118,100,172
143,119,175,117,100,190
143,119,183,116,99,208
143,119,191,115,99,223
143,119,199,113,99,236
143,119,207,112,99,244
143,119,215,111,98,250
143,119,223,110,98,252
143,119,231,109,97,253
143,119,239,107,97,254
143,119,247,106,96,254
143,119,255,105,94,254
143,127,0,116,110,27
143,127,7,117,111,32
143,127,15,118,111,37
143,127,23,118,111,42
143,127,31,118,111,46
143,127,39,119,111,51
143,127,47,119,111,56
143,127,55,119,111,60
143,127,63,120,111,64
143,127,71,120,111,69
143,127,79,120,111,74
143,127,87,120,111,80
143,127,95,120,111,86
143,127,103,120,110,91
143,127,111,120,110,97
143,127,119,120,109,104
143,127,127,120,109,111
143,127,135,120,108,118
143,127,143,120,108,127
143,127,151,120,108,137
143,127,159,120,108,149
143,127,167,120,107,165
143,127,175,119,107,182
143,127,183,118,106,200
143,127,191,117,105,216
143,127,199,115,105,230
143,127,207,114,104,241
143,127,215,113,103,247
143,127,223,111,103,251
143,127,231,110,102,253
143,127,239,109,101,254
143,127,247,108,100,254
143,127,255,107,99,255
143,135,0,116,119,28
143,135,7,117,119,31
143,135,15,117,119,36
143,135,23,118,119,42
143,135,31,119,120,47
143,135,39,119,120,51
143,135,47,120,120,56
143,135,55,120,120,60
143,135,63,120,120,64
143,135,71,121,120,69
143,135,79,121,120,74
143,135,87,121,119,80
143,135,95,122,119,85
143,135,103,122,119,91
143,135,111,122,118,96
143,135,119,122,117,102
143,135,127,122,117,109
143,135,135,121,116,116
143,135,143,121,116,124
143,135,151,122,115,133
143,135,159,122,115,144
143,135,167,121,115,157
143,135,175,121,114,174
143,135,183,120,113,191
143,135,191,119,112,209
143,135,199,117,111,224
143,135,207,116,110,237
143,135,215,114,109,245
143,135,223,113,108,250
143,135,231,112,107,252
143,135,239,111,106,254
143,135,247,110,104,254
143,135,255,108,103,254
143,143,0,116,128,28
143,143,7,116,128,32
143,143,15,117,128,35
143,143,23,118,128,41
143,143,31,119,128,48
143,143,39,119,129,51
143,143,47,120,129,56
143,143,55,120,129,60
143,143,63,121,129,64
143,143,71,121,129,69
143,143,79,122,129,74
143,143,87,122,129,80
143,143,95,123,128,85
143,143,103,123,128,90
143,143,111,123,127,96
143,143,119,123,126,102
143,143,127,123,125,108
143,143,135,123,124,114
143,143,143,123,123,121
143,143,151,123,123,130
143,143,159,123,123,140
143,143,167,123,123,152
143,143,175,122,122,166
143,143,183,122,121,183
143,143,191,121,120,200
143,143,199,119,118,218
143,143,207,118,117,231
143,143,215,116,115,242
143,143,223,115,114,248
143,143,231,114,112,252
143,143,239,113,111,254
143,143,247,111,109,254
143,143,255,110,108,254
143,151,0,115,138,30
143,151,7,116,138,33
143,151,15,116,138,36
143,151,23,117,138,40
143,151,31,118,138,46
143,151,39,119,139,52
143,151,47,120,139,56
143,151,55,121,139,60
143,151,63,121,139,65
143,151,71,122,139,69
143,151,79,123,139,74
143,151,87,123,139,80
143,151,95,124,138,85
143,151,103,124,137,90
143,151,111,124,137,95
143,151,119,124,136,101
143,151,127,124,135,107
143,151,135,124,134,113
143,151,143,124,133,120
143,151,151,124,133,127
143,151,159,124,132,136
143,151,167,124,132,146
143,151,175,124,131,160
143,151,183,123,130,175
143,151,191,122,129,192
143,151,199,121,127,209
143,151,207,120,125,226
143,151,215,118,123,237
143,151,223,117,121,246
143,151,231,116,119,250
143,151,239,114,117,254
143,151,247,113,115,254
143,151,255,112,113,255
143,159,0,115,149,32
143,159,7,115,149,35
143,159,15,116,149,37
143,159,23,117,149,41
143,159,31,117,149,46
143,159,39,118,150,51
143,159,47,120,150,57
143,159,55,120,150,60
143,159,63,121,150,65
143,159,71,122,150,69
143,159,79,123,150,74
143,159,87,124,150,79
143,159,95,124,149,85
143,159,103,125,149,90
143,159,111,125,148,95
143,159,119,125,147,101
143,159,127,125,146,106
143,159,135,125,145,112
143,159,143,125,144,119
143,159,151,125,144,126
143,159,159,125,143,134
143,159,167,126,142,143
143,159,175,126,142,154
143,159,183,125,141,168
143,159,191,124,139,184
143,159,199,124,137,200
143,159,207,122,135,217
143,159,215,121,132,232
143,159,223,119,129,241
143,159,231,118,127,248
143,159,239,117,124,252
143,159,247,115,122,254
143,159,255,114,119,255
143,167,0,114,160,32
143,167,7,114,160,35
143,167,15,115,160,39
143,167,23,116,160,43
143,167,31,117,161,47
143,167,39,118,161,51
143,167,47,119,162,56
143,167,55,120,162,61
143,167,63,121,162,65
143,167,71,122,162,69
143,167,79,123,162,74
143,167,87,124,162,80
143,167,95,124,161,85
143,167,103,125,160,90
143,167,111,125,159,95
143,167,119,126,159,100
143,167,127,126,158,106
143,167,135,126,157,112
143,167,143,126,157,118
143,167,151,126,156,124
143,167,159,127,155,132
143,167,167,127,154,140
143,167,175,127,154,150
143,167,183,127,152,162
143,167,191,126,151,176
143,167,199,126,149,193
143,167,207,124,146,209
143,167,215,123,143,224
143,167,223,121,139,236
143,167,231,120,135,245
143,167,239,118,132,251
143,167,247,117,130,254
143,167,255,116,127,255
143,175,0,112,173,33
143,175,7,113,173,35
143,175,15,114,173,38
143,175,23,114,174,43
143,175,31,116,174,48
143,175,39,117,174,52
143,175,47,118,175,56
143,175,55,119,175,61
143,175,63,120,175,65
143,175,71,122,175,70
143,175,79,123,175,75
143,175,87,124,175,80
143,175,95,125,174,85
143,175,103,125,174,90
143,175,111,126,173,95
143,175,119,126,172,100
143,175,127,126,171,106
143,175,135,127,170,111
143,175,143,127,169,117
143,175,151,127,169,123
143,175,159,128,168,130
143,175,167,128,167,137
143,175,175,128,166,146
143,175,183,128,165,157
143,175,191,128,164,170
143,175,199,127,162,184
143,175,207,126,159,201
143,175,215,125,155,216
143,175,223,124,151,230
143,175,231,122,146,241
143,175,239,121,142,249
143,175,247,119,138,253
143,175,255,118,134,255
143,183,0,111,187,33
143,183,7,111,187,35
143,183,15,112,187,38
143,183,23,113,187,42
143,183,31,114,188,47
143,183,39,116,188,52
143,183,47,117,188,56
143,183,55,118,189,60
143,183,63,120,189,65
143,183,71,121,189,70
143,183,79,122,189,75
143,183,87,123,189,80
143,183,95,124,188,85
143,183,103,125,187,90
143,183,111,126,186,95
143,183,119,126,186,100
143,183,127,127,185,105
143,183,135,127,184,111
143,183,143,127,184,117
143,183,151,128,183,122
143,183,159,128,182,129
143,183,167,129,181,136
143,183,175,129,180,144
143,183,183,129,179,153
143,183,191,129,178,164
143,183,199,129,176,178
143,183,207,128,173,193
143,183,215,127,169,208
143,183,223,126,165,223
143,183,231,125,159,236
143,183,239,123,154,245
143,183,247,122,149,252
143,183,255,120,144,254
143,191,0,109,200,34
143,191,7,109,200,36
143,191,15,110,200,38
143,191,23,111,201,41
143,191,31,112,201,46
143,191,39,114,202,51
143,191,47,116,202,56
143,191,55,117,202,60
143,191,63,119,203,65
143,191,71,120,203,70
143,191,79,121,203,74
143,191,87,123,202,80
143,191,95,124,202,85
143,191,103,125,201,90
143,191,111,125,201,95
143,191,119,126,200,100
143,191,127,127,199,105
143,191,135,127,198,110
143,191,143,128,197,116
143,191,151,128,197,122
143,191,159,128,196,128
143,191,167,129,195,135
143,191,175,129,194,142
143,191,183,130,193,150
143,191,191,130,192,160
143,191,199,130,191,171
143,191,207,129,188,186
143,191,215,129,184,201
143,191,223,128,180,215
143,191,231,127,174,229
143,191,239,125,168,241
143,191,247,124,162,249
143,191,255,123,156,254
143,199,0,107,212,34
143,199,7,107,213,37
143,199,15,108,213,39
143,199,23,109,214,42
143,199,31,111,214,46
143,199,39,112,215,50
143,199,47,114,216,55
143,199,55,116,216,60
143,199,63,117,216,64
143,199,71,119,216,69
143,199,79,120,216,74
143,199,87,122,216,79
143,199,95,123,216,84
143,199,103,124,215,89
143,199,111,125,215,94
143,199,119,126,214,99
143,199,127,126,213,104
143,199,135,127,212,110
143,199,143,127,212,115
143,199,151,128,211,121
143,199,159,128,210,127
143,199,167,129,209,134
143,199,175,129,209,140
143,199,183,130,208,147
143,199,191,130,207,156
143,199,199,130,206,166
143,199,207,131,204,179
143,199,215,130,200,194
143,199,223,130,196,208
143,199,231,129,191,223
143,199,239,128,184,236
143,199,247,127,177,248
143,199,255,124,170,252
143,207,0,104,224,34
143,207,7,105,224,37
143,207,15,106,225,39
143,207,23,108,225,43
143,207,31,109,226,46
143,207,39,110,227,50
143,207,47,112,228,54
143,207,55,114,229,59
143,207,63,116,229,64
143,207,71,117,229,68
143,207,79,119,230,73
143,207,87,120,229,78
143,207,95,122,229,83
143,207,103,123,228,88
143,207,111,124,228,93
143,207,119,125,227,98
143,207,127,125,227,103
143,207,135,126,226,108
143,207,143,127,226,114
143,207,151,127,225,120
143,207,159,128,224,125
143,207,167,128,224,132
143,207,175,129,223,138
143,207,183,129,222,145
143,207,191,130,222,153
143,207,199,131,221,162
143,207,207,131,220,173
143,207,215,131,217,186
143,207,223,131,213,201
143,207,231,130,208,217
143,207,239,130,202,232
143,207,247,128,195,243
143,207,255,127,187,253
143,215,0,103,233,35
143,215,7,103,233,37
143,215,15,104,234,39
143,215,23,106,234,42
143,215,31,107,235,47
143,215,39,109,236,51
143,215,47,111,237,54
143,215,55,112,237,58
143,215,63,114,238,63
143,215,71,116,239,68
143,215,79,117,239,72
143,215,87,119,240,77
143,215,95,120,240,82
143,215,103,122,240,87
143,215,111,123,240,92
143,215,119,124,239,97
143,215,127,124,238,102
143,215,135,125,238,107
143,215,143,126,237,112
143,215,151,126,237,117
143,215,159,127,236,123
143,215,167,128,236,129
143,215,175,128,236,136
143,215,183,129,235,142
143,215,191,129,234,149
143,215,199,130,234,158
143,215,207,130,233,168
143,215,215,131,232,181
143,215,223,131,229,195
143,215,231,131,225,209
143,215,239,130,219,225
143,215,247,130,213,241
143,215,255,129,206,250
143,223,0,101,241,35
143,223,7,101,242,37
143,223,15,102,242,39
143,223,23,103,242,42
143,223,31,105,243,46
143,223,39,107,243,50
143,223,47,109,244,55
143,223,55,110,245,58
143,223,63,112,245,62
143,223,71,114,246,67
143,223,79,116,246,71
143,223,87,117,246,75
143,223,95,119,247,80
143,223,103,120,247,85
143,223,111,121,247,90
143,223,119,122,247,95
143,223,127,123,247,100
143,223,135,124,247,105
143,223,143,125,247,110
143,223,151,125,246,115
143,223,159,126,245,120
143,223,167,126,245,126
143,223,175,127,244,132
143,223,183,128,244,139
143,223,191,128,244,146
143,223,199,129,244,155
143,223,207,129,243,164
143,223,215,130,242,175
143,223,223,130,240,188
143,223,231,130,237,203
143,223,239,131,234,219
143,223,247,130,228,236
143,223,255,130,223,249
143,231,0,99,247,36
143,231,7,100,247,37
143,231,15,101,247,39
143,231,23,102,248,41
143,231,31,103,248,45
143,231,39,105,248,49
143,231,47,107,249,53
143,231,55,109,250,58
143,231,63,110,250,61
143,231,71,112,251,65
143,231,79,114,251,70
143,231,87,115,251,74
143,231,95,117,251,79
143,231,103,118,251,83
143,231,111,119,252,88
143,231,119,121,252,93
143,231,127,122,252,97
143,231,135,123,252,102
143,231,143,123,252,107
143,231,151,124,252,112
143,231,159,125,252,118
143,231,167,125,252,124
143,231,175,126,251,130
143,231,183,126,251,136
143,231,191,127,250,143
143,231,199,128,250,151
143,231,207,128,250,160
143,231,215,129,250,171
143,231,223,129,249,182
143,231,231,129,247,196
143,231,239,130,244,212
143,231,247,130,241,229
143,231,255,130,238,245
143,239,0,98,251,37
143,239,7,99,251,39
143,239,15,100,251,41
143,239,23,100,252,43
143,239,31,102,252,45
143,239,39,103,252,48
143,239,47,105,252,52
143,239,55,107,253,56
143,239,63,109,253,60
143,239,71,110,253,64
143,239,79,112,253,68
143,239,87,114,253,73
143,239,95,115,254,77
143,239,103,117,254,81
143,239,111,118,254,86
143,239,119,119,254,90
143,239,127,120,254,95
143,239,135,121,254,100
143,239,143,122,254,105
143,239,151,122,254,110
143,239,159,123,254,115
143,239,167,124,254,120
143,239,175,124,254,126
143,239,183,125,254,133
143,239,191,126,255,140
143,239,199,126,254,147
143,239,207,126,254,156
143,239,215,127,253,166
143,239,223,128,253,177
143,239,231,128,253,190
143,239,239,129,252,205
143,239,247,129,250,222
143,239,255,130,248,237
143,247,0,96,254,36
143,247,7,97,254,38
143,247,15,98,254,40
143,247,23,99,255,43
143,247,31,100,255,46
143,247,39,101,255,49
143,247,47,103,255,52
143,247,55,105,255,55
143,247,63,107,255,59
143,247,71,108,255,63
143,247,79,110,255,67
143,247,87,112,255,71
143,247,95,113,255,76
143,247,103,115,255,80
143,247,111,116,255,84
143,247,119,117,255,89
143,247,127,118,255,93
143,247,135,119,255,98
143,247,143,120,255,102
143,247,151,121,255,107
143,247,159,121,255,113
143,247,167,122,255,118
143,247,175,122,255,123
143,247,183,123,255,130
143,247,191,124,255,136
143,247,199,124,255,144
143,247,207,125,255,152
143,247,215,125,255,162
143,247,223,126,255,172
143,247,231,126,255,185
143,247,239,127,255,199
143,247,247,128,255,215
143,247,255,129,255,231
143,255,0,95,255,37
143,255,7,96,255,39
143,255,15,96,255,40
143,255,23,97,255,42
143,255,31,98,255,45
143,255,39,100,255,49
143,255,47,101,255,52
143,255,55,103,255,54
143,255,63,104,255,58
143,255,71,106,255,62
143,255,79,108,255,66
143,255,87,110,255,70
143,255,95,111,255,75
143,255,103,113,255,79
143,255,111,115,255,83
143,255,119,117,255,88
143,255,127,117,255,92
143,255,135,118,255,96
143,255,143,119,255,101
143,255,151,120,255,105
143,255,159,120,255,111
143,255,167,121,255,116
143,255,175,121,255,122
143,255,183,121,255,128
143,255,191,122,255,134
143,255,199,122,255,141
143,255,207,123,255,149
143,255,215,123,255,158
143,255,223,124,255,169
143,255,231,125,255,181
143,255,239,126,255,194
143,255,247,126,255,209
143,255,255,127,255,223
151,0,0,124,1,24
151,0,7,124,1,30
151,0,15,125,1,39
151,0,23,125,1,47
151,0,31,126,2,54
151,0,39,125,3,62
151,0,47,125,3,70
151,0,55,125,4,78
151,0,63,124,4,87
151,0,71,124,5,97
151,0,79,123,6,109
151,0,87,123,6,123
151,0,95,122,7,138
151,0,103,120,7,156
151,0,111,119,8,174
151,0,119,117,10,191
151,0,127,115,13,205
151,0,135,113,17,216
151,0,143,110,22,225
151,0,151,107,26,230
151,0,159,105,29,234
151,0,167,102,32,236
151,0,175,100,35,237
151,0,183,98,37,239
151,0,191,96,38,241
151,0,199,94,39,243
151,0,207,92,40,245
151,0,215,90,42,247
151,0,223,89,42,249
151,0,231,87,42,251
151,0,239,85,42,253
151,0,247,84,42,254
151,0,255,82,43,255
151,7,0,123,2,24
151,7,7,124,2,30
151,7,15,124,2,38
151,7,23,125,3,46
151,7,31,125,3,54
151,7,39,125,4,61
151,7,47,125,5,69
151,7,55,124,5,77
151,7,63,124,6,86
151,7,71,123,7,96
151,7,79,123,7,107
151,7,87,122,8,120
151,7,95,122,9,135
151,7,103,120,9,152
151,7,111,119,10,170
151,7,119,117,12,187
151,7,127,115,15,202
151,7,135,113,19,214
151,7,143,111,24,223
151,7,151,108,29,229
151,7,159,105,33,232
151,7,167,103,36,235
151,7,175,101,39,237
151,7,183,98,40,239
151,7,191,96,41,241
151,7,199,94,42,243
151,7,207,93,43,245
151,7,215,91,45,247
151,7,223,90,46,249
151,7,231,88,45,251
151,7,239,86,45,253
151,7,247,85,45,254
151,7,255,83,45,255
151,15,0,123,4,24
151,15,7,123,4,31
151,15,15,124,5,38
151,15,23,124,5,46
151,15,31,124,6,54
151,15,39,124,6,61
151,15,47,124,7,68
151,15,55,124,7,76
151,15,63,123,8,84
151,15,71,123,9,94
151,15,79,123,9,104
151,15,87,122,10,117
151,15,95,121,11,131
151,15,103,120,12,148
151,15,111,119,13,165
151,15,119,118,15,183
151,15,127,116,18,198
151,15,135,114,22,210
151,15,143,111,27,220
151,15,151,109,32,227
151,15,159,106,36,231
151,15,167,104,40,234
151,15,175,101,43,237
151,15,183,99,44,239
151,15,191,97,45,241
151,15,199,95,45,243
151,15,207,94,46,245
151,15,215,92,48,247
151,15,223,91,50,249
151,15,231,89,50,251
151,15,239,87,49,253
151,15,247,86,49,254
151,15,255,84,49,255
151,23,0,122,7,25
151,23,7,122,8,31
151,23,15,123,8,38
151,23,23,124,9,46
151,23,31,124,10,53
151,23,39,124,10,60
151,23,47,124,11,67
151,23,55,123,12,75
151,23,63,123,12,83
151,23,71,123,13,92
151,23,79,122,13,102
151,23,87,122,14,113
151,23,95,121,15,126
151,23,103,121,16,142
151,23,111,120,17,159
151,23,119,118,19,176
151,23,127,117,22,192
151,23,135,115,26,205
151,23,143,112,31,215
151,23,151,110,35,224
151,23,159,107,40,229
151,23,167,105,45,233
151,23,175,103,48,236
151,23,183,100,49,239
151,23,191,99,50,241
151,23,199,97,50,243
151,23,207,95,51,245
151,23,215,93,52,247
151,23,223,92,54,249
151,23,231,90,55,251
151,23,239,89,55,252
151,23,247,87,54,254
151,23,255,86,53,255
151,31,0,121,12,25
151,31,7,121,12,31
151,31,15,122,13,38
151,31,23,123,14,45
151,31,31,123,15,52
151,31,39,123,16,59
151,31,47,123,16,66
151,31,55,123,17,74
151,31,63,123,18,81
151,31,71,123,18,90
151,31,79,122,19,99
151,31,87,122,19,110
151,31,95,121,20,122
151,31,103,121,21,135
151,31,111,120,23,150
151,31,119,119,25,167
151,31,127,117,27,183
151,31,135,116,31,197
151,31,143,113,35,209
151,31,151,111,40,219
151,31,159,108,44,227
151,31,167,106,48,233
151,31,175,104,52,236
151,31,183,102,55,239
151,31,191,100,56,241
151,31,199,98,57,243
151,31,207,97,57,245
151,31,215,95,58,247
151,31,223,93,58,249
151,31,231,92,59,251
151,31,239,91,60,252
151,31,247,89,60,253
151,31,255,88,59,254
151,39,0,120,18,25
151,39,7,120,19,31
151,39,15,121,20,37
151,39,23,122,21,45
151,39,31,122,22,51
151,39,39,122,22,58
151,39,47,122,23,65
151,39,55,122,24,72
151,39,63,122,24,79
151,39,71,122,25,87
151,39,79,122,25,96
151,39,87,122,26,106
151,39,95,122,26,117
151,39,103,121,27,130
151,39,111,120,28,145
151,39,119,119,30,160
151,39,127,118,32,175
151,39,135,116,36,188
151,39,143,114,40,201
151,39,151,112,44,213
151,39,159,110,48,223
151,39,167,107,52,232
151,39,175,105,55,236
151,39,183,103,58,240
151,39,191,102,61,242
151,39,199,100,63,243
151,39,207,98,64,245
151,39,215,97,63,247
151,39,223,95,64,249
151,39,231,94,64,251
151,39,239,92,65,252
151,39,247,91,65,253
151,39,255,90,65,254
151,47,0,119,25,25
151,47,7,120,26,31
151,47,15,121,27,37
151,47,23,121,28,44
151,47,31,122,29,50
151,47,39,122,30,57
151,47,47,122,30,63
151,47,55,122,31,70
151,47,63,122,32,77
151,47,71,122,32,85
151,47,79,122,33,93
151,47,87,122,33,102
151,47,95,122,34,113
151,47,103,121,34,125
151,47,111,121,35,138
151,47,119,120,36,152
151,47,127,119,38,167
151,47,135,117,41,181
151,47,143,116,44,194
151,47,151,114,48,207
151,47,159,111,52,219
151,47,167,109,56,230
151,47,175,107,59,237
151,47,183,105,62,240
151,47,191,103,64,242
151,47,199,102,66,244
151,47,207,100,68,245
151,47,215,99,69,247
151,47,223,97,69,249
151,47,231,96,69,251
151,47,239,94,68,252
151,47,247,93,68,253
151,47,255,92,69,254
151,55,0,119,34,25
151,55,7,120,34,31
151,55,15,120,35,36
151,55,23,121,36,43
151,55,31,121,36,49
151,55,39,121,37,56
151,55,47,122,38,62
151,55,55,122,39,68
151,55,63,122,39,75
151,55,71,122,39,82
151,55,79,122,40,90
151,55,87,122,40,99
151,55,95,122,40,108
151,55,103,121,41,119
151,55,111,121,42,131
151,55,119,120,42,145
151,55,127,119,44,159
151,55,135,118,46,173
151,55,143,117,49,187
151,55,151,115,52,202
151,55,159,113,56,216
151,55,167,111,59,228
151,55,175,108,62,237
151,55,183,107,65,240
151,55,191,105,67,243
151,55,199,103,69,244
151,55,207,102,71,246
151,55,215,100,72,247
151,55,223,99,72,249
151,55,231,97,73,251
151,55,239,96,72,252
151,55,247,95,72,253
151,55,255,93,72,254
151,63,0,119,42,25
151,63,7,120,42,31
151,63,15,120,43,36
151,63,23,121,44,42
151,63,31,121,44,49
151,63,39,121,45,54
151,63,47,121,45,60
151,63,55,121,46,66
151,63,63,121,47,73
151,63,71,121,47,79
151,63,79,121,47,87
151,63,87,122,47,95
151,63,95,121,48,104
151,63,103,121,48,115
151,63,111,121,48,126
151,63,119,120,49,139
151,63,127,120,50,151
151,63,135,119,51,164
151,63,143,118,54,180
151,63,151,116,56,196
151,63,159,114,59,212
151,63,167,112,62,226
151,63,175,110,65,236
151,63,183,108,68,241
151,63,191,107,70,243
151,63,199,105,72,245
151,63,207,104,73,246
151,63,215,102,74,247
151,63,223,101,75,249
151,63,231,99,75,251
151,63,239,98,75,252
151,63,247,96,75,253
151,63,255,95,75,254
151,71,0,119,50,25
151,71,7,120,51,31
151,71,15,120,51,37
151,71,23,121,51,42
151,71,31,121,52,48
151,71,39,121,52,54
151,71,47,121,53,59
151,71,55,121,54,65
151,71,63,121,54,71
151,71,71,121,54,77
151,71,79,121,54,84
151,71,87,121,55,92
151,71,95,121,55,100
151,71,103,121,55,110
151,71,111,121,55,120
151,71,119,121,56,132
151,71,127,120,56,144
151,71,135,120,57,157
151,71,143,119,59,172
151,71,151,117,61,189
151,71,159,116,63,207
151,71,167,114,66,224
151,71,175,112,68,234
151,71,183,110,71,242
151,71,191,108,73,243
151,71,199,107,75,245
151,71,207,105,76,246
151,71,215,104,77,248
151,71,223,102,77,249
151,71,231,101,77,251
151,71,239,100,78,252
151,71,247,98,77,253
151,71,255,97,77,254
151,79,0,119,59,25
151,79,7,120,59,30
151,79,15,121,59,36
151,79,23,121,60,42
151,79,31,121,60,47
151,79,39,121,60,53
151,79,47,121,61,58
151,79,55,121,61,63
151,79,63,121,62,69
151,79,71,121,62,75
151,79,79,121,62,82
151,79,87,121,62,89
151,79,95,121,62,97
151,79,103,121,63,105
151,79,111,121,63,115
151,79,119,121,63,126
151,79,127,121,63,137
151,79,135,120,64,150
151,79,143,120,65,164
151,79,151,119,66,181
151,79,159,117,68,199
151,79,167,115,70,217
151,79,175,113,72,231
151,79,183,112,74,239
151,79,191,110,76,244
151,79,199,109,78,245
151,79,207,107,79,246
151,79,215,106,79,248
151,79,223,104,80,250
151,79,231,103,80,251
151,79,239,101,80,253
151,79,247,100,80,253
151,79,255,99,80,254
151,87,0,120,67,25
151,87,7,120,68,30
151,87,15,121,68,35
151,87,23,121,68,42
151,87,31,121,68,47
151,87,39,122,69,52
151,87,47,122,69,57
151,87,55,121,69,62
151,87,63,121,70,68
151,87,71,121,70,74
151,87,79,121,70,80
151,87,87,121,70,86
151,87,95,121,70,94
151,87,103,121,70,102
151,87,111,121,70,110
151,87,119,121,70,120
151,87,127,121,71,131
151,87,135,121,71,142
151,87,143,121,71,156
151,87,151,120,72,172
151,87,159,119,74,190
151,87,167,117,75,209
151,87,175,115,76,226
151,87,183,113,78,237
151,87,191,112,80,243
151,87,199,110,81,246
151,87,207,109,82,247
151,87,215,107,82,248
151,87,223,106,83,250
151,87,231,105,83,252
151,87,239,103,82,253
151,87,247,102,82,254
151,87,255,100,82,254
151,95,0,120,76,25
151,95,7,121,76,29
151,95,15,121,76,34
151,95,23,122,76,41
151,95,31,122,77,47
151,95,39,122,77,52
151,95,47,122,77,57
151,95,55,122,78,61
151,95,63,122,78,66
151,95,71,122,78,72
151,95,79,122,78,78
151,95,87,122,78,84
151,95,95,122,78,91
151,95,103,122,78,99
151,95,111,122,78,106
151,95,119,122,78,115
151,95,127,122,78,125
151,95,135,122,78,136
151,95,143,122,79,149
151,95,151,121,79,164
151,95,159,120,80,181
151,95,167,119,80,200
151,95,175,117,82,217
151,95,183,115,83,233
151,95,191,114,84,241
151,95,199,112,85,247
151,95,207,110,85,248
151,95,215,109,86,249
151,95,223,108,86,250
151,95,231,106,86,252
151,95,239,105,86,253
151,95,247,103,85,254
151,95,255,102,85,254
151,103,0,121,84,26
151,103,7,121,84,30
151,103,15,122,84,34
151,103,23,122,84,40
151,103,31,123,85,47
151,103,39,123,85,52
151,103,47,123,85,56
151,103,55,123,86,61
151,103,63,123,86,66
151,103,71,122,86,71
151,103,79,122,86,77
151,103,87,122,86,83
151,103,95,122,86,89
151,103,103,123,86,96
151,103,111,123,86,103
151,103,119,123,86,111
151,103,127,123,86,120
151,103,135,123,86,130
151,103,143,123,86,142
151,103,151,122,86,156
151,103,159,122,86,172
151,103,167,120,86,190
151,103,175,119,87,209
151,103,183,117,88,225
151,103,191,115,88,237
151,103,199,114,89,244
151,103,207,112,89,249
151,103,215,111,90,250
151,103,223,109,90,251
151,103,231,108,89,252
151,103,239,107,89,253
151,103,247,105,88,253
151,103,255,104,87,254
151,111,0,122,92,27
151,111,7,122,92,32
151,111,15,122,92,36
151,111,23,123,92,41
151,111,31,123,93,47
151,111,39,123,93,52
151,111,47,123,93,56
151,111,55,124,94,61
151,111,63,123,94,65
151,111,71,123,94,71
151,111,79,123,94,76
151,111,87,123,94,82
151,111,95,123,94,88
151,111,103,123,94,94
151,111,111,123,94,101
151,111,119,123,93,108
151,111,127,124,93,116
151,111,135,124,93,125
151,111,143,124,93,136
151,111,151,124,93,148
151,111,159,123,93,164
151,111,167,122,93,181
151,111,175,121,93,200
151,111,183,119,93,217
151,111,191,117,93,231
151,111,199,116,94,241
151,111,207,114,94,248
151,111,215,113,94,250
151,111,223,111,94,252
151,111,231,110,93,252
151,111,239,109,93,253
151,111,247,107,92,254
151,111,255,106,90,254
151,119,0,122,100,27
151,119,7,122,100,32
151,119,15,123,100,37
151,119,23,123,100,41
151,119,31,124,101,46
151,119,39,124,101,52
151,119,47,124,101,56
151,119,55,124,101,61
151,119,63,124,101,65
151,119,71,124,102,70
151,119,79,124,102,76
151,119,87,124,101,81
151,119,95,125,101,87
151,119,103,125,101,93
151,119,111,125,101,99
151,119,119,125,101,106
151,119,127,125,100,114
151,119,135,125,100,121
151,119,143,125,100,131
151,119,151,125,100,143
151,119,159,124,100,156
151,119,167,124,99,173
151,119,175,123,99,190
151,119,183,121,99,208
151,119,191,119,99,223
151,119,199,118,99,237
151,119,207,116,98,244
151,119,215,114,98,250
151,119,223,113,98,252
151,119,231,112,97,253
151,119,239,110,97,253
151,119,247,109,96,254
151,119,255,108,94,254
151,127,0,122,108,28
151,127,7,123,108,32
151,127,15,123,108,37
151,127,23,124,109,43
151,127,31,124,109,47
151,127,39,124,109,52
151,127,47,125,109,57
151,127,55,125,109,61
151,127,63,125,110,65
151,127,71,125,110,70
151,127,79,126,109,75
151,127,87,126,109,81
151,127,95,126,109,86
151,127,103,126,109,92
151,127,111,126,108,98
151,127,119,126,108,104
151,127,127,126,108,111
151,127,135,126,107,119
151,127,143,126,107,127
151,127,151,126,107,137
151,127,159,126,107,150
151,127,167,125,106,165
151,127,175,124,106,182
151,127,183,123,105,200
151,127,191,121,105,217
151,127,199,120,104,230
151,127,207,118,104,242
151,127,215,116,103,247
151,127,223,115,103,251
151,127,231,113,102,253
151,127,239,112,101,254
151,127,247,111,100,254
151,127,255,110,99,254
151,135,0,122,116,28
151,135,7,122,116,32
151,135,15,123,117,36
151,135,23,124,117,42
151,135,31,124,117,48
151,135,39,125,117,52
151,135,47,125,117,56
151,135,55,126,118,61
151,135,63,126,118,65
151,135,71,126,118,70
151,135,79,127,118,75
151,135,87,127,117,80
151,135,95,127,117,86
151,135,103,127,117,91
151,135,111,127,116,97
151,135,119,127,116,103
151,135,127,127,115,110
151,135,135,127,115,117
151,135,143,127,114,125
151,135,151,127,114,134
151,135,159,127,114,145
151,135,167,127,114,158
151,135,175,126,113,174
151,135,183,125,113,191
151,135,191,123,111,209
151,135,199,122,110,225
151,135,207,120,109,237
151,135,215,118,108,246
151,135,223,117,108,250
151,135,231,115,107,253
151,135,239,114,105,254
151,135,247,113,104,254
151,135,255,111,103,253
151,143,0,122,125,28
151,143,7,122,125,32
151,143,15,123,125,35
151,143,23,123,125,40
151,143,31,124,126,47
151,143,39,125,126,53
151,143,47,126,126,57
151,143,55,126,126,61
151,143,63,127,126,65
151,143,71,127,126,70
151,143,79,128,126,75
151,143,87,128,126,80
151,143,95,128,126,86
151,143,103,128,125,91
151,143,111,128,124,97
151,143,119,128,124,102
151,143,127,128,123,108
151,143,135,128,122,115
151,143,143,128,122,122
151,143,151,128,122,131
151,143,159,128,121,141
151,143,167,128,121,153
151,143,175,128,121,166
151,143,183,127,120,183
151,143,191,125,119,201
151,143,199,124,117,218
151,143,207,122,116,232
151,143,215,120,114,242
151,143,223,119,113,248
151,143,231,117,112,252
151,143,239,116,111,254
151,143,247,114,109,254
151,143,255,113,108,254
151,151,0,121,134,32
151,151,7,122,134,34
151,151,15,122,134,37
151,151,23,123,135,41
151,151,31,124,135,46
151,151,39,125,135,53
151,151,47,126,135,57
151,151,55,126,136,61
151,151,63,127,136,65
151,151,71,128,136,70
151,151,79,128,136,75
151,151,87,129,136,80
151,151,95,129,135,86
151,151,103,129,135,91
151,151,111,129,134,96
151,151,119,129,133,102
151,151,127,129,132,108
151,151,135,129,131,114
151,151,143,129,131,121
151,151,151,129,130,128
151,151,159,129,130,137
151,151,167,129,130,148
151,151,175,129,129,161
151,151,183,129,129,175
151,151,191,128,127,192
151,151,199,126,125,209
151,151,207,124,124,226
151,151,215,123,122,237
151,151,223,121,120,245
151,151,231,119,118,250
151,151,239,118,116,253
151,151,247,116,114,255
151,151,255,115,113,255
151,159,0,121,145,32
151,159,7,121,145,36
151,159,15,122,145,39
151,159,23,122,145,43
151,159,31,123,145,47
151,159,39,124,146,52
151,159,47,125,146,57
151,159,55,126,146,61
151,159,63,127,147,66
151,159,71,128,147,70
151,159,79,128,147,75
151,159,87,129,146,80
151,159,95,130,146,86
151,159,103,130,145,91
151,159,111,130,144,96
151,159,119,130,144,101
151,159,127,130,143,107
151,159,135,130,142,113
151,159,143,130,141,119
151,159,151,130,140,126
151,159,159,130,140,134
151,159,167,131,140,144
151,159,175,131,139,155
151,159,183,130,138,169
151,159,191,130,137,184
151,159,199,128,135,201
151,159,207,127,133,217
151,159,215,125,131,232
151,159,223,123,128,241
151,159,231,121,126,249
151,159,239,120,123,252
151,159,247,119,122,255
151,159,255,117,119,255
151,167,0,120,155,33
151,167,7,120,156,36
151,167,15,121,156,40
151,167,23,122,156,44
151,167,31,122,156,48
151,167,39,123,157,52
151,167,47,125,157,57
151,167,55,126,157,61
151,167,63,127,158,66
151,167,71,128,158,70
151,167,79,129,157,75
151,167,87,129,157,80
151,167,95,130,157,86
151,167,103,131,156,91
151,167,111,131,156,96
151,167,119,131,155,101
151,167,127,131,154,107
151,167,135,131,153,113
151,167,143,131,153,119
151,167,151,131,152,125
151,167,159,132,151,132
151,167,167,132,151,141
151,167,175,132,150,151
151,167,183,132,149,163
151,167,191,132,148,177
151,167,199,131,146,193
151,167,207,129,144,210
151,167,215,127,141,224
151,167,223,126,137,237
151,167,231,124,134,245
151,167,239,122,131,252
151,167,247,121,128,254
151,167,255,119,126,255
151,175,0,118,168,33
151,175,7,119,168,36
151,175,15,119,168,39
151,175,23,120,168,43
151,175,31,121,168,49
151,175,39,122,169,53
151,175,47,124,169,57
151,175,55,125,170,61
151,175,63,126,170,66
151,175,71,127,170,70
151,175,79,128,171,75
151,175,87,129,170,80
151,175,95,130,170,86
151,175,103,131,169,91
151,175,111,131,168,96
151,175,119,132,167,101
151,175,127,132,167,107
151,175,135,132,166,112
151,175,143,132,165,118
151,175,151,132,165,124
151,175,159,133,164,131
151,175,167,133,163,139
151,175,175,133,163,147
151,175,183,133,162,158
151,175,191,133,160,171
151,175,199,133,158,186
151,175,207,132,156,202
151,175,215,130,153,217
151,175,223,128,149,230
151,175,231,126,145,241
151,175,239,125,141,249
151,175,247,123,137,254
151,175,255,121,133,255
151,183,0,117,181,33
151,183,7,117,181,35
151,183,15,118,181,38
151,183,23,119,181,42
151,183,31,120,182,47
151,183,39,121,182,53
151,183,47,123,183,57
151,183,55,124,183,61
151,183,63,125,183,66
151,183,71,127,183,71
151,183,79,128,183,76
151,183,87,129,183,81
151,183,95,130,183,86
151,183,103,131,182,91
151,183,111,131,182,96
151,183,119,132,181,101
151,183,127,132,180,106
151,183,135,133,180,112
151,183,143,133,179,118
151,183,151,133,178,124
151,183,159,134,177,130
151,183,167,134,177,137
151,183,175,134,176,145
151,183,183,135,175,154
151,183,191,135,174,166
151,183,199,134,172,179
151,183,207,134,170,194
151,183,215,132,166,209
151,183,223,131,162,224
151,183,231,129,157,236
151,183,239,127,152,245
151,183,247,126,148,252
151,183,255,124,143,255
151,191,0,115,194,35
151,191,7,116,194,36
151,191,15,116,194,39
151,191,23,117,195,42
151,191,31,118,195,46
151,191,39,120,196,51
151,191,47,121,196,57
151,191,55,123,197,61
151,191,63,124,197,66
151,191,71,126,197,70
151,191,79,127,197,75
151,191,87,128,197,81
151,191,95,129,197,86
151,191,103,130,196,91
151,191,111,131,195,96
151,191,119,132,194,101
151,191,127,132,194,106
151,191,135,133,193,112
151,191,143,133,193,117
151,191,151,134,192,123
151,191,159,134,191,129
151,191,167,134,190,136
151,191,175,135,190,143
151,191,183,135,189,151
151,191,191,136,188,161
151,191,199,135,187,173
151,191,207,135,184,187
151,191,215,134,181,202
151,191,223,133,177,216
151,191,231,132,171,230
151,191,239,130,166,241
151,191,247,128,160,249
151,191,255,126,155,254
151,199,0,113,206,35
151,199,7,113,207,37
151,199,15,114,207,40
151,199,23,115,208,43
151,199,31,116,208,47
151,199,39,118,209,51
151,199,47,120,210,56
151,199,55,122,211,61
151,199,63,123,211,65
151,199,71,125,211,70
151,199,79,126,211,75
151,199,87,127,211,80
151,199,95,129,211,86
151,199,103,130,210,91
151,199,111,130,210,96
151,199,119,131,209,101
151,199,127,132,208,106
151,199,135,132,207,111
151,199,143,133,207,117
151,199,151,134,206,122
151,199,159,134,205,129
151,199,167,134,205,135
151,199,175,135,204,142
151,199,183,136,204,149
151,199,191,136,203,157
151,199,199,136,202,168
151,199,207,136,200,180
151,199,215,136,197,195
151,199,223,135,192,210
151,199,231,134,187,224
151,199,239,133,181,237
151,199,247,131,174,248
151,199,255,129,168,253
151,207,0,110,218,34
151,207,7,111,219,37
151,207,15,112,219,40
151,207,23,113,220,43
151,207,31,115,221,48
151,207,39,116,221,51
151,207,47,118,222,55
151,207,55,120,223,60
151,207,63,122,224,65
151,207,71,123,224,70
151,207,79,125,224,74
151,207,87,126,224,79
151,207,95,127,224,85
151,207,103,129,224,90
151,207,111,130,224,95
151,207,119,131,223,100
151,207,127,131,223,105
151,207,135,132,222,111
151,207,143,133,221,116
151,207,151,133,221,121
151,207,159,134,220,127
151,207,167,134,219,134
151,207,175,135,219,140
151,207,183,136,218,147
151,207,191,136,218,155
151,207,199,136,217,163
151,207,207,137,216,175
151,207,215,137,213,188
151,207,223,137,209,204
151,207,231,136,205,218
151,207,239,135,199,233
151,207,247,133,192,244
151,207,255,131,185,253
151,215,0,108,229,35
151,215,7,108,229,37
151,215,15,109,230,39
151,215,23,111,230,42
151,215,31,112,231,47
151,215,39,114,232,52
151,215,47,116,233,55
151,215,55,118,234,59
151,215,63,120,235,64
151,215,71,121,236,69
151,215,79,123,236,73
151,215,87,125,236,79
151,215,95,126,236,83
151,215,103,127,236,89
151,215,111,129,236,94
151,215,119,129,235,99
151,215,127,130,235,104
151,215,135,131,234,109
151,215,143,132,234,114
151,215,151,133,234,120
151,215,159,133,233,126
151,215,167,134,233,132
151,215,175,134,232,138
151,215,183,135,232,144
151,215,191,135,231,152
151,215,199,136,231,160
151,215,207,137,231,171
151,215,215,137,228,183
151,215,223,137,225,197
151,215,231,137,221,212
151,215,239,136,216,228
151,215,247,135,210,243
151,215,255,134,203,250
151,223,0,106,237,35
151,223,7,106,237,37
151,223,15,107,238,39
151,223,23,108,238,42
151,223,31,110,239,46
151,223,39,112,240,50
151,223,47,114,241,56
151,223,55,116,241,59
151,223,63,118,242,63
151,223,71,120,243,68
151,223,79,121,244,72
151,223,87,123,244,77
151,223,95,125,245,82
151,223,103,126,245,87
151,223,111,127,245,92
151,223,119,128,245,97
151,223,127,129,245,102
151,223,135,130,244,107
151,223,143,131,244,112
151,223,151,131,243,117
151,223,159,132,243,123
151,223,167,133,242,129
151,223,175,133,242,135
151,223,183,134,242,142
151,223,191,135,241,149
151,223,199,135,241,157
151,223,207,136,240,167
151,223,215,136,239,178
151,223,223,136,237,191
151,223,231,136,235,206
151,223,239,136,231,221
151,223,247,136,226,237
151,223,255,135,220,251
151,231,0,104,245,36
151,231,7,104,245,37
151,231,15,105,245,39
151,231,23,106,245,42
151,231,31,108,246,45
151,231,39,109,246,49
151,231,47,112,247,54
151,231,55,114,248,59
151,231,63,115,248,62
151,231,71,117,249,66
151,231,79,119,249,71
151,231,87,121,250,75
151,231,95,123,250,80
151,231,103,124,250,85
151,231,111,125,250,90
151,231,119,127,250,95
151,231,127,128,251,100
151,231,135,129,251,105
151,231,143,130,251,110
151,231,151,130,251,115
151,231,159,131,250,121
151,231,167,132,250,127
151,231,175,132,249,132
151,231,183,133,249,139
151,231,191,133,249,146
151,231,199,134,249,154
151,231,207,135,249,163
151,231,215,135,248,173
151,231,223,135,247,185
151,231,231,136,245,199
151,231,239,136,243,215
151,231,247,136,240,232
151,231,255,136,236,246
151,239,0,102,249,37
151,239,7,103,249,39
151,239,15,104,250,41
151,239,23,105,250,43
151,239,31,106,250,46
151,239,39,107,250,49
151,239,47,109,251,53
151,239,55,111,251,57
151,239,63,114,252,61
151,239,71,115,252,65
151,239,79,117,253,70
151,239,87,119,253,74
151,239,95,121,253,79
151,239,103,122,253,83
151,239,111,124,253,88
151,239,119,125,253,93
151,239,127,126,254,98
151,239,135,127,254,102
151,239,143,128,254,108
151,239,151,129,254,113
151,239,159,130,254,118
151,239,167,130,254,124
151,239,175,131,254,130
151,239,183,131,254,136
151,239,191,132,254,143
151,239,199,132,253,151
151,239,207,133,253,159
151,239,215,133,253,169
151,239,223,134,253,181
151,239,231,135,252,193
151,239,239,135,251,208
151,239,247,135,249,224
151,239,255,136,247,240
151,247,0,100,252,36
151,247,7,101,252,38
151,247,15,102,253,40
151,247,23,103,253,43
151,247,31,105,253,47
151,247,39,106,253,49
151,247,47,107,254,52
151,247,55,109,254,56
151,247,63,111,254,60
151,247,71,113,254,64
151,247,79,115,254,68
151,247,87,117,254,73
151,247,95,119,255,78
151,247,103,120,254,82
151,247,111,122,254,87
151,247,119,123,255,91
151,247,127,124,255,96
151,247,135,125,255,101
151,247,143,126,255,106
151,247,151,127,255,111
151,247,159,128,255,116
151,247,167,128,255,121
151,247,175,129,255,127
151,247,183,130,255,133
151,247,191,130,255,140
151,247,199,131,255,148
151,247,207,131,255,156
151,247,215,132,255,165
151,247,223,132,255,176
151,247,231,133,255,188
151,247,239,134,255,202
151,247,247,134,255,218
151,247,255,135,254,233
151,255,0,99,255,37
151,255,7,100,255,39
151,255,15,100,255,40
151,255,23,101,255,43
151,255,31,102,255,46
151,255,39,104,255,49
151,255,47,105,255,53
151,255,55,107,255,56
151,255,63,109,255,59
151,255,71,111,255,63
151,255,79,113,255,67
151,255,87,115,255,71
151,255,95,117,255,76
151,255,103,119,255,81
151,255,111,120,255,85
151,255,119,122,255,90
151,255,127,123,255,94
151,255,135,124,255,99
151,255,143,125,255,104
151,255,151,126,255,109
151,255,159,126,255,114
151,255,167,127,255,120
151,255,175,127,255,125
151,255,183,128,255,131
151,255,191,128,255,138
151,255,199,129,255,145
151,255,207,129,255,153
151,255,215,130,255,162
151,255,223,130,255,172
151,255,231,131,255,184
151,255,239,132,255,198
151,255,247,133,255,212
151,255,255,134,255,226
159,0,0,130,2,26
159,0,7,131,2,32
159,0,15,132,3,39
159,0,23,132,3,47
159,0,31,133,4,55
159,0,39,133,4,63
159,0,47,132,5,70
159,0,55,132,5,79
159,0,63,132,5,88
159,0,71,131,5,98
159,0,79,131,6,110
159,0,87,130,6,123
159,0,95,130,6,139
159,0,103,128,6,156
159,0,111,127,6,174
159,0,119,125,9,191
159,0,127,123,13,206
159,0,135,120,17,219
159,0,143,117,22,226
159,0,151,114,26,231
159,0,159,111,30,233
159,0,167,108,33,236
159,0,175,105,35,238
159,0,183,103,38,239
159,0,191,100,39,241
159,0,199,98,39,243
159,0,207,96,41,245
159,0,215,95,42,247
159,0,223,93,42,250
159,0,231,91,42,252
159,0,239,89,42,253
159,0,247,88,43,254
159,0,255,86,44,255
159,7,0,130,2,26
159,7,7,131,3,32
159,7,15,131,3,39
159,7,23,132,4,47
159,7,31,132,5,54
159,7,39,132,6,62
159,7,47,132,6,70
159,7,55,132,7,78
159,7,63,131,7,87
159,7,71,131,7,96
159,7,79,131,7,108
159,7,87,130,8,121
159,7,95,130,8,136
159,7,103,128,8,153
159,7,111,127,9,171
159,7,119,125,11,188
159,7,127,123,15,203
159,7,135,121,19,216
159,7,143,118,24,224
159,7,151,115,29,229
159,7,159,112,33,232
159,7,167,109,36,235
159,7,175,106,38,238
159,7,183,103,41,239
159,7,191,101,42,241
159,7,199,99,42,243
159,7,207,97,44,245
159,7,215,95,46,247
159,7,223,93,46,249
159,7,231,92,46,251
159,7,239,90,46,253
159,7,247,88,46,254
159,7,255,87,47,255
159,15,0,129,3,26
159,15,7,130,4,33
159,15,15,130,5,39
159,15,23,131,5,47
159,15,31,131,6,54
159,15,39,131,7,62
159,15,47,131,8,69
159,15,55,131,9,77
159,15,63,131,9,85
159,15,71,131,9,95
159,15,79,130,10,105
159,15,87,130,10,118
159,15,95,129,11,132
159,15,103,129,11,148
159,15,111,127,12,166
159,15,119,126,14,184
159,15,127,124,17,200
159,15,135,121,22,212
159,15,143,118,27,222
159,15,151,115,33,227
159,15,159,112,36,231
159,15,167,109,39,235
159,15,175,107,42,237
159,15,183,104,44,239
159,15,191,102,45,241
159,15,199,100,46,243
159,15,207,98,48,245
159,15,215,96,50,247
159,15,223,94,50,249
159,15,231,93,50,251
159,15,239,91,49,253
159,15,247,89,49,254
159,15,255,88,50,255
159,23,0,128,6,26
159,23,7,129,7,33
159,23,15,130,8,39
159,23,23,130,8,46
159,23,31,131,9,54
159,23,39,131,10,61
159,23,47,131,11,68
159,23,55,131,12,75
159,23,63,130,12,84
159,23,71,130,13,92
159,23,79,130,13,102
159,23,87,130,14,114
159,23,95,129,14,128
159,23,103,129,15,143
159,23,111,128,16,160
159,23,119,126,18,178
159,23,127,124,21,194
159,23,135,122,25,207
159,23,143,119,30,217
159,23,151,116,36,224
159,23,159,113,41,229
159,23,167,110,44,234
159,23,175,108,47,237
159,23,183,105,49,239
159,23,191,103,50,241
159,23,199,101,51,243
159,23,207,99,52,245
159,23,215,97,54,247
159,23,223,96,56,249
159,23,231,94,56,251
159,23,239,92,55,253
159,23,247,91,54,254
159,23,255,89,54,255
159,31,0,127,11,26
159,31,7,128,12,33
159,31,15,129,13,39
159,31,23,130,14,46
159,31,31,130,15,53
159,31,39,130,15,60
159,31,47,130,16,67
159,31,55,130,17,74
159,31,63,130,18,82
159,31,71,130,18,90
159,31,79,130,19,99
159,31,87,129,19,109
159,31,95,129,20,122
159,31,103,128,21,136
159,31,111,128,22,153
159,31,119,126,23,169
159,31,127,125,26,185
159,31,135,123,30,198
159,31,143,120,34,210
159,31,151,117,39,219
159,31,159,114,44,227
159,31,167,112,49,232
159,31,175,109,53,236
159,31,183,106,54,239
159,31,191,104,56,242
159,31,199,102,56,243
159,31,207,100,57,245
159,31,215,99,59,247
159,31,223,97,60,249
159,31,231,96,61,251
159,31,239,94,61,252
159,31,247,93,59,254
159,31,255,91,59,254
159,39,0,126,17,26
159,39,7,127,18,32
159,39,15,128,19,38
159,39,23,129,20,45
159,39,31,129,21,52
159,39,39,129,22,59
159,39,47,130,23,65
159,39,55,130,23,72
159,39,63,130,24,80
159,39,71,130,24,88
159,39,79,130,25,97
159,39,87,129,25,106
159,39,95,129,26,117
159,39,103,128,27,130
159,39,111,128,28,144
159,39,119,127,30,159
159,39,127,125,32,175
159,39,135,123,35,189
159,39,143,121,39,202
159,39,151,119,43,213
159,39,159,116,48,223
159,39,167,113,52,231
159,39,175,110,56,237
159,39,183,108,59,240
159,39,191,106,62,242
159,39,199,104,62,244
159,39,207,102,63,245
159,39,215,100,64,247
159,39,223,99,65,249
159,39,231,97,65,251
159,39,239,96,65,252
159,39,247,94,66,253
159,39,255,93,65,254
159,47,0,125,24,26
159,47,7,126,26,32
159,47,15,127,26,38
159,47,23,128,27,44
159,47,31,128,28,51
159,47,39,129,29,58
159,47,47,129,30,64
159,47,55,129,31,70
159,47,63,129,31,78
159,47,71,129,32,85
159,47,79,129,32,94
159,47,87,129,32,103
159,47,95,129,33,113
159,47,103,129,33,125
159,47,111,128,34,138
159,47,119,127,35,152
159,47,127,126,37,166
159,47,135,124,40,180
159,47,143,122,44,193
159,47,151,120,48,207
159,47,159,117,52,219
159,47,167,115,55,229
159,47,175,112,59,237
159,47,183,109,62,240
159,47,191,107,65,242
159,47,199,105,67,244
159,47,207,104,69,245
159,47,215,102,69,247
159,47,223,100,69,249
159,47,231,99,69,251
159,47,239,97,69,252
159,47,247,96,69,253
159,47,255,95,70,254
159,55,0,125,32,26
159,55,7,126,33,32
159,55,15,127,34,38
159,55,23,127,35,44
159,55,31,128,36,51
159,55,39,128,36,56
159,55,47,128,37,63
159,55,55,128,38,69
159,55,63,129,39,75
159,55,71,129,39,83
159,55,79,129,40,90
159,55,87,129,40,99
159,55,95,129,40,109
159,55,103,128,41,120
159,55,111,128,41,132
159,55,119,127,42,145
159,55,127,126,43,159
159,55,135,125,45,172
159,55,143,123,48,187
159,55,151,121,52,202
159,55,159,119,55,216
159,55,167,116,59,228
159,55,175,113,62,236
159,55,183,111,65,241
159,55,191,109,67,243
159,55,199,107,70,244
159,55,207,105,71,246
159,55,215,104,72,247
159,55,223,102,73,249
159,55,231,101,73,251
159,55,239,99,73,252
159,55,247,98,72,253
159,55,255,97,72,254
159,63,0,125,40,26
159,63,7,126,41,31
159,63,15,127,42,38
159,63,23,127,42,43
159,63,31,127,43,49
159,63,39,128,44,55
159,63,47,128,45,61
159,63,55,128,45,67
159,63,63,128,46,73
159,63,71,128,46,80
159,63,79,128,47,88
159,63,87,129,47,96
159,63,95,128,47,105
159,63,103,128,47,115
159,63,111,128,48,127
159,63,119,127,48,139
159,63,127,127,49,151
159,63,135,126,51,165
159,63,143,124,53,180
159,63,151,123,56,196
159,63,159,120,59,211
159,63,167,118,62,226
159,63,175,115,65,235
159,63,183,113,68,242
159,63,191,111,70,243
159,63,199,109,72,245
159,63,207,107,74,246
159,63,215,105,75,247
159,63,223,104,75,249
159,63,231,102,76,251
159,63,239,101,76,252
159,63,247,100,76,253
159,63,255,99,75,254
159,71,0,125,49,25
159,71,7,125,49,31
159,71,15,126,50,37
159,71,23,127,50,43
159,71,31,127,51,49
159,71,39,128,52,55
159,71,47,128,52,60
159,71,55,128,53,66
159,71,63,128,54,72
159,71,71,128,54,78
159,71,79,128,54,85
159,71,87,128,54,93
159,71,95,128,54,101
159,71,103,128,55,110
159,71,111,128,55,121
159,71,119,128,55,132
159,71,127,127,56,145
159,71,135,126,57,158
159,71,143,126,58,172
159,71,151,124,61,189
159,71,159,122,63,206
159,71,167,119,66,222
159,71,175,117,68,234
159,71,183,115,71,240
159,71,191,113,73,244
159,71,199,111,75,245
159,71,207,109,76,246
159,71,215,107,77,248
159,71,223,106,78,249
159,71,231,104,78,251
159,71,239,103,78,252
159,71,247,101,78,253
159,71,255,100,78,254
159,79,0,125,57,26
159,79,7,125,58,30
159,79,15,126,58,36
159,79,23,127,58,43
159,79,31,127,59,48
159,79,39,128,59,54
159,79,47,128,60,59
159,79,55,128,61,64
159,79,63,128,61,70
159,79,71,128,61,76
159,79,79,128,62,83
159,79,87,128,62,90
159,79,95,128,62,98
159,79,103,128,62,106
159,79,111,128,62,116
159,79,119,127,62,126
159,79,127,127,63,138
159,79,135,127,63,150
159,79,143,126,64,165
159,79,151,125,66,181
159,79,159,123,68,199
159,79,167,121,70,216
159,79,175,119,72,232
159,79,183,117,74,239
159,79,191,114,76,244
159,79,199,112,78,245
159,79,207,111,79,246
159,79,215,109,80,248
159,79,223,107,80,250
159,79,231,106,80,251
159,79,239,104,80,253
159,79,247,103,80,254
159,79,255,102,80,254
159,87,0,126,66,26
159,87,7,126,66,30
159,87,15,126,66,35
159,87,23,127,67,42
159,87,31,128,67,48
159,87,39,128,68,53
159,87,47,128,68,58
159,87,55,128,69,63
159,87,63,128,69,68
159,87,71,128,69,74
159,87,79,128,70,81
159,87,87,128,70,87
159,87,95,128,70,95
159,87,103,128,70,102
159,87,111,128,70,111
159,87,119,128,70,121
159,87,127,128,70,131
159,87,135,128,70,143
159,87,143,127,71,156
159,87,151,126,72,172
159,87,159,125,73,190
159,87,167,123,75,208
159,87,175,121,76,225
159,87,183,118,78,237
159,87,191,116,80,243
159,87,199,114,81,246
159,87,207,112,82,247
159,87,215,111,83,248
159,87,223,109,83,250
159,87,231,108,83,252
159,87,239,106,83,253
159,87,247,105,83,254
159,87,255,103,82,254
159,95,0,126,74,25
159,95,7,126,74,30
159,95,15,127,75,34
159,95,23,127,75,41
159,95,31,128,75,48
159,95,39,128,76,53
159,95,47,128,76,58
159,95,55,128,77,62
159,95,63,128,77,67
159,95,71,128,77,73
159,95,79,128,77,79
159,95,87,128,77,85
159,95,95,128,78,92
159,95,103,128,78,99
159,95,111,128,78,107
159,95,119,128,78,116
159,95,127,128,78,126
159,95,135,128,78,137
159,95,143,128,78,149
159,95,151,127,79,164
159,95,159,126,79,181
159,95,167,125,80,200
159,95,175,123,81,217
159,95,183,120,83,232
159,95,191,118,84,241
159,95,199,116,85,246
159,95,207,114,86,248
159,95,215,112,86,249
159,95,223,111,86,250
159,95,231,109,86,252
159,95,239,108,86,253
159,95,247,106,86,254
159,95,255,105,85,254
159,103,0,127,82,27
159,103,7,127,82,32
159,103,15,128,83,36
159,103,23,128,83,41
159,103,31,128,83,47
159,103,39,129,84,53
159,103,47,129,84,57
159,103,55,129,85,62
159,103,63,129,85,67
159,103,71,129,85,72
159,103,79,129,85,78
159,103,87,129,85,84
159,103,95,129,85,90
159,103,103,129,85,97
159,103,111,129,85,104
159,103,119,129,85,112
159,103,127,129,85,121
159,103,135,129,85,131
159,103,143,129,85,143
159,103,151,128,86,156
159,103,159,128,86,172
159,103,167,126,86,190
159,103,175,125,87,209
159,103,183,122,87,224
159,103,191,120,88,238
159,103,199,118,89,244
159,103,207,116,90,250
159,103,215,114,90,250
159,103,223,113,90,251
159,103,231,111,90,252
159,103,239,110,89,253
159,103,247,108,88,254
159,103,255,107,87,254
159,111,0,127,90,27
159,111,7,128,90,32
159,111,15,128,91,38
159,111,23,129,91,42
159,111,31,129,91,47
159,111,39,129,92,53
159,111,47,129,92,57
159,111,55,129,92,62
159,111,63,129,93,66
159,111,71,129,93,71
159,111,79,129,93,77
159,111,87,130,93,83
159,111,95,130,93,89
159,111,103,130,93,95
159,111,111,130,93,102
159,111,119,130,92,109
159,111,127,130,92,117
159,111,135,130,93,126
159,111,143,130,93,136
159,111,151,129,92,149
159,111,159,129,92,164
159,111,167,128,92,181
159,111,175,126,92,200
159,111,183,125,93,217
159,111,191,122,93,231
159,111,199,120,93,241
159,111,207,118,94,247
159,111,215,116,94,251
159,111,223,114,94,252
159,111,231,113,94,252
159,111,239,112,93,253
159,111,247,110,92,254
159,111,255,109,91,253
159,119,0,128,98,28
159,119,7,128,98,32
159,119,15,129,98,38
159,119,23,129,99,43
159,119,31,129,99,48
159,119,39,130,99,53
159,119,47,130,100,58
159,119,55,130,100,62
159,119,63,130,100,66
159,119,71,130,100,71
159,119,79,131,100,76
159,119,87,131,100,82
159,119,95,131,100,88
159,119,103,131,100,94
159,119,111,130,100,100
159,119,119,130,100,107
159,119,127,130,99,114
159,119,135,130,99,122
159,119,143,131,99,132
159,119,151,131,99,143
159,119,159,130,99,156
159,119,167,129,99,173
159,119,175,128,99,190
159,119,183,127,99,208
159,119,191,124,98,224
159,119,199,122,98,237
159,119,207,120,98,245
159,119,215,118,98,250
159,119,223,116,98,252
159,119,231,115,97,253
159,119,239,114,97,254
159,119,247,112,95,254
159,119,255,111,94,254
159,127,0,128,106,28
159,127,7,129,106,32
159,127,15,129,106,37
159,127,23,130,107,43
159,127,31,130,107,48
159,127,39,130,107,53
159,127,47,131,107,57
159,127,55,131,108,62
159,127,63,131,108,66
159,127,71,131,108,71
159,127,79,132,108,76
159,127,87,132,108,81
159,127,95,132,108,87
159,127,103,132,108,93
159,127,111,132,107,99
159,127,119,132,107,105
159,127,127,131,107,112
159,127,135,131,106,120
159,127,143,131,106,128
159,127,151,131,106,138
159,127,159,131,106,151
159,127,167,131,106,165
159,127,175,130,105,183
159,127,183,128,105,200
159,127,191,126,104,217
159,127,199,124,104,230
159,127,207,122,103,242
159,127,215,120,103,248
159,127,223,118,102,251
159,127,231,117,102,253
159,127,239,115,101,254
159,127,247,114,100,254
159,127,255,113,99,253
159,135,0,128,114,29
159,135,7,129,114,32
159,135,15,129,114,36
159,135,23,130,115,42
159,135,31,130,115,49
159,135,39,131,115,53
159,135,47,131,116,57
159,135,55,132,116,62
159,135,63,132,116,66
159,135,71,132,116,71
159,135,79,132,116,76
159,135,87,133,116,81
159,135,95,133,116,87
159,135,103,133,115,92
159,135,111,133,115,98
159,135,119,133,114,104
159,135,127,132,114,110
159,135,135,132,113,118
159,135,143,132,113,125
159,135,151,132,113,135
159,135,159,132,113,145
159,135,167,132,113,159
159,135,175,132,112,174
159,135,183,130,112,192
159,135,191,129,111,209
159,135,199,126,110,226
159,135,207,124,109,237
159,135,215,122,108,246
159,135,223,120,107,250
159,135,231,119,106,253
159,135,239,117,105,254
159,135,247,116,104,255
159,135,255,114,103,253
159,143,0,128,122,28
159,143,7,128,123,31
159,143,15,129,123,35
159,143,23,129,123,40
159,143,31,130,123,47
159,143,39,131,124,54
159,143,47,131,124,58
159,143,55,132,124,62
159,143,63,133,124,66
159,143,71,133,124,71
159,143,79,133,124,76
159,143,87,134,124,81
159,143,95,134,124,86
159,143,103,134,123,92
159,143,111,134,123,97
159,143,119,134,122,103
159,143,127,133,122,109
159,143,135,133,121,116
159,143,143,133,121,123
159,143,151,133,120,131
159,143,159,133,120,141
159,143,167,133,120,153
159,143,175,133,120,167
159,143,183,132,119,184
159,143,191,131,118,201
159,143,199,129,116,218
159,143,207,127,115,233
159,143,215,124,114,242
159,143,223,123,113,248
159,143,231,121,112,252
159,143,239,119,110,254
159,143,247,117,109,254
159,143,255,116,108,254
159,151,0,127,131,32
159,151,7,128,131,36
159,151,15,128,132,39
159,151,23,129,132,42
159,151,31,130,132,47
159,151,39,131,133,53
159,151,47,132,133,58
159,151,55,132,133,62
159,151,63,133,133,66
159,151,71,134,133,71
159,151,79,134,133,76
159,151,87,135,133,81
159,151,95,135,133,86
159,151,103,135,132,92
159,151,111,135,131,97
159,151,119,135,131,103
159,151,127,135,130,108
159,151,135,134,129,115
159,151,143,134,129,122
159,151,151,134,128,129
159,151,159,135,128,138
159,151,167,135,128,149
159,151,175,135,128,161
159,151,183,134,127,176
159,151,191,133,126,193
159,151,199,131,124,210
159,151,207,129,123,226
159,151,215,127,121,238
159,151,223,125,119,245
159,151,231,123,118,250
159,151,239,121,116,253
159,151,247,120,114,255
159,151,255,118,113,255
159,159,0,127,141,33
159,159,7,127,141,36
159,159,15,128,141,40
159,159,23,129,142,44
159,159,31,129,142,48
159,159,39,130,142,53
159,159,47,131,143,58
159,159,55,132,143,62
159,159,63,133,143,66
159,159,71,134,143,71
159,159,79,134,143,76
159,159,87,135,143,81
159,159,95,135,143,86
159,159,103,136,142,92
159,159,111,136,141,97
159,159,119,136,141,102
159,159,127,136,140,108
159,159,135,136,139,114
159,159,143,136,138,120
159,159,151,136,138,127
159,159,159,136,137,135
159,159,167,136,137,144
159,159,175,136,137,156
159,159,183,136,136,170
159,159,191,135,135,184
159,159,199,133,134,202
159,159,207,132,131,218
159,159,215,130,129,232
159,159,223,127,127,241
159,159,231,125,125,248
159,159,239,124,123,252
159,159,247,122,121,254
159,159,255,121,119,255
159,167,0,126,151,33
159,167,7,126,151,36
159,167,15,127,151,40
159,167,23,128,152,45
159,167,31,129,152,50
159,167,39,130,153,53
159,167,47,131,153,58
159,167,55,132,154,62
159,167,63,133,154,67
159,167,71,134,154,71
159,167,79,135,154,76
159,167,87,135,154,81
159,167,95,136,154,86
159,167,103,136,153,92
159,167,111,137,152,97
159,167,119,137,152,102
159,167,127,137,151,108
159,167,135,137,150,113
159,167,143,137,150,119
159,167,151,137,149,126
159,167,159,137,148,133
159,167,167,137,148,141
159,167,175,138,147,152
159,167,183,138,147,163
159,167,191,137,146,178
159,167,199,136,144,194
159,167,207,134,142,210
159,167,215,132,139,224
159,167,223,130,136,237
159,167,231,128,133,245
159,167,239,126,130,252
159,167,247,124,127,254
159,167,255,122,125,255
159,175,0,124,162,33
159,175,7,125,163,36
159,175,15,125,163,39
159,175,23,126,163,43
159,175,31,127,164,49
159,175,39,129,164,54
159,175,47,130,165,58
159,175,55,131,165,62
159,175,63,132,166,67
159,175,71,133,166,71
159,175,79,134,166,76
159,175,87,135,166,81
159,175,95,136,165,87
159,175,103,137,165,92
159,175,111,137,164,97
159,175,119,137,164,102
159,175,127,137,163,107
159,175,135,138,162,113
159,175,143,138,161,119
159,175,151,138,161,125
159,175,159,138,160,132
159,175,167,139,160,139
159,175,175,139,159,148
159,175,183,139,158,159
159,175,191,139,157,171
159,175,199,138,156,187
159,175,207,137,153,202
159,175,215,135,150,218
159,175,223,133,147,231
159,175,231,131,143,242
159,175,239,129,139,249
159,175,247,127,136,254
159,175,255,125,132,255
159,183,0,123,174,33
159,183,7,123,174,35
159,183,15,124,175,38
159,183,23,125,175,42
159,183,31,126,176,47
159,183,39,127,176,53
159,183,47,129,177,58
159,183,55,130,178,62
159,183,63,131,178,67
159,183,71,133,179,71
159,183,79,134,179,76
159,183,87,135,179,82
159,183,95,136,178,87
159,183,103,137,178,92
159,183,111,137,177,97
159,183,119,138,176,102
159,183,127,138,175,108
159,183,135,138,175,113
159,183,143,139,174,119
159,183,151,139,174,125
159,183,159,139,173,131
159,183,167,140,173,138
159,183,175,140,172,146
159,183,183,140,171,155
159,183,191,140,170,167
159,183,199,140,169,180
159,183,207,139,166,195
159,183,215,138,163,210
159,183,223,136,159,224
159,183,231,134,155,236
159,183,239,132,150,246
159,183,247,130,146,252
159,183,255,128,142,255
159,191,0,121,187,34
159,191,7,122,188,37
159,191,15,122,188,39
159,191,23,123,188,42
159,191,31,124,189,46
159,191,39,126,190,51
159,191,47,127,190,57
159,191,55,129,191,62
159,191,63,130,191,67
159,191,71,132,192,71
159,191,79,133,191,76
159,191,87,134,191,82
159,191,95,135,191,87
159,191,103,136,191,92
159,191,111,137,190,97
159,191,119,137,190,102
159,191,127,138,189,107
159,191,135,138,188,113
159,191,143,139,188,118
159,191,151,139,187,124
159,191,159,140,186,131
159,191,167,140,186,137
159,191,175,141,185,144
159,191,183,141,185,152
159,191,191,141,184,162
159,191,199,141,183,174
159,191,207,141,181,188
159,191,215,140,178,203
159,191,223,138,173,217
159,191,231,137,168,230
159,191,239,135,163,242
159,191,247,132,158,250
159,191,255,130,153,253
159,199,0,119,200,35
159,199,7,119,200,38
159,199,15,120,201,41
159,199,23,121,201,45
159,199,31,123,202,48
159,199,39,124,203,52
159,199,47,126,203,56
159,199,55,127,204,62
159,199,63,129,205,66
159,199,71,130,205,71
159,199,79,132,205,76
159,199,87,133,205,81
159,199,95,135,205,87
159,199,103,136,205,92
159,199,111,136,204,97
159,199,119,137,203,102
159,199,127,138,203,107
159,199,135,138,202,113
159,199,143,139,202,118
159,199,151,139,201,124
159,199,159,140,201,130
159,199,167,140,200,136
159,199,175,141,200,143
159,199,183,142,199,150
159,199,191,142,199,159
159,199,199,142,198,169
159,199,207,142,196,182
159,199,215,142,193,196
159,199,223,141,188,211
159,199,231,139,184,225
159,199,239,137,178,237
159,199,247,135,172,248
159,199,255,133,165,253
159,207,0,116,212,35
159,207,7,117,213,37
159,207,15,118,213,40
159,207,23,119,214,44
159,207,31,121,215,49
159,207,39,122,215,52
159,207,47,124,216,56
159,207,55,126,217,61
159,207,63,128,218,66
159,207,71,129,218,71
159,207,79,131,219,76
159,207,87,132,219,81
159,207,95,134,219,86
159,207,103,135,219,91
159,207,111,136,219,96
159,207,119,137,218,102
159,207,127,137,217,107
159,207,135,138,217,112
159,207,143,139,216,117
159,207,151,139,216,123
159,207,159,140,215,129
159,207,167,140,215,136
159,207,175,141,215,142
159,207,183,141,214,149
159,207,191,142,214,156
159,207,199,143,213,165
159,207,207,143,212,177
159,207,215,143,210,190
159,207,223,142,206,205
159,207,231,141,201,219
159,207,239,140,195,234
159,207,247,138,189,245
159,207,255,136,182,253
159,215,0,113,224,35
159,215,7,114,224,37
159,215,15,115,224,39
159,215,23,116,225,43
159,215,31,118,226,47
159,215,39,120,227,53
159,215,47,122,228,56
159,215,55,123,229,60
159,215,63,125,230,65
159,215,71,127,230,70
159,215,79,129,231,75
159,215,87,131,231,80
159,215,95,132,231,85
159,215,103,133,231,90
159,215,111,135,231,95
159,215,119,136,231,101
159,215,127,137,231,106
159,215,135,137,231,111
159,215,143,138,230,116
159,215,151,139,229,122
159,215,159,139,229,128
159,215,167,140,229,134
159,215,175,140,228,140
159,215,183,141,228,147
159,215,191,142,228,154
159,215,199,142,227,162
159,215,207,143,226,173
159,215,215,143,224,185
159,215,223,143,221,199
159,215,231,143,218,214
159,215,239,142,212,229
159,215,247,140,206,243
159,215,255,139,199,251
159,223,0,111,233,36
159,223,7,112,233,37
159,223,15,113,234,39
159,223,23,114,234,42
159,223,31,115,235,46
159,223,39,117,236,51
159,223,47,120,237,56
159,223,55,121,238,60
159,223,63,123,239,64
159,223,71,125,240,69
159,223,79,127,241,74
159,223,87,129,241,79
159,223,95,131,242,84
159,223,103,132,242,89
159,223,111,133,241,94
159,223,119,134,241,99
159,223,127,135,241,104
159,223,135,136,241,109
159,223,143,137,241,115
159,223,151,138,240,120
159,223,159,139,240,126
159,223,167,139,240,132
159,223,175,140,239,138
159,223,183,140,239,144
159,223,191,141,238,151
159,223,199,142,238,160
159,223,207,142,238,169
159,223,215,143,237,181
159,223,223,143,235,194
159,223,231,143,232,208
159,223,239,142,228,223
159,223,247,142,223,239
159,223,255,141,218,252
159,231,0,109,241,37
159,231,7,110,241,38
159,231,15,110,241,40
159,231,23,112,242,42
159,231,31,113,242,45
159,231,39,115,243,49
159,231,47,117,244,54
159,231,55,119,245,60
159,231,63,121,246,63
159,231,71,123,246,68
159,231,79,125,247,72
159,231,87,127,248,77
159,231,95,129,248,82
159,231,103,131,249,87
159,231,111,132,249,92
159,231,119,133,249,97
159,231,127,134,249,102
159,231,135,135,249,108
159,231,143,136,249,113
159,231,151,137,248,118
159,231,159,137,248,124
159,231,167,138,248,129
159,231,175,139,248,136
159,231,183,139,248,142
159,231,191,140,247,149
159,231,199,140,247,157
159,231,207,141,246,166
159,231,215,142,246,176
159,231,223,142,245,188
159,231,231,142,244,202
159,231,239,142,241,218
159,231,247,142,237,234
159,231,255,142,233,247
159,239,0,106,247,36
159,239,7,107,247,38
159,239,15,108,247,41
159,239,23,110,248,44
159,239,31,111,248,46
159,239,39,112,249,50
159,239,47,114,249,53
159,239,55,116,250,58
159,239,63,119,251,62
159,239,71,121,251,67
159,239,79,123,251,71
159,239,87,125,252,76
159,239,95,127,252,80
159,239,103,128,252,85
159,239,111,130,253,90
159,239,119,131,253,95
159,239,127,133,253,100
159,239,135,134,253,105
159,239,143,135,254,111
159,239,151,136,254,116
159,239,159,136,253,122
159,239,167,137,253,127
159,239,175,137,253,133
159,239,183,138,253,139
159,239,191,138,253,146
159,239,199,139,252,154
159,239,207,140,252,163
159,239,215,140,252,172
159,239,223,141,252,183
159,239,231,141,251,196
159,239,239,141,250,211
159,239,247,142,248,227
159,239,255,142,246,243
159,247,0,105,250,36
159,247,7,105,251,38
159,247,15,106,251,40
159,247,23,107,251,43
159,247,31,109,252,47
159,247,39,111,252,50
159,247,47,112,253,53
159,247,55,114,253,57
159,247,63,116,253,61
159,247,71,119,254,65
159,247,79,120,254,70
159,247,87,122,254,74
159,247,95,125,254,80
159,247,103,126,254,84
159,247,111,128,254,89
159,247,119,129,254,94
159,247,127,131,255,99
159,247,135,132,255,104
159,247,143,133,255,109
159,247,151,134,255,114
159,247,159,134,255,119
159,247,167,135,255,125
159,247,175,136,255,131
159,247,183,136,255,137
159,247,191,137,255,144
159,247,199,137,255,151
159,247,207,138,255,159
159,247,215,138,255,168
159,247,223,139,255,179
159,247,231,140,255,192
159,247,239,140,254,206
159,247,247,141,254,221
159,247,255,141,253,236
159,255,0,104,253,37
159,255,7,104,253,39
159,255,15,105,254,40
159,255,23,106,254,43
159,255,31,107,254,46
159,255,39,109,254,50
159,255,47,110,254,53
159,255,55,112,254,56
159,255,63,114,255,60
159,255,71,116,255,64
159,255,79,118,255,68
159,255,87,120,255,73
159,255,95,122,255,78
159,255,103,125,255,83
159,255,111,126,255,88
159,255,119,128,255,93
159,255,127,129,255,97
159,255,135,130,255,102
159,255,143,131,255,107
159,255,151,132,255,112
159,255,159,133,255,117
159,255,167,134,255,123
159,255,175,134,255,129
159,255,183,134,255,135
159,255,191,135,255,141
159,255,199,135,255,149
159,255,207,136,255,156
159,255,215,136,255,165
159,255,223,137,255,175
159,255,231,138,255,187
159,255,239,139,255,201
159,255,247,140,255,215
159,255,255,141,255,229
167,0,0,137,2,26
167,0,7,138,3,33
167,0,15,139,3,40
167,0,23,139,4,47
167,0,31,140,4,55
167,0,39,140,4,63
167,0,47,140,4,71
167,0,55,140,4,79
167,0,63,140,4,88
167,0,71,139,4,98
167,0,79,139,4,109
167,0,87,139,4,122
167,0,95,138,4,137
167,0,103,137,5,155
167,0,111,135,6,174
167,0,119,134,9,192
167,0,127,131,12,207
167,0,135,128,16,217
167,0,143,125,20,225
167,0,151,121,25,229
167,0,159,118,29,233
167,0,167,114,33,236
167,0,175,111,36,238
167,0,183,108,39,240
167,0,191,105,41,241
167,0,199,103,42,243
167,0,207,101,42,245
167,0,215,99,43,248
167,0,223,97,44,250
167,0,231,95,44,252
167,0,239,93,44,253
167,0,247,92,44,254
167,0,255,91,46,255
167,7,0,136,3,26
167,7,7,137,4,33
167,7,15,138,4,40
167,7,23,139,5,47
167,7,31,139,5,55
167,7,39,140,6,62
167,7,47,140,6,70
167,7,55,140,6,78
167,7,63,139,6,87
167,7,71,139,6,96
167,7,79,139,6,107
167,7,87,139,6,120
167,7,95,138,6,135
167,7,103,137,7,152
167,7,111,135,8,171
167,7,119,134,11,188
167,7,127,131,14,204
167,7,135,128,19,214
167,7,143,125,23,223
167,7,151,122,28,228
167,7,159,118,32,232
167,7,167,115,35,235
167,7,175,112,39,238
167,7,183,109,42,240
167,7,191,106,44,241
167,7,199,104,45,243
167,7,207,102,46,245
167,7,215,100,47,247
167,7,223,98,47,250
167,7,231,96,47,251
167,7,239,94,47,253
167,7,247,93,47,254
167,7,255,91,48,255
167,15,0,135,5,26
167,15,7,137,5,33
167,15,15,137,6,40
167,15,23,138,6,47
167,15,31,139,7,54
167,15,39,139,8,62
167,15,47,139,8,70
167,15,55,139,8,77
167,15,63,139,8,86
167,15,71,139,8,95
167,15,79,139,8,105
167,15,87,138,8,118
167,15,95,138,9,132
167,15,103,137,9,149
167,15,111,136,11,166
167,15,119,134,13,184
167,15,127,132,17,199
167,15,135,129,22,211
167,15,143,126,26,220
167,15,151,122,31,226
167,15,159,119,35,231
167,15,167,115,39,235
167,15,175,112,42,238
167,15,183,109,45,240
167,15,191,107,47,241
167,15,199,104,49,243
167,15,207,102,51,245
167,15,215,100,51,247
167,15,223,99,51,249
167,15,231,97,51,251
167,15,239,95,50,253
167,15,247,94,50,254
167,15,255,92,51,255
167,23,0,134,7,26
167,23,7,136,8,33
167,23,15,137,8,40
167,23,23,137,9,46
167,23,31,138,10,54
167,23,39,138,11,61
167,23,47,138,11,69
167,23,55,138,12,76
167,23,63,138,12,84
167,23,71,138,12,93
167,23,79,138,12,103
167,23,87,138,12,115
167,23,95,138,13,128
167,23,103,137,14,144
167,23,111,136,15,160
167,23,119,134,17,177
167,23,127,132,21,192
167,23,135,129,25,205
167,23,143,126,31,215
167,23,151,123,35,222
167,23,159,120,40,228
167,23,167,116,43,233
167,23,175,113,46,237
167,23,183,110,48,240
167,23,191,107,51,241
167,23,199,105,53,243
167,23,207,103,55,245
167,23,215,101,57,247
167,23,223,100,57,249
167,23,231,98,55,251
167,23,239,96,54,253
167,23,247,95,54,254
167,23,255,93,55,255
167,31,0,133,11,26
167,31,7,135,11,33
167,31,15,136,12,40
167,31,23,136,13,46
167,31,31,137,14,54
167,31,39,137,15,60
167,31,47,137,16,67
167,31,55,138,17,75
167,31,63,138,17,82
167,31,71,138,18,91
167,31,79,138,18,100
167,31,87,138,18,111
167,31,95,137,19,123
167,31,103,137,19,137
167,31,111,136,20,153
167,31,119,135,22,169
167,31,127,133,25,184
167,31,135,130,29,197
167,31,143,127,34,208
167,31,151,124,40,217
167,31,159,121,45,225
167,31,167,118,48,232
167,31,175,114,51,237
167,31,183,111,53,240
167,31,191,109,56,242
167,31,199,106,57,243
167,31,207,104,60,245
167,31,215,103,61,247
167,31,223,101,62,249
167,31,231,99,62,251
167,31,239,98,60,252
167,31,247,96,59,254
167,31,255,95,59,255
167,39,0,132,16,26
167,39,7,134,17,33
167,39,15,135,18,40
167,39,23,135,19,46
167,39,31,136,20,53
167,39,39,136,21,59
167,39,47,137,22,66
167,39,55,137,23,73
167,39,63,137,24,80
167,39,71,137,24,88
167,39,79,137,25,97
167,39,87,137,25,106
167,39,95,137,26,118
167,39,103,137,26,130
167,39,111,136,27,145
167,39,119,135,28,160
167,39,127,133,31,175
167,39,135,131,34,189
167,39,143,128,38,201
167,39,151,125,43,212
167,39,159,122,48,223
167,39,167,119,52,230
167,39,175,116,56,237
167,39,183,113,59,240
167,39,191,110,61,242
167,39,199,108,63,244
167,39,207,106,64,245
167,39,215,104,65,247
167,39,223,102,66,249
167,39,231,101,67,251
167,39,239,100,67,252
167,39,247,98,65,254
167,39,255,97,65,254
167,47,0,132,23,26
167,47,7,133,24,32
167,47,15,134,25,39
167,47,23,135,26,45
167,47,31,135,27,52
167,47,39,136,28,58
167,47,47,136,29,65
167,47,55,136,30,71
167,47,63,136,31,78
167,47,71,137,31,86
167,47,79,137,32,94
167,47,87,137,32,103
167,47,95,137,32,113
167,47,103,136,33,125
167,47,111,136,34,138
167,47,119,135,35,152
167,47,127,134,37,166
167,47,135,132,39,180
167,47,143,129,43,194
167,47,151,127,47,207
167,47,159,123,51,219
167,47,167,120,55,229
167,47,175,117,59,236
167,47,183,114,62,241
167,47,191,112,65,242
167,47,199,109,67,244
167,47,207,107,68,245
167,47,215,106,69,247
167,47,223,104,69,249
167,47,231,103,70,251
167,47,239,101,70,252
167,47,247,100,70,253
167,47,255,99,70,254
167,55,0,131,31,27
167,55,7,132,32,32
167,55,15,133,33,38
167,55,23,134,34,45
167,55,31,134,35,51
167,55,39,135,36,57
167,55,47,135,37,63
167,55,55,135,38,69
167,55,63,136,38,76
167,55,71,136,39,83
167,55,79,136,39,91
167,55,87,136,39,100
167,55,95,136,40,109
167,55,103,136,40,120
167,55,111,136,40,133
167,55,119,135,41,145
167,55,127,134,42,159
167,55,135,132,45,172
167,55,143,130,48,186
167,55,151,128,51,201
167,55,159,125,55,215
167,55,167,122,59,228
167,55,175,119,62,235
167,55,183,116,65,241
167,55,191,113,68,243
167,55,199,111,70,244
167,55,207,109,72,246
167,55,215,107,73,247
167,55,223,106,73,249
167,55,231,104,73,251
167,55,239,103,73,252
167,55,247,102,73,253
167,55,255,101,73,254
167,63,0,131,39,26
167,63,7,132,40,31
167,63,15,133,40,38
167,63,23,134,41,44
167,63,31,134,42,50
167,63,39,134,43,56
167,63,47,135,44,62
167,63,55,135,45,68
167,63,63,135,46,74
167,63,71,135,46,81
167,63,79,136,46,88
167,63,87,136,47,96
167,63,95,136,47,105
167,63,103,136,47,115
167,63,111,135,47,127
167,63,119,135,48,139
167,63,127,134,49,152
167,63,135,133,50,165
167,63,143,132,53,179
167,63,151,129,56,195
167,63,159,127,59,211
167,63,167,124,62,225
167,63,175,121,65,235
167,63,183,118,68,240
167,63,191,115,70,243
167,63,199,113,72,245
167,63,207,111,74,246
167,63,215,109,75,247
167,63,223,107,76,249
167,63,231,106,76,251
167,63,239,105,76,252
167,63,247,103,76,253
167,63,255,102,76,254
167,71,0,131,47,25
167,71,7,131,48,30
167,71,15,132,48,36
167,71,23,133,49,44
167,71,31,134,50,50
167,71,39,134,51,56
167,71,47,134,52,61
167,71,55,135,52,66
167,71,63,135,53,72
167,71,71,135,53,79
167,71,79,135,54,86
167,71,87,135,54,93
167,71,95,135,54,102
167,71,103,135,54,111
167,71,111,135,54,122
167,71,119,135,55,133
167,71,127,134,55,145
167,71,135,134,56,157
167,71,143,132,58,172
167,71,151,131,60,189
167,71,159,128,63,206
167,71,167,125,65,221
167,71,175,123,68,235
167,71,183,120,71,240
167,71,191,117,73,244
167,71,199,115,75,245
167,71,207,113,77,246
167,71,215,111,77,248
167,71,223,109,78,249
167,71,231,107,78,251
167,71,239,106,78,253
167,71,247,105,79,254
167,71,255,104,78,254
167,79,0,131,56,26
167,79,7,132,56,31
167,79,15,132,56,36
167,79,23,133,57,43
167,79,31,134,58,49
167,79,39,134,59,55
167,79,47,134,59,60
167,79,55,134,60,65
167,79,63,134,61,71
167,79,71,135,61,77
167,79,79,135,61,84
167,79,87,135,62,91
167,79,95,135,62,98
167,79,103,135,62,107
167,79,111,135,62,116
167,79,119,135,62,127
167,79,127,135,62,138
167,79,135,134,63,151
167,79,143,133,64,165
167,79,151,132,66,180
167,79,159,130,68,199
167,79,167,127,70,216
167,79,175,124,72,230
167,79,183,122,74,240
167,79,191,119,76,244
167,79,199,117,78,246
167,79,207,115,79,246
167,79,215,113,80,247
167,79,223,111,81,250
167,79,231,109,81,251
167,79,239,108,81,253
167,79,247,106,81,254
167,79,255,105,81,254
167,87,0,131,64,27
167,87,7,132,64,31
167,87,15,133,65,36
167,87,23,133,65,42
167,87,31,134,66,49
167,87,39,134,67,54
167,87,47,134,67,59
167,87,55,134,68,64
167,87,63,134,68,69
167,87,71,135,69,75
167,87,79,135,69,81
167,87,87,135,69,88
167,87,95,135,69,95
167,87,103,135,69,103
167,87,111,135,70,112
167,87,119,135,70,121
167,87,127,135,70,132
167,87,135,134,70,144
167,87,143,134,71,156
167,87,151,133,72,173
167,87,159,131,73,190
167,87,167,129,75,209
167,87,175,127,76,225
167,87,183,124,78,238
167,87,191,121,80,243
167,87,199,118,81,246
167,87,207,116,82,247
167,87,215,114,83,248
167,87,223,113,83,250
167,87,231,111,83,252
167,87,239,109,83,253
167,87,247,108,83,254
167,87,255,107,83,254
167,95,0,132,72,27
167,95,7,133,73,32
167,95,15,133,73,36
167,95,23,133,73,42
167,95,31,134,74,48
167,95,39,134,75,54
167,95,47,134,75,58
167,95,55,135,76,63
167,95,63,135,76,68
167,95,71,135,77,74
167,95,79,135,77,80
167,95,87,135,77,86
167,95,95,135,77,93
167,95,103,135,77,100
167,95,111,135,77,108
167,95,119,135,77,117
167,95,127,135,77,127
167,95,135,135,77,137
167,95,143,134,78,150
167,95,151,134,78,164
167,95,159,133,79,181
167,95,167,131,80,199
167,95,175,129,81,217
167,95,183,126,82,231
167,95,191,123,84,241
167,95,199,120,85,246
167,95,207,118,86,248
167,95,215,116,86,249
167,95,223,114,87,250
167,95,231,113,86,252
167,95,239,111,86,253
167,95,247,110,86,254
167,95,255,108,85,254
167,103,0,132,80,27
167,103,7,133,81,32
167,103,15,134,81,38
167,103,23,134,82,43
167,103,31,134,82,48
167,103,39,135,83,54
167,103,47,135,83,58
167,103,55,135,84,63
167,103,63,135,84,68
167,103,71,135,84,73
167,103,79,135,85,79
167,103,87,135,85,84
167,103,95,135,85,91
167,103,103,135,85,98
167,103,111,135,85,105
167,103,119,135,85,113
167,103,127,135,85,122
167,103,135,135,85,132
167,103,143,135,85,143
167,103,151,135,85,156
167,103,159,134,85,173
167,103,167,133,86,190
167,103,175,131,87,209
167,103,183,128,87,225
167,103,191,125,88,237
167,103,199,123,89,244
167,103,207,120,90,249
167,103,215,118,90,250
167,103,223,116,90,251
167,103,231,115,90,252
167,103,239,113,90,253
167,103,247,112,89,254
167,103,255,110,88,254
167,111,0,133,88,27
167,111,7,133,89,32
167,111,15,134,89,38
167,111,23,135,89,43
167,111,31,135,90,48
167,111,39,135,90,54
167,111,47,135,91,58
167,111,55,136,91,62
167,111,63,136,92,67
167,111,71,136,92,72
167,111,79,136,92,78
167,111,87,136,92,83
167,111,95,136,92,89
167,111,103,136,92,96
167,111,111,136,92,102
167,111,119,136,92,110
167,111,127,136,92,118
167,111,135,136,92,127
167,111,143,136,92,137
167,111,151,136,92,150
167,111,159,135,92,164
167,111,167,134,92,182
167,111,175,133,92,199
167,111,183,130,93,217
167,111,191,127,93,231
167,111,199,125,93,242
167,111,207,122,94,247
167,111,215,120,94,251
167,111,223,118,94,252
167,111,231,116,94,253
167,111,239,115,93,253
167,111,247,113,92,253
167,111,255,112,91,253
167,119,0,134,96,28
167,119,7,134,96,32
167,119,15,134,97,37
167,119,23,135,97,44
167,119,31,135,98,49
167,119,39,136,98,53
167,119,47,136,98,58
167,119,55,136,99,63
167,119,63,137,99,67
167,119,71,137,99,72
167,119,79,137,99,77
167,119,87,137,99,83
167,119,95,137,99,88
167,119,103,137,99,94
167,119,111,137,99,101
167,119,119,137,99,107
167,119,127,137,99,115
167,119,135,136,99,123
167,119,143,137,99,133
167,119,151,137,99,143
167,119,159,136,99,157
167,119,167,136,98,173
167,119,175,134,98,191
167,119,183,132,98,208
167,119,191,130,98,225
167,119,199,127,98,236
167,119,207,124,98,246
167,119,215,122,98,249
167,119,223,120,98,252
167,119,231,118,97,253
167,119,239,117,97,254
167,119,247,116,96,254
167,119,255,114,94,253
167,127,0,134,104,29
167,127,7,134,104,33
167,127,15,135,104,37
167,127,23,135,105,43
167,127,31,136,105,50
167,127,39,136,106,54
167,127,47,137,106,58
167,127,55,137,106,63
167,127,63,137,107,67
167,127,71,138,107,72
167,127,79,138,107,77
167,127,87,138,107,82
167,127,95,138,107,88
167,127,103,138,107,93
167,127,111,138,106,99
167,127,119,137,106,106
167,127,127,137,106,113
167,127,135,137,106,121
167,127,143,137,106,129
167,127,151,137,105,139
167,127,159,137,105,151
167,127,167,137,105,166
167,127,175,136,105,183
167,127,183,134,105,200
167,127,191,132,104,217
167,127,199,129,104,231
167,127,207,127,103,242
167,127,215,124,103,248
167,127,223,122,102,251
167,127,231,120,102,253
167,127,239,119,101,254
167,127,247,117,100,254
167,127,255,116,99,253
167,135,0,134,112,30
167,135,7,135,112,33
167,135,15,135,112,37
167,135,23,136,113,42
167,135,31,136,113,49
167,135,39,137,113,54
167,135,47,137,114,58
167,135,55,138,114,63
167,135,63,138,114,67
167,135,71,138,115,72
167,135,79,139,115,77
167,135,87,139,114,82
167,135,95,139,114,87
167,135,103,139,114,93
167,135,111,139,114,99
167,135,119,138,113,105
167,135,127,138,113,111
167,135,135,138,113,119
167,135,143,138,112,126
167,135,151,138,112,135
167,135,159,138,112,146
167,135,167,138,112,160
167,135,175,138,112,174
167,135,183,136,111,192
167,135,191,134,110,209
167,135,199,131,109,226
167,135,207,129,108,237
167,135,215,126,108,246
167,135,223,124,107,250
167,135,231,122,106,253
167,135,239,121,105,254
167,135,247,119,104,254
167,135,255,118,103,254
167,143,0,134,120,31
167,143,7,135,120,34
167,143,15,135,121,37
167,143,23,136,121,42
167,143,31,136,121,47
167,143,39,137,122,54
167,143,47,138,122,59
167,143,55,138,122,63
167,143,63,139,122,67
167,143,71,139,123,72
167,143,79,140,123,77
167,143,87,140,122,82
167,143,95,140,122,87
167,143,103,140,122,93
167,143,111,140,121,98
167,143,119,140,121,104
167,143,127,139,120,110
167,143,135,139,120,117
167,143,143,139,119,124
167,143,151,139,119,132
167,143,159,139,119,142
167,143,167,139,119,153
167,143,175,139,119,168
167,143,183,138,118,184
167,143,191,136,117,201
167,143,199,134,116,218
167,143,207,131,115,233
167,143,215,129,113,242
167,143,223,127,112,249
167,143,231,125,111,252
167,143,239,123,110,254
167,143,247,121,109,254
167,143,255,119,108,254
167,151,0,134,128,33
167,151,7,134,128,37
167,151,15,135,129,41
167,151,23,136,129,44
167,151,31,136,129,48
167,151,39,137,130,53
167,151,47,138,130,59
167,151,55,138,131,63
167,151,63,139,131,67
167,151,71,140,131,72
167,151,79,140,131,77
167,151,87,141,131,82
167,151,95,141,130,87
167,151,103,141,130,92
167,151,111,141,130,98
167,151,119,141,129,103
167,151,127,140,128,109
167,151,135,140,128,116
167,151,143,140,127,122
167,151,151,140,127,130
167,151,159,140,127,139
167,151,167,141,127,149
167,151,175,141,127,161
167,151,183,140,126,176
167,151,191,138,125,193
167,151,199,136,123,211
167,151,207,134,122,226
167,151,215,131,120,239
167,151,223,129,119,245
167,151,231,127,117,250
167,151,239,125,116,253
167,151,247,123,114,255
167,151,255,121,112,255
167,159,0,133,137,33
167,159,7,133,137,37
167,159,15,134,138,40
167,159,23,135,138,46
167,159,31,136,139,49
167,159,39,136,139,54
167,159,47,137,140,58
167,159,55,138,140,63
167,159,63,139,140,67
167,159,71,140,141,72
167,159,79,141,141,77
167,159,87,141,140,82
167,159,95,142,140,87
167,159,103,142,139,93
167,159,111,142,139,98
167,159,119,142,138,103
167,159,127,142,138,109
167,159,135,141,137,115
167,159,143,141,136,121
167,159,151,141,136,128
167,159,159,141,136,136
167,159,167,142,135,145
167,159,175,142,135,157
167,159,183,142,135,170
167,159,191,141,134,185
167,159,199,139,132,202
167,159,207,137,130,218
167,159,215,134,128,231
167,159,223,132,126,241
167,159,231,130,124,248
167,159,239,128,122,252
167,159,247,126,120,254
167,159,255,124,118,255
167,167,0,132,147,34
167,167,7,132,147,36
167,167,15,133,147,40
167,167,23,134,148,45
167,167,31,135,149,51
167,167,39,136,149,54
167,167,47,137,150,58
167,167,55,138,150,63
167,167,63,139,150,67
167,167,71,140,151,72
167,167,79,141,151,77
167,167,87,141,151,82
167,167,95,142,151,87
167,167,103,142,150,92
167,167,111,142,149,98
167,167,119,143,149,103
167,167,127,143,148,108
167,167,135,143,147,114
167,167,143,143,147,120
167,167,151,143,146,127
167,167,159,143,146,134
167,167,167,143,145,142
167,167,175,144,145,152
167,167,183,143,145,164
167,167,191,143,143,179
167,167,199,141,142,194
167,167,207,139,140,211
167,167,215,137,137,225
167,167,223,135,135,237
167,167,231,132,132,245
167,167,239,130,129,251
167,167,247,128,126,254
167,167,255,125,124,255
167,175,0,131,157,34
167,175,7,131,157,36
167,175,15,132,158,39
167,175,23,133,158,43
167,175,31,134,159,49
167,175,39,135,160,56
167,175,47,136,160,59
167,175,55,137,161,63
167,175,63,139,162,67
167,175,71,140,162,72
167,175,79,141,162,77
167,175,87,141,162,82
167,175,95,142,162,88
167,175,103,143,161,93
167,175,111,143,161,98
167,175,119,143,160,103
167,175,127,143,159,108
167,175,135,143,159,114
167,175,143,143,158,120
167,175,151,144,158,126
167,175,159,144,157,133
167,175,167,145,157,140
167,175,175,145,156,149
167,175,183,145,156,159
167,175,191,145,155,172
167,175,199,144,153,187
167,175,207,142,151,203
167,175,215,140,148,218
167,175,223,138,145,231
167,175,231,135,141,242
167,175,239,133,138,249
167,175,247,131,135,254
167,175,255,128,131,255
167,183,0,129,169,34
167,183,7,130,169,36
167,183,15,130,169,39
167,183,23,131,170,42
167,183,31,132,171,47
167,183,39,134,171,53
167,183,47,135,172,59
167,183,55,136,173,63
167,183,63,138,173,67
167,183,71,139,174,72
167,183,79,140,174,77
167,183,87,141,174,83
167,183,95,142,174,88
167,183,103,143,173,93
167,183,111,143,173,98
167,183,119,144,172,103
167,183,127,144,172,108
167,183,135,144,171,114
167,183,143,144,170,120
167,183,151,145,170,126
167,183,159,145,169,132
167,183,167,145,169,139
167,183,175,146,169,146
167,183,183,146,168,156
167,183,191,146,167,167
167,183,199,146,166,181
167,183,207,145,164,196
167,183,215,143,161,211
167,183,223,141,157,225
167,183,231,138,152,236
167,183,239,136,148,247
167,183,247,134,144,252
167,183,255,132,141,255
167,191,0,127,180,35
167,191,7,128,181,37
167,191,15,129,181,40
167,191,23,130,182,43
167,191,31,131,182,47
167,191,39,132,183,52
167,191,47,134,184,58
167,191,55,135,185,63
167,191,63,137,186,67
167,191,71,138,186,72
167,191,79,139,186,77
167,191,87,140,186,82
167,191,95,142,186,88
167,191,103,142,186,93
167,191,111,143,185,98
167,191,119,144,185,103
167,191,127,144,184,108
167,191,135,145,183,114
167,191,143,145,183,119
167,191,151,145,183,125
167,191,159,146,182,131
167,191,167,146,182,138
167,191,175,147,181,145
167,191,183,147,181,153
167,191,191,147,180,163
167,191,199,147,179,175
167,191,207,147,177,189
167,191,215,146,174,204
167,191,223,144,170,218
167,191,231,142,166,231
167,191,239,139,160,242
167,191,247,137,155,250
167,191,255,134,150,253
167,199,0,125,193,35
167,199,7,126,194,38
167,199,15,127,194,41
167,199,23,128,195,45
167,199,31,129,196,49
167,199,39,130,196,53
167,199,47,132,197,57
167,199,55,134,198,62
167,199,63,135,199,67
167,199,71,137,199,72
167,199,79,138,199,77
167,199,87,140,199,82
167,199,95,141,199,88
167,199,103,142,199,93
167,199,111,143,199,98
167,199,119,143,198,103
167,199,127,144,198,108
167,199,135,144,197,114
167,199,143,145,197,119
167,199,151,145,196,125
167,199,159,146,196,131
167,199,167,147,196,138
167,199,175,147,195,144
167,199,183,148,195,151
167,199,191,148,195,159
167,199,199,148,194,170
167,199,207,148,192,183
167,199,215,148,189,198
167,199,223,146,185,212
167,199,231,145,180,226
167,199,239,143,175,238
167,199,247,140,169,248
167,199,255,137,163,253
167,207,0,123,206,36
167,207,7,124,206,38
167,207,15,124,207,40
167,207,23,126,207,44
167,207,31,127,208,49
167,207,39,128,209,54
167,207,47,130,210,58
167,207,55,132,211,62
167,207,63,134,212,67
167,207,71,135,212,72
167,207,79,137,213,77
167,207,87,139,213,82
167,207,95,140,213,87
167,207,103,141,213,93
167,207,111,142,213,98
167,207,119,143,212,103
167,207,127,144,212,108
167,207,135,144,211,114
167,207,143,145,211,119
167,207,151,145,211,125
167,207,159,146,211,131
167,207,167,146,210,137
167,207,175,147,210,143
167,207,183,148,210,150
167,207,191,149,209,158
167,207,199,149,209,167
167,207,207,149,208,178
167,207,215,149,206,192
167,207,223,148,202,206
167,207,231,148,197,221
167,207,239,145,192,234
167,207,247,143,185,245
167,207,255,140,179,252
167,215,0,120,217,36
167,215,7,121,218,38
167,215,15,122,218,40
167,215,23,123,219,43
167,215,31,124,220,48
167,215,39,126,221,53
167,215,47,128,222,58
167,215,55,130,223,62
167,215,63,132,224,66
167,215,71,134,225,71
167,215,79,135,226,76
167,215,87,137,226,81
167,215,95,139,227,86
167,215,103,140,227,92
167,215,111,141,227,97
167,215,119,142,226,102
167,215,127,143,226,107
167,215,135,144,226,113
167,215,143,144,225,118
167,215,151,145,225,124
167,215,159,146,224,129
167,215,167,146,224,136
167,215,175,147,224,142
167,215,183,147,224,148
167,215,191,148,223,156
167,215,199,149,223,164
167,215,207,149,222,174
167,215,215,150,221,187
167,215,223,150,218,201
167,215,231,149,214,215
167,215,239,148,209,230
167,215,247,146,203,244
167,215,255,144,196,252
167,223,0,117,228,36
167,223,7,118,228,38
167,223,15,119,229,40
167,223,23,120,229,43
167,223,31,121,230,46
167,223,39,123,231,51
167,223,47,125,232,57
167,223,55,127,233,61
167,223,63,129,234,65
167,223,71,131,235,70
167,223,79,133,236,75
167,223,87,135,237,80
167,223,95,137,237,85
167,223,103,138,237,90
167,223,111,140,237,96
167,223,119,141,238,101
167,223,127,142,238,106
167,223,135,143,238,112
167,223,143,144,237,117
167,223,151,144,237,122
167,223,159,145,236,128
167,223,167,145,236,134
167,223,175,146,236,140
167,223,183,147,235,146
167,223,191,147,235,154
167,223,199,148,235,162
167,223,207,149,234,172
167,223,215,149,233,183
167,223,223,149,231,196
167,223,231,150,229,210
167,223,239,149,225,226
167,223,247,148,220,240
167,223,255,146,214,251
167,231,0,115,236,37
167,231,7,115,237,39
167,231,15,116,237,41
167,231,23,117,238,43
167,231,31,119,238,46
167,231,39,120,239,50
167,231,47,123,240,55
167,231,55,125,242,60
167,231,63,127,243,65
167,231,71,129,244,69
167,231,79,131,245,74
167,231,87,133,246,79
167,231,95,135,246,84
167,231,103,137,246,89
167,231,111,138,246,94
167,231,119,140,246,99
167,231,127,141,246,105
167,231,135,142,246,110
167,231,143,143,246,115
167,231,151,143,246,121
167,231,159,144,246,126
167,231,167,145,246,132
167,231,175,145,245,138
167,231,183,146,245,144
167,231,191,146,245,151
167,231,199,147,244,159
167,231,207,148,244,168
167,231,215,149,244,179
167,231,223,149,243,191
167,231,231,149,241,205
167,231,239,149,239,219
167,231,247,148,235,236
167,231,255,148,230,247
167,239,0,112,243,36
167,239,7,113,243,38
167,239,15,114,244,41
167,239,23,115,244,45
167,239,31,117,245,48
167,239,39,118,245,51
167,239,47,120,246,54
167,239,55,122,247,59
167,239,63,125,248,63
167,239,71,127,249,68
167,239,79,129,250,72
167,239,87,131,251,77
167,239,95,133,251,82
167,239,103,135,252,87
167,239,111,137,252,93
167,239,119,138,252,98
167,239,127,140,253,103
167,239,135,141,253,108
167,239,143,142,252,113
167,239,151,142,252,119
167,239,159,143,252,124
167,239,167,143,251,130
167,239,175,144,252,136
167,239,183,145,252,142
167,239,191,145,252,149
167,239,199,146,251,157
167,239,207,146,251,165
167,239,215,147,251,175
167,239,223,148,251,186
167,239,231,148,250,199
167,239,239,149,249,215
167,239,247,149,247,230
167,239,255,148,244,245
167,247,0,109,248,36
167,247,7,110,249,38
167,247,15,111,249,40
167,247,23,112,250,43
167,247,31,114,250,47
167,247,39,116,251,51
167,247,47,117,252,54
167,247,55,119,252,58
167,247,63,122,253,62
167,247,71,124,253,67
167,247,79,126,253,71
167,247,87,128,254,76
167,247,95,131,254,81
167,247,103,133,254,86
167,247,111,134,254,91
167,247,119,136,254,96
167,247,127,137,255,101
167,247,135,139,255,106
167,247,143,140,255,112
167,247,151,141,255,117
167,247,159,142,255,123
167,247,167,142,255,128
167,247,175,143,255,134
167,247,183,143,255,140
167,247,191,144,254,147
167,247,199,144,255,154
167,247,207,145,255,162
167,247,215,146,255,172
167,247,223,146,254,183
167,247,231,147,254,195
167,247,239,147,254,208
167,247,247,148,253,224
167,247,255,148,253,238
167,255,0,108,252,37
167,255,7,109,252,39
167,255,15,110,252,40
167,255,23,111,253,43
167,255,31,112,253,46
167,255,39,114,253,50
167,255,47,115,254,54
167,255,55,117,254,57
167,255,63,119,254,61
167,255,71,121,255,65
167,255,79,124,255,69
167,255,87,126,255,74
167,255,95,128,255,80
167,255,103,131,255,85
167,255,111,132,255,90
167,255,119,134,255,95
167,255,127,136,255,100
167,255,135,137,255,105
167,255,143,138,255,110
167,255,151,139,255,115
167,255,159,140,255,120
167,255,167,141,255,126
167,255,175,141,255,133
167,255,183,141,255,139
167,255,191,142,255,145
167,255,199,142,255,152
167,255,207,143,255,159
167,255,215,144,255,168
167,255,223,144,255,179
167,255,231,145,255,191
167,255,239,146,255,204
167,255,247,147,255,219
167,255,255,147,255,232
175,0,0,143,2,27
175,0,7,144,2,33
175,0,15,145,2,41
175,0,23,146,2,47
175,0,31,147,2,55
175,0,39,147,2,63
175,0,47,148,2,71
175,0,55,148,2,79
175,0,63,148,2,88
175,0,71,147,2,97
175,0,79,147,2,108
175,0,87,147,3,121
175,0,95,147,5,137
175,0,103,146,6,154
175,0,111,144,8,171
175,0,119,142,10,188
175,0,127,139,13,202
175,0,135,136,16,214
175,0,143,132,20,222
175,0,151,129,25,228
175,0,159,125,29,233
175,0,167,121,33,236
175,0,175,117,37,238
175,0,183,113,41,239
175,0,191,110,43,241
175,0,199,108,44,243
175,0,207,106,45,245
175,0,215,104,45,247
175,0,223,102,45,250
175,0,231,100,45,252
175,0,239,98,45,253
175,0,247,97,46,255
175,0,255,95,48,255
175,7,0,143,3,27
175,7,7,144,3,33
175,7,15,145,3,40
175,7,23,146,4,47
175,7,31,146,4,55
175,7,39,147,4,62
175,7,47,147,4,71
175,7,55,147,4,79
175,7,63,147,4,87
175,7,71,147,4,96
175,7,79,147,4,107
175,7,87,147,5,119
175,7,95,146,6,134
175,7,103,146,8,150
175,7,111,144,9,167
175,7,119,142,11,184
175,7,127,140,14,199
175,7,135,137,18,211
175,7,143,133,22,219
175,7,151,129,27,226
175,7,159,125,31,231
175,7,167,121,35,235
175,7,175,117,40,238
175,7,183,114,43,239
175,7,191,111,46,241
175,7,199,108,47,243
175,7,207,106,48,245
175,7,215,104,48,247
175,7,223,102,48,249
175,7,231,101,48,252
175,7,239,99,48,253
175,7,247,97,49,254
175,7,255,96,50,255
175,15,0,142,4,27
175,15,7,143,5,33
175,15,15,144,5,40
175,15,23,145,6,47
175,15,31,146,6,54
175,15,39,146,6,62
175,15,47,147,7,70
175,15,55,147,7,78
175,15,63,147,7,86
175,15,71,147,7,95
175,15,79,147,7,105
175,15,87,147,8,117
175,15,95,146,8,131
175,15,103,145,9,146
175,15,111,144,11,163
175,15,119,142,14,180
175,15,127,140,17,195
175,15,135,137,20,207
175,15,143,133,25,216
175,15,151,130,30,224
175,15,159,126,34,230
175,15,167,122,38,234
175,15,175,118,42,237
175,15,183,115,46,239
175,15,191,111,49,241
175,15,199,109,52,243
175,15,207,107,52,245
175,15,215,105,52,247
175,15,223,103,51,249
175,15,231,101,51,251
175,15,239,100,51,253
175,15,247,98,51,254
175,15,255,97,53,255
175,23,0,141,7,27
175,23,7,142,7,33
175,23,15,144,8,40
175,23,23,144,9,47
175,23,31,145,9,54
175,23,39,146,10,61
175,23,47,146,10,69
175,23,55,146,11,76
175,23,63,146,11,84
175,23,71,146,11,93
175,23,79,146,11,103
175,23,87,146,12,115
175,23,95,146,13,128
175,23,103,145,13,142
175,23,111,144,15,158
175,23,119,142,17,175
175,23,127,140,21,189
175,23,135,138,24,202
175,23,143,134,29,212
175,23,151,130,33,221
175,23,159,126,38,228
175,23,167,122,42,233
175,23,175,119,46,237
175,23,183,115,49,239
175,23,191,112,53,241
175,23,199,110,56,243
175,23,207,108,57,245
175,23,215,106,57,247
175,23,223,104,56,249
175,23,231,102,55,251
175,23,239,101,55,253
175,23,247,99,55,254
175,23,255,98,56,255
175,31,0,140,10,27
175,31,7,141,11,33
175,31,15,142,12,40
175,31,23,143,13,47
175,31,31,144,14,54
175,31,39,145,15,61
175,31,47,145,16,68
175,31,55,145,16,75
175,31,63,146,16,83
175,31,71,146,17,91
175,31,79,146,17,100
175,31,87,146,17,111
175,31,95,146,18,124
175,31,103,145,19,137
175,31,111,144,20,153
175,31,119,143,22,168
175,31,127,141,25,182
175,31,135,138,29,196
175,31,143,135,34,207
175,31,151,131,38,217
175,31,159,127,43,225
175,31,167,124,46,232
175,31,175,120,50,236
175,31,183,116,54,240
175,31,191,114,57,241
175,31,199,111,59,243
175,31,207,109,61,245
175,31,215,107,63,247
175,31,223,105,62,249
175,31,231,104,61,251
175,31,239,102,60,253
175,31,247,101,60,254
175,31,255,100,60,255
175,39,0,138,16,26
175,39,7,140,17,33
175,39,15,141,18,39
175,39,23,142,19,46
175,39,31,143,20,53
175,39,39,143,21,60
175,39,47,144,22,66
175,39,55,144,23,73
175,39,63,145,23,81
175,39,71,145,24,89
175,39,79,145,24,97
175,39,87,145,24,107
175,39,95,145,25,119
175,39,103,145,25,131
175,39,111,144,26,146
175,39,119,143,28,161
175,39,127,141,30,175
175,39,135,139,34,188
175,39,143,136,38,200
175,39,151,132,43,211
175,39,159,129,48,221
175,39,167,125,52,230
175,39,175,121,55,236
175,39,183,118,58,240
175,39,191,115,60,242
175,39,199,112,63,244
175,39,207,110,65,245
175,39,215,108,66,247
175,39,223,107,67,249
175,39,231,105,68,251
175,39,239,104,66,252
175,39,247,103,65,254
175,39,255,102,64,255
175,47,0,138,22,27
175,47,7,139,23,32
175,47,15,140,24,39
175,47,23,141,25,46
175,47,31,142,27,52
175,47,39,143,28,59
175,47,47,143,29,65
175,47,55,143,30,72
175,47,63,144,30,79
175,47,71,144,31,86
175,47,79,144,32,94
175,47,87,145,32,103
175,47,95,145,32,114
175,47,103,144,33,125
175,47,111,144,33,139
175,47,119,143,34,153
175,47,127,141,36,166
175,47,135,139,39,180
175,47,143,137,42,193
175,47,151,133,47,206
175,47,159,130,51,218
175,47,167,126,55,229
175,47,175,123,59,235
175,47,183,119,62,240
175,47,191,116,65,242
175,47,199,114,67,244
175,47,207,112,68,245
175,47,215,110,70,247
175,47,223,108,71,249
175,47,231,107,71,251
175,47,239,105,71,252
175,47,247,104,70,253
175,47,255,103,69,255
175,55,0,137,30,27
175,55,7,138,31,32
175,55,15,139,32,38
175,55,23,141,33,46
175,55,31,141,34,51
175,55,39,142,35,58
175,55,47,142,36,64
175,55,55,143,37,70
175,55,63,143,38,77
175,55,71,143,38,84
175,55,79,144,39,92
175,55,87,144,39,100
175,55,95,144,39,110
175,55,103,144,40,120
175,55,111,144,40,132
175,55,119,143,41,145
175,55,127,142,43,158
175,55,135,140,44,172
175,55,143,138,47,186
175,55,151,135,51,201
175,55,159,132,54,214
175,55,167,128,58,226
175,55,175,124,62,235
175,55,183,121,65,240
175,55,191,118,68,243
175,55,199,115,70,244
175,55,207,113,72,246
175,55,215,111,73,247
175,55,223,110,73,249
175,55,231,108,74,251
175,55,239,107,74,252
175,55,247,106,74,253
175,55,255,105,74,254
175,63,0,137,38,27
175,63,7,138,39,32
175,63,15,139,39,37
175,63,23,140,41,45
175,63,31,141,42,51
175,63,39,141,43,57
175,63,47,141,44,63
175,63,55,142,45,68
175,63,63,142,45,75
175,63,71,143,46,81
175,63,79,143,46,89
175,63,87,143,46,97
175,63,95,144,46,106
175,63,103,144,47,116
175,63,111,143,47,127
175,63,119,143,47,140
175,63,127,142,48,152
175,63,135,141,50,165
175,63,143,139,52,180
175,63,151,136,55,195
175,63,159,133,58,210
175,63,167,130,61,224
175,63,175,126,65,236
175,63,183,123,68,240
175,63,191,120,70,243
175,63,199,117,72,245
175,63,207,115,74,246
175,63,215,113,76,247
175,63,223,111,76,249
175,63,231,110,76,251
175,63,239,109,76,252
175,63,247,108,76,254
175,63,255,107,76,254
175,71,0,137,46,27
175,71,7,138,46,31
175,71,15,138,47,37
175,71,23,139,48,44
175,71,31,140,49,51
175,71,39,141,50,56
175,71,47,141,51,62
175,71,55,142,52,67
175,71,63,142,52,73
175,71,71,142,53,79
175,71,79,143,53,86
175,71,87,143,54,94
175,71,95,143,54,102
175,71,103,143,54,112
175,71,111,143,54,122
175,71,119,143,54,134
175,71,127,142,55,145
175,71,135,141,56,158
175,71,143,140,58,172
175,71,151,138,60,188
175,71,159,135,62,205
175,71,167,132,65,220
175,71,175,128,68,233
175,71,183,125,71,240
175,71,191,122,73,243
175,71,199,119,75,245
175,71,207,117,77,246
175,71,215,115,78,247
175,71,223,113,79,249
175,71,231,111,79,251
175,71,239,110,79,252
175,71,247,109,79,254
175,71,255,108,79,254
175,79,0,137,54,27
175,79,7,138,55,32
175,79,15,138,55,37
175,79,23,139,56,43
175,79,31,140,57,50
175,79,39,140,58,55
175,79,47,141,59,61
175,79,55,141,59,66
175,79,63,141,60,71
175,79,71,142,61,78
175,79,79,142,61,84
175,79,87,142,61,91
175,79,95,143,61,99
175,79,103,143,62,108
175,79,111,142,62,117
175,79,119,142,62,128
175,79,127,142,62,139
175,79,135,141,63,151
175,79,143,141,64,164
175,79,151,139,66,181
175,79,159,136,67,198
175,79,167,134,69,216
175,79,175,130,72,229
175,79,183,127,74,241
175,79,191,124,76,244
175,79,199,121,78,246
175,79,207,119,79,247
175,79,215,116,81,248
175,79,223,115,81,250
175,79,231,113,81,251
175,79,239,112,81,253
175,79,247,110,81,254
175,79,255,109,81,254
175,87,0,137,62,27
175,87,7,138,63,33
175,87,15,139,63,37
175,87,23,139,64,43
175,87,31,140,65,49
175,87,39,140,66,55
175,87,47,141,66,60
175,87,55,141,67,65
175,87,63,141,68,70
175,87,71,141,68,76
175,87,79,142,69,82
175,87,87,142,69,89
175,87,95,142,69,96
175,87,103,142,69,104
175,87,111,142,69,112
175,87,119,142,69,122
175,87,127,142,69,133
175,87,135,142,70,144
175,87,143,141,70,157
175,87,151,140,72,173
175,87,159,138,73,189
175,87,167,136,74,208
175,87,175,133,76,225
175,87,183,129,78,236
175,87,191,126,80,243
175,87,199,123,81,246
175,87,207,121,82,247
175,87,215,118,83,249
175,87,223,116,84,250
175,87,231,115,84,252
175,87,239,113,84,253
175,87,247,112,84,254
175,87,255,111,84,254
175,95,0,137,71,27
175,95,7,138,71,32
175,95,15,139,72,38
175,95,23,140,72,43
175,95,31,140,73,49
175,95,39,141,74,55
175,95,47,141,74,59
175,95,55,141,75,64
175,95,63,141,76,69
175,95,71,141,76,75
175,95,79,142,76,81
175,95,87,142,77,87
175,95,95,142,77,94
175,95,103,142,77,101
175,95,111,142,77,109
175,95,119,142,77,118
175,95,127,142,77,127
175,95,135,142,77,138
175,95,143,141,78,150
175,95,151,141,78,164
175,95,159,139,79,181
175,95,167,137,80,199
175,95,175,135,81,217
175,95,183,131,82,231
175,95,191,128,84,241
175,95,199,125,85,245
175,95,207,122,86,248
175,95,215,120,87,249
175,95,223,118,87,251
175,95,231,117,87,252
175,95,239,115,87,253
175,95,247,113,86,254
175,95,255,112,86,254
175,103,0,138,79,27
175,103,7,139,79,32
175,103,15,140,80,38
175,103,23,140,80,44
175,103,31,141,81,49
175,103,39,141,81,54
175,103,47,141,82,59
175,103,55,141,83,64
175,103,63,142,83,68
175,103,71,142,84,74
175,103,79,142,84,79
175,103,87,142,84,85
175,103,95,142,84,92
175,103,103,142,84,98
175,103,111,142,84,105
175,103,119,142,84,114
175,103,127,142,84,123
175,103,135,142,84,132
175,103,143,142,85,144
175,103,151,141,85,157
175,103,159,141,85,173
175,103,167,139,86,190
175,103,175,137,86,208
175,103,183,134,87,225
175,103,191,131,88,236
175,103,199,127,89,245
175,103,207,125,90,248
175,103,215,122,90,250
175,103,223,120,90,251
175,103,231,118,91,252
175,103,239,117,90,253
175,103,247,115,90,254
175,103,255,114,89,254
175,111,0,139,87,28
175,111,7,139,87,32
175,111,15,140,88,38
175,111,23,141,88,45
175,111,31,141,89,49
175,111,39,141,89,54
175,111,47,142,90,59
175,111,55,142,90,63
175,111,63,142,91,68
175,111,71,142,91,73
175,111,79,142,92,79
175,111,87,143,92,84
175,111,95,143,92,90
175,111,103,143,92,97
175,111,111,143,92,103
175,111,119,143,91,111
175,111,127,142,91,119
175,111,135,142,92,128
175,111,143,142,92,138
175,111,151,142,92,150
175,111,159,142,92,164
175,111,167,141,92,182
175,111,175,139,92,200
175,111,183,136,93,217
175,111,191,133,93,231
175,111,199,130,93,242
175,111,207,127,94,248
175,111,215,124,94,251
175,111,223,122,94,252
175,111,231,120,94,253
175,111,239,118,93,253
175,111,247,117,92,253
175,111,255,116,92,253
175,119,0,139,95,28
175,119,7,140,95,32
175,119,15,140,95,37
175,119,23,141,96,43
175,119,31,142,96,50
175,119,39,142,97,54
175,119,47,142,97,59
175,119,55,143,98,63
175,119,63,143,98,68
175,119,71,143,99,73
175,119,79,143,99,78
175,119,87,143,99,84
175,119,95,144,99,89
175,119,103,143,99,95
175,119,111,143,99,101
175,119,119,143,98,108
175,119,127,143,98,116
175,119,135,143,98,124
175,119,143,143,98,133
175,119,151,143,98,144
175,119,159,143,98,158
175,119,167,142,98,173
175,119,175,140,98,191
175,119,183,138,98,208
175,119,191,135,98,225
175,119,199,132,98,236
175,119,207,129,98,246
175,119,215,126,98,250
175,119,223,124,98,252
175,119,231,122,98,253
175,119,239,120,97,254
175,119,247,119,96,254
175,119,255,117,95,253
175,127,0,140,102,30
175,127,7,140,103,33
175,127,15,141,103,37
175,127,23,141,103,43
175,127,31,142,104,50
175,127,39,142,104,55
175,127,47,143,105,59
175,127,55,143,105,63
175,127,63,144,106,68
175,127,71,144,106,73
175,127,79,144,106,78
175,127,87,144,106,83
175,127,95,144,106,89
175,127,103,144,106,94
175,127,111,144,106,100
175,127,119,144,105,107
175,127,127,144,105,114
175,127,135,143,105,122
175,127,143,143,105,130
175,127,151,143,105,140
175,127,159,144,105,151
175,127,167,143,105,166
175,127,175,142,105,183
175,127,183,140,104,201
175,127,191,138,104,217
175,127,199,135,103,232
175,127,207,131,103,241
175,127,215,128,103,249
175,127,223,126,102,251
175,127,231,124,102,253
175,127,239,122,101,254
175,127,247,121,100,254
175,127,255,119,99,253
175,135,0,140,110,31
175,135,7,141,110,34
175,135,15,141,111,38
175,135,23,142,111,42
175,135,31,142,111,49
175,135,39,143,112,56
175,135,47,143,112,59
175,135,55,144,113,63
175,135,63,144,113,68
175,135,71,145,113,73
175,135,79,145,113,78
175,135,87,145,113,83
175,135,95,145,113,88
175,135,103,145,113,94
175,135,111,145,113,99
175,135,119,145,112,105
175,135,127,144,112,112
175,135,135,144,112,119
175,135,143,144,112,127
175,135,151,144,112,136
175,135,159,144,112,147
175,135,167,144,111,160
175,135,175,144,111,175
175,135,183,142,111,192
175,135,191,140,110,210
175,135,199,137,109,225
175,135,207,134,108,238
175,135,215,131,108,246
175,135,223,128,107,250
175,135,231,126,106,253
175,135,239,124,105,254
175,135,247,123,104,254
175,135,255,121,103,254
175,143,0,140,118,32
175,143,7,141,118,36
175,143,15,141,118,39
175,143,23,142,119,43
175,143,31,142,119,48
175,143,39,143,120,54
175,143,47,144,120,60
175,143,55,144,121,64
175,143,63,145,121,68
175,143,71,145,121,73
175,143,79,146,121,78
175,143,87,146,121,83
175,143,95,146,121,88
175,143,103,146,120,93
175,143,111,146,120,99
175,143,119,146,120,105
175,143,127,145,119,111
175,143,135,145,119,118
175,143,143,145,119,125
175,143,151,145,118,133
175,143,159,145,118,142
175,143,167,145,118,154
175,143,175,145,118,168
175,143,183,144,118,184
175,143,191,142,117,202
175,143,199,139,115,218
175,143,207,136,114,233
175,143,215,134,113,242
175,143,223,131,112,248
175,143,231,129,111,252
175,143,239,127,110,254
175,143,247,124,109,254
175,143,255,122,108,254
175,151,0,140,126,34
175,151,7,141,126,37
175,151,15,141,126,41
175,151,23,142,127,46
175,151,31,142,127,49
175,151,39,143,128,54
175,151,47,144,128,59
175,151,55,145,129,64
175,151,63,145,129,68
175,151,71,146,129,73
175,151,79,146,129,78
175,151,87,147,129,83
175,151,95,147,129,88
175,151,103,147,129,93
175,151,111,147,128,99
175,151,119,147,128,104
175,151,127,146,127,110
175,151,135,146,127,116
175,151,143,146,126,123
175,151,151,146,126,131
175,151,159,146,126,139
175,151,167,147,126,149
175,151,175,147,126,162
175,151,183,146,125,177
175,151,191,144,124,193
175,151,199,142,123,211
175,151,207,139,121,226
175,151,215,136,120,239
175,151,223,134,118,245
175,151,231,131,117,251
175,151,239,129,115,253
175,151,247,127,114,255
175,151,255,125,112,255
175,159,0,139,134,34
175,159,7,140,134,37
175,159,15,140,135,41
175,159,23,141,135,46
175,159,31,142,136,51
175,159,39,143,136,55
175,159,47,144,137,59
175,159,55,145,138,64
175,159,63,145,138,68
175,159,71,146,138,73
175,159,79,147,138,78
175,159,87,147,138,83
175,159,95,148,138,88
175,159,103,148,137,93
175,159,111,148,137,98
175,159,119,148,136,104
175,159,127,147,136,110
175,159,135,147,135,116
175,159,143,147,135,122
175,159,151,147,135,129
175,159,159,147,134,137
175,159,167,148,134,146
175,159,175,148,134,157
175,159,183,148,133,170
175,159,191,146,133,186
175,159,199,144,131,202
175,159,207,142,129,219
175,159,215,139,127,231
175,159,223,136,125,242
175,159,231,134,123,248
175,159,239,131,121,252
175,159,247,129,120,254
175,159,255,127,118,255
175,167,0,138,143,34
175,167,7,139,143,37
175,167,15,139,144,40
175,167,23,140,144,44
175,167,31,141,145,50
175,167,39,142,146,56
175,167,47,143,146,59
175,167,55,144,147,64
175,167,63,145,148,68
175,167,71,146,148,73
175,167,79,147,148,78
175,167,87,148,148,83
175,167,95,148,148,88
175,167,103,149,147,93
175,167,111,149,147,99
175,167,119,149,146,104
175,167,127,149,145,109
175,167,135,148,145,115
175,167,143,148,144,121
175,167,151,148,144,127
175,167,159,149,144,135
175,167,167,149,143,143
175,167,175,149,143,152
175,167,183,149,143,165
175,167,191,148,142,179
175,167,199,147,141,195
175,167,207,145,139,211
175,167,215,142,136,226
175,167,223,139,134,237
175,167,231,137,131,246
175,167,239,134,128,251
175,167,247,132,126,254
175,167,255,129,123,255
175,175,0,137,153,35
175,175,7,137,153,37
175,175,15,138,153,40
175,175,23,139,154,44
175,175,31,140,155,49
175,175,39,141,156,55
175,175,47,143,156,60
175,175,55,144,157,64
175,175,63,145,158,68
175,175,71,146,158,73
175,175,79,147,158,78
175,175,87,148,158,83
175,175,95,148,158,88
175,175,103,149,158,94
175,175,111,149,158,99
175,175,119,149,157,104
175,175,127,149,156,109
175,175,135,149,156,115
175,175,143,150,155,121
175,175,151,150,155,127
175,175,159,150,154,133
175,175,167,150,154,141
175,175,175,151,154,149
175,175,183,151,153,159
175,175,191,150,152,173
175,175,199,149,151,188
175,175,207,148,149,203
175,175,215,145,146,218
175,175,223,143,143,231
175,175,231,140,140,242
175,175,239,137,137,249
175,175,247,135,134,253
175,175,255,132,130,255
175,183,0,136,163,35
175,183,7,136,163,38
175,183,15,137,164,40
175,183,23,138,164,43
175,183,31,139,165,48
175,183,39,140,166,53
175,183,47,142,167,60
175,183,55,143,168,64
175,183,63,144,169,68
175,183,71,146,170,73
175,183,79,147,170,78
175,183,87,148,170,83
175,183,95,148,170,88
175,183,103,149,170,94
175,183,111,149,169,99
175,183,119,150,168,104
175,183,127,150,168,109
175,183,135,150,167,115
175,183,143,150,167,120
175,183,151,151,167,126
175,183,159,151,166,133
175,183,167,151,166,139
175,183,175,152,165,147
175,183,183,152,165,156
175,183,191,152,164,167
175,183,199,152,163,181
175,183,207,150,161,197
175,183,215,148,158,212
175,183,223,146,154,225
175,183,231,143,150,237
175,183,239,140,146,247
175,183,247,138,143,252
175,183,255,135,139,255
175,191,0,134,175,36
175,191,7,135,175,38
175,191,15,135,176,42
175,191,23,136,177,45
175,191,31,137,177,49
175,191,39,139,178,53
175,191,47,140,179,58
175,191,55,142,180,64
175,191,63,143,180,68
175,191,71,145,181,73
175,191,79,146,181,78
175,191,87,147,181,83
175,191,95,148,181,89
175,191,103,149,181,94
175,191,111,149,181,99
175,191,119,150,181,104
175,191,127,150,180,109
175,191,135,150,180,115
175,191,143,151,179,120
175,191,151,151,179,126
175,191,159,152,178,132
175,191,167,152,178,139
175,191,175,153,178,146
175,191,183,153,178,154
175,191,191,153,177,163
175,191,199,153,176,176
175,191,207,153,174,190
175,191,215,151,171,205
175,191,223,149,167,219
175,191,231,147,163,232
175,191,239,144,158,242
175,191,247,141,153,251
175,191,255,138,149,253
175,199,0,132,186,36
175,199,7,133,187,38
175,199,15,133,187,41
175,199,23,134,188,46
175,199,31,136,189,51
175,199,39,137,190,54
175,199,47,138,191,58
175,199,55,140,192,63
175,199,63,142,193,68
175,199,71,143,193,73
175,199,79,145,194,78
175,199,87,146,194,83
175,199,95,147,194,88
175,199,103,148,194,94
175,199,111,149,194,99
175,199,119,150,193,104
175,199,127,150,193,109
175,199,135,151,192,115
175,199,143,151,192,120
175,199,151,152,192,126
175,199,159,152,192,132
175,199,167,152,192,138
175,199,175,153,191,145
175,199,183,154,191,152
175,199,191,154,190,161
175,199,199,154,190,171
175,199,207,154,188,184
175,199,215,153,186,198
175,199,223,152,182,213
175,199,231,150,177,226
175,199,239,148,172,239
175,199,247,145,167,248
175,199,255,142,161,254
175,207,0,130,199,36
175,207,7,130,199,38
175,207,15,131,200,41
175,207,23,132,201,45
175,207,31,134,202,50
175,207,39,135,203,55
175,207,47,137,204,59
175,207,55,138,205,63
175,207,63,140,206,68
175,207,71,142,206,73
175,207,79,143,207,78
175,207,87,145,207,83
175,207,95,146,207,88
175,207,103,148,207,94
175,207,111,149,207,99
175,207,119,149,207,104
175,207,127,150,207,109
175,207,135,150,207,115
175,207,143,151,206,120
175,207,151,152,206,126
175,207,159,152,206,132
175,207,167,153,206,138
175,207,175,153,205,144
175,207,183,154,205,151
175,207,191,155,205,159
175,207,199,155,205,168
175,207,207,156,204,179
175,207,215,155,201,193
175,207,223,154,198,207
175,207,231,153,194,221
175,207,239,151,188,235
175,207,247,148,182,246
175,207,255,145,176,252
175,215,0,127,211,37
175,215,7,128,211,38
175,215,15,129,212,41
175,215,23,130,213,44
175,215,31,131,213,48
175,215,39,133,215,53
175,215,47,135,216,59
175,215,55,136,217,63
175,215,63,138,218,67
175,215,71,140,219,72
175,215,79,142,220,77
175,215,87,143,221,82
175,215,95,145,221,88
175,215,103,146,221,93
175,215,111,148,221,98
175,215,119,148,221,104
175,215,127,149,221,109
175,215,135,150,220,114
175,215,143,151,220,120
175,215,151,151,220,125
175,215,159,152,220,131
175,215,167,153,220,137
175,215,175,153,220,143
175,215,183,154,219,150
175,215,191,155,219,157
175,215,199,155,219,166
175,215,207,156,218,176
175,215,215,156,217,188
175,215,223,156,214,202
175,215,231,155,210,217
175,215,239,154,205,231
175,215,247,151,199,245
175,215,255,149,192,253
175,223,0,124,222,38
175,223,7,125,222,39
175,223,15,126,223,41
175,223,23,127,223,44
175,223,31,128,224,47
175,223,39,130,225,52
175,223,47,132,226,57
175,223,55,134,228,62
175,223,63,136,229,66
175,223,71,138,230,71
175,223,79,140,231,76
175,223,87,142,232,81
175,223,95,144,233,87
175,223,103,145,233,92
175,223,111,146,233,97
175,223,119,148,233,103
175,223,127,149,233,108
175,223,135,150,233,113
175,223,143,150,233,118
175,223,151,151,232,124
175,223,159,151,232,130
175,223,167,152,232,136
175,223,175,153,232,142
175,223,183,153,232,149
175,223,191,154,231,156
175,223,199,155,231,164
175,223,207,155,231,173
175,223,215,156,230,185
175,223,223,156,228,198
175,223,231,156,226,212
175,223,239,155,221,227
175,223,247,153,216,241
175,223,255,152,211,251
175,231,0,121,231,37
175,231,7,122,232,39
175,231,15,123,232,42
175,231,23,124,233,44
175,231,31,125,234,47
175,231,39,127,235,51
175,231,47,129,236,56
175,231,55,131,237,61
175,231,63,133,239,66
175,231,71,135,239,70
175,231,79,138,241,75
175,231,87,140,241,80
175,231,95,142,242,85
175,231,103,144,243,91
175,231,111,145,243,96
175,231,119,146,243,101
175,231,127,148,243,107
175,231,135,149,243,112
175,231,143,150,244,118
175,231,151,150,243,123
175,231,159,151,243,129
175,231,167,151,242,134
175,231,175,152,242,140
175,231,183,152,242,147
175,231,191,153,242,154
175,231,199,154,242,161
175,231,207,155,242,171
175,231,215,155,242,181
175,231,223,156,240,193
175,231,231,156,239,207
175,231,239,156,236,221
175,231,247,155,232,238
175,231,255,154,227,248
175,239,0,118,239,36
175,239,7,119,239,38
175,239,15,120,240,41
175,239,23,121,240,45
175,239,31,123,241,49
175,239,39,124,242,52
175,239,47,126,243,55
175,239,55,128,244,60
175,239,63,131,246,64
175,239,71,133,247,69
175,239,79,135,248,74
175,239,87,138,249,79
175,239,95,140,250,84
175,239,103,142,250,89
175,239,111,144,250,95
175,239,119,145,250,100
175,239,127,146,250,105
175,239,135,147,250,110
175,239,143,148,250,116
175,239,151,149,250,121
175,239,159,150,250,127
175,239,167,151,250,133
175,239,175,151,251,139
175,239,183,152,250,145
175,239,191,152,250,152
175,239,199,153,250,159
175,239,207,153,249,168
175,239,215,154,249,178
175,239,223,155,250,189
175,239,231,156,249,202
175,239,239,155,248,217
175,239,247,155,245,232
175,239,255,155,242,246
175,247,0,115,245,36
175,247,7,116,245,38
175,247,15,117,246,40
175,247,23,118,246,43
175,247,31,120,247,47
175,247,39,122,248,52
175,247,47,123,249,55
175,247,55,125,250,59
175,247,63,128,250,63
175,247,71,130,251,68
175,247,79,133,252,72
175,247,87,135,253,77
175,247,95,137,253,83
175,247,103,139,254,88
175,247,111,141,254,93
175,247,119,143,255,99
175,247,127,145,255,104
175,247,135,146,255,109
175,247,143,147,255,114
175,247,151,148,254,120
175,247,159,149,254,125
175,247,167,149,254,131
175,247,175,150,254,137
175,247,183,150,254,143
175,247,191,151,254,150
175,247,199,151,254,157
175,247,207,152,254,165
175,247,215,153,254,174
175,247,223,153,254,185
175,247,231,154,254,197
175,247,239,155,253,211
175,247,247,155,253,227
175,247,255,155,252,240
175,255,0,114,251,37
175,255,7,114,251,39
175,255,15,115,251,40
175,255,23,116,252,43
175,255,31,117,252,46
175,255,39,119,253,50
175,255,47,121,254,55
175,255,55,123,254,58
175,255,63,125,254,62
175,255,71,127,254,66
175,255,79,130,255,70
175,255,87,132,255,75
175,255,95,135,255,81
175,255,103,137,255,87
175,255,111,139,255,92
175,255,119,141,255,97
175,255,127,143,255,102
175,255,135,144,255,107
175,255,143,145,255,113
175,255,151,146,255,118
175,255,159,147,255,124
175,255,167,148,255,130
175,255,175,148,255,136
175,255,183,149,255,142
175,255,191,149,255,148
175,255,199,149,255,155
175,255,207,150,255,162
175,255,215,151,255,172
175,255,223,152,255,182
175,255,231,153,255,194
175,255,239,153,255,207
175,255,247,154,255,222
175,255,255,154,255,236
183,0,0,150,1,28
183,0,7,151,1,34
183,0,15,152,1,40
183,0,23,153,2,48
183,0,31,154,2,55
183,0,39,155,3,63
183,0,47,155,3,71
183,0,55,156,4,79
183,0,63,156,4,88
183,0,71,156,5,98
183,0,79,157,5,109
183,0,87,156,6,122
183,0,95,156,7,137
183,0,103,155,7,152
183,0,111,154,8,169
183,0,119,151,9,185
183,0,127,148,11,199
183,0,135,145,14,212
183,0,143,140,19,221
183,0,151,136,24,228
183,0,159,131,29,232
183,0,167,127,34,235
183,0,175,123,38,237
183,0,183,119,41,239
183,0,191,116,43,241
183,0,199,113,45,243
183,0,207,111,45,245
183,0,215,109,46,247
183,0,223,107,46,249
183,0,231,105,47,252
183,0,239,103,48,253
183,0,247,102,48,254
183,0,255,102,47,255
183,7,0,149,2,28
183,7,7,150,2,34
183,7,15,151,2,40
183,7,23,153,3,48
183,7,31,153,3,55
183,7,39,154,4,62
183,7,47,155,4,70
183,7,55,155,5,78
183,7,63,156,5,87
183,7,71,156,6,96
183,7,79,156,6,107
183,7,87,156,7,120
183,7,95,156,8,134
183,7,103,155,9,150
183,7,111,153,10,166
183,7,119,151,11,182
183,7,127,149,13,197
183,7,135,145,17,209
183,7,143,141,21,219
183,7,151,136,26,226
183,7,159,132,31,231
183,7,167,128,36,235
183,7,175,123,41,237
183,7,183,120,45,239
183,7,191,116,46,241
183,7,199,113,48,243
183,7,207,111,48,245
183,7,215,109,48,247
183,7,223,107,49,249
183,7,231,106,49,251
183,7,239,104,50,253
183,7,247,103,51,254
183,7,255,102,50,255
183,15,0,148,3,28
183,15,7,150,4,34
183,15,15,151,4,40
183,15,23,152,5,48
183,15,31,153,5,55
183,15,39,154,6,62
183,15,47,154,6,70
183,15,55,155,6,77
183,15,63,155,7,86
183,15,71,155,7,95
183,15,79,155,8,105
183,15,87,155,9,117
183,15,95,155,10,131
183,15,103,155,11,146
183,15,111,153,12,162
183,15,119,151,14,178
183,15,127,149,16,193
183,15,135,145,19,206
183,15,143,141,24,216
183,15,151,137,28,224
183,15,159,132,33,230
183,15,167,128,38,234
183,15,175,124,43,236
183,15,183,120,48,239
183,15,191,117,50,241
183,15,199,114,51,243
183,15,207,112,51,245
183,15,215,110,52,247
183,15,223,108,52,249
183,15,231,106,52,251
183,15,239,105,53,253
183,15,247,104,53,254
183,15,255,103,54,255
183,23,0,148,6,28
183,23,7,149,6,34
183,23,15,150,7,40
183,23,23,151,8,48
183,23,31,152,8,54
183,23,39,153,9,62
183,23,47,153,10,69
183,23,55,154,10,76
183,23,63,154,10,84
183,23,71,154,11,93
183,23,79,154,11,103
183,23,87,154,12,114
183,23,95,154,13,127
183,23,103,154,14,142
183,23,111,153,15,157
183,23,119,151,17,173
183,23,127,149,19,188
183,23,135,145,23,201
183,23,143,142,27,212
183,23,151,137,32,221
183,23,159,133,37,227
183,23,167,129,42,233
183,23,175,125,46,236
183,23,183,121,51,239
183,23,191,118,54,241
183,23,199,115,56,243
183,23,207,113,56,245
183,23,215,111,56,247
183,23,223,109,56,249
183,23,231,107,56,251
183,23,239,106,56,253
183,23,247,105,57,254
183,23,255,104,57,255
183,31,0,146,9,28
183,31,7,148,10,33
183,31,15,149,11,40
183,31,23,150,12,48
183,31,31,151,13,54
183,31,39,152,14,61
183,31,47,153,15,68
183,31,55,153,15,75
183,31,63,154,16,83
183,31,71,154,16,91
183,31,79,154,16,101
183,31,87,154,17,111
183,31,95,154,18,123
183,31,103,154,19,137
183,31,111,153,20,151
183,31,119,151,22,166
183,31,127,149,24,181
183,31,135,146,28,194
183,31,143,142,32,206
183,31,151,138,36,216
183,31,159,134,41,224
183,31,167,130,46,231
183,31,175,126,50,236
183,31,183,122,54,239
183,31,191,119,57,241
183,31,199,116,60,243
183,31,207,114,62,245
183,31,215,112,62,247
183,31,223,110,62,249
183,31,231,109,61,251
183,31,239,108,61,253
183,31,247,106,61,254
183,31,255,106,61,255
183,39,0,145,15,28
183,39,7,146,16,33
183,39,15,148,17,39
183,39,23,149,18,47
183,39,31,150,19,53
183,39,39,151,20,60
183,39,47,152,21,67
183,39,55,152,22,74
183,39,63,153,22,81
183,39,71,153,23,89
183,39,79,153,23,98
183,39,87,154,23,108
183,39,95,154,24,119
183,39,103,153,25,132
183,39,111,153,26,145
183,39,119,151,27,160
183,39,127,149,30,173
183,39,135,146,34,186
183,39,143,143,38,199
183,39,151,139,42,210
183,39,159,135,46,221
183,39,167,131,50,230
183,39,175,127,54,236
183,39,183,123,58,239
183,39,191,120,61,242
183,39,199,117,64,243
183,39,207,115,66,245
183,39,215,113,68,247
183,39,223,111,67,249
183,39,231,110,66,251
183,39,239,109,66,252
183,39,247,108,65,254
183,39,255,107,65,255
183,47,0,144,21,27
183,47,7,145,22,33
183,47,15,146,24,39
183,47,23,148,25,46
183,47,31,149,26,53
183,47,39,150,27,59
183,47,47,150,28,65
183,47,55,151,29,72
183,47,63,151,30,79
183,47,71,152,30,86
183,47,79,152,31,95
183,47,87,153,31,104
183,47,95,153,31,114
183,47,103,153,32,126
183,47,111,152,32,139
183,47,119,151,34,153
183,47,127,149,35,167
183,47,135,147,38,180
183,47,143,144,42,193
183,47,151,140,46,205
183,47,159,137,51,217
183,47,167,133,55,227
183,47,175,129,58,235
183,47,183,125,61,239
183,47,191,121,64,242
183,47,199,119,67,244
183,47,207,116,69,245
183,47,215,114,70,247
183,47,223,113,71,249
183,47,231,111,72,250
183,47,239,110,71,252
183,47,247,109,70,254
183,47,255,109,70,254
183,55,0,143,28,27
183,55,7,145,30,33
183,55,15,146,31,38
183,55,23,147,32,45
183,55,31,148,33,52
183,55,39,149,34,58
183,55,47,149,36,64
183,55,55,150,37,70
183,55,63,151,37,77
183,55,71,151,38,84
183,55,79,152,39,92
183,55,87,152,39,100
183,55,95,152,39,110
183,55,103,152,40,121
183,55,111,152,40,133
183,55,119,151,40,146
183,55,127,150,42,159
183,55,135,148,44,173
183,55,143,145,47,187
183,55,151,142,50,200
183,55,159,138,54,214
183,55,167,134,58,225
183,55,175,130,62,235
183,55,183,126,65,240
183,55,191,123,68,243
183,55,199,120,70,244
183,55,207,118,72,246
183,55,215,116,73,247
183,55,223,114,74,249
183,55,231,113,74,251
183,55,239,112,74,252
183,55,247,111,74,254
183,55,255,110,74,254
183,63,0,143,36,27
183,63,7,144,37,33
183,63,15,145,38,38
183,63,23,146,39,45
183,63,31,147,41,52
183,63,39,148,42,57
183,63,47,149,43,63
183,63,55,149,44,69
183,63,63,150,45,75
183,63,71,150,45,82
183,63,79,151,46,89
183,63,87,151,46,97
183,63,95,152,46,106
183,63,103,152,47,117
183,63,111,151,47,128
183,63,119,151,47,140
183,63,127,150,48,152
183,63,135,148,50,165
183,63,143,146,52,179
183,63,151,143,55,194
183,63,159,140,58,209
183,63,167,136,61,223
183,63,175,132,64,233
183,63,183,128,68,240
183,63,191,125,70,243
183,63,199,122,73,245
183,63,207,119,75,246
183,63,215,117,76,247
183,63,223,116,77,249
183,63,231,114,77,251
183,63,239,113,77,252
183,63,247,112,77,254
183,63,255,111,76,254
183,71,0,143,44,27
183,71,7,144,45,33
183,71,15,145,46,38
183,71,23,146,47,44
183,71,31,147,48,51
183,71,39,147,49,57
183,71,47,148,50,62
183,71,55,149,51,68
183,71,63,149,52,74
183,71,71,150,53,80
183,71,79,150,53,87
183,71,87,151,54,95
183,71,95,151,54,103
183,71,103,151,54,112
183,71,111,151,54,123
183,71,119,151,54,134
183,71,127,150,55,146
183,71,135,149,56,159
183,71,143,147,57,172
183,71,151,145,60,188
183,71,159,142,62,204
183,71,167,138,65,220
183,71,175,134,68,231
183,71,183,130,71,241
183,71,191,127,73,243
183,71,199,124,75,245
183,71,207,121,77,246
183,71,215,119,78,248
183,71,223,117,79,249
183,71,231,116,79,251
183,71,239,115,79,252
183,71,247,114,79,254
183,71,255,113,79,254
183,79,0,143,52,27
183,79,7,144,53,33
183,79,15,145,54,39
183,79,23,146,55,44
183,79,31,147,56,50
183,79,39,147,57,56
183,79,47,148,58,61
183,79,55,148,59,67
183,79,63,149,60,72
183,79,71,149,60,78
183,79,79,150,61,85
183,79,87,150,61,92
183,79,95,150,61,100
183,79,103,150,62,108
183,79,111,150,62,118
183,79,119,150,62,128
183,79,127,150,62,140
183,79,135,149,62,151
183,79,143,148,63,165
183,79,151,146,65,181
183,79,159,143,67,197
183,79,167,140,69,214
183,79,175,137,72,229
183,79,183,133,74,238
183,79,191,129,76,244
183,79,199,126,78,246
183,79,207,123,80,247
183,79,215,121,81,248
183,79,223,119,81,250
183,79,231,117,82,251
183,79,239,116,82,253
183,79,247,115,82,254
183,79,255,114,82,254
183,87,0,143,60,27
183,87,7,144,61,32
183,87,15,145,62,39
183,87,23,146,63,44
183,87,31,146,64,50
183,87,39,147,65,56
183,87,47,147,66,61
183,87,55,148,67,66
183,87,63,148,67,71
183,87,71,149,68,77
183,87,79,149,68,83
183,87,87,149,69,90
183,87,95,150,69,97
183,87,103,150,69,105
183,87,111,150,69,113
183,87,119,150,69,123
183,87,127,150,69,134
183,87,135,149,70,145
183,87,143,148,70,158
183,87,151,147,71,172
183,87,159,145,73,189
183,87,167,142,74,207
183,87,175,139,76,224
183,87,183,135,78,235
183,87,191,131,80,243
183,87,199,128,81,246
183,87,207,125,83,247
183,87,215,123,84,249
183,87,223,121,84,250
183,87,231,119,84,252
183,87,239,118,84,253
183,87,247,117,84,254
183,87,255,116,84,254
183,95,0,143,68,27
183,95,7,144,69,32
183,95,15,145,70,38
183,95,23,146,71,44
183,95,31,147,72,50
183,95,39,147,72,55
183,95,47,148,73,60
183,95,55,148,74,65
183,95,63,148,75,70
183,95,71,149,76,76
183,95,79,149,76,81
183,95,87,149,76,88
183,95,95,149,77,94
183,95,103,149,77,102
183,95,111,149,77,109
183,95,119,149,77,118
183,95,127,149,77,128
183,95,135,149,77,139
183,95,143,149,77,151
183,95,151,148,78,165
183,95,159,146,79,181
183,95,167,144,80,198
183,95,175,141,81,216
183,95,183,137,82,231
183,95,191,134,84,240
183,95,199,130,85,246
183,95,207,127,86,248
183,95,215,125,87,249
183,95,223,123,87,251
183,95,231,121,87,252
183,95,239,119,87,253
183,95,247,118,87,254
183,95,255,117,87,254
183,103,0,144,77,27
183,103,7,144,78,32
183,103,15,145,78,37
183,103,23,146,79,45
183,103,31,147,80,50
183,103,39,147,80,55
183,103,47,148,81,60
183,103,55,148,82,64
183,103,63,148,83,69
183,103,71,149,83,75
183,103,79,149,84,80
183,103,87,149,84,86
183,103,95,149,84,92
183,103,103,150,84,99
183,103,111,150,84,106
183,103,119,149,84,114
183,103,127,149,84,123
183,103,135,149,84,133
183,103,143,149,84,145
183,103,151,148,85,158
183,103,159,148,85,172
183,103,167,146,86,190
183,103,175,143,86,207
183,103,183,140,87,224
183,103,191,136,88,236
183,103,199,132,89,245
183,103,207,129,90,249
183,103,215,126,91,250
183,103,223,124,91,251
183,103,231,122,91,252
183,103,239,121,90,253
183,103,247,119,90,253
183,103,255,118,90,253
183,111,0,145,85,28
183,111,7,145,86,32
183,111,15,146,86,37
183,111,23,146,87,44
183,111,31,147,87,50
183,111,39,148,88,55
183,111,47,148,89,60
183,111,55,148,89,64
183,111,63,149,90,69
183,111,71,149,91,74
183,111,79,149,91,79
183,111,87,150,91,85
183,111,95,150,91,91
183,111,103,150,91,97
183,111,111,150,91,104
183,111,119,149,91,111
183,111,127,149,91,120
183,111,135,149,91,129
183,111,143,149,91,139
183,111,151,149,91,151
183,111,159,148,91,165
183,111,167,147,92,181
183,111,175,145,92,199
183,111,183,142,93,216
183,111,191,139,93,231
183,111,199,135,93,241
183,111,207,131,94,248
183,111,215,129,94,250
183,111,223,126,94,252
183,111,231,124,94,253
183,111,239,122,94,253
183,111,247,121,93,253
183,111,255,119,92,253
183,119,0,145,93,28
183,119,7,146,93,32
183,119,15,146,94,37
183,119,23,147,94,43
183,119,31,148,95,51
183,119,39,148,96,55
183,119,47,148,96,60
183,119,55,149,97,64
183,119,63,149,97,69
183,119,71,150,98,74
183,119,79,150,98,79
183,119,87,150,98,84
183,119,95,150,98,90
183,119,103,150,98,96
183,119,111,150,98,102
183,119,119,150,98,109
183,119,127,150,98,117
183,119,135,150,98,125
183,119,143,150,98,134
183,119,151,149,98,145
183,119,159,149,98,158
183,119,167,149,98,173
183,119,175,147,98,191
183,119,183,144,98,208
183,119,191,141,98,224
183,119,199,137,98,237
183,119,207,134,98,245
183,119,215,131,98,250
183,119,223,128,98,252
183,119,231,126,98,253
183,119,239,125,98,254
183,119,247,123,97,254
183,119,255,121,96,253
183,127,0,146,101,31
183,127,7,146,101,35
183,127,15,147,101,38
183,127,23,147,102,43
183,127,31,148,103,49
183,127,39,149,103,56
183,127,47,149,104,60
183,127,55,150,104,64
183,127,63,150,105,69
183,127,71,150,105,74
183,127,79,151,105,79
183,127,87,151,105,84
183,127,95,151,105,89
183,127,103,151,105,95
183,127,111,151,105,101
183,127,119,151,105,107
183,127,127,150,105,114
183,127,135,150,104,122
183,127,143,150,104,131
183,127,151,150,104,140
183,127,159,150,104,152
183,127,167,149,104,167
183,127,175,148,104,182
183,127,183,146,104,200
183,127,191,143,104,217
183,127,199,140,103,232
183,127,207,137,103,241
183,127,215,133,103,248
183,127,223,131,102,251
183,127,231,128,102,253
183,127,239,126,101,254
183,127,247,125,101,254
183,127,255,123,100,253
183,135,0,146,108,32
183,135,7,147,109,36
183,135,15,147,109,39
183,135,23,148,109,44
183,135,31,148,110,49
183,135,39,149,111,55
183,135,47,150,111,60
183,135,55,150,112,64
183,135,63,151,112,69
183,135,71,151,112,73
183,135,79,151,113,78
183,135,87,152,113,84
183,135,95,152,112,89
183,135,103,152,112,94
183,135,111,151,112,100
183,135,119,151,112,106
183,135,127,151,111,113
183,135,135,151,111,120
183,135,143,150,111,128
183,135,151,151,111,137
183,135,159,151,111,147
183,135,167,151,111,159
183,135,175,150,111,175
183,135,183,148,110,192
183,135,191,146,110,209
183,135,199,142,109,225
183,135,207,139,108,239
183,135,215,136,108,246
183,135,223,133,107,251
183,135,231,131,106,253
183,135,239,128,105,254
183,135,247,126,105,254
183,135,255,124,104,254
183,143,0,147,116,33
183,143,7,147,116,37
183,143,15,148,116,41
183,143,23,148,117,45
183,143,31,149,117,50
183,143,39,149,118,55
183,143,47,150,119,61
183,143,55,151,119,65
183,143,63,151,120,69
183,143,71,152,120,74
183,143,79,152,120,79
183,143,87,152,120,84
183,143,95,153,120,89
183,143,103,153,119,94
183,143,111,152,119,100
183,143,119,152,119,106
183,143,127,152,118,112
183,143,135,151,118,119
183,143,143,151,118,126
183,143,151,151,118,134
183,143,159,151,118,143
183,143,167,151,118,155
183,143,175,151,118,168
183,143,183,150,117,184
183,143,191,148,116,202
183,143,199,145,115,219
183,143,207,142,114,233
183,143,215,138,113,243
183,143,223,135,112,248
183,143,231,133,111,252
183,143,239,131,110,254
183,143,247,129,109,254
183,143,255,127,108,254
183,151,0,146,123,34
183,151,7,147,124,37
183,151,15,147,124,41
183,151,23,148,125,46
183,151,31,149,125,51
183,151,39,149,126,55
183,151,47,150,126,60
183,151,55,151,127,65
183,151,63,152,127,69
183,151,71,152,128,74
183,151,79,153,128,79
183,151,87,153,128,84
183,151,95,153,128,89
183,151,103,154,127,94
183,151,111,153,127,99
183,151,119,153,126,105
183,151,127,153,126,111
183,151,135,152,126,117
183,151,143,152,125,124
183,151,151,152,125,131
183,151,159,152,125,140
183,151,167,153,125,150
183,151,175,152,125,162
183,151,183,152,124,177
183,151,191,150,124,193
183,151,199,147,122,211
183,151,207,145,121,226
183,151,215,141,119,238
183,151,223,138,118,245
183,151,231,135,117,250
183,151,239,133,115,253
183,151,247,131,114,254
183,151,255,129,112,255
183,159,0,146,131,34
183,159,7,146,132,37
183,159,15,147,132,40
183,159,23,147,133,45
183,159,31,148,134,52
183,159,39,149,134,56
183,159,47,150,135,60
183,159,55,151,135,64
183,159,63,152,136,69
183,159,71,153,136,74
183,159,79,153,137,79
183,159,87,154,136,84
183,159,95,154,136,89
183,159,103,154,136,94
183,159,111,154,135,99
183,159,119,154,135,105
183,159,127,154,134,110
183,159,135,153,134,116
183,159,143,153,134,123
183,159,151,153,133,130
183,159,159,153,133,137
183,159,167,154,133,146
183,159,175,154,133,157
183,159,183,154,133,170
183,159,191,152,132,186
183,159,199,150,130,202
183,159,207,147,129,219
183,159,215,144,127,231
183,159,223,141,125,242
183,159,231,138,123,248
183,159,239,136,121,253
183,159,247,133,119,254
183,159,255,131,117,255
183,167,0,145,139,34
183,167,7,145,140,37
183,167,15,146,140,40
183,167,23,147,141,44
183,167,31,148,142,50
183,167,39,149,143,57
183,167,47,150,143,60
183,167,55,151,144,64
183,167,63,152,145,69
183,167,71,153,145,74
183,167,79,154,146,79
183,167,87,154,146,84
183,167,95,155,145,89
183,167,103,155,145,94
183,167,111,155,144,99
183,167,119,155,144,105
183,167,127,155,144,110
183,167,135,154,143,116
183,167,143,154,143,122
183,167,151,154,142,128
183,167,159,155,142,135
183,167,167,155,142,143
183,167,175,155,142,153
183,167,183,155,141,165
183,167,191,155,141,179
183,167,199,153,139,195
183,167,207,151,138,211
183,167,215,148,136,226
183,167,223,144,133,237
183,167,231,141,130,246
183,167,239,138,128,251
183,167,247,136,125,255
183,167,255,133,123,255
183,175,0,144,149,36
183,175,7,144,149,38
183,175,15,145,149,41
183,175,23,146,150,44
183,175,31,147,151,49
183,175,39,148,152,55
183,175,47,149,153,61
183,175,55,150,154,65
183,175,63,151,155,69
183,175,71,153,155,74
183,175,79,153,156,79
183,175,87,154,156,84
183,175,95,155,156,89
183,175,103,155,155,94
183,175,111,156,155,99
183,175,119,156,154,105
183,175,127,156,154,110
183,175,135,156,153,116
183,175,143,156,153,121
183,175,151,156,152,127
183,175,159,156,152,134
183,175,167,156,152,141
183,175,175,157,152,150
183,175,183,157,151,160
183,175,191,156,150,173
183,175,199,155,149,188
183,175,207,154,148,204
183,175,215,151,145,218
183,175,223,148,142,232
183,175,231,144,139,242
183,175,239,141,136,249
183,175,247,138,132,253
183,175,255,135,129,255
183,183,0,143,158,36
183,183,7,143,159,39
183,183,15,144,160,42
183,183,23,145,160,45
183,183,31,146,161,49
183,183,39,147,162,54
183,183,47,148,163,60
183,183,55,150,164,65
183,183,63,151,165,69
183,183,71,152,166,74
183,183,79,153,166,79
183,183,87,154,166,84
183,183,95,155,166,89
183,183,103,155,166,94
183,183,111,156,166,100
183,183,119,156,165,105
183,183,127,156,165,110
183,183,135,156,165,116
183,183,143,157,164,121
183,183,151,157,163,127
183,183,159,157,163,133
183,183,167,157,163,140
183,183,175,158,163,147
183,183,183,158,162,156
183,183,191,158,162,167
183,183,199,157,160,182
183,183,207,156,159,197
183,183,215,154,156,212
183,183,223,151,153,225
183,183,231,148,149,237
183,183,239,145,145,246
183,183,247,142,141,252
183,183,255,139,137,254
183,191,0,141,169,36
183,191,7,142,169,39
183,191,15,142,170,43
183,191,23,143,171,48
183,191,31,144,172,51
183,191,39,146,173,55
183,191,47,147,174,59
183,191,55,149,175,64
183,191,63,150,176,69
183,191,71,151,176,74
183,191,79,153,177,79
183,191,87,154,177,84
183,191,95,155,178,89
183,191,103,155,178,95
183,191,111,156,177,100
183,191,119,156,177,105
183,191,127,157,177,110
183,191,135,157,176,115
183,191,143,157,176,121
183,191,151,157,176,127
183,191,159,158,175,133
183,191,167,158,175,140
183,191,175,159,175,146
183,191,183,159,174,154
183,191,191,160,174,164
183,191,199,159,173,176
183,191,207,159,171,190
183,191,215,157,168,205
183,191,223,155,165,219
183,191,231,152,161,232
183,191,239,149,156,242
183,191,247,146,152,251
183,191,255,142,147,254
183,199,0,139,180,36
183,199,7,140,181,39
183,199,15,140,182,42
183,199,23,141,182,46
183,199,31,143,184,52
183,199,39,144,185,56
183,199,47,145,185,60
183,199,55,147,186,64
183,199,63,149,188,69
183,199,71,150,188,74
183,199,79,152,189,79
183,199,87,153,189,84
183,199,95,154,189,89
183,199,103,155,189,95
183,199,111,156,189,100
183,199,119,156,189,105
183,199,127,157,189,110
183,199,135,157,189,116
183,199,143,157,188,121
183,199,151,158,188,127
183,199,159,158,188,133
183,199,167,159,187,139
183,199,175,159,187,146
183,199,183,160,187,153
183,199,191,160,187,161
183,199,199,161,186,172
183,199,207,160,185,185
183,199,215,160,183,199
183,199,223,158,179,213
183,199,231,156,175,227
183,199,239,153,169,239
183,199,247,149,164,248
183,199,255,146,159,254
183,207,0,137,192,36
183,207,7,137,193,39
183,207,15,138,193,41
183,207,23,139,194,45
183,207,31,141,195,50
183,207,39,142,196,56
183,207,47,144,197,60
183,207,55,145,198,64
183,207,63,147,199,69
183,207,71,149,201,74
183,207,79,150,201,78
183,207,87,152,202,84
183,207,95,153,203,89
183,207,103,154,203,95
183,207,111,155,203,100
183,207,119,156,203,105
183,207,127,157,202,110
183,207,135,157,202,116
183,207,143,158,202,121
183,207,151,158,201,127
183,207,159,159,201,133
183,207,167,159,202,139
183,207,175,160,202,145
183,207,183,160,202,152
183,207,191,161,201,159
183,207,199,162,201,169
183,207,207,162,200,180
183,207,215,161,198,194
183,207,223,160,195,208
183,207,231,159,190,222
183,207,239,156,185,235
183,207,247,153,179,247
183,207,255,150,173,252
183,215,0,134,205,38
183,215,7,135,205,39
183,215,15,136,206,42
183,215,23,137,206,45
183,215,31,138,207,49
183,215,39,140,208,54
183,215,47,142,210,60
183,215,55,143,211,64
183,215,63,145,212,68
183,215,71,147,213,73
183,215,79,149,214,78
183,215,87,150,215,83
183,215,95,152,215,89
183,215,103,153,216,94
183,215,111,154,216,100
183,215,119,155,216,105
183,215,127,156,216,110
183,215,135,157,216,115
183,215,143,157,216,121
183,215,151,158,215,126
183,215,159,159,215,132
183,215,167,159,215,138
183,215,175,160,215,145
183,215,183,161,215,151
183,215,191,161,215,158
183,215,199,162,215,167
183,215,207,162,214,177
183,215,215,163,213,189
183,215,223,162,210,204
183,215,231,161,206,218
183,215,239,159,202,232
183,215,247,157,196,245
183,215,255,154,189,254
183,223,0,132,216,39
183,223,7,133,216,41
183,223,15,133,217,42
183,223,23,134,217,45
183,223,31,135,218,48
183,223,39,137,219,53
183,223,47,139,221,58
183,223,55,141,222,64
183,223,63,143,223,68
183,223,71,145,225,72
183,223,79,147,226,77
183,223,87,149,227,82
183,223,95,150,228,88
183,223,103,152,228,93
183,223,111,153,228,99
183,223,119,154,228,104
183,223,127,155,228,109
183,223,135,156,228,115
183,223,143,157,228,120
183,223,151,158,228,126
183,223,159,158,228,132
183,223,167,159,228,138
183,223,175,159,228,144
183,223,183,160,228,150
183,223,191,161,227,157
183,223,199,161,227,165
183,223,207,162,227,175
183,223,215,163,227,186
183,223,223,163,225,199
183,223,231,162,222,213
183,223,239,161,218,228
183,223,247,160,212,242
183,223,255,157,207,250
183,231,0,128,226,37
183,231,7,129,226,40
183,231,15,130,227,43
183,231,23,131,228,46
183,231,31,133,228,49
183,231,39,134,229,52
183,231,47,136,231,57
183,231,55,138,232,62
183,231,63,140,234,67
183,231,71,142,235,71
183,231,79,145,236,76
183,231,87,147,237,82
183,231,95,149,238,87
183,231,103,150,239,92
183,231,111,152,239,98
183,231,119,153,239,103
183,231,127,155,240,109
183,231,135,156,240,114
183,231,143,157,240,119
183,231,151,157,239,125
183,231,159,158,239,131
183,231,167,158,239,136
183,231,175,159,239,143
183,231,183,159,239,149
183,231,191,160,239,156
183,231,199,161,239,163
183,231,207,161,239,172
183,231,215,162,238,183
183,231,223,163,238,195
183,231,231,163,236,209
183,231,239,163,233,223
183,231,247,161,229,238
183,231,255,160,225,250
183,239,0,124,234,36
183,239,7,125,235,38
183,239,15,126,235,41
183,239,23,128,236,45
183,239,31,129,237,49
183,239,39,131,238,53
183,239,47,133,239,57
183,239,55,135,241,61
183,239,63,137,242,65
183,239,71,140,243,70
183,239,79,142,244,75
183,239,87,144,245,80
183,239,95,147,246,86
183,239,103,148,247,91
183,239,111,150,247,96
183,239,119,152,248,102
183,239,127,153,248,107
183,239,135,155,248,113
183,239,143,156,248,118
183,239,151,157,249,124
183,239,159,157,248,130
183,239,167,158,248,135
183,239,175,158,248,141
183,239,183,159,248,147
183,239,191,159,248,154
183,239,199,160,248,162
183,239,207,160,248,170
183,239,215,161,248,180
183,239,223,162,248,191
183,239,231,163,247,204
183,239,239,163,246,219
183,239,247,162,243,234
183,239,255,161,240,247
183,247,0,122,241,37
183,247,7,122,242,38
183,247,15,123,242,41
183,247,23,124,243,43
183,247,31,126,244,47
183,247,39,128,245,52
183,247,47,130,246,57
183,247,55,132,247,60
183,247,63,134,248,64
183,247,71,137,250,69
183,247,79,139,251,74
183,247,87,142,252,79
183,247,95,144,253,84
183,247,103,146,253,90
183,247,111,148,253,95
183,247,119,150,253,101
183,247,127,152,253,106
183,247,135,153,253,111
183,247,143,154,253,117
183,247,151,155,253,122
183,247,159,156,253,128
183,247,167,157,253,134
183,247,175,157,253,140
183,247,183,158,254,146
183,247,191,158,253,153
183,247,199,158,253,160
183,247,207,159,253,168
183,247,215,160,253,177
183,247,223,161,253,188
183,247,231,162,253,200
183,247,239,162,253,214
183,247,247,162,252,229
183,247,255,162,251,242
183,255,0,120,248,38
183,255,7,120,249,39
183,255,15,121,249,41
183,255,23,122,249,43
183,255,31,123,250,46
183,255,39,125,250,50
183,255,47,127,251,55
183,255,55,129,252,59
183,255,63,131,252,63
183,255,71,134,253,67
183,255,79,136,254,71
183,255,87,139,254,77
183,255,95,141,254,82
183,255,103,144,255,89
183,255,111,146,255,94
183,255,119,148,255,99
183,255,127,150,255,105
183,255,135,151,255,110
183,255,143,153,255,116
183,255,151,154,255,121
183,255,159,155,255,127
183,255,167,155,255,132
183,255,175,156,255,139
183,255,183,156,255,145
183,255,191,157,255,151
183,255,199,157,255,158
183,255,207,158,255,166
183,255,215,159,255,175
183,255,223,160,255,185
183,255,231,160,255,197
183,255,239,161,255,210
183,255,247,162,255,225
183,255,255,162,255,239
191,0,0,156,1,28
191,0,7,158,2,35
191,0,15,159,2,41
191,0,23,160,3,48
191,0,31,162,4,55
191,0,39,163,4,63
191,0,47,163,5,71
191,0,55,164,5,79
191,0,63,165,6,88
191,0,71,166,6,98
191,0,79,166,6,110
191,0,87,166,6,122
191,0,95,166,7,136
191,0,103,165,7,152
191,0,111,163,7,168
191,0,119,161,9,183
191,0,127,158,10,199
191,0,135,153,14,211
191,0,143,149,18,221
191,0,151,144,23,228
191,0,159,139,28,232
191,0,167,134,33,234
191,0,175,130,37,237
191,0,183,126,41,239
191,0,191,122,43,241
191,0,199,119,45,243
191,0,207,116,46,245
191,0,215,114,47,247
191,0,223,113,48,249
191,0,231,111,49,251
191,0,239,110,49,253
191,0,247,110,48,254
191,0,255,109,47,255
191,7,0,155,2,28
191,7,7,157,2,35
191,7,15,158,3,41
191,7,23,160,4,48
191,7,31,161,4,55
191,7,39,162,5,63
191,7,47,163,6,70
191,7,55,164,7,78
191,7,63,165,7,87
191,7,71,165,7,97
191,7,79,166,8,108
191,7,87,166,8,120
191,7,95,165,8,134
191,7,103,164,8,149
191,7,111,163,9,165
191,7,119,161,10,180
191,7,127,158,12,196
191,7,135,154,16,209
191,7,143,149,20,219
191,7,151,144,25,226
191,7,159,139,31,231
191,7,167,134,36,234
191,7,175,130,40,237
191,7,183,126,43,239
191,7,191,122,45,241
191,7,199,119,47,243
191,7,207,117,49,245
191,7,215,115,50,247
191,7,223,113,50,249
191,7,231,112,51,251
191,7,239,111,52,253
191,7,247,110,51,254
191,7,255,110,50,255
191,15,0,155,3,28
191,15,7,156,3,35
191,15,15,158,4,40
191,15,23,159,5,48
191,15,31,160,6,55
191,15,39,161,7,62
191,15,47,162,7,70
191,15,55,163,8,78
191,15,63,164,9,86
191,15,71,164,9,95
191,15,79,165,9,106
191,15,87,165,10,118
191,15,95,165,10,132
191,15,103,164,11,146
191,15,111,163,11,162
191,15,119,161,13,177
191,15,127,158,15,192
191,15,135,154,18,205
191,15,143,150,22,217
191,15,151,145,28,224
191,15,159,140,33,229
191,15,167,135,39,233
191,15,175,131,43,236
191,15,183,126,46,239
191,15,191,123,49,241
191,15,199,120,50,243
191,15,207,117,52,245
191,15,215,116,52,247
191,15,223,114,53,249
191,15,231,113,54,251
191,15,239,112,55,253
191,15,247,111,55,254
191,15,255,110,54,255
191,23,0,154,5,28
191,23,7,155,5,35
191,23,15,157,6,40
191,23,23,158,7,47
191,23,31,159,8,55
191,23,39,160,9,62
191,23,47,161,10,69
191,23,55,162,11,76
191,23,63,163,11,84
191,23,71,163,12,93
191,23,79,164,12,103
191,23,87,164,13,115
191,23,95,164,13,128
191,23,103,163,14,142
191,23,111,162,14,157
191,23,119,160,16,172
191,23,127,158,18,187
191,23,135,154,22,201
191,23,143,150,26,212
191,23,151,145,31,221
191,23,159,140,36,227
191,23,167,136,42,232
191,23,175,131,47,236
191,23,183,127,51,239
191,23,191,124,53,241
191,23,199,121,55,243
191,23,207,118,56,245
191,23,215,116,56,247
191,23,223,115,57,249
191,23,231,114,57,251
191,23,239,113,58,253
191,23,247,112,59,254
191,23,255,111,59,255
191,31,0,153,9,28
191,31,7,154,10,35
191,31,15,156,10,40
191,31,23,157,11,47
191,31,31,158,12,54
191,31,39,159,13,61
191,31,47,160,14,68
191,31,55,161,15,75
191,31,63,162,16,83
191,31,71,162,16,91
191,31,79,163,17,100
191,31,87,163,17,111
191,31,95,163,18,123
191,31,103,163,19,137
191,31,111,162,19,151
191,31,119,160,21,166
191,31,127,158,23,181
191,31,135,155,26,195
191,31,143,150,31,207
191,31,151,146,35,216
191,31,159,141,40,225
191,31,167,137,45,231
191,31,175,132,50,235
191,31,183,128,55,239
191,31,191,124,59,241
191,31,199,122,60,243
191,31,207,119,61,245
191,31,215,118,61,247
191,31,223,116,61,249
191,31,231,115,61,251
191,31,239,114,62,253
191,31,247,113,63,254
191,31,255,112,63,255
191,39,0,152,14,28
191,39,7,153,15,35
191,39,15,155,16,40
191,39,23,156,17,47
191,39,31,157,18,54
191,39,39,158,19,60
191,39,47,159,20,67
191,39,55,160,21,74
191,39,63,161,22,81
191,39,71,161,22,89
191,39,79,162,23,98
191,39,87,162,23,108
191,39,95,162,24,119
191,39,103,162,25,131
191,39,111,161,26,145
191,39,119,160,27,159
191,39,127,158,29,173
191,39,135,155,32,187
191,39,143,151,36,200
191,39,151,147,40,211
191,39,159,142,45,221
191,39,167,138,49,229
191,39,175,133,54,235
191,39,183,129,58,239
191,39,191,126,62,242
191,39,199,123,64,243
191,39,207,120,66,245
191,39,215,119,66,247
191,39,223,117,66,249
191,39,231,116,66,251
191,39,239,115,66,252
191,39,247,114,66,254
191,39,255,113,66,254
191,47,0,150,20,27
191,47,7,152,21,35
191,47,15,153,22,40
191,47,23,155,24,46
191,47,31,156,25,53
191,47,39,157,26,59
191,47,47,158,27,66
191,47,55,159,28,72
191,47,63,160,29,79
191,47,71,160,30,87
191,47,79,161,30,95
191,47,87,161,30,104
191,47,95,162,31,115
191,47,103,161,31,127
191,47,111,161,32,139
191,47,119,160,33,153
191,47,127,158,35,166
191,47,135,155,38,179
191,47,143,152,42,192
191,47,151,148,45,205
191,47,159,144,49,217
191,47,167,139,54,226
191,47,175,135,58,234
191,47,183,131,61,239
191,47,191,127,64,242
191,47,199,124,67,244
191,47,207,122,69,245
191,47,215,120,71,247
191,47,223,118,72,249
191,47,231,117,71,251
191,47,239,116,71,252
191,47,247,115,70,254
191,47,255,115,70,254
191,55,0,149,27,27
191,55,7,151,29,34
191,55,15,152,30,39
191,55,23,153,31,46
191,55,31,155,33,53
191,55,39,156,34,58
191,55,47,157,35,65
191,55,55,158,36,71
191,55,63,158,37,77
191,55,71,159,37,84
191,55,79,160,38,92
191,55,87,160,38,101
191,55,95,161,38,111
191,55,103,161,39,122
191,55,111,160,39,134
191,55,119,160,40,147
191,55,127,158,41,160
191,55,135,156,43,173
191,55,143,153,46,186
191,55,151,149,50,200
191,55,159,145,54,213
191,55,167,141,58,224
191,55,175,137,61,233
191,55,183,132,64,239
191,55,191,129,67,242
191,55,199,126,70,244
191,55,207,123,72,246
191,55,215,121,74,247
191,55,223,120,74,249
191,55,231,118,75,251
191,55,239,117,75,252
191,55,247,117,74,254
191,55,255,116,73,254
191,63,0,149,35,27
191,63,7,151,36,34
191,63,15,152,37,40
191,63,23,153,38,45
191,63,31,154,40,52
191,63,39,155,41,58
191,63,47,156,42,64
191,63,55,157,43,69
191,63,63,158,44,76
191,63,71,158,45,82
191,63,79,159,46,90
191,63,87,159,46,98
191,63,95,160,46,107
191,63,103,160,47,117
191,63,111,160,47,128
191,63,119,159,47,140
191,63,127,158,48,153
191,63,135,156,49,166
191,63,143,154,51,180
191,63,151,151,54,194
191,63,159,147,57,208
191,63,167,143,61,222
191,63,175,138,64,231
191,63,183,134,68,240
191,63,191,131,71,243
191,63,199,127,73,245
191,63,207,125,75,246
191,63,215,123,76,248
191,63,223,121,77,249
191,63,231,120,77,251
191,63,239,119,77,252
191,63,247,118,77,254
191,63,255,117,77,254
191,71,0,149,42,27
191,71,7,150,43,33
191,71,15,152,45,40
191,71,23,153,46,45
191,71,31,154,47,51
191,71,39,155,48,58
191,71,47,155,49,63
191,71,55,156,51,68
191,71,63,157,51,74
191,71,71,157,52,81
191,71,79,158,53,87
191,71,87,159,53,95
191,71,95,159,53,104
191,71,103,159,54,113
191,71,111,159,54,123
191,71,119,159,54,134
191,71,127,158,54,146
191,71,135,157,55,159
191,71,143,155,57,173
191,71,151,152,59,188
191,71,159,149,62,203
191,71,167,145,65,218
191,71,175,141,68,230
191,71,183,137,71,238
191,71,191,133,73,243
191,71,199,129,75,245
191,71,207,126,77,247
191,71,215,124,79,248
191,71,223,122,79,250
191,71,231,121,80,251
191,71,239,120,80,253
191,71,247,119,80,254
191,71,255,119,79,254
191,79,0,149,50,27
191,79,7,150,51,33
191,79,15,152,52,39
191,79,23,152,53,45
191,79,31,153,55,51
191,79,39,154,56,57
191,79,47,155,57,62
191,79,55,155,58,67
191,79,63,156,59,73
191,79,71,157,60,79
191,79,79,157,61,85
191,79,87,158,61,93
191,79,95,158,61,100
191,79,103,158,61,109
191,79,111,158,61,118
191,79,119,158,61,129
191,79,127,158,61,140
191,79,135,157,62,152
191,79,143,156,63,166
191,79,151,153,65,180
191,79,159,150,67,196
191,79,167,147,69,212
191,79,175,143,72,228
191,79,183,139,74,237
191,79,191,135,76,243
191,79,199,132,78,245
191,79,207,128,80,247
191,79,215,126,81,248
191,79,223,124,82,250
191,79,231,122,82,252
191,79,239,121,82,253
191,79,247,120,82,254
191,79,255,120,82,254
191,87,0,149,58,27
191,87,7,150,59,32
191,87,15,151,60,39
191,87,23,153,61,46
191,87,31,153,62,51
191,87,39,154,64,56
191,87,47,155,65,62
191,87,55,155,66,66
191,87,63,156,67,72
191,87,71,156,68,78
191,87,79,157,68,84
191,87,87,157,68,90
191,87,95,158,69,98
191,87,103,158,69,105
191,87,111,158,69,114
191,87,119,158,69,123
191,87,127,157,69,134
191,87,135,157,69,146
191,87,143,156,70,158
191,87,151,154,71,173
191,87,159,152,72,189
191,87,167,149,74,205
191,87,175,145,76,222
191,87,183,141,78,234
191,87,191,137,80,242
191,87,199,134,81,246
191,87,207,130,83,247
191,87,215,128,84,249
191,87,223,126,84,250
191,87,231,124,85,252
191,87,239,123,85,253
191,87,247,121,85,254
191,87,255,121,85,254
191,95,0,150,67,28
191,95,7,150,67,32
191,95,15,151,68,38
191,95,23,153,69,45
191,95,31,153,70,50
191,95,39,154,71,56
191,95,47,154,73,61
191,95,55,155,74,66
191,95,63,155,75,71
191,95,71,156,75,76
191,95,79,156,76,82
191,95,87,157,76,88
191,95,95,157,76,95
191,95,103,157,77,103
191,95,111,157,76,110
191,95,119,157,76,119
191,95,127,157,77,129
191,95,135,157,77,139
191,95,143,156,77,152
191,95,151,155,78,166
191,95,159,154,78,180
191,95,167,151,80,197
191,95,175,148,81,214
191,95,183,144,82,230
191,95,191,140,84,239
191,95,199,136,85,246
191,95,207,133,86,248
191,95,215,129,87,249
191,95,223,127,88,251
191,95,231,125,88,252
191,95,239,124,88,253
191,95,247,123,88,254
191,95,255,122,87,254
191,103,0,150,75,28
191,103,7,151,76,33
191,103,15,151,76,38
191,103,23,152,77,44
191,103,31,153,78,51
191,103,39,154,79,56
191,103,47,154,80,61
191,103,55,155,81,65
191,103,63,155,82,70
191,103,71,156,83,75
191,103,79,156,83,81
191,103,87,157,84,87
191,103,95,157,84,93
191,103,103,157,84,100
191,103,111,157,84,107
191,103,119,157,84,115
191,103,127,157,84,124
191,103,135,157,84,134
191,103,143,156,84,145
191,103,151,156,84,158
191,103,159,155,85,173
191,103,167,153,85,189
191,103,175,150,86,207
191,103,183,146,87,223
191,103,191,142,88,236
191,103,199,138,89,244
191,103,207,135,90,249
191,103,215,132,91,250
191,103,223,129,91,251
191,103,231,127,91,252
191,103,239,126,91,253
191,103,247,124,91,253
191,103,255,122,90,253
191,111,0,151,83,29
191,111,7,151,84,33
191,111,15,152,84,37
191,111,23,153,85,43
191,111,31,154,86,51
191,111,39,154,87,56
191,111,47,155,88,60
191,111,55,155,89,65
191,111,63,156,90,70
191,111,71,156,90,75
191,111,79,156,91,80
191,111,87,157,91,86
191,111,95,157,91,92
191,111,103,157,91,98
191,111,111,157,91,105
191,111,119,157,91,112
191,111,127,157,91,121
191,111,135,157,91,130
191,111,143,157,91,139
191,111,151,156,91,152
191,111,159,155,91,165
191,111,167,154,91,180
191,111,175,152,92,199
191,111,183,149,92,215
191,111,191,145,93,230
191,111,199,141,94,241
191,111,207,137,94,248
191,111,215,134,94,251
191,111,223,131,95,252
191,111,231,129,95,253
191,111,239,127,94,253
191,111,247,126,94,253
191,111,255,124,93,253
191,119,0,152,92,30
191,119,7,152,92,33
191,119,15,152,92,37
191,119,23,153,93,43
191,119,31,154,94,50
191,119,39,155,95,56
191,119,47,155,95,61
191,119,55,156,96,65
191,119,63,156,97,70
191,119,71,157,97,75
191,119,79,157,98,80
191,119,87,157,98,85
191,119,95,158,98,91
191,119,103,158,98,97
191,119,111,157,98,103
191,119,119,157,98,110
191,119,127,157,98,117
191,119,135,157,98,126
191,119,143,157,98,135
191,119,151,157,98,146
191,119,159,156,98,158
191,119,167,155,98,174
191,119,175,154,98,190
191,119,183,151,98,208
191,119,191,147,98,223
191,119,199,143,98,237
191,119,207,139,98,245
191,119,215,136,99,250
191,119,223,133,98,252
191,119,231,131,98,253
191,119,239,129,98,254
191,119,247,127,98,254
191,119,255,126,97,253
191,127,0,152,99,32
191,127,7,153,100,36
191,127,15,153,100,40
191,127,23,154,100,44
191,127,31,154,101,50
191,127,39,155,102,56
191,127,47,156,103,61
191,127,55,156,103,65
191,127,63,157,104,70
191,127,71,157,104,74
191,127,79,157,105,79
191,127,87,158,105,85
191,127,95,158,105,90
191,127,103,158,105,96
191,127,111,158,105,102
191,127,119,158,104,108
191,127,127,157,104,115
191,127,135,157,104,123
191,127,143,157,104,132
191,127,151,157,104,141
191,127,159,157,104,153
191,127,167,156,104,166
191,127,175,155,104,182
191,127,183,153,104,200
191,127,191,150,104,217
191,127,199,146,103,231
191,127,207,142,103,242
191,127,215,138,103,248
191,127,223,135,103,251
191,127,231,133,102,253
191,127,239,131,102,254
191,127,247,129,101,254
191,127,255,127,100,253
191,135,0,152,107,33
191,135,7,153,107,36
191,135,15,154,108,41
191,135,23,154,108,45
191,135,31,155,109,50
191,135,39,155,109,56
191,135,47,156,110,61
191,135,55,157,111,65
191,135,63,157,111,70
191,135,71,158,111,74
191,135,79,158,112,79
191,135,87,158,112,84
191,135,95,159,112,90
191,135,103,159,112,95
191,135,111,158,111,101
191,135,119,158,111,107
191,135,127,158,111,114
191,135,135,157,111,121
191,135,143,157,110,129
191,135,151,157,110,137
191,135,159,157,110,148
191,135,167,157,110,160
191,135,175,156,110,175
191,135,183,155,110,192
191,135,191,152,110,209
191,135,199,148,109,225
191,135,207,145,108,238
191,135,215,141,108,246
191,135,223,138,107,250
191,135,231,135,106,253
191,135,239,133,106,254
191,135,247,131,105,254
191,135,255,129,104,253
191,143,0,153,114,33
191,143,7,153,114,37
191,143,15,154,115,41
191,143,23,154,115,47
191,143,31,155,116,51
191,143,39,156,117,56
191,143,47,157,117,61
191,143,55,157,118,66
191,143,63,158,118,70
191,143,71,158,119,74
191,143,79,159,119,79
191,143,87,159,119,84
191,143,95,159,119,90
191,143,103,159,119,95
191,143,111,159,118,100
191,143,119,159,118,106
191,143,127,158,118,113
191,143,135,158,117,119
191,143,143,158,117,127
191,143,151,158,117,135
191,143,159,158,117,144
191,143,167,158,117,155
191,143,175,158,117,167
191,143,183,156,117,184
191,143,191,154,116,201
191,143,199,151,115,219
191,143,207,147,114,232
191,143,215,144,113,244
191,143,223,140,112,248
191,143,231,137,111,252
191,143,239,135,110,254
191,143,247,133,109,255
191,143,255,131,108,254
191,151,0,153,121,34
191,151,7,153,122,37
191,151,15,154,122,41
191,151,23,154,123,46
191,151,31,155,123,52
191,151,39,156,124,56
191,151,47,157,125,61
191,151,55,158,126,66
191,151,63,158,126,70
191,151,71,159,126,74
191,151,79,159,126,79
191,151,87,160,126,84
191,151,95,160,126,90
191,151,103,160,126,95
191,151,111,160,126,100
191,151,119,160,125,106
191,151,127,159,125,112
191,151,135,159,125,118
191,151,143,158,124,125
191,151,151,158,124,132
191,151,159,159,124,141
191,151,167,159,124,150
191,151,175,159,124,163
191,151,183,158,124,177
191,151,191,156,123,193
191,151,199,154,122,210
191,151,207,150,121,226
191,151,215,147,119,237
191,151,223,143,118,245
191,151,231,140,116,250
191,151,239,138,115,253
191,151,247,135,114,254
191,151,255,133,112,255
191,159,0,152,129,34
191,159,7,153,129,36
191,159,15,153,130,40
191,159,23,154,130,45
191,159,31,155,131,51
191,159,39,156,132,57
191,159,47,157,133,61
191,159,55,158,134,65
191,159,63,159,134,70
191,159,71,159,135,75
191,159,79,160,135,80
191,159,87,160,135,85
191,159,95,161,135,90
191,159,103,161,134,95
191,159,111,161,134,100
191,159,119,161,134,106
191,159,127,160,133,111
191,159,135,160,133,117
191,159,143,160,133,124
191,159,151,160,132,130
191,159,159,160,132,138
191,159,167,160,132,147
191,159,175,160,132,158
191,159,183,160,132,171
191,159,191,158,131,186
191,159,199,157,130,202
191,159,207,153,128,218
191,159,215,150,127,232
191,159,223,146,125,241
191,159,231,143,123,248
191,159,239,140,121,252
191,159,247,137,119,254
191,159,255,135,117,255
191,167,0,152,137,35
191,167,7,152,137,38
191,167,15,153,138,41
191,167,23,153,139,45
191,167,31,154,139,50
191,167,39,155,140,56
191,167,47,156,141,61
191,167,55,157,142,65
191,167,63,159,143,70
191,167,71,159,143,74
191,167,79,160,144,80
191,167,87,161,144,85
191,167,95,161,144,90
191,167,103,161,143,95
191,167,111,161,143,100
191,167,119,161,143,105
191,167,127,161,142,111
191,167,135,161,142,117
191,167,143,161,141,123
191,167,151,161,141,129
191,167,159,161,141,136
191,167,167,161,141,144
191,167,175,161,141,154
191,167,183,162,140,165
191,167,191,161,140,179
191,167,199,159,139,195
191,167,207,157,137,211
191,167,215,153,135,225
191,167,223,150,133,237
191,167,231,146,130,246
191,167,239,143,127,251
191,167,247,140,125,254
191,167,255,136,122,255
191,175,0,151,145,37
191,175,7,151,146,40
191,175,15,152,146,42
191,175,23,153,147,45
191,175,31,154,148,50
191,175,39,155,149,55
191,175,47,156,150,61
191,175,55,157,151,66
191,175,63,158,152,70
191,175,71,159,153,75
191,175,79,160,153,80
191,175,87,161,153,85
191,175,95,162,153,90
191,175,103,162,153,95
191,175,111,162,153,100
191,175,119,162,152,105
191,175,127,162,152,111
191,175,135,162,151,117
191,175,143,162,151,122
191,175,151,162,151,128
191,175,159,162,150,135
191,175,167,163,150,142
191,175,175,163,150,150
191,175,183,163,150,161
191,175,191,163,149,173
191,175,199,162,148,188
191,175,207,160,147,204
191,175,215,157,144,219
191,175,223,153,141,232
191,175,231,149,138,242
191,175,239,146,135,250
191,175,247,143,132,253
191,175,255,139,129,255
191,183,0,150,154,37
191,183,7,150,155,40
191,183,15,151,156,43
191,183,23,152,156,47
191,183,31,153,157,51
191,183,39,154,158,55
191,183,47,155,159,60
191,183,55,157,161,66
191,183,63,158,161,70
191,183,71,159,162,75
191,183,79,160,163,80
191,183,87,161,163,85
191,183,95,162,164,90
191,183,103,162,163,95
191,183,111,163,163,101
191,183,119,163,163,106
191,183,127,163,162,111
191,183,135,163,162,116
191,183,143,163,162,122
191,183,151,163,161,128
191,183,159,163,161,134
191,183,167,164,161,141
191,183,175,164,160,148
191,183,183,165,160,157
191,183,191,165,159,168
191,183,199,164,159,182
191,183,207,163,157,197
191,183,215,160,155,212
191,183,223,157,151,225
191,183,231,153,148,237
191,183,239,150,144,246
191,183,247,146,140,252
191,183,255,143,136,254
191,191,0,148,164,37
191,191,7,149,164,39
191,191,15,149,165,43
191,191,23,150,166,47
191,191,31,151,168,53
191,191,39,153,169,56
191,191,47,154,170,60
191,191,55,155,171,65
191,191,63,157,172,70
191,191,71,158,173,75
191,191,79,160,173,80
191,191,87,161,174,85
191,191,95,162,174,90
191,191,103,162,174,95
191,191,111,163,174,101
191,191,119,163,174,106
191,191,127,163,174,111
191,191,135,164,173,116
191,191,143,164,173,122
191,191,151,164,173,128
191,191,159,165,172,134
191,191,167,165,172,140
191,191,175,165,172,147
191,191,183,166,172,154
191,191,191,166,171,164
191,191,199,166,170,176
191,191,207,165,169,191
191,191,215,163,166,206
191,191,223,161,163,219
191,191,231,157,159,232
191,191,239,154,155,243
191,191,247,150,150,250
191,191,255,147,146,254
191,199,0,147,174,37
191,199,7,147,175,39
191,199,15,148,175,42
191,199,23,149,176,46
191,199,31,150,178,52
191,199,39,151,179,57
191,199,47,153,180,61
191,199,55,154,181,65
191,199,63,156,183,70
191,199,71,157,183,75
191,199,79,159,184,80
191,199,87,160,185,85
191,199,95,161,185,90
191,199,103,162,186,96
191,199,111,163,186,101
191,199,119,163,186,106
191,199,127,164,185,111
191,199,135,164,185,117
191,199,143,164,185,122
191,199,151,165,185,128
191,199,159,165,185,134
191,199,167,166,185,140
191,199,175,166,184,147
191,199,183,167,184,153
191,199,191,167,184,162
191,199,199,167,183,172
191,199,207,167,182,185
191,199,215,166,180,199
191,199,223,164,176,214
191,199,231,161,172,227
191,199,239,158,167,239
191,199,247,154,162,248
191,199,255,151,157,253
191,207,0,144,186,37
191,207,7,145,187,39
191,207,15,146,187,42
191,207,23,147,188,45
191,207,31,148,189,50
191,207,39,149,191,56
191,207,47,151,192,61
191,207,55,153,193,65
191,207,63,154,194,70
191,207,71,156,196,74
191,207,79,158,196,79
191,207,87,159,197,85
191,207,95,160,198,90
191,207,103,161,198,95
191,207,111,162,198,101
191,207,119,163,198,106
191,207,127,164,198,111
191,207,135,164,198,117
191,207,143,164,198,122
191,207,151,165,198,128
191,207,159,165,198,134
191,207,167,166,198,140
191,207,175,167,198,146
191,207,183,167,198,153
191,207,191,168,198,160
191,207,199,168,197,169
191,207,207,168,196,181
191,207,215,168,194,194
191,207,223,167,191,208
191,207,231,165,187,223
191,207,239,162,182,236
191,207,247,158,176,247
191,207,255,155,170,252
191,215,0,142,198,39
191,215,7,143,199,40
191,215,15,143,199,43
191,215,23,144,200,46
191,215,31,146,201,49
191,215,39,147,202,54
191,215,47,149,204,60
191,215,55,151,205,65
191,215,63,152,206,69
191,215,71,154,207,74
191,215,79,156,209,79
191,215,87,158,210,84
191,215,95,159,210,90
191,215,103,160,211,95
191,215,111,161,211,101
191,215,119,162,212,106
191,215,127,163,212,111
191,215,135,164,211,117
191,215,143,165,211,122
191,215,151,165,211,128
191,215,159,166,211,134
191,215,167,166,211,140
191,215,175,167,211,146
191,215,183,167,211,152
191,215,191,168,211,159
191,215,199,169,211,168
191,215,207,169,210,178
191,215,215,169,209,190
191,215,223,169,207,204
191,215,231,168,203,218
191,215,239,165,198,232
191,215,247,163,192,244
191,215,255,159,186,254
191,223,0,139,209,39
191,223,7,140,210,41
191,223,15,141,211,44
191,223,23,142,211,47
191,223,31,143,212,50
191,223,39,145,213,54
191,223,47,146,215,59
191,223,55,148,216,64
191,223,63,150,218,69
191,223,71,152,219,73
191,223,79,154,220,78
191,223,87,156,222,84
191,223,95,157,222,89
191,223,103,159,223,95
191,223,111,160,223,100
191,223,119,161,223,106
191,223,127,162,224,111
191,223,135,163,224,116
191,223,143,164,224,122
191,223,151,165,224,127
191,223,159,166,224,133
191,223,167,166,224,139
191,223,175,167,224,145
191,223,183,167,224,152
191,223,191,168,223,159
191,223,199,169,223,167
191,223,207,169,224,176
191,223,215,170,223,187
191,223,223,170,222,200
191,223,231,169,219,214
191,223,239,168,215,229
191,223,247,166,209,243
191,223,255,163,204,250
191,231,0,136,220,38
191,231,7,137,220,40
191,231,15,138,221,43
191,231,23,139,222,47
191,231,31,140,223,51
191,231,39,142,224,54
191,231,47,144,225,58
191,231,55,146,227,63
191,231,63,148,228,68
191,231,71,150,230,73
191,231,79,152,231,78
191,231,87,154,232,83
191,231,95,156,233,88
191,231,103,157,234,94
191,231,111,159,235,99
191,231,119,160,235,105
191,231,127,162,235,110
191,231,135,163,235,116
191,231,143,164,235,121
191,231,151,164,235,127
191,231,159,165,235,133
191,231,167,166,235,138
191,231,175,166,235,144
191,231,183,167,236,151
191,231,191,167,236,157
191,231,199,168,235,165
191,231,207,169,235,174
191,231,215,170,236,185
191,231,223,170,235,197
191,231,231,170,234,210
191,231,239,169,230,225
191,231,247,168,226,239
191,231,255,166,222,251
191,239,0,132,229,37
191,239,7,133,230,39
191,239,15,134,230,41
191,239,23,135,231,45
191,239,31,137,232,50
191,239,39,139,234,55
191,239,47,140,235,58
191,239,55,142,236,62
191,239,63,145,238,67
191,239,71,147,239,71
191,239,79,149,240,76
191,239,87,152,241,82
191,239,95,154,243,87
191,239,103,156,244,93
191,239,111,158,244,98
191,239,119,159,245,104
191,239,127,161,245,109
191,239,135,162,246,115
191,239,143,163,246,120
191,239,151,164,246,126
191,239,159,165,245,132
191,239,167,165,245,138
191,239,175,166,245,144
191,239,183,166,246,150
191,239,191,166,246,157
191,239,199,167,246,164
191,239,207,168,246,172
191,239,215,169,246,182
191,239,223,170,246,194
191,239,231,170,246,206
191,239,239,170,244,221
191,239,247,170,241,236
191,239,255,168,238,247
191,247,0,129,238,37
191,247,7,129,238,39
191,247,15,130,239,41
191,247,23,131,239,44
191,247,31,133,240,48
191,247,39,135,242,53
191,247,47,137,243,58
191,247,55,139,244,61
191,247,63,141,245,65
191,247,71,144,247,70
191,247,79,146,248,75
191,247,87,149,249,80
191,247,95,151,250,86
191,247,103,154,250,92
191,247,111,156,251,97
191,247,119,158,251,103
191,247,127,159,252,108
191,247,135,161,252,114
191,247,143,162,252,119
191,247,151,163,252,125
191,247,159,164,253,131
191,247,167,164,252,137
191,247,175,165,252,143
191,247,183,165,252,149
191,247,191,166,252,155
191,247,199,166,252,162
191,247,207,167,252,171
191,247,215,168,252,180
191,247,223,168,252,191
191,247,231,169,253,203
191,247,239,170,252,217
191,247,247,170,251,231
191,247,255,170,250,244
191,255,0,127,245,39
191,255,7,127,246,40
191,255,15,128,246,42
191,255,23,129,246,44
191,255,31,130,247,47
191,255,39,132,248,51
191,255,47,134,249,56
191,255,55,136,250,60
191,255,63,138,251,64
191,255,71,141,252,68
191,255,79,143,253,73
191,255,87,146,254,78
191,255,95,148,254,84
191,255,103,151,255,90
191,255,111,153,255,96
191,255,119,155,255,102
191,255,127,157,255,107
191,255,135,159,255,113
191,255,143,160,255,118
191,255,151,162,255,124
191,255,159,163,255,130
191,255,167,163,255,136
191,255,175,164,255,142
191,255,183,164,255,148
191,255,191,165,255,155
191,255,199,165,255,162
191,255,207,166,254,169
191,255,215,167,254,178
191,255,223,168,255,188
191,255,231,168,255,200
191,255,239,169,255,213
191,255,247,170,255,227
191,255,255,170,254,241
199,0,0,163,3,28
199,0,7,165,3,35
199,0,15,166,3,41
199,0,23,168,4,48
199,0,31,169,4,55
199,0,39,171,5,63
199,0,47,172,5,70
199,0,55,173,5,79
199,0,63,174,6,88
199,0,71,175,5,98
199,0,79,176,5,109
199,0,87,176,5,122
199,0,95,176,5,136
199,0,103,174,4,151
199,0,111,173,5,167
199,0,119,170,7,182
199,0,127,167,10,197
199,0,135,163,14,210
199,0,143,157,19,220
199,0,151,152,23,226
199,0,159,147,28,231
199,0,167,142,32,234
199,0,175,137,37,237
199,0,183,133,40,239
199,0,191,129,43,241
199,0,199,126,45,243
199,0,207,123,47,244
199,0,215,122,49,246
199,0,223,120,51,249
199,0,231,119,50,251
199,0,239,119,48,253
199,0,247,118,47,254
199,0,255,117,47,255
199,7,0,162,3,28
199,7,7,164,4,35
199,7,15,166,4,41
199,7,23,167,5,48
199,7,31,169,6,55
199,7,39,170,6,62
199,7,47,171,6,70
199,7,55,173,7,78
199,7,63,174,7,87
199,7,71,175,7,97
199,7,79,175,7,108
199,7,87,176,7,120
199,7,95,175,6,134
199,7,103,174,6,149
199,7,111,173,7,164
199,7,119,170,9,179
199,7,127,167,12,194
199,7,135,163,16,208
199,7,143,158,21,218
199,7,151,152,26,225
199,7,159,147,30,230
199,7,167,142,35,234
199,7,175,137,39,237
199,7,183,133,42,239
199,7,191,129,45,241
199,7,199,126,47,243
199,7,207,124,49,244
199,7,215,122,51,246
199,7,223,121,52,249
199,7,231,119,53,251
199,7,239,119,52,253
199,7,247,118,50,254
199,7,255,118,50,255
199,15,0,161,4,28
199,15,7,163,5,35
199,15,15,165,5,41
199,15,23,166,6,48
199,15,31,168,7,55
199,15,39,169,8,62
199,15,47,171,8,69
199,15,55,172,8,77
199,15,63,173,9,86
199,15,71,174,9,95
199,15,79,175,9,106
199,15,87,175,9,118
199,15,95,175,9,131
199,15,103,174,9,146
199,15,111,172,10,161
199,15,119,170,12,176
199,15,127,167,15,191
199,15,135,163,18,205
199,15,143,158,23,215
199,15,151,153,28,223
199,15,159,148,33,228
199,15,167,143,38,233
199,15,175,138,42,236
199,15,183,134,45,239
199,15,191,130,48,241
199,15,199,127,50,243
199,15,207,124,52,244
199,15,215,123,53,246
199,15,223,121,55,249
199,15,231,120,56,251
199,15,239,119,56,253
199,15,247,119,54,254
199,15,255,118,53,255
199,23,0,160,6,28
199,23,7,162,7,35
199,23,15,164,7,41
199,23,23,165,8,47
199,23,31,167,9,55
199,23,39,168,10,62
199,23,47,170,11,69
199,23,55,171,11,76
199,23,63,172,12,85
199,23,71,173,12,94
199,23,79,174,12,104
199,23,87,174,12,115
199,23,95,174,12,128
199,23,103,173,13,142
199,23,111,172,14,157
199,23,119,170,15,172
199,23,127,167,18,186
199,23,135,163,22,200
199,23,143,158,26,211
199,23,151,153,32,220
199,23,159,148,37,226
199,23,167,143,42,231
199,23,175,138,46,235
199,23,183,134,49,239
199,23,191,131,52,241
199,23,199,128,53,243
199,23,207,125,55,244
199,23,215,123,57,246
199,23,223,122,58,249
199,23,231,121,59,251
199,23,239,120,60,252
199,23,247,119,59,254
199,23,255,119,57,255
199,31,0,159,8,28
199,31,7,161,9,35
199,31,15,163,10,41
199,31,23,164,11,47
199,31,31,166,13,54
199,31,39,167,14,61
199,31,47,168,15,68
199,31,55,169,15,75
199,31,63,171,16,83
199,31,71,172,16,91
199,31,79,172,17,101
199,31,87,173,17,112
199,31,95,173,17,124
199,31,103,173,18,137
199,31,111,171,19,152
199,31,119,170,20,167
199,31,127,167,23,181
199,31,135,163,26,194
199,31,143,159,30,206
199,31,151,154,35,216
199,31,159,149,41,223
199,31,167,144,46,229
199,31,175,139,51,234
199,31,183,135,54,238
199,31,191,132,56,241
199,31,199,129,58,243
199,31,207,126,60,245
199,31,215,124,61,247
199,31,223,123,62,249
199,31,231,122,63,251
199,31,239,121,63,252
199,31,247,120,64,254
199,31,255,119,63,254
199,39,0,158,13,28
199,39,7,160,14,34
199,39,15,162,15,41
199,39,23,163,16,47
199,39,31,165,18,54
199,39,39,166,19,60
199,39,47,167,20,67
199,39,55,168,21,73
199,39,63,169,22,81
199,39,71,170,23,89
199,39,79,171,23,98
199,39,87,171,23,108
199,39,95,172,24,119
199,39,103,171,24,132
199,39,111,171,25,146
199,39,119,169,26,160
199,39,127,167,28,174
199,39,135,163,31,188
199,39,143,159,35,200
199,39,151,155,40,211
199,39,159,150,44,220
199,39,167,145,49,228
199,39,175,141,54,234
199,39,183,136,58,238
199,39,191,132,62,241
199,39,199,129,63,244
199,39,207,127,65,245
199,39,215,125,66,247
199,39,223,124,66,249
199,39,231,123,67,251
199,39,239,122,67,252
199,39,247,121,67,254
199,39,255,120,68,254
199,47,0,157,19,28
199,47,7,159,20,34
199,47,15,161,22,41
199,47,23,162,23,46
199,47,31,164,24,53
199,47,39,165,25,60
199,47,47,166,27,66
199,47,55,167,28,72
199,47,63,168,28,79
199,47,71,169,29,87
199,47,79,170,30,95
199,47,87,170,30,104
199,47,95,170,31,115
199,47,103,170,31,126
199,47,111,170,32,139
199,47,119,169,33,152
199,47,127,167,35,166
199,47,135,164,37,180
199,47,143,160,40,193
199,47,151,156,44,206
199,47,159,151,48,217
199,47,167,147,53,226
199,47,175,142,57,233
199,47,183,137,61,238
199,47,191,134,65,241
199,47,199,130,68,244
199,47,207,128,70,246
199,47,215,126,71,247
199,47,223,125,71,249
199,47,231,124,71,251
199,47,239,123,71,252
199,47,247,122,71,254
199,47,255,122,71,254
199,55,0,156,26,28
199,55,7,158,27,34
199,55,15,160,29,41
199,55,23,161,30,46
199,55,31,162,31,53
199,55,39,164,33,59
199,55,47,165,34,65
199,55,55,166,35,71
199,55,63,167,36,77
199,55,71,168,37,85
199,55,79,169,37,92
199,55,87,169,37,101
199,55,95,170,38,111
199,55,103,170,38,122
199,55,111,169,39,134
199,55,119,168,39,147
199,55,127,167,41,160
199,55,135,164,43,173
199,55,143,161,46,186
199,55,151,157,49,200
199,55,159,153,53,212
199,55,167,148,57,223
199,55,175,144,61,232
199,55,183,139,64,238
199,55,191,135,67,242
199,55,199,132,70,244
199,55,207,129,72,246
199,55,215,127,74,247
199,55,223,126,75,249
199,55,231,125,75,251
199,55,239,124,75,252
199,55,247,123,74,253
199,55,255,123,74,254
199,63,0,155,33,28
199,63,7,157,35,33
199,63,15,159,36,40
199,63,23,160,38,46
199,63,31,161,39,52
199,63,39,163,40,59
199,63,47,163,42,64
199,63,55,165,43,70
199,63,63,166,44,76
199,63,71,166,45,83
199,63,79,167,45,90
199,63,87,168,45,98
199,63,95,169,46,108
199,63,103,169,46,118
199,63,111,169,46,129
199,63,119,168,46,141
199,63,127,167,47,153
199,63,135,165,48,166
199,63,143,162,51,180
199,63,151,158,54,194
199,63,159,154,57,208
199,63,167,150,61,220
199,63,175,145,64,230
199,63,183,141,67,237
199,63,191,137,70,242
199,63,199,134,73,244
199,63,207,131,75,246
199,63,215,129,76,248
199,63,223,127,77,249
199,63,231,126,78,251
199,63,239,125,78,252
199,63,247,124,77,253
199,63,255,124,77,254
199,71,0,156,41,28
199,71,7,157,42,33
199,71,15,158,43,39
199,71,23,160,45,46
199,71,31,161,46,52
199,71,39,162,47,58
199,71,47,163,49,63
199,71,55,164,50,69
199,71,63,165,51,75
199,71,71,166,52,81
199,71,79,166,53,88
199,71,87,167,53,96
199,71,95,167,53,104
199,71,103,168,54,113
199,71,111,168,54,124
199,71,119,167,54,135
199,71,127,166,54,147
199,71,135,165,55,160
199,71,143,163,57,173
199,71,151,160,59,188
199,71,159,156,61,202
199,71,167,152,64,216
199,71,175,147,68,229
199,71,183,143,70,236
199,71,191,139,73,242
199,71,199,135,76,245
199,71,207,132,78,247
199,71,215,130,79,248
199,71,223,128,80,250
199,71,231,127,80,251
199,71,239,126,80,253
199,71,247,126,80,254
199,71,255,125,79,254
199,79,0,156,48,28
199,79,7,157,50,33
199,79,15,158,51,39
199,79,23,160,52,47
199,79,31,160,54,52
199,79,39,161,55,57
199,79,47,162,56,63
199,79,55,163,57,68
199,79,63,164,58,73
199,79,71,165,59,79
199,79,79,165,60,86
199,79,87,166,61,93
199,79,95,167,61,101
199,79,103,167,61,110
199,79,111,167,61,119
199,79,119,167,61,129
199,79,127,166,61,141
199,79,135,165,62,153
199,79,143,164,63,165
199,79,151,161,64,180
199,79,159,158,67,196
199,79,167,154,69,211
199,79,175,150,71,225
199,79,183,145,74,236
199,79,191,141,76,242
199,79,199,138,78,245
199,79,207,134,80,247
199,79,215,132,81,249
199,79,223,130,82,250
199,79,231,128,83,252
199,79,239,127,83,253
199,79,247,127,83,254
199,79,255,126,82,254
199,87,0,156,56,28
199,87,7,157,57,33
199,87,15,158,59,38
199,87,23,159,60,46
199,87,31,160,61,52
199,87,39,161,63,57
199,87,47,162,64,62
199,87,55,163,65,67
199,87,63,163,66,72
199,87,71,164,67,78
199,87,79,165,68,84
199,87,87,165,68,91
199,87,95,166,69,98
199,87,103,166,69,106
199,87,111,166,69,115
199,87,119,166,69,124
199,87,127,166,69,135
199,87,135,165,69,146
199,87,143,164,70,159
199,87,151,162,71,173
199,87,159,160,72,188
199,87,167,156,74,204
199,87,175,152,76,220
199,87,183,148,78,234
199,87,191,144,80,241
199,87,199,140,82,246
199,87,207,137,83,247
199,87,215,134,84,249
199,87,223,131,85,250
199,87,231,130,85,252
199,87,239,128,85,253
199,87,247,127,86,254
199,87,255,127,85,254
199,95,0,156,65,29
199,95,7,157,65,33
199,95,15,158,66,38
199,95,23,159,68,45
199,95,31,160,69,52
199,95,39,161,70,57
199,95,47,162,72,62
199,95,55,162,73,67
199,95,63,163,74,72
199,95,71,164,75,77
199,95,79,164,75,83
199,95,87,165,76,89
199,95,95,165,76,96
199,95,103,165,76,103
199,95,111,166,76,111
199,95,119,165,76,120
199,95,127,165,76,130
199,95,135,165,77,140
199,95,143,164,77,152
199,95,151,163,77,165
199,95,159,161,78,180
199,95,167,158,79,197
199,95,175,155,81,213
199,95,183,150,82,227
199,95,191,146,84,239
199,95,199,142,85,245
199,95,207,138,87,248
199,95,215,135,87,249
199,95,223,133,88,251
199,95,231,131,88,252
199,95,239,130,88,253
199,95,247,129,88,254
199,95,255,128,88,254
199,103,0,157,73,30
199,103,7,158,74,33
199,103,15,158,75,38
199,103,23,159,76,44
199,103,31,160,77,52
199,103,39,161,78,57
199,103,47,162,79,61
199,103,55,162,80,66
199,103,63,163,81,71
199,103,71,163,82,76
199,103,79,164,83,82
199,103,87,164,83,88
199,103,95,165,84,94
199,103,103,165,84,101
199,103,111,165,84,108
199,103,119,165,84,116
199,103,127,165,84,125
199,103,135,165,84,135
199,103,143,164,84,146
199,103,151,163,84,159
199,103,159,162,84,173
199,103,167,160,85,188
199,103,175,157,86,206
199,103,183,153,87,221
199,103,191,149,88,235
199,103,199,145,89,243
199,103,207,140,90,249
199,103,215,137,91,250
199,103,223,135,91,251
199,103,231,133,92,252
199,103,239,131,92,253
199,103,247,130,91,253
199,103,255,129,91,253
199,111,0,158,82,30
199,111,7,158,82,34
199,111,15,159,83,38
199,111,23,159,84,44
199,111,31,160,85,51
199,111,39,161,86,57
199,111,47,162,87,61
199,111,55,162,88,66
199,111,63,163,89,71
199,111,71,164,90,76
199,111,79,164,90,81
199,111,87,165,90,87
199,111,95,165,91,93
199,111,103,165,91,99
199,111,111,165,91,106
199,111,119,165,91,113
199,111,127,165,91,121
199,111,135,164,91,130
199,111,143,164,91,140
199,111,151,164,91,152
199,111,159,163,91,165
199,111,167,162,91,181
199,111,175,159,92,198
199,111,183,156,93,215
199,111,191,151,93,229
199,111,199,147,94,241
199,111,207,143,94,247
199,111,215,139,95,251
199,111,223,137,95,252
199,111,231,135,95,253
199,111,239,133,95,253
199,111,247,131,95,254
199,111,255,129,94,253
199,119,0,158,90,31
199,119,7,159,90,35
199,119,15,159,91,39
199,119,23,160,92,44
199,119,31,161,92,50
199,119,39,161,93,57
199,119,47,162,94,62
199,119,55,163,95,66
199,119,63,163,96,70
199,119,71,164,97,75
199,119,79,164,97,80
199,119,87,165,97,86
199,119,95,165,98,92
199,119,103,165,98,98
199,119,111,165,98,104
199,119,119,165,97,111
199,119,127,165,97,119
199,119,135,164,97,127
199,119,143,164,97,136
199,119,151,164,97,146
199,119,159,163,97,159
199,119,167,162,97,173
199,119,175,161,98,189
199,119,183,158,98,207
199,119,191,154,98,223
199,119,199,150,98,236
199,119,207,146,99,245
199,119,215,142,99,250
199,119,223,139,99,252
199,119,231,136,99,253
199,119,239,134,98,254
199,119,247,133,98,254
199,119,255,131,98,253
199,127,0,158,98,32
199,127,7,159,98,36
199,127,15,160,99,41
199,127,23,160,99,46
199,127,31,161,100,50
199,127,39,162,101,56
199,127,47,162,102,62
199,127,55,163,102,66
199,127,63,164,103,70
199,127,71,164,104,75
199,127,79,165,104,80
199,127,87,165,104,85
199,127,95,166,104,91
199,127,103,165,104,97
199,127,111,165,104,103
199,127,119,165,104,109
199,127,127,165,104,116
199,127,135,164,104,124
199,127,143,164,104,132
199,127,151,164,104,142
199,127,159,164,104,153
199,127,167,163,104,166
199,127,175,162,104,182
199,127,183,160,104,199
199,127,191,156,104,216
199,127,199,152,104,230
199,127,207,148,103,243
199,127,215,144,103,248
199,127,223,141,103,252
199,127,231,138,102,253
199,127,239,136,102,254
199,127,247,134,101,254
199,127,255,131,101,253
199,135,0,159,105,33
199,135,7,159,105,37
199,135,15,160,106,41
199,135,23,161,107,47
199,135,31,161,107,51
199,135,39,162,108,56
199,135,47,163,109,62
199,135,55,164,110,66
199,135,63,164,110,70
199,135,71,165,111,75
199,135,79,165,111,80
199,135,87,166,111,85
199,135,95,166,111,90
199,135,103,166,111,96
199,135,111,166,111,102
199,135,119,165,111,108
199,135,127,165,110,115
199,135,135,165,110,122
199,135,143,164,110,130
199,135,151,164,110,138
199,135,159,164,110,148
199,135,167,164,110,160
199,135,175,163,110,175
199,135,183,161,110,191
199,135,191,159,109,209
199,135,199,155,109,225
199,135,207,151,108,238
199,135,215,147,108,247
199,135,223,143,107,251
199,135,231,140,107,253
199,135,239,138,106,254
199,135,247,136,105,254
199,135,255,134,105,253
199,143,0,159,112,33
199,143,7,160,113,37
199,143,15,160,113,41
199,143,23,161,114,46
199,143,31,162,115,52
199,143,39,162,115,56
199,143,47,163,116,61
199,143,55,164,117,66
199,143,63,165,117,71
199,143,71,165,118,75
199,143,79,166,118,80
199,143,87,166,118,85
199,143,95,166,118,90
199,143,103,167,118,96
199,143,111,166,118,101
199,143,119,166,117,107
199,143,127,166,117,114
199,143,135,165,117,120
199,143,143,165,117,127
199,143,151,164,116,135
199,143,159,165,116,144
199,143,167,165,117,154
199,143,175,164,117,168
199,143,183,163,116,184
199,143,191,161,116,201
199,143,199,157,115,218
199,143,207,154,114,232
199,143,215,150,113,242
199,143,223,146,112,248
199,143,231,143,111,252
199,143,239,140,110,254
199,143,247,138,109,255
199,143,255,136,108,254
199,151,0,159,119,34
199,151,7,160,120,37
199,151,15,160,120,41
199,151,23,161,121,46
199,151,31,162,122,52
199,151,39,163,122,57
199,151,47,164,123,61
199,151,55,165,124,66
199,151,63,165,125,71
199,151,71,166,125,75
199,151,79,167,125,80
199,151,87,167,125,85
199,151,95,167,125,91
199,151,103,167,125,96
199,151,111,167,125,101
199,151,119,167,125,107
199,151,127,166,124,113
199,151,135,166,124,119
199,151,143,166,124,126
199,151,151,165,124,133
199,151,159,165,124,141
199,151,167,166,124,151
199,151,175,166,124,163
199,151,183,165,123,176
199,151,191,163,123,193
199,151,199,160,122,210
199,151,207,157,121,226
199,151,215,153,119,237
199,151,223,149,118,245
199,151,231,145,116,250
199,151,239,142,115,254
199,151,247,140,114,254
199,151,255,138,112,255
199,159,0,159,127,34
199,159,7,160,127,36
199,159,15,160,128,40
199,159,23,161,128,44
199,159,31,162,129,50
199,159,39,163,130,58
199,159,47,164,131,62
199,159,55,165,132,66
199,159,63,166,133,71
199,159,71,166,133,75
199,159,79,167,133,80
199,159,87,167,133,85
199,159,95,168,133,91
199,159,103,168,133,96
199,159,111,168,133,101
199,159,119,168,133,106
199,159,127,167,132,112
199,159,135,167,132,118
199,159,143,167,132,125
199,159,151,166,131,131
199,159,159,166,131,139
199,159,167,166,131,148
199,159,175,167,131,158
199,159,183,167,131,171
199,159,191,166,131,186
199,159,199,163,130,202
199,159,207,160,128,218
199,159,215,156,127,232
199,159,223,152,125,241
199,159,231,148,123,248
199,159,239,145,121,252
199,159,247,142,119,255
199,159,255,139,117,255
199,167,0,159,135,35
199,167,7,159,135,38
199,167,15,160,136,41
199,167,23,161,136,44
199,167,31,161,137,50
199,167,39,162,138,56
199,167,47,164,139,62
199,167,55,164,140,66
199,167,63,165,141,71
199,167,71,166,141,75
199,167,79,167,142,80
199,167,87,168,142,86
199,167,95,168,142,91
199,167,103,169,142,96
199,167,111,169,142,101
199,167,119,169,141,106
199,167,127,168,141,112
199,167,135,168,141,118
199,167,143,168,140,124
199,167,151,167,140,130
199,167,159,168,140,137
199,167,167,168,140,145
199,167,175,168,140,154
199,167,183,168,140,165
199,167,191,167,139,180
199,167,199,166,138,195
199,167,207,163,137,211
199,167,215,159,135,225
199,167,223,155,132,237
199,167,231,151,130,245
199,167,239,148,127,251
199,167,247,144,125,254
199,167,255,141,122,255
199,175,0,158,143,37
199,175,7,159,143,40
199,175,15,159,144,44
199,175,23,160,145,47
199,175,31,161,145,51
199,175,39,162,146,56
199,175,47,163,147,61
199,175,55,164,148,66
199,175,63,165,149,71
199,175,71,166,150,75
199,175,79,167,151,80
199,175,87,168,151,86
199,175,95,169,151,91
199,175,103,169,151,96
199,175,111,169,151,101
199,175,119,169,151,106
199,175,127,169,150,112
199,175,135,169,150,117
199,175,143,169,150,123
199,175,151,169,149,129
199,175,159,169,149,136
199,175,167,169,149,143
199,175,175,170,149,151
199,175,183,170,149,161
199,175,191,170,148,173
199,175,199,169,147,188
199,175,207,166,146,204
199,175,215,163,144,219
199,175,223,159,141,231
199,175,231,155,138,242
199,175,239,151,134,249
199,175,247,147,131,253
199,175,255,144,128,255
199,183,0,157,150,37
199,183,7,158,151,40
199,183,15,158,152,44
199,183,23,159,153,48
199,183,31,160,154,52
199,183,39,161,155,56
199,183,47,162,156,61
199,183,55,164,157,66
199,183,63,165,158,71
199,183,71,166,159,75
199,183,79,167,160,80
199,183,87,168,161,86
199,183,95,169,161,91
199,183,103,169,161,96
199,183,111,170,161,101
199,183,119,170,161,107
199,183,127,170,160,112
199,183,135,170,160,117
199,183,143,170,160,123
199,183,151,170,159,129
199,183,159,170,159,135
199,183,167,170,159,142
199,183,175,171,159,149
199,183,183,171,159,158
199,183,191,172,158,169
199,183,199,171,157,182
199,183,207,169,156,197
199,183,215,167,154,212
199,183,223,163,151,225
199,183,231,159,147,237
199,183,239,155,143,246
199,183,247,151,139,253
199,183,255,147,136,254
199,191,0,156,159,37
199,191,7,156,160,40
199,191,15,157,160,43
199,191,23,158,162,47
199,191,31,159,163,53
199,191,39,160,164,57
199,191,47,161,166,61
199,191,55,163,167,66
199,191,63,164,168,71
199,191,71,166,169,75
199,191,79,167,170,80
199,191,87,168,171,86
199,191,95,169,171,91
199,191,103,170,172,96
199,191,111,170,172,101
199,191,119,171,171,107
199,191,127,171,171,112
199,191,135,171,171,117
199,191,143,171,171,123
199,191,151,171,170,129
199,191,159,171,170,135
199,191,167,172,170,141
199,191,175,172,170,148
199,191,183,173,169,155
199,191,191,173,169,165
199,191,199,172,168,177
199,191,207,172,167,191
199,191,215,170,165,206
199,191,223,167,162,220
199,191,231,163,158,232
199,191,239,159,153,243
199,191,247,155,149,250
199,191,255,151,144,254
199,199,0,154,169,37
199,199,7,155,170,40
199,199,15,155,171,43
199,199,23,156,172,47
199,199,31,158,173,52
199,199,39,159,175,58
199,199,47,160,176,62
199,199,55,162,177,66
199,199,63,163,179,71
199,199,71,165,180,75
199,199,79,166,181,80
199,199,87,168,182,86
199,199,95,169,182,91
199,199,103,169,182,96
199,199,111,170,183,102
199,199,119,171,183,107
199,199,127,171,183,112
199,199,135,171,183,117
199,199,143,172,182,123
199,199,151,172,182,129
199,199,159,172,182,135
199,199,167,173,182,141
199,199,175,173,182,147
199,199,183,174,181,154
199,199,191,174,181,162
199,199,199,174,180,172
199,199,207,174,179,185
199,199,215,172,177,200
199,199,223,170,174,214
199,199,231,167,170,228
199,199,239,163,165,239
199,199,247,159,160,249
199,199,255,155,155,253
199,207,0,153,180,38
199,207,7,153,181,40
199,207,15,154,182,43
199,207,23,155,182,46
199,207,31,156,184,51
199,207,39,157,185,56
199,207,47,159,187,63
199,207,55,161,188,66
199,207,63,162,189,71
199,207,71,164,191,75
199,207,79,165,192,80
199,207,87,167,193,86
199,207,95,168,194,91
199,207,103,169,195,96
199,207,111,170,195,102
199,207,119,170,195,107
199,207,127,171,195,112
199,207,135,171,195,118
199,207,143,172,195,123
199,207,151,172,194,129
199,207,159,173,194,135
199,207,167,173,195,141
199,207,175,174,195,147
199,207,183,174,194,154
199,207,191,175,194,161
199,207,199,175,194,170
199,207,207,176,193,181
199,207,215,175,191,194
199,207,223,174,188,209
199,207,231,171,184,223
199,207,239,168,180,236
199,207,247,164,174,247
199,207,255,160,168,253
199,215,0,150,192,40
199,215,7,151,193,42
199,215,15,152,194,44
199,215,23,152,194,47
199,215,31,154,195,51
199,215,39,155,197,55
199,215,47,157,198,61
199,215,55,159,200,66
199,215,63,160,201,71
199,215,71,162,203,75
199,215,79,164,204,80
199,215,87,165,205,85
199,215,95,167,206,91
199,215,103,168,207,96
199,215,111,169,207,102
199,215,119,170,207,107
199,215,127,171,208,112
199,215,135,172,208,118
199,215,143,172,208,123
199,215,151,173,208,129
199,215,159,173,208,135
199,215,167,174,208,141
199,215,175,174,208,147
199,215,183,175,207,153
199,215,191,175,207,160
199,215,199,176,207,168
199,215,207,176,207,179
199,215,215,177,206,191
199,215,223,176,204,205
199,215,231,175,200,219
199,215,239,172,195,233
199,215,247,168,190,244
199,215,255,165,184,252
199,223,0,147,203,39
199,223,7,148,204,42
199,223,15,149,205,45
199,223,23,150,206,48
199,223,31,151,207,51
199,223,39,153,208,55
199,223,47,154,209,60
199,223,55,156,211,65
199,223,63,158,212,70
199,223,71,160,214,75
199,223,79,162,215,80
199,223,87,164,217,85
199,223,95,165,218,90
199,223,103,167,219,96
199,223,111,168,219,101
199,223,119,169,220,107
199,223,127,170,220,112
199,223,135,171,220,118
199,223,143,172,220,123
199,223,151,173,220,129
199,223,159,173,220,135
199,223,167,174,220,141
199,223,175,174,220,147
199,223,183,175,220,153
199,223,191,175,220,160
199,223,199,176,220,168
199,223,207,177,220,177
199,223,215,178,220,189
199,223,223,178,219,201
199,223,231,176,216,215
199,223,239,175,212,229
199,223,247,172,206,243
199,223,255,169,201,251
199,231,0,144,214,38
199,231,7,145,215,40
199,231,15,146,216,43
199,231,23,147,217,47
199,231,31,149,218,53
199,231,39,150,219,56
199,231,47,152,220,60
199,231,55,153,222,64
199,231,63,156,223,69
199,231,71,158,225,74
199,231,79,160,226,79
199,231,87,162,227,84
199,231,95,163,229,90
199,231,103,165,230,95
199,231,111,167,231,101
199,231,119,168,231,106
199,231,127,169,231,112
199,231,135,170,232,117
199,231,143,171,232,123
199,231,151,172,232,128
199,231,159,173,232,134
199,231,167,174,232,140
199,231,175,174,232,146
199,231,183,175,232,153
199,231,191,175,232,159
199,231,199,176,232,167
199,231,207,177,233,176
199,231,215,178,233,187
199,231,223,178,233,198
199,231,231,178,231,211
199,231,239,177,228,227
199,231,247,175,224,240
199,231,255,173,219,252
199,239,0,141,224,38
199,239,7,142,225,40
199,239,15,142,225,42
199,239,23,144,226,46
199,239,31,145,227,50
199,239,39,147,229,56
199,239,47,149,230,60
199,239,55,150,231,64
199,239,63,153,233,68
199,239,71,155,235,73
199,239,79,157,236,78
199,239,87,159,238,83
199,239,95,162,239,89
199,239,103,163,240,94
199,239,111,165,241,100
199,239,119,167,242,105
199,239,127,168,242,111
199,239,135,170,243,117
199,239,143,171,243,122
199,239,151,172,243,128
199,239,159,173,243,134
199,239,167,173,243,140
199,239,175,174,243,146
199,239,183,174,243,152
199,239,191,174,243,159
199,239,199,175,243,166
199,239,207,176,244,175
199,239,215,177,244,185
199,239,223,178,244,196
199,239,231,178,244,208
199,239,239,178,242,222
199,239,247,177,239,237
199,239,255,176,235,248
199,247,0,137,233,38
199,247,7,138,234,40
199,247,15,139,234,42
199,247,23,140,235,45
199,247,31,141,236,49
199,247,39,143,237,53
199,247,47,145,239,59
199,247,55,147,240,63
199,247,63,149,242,67
199,247,71,152,243,71
199,247,79,154,245,76
199,247,87,157,246,82
199,247,95,159,247,88
199,247,103,162,248,94
199,247,111,163,249,99
199,247,119,165,250,105
199,247,127,167,251,111
199,247,135,169,251,116
199,247,143,170,251,122
199,247,151,171,251,128
199,247,159,172,251,133
199,247,167,173,251,139
199,247,175,173,251,145
199,247,183,173,251,151
199,247,191,174,251,158
199,247,199,174,251,165
199,247,207,175,251,173
199,247,215,176,252,182
199,247,223,177,252,193
199,247,231,177,252,205
199,247,239,178,252,219
199,247,247,178,251,234
199,247,255,177,249,246
199,255,0,134,242,40
199,255,7,135,243,41
199,255,15,136,243,43
199,255,23,137,244,45
199,255,31,138,245,48
199,255,39,140,246,52
199,255,47,142,247,56
199,255,55,144,248,62
199,255,63,146,249,66
199,255,71,148,250,70
199,255,79,151,251,74
199,255,87,153,252,79
199,255,95,156,253,85
199,255,103,159,253,92
199,255,111,161,253,98
199,255,119,164,254,104
199,255,127,166,254,110
199,255,135,167,254,115
199,255,143,169,254,121
199,255,151,170,255,127
199,255,159,171,255,133
199,255,167,172,255,139
199,255,175,173,254,145
199,255,183,173,254,151
199,255,191,173,254,158
199,255,199,174,254,165
199,255,207,174,254,173
199,255,215,175,254,181
199,255,223,176,254,191
199,255,231,177,255,203
199,255,239,178,255,216
199,255,247,178,254,230
199,255,255,178,254,243
207,0,0,169,2,29
207,0,7,171,3,35
207,0,15,174,3,42
207,0,23,175,3,48
207,0,31,177,4,55
207,0,39,179,4,62
207,0,47,181,4,70
207,0,55,182,4,78
207,0,63,184,4,87
207,0,71,185,4,97
207,0,79,186,4,108
207,0,87,186,4,121
207,0,95,186,4,134
207,0,103,185,5,149
207,0,111,183,7,165
207,0,119,180,9,180
207,0,127,176,12,195
207,0,135,172,15,207
207,0,143,166,18,217
207,0,151,161,22,225
207,0,159,155,27,230
207,0,167,150,31,234
207,0,175,146,36,237
207,0,183,141,39,240
207,0,191,138,42,241
207,0,199,134,45,243
207,0,207,132,48,244
207,0,215,130,50,246
207,0,223,129,49,249
207,0,231,129,48,251
207,0,239,128,47,253
207,0,247,127,47,254
207,0,255,127,47,255
207,7,0,169,3,29
207,7,7,171,4,35
207,7,15,173,4,42
207,7,23,175,4,48
207,7,31,177,5,55
207,7,39,179,5,62
207,7,47,180,5,69
207,7,55,182,6,78
207,7,63,183,6,86
207,7,71,185,6,96
207,7,79,185,6,107
207,7,87,186,6,119
207,7,95,186,6,133
207,7,103,184,6,147
207,7,111,183,8,163
207,7,119,180,10,178
207,7,127,176,13,192
207,7,135,172,17,205
207,7,143,167,20,215
207,7,151,161,25,224
207,7,159,156,29,229
207,7,167,151,34,234
207,7,175,146,38,237
207,7,183,142,41,239
207,7,191,138,44,241
207,7,199,135,47,243
207,7,207,132,50,244
207,7,215,130,53,246
207,7,223,129,53,249
207,7,231,129,52,251
207,7,239,128,51,253
207,7,247,128,50,254
207,7,255,127,50,255
207,15,0,168,4,28
207,15,7,170,5,35
207,15,15,173,5,42
207,15,23,174,6,48
207,15,31,176,6,55
207,15,39,178,7,62
207,15,47,180,7,69
207,15,55,181,8,77
207,15,63,183,8,86
207,15,71,184,8,95
207,15,79,185,8,106
207,15,87,185,8,118
207,15,95,185,8,131
207,15,103,184,9,145
207,15,111,182,10,160
207,15,119,180,12,175
207,15,127,176,15,190
207,15,135,172,19,202
207,15,143,167,23,213
207,15,151,162,27,222
207,15,159,156,32,228
207,15,167,151,36,233
207,15,175,147,40,236
207,15,183,142,44,239
207,15,191,138,47,241
207,15,199,135,49,243
207,15,207,133,52,244
207,15,215,131,55,246
207,15,223,129,57,248
207,15,231,129,56,251
207,15,239,128,54,253
207,15,247,128,53,254
207,15,255,128,53,255
207,23,0,168,6,28
207,23,7,170,7,35
207,23,15,172,7,42
207,23,23,174,8,48
207,23,31,175,9,55
207,23,39,177,10,62
207,23,47,179,10,68
207,23,55,180,11,76
207,23,63,182,11,84
207,23,71,183,11,93
207,23,79,184,11,104
207,23,87,184,12,115
207,23,95,184,12,128
207,23,103,183,13,142
207,23,111,182,14,156
207,23,119,180,16,171
207,23,127,176,19,186
207,23,135,172,23,199
207,23,143,167,27,210
207,23,151,162,31,219
207,23,159,157,36,226
207,23,167,152,40,232
207,23,175,147,44,236
207,23,183,143,47,239
207,23,191,139,50,241
207,23,199,136,53,243
207,23,207,133,55,245
207,23,215,131,58,246
207,23,223,130,60,248
207,23,231,129,61,250
207,23,239,129,59,252
207,23,247,128,58,254
207,23,255,128,57,255
207,31,0,167,9,28
207,31,7,168,10,34
207,31,15,171,11,41
207,31,23,172,12,48
207,31,31,174,12,54
207,31,39,176,13,61
207,31,47,177,14,68
207,31,55,179,15,75
207,31,63,180,15,83
207,31,71,181,16,91
207,31,79,182,16,101
207,31,87,183,16,112
207,31,95,183,17,124
207,31,103,183,17,137
207,31,111,181,18,152
207,31,119,179,20,166
207,31,127,176,23,181
207,31,135,172,26,194
207,31,143,168,31,206
207,31,151,163,36,216
207,31,159,158,40,223
207,31,167,152,45,230
207,31,175,148,48,235
207,31,183,143,52,239
207,31,191,140,55,241
207,31,199,136,57,243
207,31,207,134,59,245
207,31,215,132,62,246
207,31,223,131,63,248
207,31,231,130,64,250
207,31,239,129,65,252
207,31,247,129,64,254
207,31,255,128,62,255
207,39,0,165,13,28
207,39,7,167,14,34
207,39,15,169,15,41
207,39,23,171,16,47
207,39,31,173,17,54
207,39,39,174,19,60
207,39,47,176,20,67
207,39,55,177,20,73
207,39,63,179,21,81
207,39,71,180,22,89
207,39,79,181,22,98
207,39,87,182,22,108
207,39,95,182,23,120
207,39,103,182,23,132
207,39,111,181,24,146
207,39,119,179,26,160
207,39,127,176,28,174
207,39,135,173,31,188
207,39,143,169,35,201
207,39,151,164,39,211
207,39,159,159,44,220
207,39,167,153,49,228
207,39,175,148,54,233
207,39,183,144,57,238
207,39,191,140,60,241
207,39,199,137,62,244
207,39,207,135,64,245
207,39,215,133,66,247
207,39,223,132,67,248
207,39,231,131,68,250
207,39,239,130,69,252
207,39,247,129,69,253
207,39,255,129,68,255
207,47,0,164,18,28
207,47,7,166,20,34
207,47,15,168,21,40
207,47,23,170,22,47
207,47,31,171,24,53
207,47,39,173,25,60
207,47,47,174,26,66
207,47,55,175,28,72
207,47,63,177,29,79
207,47,71,178,29,86
207,47,79,179,30,95
207,47,87,180,30,105
207,47,95,180,30,115
207,47,103,180,31,127
207,47,111,180,31,140
207,47,119,178,32,154
207,47,127,176,34,167
207,47,135,173,36,181
207,47,143,169,40,194
207,47,151,165,44,206
207,47,159,160,48,217
207,47,167,155,53,225
207,47,175,150,57,232
207,47,183,145,61,237
207,47,191,141,65,241
207,47,199,138,67,244
207,47,207,136,68,246
207,47,215,134,70,247
207,47,223,133,71,249
207,47,231,132,71,251
207,47,239,131,72,252
207,47,247,130,72,253
207,47,255,130,72,254
207,55,0,164,25,28
207,55,7,165,26,34
207,55,15,167,27,40
207,55,23,169,29,47
207,55,31,170,30,53
207,55,39,172,32,59
207,55,47,173,33,65
207,55,55,174,34,71
207,55,63,176,35,78
207,55,71,177,36,85
207,55,79,178,37,93
207,55,87,178,37,101
207,55,95,179,38,111
207,55,103,179,38,122
207,55,111,178,39,134
207,55,119,177,39,146
207,55,127,176,40,160
207,55,135,173,42,174
207,55,143,170,45,187
207,55,151,166,48,201
207,55,159,161,52,213
207,55,167,156,56,223
207,55,175,151,60,231
207,55,183,147,64,237
207,55,191,143,67,241
207,55,199,139,70,244
207,55,207,136,73,246
207,55,215,135,74,248
207,55,223,133,75,249
207,55,231,132,75,251
207,55,239,132,75,252
207,55,247,132,75,253
207,55,255,131,74,254
207,63,0,163,32,28
207,63,7,164,33,33
207,63,15,166,35,39
207,63,23,168,36,47
207,63,31,169,38,53
207,63,39,171,39,59
207,63,47,172,41,64
207,63,55,173,42,70
207,63,63,174,43,76
207,63,71,175,44,83
207,63,79,176,44,90
207,63,87,177,45,99
207,63,95,178,45,108
207,63,103,178,45,118
207,63,111,178,46,129
207,63,119,177,46,141
207,63,127,175,47,153
207,63,135,173,48,167
207,63,143,170,51,180
207,63,151,167,53,194
207,63,159,163,57,208
207,63,167,158,60,220
207,63,175,153,64,230
207,63,183,149,67,236
207,63,191,144,70,241
207,63,199,141,73,244
207,63,207,138,75,246
207,63,215,136,76,248
207,63,223,134,78,249
207,63,231,133,78,251
207,63,239,132,78,252
207,63,247,132,77,253
207,63,255,132,77,254
207,71,0,163,39,29
207,71,7,164,41,33
207,71,15,165,42,39
207,71,23,167,44,47
207,71,31,168,45,53
207,71,39,170,47,58
207,71,47,171,48,64
207,71,55,172,50,69
207,71,63,173,51,75
207,71,71,174,52,81
207,71,79,175,52,88
207,71,87,176,53,96
207,71,95,176,53,105
207,71,103,177,53,114
207,71,111,177,53,124
207,71,119,176,53,135
207,71,127,175,54,147
207,71,135,174,55,160
207,71,143,172,56,173
207,71,151,168,58,188
207,71,159,164,61,202
207,71,167,160,64,216
207,71,175,155,67,227
207,71,183,150,71,236
207,71,191,146,73,241
207,71,199,143,75,244
207,71,207,140,77,246
207,71,215,138,79,248
207,71,223,136,80,250
207,71,231,134,80,251
207,71,239,133,80,253
207,71,247,132,80,254
207,71,255,133,80,254
207,79,0,163,47,29
207,79,7,164,48,33
207,79,15,165,49,39
207,79,23,167,51,46
207,79,31,168,53,52
207,79,39,169,54,58
207,79,47,170,56,64
207,79,55,171,57,68
207,79,63,172,58,74
207,79,71,173,59,80
207,79,79,174,60,87
207,79,87,175,60,94
207,79,95,175,61,102
207,79,103,175,61,110
207,79,111,175,61,119
207,79,119,175,61,130
207,79,127,175,61,141
207,79,135,174,62,153
207,79,143,172,63,166
207,79,151,169,64,181
207,79,159,166,66,195
207,79,167,162,69,211
207,79,175,157,71,223
207,79,183,153,74,234
207,79,191,148,76,240
207,79,199,144,79,245
207,79,207,141,80,247
207,79,215,139,82,248
207,79,223,137,82,250
207,79,231,135,83,252
207,79,239,135,83,253
207,79,247,134,83,254
207,79,255,134,82,254
207,87,0,163,55,29
207,87,7,164,56,33
207,87,15,165,57,38
207,87,23,166,59,45
207,87,31,168,60,53
207,87,39,169,62,58
207,87,47,170,63,63
207,87,55,170,64,68
207,87,63,171,66,73
207,87,71,172,67,79
207,87,79,173,67,85
207,87,87,174,68,92
207,87,95,174,68,99
207,87,103,175,69,107
207,87,111,175,69,115
207,87,119,175,69,125
207,87,127,174,69,135
207,87,135,173,69,147
207,87,143,172,69,159
207,87,151,171,70,173
207,87,159,168,72,187
207,87,167,164,74,203
207,87,175,160,76,218
207,87,183,155,78,231
207,87,191,151,80,239
207,87,199,147,82,245
207,87,207,143,83,247
207,87,215,140,84,249
207,87,223,138,85,250
207,87,231,136,86,252
207,87,239,136,86,253
207,87,247,135,86,254
207,87,255,135,85,254
207,95,0,164,63,30
207,95,7,164,64,34
207,95,15,165,65,38
207,95,23,166,66,44
207,95,31,168,68,52
207,95,39,169,69,58
207,95,47,169,71,62
207,95,55,170,72,67
207,95,63,171,73,72
207,95,71,172,74,78
207,95,79,172,75,84
207,95,87,173,76,90
207,95,95,173,76,97
207,95,103,174,76,104
207,95,111,174,76,112
207,95,119,174,76,121
207,95,127,173,76,130
207,95,135,173,76,141
207,95,143,172,76,153
207,95,151,171,77,166
207,95,159,169,78,180
207,95,167,166,79,196
207,95,175,162,81,212
207,95,183,158,82,226
207,95,191,153,84,238
207,95,199,149,85,244
207,95,207,145,87,248
207,95,215,142,88,250
207,95,223,140,88,251
207,95,231,138,89,252
207,95,239,136,89,253
207,95,247,135,89,254
207,95,255,135,89,254
207,103,0,164,71,31
207,103,7,165,72,35
207,103,15,166,73,39
207,103,23,166,74,44
207,103,31,167,76,51
207,103,39,168,77,58
207,103,47,169,78,62
207,103,55,170,80,67
207,103,63,171,81,72
207,103,71,171,82,77
207,103,79,172,82,82
207,103,87,173,83,88
207,103,95,173,83,95
207,103,103,173,83,102
207,103,111,174,84,109
207,103,119,173,84,117
207,103,127,173,83,126
207,103,135,173,84,136
207,103,143,172,84,147
207,103,151,171,84,159
207,103,159,170,84,173
207,103,167,168,85,188
207,103,175,165,86,205
207,103,183,161,87,221
207,103,191,156,88,233
207,103,199,151,90,243
207,103,207,147,90,248
207,103,215,144,91,251
207,103,223,141,92,251
207,103,231,140,92,252
207,103,239,138,92,253
207,103,247,137,92,254
207,103,255,136,92,253
207,111,0,165,80,31
207,111,7,165,80,35
207,111,15,166,81,40
207,111,23,167,82,45
207,111,31,168,83,51
207,111,39,169,85,58
207,111,47,169,86,62
207,111,55,170,87,67
207,111,63,171,88,72
207,111,71,171,89,76
207,111,79,172,90,82
207,111,87,173,90,87
207,111,95,173,90,93
207,111,103,173,91,100
207,111,111,173,91,107
207,111,119,173,91,114
207,111,127,173,90,122
207,111,135,173,90,131
207,111,143,172,90,141
207,111,151,172,90,152
207,111,159,171,91,166
207,111,167,169,91,181
207,111,175,167,92,197
207,111,183,163,93,214
207,111,191,159,93,228
207,111,199,154,94,240
207,111,207,150,94,246
207,111,215,146,95,251
207,111,223,143,95,252
207,111,231,141,95,253
207,111,239,139,95,253
207,111,247,137,95,254
207,111,255,136,95,253
207,119,0,165,88,32
207,119,7,166,89,36
207,119,15,166,89,41
207,119,23,167,90,46
207,119,31,168,91,51
207,119,39,169,92,57
207,119,47,169,93,63
207,119,55,170,94,67
207,119,63,171,95,71
207,119,71,172,96,76
207,119,79,172,97,81
207,119,87,173,97,87
207,119,95,173,97,92
207,119,103,173,97,98
207,119,111,173,97,105
207,119,119,173,97,112
207,119,127,173,97,119
207,119,135,172,97,128
207,119,143,172,97,137
207,119,151,172,97,147
207,119,159,171,97,159
207,119,167,171,97,173
207,119,175,169,97,190
207,119,183,165,98,206
207,119,191,161,98,223
207,119,199,157,99,235
207,119,207,152,99,246
207,119,215,148,99,249
207,119,223,145,99,252
207,119,231,143,99,253
207,119,239,141,99,254
207,119,247,139,99,254
207,119,255,137,98,253
207,127,0,166,96,32
207,127,7,166,96,36
207,127,15,167,97,41
207,127,23,168,98,47
207,127,31,168,98,51
207,127,39,169,99,57
207,127,47,170,101,63
207,127,55,171,101,67
207,127,63,171,102,71
207,127,71,172,103,76
207,127,79,173,103,81
207,127,87,173,104,86
207,127,95,173,104,92
207,127,103,173,104,97
207,127,111,173,104,103
207,127,119,173,104,110
207,127,127,173,104,117
207,127,135,172,103,125
207,127,143,172,103,133
207,127,151,172,103,143
207,127,159,172,103,154
207,127,167,171,103,167
207,127,175,170,103,182
207,127,183,167,104,199
207,127,191,164,104,216
207,127,199,160,104,230
207,127,207,155,103,241
207,127,215,151,103,248
207,127,223,147,103,251
207,127,231,144,103,253
207,127,239,142,102,254
207,127,247,140,102,254
207,127,255,138,102,253
207,135,0,166,103,33
207,135,7,166,104,37
207,135,15,167,104,41
207,135,23,168,105,47
207,135,31,169,106,52
207,135,39,169,107,57
207,135,47,170,108,62
207,135,55,171,109,67
207,135,63,172,109,71
207,135,71,172,110,76
207,135,79,173,110,81
207,135,87,174,110,86
207,135,95,174,111,91
207,135,103,174,111,97
207,135,111,174,110,103
207,135,119,173,110,109
207,135,127,173,110,116
207,135,135,173,110,123
207,135,143,172,110,131
207,135,151,172,110,139
207,135,159,172,110,149
207,135,167,172,110,160
207,135,175,171,110,175
207,135,183,169,110,192
207,135,191,166,109,209
207,135,199,162,109,225
207,135,207,158,109,237
207,135,215,153,108,247
207,135,223,150,107,250
207,135,231,146,107,253
207,135,239,144,106,254
207,135,247,142,106,255
207,135,255,140,105,254
207,143,0,166,111,34
207,143,7,167,111,37
207,143,15,167,111,41
207,143,23,168,112,46
207,143,31,169,113,53
207,143,39,170,114,57
207,143,47,171,115,62
207,143,55,172,116,67
207,143,63,172,116,71
207,143,71,173,117,76
207,143,79,173,117,81
207,143,87,174,117,86
207,143,95,174,117,91
207,143,103,174,117,97
207,143,111,174,117,102
207,143,119,174,117,108
207,143,127,173,117,114
207,143,135,173,116,121
207,143,143,173,116,128
207,143,151,172,116,136
207,143,159,172,116,145
207,143,167,172,116,155
207,143,175,172,116,168
207,143,183,171,116,184
207,143,191,168,116,201
207,143,199,165,115,218
207,143,207,161,114,233
207,143,215,156,113,242
207,143,223,152,112,248
207,143,231,149,111,252
207,143,239,145,110,254
207,143,247,144,110,254
207,143,255,142,109,254
207,151,0,167,118,34
207,151,7,167,118,37
207,151,15,168,119,41
207,151,23,168,119,45
207,151,31,169,120,51
207,151,39,170,121,58
207,151,47,171,122,62
207,151,55,172,123,67
207,151,63,173,123,72
207,151,71,173,124,76
207,151,79,174,124,81
207,151,87,174,124,86
207,151,95,175,125,91
207,151,103,175,124,97
207,151,111,175,124,102
207,151,119,174,124,108
207,151,127,174,124,114
207,151,135,174,123,120
207,151,143,173,123,127
207,151,151,173,123,134
207,151,159,173,123,142
207,151,167,173,123,151
207,151,175,173,123,162
207,151,183,172,123,177
207,151,191,171,122,193
207,151,199,168,122,210
207,151,207,164,121,225
207,151,215,159,119,237
207,151,223,155,118,245
207,151,231,152,117,250
207,151,239,148,115,253
207,151,247,145,114,254
207,151,255,143,113,254
207,159,0,167,125,34
207,159,7,167,125,37
207,159,15,167,126,40
207,159,23,168,126,45
207,159,31,169,127,50
207,159,39,170,128,57
207,159,47,171,129,63
207,159,55,172,130,67
207,159,63,173,131,72
207,159,71,174,132,76
207,159,79,174,132,81
207,159,87,175,132,86
207,159,95,175,132,91
207,159,103,175,132,97
207,159,111,175,132,102
207,159,119,175,132,107
207,159,127,175,131,113
207,159,135,174,131,119
207,159,143,174,131,125
207,159,151,174,131,132
207,159,159,174,131,140
207,159,167,174,131,148
207,159,175,174,131,159
207,159,183,174,131,171
207,159,191,173,130,185
207,159,199,170,129,202
207,159,207,167,128,218
207,159,215,163,127,232
207,159,223,159,125,241
207,159,231,154,123,248
207,159,239,151,121,252
207,159,247,147,119,254
207,159,255,144,117,255
207,167,0,167,132,36
207,167,7,167,133,39
207,167,15,168,134,42
207,167,23,168,134,46
207,167,31,169,135,50
207,167,39,170,136,56
207,167,47,171,137,63
207,167,55,172,138,67
207,167,63,173,139,72
207,167,71,174,140,76
207,167,79,175,140,81
207,167,87,175,141,86
207,167,95,176,141,91
207,167,103,176,141,97
207,167,111,176,140,102
207,167,119,176,140,107
207,167,127,176,140,113
207,167,135,175,140,119
207,167,143,175,139,125
207,167,151,175,139,131
207,167,159,175,139,138
207,167,167,175,139,146
207,167,175,175,139,155
207,167,183,176,139,166
207,167,191,175,139,180
207,167,199,174,138,195
207,167,207,171,137,211
207,167,215,166,135,225
207,167,223,162,132,237
207,167,231,157,129,245
207,167,239,153,127,251
207,167,247,150,124,253
207,167,255,146,122,255
207,175,0,166,140,37
207,175,7,166,141,40
207,175,15,167,141,44
207,175,23,168,142,48
207,175,31,169,143,52
207,175,39,170,144,57
207,175,47,171,145,62
207,175,55,172,146,67
207,175,63,173,147,72
207,175,71,174,148,76
207,175,79,175,149,81
207,175,87,176,149,86
207,175,95,176,150,92
207,175,103,177,150,97
207,175,111,177,149,102
207,175,119,177,149,107
207,175,127,177,149,113
207,175,135,177,149,118
207,175,143,176,148,124
207,175,151,176,148,130
207,175,159,176,148,137
207,175,167,176,148,144
207,175,175,177,148,152
207,175,183,177,148,162
207,175,191,177,147,173
207,175,199,176,147,188
207,175,207,174,145,204
207,175,215,171,144,219
207,175,223,166,141,231
207,175,231,161,137,242
207,175,239,157,134,249
207,175,247,153,131,253
207,175,255,149,128,254
207,183,0,165,148,37
207,183,7,166,148,40
207,183,15,166,149,44
207,183,23,167,150,48
207,183,31,168,151,54
207,183,39,169,152,58
207,183,47,170,154,62
207,183,55,171,155,67
207,183,63,173,156,72
207,183,71,174,157,76
207,183,79,175,158,81
207,183,87,176,158,86
207,183,95,176,159,92
207,183,103,177,159,97
207,183,111,177,159,102
207,183,119,178,159,108
207,183,127,177,159,113
207,183,135,177,158,118
207,183,143,177,158,124
207,183,151,178,158,130
207,183,159,178,158,136
207,183,167,178,158,143
207,183,175,178,157,150
207,183,183,179,157,158
207,183,191,179,157,169
207,183,199,178,156,182
207,183,207,177,155,197
207,183,215,174,153,212
207,183,223,170,150,225
207,183,231,165,146,237
207,183,239,160,143,246
207,183,247,157,139,252
207,183,255,152,135,254
207,191,0,164,156,37
207,191,7,165,156,40
207,191,15,165,157,43
207,191,23,166,158,47
207,191,31,167,160,53
207,191,39,168,161,59
207,191,47,170,162,63
207,191,55,171,164,67
207,191,63,172,165,72
207,191,71,174,166,76
207,191,79,175,167,81
207,191,87,176,168,87
207,191,95,177,169,92
207,191,103,177,169,97
207,191,111,178,169,102
207,191,119,178,169,108
207,191,127,178,169,113
207,191,135,178,169,118
207,191,143,178,169,124
207,191,151,179,168,130
207,191,159,179,168,136
207,191,167,179,168,142
207,191,175,180,168,149
207,191,183,180,168,156
207,191,191,180,167,165
207,191,199,180,167,177
207,191,207,179,166,191
207,191,215,177,164,206
207,191,223,174,160,220
207,191,231,170,157,232
207,191,239,165,152,243
207,191,247,160,148,250
207,191,255,156,143,254
207,199,0,163,164,38
207,199,7,163,165,40
207,199,15,164,166,43
207,199,23,165,167,47
207,199,31,166,168,52
207,199,39,167,170,58
207,199,47,169,172,63
207,199,55,170,173,67
207,199,63,171,175,72
207,199,71,173,177,76
207,199,79,174,178,81
207,199,87,175,179,86
207,199,95,176,180,92
207,199,103,177,180,97
207,199,111,178,180,103
207,199,119,178,180,108
207,199,127,179,180,113
207,199,135,179,180,118
207,199,143,179,180,124
207,199,151,180,180,130
207,199,159,180,180,136
207,199,167,180,179,142
207,199,175,181,179,148
207,199,183,181,179,155
207,199,191,181,179,163
207,199,199,182,178,173
207,199,207,181,177,185
207,199,215,180,175,200
207,199,223,177,172,214
207,199,231,174,168,228
207,199,239,169,164,239
207,199,247,165,159,249
207,199,255,160,154,253
207,207,0,161,175,39
207,207,7,162,176,41
207,207,15,162,177,44
207,207,23,163,178,47
207,207,31,164,179,51
207,207,39,166,181,56
207,207,47,167,183,63
207,207,55,169,184,68
207,207,63,170,186,72
207,207,71,172,187,76
207,207,79,173,189,81
207,207,87,175,190,86
207,207,95,176,191,92
207,207,103,177,191,97
207,207,111,178,192,103
207,207,119,178,192,108
207,207,127,179,192,113
207,207,135,179,192,119
207,207,143,180,192,124
207,207,151,180,192,130
207,207,159,181,192,136
207,207,167,181,192,142
207,207,175,182,192,148
207,207,183,182,192,155
207,207,191,183,192,162
207,207,199,183,191,170
207,207,207,183,190,181
207,207,215,183,189,195
207,207,223,181,186,209
207,207,231,178,182,223
207,207,239,174,178,237
207,207,247,170,172,247
207,207,255,165,166,254
207,215,0,159,187,41
207,215,7,160,187,43
207,215,15,161,188,46
207,215,23,161,189,49
207,215,31,162,190,52
207,215,39,164,191,56
207,215,47,165,193,61
207,215,55,167,195,67
207,215,63,169,196,72
207,215,71,170,198,76
207,215,79,172,200,81
207,215,87,174,201,86
207,215,95,175,202,92
207,215,103,176,203,97
207,215,111,177,204,102
207,215,119,178,205,108
207,215,127,179,205,113
207,215,135,179,205,119
207,215,143,180,205,124
207,215,151,181,205,130
207,215,159,181,205,136
207,215,167,182,205,142
207,215,175,182,205,148
207,215,183,183,205,154
207,215,191,183,205,161
207,215,199,184,204,169
207,215,207,185,204,179
207,215,215,185,203,191
207,215,223,184,201,205
207,215,231,182,198,219
207,215,239,178,193,233
207,215,247,175,187,245
207,215,255,171,182,252
207,223,0,156,198,39
207,223,7,157,199,42
207,223,15,158,199,45
207,223,23,159,201,50
207,223,31,160,202,53
207,223,39,161,203,57
207,223,47,163,204,61
207,223,55,165,206,66
207,223,63,167,208,71
207,223,71,168,209,76
207,223,79,170,211,81
207,223,87,172,213,86
207,223,95,174,214,91
207,223,103,175,215,97
207,223,111,176,216,102
207,223,119,177,216,108
207,223,127,179,216,113
207,223,135,179,217,119
207,223,143,180,217,124
207,223,151,181,217,130
207,223,159,181,217,136
207,223,167,182,217,142
207,223,175,182,217,148
207,223,183,183,217,154
207,223,191,183,217,161
207,223,199,184,217,169
207,223,207,185,217,178
207,223,215,186,217,189
207,223,223,186,216,202
207,223,231,184,213,216
207,223,239,182,209,230
207,223,247,179,204,243
207,223,255,176,199,251
207,231,0,153,209,39
207,231,7,154,210,41
207,231,15,155,210,44
207,231,23,156,211,48
207,231,31,157,212,53
207,231,39,159,214,58
207,231,47,160,215,61
207,231,55,162,217,66
207,231,63,164,218,70
207,231,71,166,220,75
207,231,79,168,221,80
207,231,87,170,223,85
207,231,95,172,225,91
207,231,103,173,226,96
207,231,111,175,227,102
207,231,119,176,228,107
207,231,127,178,228,113
207,231,135,179,229,119
207,231,143,180,229,124
207,231,151,181,229,130
207,231,159,182,229,136
207,231,167,182,229,142
207,231,175,183,229,148
207,231,183,183,230,154
207,231,191,183,230,161
207,231,199,184,230,169
207,231,207,185,230,178
207,231,215,186,230,188
207,231,223,187,230,200
207,231,231,186,229,213
207,231,239,185,225,227
207,231,247,183,221,241
207,231,255,180,217,251
207,239,0,150,219,39
207,239,7,151,220,41
207,239,15,151,221,43
207,239,23,153,222,46
207,239,31,154,223,51
207,239,39,156,224,57
207,239,47,158,226,61
207,239,55,159,227,65
207,239,63,161,229,69
207,239,71,164,231,74
207,239,79,166,232,79
207,239,87,168,234,84
207,239,95,170,235,90
207,239,103,172,236,96
207,239,111,173,237,101
207,239,119,175,238,107
207,239,127,177,239,113
207,239,135,178,240,119
207,239,143,179,240,124
207,239,151,180,240,130
207,239,159,181,240,136
207,239,167,182,240,142
207,239,175,182,241,148
207,239,183,183,241,154
207,239,191,183,241,161
207,239,199,183,241,169
207,239,207,184,242,177
207,239,215,186,242,187
207,239,223,186,242,198
207,239,231,187,242,210
207,239,239,186,240,224
207,239,247,185,237,239
207,239,255,183,233,249
207,247,0,147,229,39
207,247,7,147,230,41
207,247,15,148,230,43
207,247,23,149,231,46
207,247,31,150,232,50
207,247,39,152,234,54
207,247,47,154,235,60
207,247,55,156,237,65
207,247,63,158,238,69
207,247,71,160,240,73
207,247,79,163,241,78
207,247,87,165,243,83
207,247,95,167,244,89
207,247,103,170,245,95
207,247,111,172,246,101
207,247,119,174,247,107
207,247,127,176,248,112
207,247,135,177,248,118
207,247,143,179,249,124
207,247,151,180,249,130
207,247,159,181,249,136
207,247,167,181,249,142
207,247,175,182,250,148
207,247,183,182,250,154
207,247,191,182,250,160
207,247,199,183,250,168
207,247,207,183,250,176
207,247,215,185,251,185
207,247,223,186,251,196
207,247,231,187,252,208
207,247,239,187,251,221
207,247,247,186,249,236
207,247,255,185,247,247
207,255,0,144,239,41
207,255,7,144,240,42
207,255,15,145,240,44
207,255,23,146,241,46
207,255,31,147,241,49
207,255,39,149,242,53
207,255,47,151,244,57
207,255,55,153,245,62
207,255,63,155,246,67
207,255,71,157,248,71
207,255,79,160,249,76
207,255,87,162,250,81
207,255,95,165,251,87
207,255,103,168,252,94
207,255,111,170,252,101
207,255,119,172,253,106
207,255,127,175,254,112
207,255,135,176,254,118
207,255,143,178,254,124
207,255,151,179,254,130
207,255,159,180,254,135
207,255,167,181,254,142
207,255,175,182,254,148
207,255,183,182,254,154
207,255,191,182,254,161
207,255,199,183,254,168
207,255,207,183,254,176
207,255,215,184,254,185
207,255,223,185,254,194
207,255,231,186,254,205
207,255,239,187,255,218
207,255,247,187,255,232
207,255,255,187,255,245
215,0,0,177,1,29
215,0,7,179,1,35
215,0,15,181,1,41
215,0,23,184,1,49
215,0,31,186,2,55
215,0,39,188,2,62
215,0,47,190,2,69
215,0,55,192,3,77
215,0,63,194,3,86
215,0,71,195,4,96
215,0,79,196,4,107
215,0,87,197,5,120
215,0,95,196,6,134
215,0,103,195,7,148
215,0,111,193,9,164
215,0,119,190,10,179
215,0,127,186,12,193
215,0,135,182,15,206
215,0,143,176,17,217
215,0,151,171,22,225
215,0,159,165,26,231
215,0,167,160,31,235
215,0,175,155,35,238
215,0,183,151,40,240
215,0,191,147,43,241
215,0,199,144,45,243
215,0,207,142,47,245
215,0,215,141,48,246
215,0,223,140,48,249
215,0,231,139,48,251
215,0,239,139,48,253
215,0,247,138,49,254
215,0,255,138,49,255
215,7,0,177,2,29
215,7,7,179,2,35
215,7,15,181,2,41
215,7,23,183,2,49
215,7,31,185,3,55
215,7,39,188,3,62
215,7,47,189,3,69
215,7,55,191,4,77
215,7,63,193,4,85
215,7,71,194,5,95
215,7,79,196,5,106
215,7,87,196,6,118
215,7,95,196,7,132
215,7,103,195,8,146
215,7,111,193,10,161
215,7,119,190,12,177
215,7,127,186,14,191
215,7,135,182,16,204
215,7,143,177,19,215
215,7,151,171,24,223
215,7,159,166,28,230
215,7,167,160,33,234
215,7,175,156,37,238
215,7,183,151,42,240
215,7,191,148,45,241
215,7,199,144,48,243
215,7,207,142,50,244
215,7,215,141,51,246
215,7,223,140,51,249
215,7,231,139,51,251
215,7,239,139,51,253
215,7,247,138,51,254
215,7,255,138,51,255
215,15,0,176,3,29
215,15,7,178,3,35
215,15,15,180,3,41
215,15,23,183,4,49
215,15,31,185,4,55
215,15,39,187,5,62
215,15,47,189,5,69
215,15,55,191,6,76
215,15,63,192,6,85
215,15,71,194,6,94
215,15,79,195,7,104
215,15,87,195,7,116
215,15,95,195,9,129
215,15,103,195,10,143
215,15,111,193,12,159
215,15,119,190,14,174
215,15,127,186,16,188
215,15,135,182,19,201
215,15,143,177,22,213
215,15,151,171,26,221
215,15,159,166,31,229
215,15,167,161,35,233
215,15,175,156,40,237
215,15,183,152,44,240
215,15,191,148,47,241
215,15,199,145,50,243
215,15,207,143,54,244
215,15,215,141,55,246
215,15,223,140,55,248
215,15,231,140,54,251
215,15,239,139,54,253
215,15,247,139,54,254
215,15,255,138,54,255
215,23,0,175,5,29
215,23,7,177,5,35
215,23,15,179,6,41
215,23,23,182,6,49
215,23,31,184,7,55
215,23,39,186,8,62
215,23,47,188,8,68
215,23,55,190,9,75
215,23,63,191,9,84
215,23,71,193,10,93
215,23,79,194,10,103
215,23,87,195,11,114
215,23,95,195,12,127
215,23,103,194,13,140
215,23,111,192,14,155
215,23,119,190,17,170
215,23,127,187,19,184
215,23,135,182,22,198
215,23,143,177,25,209
215,23,151,172,30,219
215,23,159,167,34,227
215,23,167,161,39,232
215,23,175,157,43,236
215,23,183,152,47,239
215,23,191,149,50,241
215,23,199,146,53,243
215,23,207,143,57,245
215,23,215,141,60,246
215,23,223,140,60,248
215,23,231,140,59,251
215,23,239,139,59,252
215,23,247,139,58,254
215,23,255,139,57,255
215,31,0,175,8,29
215,31,7,176,9,34
215,31,15,179,9,41
215,31,23,181,10,48
215,31,31,183,11,54
215,31,39,185,12,61
215,31,47,187,13,68
215,31,55,189,14,74
215,31,63,190,14,82
215,31,71,192,15,91
215,31,79,193,15,100
215,31,87,194,16,112
215,31,95,194,16,124
215,31,103,193,17,137
215,31,111,192,19,151
215,31,119,190,21,165
215,31,127,187,23,179
215,31,135,183,26,193
215,31,143,178,30,205
215,31,151,173,34,215
215,31,159,167,38,224
215,31,167,162,43,230
215,31,175,157,47,235
215,31,183,153,51,239
215,31,191,150,54,241
215,31,199,147,57,243
215,31,207,144,60,245
215,31,215,142,63,246
215,31,223,140,65,248
215,31,231,139,66,250
215,31,239,139,64,252
215,31,247,139,63,254
215,31,255,139,61,255
215,39,0,174,12,29
215,39,7,175,13,34
215,39,15,177,14,40
215,39,23,180,16,48
215,39,31,182,17,54
215,39,39,184,18,60
215,39,47,186,19,67
215,39,55,187,20,73
215,39,63,189,20,81
215,39,71,190,21,89
215,39,79,191,22,98
215,39,87,192,22,108
215,39,95,192,22,120
215,39,103,192,23,132
215,39,111,191,24,146
215,39,119,189,26,160
215,39,127,187,28,174
215,39,135,183,31,187
215,39,143,178,35,200
215,39,151,173,39,211
215,39,159,168,44,220
215,39,167,163,48,228
215,39,175,158,52,234
215,39,183,154,55,238
215,39,191,150,59,241
215,39,199,147,61,243
215,39,207,145,64,245
215,39,215,143,67,247
215,39,223,141,69,248
215,39,231,140,70,250
215,39,239,139,70,252
215,39,247,140,68,253
215,39,255,140,67,254
215,47,0,172,18,29
215,47,7,174,19,34
215,47,15,176,20,40
215,47,23,179,22,47
215,47,31,180,23,54
215,47,39,182,24,60
215,47,47,184,26,66
215,47,55,185,27,72
215,47,63,187,28,79
215,47,71,188,28,87
215,47,79,189,29,95
215,47,87,190,29,105
215,47,95,191,30,116
215,47,103,191,30,128
215,47,111,190,31,140
215,47,119,188,32,154
215,47,127,186,34,167
215,47,135,183,36,181
215,47,143,179,39,195
215,47,151,175,43,207
215,47,159,169,48,217
215,47,167,164,53,225
215,47,175,159,57,232
215,47,183,155,60,237
215,47,191,151,63,241
215,47,199,148,66,243
215,47,207,145,69,245
215,47,215,144,70,247
215,47,223,142,72,249
215,47,231,141,72,250
215,47,239,140,73,252
215,47,247,140,73,253
215,47,255,140,72,254
215,55,0,171,24,29
215,55,7,173,25,34
215,55,15,175,26,39
215,55,23,177,28,47
215,55,31,179,30,53
215,55,39,181,32,59
215,55,47,182,33,65
215,55,55,183,34,71
215,55,63,184,36,77
215,55,71,186,37,84
215,55,79,187,37,92
215,55,87,188,37,101
215,55,95,189,38,112
215,55,103,189,38,123
215,55,111,188,38,134
215,55,119,187,39,147
215,55,127,186,40,161
215,55,135,183,42,175
215,55,143,180,44,188
215,55,151,176,48,201
215,55,159,171,52,213
215,55,167,166,56,223
215,55,175,160,60,230
215,55,183,155,64,236
215,55,191,151,68,240
215,55,199,148,70,243
215,55,207,146,72,246
215,55,215,144,73,247
215,55,223,143,75,249
215,55,231,142,75,251
215,55,239,141,75,252
215,55,247,141,75,253
215,55,255,141,75,254
215,63,0,171,31,29
215,63,7,173,32,34
215,63,15,174,33,39
215,63,23,176,35,46
215,63,31,178,37,53
215,63,39,180,38,59
215,63,47,181,40,65
215,63,55,182,41,70
215,63,63,184,42,76
215,63,71,185,43,83
215,63,79,186,44,91
215,63,87,187,45,99
215,63,95,187,45,108
215,63,103,187,45,118
215,63,111,187,46,129
215,63,119,186,46,141
215,63,127,185,47,153
215,63,135,183,48,167
215,63,143,180,50,181
215,63,151,176,53,195
215,63,159,172,56,208
215,63,167,167,60,220
215,63,175,162,63,229
215,63,183,157,67,236
215,63,191,153,70,240
215,63,199,150,73,244
215,63,207,147,75,246
215,63,215,144,77,248
215,63,223,143,77,249
215,63,231,142,78,251
215,63,239,142,78,252
215,63,247,142,78,253
215,63,255,142,77,254
215,71,0,171,38,30
215,71,7,172,39,34
215,71,15,174,41,39
215,71,23,175,42,46
215,71,31,177,44,53
215,71,39,179,46,58
215,71,47,180,47,64
215,71,55,181,49,70
215,71,63,182,50,75
215,71,71,183,51,82
215,71,79,184,52,89
215,71,87,185,52,96
215,71,95,186,53,105
215,71,103,186,53,114
215,71,111,186,53,125
215,71,119,185,53,136
215,71,127,184,54,147
215,71,135,183,54,160
215,71,143,180,56,174
215,71,151,177,58,188
215,71,159,173,61,203
215,71,167,169,64,216
215,71,175,164,67,226
215,71,183,159,70,235
215,71,191,155,73,240
215,71,199,152,76,244
215,71,207,149,77,246
215,71,215,146,79,248
215,71,223,144,80,250
215,71,231,142,81,251
215,71,239,142,81,252
215,71,247,142,80,253
215,71,255,143,80,254
215,79,0,171,46,30
215,79,7,172,47,34
215,79,15,173,48,39
215,79,23,175,50,45
215,79,31,176,52,53
215,79,39,178,53,58
215,79,47,179,55,64
215,79,55,180,56,69
215,79,63,181,58,74
215,79,71,181,59,80
215,79,79,183,60,87
215,79,87,183,60,94
215,79,95,184,61,102
215,79,103,185,61,111
215,79,111,185,61,120
215,79,119,184,61,130
215,79,127,184,61,142
215,79,135,183,61,153
215,79,143,181,62,167
215,79,151,179,64,181
215,79,159,175,66,196
215,79,167,171,68,210
215,79,175,166,71,223
215,79,183,161,74,233
215,79,191,157,76,239
215,79,199,153,78,244
215,79,207,150,80,247
215,79,215,148,82,248
215,79,223,146,83,250
215,79,231,144,83,252
215,79,239,143,83,253
215,79,247,143,83,254
215,79,255,143,82,254
215,87,0,171,53,30
215,87,7,172,55,35
215,87,15,173,56,39
215,87,23,175,57,45
215,87,31,176,59,52
215,87,39,177,61,58
215,87,47,178,62,63
215,87,55,179,64,68
215,87,63,180,65,74
215,87,71,181,66,79
215,87,79,182,67,85
215,87,87,183,68,92
215,87,95,183,68,99
215,87,103,183,68,107
215,87,111,183,69,116
215,87,119,183,69,125
215,87,127,183,69,136
215,87,135,182,69,147
215,87,143,181,69,159
215,87,151,179,70,174
215,87,159,177,71,188
215,87,167,173,73,203
215,87,175,169,75,218
215,87,183,164,78,230
215,87,191,159,80,239
215,87,199,155,82,243
215,87,207,151,83,247
215,87,215,148,85,249
215,87,223,146,86,251
215,87,231,145,86,252
215,87,239,144,86,253
215,87,247,144,86,254
215,87,255,144,85,254
215,95,0,171,62,31
215,95,7,172,63,35
215,95,15,173,64,40
215,95,23,174,65,45
215,95,31,175,67,52
215,95,39,177,68,59
215,95,47,178,70,63
215,95,55,178,71,68
215,95,63,179,73,73
215,95,71,180,74,78
215,95,79,181,74,84
215,95,87,182,75,90
215,95,95,182,76,97
215,95,103,183,76,105
215,95,111,183,76,113
215,95,119,183,76,121
215,95,127,182,76,131
215,95,135,182,76,141
215,95,143,181,76,153
215,95,151,180,77,167
215,95,159,178,77,181
215,95,167,175,79,196
215,95,175,171,81,211
215,95,183,166,82,225
215,95,191,162,84,236
215,95,199,157,85,243
215,95,207,153,87,247
215,95,215,150,88,249
215,95,223,148,89,251
215,95,231,146,89,252
215,95,239,145,89,253
215,95,247,144,89,254
215,95,255,144,89,254
215,103,0,172,70,31
215,103,7,173,71,36
215,103,15,174,72,41
215,103,23,175,73,45
215,103,31,176,74,51
215,103,39,177,76,58
215,103,47,178,77,63
215,103,55,178,79,68
215,103,63,179,80,73
215,103,71,180,81,78
215,103,79,181,82,83
215,103,87,181,82,89
215,103,95,182,83,95
215,103,103,182,83,102
215,103,111,182,83,110
215,103,119,182,83,118
215,103,127,182,83,126
215,103,135,181,83,136
215,103,143,181,83,147
215,103,151,180,83,159
215,103,159,179,84,174
215,103,167,177,85,189
215,103,175,174,86,204
215,103,183,169,87,220
215,103,191,164,88,232
215,103,199,159,90,243
215,103,207,155,91,247
215,103,215,152,91,250
215,103,223,150,92,251
215,103,231,147,92,253
215,103,239,146,93,253
215,103,247,145,93,254
215,103,255,144,92,254
215,111,0,172,78,32
215,111,7,173,79,36
215,111,15,174,80,41
215,111,23,175,81,46
215,111,31,176,82,51
215,111,39,177,83,58
215,111,47,178,85,63
215,111,55,178,86,68
215,111,63,179,87,72
215,111,71,180,88,77
215,111,79,181,89,82
215,111,87,181,90,88
215,111,95,182,90,94
215,111,103,182,90,101
215,111,111,182,90,107
215,111,119,182,90,115
215,111,127,182,90,123
215,111,135,181,90,132
215,111,143,181,90,142
215,111,151,180,90,153
215,111,159,180,90,166
215,111,167,178,91,181
215,111,175,176,91,197
215,111,183,172,92,213
215,111,191,167,93,228
215,111,199,162,94,239
215,111,207,158,95,246
215,111,215,154,95,250
215,111,223,150,96,252
215,111,231,148,96,253
215,111,239,147,96,253
215,111,247,146,96,254
215,111,255,145,96,253
215,119,0,173,86,32
215,119,7,174,87,36
215,119,15,174,87,41
215,119,23,176,89,47
215,119,31,176,90,52
215,119,39,177,91,57
215,119,47,178,92,63
215,119,55,179,93,68
215,119,63,179,94,72
215,119,71,180,95,77
215,119,79,181,96,82
215,119,87,181,96,87
215,119,95,182,97,93
215,119,103,182,97,99
215,119,111,182,97,106
215,119,119,182,97,113
215,119,127,181,97,120
215,119,135,181,97,128
215,119,143,181,97,137
215,119,151,181,97,148
215,119,159,180,97,160
215,119,167,179,97,174
215,119,175,177,97,190
215,119,183,174,98,206
215,119,191,170,98,222
215,119,199,165,99,234
215,119,207,160,99,244
215,119,215,156,99,249
215,119,223,153,99,252
215,119,231,150,99,253
215,119,239,148,99,254
215,119,247,146,99,253
215,119,255,144,99,253
215,127,0,173,94,32
215,127,7,174,95,36
215,127,15,174,95,41
215,127,23,175,96,47
215,127,31,176,97,52
215,127,39,177,98,57
215,127,47,178,99,63
215,127,55,179,100,68
215,127,63,179,101,72
215,127,71,180,102,77
215,127,79,181,103,82
215,127,87,181,103,87
215,127,95,182,103,92
215,127,103,182,104,98
215,127,111,182,104,104
215,127,119,182,103,111
215,127,127,182,103,118
215,127,135,181,103,126
215,127,143,181,103,134
215,127,151,181,103,143
215,127,159,180,103,154
215,127,167,180,103,167
215,127,175,179,103,182
215,127,183,176,103,199
215,127,191,172,104,215
215,127,199,168,104,230
215,127,207,163,104,240
215,127,215,158,104,248
215,127,223,154,103,251
215,127,231,151,103,253
215,127,239,150,103,254
215,127,247,148,103,254
215,127,255,146,102,253
215,135,0,174,102,33
215,135,7,174,102,36
215,135,15,175,103,40
215,135,23,176,103,46
215,135,31,177,105,53
215,135,39,178,105,58
215,135,47,179,106,63
215,135,55,179,107,68
215,135,63,180,108,72
215,135,71,181,109,77
215,135,79,181,109,81
215,135,87,182,110,87
215,135,95,182,110,92
215,135,103,182,110,98
215,135,111,182,110,104
215,135,119,182,110,110
215,135,127,181,110,117
215,135,135,181,110,124
215,135,143,181,109,132
215,135,151,181,109,140
215,135,159,181,109,150
215,135,167,180,109,161
215,135,175,179,109,175
215,135,183,177,109,192
215,135,191,175,109,208
215,135,199,170,109,224
215,135,207,166,109,237
215,135,215,161,108,245
215,135,223,157,108,250
215,135,231,153,107,253
215,135,239,151,107,254
215,135,247,149,106,254
215,135,255,147,106,254
215,143,0,174,109,34
215,143,7,175,110,37
215,143,15,175,110,41
215,143,23,176,111,46
215,143,31,177,112,52
215,143,39,178,113,59
215,143,47,178,114,63
215,143,55,179,114,68
215,143,63,180,115,72
215,143,71,181,116,77
215,143,79,182,116,82
215,143,87,182,116,87
215,143,95,182,117,92
215,143,103,183,117,97
215,143,111,183,117,103
215,143,119,182,116,109
215,143,127,182,116,115
215,143,135,181,116,122
215,143,143,181,116,129
215,143,151,181,116,137
215,143,159,181,116,146
215,143,167,181,116,156
215,143,175,180,116,169
215,143,183,179,116,184
215,143,191,177,115,201
215,143,199,173,115,217
215,143,207,169,114,232
215,143,215,164,113,241
215,143,223,159,113,248
215,143,231,155,112,251
215,143,239,152,111,254
215,143,247,150,110,254
215,143,255,148,109,254
215,151,0,175,116,35
215,151,7,175,117,38
215,151,15,176,117,41
215,151,23,176,118,46
215,151,31,177,119,51
215,151,39,178,120,58
215,151,47,179,121,63
215,151,55,180,121,68
215,151,63,181,122,72
215,151,71,181,123,77
215,151,79,182,123,82
215,151,87,183,123,87
215,151,95,183,124,92
215,151,103,183,124,97
215,151,111,183,124,103
215,151,119,183,123,109
215,151,127,182,123,115
215,151,135,182,123,121
215,151,143,181,123,128
215,151,151,181,123,135
215,151,159,181,122,143
215,151,167,181,122,152
215,151,175,181,123,163
215,151,183,181,123,177
215,151,191,179,122,193
215,151,199,176,122,210
215,151,207,172,121,225
215,151,215,167,119,237
215,151,223,163,118,244
215,151,231,158,117,250
215,151,239,155,115,253
215,151,247,151,114,254
215,151,255,148,113,254
215,159,0,175,123,36
215,159,7,175,124,39
215,159,15,176,124,42
215,159,23,176,125,46
215,159,31,177,126,51
215,159,39,178,127,57
215,159,47,179,128,64
215,159,55,180,129,68
215,159,63,181,130,72
215,159,71,182,130,77
215,159,79,182,131,82
215,159,87,183,131,87
215,159,95,183,131,92
215,159,103,184,131,97
215,159,111,184,131,103
215,159,119,183,131,108
215,159,127,183,131,114
215,159,135,183,131,120
215,159,143,182,130,126
215,159,151,182,130,133
215,159,159,182,130,141
215,159,167,182,130,149
215,159,175,182,130,159
215,159,183,182,130,171
215,159,191,181,130,186
215,159,199,179,129,202
215,159,207,175,128,218
215,159,215,170,126,231
215,159,223,165,125,241
215,159,231,161,123,248
215,159,239,157,121,252
215,159,247,153,119,254
215,159,255,150,117,255
215,167,0,174,130,37
215,167,7,175,131,40
215,167,15,175,132,44
215,167,23,176,132,48
215,167,31,177,133,52
215,167,39,178,134,57
215,167,47,179,135,63
215,167,55,180,136,68
215,167,63,181,137,72
215,167,71,182,138,77
215,167,79,183,139,82
215,167,87,183,139,87
215,167,95,184,139,92
215,167,103,184,139,97
215,167,111,184,139,103
215,167,119,184,139,108
215,167,127,184,139,114
215,167,135,183,139,120
215,167,143,183,139,126
215,167,151,183,138,132
215,167,159,183,138,139
215,167,167,183,138,147
215,167,175,183,138,156
215,167,183,184,138,166
215,167,191,183,138,180
215,167,199,182,138,194
215,167,207,178,136,210
215,167,215,174,135,225
215,167,223,169,132,237
215,167,231,164,129,245
215,167,239,160,127,251
215,167,247,156,124,254
215,167,255,151,122,255
215,175,0,174,138,37
215,175,7,175,138,40
215,175,15,175,139,44
215,175,23,176,140,49
215,175,31,177,141,53
215,175,39,178,142,58
215,175,47,179,143,62
215,175,55,180,144,68
215,175,63,181,145,73
215,175,71,182,146,77
215,175,79,183,147,82
215,175,87,184,148,87
215,175,95,185,148,92
215,175,103,185,148,98
215,175,111,185,148,103
215,175,119,185,148,108
215,175,127,185,148,114
215,175,135,185,148,119
215,175,143,184,147,125
215,175,151,184,147,131
215,175,159,184,147,138
215,175,167,184,147,145
215,175,175,184,147,153
215,175,183,185,147,162
215,175,191,185,147,174
215,175,199,184,146,188
215,175,207,182,145,204
215,175,215,178,143,219
215,175,223,173,140,231
215,175,231,168,137,242
215,175,239,163,134,248
215,175,247,159,131,253
215,175,255,155,128,254
215,183,0,174,145,38
215,183,7,174,146,40
215,183,15,175,147,44
215,183,23,176,148,48
215,183,31,177,149,54
215,183,39,178,150,59
215,183,47,179,151,63
215,183,55,180,153,68
215,183,63,181,154,73
215,183,71,182,155,77
215,183,79,183,156,82
215,183,87,184,157,87
215,183,95,185,157,92
215,183,103,185,157,98
215,183,111,186,157,103
215,183,119,186,158,108
215,183,127,186,157,114
215,183,135,186,157,119
215,183,143,186,157,125
215,183,151,186,157,131
215,183,159,185,156,137
215,183,167,186,156,144
215,183,175,186,156,151
215,183,183,186,156,159
215,183,191,187,156,169
215,183,199,186,156,182
215,183,207,185,155,197
215,183,215,181,152,212
215,183,223,177,150,226
215,183,231,172,146,237
215,183,239,167,142,246
215,183,247,162,138,252
215,183,255,158,135,254
215,191,0,173,153,38
215,191,7,173,154,41
215,191,15,174,154,44
215,191,23,175,155,48
215,191,31,176,157,53
215,191,39,177,159,60
215,191,47,178,160,64
215,191,55,179,161,68
215,191,63,181,163,72
215,191,71,182,164,77
215,191,79,183,165,82
215,191,87,184,166,87
215,191,95,185,167,92
215,191,103,185,167,98
215,191,111,186,167,103
215,191,119,186,168,108
215,191,127,186,168,114
215,191,135,187,167,119
215,191,143,187,167,125
215,191,151,187,167,131
215,191,159,187,167,137
215,191,167,187,167,143
215,191,175,187,167,150
215,191,183,188,167,157
215,191,191,188,166,166
215,191,199,188,166,177
215,191,207,187,165,191
215,191,215,185,163,206
215,191,223,181,160,220
215,191,231,177,156,233
215,191,239,171,152,243
215,191,247,166,147,250
215,191,255,161,143,254
215,199,0,172,162,39
215,199,7,172,162,41
215,199,15,173,163,44
215,199,23,174,164,47
215,199,31,175,165,52
215,199,39,176,167,58
215,199,47,178,169,65
215,199,55,179,171,68
215,199,63,180,172,73
215,199,71,182,174,77
215,199,79,183,175,82
215,199,87,184,176,87
215,199,95,185,177,93
215,199,103,186,178,98
215,199,111,187,178,103
215,199,119,187,178,109
215,199,127,187,178,114
215,199,135,187,178,119
215,199,143,188,178,125
215,199,151,188,178,131
215,199,159,188,178,137
215,199,167,188,178,143
215,199,175,189,178,149
215,199,183,189,177,156
215,199,191,189,177,164
215,199,199,189,177,173
215,199,207,189,176,186
215,199,215,188,174,200
215,199,223,185,171,215
215,199,231,181,167,228
215,199,239,176,163,240
215,199,247,171,158,249
215,199,255,166,153,253
215,207,0,171,171,40
215,207,7,171,172,42
215,207,15,172,172,45
215,207,23,173,173,48
215,207,31,174,175,52
215,207,39,175,176,57
215,207,47,176,178,63
215,207,55,178,181,69
215,207,63,179,182,73
215,207,71,181,184,77
215,207,79,182,186,82
215,207,87,183,187,87
215,207,95,185,188,93
215,207,103,186,189,98
215,207,111,186,190,103
215,207,119,187,190,109
215,207,127,188,190,114
215,207,135,188,190,120
215,207,143,188,190,125
215,207,151,189,190,131
215,207,159,189,190,137
215,207,167,189,190,143
215,207,175,190,190,149
215,207,183,190,190,156
215,207,191,191,190,163
215,207,199,191,189,171
215,207,207,191,189,182
215,207,215,191,187,195
215,207,223,188,185,210
215,207,231,185,181,224
215,207,239,181,176,237
215,207,247,176,171,247
215,207,255,171,165,254
215,215,0,169,182,41
215,215,7,169,183,44
215,215,15,170,184,47
215,215,23,171,185,51
215,215,31,172,186,54
215,215,39,173,187,58
215,215,47,175,189,62
215,215,55,176,191,68
215,215,63,178,193,73
215,215,71,179,195,77
215,215,79,181,197,82
215,215,87,182,198,87
215,215,95,184,200,92
215,215,103,185,201,98
215,215,111,186,201,103
215,215,119,187,202,109
215,215,127,188,202,114
215,215,135,188,202,120
215,215,143,189,202,125
215,215,151,189,202,131
215,215,159,190,202,137
215,215,167,190,202,143
215,215,175,191,202,149
215,215,183,191,202,156
215,215,191,192,202,163
215,215,199,192,202,170
215,215,207,193,202,180
215,215,215,193,201,192
215,215,223,192,199,205
215,215,231,189,196,220
215,215,239,186,191,234
215,215,247,181,185,246
215,215,255,177,180,251
215,223,0,166,193,40
215,223,7,167,194,42
215,223,15,168,194,46
215,223,23,169,196,50
215,223,31,170,197,55
215,223,39,171,198,59
215,223,47,173,200,63
215,223,55,174,202,67
215,223,63,176,204,72
215,223,71,178,205,77
215,223,79,179,207,82
215,223,87,181,209,87
215,223,95,183,210,92
215,223,103,184,212,98
215,223,111,185,213,103
215,223,119,186,213,109
215,223,127,187,214,114
215,223,135,188,214,120
215,223,143,189,214,126
215,223,151,190,214,131
215,223,159,190,214,137
215,223,167,191,214,143
215,223,175,191,215,149
215,223,183,191,215,156
215,223,191,192,215,163
215,223,199,192,215,170
215,223,207,194,215,180
215,223,215,194,215,190
215,223,223,194,214,203
215,223,231,193,211,217
215,223,239,190,207,231
215,223,247,186,202,243
215,223,255,183,197,252
215,231,0,163,204,39
215,231,7,164,205,42
215,231,15,165,206,44
215,231,23,166,207,48
215,231,31,167,208,54
215,231,39,169,210,60
215,231,47,170,211,63
215,231,55,172,213,67
215,231,63,174,214,71
215,231,71,176,216,76
215,231,79,177,218,81
215,231,87,179,220,87
215,231,95,181,221,92
215,231,103,183,223,98
215,231,111,184,224,103
215,231,119,185,225,109
215,231,127,187,225,114
215,231,135,188,226,120
215,231,143,189,226,126
215,231,151,190,226,132
215,231,159,190,226,138
215,231,167,191,227,144
215,231,175,191,227,150
215,231,183,192,227,156
215,231,191,192,227,163
215,231,199,193,228,171
215,231,207,194,228,179
215,231,215,195,229,190
215,231,223,195,228,201
215,231,231,195,227,214
215,231,239,193,223,228
215,231,247,190,218,242
215,231,255,188,214,251
215,239,0,160,215,40
215,239,7,161,215,42
215,239,15,161,216,44
215,239,23,162,217,47
215,239,31,164,218,52
215,239,39,165,220,57
215,239,47,167,222,63
215,239,55,169,223,67
215,239,63,171,225,71
215,239,71,173,226,76
215,239,79,175,228,81
215,239,87,177,230,86
215,239,95,179,231,92
215,239,103,181,233,97
215,239,111,182,234,103
215,239,119,184,235,109
215,239,127,186,236,114
215,239,135,187,237,120
215,239,143,189,237,126
215,239,151,190,238,132
215,239,159,190,238,138
215,239,167,191,238,144
215,239,175,192,238,150
215,239,183,192,239,157
215,239,191,192,239,163
215,239,199,193,239,171
215,239,207,194,240,179
215,239,215,195,240,189
215,239,223,196,241,200
215,239,231,196,240,212
215,239,239,195,238,226
215,239,247,193,235,240
215,239,255,191,231,251
215,247,0,157,226,41
215,247,7,158,226,43
215,247,15,158,227,45
215,247,23,159,227,47
215,247,31,160,229,51
215,247,39,162,230,55
215,247,47,164,232,61
215,247,55,166,233,66
215,247,63,168,235,70
215,247,71,170,236,75
215,247,79,172,238,80
215,247,87,175,240,85
215,247,95,177,241,91
215,247,103,179,243,97
215,247,111,181,244,103
215,247,119,183,245,108
215,247,127,185,246,114
215,247,135,186,246,120
215,247,143,188,247,126
215,247,151,189,247,132
215,247,159,190,248,138
215,247,167,191,248,144
215,247,175,191,248,150
215,247,183,192,249,156
215,247,191,192,249,163
215,247,199,192,249,171
215,247,207,193,249,179
215,247,215,194,250,188
215,247,223,195,250,198
215,247,231,196,250,210
215,247,239,196,249,223
215,247,247,195,247,238
215,247,255,194,245,249
215,255,0,154,236,42
215,255,7,155,236,44
215,255,15,155,237,45
215,255,23,156,238,48
215,255,31,157,239,50
215,255,39,159,240,54
215,255,47,160,241,58
215,255,55,163,243,63
215,255,63,165,244,68
215,255,71,167,246,72
215,255,79,169,247,77
215,255,87,172,249,82
215,255,95,174,250,88
215,255,103,177,250,95
215,255,111,180,251,102
215,255,119,182,252,108
215,255,127,184,252,114
215,255,135,186,253,120
215,255,143,187,253,126
215,255,151,189,253,132
215,255,159,190,253,138
215,255,167,191,253,144
215,255,175,191,254,151
215,255,183,192,254,157
215,255,191,192,254,164
215,255,199,192,254,171
215,255,207,193,254,179
215,255,215,194,254,187
215,255,223,195,255,197
215,255,231,196,255,208
215,255,239,196,255,221
215,255,247,197,254,235
215,255,255,196,253,248
223,0,0,185,1,30
223,0,7,187,2,35
223,0,15,190,2,41
223,0,23,193,3,49
223,0,31,195,3,56
223,0,39,198,4,62
223,0,47,200,5,69
223,0,55,202,5,77
223,0,63,204,6,86
223,0,71,206,7,95
223,0,79,207,7,106
223,0,87,207,8,119
223,0,95,207,8,133
223,0,103,206,8,147
223,0,111,204,9,162
223,0,119,201,10,177
223,0,127,197,11,192
223,0,135,192,13,205
223,0,143,187,17,215
223,0,151,181,21,224
223,0,159,176,26,231
223,0,167,171,31,235
223,0,175,166,36,238
223,0,183,163,40,240
223,0,191,159,43,242
223,0,199,157,45,243
223,0,207,155,46,245
223,0,215,153,48,247
223,0,223,152,49,249
223,0,231,152,49,251
223,0,239,152,49,253
223,0,247,151,50,254
223,0,255,151,51,255
223,7,0,185,2,30
223,7,7,187,2,35
223,7,15,189,3,41
223,7,23,192,3,49
223,7,31,195,4,55
223,7,39,197,5,62
223,7,47,200,6,69
223,7,55,202,6,76
223,7,63,203,7,85
223,7,71,205,8,94
223,7,79,206,8,105
223,7,87,207,9,117
223,7,95,207,9,131
223,7,103,206,10,145
223,7,111,204,10,160
223,7,119,201,11,175
223,7,127,197,13,190
223,7,135,192,15,203
223,7,143,187,19,214
223,7,151,182,23,223
223,7,159,176,28,230
223,7,167,171,33,235
223,7,175,167,38,238
223,7,183,163,43,240
223,7,191,160,46,242
223,7,199,157,48,243
223,7,207,155,49,245
223,7,215,153,51,247
223,7,223,152,52,249
223,7,231,152,52,251
223,7,239,152,52,253
223,7,247,151,52,254
223,7,255,151,52,255
223,15,0,185,2,30
223,15,7,187,3,35
223,15,15,189,4,41
223,15,23,192,4,48
223,15,31,194,5,55
223,15,39,197,6,62
223,15,47,199,7,69
223,15,55,201,8,76
223,15,63,203,8,84
223,15,71,205,9,93
223,15,79,206,10,104
223,15,87,206,10,116
223,15,95,206,11,129
223,15,103,205,12,143
223,15,111,203,12,158
223,15,119,201,13,173
223,15,127,197,15,187
223,15,135,193,17,200
223,15,143,187,21,212
223,15,151,182,25,221
223,15,159,177,30,229
223,15,167,172,35,234
223,15,175,167,40,237
223,15,183,163,45,239
223,15,191,160,49,241
223,15,199,157,51,243
223,15,207,155,53,245
223,15,215,153,54,247
223,15,223,152,55,248
223,15,231,152,54,251
223,15,239,152,54,253
223,15,247,152,54,254
223,15,255,151,55,255
223,23,0,184,4,30
223,23,7,186,5,35
223,23,15,188,5,41
223,23,23,191,6,48
223,23,31,194,7,55
223,23,39,196,8,61
223,23,47,198,9,68
223,23,55,200,10,75
223,23,63,202,11,83
223,23,71,204,12,92
223,23,79,205,12,102
223,23,87,206,13,113
223,23,95,206,13,126
223,23,103,205,14,140
223,23,111,203,15,154
223,23,119,200,16,169
223,23,127,197,18,183
223,23,135,193,21,197
223,23,143,188,24,209
223,23,151,183,28,219
223,23,159,178,33,227
223,23,167,172,38,232
223,23,175,168,43,236
223,23,183,164,48,239
223,23,191,160,52,241
223,23,199,157,56,243
223,23,207,155,58,245
223,23,215,153,59,247
223,23,223,152,59,248
223,23,231,152,58,250
223,23,239,152,58,252
223,23,247,152,58,254
223,23,255,152,58,255
223,31,0,184,7,30
223,31,7,185,8,35
223,31,15,188,9,41
223,31,23,190,10,48
223,31,31,193,11,55
223,31,39,195,12,61
223,31,47,197,13,67
223,31,55,199,14,74
223,31,63,201,15,82
223,31,71,203,16,90
223,31,79,204,16,100
223,31,87,205,17,110
223,31,95,205,17,122
223,31,103,204,18,135
223,31,111,203,19,149
223,31,119,200,21,164
223,31,127,197,22,179
223,31,135,193,25,193
223,31,143,189,29,205
223,31,151,184,33,216
223,31,159,178,37,224
223,31,167,173,42,231
223,31,175,168,47,235
223,31,183,164,51,238
223,31,191,161,55,241
223,31,199,158,59,243
223,31,207,155,63,245
223,31,215,153,64,246
223,31,223,153,64,248
223,31,231,152,63,250
223,31,239,152,62,252
223,31,247,152,62,254
223,31,255,152,62,254
223,39,0,183,11,30
223,39,7,184,12,35
223,39,15,186,13,40
223,39,23,189,15,47
223,39,31,192,16,55
223,39,39,194,18,60
223,39,47,196,19,67
223,39,55,198,20,73
223,39,63,199,20,80
223,39,71,201,21,88
223,39,79,202,22,98
223,39,87,203,22,108
223,39,95,203,23,119
223,39,103,203,24,131
223,39,111,202,25,144
223,39,119,200,26,158
223,39,127,197,28,173
223,39,135,194,31,187
223,39,143,189,34,200
223,39,151,184,37,212
223,39,159,179,42,221
223,39,167,174,46,228
223,39,175,169,51,234
223,39,183,165,55,238
223,39,191,161,59,241
223,39,199,158,62,243
223,39,207,156,65,245
223,39,215,154,68,247
223,39,223,153,70,248
223,39,231,152,69,250
223,39,239,152,68,252
223,39,247,152,67,253
223,39,255,152,66,254
223,47,0,182,16,30
223,47,7,183,18,35
223,47,15,185,19,40
223,47,23,188,21,47
223,47,31,191,22,54
223,47,39,192,24,60
223,47,47,195,25,66
223,47,55,196,26,72
223,47,63,198,27,79
223,47,71,199,28,87
223,47,79,200,28,95
223,47,87,201,29,105
223,47,95,202,29,116
223,47,103,201,30,127
223,47,111,201,31,140
223,47,119,199,32,153
223,47,127,197,34,167
223,47,135,194,36,181
223,47,143,190,39,195
223,47,151,185,43,207
223,47,159,180,47,217
223,47,167,175,51,226
223,47,175,170,56,232
223,47,183,166,59,237
223,47,191,162,63,240
223,47,199,159,66,243
223,47,207,157,68,245
223,47,215,155,71,247
223,47,223,154,72,249
223,47,231,152,73,250
223,47,239,152,74,252
223,47,247,152,73,253
223,47,255,152,71,254
223,55,0,181,23,30
223,55,7,182,24,35
223,55,15,184,25,40
223,55,23,186,27,46
223,55,31,189,29,54
223,55,39,191,31,59
223,55,47,193,32,65
223,55,55,194,33,71
223,55,63,196,35,77
223,55,71,197,35,85
223,55,79,198,36,93
223,55,87,199,36,102
223,55,95,200,37,112
223,55,103,200,37,123
223,55,111,199,38,135
223,55,119,198,38,147
223,55,127,196,40,161
223,55,135,194,41,175
223,55,143,190,44,189
223,55,151,186,48,202
223,55,159,181,51,213
223,55,167,176,56,223
223,55,175,171,60,230
223,55,183,166,63,236
223,55,191,163,66,240
223,55,199,160,69,243
223,55,207,158,71,245
223,55,215,156,74,247
223,55,223,154,75,249
223,55,231,153,76,251
223,55,239,153,76,252
223,55,247,152,76,253
223,55,255,152,76,254
223,63,0,180,30,30
223,63,7,182,31,35
223,63,15,183,32,40
223,63,23,185,34,46
223,63,31,188,36,53
223,63,39,189,38,59
223,63,47,191,40,65
223,63,55,192,41,70
223,63,63,193,43,76
223,63,71,194,44,83
223,63,79,196,44,90
223,63,87,196,45,99
223,63,95,197,45,108
223,63,103,197,45,118
223,63,111,197,45,129
223,63,119,197,46,141
223,63,127,195,46,154
223,63,135,194,48,168
223,63,143,191,50,182
223,63,151,187,52,196
223,63,159,183,55,209
223,63,167,178,59,220
223,63,175,173,63,229
223,63,183,168,67,235
223,63,191,164,70,240
223,63,199,160,73,243
223,63,207,158,75,245
223,63,215,156,77,248
223,63,223,155,78,249
223,63,231,154,78,251
223,63,239,153,79,252
223,63,247,153,78,253
223,63,255,153,78,254
223,71,0,180,37,31
223,71,7,182,38,36
223,71,15,183,39,40
223,71,23,185,41,46
223,71,31,187,43,53
223,71,39,188,45,59
223,71,47,190,47,64
223,71,55,191,48,70
223,71,63,192,49,75
223,71,71,193,51,82
223,71,79,194,52,89
223,71,87,195,52,97
223,71,95,195,53,105
223,71,103,196,53,114
223,71,111,195,53,125
223,71,119,195,53,135
223,71,127,194,54,147
223,71,135,193,54,160
223,71,143,191,56,175
223,71,151,188,57,189
223,71,159,184,60,203
223,71,167,180,63,216
223,71,175,175,66,227
223,71,183,170,70,234
223,71,191,165,73,239
223,71,199,162,75,243
223,71,207,159,78,246
223,71,215,156,79,248
223,71,223,155,80,250
223,71,231,154,81,251
223,71,239,154,81,252
223,71,247,154,81,253
223,71,255,154,80,254
223,79,0,180,44,31
223,79,7,181,46,36
223,79,15,182,47,40
223,79,23,184,48,46
223,79,31,186,50,52
223,79,39,187,52,59
223,79,47,188,54,64
223,79,55,190,56,69
223,79,63,191,57,75
223,79,71,192,58,80
223,79,79,193,59,87
223,79,87,193,60,94
223,79,95,194,60,102
223,79,103,194,60,111
223,79,111,194,60,120
223,79,119,194,60,131
223,79,127,194,61,142
223,79,135,193,61,154
223,79,143,191,62,167
223,79,151,189,63,182
223,79,159,185,65,197
223,79,167,181,68,211
223,79,175,176,70,223
223,79,183,172,73,232
223,79,191,167,76,239
223,79,199,164,78,243
223,79,207,160,80,246
223,79,215,158,82,248
223,79,223,156,83,250
223,79,231,154,83,252
223,79,239,153,84,253
223,79,247,153,83,253
223,79,255,154,83,254
223,87,0,180,52,31
223,87,7,181,53,36
223,87,15,182,55,41
223,87,23,184,56,46
223,87,31,185,58,52
223,87,39,187,60,59
223,87,47,187,62,64
223,87,55,188,63,69
223,87,63,189,65,74
223,87,71,190,66,79
223,87,79,191,67,86
223,87,87,192,68,92
223,87,95,192,68,100
223,87,103,193,68,108
223,87,111,193,68,116
223,87,119,193,68,126
223,87,127,193,68,136
223,87,135,192,68,148
223,87,143,191,69,160
223,87,151,190,70,175
223,87,159,187,71,190
223,87,167,183,73,205
223,87,175,179,75,218
223,87,183,174,77,230
223,87,191,169,80,238
223,87,199,165,82,243
223,87,207,161,83,246
223,87,215,159,85,249
223,87,223,157,86,251
223,87,231,155,86,252
223,87,239,155,87,253
223,87,247,154,86,254
223,87,255,154,85,254
223,95,0,180,60,31
223,95,7,181,61,36
223,95,15,183,62,41
223,95,23,184,64,46
223,95,31,185,65,52
223,95,39,186,67,59
223,95,47,187,69,64
223,95,55,188,70,68
223,95,63,189,72,73
223,95,71,190,73,79
223,95,79,190,74,84
223,95,87,191,75,91
223,95,95,192,75,98
223,95,103,192,76,105
223,95,111,192,76,113
223,95,119,192,76,122
223,95,127,192,76,131
223,95,135,191,76,141
223,95,143,191,76,153
223,95,151,190,76,167
223,95,159,188,77,182
223,95,167,185,78,197
223,95,175,181,80,212
223,95,183,176,82,225
223,95,191,172,84,235
223,95,199,167,85,243
223,95,207,163,87,246
223,95,215,160,88,249
223,95,223,157,89,251
223,95,231,156,89,252
223,95,239,155,90,253
223,95,247,155,90,254
223,95,255,154,89,254
223,103,0,181,68,31
223,103,7,182,69,36
223,103,15,183,70,41
223,103,23,184,72,47
223,103,31,185,73,52
223,103,39,186,75,58
223,103,47,187,77,64
223,103,55,187,78,68
223,103,63,188,79,73
223,103,71,189,80,78
223,103,79,190,81,83
223,103,87,191,82,89
223,103,95,191,83,96
223,103,103,191,83,103
223,103,111,192,83,110
223,103,119,192,83,118
223,103,127,191,83,127
223,103,135,191,83,137
223,103,143,190,83,148
223,103,151,190,83,160
223,103,159,189,84,174
223,103,167,187,84,189
223,103,175,184,85,205
223,103,183,179,87,219
223,103,191,174,88,232
223,103,199,169,89,241
223,103,207,165,91,246
223,103,215,161,92,249
223,103,223,159,92,251
223,103,231,157,93,253
223,103,239,155,93,253
223,103,247,154,93,254
223,103,255,154,93,253
223,111,0,181,76,32
223,111,7,182,77,36
223,111,15,183,78,41
223,111,23,184,79,47
223,111,31,185,81,52
223,111,39,186,82,58
223,111,47,187,84,64
223,111,55,188,85,68
223,111,63,188,86,73
223,111,71,189,87,78
223,111,79,190,88,83
223,111,87,190,89,89
223,111,95,191,90,95
223,111,103,191,90,101
223,111,111,191,90,108
223,111,119,191,90,116
223,111,127,191,90,124
223,111,135,190,90,132
223,111,143,190,90,142
223,111,151,190,90,154
223,111,159,189,90,167
223,111,167,188,90,182
223,111,175,186,91,198
223,111,183,182,92,213
223,111,191,177,93,227
223,111,199,172,94,237
223,111,207,166,95,246
223,111,215,163,95,249
223,111,223,160,96,252
223,111,231,158,96,253
223,111,239,156,96,254
223,111,247,155,96,253
223,111,255,154,97,253
223,119,0,182,84,32
223,119,7,182,85,36
223,119,15,183,86,40
223,119,23,184,87,46
223,119,31,185,88,53
223,119,39,186,90,58
223,119,47,187,91,63
223,119,55,188,92,68
223,119,63,188,93,73
223,119,71,189,94,77
223,119,79,190,95,82
223,119,87,190,96,88
223,119,95,191,96,94
223,119,103,191,97,100
223,119,111,191,97,106
223,119,119,191,97,113
223,119,127,191,97,121
223,119,135,190,97,129
223,119,143,190,97,138
223,119,151,190,97,148
223,119,159,190,96,160
223,119,167,189,97,175
223,119,175,187,97,190
223,119,183,184,97,207
223,119,191,180,98,221
223,119,199,175,99,234
223,119,207,169,99,243
223,119,215,165,99,249
223,119,223,161,100,251
223,119,231,158,100,253
223,119,239,156,100,254
223,119,247,155,100,254
223,119,255,154,100,253
223,127,0,182,92,33
223,127,7,183,93,36
223,127,15,184,93,40
223,127,23,185,94,46
223,127,31,186,96,53
223,127,39,187,97,58
223,127,47,187,98,63
223,127,55,188,99,69
223,127,63,189,100,73
223,127,71,190,101,77
223,127,79,190,102,82
223,127,87,191,102,87
223,127,95,191,103,93
223,127,103,191,103,99
223,127,111,191,103,105
223,127,119,191,103,112
223,127,127,191,103,119
223,127,135,190,103,127
223,127,143,190,103,135
223,127,151,190,103,144
223,127,159,190,103,155
223,127,167,189,103,168
223,127,175,188,103,183
223,127,183,185,103,200
223,127,191,182,103,215
223,127,199,177,104,229
223,127,207,172,104,239
223,127,215,167,104,247
223,127,223,163,104,251
223,127,231,160,103,253
223,127,239,158,103,254
223,127,247,157,103,254
223,127,255,154,103,253
223,135,0,183,100,33
223,135,7,183,100,36
223,135,15,184,101,40
223,135,23,185,102,45
223,135,31,186,103,52
223,135,39,187,104,59
223,135,47,187,105,63
223,135,55,188,106,68
223,135,63,189,107,73
223,135,71,190,108,77
223,135,79,190,109,82
223,135,87,191,109,87
223,135,95,191,109,93
223,135,103,191,110,98
223,135,111,191,110,104
223,135,119,191,110,111
223,135,127,191,110,117
223,135,135,190,109,125
223,135,143,190,109,132
223,135,151,190,109,141
223,135,159,190,109,150
223,135,167,189,109,161
223,135,175,189,109,176
223,135,183,187,109,192
223,135,191,184,109,209
223,135,199,180,109,224
223,135,207,175,109,237
223,135,215,170,108,244
223,135,223,165,108,250
223,135,231,161,107,252
223,135,239,158,107,254
223,135,247,157,107,254
223,135,255,155,106,254
223,143,0,183,108,35
223,143,7,184,108,38
223,143,15,184,108,41
223,143,23,185,109,46
223,143,31,186,110,51
223,143,39,187,111,59
223,143,47,188,112,64
223,143,55,189,113,68
223,143,63,190,114,73
223,143,71,190,115,77
223,143,79,191,115,82
223,143,87,191,116,87
223,143,95,192,116,93
223,143,103,192,116,98
223,143,111,192,116,104
223,143,119,191,116,110
223,143,127,191,116,116
223,143,135,191,116,123
223,143,143,190,116,130
223,143,151,190,115,138
223,143,159,190,115,147
223,143,167,190,115,156
223,143,175,190,115,169
223,143,183,188,115,185
223,143,191,186,115,201
223,143,199,183,115,217
223,143,207,178,114,231
223,143,215,173,113,241
223,143,223,168,113,248
223,143,231,164,112,251
223,143,239,160,111,254
223,143,247,157,110,254
223,143,255,154,109,254
223,151,0,183,115,36
223,151,7,184,115,39
223,151,15,184,116,42
223,151,23,185,116,46
223,151,31,186,117,51
223,151,39,187,118,58
223,151,47,188,119,64
223,151,55,189,120,68
223,151,63,190,121,73
223,151,71,190,122,78
223,151,79,191,122,82
223,151,87,191,123,87
223,151,95,192,123,93
223,151,103,192,123,98
223,151,111,192,123,104
223,151,119,192,123,109
223,151,127,192,123,116
223,151,135,191,123,122
223,151,143,191,122,129
223,151,151,190,122,136
223,151,159,190,122,144
223,151,167,190,122,153
223,151,175,190,122,164
223,151,183,190,122,178
223,151,191,189,122,193
223,151,199,185,121,210
223,151,207,181,121,225
223,151,215,176,120,237
223,151,223,171,118,245
223,151,231,166,117,250
223,151,239,162,116,253
223,151,247,159,114,255
223,151,255,156,113,254
223,159,0,184,122,36
223,159,7,184,122,40
223,159,15,185,123,43
223,159,23,186,124,47
223,159,31,186,124,52
223,159,39,187,125,57
223,159,47,188,127,63
223,159,55,189,127,68
223,159,63,190,128,73
223,159,71,191,129,78
223,159,79,191,130,82
223,159,87,192,130,87
223,159,95,192,130,93
223,159,103,193,130,98
223,159,111,193,130,104
223,159,119,192,130,109
223,159,127,192,130,115
223,159,135,192,130,121
223,159,143,191,130,127
223,159,151,191,130,134
223,159,159,191,129,142
223,159,167,191,129,150
223,159,175,191,130,160
223,159,183,191,130,172
223,159,191,190,129,186
223,159,199,188,129,202
223,159,207,184,128,218
223,159,215,179,127,231
223,159,223,174,125,242
223,159,231,169,123,248
223,159,239,164,121,252
223,159,247,160,119,254
223,159,255,156,117,255
223,167,0,184,129,37
223,167,7,184,129,40
223,167,15,185,130,44
223,167,23,186,131,49
223,167,31,186,132,53
223,167,39,187,133,58
223,167,47,188,134,63
223,167,55,190,135,69
223,167,63,190,136,73
223,167,71,191,137,78
223,167,79,192,137,83
223,167,87,192,138,88
223,167,95,193,138,93
223,167,103,193,138,98
223,167,111,193,138,104
223,167,119,193,138,109
223,167,127,193,138,115
223,167,135,192,138,121
223,167,143,192,138,127
223,167,151,192,138,133
223,167,159,191,138,140
223,167,167,191,138,147
223,167,175,191,138,156
223,167,183,192,138,167
223,167,191,192,138,180
223,167,199,191,137,195
223,167,207,188,136,211
223,167,215,183,135,226
223,167,223,177,132,236
223,167,231,172,129,245
223,167,239,167,127,251
223,167,247,163,125,254
223,167,255,158,122,255
223,175,0,183,136,37
223,175,7,184,136,40
223,175,15,184,137,44
223,175,23,185,138,48
223,175,31,186,139,55
223,175,39,187,140,59
223,175,47,188,141,63
223,175,55,189,143,68
223,175,63,190,144,73
223,175,71,191,145,78
223,175,79,192,146,83
223,175,87,193,146,88
223,175,95,193,146,93
223,175,103,194,147,98
223,175,111,194,147,104
223,175,119,194,147,109
223,175,127,194,147,115
223,175,135,193,147,120
223,175,143,193,146,126
223,175,151,193,146,132
223,175,159,192,146,139
223,175,167,192,146,145
223,175,175,193,146,153
223,175,183,193,146,163
223,175,191,194,146,175
223,175,199,193,146,188
223,175,207,191,145,204
223,175,215,186,143,219
223,175,223,181,140,232
223,175,231,175,137,242
223,175,239,170,134,249
223,175,247,166,131,253
223,175,255,161,128,255
223,183,0,183,143,38
223,183,7,184,144,41
223,183,15,184,145,44
223,183,23,185,146,48
223,183,31,186,147,54
223,183,39,187,148,60
223,183,47,188,149,64
223,183,55,189,151,68
223,183,63,191,152,73
223,183,71,192,153,78
223,183,79,192,154,83
223,183,87,193,155,88
223,183,95,194,155,93
223,183,103,194,156,99
223,183,111,195,156,104
223,183,119,195,156,109
223,183,127,194,156,115
223,183,135,194,156,120
223,183,143,194,156,126
223,183,151,194,156,132
223,183,159,194,155,138
223,183,167,194,155,145
223,183,175,194,155,151
223,183,183,194,155,160
223,183,191,195,155,170
223,183,199,195,155,183
223,183,207,193,154,198
223,183,215,190,152,213
223,183,223,185,149,226
223,183,231,180,146,237
223,183,239,174,142,247
223,183,247,169,138,251
223,183,255,164,134,255
223,191,0,183,151,40
223,191,7,183,152,42
223,191,15,184,153,45
223,191,23,184,154,48
223,191,31,185,155,53
223,191,39,187,156,59
223,191,47,188,158,65
223,191,55,189,159,69
223,191,63,190,161,73
223,191,71,191,162,78
223,191,79,192,163,83
223,191,87,193,164,88
223,191,95,194,165,93
223,191,103,195,166,99
223,191,111,195,166,104
223,191,119,195,166,109
223,191,127,196,166,115
223,191,135,196,166,120
223,191,143,196,166,126
223,191,151,195,166,132
223,191,159,195,165,138
223,191,167,195,165,144
223,191,175,195,165,151
223,191,183,196,166,158
223,191,191,196,165,167
223,191,199,196,165,178
223,191,207,196,164,192
223,191,215,193,162,207
223,191,223,189,159,221
223,191,231,184,156,234
223,191,239,178,152,243
223,191,247,173,147,251
223,191,255,167,142,254
223,199,0,182,159,41
223,199,7,182,160,43
223,199,15,183,161,45
223,199,23,184,162,49
223,199,31,185,163,53
223,199,39,186,165,58
223,199,47,187,167,64
223,199,55,189,169,69
223,199,63,190,170,73
223,199,71,191,172,78
223,199,79,192,173,83
223,199,87,193,174,88
223,199,95,194,175,93
223,199,103,195,176,99
223,199,111,195,176,104
223,199,119,196,177,109
223,199,127,196,177,115
223,199,135,196,177,120
223,199,143,196,176,126
223,199,151,196,176,132
223,199,159,197,176,138
223,199,167,197,176,144
223,199,175,197,176,150
223,199,183,197,176,157
223,199,191,198,176,165
223,199,199,198,176,174
223,199,207,197,175,187
223,199,215,196,174,201
223,199,223,193,171,216
223,199,231,188,167,229
223,199,239,183,162,241
223,199,247,177,157,249
223,199,255,172,152,254
223,207,0,181,168,41
223,207,7,181,169,44
223,207,15,182,170,47
223,207,23,183,171,50
223,207,31,184,172,54
223,207,39,185,174,58
223,207,47,186,176,63
223,207,55,188,178,69
223,207,63,189,180,74
223,207,71,191,182,78
223,207,79,192,184,83
223,207,87,193,185,88
223,207,95,194,186,93
223,207,103,195,187,99
223,207,111,196,188,104
223,207,119,196,188,110
223,207,127,197,188,115
223,207,135,197,188,121
223,207,143,197,188,126
223,207,151,198,188,132
223,207,159,198,188,138
223,207,167,198,188,144
223,207,175,198,188,150
223,207,183,198,188,157
223,207,191,199,188,163
223,207,199,199,188,172
223,207,207,199,188,183
223,207,215,199,186,196
223,207,223,197,184,211
223,207,231,193,180,225
223,207,239,188,175,237
223,207,247,183,170,247
223,207,255,178,164,253
223,215,0,179,178,41
223,215,7,180,179,44
223,215,15,180,180,47
223,215,23,182,181,52
223,215,31,183,182,56
223,215,39,184,184,60
223,215,47,185,186,64
223,215,55,187,188,69
223,215,63,188,190,74
223,215,71,190,192,78
223,215,79,191,194,83
223,215,87,192,196,88
223,215,95,193,197,93
223,215,103,194,198,99
223,215,111,195,199,104
223,215,119,196,200,110
223,215,127,197,200,115
223,215,135,198,200,121
223,215,143,198,200,126
223,215,151,198,200,132
223,215,159,199,200,138
223,215,167,199,200,144
223,215,175,199,200,151
223,215,183,200,200,157
223,215,191,200,200,164
223,215,199,201,201,172
223,215,207,201,201,181
223,215,215,201,200,193
223,215,223,200,198,207
223,215,231,197,195,221
223,215,239,193,190,235
223,215,247,188,184,246
223,215,255,183,178,252
223,223,0,177,189,41
223,223,7,177,190,43
223,223,15,178,190,46
223,223,23,179,192,51
223,223,31,181,193,56
223,223,39,182,195,61
223,223,47,183,196,64
223,223,55,185,198,68
223,223,63,186,200,73
223,223,71,188,203,78
223,223,79,189,204,83
223,223,87,191,206,88
223,223,95,192,208,93
223,223,103,194,209,99
223,223,111,195,210,104
223,223,119,196,211,110
223,223,127,197,211,115
223,223,135,198,212,121
223,223,143,198,212,127
223,223,151,199,212,132
223,223,159,199,212,138
223,223,167,200,212,144
223,223,175,200,213,151
223,223,183,201,213,157
223,223,191,201,213,164
223,223,199,202,213,172
223,223,207,202,213,181
223,223,215,203,214,192
223,223,223,203,213,204
223,223,231,201,210,218
223,223,239,197,205,232
223,223,247,194,200,244
223,223,255,190,196,252
223,231,0,174,200,41
223,231,7,175,201,43
223,231,15,176,201,45
223,231,23,177,202,49
223,231,31,178,204,54
223,231,39,180,206,60
223,231,47,181,207,65
223,231,55,183,209,69
223,231,63,184,211,73
223,231,71,186,213,77
223,231,79,188,215,82
223,231,87,189,217,88
223,231,95,191,218,93
223,231,103,193,220,99
223,231,111,194,221,104
223,231,119,195,222,110
223,231,127,196,223,116
223,231,135,198,223,121
223,231,143,198,224,127
223,231,151,199,224,133
223,231,159,200,224,139
223,231,167,201,224,145
223,231,175,201,225,151
223,231,183,201,225,158
223,231,191,201,225,165
223,231,199,202,226,172
223,231,207,203,226,181
223,231,215,204,227,191
223,231,223,205,227,203
223,231,231,204,225,215
223,231,239,202,221,229
223,231,247,198,216,243
223,231,255,195,212,251
223,239,0,171,211,42
223,239,7,172,212,44
223,239,15,172,212,46
223,239,23,173,213,49
223,239,31,175,214,53
223,239,39,176,216,58
223,239,47,178,218,64
223,239,55,180,220,69
223,239,63,182,221,73
223,239,71,183,223,77
223,239,79,185,225,82
223,239,87,187,227,87
223,239,95,189,229,93
223,239,103,191,230,99
223,239,111,193,232,104
223,239,119,194,233,110
223,239,127,196,234,116
223,239,135,197,234,122
223,239,143,199,235,128
223,239,151,199,235,134
223,239,159,200,236,140
223,239,167,201,236,146
223,239,175,201,236,152
223,239,183,201,237,158
223,239,191,202,237,165
223,239,199,202,238,173
223,239,207,203,238,182
223,239,215,204,239,191
223,239,223,205,239,202
223,239,231,205,239,214
223,239,239,204,236,227
223,239,247,202,233,241
223,239,255,200,229,254
223,247,0,168,222,44
223,247,7,169,222,45
223,247,15,169,223,47
223,247,23,170,224,49
223,247,31,172,225,53
223,247,39,173,226,57
223,247,47,175,228,62
223,247,55,177,230,68
223,247,63,179,232,72
223,247,71,181,233,77
223,247,79,183,235,81
223,247,87,185,237,87
223,247,95,187,238,92
223,247,103,189,240,98
223,247,111,191,241,104
223,247,119,193,242,110
223,247,127,195,243,116
223,247,135,196,244,122
223,247,143,198,245,128
223,247,151,199,245,134
223,247,159,200,246,140
223,247,167,201,246,146
223,247,175,201,247,153
223,247,183,202,247,159
223,247,191,202,248,166
223,247,199,203,248,173
223,247,207,203,248,181
223,247,215,204,249,191
223,247,223,205,249,201
223,247,231,206,249,212
223,247,239,206,248,225
223,247,247,204,245,240
223,247,255,203,243,250
223,255,0,165,233,43
223,255,7,166,233,45
223,255,15,167,234,47
223,255,23,167,235,49
223,255,31,168,236,52
223,255,39,170,237,56
223,255,47,172,238,60
223,255,55,174,240,64
223,255,63,176,242,70
223,255,71,178,243,74
223,255,79,180,245,78
223,255,87,183,247,83
223,255,95,185,248,89
223,255,103,187,249,96
223,255,111,190,250,104
223,255,119,192,251,110
223,255,127,194,252,116
223,255,135,196,252,122
223,255,143,197,253,128
223,255,151,199,253,134
223,255,159,200,253,140
223,255,167,201,253,146
223,255,175,201,253,153
223,255,183,202,254,160
223,255,191,202,254,167
223,255,199,203,255,174
223,255,207,203,255,182
223,255,215,204,255,190
223,255,223,205,255,200
223,255,231,206,254,210
223,255,239,207,254,223
223,255,247,207,254,237
223,255,255,206,251,250
231,0,0,194,3,31
231,0,7,197,3,37
231,0,15,199,4,42
231,0,23,202,4,48
231,0,31,205,5,56
231,0,39,208,6,62
231,0,47,211,6,69
231,0,55,213,7,76
231,0,63,215,7,84
231,0,71,216,7,94
231,0,79,218,8,106
231,0,87,218,8,118
231,0,95,218,8,131
231,0,103,217,8,146
231,0,111,215,8,160
231,0,119,212,9,176
231,0,127,208,10,190
231,0,135,204,13,203
231,0,143,199,17,215
231,0,151,194,22,224
231,0,159,188,27,231
231,0,167,183,32,236
231,0,175,179,36,238
231,0,183,175,40,240
231,0,191,173,42,242
231,0,199,170,45,244
231,0,207,169,47,245
231,0,215,168,48,247
231,0,223,167,49,249
231,0,231,167,50,250
231,0,239,166,51,252
231,0,247,166,52,254
231,0,255,165,53,255
231,7,0,194,3,31
231,7,7,197,4,37
231,7,15,199,4,42
231,7,23,202,5,48
231,7,31,205,6,56
231,7,39,208,7,62
231,7,47,210,7,69
231,7,55,212,8,76
231,7,63,214,8,84
231,7,71,216,9,94
231,7,79,217,9,105
231,7,87,218,9,116
231,7,95,218,9,130
231,7,103,217,9,144
231,7,111,215,10,158
231,7,119,212,11,174
231,7,127,208,12,188
231,7,135,204,15,201
231,7,143,199,19,213
231,7,151,194,24,223
231,7,159,189,29,229
231,7,167,184,34,235
231,7,175,179,39,237
231,7,183,175,42,240
231,7,191,173,45,242
231,7,199,171,47,244
231,7,207,169,49,245
231,7,215,168,50,247
231,7,223,167,51,249
231,7,231,167,52,250
231,7,239,167,53,252
231,7,247,166,53,254
231,7,255,166,55,254
231,15,0,194,4,31
231,15,7,196,4,37
231,15,15,198,5,42
231,15,23,201,6,48
231,15,31,205,7,56
231,15,39,207,8,62
231,15,47,210,9,68
231,15,55,212,9,75
231,15,63,214,10,83
231,15,71,215,10,93
231,15,79,217,11,103
231,15,87,217,11,115
231,15,95,217,11,128
231,15,103,216,11,142
231,15,111,215,12,156
231,15,119,212,13,171
231,15,127,208,14,186
231,15,135,204,17,199
231,15,143,200,21,211
231,15,151,194,26,221
231,15,159,189,31,228
231,15,167,184,37,234
231,15,175,179,42,237
231,15,183,176,45,239
231,15,191,173,48,241
231,15,199,171,50,243
231,15,207,169,52,245
231,15,215,168,53,247
231,15,223,167,54,249
231,15,231,167,55,250
231,15,239,167,55,252
231,15,247,167,56,254
231,15,255,166,57,254
231,23,0,193,5,31
231,23,7,196,6,37
231,23,15,198,7,42
231,23,23,201,8,48
231,23,31,204,9,56
231,23,39,206,10,62
231,23,47,209,11,68
231,23,55,211,12,75
231,23,63,213,12,82
231,23,71,215,13,91
231,23,79,216,13,102
231,23,87,217,14,113
231,23,95,217,14,125
231,23,103,216,14,139
231,23,111,214,15,153
231,23,119,212,16,168
231,23,127,208,18,182
231,23,135,205,20,196
231,23,143,200,24,209
231,23,151,195,29,218
231,23,159,190,34,226
231,23,167,184,39,232
231,23,175,180,45,236
231,23,183,176,50,238
231,23,191,173,52,241
231,23,199,171,54,243
231,23,207,169,56,245
231,23,215,168,57,247
231,23,223,167,58,249
231,23,231,167,58,250
231,23,239,167,58,252
231,23,247,167,59,254
231,23,255,166,59,254
231,31,0,193,7,31
231,31,7,195,8,37
231,31,15,197,9,41
231,31,23,200,10,48
231,31,31,203,12,55
231,31,39,206,13,61
231,31,47,208,14,67
231,31,55,210,15,74
231,31,63,212,16,81
231,31,71,213,17,90
231,31,79,215,17,99
231,31,87,216,18,110
231,31,95,216,18,122
231,31,103,215,19,135
231,31,111,214,19,149
231,31,119,211,20,164
231,31,127,208,22,178
231,31,135,205,25,192
231,31,143,200,28,205
231,31,151,195,32,215
231,31,159,190,37,224
231,31,167,185,43,230
231,31,175,181,48,235
231,31,183,177,52,238
231,31,191,174,56,241
231,31,199,171,59,243
231,31,207,169,61,245
231,31,215,168,62,247
231,31,223,167,62,249
231,31,231,167,63,250
231,31,239,167,63,252
231,31,247,167,62,253
231,31,255,167,62,254
231,39,0,192,11,31
231,39,7,195,12,36
231,39,15,197,13,41
231,39,23,199,15,47
231,39,31,202,16,55
231,39,39,205,18,61
231,39,47,207,19,67
231,39,55,209,20,73
231,39,63,211,21,80
231,39,71,212,22,88
231,39,79,213,23,97
231,39,87,214,23,107
231,39,95,214,23,118
231,39,103,214,24,131
231,39,111,213,25,144
231,39,119,211,26,158
231,39,127,208,28,173
231,39,135,205,30,187
231,39,143,201,33,200
231,39,151,196,37,212
231,39,159,191,41,221
231,39,167,186,46,229
231,39,175,182,51,234
231,39,183,178,55,238
231,39,191,175,59,241
231,39,199,172,63,243
231,39,207,170,66,245
231,39,215,168,68,247
231,39,223,167,68,248
231,39,231,166,68,250
231,39,239,167,67,252
231,39,247,167,67,253
231,39,255,167,66,254
231,47,0,192,16,31
231,47,7,194,17,36
231,47,15,196,18,41
231,47,23,198,20,47
231,47,31,201,22,54
231,47,39,204,24,60
231,47,47,206,25,66
231,47,55,207,26,72
231,47,63,209,27,78
231,47,71,210,28,86
231,47,79,212,29,95
231,47,87,212,29,104
231,47,95,213,30,115
231,47,103,213,30,126
231,47,111,212,31,139
231,47,119,210,32,152
231,47,127,208,34,166
231,47,135,205,36,181
231,47,143,201,38,195
231,47,151,197,42,208
231,47,159,192,46,218
231,47,167,187,50,226
231,47,175,183,55,233
231,47,183,179,59,237
231,47,191,175,63,240
231,47,199,173,66,243
231,47,207,170,69,245
231,47,215,168,72,247
231,47,223,167,73,249
231,47,231,166,73,250
231,47,239,166,72,252
231,47,247,167,71,253
231,47,255,167,71,254
231,55,0,191,22,31
231,55,7,193,23,36
231,55,15,195,24,41
231,55,23,197,26,47
231,55,31,200,28,54
231,55,39,202,30,60
231,55,47,204,32,65
231,55,55,206,33,71
231,55,63,207,34,77
231,55,71,208,35,85
231,55,79,210,36,93
231,55,87,210,36,102
231,55,95,211,37,112
231,55,103,211,37,122
231,55,111,210,38,134
231,55,119,209,39,147
231,55,127,207,40,160
231,55,135,205,42,175
231,55,143,202,44,189
231,55,151,198,47,203
231,55,159,193,50,214
231,55,167,188,54,224
231,55,175,184,59,231
231,55,183,179,63,236
231,55,191,176,66,240
231,55,199,173,69,243
231,55,207,171,72,245
231,55,215,169,74,247
231,55,223,168,75,249
231,55,231,166,76,250
231,55,239,166,77,252
231,55,247,166,76,253
231,55,255,167,75,254
231,63,0,190,28,31
231,63,7,192,30,36
231,63,15,194,31,41
231,63,23,196,33,47
231,63,31,198,35,53
231,63,39,200,37,60
231,63,47,202,39,65
231,63,55,203,40,70
231,63,63,205,42,76
231,63,71,206,43,83
231,63,79,207,43,91
231,63,87,208,44,99
231,63,95,209,44,108
231,63,103,209,45,118
231,63,111,209,45,129
231,63,119,208,45,141
231,63,127,207,46,154
231,63,135,205,47,168
231,63,143,202,49,183
231,63,151,199,52,197
231,63,159,194,55,210
231,63,167,190,59,221
231,63,175,184,63,229
231,63,183,180,66,235
231,63,191,176,70,240
231,63,199,173,72,243
231,63,207,171,75,245
231,63,215,169,76,247
231,63,223,168,78,249
231,63,231,167,79,251
231,63,239,166,79,252
231,63,247,166,79,253
231,63,255,166,79,254
231,71,0,190,35,31
231,71,7,192,37,36
231,71,15,193,39,41
231,71,23,195,40,46
231,71,31,197,42,53
231,71,39,199,45,59
231,71,47,200,46,64
231,71,55,201,48,70
231,71,63,202,49,75
231,71,71,203,51,81
231,71,79,204,52,89
231,71,87,205,52,96
231,71,95,206,52,105
231,71,103,206,53,114
231,71,111,206,53,125
231,71,119,206,53,136
231,71,127,205,53,148
231,71,135,204,54,161
231,71,143,202,55,175
231,71,151,199,57,190
231,71,159,196,60,204
231,71,167,191,62,217
231,71,175,186,66,227
231,71,183,182,69,234
231,71,191,177,73,239
231,71,199,174,75,243
231,71,207,171,78,245
231,71,215,169,79,248
231,71,223,168,80,250
231,71,231,167,81,251
231,71,239,167,82,252
231,71,247,167,82,253
231,71,255,167,81,253
231,79,0,190,43,31
231,79,7,191,44,36
231,79,15,193,46,41
231,79,23,194,47,46
231,79,31,196,49,52
231,79,39,198,52,59
231,79,47,199,53,64
231,79,55,200,55,69
231,79,63,201,57,75
231,79,71,202,58,80
231,79,79,203,59,87
231,79,87,204,60,94
231,79,95,204,60,102
231,79,103,205,60,111
231,79,111,205,60,120
231,79,119,204,61,131
231,79,127,204,61,142
231,79,135,203,61,154
231,79,143,202,62,168
231,79,151,200,63,183
231,79,159,197,65,198
231,79,167,193,67,212
231,79,175,188,70,224
231,79,183,184,73,233
231,79,191,179,76,239
231,79,199,175,78,243
231,79,207,172,80,245
231,79,215,169,82,248
231,79,223,167,83,250
231,79,231,167,84,252
231,79,239,166,84,253
231,79,247,167,84,253
231,79,255,167,84,253
231,87,0,190,51,31
231,87,7,191,52,36
231,87,15,192,53,41
231,87,23,194,55,47
231,87,31,195,57,52
231,87,39,197,59,59
231,87,47,198,61,64
231,87,55,199,62,69
231,87,63,200,64,74
231,87,71,201,65,80
231,87,79,202,66,86
231,87,87,202,67,93
231,87,95,203,67,100
231,87,103,203,68,108
231,87,111,203,68,117
231,87,119,203,68,126
231,87,127,203,68,137
231,87,135,203,68,148
231,87,143,202,68,161
231,87,151,200,69,175
231,87,159,198,70,191
231,87,167,194,72,206
231,87,175,190,74,220
231,87,183,185,77,230
231,87,191,181,79,237
231,87,199,177,82,243
231,87,207,174,83,246
231,87,215,171,85,248
231,87,223,169,86,250
231,87,231,167,87,252
231,87,239,166,87,253
231,87,247,166,87,254
231,87,255,166,86,254
231,95,0,190,58,31
231,95,7,191,59,35
231,95,15,192,61,41
231,95,23,194,63,47
231,95,31,195,64,52
231,95,39,196,66,58
231,95,47,197,68,64
231,95,55,198,70,69
231,95,63,199,71,74
231,95,71,200,73,79
231,95,79,200,74,84
231,95,87,201,75,91
231,95,95,202,75,98
231,95,103,202,75,105
231,95,111,202,76,114
231,95,119,202,76,122
231,95,127,202,76,132
231,95,135,202,76,142
231,95,143,201,76,154
231,95,151,201,76,168
231,95,159,199,77,183
231,95,167,196,78,199
231,95,175,193,79,214
231,95,183,188,81,226
231,95,191,183,83,236
231,95,199,178,85,242
231,95,207,174,87,246
231,95,215,171,88,249
231,95,223,169,89,251
231,95,231,168,90,252
231,95,239,167,90,253
231,95,247,166,90,253
231,95,255,166,90,253
231,103,0,190,66,32
231,103,7,191,67,36
231,103,15,192,69,40
231,103,23,194,70,47
231,103,31,195,72,53
231,103,39,196,74,58
231,103,47,197,76,64
231,103,55,198,77,69
231,103,63,199,79,73
231,103,71,199,80,78
231,103,79,200,81,84
231,103,87,201,82,90
231,103,95,201,82,96
231,103,103,201,83,103
231,103,111,202,83,111
231,103,119,202,83,119
231,103,127,201,83,128
231,103,135,201,83,137
231,103,143,201,83,148
231,103,151,200,83,160
231,103,159,200,83,175
231,103,167,198,84,191
231,103,175,195,85,206
231,103,183,190,86,220
231,103,191,185,88,232
231,103,199,180,89,240
231,103,207,176,91,246
231,103,215,172,92,249
231,103,223,169,93,251
231,103,231,167,93,252
231,103,239,166,94,253
231,103,247,166,94,253
231,103,255,166,93,253
231,111,0,191,74,32
231,111,7,192,75,36
231,111,15,193,76,40
231,111,23,194,78,46
231,111,31,195,79,53
231,111,39,196,81,58
231,111,47,197,83,64
231,111,55,198,84,69
231,111,63,198,86,73
231,111,71,199,87,78
231,111,79,200,88,83
231,111,87,200,89,89
231,111,95,201,89,95
231,111,103,201,90,102
231,111,111,201,90,109
231,111,119,201,90,116
231,111,127,201,90,124
231,111,135,200,90,133
231,111,143,200,90,143
231,111,151,200,90,154
231,111,159,200,90,168
231,111,167,199,90,183
231,111,175,196,91,199
231,111,183,193,92,214
231,111,191,188,93,227
231,111,199,183,94,237
231,111,207,178,95,244
231,111,215,174,95,249
231,111,223,171,96,251
231,111,231,169,96,253
231,111,239,167,97,254
231,111,247,166,97,254
231,111,255,164,97,253
231,119,0,192,82,33
231,119,7,192,83,36
231,119,15,193,84,40
231,119,23,194,85,46
231,119,31,195,87,53
231,119,39,196,88,58
231,119,47,197,90,63
231,119,55,198,91,69
231,119,63,199,92,73
231,119,71,199,94,78
231,119,79,200,94,83
231,119,87,200,95,88
231,119,95,201,96,94
231,119,103,201,96,100
231,119,111,201,96,107
231,119,119,201,97,114
231,119,127,200,97,122
231,119,135,200,97,130
231,119,143,200,97,139
231,119,151,200,96,149
231,119,159,200,96,161
231,119,167,199,96,176
231,119,175,198,97,192
231,119,183,195,97,208
231,119,191,191,98,222
231,119,199,185,98,234
231,119,207,180,99,242
231,119,215,174,100,249
231,119,223,171,100,251
231,119,231,169,100,253
231,119,239,168,100,254
231,119,247,167,100,254
231,119,255,165,100,253
231,127,0,192,90,34
231,127,7,193,91,37
231,127,15,193,92,40
231,127,23,194,93,46
231,127,31,196,94,52
231,127,39,197,96,59
231,127,47,197,97,63
231,127,55,198,98,69
231,127,63,199,99,73
231,127,71,199,100,78
231,127,79,200,101,83
231,127,87,200,102,88
231,127,95,201,102,93
231,127,103,201,103,99
231,127,111,201,103,106
231,127,119,201,103,112
231,127,127,200,103,120
231,127,135,200,103,128
231,127,143,200,103,136
231,127,151,200,103,145
231,127,159,200,103,156
231,127,167,199,103,168
231,127,175,198,103,184
231,127,183,196,103,200
231,127,191,193,103,216
231,127,199,188,103,229
231,127,207,183,104,240
231,127,215,178,104,246
231,127,223,173,104,251
231,127,231,170,104,253
231,127,239,167,104,254
231,127,247,166,104,254
231,127,255,165,104,254
231,135,0,193,98,34
231,135,7,193,99,37
231,135,15,194,99,41
231,135,23,195,100,45
231,135,31,196,101,51
231,135,39,197,103,59
231,135,47,198,104,64
231,135,55,199,105,68
231,135,63,199,106,73
231,135,71,200,107,78
231,135,79,200,108,82
231,135,87,201,108,88
231,135,95,201,109,93
231,135,103,201,109,99
231,135,111,201,109,105
231,135,119,201,109,111
231,135,127,200,109,118
231,135,135,200,109,126
231,135,143,200,109,133
231,135,151,200,109,142
231,135,159,200,109,151
231,135,167,200,109,162
231,135,175,199,109,176
231,135,183,198,109,193
231,135,191,195,109,209
231,135,199,191,109,224
231,135,207,185,109,236
231,135,215,180,108,244
231,135,223,175,108,250
231,135,231,171,108,252
231,135,239,168,107,254
231,135,247,166,107,254
231,135,255,164,107,254
231,143,0,193,106,35
231,143,7,194,106,39
231,143,15,194,107,42
231,143,23,195,108,46
231,143,31,196,109,51
231,143,39,197,110,58
231,143,47,198,111,64
231,143,55,199,112,68
231,143,63,199,113,73
231,143,71,200,114,78
231,143,79,200,114,83
231,143,87,201,115,88
231,143,95,201,115,93
231,143,103,201,116,99
231,143,111,201,116,104
231,143,119,201,116,111
231,143,127,201,116,117
231,143,135,200,116,124
231,143,143,200,115,131
231,143,151,200,115,139
231,143,159,200,115,147
231,143,167,200,115,157
231,143,175,199,115,170
231,143,183,198,115,185
231,143,191,197,115,201
231,143,199,193,115,218
231,143,207,188,114,231
231,143,215,183,114,242
231,143,223,177,113,248
231,143,231,172,112,252
231,143,239,169,111,254
231,143,247,166,111,255
231,143,255,163,110,254
231,151,0,193,113,36
231,151,7,194,114,39
231,151,15,195,114,44
231,151,23,195,115,47
231,151,31,196,116,52
231,151,39,197,117,58
231,151,47,198,118,64
231,151,55,199,119,69
231,151,63,200,120,73
231,151,71,201,121,78
231,151,79,201,121,83
231,151,87,201,122,88
231,151,95,202,122,93
231,151,103,202,122,99
231,151,111,202,122,104
231,151,119,202,123,110
231,151,127,201,122,116
231,151,135,201,122,123
231,151,143,200,122,130
231,151,151,200,122,137
231,151,159,200,122,145
231,151,167,200,122,154
231,151,175,200,122,165
231,151,183,200,122,178
231,151,191,198,122,194
231,151,199,195,121,210
231,151,207,191,121,226
231,151,215,185,120,237
231,151,223,180,118,245
231,151,231,175,117,250
231,151,239,171,116,253
231,151,247,167,115,254
231,151,255,163,113,254
231,159,0,193,120,36
231,159,7,194,121,40
231,159,15,195,121,44
231,159,23,196,122,49
231,159,31,196,123,53
231,159,39,197,124,58
231,159,47,198,125,63
231,159,55,199,126,69
231,159,63,200,127,73
231,159,71,200,128,78
231,159,79,201,129,83
231,159,87,201,129,88
231,159,95,202,129,93
231,159,103,202,130,99
231,159,111,202,130,104
231,159,119,202,130,110
231,159,127,202,130,116
231,159,135,201,130,122
231,159,143,201,130,128
231,159,151,200,129,135
231,159,159,200,129,143
231,159,167,200,129,151
231,159,175,200,129,160
231,159,183,200,129,172
231,159,191,200,129,187
231,159,199,198,129,202
231,159,207,194,128,218
231,159,215,189,127,232
231,159,223,183,125,242
231,159,231,177,123,248
231,159,239,172,121,253
231,159,247,168,119,254
231,159,255,164,117,255
231,167,0,193,127,37
231,167,7,194,128,40
231,167,15,195,128,43
231,167,23,196,129,48
231,167,31,197,130,55
231,167,39,197,131,59
231,167,47,198,132,63
231,167,55,199,134,69
231,167,63,200,135,74
231,167,71,201,135,78
231,167,79,202,136,83
231,167,87,202,137,88
231,167,95,202,137,93
231,167,103,203,137,99
231,167,111,203,138,104
231,167,119,202,138,110
231,167,127,202,138,116
231,167,135,202,137,121
231,167,143,201,137,128
231,167,151,201,137,134
231,167,159,200,137,141
231,167,167,200,137,148
231,167,175,201,137,157
231,167,183,201,137,168
231,167,191,201,137,181
231,167,199,200,137,196
231,167,207,197,136,211
231,167,215,192,135,226
231,167,223,186,132,237
231,167,231,180,129,246
231,167,239,175,127,251
231,167,247,171,125,254
231,167,255,166,122,255
231,175,0,193,134,38
231,175,7,194,135,40
231,175,15,195,135,44
231,175,23,195,136,48
231,175,31,197,138,54
231,175,39,198,139,60
231,175,47,199,140,64
231,175,55,199,141,69
231,175,63,201,143,74
231,175,71,201,143,78
231,175,79,202,144,83
231,175,87,202,145,88
231,175,95,203,145,94
231,175,103,203,146,99
231,175,111,203,146,104
231,175,119,203,146,110
231,175,127,203,146,115
231,175,135,203,146,121
231,175,143,202,146,127
231,175,151,202,146,133
231,175,159,201,146,140
231,175,167,201,146,146
231,175,175,201,146,154
231,175,183,202,146,164
231,175,191,202,146,175
231,175,199,203,146,189
231,175,207,200,145,205
231,175,215,196,143,220
231,175,223,190,140,233
231,175,231,184,137,243
231,175,239,178,134,250
231,175,247,173,131,253
231,175,255,168,128,255
231,183,0,194,142,39
231,183,7,194,142,41
231,183,15,195,143,44
231,183,23,195,144,48
231,183,31,196,145,54
231,183,39,198,146,60
231,183,47,199,148,65
231,183,55,199,149,69
231,183,63,200,150,74
231,183,71,201,152,79
231,183,79,202,153,83
231,183,87,203,153,89
231,183,95,203,154,94
231,183,103,204,154,99
231,183,111,204,155,104
231,183,119,204,155,110
231,183,127,204,155,115
231,183,135,204,155,121
231,183,143,203,155,127
231,183,151,203,155,133
231,183,159,203,154,139
231,183,167,202,154,145
231,183,175,203,155,152
231,183,183,203,155,161
231,183,191,204,155,171
231,183,199,204,155,184
231,183,207,203,154,198
231,183,215,199,152,214
231,183,223,194,149,227
231,183,231,188,146,239
231,183,239,182,142,247
231,183,247,176,138,252
231,183,255,170,134,254
231,191,0,193,150,41
231,191,7,194,150,43
231,191,15,194,151,46
231,191,23,195,152,49
231,191,31,196,153,54
231,191,39,197,155,59
231,191,47,199,156,66
231,191,55,200,158,70
231,191,63,201,159,74
231,191,71,202,161,79
231,191,79,203,162,84
231,191,87,203,163,89
231,191,95,204,163,94
231,191,103,204,164,99
231,191,111,205,164,105
231,191,119,205,165,110
231,191,127,205,165,115
231,191,135,205,165,121
231,191,143,205,165,127
231,191,151,204,165,133
231,191,159,204,164,139
231,191,167,204,164,145
231,191,175,204,164,152
231,191,183,204,165,159
231,191,191,205,165,168
231,191,199,205,164,179
231,191,207,204,164,193
231,191,215,202,162,208
231,191,223,198,159,223
231,191,231,192,155,235
231,191,239,186,151,244
231,191,247,180,147,251
231,191,255,174,142,254
231,199,0,192,158,42
231,199,7,193,159,45
231,199,15,194,159,47
231,199,23,194,160,50
231,199,31,195,161,54
231,199,39,196,163,59
231,199,47,198,165,65
231,199,55,199,167,70
231,199,63,200,168,74
231,199,71,201,170,79
231,199,79,203,171,84
231,199,87,203,172,89
231,199,95,204,173,94
231,199,103,205,174,99
231,199,111,205,175,105
231,199,119,206,175,110
231,199,127,206,175,116
231,199,135,206,175,121
231,199,143,206,175,127
231,199,151,206,175,133
231,199,159,206,175,139
231,199,167,206,175,145
231,199,175,205,175,151
231,199,183,206,175,158
231,199,191,206,175,166
231,199,199,206,175,175
231,199,207,206,175,188
231,199,215,205,173,203
231,199,223,201,170,218
231,199,231,196,166,231
231,199,239,191,162,242
231,199,247,185,157,250
231,199,255,179,152,255
231,207,0,192,166,42
231,207,7,192,167,45
231,207,15,193,168,48
231,207,23,194,169,53
231,207,31,195,170,56
231,207,39,196,172,60
231,207,47,197,174,64
231,207,55,199,176,70
231,207,63,200,178,75
231,207,71,201,180,79
231,207,79,202,182,84
231,207,87,204,183,89
231,207,95,204,184,94
231,207,103,205,185,100
231,207,111,206,186,105
231,207,119,206,186,110
231,207,127,206,186,116
231,207,135,207,187,121
231,207,143,207,187,127
231,207,151,207,187,133
231,207,159,207,186,139
231,207,167,207,186,145
231,207,175,207,187,151
231,207,183,207,187,157
231,207,191,207,187,165
231,207,199,208,187,173
231,207,207,208,187,184
231,207,215,208,186,198
231,207,223,205,183,213
231,207,231,202,179,227
231,207,239,196,174,239
231,207,247,190,169,248
231,207,255,184,164,253
231,215,0,190,175,41
231,215,7,191,176,44
231,215,15,192,177,48
231,215,23,193,178,52
231,215,31,194,180,58
231,215,39,195,182,61
231,215,47,196,183,65
231,215,55,198,185,70
231,215,63,199,188,75
231,215,71,201,190,79
231,215,79,202,192,84
231,215,87,203,194,89
231,215,95,204,195,94
231,215,103,205,196,100
231,215,111,206,197,105
231,215,119,206,198,111
231,215,127,207,198,116
231,215,135,207,198,122
231,215,143,208,198,127
231,215,151,208,198,133
231,215,159,208,198,139
231,215,167,208,199,145
231,215,175,208,199,152
231,215,183,209,199,158
231,215,191,209,199,165
231,215,199,209,199,172
231,215,207,210,199,183
231,215,215,210,199,195
231,215,223,209,197,208
231,215,231,206,193,223
231,215,239,202,189,236
231,215,247,196,183,246
231,215,255,191,178,252
231,223,0,189,186,42
231,223,7,189,186,44
231,223,15,190,187,47
231,223,23,191,188,51
231,223,31,192,190,57
231,223,39,194,192,63
231,223,47,195,193,66
231,223,55,196,195,70
231,223,63,198,198,74
231,223,71,199,200,79
231,223,79,200,202,84
231,223,87,202,204,89
231,223,95,203,206,94
231,223,103,204,207,100
231,223,111,205,208,105
231,223,119,206,209,111
231,223,127,207,209,116
231,223,135,208,210,122
231,223,143,208,210,128
231,223,151,209,210,134
231,223,159,209,210,140
231,223,167,210,210,146
231,223,175,210,211,152
231,223,183,210,211,158
231,223,191,210,211,165
231,223,199,211,211,173
231,223,207,212,212,182
231,223,215,212,212,193
231,223,223,212,211,206
231,223,231,210,209,219
231,223,239,206,204,233
231,223,247,202,199,245
231,223,255,198,195,252
231,231,0,186,197,42
231,231,7,187,197,44
231,231,15,188,198,47
231,231,23,189,199,50
231,231,31,190,201,55
231,231,39,191,202,61
231,231,47,193,204,67
231,231,55,194,206,71
231,231,63,196,208,74
231,231,71,197,210,79
231,231,79,199,212,83
231,231,87,200,214,89
231,231,95,202,216,94
231,231,103,203,218,100
231,231,111,204,219,105
231,231,119,206,220,111
231,231,127,207,220,117
231,231,135,208,221,123
231,231,143,209,221,128
231,231,151,209,222,134
231,231,159,210,222,140
231,231,167,210,222,147
231,231,175,210,223,153
231,231,183,211,223,159
231,231,191,211,223,166
231,231,199,211,224,174
231,231,207,213,224,183
231,231,215,214,225,193
231,231,223,214,225,204
231,231,231,213,224,217
231,231,239,210,220,230
231,231,247,207,215,244
231,231,255,204,211,251
231,239,0,184,208,44
231,239,7,184,208,46
231,239,15,185,209,48
231,239,23,186,210,51
231,239,31,187,211,54
231,239,39,189,213,59
231,239,47,190,215,65
231,239,55,192,217,71
231,239,63,194,219,75
231,239,71,195,221,79
231,239,79,197,223,83
231,239,87,199,225,88
231,239,95,200,226,94
231,239,103,202,228,100
231,239,111,204,229,106
231,239,119,205,230,111
231,239,127,207,231,117
231,239,135,208,232,123
231,239,143,209,232,129
231,239,151,210,233,135
231,239,159,211,233,141
231,239,167,211,234,147
231,239,175,212,234,154
231,239,183,212,235,160
231,239,191,212,235,167
231,239,199,212,236,175
231,239,207,213,237,184
231,239,215,214,237,193
231,239,223,215,238,204
231,239,231,215,237,216
231,239,239,213,235,229
231,239,247,211,231,242
231,239,255,209,227,253
231,247,0,181,219,46
231,247,7,181,219,48
231,247,15,182,220,49
231,247,23,183,221,52
231,247,31,184,222,55
231,247,39,185,223,59
231,247,47,187,225,64
231,247,55,189,227,69
231,247,63,191,229,74
231,247,71,193,231,78
231,247,79,194,233,83
231,247,87,196,235,88
231,247,95,198,236,93
231,247,103,200,238,99
231,247,111,202,239,106
231,247,119,204,240,111
231,247,127,206,241,117
231,247,135,207,242,123
231,247,143,209,243,129
231,247,151,210,243,136
231,247,159,211,244,142
231,247,167,212,245,148
231,247,175,212,245,155
231,247,183,212,246,161
231,247,191,213,246,168
231,247,199,213,247,176
231,247,207,214,247,184
231,247,215,215,248,193
231,247,223,216,248,203
231,247,231,216,248,214
231,247,239,216,247,227
231,247,247,214,244,241
231,247,255,212,240,251
231,255,0,177,230,44
231,255,7,178,230,46
231,255,15,179,231,49
231,255,23,180,232,52
231,255,31,181,233,55
231,255,39,182,234,58
231,255,47,184,236,62
231,255,55,186,238,66
231,255,63,188,240,71
231,255,71,190,241,76
231,255,79,192,243,80
231,255,87,194,245,85
231,255,95,196,246,90
231,255,103,198,248,97
231,255,111,201,249,105
231,255,119,203,251,112
231,255,127,205,251,118
231,255,135,207,251,124
231,255,143,208,251,130
231,255,151,210,251,136
231,255,159,211,252,142
231,255,167,211,253,148
231,255,175,212,254,155
231,255,183,213,255,162
231,255,191,213,255,169
231,255,199,214,254,177
231,255,207,214,254,184
231,255,215,215,254,193
231,255,223,216,254,202
231,255,231,217,254,213
231,255,239,218,254,225
231,255,247,218,253,239
231,255,255,216,251,250
239,0,0,205,3,32
239,0,7,207,3,37
239,0,15,210,4,43
239,0,23,212,4,49
239,0,31,216,5,56
239,0,39,219,6,62
239,0,47,221,6,69
239,0,55,224,6,76
239,0,63,226,7,83
239,0,71,227,7,93
239,0,79,229,7,104
239,0,87,229,7,116
239,0,95,229,7,129
239,0,103,228,7,143
239,0,111,227,8,158
239,0,119,224,9,173
239,0,127,220,11,188
239,0,135,216,15,202
239,0,143,211,19,213
239,0,151,206,23,223
239,0,159,201,27,230
239,0,167,196,31,235
239,0,175,193,35,239
239,0,183,190,38,241
239,0,191,188,41,243
239,0,199,187,44,244
239,0,207,185,47,246
239,0,215,184,49,247
239,0,223,183,51,249
239,0,231,183,53,250
239,0,239,183,54,252
239,0,247,184,53,253
239,0,255,184,52,254
239,7,0,204,3,32
239,7,7,207,4,37
239,7,15,209,5,43
239,7,23,212,5,49
239,7,31,216,6,56
239,7,39,219,7,62
239,7,47,221,7,68
239,7,55,223,8,75
239,7,63,225,8,83
239,7,71,227,8,92
239,7,79,228,8,103
239,7,87,229,8,115
239,7,95,229,8,128
239,7,103,228,9,142
239,7,111,226,9,157
239,7,119,224,11,171
239,7,127,220,13,186
239,7,135,216,16,200
239,7,143,211,20,212
239,7,151,206,25,222
239,7,159,201,29,229
239,7,167,197,33,235
239,7,175,193,37,238
239,7,183,190,41,241
239,7,191,188,44,243
239,7,199,187,46,244
239,7,207,185,49,246
239,7,215,184,51,247
239,7,223,183,53,249
239,7,231,183,55,250
239,7,239,183,55,252
239,7,247,183,56,253
239,7,255,184,54,254
239,15,0,204,4,32
239,15,7,207,5,37
239,15,15,209,6,43
239,15,23,212,6,48
239,15,31,215,7,55
239,15,39,218,8,62
239,15,47,221,9,68
239,15,55,223,9,75
239,15,63,225,10,82
239,15,71,226,10,92
239,15,79,228,10,102
239,15,87,228,10,114
239,15,95,228,10,126
239,15,103,228,11,140
239,15,111,226,11,154
239,15,119,223,13,169
239,15,127,220,15,184
239,15,135,216,18,198
239,15,143,212,22,210
239,15,151,207,27,220
239,15,159,202,31,228
239,15,167,197,36,234
239,15,175,194,40,238
239,15,183,191,43,240
239,15,191,188,46,242
239,15,199,187,49,244
239,15,207,185,51,246
239,15,215,184,54,247
239,15,223,183,55,249
239,15,231,183,57,250
239,15,239,183,57,252
239,15,247,183,58,253
239,15,255,183,58,254
239,23,0,204,6,32
239,23,7,206,6,37
239,23,15,209,7,43
239,23,23,211,8,48
239,23,31,215,9,55
239,23,39,218,10,62
239,23,47,220,11,68
239,23,55,222,12,74
239,23,63,224,12,81
239,23,71,226,13,90
239,23,79,227,13,101
239,23,87,228,13,112
239,23,95,228,13,124
239,23,103,227,14,137
239,23,111,226,14,152
239,23,119,223,16,166
239,23,127,220,18,181
239,23,135,216,21,195
239,23,143,212,25,207
239,23,151,208,29,218
239,23,159,203,35,226
239,23,167,198,39,232
239,23,175,194,43,237
239,23,183,191,47,240
239,23,191,189,50,242
239,23,199,187,53,244
239,23,207,185,55,246
239,23,215,184,57,247
239,23,223,184,58,249
239,23,231,183,59,250
239,23,239,184,60,251
239,23,247,184,60,253
239,23,255,183,61,254
239,31,0,204,8,32
239,31,7,206,9,37
239,31,15,208,10,43
239,31,23,211,11,48
239,31,31,214,12,55
239,31,39,217,14,62
239,31,47,219,15,67
239,31,55,222,15,74
239,31,63,223,16,80
239,31,71,225,16,89
239,31,79,226,17,99
239,31,87,227,17,110
239,31,95,227,17,121
239,31,103,226,18,134
239,31,111,225,18,148
239,31,119,223,20,162
239,31,127,220,22,177
239,31,135,217,25,191
239,31,143,213,28,204
239,31,151,208,33,215
239,31,159,204,37,224
239,31,167,199,43,231
239,31,175,195,48,236
239,31,183,191,52,239
239,31,191,189,55,241
239,31,199,187,57,244
239,31,207,185,59,245
239,31,215,184,61,247
239,31,223,184,62,249
239,31,231,184,63,250
239,31,239,184,63,251
239,31,247,184,63,253
239,31,255,184,64,254
239,39,0,203,11,32
239,39,7,205,12,37
239,39,15,208,13,43
239,39,23,210,15,48
239,39,31,213,16,54
239,39,39,216,18,61
239,39,47,218,19,67
239,39,55,220,20,73
239,39,63,222,21,79
239,39,71,223,22,87
239,39,79,225,22,97
239,39,87,225,23,107
239,39,95,226,23,118
239,39,103,225,23,130
239,39,111,224,24,143
239,39,119,223,25,157
239,39,127,220,27,172
239,39,135,217,30,186
239,39,143,213,33,200
239,39,151,209,36,212
239,39,159,205,41,221
239,39,167,200,46,229
239,39,175,196,51,235
239,39,183,192,56,238
239,39,191,189,60,241
239,39,199,187,63,243
239,39,207,185,64,245
239,39,215,184,66,247
239,39,223,184,66,249
239,39,231,183,67,250
239,39,239,184,67,251
239,39,247,184,67,253
239,39,255,184,67,254
239,47,0,203,15,31
239,47,7,205,16,36
239,47,15,207,18,42
239,47,23,209,20,48
239,47,31,212,22,54
239,47,39,215,24,61
239,47,47,217,25,66
239,47,55,219,27,72
239,47,63,221,28,78
239,47,71,222,29,85
239,47,79,223,29,94
239,47,87,224,30,104
239,47,95,224,30,114
239,47,103,224,30,126
239,47,111,223,31,138
239,47,119,222,31,152
239,47,127,220,33,166
239,47,135,217,35,181
239,47,143,214,38,195
239,47,151,210,41,208
239,47,159,206,45,218
239,47,167,201,50,227
239,47,175,196,55,233
239,47,183,193,59,237
239,47,191,190,63,241
239,47,199,187,67,243
239,47,207,185,70,245
239,47,215,184,71,247
239,47,223,183,71,249
239,47,231,183,72,250
239,47,239,183,72,251
239,47,247,183,72,252
239,47,255,184,71,253
239,55,0,202,21,31
239,55,7,204,22,36
239,55,15,206,24,42
239,55,23,209,26,47
239,55,31,211,28,53
239,55,39,214,30,60
239,55,47,216,32,65
239,55,55,217,33,71
239,55,63,219,34,77
239,55,71,220,35,84
239,55,79,221,36,92
239,55,87,222,37,101
239,55,95,222,37,111
239,55,103,222,38,122
239,55,111,222,38,133
239,55,119,221,39,146
239,55,127,219,40,160
239,55,135,217,41,174
239,55,143,214,43,189
239,55,151,210,46,203
239,55,159,206,50,214
239,55,167,202,54,224
239,55,175,197,58,231
239,55,183,194,62,237
239,55,191,190,66,240
239,55,199,188,69,243
239,55,207,186,72,245
239,55,215,184,74,247
239,55,223,183,76,249
239,55,231,182,76,250
239,55,239,182,77,251
239,55,247,183,76,252
239,55,255,183,75,253
239,63,0,202,27,31
239,63,7,203,29,36
239,63,15,205,30,41
239,63,23,208,32,47
239,63,31,210,34,53
239,63,39,212,37,60
239,63,47,214,38,65
239,63,55,215,40,70
239,63,63,217,41,76
239,63,71,218,43,82
239,63,79,219,43,90
239,63,87,220,44,99
239,63,95,220,44,108
239,63,103,220,45,118
239,63,111,220,45,129
239,63,119,219,45,141
239,63,127,218,46,154
239,63,135,217,47,168
239,63,143,214,49,183
239,63,151,211,52,198
239,63,159,207,54,211
239,63,167,203,58,222
239,63,175,198,62,230
239,63,183,194,65,236
239,63,191,191,69,240
239,63,199,188,72,243
239,63,207,186,75,245
239,63,215,184,77,247
239,63,223,183,78,249
239,63,231,182,79,251
239,63,239,181,80,252
239,63,247,181,80,252
239,63,255,182,79,253
239,71,0,201,34,31
239,71,7,202,36,36
239,71,15,204,37,41
239,71,23,206,39,47
239,71,31,208,41,53
239,71,39,210,44,59
239,71,47,212,46,65
239,71,55,213,47,70
239,71,63,214,49,75
239,71,71,215,50,81
239,71,79,216,51,88
239,71,87,217,52,96
239,71,95,218,52,105
239,71,103,218,52,114
239,71,111,218,52,125
239,71,119,218,52,136
239,71,127,217,53,148
239,71,135,216,54,161
239,71,143,214,55,176
239,71,151,212,57,191
239,71,159,209,59,206
239,71,167,204,62,218
239,71,175,199,65,228
239,71,183,195,69,235
239,71,191,191,72,240
239,71,199,188,75,243
239,71,207,186,77,245
239,71,215,184,79,248
239,71,223,183,81,250
239,71,231,182,82,251
239,71,239,182,82,252
239,71,247,182,83,253
239,71,255,182,82,253
239,79,0,201,41,31
239,79,7,202,43,36
239,79,15,204,44,41
239,79,23,206,47,48
239,79,31,207,48,53
239,79,39,209,51,58
239,79,47,211,53,64
239,79,55,211,55,69
239,79,63,212,56,74
239,79,71,213,58,80
239,79,79,214,59,87
239,79,87,215,60,94
239,79,95,215,60,102
239,79,103,216,60,111
239,79,111,216,60,121
239,79,119,216,60,131
239,79,127,216,60,142
239,79,135,215,61,155
239,79,143,214,61,169
239,79,151,212,62,184
239,79,159,209,64,199
239,79,167,206,66,213
239,79,175,201,69,225
239,79,183,197,72,233
239,79,191,192,75,239
239,79,199,189,78,243
239,79,207,185,80,246
239,79,215,184,82,248
239,79,223,182,83,250
239,79,231,182,84,251
239,79,239,181,85,252
239,79,247,181,85,253
239,79,255,182,85,253
239,87,0,201,49,31
239,87,7,202,50,36
239,87,15,203,52,40
239,87,23,205,54,47
239,87,31,207,56,53
239,87,39,208,58,58
239,87,47,210,60,64
239,87,55,210,62,69
239,87,63,211,64,74
239,87,71,212,65,79
239,87,79,213,66,85
239,87,87,213,67,93
239,87,95,214,67,100
239,87,103,214,68,108
239,87,111,214,68,117
239,87,119,214,68,127
239,87,127,214,68,137
239,87,135,214,68,148
239,87,143,213,68,161
239,87,151,212,69,176
239,87,159,210,70,192
239,87,167,207,72,207
239,87,175,203,74,220
239,87,183,199,76,230
239,87,191,194,79,238
239,87,199,190,81,243
239,87,207,187,83,246
239,87,215,184,85,248
239,87,223,182,86,250
239,87,231,180,87,252
239,87,239,180,88,253
239,87,247,180,88,253
239,87,255,180,87,253
239,95,0,200,57,32
239,95,7,201,58,36
239,95,15,203,59,40
239,95,23,204,61,47
239,95,31,206,63,53
239,95,39,207,65,58
239,95,47,208,67,64
239,95,55,209,69,69
239,95,63,210,71,74
239,95,71,211,72,79
239,95,79,211,73,84
239,95,87,212,74,91
239,95,95,213,75,98
239,95,103,213,75,106
239,95,111,213,75,114
239,95,119,213,75,123
239,95,127,213,75,132
239,95,135,213,75,143
239,95,143,213,75,155
239,95,151,212,76,169
239,95,159,211,76,184
239,95,167,209,77,200
239,95,175,205,79,215
239,95,183,200,81,227
239,95,191,195,83,236
239,95,199,191,85,242
239,95,207,187,87,246
239,95,215,185,88,249
239,95,223,183,89,251
239,95,231,181,90,252
239,95,239,180,91,253
239,95,247,179,91,253
239,95,255,179,90,253
239,103,0,201,65,32
239,103,7,202,66,36
239,103,15,203,67,40
239,103,23,204,69,46
239,103,31,206,71,53
239,103,39,207,72,58
239,103,47,208,74,64
239,103,55,209,76,69
239,103,63,210,78,73
239,103,71,210,79,78
239,103,79,211,80,84
239,103,87,211,81,90
239,103,95,212,82,96
239,103,103,212,82,104
239,103,111,212,83,111
239,103,119,212,83,119
239,103,127,212,83,128
239,103,135,212,83,138
239,103,143,212,83,149
239,103,151,212,83,162
239,103,159,211,83,176
239,103,167,210,83,192
239,103,175,207,85,208
239,103,183,203,86,222
239,103,191,198,88,232
239,103,199,193,89,240
239,103,207,188,91,246
239,103,215,184,92,249
239,103,223,182,93,251
239,103,231,181,93,252
239,103,239,180,94,253
239,103,247,179,94,253
239,103,255,178,94,253
239,111,0,202,73,33
239,111,7,202,74,36
239,111,15,203,75,40
239,111,23,204,76,46
239,111,31,206,78,53
239,111,39,207,80,59
239,111,47,208,82,64
239,111,55,209,83,69
239,111,63,209,85,73
239,111,71,210,86,78
239,111,79,210,87,83
239,111,87,211,88,89
239,111,95,211,89,95
239,111,103,212,89,102
239,111,111,212,89,109
239,111,119,212,90,117
239,111,127,211,90,125
239,111,135,211,90,134
239,111,143,211,90,143
239,111,151,211,90,155
239,111,159,211,90,169
239,111,167,210,90,184
239,111,175,209,90,200
239,111,183,205,91,215
239,111,191,200,92,228
239,111,199,195,93,238
239,111,207,190,94,244
239,111,215,185,96,249
239,111,223,183,96,251
239,111,231,180,97,253
239,111,239,179,97,254
239,111,247,178,98,254
239,111,255,177,97,253
239,119,0,203,81,34
239,119,7,203,82,37
239,119,15,204,82,41
239,119,23,205,84,46
239,119,31,206,85,52
239,119,39,207,87,59
239,119,47,208,89,64
239,119,55,209,90,69
239,119,63,210,92,74
239,119,71,210,93,78
239,119,79,210,94,83
239,119,87,211,95,88
239,119,95,211,95,94
239,119,103,211,96,101
239,119,111,211,96,107
239,119,119,211,96,115
239,119,127,211,96,122
239,119,135,211,96,131
239,119,143,211,96,140
239,119,151,211,96,150
239,119,159,211,96,162
239,119,167,211,96,177
239,119,175,209,96,193
239,119,183,207,97,209
239,119,191,203,98,223
239,119,199,197,98,234
239,119,207,192,99,243
239,119,215,187,99,248
239,119,223,184,100,251
239,119,231,181,100,253
239,119,239,180,101,254
239,119,247,179,101,254
239,119,255,177,101,254
239,127,0,203,89,35
239,127,7,204,89,38
239,127,15,204,90,41
239,127,23,205,91,46
239,127,31,206,93,52
239,127,39,208,94,59
239,127,47,208,96,64
239,127,55,209,97,69
239,127,63,210,99,74
239,127,71,210,100,78
239,127,79,211,101,83
239,127,87,211,101,88
239,127,95,211,102,94
239,127,103,211,102,100
239,127,111,211,103,106
239,127,119,211,103,113
239,127,127,211,103,120
239,127,135,210,103,128
239,127,143,210,103,136
239,127,151,210,103,146
239,127,159,210,103,156
239,127,167,211,102,170
239,127,175,210,102,185
239,127,183,208,103,202
239,127,191,205,103,217
239,127,199,200,103,230
239,127,207,194,104,240
239,127,215,189,104,246
239,127,223,184,104,251
239,127,231,181,104,253
239,127,239,178,104,254
239,127,247,177,104,254
239,127,255,176,104,254
239,135,0,204,96,35
239,135,7,204,97,39
239,135,15,205,98,42
239,135,23,206,99,46
239,135,31,207,100,52
239,135,39,208,101,58
239,135,47,209,103,64
239,135,55,209,104,69
239,135,63,210,105,74
239,135,71,211,106,78
239,135,79,211,107,83
239,135,87,211,108,88
239,135,95,211,108,93
239,135,103,211,109,99
239,135,111,211,109,105
239,135,119,211,109,112
239,135,127,211,109,119
239,135,135,210,109,126
239,135,143,210,109,134
239,135,151,210,109,142
239,135,159,210,109,152
239,135,167,210,109,163
239,135,175,210,109,177
239,135,183,209,109,194
239,135,191,206,109,210
239,135,199,202,109,225
239,135,207,197,109,236
239,135,215,191,108,245
239,135,223,186,108,250
239,135,231,182,108,253
239,135,239,179,108,254
239,135,247,176,107,254
239,135,255,173,107,254
239,143,0,204,104,36
239,143,7,204,105,39
239,143,15,205,105,44
239,143,23,206,106,48
239,143,31,207,107,52
239,143,39,208,108,58
239,143,47,209,110,64
239,143,55,210,111,69
239,143,63,210,112,74
239,143,71,211,113,78
239,143,79,211,114,83
239,143,87,212,114,88
239,143,95,212,115,93
239,143,103,212,115,99
239,143,111,212,115,105
239,143,119,211,116,111
239,143,127,211,116,118
239,143,135,210,116,125
239,143,143,210,116,132
239,143,151,210,115,140
239,143,159,210,115,148
239,143,167,210,115,158
239,143,175,210,115,171
239,143,183,210,115,186
239,143,191,208,115,203
239,143,199,204,115,219
239,143,207,200,114,233
239,143,215,193,114,242
239,143,223,187,113,249
239,143,231,182,112,252
239,143,239,179,112,254
239,143,247,176,111,255
239,143,255,173,110,254
239,151,0,204,112,36
239,151,7,205,112,39
239,151,15,205,113,43
239,151,23,207,114,49
239,151,31,207,114,53
239,151,39,208,116,58
239,151,47,209,117,64
239,151,55,210,118,69
239,151,63,211,119,74
239,151,71,211,120,78
239,151,79,212,121,83
239,151,87,212,121,88
239,151,95,212,122,93
239,151,103,212,122,99
239,151,111,212,122,105
239,151,119,212,122,111
239,151,127,211,122,117
239,151,135,211,122,124
239,151,143,210,122,130
239,151,151,210,122,138
239,151,159,210,122,145
239,151,167,210,122,154
239,151,175,210,122,165
239,151,183,210,122,179
239,151,191,209,122,195
239,151,199,206,121,211
239,151,207,202,121,227
239,151,215,197,120,238
239,151,223,191,118,247
239,151,231,185,117,251
239,151,239,180,116,254
239,151,247,176,115,255
239,151,255,171,114,255
239,159,0,204,119,37
239,159,7,205,119,40
239,159,15,205,120,43
239,159,23,206,121,48
239,159,31,207,122,54
239,159,39,208,123,59
239,159,47,209,124,64
239,159,55,210,125,69
239,159,63,211,126,74
239,159,71,211,127,79
239,159,79,212,128,83
239,159,87,212,128,88
239,159,95,213,129,94
239,159,103,213,129,99
239,159,111,213,129,105
239,159,119,212,129,110
239,159,127,212,129,116
239,159,135,211,129,123
239,159,143,211,129,129
239,159,151,210,129,136
239,159,159,210,129,143
239,159,167,210,129,152
239,159,175,210,129,161
239,159,183,211,129,174
239,159,191,210,129,188
239,159,199,208,129,204
239,159,207,205,128,219
239,159,215,199,127,234
239,159,223,193,125,243
239,159,231,187,123,249
239,159,239,182,121,253
239,159,247,177,120,254
239,159,255,173,118,255
239,167,0,204,126,37
239,167,7,205,126,40
239,167,15,206,127,43
239,167,23,206,128,48
239,167,31,208,129,54
239,167,39,209,130,60
239,167,47,209,131,64
239,167,55,210,132,69
239,167,63,211,134,74
239,167,71,212,134,79
239,167,79,212,135,84
239,167,87,212,136,89
239,167,95,213,136,94
239,167,103,213,137,99
239,167,111,213,137,105
239,167,119,212,137,110
239,167,127,212,137,116
239,167,135,212,137,122
239,167,143,211,137,128
239,167,151,211,137,135
239,167,159,210,137,142
239,167,167,210,137,149
239,167,175,210,137,158
239,167,183,211,137,169
239,167,191,211,137,181
239,167,199,210,137,196
239,167,207,208,136,213
239,167,215,203,134,227
239,167,223,197,132,239
239,167,231,190,130,247
239,167,239,184,127,252
239,167,247,180,125,254
239,167,255,175,123,255
239,175,0,204,133,38
239,175,7,205,134,41
239,175,15,205,134,44
239,175,23,206,135,48
239,175,31,207,136,54
239,175,39,209,138,60
239,175,47,209,139,65
239,175,55,210,140,69
239,175,63,211,141,74
239,175,71,212,142,79
239,175,79,213,143,84
239,175,87,213,144,89
239,175,95,213,144,94
239,175,103,214,145,99
239,175,111,214,145,105
239,175,119,213,145,110
239,175,127,213,145,116
239,175,135,213,145,122
239,175,143,212,145,128
239,175,151,211,145,134
239,175,159,211,145,140
239,175,167,210,145,147
239,175,175,211,145,155
239,175,183,211,145,165
239,175,191,212,146,176
239,175,199,212,146,190
239,175,207,210,145,206
239,175,215,206,143,221
239,175,223,200,140,234
239,175,231,193,137,244
239,175,239,186,134,251
239,175,247,181,131,254
239,175,255,176,128,255
239,183,0,205,140,40
239,183,7,205,141,42
239,183,15,206,141,45
239,183,23,206,142,49
239,183,31,207,143,54
239,183,39,209,145,60
239,183,47,210,146,66
239,183,55,211,148,70
239,183,63,212,149,74
239,183,71,212,150,79
239,183,79,213,151,84
239,183,87,213,152,89
239,183,95,214,153,94
239,183,103,214,153,100
239,183,111,214,154,105
239,183,119,214,154,111
239,183,127,214,154,116
239,183,135,213,154,122
239,183,143,213,154,128
239,183,151,213,154,134
239,183,159,212,154,140
239,183,167,212,154,146
239,183,175,212,154,153
239,183,183,212,154,162
239,183,191,213,154,172
239,183,199,213,154,184
239,183,207,212,154,200
239,183,215,209,152,216
239,183,223,203,149,230
239,183,231,197,146,241
239,183,239,190,142,248
239,183,247,184,138,253
239,183,255,178,134,255
239,191,0,205,148,42
239,191,7,206,149,45
239,191,15,206,149,47
239,191,23,207,150,50
239,191,31,208,151,54
239,191,39,209,153,59
239,191,47,210,155,65
239,191,55,211,156,71
239,191,63,212,158,75
239,191,71,213,159,79
239,191,79,213,160,84
239,191,87,214,161,89
239,191,95,215,162,95
239,191,103,215,163,100
239,191,111,215,163,105
239,191,119,215,163,111
239,191,127,215,164,116
239,191,135,215,164,122
239,191,143,215,164,127
239,191,151,214,164,133
239,191,159,214,163,140
239,191,167,213,163,146
239,191,175,213,164,153
239,191,183,213,164,160
239,191,191,214,164,169
239,191,199,214,164,180
239,191,207,214,163,195
239,191,215,212,162,210
239,191,223,207,159,225
239,191,231,201,155,237
239,191,239,195,151,246
239,191,247,188,147,252
239,191,255,182,142,254
239,199,0,204,156,42
239,199,7,205,157,45
239,199,15,206,158,49
239,199,23,206,159,52
239,199,31,207,160,56
239,199,39,208,161,60
239,199,47,210,163,65
239,199,55,211,165,71
239,199,63,212,167,75
239,199,71,213,168,80
239,199,79,214,170,84
239,199,87,215,171,89
239,199,95,215,172,95
239,199,103,216,173,100
239,199,111,216,173,105
239,199,119,216,174,111
239,199,127,216,174,116
239,199,135,216,174,122
239,199,143,216,174,128
239,199,151,216,174,133
239,199,159,215,174,140
239,199,167,215,174,146
239,199,175,215,174,152
239,199,183,215,174,159
239,199,191,215,174,166
239,199,199,215,174,176
239,199,207,215,174,189
239,199,215,214,173,204
239,199,223,211,170,220
239,199,231,206,166,233
239,199,239,199,162,244
239,199,247,193,157,250
239,199,255,186,152,254
239,207,0,204,165,42
239,207,7,204,166,45
239,207,15,205,167,49
239,207,23,206,168,54
239,207,31,207,169,58
239,207,39,208,171,62
239,207,47,209,172,66
239,207,55,211,174,70
239,207,63,212,176,76
239,207,71,213,178,80
239,207,79,214,180,85
239,207,87,215,181,90
239,207,95,215,182,95
239,207,103,216,183,100
239,207,111,216,184,106
239,207,119,216,185,111
239,207,127,217,185,117
239,207,135,217,185,122
239,207,143,217,185,128
239,207,151,217,185,134
239,207,159,217,185,140
239,207,167,217,185,146
239,207,175,217,185,152
239,207,183,216,186,158
239,207,191,216,186,166
239,207,199,217,186,174
239,207,207,217,186,186
239,207,215,217,185,200
239,207,223,215,183,215
239,207,231,210,179,229
239,207,239,204,174,241
239,207,247,197,168,250
239,207,255,192,163,253
239,215,0,203,173,42
239,215,7,204,174,45
239,215,15,204,175,48
239,215,23,205,176,52
239,215,31,207,178,58
239,215,39,208,180,63
239,215,47,209,182,67
239,215,55,210,184,71
239,215,63,212,186,75
239,215,71,213,188,80
239,215,79,214,190,85
239,215,87,215,192,90
239,215,95,215,193,95
239,215,103,216,194,100
239,215,111,217,195,106
239,215,119,217,196,111
239,215,127,218,196,117
239,215,135,218,197,123
239,215,143,218,197,128
239,215,151,218,197,134
239,215,159,218,197,140
239,215,167,218,197,146
239,215,175,218,197,153
239,215,183,218,197,159
239,215,191,218,198,166
239,215,199,219,198,174
239,215,207,219,198,184
239,215,215,219,198,196
239,215,223,218,196,210
239,215,231,215,193,224
239,215,239,210,188,238
239,215,247,204,183,247
239,215,255,199,178,253
239,223,0,201,183,43
239,223,7,202,184,45
239,223,15,203,185,48
239,223,23,204,186,52
239,223,31,205,188,57
239,223,39,207,190,63
239,223,47,208,192,68
239,223,55,209,194,72
239,223,63,210,196,76
239,223,71,212,198,80
239,223,79,213,200,85
239,223,87,214,202,90
239,223,95,215,204,95
239,223,103,216,205,101
239,223,111,217,206,106
239,223,119,217,207,112
239,223,127,218,207,117
239,223,135,219,208,123
239,223,143,219,208,129
239,223,151,220,208,135
239,223,159,220,208,141
239,223,167,220,209,147
239,223,175,220,209,153
239,223,183,220,209,160
239,223,191,220,210,167
239,223,199,220,210,174
239,223,207,221,210,184
239,223,215,221,210,195
239,223,223,221,210,208
239,223,231,219,207,221
239,223,239,215,203,235
239,223,247,209,197,247
239,223,255,206,194,252
239,231,0,200,194,45
239,231,7,200,195,46
239,231,15,201,195,49
239,231,23,202,196,52
239,231,31,203,198,56
239,231,39,204,200,62
239,231,47,206,202,68
239,231,55,208,204,72
239,231,63,209,206,76
239,231,71,210,208,80
239,231,79,211,210,85
239,231,87,213,212,90
239,231,95,214,214,95
239,231,103,215,216,101
239,231,111,216,217,106
239,231,119,217,218,112
239,231,127,218,218,118
239,231,135,219,219,123
239,231,143,220,219,129
239,231,151,220,220,135
239,231,159,221,220,142
239,231,167,221,220,148
239,231,175,221,221,154
239,231,183,221,221,160
239,231,191,222,221,168
239,231,199,222,222,175
239,231,207,223,223,184
239,231,215,224,223,195
239,231,223,224,223,206
239,231,231,222,222,219
239,231,239,219,218,232
239,231,247,216,214,244
239,231,255,213,210,253
239,239,0,198,205,47
239,239,7,198,206,48
239,239,15,199,206,50
239,239,23,199,207,53
239,239,31,201,209,57
239,239,39,202,210,61
239,239,47,204,212,66
239,239,55,206,215,72
239,239,63,207,217,76
239,239,71,208,219,80
239,239,79,210,221,85
239,239,87,211,223,90
239,239,95,213,224,95
239,239,103,214,226,101
239,239,111,215,227,107
239,239,119,217,228,112
239,239,127,218,229,118
239,239,135,219,230,124
239,239,143,221,230,130
239,239,151,221,231,136
239,239,159,222,231,143
239,239,167,222,232,149
239,239,175,222,232,155
239,239,183,223,233,162
239,239,191,223,233,169
239,239,199,223,234,177
239,239,207,224,235,185
239,239,215,225,236,195
239,239,223,226,236,205
239,239,231,225,236,217
239,239,239,224,234,230
239,239,247,220,228,243
239,239,255,218,226,252
239,247,0,194,216,48
239,247,7,195,217,50
239,247,15,196,218,52
239,247,23,197,219,55
239,247,31,198,220,58
239,247,39,199,221,61
239,247,47,201,223,66
239,247,55,203,225,71
239,247,63,205,227,76
239,247,71,206,229,80
239,247,79,208,231,85
239,247,87,209,233,89
239,247,95,211,234,95
239,247,103,213,236,101
239,247,111,215,237,107
239,247,119,216,238,113
239,247,127,218,239,119
239,247,135,219,240,125
239,247,143,221,241,131
239,247,151,222,241,137
239,247,159,223,242,143
239,247,167,223,243,150
239,247,175,224,243,156
239,247,183,224,244,163
239,247,191,225,244,170
239,247,199,225,245,178
239,247,207,226,246,186
239,247,215,227,247,195
239,247,223,227,247,205
239,247,231,227,247,216
239,247,239,227,246,229
239,247,247,224,243,243
239,247,255,221,238,254
239,255,0,191,227,46
239,255,7,191,228,48
239,255,15,192,228,51
239,255,23,193,229,54
239,255,31,195,231,58
239,255,39,196,232,61
239,255,47,197,234,64
239,255,55,199,235,69
239,255,63,201,237,73
239,255,71,203,239,78
239,255,79,205,241,82
239,255,87,207,243,87
239,255,95,209,244,92
239,255,103,211,246,99
239,255,111,213,247,106
239,255,119,215,248,113
239,255,127,217,249,119
239,255,135,219,249,125
239,255,143,220,249,131
239,255,151,221,250,138
239,255,159,222,251,144
239,255,167,223,252,151
239,255,175,224,252,157
239,255,183,225,253,164
239,255,191,225,253,172
239,255,199,225,253,179
239,255,207,226,253,187
239,255,215,227,253,196
239,255,223,229,254,205
239,255,231,229,253,215
239,255,239,229,253,227
239,255,247,229,253,240
239,255,255,228,251,251
247,0,0,215,2,32
247,0,7,218,2,37
247,0,15,221,2,43
247,0,23,224,3,49
247,0,31,227,3,56
247,0,39,231,4,63
247,0,47,233,4,69
247,0,55,235,4,75
247,0,63,237,4,82
247,0,71,239,4,91
247,0,79,240,4,102
247,0,87,240,5,114
247,0,95,240,6,126
247,0,103,239,7,141
247,0,111,238,9,156
247,0,119,235,11,171
247,0,127,232,13,186
247,0,135,227,16,199
247,0,143,224,19,212
247,0,151,219,22,222
247,0,159,215,26,230
247,0,167,211,30,236
247,0,175,208,35,240
247,0,183,206,39,242
247,0,191,204,42,244
247,0,199,203,46,245
247,0,207,203,48,246
247,0,215,202,51,247
247,0,223,202,53,249
247,0,231,202,54,250
247,0,239,203,54,251
247,0,247,204,53,253
247,0,255,205,52,254
247,7,0,215,2,32
247,7,7,218,3,37
247,7,15,220,3,43
247,7,23,223,3,49
247,7,31,227,4,55
247,7,39,230,5,63
247,7,47,233,5,68
247,7,55,235,6,75
247,7,63,237,6,82
247,7,71,238,6,90
247,7,79,239,6,101
247,7,87,240,7,113
247,7,95,240,7,125
247,7,103,239,8,139
247,7,111,238,10,154
247,7,119,235,12,169
247,7,127,232,15,184
247,7,135,228,18,198
247,7,143,224,21,210
247,7,151,220,24,221
247,7,159,215,28,229
247,7,167,212,32,235
247,7,175,208,37,240
247,7,183,206,41,242
247,7,191,205,44,243
247,7,199,204,47,245
247,7,207,203,50,246
247,7,215,202,52,247
247,7,223,202,54,249
247,7,231,202,56,250
247,7,239,203,57,251
247,7,247,204,55,253
247,7,255,204,54,254
247,15,0,215,3,32
247,15,7,217,4,37
247,15,15,220,4,43
247,15,23,223,5,49
247,15,31,226,6,55
247,15,39,230,7,62
247,15,47,232,7,68
247,15,55,235,8,74
247,15,63,236,8,81
247,15,71,238,8,90
247,15,79,239,9,100
247,15,87,239,9,112
247,15,95,240,10,124
247,15,103,239,11,137
247,15,111,238,12,152
247,15,119,236,14,167
247,15,127,232,16,182
247,15,135,228,20,196
247,15,143,225,23,209
247,15,151,220,26,219
247,15,159,216,30,228
247,15,167,212,35,234
247,15,175,209,39,239
247,15,183,206,43,241
247,15,191,205,47,243
247,15,199,204,49,245
247,15,207,203,52,246
247,15,215,202,54,247
247,15,223,202,56,249
247,15,231,202,58,250
247,15,239,203,60,251
247,15,247,203,58,252
247,15,255,204,57,254
247,23,0,215,5,32
247,23,7,217,6,37
247,23,15,220,6,43
247,23,23,223,7,49
247,23,31,226,8,55
247,23,39,229,10,62
247,23,47,232,10,68
247,23,55,234,11,74
247,23,63,235,11,81
247,23,71,237,12,89
247,23,79,238,12,99
247,23,87,239,13,110
247,23,95,239,13,122
247,23,103,239,14,135
247,23,111,237,15,149
247,23,119,236,16,164
247,23,127,233,19,178
247,23,135,229,22,193
247,23,143,225,25,206
247,23,151,221,29,217
247,23,159,217,33,226
247,23,167,213,38,233
247,23,175,209,42,238
247,23,183,206,46,241
247,23,191,205,50,243
247,23,199,204,52,245
247,23,207,203,55,246
247,23,215,203,57,247
247,23,223,202,59,249
247,23,231,202,61,250
247,23,239,203,62,251
247,23,247,203,63,252
247,23,255,203,61,254
247,31,0,215,7,32
247,31,7,217,8,37
247,31,15,219,9,42
247,31,23,222,10,49
247,31,31,225,12,55
247,31,39,229,13,62
247,31,47,231,14,67
247,31,55,233,15,73
247,31,63,235,16,80
247,31,71,236,16,87
247,31,79,237,17,98
247,31,87,238,17,108
247,31,95,238,18,120
247,31,103,238,18,132
247,31,111,237,19,146
247,31,119,235,20,160
247,31,127,233,23,175
247,31,135,230,26,189
247,31,143,226,29,203
247,31,151,222,33,214
247,31,159,218,38,224
247,31,167,213,42,231
247,31,175,210,46,236
247,31,183,207,50,240
247,31,191,205,53,243
247,31,199,204,56,244
247,31,207,203,58,246
247,31,215,203,60,247
247,31,223,202,62,249
247,31,231,202,64,250
247,31,239,203,66,251
247,31,247,203,66,252
247,31,255,203,66,253
247,39,0,214,11,32
247,39,7,216,12,37
247,39,15,219,13,42
247,39,23,222,15,49
247,39,31,225,16,54
247,39,39,228,18,61
247,39,47,230,19,67
247,39,55,232,21,72
247,39,63,233,21,79
247,39,71,235,22,86
247,39,79,236,22,96
247,39,87,237,23,106
247,39,95,237,23,117
247,39,103,237,24,129
247,39,111,236,24,142
247,39,119,235,26,156
247,39,127,233,27,170
247,39,135,230,30,185
247,39,143,227,33,198
247,39,151,223,37,211
247,39,159,219,42,221
247,39,167,214,47,229
247,39,175,211,51,235
247,39,183,208,54,239
247,39,191,206,58,242
247,39,199,204,60,244
247,39,207,203,63,246
247,39,215,202,65,247
247,39,223,202,66,249
247,39,231,202,68,250
247,39,239,202,69,251
247,39,247,203,69,252
247,39,255,203,69,253
247,47,0,214,15,32
247,47,7,216,16,37
247,47,15,218,18,42
247,47,23,221,20,49
247,47,31,224,22,54
247,47,39,227,24,60
247,47,47,229,25,66
247,47,55,231,27,72
247,47,63,232,28,78
247,47,71,233,28,85
247,47,79,234,29,94
247,47,87,235,30,103
247,47,95,236,30,114
247,47,103,236,30,125
247,47,111,235,31,138
247,47,119,234,31,151
247,47,127,232,33,165
247,47,135,230,35,179
247,47,143,227,38,194
247,47,151,223,41,207
247,47,159,219,45,218
247,47,167,215,50,227
247,47,175,211,54,234
247,47,183,208,59,238
247,47,191,206,63,241
247,47,199,204,65,244
247,47,207,203,67,246
247,47,215,202,69,247
247,47,223,201,71,249
247,47,231,201,72,250
247,47,239,202,72,251
247,47,247,202,72,252
247,47,255,203,72,253
247,55,0,214,20,32
247,55,7,216,22,36
247,55,15,218,23,42
247,55,23,221,26,48
247,55,31,223,28,54
247,55,39,225,30,60
247,55,47,228,32,65
247,55,55,229,34,71
247,55,63,231,35,77
247,55,71,232,36,83
247,55,79,233,37,91
247,55,87,233,37,100
247,55,95,234,37,110
247,55,103,234,37,121
247,55,111,234,38,133
247,55,119,233,38,146
247,55,127,231,39,159
247,55,135,230,41,174
247,55,143,227,43,188
247,55,151,224,46,202
247,55,159,220,49,215
247,55,167,216,53,225
247,55,175,212,57,232
247,55,183,209,62,238
247,55,191,206,66,241
247,55,199,204,69,244
247,55,207,202,72,246
247,55,215,201,74,247
247,55,223,200,75,249
247,55,231,201,76,250
247,55,239,201,76,251
247,55,247,201,76,252
247,55,255,202,76,252
247,63,0,213,26,32
247,63,7,215,28,36
247,63,15,217,29,41
247,63,23,220,32,48
247,63,31,222,34,53
247,63,39,224,36,59
247,63,47,226,38,65
247,63,55,227,40,70
247,63,63,229,42,76
247,63,71,230,43,82
247,63,79,231,44,89
247,63,87,231,44,98
247,63,95,232,45,107
247,63,103,232,45,117
247,63,111,232,45,128
247,63,119,232,45,140
247,63,127,231,46,153
247,63,135,229,47,167
247,63,143,227,48,182
247,63,151,225,50,197
247,63,159,221,53,211
247,63,167,217,57,222
247,63,175,213,61,231
247,63,183,210,65,237
247,63,191,207,68,241
247,63,199,204,72,244
247,63,207,202,75,246
247,63,215,201,77,248
247,63,223,200,79,249
247,63,231,199,80,250
247,63,239,199,80,251
247,63,247,200,80,252
247,63,255,201,79,252
247,71,0,213,33,32
247,71,7,214,34,36
247,71,15,216,36,41
247,71,23,219,38,47
247,71,31,221,40,53
247,71,39,223,43,59
247,71,47,225,45,65
247,71,55,226,47,70
247,71,63,227,49,75
247,71,71,228,50,81
247,71,79,228,51,88
247,71,87,229,51,96
247,71,95,230,52,105
247,71,103,230,52,114
247,71,111,230,52,124
247,71,119,230,52,136
247,71,127,230,53,148
247,71,135,229,53,161
247,71,143,227,54,176
247,71,151,225,56,191
247,71,159,222,58,206
247,71,167,218,61,219
247,71,175,214,64,229
247,71,183,210,68,236
247,71,191,207,71,241
247,71,199,204,75,244
247,71,207,202,77,246
247,71,215,201,80,248
247,71,223,199,81,250
247,71,231,199,83,251
247,71,239,199,83,252
247,71,247,198,84,252
247,71,255,198,83,253
247,79,0,212,40,32
247,79,7,214,42,36
247,79,15,215,43,41
247,79,23,217,45,47
247,79,31,220,48,53
247,79,39,221,50,58
247,79,47,223,52,64
247,79,55,224,54,69
247,79,63,225,56,74
247,79,71,225,57,80
247,79,79,226,58,86
247,79,87,227,59,94
247,79,95,227,59,102
247,79,103,228,60,111
247,79,111,228,60,121
247,79,119,228,60,131
247,79,127,228,60,143
247,79,135,228,60,155
247,79,143,227,61,169
247,79,151,225,62,184
247,79,159,222,64,199
247,79,167,219,66,213
247,79,175,215,68,226
247,79,183,211,71,234
247,79,191,207,75,240
247,79,199,204,77,244
247,79,207,202,80,246
247,79,215,200,82,249
247,79,223,199,84,250
247,79,231,198,85,251
247,79,239,197,86,252
247,79,247,197,86,252
247,79,255,196,86,253
247,87,0,212,48,32
247,87,7,214,49,36
247,87,15,215,50,40
247,87,23,217,52,46
247,87,31,219,55,53
247,87,39,220,57,58
247,87,47,222,59,64
247,87,55,223,61,69
247,87,63,223,63,74
247,87,71,224,65,79
247,87,79,224,66,85
247,87,87,225,67,92
247,87,95,225,67,100
247,87,103,226,67,108
247,87,111,226,68,117
247,87,119,226,67,127
247,87,127,226,67,137
247,87,135,226,67,149
247,87,143,226,68,162
247,87,151,225,68,177
247,87,159,223,69,192
247,87,167,220,71,207
247,87,175,217,73,220
247,87,183,213,76,231
247,87,191,209,78,238
247,87,199,205,81,243
247,87,207,201,83,247
247,87,215,199,85,249
247,87,223,198,87,251
247,87,231,196,88,252
247,87,239,196,88,253
247,87,247,195,88,253
247,87,255,195,88,253
247,95,0,213,55,33
247,95,7,214,57,36
247,95,15,215,58,40
247,95,23,217,60,46
247,95,31,219,62,53
247,95,39,220,64,58
247,95,47,221,66,64
247,95,55,222,68,69
247,95,63,223,70,74
247,95,71,223,72,78
247,95,79,223,73,84
247,95,87,224,74,90
247,95,95,224,74,98
247,95,103,225,75,106
247,95,111,225,75,114
247,95,119,225,75,123
247,95,127,225,75,133
247,95,135,225,75,143
247,95,143,225,75,156
247,95,151,224,76,170
247,95,159,223,76,185
247,95,167,221,77,200
247,95,175,218,78,215
247,95,183,214,80,228
247,95,191,210,82,236
247,95,199,205,84,243
247,95,207,202,86,247
247,95,215,199,88,250
247,95,223,197,90,251
247,95,231,196,91,252
247,95,239,195,91,253
247,95,247,194,91,253
247,95,255,193,91,253
247,103,0,213,63,33
247,103,7,214,64,36
247,103,15,215,66,40
247,103,23,216,67,46
247,103,31,217,69,52
247,103,39,219,72,59
247,103,47,220,74,64
247,103,55,221,76,69
247,103,63,221,77,74
247,103,71,222,79,78
247,103,79,222,80,83
247,103,87,223,81,89
247,103,95,223,81,96
247,103,103,223,82,104
247,103,111,223,82,111
247,103,119,224,82,120
247,103,127,224,82,129
247,103,135,224,82,139
247,103,143,224,82,150
247,103,151,224,82,163
247,103,159,223,83,177
247,103,167,222,83,193
247,103,175,220,84,209
247,103,183,216,86,222
247,103,191,211,87,233
247,103,199,206,89,241
247,103,207,202,90,246
247,103,215,199,92,250
247,103,223,197,93,252
247,103,231,195,94,253
247,103,239,194,94,253
247,103,247,193,94,254
247,103,255,192,94,253
247,111,0,213,71,34
247,111,7,214,72,37
247,111,15,215,73,41
247,111,23,216,75,46
247,111,31,217,77,52
247,111,39,219,79,59
247,111,47,220,81,64
247,111,55,220,83,69
247,111,63,221,84,74
247,111,71,221,86,78
247,111,79,222,87,83
247,111,87,222,88,89
247,111,95,222,88,95
247,111,103,222,89,102
247,111,111,222,89,109
247,111,119,222,90,117
247,111,127,222,90,125
247,111,135,223,90,134
247,111,143,223,90,144
247,111,151,223,89,156
247,111,159,223,89,170
247,111,167,222,90,185
247,111,175,221,90,202
247,111,183,218,91,216
247,111,191,214,92,229
247,111,199,208,93,238
247,111,207,203,94,245
247,111,215,199,95,249
247,111,223,196,96,251
247,111,231,194,97,253
247,111,239,193,97,254
247,111,247,192,98,254
247,111,255,191,97,254
247,119,0,214,80,35
247,119,7,215,80,39
247,119,15,215,81,42
247,119,23,216,82,46
247,119,31,217,84,52
247,119,39,219,86,59
247,119,47,220,88,64
247,119,55,220,89,69
247,119,63,221,91,74
247,119,71,221,92,78
247,119,79,222,93,83
247,119,87,222,94,88
247,119,95,222,95,94
247,119,103,222,95,100
247,119,111,222,96,107
247,119,119,222,96,115
247,119,127,222,96,122
247,119,135,222,96,131
247,119,143,222,96,140
247,119,151,222,96,151
247,119,159,222,96,163
247,119,167,223,96,178
247,119,175,222,96,194
247,119,183,220,96,210
247,119,191,215,97,224
247,119,199,210,98,235
247,119,207,205,99,244
247,119,215,201,99,248
247,119,223,197,100,251
247,119,231,195,101,253
247,119,239,192,101,254
247,119,247,191,101,254
247,119,255,190,101,254
247,127,0,214,87,35
247,127,7,215,88,39
247,127,15,216,89,43
247,127,23,217,90,47
247,127,31,218,91,52
247,127,39,219,93,58
247,127,47,220,95,65
247,127,55,220,96,69
247,127,63,221,98,74
247,127,71,221,99,79
247,127,79,222,100,83
247,127,87,222,101,88
247,127,95,222,101,93
247,127,103,222,102,99
247,127,111,222,102,106
247,127,119,222,103,113
247,127,127,221,103,120
247,127,135,221,103,129
247,127,143,221,103,137
247,127,151,221,103,147
247,127,159,222,102,158
247,127,167,222,102,171
247,127,175,222,102,186
247,127,183,220,102,203
247,127,191,217,103,218
247,127,199,213,103,232
247,127,207,207,103,240
247,127,215,202,104,247
247,127,223,197,104,251
247,127,231,194,104,253
247,127,239,191,104,254
247,127,247,189,104,254
247,127,255,187,104,254
247,135,0,215,95,36
247,135,7,216,96,39
247,135,15,216,96,43
247,135,23,217,97,48
247,135,31,218,99,52
247,135,39,219,100,58
247,135,47,220,102,64
247,135,55,221,103,69
247,135,63,221,104,74
247,135,71,222,106,79
247,135,79,222,106,83
247,135,87,222,107,88
247,135,95,222,108,93
247,135,103,222,108,99
247,135,111,222,109,105
247,135,119,222,109,112
247,135,127,221,109,119
247,135,135,221,109,126
247,135,143,221,109,134
247,135,151,221,109,143
247,135,159,221,109,153
247,135,167,222,109,164
247,135,175,222,109,178
247,135,183,221,109,195
247,135,191,218,109,211
247,135,199,214,109,226
247,135,207,209,109,237
247,135,215,204,108,246
247,135,223,199,108,250
247,135,231,194,108,253
247,135,239,191,108,254
247,135,247,188,108,255
247,135,255,185,108,254
247,143,0,215,103,36
247,143,7,216,103,39
247,143,15,217,104,43
247,143,23,218,105,49
247,143,31,219,106,53
247,143,39,219,107,58
247,143,47,220,109,64
247,143,55,221,110,70
247,143,63,222,111,74
247,143,71,222,112,79
247,143,79,223,113,84
247,143,87,223,114,88
247,143,95,223,114,93
247,143,103,223,115,99
247,143,111,222,115,105
247,143,119,222,115,111
247,143,127,221,116,118
247,143,135,221,116,125
247,143,143,221,115,132
247,143,151,221,115,140
247,143,159,221,115,149
247,143,167,221,115,159
247,143,175,222,115,172
247,143,183,222,115,187
247,143,191,219,115,204
247,143,199,216,115,220
247,143,207,211,114,235
247,143,215,206,114,243
247,143,223,200,113,250
247,143,231,195,112,253
247,143,239,190,112,254
247,143,247,186,111,255
247,143,255,183,111,254
247,151,0,216,110,36
247,151,7,216,111,39
247,151,15,217,111,43
247,151,23,218,112,48
247,151,31,219,113,54
247,151,39,220,114,59
247,151,47,221,115,64
247,151,55,222,117,70
247,151,63,222,118,74
247,151,71,223,119,79
247,151,79,223,120,84
247,151,87,223,120,89
247,151,95,223,121,93
247,151,103,223,121,99
247,151,111,223,122,104
247,151,119,222,122,111
247,151,127,222,122,117
247,151,135,221,122,124
247,151,143,221,122,131
247,151,151,220,122,138
247,151,159,220,122,146
247,151,167,221,122,155
247,151,175,221,122,166
247,151,183,221,122,180
247,151,191,220,122,196
247,151,199,217,121,212
247,151,207,213,121,228
247,151,215,209,120,241
247,151,223,202,119,248
247,151,231,196,117,252
247,151,239,191,116,254
247,151,247,186,115,255
247,151,255,182,114,255
247,159,0,216,117,37
247,159,7,217,118,40
247,159,15,217,119,43
247,159,23,218,119,48
247,159,31,219,121,54
247,159,39,220,122,59
247,159,47,221,123,64
247,159,55,222,124,69
247,159,63,223,125,75
247,159,71,223,126,79
247,159,79,224,127,84
247,159,87,224,128,89
247,159,95,224,128,94
247,159,103,224,129,99
247,159,111,223,129,105
247,159,119,223,129,111
247,159,127,222,129,117
247,159,135,222,129,123
247,159,143,221,129,130
247,159,151,221,129,137
247,159,159,221,129,144
247,159,167,220,129,152
247,159,175,221,129,162
247,159,183,221,129,175
247,159,191,221,129,189
247,159,199,219,129,205
247,159,207,216,128,221
247,159,215,210,127,235
247,159,223,204,125,244
247,159,231,198,123,251
247,159,239,192,122,253
247,159,247,187,120,255
247,159,255,182,118,255
247,167,0,216,125,38
247,167,7,216,125,41
247,167,15,217,126,44
247,167,23,218,127,48
247,167,31,219,128,54
247,167,39,220,129,61
247,167,47,221,130,65
247,167,55,222,131,69
247,167,63,223,133,75
247,167,71,223,134,79
247,167,79,224,134,84
247,167,87,224,135,89
247,167,95,224,136,94
247,167,103,224,136,99
247,167,111,224,136,105
247,167,119,223,137,110
247,167,127,223,137,116
247,167,135,222,137,123
247,167,143,222,137,129
247,167,151,221,137,135
247,167,159,220,137,142
247,167,167,220,137,150
247,167,175,220,137,159
247,167,183,221,137,170
247,167,191,221,137,183
247,167,199,220,137,197
247,167,207,218,136,215
247,167,215,214,135,230
247,167,223,208,132,242
247,167,231,200,130,249
247,167,239,194,127,254
247,167,247,189,125,255
247,167,255,184,123,255
247,175,0,216,132,40
247,175,7,217,133,42
247,175,15,217,133,45
247,175,23,218,134,48
247,175,31,219,135,53
247,175,39,220,136,60
247,175,47,221,138,66
247,175,55,222,139,70
247,175,63,223,140,74
247,175,71,224,141,79
247,175,79,224,142,84
247,175,87,225,143,89
247,175,95,225,144,94
247,175,103,225,144,100
247,175,111,225,144,105
247,175,119,224,145,111
247,175,127,224,145,116
247,175,135,223,145,122
247,175,143,222,145,128
247,175,151,222,145,135
247,175,159,221,145,141
247,175,167,221,145,148
247,175,175,221,145,156
247,175,183,221,145,166
247,175,191,222,145,178
247,175,199,222,145,192
247,175,207,220,145,208
247,175,215,217,143,224
247,175,223,210,140,236
247,175,231,203,137,246
247,175,239,197,134,251
247,175,247,191,131,254
247,175,255,185,128,255
247,183,0,216,140,41
247,183,7,217,140,44
247,183,15,217,141,46
247,183,23,218,142,49
247,183,31,219,143,54
247,183,39,220,144,59
247,183,47,222,145,66
247,183,55,223,147,71
247,183,63,223,148,75
247,183,71,224,149,80
247,183,79,225,150,84
247,183,87,225,151,90
247,183,95,225,152,95
247,183,103,225,153,100
247,183,111,225,153,105
247,183,119,225,153,111
247,183,127,224,154,116
247,183,135,224,154,122
247,183,143,223,154,128
247,183,151,223,154,134
247,183,159,223,154,141
247,183,167,222,154,147
247,183,175,222,154,154
247,183,183,222,154,163
247,183,191,222,154,173
247,183,199,222,154,186
247,183,207,222,154,202
247,183,215,219,152,218
247,183,223,214,149,232
247,183,231,207,146,243
247,183,239,200,142,250
247,183,247,193,138,254
247,183,255,187,135,255
247,191,0,216,147,42
247,191,7,217,148,45
247,191,15,218,149,49
247,191,23,218,149,51
247,191,31,219,150,55
247,191,39,220,152,60
247,191,47,222,153,65
247,191,55,223,155,71
247,191,63,224,156,75
247,191,71,225,158,80
247,191,79,226,159,85
247,191,87,226,160,90
247,191,95,226,161,95
247,191,103,226,162,100
247,191,111,226,162,106
247,191,119,226,163,111
247,191,127,226,163,116
247,191,135,225,163,122
247,191,143,225,163,128
247,191,151,224,163,134
247,191,159,224,163,140
247,191,167,223,163,147
247,191,175,223,163,153
247,191,183,223,164,161
247,191,191,223,164,170
247,191,199,224,164,182
247,191,207,224,163,197
247,191,215,222,162,212
247,191,223,217,159,227
247,191,231,211,155,238
247,191,239,204,151,249
247,191,247,197,147,253
247,191,255,190,143,255
247,199,0,217,155,42
247,199,7,217,156,45
247,199,15,218,157,48
247,199,23,219,158,53
247,199,31,220,159,57
247,199,39,221,160,61
247,199,47,222,162,65
247,199,55,224,164,71
247,199,63,225,166,76
247,199,71,225,167,80
247,199,79,226,169,85
247,199,87,227,170,90
247,199,95,227,171,95
247,199,103,227,172,101
247,199,111,227,172,106
247,199,119,227,173,111
247,199,127,227,173,117
247,199,135,226,173,122
247,199,143,226,173,128
247,199,151,226,173,134
247,199,159,226,173,140
247,199,167,225,173,147
247,199,175,225,173,153
247,199,183,224,173,159
247,199,191,224,174,168
247,199,199,225,174,178
247,199,207,225,174,191
247,199,215,224,172,207
247,199,223,221,170,222
247,199,231,216,167,235
247,199,239,208,162,245
247,199,247,201,157,252
247,199,255,195,152,254
247,207,0,216,164,43
247,207,7,217,165,46
247,207,15,218,165,49
247,207,23,219,167,53
247,207,31,220,168,59
247,207,39,221,170,63
247,207,47,222,171,67
247,207,55,223,173,71
247,207,63,224,175,76
247,207,71,225,177,81
247,207,79,226,178,85
247,207,87,227,180,91
247,207,95,227,181,96
247,207,103,228,182,101
247,207,111,228,183,106
247,207,119,228,183,112
247,207,127,228,184,117
247,207,135,228,184,123
247,207,143,228,184,129
247,207,151,228,184,134
247,207,159,227,184,141
247,207,167,227,184,147
247,207,175,227,185,153
247,207,183,226,185,160
247,207,191,226,185,167
247,207,199,227,185,175
247,207,207,227,185,188
247,207,215,226,184,202
247,207,223,224,182,217
247,207,231,219,178,231
247,207,239,214,174,242
247,207,247,206,168,250
247,207,255,200,163,254
247,215,0,217,173,44
247,215,7,217,174,46
247,215,15,218,175,49
247,215,23,219,176,53
247,215,31,220,178,59
247,215,39,222,180,65
247,215,47,223,181,69
247,215,55,224,183,72
247,215,63,225,185,76
247,215,71,226,187,81
247,215,79,226,189,86
247,215,87,227,190,91
247,215,95,228,192,96
247,215,103,228,193,101
247,215,111,229,194,107
247,215,119,229,195,112
247,215,127,229,195,118
247,215,135,229,195,123
247,215,143,229,196,129
247,215,151,229,196,135
247,215,159,229,196,141
247,215,167,229,196,147
247,215,175,229,196,153
247,215,183,228,196,160
247,215,191,228,197,167
247,215,199,229,197,175
247,215,207,229,197,185
247,215,215,229,197,198
247,215,223,227,195,212
247,215,231,224,192,226
247,215,239,218,187,240
247,215,247,213,182,249
247,215,255,208,178,254
247,223,0,216,182,45
247,223,7,216,183,47
247,223,15,217,184,50
247,223,23,218,185,53
247,223,31,219,186,58
247,223,39,221,188,64
247,223,47,222,191,70
247,223,55,223,192,74
247,223,63,224,194,77
247,223,71,225,197,81
247,223,79,226,199,86
247,223,87,227,200,91
247,223,95,228,202,97
247,223,103,228,204,102
247,223,111,229,205,107
247,223,119,230,206,113
247,223,127,230,206,118
247,223,135,231,207,124
247,223,143,231,207,130
247,223,151,231,207,136
247,223,159,231,207,142
247,223,167,231,207,148
247,223,175,231,208,154
247,223,183,231,208,160
247,223,191,230,208,168
247,223,199,230,209,176
247,223,207,231,209,185
247,223,215,232,209,196
247,223,223,231,208,209
247,223,231,228,206,223
247,223,239,224,202,236
247,223,247,219,197,247
247,223,255,215,193,253
247,231,0,214,192,47
247,231,7,214,193,49
247,231,15,215,194,51
247,231,23,216,195,54
247,231,31,217,196,58
247,231,39,218,198,63
247,231,47,220,200,69
247,231,55,222,203,74
247,231,63,223,205,78
247,231,71,224,207,82
247,231,79,225,209,86
247,231,87,226,211,91
247,231,95,227,212,96
247,231,103,228,214,102
247,231,111,229,215,108
247,231,119,229,216,113
247,231,127,230,217,119
247,231,135,231,217,125
247,231,143,232,218,131
247,231,151,232,218,136
247,231,159,233,218,143
247,231,167,233,219,149
247,231,175,233,219,155
247,231,183,233,219,162
247,231,191,233,220,169
247,231,199,233,221,177
247,231,207,233,221,186
247,231,215,235,221,196
247,231,223,234,221,207
247,231,231,232,220,220
247,231,239,229,216,234
247,231,247,225,212,246
247,231,255,222,209,254
247,239,0,212,204,50
247,239,7,213,204,52
247,239,15,213,205,54
247,239,23,214,206,56
247,239,31,215,207,59
247,239,39,217,209,63
247,239,47,218,211,68
247,239,55,220,213,74
247,239,63,222,215,79
247,239,71,223,217,82
247,239,79,224,219,87
247,239,87,225,221,91
247,239,95,227,223,97
247,239,103,228,224,102
247,239,111,228,226,108
247,239,119,229,227,114
247,239,127,230,227,120
247,239,135,231,228,125
247,239,143,233,229,131
247,239,151,234,229,138
247,239,159,234,230,144
247,239,167,235,230,150
247,239,175,235,231,157
247,239,183,235,231,163
247,239,191,235,232,170
247,239,199,235,232,178
247,239,207,236,233,187
247,239,215,237,234,196
247,239,223,237,234,207
247,239,231,236,234,219
247,239,239,234,232,232
247,239,247,231,227,245
247,239,255,227,224,252
247,247,0,210,214,49
247,247,7,210,215,52
247,247,15,211,216,55
247,247,23,212,217,58
247,247,31,213,218,61
247,247,39,214,220,64
247,247,47,216,221,68
247,247,55,217,223,73
247,247,63,219,226,78
247,247,71,221,228,82
247,247,79,222,229,86
247,247,87,223,231,91
247,247,95,225,233,96
247,247,103,226,234,102
247,247,111,227,236,108
247,247,119,229,237,114
247,247,127,230,238,120
247,247,135,231,239,126
247,247,143,233,239,132
247,247,151,235,239,139
247,247,159,236,240,145
247,247,167,236,241,151
247,247,175,236,241,158
247,247,183,236,242,165
247,247,191,236,243,172
247,247,199,238,243,179
247,247,207,239,244,188
247,247,215,240,246,197
247,247,223,240,246,207
247,247,231,240,246,218
247,247,239,238,245,231
247,247,247,236,243,244
247,247,255,232,237,254
247,255,0,206,225,48
247,255,7,207,226,50
247,255,15,207,227,53
247,255,23,209,228,57
247,255,31,210,230,61
247,255,39,211,231,64
247,255,47,213,232,68
247,255,55,214,234,71
247,255,63,216,236,76
247,255,71,218,238,80
247,255,79,220,240,85
247,255,87,221,241,89
247,255,95,223,243,94
247,255,103,225,244,101
247,255,111,226,245,108
247,255,119,228,246,115
247,255,127,230,247,121
247,255,135,231,247,127
247,255,143,232,248,133
247,255,151,234,249,140
247,255,159,235,249,146
247,255,167,236,250,153
247,255,175,237,250,159
247,255,183,237,251,166
247,255,191,238,251,174
247,255,199,238,252,181
247,255,207,238,252,189
247,255,215,239,253,198
247,255,223,240,253,207
247,255,231,241,253,218
247,255,239,242,253,229
247,255,247,241,253,242
247,255,255,240,253,253
255,0,0,226,2,33
255,0,7,228,2,38
255,0,15,231,3,43
255,0,23,235,4,50
255,0,31,237,5,56
255,0,39,241,6,62
255,0,47,243,7,69
255,0,55,245,7,75
255,0,63,247,8,82
255,0,71,248,8,90
255,0,79,248,9,100
255,0,87,249,10,112
255,0,95,249,10,124
255,0,103,248,11,138
255,0,111,247,11,153
255,0,119,246,12,167
255,0,127,243,14,182
255,0,135,240,16,196
255,0,143,236,18,209
255,0,151,232,22,220
255,0,159,229,26,229
255,0,167,226,30,236
255,0,175,224,35,241
255,0,183,222,39,244
255,0,191,222,43,245
255,0,199,222,47,246
255,0,207,222,50,247
255,0,215,222,52,248
255,0,223,222,53,249
255,0,231,223,54,250
255,0,239,225,54,251
255,0,247,225,53,252
255,0,255,225,52,253
255,7,0,226,2,33
255,7,7,229,3,37
255,7,15,231,3,43
255,7,23,235,4,50
255,7,31,238,5,56
255,7,39,241,6,62
255,7,47,244,8,69
255,7,55,245,8,74
255,7,63,247,9,81
255,7,71,248,9,89
255,7,79,248,10,99
255,7,87,249,11,111
255,7,95,249,11,123
255,7,103,248,12,137
255,7,111,247,13,151
255,7,119,246,14,166
255,7,127,243,15,180
255,7,135,240,17,195
255,7,143,236,20,208
255,7,151,233,24,219
255,7,159,229,28,228
255,7,167,226,32,236
255,7,175,224,37,240
255,7,183,223,41,243
255,7,191,222,45,245
255,7,199,222,48,246
255,7,207,222,51,247
255,7,215,222,54,248
255,7,223,222,56,249
255,7,231,223,56,250
255,7,239,224,56,251
255,7,247,224,55,252
255,7,255,224,54,253
255,15,0,226,3,33
255,15,7,228,4,37
255,15,15,231,5,43
255,15,23,235,6,49
255,15,31,238,7,56
255,15,39,241,8,62
255,15,47,244,9,68
255,15,55,246,10,74
255,15,63,247,10,81
255,15,71,248,11,88
255,15,79,249,12,98
255,15,87,249,12,110
255,15,95,249,13,122
255,15,103,249,14,135
255,15,111,248,14,149
255,15,119,246,16,164
255,15,127,244,17,178
255,15,135,240,19,193
255,15,143,237,22,206
255,15,151,233,26,218
255,15,159,230,30,227
255,15,167,227,34,235
255,15,175,224,39,240
255,15,183,223,43,243
255,15,191,222,47,245
255,15,199,222,50,246
255,15,207,222,53,246
255,15,215,222,56,247
255,15,223,222,58,249
255,15,231,222,59,250
255,15,239,223,59,251
255,15,247,224,58,252
255,15,255,224,57,253
255,23,0,226,5,33
255,23,7,228,6,37
255,23,15,231,7,42
255,23,23,234,8,49
255,23,31,237,9,55
255,23,39,240,11,62
255,23,47,243,12,68
255,23,55,245,13,74
255,23,63,247,13,80
255,23,71,248,14,88
255,23,79,249,14,97
255,23,87,250,15,108
255,23,95,250,15,120
255,23,103,249,16,133
255,23,111,248,17,147
255,23,119,246,18,161
255,23,127,244,20,175
255,23,135,241,22,190
255,23,143,237,25,204
255,23,151,234,28,216
255,23,159,231,32,226
255,23,167,227,37,233
255,23,175,225,41,239
255,23,183,223,46,243
255,23,191,223,49,244
255,23,199,222,53,245
255,23,207,222,56,246
255,23,215,222,58,247
255,23,223,222,61,249
255,23,231,222,63,250
255,23,239,223,62,251
255,23,247,223,62,252
255,23,255,223,60,253
255,31,0,226,7,33
255,31,7,228,8,37
255,31,15,230,9,42
255,31,23,234,11,49
255,31,31,237,12,55
255,31,39,240,14,61
255,31,47,243,16,68
255,31,55,245,16,73
255,31,63,246,17,79
255,31,71,247,18,87
255,31,79,248,18,96
255,31,87,249,19,107
255,31,95,249,19,118
255,31,103,249,20,130
255,31,111,249,20,143
255,31,119,247,22,157
255,31,127,245,24,172
255,31,135,242,26,187
255,31,143,238,29,200
255,31,151,235,32,213
255,31,159,232,36,224
255,31,167,228,40,232
255,31,175,225,45,238
255,31,183,224,49,242
255,31,191,223,53,244
255,31,199,222,56,245
255,31,207,222,59,246
255,31,215,222,61,247
255,31,223,222,64,249
255,31,231,222,65,249
255,31,239,223,67,250
255,31,247,223,66,251
255,31,255,223,65,252
255,39,0,226,10,33
255,39,7,228,11,37
255,39,15,230,13,42
255,39,23,233,14,49
255,39,31,236,16,55
255,39,39,239,18,61
255,39,47,242,20,67
255,39,55,244,21,73
255,39,63,245,22,79
255,39,71,246,23,86
255,39,79,247,23,94
255,39,87,247,24,105
255,39,95,248,24,115
255,39,103,248,25,127
255,39,111,247,25,140
255,39,119,246,26,154
255,39,127,245,28,168
255,39,135,243,30,183
255,39,143,239,33,197
255,39,151,236,36,210
255,39,159,232,40,221
255,39,167,229,44,230
255,39,175,226,49,236
255,39,183,224,53,241
255,39,191,223,56,243
255,39,199,222,60,245
255,39,207,222,63,246
255,39,215,222,65,248
255,39,223,221,67,249
255,39,231,222,68,250
255,39,239,222,70,250
255,39,247,223,71,251
255,39,255,223,70,252
255,47,0,225,14,33
255,47,7,227,15,37
255,47,15,230,17,42
255,47,23,233,19,48
255,47,31,235,21,55
255,47,39,238,23,60
255,47,47,240,26,67
255,47,55,242,27,72
255,47,63,243,28,78
255,47,71,244,29,84
255,47,79,245,29,92
255,47,87,245,30,102
255,47,95,245,30,113
255,47,103,246,31,124
255,47,111,245,31,136
255,47,119,245,32,150
255,47,127,244,33,163
255,47,135,242,35,178
255,47,143,240,38,192
255,47,151,237,41,206
255,47,159,233,45,218
255,47,167,230,49,227
255,47,175,227,53,235
255,47,183,224,57,240
255,47,191,223,61,243
255,47,199,222,64,245
255,47,207,221,66,247
255,47,215,221,69,248
255,47,223,221,70,249
255,47,231,222,72,250
255,47,239,222,73,250
255,47,247,222,74,251
255,47,255,223,74,252
255,55,0,225,19,33
255,55,7,227,21,37
255,55,15,229,22,42
255,55,23,232,25,48
255,55,31,235,27,54
255,55,39,237,29,60
255,55,47,239,32,66
255,55,55,240,33,71
255,55,63,241,35,77
255,55,71,242,35,83
255,55,79,243,36,90
255,55,87,243,37,100
255,55,95,244,37,110
255,55,103,244,37,120
255,55,111,244,38,132
255,55,119,244,38,145
255,55,127,243,39,158
255,55,135,242,40,172
255,55,143,240,43,187
255,55,151,237,45,201
255,55,159,234,49,214
255,55,167,230,53,225
255,55,175,227,57,234
255,55,183,225,62,239
255,55,191,222,65,243
255,55,199,221,68,245
255,55,207,220,71,247
255,55,215,220,73,248
255,55,223,220,74,249
255,55,231,221,76,250
255,55,239,221,76,251
255,55,247,221,77,251
255,55,255,221,77,252
255,63,0,225,25,33
255,63,7,227,27,37
255,63,15,229,28,41
255,63,23,231,31,47
255,63,31,234,33,54
255,63,39,236,36,60
255,63,47,239,38,65
255,63,55,240,40,71
255,63,63,241,42,76
255,63,71,241,43,82
255,63,79,242,44,88
255,63,87,242,44,97
255,63,95,242,45,107
255,63,103,243,45,117
255,63,111,243,45,128
255,63,119,243,45,140
255,63,127,242,45,153
255,63,135,242,46,167
255,63,143,240,48,181
255,63,151,237,50,196
255,63,159,234,53,210
255,63,167,231,56,222
255,63,175,228,60,232
255,63,183,225,64,238
255,63,191,223,68,243
255,63,199,221,72,246
255,63,207,219,75,248
255,63,215,218,77,249
255,63,223,218,79,249
255,63,231,219,80,250
255,63,239,219,80,251
255,63,247,219,80,251
255,63,255,219,80,252
255,71,0,225,32,33
255,71,7,226,33,37
255,71,15,228,35,41
255,71,23,231,37,47
255,71,31,234,40,54
255,71,39,235,42,59
255,71,47,237,44,65
255,71,55,239,47,70
255,71,63,239,48,75
255,71,71,240,50,81
255,71,79,241,51,87
255,71,87,241,51,95
255,71,95,242,52,104
255,71,103,242,52,114
255,71,111,242,52,124
255,71,119,242,52,135
255,71,127,242,52,147
255,71,135,241,53,161
255,71,143,239,54,175
255,71,151,237,56,190
255,71,159,235,58,205
255,71,167,232,60,218
255,71,175,229,64,229
255,71,183,226,67,237
255,71,191,223,71,243
255,71,199,221,74,246
255,71,207,219,77,248
255,71,215,217,80,249
255,71,223,216,82,250
255,71,231,216,83,251
255,71,239,215,84,251
255,71,247,215,84,252
255,71,255,215,84,252
255,79,0,225,39,34
255,79,7,226,40,37
255,79,15,228,42,41
255,79,23,230,44,47
255,79,31,232,46,53
255,79,39,234,49,59
255,79,47,235,51,64
255,79,55,237,53,70
255,79,63,237,55,75
255,79,71,238,57,80
255,79,79,238,58,86
255,79,87,239,58,93
255,79,95,239,59,102
255,79,103,240,59,111
255,79,111,240,59,120
255,79,119,241,59,131
255,79,127,241,59,143
255,79,135,240,60,155
255,79,143,239,60,169
255,79,151,238,61,184
255,79,159,236,63,198
255,79,167,233,65,212
255,79,175,230,68,225
255,79,183,226,71,235
255,79,191,223,74,241
255,79,199,220,77,246
255,79,207,218,80,248
255,79,215,216,82,250
255,79,223,215,84,251
255,79,231,214,86,251
255,79,239,213,87,252
255,79,247,212,87,252
255,79,255,212,87,252
255,87,0,225,47,34
255,87,7,226,48,37
255,87,15,228,49,41
255,87,23,229,51,46
255,87,31,232,54,53
255,87,39,233,56,59
255,87,47,234,58,64
255,87,55,236,61,70
255,87,63,236,62,74
255,87,71,236,64,79
255,87,79,237,65,84
255,87,87,237,66,91
255,87,95,237,66,99
255,87,103,238,67,108
255,87,111,238,67,117
255,87,119,239,67,127
255,87,127,239,67,138
255,87,135,239,67,150
255,87,143,238,67,163
255,87,151,237,68,177
255,87,159,236,69,192
255,87,167,233,71,206
255,87,175,230,73,220
255,87,183,227,75,232
255,87,191,223,78,240
255,87,199,219,80,245
255,87,207,217,83,249
255,87,215,215,85,251
255,87,223,214,87,251
255,87,231,213,88,252
255,87,239,212,89,253
255,87,247,211,90,253
255,87,255,210,89,252
255,95,0,226,54,34
255,95,7,227,55,38
255,95,15,228,57,41
255,95,23,229,58,46
255,95,31,231,61,52
255,95,39,233,63,59
255,95,47,234,65,64
255,95,55,235,68,69
255,95,63,236,69,74
255,95,71,236,71,78
255,95,79,236,72,83
255,95,87,236,73,89
255,95,95,236,74,97
255,95,103,236,75,106
255,95,111,236,75,114
255,95,119,237,75,123
255,95,127,237,75,133
255,95,135,237,75,144
255,95,143,237,75,157
255,95,151,236,75,170
255,95,159,235,76,185
255,95,167,234,76,200
255,95,175,232,78,215
255,95,183,228,80,227
255,95,191,224,82,237
255,95,199,220,84,245
255,95,207,216,86,249
255,95,215,214,88,252
255,95,223,212,89,253
255,95,231,212,91,253
255,95,239,210,92,253
255,95,247,208,92,253
255,95,255,207,92,253
255,103,0,225,62,34
255,103,7,226,63,38
255,103,15,227,64,42
255,103,23,228,66,46
255,103,31,230,68,52
255,103,39,232,70,59
255,103,47,232,72,64
255,103,55,233,75,69
255,103,63,234,77,74
255,103,71,234,78,78
255,103,79,234,79,83
255,103,87,234,80,89
255,103,95,234,81,95
255,103,103,234,82,103
255,103,111,235,82,111
255,103,119,235,82,120
255,103,127,235,82,129
255,103,135,235,82,140
255,103,143,236,82,151
255,103,151,236,82,164
255,103,159,235,83,178
255,103,167,234,83,192
255,103,175,232,84,209
255,103,183,229,85,223
255,103,191,225,87,234
255,103,199,221,88,242
255,103,207,217,90,248
255,103,215,213,91,251
255,103,223,211,92,253
255,103,231,209,94,253
255,103,239,208,94,254
255,103,247,206,94,254
255,103,255,205,94,254
255,111,0,225,71,35
255,111,7,226,71,39
255,111,15,227,72,42
255,111,23,228,74,47
255,111,31,229,76,52
255,111,39,230,78,59
255,111,47,231,80,64
255,111,55,232,82,69
255,111,63,233,84,75
255,111,71,233,85,79
255,111,79,233,87,83
255,111,87,233,87,88
255,111,95,233,88,94
255,111,103,233,89,101
255,111,111,233,89,109
255,111,119,234,89,117
255,111,127,234,89,125
255,111,135,234,89,135
255,111,143,234,89,146
255,111,151,235,89,157
255,111,159,235,89,171
255,111,167,234,89,185
255,111,175,233,90,201
255,111,183,231,90,217
255,111,191,227,92,229
255,111,199,222,93,239
255,111,207,218,94,247
255,111,215,214,95,251
255,111,223,211,96,252
255,111,231,209,97,254
255,111,239,207,97,254
255,111,247,205,98,254
255,111,255,204,98,254
255,119,0,225,78,36
255,119,7,226,79,39
255,119,15,227,80,43
255,119,23,228,81,47
255,119,31,229,83,52
255,119,39,230,85,58
255,119,47,231,87,65
255,119,55,232,89,69
255,119,63,232,90,75
255,119,71,233,92,79
255,119,79,233,93,83
255,119,87,233,94,88
255,119,95,232,95,93
255,119,103,232,95,100
255,119,111,232,96,107
255,119,119,232,96,115
255,119,127,232,96,122
255,119,135,232,96,131
255,119,143,233,96,141
255,119,151,233,96,152
255,119,159,233,96,165
255,119,167,234,96,179
255,119,175,234,96,194
255,119,183,232,96,210
255,119,191,228,97,224
255,119,199,224,98,236
255,119,207,219,99,245
255,119,215,215,99,250
255,119,223,211,100,252
255,119,231,208,101,253
255,119,239,205,101,254
255,119,247,203,101,254
255,119,255,201,101,254
255,127,0,225,86,36
255,127,7,226,87,39
255,127,15,227,88,43
255,127,23,228,89,48
255,127,31,229,90,53
255,127,39,230,92,58
255,127,47,231,94,65
255,127,55,232,95,70
255,127,63,232,97,75
255,127,71,233,98,80
255,127,79,233,99,84
255,127,87,233,100,88
255,127,95,233,101,93
255,127,103,233,102,99
255,127,111,232,102,106
255,127,119,232,103,113
255,127,127,232,103,120
255,127,135,232,103,129
255,127,143,232,103,138
255,127,151,232,103,148
255,127,159,233,102,159
255,127,167,233,102,172
255,127,175,234,102,187
255,127,183,232,102,203
255,127,191,229,103,218
255,127,199,225,103,231
255,127,207,220,103,241
255,127,215,216,104,249
255,127,223,211,104,252
255,127,231,207,104,254
255,127,239,204,105,255
255,127,247,202,105,255
255,127,255,199,105,254
255,135,0,226,94,37
255,135,7,227,94,40
255,135,15,227,95,43
255,135,23,229,96,48
255,135,31,229,97,53
255,135,39,230,99,58
255,135,47,231,101,64
255,135,55,232,102,70
255,135,63,233,104,75
255,135,71,233,105,80
255,135,79,233,106,84
255,135,87,233,107,88
255,135,95,233,107,93
255,135,103,233,108,99
255,135,111,233,108,105
255,135,119,232,109,112
255,135,127,232,109,119
255,135,135,231,109,126
255,135,143,231,109,135
255,135,151,232,109,144
255,135,159,232,109,154
255,135,167,233,109,166
255,135,175,233,109,180
255,135,183,232,109,195
255,135,191,229,109,211
255,135,199,226,109,225
255,135,207,221,109,238
255,135,215,216,108,246
255,135,223,212,108,252
255,135,231,207,108,254
255,135,239,203,108,254
255,135,247,200,108,255
255,135,255,197,108,254
255,143,0,227,101,37
255,143,7,227,102,40
255,143,15,228,103,43
255,143,23,229,103,48
255,143,31,230,105,54
255,143,39,231,106,59
255,143,47,232,107,64
255,143,55,233,109,70
255,143,63,233,110,75
255,143,71,234,111,80
255,143,79,234,112,85
255,143,87,234,113,89
255,143,95,234,114,93
255,143,103,233,114,99
255,143,111,233,115,105
255,143,119,232,115,111
255,143,127,232,115,118
255,143,135,231,115,125
255,143,143,231,115,133
255,143,151,231,116,141
255,143,159,231,116,150
255,143,167,232,116,161
255,143,175,233,116,173
255,143,183,232,115,188
255,143,191,230,115,204
255,143,199,227,115,219
255,143,207,223,114,234
255,143,215,218,114,245
255,143,223,212,113,251
255,143,231,207,113,253
255,143,239,202,112,255
255,143,247,197,112,255
255,143,255,193,111,255
255,151,0,228,109,37
255,151,7,228,109,40
255,151,15,229,110,43
255,151,23,230,111,48
255,151,31,231,112,54
255,151,39,232,113,59
255,151,47,233,114,64
255,151,55,234,116,70
255,151,63,234,117,75
255,151,71,234,118,80
255,151,79,235,119,85
255,151,87,235,120,89
255,151,95,235,121,94
255,151,103,234,121,99
255,151,111,234,122,104
255,151,119,233,122,111
255,151,127,232,122,117
255,151,135,232,122,124
255,151,143,231,122,131
255,151,151,231,122,139
255,151,159,231,122,147
255,151,167,231,122,157
255,151,175,232,122,168
255,151,183,231,122,182
255,151,191,230,122,196
255,151,199,228,121,212
255,151,207,224,121,227
255,151,215,220,120,243
255,151,223,214,119,249
255,151,231,208,118,253
255,151,239,202,117,254
255,151,247,197,116,255
255,151,255,192,115,255
255,159,0,229,116,38
255,159,7,229,117,40
255,159,15,230,117,43
255,159,23,230,118,48
255,159,31,232,119,53
255,159,39,233,121,60
255,159,47,233,122,64
255,159,55,234,123,70
255,159,63,235,125,76
255,159,71,235,125,80
255,159,79,236,126,85
255,159,87,236,127,89
255,159,95,235,128,94
255,159,103,235,128,99
255,159,111,234,128,105
255,159,119,234,129,110
255,159,127,233,129,117
255,159,135,232,129,124
255,159,143,232,129,130
255,159,151,231,129,137
255,159,159,232,130,145
255,159,167,231,130,154
255,159,175,231,130,164
255,159,183,231,130,176
255,159,191,231,129,190
255,159,199,229,129,205
255,159,207,226,128,221
255,159,215,221,127,235
255,159,223,215,125,246
255,159,231,209,124,251
255,159,239,203,122,254
255,159,247,197,120,255
255,159,255,192,119,255
255,167,0,228,124,39
255,167,7,229,124,42
255,167,15,229,125,44
255,167,23,230,126,48
255,167,31,231,127,53
255,167,39,232,128,59
255,167,47,233,129,65
255,167,55,234,130,70
255,167,63,235,132,75
255,167,71,236,133,80
255,167,79,236,134,85
255,167,87,236,135,90
255,167,95,236,135,95
255,167,103,235,136,100
255,167,111,235,136,105
255,167,119,234,136,110
255,167,127,233,137,116
255,167,135,233,137,123
255,167,143,232,137,130
255,167,151,231,137,136
255,167,159,231,137,143
255,167,167,231,137,151
255,167,175,231,137,161
255,167,183,231,137,172
255,167,191,231,137,185
255,167,199,230,137,198
255,167,207,228,136,215
255,167,215,225,135,232
255,167,223,218,133,242
255,167,231,211,130,249
255,167,239,204,128,254
255,167,247,198,126,255
255,167,255,192,124,255
255,175,0,228,131,42
255,175,7,228,132,44
255,175,15,229,132,46
255,175,23,229,133,49
255,175,31,230,134,54
255,175,39,231,136,59
255,175,47,233,137,66
255,175,55,234,138,70
255,175,63,235,139,75
255,175,71,236,141,80
255,175,79,236,142,85
255,175,87,236,142,90
255,175,95,236,143,95
255,175,103,236,144,100
255,175,111,235,144,105
255,175,119,235,144,111
255,175,127,234,145,116
255,175,135,233,145,122
255,175,143,233,145,129
255,175,151,232,145,135
255,175,159,231,145,142
255,175,167,231,145,149
255,175,175,231,145,158
255,175,183,231,146,168
255,175,191,231,145,179
255,175,199,231,145,193
255,175,207,230,145,208
255,175,215,226,143,224
255,175,223,220,141,236
255,175,231,214,138,247
255,175,239,207,135,252
255,175,247,200,132,255
255,175,255,194,129,255
255,183,0,228,139,42
255,183,7,228,139,44
255,183,15,229,140,47
255,183,23,229,141,50
255,183,31,230,142,54
255,183,39,231,143,59
255,183,47,233,145,65
255,183,55,234,146,71
255,183,63,235,147,75
255,183,71,236,149,80
255,183,79,236,150,85
255,183,87,236,151,90
255,183,95,236,152,96
255,183,103,236,152,101
255,183,111,236,153,106
255,183,119,235,153,111
255,183,127,235,153,116
255,183,135,234,153,122
255,183,143,233,153,128
255,183,151,233,153,135
255,183,159,233,154,141
255,183,167,232,154,148
255,183,175,232,154,156
255,183,183,232,154,165
255,183,191,232,154,175
255,183,199,232,154,188
255,183,207,231,153,203
255,183,215,229,152,219
255,183,223,224,150,233
255,183,231,217,146,243
255,183,239,210,143,251
255,183,247,203,139,254
255,183,255,196,135,255
255,191,0,228,147,42
255,191,7,228,147,45
255,191,15,229,148,48
255,191,23,230,149,53
255,191,31,231,150,56
255,191,39,232,151,60
255,191,47,233,153,65
255,191,55,235,154,71
255,191,63,236,156,76
255,191,71,237,157,80
255,191,79,237,159,85
255,191,87,237,160,91
255,191,95,237,161,96
255,191,103,237,161,101
255,191,111,237,162,106
255,191,119,236,162,111
255,191,127,236,162,117
255,191,135,235,163,122
255,191,143,235,163,128
255,191,151,234,163,134
255,191,159,234,163,141
255,191,167,233,163,147
255,191,175,233,163,154
255,191,183,233,163,162
255,191,191,233,164,172
255,191,199,233,163,184
255,191,207,233,163,198
255,191,215,231,161,213
255,191,223,227,159,227
255,191,231,221,156,239
255,191,239,214,152,250
255,191,247,207,148,254
255,191,255,200,143,255
255,199,0,228,155,43
255,199,7,229,155,45
255,199,15,230,156,48
255,199,23,230,157,53
255,199,31,232,159,58
255,199,39,233,160,62
255,199,47,234,161,66
255,199,55,235,163,71
255,199,63,237,165,77
255,199,71,237,166,81
255,199,79,238,168,86
255,199,87,238,169,91
255,199,95,238,170,96
255,199,103,238,171,102
255,199,111,238,172,107
255,199,119,237,172,112
255,199,127,237,172,117
255,199,135,237,173,122
255,199,143,236,173,128
255,199,151,236,173,134
255,199,159,236,173,141
255,199,167,235,173,147
255,199,175,235,173,154
255,199,183,234,174,161
255,199,191,234,174,169
255,199,199,235,174,180
255,199,207,235,173,193
255,199,215,233,172,208
255,199,223,230,170,223
255,199,231,225,167,236
255,199,239,218,162,246
255,199,247,211,157,253
255,199,255,204,153,255
255,207,0,229,164,44
255,207,7,230,164,46
255,207,15,230,165,49
255,207,23,231,166,53
255,207,31,232,168,58
255,207,39,234,169,64
255,207,47,235,171,67
255,207,55,236,172,72
255,207,63,237,174,76
255,207,71,238,176,82
255,207,79,239,178,86
255,207,87,239,179,92
255,207,95,240,181,97
255,207,103,240,182,102
255,207,111,240,183,108
255,207,119,239,183,113
255,207,127,239,183,118
255,207,135,239,184,123
255,207,143,238,184,129
255,207,151,238,184,135
255,207,159,238,184,141
255,207,167,237,184,147
255,207,175,237,184,154
255,207,183,237,185,161
255,207,191,237,185,168
255,207,199,237,185,177
255,207,207,236,185,189
255,207,215,236,184,203
255,207,223,233,181,217
255,207,231,229,178,231
255,207,239,223,174,244
255,207,247,216,169,251
255,207,255,209,164,255
255,215,0,230,173,46
255,215,7,231,174,48
255,215,15,231,174,50
255,215,23,232,175,54
255,215,31,233,177,58
255,215,39,234,179,64
255,215,47,236,181,69
255,215,55,236,182,73
255,215,63,237,184,77
255,215,71,238,186,82
255,215,79,239,188,87
255,215,87,240,189,92
255,215,95,241,191,97
255,215,103,241,192,102
255,215,111,241,193,108
255,215,119,240,194,113
255,215,127,240,194,119
255,215,135,240,195,124
255,215,143,240,195,130
255,215,151,240,195,135
255,215,159,240,195,142
255,215,167,240,195,148
255,215,175,239,196,155
255,215,183,239,196,161
255,215,191,239,196,169
255,215,199,239,196,177
255,215,207,238,196,187
255,215,215,238,196,199
255,215,223,236,194,213
255,215,231,232,191,227
255,215,239,227,187,240
255,215,247,222,182,251
255,215,255,216,178,254
255,223,0,231,182,48
255,223,7,231,183,50
255,223,15,232,184,52
255,223,23,233,185,55
255,223,31,234,186,59
255,223,39,235,188,64
255,223,47,236,190,71
255,223,55,238,192,75
255,223,63,238,194,79
255,223,71,239,196,83
255,223,79,240,198,87
255,223,87,240,200,92
255,223,95,241,201,98
255,223,103,241,203,104
255,223,111,242,204,109
255,223,119,242,205,114
255,223,127,242,205,119
255,223,135,242,205,125
255,223,143,242,206,130
255,223,151,241,206,136
255,223,159,242,206,142
255,223,167,242,206,149
255,223,175,242,207,155
255,223,183,241,207,162
255,223,191,241,208,169
255,223,199,241,208,178
255,223,207,242,208,187
255,223,215,241,208,198
255,223,223,240,207,210
255,223,231,237,205,224
255,223,239,233,201,237
255,223,247,228,197,248
255,223,255,223,192,254
255,231,0,230,192,51
255,231,7,230,192,52
255,231,15,231,193,54
255,231,23,231,194,57
255,231,31,233,196,60
255,231,39,234,197,65
255,231,47,235,199,70
255,231,55,237,202,76
255,231,63,238,204,80
255,231,71,239,206,83
255,231,79,239,208,87
255,231,87,240,210,92
255,231,95,240,211,98
255,231,103,241,213,104
255,231,111,242,214,109
255,231,119,242,215,115
255,231,127,243,216,120
255,231,135,244,216,126
255,231,143,244,217,131
255,231,151,244,217,137
255,231,159,243,217,143
255,231,167,244,217,150
255,231,175,244,218,156
255,231,183,244,219,163
255,231,191,244,219,171
255,231,199,243,220,179
255,231,207,244,221,187
255,231,215,244,220,197
255,231,223,243,220,208
255,231,231,241,219,221
255,231,239,238,215,235
255,231,247,235,211,247
255,231,255,230,208,254
255,239,0,228,202,52
255,239,7,228,203,54
255,239,15,229,204,57
255,239,23,230,205,59
255,239,31,231,206,62
255,239,39,232,208,66
255,239,47,233,210,70
255,239,55,235,212,75
255,239,63,237,214,81
255,239,71,237,216,84
255,239,79,238,218,88
255,239,87,239,220,92
255,239,95,240,221,97
255,239,103,241,223,103
255,239,111,241,224,110
255,239,119,242,225,115
255,239,127,243,226,121
255,239,135,244,227,127
255,239,143,245,227,133
255,239,151,246,228,139
255,239,159,245,228,145
255,239,167,245,228,151
255,239,175,245,229,158
255,239,183,246,230,165
255,239,191,246,230,172
255,239,199,246,231,180
255,239,207,246,232,188
255,239,215,246,233,198
255,239,223,248,233,208
255,239,231,246,232,220
255,239,239,244,230,233
255,239,247,241,227,246
255,239,255,237,223,253
255,247,0,225,213,51
255,247,7,225,214,53
255,247,15,226,215,56
255,247,23,228,216,60
255,247,31,229,217,64
255,247,39,230,219,67
255,247,47,231,220,70
255,247,55,232,222,74
255,247,63,234,224,79
255,247,71,235,226,84
255,247,79,236,228,87
255,247,87,237,230,91
255,247,95,238,231,96
255,247,103,240,233,102
255,247,111,241,234,109
255,247,119,242,236,116
255,247,127,242,237,122
255,247,135,243,237,128
255,247,143,244,238,134
255,247,151,246,238,140
255,247,159,247,239,146
255,247,167,247,239,152
255,247,175,248,240,159
255,247,183,248,240,166
255,247,191,248,241,174
255,247,199,249,242,181
255,247,207,249,243,190
255,247,215,249,245,199
255,247,223,250,245,209
255,247,231,250,245,220
255,247,239,248,244,231
255,247,247,246,242,244
255,247,255,244,238,253
255,255,0,222,224,51
255,255,7,223,225,52
255,255,15,224,225,55
255,255,23,225,227,58
255,255,31,226,228,63
255,255,39,228,230,67
255,255,47,229,231,70
255,255,55,230,233,73
255,255,63,231,235,77
255,255,71,233,237,81
255,255,79,234,239,86
255,255,87,235,240,90
255,255,95,236,242,94
255,255,103,237,243,100
255,255,111,239,244,108
255,255,119,240,245,116
255,255,127,241,246,123
255,255,135,242,247,129
255,255,143,244,248,135
255,255,151,246,248,141
255,255,159,248,249,148
255,255,167,249,249,154
255,255,175,248,250,161
255,255,183,248,250,168
255,255,191,247,251,176
255,255,199,247,251,184
255,255,207,248,252,192
255,255,215,250,253,200
255,255,223,252,253,209
255,255,231,252,254,219
255,255,239,251,254,231
255,255,247,252,254,243
255,255,255,255,255,255
